{
  "records": 682,
  "h": 0.9442815249266863,
  "half": 521,
  "full": 123,
  "raw": 38,
  "beats_current": 758,
  "beats_halfbeat": 498,
  "red_current_pct": 62.95210166177908,
  "red_halfbeat_pct": 75.65982404692082
}