name,num_channels,descriptors,total_bytes,rd_delay_cyc,wr_delay_cyc,cycles,seconds,throughput_MBps,r2r_cycles,r2r_MBps,w2w_cycles,w2w_MBps,pass,timeout
1desc_1ch_512KB,1,1,524288,0,0,34836,0.00034836000000000003,1435.296819382248,34814,1436.2038260469924,34814,1436.2038260469924,True,False
4desc_1ch_512KB,1,4,2097152,0,0,139338,0.00139338,1435.3586243522943,139316,1435.5852881219673,139316,1435.5852881219673,True,False
16desc_1ch_512KB,1,16,8388608,0,0,557346,0.005573460000000001,1435.3740764264926,557324,1435.4307368783686,557324,1435.4307368783686,True,False
1desc_2ch_512KB,2,1,1048576,0,0,69703,0.0006970300000000001,1434.6584795489432,69630,1436.1625736033318,69681,1435.1114364030366,True,False
4desc_2ch_512KB,2,4,4194304,0,0,278633,0.00278633,1435.5801358776598,278526,1436.1316358257395,278611,1435.6934937960095,True,False
16desc_2ch_512KB,2,16,16777216,0,0,1114217,0.01114217,1435.9859883667186,1114110,1436.1239015896094,1114195,1436.0143421932426,True,False
1desc_4ch_512KB,4,1,2097152,0,0,139471,0.0013947100000000002,1433.9898616916776,139262,1436.141948270167,139449,1434.2160933387831,True,False
4desc_4ch_512KB,4,4,8388608,0,0,557314,0.005573140000000001,1435.4564931080142,557054,1436.1264796590635,557292,1435.513160066895,True,False
16desc_4ch_512KB,4,16,33554432,0,0,2228754,0.02228754,1435.77981239742,2228222,1436.1226125583535,2228732,1435.7939851000478,True,False
