name,num_channels,descriptors,total_bytes,rd_delay_cyc,wr_delay_cyc,cycles,seconds,throughput_MBps,r2r_cycles,r2r_MBps,w2w_cycles,w2w_MBps,pass,timeout
1desc_1ch_512KB,1,1,524288,0,0,34849,0.00034849,1434.7613991793164,34814,1436.2038260469924,34815,1436.1625736033318,True,False
4desc_1ch_512KB,1,4,2097152,0,0,139390,0.0013939,1434.823158045771,139355,1435.1835240931432,139356,1435.1732254083067,True,False
16desc_1ch_512KB,1,16,8388608,0,0,557554,0.00557554,1434.8385985931407,557519,1434.9286750765443,557520,1434.9261013057826,True,False
1desc_2ch_512KB,2,1,1048576,0,0,3222779,0.03222779,31.029121140481553,3222744,31.029458126366844,3222745,31.029448498097114,True,False
4desc_2ch_512KB,2,4,4194304,0,0,3341202,0.03341202,119.7173951170866,3341167,119.71864920250917,3341168,119.71861337113249,True,False
16desc_2ch_512KB,2,16,16777216,0,0,3757630,0.0375763,425.8003049794684,3757595,425.8042710829666,3757596,425.80415776469846,True,False
1desc_4ch_512KB,4,1,2097152,0,0,9649829,0.09649829,20.725755865725702,9649794,20.725831038465692,9649795,20.72582889066555,True,False
4desc_4ch_512KB,4,4,8388608,0,0,9740486,0.09740486000000001,82.13142547507383,9740451,82.13172059486773,9740452,82.13171216284418,True,False
16desc_4ch_512KB,4,16,33554432,0,0,10124812,0.10124812000000001,316.0552511987383,10124777,316.05634375947244,10124778,316.0563125433466,True,False
