name,num_channels,descriptors,total_bytes,rd_delay_cyc,wr_delay_cyc,cycles,seconds,throughput_MBps,r2r_cycles,r2r_MBps,w2w_cycles,w2w_MBps,pass,timeout
1desc_1ch_512KB,1,1,524288,0,0,34849,0.00034849,1434.7613991793164,34814,1436.2038260469924,34815,1436.1625736033318,True,False
1desc_2ch_512KB,2,1,1048576,0,0,69669,0.00069669,1435.3586243522943,69630,1436.1625736033318,69635,1436.0594528613483,True,False
1desc_3ch_512KB,3,1,1572864,0,0,104536,0.0010453600000000002,1434.912374684319,104446,1436.1488233153973,104514,1435.2144210345027,True,False
1desc_4ch_512KB,4,1,2097152,0,0,139369,0.0013936900000000002,1435.0393559543368,139262,1436.141948270167,139347,1435.2659188931227,True,False
