name,num_channels,descriptors,total_bytes,rd_delay_cyc,wr_delay_cyc,cycles,seconds,throughput_MBps,r2r_cycles,r2r_MBps,w2w_cycles,w2w_MBps,pass,timeout
1desc_1ch_512KB,1,1,524288,0,0,34849,0.00034849,1434.7613991793164,34814,1436.2038260469924,34815,1436.1625736033318,True,False
1desc_2ch_512KB,2,1,1048576,0,0,3204556,0.03204556,31.205571068191663,3204521,31.205911897597172,3204522,31.205902159510842,True,False
1desc_3ch_512KB,3,1,1572864,0,0,6409837,0.06409837,23.401531115377818,6409802,23.401658896795873,6409803,23.401655245878853,True,False
1desc_4ch_512KB,4,1,2097152,0,0,9617723,0.09617723,20.794942836261765,9617688,20.795018511725477,9617689,20.795016349561728,True,False
