name,num_channels,descriptors,total_bytes,rd_delay_cyc,wr_delay_cyc,cycles,seconds,throughput_MBps,r2r_cycles,r2r_MBps,w2w_cycles,w2w_MBps,pass,timeout
1desc_1ch_512KB,1,1,524288,0,0,34849,0.00034849,1434.7613991793164,34814,1436.2038260469924,34815,1436.1625736033318,True,False
2desc_1ch_512KB,1,2,1048576,0,0,69696,0.00069696,1434.8025711662074,69661,1435.5234636310129,69662,1435.5028566506846,True,False
3desc_1ch_512KB,1,3,1572864,0,0,104543,0.00104543,1434.8162956869423,104508,1435.296819382248,104509,1435.283085667263,True,False
4desc_1ch_512KB,1,4,2097152,0,0,139390,0.0013939,1434.823158045771,139355,1435.1835240931432,139356,1435.1732254083067,True,False
