name,num_channels,descriptors,total_bytes,rd_delay_cyc,wr_delay_cyc,cycles,seconds,throughput_MBps,r2r_cycles,r2r_MBps,w2w_cycles,w2w_MBps,pass,timeout
1desc_1ch_512KB,1,1,524288,0,0,34849,0.00034849,1434.7613991793164,34814,1436.2038260469924,34815,1436.1625736033318,True,False
1desc_1ch_512KB,1,1,524288,5,5,36899,0.00036899000000000003,1355.0502723651045,36863,1356.3735995442585,36860,1356.4839934888769,True,False
1desc_1ch_512KB,1,1,524288,10,10,40314,0.00040314,1240.2639281639133,40278,1241.3724613933164,40270,1241.6190712689347,True,False
1desc_1ch_512KB,1,1,524288,15,15,43729,0.00043729,1143.4059777264515,43693,1144.3480649074222,43680,1144.6886446886447,True,False
1desc_1ch_512KB,1,1,524288,20,20,47144,0.00047144000000000005,1060.580349567283,47108,1061.3908465653392,47090,1061.7965597791463,True,False
1desc_1ch_512KB,1,1,524288,25,25,50559,0.00050559,988.943610435333,50523,989.6482790016427,50500,990.09900990099,True,False
1desc_1ch_512KB,1,1,524288,30,30,53974,0.00053974,926.3719568681216,53938,926.9902480625904,53910,927.4717121127804,True,False
