name,num_channels,descriptors,total_bytes,rd_delay_cyc,wr_delay_cyc,cycles,seconds,throughput_MBps,r2r_cycles,r2r_MBps,w2w_cycles,w2w_MBps,pass,timeout
1desc_1ch_512KB,1,1,524288,0,0,34849,0.00034849,1434.7613991793164,34814,1436.2038260469924,34815,1436.1625736033318,True,False
1desc_1ch_512KB,1,1,524288,5,5,229397,0.00229397,217.96274580748656,229343,218.0140662675556,229291,218.06350881630766,True,False
1desc_1ch_512KB,1,1,524288,10,10,393237,0.00393237,127.14978498971358,393158,127.17533408960264,393071,127.20348232253205,True,False
1desc_1ch_512KB,1,1,524288,15,15,557077,0.00557077,89.75419915020724,556973,89.77095837679744,556851,89.79062621778536,True,False
1desc_1ch_512KB,1,1,524288,20,20,720917,0.007209170000000001,69.35611172992175,720788,69.36852444824275,720631,69.38363739556027,True,False
1desc_1ch_512KB,1,1,524288,25,25,884757,0.00884757,56.512692185537944,884603,56.522530445861015,884411,56.53480112753007,True,False
1desc_1ch_512KB,1,1,524288,30,30,1048597,0.01048597,47.68276087000058,1048418,47.69090191126058,1048191,47.7012300239174,True,False
