name,num_channels,descriptors,total_bytes,rd_delay_cyc,wr_delay_cyc,cycles,seconds,throughput_MBps,r2r_cycles,r2r_MBps,w2w_cycles,w2w_MBps,pass,timeout
1desc_1ch_8KB,1,1,8192,0,0,577,5.770000000000001e-06,1353.9861351819757,542,1441.420664206642,543,1438.7661141804788,True,False
1desc_1ch_16KB,1,1,16384,0,0,1121,1.1210000000000001e-05,1393.844781445138,1086,1438.7661141804788,1087,1437.4425022999078,True,False
1desc_1ch_32KB,1,1,32768,0,0,2209,2.209e-05,1414.6672702580354,2174,1437.4425022999078,2175,1436.7816091954023,True,False
1desc_1ch_64KB,1,1,65536,0,0,4385,4.385e-05,1425.3135689851767,4350,1436.7816091954023,4351,1436.451390484946,True,False
1desc_1ch_128KB,1,1,131072,0,0,8737,8.737000000000001e-05,1430.6970355957421,8702,1436.451390484946,8703,1436.2863380443523,True,False
1desc_1ch_256KB,1,1,262144,0,0,17441,0.00017441,1433.4040479330313,17406,1436.2863380443523,17407,1436.2038260469924,True,False
1desc_1ch_512KB,1,1,524288,0,0,34849,0.00034849,1434.7613991793164,34814,1436.2038260469924,34815,1436.1625736033318,True,False
1desc_1ch_1MB,1,1,1048576,0,0,69665,0.00069665,1435.4410392593122,69630,1436.1625736033318,69631,1436.141948270167,True,False
