Sample in Buffer,Sample in Window,TRIGGER,w_dfi_address[25:0],w_dfi_bank[5:0],w_dfi_cas_n[1:0],w_dfi_cs_n[1:0],w_dfi_ras_n[1:0],w_dfi_rddata[63:0],w_dfi_rddata_en[1:0],w_dfi_rddata_valid[1:0],w_dfi_we_n[1:0],w_dfi_wrdata[63:0],w_dfi_wrdata_en[1:0],w_idelay_rdy,u_harness/w_dfi_rddata_dly[63:0],u_harness/w_rd_dbg_actual[63:0],u_harness/w_rd_dbg_expected[63:0],u_harness/w_rd_dbg_mismatch,u_harness/w_rd_dbg_valid
Radix - UNSIGNED,UNSIGNED,UNSIGNED,HEX,HEX,HEX,HEX,HEX,HEX,HEX,HEX,HEX,HEX,HEX,HEX,HEX,HEX,HEX,HEX,HEX
0,0,0,0000000,00,3,3,3,0000000000000000,0,0,3,978a1b995120dcdc,0,1,0000000000000000,0000000000000000,0000000000000000,0,0
1,1,0,0000000,00,3,3,3,0000000000000000,0,0,3,978a1b995120dcdc,0,1,0000000000000000,0000000000000000,0000000000000000,0,0
2,2,0,0000000,00,3,3,3,0000000000000000,0,0,3,978a1b995120dcdc,0,1,0000000000000000,0000000000000000,0000000000000000,0,0
3,3,0,0000000,00,3,3,3,0000000000000000,0,0,3,978a1b995120dcdc,0,1,0000000000000000,0000000000000000,0000000000000000,0,0
4,4,0,0000000,00,3,3,3,0000000000000000,0,0,3,978a1b995120dcdc,0,1,0000000000000000,0000000000000000,0000000000000000,0,0
5,5,0,0000000,00,3,3,3,0000000000000000,0,0,3,978a1b995120dcdc,0,1,0000000000000000,0000000000000000,0000000000000000,0,0
6,6,0,0000000,00,3,3,3,0000000000000000,0,0,3,978a1b995120dcdc,0,1,0000000000000000,0000000000000000,0000000000000000,0,0
7,7,0,0000000,00,3,3,3,0000000000000000,0,0,3,978a1b995120dcdc,0,1,0000000000000000,0000000000000000,0000000000000000,0,0
8,8,0,0000000,00,3,3,3,0000000000000000,0,0,3,978a1b995120dcdc,0,1,0000000000000000,0000000000000000,0000000000000000,0,0
9,9,0,0000000,00,3,3,3,0000000000000000,0,0,3,978a1b995120dcdc,0,1,0000000000000000,0000000000000000,0000000000000000,0,0
10,10,0,0000000,00,3,3,3,0000000000000000,0,0,3,978a1b995120dcdc,0,1,0000000000000000,0000000000000000,0000000000000000,0,0
11,11,0,0000000,00,3,3,3,0000000000000000,0,0,3,978a1b995120dcdc,0,1,0000000000000000,0000000000000000,0000000000000000,0,0
12,12,0,0000000,00,3,3,3,0000000000000000,0,0,3,978a1b995120dcdc,0,1,0000000000000000,0000000000000000,0000000000000000,0,0
13,13,0,0000000,00,3,3,3,0000000000000000,0,0,3,978a1b995120dcdc,0,1,0000000000000000,0000000000000000,0000000000000000,0,0
14,14,0,0000000,00,3,3,3,0000000000000000,0,0,3,978a1b995120dcdc,0,1,0000000000000000,0000000000000000,0000000000000000,0,0
15,15,0,0000000,00,3,3,3,0000000000000000,0,0,3,978a1b995120dcdc,0,1,0000000000000000,0000000000000000,0000000000000000,0,0
16,16,0,0000000,00,3,3,3,0000000000000000,0,0,3,978a1b995120dcdc,0,1,0000000000000000,0000000000000000,0000000000000000,0,0
17,17,0,0000000,00,3,3,3,0000000000000000,0,0,3,978a1b995120dcdc,0,1,0000000000000000,0000000000000000,0000000000000000,0,0
18,18,0,0000000,00,3,3,3,0000000000000000,0,0,3,978a1b995120dcdc,0,1,0000000000000000,0000000000000000,0000000000000000,0,0
19,19,0,0000000,00,3,3,3,0000000000000000,0,0,3,978a1b995120dcdc,0,1,0000000000000000,0000000000000000,0000000000000000,0,0
20,20,0,0000000,00,3,3,3,0000000000000000,0,0,3,978a1b995120dcdc,0,1,0000000000000000,0000000000000000,0000000000000000,0,0
21,21,0,0000000,00,3,3,3,0000000000000000,0,0,3,978a1b995120dcdc,0,1,0000000000000000,0000000000000000,0000000000000000,0,0
22,22,0,0000000,00,3,3,3,0000000000000000,0,0,3,978a1b995120dcdc,0,1,0000000000000000,0000000000000000,0000000000000000,0,0
23,23,0,0000000,00,3,3,3,0000000000000000,0,0,3,978a1b995120dcdc,0,1,0000000000000000,0000000000000000,0000000000000000,0,0
24,24,0,0000000,00,3,3,3,0000000000000000,0,0,3,978a1b995120dcdc,0,1,0000000000000000,0000000000000000,0000000000000000,0,0
25,25,0,0000000,00,3,3,3,0000000000000000,0,0,3,978a1b995120dcdc,0,1,0000000000000000,0000000000000000,0000000000000000,0,0
26,26,0,0000000,00,3,3,3,0000000000000000,0,0,3,978a1b995120dcdc,0,1,0000000000000000,0000000000000000,0000000000000000,0,0
27,27,0,0000000,00,3,3,3,0000000000000000,0,0,3,978a1b995120dcdc,0,1,0000000000000000,0000000000000000,0000000000000000,0,0
28,28,0,0000000,00,3,3,3,0000000000000000,0,0,3,978a1b995120dcdc,0,1,0000000000000000,0000000000000000,0000000000000000,0,0
29,29,0,0000000,00,3,3,3,0000000000000000,0,0,3,978a1b995120dcdc,0,1,0000000000000000,0000000000000000,0000000000000000,0,0
30,30,0,0000000,00,3,3,3,0000000000000000,0,0,3,978a1b995120dcdc,0,1,0000000000000000,0000000000000000,0000000000000000,0,0
31,31,0,0000000,00,3,3,3,0000000000000000,0,0,3,978a1b995120dcdc,0,1,0000000000000000,0000000000000000,0000000000000000,0,0
32,32,0,0000000,00,3,3,3,0000000000000000,0,0,3,978a1b995120dcdc,0,1,0000000000000000,0000000000000000,0000000000000000,0,0
33,33,0,0000000,00,3,3,3,0000000000000000,0,0,3,978a1b995120dcdc,0,1,0000000000000000,0000000000000000,0000000000000000,0,0
34,34,0,0000000,00,3,3,3,0000000000000000,0,0,3,978a1b995120dcdc,0,1,0000000000000000,0000000000000000,0000000000000000,0,0
35,35,0,0000000,00,3,3,3,0000000000000000,0,0,3,978a1b995120dcdc,0,1,0000000000000000,0000000000000000,0000000000000000,0,0
36,36,0,0000000,00,3,3,3,0000000000000000,0,0,3,978a1b995120dcdc,0,1,0000000000000000,0000000000000000,0000000000000000,0,0
37,37,0,0000000,00,3,3,3,0000000000000000,0,0,3,978a1b995120dcdc,0,1,0000000000000000,0000000000000000,0000000000000000,0,0
38,38,0,0000000,00,3,3,3,0000000000000000,0,0,3,978a1b995120dcdc,0,1,0000000000000000,0000000000000000,0000000000000000,0,0
39,39,0,0000000,00,3,3,3,0000000000000000,0,0,3,978a1b995120dcdc,0,1,0000000000000000,0000000000000000,0000000000000000,0,0
40,40,0,0000000,00,3,3,3,0000000000000000,0,0,3,978a1b995120dcdc,0,1,0000000000000000,0000000000000000,0000000000000000,0,0
41,41,0,0000000,00,3,3,3,0000000000000000,0,0,3,978a1b995120dcdc,0,1,0000000000000000,0000000000000000,0000000000000000,0,0
42,42,0,0000000,00,3,3,3,0000000000000000,0,0,3,978a1b995120dcdc,0,1,0000000000000000,0000000000000000,0000000000000000,0,0
43,43,0,0000000,00,3,3,3,0000000000000000,0,0,3,978a1b995120dcdc,0,1,0000000000000000,0000000000000000,0000000000000000,0,0
44,44,0,0000000,00,3,3,3,0000000000000000,0,0,3,978a1b995120dcdc,0,1,0000000000000000,0000000000000000,0000000000000000,0,0
45,45,0,0000000,00,3,3,3,0000000000000000,0,0,3,978a1b995120dcdc,0,1,0000000000000000,0000000000000000,0000000000000000,0,0
46,46,0,0000000,00,3,3,3,0000000000000000,0,0,3,978a1b995120dcdc,0,1,0000000000000000,0000000000000000,0000000000000000,0,0
47,47,0,0000000,00,3,3,3,0000000000000000,0,0,3,978a1b995120dcdc,0,1,0000000000000000,0000000000000000,0000000000000000,0,0
48,48,0,0000000,00,3,3,3,0000000000000000,0,0,3,978a1b995120dcdc,0,1,0000000000000000,0000000000000000,0000000000000000,0,0
49,49,0,0000000,00,3,3,3,0000000000000000,0,0,3,978a1b995120dcdc,0,1,0000000000000000,0000000000000000,0000000000000000,0,0
50,50,0,0000000,00,3,3,3,0000000000000000,0,0,3,978a1b995120dcdc,0,1,0000000000000000,0000000000000000,0000000000000000,0,0
51,51,0,0000000,00,3,3,3,0000000000000000,0,0,3,978a1b995120dcdc,0,1,0000000000000000,0000000000000000,0000000000000000,0,0
52,52,0,0000000,00,3,3,3,0000000000000000,0,0,3,978a1b995120dcdc,0,1,0000000000000000,0000000000000000,0000000000000000,0,0
53,53,0,0000000,00,3,3,3,0000000000000000,0,0,3,978a1b995120dcdc,0,1,0000000000000000,0000000000000000,0000000000000000,0,0
54,54,0,0000000,00,3,3,3,0000000000000000,0,0,3,978a1b995120dcdc,0,1,0000000000000000,0000000000000000,0000000000000000,0,0
55,55,0,0000000,00,3,3,3,0000000000000000,0,0,3,978a1b995120dcdc,0,1,0000000000000000,0000000000000000,0000000000000000,0,0
56,56,0,0000000,00,3,3,3,0000000000000000,0,0,3,978a1b995120dcdc,0,1,0000000000000000,0000000000000000,0000000000000000,0,0
57,57,0,0000000,00,3,3,3,0000000000000000,0,0,3,978a1b995120dcdc,0,1,0000000000000000,0000000000000000,0000000000000000,0,0
58,58,0,0000000,00,3,3,3,0000000000000000,0,0,3,978a1b995120dcdc,0,1,0000000000000000,0000000000000000,0000000000000000,0,0
59,59,0,0000000,00,3,3,3,0000000000000000,0,0,3,978a1b995120dcdc,0,1,0000000000000000,0000000000000000,0000000000000000,0,0
60,60,0,0000000,00,3,3,3,0000000000000000,0,0,3,978a1b995120dcdc,0,1,0000000000000000,0000000000000000,0000000000000000,0,0
61,61,0,0000000,00,3,3,3,0000000000000000,0,0,3,978a1b995120dcdc,0,1,0000000000000000,0000000000000000,0000000000000000,0,0
62,62,0,0000000,00,3,3,3,0000000000000000,0,0,3,978a1b995120dcdc,0,1,0000000000000000,0000000000000000,0000000000000000,0,0
63,63,0,0000000,00,3,3,3,0000000000000000,0,0,3,978a1b995120dcdc,0,1,0000000000000000,0000000000000000,0000000000000000,0,0
64,64,0,0000000,00,3,3,3,0000000000000000,0,0,3,978a1b995120dcdc,0,1,0000000000000000,0000000000000000,0000000000000000,0,0
65,65,0,0000000,00,3,3,3,0000000000000000,0,0,3,978a1b995120dcdc,0,1,0000000000000000,0000000000000000,0000000000000000,0,0
66,66,0,0000000,00,3,3,3,0000000000000000,0,0,3,978a1b995120dcdc,0,1,0000000000000000,0000000000000000,0000000000000000,0,0
67,67,0,0000000,00,3,3,3,0000000000000000,0,0,3,978a1b995120dcdc,0,1,0000000000000000,0000000000000000,0000000000000000,0,0
68,68,0,0000000,00,3,3,3,0000000000000000,0,0,3,978a1b995120dcdc,0,1,0000000000000000,0000000000000000,0000000000000000,0,0
69,69,0,0000000,00,3,3,3,0000000000000000,0,0,3,978a1b995120dcdc,0,1,0000000000000000,0000000000000000,0000000000000000,0,0
70,70,0,0000000,00,3,3,3,0000000000000000,0,0,3,978a1b995120dcdc,0,1,0000000000000000,0000000000000000,0000000000000000,0,0
71,71,0,0000000,00,3,3,3,0000000000000000,0,0,3,978a1b995120dcdc,0,1,0000000000000000,0000000000000000,0000000000000000,0,0
72,72,0,0000000,00,3,3,3,0000000000000000,0,0,3,978a1b995120dcdc,0,1,0000000000000000,0000000000000000,0000000000000000,0,0
73,73,0,0000000,00,3,3,3,0000000000000000,0,0,3,978a1b995120dcdc,0,1,0000000000000000,0000000000000000,0000000000000000,0,0
74,74,0,0000000,00,3,3,3,0000000000000000,0,0,3,978a1b995120dcdc,0,1,0000000000000000,0000000000000000,0000000000000000,0,0
75,75,0,0000000,00,3,3,3,0000000000000000,0,0,3,978a1b995120dcdc,0,1,0000000000000000,0000000000000000,0000000000000000,0,0
76,76,0,0000000,00,3,3,3,0000000000000000,0,0,3,978a1b995120dcdc,0,1,0000000000000000,0000000000000000,0000000000000000,0,0
77,77,0,0000000,00,3,3,3,0000000000000000,0,0,3,978a1b995120dcdc,0,1,0000000000000000,0000000000000000,0000000000000000,0,0
78,78,0,0000000,00,3,3,3,0000000000000000,0,0,3,978a1b995120dcdc,0,1,0000000000000000,0000000000000000,0000000000000000,0,0
79,79,0,0000000,00,3,3,3,0000000000000000,0,0,3,978a1b995120dcdc,0,1,0000000000000000,0000000000000000,0000000000000000,0,0
80,80,0,0000000,00,3,3,3,0000000000000000,0,0,3,978a1b995120dcdc,0,1,0000000000000000,0000000000000000,0000000000000000,0,0
81,81,0,0000000,00,3,3,3,0000000000000000,0,0,3,978a1b995120dcdc,0,1,0000000000000000,0000000000000000,0000000000000000,0,0
82,82,0,0000000,00,3,3,3,0000000000000000,0,0,3,978a1b995120dcdc,0,1,0000000000000000,0000000000000000,0000000000000000,0,0
83,83,0,0000000,00,3,3,3,0000000000000000,0,0,3,978a1b995120dcdc,0,1,0000000000000000,0000000000000000,0000000000000000,0,0
84,84,0,0000000,00,3,3,3,0000000000000000,0,0,3,978a1b995120dcdc,0,1,0000000000000000,0000000000000000,0000000000000000,0,0
85,85,0,0000000,00,3,3,3,0000000000000000,0,0,3,978a1b995120dcdc,0,1,0000000000000000,0000000000000000,0000000000000000,0,0
86,86,0,0000000,00,3,3,3,0000000000000000,0,0,3,978a1b995120dcdc,0,1,0000000000000000,0000000000000000,0000000000000000,0,0
87,87,0,0000000,00,3,3,3,0000000000000000,0,0,3,978a1b995120dcdc,0,1,0000000000000000,0000000000000000,0000000000000000,0,0
88,88,0,0000000,00,3,3,3,0000000000000000,0,0,3,978a1b995120dcdc,0,1,0000000000000000,0000000000000000,0000000000000000,0,0
89,89,0,0000000,00,3,3,3,0000000000000000,0,0,3,978a1b995120dcdc,0,1,0000000000000000,0000000000000000,0000000000000000,0,0
90,90,0,0000000,00,3,3,3,0000000000000000,0,0,3,978a1b995120dcdc,0,1,0000000000000000,0000000000000000,0000000000000000,0,0
91,91,0,0000000,00,3,3,3,0000000000000000,0,0,3,978a1b995120dcdc,0,1,0000000000000000,0000000000000000,0000000000000000,0,0
92,92,0,0000000,00,3,3,3,0000000000000000,0,0,3,978a1b995120dcdc,0,1,0000000000000000,0000000000000000,0000000000000000,0,0
93,93,0,0000000,00,3,3,3,0000000000000000,0,0,3,978a1b995120dcdc,0,1,0000000000000000,0000000000000000,0000000000000000,0,0
94,94,0,0000000,00,3,3,3,0000000000000000,0,0,3,978a1b995120dcdc,0,1,0000000000000000,0000000000000000,0000000000000000,0,0
95,95,0,0000000,00,3,3,3,0000000000000000,0,0,3,978a1b995120dcdc,0,1,0000000000000000,0000000000000000,0000000000000000,0,0
96,96,0,0000000,00,3,3,3,0000000000000000,0,0,3,978a1b995120dcdc,0,1,0000000000000000,0000000000000000,0000000000000000,0,0
97,97,0,0000000,00,3,3,3,0000000000000000,0,0,3,978a1b995120dcdc,0,1,0000000000000000,0000000000000000,0000000000000000,0,0
98,98,0,0000000,00,3,3,3,0000000000000000,0,0,3,978a1b995120dcdc,0,1,0000000000000000,0000000000000000,0000000000000000,0,0
99,99,0,0000000,00,3,3,3,0000000000000000,0,0,3,978a1b995120dcdc,0,1,0000000000000000,0000000000000000,0000000000000000,0,0
100,100,0,0000000,00,3,3,3,0000000000000000,0,0,3,978a1b995120dcdc,0,1,0000000000000000,0000000000000000,0000000000000000,0,0
101,101,0,0000000,00,3,3,3,0000000000000000,0,0,3,978a1b995120dcdc,0,1,0000000000000000,0000000000000000,0000000000000000,0,0
102,102,0,0000000,00,3,3,3,0000000000000000,0,0,3,978a1b995120dcdc,0,1,0000000000000000,0000000000000000,0000000000000000,0,0
103,103,0,0000000,00,3,3,3,0000000000000000,0,0,3,978a1b995120dcdc,0,1,0000000000000000,0000000000000000,0000000000000000,0,0
104,104,0,0000000,00,3,3,3,0000000000000000,0,0,3,978a1b995120dcdc,0,1,0000000000000000,0000000000000000,0000000000000000,0,0
105,105,0,0000000,00,3,3,3,0000000000000000,0,0,3,978a1b995120dcdc,0,1,0000000000000000,0000000000000000,0000000000000000,0,0
106,106,0,0000000,00,3,3,3,0000000000000000,0,0,3,978a1b995120dcdc,0,1,0000000000000000,0000000000000000,0000000000000000,0,0
107,107,0,0000000,00,3,3,3,0000000000000000,0,0,3,978a1b995120dcdc,0,1,0000000000000000,0000000000000000,0000000000000000,0,0
108,108,0,0000000,00,3,3,3,0000000000000000,0,0,3,978a1b995120dcdc,0,1,0000000000000000,0000000000000000,0000000000000000,0,0
109,109,0,0000000,00,3,3,3,0000000000000000,0,0,3,978a1b995120dcdc,0,1,0000000000000000,0000000000000000,0000000000000000,0,0
110,110,0,0000000,00,3,3,3,0000000000000000,0,0,3,978a1b995120dcdc,0,1,0000000000000000,0000000000000000,0000000000000000,0,0
111,111,0,0000000,00,3,3,3,0000000000000000,0,0,3,978a1b995120dcdc,0,1,0000000000000000,0000000000000000,0000000000000000,0,0
112,112,0,0000000,00,3,3,3,0000000000000000,0,0,3,978a1b995120dcdc,0,1,0000000000000000,0000000000000000,0000000000000000,0,0
113,113,0,0000000,00,3,3,3,0000000000000000,0,0,3,978a1b995120dcdc,0,1,0000000000000000,0000000000000000,0000000000000000,0,0
114,114,0,0000000,00,3,3,3,0000000000000000,0,0,3,978a1b995120dcdc,0,1,0000000000000000,0000000000000000,0000000000000000,0,0
115,115,0,0000000,00,3,3,3,0000000000000000,0,0,3,978a1b995120dcdc,0,1,0000000000000000,0000000000000000,0000000000000000,0,0
116,116,0,0000000,00,3,3,3,0000000000000000,0,0,3,978a1b995120dcdc,0,1,0000000000000000,0000000000000000,0000000000000000,0,0
117,117,0,0000000,00,3,3,3,0000000000000000,0,0,3,978a1b995120dcdc,0,1,0000000000000000,0000000000000000,0000000000000000,0,0
118,118,0,0000000,00,3,3,3,0000000000000000,0,0,3,978a1b995120dcdc,0,1,0000000000000000,0000000000000000,0000000000000000,0,0
119,119,0,0000000,00,3,3,3,0000000000000000,0,0,3,978a1b995120dcdc,0,1,0000000000000000,0000000000000000,0000000000000000,0,0
120,120,0,0000000,00,3,3,3,0000000000000000,0,0,3,978a1b995120dcdc,0,1,0000000000000000,0000000000000000,0000000000000000,0,0
121,121,0,0000000,00,3,3,3,0000000000000000,0,0,3,978a1b995120dcdc,0,1,0000000000000000,0000000000000000,0000000000000000,0,0
122,122,0,0000000,00,3,3,3,0000000000000000,0,0,3,978a1b995120dcdc,0,1,0000000000000000,0000000000000000,0000000000000000,0,0
123,123,0,0000000,00,3,3,3,0000000000000000,0,0,3,978a1b995120dcdc,0,1,0000000000000000,0000000000000000,0000000000000000,0,0
124,124,0,0000000,00,3,3,3,0000000000000000,0,0,3,978a1b995120dcdc,0,1,0000000000000000,0000000000000000,0000000000000000,0,0
125,125,0,0000000,00,3,3,3,0000000000000000,0,0,3,978a1b995120dcdc,0,1,0000000000000000,0000000000000000,0000000000000000,0,0
126,126,0,0000000,00,3,3,3,0000000000000000,0,0,3,978a1b995120dcdc,0,1,0000000000000000,0000000000000000,0000000000000000,0,0
127,127,0,0000000,00,3,3,3,0000000000000000,0,0,3,978a1b995120dcdc,0,1,0000000000000000,0000000000000000,0000000000000000,0,0
128,128,0,0000000,00,3,3,3,0000000000000000,0,0,3,978a1b995120dcdc,0,1,0000000000000000,0000000000000000,0000000000000000,0,0
129,129,0,0000000,00,3,3,3,0000000000000000,0,0,3,978a1b995120dcdc,0,1,0000000000000000,0000000000000000,0000000000000000,0,0
130,130,0,0000000,00,3,3,3,0000000000000000,0,0,3,978a1b995120dcdc,0,1,0000000000000000,0000000000000000,0000000000000000,0,0
131,131,0,0000000,00,3,3,3,0000000000000000,0,0,3,978a1b995120dcdc,0,1,0000000000000000,0000000000000000,0000000000000000,0,0
132,132,0,0000000,00,3,3,3,0000000000000000,0,0,3,978a1b995120dcdc,0,1,0000000000000000,0000000000000000,0000000000000000,0,0
133,133,0,0000000,00,3,3,3,0000000000000000,0,0,3,978a1b995120dcdc,0,1,0000000000000000,0000000000000000,0000000000000000,0,0
134,134,0,0000000,00,3,3,3,0000000000000000,0,0,3,978a1b995120dcdc,0,1,0000000000000000,0000000000000000,0000000000000000,0,0
135,135,0,0000000,00,3,3,3,0000000000000000,0,0,3,978a1b995120dcdc,0,1,0000000000000000,0000000000000000,0000000000000000,0,0
136,136,0,0000000,00,3,3,3,0000000000000000,0,0,3,978a1b995120dcdc,0,1,0000000000000000,0000000000000000,0000000000000000,0,0
137,137,0,0000000,00,3,3,3,0000000000000000,0,0,3,978a1b995120dcdc,0,1,0000000000000000,0000000000000000,0000000000000000,0,0
138,138,0,0000000,00,3,3,3,0000000000000000,0,0,3,978a1b995120dcdc,0,1,0000000000000000,0000000000000000,0000000000000000,0,0
139,139,0,0000000,00,3,3,3,0000000000000000,0,0,3,978a1b995120dcdc,0,1,0000000000000000,0000000000000000,0000000000000000,0,0
140,140,0,0000000,00,3,3,3,0000000000000000,0,0,3,978a1b995120dcdc,0,1,0000000000000000,0000000000000000,0000000000000000,0,0
141,141,0,0000000,00,3,3,3,0000000000000000,0,0,3,978a1b995120dcdc,0,1,0000000000000000,0000000000000000,0000000000000000,0,0
142,142,0,0000000,00,3,3,3,0000000000000000,0,0,3,978a1b995120dcdc,0,1,0000000000000000,0000000000000000,0000000000000000,0,0
143,143,0,0000000,00,3,3,3,0000000000000000,0,0,3,978a1b995120dcdc,0,1,0000000000000000,0000000000000000,0000000000000000,0,0
144,144,0,0000000,00,3,3,3,0000000000000000,0,0,3,978a1b995120dcdc,0,1,0000000000000000,0000000000000000,0000000000000000,0,0
145,145,0,0000000,00,3,3,3,0000000000000000,0,0,3,978a1b995120dcdc,0,1,0000000000000000,0000000000000000,0000000000000000,0,0
146,146,0,0000000,00,3,3,3,0000000000000000,0,0,3,978a1b995120dcdc,0,1,0000000000000000,0000000000000000,0000000000000000,0,0
147,147,0,0000000,00,3,3,3,0000000000000000,0,0,3,978a1b995120dcdc,0,1,0000000000000000,0000000000000000,0000000000000000,0,0
148,148,0,0000000,00,3,3,3,0000000000000000,0,0,3,978a1b995120dcdc,0,1,0000000000000000,0000000000000000,0000000000000000,0,0
149,149,0,0000000,00,3,3,3,0000000000000000,0,0,3,978a1b995120dcdc,0,1,0000000000000000,0000000000000000,0000000000000000,0,0
150,150,0,0000000,00,3,3,3,0000000000000000,0,0,3,978a1b995120dcdc,0,1,0000000000000000,0000000000000000,0000000000000000,0,0
151,151,0,0000000,00,3,3,3,0000000000000000,0,0,3,978a1b995120dcdc,0,1,0000000000000000,0000000000000000,0000000000000000,0,0
152,152,0,0000000,00,3,3,3,0000000000000000,0,0,3,978a1b995120dcdc,0,1,0000000000000000,0000000000000000,0000000000000000,0,0
153,153,0,0000000,00,3,3,3,0000000000000000,0,0,3,978a1b995120dcdc,0,1,0000000000000000,0000000000000000,0000000000000000,0,0
154,154,0,0000000,00,3,3,3,0000000000000000,0,0,3,978a1b995120dcdc,0,1,0000000000000000,0000000000000000,0000000000000000,0,0
155,155,0,0000000,00,3,3,3,0000000000000000,0,0,3,978a1b995120dcdc,0,1,0000000000000000,0000000000000000,0000000000000000,0,0
156,156,0,0000000,00,3,3,3,0000000000000000,0,0,3,978a1b995120dcdc,0,1,0000000000000000,0000000000000000,0000000000000000,0,0
157,157,0,0000000,00,3,3,3,0000000000000000,0,0,3,978a1b995120dcdc,0,1,0000000000000000,0000000000000000,0000000000000000,0,0
158,158,0,0000000,00,3,3,3,0000000000000000,0,0,3,978a1b995120dcdc,0,1,0000000000000000,0000000000000000,0000000000000000,0,0
159,159,0,0000000,00,3,3,3,0000000000000000,0,0,3,978a1b995120dcdc,0,1,0000000000000000,0000000000000000,0000000000000000,0,0
160,160,0,0000000,00,3,3,3,0000000000000000,0,0,3,978a1b995120dcdc,0,1,0000000000000000,0000000000000000,0000000000000000,0,0
161,161,0,0000000,00,3,3,3,0000000000000000,0,0,3,978a1b995120dcdc,0,1,0000000000000000,0000000000000000,0000000000000000,0,0
162,162,0,0000000,00,3,3,3,0000000000000000,0,0,3,978a1b995120dcdc,0,1,0000000000000000,0000000000000000,0000000000000000,0,0
163,163,0,0000000,00,3,3,3,0000000000000000,0,0,3,978a1b995120dcdc,0,1,0000000000000000,0000000000000000,0000000000000000,0,0
164,164,0,0000000,00,3,3,3,0000000000000000,0,0,3,978a1b995120dcdc,0,1,0000000000000000,0000000000000000,0000000000000000,0,0
165,165,0,0000000,00,3,3,3,0000000000000000,0,0,3,978a1b995120dcdc,0,1,0000000000000000,0000000000000000,0000000000000000,0,0
166,166,0,0000000,00,3,3,3,0000000000000000,0,0,3,978a1b995120dcdc,0,1,0000000000000000,0000000000000000,0000000000000000,0,0
167,167,0,0000000,00,3,3,3,0000000000000000,0,0,3,978a1b995120dcdc,0,1,0000000000000000,0000000000000000,0000000000000000,0,0
168,168,0,0000000,00,3,3,3,0000000000000000,0,0,3,978a1b995120dcdc,0,1,0000000000000000,0000000000000000,0000000000000000,0,0
169,169,0,0000000,00,3,3,3,0000000000000000,0,0,3,978a1b995120dcdc,0,1,0000000000000000,0000000000000000,0000000000000000,0,0
170,170,0,0000000,00,3,3,3,0000000000000000,0,0,3,978a1b995120dcdc,0,1,0000000000000000,0000000000000000,0000000000000000,0,0
171,171,0,0000000,00,3,3,3,0000000000000000,0,0,3,978a1b995120dcdc,0,1,0000000000000000,0000000000000000,0000000000000000,0,0
172,172,0,0000000,00,3,3,3,0000000000000000,0,0,3,978a1b995120dcdc,0,1,0000000000000000,0000000000000000,0000000000000000,0,0
173,173,0,0000000,00,3,3,3,0000000000000000,0,0,3,978a1b995120dcdc,0,1,0000000000000000,0000000000000000,0000000000000000,0,0
174,174,0,0000000,00,3,3,3,0000000000000000,0,0,3,978a1b995120dcdc,0,1,0000000000000000,0000000000000000,0000000000000000,0,0
175,175,0,0000000,00,3,3,3,0000000000000000,0,0,3,978a1b995120dcdc,0,1,0000000000000000,0000000000000000,0000000000000000,0,0
176,176,0,0000000,00,3,3,3,0000000000000000,0,0,3,978a1b995120dcdc,0,1,0000000000000000,0000000000000000,0000000000000000,0,0
177,177,0,0000000,00,3,3,3,0000000000000000,0,0,3,978a1b995120dcdc,0,1,0000000000000000,0000000000000000,0000000000000000,0,0
178,178,0,0000000,00,3,3,3,0000000000000000,0,0,3,978a1b995120dcdc,0,1,0000000000000000,0000000000000000,0000000000000000,0,0
179,179,0,0000000,00,3,3,3,0000000000000000,0,0,3,978a1b995120dcdc,0,1,0000000000000000,0000000000000000,0000000000000000,0,0
180,180,0,0000000,00,3,3,3,0000000000000000,0,0,3,978a1b995120dcdc,0,1,0000000000000000,0000000000000000,0000000000000000,0,0
181,181,0,0000000,00,3,3,3,0000000000000000,0,0,3,978a1b995120dcdc,0,1,0000000000000000,0000000000000000,0000000000000000,0,0
182,182,0,0000000,00,3,3,3,0000000000000000,0,0,3,978a1b995120dcdc,0,1,0000000000000000,0000000000000000,0000000000000000,0,0
183,183,0,0000000,00,3,3,3,0000000000000000,0,0,3,978a1b995120dcdc,0,1,0000000000000000,0000000000000000,0000000000000000,0,0
184,184,0,0000000,00,3,3,3,0000000000000000,0,0,3,978a1b995120dcdc,0,1,0000000000000000,0000000000000000,0000000000000000,0,0
185,185,0,0000000,00,3,3,3,0000000000000000,0,0,3,978a1b995120dcdc,0,1,0000000000000000,0000000000000000,0000000000000000,0,0
186,186,0,0000000,00,3,3,3,0000000000000000,0,0,3,978a1b995120dcdc,0,1,0000000000000000,0000000000000000,0000000000000000,0,0
187,187,0,0000000,00,3,3,3,0000000000000000,0,0,3,978a1b995120dcdc,0,1,0000000000000000,0000000000000000,0000000000000000,0,0
188,188,0,0000000,00,3,3,3,0000000000000000,0,0,3,978a1b995120dcdc,0,1,0000000000000000,0000000000000000,0000000000000000,0,0
189,189,0,0000000,00,3,3,3,0000000000000000,0,0,3,978a1b995120dcdc,0,1,0000000000000000,0000000000000000,0000000000000000,0,0
190,190,0,0000000,00,3,3,3,0000000000000000,0,0,3,978a1b995120dcdc,0,1,0000000000000000,0000000000000000,0000000000000000,0,0
191,191,0,0000000,00,3,3,3,0000000000000000,0,0,3,978a1b995120dcdc,0,1,0000000000000000,0000000000000000,0000000000000000,0,0
192,192,0,0000000,00,3,3,3,0000000000000000,0,0,3,978a1b995120dcdc,0,1,0000000000000000,0000000000000000,0000000000000000,0,0
193,193,0,0000000,00,3,3,3,0000000000000000,0,0,3,978a1b995120dcdc,0,1,0000000000000000,0000000000000000,0000000000000000,0,0
194,194,0,0000000,00,3,3,3,0000000000000000,0,0,3,978a1b995120dcdc,0,1,0000000000000000,0000000000000000,0000000000000000,0,0
195,195,0,0000000,00,3,3,3,0000000000000000,0,0,3,978a1b995120dcdc,0,1,0000000000000000,0000000000000000,0000000000000000,0,0
196,196,0,0000000,00,3,3,3,0000000000000000,0,0,3,978a1b995120dcdc,0,1,0000000000000000,0000000000000000,0000000000000000,0,0
197,197,0,0000000,00,3,3,3,0000000000000000,0,0,3,978a1b995120dcdc,0,1,0000000000000000,0000000000000000,0000000000000000,0,0
198,198,0,0000000,00,3,3,3,0000000000000000,0,0,3,978a1b995120dcdc,0,1,0000000000000000,0000000000000000,0000000000000000,0,0
199,199,0,0000000,00,3,3,3,0000000000000000,0,0,3,978a1b995120dcdc,0,1,0000000000000000,0000000000000000,0000000000000000,0,0
200,200,0,0000000,00,3,3,3,0000000000000000,0,0,3,978a1b995120dcdc,0,1,0000000000000000,0000000000000000,0000000000000000,0,0
201,201,0,0000000,00,3,3,3,0000000000000000,0,0,3,978a1b995120dcdc,0,1,0000000000000000,0000000000000000,0000000000000000,0,0
202,202,0,0000000,00,2,2,2,0000000000000000,0,0,3,978a1b995120dcdc,0,1,0000000000000000,0000000000000000,0000000000000000,0,0
203,203,0,0000000,00,3,3,3,0000000000000000,0,0,3,978a1b995120dcdc,0,1,0000000000000000,0000000000000000,0000000000000000,0,0
204,204,0,0000000,00,3,3,3,0000000000000000,0,0,3,978a1b995120dcdc,0,1,0000000000000000,0000000000000000,0000000000000000,0,0
205,205,0,0000000,00,3,3,3,0000000000000000,0,0,3,978a1b995120dcdc,0,1,0000000000000000,0000000000000000,0000000000000000,0,0
206,206,0,0000000,00,3,3,3,0000000000000000,0,0,3,978a1b995120dcdc,0,1,0000000000000000,0000000000000000,0000000000000000,0,0
207,207,0,0000000,00,3,3,3,0000000000000000,0,0,3,978a1b995120dcdc,0,1,0000000000000000,0000000000000000,0000000000000000,0,0
208,208,0,0000000,00,3,3,3,0000000000000000,0,0,3,978a1b995120dcdc,0,1,0000000000000000,0000000000000000,0000000000000000,0,0
209,209,0,0000000,00,3,3,3,0000000000000000,0,0,3,978a1b995120dcdc,0,1,0000000000000000,0000000000000000,0000000000000000,0,0
210,210,0,0000000,00,3,3,3,0000000000000000,0,0,3,978a1b995120dcdc,0,1,0000000000000000,0000000000000000,0000000000000000,0,0
211,211,0,0000000,00,3,3,3,0000000000000000,0,0,3,978a1b995120dcdc,0,1,0000000000000000,0000000000000000,0000000000000000,0,0
212,212,0,0000000,00,3,3,3,0000000000000000,0,0,3,978a1b995120dcdc,0,1,0000000000000000,0000000000000000,0000000000000000,0,0
213,213,0,0000000,00,3,3,3,0000000000000000,0,0,3,978a1b995120dcdc,0,1,0000000000000000,0000000000000000,0000000000000000,0,0
214,214,0,0000000,00,3,3,3,0000000000000000,0,0,3,978a1b995120dcdc,0,1,0000000000000000,0000000000000000,0000000000000000,0,0
215,215,0,0000000,00,3,3,3,0000000000000000,0,0,3,978a1b995120dcdc,0,1,0000000000000000,0000000000000000,0000000000000000,0,0
216,216,0,0000000,00,3,3,3,0000000000000000,0,0,3,978a1b995120dcdc,0,1,0000000000000000,0000000000000000,0000000000000000,0,0
217,217,0,0000000,00,3,3,3,0000000000000000,0,0,3,978a1b995120dcdc,0,1,0000000000000000,0000000000000000,0000000000000000,0,0
218,218,0,0000000,00,3,3,3,0000000000000000,0,0,3,978a1b995120dcdc,0,1,0000000000000000,0000000000000000,0000000000000000,0,0
219,219,0,0000000,00,3,3,3,0000000000000000,0,0,3,978a1b995120dcdc,0,1,0000000000000000,0000000000000000,0000000000000000,0,0
220,220,0,0000000,00,3,3,3,0000000000000000,0,0,3,978a1b995120dcdc,0,1,0000000000000000,0000000000000000,0000000000000000,0,0
221,221,0,0000000,00,3,3,3,0000000000000000,0,0,3,978a1b995120dcdc,0,1,0000000000000000,0000000000000000,0000000000000000,0,0
222,222,0,0000000,00,3,3,3,0000000000000000,0,0,3,978a1b995120dcdc,0,1,0000000000000000,0000000000000000,0000000000000000,0,0
223,223,0,0000000,00,3,3,3,0000000000000000,0,0,3,978a1b995120dcdc,0,1,0000000000000000,0000000000000000,0000000000000000,0,0
224,224,0,0000000,00,3,3,3,0000000000000000,0,0,3,978a1b995120dcdc,0,1,0000000000000000,0000000000000000,0000000000000000,0,0
225,225,0,0000000,00,3,3,3,0000000000000000,0,0,3,978a1b995120dcdc,0,1,0000000000000000,0000000000000000,0000000000000000,0,0
226,226,0,0000000,00,3,3,3,0000000000000000,0,0,3,978a1b995120dcdc,0,1,0000000000000000,0000000000000000,0000000000000000,0,0
227,227,0,0000000,00,3,3,3,0000000000000000,0,0,3,978a1b995120dcdc,0,1,0000000000000000,0000000000000000,0000000000000000,0,0
228,228,0,0000000,00,3,3,3,0000000000000000,0,0,3,978a1b995120dcdc,0,1,0000000000000000,0000000000000000,0000000000000000,0,0
229,229,0,0000000,00,3,3,3,0000000000000000,0,0,3,978a1b995120dcdc,0,1,0000000000000000,0000000000000000,0000000000000000,0,0
230,230,0,0000000,00,3,3,3,0000000000000000,0,0,3,978a1b995120dcdc,0,1,0000000000000000,0000000000000000,0000000000000000,0,0
231,231,0,0000000,00,3,3,3,0000000000000000,0,0,3,978a1b995120dcdc,0,1,0000000000000000,0000000000000000,0000000000000000,0,0
232,232,0,0000000,00,3,3,3,0000000000000000,0,0,3,978a1b995120dcdc,0,1,0000000000000000,0000000000000000,0000000000000000,0,0
233,233,0,0000000,00,3,3,3,0000000000000000,0,0,3,978a1b995120dcdc,0,1,0000000000000000,0000000000000000,0000000000000000,0,0
234,234,0,0000000,00,3,3,3,0000000000000000,0,0,3,978a1b995120dcdc,0,1,0000000000000000,0000000000000000,0000000000000000,0,0
235,235,0,0000000,00,3,3,3,0000000000000000,0,0,3,978a1b995120dcdc,0,1,0000000000000000,0000000000000000,0000000000000000,0,0
236,236,0,0000000,00,3,3,3,0000000000000000,0,0,3,978a1b995120dcdc,0,1,0000000000000000,0000000000000000,0000000000000000,0,0
237,237,0,0000000,00,3,3,3,0000000000000000,0,0,3,978a1b995120dcdc,0,1,0000000000000000,0000000000000000,0000000000000000,0,0
238,238,0,0000000,00,3,3,3,0000000000000000,0,0,3,978a1b995120dcdc,0,1,0000000000000000,0000000000000000,0000000000000000,0,0
239,239,0,0000000,00,3,3,3,0000000000000000,0,0,3,978a1b995120dcdc,0,1,0000000000000000,0000000000000000,0000000000000000,0,0
240,240,0,0000000,00,3,3,3,0000000000000000,0,0,3,978a1b995120dcdc,0,1,0000000000000000,0000000000000000,0000000000000000,0,0
241,241,0,0000000,00,3,3,3,0000000000000000,0,0,3,978a1b995120dcdc,0,1,0000000000000000,0000000000000000,0000000000000000,0,0
242,242,0,0000000,00,3,3,3,0000000000000000,0,0,3,978a1b995120dcdc,0,1,0000000000000000,0000000000000000,0000000000000000,0,0
243,243,0,0000000,00,3,3,3,0000000000000000,0,0,3,978a1b995120dcdc,0,1,0000000000000000,0000000000000000,0000000000000000,0,0
244,244,0,0000000,00,3,3,3,0000000000000000,0,0,3,978a1b995120dcdc,0,1,0000000000000000,0000000000000000,0000000000000000,0,0
245,245,0,0000000,00,3,3,3,0000000000000000,0,0,3,978a1b995120dcdc,0,1,0000000000000000,0000000000000000,0000000000000000,0,0
246,246,0,0000000,00,3,3,3,0000000000000000,0,0,3,978a1b995120dcdc,0,1,0000000000000000,0000000000000000,0000000000000000,0,0
247,247,0,0000000,00,3,3,3,0000000000000000,0,0,3,978a1b995120dcdc,0,1,0000000000000000,0000000000000000,0000000000000000,0,0
248,248,0,0000000,00,3,3,3,0000000000000000,0,0,3,978a1b995120dcdc,0,1,0000000000000000,0000000000000000,0000000000000000,0,0
249,249,0,0000000,00,3,3,3,0000000000000000,0,0,3,978a1b995120dcdc,0,1,0000000000000000,0000000000000000,0000000000000000,0,0
250,250,0,0000000,00,3,3,3,0000000000000000,0,0,3,978a1b995120dcdc,0,1,0000000000000000,0000000000000000,0000000000000000,0,0
251,251,0,0000000,00,3,3,3,0000000000000000,0,0,3,978a1b995120dcdc,0,1,0000000000000000,0000000000000000,0000000000000000,0,0
252,252,0,0000000,00,3,3,3,0000000000000000,0,0,3,978a1b995120dcdc,0,1,0000000000000000,0000000000000000,0000000000000000,0,0
253,253,0,0000000,00,3,3,3,0000000000000000,0,0,3,978a1b995120dcdc,0,1,0000000000000000,0000000000000000,0000000000000000,0,0
254,254,0,0000000,00,3,3,3,0000000000000000,0,0,3,978a1b995120dcdc,0,1,0000000000000000,0000000000000000,0000000000000000,0,0
255,255,0,0000000,00,3,3,3,0000000000000000,0,0,3,978a1b995120dcdc,0,1,0000000000000000,0000000000000000,0000000000000000,0,0
256,256,0,0000000,00,3,3,3,0000000000000000,0,0,3,978a1b995120dcdc,0,1,0000000000000000,0000000000000000,0000000000000000,0,0
257,257,0,0000000,00,3,3,3,0000000000000000,0,0,3,978a1b995120dcdc,0,1,0000000000000000,0000000000000000,0000000000000000,0,0
258,258,0,0000000,00,3,3,3,0000000000000000,0,0,3,978a1b995120dcdc,0,1,0000000000000000,0000000000000000,0000000000000000,0,0
259,259,0,0000000,00,3,3,3,0000000000000000,0,0,3,978a1b995120dcdc,0,1,0000000000000000,0000000000000000,0000000000000000,0,0
260,260,0,0000000,00,3,3,3,0000000000000000,0,0,3,978a1b995120dcdc,0,1,0000000000000000,0000000000000000,0000000000000000,0,0
261,261,0,0000000,00,3,3,3,0000000000000000,0,0,3,978a1b995120dcdc,0,1,0000000000000000,0000000000000000,0000000000000000,0,0
262,262,0,0000000,00,3,3,3,0000000000000000,0,0,3,978a1b995120dcdc,0,1,0000000000000000,0000000000000000,0000000000000000,0,0
263,263,0,0000000,00,3,3,3,0000000000000000,0,0,3,978a1b995120dcdc,0,1,0000000000000000,0000000000000000,0000000000000000,0,0
264,264,0,0000000,00,3,3,3,0000000000000000,0,0,3,978a1b995120dcdc,0,1,0000000000000000,0000000000000000,0000000000000000,0,0
265,265,0,0000000,00,3,3,3,0000000000000000,0,0,3,978a1b995120dcdc,0,1,0000000000000000,0000000000000000,0000000000000000,0,0
266,266,0,0000000,00,3,3,3,0000000000000000,0,0,3,978a1b995120dcdc,0,1,0000000000000000,0000000000000000,0000000000000000,0,0
267,267,0,0000000,00,3,3,3,0000000000000000,0,0,3,978a1b995120dcdc,0,1,0000000000000000,0000000000000000,0000000000000000,0,0
268,268,0,0000000,00,3,3,3,0000000000000000,0,0,3,978a1b995120dcdc,0,1,0000000000000000,0000000000000000,0000000000000000,0,0
269,269,0,0000000,00,3,3,3,0000000000000000,0,0,3,978a1b995120dcdc,0,1,0000000000000000,0000000000000000,0000000000000000,0,0
270,270,0,0000000,00,3,3,3,0000000000000000,0,0,3,978a1b995120dcdc,0,1,0000000000000000,0000000000000000,0000000000000000,0,0
271,271,0,0000000,00,3,3,3,0000000000000000,0,0,3,978a1b995120dcdc,0,1,0000000000000000,0000000000000000,0000000000000000,0,0
272,272,0,0000000,00,3,3,3,0000000000000000,0,0,3,978a1b995120dcdc,0,1,0000000000000000,0000000000000000,0000000000000000,0,0
273,273,0,0000000,00,3,3,3,0000000000000000,0,0,3,978a1b995120dcdc,0,1,0000000000000000,0000000000000000,0000000000000000,0,0
274,274,0,0000000,00,3,3,3,0000000000000000,0,0,3,978a1b995120dcdc,0,1,0000000000000000,0000000000000000,0000000000000000,0,0
275,275,0,0000000,00,3,3,3,0000000000000000,0,0,3,978a1b995120dcdc,0,1,0000000000000000,0000000000000000,0000000000000000,0,0
276,276,0,0000000,00,3,3,3,0000000000000000,0,0,3,978a1b995120dcdc,0,1,0000000000000000,0000000000000000,0000000000000000,0,0
277,277,0,0000000,00,3,3,3,0000000000000000,0,0,3,978a1b995120dcdc,0,1,0000000000000000,0000000000000000,0000000000000000,0,0
278,278,0,0000000,00,3,3,3,0000000000000000,0,0,3,978a1b995120dcdc,0,1,0000000000000000,0000000000000000,0000000000000000,0,0
279,279,0,0000000,00,3,3,3,0000000000000000,0,0,3,978a1b995120dcdc,0,1,0000000000000000,0000000000000000,0000000000000000,0,0
280,280,0,0000000,00,3,3,3,0000000000000000,0,0,3,978a1b995120dcdc,0,1,0000000000000000,0000000000000000,0000000000000000,0,0
281,281,0,0000000,00,3,3,3,0000000000000000,0,0,3,978a1b995120dcdc,0,1,0000000000000000,0000000000000000,0000000000000000,0,0
282,282,0,0000000,00,3,3,3,0000000000000000,0,0,3,978a1b995120dcdc,0,1,0000000000000000,0000000000000000,0000000000000000,0,0
283,283,0,0000000,00,3,3,3,0000000000000000,0,0,3,978a1b995120dcdc,0,1,0000000000000000,0000000000000000,0000000000000000,0,0
284,284,0,0000000,00,3,3,3,0000000000000000,0,0,3,978a1b995120dcdc,0,1,0000000000000000,0000000000000000,0000000000000000,0,0
285,285,0,0000000,00,3,3,3,0000000000000000,0,0,3,978a1b995120dcdc,0,1,0000000000000000,0000000000000000,0000000000000000,0,0
286,286,0,0000000,00,3,3,3,0000000000000000,0,0,3,978a1b995120dcdc,0,1,0000000000000000,0000000000000000,0000000000000000,0,0
287,287,0,0000000,00,3,3,3,0000000000000000,0,0,3,978a1b995120dcdc,0,1,0000000000000000,0000000000000000,0000000000000000,0,0
288,288,0,0000000,00,3,3,3,0000000000000000,0,0,3,978a1b995120dcdc,0,1,0000000000000000,0000000000000000,0000000000000000,0,0
289,289,0,0000000,00,3,3,3,0000000000000000,0,0,3,978a1b995120dcdc,0,1,0000000000000000,0000000000000000,0000000000000000,0,0
290,290,0,0000000,00,3,3,3,0000000000000000,0,0,3,978a1b995120dcdc,0,1,0000000000000000,0000000000000000,0000000000000000,0,0
291,291,0,0000000,00,3,3,3,0000000000000000,0,0,3,978a1b995120dcdc,0,1,0000000000000000,0000000000000000,0000000000000000,0,0
292,292,0,0000000,00,3,3,3,0000000000000000,0,0,3,978a1b995120dcdc,0,1,0000000000000000,0000000000000000,0000000000000000,0,0
293,293,0,0000000,00,3,3,3,0000000000000000,0,0,3,978a1b995120dcdc,0,1,0000000000000000,0000000000000000,0000000000000000,0,0
294,294,0,0000000,00,3,3,3,0000000000000000,0,0,3,978a1b995120dcdc,0,1,0000000000000000,0000000000000000,0000000000000000,0,0
295,295,0,0000000,00,3,3,3,0000000000000000,0,0,3,978a1b995120dcdc,0,1,0000000000000000,0000000000000000,0000000000000000,0,0
296,296,0,0000000,00,3,3,3,0000000000000000,0,0,3,978a1b995120dcdc,0,1,0000000000000000,0000000000000000,0000000000000000,0,0
297,297,0,0000000,00,3,3,3,0000000000000000,0,0,3,978a1b995120dcdc,0,1,0000000000000000,0000000000000000,0000000000000000,0,0
298,298,0,0000000,00,3,3,3,0000000000000000,0,0,3,978a1b995120dcdc,0,1,0000000000000000,0000000000000000,0000000000000000,0,0
299,299,0,0000000,00,3,3,3,0000000000000000,0,0,3,978a1b995120dcdc,0,1,0000000000000000,0000000000000000,0000000000000000,0,0
300,300,0,0000000,00,3,3,3,0000000000000000,0,0,3,978a1b995120dcdc,0,1,0000000000000000,0000000000000000,0000000000000000,0,0
301,301,0,0000000,00,3,3,3,0000000000000000,0,0,3,978a1b995120dcdc,0,1,0000000000000000,0000000000000000,0000000000000000,0,0
302,302,0,0000000,00,3,3,3,0000000000000000,0,0,3,978a1b995120dcdc,0,1,0000000000000000,0000000000000000,0000000000000000,0,0
303,303,0,0000000,00,3,3,3,0000000000000000,0,0,3,978a1b995120dcdc,0,1,0000000000000000,0000000000000000,0000000000000000,0,0
304,304,0,0000000,00,3,3,3,0000000000000000,0,0,3,978a1b995120dcdc,0,1,0000000000000000,0000000000000000,0000000000000000,0,0
305,305,0,0000000,00,3,3,3,0000000000000000,0,0,3,978a1b995120dcdc,0,1,0000000000000000,0000000000000000,0000000000000000,0,0
306,306,0,0000000,00,3,3,3,0000000000000000,0,0,3,978a1b995120dcdc,0,1,0000000000000000,0000000000000000,0000000000000000,0,0
307,307,0,0000000,00,3,3,3,0000000000000000,0,0,3,978a1b995120dcdc,0,1,0000000000000000,0000000000000000,0000000000000000,0,0
308,308,0,0000000,00,3,3,3,0000000000000000,0,0,3,978a1b995120dcdc,0,1,0000000000000000,0000000000000000,0000000000000000,0,0
309,309,0,0000000,00,3,3,3,0000000000000000,0,0,3,978a1b995120dcdc,0,1,0000000000000000,0000000000000000,0000000000000000,0,0
310,310,0,0000000,00,3,3,3,0000000000000000,0,0,3,978a1b995120dcdc,0,1,0000000000000000,0000000000000000,0000000000000000,0,0
311,311,0,0000000,00,3,3,3,0000000000000000,0,0,3,978a1b995120dcdc,0,1,0000000000000000,0000000000000000,0000000000000000,0,0
312,312,0,0000000,00,3,3,3,0000000000000000,0,0,3,978a1b995120dcdc,0,1,0000000000000000,0000000000000000,0000000000000000,0,0
313,313,0,0000000,00,3,3,3,0000000000000000,0,0,3,978a1b995120dcdc,0,1,0000000000000000,0000000000000000,0000000000000000,0,0
314,314,0,0000000,00,3,3,3,0000000000000000,0,0,3,978a1b995120dcdc,0,1,0000000000000000,0000000000000000,0000000000000000,0,0
315,315,0,0000000,00,3,3,3,0000000000000000,0,0,3,978a1b995120dcdc,0,1,0000000000000000,0000000000000000,0000000000000000,0,0
316,316,0,0000000,00,3,3,3,0000000000000000,0,0,3,978a1b995120dcdc,0,1,0000000000000000,0000000000000000,0000000000000000,0,0
317,317,0,0000000,00,3,3,3,0000000000000000,0,0,3,978a1b995120dcdc,0,1,0000000000000000,0000000000000000,0000000000000000,0,0
318,318,0,0000000,00,3,3,3,0000000000000000,0,0,3,978a1b995120dcdc,0,1,0000000000000000,0000000000000000,0000000000000000,0,0
319,319,0,0000000,00,3,3,3,0000000000000000,0,0,3,978a1b995120dcdc,0,1,0000000000000000,0000000000000000,0000000000000000,0,0
320,320,0,0000000,00,3,3,3,0000000000000000,0,0,3,978a1b995120dcdc,0,1,0000000000000000,0000000000000000,0000000000000000,0,0
321,321,0,0000000,00,3,3,3,0000000000000000,0,0,3,978a1b995120dcdc,0,1,0000000000000000,0000000000000000,0000000000000000,0,0
322,322,0,0000000,00,3,3,3,0000000000000000,0,0,3,978a1b995120dcdc,0,1,0000000000000000,0000000000000000,0000000000000000,0,0
323,323,0,0000000,00,3,3,3,0000000000000000,0,0,3,978a1b995120dcdc,0,1,0000000000000000,0000000000000000,0000000000000000,0,0
324,324,0,0000000,00,3,3,3,0000000000000000,0,0,3,978a1b995120dcdc,0,1,0000000000000000,0000000000000000,0000000000000000,0,0
325,325,0,0000000,00,3,3,3,0000000000000000,0,0,3,978a1b995120dcdc,0,1,0000000000000000,0000000000000000,0000000000000000,0,0
326,326,0,0000000,00,3,3,3,0000000000000000,0,0,3,978a1b995120dcdc,0,1,0000000000000000,0000000000000000,0000000000000000,0,0
327,327,0,0000000,00,3,3,3,0000000000000000,0,0,3,978a1b995120dcdc,0,1,0000000000000000,0000000000000000,0000000000000000,0,0
328,328,0,0000000,00,3,3,3,0000000000000000,0,0,3,978a1b995120dcdc,0,1,0000000000000000,0000000000000000,0000000000000000,0,0
329,329,0,0000000,00,3,3,3,0000000000000000,0,0,3,978a1b995120dcdc,0,1,0000000000000000,0000000000000000,0000000000000000,0,0
330,330,0,0000000,00,3,3,3,0000000000000000,0,0,3,978a1b995120dcdc,0,1,0000000000000000,0000000000000000,0000000000000000,0,0
331,331,0,0000000,00,3,3,3,0000000000000000,0,0,3,978a1b995120dcdc,0,1,0000000000000000,0000000000000000,0000000000000000,0,0
332,332,0,0000000,00,3,3,3,0000000000000000,0,0,3,978a1b995120dcdc,0,1,0000000000000000,0000000000000000,0000000000000000,0,0
333,333,0,0000000,00,3,3,3,0000000000000000,0,0,3,978a1b995120dcdc,0,1,0000000000000000,0000000000000000,0000000000000000,0,0
334,334,0,0000000,00,3,3,3,0000000000000000,0,0,3,978a1b995120dcdc,0,1,0000000000000000,0000000000000000,0000000000000000,0,0
335,335,0,0000000,00,3,3,3,0000000000000000,0,0,3,978a1b995120dcdc,0,1,0000000000000000,0000000000000000,0000000000000000,0,0
336,336,0,0000000,00,3,3,3,0000000000000000,0,0,3,978a1b995120dcdc,0,1,0000000000000000,0000000000000000,0000000000000000,0,0
337,337,0,0000000,00,3,3,3,0000000000000000,0,0,3,978a1b995120dcdc,0,1,0000000000000000,0000000000000000,0000000000000000,0,0
338,338,0,0000000,00,3,3,3,0000000000000000,0,0,3,978a1b995120dcdc,0,1,0000000000000000,0000000000000000,0000000000000000,0,0
339,339,0,0000000,00,3,3,3,0000000000000000,0,0,3,978a1b995120dcdc,0,1,0000000000000000,0000000000000000,0000000000000000,0,0
340,340,0,0000000,00,3,3,3,0000000000000000,0,0,3,978a1b995120dcdc,0,1,0000000000000000,0000000000000000,0000000000000000,0,0
341,341,0,0000000,00,3,3,3,0000000000000000,0,0,3,978a1b995120dcdc,0,1,0000000000000000,0000000000000000,0000000000000000,0,0
342,342,0,0000000,00,3,3,3,0000000000000000,0,0,3,978a1b995120dcdc,0,1,0000000000000000,0000000000000000,0000000000000000,0,0
343,343,0,0000000,00,3,3,3,0000000000000000,0,0,3,978a1b995120dcdc,0,1,0000000000000000,0000000000000000,0000000000000000,0,0
344,344,0,0000000,00,3,3,3,0000000000000000,0,0,3,978a1b995120dcdc,0,1,0000000000000000,0000000000000000,0000000000000000,0,0
345,345,0,0000000,00,3,3,3,0000000000000000,0,0,3,978a1b995120dcdc,0,1,0000000000000000,0000000000000000,0000000000000000,0,0
346,346,0,0000000,00,3,3,3,0000000000000000,0,0,3,978a1b995120dcdc,0,1,0000000000000000,0000000000000000,0000000000000000,0,0
347,347,0,0000000,00,3,3,3,0000000000000000,0,0,3,978a1b995120dcdc,0,1,0000000000000000,0000000000000000,0000000000000000,0,0
348,348,0,0000000,00,3,3,3,0000000000000000,0,0,3,978a1b995120dcdc,0,1,0000000000000000,0000000000000000,0000000000000000,0,0
349,349,0,0000000,00,3,3,3,0000000000000000,0,0,3,978a1b995120dcdc,0,1,0000000000000000,0000000000000000,0000000000000000,0,0
350,350,0,0000000,00,3,3,3,0000000000000000,0,0,3,978a1b995120dcdc,0,1,0000000000000000,0000000000000000,0000000000000000,0,0
351,351,0,0000000,00,3,3,3,0000000000000000,0,0,3,978a1b995120dcdc,0,1,0000000000000000,0000000000000000,0000000000000000,0,0
352,352,0,0000000,00,3,3,3,0000000000000000,0,0,3,978a1b995120dcdc,0,1,0000000000000000,0000000000000000,0000000000000000,0,0
353,353,0,0000000,00,3,3,3,0000000000000000,0,0,3,978a1b995120dcdc,0,1,0000000000000000,0000000000000000,0000000000000000,0,0
354,354,0,0000000,00,3,3,3,0000000000000000,0,0,3,978a1b995120dcdc,0,1,0000000000000000,0000000000000000,0000000000000000,0,0
355,355,0,0000000,00,3,3,3,0000000000000000,0,0,3,978a1b995120dcdc,0,1,0000000000000000,0000000000000000,0000000000000000,0,0
356,356,0,0000000,00,3,3,3,0000000000000000,0,0,3,978a1b995120dcdc,0,1,0000000000000000,0000000000000000,0000000000000000,0,0
357,357,0,0000000,00,3,3,3,0000000000000000,0,0,3,978a1b995120dcdc,0,1,0000000000000000,0000000000000000,0000000000000000,0,0
358,358,0,0000000,00,3,3,3,0000000000000000,0,0,3,978a1b995120dcdc,0,1,0000000000000000,0000000000000000,0000000000000000,0,0
359,359,0,0000000,00,3,3,3,0000000000000000,0,0,3,978a1b995120dcdc,0,1,0000000000000000,0000000000000000,0000000000000000,0,0
360,360,0,0000000,00,3,3,3,0000000000000000,0,0,3,978a1b995120dcdc,0,1,0000000000000000,0000000000000000,0000000000000000,0,0
361,361,0,0000000,00,3,3,3,0000000000000000,0,0,3,978a1b995120dcdc,0,1,0000000000000000,0000000000000000,0000000000000000,0,0
362,362,0,0000000,00,3,3,3,0000000000000000,0,0,3,978a1b995120dcdc,0,1,0000000000000000,0000000000000000,0000000000000000,0,0
363,363,0,0000000,00,3,3,3,0000000000000000,0,0,3,978a1b995120dcdc,0,1,0000000000000000,0000000000000000,0000000000000000,0,0
364,364,0,0000000,00,3,3,3,0000000000000000,0,0,3,978a1b995120dcdc,0,1,0000000000000000,0000000000000000,0000000000000000,0,0
365,365,0,0000000,00,3,3,3,0000000000000000,0,0,3,978a1b995120dcdc,0,1,0000000000000000,0000000000000000,0000000000000000,0,0
366,366,0,0000000,00,3,3,3,0000000000000000,0,0,3,978a1b995120dcdc,0,1,0000000000000000,0000000000000000,0000000000000000,0,0
367,367,0,0000000,00,3,3,3,0000000000000000,0,0,3,978a1b995120dcdc,0,1,0000000000000000,0000000000000000,0000000000000000,0,0
368,368,0,0000000,00,3,3,3,0000000000000000,0,0,3,978a1b995120dcdc,0,1,0000000000000000,0000000000000000,0000000000000000,0,0
369,369,0,0000000,00,3,3,3,0000000000000000,0,0,3,978a1b995120dcdc,0,1,0000000000000000,0000000000000000,0000000000000000,0,0
370,370,0,0000000,00,3,3,3,0000000000000000,0,0,3,978a1b995120dcdc,0,1,0000000000000000,0000000000000000,0000000000000000,0,0
371,371,0,0000000,00,3,3,3,0000000000000000,0,0,3,978a1b995120dcdc,0,1,0000000000000000,0000000000000000,0000000000000000,0,0
372,372,0,0000000,00,3,3,3,0000000000000000,0,0,3,978a1b995120dcdc,0,1,0000000000000000,0000000000000000,0000000000000000,0,0
373,373,0,0000000,00,3,3,3,0000000000000000,0,0,3,978a1b995120dcdc,0,1,0000000000000000,0000000000000000,0000000000000000,0,0
374,374,0,0000000,00,3,3,3,0000000000000000,0,0,3,978a1b995120dcdc,0,1,0000000000000000,0000000000000000,0000000000000000,0,0
375,375,0,0000000,00,3,3,3,0000000000000000,0,0,3,978a1b995120dcdc,0,1,0000000000000000,0000000000000000,0000000000000000,0,0
376,376,0,0000000,00,3,3,3,0000000000000000,0,0,3,978a1b995120dcdc,0,1,0000000000000000,0000000000000000,0000000000000000,0,0
377,377,0,0000000,00,3,3,3,0000000000000000,0,0,3,978a1b995120dcdc,0,1,0000000000000000,0000000000000000,0000000000000000,0,0
378,378,0,0000000,00,3,3,3,0000000000000000,0,0,3,978a1b995120dcdc,0,1,0000000000000000,0000000000000000,0000000000000000,0,0
379,379,0,0000000,00,3,3,3,0000000000000000,0,0,3,978a1b995120dcdc,0,1,0000000000000000,0000000000000000,0000000000000000,0,0
380,380,0,0000000,00,3,3,3,0000000000000000,0,0,3,978a1b995120dcdc,0,1,0000000000000000,0000000000000000,0000000000000000,0,0
381,381,0,0000000,00,3,3,3,0000000000000000,0,0,3,978a1b995120dcdc,0,1,0000000000000000,0000000000000000,0000000000000000,0,0
382,382,0,0000000,00,3,3,3,0000000000000000,0,0,3,978a1b995120dcdc,0,1,0000000000000000,0000000000000000,0000000000000000,0,0
383,383,0,0000000,00,3,3,3,0000000000000000,0,0,3,978a1b995120dcdc,0,1,0000000000000000,0000000000000000,0000000000000000,0,0
384,384,0,0000000,00,3,3,3,0000000000000000,0,0,3,978a1b995120dcdc,0,1,0000000000000000,0000000000000000,0000000000000000,0,0
385,385,0,0000000,00,3,3,3,0000000000000000,0,0,3,978a1b995120dcdc,0,1,0000000000000000,0000000000000000,0000000000000000,0,0
386,386,0,0000000,00,3,3,3,0000000000000000,0,0,3,978a1b995120dcdc,0,1,0000000000000000,0000000000000000,0000000000000000,0,0
387,387,0,0000000,00,3,3,3,0000000000000000,0,0,3,978a1b995120dcdc,0,1,0000000000000000,0000000000000000,0000000000000000,0,0
388,388,0,0000000,00,3,3,3,0000000000000000,0,0,3,978a1b995120dcdc,0,1,0000000000000000,0000000000000000,0000000000000000,0,0
389,389,0,0000000,00,3,3,3,0000000000000000,0,0,3,978a1b995120dcdc,0,1,0000000000000000,0000000000000000,0000000000000000,0,0
390,390,0,0000000,00,3,3,3,0000000000000000,0,0,3,978a1b995120dcdc,0,1,0000000000000000,0000000000000000,0000000000000000,0,0
391,391,0,0000000,00,3,3,3,0000000000000000,0,0,3,978a1b995120dcdc,0,1,0000000000000000,0000000000000000,0000000000000000,0,0
392,392,0,0000000,00,3,3,3,0000000000000000,0,0,3,978a1b995120dcdc,0,1,0000000000000000,0000000000000000,0000000000000000,0,0
393,393,0,0000000,00,3,3,3,0000000000000000,0,0,3,978a1b995120dcdc,0,1,0000000000000000,0000000000000000,0000000000000000,0,0
394,394,0,0000000,00,3,3,3,0000000000000000,0,0,3,978a1b995120dcdc,0,1,0000000000000000,0000000000000000,0000000000000000,0,0
395,395,0,0000000,00,3,3,3,0000000000000000,0,0,3,978a1b995120dcdc,0,1,0000000000000000,0000000000000000,0000000000000000,0,0
396,396,0,0000000,00,3,3,3,0000000000000000,0,0,3,978a1b995120dcdc,0,1,0000000000000000,0000000000000000,0000000000000000,0,0
397,397,0,0000000,00,3,3,3,0000000000000000,0,0,3,978a1b995120dcdc,0,1,0000000000000000,0000000000000000,0000000000000000,0,0
398,398,0,0000000,00,3,3,3,0000000000000000,0,0,3,978a1b995120dcdc,0,1,0000000000000000,0000000000000000,0000000000000000,0,0
399,399,0,0000000,00,3,3,3,0000000000000000,0,0,3,978a1b995120dcdc,0,1,0000000000000000,0000000000000000,0000000000000000,0,0
400,400,0,0000000,00,3,3,3,0000000000000000,0,0,3,978a1b995120dcdc,0,1,0000000000000000,0000000000000000,0000000000000000,0,0
401,401,0,0000000,00,3,3,3,0000000000000000,0,0,3,978a1b995120dcdc,0,1,0000000000000000,0000000000000000,0000000000000000,0,0
402,402,0,0000000,00,3,3,3,0000000000000000,0,0,3,978a1b995120dcdc,0,1,0000000000000000,0000000000000000,0000000000000000,0,0
403,403,0,0000000,00,3,3,3,0000000000000000,0,0,3,978a1b995120dcdc,0,1,0000000000000000,0000000000000000,0000000000000000,0,0
404,404,0,0000000,00,3,3,3,0000000000000000,0,0,3,978a1b995120dcdc,0,1,0000000000000000,0000000000000000,0000000000000000,0,0
405,405,0,0000000,00,3,3,3,0000000000000000,0,0,3,978a1b995120dcdc,0,1,0000000000000000,0000000000000000,0000000000000000,0,0
406,406,0,0000000,00,3,3,3,0000000000000000,0,0,3,978a1b995120dcdc,0,1,0000000000000000,0000000000000000,0000000000000000,0,0
407,407,0,0000000,00,3,3,3,0000000000000000,0,0,3,978a1b995120dcdc,0,1,0000000000000000,0000000000000000,0000000000000000,0,0
408,408,0,0000000,00,3,3,3,0000000000000000,0,0,3,978a1b995120dcdc,0,1,0000000000000000,0000000000000000,0000000000000000,0,0
409,409,0,0000000,00,3,3,3,0000000000000000,0,0,3,978a1b995120dcdc,0,1,0000000000000000,0000000000000000,0000000000000000,0,0
410,410,0,0000000,00,3,3,3,0000000000000000,0,0,3,978a1b995120dcdc,0,1,0000000000000000,0000000000000000,0000000000000000,0,0
411,411,0,0000000,00,3,3,3,0000000000000000,0,0,3,978a1b995120dcdc,0,1,0000000000000000,0000000000000000,0000000000000000,0,0
412,412,0,0000000,00,3,3,3,0000000000000000,0,0,3,978a1b995120dcdc,0,1,0000000000000000,0000000000000000,0000000000000000,0,0
413,413,0,0000000,00,3,3,3,0000000000000000,0,0,3,978a1b995120dcdc,0,1,0000000000000000,0000000000000000,0000000000000000,0,0
414,414,0,0000000,00,3,3,3,0000000000000000,0,0,3,978a1b995120dcdc,0,1,0000000000000000,0000000000000000,0000000000000000,0,0
415,415,0,0000000,00,3,3,3,0000000000000000,0,0,3,978a1b995120dcdc,0,1,0000000000000000,0000000000000000,0000000000000000,0,0
416,416,0,0000000,00,3,3,3,0000000000000000,0,0,3,978a1b995120dcdc,0,1,0000000000000000,0000000000000000,0000000000000000,0,0
417,417,0,0000000,00,3,3,3,0000000000000000,0,0,3,978a1b995120dcdc,0,1,0000000000000000,0000000000000000,0000000000000000,0,0
418,418,0,0000000,00,3,3,3,0000000000000000,0,0,3,978a1b995120dcdc,0,1,0000000000000000,0000000000000000,0000000000000000,0,0
419,419,0,0000000,00,3,3,3,0000000000000000,0,0,3,978a1b995120dcdc,0,1,0000000000000000,0000000000000000,0000000000000000,0,0
420,420,0,0000000,00,3,3,3,0000000000000000,0,0,3,978a1b995120dcdc,0,1,0000000000000000,0000000000000000,0000000000000000,0,0
421,421,0,0000000,00,3,3,3,0000000000000000,0,0,3,978a1b995120dcdc,0,1,0000000000000000,0000000000000000,0000000000000000,0,0
422,422,0,0000000,00,3,3,3,0000000000000000,0,0,3,978a1b995120dcdc,0,1,0000000000000000,0000000000000000,0000000000000000,0,0
423,423,0,0000000,00,3,3,3,0000000000000000,0,0,3,978a1b995120dcdc,0,1,0000000000000000,0000000000000000,0000000000000000,0,0
424,424,0,0000000,00,3,3,3,0000000000000000,0,0,3,978a1b995120dcdc,0,1,0000000000000000,0000000000000000,0000000000000000,0,0
425,425,0,0000000,00,3,3,3,0000000000000000,0,0,3,978a1b995120dcdc,0,1,0000000000000000,0000000000000000,0000000000000000,0,0
426,426,0,0000000,00,3,3,3,0000000000000000,0,0,3,978a1b995120dcdc,0,1,0000000000000000,0000000000000000,0000000000000000,0,0
427,427,0,0000000,00,3,3,3,0000000000000000,0,0,3,978a1b995120dcdc,0,1,0000000000000000,0000000000000000,0000000000000000,0,0
428,428,0,0000000,00,3,3,3,0000000000000000,0,0,3,978a1b995120dcdc,0,1,0000000000000000,0000000000000000,0000000000000000,0,0
429,429,0,0000000,00,3,3,3,0000000000000000,0,0,3,978a1b995120dcdc,0,1,0000000000000000,0000000000000000,0000000000000000,0,0
430,430,0,0000000,00,3,3,3,0000000000000000,0,0,3,978a1b995120dcdc,0,1,0000000000000000,0000000000000000,0000000000000000,0,0
431,431,0,0000000,00,3,3,3,0000000000000000,0,0,3,978a1b995120dcdc,0,1,0000000000000000,0000000000000000,0000000000000000,0,0
432,432,0,0000000,00,3,3,3,0000000000000000,0,0,3,978a1b995120dcdc,0,1,0000000000000000,0000000000000000,0000000000000000,0,0
433,433,0,0000000,00,3,3,3,0000000000000000,0,0,3,978a1b995120dcdc,0,1,0000000000000000,0000000000000000,0000000000000000,0,0
434,434,0,0000000,00,3,3,3,0000000000000000,0,0,3,978a1b995120dcdc,0,1,0000000000000000,0000000000000000,0000000000000000,0,0
435,435,0,0000000,00,3,3,3,0000000000000000,0,0,3,978a1b995120dcdc,0,1,0000000000000000,0000000000000000,0000000000000000,0,0
436,436,0,0000000,00,3,3,3,0000000000000000,0,0,3,978a1b995120dcdc,0,1,0000000000000000,0000000000000000,0000000000000000,0,0
437,437,0,0000000,00,3,3,3,0000000000000000,0,0,3,978a1b995120dcdc,0,1,0000000000000000,0000000000000000,0000000000000000,0,0
438,438,0,0000000,00,3,3,3,0000000000000000,0,0,3,978a1b995120dcdc,0,1,0000000000000000,0000000000000000,0000000000000000,0,0
439,439,0,0000000,00,3,3,3,0000000000000000,0,0,3,978a1b995120dcdc,0,1,0000000000000000,0000000000000000,0000000000000000,0,0
440,440,0,0000000,00,3,3,3,0000000000000000,0,0,3,978a1b995120dcdc,0,1,0000000000000000,0000000000000000,0000000000000000,0,0
441,441,0,0000000,00,3,3,3,0000000000000000,0,0,3,978a1b995120dcdc,0,1,0000000000000000,0000000000000000,0000000000000000,0,0
442,442,0,0000000,00,3,3,3,0000000000000000,0,0,3,978a1b995120dcdc,0,1,0000000000000000,0000000000000000,0000000000000000,0,0
443,443,0,0000000,00,3,3,3,0000000000000000,0,0,3,978a1b995120dcdc,0,1,0000000000000000,0000000000000000,0000000000000000,0,0
444,444,0,0000000,00,3,3,3,0000000000000000,0,0,3,978a1b995120dcdc,0,1,0000000000000000,0000000000000000,0000000000000000,0,0
445,445,0,0000000,00,3,3,3,0000000000000000,0,0,3,978a1b995120dcdc,0,1,0000000000000000,0000000000000000,0000000000000000,0,0
446,446,0,0000000,00,3,3,3,0000000000000000,0,0,3,978a1b995120dcdc,0,1,0000000000000000,0000000000000000,0000000000000000,0,0
447,447,0,0000000,00,3,3,3,0000000000000000,0,0,3,978a1b995120dcdc,0,1,0000000000000000,0000000000000000,0000000000000000,0,0
448,448,0,0000000,00,3,3,3,0000000000000000,0,0,3,978a1b995120dcdc,0,1,0000000000000000,0000000000000000,0000000000000000,0,0
449,449,0,0000000,00,3,3,3,0000000000000000,0,0,3,978a1b995120dcdc,0,1,0000000000000000,0000000000000000,0000000000000000,0,0
450,450,0,0000000,00,3,3,3,0000000000000000,0,0,3,978a1b995120dcdc,0,1,0000000000000000,0000000000000000,0000000000000000,0,0
451,451,0,0000000,00,3,3,3,0000000000000000,0,0,3,978a1b995120dcdc,0,1,0000000000000000,0000000000000000,0000000000000000,0,0
452,452,0,0000000,00,3,3,3,0000000000000000,0,0,3,978a1b995120dcdc,0,1,0000000000000000,0000000000000000,0000000000000000,0,0
453,453,0,0000000,00,3,3,3,0000000000000000,0,0,3,978a1b995120dcdc,0,1,0000000000000000,0000000000000000,0000000000000000,0,0
454,454,0,0000000,00,3,3,3,0000000000000000,0,0,3,978a1b995120dcdc,0,1,0000000000000000,0000000000000000,0000000000000000,0,0
455,455,0,0000000,00,3,3,3,0000000000000000,0,0,3,978a1b995120dcdc,0,1,0000000000000000,0000000000000000,0000000000000000,0,0
456,456,0,0000000,00,3,3,3,0000000000000000,0,0,3,978a1b995120dcdc,0,1,0000000000000000,0000000000000000,0000000000000000,0,0
457,457,0,0000000,00,3,3,3,0000000000000000,0,0,3,978a1b995120dcdc,0,1,0000000000000000,0000000000000000,0000000000000000,0,0
458,458,0,0000000,00,3,3,3,0000000000000000,0,0,3,978a1b995120dcdc,0,1,0000000000000000,0000000000000000,0000000000000000,0,0
459,459,0,0000000,00,3,3,3,0000000000000000,0,0,3,978a1b995120dcdc,0,1,0000000000000000,0000000000000000,0000000000000000,0,0
460,460,0,0000000,00,3,3,3,0000000000000000,0,0,3,978a1b995120dcdc,0,1,0000000000000000,0000000000000000,0000000000000000,0,0
461,461,0,0000000,00,3,3,3,0000000000000000,0,0,3,978a1b995120dcdc,0,1,0000000000000000,0000000000000000,0000000000000000,0,0
462,462,0,0000000,00,3,3,3,0000000000000000,0,0,3,978a1b995120dcdc,0,1,0000000000000000,0000000000000000,0000000000000000,0,0
463,463,0,0000000,00,3,3,3,0000000000000000,0,0,3,978a1b995120dcdc,0,1,0000000000000000,0000000000000000,0000000000000000,0,0
464,464,0,0000000,00,3,3,3,0000000000000000,0,0,3,978a1b995120dcdc,0,1,0000000000000000,0000000000000000,0000000000000000,0,0
465,465,0,0000000,00,3,3,3,0000000000000000,0,0,3,978a1b995120dcdc,0,1,0000000000000000,0000000000000000,0000000000000000,0,0
466,466,0,0000000,00,3,3,3,0000000000000000,0,0,3,978a1b995120dcdc,0,1,0000000000000000,0000000000000000,0000000000000000,0,0
467,467,0,0000000,00,3,3,3,0000000000000000,0,0,3,978a1b995120dcdc,0,1,0000000000000000,0000000000000000,0000000000000000,0,0
468,468,0,0000000,00,3,3,3,0000000000000000,0,0,3,978a1b995120dcdc,0,1,0000000000000000,0000000000000000,0000000000000000,0,0
469,469,0,0000000,00,3,3,3,0000000000000000,0,0,3,978a1b995120dcdc,0,1,0000000000000000,0000000000000000,0000000000000000,0,0
470,470,0,0000000,00,3,3,3,0000000000000000,0,0,3,978a1b995120dcdc,0,1,0000000000000000,0000000000000000,0000000000000000,0,0
471,471,0,0000000,00,3,3,3,0000000000000000,0,0,3,978a1b995120dcdc,0,1,0000000000000000,0000000000000000,0000000000000000,0,0
472,472,0,0000000,00,3,3,3,0000000000000000,0,0,3,978a1b995120dcdc,0,1,0000000000000000,0000000000000000,0000000000000000,0,0
473,473,0,0000000,00,3,3,3,0000000000000000,0,0,3,978a1b995120dcdc,0,1,0000000000000000,0000000000000000,0000000000000000,0,0
474,474,0,0000000,00,3,3,3,0000000000000000,0,0,3,978a1b995120dcdc,0,1,0000000000000000,0000000000000000,0000000000000000,0,0
475,475,0,0000000,00,3,3,3,0000000000000000,0,0,3,978a1b995120dcdc,0,1,0000000000000000,0000000000000000,0000000000000000,0,0
476,476,0,0000000,00,3,3,3,0000000000000000,0,0,3,978a1b995120dcdc,0,1,0000000000000000,0000000000000000,0000000000000000,0,0
477,477,0,0000000,00,3,3,3,0000000000000000,0,0,3,978a1b995120dcdc,0,1,0000000000000000,0000000000000000,0000000000000000,0,0
478,478,0,0000000,00,3,3,3,0000000000000000,0,0,3,978a1b995120dcdc,0,1,0000000000000000,0000000000000000,0000000000000000,0,0
479,479,0,0000000,00,3,3,3,0000000000000000,0,0,3,978a1b995120dcdc,0,1,0000000000000000,0000000000000000,0000000000000000,0,0
480,480,0,0000000,00,3,3,3,0000000000000000,0,0,3,978a1b995120dcdc,0,1,0000000000000000,0000000000000000,0000000000000000,0,0
481,481,0,0000000,00,3,3,3,0000000000000000,0,0,3,978a1b995120dcdc,0,1,0000000000000000,0000000000000000,0000000000000000,0,0
482,482,0,0000000,00,3,3,3,0000000000000000,0,0,3,978a1b995120dcdc,0,1,0000000000000000,0000000000000000,0000000000000000,0,0
483,483,0,0000000,00,3,3,3,0000000000000000,0,0,3,978a1b995120dcdc,0,1,0000000000000000,0000000000000000,0000000000000000,0,0
484,484,0,0000000,00,3,3,3,0000000000000000,0,0,3,978a1b995120dcdc,0,1,0000000000000000,0000000000000000,0000000000000000,0,0
485,485,0,0000000,00,3,3,3,0000000000000000,0,0,3,978a1b995120dcdc,0,1,0000000000000000,0000000000000000,0000000000000000,0,0
486,486,0,0000000,00,3,3,3,0000000000000000,0,0,3,978a1b995120dcdc,0,1,0000000000000000,0000000000000000,0000000000000000,0,0
487,487,0,0000000,00,3,3,3,0000000000000000,0,0,3,978a1b995120dcdc,0,1,0000000000000000,0000000000000000,0000000000000000,0,0
488,488,0,0000000,00,3,3,3,0000000000000000,0,0,3,978a1b995120dcdc,0,1,0000000000000000,0000000000000000,0000000000000000,0,0
489,489,0,0000000,00,3,3,3,0000000000000000,0,0,3,978a1b995120dcdc,0,1,0000000000000000,0000000000000000,0000000000000000,0,0
490,490,0,0000000,00,3,3,3,0000000000000000,0,0,3,978a1b995120dcdc,0,1,0000000000000000,0000000000000000,0000000000000000,0,0
491,491,0,0000000,00,3,3,3,0000000000000000,0,0,3,978a1b995120dcdc,0,1,0000000000000000,0000000000000000,0000000000000000,0,0
492,492,0,0000000,00,3,3,3,0000000000000000,0,0,3,978a1b995120dcdc,0,1,0000000000000000,0000000000000000,0000000000000000,0,0
493,493,0,0000000,00,3,3,3,0000000000000000,0,0,3,978a1b995120dcdc,0,1,0000000000000000,0000000000000000,0000000000000000,0,0
494,494,0,0000000,00,3,3,3,0000000000000000,0,0,3,978a1b995120dcdc,0,1,0000000000000000,0000000000000000,0000000000000000,0,0
495,495,0,0000000,00,3,3,3,0000000000000000,0,0,3,978a1b995120dcdc,0,1,0000000000000000,0000000000000000,0000000000000000,0,0
496,496,0,0000000,00,3,3,3,0000000000000000,0,0,3,978a1b995120dcdc,0,1,0000000000000000,0000000000000000,0000000000000000,0,0
497,497,0,0000000,00,3,3,3,0000000000000000,0,0,3,978a1b995120dcdc,0,1,0000000000000000,0000000000000000,0000000000000000,0,0
498,498,0,0000000,00,3,3,3,0000000000000000,0,0,3,978a1b995120dcdc,0,1,0000000000000000,0000000000000000,0000000000000000,0,0
499,499,0,0000000,00,3,3,3,0000000000000000,0,0,3,978a1b995120dcdc,0,1,0000000000000000,0000000000000000,0000000000000000,0,0
500,500,0,0000000,00,3,3,3,0000000000000000,0,0,3,978a1b995120dcdc,0,1,0000000000000000,0000000000000000,0000000000000000,0,0
501,501,0,0000000,00,3,3,3,0000000000000000,0,0,3,978a1b995120dcdc,0,1,0000000000000000,0000000000000000,0000000000000000,0,0
502,502,0,0000000,00,3,3,3,0000000000000000,0,0,3,978a1b995120dcdc,0,1,0000000000000000,0000000000000000,0000000000000000,0,0
503,503,0,0000000,00,3,3,3,0000000000000000,0,0,3,978a1b995120dcdc,0,1,0000000000000000,0000000000000000,0000000000000000,0,0
504,504,0,0000000,00,3,3,3,0000000000000000,0,0,3,978a1b995120dcdc,0,1,0000000000000000,0000000000000000,0000000000000000,0,0
505,505,0,0000000,00,3,3,3,0000000000000000,0,0,3,978a1b995120dcdc,0,1,0000000000000000,0000000000000000,0000000000000000,0,0
506,506,0,0000000,00,3,3,3,0000000000000000,0,0,3,978a1b995120dcdc,0,1,0000000000000000,0000000000000000,0000000000000000,0,0
507,507,0,0000000,00,3,3,3,0000000000000000,0,0,3,978a1b995120dcdc,0,1,0000000000000000,0000000000000000,0000000000000000,0,0
508,508,0,0000000,00,3,3,3,0000000000000000,0,0,3,978a1b995120dcdc,0,1,0000000000000000,0000000000000000,0000000000000000,0,0
509,509,0,0000000,00,3,3,3,0000000000000000,0,0,3,978a1b995120dcdc,0,1,0000000000000000,0000000000000000,0000000000000000,0,0
510,510,0,0000000,00,3,3,3,0000000000000000,0,0,3,978a1b995120dcdc,0,1,0000000000000000,0000000000000000,0000000000000000,0,0
511,511,0,0000000,00,3,3,3,0000000000000000,0,0,3,978a1b995120dcdc,0,1,0000000000000000,0000000000000000,0000000000000000,0,0
512,512,0,0000000,00,3,3,3,0000000000000000,0,0,3,978a1b995120dcdc,0,1,0000000000000000,0000000000000000,0000000000000000,0,0
513,513,0,0000000,00,3,3,3,0000000000000000,0,0,3,978a1b995120dcdc,0,1,0000000000000000,0000000000000000,0000000000000000,0,0
514,514,0,0000000,00,3,3,3,0000000000000000,0,0,3,978a1b995120dcdc,0,1,0000000000000000,0000000000000000,0000000000000000,0,0
515,515,0,0000000,00,3,3,3,0000000000000000,0,0,3,978a1b995120dcdc,0,1,0000000000000000,0000000000000000,0000000000000000,0,0
516,516,0,0000000,00,3,3,3,0000000000000000,0,0,3,978a1b995120dcdc,0,1,0000000000000000,0000000000000000,0000000000000000,0,0
517,517,0,0000000,00,3,3,3,0000000000000000,0,0,3,978a1b995120dcdc,0,1,0000000000000000,0000000000000000,0000000000000000,0,0
518,518,0,0000000,00,3,3,3,0000000000000000,0,0,3,978a1b995120dcdc,0,1,0000000000000000,0000000000000000,0000000000000000,0,0
519,519,0,0000000,00,3,3,3,0000000000000000,0,0,3,978a1b995120dcdc,0,1,0000000000000000,0000000000000000,0000000000000000,0,0
520,520,0,0000000,00,3,3,3,0000000000000000,0,0,3,978a1b995120dcdc,0,1,0000000000000000,0000000000000000,0000000000000000,0,0
521,521,0,0000000,00,3,3,3,0000000000000000,0,0,3,978a1b995120dcdc,0,1,0000000000000000,0000000000000000,0000000000000000,0,0
522,522,0,0000000,00,3,3,3,0000000000000000,0,0,3,978a1b995120dcdc,0,1,0000000000000000,0000000000000000,0000000000000000,0,0
523,523,0,0000000,00,3,3,3,0000000000000000,0,0,3,978a1b995120dcdc,0,1,0000000000000000,0000000000000000,0000000000000000,0,0
524,524,0,0000000,00,3,3,3,0000000000000000,0,0,3,978a1b995120dcdc,0,1,0000000000000000,0000000000000000,0000000000000000,0,0
525,525,0,0000000,00,3,3,3,0000000000000000,0,0,3,978a1b995120dcdc,0,1,0000000000000000,0000000000000000,0000000000000000,0,0
526,526,0,0000000,00,3,3,3,0000000000000000,0,0,3,978a1b995120dcdc,0,1,0000000000000000,0000000000000000,0000000000000000,0,0
527,527,0,0000000,00,3,3,3,0000000000000000,0,0,3,978a1b995120dcdc,0,1,0000000000000000,0000000000000000,0000000000000000,0,0
528,528,0,0000000,00,3,3,3,0000000000000000,0,0,3,978a1b995120dcdc,0,1,0000000000000000,0000000000000000,0000000000000000,0,0
529,529,0,0000000,00,3,3,3,0000000000000000,0,0,3,978a1b995120dcdc,0,1,0000000000000000,0000000000000000,0000000000000000,0,0
530,530,0,0000000,00,3,3,3,0000000000000000,0,0,3,978a1b995120dcdc,0,1,0000000000000000,0000000000000000,0000000000000000,0,0
531,531,0,0000000,00,3,3,3,0000000000000000,0,0,3,978a1b995120dcdc,0,1,0000000000000000,0000000000000000,0000000000000000,0,0
532,532,0,0000000,00,3,3,3,0000000000000000,0,0,3,978a1b995120dcdc,0,1,0000000000000000,0000000000000000,0000000000000000,0,0
533,533,0,0000000,00,3,3,3,0000000000000000,0,0,3,978a1b995120dcdc,0,1,0000000000000000,0000000000000000,0000000000000000,0,0
534,534,0,0000000,00,3,3,3,0000000000000000,0,0,3,978a1b995120dcdc,0,1,0000000000000000,0000000000000000,0000000000000000,0,0
535,535,0,0000000,00,3,3,3,0000000000000000,0,0,3,978a1b995120dcdc,0,1,0000000000000000,0000000000000000,0000000000000000,0,0
536,536,0,0000000,00,3,3,3,0000000000000000,0,0,3,978a1b995120dcdc,0,1,0000000000000000,0000000000000000,0000000000000000,0,0
537,537,0,0000000,00,3,3,3,0000000000000000,0,0,3,978a1b995120dcdc,0,1,0000000000000000,0000000000000000,0000000000000000,0,0
538,538,0,0000000,00,3,3,3,0000000000000000,0,0,3,978a1b995120dcdc,0,1,0000000000000000,0000000000000000,0000000000000000,0,0
539,539,0,0000000,00,3,3,3,0000000000000000,0,0,3,978a1b995120dcdc,0,1,0000000000000000,0000000000000000,0000000000000000,0,0
540,540,0,0000000,00,3,3,3,0000000000000000,0,0,3,978a1b995120dcdc,0,1,0000000000000000,0000000000000000,0000000000000000,0,0
541,541,0,0000000,00,3,3,3,0000000000000000,0,0,3,978a1b995120dcdc,0,1,0000000000000000,0000000000000000,0000000000000000,0,0
542,542,0,0000000,00,3,3,3,0000000000000000,0,0,3,978a1b995120dcdc,0,1,0000000000000000,0000000000000000,0000000000000000,0,0
543,543,0,0000000,00,3,3,3,0000000000000000,0,0,3,978a1b995120dcdc,0,1,0000000000000000,0000000000000000,0000000000000000,0,0
544,544,0,0000000,00,3,3,3,0000000000000000,0,0,3,978a1b995120dcdc,0,1,0000000000000000,0000000000000000,0000000000000000,0,0
545,545,0,0000000,00,3,3,3,0000000000000000,0,0,3,978a1b995120dcdc,0,1,0000000000000000,0000000000000000,0000000000000000,0,0
546,546,0,0000000,00,3,3,3,0000000000000000,0,0,3,978a1b995120dcdc,0,1,0000000000000000,0000000000000000,0000000000000000,0,0
547,547,0,0000000,00,3,3,3,0000000000000000,0,0,3,978a1b995120dcdc,0,1,0000000000000000,0000000000000000,0000000000000000,0,0
548,548,0,0000000,00,3,3,3,0000000000000000,0,0,3,978a1b995120dcdc,0,1,0000000000000000,0000000000000000,0000000000000000,0,0
549,549,0,0000000,00,3,3,3,0000000000000000,0,0,3,978a1b995120dcdc,0,1,0000000000000000,0000000000000000,0000000000000000,0,0
550,550,0,0000000,00,3,3,3,0000000000000000,0,0,3,978a1b995120dcdc,0,1,0000000000000000,0000000000000000,0000000000000000,0,0
551,551,0,0000000,00,3,3,3,0000000000000000,0,0,3,978a1b995120dcdc,0,1,0000000000000000,0000000000000000,0000000000000000,0,0
552,552,0,0000000,00,3,3,3,0000000000000000,0,0,3,978a1b995120dcdc,0,1,0000000000000000,0000000000000000,0000000000000000,0,0
553,553,0,0000000,00,3,3,3,0000000000000000,0,0,3,978a1b995120dcdc,0,1,0000000000000000,0000000000000000,0000000000000000,0,0
554,554,0,0000000,00,3,3,3,0000000000000000,0,0,3,978a1b995120dcdc,0,1,0000000000000000,0000000000000000,0000000000000000,0,0
555,555,0,0000000,00,3,3,3,0000000000000000,0,0,3,978a1b995120dcdc,0,1,0000000000000000,0000000000000000,0000000000000000,0,0
556,556,0,0000000,00,3,3,3,0000000000000000,0,0,3,978a1b995120dcdc,0,1,0000000000000000,0000000000000000,0000000000000000,0,0
557,557,0,0000000,00,3,3,3,0000000000000000,0,0,3,978a1b995120dcdc,0,1,0000000000000000,0000000000000000,0000000000000000,0,0
558,558,0,0000000,00,3,3,3,0000000000000000,0,0,3,978a1b995120dcdc,0,1,0000000000000000,0000000000000000,0000000000000000,0,0
559,559,0,0000000,00,3,3,3,0000000000000000,0,0,3,978a1b995120dcdc,0,1,0000000000000000,0000000000000000,0000000000000000,0,0
560,560,0,0000000,00,3,3,3,0000000000000000,0,0,3,978a1b995120dcdc,0,1,0000000000000000,0000000000000000,0000000000000000,0,0
561,561,0,0000000,00,3,3,3,0000000000000000,0,0,3,978a1b995120dcdc,0,1,0000000000000000,0000000000000000,0000000000000000,0,0
562,562,0,0000000,00,3,3,3,0000000000000000,0,0,3,978a1b995120dcdc,0,1,0000000000000000,0000000000000000,0000000000000000,0,0
563,563,0,0000000,00,3,3,3,0000000000000000,0,0,3,978a1b995120dcdc,0,1,0000000000000000,0000000000000000,0000000000000000,0,0
564,564,0,0000000,00,3,3,3,0000000000000000,0,0,3,978a1b995120dcdc,0,1,0000000000000000,0000000000000000,0000000000000000,0,0
565,565,0,0000000,00,3,3,3,0000000000000000,0,0,3,978a1b995120dcdc,0,1,0000000000000000,0000000000000000,0000000000000000,0,0
566,566,0,0000000,00,3,3,3,0000000000000000,0,0,3,978a1b995120dcdc,0,1,0000000000000000,0000000000000000,0000000000000000,0,0
567,567,0,0000000,00,3,3,3,0000000000000000,0,0,3,978a1b995120dcdc,0,1,0000000000000000,0000000000000000,0000000000000000,0,0
568,568,0,0000000,00,3,3,3,0000000000000000,0,0,3,978a1b995120dcdc,0,1,0000000000000000,0000000000000000,0000000000000000,0,0
569,569,0,0000000,00,3,3,3,0000000000000000,0,0,3,978a1b995120dcdc,0,1,0000000000000000,0000000000000000,0000000000000000,0,0
570,570,0,0000000,00,3,3,3,0000000000000000,0,0,3,978a1b995120dcdc,0,1,0000000000000000,0000000000000000,0000000000000000,0,0
571,571,0,0000000,00,3,3,3,0000000000000000,0,0,3,978a1b995120dcdc,0,1,0000000000000000,0000000000000000,0000000000000000,0,0
572,572,0,0000000,00,3,3,3,0000000000000000,0,0,3,978a1b995120dcdc,0,1,0000000000000000,0000000000000000,0000000000000000,0,0
573,573,0,0000000,00,3,3,3,0000000000000000,0,0,3,978a1b995120dcdc,0,1,0000000000000000,0000000000000000,0000000000000000,0,0
574,574,0,0000000,00,3,3,3,0000000000000000,0,0,3,978a1b995120dcdc,0,1,0000000000000000,0000000000000000,0000000000000000,0,0
575,575,0,0000000,00,3,3,3,0000000000000000,0,0,3,978a1b995120dcdc,0,1,0000000000000000,0000000000000000,0000000000000000,0,0
576,576,0,0000000,00,3,3,3,0000000000000000,0,0,3,978a1b995120dcdc,0,1,0000000000000000,0000000000000000,0000000000000000,0,0
577,577,0,0000000,00,3,3,3,0000000000000000,0,0,3,978a1b995120dcdc,0,1,0000000000000000,0000000000000000,0000000000000000,0,0
578,578,0,0000000,00,3,3,3,0000000000000000,0,0,3,978a1b995120dcdc,0,1,0000000000000000,0000000000000000,0000000000000000,0,0
579,579,0,0000000,00,3,3,3,0000000000000000,0,0,3,978a1b995120dcdc,0,1,0000000000000000,0000000000000000,0000000000000000,0,0
580,580,0,0000000,00,3,3,3,0000000000000000,0,0,3,978a1b995120dcdc,0,1,0000000000000000,0000000000000000,0000000000000000,0,0
581,581,0,0000000,00,3,3,3,0000000000000000,0,0,3,978a1b995120dcdc,0,1,0000000000000000,0000000000000000,0000000000000000,0,0
582,582,0,0000000,00,3,3,3,0000000000000000,0,0,3,978a1b995120dcdc,0,1,0000000000000000,0000000000000000,0000000000000000,0,0
583,583,0,0000000,00,3,3,3,0000000000000000,0,0,3,978a1b995120dcdc,0,1,0000000000000000,0000000000000000,0000000000000000,0,0
584,584,0,0000000,00,3,3,3,0000000000000000,0,0,3,978a1b995120dcdc,0,1,0000000000000000,0000000000000000,0000000000000000,0,0
585,585,0,0000000,00,3,3,3,0000000000000000,0,0,3,978a1b995120dcdc,0,1,0000000000000000,0000000000000000,0000000000000000,0,0
586,586,0,0000000,00,3,3,3,0000000000000000,0,0,3,978a1b995120dcdc,0,1,0000000000000000,0000000000000000,0000000000000000,0,0
587,587,0,0000000,00,3,3,3,0000000000000000,0,0,3,978a1b995120dcdc,0,1,0000000000000000,0000000000000000,0000000000000000,0,0
588,588,0,0000000,00,3,3,3,0000000000000000,0,0,3,978a1b995120dcdc,0,1,0000000000000000,0000000000000000,0000000000000000,0,0
589,589,0,0000000,00,3,3,3,0000000000000000,0,0,3,978a1b995120dcdc,0,1,0000000000000000,0000000000000000,0000000000000000,0,0
590,590,0,0000000,00,3,3,3,0000000000000000,0,0,3,978a1b995120dcdc,0,1,0000000000000000,0000000000000000,0000000000000000,0,0
591,591,0,0000000,00,3,3,3,0000000000000000,0,0,3,978a1b995120dcdc,0,1,0000000000000000,0000000000000000,0000000000000000,0,0
592,592,0,0000000,00,3,3,3,0000000000000000,0,0,3,978a1b995120dcdc,0,1,0000000000000000,0000000000000000,0000000000000000,0,0
593,593,0,0000000,00,3,3,3,0000000000000000,0,0,3,978a1b995120dcdc,0,1,0000000000000000,0000000000000000,0000000000000000,0,0
594,594,0,0000000,00,3,3,3,0000000000000000,0,0,3,978a1b995120dcdc,0,1,0000000000000000,0000000000000000,0000000000000000,0,0
595,595,0,0000000,00,3,3,3,0000000000000000,0,0,3,978a1b995120dcdc,0,1,0000000000000000,0000000000000000,0000000000000000,0,0
596,596,0,0000000,00,3,3,3,0000000000000000,0,0,3,978a1b995120dcdc,0,1,0000000000000000,0000000000000000,0000000000000000,0,0
597,597,0,0000000,00,3,3,3,0000000000000000,0,0,3,978a1b995120dcdc,0,1,0000000000000000,0000000000000000,0000000000000000,0,0
598,598,0,0000000,00,3,3,3,0000000000000000,0,0,3,978a1b995120dcdc,0,1,0000000000000000,0000000000000000,0000000000000000,0,0
599,599,0,0000000,00,3,3,3,0000000000000000,0,0,3,978a1b995120dcdc,0,1,0000000000000000,0000000000000000,0000000000000000,0,0
600,600,0,0000000,00,3,3,3,0000000000000000,0,0,3,978a1b995120dcdc,0,1,0000000000000000,0000000000000000,0000000000000000,0,0
601,601,0,0000000,00,3,3,3,0000000000000000,0,0,3,978a1b995120dcdc,0,1,0000000000000000,0000000000000000,0000000000000000,0,0
602,602,0,0000000,00,3,3,3,0000000000000000,0,0,3,978a1b995120dcdc,0,1,0000000000000000,0000000000000000,0000000000000000,0,0
603,603,0,0000000,00,3,3,3,0000000000000000,0,0,3,978a1b995120dcdc,0,1,0000000000000000,0000000000000000,0000000000000000,0,0
604,604,0,0000000,00,3,3,3,0000000000000000,0,0,3,978a1b995120dcdc,0,1,0000000000000000,0000000000000000,0000000000000000,0,0
605,605,0,0000000,00,3,3,3,0000000000000000,0,0,3,978a1b995120dcdc,0,1,0000000000000000,0000000000000000,0000000000000000,0,0
606,606,0,0000000,00,3,3,3,0000000000000000,0,0,3,978a1b995120dcdc,0,1,0000000000000000,0000000000000000,0000000000000000,0,0
607,607,0,0000000,00,3,3,3,0000000000000000,0,0,3,978a1b995120dcdc,0,1,0000000000000000,0000000000000000,0000000000000000,0,0
608,608,0,0000000,00,3,3,3,0000000000000000,0,0,3,978a1b995120dcdc,0,1,0000000000000000,0000000000000000,0000000000000000,0,0
609,609,0,0000000,00,3,3,3,0000000000000000,0,0,3,978a1b995120dcdc,0,1,0000000000000000,0000000000000000,0000000000000000,0,0
610,610,0,0000000,00,3,3,3,0000000000000000,0,0,3,978a1b995120dcdc,0,1,0000000000000000,0000000000000000,0000000000000000,0,0
611,611,0,0000000,00,3,3,3,0000000000000000,0,0,3,978a1b995120dcdc,0,1,0000000000000000,0000000000000000,0000000000000000,0,0
612,612,0,0000000,00,3,3,3,0000000000000000,0,0,3,978a1b995120dcdc,0,1,0000000000000000,0000000000000000,0000000000000000,0,0
613,613,0,0000000,00,3,3,3,0000000000000000,0,0,3,978a1b995120dcdc,0,1,0000000000000000,0000000000000000,0000000000000000,0,0
614,614,0,0000000,00,3,3,3,0000000000000000,0,0,3,978a1b995120dcdc,0,1,0000000000000000,0000000000000000,0000000000000000,0,0
615,615,0,0000000,00,3,3,3,0000000000000000,0,0,3,978a1b995120dcdc,0,1,0000000000000000,0000000000000000,0000000000000000,0,0
616,616,0,0000000,00,3,3,3,0000000000000000,0,0,3,978a1b995120dcdc,0,1,0000000000000000,0000000000000000,0000000000000000,0,0
617,617,0,0000000,00,3,3,3,0000000000000000,0,0,3,978a1b995120dcdc,0,1,0000000000000000,0000000000000000,0000000000000000,0,0
618,618,0,0000000,00,3,3,3,0000000000000000,0,0,3,978a1b995120dcdc,0,1,0000000000000000,0000000000000000,0000000000000000,0,0
619,619,0,0000000,00,3,3,3,0000000000000000,0,0,3,978a1b995120dcdc,0,1,0000000000000000,0000000000000000,0000000000000000,0,0
620,620,0,0000000,00,3,3,3,0000000000000000,0,0,3,978a1b995120dcdc,0,1,0000000000000000,0000000000000000,0000000000000000,0,0
621,621,0,0000000,00,3,3,3,0000000000000000,0,0,3,978a1b995120dcdc,0,1,0000000000000000,0000000000000000,0000000000000000,0,0
622,622,0,0000000,00,3,3,3,0000000000000000,0,0,3,978a1b995120dcdc,0,1,0000000000000000,0000000000000000,0000000000000000,0,0
623,623,0,0000000,00,3,3,3,0000000000000000,0,0,3,978a1b995120dcdc,0,1,0000000000000000,0000000000000000,0000000000000000,0,0
624,624,0,0000000,00,3,3,3,0000000000000000,0,0,3,978a1b995120dcdc,0,1,0000000000000000,0000000000000000,0000000000000000,0,0
625,625,0,0000000,00,3,3,3,0000000000000000,0,0,3,978a1b995120dcdc,0,1,0000000000000000,0000000000000000,0000000000000000,0,0
626,626,0,0000000,00,3,3,3,0000000000000000,0,0,3,978a1b995120dcdc,0,1,0000000000000000,0000000000000000,0000000000000000,0,0
627,627,0,0000000,00,3,3,3,0000000000000000,0,0,3,978a1b995120dcdc,0,1,0000000000000000,0000000000000000,0000000000000000,0,0
628,628,0,0000000,00,3,3,3,0000000000000000,0,0,3,978a1b995120dcdc,0,1,0000000000000000,0000000000000000,0000000000000000,0,0
629,629,0,0000000,00,3,3,3,0000000000000000,0,0,3,978a1b995120dcdc,0,1,0000000000000000,0000000000000000,0000000000000000,0,0
630,630,0,0000000,00,3,3,3,0000000000000000,0,0,3,978a1b995120dcdc,0,1,0000000000000000,0000000000000000,0000000000000000,0,0
631,631,0,0000000,00,3,3,3,0000000000000000,0,0,3,978a1b995120dcdc,0,1,0000000000000000,0000000000000000,0000000000000000,0,0
632,632,0,0000000,00,3,3,3,0000000000000000,0,0,3,978a1b995120dcdc,0,1,0000000000000000,0000000000000000,0000000000000000,0,0
633,633,0,0000000,00,3,3,3,0000000000000000,0,0,3,978a1b995120dcdc,0,1,0000000000000000,0000000000000000,0000000000000000,0,0
634,634,0,0000000,00,3,3,3,0000000000000000,0,0,3,978a1b995120dcdc,0,1,0000000000000000,0000000000000000,0000000000000000,0,0
635,635,0,0000000,00,3,3,3,0000000000000000,0,0,3,978a1b995120dcdc,0,1,0000000000000000,0000000000000000,0000000000000000,0,0
636,636,0,0000000,00,3,3,3,0000000000000000,0,0,3,978a1b995120dcdc,0,1,0000000000000000,0000000000000000,0000000000000000,0,0
637,637,0,0000000,00,3,3,3,0000000000000000,0,0,3,978a1b995120dcdc,0,1,0000000000000000,0000000000000000,0000000000000000,0,0
638,638,0,0000000,00,3,3,3,0000000000000000,0,0,3,978a1b995120dcdc,0,1,0000000000000000,0000000000000000,0000000000000000,0,0
639,639,0,0000000,00,3,3,3,0000000000000000,0,0,3,978a1b995120dcdc,0,1,0000000000000000,0000000000000000,0000000000000000,0,0
640,640,0,0000000,00,3,3,3,0000000000000000,0,0,3,978a1b995120dcdc,0,1,0000000000000000,0000000000000000,0000000000000000,0,0
641,641,0,0000000,00,3,3,3,0000000000000000,0,0,3,978a1b995120dcdc,0,1,0000000000000000,0000000000000000,0000000000000000,0,0
642,642,0,0000000,00,3,3,3,0000000000000000,0,0,3,978a1b995120dcdc,0,1,0000000000000000,0000000000000000,0000000000000000,0,0
643,643,0,0000000,00,3,3,3,0000000000000000,0,0,3,978a1b995120dcdc,0,1,0000000000000000,0000000000000000,0000000000000000,0,0
644,644,0,0000000,00,3,3,3,0000000000000000,0,0,3,978a1b995120dcdc,0,1,0000000000000000,0000000000000000,0000000000000000,0,0
645,645,0,0000000,00,3,3,3,0000000000000000,0,0,3,978a1b995120dcdc,0,1,0000000000000000,0000000000000000,0000000000000000,0,0
646,646,0,0000000,00,3,3,3,0000000000000000,0,0,3,978a1b995120dcdc,0,1,0000000000000000,0000000000000000,0000000000000000,0,0
647,647,0,0000000,00,3,3,3,0000000000000000,0,0,3,978a1b995120dcdc,0,1,0000000000000000,0000000000000000,0000000000000000,0,0
648,648,0,0000000,00,3,3,3,0000000000000000,0,0,3,978a1b995120dcdc,0,1,0000000000000000,0000000000000000,0000000000000000,0,0
649,649,0,0000000,00,3,3,3,0000000000000000,0,0,3,978a1b995120dcdc,0,1,0000000000000000,0000000000000000,0000000000000000,0,0
650,650,0,0000000,00,3,3,3,0000000000000000,0,0,3,978a1b995120dcdc,0,1,0000000000000000,0000000000000000,0000000000000000,0,0
651,651,0,0000000,00,3,3,3,0000000000000000,0,0,3,978a1b995120dcdc,0,1,0000000000000000,0000000000000000,0000000000000000,0,0
652,652,0,0000000,00,3,3,3,0000000000000000,0,0,3,978a1b995120dcdc,0,1,0000000000000000,0000000000000000,0000000000000000,0,0
653,653,0,0000000,00,3,3,3,0000000000000000,0,0,3,978a1b995120dcdc,0,1,0000000000000000,0000000000000000,0000000000000000,0,0
654,654,0,0000000,00,3,3,3,0000000000000000,0,0,3,978a1b995120dcdc,0,1,0000000000000000,0000000000000000,0000000000000000,0,0
655,655,0,0000000,00,3,3,3,0000000000000000,0,0,3,978a1b995120dcdc,0,1,0000000000000000,0000000000000000,0000000000000000,0,0
656,656,0,0000000,00,3,3,3,0000000000000000,0,0,3,978a1b995120dcdc,0,1,0000000000000000,0000000000000000,0000000000000000,0,0
657,657,0,0000000,00,3,3,3,0000000000000000,0,0,3,978a1b995120dcdc,0,1,0000000000000000,0000000000000000,0000000000000000,0,0
658,658,0,0000000,00,3,3,3,0000000000000000,0,0,3,978a1b995120dcdc,0,1,0000000000000000,0000000000000000,0000000000000000,0,0
659,659,0,0000000,00,3,3,3,0000000000000000,0,0,3,978a1b995120dcdc,0,1,0000000000000000,0000000000000000,0000000000000000,0,0
660,660,0,0000000,00,3,3,3,0000000000000000,0,0,3,978a1b995120dcdc,0,1,0000000000000000,0000000000000000,0000000000000000,0,0
661,661,0,0000000,00,3,3,3,0000000000000000,0,0,3,978a1b995120dcdc,0,1,0000000000000000,0000000000000000,0000000000000000,0,0
662,662,0,0000000,00,3,3,3,0000000000000000,0,0,3,978a1b995120dcdc,0,1,0000000000000000,0000000000000000,0000000000000000,0,0
663,663,0,0000000,00,3,3,3,0000000000000000,0,0,3,978a1b995120dcdc,0,1,0000000000000000,0000000000000000,0000000000000000,0,0
664,664,0,0000000,00,3,3,3,0000000000000000,0,0,3,978a1b995120dcdc,0,1,0000000000000000,0000000000000000,0000000000000000,0,0
665,665,0,0000000,00,3,3,3,0000000000000000,0,0,3,978a1b995120dcdc,0,1,0000000000000000,0000000000000000,0000000000000000,0,0
666,666,0,0000000,00,3,3,3,0000000000000000,0,0,3,978a1b995120dcdc,0,1,0000000000000000,0000000000000000,0000000000000000,0,0
667,667,0,0000000,00,3,3,3,0000000000000000,0,0,3,978a1b995120dcdc,0,1,0000000000000000,0000000000000000,0000000000000000,0,0
668,668,0,0000000,00,3,3,3,0000000000000000,0,0,3,978a1b995120dcdc,0,1,0000000000000000,0000000000000000,0000000000000000,0,0
669,669,0,0000000,00,3,3,3,0000000000000000,0,0,3,978a1b995120dcdc,0,1,0000000000000000,0000000000000000,0000000000000000,0,0
670,670,0,0000000,00,3,3,3,0000000000000000,0,0,3,978a1b995120dcdc,0,1,0000000000000000,0000000000000000,0000000000000000,0,0
671,671,0,0000000,00,3,3,3,0000000000000000,0,0,3,978a1b995120dcdc,0,1,0000000000000000,0000000000000000,0000000000000000,0,0
672,672,0,0000000,00,3,3,3,0000000000000000,0,0,3,978a1b995120dcdc,0,1,0000000000000000,0000000000000000,0000000000000000,0,0
673,673,0,0000000,00,3,3,3,0000000000000000,0,0,3,978a1b995120dcdc,0,1,0000000000000000,0000000000000000,0000000000000000,0,0
674,674,0,0000000,00,3,3,3,0000000000000000,0,0,3,978a1b995120dcdc,0,1,0000000000000000,0000000000000000,0000000000000000,0,0
675,675,0,0000000,00,3,3,3,0000000000000000,0,0,3,978a1b995120dcdc,0,1,0000000000000000,0000000000000000,0000000000000000,0,0
676,676,0,0000000,00,3,3,3,0000000000000000,0,0,3,978a1b995120dcdc,0,1,0000000000000000,0000000000000000,0000000000000000,0,0
677,677,0,0000000,00,3,3,3,0000000000000000,0,0,3,978a1b995120dcdc,0,1,0000000000000000,0000000000000000,0000000000000000,0,0
678,678,0,0000000,00,3,3,3,0000000000000000,0,0,3,978a1b995120dcdc,0,1,0000000000000000,0000000000000000,0000000000000000,0,0
679,679,0,0000000,00,3,3,3,0000000000000000,0,0,3,978a1b995120dcdc,0,1,0000000000000000,0000000000000000,0000000000000000,0,0
680,680,0,0000000,00,3,3,3,0000000000000000,0,0,3,978a1b995120dcdc,0,1,0000000000000000,0000000000000000,0000000000000000,0,0
681,681,0,0000000,00,3,3,3,0000000000000000,0,0,3,978a1b995120dcdc,0,1,0000000000000000,0000000000000000,0000000000000000,0,0
682,682,0,0000000,00,3,3,3,0000000000000000,0,0,3,978a1b995120dcdc,0,1,0000000000000000,0000000000000000,0000000000000000,0,0
683,683,0,0000000,00,3,3,3,0000000000000000,0,0,3,978a1b995120dcdc,0,1,0000000000000000,0000000000000000,0000000000000000,0,0
684,684,0,0000000,00,3,3,3,0000000000000000,0,0,3,978a1b995120dcdc,0,1,0000000000000000,0000000000000000,0000000000000000,0,0
685,685,0,0000000,00,3,3,3,0000000000000000,0,0,3,978a1b995120dcdc,0,1,0000000000000000,0000000000000000,0000000000000000,0,0
686,686,0,0000000,00,3,3,3,0000000000000000,0,0,3,978a1b995120dcdc,0,1,0000000000000000,0000000000000000,0000000000000000,0,0
687,687,0,0000000,00,3,3,3,0000000000000000,0,0,3,978a1b995120dcdc,0,1,0000000000000000,0000000000000000,0000000000000000,0,0
688,688,0,0000000,00,3,3,3,0000000000000000,0,0,3,978a1b995120dcdc,0,1,0000000000000000,0000000000000000,0000000000000000,0,0
689,689,0,0000000,00,3,3,3,0000000000000000,0,0,3,978a1b995120dcdc,0,1,0000000000000000,0000000000000000,0000000000000000,0,0
690,690,0,0000000,00,3,3,3,0000000000000000,0,0,3,978a1b995120dcdc,0,1,0000000000000000,0000000000000000,0000000000000000,0,0
691,691,0,0000000,00,3,3,3,0000000000000000,0,0,3,978a1b995120dcdc,0,1,0000000000000000,0000000000000000,0000000000000000,0,0
692,692,0,0000000,00,3,3,3,0000000000000000,0,0,3,978a1b995120dcdc,0,1,0000000000000000,0000000000000000,0000000000000000,0,0
693,693,0,0000000,00,3,3,3,0000000000000000,0,0,3,978a1b995120dcdc,0,1,0000000000000000,0000000000000000,0000000000000000,0,0
694,694,0,0000000,00,3,3,3,0000000000000000,0,0,3,978a1b995120dcdc,0,1,0000000000000000,0000000000000000,0000000000000000,0,0
695,695,0,0000000,00,3,3,3,0000000000000000,0,0,3,978a1b995120dcdc,0,1,0000000000000000,0000000000000000,0000000000000000,0,0
696,696,0,0000000,00,3,3,3,0000000000000000,0,0,3,978a1b995120dcdc,0,1,0000000000000000,0000000000000000,0000000000000000,0,0
697,697,0,0000000,00,3,3,3,0000000000000000,0,0,3,978a1b995120dcdc,0,1,0000000000000000,0000000000000000,0000000000000000,0,0
698,698,0,0000000,00,3,3,3,0000000000000000,0,0,3,978a1b995120dcdc,0,1,0000000000000000,0000000000000000,0000000000000000,0,0
699,699,0,0000000,00,3,3,3,0000000000000000,0,0,3,978a1b995120dcdc,0,1,0000000000000000,0000000000000000,0000000000000000,0,0
700,700,0,0000000,00,3,3,3,0000000000000000,0,0,3,978a1b995120dcdc,0,1,0000000000000000,0000000000000000,0000000000000000,0,0
701,701,0,0000000,00,3,3,3,0000000000000000,0,0,3,978a1b995120dcdc,0,1,0000000000000000,0000000000000000,0000000000000000,0,0
702,702,0,0000000,00,3,3,3,0000000000000000,0,0,3,978a1b995120dcdc,0,1,0000000000000000,0000000000000000,0000000000000000,0,0
703,703,0,0000000,00,3,3,3,0000000000000000,0,0,3,978a1b995120dcdc,0,1,0000000000000000,0000000000000000,0000000000000000,0,0
704,704,0,0000000,00,3,3,3,0000000000000000,0,0,3,978a1b995120dcdc,0,1,0000000000000000,0000000000000000,0000000000000000,0,0
705,705,0,0000000,00,3,3,3,0000000000000000,0,0,3,978a1b995120dcdc,0,1,0000000000000000,0000000000000000,0000000000000000,0,0
706,706,0,0000000,00,3,3,3,0000000000000000,0,0,3,978a1b995120dcdc,0,1,0000000000000000,0000000000000000,0000000000000000,0,0
707,707,0,0000000,00,3,3,3,0000000000000000,0,0,3,978a1b995120dcdc,0,1,0000000000000000,0000000000000000,0000000000000000,0,0
708,708,0,0000000,00,3,3,3,0000000000000000,0,0,3,978a1b995120dcdc,0,1,0000000000000000,0000000000000000,0000000000000000,0,0
709,709,0,0000000,00,3,3,3,0000000000000000,0,0,3,978a1b995120dcdc,0,1,0000000000000000,0000000000000000,0000000000000000,0,0
710,710,0,0000000,00,3,3,3,0000000000000000,0,0,3,978a1b995120dcdc,0,1,0000000000000000,0000000000000000,0000000000000000,0,0
711,711,0,0000000,00,3,3,3,0000000000000000,0,0,3,978a1b995120dcdc,0,1,0000000000000000,0000000000000000,0000000000000000,0,0
712,712,0,0000000,00,3,3,3,0000000000000000,0,0,3,978a1b995120dcdc,0,1,0000000000000000,0000000000000000,0000000000000000,0,0
713,713,0,0000000,00,3,3,3,0000000000000000,0,0,3,978a1b995120dcdc,0,1,0000000000000000,0000000000000000,0000000000000000,0,0
714,714,0,0000000,00,3,3,3,0000000000000000,0,0,3,978a1b995120dcdc,0,1,0000000000000000,0000000000000000,0000000000000000,0,0
715,715,0,0000000,00,3,3,3,0000000000000000,0,0,3,978a1b995120dcdc,0,1,0000000000000000,0000000000000000,0000000000000000,0,0
716,716,0,0000000,00,3,3,3,0000000000000000,0,0,3,978a1b995120dcdc,0,1,0000000000000000,0000000000000000,0000000000000000,0,0
717,717,0,0000000,00,3,3,3,0000000000000000,0,0,3,978a1b995120dcdc,0,1,0000000000000000,0000000000000000,0000000000000000,0,0
718,718,0,0000000,00,3,3,3,0000000000000000,0,0,3,978a1b995120dcdc,0,1,0000000000000000,0000000000000000,0000000000000000,0,0
719,719,0,0000000,00,3,3,3,0000000000000000,0,0,3,978a1b995120dcdc,0,1,0000000000000000,0000000000000000,0000000000000000,0,0
720,720,0,0000000,00,3,3,3,0000000000000000,0,0,3,978a1b995120dcdc,0,1,0000000000000000,0000000000000000,0000000000000000,0,0
721,721,0,0000000,00,3,3,3,0000000000000000,0,0,3,978a1b995120dcdc,0,1,0000000000000000,0000000000000000,0000000000000000,0,0
722,722,0,0000000,00,3,3,3,0000000000000000,0,0,3,978a1b995120dcdc,0,1,0000000000000000,0000000000000000,0000000000000000,0,0
723,723,0,0000000,00,3,3,3,0000000000000000,0,0,3,978a1b995120dcdc,0,1,0000000000000000,0000000000000000,0000000000000000,0,0
724,724,0,0000000,00,3,3,3,0000000000000000,0,0,3,978a1b995120dcdc,0,1,0000000000000000,0000000000000000,0000000000000000,0,0
725,725,0,0000000,00,3,3,3,0000000000000000,0,0,3,978a1b995120dcdc,0,1,0000000000000000,0000000000000000,0000000000000000,0,0
726,726,0,0000000,00,3,3,3,0000000000000000,0,0,3,978a1b995120dcdc,0,1,0000000000000000,0000000000000000,0000000000000000,0,0
727,727,0,0000000,00,3,3,3,0000000000000000,0,0,3,978a1b995120dcdc,0,1,0000000000000000,0000000000000000,0000000000000000,0,0
728,728,0,0000000,00,3,3,3,0000000000000000,0,0,3,978a1b995120dcdc,0,1,0000000000000000,0000000000000000,0000000000000000,0,0
729,729,0,0000000,00,3,3,3,0000000000000000,0,0,3,978a1b995120dcdc,0,1,0000000000000000,0000000000000000,0000000000000000,0,0
730,730,0,0000000,00,3,3,3,0000000000000000,0,0,3,978a1b995120dcdc,0,1,0000000000000000,0000000000000000,0000000000000000,0,0
731,731,0,0000000,00,3,3,3,0000000000000000,0,0,3,978a1b995120dcdc,0,1,0000000000000000,0000000000000000,0000000000000000,0,0
732,732,0,0000000,00,3,3,3,0000000000000000,0,0,3,978a1b995120dcdc,0,1,0000000000000000,0000000000000000,0000000000000000,0,0
733,733,0,0000000,00,3,3,3,0000000000000000,0,0,3,978a1b995120dcdc,0,1,0000000000000000,0000000000000000,0000000000000000,0,0
734,734,0,0000000,00,3,3,3,0000000000000000,0,0,3,978a1b995120dcdc,0,1,0000000000000000,0000000000000000,0000000000000000,0,0
735,735,0,0000000,00,3,3,3,0000000000000000,0,0,3,978a1b995120dcdc,0,1,0000000000000000,0000000000000000,0000000000000000,0,0
736,736,0,0000000,00,3,3,3,0000000000000000,0,0,3,978a1b995120dcdc,0,1,0000000000000000,0000000000000000,0000000000000000,0,0
737,737,0,0000000,00,3,3,3,0000000000000000,0,0,3,978a1b995120dcdc,0,1,0000000000000000,0000000000000000,0000000000000000,0,0
738,738,0,0000000,00,3,3,3,0000000000000000,0,0,3,978a1b995120dcdc,0,1,0000000000000000,0000000000000000,0000000000000000,0,0
739,739,0,0000000,00,3,3,3,0000000000000000,0,0,3,978a1b995120dcdc,0,1,0000000000000000,0000000000000000,0000000000000000,0,0
740,740,0,0000000,00,3,3,3,0000000000000000,0,0,3,978a1b995120dcdc,0,1,0000000000000000,0000000000000000,0000000000000000,0,0
741,741,0,0000000,00,3,3,3,0000000000000000,0,0,3,978a1b995120dcdc,0,1,0000000000000000,0000000000000000,0000000000000000,0,0
742,742,0,0000000,00,3,3,3,0000000000000000,0,0,3,978a1b995120dcdc,0,1,0000000000000000,0000000000000000,0000000000000000,0,0
743,743,0,0000000,00,3,3,3,0000000000000000,0,0,3,978a1b995120dcdc,0,1,0000000000000000,0000000000000000,0000000000000000,0,0
744,744,0,0000000,00,3,3,3,0000000000000000,0,0,3,978a1b995120dcdc,0,1,0000000000000000,0000000000000000,0000000000000000,0,0
745,745,0,0000000,00,3,3,3,0000000000000000,0,0,3,978a1b995120dcdc,0,1,0000000000000000,0000000000000000,0000000000000000,0,0
746,746,0,0000000,00,3,3,3,0000000000000000,0,0,3,978a1b995120dcdc,0,1,0000000000000000,0000000000000000,0000000000000000,0,0
747,747,0,0000000,00,3,3,3,0000000000000000,0,0,3,978a1b995120dcdc,0,1,0000000000000000,0000000000000000,0000000000000000,0,0
748,748,0,0000000,00,3,3,3,0000000000000000,0,0,3,978a1b995120dcdc,0,1,0000000000000000,0000000000000000,0000000000000000,0,0
749,749,0,0000000,00,3,3,3,0000000000000000,0,0,3,978a1b995120dcdc,0,1,0000000000000000,0000000000000000,0000000000000000,0,0
750,750,0,0000000,00,3,3,3,0000000000000000,0,0,3,978a1b995120dcdc,0,1,0000000000000000,0000000000000000,0000000000000000,0,0
751,751,0,0000000,00,3,3,3,0000000000000000,0,0,3,978a1b995120dcdc,0,1,0000000000000000,0000000000000000,0000000000000000,0,0
752,752,0,0000000,00,3,3,3,0000000000000000,0,0,3,978a1b995120dcdc,0,1,0000000000000000,0000000000000000,0000000000000000,0,0
753,753,0,0000000,00,3,3,3,0000000000000000,0,0,3,978a1b995120dcdc,0,1,0000000000000000,0000000000000000,0000000000000000,0,0
754,754,0,0000000,00,3,3,3,0000000000000000,0,0,3,978a1b995120dcdc,0,1,0000000000000000,0000000000000000,0000000000000000,0,0
755,755,0,0000000,00,3,3,3,0000000000000000,0,0,3,978a1b995120dcdc,0,1,0000000000000000,0000000000000000,0000000000000000,0,0
756,756,0,0000000,00,3,3,3,0000000000000000,0,0,3,978a1b995120dcdc,0,1,0000000000000000,0000000000000000,0000000000000000,0,0
757,757,0,0000000,00,3,3,3,0000000000000000,0,0,3,978a1b995120dcdc,0,1,0000000000000000,0000000000000000,0000000000000000,0,0
758,758,0,0000000,00,3,3,3,0000000000000000,0,0,3,978a1b995120dcdc,0,1,0000000000000000,0000000000000000,0000000000000000,0,0
759,759,0,0000000,00,3,3,3,0000000000000000,0,0,3,978a1b995120dcdc,0,1,0000000000000000,0000000000000000,0000000000000000,0,0
760,760,0,0000000,00,3,3,3,0000000000000000,0,0,3,978a1b995120dcdc,0,1,0000000000000000,0000000000000000,0000000000000000,0,0
761,761,0,0000000,00,3,3,3,0000000000000000,0,0,3,978a1b995120dcdc,0,1,0000000000000000,0000000000000000,0000000000000000,0,0
762,762,0,0000000,00,3,3,3,0000000000000000,0,0,3,978a1b995120dcdc,0,1,0000000000000000,0000000000000000,0000000000000000,0,0
763,763,0,0000000,00,3,3,3,0000000000000000,0,0,3,978a1b995120dcdc,0,1,0000000000000000,0000000000000000,0000000000000000,0,0
764,764,0,0000000,00,3,3,3,0000000000000000,0,0,3,978a1b995120dcdc,0,1,0000000000000000,0000000000000000,0000000000000000,0,0
765,765,0,0000000,00,3,3,3,0000000000000000,0,0,3,978a1b995120dcdc,0,1,0000000000000000,0000000000000000,0000000000000000,0,0
766,766,0,0000000,00,3,3,3,0000000000000000,0,0,3,978a1b995120dcdc,0,1,0000000000000000,0000000000000000,0000000000000000,0,0
767,767,0,0000000,00,3,3,3,0000000000000000,0,0,3,978a1b995120dcdc,0,1,0000000000000000,0000000000000000,0000000000000000,0,0
768,768,0,0000000,00,3,3,3,0000000000000000,0,0,3,978a1b995120dcdc,0,1,0000000000000000,0000000000000000,0000000000000000,0,0
769,769,0,0000000,00,3,3,3,0000000000000000,0,0,3,978a1b995120dcdc,0,1,0000000000000000,0000000000000000,0000000000000000,0,0
770,770,0,0000000,00,3,3,3,0000000000000000,0,0,3,978a1b995120dcdc,0,1,0000000000000000,0000000000000000,0000000000000000,0,0
771,771,0,0000000,00,3,3,3,0000000000000000,0,0,3,978a1b995120dcdc,0,1,0000000000000000,0000000000000000,0000000000000000,0,0
772,772,0,0000000,00,3,3,3,0000000000000000,0,0,3,978a1b995120dcdc,0,1,0000000000000000,0000000000000000,0000000000000000,0,0
773,773,0,0000000,00,3,3,3,0000000000000000,0,0,3,978a1b995120dcdc,0,1,0000000000000000,0000000000000000,0000000000000000,0,0
774,774,0,0000000,00,3,3,3,0000000000000000,0,0,3,978a1b995120dcdc,0,1,0000000000000000,0000000000000000,0000000000000000,0,0
775,775,0,0000000,00,3,3,3,0000000000000000,0,0,3,978a1b995120dcdc,0,1,0000000000000000,0000000000000000,0000000000000000,0,0
776,776,0,0000000,00,3,3,3,0000000000000000,0,0,3,978a1b995120dcdc,0,1,0000000000000000,0000000000000000,0000000000000000,0,0
777,777,0,0000000,00,3,3,3,0000000000000000,0,0,3,978a1b995120dcdc,0,1,0000000000000000,0000000000000000,0000000000000000,0,0
778,778,0,0000000,00,3,3,3,0000000000000000,0,0,3,978a1b995120dcdc,0,1,0000000000000000,0000000000000000,0000000000000000,0,0
779,779,0,0000000,00,3,3,3,0000000000000000,0,0,3,978a1b995120dcdc,0,1,0000000000000000,0000000000000000,0000000000000000,0,0
780,780,0,0000000,00,3,3,3,0000000000000000,0,0,3,978a1b995120dcdc,0,1,0000000000000000,0000000000000000,0000000000000000,0,0
781,781,0,0000000,00,3,3,3,0000000000000000,0,0,3,978a1b995120dcdc,0,1,0000000000000000,0000000000000000,0000000000000000,0,0
782,782,0,0000000,00,3,3,3,0000000000000000,0,0,3,978a1b995120dcdc,0,1,0000000000000000,0000000000000000,0000000000000000,0,0
783,783,0,0000000,00,3,3,3,0000000000000000,0,0,3,978a1b995120dcdc,0,1,0000000000000000,0000000000000000,0000000000000000,0,0
784,784,0,0000000,00,3,3,3,0000000000000000,0,0,3,978a1b995120dcdc,0,1,0000000000000000,0000000000000000,0000000000000000,0,0
785,785,0,0000000,00,3,3,3,0000000000000000,0,0,3,978a1b995120dcdc,0,1,0000000000000000,0000000000000000,0000000000000000,0,0
786,786,0,0000000,00,3,3,3,0000000000000000,0,0,3,978a1b995120dcdc,0,1,0000000000000000,0000000000000000,0000000000000000,0,0
787,787,0,0000000,00,3,3,3,0000000000000000,0,0,3,978a1b995120dcdc,0,1,0000000000000000,0000000000000000,0000000000000000,0,0
788,788,0,0000000,00,3,3,3,0000000000000000,0,0,3,978a1b995120dcdc,0,1,0000000000000000,0000000000000000,0000000000000000,0,0
789,789,0,0000000,00,3,3,3,0000000000000000,0,0,3,978a1b995120dcdc,0,1,0000000000000000,0000000000000000,0000000000000000,0,0
790,790,0,0000000,00,3,3,3,0000000000000000,0,0,3,978a1b995120dcdc,0,1,0000000000000000,0000000000000000,0000000000000000,0,0
791,791,0,0000000,00,3,3,3,0000000000000000,0,0,3,978a1b995120dcdc,0,1,0000000000000000,0000000000000000,0000000000000000,0,0
792,792,0,0000000,00,3,3,3,0000000000000000,0,0,3,978a1b995120dcdc,0,1,0000000000000000,0000000000000000,0000000000000000,0,0
793,793,0,0000000,00,3,3,3,0000000000000000,0,0,3,978a1b995120dcdc,0,1,0000000000000000,0000000000000000,0000000000000000,0,0
794,794,0,0000000,00,3,3,3,0000000000000000,0,0,3,978a1b995120dcdc,0,1,0000000000000000,0000000000000000,0000000000000000,0,0
795,795,0,0000000,00,3,3,3,0000000000000000,0,0,3,978a1b995120dcdc,0,1,0000000000000000,0000000000000000,0000000000000000,0,0
796,796,0,0000000,00,3,3,3,0000000000000000,0,0,3,978a1b995120dcdc,0,1,0000000000000000,0000000000000000,0000000000000000,0,0
797,797,0,0000000,00,3,3,3,0000000000000000,0,0,3,978a1b995120dcdc,0,1,0000000000000000,0000000000000000,0000000000000000,0,0
798,798,0,0000000,00,3,3,3,0000000000000000,0,0,3,978a1b995120dcdc,0,1,0000000000000000,0000000000000000,0000000000000000,0,0
799,799,0,0000000,00,3,3,3,0000000000000000,0,0,3,978a1b995120dcdc,0,1,0000000000000000,0000000000000000,0000000000000000,0,0
800,800,0,0000000,00,3,3,3,0000000000000000,0,0,3,978a1b995120dcdc,0,1,0000000000000000,0000000000000000,0000000000000000,0,0
801,801,0,0000000,00,3,3,3,0000000000000000,0,0,3,978a1b995120dcdc,0,1,0000000000000000,0000000000000000,0000000000000000,0,0
802,802,0,0000000,00,3,3,3,0000000000000000,0,0,3,978a1b995120dcdc,0,1,0000000000000000,0000000000000000,0000000000000000,0,0
803,803,0,0000000,00,3,3,3,0000000000000000,0,0,3,978a1b995120dcdc,0,1,0000000000000000,0000000000000000,0000000000000000,0,0
804,804,0,0000000,00,3,3,3,0000000000000000,0,0,3,978a1b995120dcdc,0,1,0000000000000000,0000000000000000,0000000000000000,0,0
805,805,0,0000000,00,3,3,3,0000000000000000,0,0,3,978a1b995120dcdc,0,1,0000000000000000,0000000000000000,0000000000000000,0,0
806,806,0,0000000,00,3,3,3,0000000000000000,0,0,3,978a1b995120dcdc,0,1,0000000000000000,0000000000000000,0000000000000000,0,0
807,807,0,0000000,00,3,3,3,0000000000000000,0,0,3,978a1b995120dcdc,0,1,0000000000000000,0000000000000000,0000000000000000,0,0
808,808,0,0000000,00,3,3,3,0000000000000000,0,0,3,978a1b995120dcdc,0,1,0000000000000000,0000000000000000,0000000000000000,0,0
809,809,0,0000000,00,3,3,3,0000000000000000,0,0,3,978a1b995120dcdc,0,1,0000000000000000,0000000000000000,0000000000000000,0,0
810,810,0,0000000,00,3,3,3,0000000000000000,0,0,3,978a1b995120dcdc,0,1,0000000000000000,0000000000000000,0000000000000000,0,0
811,811,0,0000000,00,3,3,3,0000000000000000,0,0,3,978a1b995120dcdc,0,1,0000000000000000,0000000000000000,0000000000000000,0,0
812,812,0,0000000,00,3,3,3,0000000000000000,0,0,3,978a1b995120dcdc,0,1,0000000000000000,0000000000000000,0000000000000000,0,0
813,813,0,0000000,00,3,3,3,0000000000000000,0,0,3,978a1b995120dcdc,0,1,0000000000000000,0000000000000000,0000000000000000,0,0
814,814,0,0000000,00,3,3,3,0000000000000000,0,0,3,978a1b995120dcdc,0,1,0000000000000000,0000000000000000,0000000000000000,0,0
815,815,0,0000000,00,3,3,3,0000000000000000,0,0,3,978a1b995120dcdc,0,1,0000000000000000,0000000000000000,0000000000000000,0,0
816,816,0,0000000,00,3,3,3,0000000000000000,0,0,3,978a1b995120dcdc,0,1,0000000000000000,0000000000000000,0000000000000000,0,0
817,817,0,0000000,00,3,3,3,0000000000000000,0,0,3,978a1b995120dcdc,0,1,0000000000000000,0000000000000000,0000000000000000,0,0
818,818,0,0000000,00,3,3,3,0000000000000000,0,0,3,978a1b995120dcdc,0,1,0000000000000000,0000000000000000,0000000000000000,0,0
819,819,0,0000000,00,3,3,3,0000000000000000,0,0,3,978a1b995120dcdc,0,1,0000000000000000,0000000000000000,0000000000000000,0,0
820,820,0,0000000,00,3,3,3,0000000000000000,0,0,3,978a1b995120dcdc,0,1,0000000000000000,0000000000000000,0000000000000000,0,0
821,821,0,0000000,00,3,3,3,0000000000000000,0,0,3,978a1b995120dcdc,0,1,0000000000000000,0000000000000000,0000000000000000,0,0
822,822,0,0000000,00,3,3,3,0000000000000000,0,0,3,978a1b995120dcdc,0,1,0000000000000000,0000000000000000,0000000000000000,0,0
823,823,0,0000000,00,3,3,3,0000000000000000,0,0,3,978a1b995120dcdc,0,1,0000000000000000,0000000000000000,0000000000000000,0,0
824,824,0,0000000,00,3,3,3,0000000000000000,0,0,3,978a1b995120dcdc,0,1,0000000000000000,0000000000000000,0000000000000000,0,0
825,825,0,0000000,00,3,3,3,0000000000000000,0,0,3,978a1b995120dcdc,0,1,0000000000000000,0000000000000000,0000000000000000,0,0
826,826,0,0000000,00,3,3,3,0000000000000000,0,0,3,978a1b995120dcdc,0,1,0000000000000000,0000000000000000,0000000000000000,0,0
827,827,0,0000000,00,3,3,3,0000000000000000,0,0,3,978a1b995120dcdc,0,1,0000000000000000,0000000000000000,0000000000000000,0,0
828,828,0,0000000,00,3,3,3,0000000000000000,0,0,3,978a1b995120dcdc,0,1,0000000000000000,0000000000000000,0000000000000000,0,0
829,829,0,0000000,00,3,3,3,0000000000000000,0,0,3,978a1b995120dcdc,0,1,0000000000000000,0000000000000000,0000000000000000,0,0
830,830,0,0000000,00,3,3,3,0000000000000000,0,0,3,978a1b995120dcdc,0,1,0000000000000000,0000000000000000,0000000000000000,0,0
831,831,0,0000000,00,3,3,3,0000000000000000,0,0,3,978a1b995120dcdc,0,1,0000000000000000,0000000000000000,0000000000000000,0,0
832,832,0,0000000,00,3,3,3,0000000000000000,0,0,3,978a1b995120dcdc,0,1,0000000000000000,0000000000000000,0000000000000000,0,0
833,833,0,0000000,00,3,3,3,0000000000000000,0,0,3,978a1b995120dcdc,0,1,0000000000000000,0000000000000000,0000000000000000,0,0
834,834,0,0000000,00,3,3,3,0000000000000000,0,0,3,978a1b995120dcdc,0,1,0000000000000000,0000000000000000,0000000000000000,0,0
835,835,0,0000000,00,3,3,3,0000000000000000,0,0,3,978a1b995120dcdc,0,1,0000000000000000,0000000000000000,0000000000000000,0,0
836,836,0,0000000,00,3,3,3,0000000000000000,0,0,3,978a1b995120dcdc,0,1,0000000000000000,0000000000000000,0000000000000000,0,0
837,837,0,0000000,00,3,3,3,0000000000000000,0,0,3,978a1b995120dcdc,0,1,0000000000000000,0000000000000000,0000000000000000,0,0
838,838,0,0000000,00,3,3,3,0000000000000000,0,0,3,978a1b995120dcdc,0,1,0000000000000000,0000000000000000,0000000000000000,0,0
839,839,0,0000000,00,3,3,3,0000000000000000,0,0,3,978a1b995120dcdc,0,1,0000000000000000,0000000000000000,0000000000000000,0,0
840,840,0,0000000,00,3,3,3,0000000000000000,0,0,3,978a1b995120dcdc,0,1,0000000000000000,0000000000000000,0000000000000000,0,0
841,841,0,0000000,00,3,3,3,0000000000000000,0,0,3,978a1b995120dcdc,0,1,0000000000000000,0000000000000000,0000000000000000,0,0
842,842,0,0000000,00,3,3,3,0000000000000000,0,0,3,978a1b995120dcdc,0,1,0000000000000000,0000000000000000,0000000000000000,0,0
843,843,0,0000000,00,3,3,3,0000000000000000,0,0,3,978a1b995120dcdc,0,1,0000000000000000,0000000000000000,0000000000000000,0,0
844,844,0,0000000,00,3,3,3,0000000000000000,0,0,3,978a1b995120dcdc,0,1,0000000000000000,0000000000000000,0000000000000000,0,0
845,845,0,0000000,00,3,3,3,0000000000000000,0,0,3,978a1b995120dcdc,0,1,0000000000000000,0000000000000000,0000000000000000,0,0
846,846,0,0000000,00,3,3,3,0000000000000000,0,0,3,978a1b995120dcdc,0,1,0000000000000000,0000000000000000,0000000000000000,0,0
847,847,0,0000000,00,3,3,3,0000000000000000,0,0,3,978a1b995120dcdc,0,1,0000000000000000,0000000000000000,0000000000000000,0,0
848,848,0,0000000,00,3,3,3,0000000000000000,0,0,3,978a1b995120dcdc,0,1,0000000000000000,0000000000000000,0000000000000000,0,0
849,849,0,0000000,00,3,3,3,0000000000000000,0,0,3,978a1b995120dcdc,0,1,0000000000000000,0000000000000000,0000000000000000,0,0
850,850,0,0000000,00,3,3,3,0000000000000000,0,0,3,978a1b995120dcdc,0,1,0000000000000000,0000000000000000,0000000000000000,0,0
851,851,0,0000000,00,3,3,3,0000000000000000,0,0,3,978a1b995120dcdc,0,1,0000000000000000,0000000000000000,0000000000000000,0,0
852,852,0,0000000,00,3,3,3,0000000000000000,0,0,3,978a1b995120dcdc,0,1,0000000000000000,0000000000000000,0000000000000000,0,0
853,853,0,0000000,00,3,3,3,0000000000000000,0,0,3,978a1b995120dcdc,0,1,0000000000000000,0000000000000000,0000000000000000,0,0
854,854,0,0000000,00,3,3,3,0000000000000000,0,0,3,978a1b995120dcdc,0,1,0000000000000000,0000000000000000,0000000000000000,0,0
855,855,0,0000000,00,3,3,3,0000000000000000,0,0,3,978a1b995120dcdc,0,1,0000000000000000,0000000000000000,0000000000000000,0,0
856,856,0,0000000,00,3,3,3,0000000000000000,0,0,3,978a1b995120dcdc,0,1,0000000000000000,0000000000000000,0000000000000000,0,0
857,857,0,0000000,00,3,3,3,0000000000000000,0,0,3,978a1b995120dcdc,0,1,0000000000000000,0000000000000000,0000000000000000,0,0
858,858,0,0000000,00,3,3,3,0000000000000000,0,0,3,978a1b995120dcdc,0,1,0000000000000000,0000000000000000,0000000000000000,0,0
859,859,0,0000000,00,3,3,3,0000000000000000,0,0,3,978a1b995120dcdc,0,1,0000000000000000,0000000000000000,0000000000000000,0,0
860,860,0,0000000,00,3,3,3,0000000000000000,0,0,3,978a1b995120dcdc,0,1,0000000000000000,0000000000000000,0000000000000000,0,0
861,861,0,0000000,00,3,3,3,0000000000000000,0,0,3,978a1b995120dcdc,0,1,0000000000000000,0000000000000000,0000000000000000,0,0
862,862,0,0000000,00,3,3,3,0000000000000000,0,0,3,978a1b995120dcdc,0,1,0000000000000000,0000000000000000,0000000000000000,0,0
863,863,0,0000000,00,3,3,3,0000000000000000,0,0,3,978a1b995120dcdc,0,1,0000000000000000,0000000000000000,0000000000000000,0,0
864,864,0,0000000,00,3,3,3,0000000000000000,0,0,3,978a1b995120dcdc,0,1,0000000000000000,0000000000000000,0000000000000000,0,0
865,865,0,0000000,00,3,3,3,0000000000000000,0,0,3,978a1b995120dcdc,0,1,0000000000000000,0000000000000000,0000000000000000,0,0
866,866,0,0000000,00,3,3,3,0000000000000000,0,0,3,978a1b995120dcdc,0,1,0000000000000000,0000000000000000,0000000000000000,0,0
867,867,0,0000000,00,3,3,3,0000000000000000,0,0,3,978a1b995120dcdc,0,1,0000000000000000,0000000000000000,0000000000000000,0,0
868,868,0,0000000,00,3,3,3,0000000000000000,0,0,3,978a1b995120dcdc,0,1,0000000000000000,0000000000000000,0000000000000000,0,0
869,869,0,0000000,00,3,3,3,0000000000000000,0,0,3,978a1b995120dcdc,0,1,0000000000000000,0000000000000000,0000000000000000,0,0
870,870,0,0000000,00,3,3,3,0000000000000000,0,0,3,978a1b995120dcdc,0,1,0000000000000000,0000000000000000,0000000000000000,0,0
871,871,0,0000000,00,3,3,3,0000000000000000,0,0,3,978a1b995120dcdc,0,1,0000000000000000,0000000000000000,0000000000000000,0,0
872,872,0,0000000,00,3,3,3,0000000000000000,0,0,3,978a1b995120dcdc,0,1,0000000000000000,0000000000000000,0000000000000000,0,0
873,873,0,0000000,00,3,3,3,0000000000000000,0,0,3,978a1b995120dcdc,0,1,0000000000000000,0000000000000000,0000000000000000,0,0
874,874,0,0000000,00,3,3,3,0000000000000000,0,0,3,978a1b995120dcdc,0,1,0000000000000000,0000000000000000,0000000000000000,0,0
875,875,0,0000000,00,3,3,3,0000000000000000,0,0,3,978a1b995120dcdc,0,1,0000000000000000,0000000000000000,0000000000000000,0,0
876,876,0,0000000,00,3,3,3,0000000000000000,0,0,3,978a1b995120dcdc,0,1,0000000000000000,0000000000000000,0000000000000000,0,0
877,877,0,0000000,00,3,3,3,0000000000000000,0,0,3,978a1b995120dcdc,0,1,0000000000000000,0000000000000000,0000000000000000,0,0
878,878,0,0000000,00,3,3,3,0000000000000000,0,0,3,978a1b995120dcdc,0,1,0000000000000000,0000000000000000,0000000000000000,0,0
879,879,0,0000000,00,3,3,3,0000000000000000,0,0,3,978a1b995120dcdc,0,1,0000000000000000,0000000000000000,0000000000000000,0,0
880,880,0,0000000,00,3,3,3,0000000000000000,0,0,3,978a1b995120dcdc,0,1,0000000000000000,0000000000000000,0000000000000000,0,0
881,881,0,0000000,00,3,3,3,0000000000000000,0,0,3,978a1b995120dcdc,0,1,0000000000000000,0000000000000000,0000000000000000,0,0
882,882,0,0000000,00,3,3,3,0000000000000000,0,0,3,978a1b995120dcdc,0,1,0000000000000000,0000000000000000,0000000000000000,0,0
883,883,0,0000000,00,3,3,3,0000000000000000,0,0,3,978a1b995120dcdc,0,1,0000000000000000,0000000000000000,0000000000000000,0,0
884,884,0,0000000,00,3,3,3,0000000000000000,0,0,3,978a1b995120dcdc,0,1,0000000000000000,0000000000000000,0000000000000000,0,0
885,885,0,0000000,00,3,3,3,0000000000000000,0,0,3,978a1b995120dcdc,0,1,0000000000000000,0000000000000000,0000000000000000,0,0
886,886,0,0000000,00,3,3,3,0000000000000000,0,0,3,978a1b995120dcdc,0,1,0000000000000000,0000000000000000,0000000000000000,0,0
887,887,0,0000000,00,3,3,3,0000000000000000,0,0,3,978a1b995120dcdc,0,1,0000000000000000,0000000000000000,0000000000000000,0,0
888,888,0,0000000,00,3,3,3,0000000000000000,0,0,3,978a1b995120dcdc,0,1,0000000000000000,0000000000000000,0000000000000000,0,0
889,889,0,0000000,00,3,3,3,0000000000000000,0,0,3,978a1b995120dcdc,0,1,0000000000000000,0000000000000000,0000000000000000,0,0
890,890,0,0000000,00,3,3,3,0000000000000000,0,0,3,978a1b995120dcdc,0,1,0000000000000000,0000000000000000,0000000000000000,0,0
891,891,0,0000000,00,3,3,3,0000000000000000,0,0,3,978a1b995120dcdc,0,1,0000000000000000,0000000000000000,0000000000000000,0,0
892,892,0,0000000,00,3,3,3,0000000000000000,0,0,3,978a1b995120dcdc,0,1,0000000000000000,0000000000000000,0000000000000000,0,0
893,893,0,0000000,00,3,3,3,0000000000000000,0,0,3,978a1b995120dcdc,0,1,0000000000000000,0000000000000000,0000000000000000,0,0
894,894,0,0000000,00,3,3,3,0000000000000000,0,0,3,978a1b995120dcdc,0,1,0000000000000000,0000000000000000,0000000000000000,0,0
895,895,0,0000000,00,3,3,3,0000000000000000,0,0,3,978a1b995120dcdc,0,1,0000000000000000,0000000000000000,0000000000000000,0,0
896,896,0,0000000,00,3,3,3,0000000000000000,0,0,3,978a1b995120dcdc,0,1,0000000000000000,0000000000000000,0000000000000000,0,0
897,897,0,0000000,00,3,3,3,0000000000000000,0,0,3,978a1b995120dcdc,0,1,0000000000000000,0000000000000000,0000000000000000,0,0
898,898,0,0000000,00,3,3,3,0000000000000000,0,0,3,978a1b995120dcdc,0,1,0000000000000000,0000000000000000,0000000000000000,0,0
899,899,0,0000000,00,3,3,3,0000000000000000,0,0,3,978a1b995120dcdc,0,1,0000000000000000,0000000000000000,0000000000000000,0,0
900,900,0,0000000,00,3,3,3,0000000000000000,0,0,3,978a1b995120dcdc,0,1,0000000000000000,0000000000000000,0000000000000000,0,0
901,901,0,0000000,00,3,3,3,0000000000000000,0,0,3,978a1b995120dcdc,0,1,0000000000000000,0000000000000000,0000000000000000,0,0
902,902,0,0000000,00,3,3,3,0000000000000000,0,0,3,978a1b995120dcdc,0,1,0000000000000000,0000000000000000,0000000000000000,0,0
903,903,0,0000000,00,3,3,3,0000000000000000,0,0,3,978a1b995120dcdc,0,1,0000000000000000,0000000000000000,0000000000000000,0,0
904,904,0,0000000,00,3,3,3,0000000000000000,0,0,3,978a1b995120dcdc,0,1,0000000000000000,0000000000000000,0000000000000000,0,0
905,905,0,0000000,00,3,3,3,0000000000000000,0,0,3,978a1b995120dcdc,0,1,0000000000000000,0000000000000000,0000000000000000,0,0
906,906,0,0000000,00,3,3,3,0000000000000000,0,0,3,978a1b995120dcdc,0,1,0000000000000000,0000000000000000,0000000000000000,0,0
907,907,0,0000000,00,3,3,3,0000000000000000,0,0,3,978a1b995120dcdc,0,1,0000000000000000,0000000000000000,0000000000000000,0,0
908,908,0,0000000,00,3,3,3,0000000000000000,0,0,3,978a1b995120dcdc,0,1,0000000000000000,0000000000000000,0000000000000000,0,0
909,909,0,0000000,00,3,3,3,0000000000000000,0,0,3,978a1b995120dcdc,0,1,0000000000000000,0000000000000000,0000000000000000,0,0
910,910,0,0000000,00,3,3,3,0000000000000000,0,0,3,978a1b995120dcdc,0,1,0000000000000000,0000000000000000,0000000000000000,0,0
911,911,0,0000000,00,3,3,3,0000000000000000,0,0,3,978a1b995120dcdc,0,1,0000000000000000,0000000000000000,0000000000000000,0,0
912,912,0,0000000,00,3,3,3,0000000000000000,0,0,3,978a1b995120dcdc,0,1,0000000000000000,0000000000000000,0000000000000000,0,0
913,913,0,0000000,00,3,3,3,0000000000000000,0,0,3,978a1b995120dcdc,0,1,0000000000000000,0000000000000000,0000000000000000,0,0
914,914,0,0000000,00,3,3,3,0000000000000000,0,0,3,978a1b995120dcdc,0,1,0000000000000000,0000000000000000,0000000000000000,0,0
915,915,0,0000000,00,3,3,3,0000000000000000,0,0,3,978a1b995120dcdc,0,1,0000000000000000,0000000000000000,0000000000000000,0,0
916,916,0,0000000,00,3,3,3,0000000000000000,0,0,3,978a1b995120dcdc,0,1,0000000000000000,0000000000000000,0000000000000000,0,0
917,917,0,0000000,00,3,3,3,0000000000000000,0,0,3,978a1b995120dcdc,0,1,0000000000000000,0000000000000000,0000000000000000,0,0
918,918,0,0000000,00,3,3,3,0000000000000000,0,0,3,978a1b995120dcdc,0,1,0000000000000000,0000000000000000,0000000000000000,0,0
919,919,0,0000000,00,3,3,3,0000000000000000,0,0,3,978a1b995120dcdc,0,1,0000000000000000,0000000000000000,0000000000000000,0,0
920,920,0,0000000,00,3,3,3,0000000000000000,0,0,3,978a1b995120dcdc,0,1,0000000000000000,0000000000000000,0000000000000000,0,0
921,921,0,0000000,00,3,3,3,0000000000000000,0,0,3,978a1b995120dcdc,0,1,0000000000000000,0000000000000000,0000000000000000,0,0
922,922,0,0000000,00,3,3,3,0000000000000000,0,0,3,978a1b995120dcdc,0,1,0000000000000000,0000000000000000,0000000000000000,0,0
923,923,0,0000000,00,3,3,3,0000000000000000,0,0,3,978a1b995120dcdc,0,1,0000000000000000,0000000000000000,0000000000000000,0,0
924,924,0,0000000,00,3,3,3,0000000000000000,0,0,3,978a1b995120dcdc,0,1,0000000000000000,0000000000000000,0000000000000000,0,0
925,925,0,0000000,00,3,3,3,0000000000000000,0,0,3,978a1b995120dcdc,0,1,0000000000000000,0000000000000000,0000000000000000,0,0
926,926,0,0000000,00,3,3,3,0000000000000000,0,0,3,978a1b995120dcdc,0,1,0000000000000000,0000000000000000,0000000000000000,0,0
927,927,0,0000000,00,3,3,3,0000000000000000,0,0,3,978a1b995120dcdc,0,1,0000000000000000,0000000000000000,0000000000000000,0,0
928,928,0,0000000,00,3,3,3,0000000000000000,0,0,3,978a1b995120dcdc,0,1,0000000000000000,0000000000000000,0000000000000000,0,0
929,929,0,0000000,00,3,3,3,0000000000000000,0,0,3,978a1b995120dcdc,0,1,0000000000000000,0000000000000000,0000000000000000,0,0
930,930,0,0000000,00,3,3,3,0000000000000000,0,0,3,978a1b995120dcdc,0,1,0000000000000000,0000000000000000,0000000000000000,0,0
931,931,0,0000000,00,3,3,3,0000000000000000,0,0,3,978a1b995120dcdc,0,1,0000000000000000,0000000000000000,0000000000000000,0,0
932,932,0,0000000,00,3,3,3,0000000000000000,0,0,3,978a1b995120dcdc,0,1,0000000000000000,0000000000000000,0000000000000000,0,0
933,933,0,0000000,00,3,3,3,0000000000000000,0,0,3,978a1b995120dcdc,0,1,0000000000000000,0000000000000000,0000000000000000,0,0
934,934,0,0000000,00,3,3,3,0000000000000000,0,0,3,978a1b995120dcdc,0,1,0000000000000000,0000000000000000,0000000000000000,0,0
935,935,0,0000000,00,3,3,3,0000000000000000,0,0,3,978a1b995120dcdc,0,1,0000000000000000,0000000000000000,0000000000000000,0,0
936,936,0,0000000,00,3,3,3,0000000000000000,0,0,3,978a1b995120dcdc,0,1,0000000000000000,0000000000000000,0000000000000000,0,0
937,937,0,0000000,00,3,3,3,0000000000000000,0,0,3,978a1b995120dcdc,0,1,0000000000000000,0000000000000000,0000000000000000,0,0
938,938,0,0000000,00,3,3,3,0000000000000000,0,0,3,978a1b995120dcdc,0,1,0000000000000000,0000000000000000,0000000000000000,0,0
939,939,0,0000000,00,3,3,3,0000000000000000,0,0,3,978a1b995120dcdc,0,1,0000000000000000,0000000000000000,0000000000000000,0,0
940,940,0,0000000,00,3,3,3,0000000000000000,0,0,3,978a1b995120dcdc,0,1,0000000000000000,0000000000000000,0000000000000000,0,0
941,941,0,0000000,00,3,3,3,0000000000000000,0,0,3,978a1b995120dcdc,0,1,0000000000000000,0000000000000000,0000000000000000,0,0
942,942,0,0000000,00,3,3,3,0000000000000000,0,0,3,978a1b995120dcdc,0,1,0000000000000000,0000000000000000,0000000000000000,0,0
943,943,0,0000000,00,3,3,3,0000000000000000,0,0,3,978a1b995120dcdc,0,1,0000000000000000,0000000000000000,0000000000000000,0,0
944,944,0,0000000,00,3,3,3,0000000000000000,0,0,3,978a1b995120dcdc,0,1,0000000000000000,0000000000000000,0000000000000000,0,0
945,945,0,0000000,00,3,3,3,0000000000000000,0,0,3,978a1b995120dcdc,0,1,0000000000000000,0000000000000000,0000000000000000,0,0
946,946,0,0000000,00,3,3,3,0000000000000000,0,0,3,978a1b995120dcdc,0,1,0000000000000000,0000000000000000,0000000000000000,0,0
947,947,0,0000000,00,3,3,3,0000000000000000,0,0,3,978a1b995120dcdc,0,1,0000000000000000,0000000000000000,0000000000000000,0,0
948,948,0,0000000,00,3,3,3,0000000000000000,0,0,3,978a1b995120dcdc,0,1,0000000000000000,0000000000000000,0000000000000000,0,0
949,949,0,0000000,00,3,3,3,0000000000000000,0,0,3,978a1b995120dcdc,0,1,0000000000000000,0000000000000000,0000000000000000,0,0
950,950,0,0000000,00,3,3,3,0000000000000000,0,0,3,978a1b995120dcdc,0,1,0000000000000000,0000000000000000,0000000000000000,0,0
951,951,0,0000000,00,3,3,3,0000000000000000,0,0,3,978a1b995120dcdc,0,1,0000000000000000,0000000000000000,0000000000000000,0,0
952,952,0,0000000,00,3,3,3,0000000000000000,0,0,3,978a1b995120dcdc,0,1,0000000000000000,0000000000000000,0000000000000000,0,0
953,953,0,0000000,00,3,3,3,0000000000000000,0,0,3,978a1b995120dcdc,0,1,0000000000000000,0000000000000000,0000000000000000,0,0
954,954,0,0000000,00,3,3,3,0000000000000000,0,0,3,978a1b995120dcdc,0,1,0000000000000000,0000000000000000,0000000000000000,0,0
955,955,0,0000000,00,3,3,3,0000000000000000,0,0,3,978a1b995120dcdc,0,1,0000000000000000,0000000000000000,0000000000000000,0,0
956,956,0,0000000,00,3,3,3,0000000000000000,0,0,3,978a1b995120dcdc,0,1,0000000000000000,0000000000000000,0000000000000000,0,0
957,957,0,0000000,00,3,3,3,0000000000000000,0,0,3,978a1b995120dcdc,0,1,0000000000000000,0000000000000000,0000000000000000,0,0
958,958,0,0000000,00,3,3,3,0000000000000000,0,0,3,978a1b995120dcdc,0,1,0000000000000000,0000000000000000,0000000000000000,0,0
959,959,0,0000000,00,3,3,3,0000000000000000,0,0,3,978a1b995120dcdc,0,1,0000000000000000,0000000000000000,0000000000000000,0,0
960,960,0,0000000,00,3,3,3,0000000000000000,0,0,3,978a1b995120dcdc,0,1,0000000000000000,0000000000000000,0000000000000000,0,0
961,961,0,0000000,00,3,3,3,0000000000000000,0,0,3,978a1b995120dcdc,0,1,0000000000000000,0000000000000000,0000000000000000,0,0
962,962,0,0000000,00,3,3,3,0000000000000000,0,0,3,978a1b995120dcdc,0,1,0000000000000000,0000000000000000,0000000000000000,0,0
963,963,0,0000000,00,3,3,3,0000000000000000,0,0,3,978a1b995120dcdc,0,1,0000000000000000,0000000000000000,0000000000000000,0,0
964,964,0,0000000,00,3,3,3,0000000000000000,0,0,3,978a1b995120dcdc,0,1,0000000000000000,0000000000000000,0000000000000000,0,0
965,965,0,0000000,00,3,3,3,0000000000000000,0,0,3,978a1b995120dcdc,0,1,0000000000000000,0000000000000000,0000000000000000,0,0
966,966,0,0000000,00,3,3,3,0000000000000000,0,0,3,978a1b995120dcdc,0,1,0000000000000000,0000000000000000,0000000000000000,0,0
967,967,0,0000000,00,3,3,3,0000000000000000,0,0,3,978a1b995120dcdc,0,1,0000000000000000,0000000000000000,0000000000000000,0,0
968,968,0,0000000,00,3,3,3,0000000000000000,0,0,3,978a1b995120dcdc,0,1,0000000000000000,0000000000000000,0000000000000000,0,0
969,969,0,0000000,00,3,3,3,0000000000000000,0,0,3,978a1b995120dcdc,0,1,0000000000000000,0000000000000000,0000000000000000,0,0
970,970,0,0000000,00,3,3,3,0000000000000000,0,0,3,978a1b995120dcdc,0,1,0000000000000000,0000000000000000,0000000000000000,0,0
971,971,0,0000000,00,3,3,3,0000000000000000,0,0,3,978a1b995120dcdc,0,1,0000000000000000,0000000000000000,0000000000000000,0,0
972,972,0,0000000,00,3,3,3,0000000000000000,0,0,3,978a1b995120dcdc,0,1,0000000000000000,0000000000000000,0000000000000000,0,0
973,973,0,0000000,00,3,3,3,0000000000000000,0,0,3,978a1b995120dcdc,0,1,0000000000000000,0000000000000000,0000000000000000,0,0
974,974,0,0000000,00,3,3,3,0000000000000000,0,0,3,978a1b995120dcdc,0,1,0000000000000000,0000000000000000,0000000000000000,0,0
975,975,0,0000000,00,3,3,3,0000000000000000,0,0,3,978a1b995120dcdc,0,1,0000000000000000,0000000000000000,0000000000000000,0,0
976,976,0,0000000,00,3,3,3,0000000000000000,0,0,3,978a1b995120dcdc,0,1,0000000000000000,0000000000000000,0000000000000000,0,0
977,977,0,0000000,00,3,3,3,0000000000000000,0,0,3,978a1b995120dcdc,0,1,0000000000000000,0000000000000000,0000000000000000,0,0
978,978,0,0000000,00,3,3,3,0000000000000000,0,0,3,978a1b995120dcdc,0,1,0000000000000000,0000000000000000,0000000000000000,0,0
979,979,0,0000000,00,3,3,3,0000000000000000,0,0,3,978a1b995120dcdc,0,1,0000000000000000,0000000000000000,0000000000000000,0,0
980,980,0,0000000,00,3,3,3,0000000000000000,0,0,3,978a1b995120dcdc,0,1,0000000000000000,0000000000000000,0000000000000000,0,0
981,981,0,0000000,00,3,3,3,0000000000000000,0,0,3,978a1b995120dcdc,0,1,0000000000000000,0000000000000000,0000000000000000,0,0
982,982,0,0000000,00,3,3,3,0000000000000000,0,0,3,978a1b995120dcdc,0,1,0000000000000000,0000000000000000,0000000000000000,0,0
983,983,0,0000000,00,2,2,2,0000000000000000,0,0,3,978a1b995120dcdc,0,1,0000000000000000,0000000000000000,0000000000000000,0,0
984,984,0,0000000,00,3,3,3,0000000000000000,0,0,3,978a1b995120dcdc,0,1,0000000000000000,0000000000000000,0000000000000000,0,0
985,985,0,0000000,00,3,3,3,0000000000000000,0,0,3,978a1b995120dcdc,0,1,0000000000000000,0000000000000000,0000000000000000,0,0
986,986,0,0000000,00,3,3,3,0000000000000000,0,0,3,978a1b995120dcdc,0,1,0000000000000000,0000000000000000,0000000000000000,0,0
987,987,0,0000000,00,3,3,3,0000000000000000,0,0,3,978a1b995120dcdc,0,1,0000000000000000,0000000000000000,0000000000000000,0,0
988,988,0,0000000,00,3,3,3,0000000000000000,0,0,3,978a1b995120dcdc,0,1,0000000000000000,0000000000000000,0000000000000000,0,0
989,989,0,0000000,00,3,3,3,0000000000000000,0,0,3,978a1b995120dcdc,0,1,0000000000000000,0000000000000000,0000000000000000,0,0
990,990,0,0000000,00,3,3,3,0000000000000000,0,0,3,978a1b995120dcdc,0,1,0000000000000000,0000000000000000,0000000000000000,0,0
991,991,0,0000000,00,3,3,3,0000000000000000,0,0,3,978a1b995120dcdc,0,1,0000000000000000,0000000000000000,0000000000000000,0,0
992,992,0,0000000,00,3,3,3,0000000000000000,0,0,3,978a1b995120dcdc,0,1,0000000000000000,0000000000000000,0000000000000000,0,0
993,993,0,0000000,00,3,3,3,0000000000000000,0,0,3,978a1b995120dcdc,0,1,0000000000000000,0000000000000000,0000000000000000,0,0
994,994,0,0000000,00,3,3,3,0000000000000000,0,0,3,978a1b995120dcdc,0,1,0000000000000000,0000000000000000,0000000000000000,0,0
995,995,0,0000000,00,3,3,3,0000000000000000,0,0,3,978a1b995120dcdc,0,1,0000000000000000,0000000000000000,0000000000000000,0,0
996,996,0,0000000,00,3,3,3,0000000000000000,0,0,3,978a1b995120dcdc,0,1,0000000000000000,0000000000000000,0000000000000000,0,0
997,997,0,0000000,00,3,3,3,0000000000000000,0,0,3,978a1b995120dcdc,0,1,0000000000000000,0000000000000000,0000000000000000,0,0
998,998,0,0000000,00,3,3,3,0000000000000000,0,0,3,978a1b995120dcdc,0,1,0000000000000000,0000000000000000,0000000000000000,0,0
999,999,0,0000000,00,3,3,3,0000000000000000,0,0,3,978a1b995120dcdc,0,1,0000000000000000,0000000000000000,0000000000000000,0,0
1000,1000,0,0000000,00,3,3,3,0000000000000000,0,0,3,978a1b995120dcdc,0,1,0000000000000000,0000000000000000,0000000000000000,0,0
1001,1001,0,0000000,00,3,3,3,0000000000000000,0,0,3,978a1b995120dcdc,0,1,0000000000000000,0000000000000000,0000000000000000,0,0
1002,1002,0,0000000,00,3,3,3,0000000000000000,0,0,3,978a1b995120dcdc,0,1,0000000000000000,0000000000000000,0000000000000000,0,0
1003,1003,0,0000000,00,3,3,3,0000000000000000,0,0,3,978a1b995120dcdc,0,1,0000000000000000,0000000000000000,0000000000000000,0,0
1004,1004,0,0000000,00,3,3,3,0000000000000000,0,0,3,978a1b995120dcdc,0,1,0000000000000000,0000000000000000,0000000000000000,0,0
1005,1005,0,0000000,00,3,3,3,0000000000000000,0,0,3,978a1b995120dcdc,0,1,0000000000000000,0000000000000000,0000000000000000,0,0
1006,1006,0,0000000,00,3,3,3,0000000000000000,0,0,3,978a1b995120dcdc,0,1,0000000000000000,0000000000000000,0000000000000000,0,0
1007,1007,0,0000000,00,3,3,3,0000000000000000,0,0,3,978a1b995120dcdc,0,1,0000000000000000,0000000000000000,0000000000000000,0,0
1008,1008,0,0000000,00,3,3,3,0000000000000000,0,0,3,978a1b995120dcdc,0,1,0000000000000000,0000000000000000,0000000000000000,0,0
1009,1009,0,0000000,00,3,3,3,0000000000000000,0,0,3,978a1b995120dcdc,0,1,0000000000000000,0000000000000000,0000000000000000,0,0
1010,1010,0,0000000,00,3,3,3,0000000000000000,0,0,3,978a1b995120dcdc,0,1,0000000000000000,0000000000000000,0000000000000000,0,0
1011,1011,0,0000000,00,3,3,3,0000000000000000,0,0,3,978a1b995120dcdc,0,1,0000000000000000,0000000000000000,0000000000000000,0,0
1012,1012,0,0000000,00,3,3,3,0000000000000000,0,0,3,978a1b995120dcdc,0,1,0000000000000000,0000000000000000,0000000000000000,0,0
1013,1013,0,0000000,00,3,3,3,0000000000000000,0,0,3,978a1b995120dcdc,0,1,0000000000000000,0000000000000000,0000000000000000,0,0
1014,1014,0,0000000,00,3,3,3,0000000000000000,0,0,3,978a1b995120dcdc,0,1,0000000000000000,0000000000000000,0000000000000000,0,0
1015,1015,0,0000000,00,3,3,3,0000000000000000,0,0,3,978a1b995120dcdc,0,1,0000000000000000,0000000000000000,0000000000000000,0,0
1016,1016,0,0000000,00,3,3,3,0000000000000000,0,0,3,978a1b995120dcdc,0,1,0000000000000000,0000000000000000,0000000000000000,0,0
1017,1017,0,0000000,00,3,3,3,0000000000000000,0,0,3,978a1b995120dcdc,0,1,0000000000000000,0000000000000000,0000000000000000,0,0
1018,1018,0,0000000,00,3,3,3,0000000000000000,0,0,3,978a1b995120dcdc,0,1,0000000000000000,0000000000000000,0000000000000000,0,0
1019,1019,0,0000000,00,3,3,3,0000000000000000,0,0,3,978a1b995120dcdc,0,1,0000000000000000,0000000000000000,0000000000000000,0,0
1020,1020,0,0000000,00,3,3,3,0000000000000000,0,0,3,978a1b995120dcdc,0,1,0000000000000000,0000000000000000,0000000000000000,0,0
1021,1021,0,0000000,00,3,3,3,0000000000000000,0,0,3,978a1b995120dcdc,0,1,0000000000000000,0000000000000000,0000000000000000,0,0
1022,1022,0,0000000,00,3,3,3,0000000000000000,0,0,3,978a1b995120dcdc,0,1,0000000000000000,0000000000000000,0000000000000000,0,0
1023,1023,0,0000000,00,3,3,3,0000000000000000,0,0,3,978a1b995120dcdc,0,1,0000000000000000,0000000000000000,0000000000000000,0,0
1024,1024,0,0000000,00,3,3,3,0000000000000000,0,0,3,978a1b995120dcdc,0,1,0000000000000000,0000000000000000,0000000000000000,0,0
1025,1025,0,0000000,00,3,3,3,0000000000000000,0,0,3,978a1b995120dcdc,0,1,0000000000000000,0000000000000000,0000000000000000,0,0
1026,1026,0,0000000,00,3,3,3,0000000000000000,0,0,3,978a1b995120dcdc,0,1,0000000000000000,0000000000000000,0000000000000000,0,0
1027,1027,0,0000000,00,3,3,3,0000000000000000,0,0,3,978a1b995120dcdc,0,1,0000000000000000,0000000000000000,0000000000000000,0,0
1028,1028,0,0000000,00,3,3,3,0000000000000000,0,0,3,978a1b995120dcdc,0,1,0000000000000000,0000000000000000,0000000000000000,0,0
1029,1029,0,0000000,00,3,3,3,0000000000000000,0,0,3,978a1b995120dcdc,0,1,0000000000000000,0000000000000000,0000000000000000,0,0
1030,1030,0,0000000,00,3,3,3,0000000000000000,0,0,3,978a1b995120dcdc,0,1,0000000000000000,0000000000000000,0000000000000000,0,0
1031,1031,0,0000000,00,3,3,3,0000000000000000,0,0,3,978a1b995120dcdc,0,1,0000000000000000,0000000000000000,0000000000000000,0,0
1032,1032,0,0000000,00,3,3,3,0000000000000000,0,0,3,978a1b995120dcdc,0,1,0000000000000000,0000000000000000,0000000000000000,0,0
1033,1033,0,0000000,00,3,3,3,0000000000000000,0,0,3,978a1b995120dcdc,0,1,0000000000000000,0000000000000000,0000000000000000,0,0
1034,1034,0,0000000,00,3,3,3,0000000000000000,0,0,3,978a1b995120dcdc,0,1,0000000000000000,0000000000000000,0000000000000000,0,0
1035,1035,0,0000000,00,3,3,3,0000000000000000,0,0,3,978a1b995120dcdc,0,1,0000000000000000,0000000000000000,0000000000000000,0,0
1036,1036,0,0000000,00,3,3,3,0000000000000000,0,0,3,978a1b995120dcdc,0,1,0000000000000000,0000000000000000,0000000000000000,0,0
1037,1037,0,0000000,00,3,3,3,0000000000000000,0,0,3,978a1b995120dcdc,0,1,0000000000000000,0000000000000000,0000000000000000,0,0
1038,1038,0,0000000,00,3,3,3,0000000000000000,0,0,3,978a1b995120dcdc,0,1,0000000000000000,0000000000000000,0000000000000000,0,0
1039,1039,0,0000000,00,3,3,3,0000000000000000,0,0,3,978a1b995120dcdc,0,1,0000000000000000,0000000000000000,0000000000000000,0,0
1040,1040,0,0000000,00,3,3,3,0000000000000000,0,0,3,978a1b995120dcdc,0,1,0000000000000000,0000000000000000,0000000000000000,0,0
1041,1041,0,0000000,00,3,3,3,0000000000000000,0,0,3,978a1b995120dcdc,0,1,0000000000000000,0000000000000000,0000000000000000,0,0
1042,1042,0,0000000,00,3,3,3,0000000000000000,0,0,3,978a1b995120dcdc,0,1,0000000000000000,0000000000000000,0000000000000000,0,0
1043,1043,0,0000000,00,3,3,3,0000000000000000,0,0,3,978a1b995120dcdc,0,1,0000000000000000,0000000000000000,0000000000000000,0,0
1044,1044,0,0000000,00,3,3,3,0000000000000000,0,0,3,978a1b995120dcdc,0,1,0000000000000000,0000000000000000,0000000000000000,0,0
1045,1045,0,0000000,00,3,3,3,0000000000000000,0,0,3,978a1b995120dcdc,0,1,0000000000000000,0000000000000000,0000000000000000,0,0
1046,1046,0,0000000,00,3,3,3,0000000000000000,0,0,3,978a1b995120dcdc,0,1,0000000000000000,0000000000000000,0000000000000000,0,0
1047,1047,0,0000000,00,3,3,3,0000000000000000,0,0,3,978a1b995120dcdc,0,1,0000000000000000,0000000000000000,0000000000000000,0,0
1048,1048,0,0000000,00,3,3,3,0000000000000000,0,0,3,978a1b995120dcdc,0,1,0000000000000000,0000000000000000,0000000000000000,0,0
1049,1049,0,0000000,00,3,3,3,0000000000000000,0,0,3,978a1b995120dcdc,0,1,0000000000000000,0000000000000000,0000000000000000,0,0
1050,1050,0,0000000,00,3,3,3,0000000000000000,0,0,3,978a1b995120dcdc,0,1,0000000000000000,0000000000000000,0000000000000000,0,0
1051,1051,0,0000000,00,3,3,3,0000000000000000,0,0,3,978a1b995120dcdc,0,1,0000000000000000,0000000000000000,0000000000000000,0,0
1052,1052,0,0000000,00,3,3,3,0000000000000000,0,0,3,978a1b995120dcdc,0,1,0000000000000000,0000000000000000,0000000000000000,0,0
1053,1053,0,0000000,00,3,3,3,0000000000000000,0,0,3,978a1b995120dcdc,0,1,0000000000000000,0000000000000000,0000000000000000,0,0
1054,1054,0,0000000,00,3,3,3,0000000000000000,0,0,3,978a1b995120dcdc,0,1,0000000000000000,0000000000000000,0000000000000000,0,0
1055,1055,0,0000000,00,3,3,3,0000000000000000,0,0,3,978a1b995120dcdc,0,1,0000000000000000,0000000000000000,0000000000000000,0,0
1056,1056,0,0000000,00,3,3,3,0000000000000000,0,0,3,978a1b995120dcdc,0,1,0000000000000000,0000000000000000,0000000000000000,0,0
1057,1057,0,0000000,00,3,3,3,0000000000000000,0,0,3,978a1b995120dcdc,0,1,0000000000000000,0000000000000000,0000000000000000,0,0
1058,1058,0,0000000,00,3,3,3,0000000000000000,0,0,3,978a1b995120dcdc,0,1,0000000000000000,0000000000000000,0000000000000000,0,0
1059,1059,0,0000000,00,3,3,3,0000000000000000,0,0,3,978a1b995120dcdc,0,1,0000000000000000,0000000000000000,0000000000000000,0,0
1060,1060,0,0000000,00,3,3,3,0000000000000000,0,0,3,978a1b995120dcdc,0,1,0000000000000000,0000000000000000,0000000000000000,0,0
1061,1061,0,0000000,00,3,3,3,0000000000000000,0,0,3,978a1b995120dcdc,0,1,0000000000000000,0000000000000000,0000000000000000,0,0
1062,1062,0,0000000,00,3,3,3,0000000000000000,0,0,3,978a1b995120dcdc,0,1,0000000000000000,0000000000000000,0000000000000000,0,0
1063,1063,0,0000000,00,3,3,3,0000000000000000,0,0,3,978a1b995120dcdc,0,1,0000000000000000,0000000000000000,0000000000000000,0,0
1064,1064,0,0000000,00,3,3,3,0000000000000000,0,0,3,978a1b995120dcdc,0,1,0000000000000000,0000000000000000,0000000000000000,0,0
1065,1065,0,0000000,00,3,3,3,0000000000000000,0,0,3,978a1b995120dcdc,0,1,0000000000000000,0000000000000000,0000000000000000,0,0
1066,1066,0,0000000,00,3,3,3,0000000000000000,0,0,3,978a1b995120dcdc,0,1,0000000000000000,0000000000000000,0000000000000000,0,0
1067,1067,0,0000000,00,3,3,3,0000000000000000,0,0,3,978a1b995120dcdc,0,1,0000000000000000,0000000000000000,0000000000000000,0,0
1068,1068,0,0000000,00,3,3,3,0000000000000000,0,0,3,978a1b995120dcdc,0,1,0000000000000000,0000000000000000,0000000000000000,0,0
1069,1069,0,0000000,00,3,3,3,0000000000000000,0,0,3,978a1b995120dcdc,0,1,0000000000000000,0000000000000000,0000000000000000,0,0
1070,1070,0,0000000,00,3,3,3,0000000000000000,0,0,3,978a1b995120dcdc,0,1,0000000000000000,0000000000000000,0000000000000000,0,0
1071,1071,0,0000000,00,3,3,3,0000000000000000,0,0,3,978a1b995120dcdc,0,1,0000000000000000,0000000000000000,0000000000000000,0,0
1072,1072,0,0000000,00,3,3,3,0000000000000000,0,0,3,978a1b995120dcdc,0,1,0000000000000000,0000000000000000,0000000000000000,0,0
1073,1073,0,0000000,00,3,3,3,0000000000000000,0,0,3,978a1b995120dcdc,0,1,0000000000000000,0000000000000000,0000000000000000,0,0
1074,1074,0,0000000,00,3,3,3,0000000000000000,0,0,3,978a1b995120dcdc,0,1,0000000000000000,0000000000000000,0000000000000000,0,0
1075,1075,0,0000000,00,3,3,3,0000000000000000,0,0,3,978a1b995120dcdc,0,1,0000000000000000,0000000000000000,0000000000000000,0,0
1076,1076,0,0000000,00,3,3,3,0000000000000000,0,0,3,978a1b995120dcdc,0,1,0000000000000000,0000000000000000,0000000000000000,0,0
1077,1077,0,0000000,00,3,3,3,0000000000000000,0,0,3,978a1b995120dcdc,0,1,0000000000000000,0000000000000000,0000000000000000,0,0
1078,1078,0,0000000,00,3,3,3,0000000000000000,0,0,3,978a1b995120dcdc,0,1,0000000000000000,0000000000000000,0000000000000000,0,0
1079,1079,0,0000000,00,3,3,3,0000000000000000,0,0,3,978a1b995120dcdc,0,1,0000000000000000,0000000000000000,0000000000000000,0,0
1080,1080,0,0000000,00,3,3,3,0000000000000000,0,0,3,978a1b995120dcdc,0,1,0000000000000000,0000000000000000,0000000000000000,0,0
1081,1081,0,0000000,00,3,3,3,0000000000000000,0,0,3,978a1b995120dcdc,0,1,0000000000000000,0000000000000000,0000000000000000,0,0
1082,1082,0,0000000,00,3,3,3,0000000000000000,0,0,3,978a1b995120dcdc,0,1,0000000000000000,0000000000000000,0000000000000000,0,0
1083,1083,0,0000000,00,3,3,3,0000000000000000,0,0,3,978a1b995120dcdc,0,1,0000000000000000,0000000000000000,0000000000000000,0,0
1084,1084,0,0000000,00,3,3,3,0000000000000000,0,0,3,978a1b995120dcdc,0,1,0000000000000000,0000000000000000,0000000000000000,0,0
1085,1085,0,0000000,00,3,3,3,0000000000000000,0,0,3,978a1b995120dcdc,0,1,0000000000000000,0000000000000000,0000000000000000,0,0
1086,1086,0,0000000,00,3,3,3,0000000000000000,0,0,3,978a1b995120dcdc,0,1,0000000000000000,0000000000000000,0000000000000000,0,0
1087,1087,0,0000000,00,3,3,3,0000000000000000,0,0,3,978a1b995120dcdc,0,1,0000000000000000,0000000000000000,0000000000000000,0,0
1088,1088,0,0000000,00,3,3,3,0000000000000000,0,0,3,978a1b995120dcdc,0,1,0000000000000000,0000000000000000,0000000000000000,0,0
1089,1089,0,0000000,00,3,3,3,0000000000000000,0,0,3,978a1b995120dcdc,0,1,0000000000000000,0000000000000000,0000000000000000,0,0
1090,1090,0,0000000,00,3,3,3,0000000000000000,0,0,3,978a1b995120dcdc,0,1,0000000000000000,0000000000000000,0000000000000000,0,0
1091,1091,0,0000000,00,3,3,3,0000000000000000,0,0,3,978a1b995120dcdc,0,1,0000000000000000,0000000000000000,0000000000000000,0,0
1092,1092,0,0000000,00,3,3,3,0000000000000000,0,0,3,978a1b995120dcdc,0,1,0000000000000000,0000000000000000,0000000000000000,0,0
1093,1093,0,0000000,00,3,3,3,0000000000000000,0,0,3,978a1b995120dcdc,0,1,0000000000000000,0000000000000000,0000000000000000,0,0
1094,1094,0,0000000,00,3,3,3,0000000000000000,0,0,3,978a1b995120dcdc,0,1,0000000000000000,0000000000000000,0000000000000000,0,0
1095,1095,0,0000000,00,3,3,3,0000000000000000,0,0,3,978a1b995120dcdc,0,1,0000000000000000,0000000000000000,0000000000000000,0,0
1096,1096,0,0000000,00,3,3,3,0000000000000000,0,0,3,978a1b995120dcdc,0,1,0000000000000000,0000000000000000,0000000000000000,0,0
1097,1097,0,0000000,00,3,3,3,0000000000000000,0,0,3,978a1b995120dcdc,0,1,0000000000000000,0000000000000000,0000000000000000,0,0
1098,1098,0,0000000,00,3,3,3,0000000000000000,0,0,3,978a1b995120dcdc,0,1,0000000000000000,0000000000000000,0000000000000000,0,0
1099,1099,0,0000000,00,3,3,3,0000000000000000,0,0,3,978a1b995120dcdc,0,1,0000000000000000,0000000000000000,0000000000000000,0,0
1100,1100,0,0000000,00,3,3,3,0000000000000000,0,0,3,978a1b995120dcdc,0,1,0000000000000000,0000000000000000,0000000000000000,0,0
1101,1101,0,0000000,00,3,3,3,0000000000000000,0,0,3,978a1b995120dcdc,0,1,0000000000000000,0000000000000000,0000000000000000,0,0
1102,1102,0,0000000,00,3,3,3,0000000000000000,0,0,3,978a1b995120dcdc,0,1,0000000000000000,0000000000000000,0000000000000000,0,0
1103,1103,0,0000000,00,3,3,3,0000000000000000,0,0,3,978a1b995120dcdc,0,1,0000000000000000,0000000000000000,0000000000000000,0,0
1104,1104,0,0000000,00,3,3,3,0000000000000000,0,0,3,978a1b995120dcdc,0,1,0000000000000000,0000000000000000,0000000000000000,0,0
1105,1105,0,0000000,00,3,3,3,0000000000000000,0,0,3,978a1b995120dcdc,0,1,0000000000000000,0000000000000000,0000000000000000,0,0
1106,1106,0,0000000,00,3,3,3,0000000000000000,0,0,3,978a1b995120dcdc,0,1,0000000000000000,0000000000000000,0000000000000000,0,0
1107,1107,0,0000000,00,3,3,3,0000000000000000,0,0,3,978a1b995120dcdc,0,1,0000000000000000,0000000000000000,0000000000000000,0,0
1108,1108,0,0000000,00,3,3,3,0000000000000000,0,0,3,978a1b995120dcdc,0,1,0000000000000000,0000000000000000,0000000000000000,0,0
1109,1109,0,0000000,00,3,3,3,0000000000000000,0,0,3,978a1b995120dcdc,0,1,0000000000000000,0000000000000000,0000000000000000,0,0
1110,1110,0,0000000,00,3,3,3,0000000000000000,0,0,3,978a1b995120dcdc,0,1,0000000000000000,0000000000000000,0000000000000000,0,0
1111,1111,0,0000000,00,3,3,3,0000000000000000,0,0,3,978a1b995120dcdc,0,1,0000000000000000,0000000000000000,0000000000000000,0,0
1112,1112,0,0000000,00,3,3,3,0000000000000000,0,0,3,978a1b995120dcdc,0,1,0000000000000000,0000000000000000,0000000000000000,0,0
1113,1113,0,0000000,00,3,3,3,0000000000000000,0,0,3,978a1b995120dcdc,0,1,0000000000000000,0000000000000000,0000000000000000,0,0
1114,1114,0,0000000,00,3,3,3,0000000000000000,0,0,3,978a1b995120dcdc,0,1,0000000000000000,0000000000000000,0000000000000000,0,0
1115,1115,0,0000000,00,3,3,3,0000000000000000,0,0,3,978a1b995120dcdc,0,1,0000000000000000,0000000000000000,0000000000000000,0,0
1116,1116,0,0000000,00,3,3,3,0000000000000000,0,0,3,978a1b995120dcdc,0,1,0000000000000000,0000000000000000,0000000000000000,0,0
1117,1117,0,0000000,00,3,3,3,0000000000000000,0,0,3,978a1b995120dcdc,0,1,0000000000000000,0000000000000000,0000000000000000,0,0
1118,1118,0,0000000,00,3,3,3,0000000000000000,0,0,3,978a1b995120dcdc,0,1,0000000000000000,0000000000000000,0000000000000000,0,0
1119,1119,0,0000000,00,3,3,3,0000000000000000,0,0,3,978a1b995120dcdc,0,1,0000000000000000,0000000000000000,0000000000000000,0,0
1120,1120,0,0000000,00,3,3,3,0000000000000000,0,0,3,978a1b995120dcdc,0,1,0000000000000000,0000000000000000,0000000000000000,0,0
1121,1121,0,0000000,00,3,3,3,0000000000000000,0,0,3,978a1b995120dcdc,0,1,0000000000000000,0000000000000000,0000000000000000,0,0
1122,1122,0,0000000,00,3,3,3,0000000000000000,0,0,3,978a1b995120dcdc,0,1,0000000000000000,0000000000000000,0000000000000000,0,0
1123,1123,0,0000000,00,3,3,3,0000000000000000,0,0,3,978a1b995120dcdc,0,1,0000000000000000,0000000000000000,0000000000000000,0,0
1124,1124,0,0000000,00,3,3,3,0000000000000000,0,0,3,978a1b995120dcdc,0,1,0000000000000000,0000000000000000,0000000000000000,0,0
1125,1125,0,0000000,00,3,3,3,0000000000000000,0,0,3,978a1b995120dcdc,0,1,0000000000000000,0000000000000000,0000000000000000,0,0
1126,1126,0,0000000,00,3,3,3,0000000000000000,0,0,3,978a1b995120dcdc,0,1,0000000000000000,0000000000000000,0000000000000000,0,0
1127,1127,0,0000000,00,3,3,3,0000000000000000,0,0,3,978a1b995120dcdc,0,1,0000000000000000,0000000000000000,0000000000000000,0,0
1128,1128,0,0000000,00,3,3,3,0000000000000000,0,0,3,978a1b995120dcdc,0,1,0000000000000000,0000000000000000,0000000000000000,0,0
1129,1129,0,0000000,00,3,3,3,0000000000000000,0,0,3,978a1b995120dcdc,0,1,0000000000000000,0000000000000000,0000000000000000,0,0
1130,1130,0,0000000,00,3,3,3,0000000000000000,0,0,3,978a1b995120dcdc,0,1,0000000000000000,0000000000000000,0000000000000000,0,0
1131,1131,0,0000000,00,3,3,3,0000000000000000,0,0,3,978a1b995120dcdc,0,1,0000000000000000,0000000000000000,0000000000000000,0,0
1132,1132,0,0000000,00,3,3,3,0000000000000000,0,0,3,978a1b995120dcdc,0,1,0000000000000000,0000000000000000,0000000000000000,0,0
1133,1133,0,0000000,00,3,3,3,0000000000000000,0,0,3,978a1b995120dcdc,0,1,0000000000000000,0000000000000000,0000000000000000,0,0
1134,1134,0,0000000,00,3,3,3,0000000000000000,0,0,3,978a1b995120dcdc,0,1,0000000000000000,0000000000000000,0000000000000000,0,0
1135,1135,0,0000000,00,3,3,3,0000000000000000,0,0,3,978a1b995120dcdc,0,1,0000000000000000,0000000000000000,0000000000000000,0,0
1136,1136,0,0000000,00,3,3,3,0000000000000000,0,0,3,978a1b995120dcdc,0,1,0000000000000000,0000000000000000,0000000000000000,0,0
1137,1137,0,0000000,00,3,3,3,0000000000000000,0,0,3,978a1b995120dcdc,0,1,0000000000000000,0000000000000000,0000000000000000,0,0
1138,1138,0,0000000,00,3,3,3,0000000000000000,0,0,3,978a1b995120dcdc,0,1,0000000000000000,0000000000000000,0000000000000000,0,0
1139,1139,0,0000000,00,3,3,3,0000000000000000,0,0,3,978a1b995120dcdc,0,1,0000000000000000,0000000000000000,0000000000000000,0,0
1140,1140,0,0000000,00,3,3,3,0000000000000000,0,0,3,978a1b995120dcdc,0,1,0000000000000000,0000000000000000,0000000000000000,0,0
1141,1141,0,0000000,00,3,3,3,0000000000000000,0,0,3,978a1b995120dcdc,0,1,0000000000000000,0000000000000000,0000000000000000,0,0
1142,1142,0,0000000,00,3,3,3,0000000000000000,0,0,3,978a1b995120dcdc,0,1,0000000000000000,0000000000000000,0000000000000000,0,0
1143,1143,0,0000000,00,3,3,3,0000000000000000,0,0,3,978a1b995120dcdc,0,1,0000000000000000,0000000000000000,0000000000000000,0,0
1144,1144,0,0000000,00,3,3,3,0000000000000000,0,0,3,978a1b995120dcdc,0,1,0000000000000000,0000000000000000,0000000000000000,0,0
1145,1145,0,0000000,00,3,3,3,0000000000000000,0,0,3,978a1b995120dcdc,0,1,0000000000000000,0000000000000000,0000000000000000,0,0
1146,1146,0,0000000,00,3,3,3,0000000000000000,0,0,3,978a1b995120dcdc,0,1,0000000000000000,0000000000000000,0000000000000000,0,0
1147,1147,0,0000000,00,3,3,3,0000000000000000,0,0,3,978a1b995120dcdc,0,1,0000000000000000,0000000000000000,0000000000000000,0,0
1148,1148,0,0000000,00,3,3,3,0000000000000000,0,0,3,978a1b995120dcdc,0,1,0000000000000000,0000000000000000,0000000000000000,0,0
1149,1149,0,0000000,00,3,3,3,0000000000000000,0,0,3,978a1b995120dcdc,0,1,0000000000000000,0000000000000000,0000000000000000,0,0
1150,1150,0,0000000,00,3,3,3,0000000000000000,0,0,3,978a1b995120dcdc,0,1,0000000000000000,0000000000000000,0000000000000000,0,0
1151,1151,0,0000000,00,3,3,3,0000000000000000,0,0,3,978a1b995120dcdc,0,1,0000000000000000,0000000000000000,0000000000000000,0,0
1152,1152,0,0000000,00,3,3,3,0000000000000000,0,0,3,978a1b995120dcdc,0,1,0000000000000000,0000000000000000,0000000000000000,0,0
1153,1153,0,0000000,00,3,3,3,0000000000000000,0,0,3,978a1b995120dcdc,0,1,0000000000000000,0000000000000000,0000000000000000,0,0
1154,1154,0,0000000,00,3,3,3,0000000000000000,0,0,3,978a1b995120dcdc,0,1,0000000000000000,0000000000000000,0000000000000000,0,0
1155,1155,0,0000000,00,3,3,3,0000000000000000,0,0,3,978a1b995120dcdc,0,1,0000000000000000,0000000000000000,0000000000000000,0,0
1156,1156,0,0000000,00,3,3,3,0000000000000000,0,0,3,978a1b995120dcdc,0,1,0000000000000000,0000000000000000,0000000000000000,0,0
1157,1157,0,0000000,00,3,3,3,0000000000000000,0,0,3,978a1b995120dcdc,0,1,0000000000000000,0000000000000000,0000000000000000,0,0
1158,1158,0,0000000,00,3,3,3,0000000000000000,0,0,3,978a1b995120dcdc,0,1,0000000000000000,0000000000000000,0000000000000000,0,0
1159,1159,0,0000000,00,3,3,3,0000000000000000,0,0,3,978a1b995120dcdc,0,1,0000000000000000,0000000000000000,0000000000000000,0,0
1160,1160,0,0000000,00,3,3,3,0000000000000000,0,0,3,978a1b995120dcdc,0,1,0000000000000000,0000000000000000,0000000000000000,0,0
1161,1161,0,0000000,00,3,3,3,0000000000000000,0,0,3,978a1b995120dcdc,0,1,0000000000000000,0000000000000000,0000000000000000,0,0
1162,1162,0,0000000,00,3,3,3,0000000000000000,0,0,3,978a1b995120dcdc,0,1,0000000000000000,0000000000000000,0000000000000000,0,0
1163,1163,0,0000000,00,3,3,3,0000000000000000,0,0,3,978a1b995120dcdc,0,1,0000000000000000,0000000000000000,0000000000000000,0,0
1164,1164,0,0000000,00,3,3,3,0000000000000000,0,0,3,978a1b995120dcdc,0,1,0000000000000000,0000000000000000,0000000000000000,0,0
1165,1165,0,0000000,00,3,3,3,0000000000000000,0,0,3,978a1b995120dcdc,0,1,0000000000000000,0000000000000000,0000000000000000,0,0
1166,1166,0,0000000,00,3,3,3,0000000000000000,0,0,3,978a1b995120dcdc,0,1,0000000000000000,0000000000000000,0000000000000000,0,0
1167,1167,0,0000000,00,3,3,3,0000000000000000,0,0,3,978a1b995120dcdc,0,1,0000000000000000,0000000000000000,0000000000000000,0,0
1168,1168,0,0000000,00,3,3,3,0000000000000000,0,0,3,978a1b995120dcdc,0,1,0000000000000000,0000000000000000,0000000000000000,0,0
1169,1169,0,0000000,00,3,3,3,0000000000000000,0,0,3,978a1b995120dcdc,0,1,0000000000000000,0000000000000000,0000000000000000,0,0
1170,1170,0,0000000,00,3,3,3,0000000000000000,0,0,3,978a1b995120dcdc,0,1,0000000000000000,0000000000000000,0000000000000000,0,0
1171,1171,0,0000000,00,3,3,3,0000000000000000,0,0,3,978a1b995120dcdc,0,1,0000000000000000,0000000000000000,0000000000000000,0,0
1172,1172,0,0000000,00,3,3,3,0000000000000000,0,0,3,978a1b995120dcdc,0,1,0000000000000000,0000000000000000,0000000000000000,0,0
1173,1173,0,0000000,00,3,3,3,0000000000000000,0,0,3,978a1b995120dcdc,0,1,0000000000000000,0000000000000000,0000000000000000,0,0
1174,1174,0,0000000,00,3,3,3,0000000000000000,0,0,3,978a1b995120dcdc,0,1,0000000000000000,0000000000000000,0000000000000000,0,0
1175,1175,0,0000000,00,3,3,3,0000000000000000,0,0,3,978a1b995120dcdc,0,1,0000000000000000,0000000000000000,0000000000000000,0,0
1176,1176,0,0000000,00,3,3,3,0000000000000000,0,0,3,978a1b995120dcdc,0,1,0000000000000000,0000000000000000,0000000000000000,0,0
1177,1177,0,0000000,00,3,3,3,0000000000000000,0,0,3,978a1b995120dcdc,0,1,0000000000000000,0000000000000000,0000000000000000,0,0
1178,1178,0,0000000,00,3,3,3,0000000000000000,0,0,3,978a1b995120dcdc,0,1,0000000000000000,0000000000000000,0000000000000000,0,0
1179,1179,0,0000000,00,3,3,3,0000000000000000,0,0,3,978a1b995120dcdc,0,1,0000000000000000,0000000000000000,0000000000000000,0,0
1180,1180,0,0000000,00,3,3,3,0000000000000000,0,0,3,978a1b995120dcdc,0,1,0000000000000000,0000000000000000,0000000000000000,0,0
1181,1181,0,0000000,00,3,3,3,0000000000000000,0,0,3,978a1b995120dcdc,0,1,0000000000000000,0000000000000000,0000000000000000,0,0
1182,1182,0,0000000,00,3,3,3,0000000000000000,0,0,3,978a1b995120dcdc,0,1,0000000000000000,0000000000000000,0000000000000000,0,0
1183,1183,0,0000000,00,3,3,3,0000000000000000,0,0,3,978a1b995120dcdc,0,1,0000000000000000,0000000000000000,0000000000000000,0,0
1184,1184,0,0000000,00,3,3,3,0000000000000000,0,0,3,978a1b995120dcdc,0,1,0000000000000000,0000000000000000,0000000000000000,0,0
1185,1185,0,0000000,00,3,3,3,0000000000000000,0,0,3,978a1b995120dcdc,0,1,0000000000000000,0000000000000000,0000000000000000,0,0
1186,1186,0,0000000,00,3,3,3,0000000000000000,0,0,3,978a1b995120dcdc,0,1,0000000000000000,0000000000000000,0000000000000000,0,0
1187,1187,0,0000000,00,3,3,3,0000000000000000,0,0,3,978a1b995120dcdc,0,1,0000000000000000,0000000000000000,0000000000000000,0,0
1188,1188,0,0000000,00,3,3,3,0000000000000000,0,0,3,978a1b995120dcdc,0,1,0000000000000000,0000000000000000,0000000000000000,0,0
1189,1189,0,0000000,00,3,3,3,0000000000000000,0,0,3,978a1b995120dcdc,0,1,0000000000000000,0000000000000000,0000000000000000,0,0
1190,1190,0,0000000,00,3,3,3,0000000000000000,0,0,3,978a1b995120dcdc,0,1,0000000000000000,0000000000000000,0000000000000000,0,0
1191,1191,0,0000000,00,3,3,3,0000000000000000,0,0,3,978a1b995120dcdc,0,1,0000000000000000,0000000000000000,0000000000000000,0,0
1192,1192,0,0000000,00,3,3,3,0000000000000000,0,0,3,978a1b995120dcdc,0,1,0000000000000000,0000000000000000,0000000000000000,0,0
1193,1193,0,0000000,00,3,3,3,0000000000000000,0,0,3,978a1b995120dcdc,0,1,0000000000000000,0000000000000000,0000000000000000,0,0
1194,1194,0,0000000,00,3,3,3,0000000000000000,0,0,3,978a1b995120dcdc,0,1,0000000000000000,0000000000000000,0000000000000000,0,0
1195,1195,0,0000000,00,3,3,3,0000000000000000,0,0,3,978a1b995120dcdc,0,1,0000000000000000,0000000000000000,0000000000000000,0,0
1196,1196,0,0000000,00,3,3,3,0000000000000000,0,0,3,978a1b995120dcdc,0,1,0000000000000000,0000000000000000,0000000000000000,0,0
1197,1197,0,0000000,00,3,3,3,0000000000000000,0,0,3,978a1b995120dcdc,0,1,0000000000000000,0000000000000000,0000000000000000,0,0
1198,1198,0,0000000,00,3,3,3,0000000000000000,0,0,3,978a1b995120dcdc,0,1,0000000000000000,0000000000000000,0000000000000000,0,0
1199,1199,0,0000000,00,3,3,3,0000000000000000,0,0,3,978a1b995120dcdc,0,1,0000000000000000,0000000000000000,0000000000000000,0,0
1200,1200,0,0000000,00,3,3,3,0000000000000000,0,0,3,978a1b995120dcdc,0,1,0000000000000000,0000000000000000,0000000000000000,0,0
1201,1201,0,0000000,00,3,3,3,0000000000000000,0,0,3,978a1b995120dcdc,0,1,0000000000000000,0000000000000000,0000000000000000,0,0
1202,1202,0,0000000,00,3,3,3,0000000000000000,0,0,3,978a1b995120dcdc,0,1,0000000000000000,0000000000000000,0000000000000000,0,0
1203,1203,0,0000000,00,3,3,3,0000000000000000,0,0,3,978a1b995120dcdc,0,1,0000000000000000,0000000000000000,0000000000000000,0,0
1204,1204,0,0000000,00,3,3,3,0000000000000000,0,0,3,978a1b995120dcdc,0,1,0000000000000000,0000000000000000,0000000000000000,0,0
1205,1205,0,0000000,00,3,3,3,0000000000000000,0,0,3,978a1b995120dcdc,0,1,0000000000000000,0000000000000000,0000000000000000,0,0
1206,1206,0,0000000,00,3,3,3,0000000000000000,0,0,3,978a1b995120dcdc,0,1,0000000000000000,0000000000000000,0000000000000000,0,0
1207,1207,0,0000000,00,3,3,3,0000000000000000,0,0,3,978a1b995120dcdc,0,1,0000000000000000,0000000000000000,0000000000000000,0,0
1208,1208,0,0000000,00,3,3,3,0000000000000000,0,0,3,978a1b995120dcdc,0,1,0000000000000000,0000000000000000,0000000000000000,0,0
1209,1209,0,0000000,00,3,3,3,0000000000000000,0,0,3,978a1b995120dcdc,0,1,0000000000000000,0000000000000000,0000000000000000,0,0
1210,1210,0,0000000,00,3,3,3,0000000000000000,0,0,3,978a1b995120dcdc,0,1,0000000000000000,0000000000000000,0000000000000000,0,0
1211,1211,0,0000000,00,3,3,3,0000000000000000,0,0,3,978a1b995120dcdc,0,1,0000000000000000,0000000000000000,0000000000000000,0,0
1212,1212,0,0000000,00,3,3,3,0000000000000000,0,0,3,978a1b995120dcdc,0,1,0000000000000000,0000000000000000,0000000000000000,0,0
1213,1213,0,0000000,00,3,3,3,0000000000000000,0,0,3,978a1b995120dcdc,0,1,0000000000000000,0000000000000000,0000000000000000,0,0
1214,1214,0,0000000,00,3,3,3,0000000000000000,0,0,3,978a1b995120dcdc,0,1,0000000000000000,0000000000000000,0000000000000000,0,0
1215,1215,0,0000000,00,3,3,3,0000000000000000,0,0,3,978a1b995120dcdc,0,1,0000000000000000,0000000000000000,0000000000000000,0,0
1216,1216,0,0000000,00,3,3,3,0000000000000000,0,0,3,978a1b995120dcdc,0,1,0000000000000000,0000000000000000,0000000000000000,0,0
1217,1217,0,0000000,00,3,3,3,0000000000000000,0,0,3,978a1b995120dcdc,0,1,0000000000000000,0000000000000000,0000000000000000,0,0
1218,1218,0,0000000,00,3,3,3,0000000000000000,0,0,3,978a1b995120dcdc,0,1,0000000000000000,0000000000000000,0000000000000000,0,0
1219,1219,0,0000000,00,3,3,3,0000000000000000,0,0,3,978a1b995120dcdc,0,1,0000000000000000,0000000000000000,0000000000000000,0,0
1220,1220,0,0000000,00,3,3,3,0000000000000000,0,0,3,978a1b995120dcdc,0,1,0000000000000000,0000000000000000,0000000000000000,0,0
1221,1221,0,0000000,00,3,3,3,0000000000000000,0,0,3,978a1b995120dcdc,0,1,0000000000000000,0000000000000000,0000000000000000,0,0
1222,1222,0,0000000,00,3,3,3,0000000000000000,0,0,3,978a1b995120dcdc,0,1,0000000000000000,0000000000000000,0000000000000000,0,0
1223,1223,0,0000000,00,3,3,3,0000000000000000,0,0,3,978a1b995120dcdc,0,1,0000000000000000,0000000000000000,0000000000000000,0,0
1224,1224,0,0000000,00,3,3,3,0000000000000000,0,0,3,978a1b995120dcdc,0,1,0000000000000000,0000000000000000,0000000000000000,0,0
1225,1225,0,0000000,00,3,3,3,0000000000000000,0,0,3,978a1b995120dcdc,0,1,0000000000000000,0000000000000000,0000000000000000,0,0
1226,1226,0,0000000,00,3,3,3,0000000000000000,0,0,3,978a1b995120dcdc,0,1,0000000000000000,0000000000000000,0000000000000000,0,0
1227,1227,0,0000000,00,3,3,3,0000000000000000,0,0,3,978a1b995120dcdc,0,1,0000000000000000,0000000000000000,0000000000000000,0,0
1228,1228,0,0000000,00,3,3,3,0000000000000000,0,0,3,978a1b995120dcdc,0,1,0000000000000000,0000000000000000,0000000000000000,0,0
1229,1229,0,0000000,00,3,3,3,0000000000000000,0,0,3,978a1b995120dcdc,0,1,0000000000000000,0000000000000000,0000000000000000,0,0
1230,1230,0,0000000,00,3,3,3,0000000000000000,0,0,3,978a1b995120dcdc,0,1,0000000000000000,0000000000000000,0000000000000000,0,0
1231,1231,0,0000000,00,3,3,3,0000000000000000,0,0,3,978a1b995120dcdc,0,1,0000000000000000,0000000000000000,0000000000000000,0,0
1232,1232,0,0000000,00,3,3,3,0000000000000000,0,0,3,978a1b995120dcdc,0,1,0000000000000000,0000000000000000,0000000000000000,0,0
1233,1233,0,0000000,00,3,3,3,0000000000000000,0,0,3,978a1b995120dcdc,0,1,0000000000000000,0000000000000000,0000000000000000,0,0
1234,1234,0,0000000,00,3,3,3,0000000000000000,0,0,3,978a1b995120dcdc,0,1,0000000000000000,0000000000000000,0000000000000000,0,0
1235,1235,0,0000000,00,3,3,3,0000000000000000,0,0,3,978a1b995120dcdc,0,1,0000000000000000,0000000000000000,0000000000000000,0,0
1236,1236,0,0000000,00,3,3,3,0000000000000000,0,0,3,978a1b995120dcdc,0,1,0000000000000000,0000000000000000,0000000000000000,0,0
1237,1237,0,0000000,00,3,3,3,0000000000000000,0,0,3,978a1b995120dcdc,0,1,0000000000000000,0000000000000000,0000000000000000,0,0
1238,1238,0,0000000,00,3,3,3,0000000000000000,0,0,3,978a1b995120dcdc,0,1,0000000000000000,0000000000000000,0000000000000000,0,0
1239,1239,0,0000000,00,3,3,3,0000000000000000,0,0,3,978a1b995120dcdc,0,1,0000000000000000,0000000000000000,0000000000000000,0,0
1240,1240,0,0000000,00,3,3,3,0000000000000000,0,0,3,978a1b995120dcdc,0,1,0000000000000000,0000000000000000,0000000000000000,0,0
1241,1241,0,0000000,00,3,3,3,0000000000000000,0,0,3,978a1b995120dcdc,0,1,0000000000000000,0000000000000000,0000000000000000,0,0
1242,1242,0,0000000,00,3,3,3,0000000000000000,0,0,3,978a1b995120dcdc,0,1,0000000000000000,0000000000000000,0000000000000000,0,0
1243,1243,0,0000000,00,3,3,3,0000000000000000,0,0,3,978a1b995120dcdc,0,1,0000000000000000,0000000000000000,0000000000000000,0,0
1244,1244,0,0000000,00,3,3,3,0000000000000000,0,0,3,978a1b995120dcdc,0,1,0000000000000000,0000000000000000,0000000000000000,0,0
1245,1245,0,0000000,00,3,3,3,0000000000000000,0,0,3,978a1b995120dcdc,0,1,0000000000000000,0000000000000000,0000000000000000,0,0
1246,1246,0,0000000,00,3,3,3,0000000000000000,0,0,3,978a1b995120dcdc,0,1,0000000000000000,0000000000000000,0000000000000000,0,0
1247,1247,0,0000000,00,3,3,3,0000000000000000,0,0,3,978a1b995120dcdc,0,1,0000000000000000,0000000000000000,0000000000000000,0,0
1248,1248,0,0000000,00,3,3,3,0000000000000000,0,0,3,978a1b995120dcdc,0,1,0000000000000000,0000000000000000,0000000000000000,0,0
1249,1249,0,0000000,00,3,3,3,0000000000000000,0,0,3,978a1b995120dcdc,0,1,0000000000000000,0000000000000000,0000000000000000,0,0
1250,1250,0,0000000,00,3,3,3,0000000000000000,0,0,3,978a1b995120dcdc,0,1,0000000000000000,0000000000000000,0000000000000000,0,0
1251,1251,0,0000000,00,3,3,3,0000000000000000,0,0,3,978a1b995120dcdc,0,1,0000000000000000,0000000000000000,0000000000000000,0,0
1252,1252,0,0000000,00,3,3,3,0000000000000000,0,0,3,978a1b995120dcdc,0,1,0000000000000000,0000000000000000,0000000000000000,0,0
1253,1253,0,0000000,00,3,3,3,0000000000000000,0,0,3,978a1b995120dcdc,0,1,0000000000000000,0000000000000000,0000000000000000,0,0
1254,1254,0,0000000,00,3,3,3,0000000000000000,0,0,3,978a1b995120dcdc,0,1,0000000000000000,0000000000000000,0000000000000000,0,0
1255,1255,0,0000000,00,3,3,3,0000000000000000,0,0,3,978a1b995120dcdc,0,1,0000000000000000,0000000000000000,0000000000000000,0,0
1256,1256,0,0000000,00,3,3,3,0000000000000000,0,0,3,978a1b995120dcdc,0,1,0000000000000000,0000000000000000,0000000000000000,0,0
1257,1257,0,0000000,00,3,3,3,0000000000000000,0,0,3,978a1b995120dcdc,0,1,0000000000000000,0000000000000000,0000000000000000,0,0
1258,1258,0,0000000,00,3,3,3,0000000000000000,0,0,3,978a1b995120dcdc,0,1,0000000000000000,0000000000000000,0000000000000000,0,0
1259,1259,0,0000000,00,3,3,3,0000000000000000,0,0,3,978a1b995120dcdc,0,1,0000000000000000,0000000000000000,0000000000000000,0,0
1260,1260,0,0000000,00,3,3,3,0000000000000000,0,0,3,978a1b995120dcdc,0,1,0000000000000000,0000000000000000,0000000000000000,0,0
1261,1261,0,0000000,00,3,3,3,0000000000000000,0,0,3,978a1b995120dcdc,0,1,0000000000000000,0000000000000000,0000000000000000,0,0
1262,1262,0,0000000,00,3,3,3,0000000000000000,0,0,3,978a1b995120dcdc,0,1,0000000000000000,0000000000000000,0000000000000000,0,0
1263,1263,0,0000000,00,3,3,3,0000000000000000,0,0,3,978a1b995120dcdc,0,1,0000000000000000,0000000000000000,0000000000000000,0,0
1264,1264,0,0000000,00,3,3,3,0000000000000000,0,0,3,978a1b995120dcdc,0,1,0000000000000000,0000000000000000,0000000000000000,0,0
1265,1265,0,0000000,00,3,3,3,0000000000000000,0,0,3,978a1b995120dcdc,0,1,0000000000000000,0000000000000000,0000000000000000,0,0
1266,1266,0,0000000,00,3,3,3,0000000000000000,0,0,3,978a1b995120dcdc,0,1,0000000000000000,0000000000000000,0000000000000000,0,0
1267,1267,0,0000000,00,3,3,3,0000000000000000,0,0,3,978a1b995120dcdc,0,1,0000000000000000,0000000000000000,0000000000000000,0,0
1268,1268,0,0000000,00,3,3,3,0000000000000000,0,0,3,978a1b995120dcdc,0,1,0000000000000000,0000000000000000,0000000000000000,0,0
1269,1269,0,0000000,00,3,3,3,0000000000000000,0,0,3,978a1b995120dcdc,0,1,0000000000000000,0000000000000000,0000000000000000,0,0
1270,1270,0,0000000,00,3,3,3,0000000000000000,0,0,3,978a1b995120dcdc,0,1,0000000000000000,0000000000000000,0000000000000000,0,0
1271,1271,0,0000000,00,3,3,3,0000000000000000,0,0,3,978a1b995120dcdc,0,1,0000000000000000,0000000000000000,0000000000000000,0,0
1272,1272,0,0000000,00,3,3,3,0000000000000000,0,0,3,978a1b995120dcdc,0,1,0000000000000000,0000000000000000,0000000000000000,0,0
1273,1273,0,0000000,00,3,3,3,0000000000000000,0,0,3,978a1b995120dcdc,0,1,0000000000000000,0000000000000000,0000000000000000,0,0
1274,1274,0,0000000,00,3,3,3,0000000000000000,0,0,3,978a1b995120dcdc,0,1,0000000000000000,0000000000000000,0000000000000000,0,0
1275,1275,0,0000000,00,3,3,3,0000000000000000,0,0,3,978a1b995120dcdc,0,1,0000000000000000,0000000000000000,0000000000000000,0,0
1276,1276,0,0000000,00,3,3,3,0000000000000000,0,0,3,978a1b995120dcdc,0,1,0000000000000000,0000000000000000,0000000000000000,0,0
1277,1277,0,0000000,00,3,3,3,0000000000000000,0,0,3,978a1b995120dcdc,0,1,0000000000000000,0000000000000000,0000000000000000,0,0
1278,1278,0,0000000,00,3,3,3,0000000000000000,0,0,3,978a1b995120dcdc,0,1,0000000000000000,0000000000000000,0000000000000000,0,0
1279,1279,0,0000000,00,3,3,3,0000000000000000,0,0,3,978a1b995120dcdc,0,1,0000000000000000,0000000000000000,0000000000000000,0,0
1280,1280,0,0000000,00,3,3,3,0000000000000000,0,0,3,978a1b995120dcdc,0,1,0000000000000000,0000000000000000,0000000000000000,0,0
1281,1281,0,0000000,00,3,3,3,0000000000000000,0,0,3,978a1b995120dcdc,0,1,0000000000000000,0000000000000000,0000000000000000,0,0
1282,1282,0,0000000,00,3,3,3,0000000000000000,0,0,3,978a1b995120dcdc,0,1,0000000000000000,0000000000000000,0000000000000000,0,0
1283,1283,0,0000000,00,3,3,3,0000000000000000,0,0,3,978a1b995120dcdc,0,1,0000000000000000,0000000000000000,0000000000000000,0,0
1284,1284,0,0000000,00,3,3,3,0000000000000000,0,0,3,978a1b995120dcdc,0,1,0000000000000000,0000000000000000,0000000000000000,0,0
1285,1285,0,0000000,00,3,3,3,0000000000000000,0,0,3,978a1b995120dcdc,0,1,0000000000000000,0000000000000000,0000000000000000,0,0
1286,1286,0,0000000,00,3,3,3,0000000000000000,0,0,3,978a1b995120dcdc,0,1,0000000000000000,0000000000000000,0000000000000000,0,0
1287,1287,0,0000000,00,3,3,3,0000000000000000,0,0,3,978a1b995120dcdc,0,1,0000000000000000,0000000000000000,0000000000000000,0,0
1288,1288,0,0000000,00,3,3,3,0000000000000000,0,0,3,978a1b995120dcdc,0,1,0000000000000000,0000000000000000,0000000000000000,0,0
1289,1289,0,0000000,00,3,3,3,0000000000000000,0,0,3,978a1b995120dcdc,0,1,0000000000000000,0000000000000000,0000000000000000,0,0
1290,1290,0,0000000,00,3,3,3,0000000000000000,0,0,3,978a1b995120dcdc,0,1,0000000000000000,0000000000000000,0000000000000000,0,0
1291,1291,0,0000000,00,3,3,3,0000000000000000,0,0,3,978a1b995120dcdc,0,1,0000000000000000,0000000000000000,0000000000000000,0,0
1292,1292,0,0000000,00,3,3,3,0000000000000000,0,0,3,978a1b995120dcdc,0,1,0000000000000000,0000000000000000,0000000000000000,0,0
1293,1293,0,0000000,00,3,3,3,0000000000000000,0,0,3,978a1b995120dcdc,0,1,0000000000000000,0000000000000000,0000000000000000,0,0
1294,1294,0,0000000,00,3,3,3,0000000000000000,0,0,3,978a1b995120dcdc,0,1,0000000000000000,0000000000000000,0000000000000000,0,0
1295,1295,0,0000000,00,3,3,3,0000000000000000,0,0,3,978a1b995120dcdc,0,1,0000000000000000,0000000000000000,0000000000000000,0,0
1296,1296,0,0000000,00,3,3,3,0000000000000000,0,0,3,978a1b995120dcdc,0,1,0000000000000000,0000000000000000,0000000000000000,0,0
1297,1297,0,0000000,00,3,3,3,0000000000000000,0,0,3,978a1b995120dcdc,0,1,0000000000000000,0000000000000000,0000000000000000,0,0
1298,1298,0,0000000,00,3,3,3,0000000000000000,0,0,3,978a1b995120dcdc,0,1,0000000000000000,0000000000000000,0000000000000000,0,0
1299,1299,0,0000000,00,3,3,3,0000000000000000,0,0,3,978a1b995120dcdc,0,1,0000000000000000,0000000000000000,0000000000000000,0,0
1300,1300,0,0000000,00,3,3,3,0000000000000000,0,0,3,978a1b995120dcdc,0,1,0000000000000000,0000000000000000,0000000000000000,0,0
1301,1301,0,0000000,00,3,3,3,0000000000000000,0,0,3,978a1b995120dcdc,0,1,0000000000000000,0000000000000000,0000000000000000,0,0
1302,1302,0,0000000,00,3,3,3,0000000000000000,0,0,3,978a1b995120dcdc,0,1,0000000000000000,0000000000000000,0000000000000000,0,0
1303,1303,0,0000000,00,3,3,3,0000000000000000,0,0,3,978a1b995120dcdc,0,1,0000000000000000,0000000000000000,0000000000000000,0,0
1304,1304,0,0000000,00,3,3,3,0000000000000000,0,0,3,978a1b995120dcdc,0,1,0000000000000000,0000000000000000,0000000000000000,0,0
1305,1305,0,0000000,00,3,3,3,0000000000000000,0,0,3,978a1b995120dcdc,0,1,0000000000000000,0000000000000000,0000000000000000,0,0
1306,1306,0,0000000,00,3,3,3,0000000000000000,0,0,3,978a1b995120dcdc,0,1,0000000000000000,0000000000000000,0000000000000000,0,0
1307,1307,0,0000000,00,3,3,3,0000000000000000,0,0,3,978a1b995120dcdc,0,1,0000000000000000,0000000000000000,0000000000000000,0,0
1308,1308,0,0000000,00,3,3,3,0000000000000000,0,0,3,978a1b995120dcdc,0,1,0000000000000000,0000000000000000,0000000000000000,0,0
1309,1309,0,0000000,00,3,3,3,0000000000000000,0,0,3,978a1b995120dcdc,0,1,0000000000000000,0000000000000000,0000000000000000,0,0
1310,1310,0,0000000,00,3,3,3,0000000000000000,0,0,3,978a1b995120dcdc,0,1,0000000000000000,0000000000000000,0000000000000000,0,0
1311,1311,0,0000000,00,3,3,3,0000000000000000,0,0,3,978a1b995120dcdc,0,1,0000000000000000,0000000000000000,0000000000000000,0,0
1312,1312,0,0000000,00,3,3,3,0000000000000000,0,0,3,978a1b995120dcdc,0,1,0000000000000000,0000000000000000,0000000000000000,0,0
1313,1313,0,0000000,00,3,3,3,0000000000000000,0,0,3,978a1b995120dcdc,0,1,0000000000000000,0000000000000000,0000000000000000,0,0
1314,1314,0,0000000,00,3,3,3,0000000000000000,0,0,3,978a1b995120dcdc,0,1,0000000000000000,0000000000000000,0000000000000000,0,0
1315,1315,0,0000000,00,3,3,3,0000000000000000,0,0,3,978a1b995120dcdc,0,1,0000000000000000,0000000000000000,0000000000000000,0,0
1316,1316,0,0000000,00,3,3,3,0000000000000000,0,0,3,978a1b995120dcdc,0,1,0000000000000000,0000000000000000,0000000000000000,0,0
1317,1317,0,0000000,00,3,3,3,0000000000000000,0,0,3,978a1b995120dcdc,0,1,0000000000000000,0000000000000000,0000000000000000,0,0
1318,1318,0,0000000,00,3,3,3,0000000000000000,0,0,3,978a1b995120dcdc,0,1,0000000000000000,0000000000000000,0000000000000000,0,0
1319,1319,0,0000000,00,3,3,3,0000000000000000,0,0,3,978a1b995120dcdc,0,1,0000000000000000,0000000000000000,0000000000000000,0,0
1320,1320,0,0000000,00,3,3,3,0000000000000000,0,0,3,978a1b995120dcdc,0,1,0000000000000000,0000000000000000,0000000000000000,0,0
1321,1321,0,0000000,00,3,3,3,0000000000000000,0,0,3,978a1b995120dcdc,0,1,0000000000000000,0000000000000000,0000000000000000,0,0
1322,1322,0,0000000,00,3,3,3,0000000000000000,0,0,3,978a1b995120dcdc,0,1,0000000000000000,0000000000000000,0000000000000000,0,0
1323,1323,0,0000000,00,3,3,3,0000000000000000,0,0,3,978a1b995120dcdc,0,1,0000000000000000,0000000000000000,0000000000000000,0,0
1324,1324,0,0000000,00,3,3,3,0000000000000000,0,0,3,978a1b995120dcdc,0,1,0000000000000000,0000000000000000,0000000000000000,0,0
1325,1325,0,0000000,00,3,3,3,0000000000000000,0,0,3,978a1b995120dcdc,0,1,0000000000000000,0000000000000000,0000000000000000,0,0
1326,1326,0,0000000,00,3,3,3,0000000000000000,0,0,3,978a1b995120dcdc,0,1,0000000000000000,0000000000000000,0000000000000000,0,0
1327,1327,0,0000000,00,3,3,3,0000000000000000,0,0,3,978a1b995120dcdc,0,1,0000000000000000,0000000000000000,0000000000000000,0,0
1328,1328,0,0000000,00,3,3,3,0000000000000000,0,0,3,978a1b995120dcdc,0,1,0000000000000000,0000000000000000,0000000000000000,0,0
1329,1329,0,0000000,00,3,3,3,0000000000000000,0,0,3,978a1b995120dcdc,0,1,0000000000000000,0000000000000000,0000000000000000,0,0
1330,1330,0,0000000,00,3,3,3,0000000000000000,0,0,3,978a1b995120dcdc,0,1,0000000000000000,0000000000000000,0000000000000000,0,0
1331,1331,0,0000000,00,3,3,3,0000000000000000,0,0,3,978a1b995120dcdc,0,1,0000000000000000,0000000000000000,0000000000000000,0,0
1332,1332,0,0000000,00,3,3,3,0000000000000000,0,0,3,978a1b995120dcdc,0,1,0000000000000000,0000000000000000,0000000000000000,0,0
1333,1333,0,0000000,00,3,3,3,0000000000000000,0,0,3,978a1b995120dcdc,0,1,0000000000000000,0000000000000000,0000000000000000,0,0
1334,1334,0,0000000,00,3,3,3,0000000000000000,0,0,3,978a1b995120dcdc,0,1,0000000000000000,0000000000000000,0000000000000000,0,0
1335,1335,0,0000000,00,3,3,3,0000000000000000,0,0,3,978a1b995120dcdc,0,1,0000000000000000,0000000000000000,0000000000000000,0,0
1336,1336,0,0000000,00,3,3,3,0000000000000000,0,0,3,978a1b995120dcdc,0,1,0000000000000000,0000000000000000,0000000000000000,0,0
1337,1337,0,0000000,00,3,3,3,0000000000000000,0,0,3,978a1b995120dcdc,0,1,0000000000000000,0000000000000000,0000000000000000,0,0
1338,1338,0,0000000,00,3,3,3,0000000000000000,0,0,3,978a1b995120dcdc,0,1,0000000000000000,0000000000000000,0000000000000000,0,0
1339,1339,0,0000000,00,3,3,3,0000000000000000,0,0,3,978a1b995120dcdc,0,1,0000000000000000,0000000000000000,0000000000000000,0,0
1340,1340,0,0000000,00,3,3,3,0000000000000000,0,0,3,978a1b995120dcdc,0,1,0000000000000000,0000000000000000,0000000000000000,0,0
1341,1341,0,0000000,00,3,3,3,0000000000000000,0,0,3,978a1b995120dcdc,0,1,0000000000000000,0000000000000000,0000000000000000,0,0
1342,1342,0,0000000,00,3,3,3,0000000000000000,0,0,3,978a1b995120dcdc,0,1,0000000000000000,0000000000000000,0000000000000000,0,0
1343,1343,0,0000000,00,3,3,3,0000000000000000,0,0,3,978a1b995120dcdc,0,1,0000000000000000,0000000000000000,0000000000000000,0,0
1344,1344,0,0000000,00,3,3,3,0000000000000000,0,0,3,978a1b995120dcdc,0,1,0000000000000000,0000000000000000,0000000000000000,0,0
1345,1345,0,0000000,00,3,3,3,0000000000000000,0,0,3,978a1b995120dcdc,0,1,0000000000000000,0000000000000000,0000000000000000,0,0
1346,1346,0,0000000,00,3,3,3,0000000000000000,0,0,3,978a1b995120dcdc,0,1,0000000000000000,0000000000000000,0000000000000000,0,0
1347,1347,0,0000000,00,3,3,3,0000000000000000,0,0,3,978a1b995120dcdc,0,1,0000000000000000,0000000000000000,0000000000000000,0,0
1348,1348,0,0000000,00,3,3,3,0000000000000000,0,0,3,978a1b995120dcdc,0,1,0000000000000000,0000000000000000,0000000000000000,0,0
1349,1349,0,0000000,00,3,3,3,0000000000000000,0,0,3,978a1b995120dcdc,0,1,0000000000000000,0000000000000000,0000000000000000,0,0
1350,1350,0,0000000,00,3,3,3,0000000000000000,0,0,3,978a1b995120dcdc,0,1,0000000000000000,0000000000000000,0000000000000000,0,0
1351,1351,0,0000000,00,3,3,3,0000000000000000,0,0,3,978a1b995120dcdc,0,1,0000000000000000,0000000000000000,0000000000000000,0,0
1352,1352,0,0000000,00,3,3,3,0000000000000000,0,0,3,978a1b995120dcdc,0,1,0000000000000000,0000000000000000,0000000000000000,0,0
1353,1353,0,0000000,00,3,3,3,0000000000000000,0,0,3,978a1b995120dcdc,0,1,0000000000000000,0000000000000000,0000000000000000,0,0
1354,1354,0,0000000,00,3,3,3,0000000000000000,0,0,3,978a1b995120dcdc,0,1,0000000000000000,0000000000000000,0000000000000000,0,0
1355,1355,0,0000000,00,3,3,3,0000000000000000,0,0,3,978a1b995120dcdc,0,1,0000000000000000,0000000000000000,0000000000000000,0,0
1356,1356,0,0000000,00,3,3,3,0000000000000000,0,0,3,978a1b995120dcdc,0,1,0000000000000000,0000000000000000,0000000000000000,0,0
1357,1357,0,0000000,00,3,3,3,0000000000000000,0,0,3,978a1b995120dcdc,0,1,0000000000000000,0000000000000000,0000000000000000,0,0
1358,1358,0,0000000,00,3,3,3,0000000000000000,0,0,3,978a1b995120dcdc,0,1,0000000000000000,0000000000000000,0000000000000000,0,0
1359,1359,0,0000000,00,3,3,3,0000000000000000,0,0,3,978a1b995120dcdc,0,1,0000000000000000,0000000000000000,0000000000000000,0,0
1360,1360,0,0000000,00,3,3,3,0000000000000000,0,0,3,978a1b995120dcdc,0,1,0000000000000000,0000000000000000,0000000000000000,0,0
1361,1361,0,0000000,00,3,3,3,0000000000000000,0,0,3,978a1b995120dcdc,0,1,0000000000000000,0000000000000000,0000000000000000,0,0
1362,1362,0,0000000,00,3,3,3,0000000000000000,0,0,3,978a1b995120dcdc,0,1,0000000000000000,0000000000000000,0000000000000000,0,0
1363,1363,0,0000000,00,3,3,3,0000000000000000,0,0,3,978a1b995120dcdc,0,1,0000000000000000,0000000000000000,0000000000000000,0,0
1364,1364,0,0000000,00,3,3,3,0000000000000000,0,0,3,978a1b995120dcdc,0,1,0000000000000000,0000000000000000,0000000000000000,0,0
1365,1365,0,0000000,00,3,3,3,0000000000000000,0,0,3,978a1b995120dcdc,0,1,0000000000000000,0000000000000000,0000000000000000,0,0
1366,1366,0,0000000,00,3,3,3,0000000000000000,0,0,3,978a1b995120dcdc,0,1,0000000000000000,0000000000000000,0000000000000000,0,0
1367,1367,0,0000000,00,3,3,3,0000000000000000,0,0,3,978a1b995120dcdc,0,1,0000000000000000,0000000000000000,0000000000000000,0,0
1368,1368,0,0000000,00,3,3,3,0000000000000000,0,0,3,978a1b995120dcdc,0,1,0000000000000000,0000000000000000,0000000000000000,0,0
1369,1369,0,0000000,00,3,3,3,0000000000000000,0,0,3,978a1b995120dcdc,0,1,0000000000000000,0000000000000000,0000000000000000,0,0
1370,1370,0,0000000,00,3,3,3,0000000000000000,0,0,3,978a1b995120dcdc,0,1,0000000000000000,0000000000000000,0000000000000000,0,0
1371,1371,0,0000000,00,3,3,3,0000000000000000,0,0,3,978a1b995120dcdc,0,1,0000000000000000,0000000000000000,0000000000000000,0,0
1372,1372,0,0000000,00,3,3,3,0000000000000000,0,0,3,978a1b995120dcdc,0,1,0000000000000000,0000000000000000,0000000000000000,0,0
1373,1373,0,0000000,00,3,3,3,0000000000000000,0,0,3,978a1b995120dcdc,0,1,0000000000000000,0000000000000000,0000000000000000,0,0
1374,1374,0,0000000,00,3,3,3,0000000000000000,0,0,3,978a1b995120dcdc,0,1,0000000000000000,0000000000000000,0000000000000000,0,0
1375,1375,0,0000000,00,3,3,3,0000000000000000,0,0,3,978a1b995120dcdc,0,1,0000000000000000,0000000000000000,0000000000000000,0,0
1376,1376,0,0000000,00,3,3,3,0000000000000000,0,0,3,978a1b995120dcdc,0,1,0000000000000000,0000000000000000,0000000000000000,0,0
1377,1377,0,0000000,00,3,3,3,0000000000000000,0,0,3,978a1b995120dcdc,0,1,0000000000000000,0000000000000000,0000000000000000,0,0
1378,1378,0,0000000,00,3,3,3,0000000000000000,0,0,3,978a1b995120dcdc,0,1,0000000000000000,0000000000000000,0000000000000000,0,0
1379,1379,0,0000000,00,3,3,3,0000000000000000,0,0,3,978a1b995120dcdc,0,1,0000000000000000,0000000000000000,0000000000000000,0,0
1380,1380,0,0000000,00,3,3,3,0000000000000000,0,0,3,978a1b995120dcdc,0,1,0000000000000000,0000000000000000,0000000000000000,0,0
1381,1381,0,0000000,00,3,3,3,0000000000000000,0,0,3,978a1b995120dcdc,0,1,0000000000000000,0000000000000000,0000000000000000,0,0
1382,1382,0,0000000,00,3,3,3,0000000000000000,0,0,3,978a1b995120dcdc,0,1,0000000000000000,0000000000000000,0000000000000000,0,0
1383,1383,0,0000000,00,3,3,3,0000000000000000,0,0,3,978a1b995120dcdc,0,1,0000000000000000,0000000000000000,0000000000000000,0,0
1384,1384,0,0000000,00,3,3,3,0000000000000000,0,0,3,978a1b995120dcdc,0,1,0000000000000000,0000000000000000,0000000000000000,0,0
1385,1385,0,0000000,00,3,3,3,0000000000000000,0,0,3,978a1b995120dcdc,0,1,0000000000000000,0000000000000000,0000000000000000,0,0
1386,1386,0,0000000,00,3,3,3,0000000000000000,0,0,3,978a1b995120dcdc,0,1,0000000000000000,0000000000000000,0000000000000000,0,0
1387,1387,0,0000000,00,3,3,3,0000000000000000,0,0,3,978a1b995120dcdc,0,1,0000000000000000,0000000000000000,0000000000000000,0,0
1388,1388,0,0000000,00,3,3,3,0000000000000000,0,0,3,978a1b995120dcdc,0,1,0000000000000000,0000000000000000,0000000000000000,0,0
1389,1389,0,0000000,00,3,3,3,0000000000000000,0,0,3,978a1b995120dcdc,0,1,0000000000000000,0000000000000000,0000000000000000,0,0
1390,1390,0,0000000,00,3,3,3,0000000000000000,0,0,3,978a1b995120dcdc,0,1,0000000000000000,0000000000000000,0000000000000000,0,0
1391,1391,0,0000000,00,3,3,3,0000000000000000,0,0,3,978a1b995120dcdc,0,1,0000000000000000,0000000000000000,0000000000000000,0,0
1392,1392,0,0000000,00,3,3,3,0000000000000000,0,0,3,978a1b995120dcdc,0,1,0000000000000000,0000000000000000,0000000000000000,0,0
1393,1393,0,0000000,00,3,3,3,0000000000000000,0,0,3,978a1b995120dcdc,0,1,0000000000000000,0000000000000000,0000000000000000,0,0
1394,1394,0,0000000,00,3,3,3,0000000000000000,0,0,3,978a1b995120dcdc,0,1,0000000000000000,0000000000000000,0000000000000000,0,0
1395,1395,0,0000000,00,3,3,3,0000000000000000,0,0,3,978a1b995120dcdc,0,1,0000000000000000,0000000000000000,0000000000000000,0,0
1396,1396,0,0000000,00,3,3,3,0000000000000000,0,0,3,978a1b995120dcdc,0,1,0000000000000000,0000000000000000,0000000000000000,0,0
1397,1397,0,0000000,00,3,3,3,0000000000000000,0,0,3,978a1b995120dcdc,0,1,0000000000000000,0000000000000000,0000000000000000,0,0
1398,1398,0,0000000,00,3,3,3,0000000000000000,0,0,3,978a1b995120dcdc,0,1,0000000000000000,0000000000000000,0000000000000000,0,0
1399,1399,0,0000000,00,3,3,3,0000000000000000,0,0,3,978a1b995120dcdc,0,1,0000000000000000,0000000000000000,0000000000000000,0,0
1400,1400,0,0000000,00,3,3,3,0000000000000000,0,0,3,978a1b995120dcdc,0,1,0000000000000000,0000000000000000,0000000000000000,0,0
1401,1401,0,0000000,00,3,3,3,0000000000000000,0,0,3,978a1b995120dcdc,0,1,0000000000000000,0000000000000000,0000000000000000,0,0
1402,1402,0,0000000,00,3,3,3,0000000000000000,0,0,3,978a1b995120dcdc,0,1,0000000000000000,0000000000000000,0000000000000000,0,0
1403,1403,0,0000000,00,3,3,3,0000000000000000,0,0,3,978a1b995120dcdc,0,1,0000000000000000,0000000000000000,0000000000000000,0,0
1404,1404,0,0000000,00,3,3,3,0000000000000000,0,0,3,978a1b995120dcdc,0,1,0000000000000000,0000000000000000,0000000000000000,0,0
1405,1405,0,0000000,00,3,3,3,0000000000000000,0,0,3,978a1b995120dcdc,0,1,0000000000000000,0000000000000000,0000000000000000,0,0
1406,1406,0,0000000,00,3,3,3,0000000000000000,0,0,3,978a1b995120dcdc,0,1,0000000000000000,0000000000000000,0000000000000000,0,0
1407,1407,0,0000000,00,3,3,3,0000000000000000,0,0,3,978a1b995120dcdc,0,1,0000000000000000,0000000000000000,0000000000000000,0,0
1408,1408,0,0000000,00,3,3,3,0000000000000000,0,0,3,978a1b995120dcdc,0,1,0000000000000000,0000000000000000,0000000000000000,0,0
1409,1409,0,0000000,00,3,3,3,0000000000000000,0,0,3,978a1b995120dcdc,0,1,0000000000000000,0000000000000000,0000000000000000,0,0
1410,1410,0,0000000,00,3,3,3,0000000000000000,0,0,3,978a1b995120dcdc,0,1,0000000000000000,0000000000000000,0000000000000000,0,0
1411,1411,0,0000000,00,3,3,3,0000000000000000,0,0,3,978a1b995120dcdc,0,1,0000000000000000,0000000000000000,0000000000000000,0,0
1412,1412,0,0000000,00,3,3,3,0000000000000000,0,0,3,978a1b995120dcdc,0,1,0000000000000000,0000000000000000,0000000000000000,0,0
1413,1413,0,0000000,00,3,3,3,0000000000000000,0,0,3,978a1b995120dcdc,0,1,0000000000000000,0000000000000000,0000000000000000,0,0
1414,1414,0,0000000,00,3,3,3,0000000000000000,0,0,3,978a1b995120dcdc,0,1,0000000000000000,0000000000000000,0000000000000000,0,0
1415,1415,0,0000000,00,3,3,3,0000000000000000,0,0,3,978a1b995120dcdc,0,1,0000000000000000,0000000000000000,0000000000000000,0,0
1416,1416,0,0000000,00,3,3,3,0000000000000000,0,0,3,978a1b995120dcdc,0,1,0000000000000000,0000000000000000,0000000000000000,0,0
1417,1417,0,0000000,00,3,3,3,0000000000000000,0,0,3,978a1b995120dcdc,0,1,0000000000000000,0000000000000000,0000000000000000,0,0
1418,1418,0,0000000,00,3,3,3,0000000000000000,0,0,3,978a1b995120dcdc,0,1,0000000000000000,0000000000000000,0000000000000000,0,0
1419,1419,0,0000000,00,3,3,3,0000000000000000,0,0,3,978a1b995120dcdc,0,1,0000000000000000,0000000000000000,0000000000000000,0,0
1420,1420,0,0000000,00,3,3,3,0000000000000000,0,0,3,978a1b995120dcdc,0,1,0000000000000000,0000000000000000,0000000000000000,0,0
1421,1421,0,0000000,00,3,3,3,0000000000000000,0,0,3,978a1b995120dcdc,0,1,0000000000000000,0000000000000000,0000000000000000,0,0
1422,1422,0,0000000,00,3,3,3,0000000000000000,0,0,3,978a1b995120dcdc,0,1,0000000000000000,0000000000000000,0000000000000000,0,0
1423,1423,0,0000000,00,3,3,3,0000000000000000,0,0,3,978a1b995120dcdc,0,1,0000000000000000,0000000000000000,0000000000000000,0,0
1424,1424,0,0000000,00,3,3,3,0000000000000000,0,0,3,978a1b995120dcdc,0,1,0000000000000000,0000000000000000,0000000000000000,0,0
1425,1425,0,0000000,00,3,3,3,0000000000000000,0,0,3,978a1b995120dcdc,0,1,0000000000000000,0000000000000000,0000000000000000,0,0
1426,1426,0,0000000,00,3,3,3,0000000000000000,0,0,3,978a1b995120dcdc,0,1,0000000000000000,0000000000000000,0000000000000000,0,0
1427,1427,0,0000000,00,3,3,3,0000000000000000,0,0,3,978a1b995120dcdc,0,1,0000000000000000,0000000000000000,0000000000000000,0,0
1428,1428,0,0000000,00,3,3,3,0000000000000000,0,0,3,978a1b995120dcdc,0,1,0000000000000000,0000000000000000,0000000000000000,0,0
1429,1429,0,0000000,00,3,3,3,0000000000000000,0,0,3,978a1b995120dcdc,0,1,0000000000000000,0000000000000000,0000000000000000,0,0
1430,1430,0,0000000,00,3,3,3,0000000000000000,0,0,3,978a1b995120dcdc,0,1,0000000000000000,0000000000000000,0000000000000000,0,0
1431,1431,0,0000000,00,3,3,3,0000000000000000,0,0,3,978a1b995120dcdc,0,1,0000000000000000,0000000000000000,0000000000000000,0,0
1432,1432,0,0000000,00,3,3,3,0000000000000000,0,0,3,978a1b995120dcdc,0,1,0000000000000000,0000000000000000,0000000000000000,0,0
1433,1433,0,0000000,00,3,3,3,0000000000000000,0,0,3,978a1b995120dcdc,0,1,0000000000000000,0000000000000000,0000000000000000,0,0
1434,1434,0,0000000,00,3,3,3,0000000000000000,0,0,3,978a1b995120dcdc,0,1,0000000000000000,0000000000000000,0000000000000000,0,0
1435,1435,0,0000000,00,3,3,3,0000000000000000,0,0,3,978a1b995120dcdc,0,1,0000000000000000,0000000000000000,0000000000000000,0,0
1436,1436,0,0000000,00,3,3,3,0000000000000000,0,0,3,978a1b995120dcdc,0,1,0000000000000000,0000000000000000,0000000000000000,0,0
1437,1437,0,0000000,00,3,3,3,0000000000000000,0,0,3,978a1b995120dcdc,0,1,0000000000000000,0000000000000000,0000000000000000,0,0
1438,1438,0,0000000,00,3,3,3,0000000000000000,0,0,3,978a1b995120dcdc,0,1,0000000000000000,0000000000000000,0000000000000000,0,0
1439,1439,0,0000000,00,3,3,3,0000000000000000,0,0,3,978a1b995120dcdc,0,1,0000000000000000,0000000000000000,0000000000000000,0,0
1440,1440,0,0000000,00,3,3,3,0000000000000000,0,0,3,978a1b995120dcdc,0,1,0000000000000000,0000000000000000,0000000000000000,0,0
1441,1441,0,0000000,00,3,3,3,0000000000000000,0,0,3,978a1b995120dcdc,0,1,0000000000000000,0000000000000000,0000000000000000,0,0
1442,1442,0,0000000,00,3,3,3,0000000000000000,0,0,3,978a1b995120dcdc,0,1,0000000000000000,0000000000000000,0000000000000000,0,0
1443,1443,0,0000000,00,3,3,3,0000000000000000,0,0,3,978a1b995120dcdc,0,1,0000000000000000,0000000000000000,0000000000000000,0,0
1444,1444,0,0000000,00,3,3,3,0000000000000000,0,0,3,978a1b995120dcdc,0,1,0000000000000000,0000000000000000,0000000000000000,0,0
1445,1445,0,0000000,00,3,3,3,0000000000000000,0,0,3,978a1b995120dcdc,0,1,0000000000000000,0000000000000000,0000000000000000,0,0
1446,1446,0,0000000,00,3,3,3,0000000000000000,0,0,3,978a1b995120dcdc,0,1,0000000000000000,0000000000000000,0000000000000000,0,0
1447,1447,0,0000000,00,3,3,3,0000000000000000,0,0,3,978a1b995120dcdc,0,1,0000000000000000,0000000000000000,0000000000000000,0,0
1448,1448,0,0000000,00,3,3,3,0000000000000000,0,0,3,978a1b995120dcdc,0,1,0000000000000000,0000000000000000,0000000000000000,0,0
1449,1449,0,0000000,00,3,3,3,0000000000000000,0,0,3,978a1b995120dcdc,0,1,0000000000000000,0000000000000000,0000000000000000,0,0
1450,1450,0,0000000,00,3,3,3,0000000000000000,0,0,3,978a1b995120dcdc,0,1,0000000000000000,0000000000000000,0000000000000000,0,0
1451,1451,0,0000000,00,3,3,3,0000000000000000,0,0,3,978a1b995120dcdc,0,1,0000000000000000,0000000000000000,0000000000000000,0,0
1452,1452,0,0000000,00,3,3,3,0000000000000000,0,0,3,978a1b995120dcdc,0,1,0000000000000000,0000000000000000,0000000000000000,0,0
1453,1453,0,0000000,00,3,3,3,0000000000000000,0,0,3,978a1b995120dcdc,0,1,0000000000000000,0000000000000000,0000000000000000,0,0
1454,1454,0,0000000,00,3,3,3,0000000000000000,0,0,3,978a1b995120dcdc,0,1,0000000000000000,0000000000000000,0000000000000000,0,0
1455,1455,0,0000000,00,3,3,3,0000000000000000,0,0,3,978a1b995120dcdc,0,1,0000000000000000,0000000000000000,0000000000000000,0,0
1456,1456,0,0000000,00,3,3,3,0000000000000000,0,0,3,978a1b995120dcdc,0,1,0000000000000000,0000000000000000,0000000000000000,0,0
1457,1457,0,0000000,00,3,3,3,0000000000000000,0,0,3,978a1b995120dcdc,0,1,0000000000000000,0000000000000000,0000000000000000,0,0
1458,1458,0,0000000,00,3,3,3,0000000000000000,0,0,3,978a1b995120dcdc,0,1,0000000000000000,0000000000000000,0000000000000000,0,0
1459,1459,0,0000000,00,3,3,3,0000000000000000,0,0,3,978a1b995120dcdc,0,1,0000000000000000,0000000000000000,0000000000000000,0,0
1460,1460,0,0000000,00,3,3,3,0000000000000000,0,0,3,978a1b995120dcdc,0,1,0000000000000000,0000000000000000,0000000000000000,0,0
1461,1461,0,0000000,00,3,3,3,0000000000000000,0,0,3,978a1b995120dcdc,0,1,0000000000000000,0000000000000000,0000000000000000,0,0
1462,1462,0,0000000,00,3,3,3,0000000000000000,0,0,3,978a1b995120dcdc,0,1,0000000000000000,0000000000000000,0000000000000000,0,0
1463,1463,0,0000000,00,3,3,3,0000000000000000,0,0,3,978a1b995120dcdc,0,1,0000000000000000,0000000000000000,0000000000000000,0,0
1464,1464,0,0000000,00,3,3,3,0000000000000000,0,0,3,978a1b995120dcdc,0,1,0000000000000000,0000000000000000,0000000000000000,0,0
1465,1465,0,0000000,00,3,3,3,0000000000000000,0,0,3,978a1b995120dcdc,0,1,0000000000000000,0000000000000000,0000000000000000,0,0
1466,1466,0,0000000,00,3,3,3,0000000000000000,0,0,3,978a1b995120dcdc,0,1,0000000000000000,0000000000000000,0000000000000000,0,0
1467,1467,0,0000000,00,3,3,3,0000000000000000,0,0,3,978a1b995120dcdc,0,1,0000000000000000,0000000000000000,0000000000000000,0,0
1468,1468,0,0000000,00,3,3,3,0000000000000000,0,0,3,978a1b995120dcdc,0,1,0000000000000000,0000000000000000,0000000000000000,0,0
1469,1469,0,0000000,00,3,3,3,0000000000000000,0,0,3,978a1b995120dcdc,0,1,0000000000000000,0000000000000000,0000000000000000,0,0
1470,1470,0,0000000,00,3,3,3,0000000000000000,0,0,3,978a1b995120dcdc,0,1,0000000000000000,0000000000000000,0000000000000000,0,0
1471,1471,0,0000000,00,3,3,3,0000000000000000,0,0,3,978a1b995120dcdc,0,1,0000000000000000,0000000000000000,0000000000000000,0,0
1472,1472,0,0000000,00,3,3,3,0000000000000000,0,0,3,978a1b995120dcdc,0,1,0000000000000000,0000000000000000,0000000000000000,0,0
1473,1473,0,0000000,00,3,3,3,0000000000000000,0,0,3,978a1b995120dcdc,0,1,0000000000000000,0000000000000000,0000000000000000,0,0
1474,1474,0,0000000,00,3,3,3,0000000000000000,0,0,3,978a1b995120dcdc,0,1,0000000000000000,0000000000000000,0000000000000000,0,0
1475,1475,0,0000000,00,3,3,3,0000000000000000,0,0,3,978a1b995120dcdc,0,1,0000000000000000,0000000000000000,0000000000000000,0,0
1476,1476,0,0000000,00,3,3,3,0000000000000000,0,0,3,978a1b995120dcdc,0,1,0000000000000000,0000000000000000,0000000000000000,0,0
1477,1477,0,0000000,00,3,3,3,0000000000000000,0,0,3,978a1b995120dcdc,0,1,0000000000000000,0000000000000000,0000000000000000,0,0
1478,1478,0,0000000,00,3,3,3,0000000000000000,0,0,3,978a1b995120dcdc,0,1,0000000000000000,0000000000000000,0000000000000000,0,0
1479,1479,0,0000000,00,3,3,3,0000000000000000,0,0,3,978a1b995120dcdc,0,1,0000000000000000,0000000000000000,0000000000000000,0,0
1480,1480,0,0000000,00,3,3,3,0000000000000000,0,0,3,978a1b995120dcdc,0,1,0000000000000000,0000000000000000,0000000000000000,0,0
1481,1481,0,0000000,00,3,3,3,0000000000000000,0,0,3,978a1b995120dcdc,0,1,0000000000000000,0000000000000000,0000000000000000,0,0
1482,1482,0,0000000,00,3,3,3,0000000000000000,0,0,3,978a1b995120dcdc,0,1,0000000000000000,0000000000000000,0000000000000000,0,0
1483,1483,0,0000000,00,3,3,3,0000000000000000,0,0,3,978a1b995120dcdc,0,1,0000000000000000,0000000000000000,0000000000000000,0,0
1484,1484,0,0000000,00,3,3,3,0000000000000000,0,0,3,978a1b995120dcdc,0,1,0000000000000000,0000000000000000,0000000000000000,0,0
1485,1485,0,0000000,00,3,3,3,0000000000000000,0,0,3,978a1b995120dcdc,0,1,0000000000000000,0000000000000000,0000000000000000,0,0
1486,1486,0,0000000,00,3,3,3,0000000000000000,0,0,3,978a1b995120dcdc,0,1,0000000000000000,0000000000000000,0000000000000000,0,0
1487,1487,0,0000000,00,3,3,3,0000000000000000,0,0,3,978a1b995120dcdc,0,1,0000000000000000,0000000000000000,0000000000000000,0,0
1488,1488,0,0000000,00,3,3,3,0000000000000000,0,0,3,978a1b995120dcdc,0,1,0000000000000000,0000000000000000,0000000000000000,0,0
1489,1489,0,0000000,00,3,3,3,0000000000000000,0,0,3,978a1b995120dcdc,0,1,0000000000000000,0000000000000000,0000000000000000,0,0
1490,1490,0,0000000,00,3,3,3,0000000000000000,0,0,3,978a1b995120dcdc,0,1,0000000000000000,0000000000000000,0000000000000000,0,0
1491,1491,0,0000000,00,3,3,3,0000000000000000,0,0,3,978a1b995120dcdc,0,1,0000000000000000,0000000000000000,0000000000000000,0,0
1492,1492,0,0000000,00,3,3,3,0000000000000000,0,0,3,978a1b995120dcdc,0,1,0000000000000000,0000000000000000,0000000000000000,0,0
1493,1493,0,0000000,00,3,3,3,0000000000000000,0,0,3,978a1b995120dcdc,0,1,0000000000000000,0000000000000000,0000000000000000,0,0
1494,1494,0,0000000,00,3,3,3,0000000000000000,0,0,3,978a1b995120dcdc,0,1,0000000000000000,0000000000000000,0000000000000000,0,0
1495,1495,0,0000000,00,3,3,3,0000000000000000,0,0,3,978a1b995120dcdc,0,1,0000000000000000,0000000000000000,0000000000000000,0,0
1496,1496,0,0000000,00,3,3,3,0000000000000000,0,0,3,978a1b995120dcdc,0,1,0000000000000000,0000000000000000,0000000000000000,0,0
1497,1497,0,0000000,00,3,3,3,0000000000000000,0,0,3,978a1b995120dcdc,0,1,0000000000000000,0000000000000000,0000000000000000,0,0
1498,1498,0,0000000,00,3,3,3,0000000000000000,0,0,3,978a1b995120dcdc,0,1,0000000000000000,0000000000000000,0000000000000000,0,0
1499,1499,0,0000000,00,3,3,3,0000000000000000,0,0,3,978a1b995120dcdc,0,1,0000000000000000,0000000000000000,0000000000000000,0,0
1500,1500,0,0000000,00,3,3,3,0000000000000000,0,0,3,978a1b995120dcdc,0,1,0000000000000000,0000000000000000,0000000000000000,0,0
1501,1501,0,0000000,00,3,3,3,0000000000000000,0,0,3,978a1b995120dcdc,0,1,0000000000000000,0000000000000000,0000000000000000,0,0
1502,1502,0,0000000,00,3,3,3,0000000000000000,0,0,3,978a1b995120dcdc,0,1,0000000000000000,0000000000000000,0000000000000000,0,0
1503,1503,0,0000000,00,3,3,3,0000000000000000,0,0,3,978a1b995120dcdc,0,1,0000000000000000,0000000000000000,0000000000000000,0,0
1504,1504,0,0000000,00,3,3,3,0000000000000000,0,0,3,978a1b995120dcdc,0,1,0000000000000000,0000000000000000,0000000000000000,0,0
1505,1505,0,0000000,00,3,3,3,0000000000000000,0,0,3,978a1b995120dcdc,0,1,0000000000000000,0000000000000000,0000000000000000,0,0
1506,1506,0,0000000,00,3,3,3,0000000000000000,0,0,3,978a1b995120dcdc,0,1,0000000000000000,0000000000000000,0000000000000000,0,0
1507,1507,0,0000000,00,3,3,3,0000000000000000,0,0,3,978a1b995120dcdc,0,1,0000000000000000,0000000000000000,0000000000000000,0,0
1508,1508,0,0000000,00,3,3,3,0000000000000000,0,0,3,978a1b995120dcdc,0,1,0000000000000000,0000000000000000,0000000000000000,0,0
1509,1509,0,0000000,00,3,3,3,0000000000000000,0,0,3,978a1b995120dcdc,0,1,0000000000000000,0000000000000000,0000000000000000,0,0
1510,1510,0,0000000,00,3,3,3,0000000000000000,0,0,3,978a1b995120dcdc,0,1,0000000000000000,0000000000000000,0000000000000000,0,0
1511,1511,0,0000000,00,3,3,3,0000000000000000,0,0,3,978a1b995120dcdc,0,1,0000000000000000,0000000000000000,0000000000000000,0,0
1512,1512,0,0000000,00,3,3,3,0000000000000000,0,0,3,978a1b995120dcdc,0,1,0000000000000000,0000000000000000,0000000000000000,0,0
1513,1513,0,0000000,00,3,3,3,0000000000000000,0,0,3,978a1b995120dcdc,0,1,0000000000000000,0000000000000000,0000000000000000,0,0
1514,1514,0,0000000,00,3,3,3,0000000000000000,0,0,3,978a1b995120dcdc,0,1,0000000000000000,0000000000000000,0000000000000000,0,0
1515,1515,0,0000000,00,3,3,3,0000000000000000,0,0,3,978a1b995120dcdc,0,1,0000000000000000,0000000000000000,0000000000000000,0,0
1516,1516,0,0000000,00,3,3,3,0000000000000000,0,0,3,978a1b995120dcdc,0,1,0000000000000000,0000000000000000,0000000000000000,0,0
1517,1517,0,0000000,00,3,3,3,0000000000000000,0,0,3,978a1b995120dcdc,0,1,0000000000000000,0000000000000000,0000000000000000,0,0
1518,1518,0,0000000,00,3,3,3,0000000000000000,0,0,3,978a1b995120dcdc,0,1,0000000000000000,0000000000000000,0000000000000000,0,0
1519,1519,0,0000000,00,3,3,3,0000000000000000,0,0,3,978a1b995120dcdc,0,1,0000000000000000,0000000000000000,0000000000000000,0,0
1520,1520,0,0000000,00,3,3,3,0000000000000000,0,0,3,978a1b995120dcdc,0,1,0000000000000000,0000000000000000,0000000000000000,0,0
1521,1521,0,0000000,00,3,3,3,0000000000000000,0,0,3,978a1b995120dcdc,0,1,0000000000000000,0000000000000000,0000000000000000,0,0
1522,1522,0,0000000,00,3,3,3,0000000000000000,0,0,3,978a1b995120dcdc,0,1,0000000000000000,0000000000000000,0000000000000000,0,0
1523,1523,0,0000000,00,3,3,3,0000000000000000,0,0,3,978a1b995120dcdc,0,1,0000000000000000,0000000000000000,0000000000000000,0,0
1524,1524,0,0000000,00,3,3,3,0000000000000000,0,0,3,978a1b995120dcdc,0,1,0000000000000000,0000000000000000,0000000000000000,0,0
1525,1525,0,0000000,00,3,3,3,0000000000000000,0,0,3,978a1b995120dcdc,0,1,0000000000000000,0000000000000000,0000000000000000,0,0
1526,1526,0,0000000,00,3,3,3,0000000000000000,0,0,3,978a1b995120dcdc,0,1,0000000000000000,0000000000000000,0000000000000000,0,0
1527,1527,0,0000000,00,3,3,3,0000000000000000,0,0,3,978a1b995120dcdc,0,1,0000000000000000,0000000000000000,0000000000000000,0,0
1528,1528,0,0000000,00,3,3,3,0000000000000000,0,0,3,978a1b995120dcdc,0,1,0000000000000000,0000000000000000,0000000000000000,0,0
1529,1529,0,0000000,00,3,3,3,0000000000000000,0,0,3,978a1b995120dcdc,0,1,0000000000000000,0000000000000000,0000000000000000,0,0
1530,1530,0,0000000,00,3,3,3,0000000000000000,0,0,3,978a1b995120dcdc,0,1,0000000000000000,0000000000000000,0000000000000000,0,0
1531,1531,0,0000000,00,3,3,3,0000000000000000,0,0,3,978a1b995120dcdc,0,1,0000000000000000,0000000000000000,0000000000000000,0,0
1532,1532,0,0000000,00,3,3,3,0000000000000000,0,0,3,978a1b995120dcdc,0,1,0000000000000000,0000000000000000,0000000000000000,0,0
1533,1533,0,0000000,00,3,3,3,0000000000000000,0,0,3,978a1b995120dcdc,0,1,0000000000000000,0000000000000000,0000000000000000,0,0
1534,1534,0,0000000,00,3,3,3,0000000000000000,0,0,3,978a1b995120dcdc,0,1,0000000000000000,0000000000000000,0000000000000000,0,0
1535,1535,0,0000000,00,3,3,3,0000000000000000,0,0,3,978a1b995120dcdc,0,1,0000000000000000,0000000000000000,0000000000000000,0,0
1536,1536,0,0000000,00,3,3,3,0000000000000000,0,0,3,978a1b995120dcdc,0,1,0000000000000000,0000000000000000,0000000000000000,0,0
1537,1537,0,0000000,00,3,3,3,0000000000000000,0,0,3,978a1b995120dcdc,0,1,0000000000000000,0000000000000000,0000000000000000,0,0
1538,1538,0,0000000,00,3,3,3,0000000000000000,0,0,3,978a1b995120dcdc,0,1,0000000000000000,0000000000000000,0000000000000000,0,0
1539,1539,0,0000000,00,3,3,3,0000000000000000,0,0,3,978a1b995120dcdc,0,1,0000000000000000,0000000000000000,0000000000000000,0,0
1540,1540,0,0000000,00,3,3,3,0000000000000000,0,0,3,978a1b995120dcdc,0,1,0000000000000000,0000000000000000,0000000000000000,0,0
1541,1541,0,0000000,00,3,3,3,0000000000000000,0,0,3,978a1b995120dcdc,0,1,0000000000000000,0000000000000000,0000000000000000,0,0
1542,1542,0,0000000,00,3,3,3,0000000000000000,0,0,3,978a1b995120dcdc,0,1,0000000000000000,0000000000000000,0000000000000000,0,0
1543,1543,0,0000000,00,3,3,3,0000000000000000,0,0,3,978a1b995120dcdc,0,1,0000000000000000,0000000000000000,0000000000000000,0,0
1544,1544,0,0000000,00,3,3,3,0000000000000000,0,0,3,978a1b995120dcdc,0,1,0000000000000000,0000000000000000,0000000000000000,0,0
1545,1545,0,0000000,00,3,3,3,0000000000000000,0,0,3,978a1b995120dcdc,0,1,0000000000000000,0000000000000000,0000000000000000,0,0
1546,1546,0,0000000,00,3,3,3,0000000000000000,0,0,3,978a1b995120dcdc,0,1,0000000000000000,0000000000000000,0000000000000000,0,0
1547,1547,0,0000000,00,3,3,3,0000000000000000,0,0,3,978a1b995120dcdc,0,1,0000000000000000,0000000000000000,0000000000000000,0,0
1548,1548,0,0000000,00,3,3,3,0000000000000000,0,0,3,978a1b995120dcdc,0,1,0000000000000000,0000000000000000,0000000000000000,0,0
1549,1549,0,0000000,00,3,3,3,0000000000000000,0,0,3,978a1b995120dcdc,0,1,0000000000000000,0000000000000000,0000000000000000,0,0
1550,1550,0,0000000,00,3,3,3,0000000000000000,0,0,3,978a1b995120dcdc,0,1,0000000000000000,0000000000000000,0000000000000000,0,0
1551,1551,0,0000000,00,3,3,3,0000000000000000,0,0,3,978a1b995120dcdc,0,1,0000000000000000,0000000000000000,0000000000000000,0,0
1552,1552,0,0000000,00,3,3,3,0000000000000000,0,0,3,978a1b995120dcdc,0,1,0000000000000000,0000000000000000,0000000000000000,0,0
1553,1553,0,0000000,00,3,3,3,0000000000000000,0,0,3,978a1b995120dcdc,0,1,0000000000000000,0000000000000000,0000000000000000,0,0
1554,1554,0,0000000,00,3,3,3,0000000000000000,0,0,3,978a1b995120dcdc,0,1,0000000000000000,0000000000000000,0000000000000000,0,0
1555,1555,0,0000000,00,3,3,3,0000000000000000,0,0,3,978a1b995120dcdc,0,1,0000000000000000,0000000000000000,0000000000000000,0,0
1556,1556,0,0000000,00,3,3,3,0000000000000000,0,0,3,978a1b995120dcdc,0,1,0000000000000000,0000000000000000,0000000000000000,0,0
1557,1557,0,0000000,00,3,3,3,0000000000000000,0,0,3,978a1b995120dcdc,0,1,0000000000000000,0000000000000000,0000000000000000,0,0
1558,1558,0,0000000,00,3,3,3,0000000000000000,0,0,3,978a1b995120dcdc,0,1,0000000000000000,0000000000000000,0000000000000000,0,0
1559,1559,0,0000000,00,3,3,3,0000000000000000,0,0,3,978a1b995120dcdc,0,1,0000000000000000,0000000000000000,0000000000000000,0,0
1560,1560,0,0000000,00,3,3,3,0000000000000000,0,0,3,978a1b995120dcdc,0,1,0000000000000000,0000000000000000,0000000000000000,0,0
1561,1561,0,0000000,00,3,3,3,0000000000000000,0,0,3,978a1b995120dcdc,0,1,0000000000000000,0000000000000000,0000000000000000,0,0
1562,1562,0,0000000,00,3,3,3,0000000000000000,0,0,3,978a1b995120dcdc,0,1,0000000000000000,0000000000000000,0000000000000000,0,0
1563,1563,0,0000000,00,3,3,3,0000000000000000,0,0,3,978a1b995120dcdc,0,1,0000000000000000,0000000000000000,0000000000000000,0,0
1564,1564,0,0000000,00,3,3,3,0000000000000000,0,0,3,978a1b995120dcdc,0,1,0000000000000000,0000000000000000,0000000000000000,0,0
1565,1565,0,0000000,00,3,3,3,0000000000000000,0,0,3,978a1b995120dcdc,0,1,0000000000000000,0000000000000000,0000000000000000,0,0
1566,1566,0,0000000,00,3,3,3,0000000000000000,0,0,3,978a1b995120dcdc,0,1,0000000000000000,0000000000000000,0000000000000000,0,0
1567,1567,0,0000000,00,3,3,3,0000000000000000,0,0,3,978a1b995120dcdc,0,1,0000000000000000,0000000000000000,0000000000000000,0,0
1568,1568,0,0000000,00,3,3,3,0000000000000000,0,0,3,978a1b995120dcdc,0,1,0000000000000000,0000000000000000,0000000000000000,0,0
1569,1569,0,0000000,00,3,3,3,0000000000000000,0,0,3,978a1b995120dcdc,0,1,0000000000000000,0000000000000000,0000000000000000,0,0
1570,1570,0,0000000,00,3,3,3,0000000000000000,0,0,3,978a1b995120dcdc,0,1,0000000000000000,0000000000000000,0000000000000000,0,0
1571,1571,0,0000000,00,3,3,3,0000000000000000,0,0,3,978a1b995120dcdc,0,1,0000000000000000,0000000000000000,0000000000000000,0,0
1572,1572,0,0000000,00,3,3,3,0000000000000000,0,0,3,978a1b995120dcdc,0,1,0000000000000000,0000000000000000,0000000000000000,0,0
1573,1573,0,0000000,00,3,3,3,0000000000000000,0,0,3,978a1b995120dcdc,0,1,0000000000000000,0000000000000000,0000000000000000,0,0
1574,1574,0,0000000,00,3,3,3,0000000000000000,0,0,3,978a1b995120dcdc,0,1,0000000000000000,0000000000000000,0000000000000000,0,0
1575,1575,0,0000000,00,3,3,3,0000000000000000,0,0,3,978a1b995120dcdc,0,1,0000000000000000,0000000000000000,0000000000000000,0,0
1576,1576,0,0000000,00,3,3,3,0000000000000000,0,0,3,978a1b995120dcdc,0,1,0000000000000000,0000000000000000,0000000000000000,0,0
1577,1577,0,0000000,00,3,3,3,0000000000000000,0,0,3,978a1b995120dcdc,0,1,0000000000000000,0000000000000000,0000000000000000,0,0
1578,1578,0,0000000,00,3,3,3,0000000000000000,0,0,3,978a1b995120dcdc,0,1,0000000000000000,0000000000000000,0000000000000000,0,0
1579,1579,0,0000000,00,3,3,3,0000000000000000,0,0,3,978a1b995120dcdc,0,1,0000000000000000,0000000000000000,0000000000000000,0,0
1580,1580,0,0000000,00,3,3,3,0000000000000000,0,0,3,978a1b995120dcdc,0,1,0000000000000000,0000000000000000,0000000000000000,0,0
1581,1581,0,0000000,00,3,3,3,0000000000000000,0,0,3,978a1b995120dcdc,0,1,0000000000000000,0000000000000000,0000000000000000,0,0
1582,1582,0,0000000,00,3,3,3,0000000000000000,0,0,3,978a1b995120dcdc,0,1,0000000000000000,0000000000000000,0000000000000000,0,0
1583,1583,0,0000000,00,3,3,3,0000000000000000,0,0,3,978a1b995120dcdc,0,1,0000000000000000,0000000000000000,0000000000000000,0,0
1584,1584,0,0000000,00,3,3,3,0000000000000000,0,0,3,978a1b995120dcdc,0,1,0000000000000000,0000000000000000,0000000000000000,0,0
1585,1585,0,0000000,00,3,3,3,0000000000000000,0,0,3,978a1b995120dcdc,0,1,0000000000000000,0000000000000000,0000000000000000,0,0
1586,1586,0,0000000,00,3,3,3,0000000000000000,0,0,3,978a1b995120dcdc,0,1,0000000000000000,0000000000000000,0000000000000000,0,0
1587,1587,0,0000000,00,3,3,3,0000000000000000,0,0,3,978a1b995120dcdc,0,1,0000000000000000,0000000000000000,0000000000000000,0,0
1588,1588,0,0000000,00,3,3,3,0000000000000000,0,0,3,978a1b995120dcdc,0,1,0000000000000000,0000000000000000,0000000000000000,0,0
1589,1589,0,0000000,00,3,3,3,0000000000000000,0,0,3,978a1b995120dcdc,0,1,0000000000000000,0000000000000000,0000000000000000,0,0
1590,1590,0,0000000,00,3,3,3,0000000000000000,0,0,3,978a1b995120dcdc,0,1,0000000000000000,0000000000000000,0000000000000000,0,0
1591,1591,0,0000000,00,3,3,3,0000000000000000,0,0,3,978a1b995120dcdc,0,1,0000000000000000,0000000000000000,0000000000000000,0,0
1592,1592,0,0000000,00,3,3,3,0000000000000000,0,0,3,978a1b995120dcdc,0,1,0000000000000000,0000000000000000,0000000000000000,0,0
1593,1593,0,0000000,00,3,3,3,0000000000000000,0,0,3,978a1b995120dcdc,0,1,0000000000000000,0000000000000000,0000000000000000,0,0
1594,1594,0,0000000,00,3,3,3,0000000000000000,0,0,3,978a1b995120dcdc,0,1,0000000000000000,0000000000000000,0000000000000000,0,0
1595,1595,0,0000000,00,3,3,3,0000000000000000,0,0,3,978a1b995120dcdc,0,1,0000000000000000,0000000000000000,0000000000000000,0,0
1596,1596,0,0000000,00,3,3,3,0000000000000000,0,0,3,978a1b995120dcdc,0,1,0000000000000000,0000000000000000,0000000000000000,0,0
1597,1597,0,0000000,00,3,3,3,0000000000000000,0,0,3,978a1b995120dcdc,0,1,0000000000000000,0000000000000000,0000000000000000,0,0
1598,1598,0,0000000,00,3,3,3,0000000000000000,0,0,3,978a1b995120dcdc,0,1,0000000000000000,0000000000000000,0000000000000000,0,0
1599,1599,0,0000000,00,3,3,3,0000000000000000,0,0,3,978a1b995120dcdc,0,1,0000000000000000,0000000000000000,0000000000000000,0,0
1600,1600,0,0000000,00,3,3,3,0000000000000000,0,0,3,978a1b995120dcdc,0,1,0000000000000000,0000000000000000,0000000000000000,0,0
1601,1601,0,0000000,00,3,3,3,0000000000000000,0,0,3,978a1b995120dcdc,0,1,0000000000000000,0000000000000000,0000000000000000,0,0
1602,1602,0,0000000,00,3,3,3,0000000000000000,0,0,3,978a1b995120dcdc,0,1,0000000000000000,0000000000000000,0000000000000000,0,0
1603,1603,0,0000000,00,3,3,3,0000000000000000,0,0,3,978a1b995120dcdc,0,1,0000000000000000,0000000000000000,0000000000000000,0,0
1604,1604,0,0000000,00,3,3,3,0000000000000000,0,0,3,978a1b995120dcdc,0,1,0000000000000000,0000000000000000,0000000000000000,0,0
1605,1605,0,0000000,00,3,3,3,0000000000000000,0,0,3,978a1b995120dcdc,0,1,0000000000000000,0000000000000000,0000000000000000,0,0
1606,1606,0,0000000,00,3,3,3,0000000000000000,0,0,3,978a1b995120dcdc,0,1,0000000000000000,0000000000000000,0000000000000000,0,0
1607,1607,0,0000000,00,3,3,3,0000000000000000,0,0,3,978a1b995120dcdc,0,1,0000000000000000,0000000000000000,0000000000000000,0,0
1608,1608,0,0000000,00,3,3,3,0000000000000000,0,0,3,978a1b995120dcdc,0,1,0000000000000000,0000000000000000,0000000000000000,0,0
1609,1609,0,0000000,00,3,3,3,0000000000000000,0,0,3,978a1b995120dcdc,0,1,0000000000000000,0000000000000000,0000000000000000,0,0
1610,1610,0,0000000,00,3,3,3,0000000000000000,0,0,3,978a1b995120dcdc,0,1,0000000000000000,0000000000000000,0000000000000000,0,0
1611,1611,0,0000000,00,3,3,3,0000000000000000,0,0,3,978a1b995120dcdc,0,1,0000000000000000,0000000000000000,0000000000000000,0,0
1612,1612,0,0000000,00,3,3,3,0000000000000000,0,0,3,978a1b995120dcdc,0,1,0000000000000000,0000000000000000,0000000000000000,0,0
1613,1613,0,0000000,00,3,3,3,0000000000000000,0,0,3,978a1b995120dcdc,0,1,0000000000000000,0000000000000000,0000000000000000,0,0
1614,1614,0,0000000,00,3,3,3,0000000000000000,0,0,3,978a1b995120dcdc,0,1,0000000000000000,0000000000000000,0000000000000000,0,0
1615,1615,0,0000000,00,3,3,3,0000000000000000,0,0,3,978a1b995120dcdc,0,1,0000000000000000,0000000000000000,0000000000000000,0,0
1616,1616,0,0000000,00,3,3,3,0000000000000000,0,0,3,978a1b995120dcdc,0,1,0000000000000000,0000000000000000,0000000000000000,0,0
1617,1617,0,0000000,00,3,3,3,0000000000000000,0,0,3,978a1b995120dcdc,0,1,0000000000000000,0000000000000000,0000000000000000,0,0
1618,1618,0,0000000,00,3,3,3,0000000000000000,0,0,3,978a1b995120dcdc,0,1,0000000000000000,0000000000000000,0000000000000000,0,0
1619,1619,0,0000000,00,3,3,3,0000000000000000,0,0,3,978a1b995120dcdc,0,1,0000000000000000,0000000000000000,0000000000000000,0,0
1620,1620,0,0000000,00,3,3,3,0000000000000000,0,0,3,978a1b995120dcdc,0,1,0000000000000000,0000000000000000,0000000000000000,0,0
1621,1621,0,0000000,00,3,3,3,0000000000000000,0,0,3,978a1b995120dcdc,0,1,0000000000000000,0000000000000000,0000000000000000,0,0
1622,1622,0,0000000,00,3,3,3,0000000000000000,0,0,3,978a1b995120dcdc,0,1,0000000000000000,0000000000000000,0000000000000000,0,0
1623,1623,0,0000000,00,3,3,3,0000000000000000,0,0,3,978a1b995120dcdc,0,1,0000000000000000,0000000000000000,0000000000000000,0,0
1624,1624,0,0000000,00,3,3,3,0000000000000000,0,0,3,978a1b995120dcdc,0,1,0000000000000000,0000000000000000,0000000000000000,0,0
1625,1625,0,0000000,00,3,3,3,0000000000000000,0,0,3,978a1b995120dcdc,0,1,0000000000000000,0000000000000000,0000000000000000,0,0
1626,1626,0,0000000,00,3,3,3,0000000000000000,0,0,3,978a1b995120dcdc,0,1,0000000000000000,0000000000000000,0000000000000000,0,0
1627,1627,0,0000000,00,3,3,3,0000000000000000,0,0,3,978a1b995120dcdc,0,1,0000000000000000,0000000000000000,0000000000000000,0,0
1628,1628,0,0000000,00,3,3,3,0000000000000000,0,0,3,978a1b995120dcdc,0,1,0000000000000000,0000000000000000,0000000000000000,0,0
1629,1629,0,0000000,00,3,3,3,0000000000000000,0,0,3,978a1b995120dcdc,0,1,0000000000000000,0000000000000000,0000000000000000,0,0
1630,1630,0,0000000,00,3,3,3,0000000000000000,0,0,3,978a1b995120dcdc,0,1,0000000000000000,0000000000000000,0000000000000000,0,0
1631,1631,0,0000000,00,3,3,3,0000000000000000,0,0,3,978a1b995120dcdc,0,1,0000000000000000,0000000000000000,0000000000000000,0,0
1632,1632,0,0000000,00,3,3,3,0000000000000000,0,0,3,978a1b995120dcdc,0,1,0000000000000000,0000000000000000,0000000000000000,0,0
1633,1633,0,0000000,00,3,3,3,0000000000000000,0,0,3,978a1b995120dcdc,0,1,0000000000000000,0000000000000000,0000000000000000,0,0
1634,1634,0,0000000,00,3,3,3,0000000000000000,0,0,3,978a1b995120dcdc,0,1,0000000000000000,0000000000000000,0000000000000000,0,0
1635,1635,0,0000000,00,3,3,3,0000000000000000,0,0,3,978a1b995120dcdc,0,1,0000000000000000,0000000000000000,0000000000000000,0,0
1636,1636,0,0000000,00,3,3,3,0000000000000000,0,0,3,978a1b995120dcdc,0,1,0000000000000000,0000000000000000,0000000000000000,0,0
1637,1637,0,0000000,00,3,3,3,0000000000000000,0,0,3,978a1b995120dcdc,0,1,0000000000000000,0000000000000000,0000000000000000,0,0
1638,1638,0,0000000,00,3,3,3,0000000000000000,0,0,3,978a1b995120dcdc,0,1,0000000000000000,0000000000000000,0000000000000000,0,0
1639,1639,0,0000000,00,3,3,3,0000000000000000,0,0,3,978a1b995120dcdc,0,1,0000000000000000,0000000000000000,0000000000000000,0,0
1640,1640,0,0000000,00,3,3,3,0000000000000000,0,0,3,978a1b995120dcdc,0,1,0000000000000000,0000000000000000,0000000000000000,0,0
1641,1641,0,0000000,00,3,3,3,0000000000000000,0,0,3,978a1b995120dcdc,0,1,0000000000000000,0000000000000000,0000000000000000,0,0
1642,1642,0,0000000,00,3,3,3,0000000000000000,0,0,3,978a1b995120dcdc,0,1,0000000000000000,0000000000000000,0000000000000000,0,0
1643,1643,0,0000000,00,3,3,3,0000000000000000,0,0,3,978a1b995120dcdc,0,1,0000000000000000,0000000000000000,0000000000000000,0,0
1644,1644,0,0000000,00,3,3,3,0000000000000000,0,0,3,978a1b995120dcdc,0,1,0000000000000000,0000000000000000,0000000000000000,0,0
1645,1645,0,0000000,00,3,3,3,0000000000000000,0,0,3,978a1b995120dcdc,0,1,0000000000000000,0000000000000000,0000000000000000,0,0
1646,1646,0,0000000,00,3,3,3,0000000000000000,0,0,3,978a1b995120dcdc,0,1,0000000000000000,0000000000000000,0000000000000000,0,0
1647,1647,0,0000000,00,3,3,3,0000000000000000,0,0,3,978a1b995120dcdc,0,1,0000000000000000,0000000000000000,0000000000000000,0,0
1648,1648,0,0000000,00,3,3,3,0000000000000000,0,0,3,978a1b995120dcdc,0,1,0000000000000000,0000000000000000,0000000000000000,0,0
1649,1649,0,0000000,00,3,3,3,0000000000000000,0,0,3,978a1b995120dcdc,0,1,0000000000000000,0000000000000000,0000000000000000,0,0
1650,1650,0,0000000,04,3,2,2,0000000000000000,0,0,3,978a1b995120dcdc,0,1,0000000000000000,0000000000000000,0000000000000000,0,0
1651,1651,0,0000000,00,3,2,2,0000000000000000,0,0,3,978a1b995120dcdc,0,1,0000000000000000,0000000000000000,0000000000000000,0,0
1652,1652,0,0000000,00,3,3,3,0000000000000000,0,0,3,978a1b995120dcdc,0,1,0000000000000000,0000000000000000,0000000000000000,0,0
1653,1653,0,0000000,00,3,3,3,0000000000000000,0,0,3,978a1b995120dcdc,0,1,0000000000000000,0000000000000000,0000000000000000,0,0
1654,1654,0,0000000,00,3,3,3,0000000000000000,0,0,3,978a1b995120dcdc,0,1,0000000000000000,0000000000000000,0000000000000000,0,0
1655,1655,0,0000000,00,3,3,3,0000000000000000,0,0,3,978a1b995120dcdc,0,1,0000000000000000,0000000000000000,0000000000000000,0,0
1656,1656,0,0000000,00,3,3,3,0000000000000000,0,0,3,978a1b995120dcdc,0,1,0000000000000000,0000000000000000,0000000000000000,0,0
1657,1657,0,0000000,04,2,2,3,0000000000000000,0,0,3,978a1b995120dcdc,0,1,0000000000000000,0000000000000000,0000000000000000,0,0
1658,1658,0,0000004,04,2,2,3,0000000000000000,0,0,3,978a1b995120dcdc,0,1,0000000000000000,0000000000000000,0000000000000000,0,0
1659,1659,0,0000008,04,2,2,3,0000000000000000,0,0,3,978a1b995120dcdc,0,1,0000000000000000,0000000000000000,0000000000000000,0,0
1660,1660,0,000000c,04,2,2,3,0000000000000000,0,0,3,978a1b995120dcdc,0,1,0000000000000000,0000000000000000,0000000000000000,0,0
1661,1661,0,0000010,04,2,2,3,0000000000000000,0,0,3,978a1b995120dcdc,0,1,0000000000000000,0000000000000000,0000000000000000,0,0
1662,1662,0,0000014,04,2,2,3,0000000000000000,0,0,3,978a1b995120dcdc,0,1,0000000000000000,0000000000000000,0000000000000000,0,0
1663,1663,0,0000018,04,2,2,3,0000000000000000,3,0,3,978a1b995120dcdc,0,1,0000000000000000,0000000000000000,0000000000000000,0,0
1664,1664,0,000001c,04,2,2,3,3981b65dff2b7118,3,0,3,978a1b995120dcdc,0,1,0000000000000000,0000000000000000,0000000000000000,0,0
1665,1665,0,0000020,04,2,2,3,b4d438d6727eff93,3,0,3,978a1b995120dcdc,0,1,0000000000000000,0000000000000000,0000000000000000,0,0
1666,1666,0,0000024,04,2,2,3,232aab4ae5806c0f,3,0,3,978a1b995120dcdc,0,1,0000000000000000,0000000000000000,0000000000000000,0,0
1667,1667,0,0000028,04,2,2,3,ae7f25c168d5e284,3,0,3,978a1b995120dcdc,0,1,0000000000000000,0000000000000000,0000000000000000,0,0
1668,1668,0,000002c,04,2,2,3,0cd78c73ca7d4b36,3,0,3,978a1b995120dcdc,0,1,0000000000000000,0000000000000000,0000000000000000,0,0
1669,1669,0,0000030,04,2,2,3,818202f84728c5bd,3,0,3,978a1b995120dcdc,0,1,0000000000000000,0000000000000000,0000000000000000,0,0
1670,1670,0,0000034,04,2,2,3,167c9164d0d65621,3,0,3,978a1b995120dcdc,0,1,0000000000000000,0000000000000000,0000000000000000,0,0
1671,1671,0,0000038,04,2,2,3,9b291fef5d83d8aa,3,3,3,978a1b995120dcdc,0,1,3981b65dff2b7118,0000000000000000,0000000000000000,0,0
1672,1672,0,000003c,04,2,2,3,532dc20195870544,3,3,3,978a1b995120dcdc,0,1,b4d438d6727eff93,0000000000000000,0000000000000000,0,0
1673,1673,0,0000040,04,2,2,3,de784c8a18d28bcf,3,3,3,978a1b995120dcdc,0,1,232aab4ae5806c0f,0000000000000000,0000000000000000,0,0
1674,1674,0,0000044,04,2,2,3,4986df168f2c1853,3,3,3,978a1b995120dcdc,0,1,ae7f25c168d5e284,0000000000000000,0000000000000000,0,0
1675,1675,0,0000048,04,2,2,3,c4d3519d027996d8,3,3,3,978a1b995120dcdc,0,1,0cd78c73ca7d4b36,0000000000000000,0000000000000000,0,0
1676,1676,0,000004c,04,2,2,3,667bf82fa0d13f6a,3,3,3,978a1b995120dcdc,0,1,818202f84728c5bd,0000000000000000,0000000000000000,0,0
1677,1677,0,0000050,04,2,2,3,eb2e76a42d84b1e1,3,3,3,978a1b995120dcdc,0,1,167c9164d0d65621,0000000000000000,0000000000000000,0,0
1678,1678,0,0000054,04,2,2,3,7cd0e538ba7a227d,3,3,3,978a1b995120dcdc,0,1,9b291fef5d83d8aa,0000000000000000,0000000000000000,0,0
1679,1679,0,0000058,04,2,2,3,f1856bb3372facf6,3,3,3,978a1b995120dcdc,0,1,532dc20195870544,0000000000000000,0000000000000000,0,0
1680,1680,0,000005c,04,2,2,3,ecd95ee52a7399a0,3,3,3,978a1b995120dcdc,0,1,de784c8a18d28bcf,0000000000000000,0000000000000000,0,0
1681,1681,0,0000060,04,2,2,3,618cd06ea726172b,3,3,3,978a1b995120dcdc,0,1,4986df168f2c1853,0000000000000000,0000000000000000,0,0
1682,1682,0,0000064,04,2,2,3,f67243f230d884b7,3,3,3,978a1b995120dcdc,0,1,c4d3519d027996d8,0000000000000000,0000000000000000,0,0
1683,1683,0,0000068,04,2,2,3,7b27cd79bd8d0a3c,3,3,3,978a1b995120dcdc,0,1,667bf82fa0d13f6a,3981b65dff2b7118,3981b65dff2b7118,0,1
1684,1684,0,000006c,04,2,2,3,d98f64cb1f25a38e,3,3,3,978a1b995120dcdc,0,1,eb2e76a42d84b1e1,b4d438d6727eff93,b4d438d6727eff93,0,1
1685,1685,0,0000070,04,2,2,3,54daea4092702d05,3,3,3,978a1b995120dcdc,0,1,7cd0e538ba7a227d,232aab4ae5806c0f,232aab4ae5806c0f,0,1
1686,1686,0,0000074,04,2,2,3,c32479dc058ebe99,3,3,3,978a1b995120dcdc,0,1,f1856bb3372facf6,ae7f25c168d5e284,ae7f25c168d5e284,0,1
1687,1687,0,0000078,04,2,2,3,4e71f75788db3012,3,3,3,978a1b995120dcdc,0,1,ecd95ee52a7399a0,0cd78c73ca7d4b36,0cd78c73ca7d4b36,0,1
1688,1688,0,000007c,04,2,2,3,86752ab940dfedfc,3,3,3,978a1b995120dcdc,0,1,618cd06ea726172b,818202f84728c5bd,818202f84728c5bd,0,1
1689,1689,0,0000080,04,2,2,3,0b20a432cd8a6377,3,3,3,978a1b995120dcdc,0,1,f67243f230d884b7,167c9164d0d65621,167c9164d0d65621,0,1
1690,1690,0,0000084,04,2,2,3,9cde37ae5a74f0eb,3,3,3,978a1b995120dcdc,0,1,7b27cd79bd8d0a3c,9b291fef5d83d8aa,9b291fef5d83d8aa,0,1
1691,1691,0,0000088,04,2,2,3,118bb925d7217e60,3,3,3,978a1b995120dcdc,0,1,d98f64cb1f25a38e,0000000000000000,0000000000000000,0,0
1692,1692,0,000008c,04,2,2,3,b32310977589d7d2,3,3,3,978a1b995120dcdc,0,1,54daea4092702d05,0000000000000000,0000000000000000,0,0
1693,1693,0,0000090,04,2,2,3,3e769e1cf8dc5959,3,3,3,978a1b995120dcdc,0,1,c32479dc058ebe99,0000000000000000,0000000000000000,0,0
1694,1694,0,0000094,04,2,2,3,a9880d806f22cac5,3,3,3,978a1b995120dcdc,0,1,4e71f75788db3012,0000000000000000,0000000000000000,0,0
1695,1695,0,0000098,04,2,2,3,24dd830be277444e,3,3,3,978a1b995120dcdc,0,1,86752ab940dfedfc,0000000000000000,0000000000000000,0,0
1696,1696,0,000009c,04,2,2,3,9330672c559aa069,3,3,3,978a1b995120dcdc,0,1,0b20a432cd8a6377,0000000000000000,0000000000000000,0,0
1697,1697,0,00000a0,04,2,2,3,1e65e9a7d8cf2ee2,3,3,3,978a1b995120dcdc,0,1,9cde37ae5a74f0eb,0000000000000000,0000000000000000,0,0
1698,1698,0,00000a4,04,2,2,3,899b7a3b4f31bd7e,3,3,3,978a1b995120dcdc,0,1,118bb925d7217e60,0000000000000000,0000000000000000,0,0
1699,1699,0,00000a8,04,2,2,3,04cef4b0c26433f5,3,3,3,978a1b995120dcdc,0,1,b32310977589d7d2,0000000000000000,0000000000000000,0,0
1700,1700,0,00000ac,04,2,2,3,a6665d0260cc9a47,3,3,3,978a1b995120dcdc,0,1,3e769e1cf8dc5959,0000000000000000,0000000000000000,0,0
1701,1701,0,00000b0,04,2,2,3,2b33d389ed9914cc,3,3,3,978a1b995120dcdc,0,1,a9880d806f22cac5,0000000000000000,0000000000000000,0,0
1702,1702,0,00000b4,04,2,2,3,bccd40157a678750,3,3,3,978a1b995120dcdc,0,1,24dd830be277444e,0000000000000000,0000000000000000,0,0
1703,1703,0,00000b8,04,2,2,3,3198ce9ef73209db,3,3,3,978a1b995120dcdc,0,1,9330672c559aa069,532dc20195870544,532dc20195870544,0,1
1704,1704,0,00000bc,04,2,2,3,f99c13703f36d435,3,3,3,978a1b995120dcdc,0,1,1e65e9a7d8cf2ee2,de784c8a18d28bcf,de784c8a18d28bcf,0,1
1705,1705,0,00000c0,04,2,2,3,74c99dfbb2635abe,3,3,3,978a1b995120dcdc,0,1,899b7a3b4f31bd7e,4986df168f2c1853,4986df168f2c1853,0,1
1706,1706,0,00000c4,04,2,2,3,e3370e67259dc922,3,3,3,978a1b995120dcdc,0,1,04cef4b0c26433f5,c4d3519d027996d8,c4d3519d027996d8,0,1
1707,1707,0,00000c8,04,2,2,3,6e6280eca8c847a9,3,3,3,978a1b995120dcdc,0,1,a6665d0260cc9a47,667bf82fa0d13f6a,667bf82fa0d13f6a,0,1
1708,1708,0,00000cc,04,2,2,3,ccca295e0a60ee1b,3,3,3,978a1b995120dcdc,0,1,2b33d389ed9914cc,eb2e76a42d84b1e1,eb2e76a42d84b1e1,0,1
1709,1709,0,00000d0,04,2,2,3,419fa7d587356090,3,3,3,978a1b995120dcdc,0,1,bccd40157a678750,7cd0e538ba7a227d,7cd0e538ba7a227d,0,1
1710,1710,0,00000d4,04,2,2,3,d661344910cbf30c,3,3,3,978a1b995120dcdc,0,1,3198ce9ef73209db,f1856bb3372facf6,f1856bb3372facf6,0,1
1711,1711,0,00000d8,04,2,2,3,5b34bac29d9e7d87,3,3,3,978a1b995120dcdc,0,1,f99c13703f36d435,c7dddaf301771db6,c7dddaf301771db6,0,0
1712,1712,0,00000dc,04,2,2,3,46688f9480c248d1,3,3,3,978a1b995120dcdc,0,1,74c99dfbb2635abe,c7dddaf301771db6,c7dddaf301771db6,0,0
1713,1713,0,00000e0,04,2,2,3,cb3d011f0d97c65a,3,3,3,978a1b995120dcdc,0,1,e3370e67259dc922,c7dddaf301771db6,c7dddaf301771db6,0,0
1714,1714,0,00000e4,04,2,2,3,5cc392839a6955c6,3,3,3,978a1b995120dcdc,0,1,6e6280eca8c847a9,c7dddaf301771db6,c7dddaf301771db6,0,0
1715,1715,0,00000e8,04,2,2,3,d1961c08173cdb4d,3,3,3,978a1b995120dcdc,0,1,ccca295e0a60ee1b,c7dddaf301771db6,c7dddaf301771db6,0,0
1716,1716,0,00000ec,04,2,2,3,733eb5bab59472ff,3,3,3,978a1b995120dcdc,0,1,419fa7d587356090,c7dddaf301771db6,c7dddaf301771db6,0,0
1717,1717,0,00000f0,04,2,2,3,fe6b3b3138c1fc74,3,3,3,978a1b995120dcdc,0,1,d661344910cbf30c,c7dddaf301771db6,c7dddaf301771db6,0,0
1718,1718,0,00000f4,04,2,2,3,6995a8adaf3f6fe8,3,3,3,978a1b995120dcdc,0,1,5b34bac29d9e7d87,c7dddaf301771db6,c7dddaf301771db6,0,0
1719,1719,0,00000f8,04,2,2,3,e4c02626226ae163,3,3,3,978a1b995120dcdc,0,1,46688f9480c248d1,c7dddaf301771db6,c7dddaf301771db6,0,0
1720,1720,0,00000fc,04,2,2,3,2cc4fbc8ea6e3c8d,3,3,3,978a1b995120dcdc,0,1,cb3d011f0d97c65a,c7dddaf301771db6,c7dddaf301771db6,0,0
1721,1721,0,0000100,04,2,2,3,a1917543673bb206,3,3,3,978a1b995120dcdc,0,1,5cc392839a6955c6,c7dddaf301771db6,c7dddaf301771db6,0,0
1722,1722,0,0000104,04,2,2,3,366fe6dff0c5219a,3,3,3,978a1b995120dcdc,0,1,d1961c08173cdb4d,c7dddaf301771db6,c7dddaf301771db6,0,0
1723,1723,0,0000108,04,2,2,3,bb3a68547d90af11,3,3,3,978a1b995120dcdc,0,1,733eb5bab59472ff,ecd95ee52a7399a0,ecd95ee52a7399a0,0,1
1724,1724,0,000010c,04,2,2,3,1992c1e6df3806a3,3,3,3,978a1b995120dcdc,0,1,fe6b3b3138c1fc74,618cd06ea726172b,618cd06ea726172b,0,1
1725,1725,0,0000110,04,2,2,3,94c74f6d526d8828,3,3,3,978a1b995120dcdc,0,1,6995a8adaf3f6fe8,f67243f230d884b7,f67243f230d884b7,0,1
1726,1726,0,0000114,04,2,2,3,0339dcf1c5931bb4,3,3,3,978a1b995120dcdc,0,1,e4c02626226ae163,7b27cd79bd8d0a3c,7b27cd79bd8d0a3c,0,1
1727,1727,0,0000118,04,2,2,3,8e6c527a48c6953f,3,3,3,978a1b995120dcdc,0,1,2cc4fbc8ea6e3c8d,d98f64cb1f25a38e,d98f64cb1f25a38e,0,1
1728,1728,0,000011c,04,2,2,3,6ce214beaa48d3fb,3,3,3,978a1b995120dcdc,0,1,a1917543673bb206,54daea4092702d05,54daea4092702d05,0,1
1729,1729,0,0000120,04,2,2,3,e1b79a35271d5d70,3,3,3,978a1b995120dcdc,0,1,366fe6dff0c5219a,c32479dc058ebe99,c32479dc058ebe99,0,1
1730,1730,0,0000124,04,2,2,3,764909a9b0e3ceec,3,3,3,978a1b995120dcdc,0,1,bb3a68547d90af11,4e71f75788db3012,4e71f75788db3012,0,1
1731,1731,0,0000128,04,2,2,3,fb1c87223db64067,3,3,3,978a1b995120dcdc,0,1,1992c1e6df3806a3,ad71aeaf6bdb69ea,ad71aeaf6bdb69ea,0,0
1732,1732,0,000012c,04,2,2,3,59b42e909f1ee9d5,3,3,3,978a1b995120dcdc,0,1,94c74f6d526d8828,ad71aeaf6bdb69ea,ad71aeaf6bdb69ea,0,0
1733,1733,0,0000130,04,2,2,3,d4e1a01b124b675e,3,3,3,978a1b995120dcdc,0,1,0339dcf1c5931bb4,ad71aeaf6bdb69ea,ad71aeaf6bdb69ea,0,0
1734,1734,0,0000134,04,2,2,3,431f338785b5f4c2,3,3,3,978a1b995120dcdc,0,1,8e6c527a48c6953f,ad71aeaf6bdb69ea,ad71aeaf6bdb69ea,0,0
1735,1735,0,0000138,04,2,2,3,ce4abd0c08e07a49,3,3,3,978a1b995120dcdc,0,1,6ce214beaa48d3fb,ad71aeaf6bdb69ea,ad71aeaf6bdb69ea,0,0
1736,1736,0,000013c,04,2,2,3,064e60e2c0e4a7a7,3,3,3,978a1b995120dcdc,0,1,e1b79a35271d5d70,ad71aeaf6bdb69ea,ad71aeaf6bdb69ea,0,0
1737,1737,0,0000140,04,2,2,3,8b1bee694db1292c,3,3,3,978a1b995120dcdc,0,1,764909a9b0e3ceec,ad71aeaf6bdb69ea,ad71aeaf6bdb69ea,0,0
1738,1738,0,0000144,04,2,2,3,1ce57df5da4fbab0,3,3,3,978a1b995120dcdc,0,1,fb1c87223db64067,ad71aeaf6bdb69ea,ad71aeaf6bdb69ea,0,0
1739,1739,0,0000148,04,2,2,3,91b0f37e571a343b,3,3,3,978a1b995120dcdc,0,1,59b42e909f1ee9d5,ad71aeaf6bdb69ea,ad71aeaf6bdb69ea,0,0
1740,1740,0,000014c,04,2,2,3,33185accf5b29d89,3,3,3,978a1b995120dcdc,0,1,d4e1a01b124b675e,ad71aeaf6bdb69ea,ad71aeaf6bdb69ea,0,0
1741,1741,0,0000150,04,2,2,3,be4dd44778e71302,3,3,3,978a1b995120dcdc,0,1,431f338785b5f4c2,ad71aeaf6bdb69ea,ad71aeaf6bdb69ea,0,0
1742,1742,0,0000154,04,2,2,3,29b347dbef19809e,3,3,3,978a1b995120dcdc,0,1,ce4abd0c08e07a49,ad71aeaf6bdb69ea,ad71aeaf6bdb69ea,0,0
1743,1743,0,0000158,04,2,2,3,a4e6c950624c0e15,3,3,3,978a1b995120dcdc,0,1,064e60e2c0e4a7a7,86752ab940dfedfc,86752ab940dfedfc,0,1
1744,1744,0,000015c,04,2,2,3,b9bafc067f103b43,3,3,3,978a1b995120dcdc,0,1,8b1bee694db1292c,0b20a432cd8a6377,0b20a432cd8a6377,0,1
1745,1745,0,0000160,04,2,2,3,34ef728df245b5c8,3,3,3,978a1b995120dcdc,0,1,1ce57df5da4fbab0,9cde37ae5a74f0eb,9cde37ae5a74f0eb,0,1
1746,1746,0,0000164,04,2,2,3,a311e11165bb2654,3,3,3,978a1b995120dcdc,0,1,91b0f37e571a343b,118bb925d7217e60,118bb925d7217e60,0,1
1747,1747,0,0000168,04,2,2,3,2e446f9ae8eea8df,3,3,3,978a1b995120dcdc,0,1,33185accf5b29d89,b32310977589d7d2,b32310977589d7d2,0,1
1748,1748,0,000016c,04,2,2,3,8cecc6284a46016d,3,3,3,978a1b995120dcdc,0,1,be4dd44778e71302,3e769e1cf8dc5959,3e769e1cf8dc5959,0,1
1749,1749,0,0000170,04,2,2,3,01b948a3c7138fe6,3,3,3,978a1b995120dcdc,0,1,29b347dbef19809e,a9880d806f22cac5,a9880d806f22cac5,0,1
1750,1750,0,0000174,04,2,2,3,9647db3f50ed1c7a,3,3,3,978a1b995120dcdc,0,1,a4e6c950624c0e15,24dd830be277444e,24dd830be277444e,0,1
1751,1751,0,0000178,04,2,2,3,1b1255b4ddb892f1,3,3,3,978a1b995120dcdc,0,1,b9bafc067f103b43,3981b65dff2b7118,3981b65dff2b7118,0,0
1752,1752,0,000017c,04,2,2,3,d316885a15bc4f1f,3,3,3,978a1b995120dcdc,0,1,34ef728df245b5c8,3981b65dff2b7118,3981b65dff2b7118,0,0
1753,1753,0,0000180,04,2,2,3,5e4306d198e9c194,3,3,3,978a1b995120dcdc,0,1,a311e11165bb2654,3981b65dff2b7118,3981b65dff2b7118,0,0
1754,1754,0,0000184,04,2,2,3,c9bd954d0f175208,3,3,3,978a1b995120dcdc,0,1,2e446f9ae8eea8df,3981b65dff2b7118,3981b65dff2b7118,0,0
1755,1755,0,0000188,04,2,2,3,44e81bc68242dc83,3,3,3,978a1b995120dcdc,0,1,8cecc6284a46016d,3981b65dff2b7118,3981b65dff2b7118,0,0
1756,1756,0,000018c,04,2,2,3,e640b27420ea7531,3,3,3,978a1b995120dcdc,0,1,01b948a3c7138fe6,3981b65dff2b7118,3981b65dff2b7118,0,0
1757,1757,0,0000190,04,2,2,3,6b153cffadbffbba,3,3,3,978a1b995120dcdc,0,1,9647db3f50ed1c7a,3981b65dff2b7118,3981b65dff2b7118,0,0
1758,1758,0,0000194,04,2,2,3,fcebaf633a416826,3,3,3,978a1b995120dcdc,0,1,1b1255b4ddb892f1,3981b65dff2b7118,3981b65dff2b7118,0,0
1759,1759,0,0000198,04,2,2,3,71be21e8b714e6ad,3,3,3,978a1b995120dcdc,0,1,d316885a15bc4f1f,3981b65dff2b7118,3981b65dff2b7118,0,0
1760,1760,0,000019c,04,2,2,3,c653c5cf00f9028a,3,3,3,978a1b995120dcdc,0,1,5e4306d198e9c194,3981b65dff2b7118,3981b65dff2b7118,0,0
1761,1761,0,00001a0,04,2,2,3,4b064b448dac8c01,3,3,3,978a1b995120dcdc,0,1,c9bd954d0f175208,3981b65dff2b7118,3981b65dff2b7118,0,0
1762,1762,0,00001a4,04,2,2,3,dcf8d8d81a521f9d,3,3,3,978a1b995120dcdc,0,1,44e81bc68242dc83,3981b65dff2b7118,3981b65dff2b7118,0,0
1763,1763,0,00001a8,04,2,2,3,51ad565397079116,3,3,3,978a1b995120dcdc,0,1,e640b27420ea7531,9330672c559aa069,9330672c559aa069,0,1
1764,1764,0,0000000,00,3,2,2,f305ffe135af38a4,3,3,2,978a1b995120dcdc,0,1,6b153cffadbffbba,1e65e9a7d8cf2ee2,1e65e9a7d8cf2ee2,0,1
1765,1765,0,0000000,00,3,3,3,7e50716ab8fab62f,3,3,3,978a1b995120dcdc,0,1,fcebaf633a416826,899b7a3b4f31bd7e,899b7a3b4f31bd7e,0,1
1766,1766,0,0000000,00,3,3,3,e9aee2f62f0425b3,3,3,3,978a1b995120dcdc,0,1,71be21e8b714e6ad,04cef4b0c26433f5,04cef4b0c26433f5,0,1
1767,1767,0,0000000,04,3,2,2,64fb6c7da251ab38,3,3,2,978a1b995120dcdc,0,1,c653c5cf00f9028a,a6665d0260cc9a47,a6665d0260cc9a47,0,1
1768,1768,0,0000000,00,3,3,3,acffb1936a5576d6,3,3,3,978a1b995120dcdc,0,1,4b064b448dac8c01,2b33d389ed9914cc,2b33d389ed9914cc,0,1
1769,1769,0,0000000,00,3,3,3,21aa3f18e700f85d,3,3,3,978a1b995120dcdc,0,1,dcf8d8d81a521f9d,bccd40157a678750,bccd40157a678750,0,1
1770,1770,0,0000000,00,3,3,3,b654ac8470fe6bc1,0,3,3,978a1b995120dcdc,0,1,51ad565397079116,3198ce9ef73209db,3198ce9ef73209db,0,1
1771,1771,0,0000000,00,2,2,2,000000000000b654,0,3,3,978a1b995120dcdc,0,1,f305ffe135af38a4,532dc20195870544,532dc20195870544,0,0
1772,1772,0,0000000,00,3,3,3,0000000000000000,0,3,3,978a1b995120dcdc,0,1,7e50716ab8fab62f,532dc20195870544,532dc20195870544,0,0
1773,1773,0,0000000,00,3,3,3,0000000000000000,0,3,3,978a1b995120dcdc,0,1,e9aee2f62f0425b3,532dc20195870544,532dc20195870544,0,0
1774,1774,0,0000000,00,3,3,3,0000000000000000,0,3,3,978a1b995120dcdc,0,1,64fb6c7da251ab38,532dc20195870544,532dc20195870544,0,0
1775,1775,0,0000000,00,3,3,3,0000000000000000,0,3,3,978a1b995120dcdc,0,1,acffb1936a5576d6,532dc20195870544,532dc20195870544,0,0
1776,1776,0,0000000,00,3,3,3,0000000000000000,0,3,3,978a1b995120dcdc,0,1,21aa3f18e700f85d,532dc20195870544,532dc20195870544,0,0
1777,1777,0,0000000,00,3,3,3,0000000000000000,0,3,3,978a1b995120dcdc,0,1,b654ac8470fe6bc1,532dc20195870544,532dc20195870544,0,0
1778,1778,0,0000000,00,3,3,3,0000000000000000,0,0,3,978a1b995120dcdc,0,1,000000000000b654,532dc20195870544,532dc20195870544,0,0
1779,1779,0,0000000,00,3,3,3,0000000000000000,0,0,3,978a1b995120dcdc,0,1,0000000000000000,532dc20195870544,532dc20195870544,0,0
1780,1780,0,0000000,00,3,3,3,0000000000000000,0,0,3,978a1b995120dcdc,0,1,0000000000000000,532dc20195870544,532dc20195870544,0,0
1781,1781,0,0000000,00,3,3,3,0000000000000000,0,0,3,978a1b995120dcdc,0,1,0000000000000000,532dc20195870544,532dc20195870544,0,0
1782,1782,0,0000000,00,3,3,3,0000000000000000,0,0,3,978a1b995120dcdc,0,1,0000000000000000,532dc20195870544,532dc20195870544,0,0
1783,1783,0,0000000,00,3,3,3,0000000000000000,0,0,3,978a1b995120dcdc,0,1,0000000000000000,f99c13703f36d435,f99c13703f36d435,0,1
1784,1784,0,0000000,00,3,3,3,0000000000000000,0,0,3,978a1b995120dcdc,0,1,0000000000000000,74c99dfbb2635abe,74c99dfbb2635abe,0,1
1785,1785,0,0000000,00,3,3,3,0000000000000000,0,0,3,978a1b995120dcdc,0,1,0000000000000000,e3370e67259dc922,e3370e67259dc922,0,1
1786,1786,0,0000000,00,3,3,3,0000000000000000,0,0,3,978a1b995120dcdc,0,1,0000000000000000,6e6280eca8c847a9,6e6280eca8c847a9,0,1
1787,1787,0,0000000,00,3,3,3,0000000000000000,0,0,3,978a1b995120dcdc,0,1,0000000000000000,ccca295e0a60ee1b,ccca295e0a60ee1b,0,1
1788,1788,0,0000000,04,3,2,2,0000000000000000,0,0,3,978a1b995120dcdc,0,1,0000000000000000,419fa7d587356090,419fa7d587356090,0,1
1789,1789,0,0000000,00,3,3,3,0000000000000000,0,0,3,978a1b995120dcdc,0,1,0000000000000000,d661344910cbf30c,d661344910cbf30c,0,1
1790,1790,0,0000000,00,3,3,3,0000000000000000,0,0,3,978a1b995120dcdc,0,1,0000000000000000,5b34bac29d9e7d87,5b34bac29d9e7d87,0,1
1791,1791,0,0000000,00,3,3,3,0000000000000000,0,0,3,978a1b995120dcdc,0,1,0000000000000000,ecd95ee52a7399a0,ecd95ee52a7399a0,0,0
1792,1792,0,0000000,00,3,3,3,0000000000000000,0,0,3,978a1b995120dcdc,0,1,0000000000000000,ecd95ee52a7399a0,ecd95ee52a7399a0,0,0
1793,1793,0,0000000,00,3,3,3,0000000000000000,0,0,3,978a1b995120dcdc,0,1,0000000000000000,ecd95ee52a7399a0,ecd95ee52a7399a0,0,0
1794,1794,0,0000000,00,3,2,2,0000000000000000,0,0,3,978a1b995120dcdc,0,1,0000000000000000,ecd95ee52a7399a0,ecd95ee52a7399a0,0,0
1795,1795,0,00001ac,04,2,2,3,0000000000000000,0,0,3,978a1b995120dcdc,0,1,0000000000000000,ecd95ee52a7399a0,ecd95ee52a7399a0,0,0
1796,1796,0,00001b0,04,2,2,3,0000000000000000,0,0,3,978a1b995120dcdc,0,1,0000000000000000,ecd95ee52a7399a0,ecd95ee52a7399a0,0,0
1797,1797,0,00001b4,04,2,2,3,0000000000000000,0,0,3,978a1b995120dcdc,0,1,0000000000000000,ecd95ee52a7399a0,ecd95ee52a7399a0,0,0
1798,1798,0,00001b8,04,2,2,3,0000000000000000,0,0,3,978a1b995120dcdc,0,1,0000000000000000,ecd95ee52a7399a0,ecd95ee52a7399a0,0,0
1799,1799,0,00001bc,04,2,2,3,0000000000000000,0,0,3,978a1b995120dcdc,0,1,0000000000000000,ecd95ee52a7399a0,ecd95ee52a7399a0,0,0
1800,1800,0,00001c0,04,2,2,3,0000000000000000,0,0,3,978a1b995120dcdc,0,1,0000000000000000,ecd95ee52a7399a0,ecd95ee52a7399a0,0,0
1801,1801,0,00001c4,04,2,2,3,0000000000000000,3,0,3,978a1b995120dcdc,0,1,0000000000000000,ecd95ee52a7399a0,ecd95ee52a7399a0,0,0
1802,1802,0,00001c8,04,2,2,3,3b01220ffdabe54a,3,0,3,978a1b995120dcdc,0,1,0000000000000000,ecd95ee52a7399a0,ecd95ee52a7399a0,0,0
1803,1803,0,00001cc,04,2,2,3,99a98bbd5f034cf8,3,0,3,978a1b995120dcdc,0,1,0000000000000000,46688f9480c248d1,46688f9480c248d1,0,1
1804,1804,0,00001d0,04,2,2,3,14fc0536d256c273,3,0,3,978a1b995120dcdc,0,1,0000000000000000,cb3d011f0d97c65a,cb3d011f0d97c65a,0,1
1805,1805,0,00001d4,04,2,2,3,830296aa45a851ef,3,0,3,978a1b995120dcdc,0,1,0000000000000000,5cc392839a6955c6,5cc392839a6955c6,0,1
1806,1806,0,00001d8,04,2,2,3,0e571821c8fddf64,3,0,3,978a1b995120dcdc,0,1,0000000000000000,d1961c08173cdb4d,d1961c08173cdb4d,0,1
1807,1807,0,00001dc,04,2,2,3,130b2d77d5a1ea32,3,0,3,978a1b995120dcdc,0,1,0000000000000000,733eb5bab59472ff,733eb5bab59472ff,0,1
1808,1808,0,00001e0,04,2,2,3,9e5ea3fc58f464b9,3,0,3,978a1b995120dcdc,0,1,0000000000000000,fe6b3b3138c1fc74,fe6b3b3138c1fc74,0,1
1809,1809,0,00001e4,04,2,2,3,09a03060cf0af725,3,3,3,978a1b995120dcdc,0,1,3b01220ffdabe54a,6995a8adaf3f6fe8,6995a8adaf3f6fe8,0,1
1810,1810,0,00001e8,04,2,2,3,84f5beeb425f79ae,3,3,3,978a1b995120dcdc,0,1,99a98bbd5f034cf8,e4c02626226ae163,e4c02626226ae163,0,1
1811,1811,0,00001ec,04,2,2,3,265d1759e0f7d01c,3,3,3,978a1b995120dcdc,0,1,14fc0536d256c273,86752ab940dfedfc,86752ab940dfedfc,0,0
1812,1812,0,00001f0,04,2,2,3,ab0899d26da25e97,3,3,3,978a1b995120dcdc,0,1,830296aa45a851ef,86752ab940dfedfc,86752ab940dfedfc,0,0
1813,1813,0,00001f4,04,2,2,3,3cf60a4efa5ccd0b,3,3,3,978a1b995120dcdc,0,1,0e571821c8fddf64,86752ab940dfedfc,86752ab940dfedfc,0,0
1814,1814,0,00001f8,04,2,2,3,b1a384c577094380,3,3,3,978a1b995120dcdc,0,1,130b2d77d5a1ea32,86752ab940dfedfc,86752ab940dfedfc,0,0
1815,1815,0,00001fc,04,2,2,3,79a7592bbf0d9e6e,3,3,3,978a1b995120dcdc,0,1,9e5ea3fc58f464b9,86752ab940dfedfc,86752ab940dfedfc,0,0
1816,1816,0,0000200,04,2,2,3,f4f2d7a0325810e5,3,3,3,978a1b995120dcdc,0,1,09a03060cf0af725,86752ab940dfedfc,86752ab940dfedfc,0,0
1817,1817,0,0000204,04,2,2,3,630c443ca5a68379,3,3,3,978a1b995120dcdc,0,1,84f5beeb425f79ae,86752ab940dfedfc,86752ab940dfedfc,0,0
1818,1818,0,0000208,04,2,2,3,ee59cab728f30df2,3,3,3,978a1b995120dcdc,0,1,265d1759e0f7d01c,86752ab940dfedfc,86752ab940dfedfc,0,0
1819,1819,0,000020c,04,2,2,3,4cf163058a5ba440,3,3,3,978a1b995120dcdc,0,1,ab0899d26da25e97,86752ab940dfedfc,86752ab940dfedfc,0,0
1820,1820,0,0000210,04,2,2,3,c1a4ed8e070e2acb,3,3,3,978a1b995120dcdc,0,1,3cf60a4efa5ccd0b,86752ab940dfedfc,86752ab940dfedfc,0,0
1821,1821,0,0000214,04,2,2,3,565a7e1290f0b957,3,3,3,978a1b995120dcdc,0,1,b1a384c577094380,86752ab940dfedfc,86752ab940dfedfc,0,0
1822,1822,0,0000218,04,2,2,3,db0ff0991da537dc,3,3,3,978a1b995120dcdc,0,1,79a7592bbf0d9e6e,86752ab940dfedfc,86752ab940dfedfc,0,0
1823,1823,0,000021c,04,2,2,3,9346f39b55ec34de,3,3,3,978a1b995120dcdc,0,1,f4f2d7a0325810e5,2cc4fbc8ea6e3c8d,2cc4fbc8ea6e3c8d,0,1
1824,1824,0,0000220,04,2,2,3,1e137d10d8b9ba55,3,3,3,978a1b995120dcdc,0,1,630c443ca5a68379,a1917543673bb206,a1917543673bb206,0,1
1825,1825,0,0000224,04,2,2,3,89edee8c4f4729c9,3,3,3,978a1b995120dcdc,0,1,ee59cab728f30df2,366fe6dff0c5219a,366fe6dff0c5219a,0,1
1826,1826,0,0000228,04,2,2,3,04b86007c212a742,3,3,3,978a1b995120dcdc,0,1,4cf163058a5ba440,bb3a68547d90af11,bb3a68547d90af11,0,1
1827,1827,0,000022c,04,2,2,3,a610c9b560ba0ef0,3,3,3,978a1b995120dcdc,0,1,c1a4ed8e070e2acb,1992c1e6df3806a3,1992c1e6df3806a3,0,1
1828,1828,0,0000230,04,2,2,3,2b45473eedef807b,3,3,3,978a1b995120dcdc,0,1,565a7e1290f0b957,94c74f6d526d8828,94c74f6d526d8828,0,1
1829,1829,0,0000234,04,2,2,3,bcbbd4a27a1113e7,3,3,3,978a1b995120dcdc,0,1,db0ff0991da537dc,0339dcf1c5931bb4,0339dcf1c5931bb4,0,1
1830,1830,0,0000238,04,2,2,3,31ee5a29f7449d6c,3,3,3,978a1b995120dcdc,0,1,9346f39b55ec34de,8e6c527a48c6953f,8e6c527a48c6953f,0,1
1831,1831,0,000023c,04,2,2,3,f9ea87c73f404082,3,3,3,978a1b995120dcdc,0,1,1e137d10d8b9ba55,9330672c559aa069,9330672c559aa069,0,0
1832,1832,0,0000240,04,2,2,3,74bf094cb215ce09,3,3,3,978a1b995120dcdc,0,1,89edee8c4f4729c9,9330672c559aa069,9330672c559aa069,0,0
1833,1833,0,0000244,04,2,2,3,e3419ad025eb5d95,3,3,3,978a1b995120dcdc,0,1,04b86007c212a742,9330672c559aa069,9330672c559aa069,0,0
1834,1834,0,0000248,04,2,2,3,6e14145ba8bed31e,3,3,3,6fbb9868a9115f2d,0,1,a610c9b560ba0ef0,9330672c559aa069,9330672c559aa069,0,0
1835,1835,0,000024c,04,2,2,3,ccbcbde90a167aac,3,3,3,6fbb9868a9115f2d,0,1,2b45473eedef807b,9330672c559aa069,9330672c559aa069,0,0
1836,1836,0,0000000,00,3,3,3,41e933628743f427,3,3,3,6fbb9868a9115f2d,0,1,bcbbd4a27a1113e7,9330672c559aa069,9330672c559aa069,0,0
1837,1837,0,0000000,00,3,3,3,d617a0fe10bd67bb,3,3,3,6fbb9868a9115f2d,0,1,31ee5a29f7449d6c,9330672c559aa069,9330672c559aa069,0,0
1838,1838,0,0000000,00,3,3,3,5b422e759de8e930,3,3,3,6fbb9868a9115f2d,0,1,f9ea87c73f404082,9330672c559aa069,9330672c559aa069,0,0
1839,1839,0,0000000,00,3,3,3,461e1b2380b4dc66,3,3,3,6fbb9868a9115f2d,0,1,74bf094cb215ce09,9330672c559aa069,9330672c559aa069,0,0
1840,1840,0,0000000,00,3,3,3,cb4b95a80de152ed,3,3,3,6fbb9868a9115f2d,0,1,e3419ad025eb5d95,9330672c559aa069,9330672c559aa069,0,0
1841,1841,0,0000000,00,3,3,3,5cb506349a1fc171,3,3,3,6fbb9868a9115f2d,0,1,6e14145ba8bed31e,9330672c559aa069,9330672c559aa069,0,0
1842,1842,0,0000000,00,3,3,3,d1e088bf174a4ffa,0,3,3,6fbb9868a9115f2d,0,1,ccbcbde90a167aac,9330672c559aa069,9330672c559aa069,0,0
1843,1843,0,0000000,00,2,2,3,000000000000d1e0,0,3,2,6fbb9868a9115f2d,3,1,41e933628743f427,6ce214beaa48d3fb,6ce214beaa48d3fb,0,1
1844,1844,0,0000250,04,2,2,3,0000000000000000,0,3,3,e2ee16e32444d1a6,0,1,d617a0fe10bd67bb,e1b79a35271d5d70,e1b79a35271d5d70,0,1
1845,1845,0,0000254,04,2,2,3,0000000000000000,0,3,3,e2ee16e32444d1a6,0,1,5b422e759de8e930,764909a9b0e3ceec,764909a9b0e3ceec,0,1
1846,1846,0,0000258,04,2,2,3,0000000000000000,0,3,3,e2ee16e32444d1a6,0,1,461e1b2380b4dc66,fb1c87223db64067,fb1c87223db64067,0,1
1847,1847,0,0000004,00,2,2,3,0000000000000000,0,3,2,e2ee16e32444d1a6,3,1,cb4b95a80de152ed,59b42e909f1ee9d5,59b42e909f1ee9d5,0,1
1848,1848,0,0000000,00,3,3,3,0000000000000000,0,3,3,7510857fb3ba423a,0,1,5cb506349a1fc171,d4e1a01b124b675e,d4e1a01b124b675e,0,1
1849,1849,0,0000000,00,3,3,3,9868a9115f2d6fbb,0,3,3,7510857fb3ba423a,0,1,d1e088bf174a4ffa,431f338785b5f4c2,431f338785b5f4c2,0,1
1850,1850,0,0000000,00,3,3,3,16e32444d1a66fbb,3,0,3,7510857fb3ba423a,0,1,000000000000d1e0,ce4abd0c08e07a49,ce4abd0c08e07a49,0,1
1851,1851,0,0000000,00,3,3,3,7348210db5e2e648,3,0,3,7510857fb3ba423a,0,1,0000000000000000,f99c13703f36d435,f99c13703f36d435,0,0
1852,1852,0,0000000,00,3,3,3,ffffffffffffffff,3,0,3,7510857fb3ba423a,0,1,0000000000000000,f99c13703f36d435,f99c13703f36d435,0,0
1853,1853,0,0000000,00,3,3,3,16e32444d1a6e2ee,0,0,3,7510857fb3ba423a,0,1,0000000000000000,f99c13703f36d435,f99c13703f36d435,0,0
1854,1854,0,0000008,00,2,2,3,857fb3ba423ae2ee,0,0,2,7510857fb3ba423a,3,1,0000000000000000,f99c13703f36d435,f99c13703f36d435,0,0
1855,1855,0,000025c,04,2,2,3,000000000000007f,0,0,3,f8450bf43eefccb1,0,1,0000000000000000,f99c13703f36d435,f99c13703f36d435,0,0
1856,1856,0,0000260,04,2,2,3,0000000000000000,0,0,3,f8450bf43eefccb1,0,1,9868a9115f2d6fbb,f99c13703f36d435,f99c13703f36d435,0,0
1857,1857,0,0000264,04,2,2,3,0000000000000000,0,0,3,f8450bf43eefccb1,0,1,16e32444d1a66fbb,f99c13703f36d435,f99c13703f36d435,0,0
1858,1858,0,000000c,00,2,2,3,0000000000000000,0,3,2,f8450bf43eefccb1,3,1,7348210db5e2e648,f99c13703f36d435,f99c13703f36d435,0,0
1859,1859,0,0000000,00,3,3,3,0000000000000000,0,3,3,5aeda2469c476503,0,1,ffffffffffffffff,f99c13703f36d435,f99c13703f36d435,0,0
1860,1860,0,0000000,00,3,3,3,857fb3ba423a7510,0,3,3,5aeda2469c476503,0,1,16e32444d1a6e2ee,f99c13703f36d435,f99c13703f36d435,0,0
1861,1861,0,0000000,00,3,3,3,0bf43eefccb17510,3,0,3,5aeda2469c476503,0,1,857fb3ba423ae2ee,f99c13703f36d435,f99c13703f36d435,0,0
1862,1862,0,0000000,00,3,3,3,e4b6b291221c75d4,3,0,3,5aeda2469c476503,0,1,000000000000007f,f99c13703f36d435,f99c13703f36d435,0,0
1863,1863,0,0000000,00,3,3,3,ffffffffffffffff,3,0,3,5aeda2469c476503,0,1,0000000000000000,064e60e2c0e4a7a7,064e60e2c0e4a7a7,0,1
1864,1864,0,0000000,00,3,3,3,0bf43eefccb1f845,0,0,3,5aeda2469c476503,0,1,0000000000000000,8b1bee694db1292c,8b1bee694db1292c,0,1
1865,1865,0,0000010,00,2,2,3,a2469c476503f845,0,0,2,5aeda2469c476503,3,1,0000000000000000,1ce57df5da4fbab0,1ce57df5da4fbab0,0,1
1866,1866,0,0000268,04,2,2,3,0000000000000046,0,0,3,d7b82ccd1112eb88,0,1,0000000000000000,91b0f37e571a343b,91b0f37e571a343b,0,1
1867,1867,0,000026c,04,2,2,3,0000000000000000,0,0,3,d7b82ccd1112eb88,0,1,857fb3ba423a7510,33185accf5b29d89,33185accf5b29d89,0,1
1868,1868,0,0000270,04,2,2,3,0000000000000000,0,0,3,d7b82ccd1112eb88,0,1,0bf43eefccb17510,be4dd44778e71302,be4dd44778e71302,0,1
1869,1869,0,0000014,00,2,2,3,0000000000000000,0,3,2,d7b82ccd1112eb88,3,1,e4b6b291221c75d4,29b347dbef19809e,29b347dbef19809e,0,1
1870,1870,0,0000000,00,3,3,3,0200000000000000,0,3,3,4046bf5186ec7814,0,1,ffffffffffffffff,a4e6c950624c0e15,a4e6c950624c0e15,0,1
1871,1871,0,0000000,00,3,3,3,a2469c4765035aed,0,3,3,4046bf5186ec7814,0,1,0bf43eefccb1f845,46688f9480c248d1,46688f9480c248d1,0,0
1872,1872,0,0000000,00,3,3,3,2ccd1112eb885aed,3,0,3,4046bf5186ec7814,0,1,a2469c476503f845,46688f9480c248d1,46688f9480c248d1,0,0
1873,1873,0,0000000,00,3,3,3,36197268f0b3b52d,3,0,3,4046bf5186ec7814,0,1,0000000000000046,46688f9480c248d1,46688f9480c248d1,0,0
1874,1874,0,0000000,00,3,3,3,ffffffffffffffff,3,0,3,4046bf5186ec7814,0,1,0000000000000000,46688f9480c248d1,46688f9480c248d1,0,0
1875,1875,0,0000000,00,3,3,3,2ccd1112eb88d7b8,0,0,3,4046bf5186ec7814,0,1,0000000000000000,46688f9480c248d1,46688f9480c248d1,0,0
1876,1876,0,0000018,00,2,2,3,bf5186ec7814d7b8,0,0,2,4046bf5186ec7814,3,1,0000000000000000,46688f9480c248d1,46688f9480c248d1,0,0
1877,1877,0,0000274,04,2,2,3,0000000000000051,0,0,3,cd1331da0bb9f69f,0,1,0200000000000000,46688f9480c248d1,46688f9480c248d1,0,0
1878,1878,0,0000278,04,2,2,3,0000000000000000,0,0,3,cd1331da0bb9f69f,0,1,a2469c4765035aed,46688f9480c248d1,46688f9480c248d1,0,0
1879,1879,0,000027c,04,2,2,3,0000000000000000,0,0,3,cd1331da0bb9f69f,0,1,2ccd1112eb885aed,46688f9480c248d1,46688f9480c248d1,0,0
1880,1880,0,000001c,00,2,2,3,0000000000000000,0,3,2,cd1331da0bb9f69f,3,1,36197268f0b3b52d,46688f9480c248d1,46688f9480c248d1,0,0
1881,1881,0,0000000,00,3,3,3,0200000000000000,0,3,3,0517ec34c3bd2b71,0,1,ffffffffffffffff,46688f9480c248d1,46688f9480c248d1,0,0
1882,1882,0,0000000,00,3,3,3,bf5186ec78144046,0,3,3,0517ec34c3bd2b71,0,1,2ccd1112eb88d7b8,46688f9480c248d1,46688f9480c248d1,0,0
1883,1883,0,0000000,00,3,3,3,31da0bb9f69f4046,3,0,3,0517ec34c3bd2b71,0,1,bf5186ec7814d7b8,b9bafc067f103b43,b9bafc067f103b43,0,1
1884,1884,0,0000000,00,3,3,3,94b1dbda521b1c9f,3,0,3,0517ec34c3bd2b71,0,1,0000000000000051,34ef728df245b5c8,34ef728df245b5c8,0,1
1885,1885,0,0000000,00,3,3,3,ffffffffffffffff,3,0,3,0517ec34c3bd2b71,0,1,0000000000000000,a311e11165bb2654,a311e11165bb2654,0,1
1886,1886,0,0000000,00,3,3,3,31da0bb9f69fcd13,0,0,3,0517ec34c3bd2b71,0,1,0000000000000000,2e446f9ae8eea8df,2e446f9ae8eea8df,0,1
1887,1887,0,0000020,00,2,2,3,ec34c3bd2b71cd13,0,0,2,0517ec34c3bd2b71,3,1,0000000000000000,8cecc6284a46016d,8cecc6284a46016d,0,1
1888,1888,0,0000280,04,2,2,3,0000000000000034,0,0,3,884262bf4ee8a5fa,0,1,0200000000000000,01b948a3c7138fe6,01b948a3c7138fe6,0,1
1889,1889,0,0000284,04,2,2,3,0000000000000000,0,0,3,884262bf4ee8a5fa,0,1,bf5186ec78144046,9647db3f50ed1c7a,9647db3f50ed1c7a,0,1
1890,1890,0,0000288,04,2,2,3,0000000000000000,0,0,3,884262bf4ee8a5fa,0,1,31da0bb9f69f4046,1b1255b4ddb892f1,1b1255b4ddb892f1,0,1
1891,1891,0,0000024,00,2,2,3,0000000000000000,0,3,2,884262bf4ee8a5fa,3,1,94b1dbda521b1c9f,2cc4fbc8ea6e3c8d,2cc4fbc8ea6e3c8d,0,0
1892,1892,0,0000000,00,3,3,3,4000000000000000,0,3,3,1fbcf123d9163666,0,1,ffffffffffffffff,2cc4fbc8ea6e3c8d,2cc4fbc8ea6e3c8d,0,0
1893,1893,0,0000000,00,3,3,3,ec34c3bd2b710517,0,3,3,1fbcf123d9163666,0,1,31da0bb9f69fcd13,2cc4fbc8ea6e3c8d,2cc4fbc8ea6e3c8d,0,0
1894,1894,0,0000000,00,3,3,3,62bf4ee8a5fa0517,3,0,3,1fbcf123d9163666,0,1,ec34c3bd2b71cd13,2cc4fbc8ea6e3c8d,2cc4fbc8ea6e3c8d,0,0
1895,1895,0,0000000,00,3,3,3,39f722eaff5de5af,3,0,3,1fbcf123d9163666,0,1,0000000000000034,2cc4fbc8ea6e3c8d,2cc4fbc8ea6e3c8d,0,0
1896,1896,0,0000000,00,3,3,3,ffffffffffffffff,3,0,3,1fbcf123d9163666,0,1,0000000000000000,2cc4fbc8ea6e3c8d,2cc4fbc8ea6e3c8d,0,0
1897,1897,0,0000000,00,3,3,3,62bf4ee8a5fa8842,0,0,3,1fbcf123d9163666,0,1,0000000000000000,2cc4fbc8ea6e3c8d,2cc4fbc8ea6e3c8d,0,0
1898,1898,0,0000028,00,2,2,3,f123d91636668842,0,0,2,1fbcf123d9163666,3,1,0000000000000000,2cc4fbc8ea6e3c8d,2cc4fbc8ea6e3c8d,0,0
1899,1899,0,000028c,04,2,2,3,0000000000000023,0,0,3,92e97fa85443b8ed,0,1,4000000000000000,2cc4fbc8ea6e3c8d,2cc4fbc8ea6e3c8d,0,0
1900,1900,0,0000290,04,2,2,3,0000000000000000,0,0,3,92e97fa85443b8ed,0,1,ec34c3bd2b710517,2cc4fbc8ea6e3c8d,2cc4fbc8ea6e3c8d,0,0
1901,1901,0,0000294,04,2,2,3,0000000000000000,0,0,3,92e97fa85443b8ed,0,1,62bf4ee8a5fa0517,2cc4fbc8ea6e3c8d,2cc4fbc8ea6e3c8d,0,0
1902,1902,0,000002c,00,2,2,3,0000000000000000,0,3,2,92e97fa85443b8ed,3,1,39f722eaff5de5af,2cc4fbc8ea6e3c8d,2cc4fbc8ea6e3c8d,0,0
1903,1903,0,0000000,00,3,3,3,4000000000000000,0,3,3,3041d61af6eb115f,0,1,ffffffffffffffff,d316885a15bc4f1f,d316885a15bc4f1f,0,1
1904,1904,0,0000000,00,3,3,3,f123d91636661fbc,0,3,3,3041d61af6eb115f,0,1,62bf4ee8a5fa8842,5e4306d198e9c194,5e4306d198e9c194,0,1
1905,1905,0,0000000,00,3,3,3,7fa85443b8ed1fbc,3,0,3,3041d61af6eb115f,0,1,f123d91636668842,c9bd954d0f175208,c9bd954d0f175208,0,1
1906,1906,0,0000000,00,3,3,3,ae09b17668a37633,3,0,3,3041d61af6eb115f,0,1,0000000000000023,44e81bc68242dc83,44e81bc68242dc83,0,1
1907,1907,0,0000000,00,3,3,3,ffffffffffffffff,3,0,3,3041d61af6eb115f,0,1,0000000000000000,e640b27420ea7531,e640b27420ea7531,0,1
1908,1908,0,0000000,00,3,3,3,7fa85443b8ed92e9,0,0,3,3041d61af6eb115f,0,1,0000000000000000,6b153cffadbffbba,6b153cffadbffbba,0,1
1909,1909,0,0000030,00,2,2,3,d61af6eb115f92e9,0,0,2,3041d61af6eb115f,3,1,0000000000000000,fcebaf633a416826,fcebaf633a416826,0,1
1910,1910,0,0000298,04,2,2,3,000000000000001a,0,0,3,bd1458917bbe9fd4,0,1,4000000000000000,71be21e8b714e6ad,71be21e8b714e6ad,0,1
1911,1911,0,000029c,04,2,2,3,0000000000000000,0,0,3,bd1458917bbe9fd4,0,1,f123d91636661fbc,6ce214beaa48d3fb,6ce214beaa48d3fb,0,0
1912,1912,0,00002a0,04,2,2,3,0000000000000000,0,0,3,bd1458917bbe9fd4,0,1,7fa85443b8ed1fbc,6ce214beaa48d3fb,6ce214beaa48d3fb,0,0
1913,1913,0,0000034,00,2,2,3,0000000000000000,0,3,2,bd1458917bbe9fd4,3,1,ae09b17668a37633,6ce214beaa48d3fb,6ce214beaa48d3fb,0,0
1914,1914,0,0000000,00,3,3,3,4200000000000000,0,3,3,2aeacb0dec400c48,0,1,ffffffffffffffff,6ce214beaa48d3fb,6ce214beaa48d3fb,0,0
1915,1915,0,0000000,00,3,3,3,d61af6eb115f3041,0,3,3,2aeacb0dec400c48,0,1,7fa85443b8ed92e9,6ce214beaa48d3fb,6ce214beaa48d3fb,0,0
1916,1916,0,0000000,00,3,3,3,58917bbe9fd43041,3,0,3,2aeacb0dec400c48,0,1,d61af6eb115f92e9,6ce214beaa48d3fb,6ce214beaa48d3fb,0,0
1917,1917,0,0000000,00,3,3,3,160a05d3d0a0c296,3,0,3,2aeacb0dec400c48,0,1,000000000000001a,6ce214beaa48d3fb,6ce214beaa48d3fb,0,0
1918,1918,0,0000000,00,3,3,3,ffffffffffffffff,3,0,3,2aeacb0dec400c48,0,1,0000000000000000,6ce214beaa48d3fb,6ce214beaa48d3fb,0,0
1919,1919,0,0000000,00,3,3,3,58917bbe9fd4bd14,0,0,3,2aeacb0dec400c48,0,1,0000000000000000,6ce214beaa48d3fb,6ce214beaa48d3fb,0,0
1920,1920,0,0000038,00,2,2,3,cb0dec400c48bd14,0,0,2,2aeacb0dec400c48,3,1,0000000000000000,6ce214beaa48d3fb,6ce214beaa48d3fb,0,0
1921,1921,0,00002a4,04,2,2,3,000000000000000d,0,0,3,a7bf4586611582c3,0,1,4200000000000000,6ce214beaa48d3fb,6ce214beaa48d3fb,0,0
1922,1922,0,00002a8,04,2,2,3,0000000000000000,0,0,3,a7bf4586611582c3,0,1,d61af6eb115f3041,6ce214beaa48d3fb,6ce214beaa48d3fb,0,0
1923,1923,0,00002ac,04,2,2,3,0000000000000000,0,0,3,a7bf4586611582c3,0,1,58917bbe9fd43041,c653c5cf00f9028a,c653c5cf00f9028a,0,1
1924,1924,0,000003c,00,2,2,3,0000000000000000,0,3,2,a7bf4586611582c3,3,1,160a05d3d0a0c296,4b064b448dac8c01,4b064b448dac8c01,0,1
1925,1925,0,0000000,00,3,3,3,4200000000000000,0,3,3,bae370d07c49b795,0,1,ffffffffffffffff,dcf8d8d81a521f9d,dcf8d8d81a521f9d,0,1
1926,1926,0,0000000,00,3,3,3,cb0dec400c482aea,0,3,3,bae370d07c49b795,0,1,58917bbe9fd4bd14,51ad565397079116,51ad565397079116,0,1
1927,1927,0,0000000,00,3,3,3,4586611582c32aea,3,0,3,bae370d07c49b795,0,1,cb0dec400c48bd14,f305ffe135af38a4,f305ffe135af38a4,0,1
1928,1928,0,0000000,00,3,3,3,de0ed83d18a41f78,3,0,3,bae370d07c49b795,0,1,000000000000000d,7e50716ab8fab62f,7e50716ab8fab62f,0,1
1929,1929,0,0000000,00,3,3,3,ffffffffffffffff,3,0,3,bae370d07c49b795,0,1,0000000000000000,e9aee2f62f0425b3,e9aee2f62f0425b3,0,1
1930,1930,0,0000000,00,3,3,3,4586611582c3a7bf,0,0,3,bae370d07c49b795,0,1,0000000000000000,64fb6c7da251ab38,64fb6c7da251ab38,0,1
1931,1931,0,0000040,00,2,2,3,70d07c49b795a7bf,0,0,2,bae370d07c49b795,3,1,0000000000000000,064e60e2c0e4a7a7,064e60e2c0e4a7a7,0,0
1932,1932,0,00002b0,04,2,2,3,0000000000000050,0,0,3,37b6fe5bf11c391e,0,1,4200000000000000,064e60e2c0e4a7a7,064e60e2c0e4a7a7,0,0
1933,1933,0,00002b4,04,2,2,3,0000000000000000,0,0,3,37b6fe5bf11c391e,0,1,cb0dec400c482aea,064e60e2c0e4a7a7,064e60e2c0e4a7a7,0,0
1934,1934,0,00002b8,04,2,2,3,0000000000000000,0,0,3,37b6fe5bf11c391e,0,1,4586611582c32aea,064e60e2c0e4a7a7,064e60e2c0e4a7a7,0,0
1935,1935,0,0000044,00,2,2,3,0000000000000000,0,3,2,37b6fe5bf11c391e,3,1,de0ed83d18a41f78,064e60e2c0e4a7a7,064e60e2c0e4a7a7,0,0
1936,1936,0,0000000,00,3,3,3,4000000000000000,0,3,3,a0486dc766e2aa82,0,1,ffffffffffffffff,064e60e2c0e4a7a7,064e60e2c0e4a7a7,0,0
1937,1937,0,0000000,00,3,3,3,70d07c49b795bae3,0,3,3,a0486dc766e2aa82,0,1,4586611582c3a7bf,064e60e2c0e4a7a7,064e60e2c0e4a7a7,0,0
1938,1938,0,0000000,00,3,3,3,fe5bf11c391ebae3,3,0,3,a0486dc766e2aa82,0,1,70d07c49b795a7bf,064e60e2c0e4a7a7,064e60e2c0e4a7a7,0,0
1939,1939,0,0000000,00,3,3,3,660d6c98a0a7abdd,3,0,3,a0486dc766e2aa82,0,1,0000000000000050,064e60e2c0e4a7a7,064e60e2c0e4a7a7,0,0
1940,1940,0,0000000,00,3,3,3,ffffffffffffffff,3,0,3,a0486dc766e2aa82,0,1,0000000000000000,064e60e2c0e4a7a7,064e60e2c0e4a7a7,0,0
1941,1941,0,0000000,00,3,3,3,fe5bf11c391e37b6,0,0,3,a0486dc766e2aa82,0,1,0000000000000000,064e60e2c0e4a7a7,064e60e2c0e4a7a7,0,0
1942,1942,0,0000048,00,2,2,3,6dc766e2aa8237b6,0,0,2,a0486dc766e2aa82,3,1,0000000000000000,064e60e2c0e4a7a7,064e60e2c0e4a7a7,0,0
1943,1943,0,00002bc,04,2,2,3,00000000000000c7,0,0,3,2d1de34cebb72409,0,1,4000000000000000,acffb1936a5576d6,acffb1936a5576d6,0,1
1944,1944,0,00002c0,04,2,2,3,0000000000000000,0,0,3,2d1de34cebb72409,0,1,70d07c49b795bae3,21aa3f18e700f85d,21aa3f18e700f85d,0,1
1945,1945,0,00002c4,04,2,2,3,0000000000000000,0,0,3,2d1de34cebb72409,0,1,fe5bf11c391ebae3,b654ac8470fe6bc1,b654ac8470fe6bc1,0,1
1946,1946,0,000004c,00,2,2,3,0000000000000000,0,3,2,2d1de34cebb72409,3,1,660d6c98a0a7abdd,3b01220ffdabe54a,3b01220ffdabe54a,0,1
1947,1947,0,0000000,00,3,3,3,4000000000000000,0,3,3,8fb54afe491f8dbb,0,1,ffffffffffffffff,99a98bbd5f034cf8,99a98bbd5f034cf8,0,1
1948,1948,0,0000000,00,3,3,3,6dc766e2aa82a048,0,3,3,8fb54afe491f8dbb,0,1,fe5bf11c391e37b6,14fc0536d256c273,14fc0536d256c273,0,1
1949,1949,0,0000000,00,3,3,3,e34cebb72409a048,3,0,3,8fb54afe491f8dbb,0,1,6dc766e2aa8237b6,830296aa45a851ef,830296aa45a851ef,0,1
1950,1950,0,0000000,00,3,3,3,f1f3ff0437593841,3,0,3,8fb54afe491f8dbb,0,1,00000000000000c7,0e571821c8fddf64,0e571821c8fddf64,0,1
1951,1951,0,0000000,00,3,3,3,ffffffffffffffff,3,0,3,8fb54afe491f8dbb,0,1,0000000000000000,b9bafc067f103b43,b9bafc067f103b43,0,0
1952,1952,0,0000000,00,3,3,3,e34cebb724092d1d,0,0,3,8fb54afe491f8dbb,0,1,0000000000000000,b9bafc067f103b43,b9bafc067f103b43,0,0
1953,1953,0,0000050,00,2,2,3,4afe491f8dbb2d1d,0,0,2,8fb54afe491f8dbb,3,1,0000000000000000,b9bafc067f103b43,b9bafc067f103b43,0,0
1954,1954,0,00002c8,04,2,2,3,000000000000007e,0,0,3,02e0c475c44a0330,0,1,4000000000000000,b9bafc067f103b43,b9bafc067f103b43,0,0
1955,1955,0,00002cc,04,2,2,3,0000000000000000,0,0,3,02e0c475c44a0330,0,1,6dc766e2aa82a048,b9bafc067f103b43,b9bafc067f103b43,0,0
1956,1956,0,00002d0,04,2,2,3,0000000000000000,0,0,3,02e0c475c44a0330,0,1,e34cebb72409a048,b9bafc067f103b43,b9bafc067f103b43,0,0
1957,1957,0,0000054,00,2,2,3,0000000000000000,0,3,2,02e0c475c44a0330,3,1,f1f3ff0437593841,b9bafc067f103b43,b9bafc067f103b43,0,0
1958,1958,0,0000000,00,3,3,3,4200000000000000,0,3,3,951e57e953b490ac,0,1,ffffffffffffffff,b9bafc067f103b43,b9bafc067f103b43,0,0
1959,1959,0,0000000,00,3,3,3,4afe491f8dbb8fb5,0,3,3,951e57e953b490ac,0,1,e34cebb724092d1d,b9bafc067f103b43,b9bafc067f103b43,0,0
1960,1960,0,0000000,00,3,3,3,c475c44a03308fb5,3,0,3,951e57e953b490ac,0,1,4afe491f8dbb2d1d,b9bafc067f103b43,b9bafc067f103b43,0,0
1961,1961,0,0000000,00,3,3,3,f604d74530ae1000,3,0,3,951e57e953b490ac,0,1,000000000000007e,b9bafc067f103b43,b9bafc067f103b43,0,0
1962,1962,0,0000000,00,3,3,3,ffffffffffffffff,3,0,3,951e57e953b490ac,0,1,0000000000000000,b9bafc067f103b43,b9bafc067f103b43,0,0
1963,1963,0,0000000,00,3,3,3,c475c44a033002e0,0,0,3,951e57e953b490ac,0,1,0000000000000000,130b2d77d5a1ea32,130b2d77d5a1ea32,0,1
1964,1964,0,0000058,00,2,2,3,57e953b490ac02e0,0,0,2,951e57e953b490ac,3,1,0000000000000000,9e5ea3fc58f464b9,9e5ea3fc58f464b9,0,1
1965,1965,0,00002d4,04,2,2,3,0000000000000069,0,0,3,184bd962dee11e27,0,1,4200000000000000,09a03060cf0af725,09a03060cf0af725,0,1
1966,1966,0,00002d8,04,2,2,3,0000000000000000,0,0,3,184bd962dee11e27,0,1,4afe491f8dbb8fb5,84f5beeb425f79ae,84f5beeb425f79ae,0,1
1967,1967,0,00002dc,04,2,2,3,0000000000000000,0,0,3,184bd962dee11e27,0,1,c475c44a03308fb5,265d1759e0f7d01c,265d1759e0f7d01c,0,1
1968,1968,0,000005c,00,2,2,3,0000000000000000,0,3,2,184bd962dee11e27,3,1,f604d74530ae1000,ab0899d26da25e97,ab0899d26da25e97,0,1
1969,1969,0,0000000,00,3,3,3,4200000000000000,0,3,3,d04f048c16e5c3c9,0,1,ffffffffffffffff,3cf60a4efa5ccd0b,3cf60a4efa5ccd0b,0,1
1970,1970,0,0000000,00,3,3,3,57e953b490ac951e,0,3,3,d04f048c16e5c3c9,0,1,c475c44a033002e0,b1a384c577094380,b1a384c577094380,0,1
1971,1971,0,0000000,00,3,3,3,d962dee11e27951e,3,0,3,d04f048c16e5c3c9,0,1,57e953b490ac02e0,d316885a15bc4f1f,d316885a15bc4f1f,0,0
1972,1972,0,0000000,00,3,3,3,54ac7ef79206b9b2,3,0,3,d04f048c16e5c3c9,0,1,0000000000000069,d316885a15bc4f1f,d316885a15bc4f1f,0,0
1973,1973,0,0000000,00,3,3,3,ffffffffffffffff,3,0,3,d04f048c16e5c3c9,0,1,0000000000000000,d316885a15bc4f1f,d316885a15bc4f1f,0,0
1974,1974,0,0000000,00,3,3,3,d962dee11e27184b,0,0,3,d04f048c16e5c3c9,0,1,0000000000000000,d316885a15bc4f1f,d316885a15bc4f1f,0,0
1975,1975,0,0000060,00,2,2,3,048c16e5c3c9184b,0,0,2,d04f048c16e5c3c9,3,1,0000000000000000,d316885a15bc4f1f,d316885a15bc4f1f,0,0
1976,1976,0,00002e0,04,2,2,3,000000000000000c,0,0,3,5d1a8a079bb04d42,0,1,4200000000000000,d316885a15bc4f1f,d316885a15bc4f1f,0,0
1977,1977,0,00002e4,04,2,2,3,0000000000000000,0,0,3,5d1a8a079bb04d42,0,1,57e953b490ac951e,d316885a15bc4f1f,d316885a15bc4f1f,0,0
1978,1978,0,00002e8,04,2,2,3,0000000000000000,0,0,3,5d1a8a079bb04d42,0,1,d962dee11e27951e,d316885a15bc4f1f,d316885a15bc4f1f,0,0
1979,1979,0,0000064,00,2,2,3,0000000000000000,0,3,2,5d1a8a079bb04d42,3,1,54ac7ef79206b9b2,d316885a15bc4f1f,d316885a15bc4f1f,0,0
1980,1980,0,0000000,00,3,3,3,0000000000000000,0,3,3,cae4199b0c4edede,0,1,ffffffffffffffff,d316885a15bc4f1f,d316885a15bc4f1f,0,0
1981,1981,0,0000000,00,3,3,3,048c16e5c3c9d04f,0,3,3,cae4199b0c4edede,0,1,d962dee11e27184b,d316885a15bc4f1f,d316885a15bc4f1f,0,0
1982,1982,0,0000000,00,3,3,3,8a079bb04d42d04f,3,0,3,cae4199b0c4edede,0,1,048c16e5c3c9184b,d316885a15bc4f1f,d316885a15bc4f1f,0,0
1983,1983,0,0000000,00,3,3,3,8603be0e40a9794b,3,0,3,cae4199b0c4edede,0,1,000000000000000c,79a7592bbf0d9e6e,79a7592bbf0d9e6e,0,1
1984,1984,0,0000000,00,3,3,3,ffffffffffffffff,3,0,3,cae4199b0c4edede,0,1,0000000000000000,f4f2d7a0325810e5,f4f2d7a0325810e5,0,1
1985,1985,0,0000000,00,3,3,3,8a079bb04d425d1a,0,0,3,cae4199b0c4edede,0,1,0000000000000000,630c443ca5a68379,630c443ca5a68379,0,1
1986,1986,0,0000068,00,2,2,3,199b0c4edede5d1a,0,0,2,cae4199b0c4edede,3,1,0000000000000000,ee59cab728f30df2,ee59cab728f30df2,0,1
1987,1987,0,00002ec,04,2,2,3,000000000000001b,0,0,3,47b19710811b5055,0,1,0000000000000000,4cf163058a5ba440,4cf163058a5ba440,0,1
1988,1988,0,00002f0,04,2,2,3,0000000000000000,0,0,3,47b19710811b5055,0,1,048c16e5c3c9d04f,c1a4ed8e070e2acb,c1a4ed8e070e2acb,0,1
1989,1989,0,00002f4,04,2,2,3,0000000000000000,0,0,3,47b19710811b5055,0,1,8a079bb04d42d04f,565a7e1290f0b957,565a7e1290f0b957,0,1
1990,1990,0,000006c,00,2,2,3,0000000000000000,0,3,2,47b19710811b5055,3,1,8603be0e40a9794b,db0ff0991da537dc,db0ff0991da537dc,0,1
1991,1991,0,0000000,00,3,3,3,0000000000000000,0,3,3,e5193ea223b3f9e7,0,1,ffffffffffffffff,c653c5cf00f9028a,c653c5cf00f9028a,0,0
1992,1992,0,0000000,00,3,3,3,199b0c4ededecae4,0,3,3,e5193ea223b3f9e7,0,1,8a079bb04d425d1a,c653c5cf00f9028a,c653c5cf00f9028a,0,0
1993,1993,0,0000000,00,3,3,3,9710811b5055cae4,3,0,3,e5193ea223b3f9e7,0,1,199b0c4edede5d1a,c653c5cf00f9028a,c653c5cf00f9028a,0,0
1994,1994,0,0000000,00,3,3,3,11fd2d92d757ead7,3,0,3,e5193ea223b3f9e7,0,1,000000000000001b,c653c5cf00f9028a,c653c5cf00f9028a,0,0
1995,1995,0,0000000,00,3,3,3,ffffffffffffffff,3,0,3,e5193ea223b3f9e7,0,1,0000000000000000,c653c5cf00f9028a,c653c5cf00f9028a,0,0
1996,1996,0,0000000,00,3,3,3,9710811b505547b1,0,0,3,e5193ea223b3f9e7,0,1,0000000000000000,c653c5cf00f9028a,c653c5cf00f9028a,0,0
1997,1997,0,0000070,00,2,2,3,3ea223b3f9e747b1,0,0,2,e5193ea223b3f9e7,3,1,0000000000000000,c653c5cf00f9028a,c653c5cf00f9028a,0,0
1998,1998,0,00002f8,04,2,2,3,00000000000000a2,0,0,3,684cb029aee6776c,0,1,0000000000000000,c653c5cf00f9028a,c653c5cf00f9028a,0,0
1999,1999,0,00002fc,04,2,2,3,0000000000000000,0,0,3,684cb029aee6776c,0,1,199b0c4ededecae4,c653c5cf00f9028a,c653c5cf00f9028a,0,0
2000,2000,0,0000300,04,2,2,3,0000000000000000,0,0,3,684cb029aee6776c,0,1,9710811b5055cae4,c653c5cf00f9028a,c653c5cf00f9028a,0,0
2001,2001,0,0000074,00,2,2,3,0000000000000000,0,3,2,684cb029aee6776c,3,1,11fd2d92d757ead7,c653c5cf00f9028a,c653c5cf00f9028a,0,0
2002,2002,0,0000000,00,3,3,3,0200000000000000,0,3,3,ffb223b53918e4f0,0,1,ffffffffffffffff,c653c5cf00f9028a,c653c5cf00f9028a,0,0
2003,2003,0,0000000,00,3,3,3,3ea223b3f9e7e519,0,3,3,ffb223b53918e4f0,0,1,9710811b505547b1,9346f39b55ec34de,9346f39b55ec34de,0,1
2004,2004,0,0000000,00,3,3,3,b029aee6776ce519,3,0,3,ffb223b53918e4f0,0,1,3ea223b3f9e747b1,1e137d10d8b9ba55,1e137d10d8b9ba55,0,1
2005,2005,0,0000000,00,3,3,3,a9fe99376f545e72,3,0,3,ffb223b53918e4f0,0,1,00000000000000a2,89edee8c4f4729c9,89edee8c4f4729c9,0,1
2006,2006,0,0000000,00,3,3,3,ffffffffffffffff,3,0,3,ffb223b53918e4f0,0,1,0000000000000000,04b86007c212a742,04b86007c212a742,0,1
2007,2007,0,0000000,00,3,3,3,b029aee6776c684c,0,0,3,ffb223b53918e4f0,0,1,0000000000000000,a610c9b560ba0ef0,a610c9b560ba0ef0,0,1
2008,2008,0,0000078,00,2,2,3,23b53918e4f0684c,0,0,2,ffb223b53918e4f0,3,1,0000000000000000,2b45473eedef807b,2b45473eedef807b,0,1
2009,2009,0,0000304,04,2,2,3,0000000000000035,0,0,3,72e7ad3eb44d6a7b,0,1,0200000000000000,bcbbd4a27a1113e7,bcbbd4a27a1113e7,0,1
2010,2010,0,0000308,04,2,2,3,0000000000000000,0,0,3,72e7ad3eb44d6a7b,0,1,3ea223b3f9e7e519,31ee5a29f7449d6c,31ee5a29f7449d6c,0,1
2011,2011,0,000030c,04,2,2,3,0000000000000000,0,0,3,72e7ad3eb44d6a7b,0,1,b029aee6776ce519,acffb1936a5576d6,acffb1936a5576d6,0,0
2012,2012,0,000007c,00,2,2,3,0000000000000000,0,3,2,72e7ad3eb44d6a7b,3,1,a9fe99376f545e72,acffb1936a5576d6,acffb1936a5576d6,0,0
2013,2013,0,0000000,00,3,3,3,0200000000000000,0,3,3,c50a491903a08e5c,0,1,ffffffffffffffff,acffb1936a5576d6,acffb1936a5576d6,0,0
2014,2014,0,0000000,00,3,3,3,23b53918e4f0ffb2,0,3,3,c50a491903a08e5c,0,1,b029aee6776c684c,acffb1936a5576d6,acffb1936a5576d6,0,0
2015,2015,0,0000000,00,3,3,3,ad3eb44d6a7bffb2,3,0,3,c50a491903a08e5c,0,1,23b53918e4f0684c,acffb1936a5576d6,acffb1936a5576d6,0,0
2016,2016,0,0000000,00,3,3,3,4b70dff38dda18b6,3,0,3,c50a491903a08e5c,0,1,0000000000000035,acffb1936a5576d6,acffb1936a5576d6,0,0
2017,2017,0,0000000,00,3,3,3,ffffffffffffffff,3,0,3,c50a491903a08e5c,0,1,0000000000000000,acffb1936a5576d6,acffb1936a5576d6,0,0
2018,2018,0,0000000,00,3,3,3,ad3eb44d6a7b72e7,0,0,3,c50a491903a08e5c,0,1,0000000000000000,acffb1936a5576d6,acffb1936a5576d6,0,0
2019,2019,0,0000080,00,2,2,3,491903a08e5c72e7,0,0,2,c50a491903a08e5c,3,1,0000000000000000,acffb1936a5576d6,acffb1936a5576d6,0,0
2020,2020,0,0000310,04,2,2,3,0000000000000019,0,0,3,485fc7928ef500d7,0,1,0200000000000000,acffb1936a5576d6,acffb1936a5576d6,0,0
2021,2021,0,0000314,04,2,2,3,0000000000000000,0,0,3,485fc7928ef500d7,0,1,23b53918e4f0ffb2,acffb1936a5576d6,acffb1936a5576d6,0,0
2022,2022,0,0000318,04,2,2,3,0000000000000000,0,0,3,485fc7928ef500d7,0,1,ad3eb44d6a7bffb2,acffb1936a5576d6,acffb1936a5576d6,0,0
2023,2023,0,0000084,00,2,2,3,0000000000000000,0,3,2,485fc7928ef500d7,3,1,4b70dff38dda18b6,f9ea87c73f404082,f9ea87c73f404082,0,1
2024,2024,0,0000000,00,3,3,3,4000000000000000,0,3,3,dfa1540e190b934b,0,1,ffffffffffffffff,74bf094cb215ce09,74bf094cb215ce09,0,1
2025,2025,0,0000000,00,3,3,3,491903a08e5cc50a,0,3,3,dfa1540e190b934b,0,1,ad3eb44d6a7b72e7,e3419ad025eb5d95,e3419ad025eb5d95,0,1
2026,2026,0,0000000,00,3,3,3,c7928ef500d7c50a,3,0,3,dfa1540e190b934b,0,1,491903a08e5c72e7,6e14145ba8bed31e,6e14145ba8bed31e,0,1
2027,2027,0,0000000,00,3,3,3,f3736b5635d9ac13,3,0,3,dfa1540e190b934b,0,1,0000000000000019,ccbcbde90a167aac,ccbcbde90a167aac,0,1
2028,2028,0,0000000,00,3,3,3,ffffffffffffffff,3,0,3,dfa1540e190b934b,0,1,0000000000000000,41e933628743f427,41e933628743f427,0,1
2029,2029,0,0000000,00,3,3,3,c7928ef500d7485f,0,0,3,dfa1540e190b934b,0,1,0000000000000000,d617a0fe10bd67bb,d617a0fe10bd67bb,0,1
2030,2030,0,0000088,00,2,2,3,540e190b934b485f,0,0,2,dfa1540e190b934b,3,1,0000000000000000,5b422e759de8e930,5b422e759de8e930,0,1
2031,2031,0,000031c,04,2,2,3,000000000000000e,0,0,3,52f4da85945e1dc0,0,1,4000000000000000,130b2d77d5a1ea32,130b2d77d5a1ea32,0,0
2032,2032,0,0000320,04,2,2,3,0000000000000000,0,0,3,52f4da85945e1dc0,0,1,491903a08e5cc50a,130b2d77d5a1ea32,130b2d77d5a1ea32,0,0
2033,2033,0,0000324,04,2,2,3,0000000000000000,0,0,3,52f4da85945e1dc0,0,1,c7928ef500d7c50a,130b2d77d5a1ea32,130b2d77d5a1ea32,0,0
2034,2034,0,000008c,00,2,2,3,0000000000000000,0,3,2,52f4da85945e1dc0,3,1,f3736b5635d9ac13,130b2d77d5a1ea32,130b2d77d5a1ea32,0,0
2035,2035,0,0000000,00,3,3,3,4000000000000000,0,3,3,f05c733736f6b472,0,1,ffffffffffffffff,130b2d77d5a1ea32,130b2d77d5a1ea32,0,0
2036,2036,0,0000000,00,3,3,3,540e190b934bdfa1,0,3,3,f05c733736f6b472,0,1,c7928ef500d7485f,130b2d77d5a1ea32,130b2d77d5a1ea32,0,0
2037,2037,0,0000000,00,3,3,3,da85945e1dc0dfa1,3,0,3,f05c733736f6b472,0,1,540e190b934b485f,130b2d77d5a1ea32,130b2d77d5a1ea32,0,0
2038,2038,0,0000000,00,3,3,3,648df8caa2273f8f,3,0,3,f05c733736f6b472,0,1,000000000000000e,130b2d77d5a1ea32,130b2d77d5a1ea32,0,0
2039,2039,0,0000000,00,3,3,3,ffffffffffffffff,3,0,3,f05c733736f6b472,0,1,0000000000000000,130b2d77d5a1ea32,130b2d77d5a1ea32,0,0
2040,2040,0,0000000,00,3,3,3,da85945e1dc052f4,0,0,3,f05c733736f6b472,0,1,0000000000000000,130b2d77d5a1ea32,130b2d77d5a1ea32,0,0
2041,2041,0,0000090,00,2,2,3,733736f6b47252f4,0,0,2,f05c733736f6b472,3,1,0000000000000000,130b2d77d5a1ea32,130b2d77d5a1ea32,0,0
2042,2042,0,0000328,04,2,2,3,0000000000000037,0,0,3,7d09fdbcbba33af9,0,1,4000000000000000,130b2d77d5a1ea32,130b2d77d5a1ea32,0,0
2043,2043,0,000032c,04,2,2,3,0000000000000000,0,0,3,7d09fdbcbba33af9,0,1,540e190b934bdfa1,461e1b2380b4dc66,461e1b2380b4dc66,0,1
2044,2044,0,0000330,04,2,2,3,0000000000000000,0,0,3,7d09fdbcbba33af9,0,1,da85945e1dc0dfa1,cb4b95a80de152ed,cb4b95a80de152ed,0,1
2045,2045,0,0000094,00,2,2,3,0000000000000000,0,3,2,7d09fdbcbba33af9,3,1,648df8caa2273f8f,5cb506349a1fc171,5cb506349a1fc171,0,1
2046,2046,0,0000000,00,3,3,3,4200000000000000,0,3,3,eaf76e202c5da965,0,1,ffffffffffffffff,d1e088bf174a4ffa,d1e088bf174a4ffa,0,1
2047,2047,0,0000000,00,3,3,3,733736f6b472f05c,0,3,3,eaf76e202c5da965,0,1,da85945e1dc052f4,7348210db5e2e648,7348210db5e2e648,0,1
2048,2048,1,0000000,00,3,3,3,fdbcbba33af9f05c,3,0,3,eaf76e202c5da965,0,1,733736f6b47252f4,ffffffffffffffff,fe1daf8638b768c3,1,1
2049,2049,0,0000000,00,3,3,3,b62238337088ff76,3,0,3,eaf76e202c5da965,0,1,0000000000000037,16e32444d1a6e2ee,69e33c1aaf49fb5f,1,1
2050,2050,0,0000000,00,3,3,3,ffffffffffffffff,3,0,3,eaf76e202c5da965,0,1,0000000000000000,e4b6b291221c75d4,e4b6b291221c75d4,0,1
2051,2051,0,0000000,00,3,3,3,fdbcbba33af97d09,0,0,3,eaf76e202c5da965,0,1,0000000000000000,79a7592bbf0d9e6e,79a7592bbf0d9e6e,0,0
2052,2052,0,0000098,00,2,2,3,6e202c5da9657d09,0,0,2,eaf76e202c5da965,3,1,0000000000000000,79a7592bbf0d9e6e,79a7592bbf0d9e6e,0,0
2053,2053,0,0000334,04,2,2,3,0000000000000020,0,0,3,67a2e0aba10827ee,0,1,4200000000000000,79a7592bbf0d9e6e,79a7592bbf0d9e6e,0,0
2054,2054,0,0000338,04,2,2,3,0000000000000000,0,0,3,67a2e0aba10827ee,0,1,733736f6b472f05c,79a7592bbf0d9e6e,79a7592bbf0d9e6e,0,0
2055,2055,0,000033c,04,2,2,3,0000000000000000,0,0,3,67a2e0aba10827ee,0,1,fdbcbba33af9f05c,79a7592bbf0d9e6e,79a7592bbf0d9e6e,0,0
2056,2056,0,000009c,00,2,2,3,0000000000000000,0,3,2,67a2e0aba10827ee,3,1,b62238337088ff76,79a7592bbf0d9e6e,79a7592bbf0d9e6e,0,0
2057,2057,0,0000000,00,3,3,3,4200000000000000,0,3,3,afa63d45690cfa00,0,1,ffffffffffffffff,79a7592bbf0d9e6e,79a7592bbf0d9e6e,0,0
2058,2058,0,0000000,00,3,3,3,6e202c5da965eaf7,0,3,3,afa63d45690cfa00,0,1,fdbcbba33af97d09,79a7592bbf0d9e6e,79a7592bbf0d9e6e,0,0
2059,2059,0,0000000,00,3,3,3,e0aba10827eeeaf7,3,0,3,afa63d45690cfa00,0,1,6e202c5da9657d09,79a7592bbf0d9e6e,79a7592bbf0d9e6e,0,0
2060,2060,0,0000000,00,3,3,3,148a9181d22056c4,3,0,3,afa63d45690cfa00,0,1,0000000000000020,79a7592bbf0d9e6e,79a7592bbf0d9e6e,0,0
2061,2061,0,0000000,00,3,3,3,ffffffffffffffff,3,0,3,afa63d45690cfa00,0,1,0000000000000000,79a7592bbf0d9e6e,79a7592bbf0d9e6e,0,0
2062,2062,0,0000000,00,3,3,3,e0aba10827ee67a2,0,0,3,afa63d45690cfa00,0,1,0000000000000000,79a7592bbf0d9e6e,79a7592bbf0d9e6e,0,0
2063,2063,0,00000a0,00,2,2,3,3d45690cfa0067a2,0,0,2,afa63d45690cfa00,3,1,0000000000000000,ffffffffffffffff,2cb26f7fea18a83a,1,1
2064,2064,0,0000340,04,2,2,3,0000000000000045,0,0,3,22f3b3cee459748b,0,1,4200000000000000,0bf43eefccb1f845,a1e7e1f4674d26b1,1,1
2065,2065,0,0000344,04,2,2,3,0000000000000000,0,0,3,22f3b3cee459748b,0,1,6e202c5da965eaf7,36197268f0b3b52d,36197268f0b3b52d,0,1
2066,2066,0,0000348,04,2,2,3,0000000000000000,0,0,3,22f3b3cee459748b,0,1,e0aba10827eeeaf7,ffffffffffffffff,bb4cfce37de63ba6,1,1
2067,2067,0,00000a4,00,2,2,3,0000000000000000,0,3,2,22f3b3cee459748b,3,1,148a9181d22056c4,2ccd1112eb88d7b8,19e45551df4e9214,1,1
2068,2068,0,0000000,00,3,3,3,0000000000000000,0,3,3,b50d205273a7e717,0,1,ffffffffffffffff,94b1dbda521b1c9f,94b1dbda521b1c9f,0,1
2069,2069,0,0000000,00,3,3,3,3d45690cfa00afa6,0,3,3,b50d205273a7e717,0,1,e0aba10827ee67a2,ffffffffffffffff,034f4846c5e58f03,1,1
2070,2070,0,0000000,00,3,3,3,b3cee459748bafa6,3,0,3,b50d205273a7e717,0,1,3d45690cfa0067a2,31da0bb9f69fcd13,8e1ac6cd48b00188,1,1
2071,2071,0,0000000,00,3,3,3,137db9c0d5d77e85,3,0,3,b50d205273a7e717,0,1,0000000000000045,9346f39b55ec34de,9346f39b55ec34de,0,0
2072,2072,0,0000000,00,3,3,3,ffffffffffffffff,3,0,3,b50d205273a7e717,0,1,0000000000000000,9346f39b55ec34de,9346f39b55ec34de,0,0
2073,2073,0,0000000,00,3,3,3,b3cee459748b22f3,0,0,3,b50d205273a7e717,0,1,0000000000000000,9346f39b55ec34de,9346f39b55ec34de,0,0
2074,2074,0,00000a8,00,2,2,3,205273a7e71722f3,0,0,2,b50d205273a7e717,3,1,0000000000000000,9346f39b55ec34de,9346f39b55ec34de,0,0
2075,2075,0,000034c,04,2,2,3,0000000000000052,0,0,3,3858aed9fef2699c,0,1,0000000000000000,9346f39b55ec34de,9346f39b55ec34de,0,0
2076,2076,0,0000350,04,2,2,3,0000000000000000,0,0,3,3858aed9fef2699c,0,1,3d45690cfa00afa6,9346f39b55ec34de,9346f39b55ec34de,0,0
2077,2077,0,0000354,04,2,2,3,0000000000000000,0,0,3,3858aed9fef2699c,0,1,b3cee459748bafa6,9346f39b55ec34de,9346f39b55ec34de,0,0
2078,2078,0,00000ac,00,2,2,3,0000000000000000,0,3,2,3858aed9fef2699c,3,1,137db9c0d5d77e85,9346f39b55ec34de,9346f39b55ec34de,0,0
2079,2079,0,0000000,00,3,3,3,0000000000000000,0,3,3,9af0076b5c5ac02e,0,1,ffffffffffffffff,9346f39b55ec34de,9346f39b55ec34de,0,0
2080,2080,0,0000000,00,3,3,3,205273a7e717b50d,0,3,3,9af0076b5c5ac02e,0,1,b3cee459748b22f3,9346f39b55ec34de,9346f39b55ec34de,0,0
2081,2081,0,0000000,00,3,3,3,aed9fef2699cb50d,3,0,3,9af0076b5c5ac02e,0,1,205273a7e71722f3,9346f39b55ec34de,9346f39b55ec34de,0,0
2082,2082,0,0000000,00,3,3,3,84832a5c4229ed19,3,0,3,9af0076b5c5ac02e,0,1,0000000000000052,9346f39b55ec34de,9346f39b55ec34de,0,0
2083,2083,0,0000000,00,3,3,3,ffffffffffffffff,3,0,3,9af0076b5c5ac02e,0,1,0000000000000000,39f722eaff5de5af,39f722eaff5de5af,0,1
2084,2084,0,0000000,00,3,3,3,aed9fef2699c3858,0,0,3,9af0076b5c5ac02e,0,1,0000000000000000,ffffffffffffffff,b4a2ac6172086b24,1,1
2085,2085,0,00000b0,00,2,2,3,076b5c5ac02e3858,0,0,2,9af0076b5c5ac02e,3,1,0000000000000000,62bf4ee8a5fa8842,235c3ffde5f6f8b8,1,1
2086,2086,0,0000358,04,2,2,3,000000000000006b,0,0,3,17a589e0d10f4ea5,0,1,0000000000000000,ae09b17668a37633,ae09b17668a37633,0,1
2087,2087,0,000035c,04,2,2,3,0000000000000000,0,0,3,17a589e0d10f4ea5,0,1,205273a7e717b50d,ffffffffffffffff,0ca118c4ca0bdf81,1,1
2088,2088,0,0000360,04,2,2,3,0000000000000000,0,0,3,17a589e0d10f4ea5,0,1,aed9fef2699cb50d,7fa85443b8ed92e9,81f4964f475e510a,1,1
2089,2089,0,00000b4,00,2,2,3,0000000000000000,0,3,2,17a589e0d10f4ea5,3,1,84832a5c4229ed19,160a05d3d0a0c296,160a05d3d0a0c296,0,1
2090,2090,0,0000000,00,3,3,3,0200000000000000,0,3,3,805b1a7c46f1dd39,0,1,ffffffffffffffff,ffffffffffffffff,9b5f8b585df54c1d,1,1
2091,2091,0,0000000,00,3,3,3,076b5c5ac02e9af0,0,3,3,805b1a7c46f1dd39,0,1,aed9fef2699c3858,f9ea87c73f404082,f9ea87c73f404082,0,0
2092,2092,0,0000000,00,3,3,3,89e0d10f4ea59af0,3,0,3,805b1a7c46f1dd39,0,1,076b5c5ac02e3858,f9ea87c73f404082,f9ea87c73f404082,0,0
2093,2093,0,0000000,00,3,3,3,3c809ef9fa2a59bc,3,0,3,805b1a7c46f1dd39,0,1,000000000000006b,f9ea87c73f404082,f9ea87c73f404082,0,0
2094,2094,0,0000000,00,3,3,3,ffffffffffffffff,3,0,3,805b1a7c46f1dd39,0,1,0000000000000000,f9ea87c73f404082,f9ea87c73f404082,0,0
2095,2095,0,0000000,00,3,3,3,89e0d10f4ea517a5,0,0,3,805b1a7c46f1dd39,0,1,0000000000000000,f9ea87c73f404082,f9ea87c73f404082,0,0
2096,2096,0,00000b8,00,2,2,3,1a7c46f1dd3917a5,0,0,2,805b1a7c46f1dd39,3,1,0000000000000000,f9ea87c73f404082,f9ea87c73f404082,0,0
2097,2097,0,0000364,04,2,2,3,000000000000007c,0,0,3,0d0e94f7cba453b2,0,1,0200000000000000,f9ea87c73f404082,f9ea87c73f404082,0,0
2098,2098,0,0000368,04,2,2,3,0000000000000000,0,0,3,0d0e94f7cba453b2,0,1,076b5c5ac02e9af0,f9ea87c73f404082,f9ea87c73f404082,0,0
2099,2099,0,000036c,04,2,2,3,0000000000000000,0,0,3,0d0e94f7cba453b2,0,1,89e0d10f4ea59af0,f9ea87c73f404082,f9ea87c73f404082,0,0
2100,2100,0,00000bc,00,2,2,3,0000000000000000,0,3,2,0d0e94f7cba453b2,3,1,3c809ef9fa2a59bc,f9ea87c73f404082,f9ea87c73f404082,0,0
2101,2101,0,0000000,00,3,3,3,0200000000000000,0,3,3,1052a1a1d6f866e4,0,1,ffffffffffffffff,f9ea87c73f404082,f9ea87c73f404082,0,0
2102,2102,0,0000000,00,3,3,3,1a7c46f1dd39805b,0,3,3,1052a1a1d6f866e4,0,1,89e0d10f4ea517a5,f9ea87c73f404082,f9ea87c73f404082,0,0
2103,2103,0,0000000,00,3,3,3,94f7cba453b2805b,3,0,3,1052a1a1d6f866e4,0,1,1a7c46f1dd3917a5,58917bbe9fd4bd14,535b56b695f191f3,1,1
2104,2104,0,0000000,00,3,3,3,f4844317322e8452,3,0,3,1052a1a1d6f866e4,0,1,000000000000007c,de0ed83d18a41f78,de0ed83d18a41f78,0,1
2105,2105,0,0000000,00,3,3,3,ffffffffffffffff,3,0,3,1052a1a1d6f866e4,0,1,0000000000000000,ffffffffffffffff,49f04ba18f5a8ce4,1,1
2106,2106,0,0000000,00,3,3,3,94f7cba453b20d0e,0,0,3,1052a1a1d6f866e4,0,1,0000000000000000,4586611582c3a7bf,c4a5c52a020f026f,1,1
2107,2107,0,00000c0,00,2,2,3,a1a1d6f866e40d0e,0,0,2,1052a1a1d6f866e4,3,1,0000000000000000,660d6c98a0a7abdd,660d6c98a0a7abdd,0,1
2108,2108,0,0000370,04,2,2,3,00000000000000a1,0,0,3,9d072f2a5bade86f,0,1,0200000000000000,ffffffffffffffff,eb58e2132df22556,1,1
2109,2109,0,0000374,04,2,2,3,0000000000000000,0,0,3,9d072f2a5bade86f,0,1,1a7c46f1dd39805b,fe5bf11c391e37b6,7ca6718fba0cb6ca,1,1
2110,2110,0,0000378,04,2,2,3,0000000000000000,0,0,3,9d072f2a5bade86f,0,1,94f7cba453b2805b,f1f3ff0437593841,f1f3ff0437593841,0,1
2111,2111,0,00000c4,00,2,2,3,0000000000000000,0,3,2,9d072f2a5bade86f,3,1,f4844317322e8452,461e1b2380b4dc66,461e1b2380b4dc66,0,0
2112,2112,0,0000000,00,3,3,3,0000000000000000,0,3,3,0af9bcb6cc537bf3,0,1,ffffffffffffffff,461e1b2380b4dc66,461e1b2380b4dc66,0,0
2113,2113,0,0000000,00,3,3,3,a1a1d6f866e41052,0,3,3,0af9bcb6cc537bf3,0,1,94f7cba453b20d0e,461e1b2380b4dc66,461e1b2380b4dc66,0,0
2114,2114,0,0000000,00,3,3,3,2f2a5bade86f1052,3,0,3,0af9bcb6cc537bf3,0,1,a1a1d6f866e40d0e,461e1b2380b4dc66,461e1b2380b4dc66,0,0
2115,2115,0,0000000,00,3,3,3,4c87f7b28a2d30f7,3,0,3,0af9bcb6cc537bf3,0,1,00000000000000a1,461e1b2380b4dc66,461e1b2380b4dc66,0,0
2116,2116,0,0000000,00,3,3,3,ffffffffffffffff,3,0,3,0af9bcb6cc537bf3,0,1,0000000000000000,461e1b2380b4dc66,461e1b2380b4dc66,0,0
2117,2117,0,0000000,00,3,3,3,2f2a5bade86f9d07,0,0,3,0af9bcb6cc537bf3,0,1,0000000000000000,461e1b2380b4dc66,461e1b2380b4dc66,0,0
2118,2118,0,00000c8,00,2,2,3,bcb6cc537bf39d07,0,0,2,0af9bcb6cc537bf3,3,1,0000000000000000,461e1b2380b4dc66,461e1b2380b4dc66,0,0
2119,2119,0,000037c,04,2,2,3,00000000000000b6,0,0,3,87ac323d4106f578,0,1,0000000000000000,461e1b2380b4dc66,461e1b2380b4dc66,0,0
2120,2120,0,0000380,04,2,2,3,0000000000000000,0,0,3,87ac323d4106f578,0,1,a1a1d6f866e41052,461e1b2380b4dc66,461e1b2380b4dc66,0,0
2121,2121,0,0000384,04,2,2,3,0000000000000000,0,0,3,87ac323d4106f578,0,1,2f2a5bade86f1052,461e1b2380b4dc66,461e1b2380b4dc66,0,0
2122,2122,0,00000cc,00,2,2,3,0000000000000000,0,3,2,87ac323d4106f578,3,1,4c87f7b28a2d30f7,461e1b2380b4dc66,461e1b2380b4dc66,0,0
2123,2123,0,0000000,00,3,3,3,0000000000000000,0,3,3,25049b8fe3ae5cca,0,1,ffffffffffffffff,ffffffffffffffff,ecafca522a050d17,1,1
2124,2124,0,0000000,00,3,3,3,bcb6cc537bf30af9,0,3,3,25049b8fe3ae5cca,0,1,2f2a5bade86f9d07,e34cebb724092d1d,61fa44d9a750839c,1,1
2125,2125,0,0000000,00,3,3,3,323d4106f5780af9,3,0,3,25049b8fe3ae5cca,0,1,bcb6cc537bf39d07,f604d74530ae1000,f604d74530ae1000,0,1
2126,2126,0,0000000,00,3,3,3,db79642e1dd3a36b,3,0,3,25049b8fe3ae5cca,0,1,00000000000000b6,ffffffffffffffff,7b5159cebdfb9e8b,1,1
2127,2127,0,0000000,00,3,3,3,ffffffffffffffff,3,0,3,25049b8fe3ae5cca,0,1,0000000000000000,c475c44a033002e0,d9f9f07c1f533739,1,1
2128,2128,0,0000000,00,3,3,3,323d4106f57887ac,0,0,3,25049b8fe3ae5cca,0,1,0000000000000000,54ac7ef79206b9b2,54ac7ef79206b9b2,0,1
2129,2129,0,00000d0,00,2,2,3,9b8fe3ae5cca87ac,0,0,2,25049b8fe3ae5cca,3,1,0000000000000000,ffffffffffffffff,c352ed6b05f82a2e,1,1
2130,2130,0,0000388,04,2,2,3,000000000000000f,0,0,3,a85115046efbd241,0,1,0000000000000000,d962dee11e27184b,4e0763e088ada4a5,1,1
2131,2131,0,000038c,04,2,2,3,0000000000000000,0,0,3,a85115046efbd241,0,1,bcb6cc537bf30af9,ffffffffffffffff,2cb26f7fea18a83a,1,0
2132,2132,0,0000390,04,2,2,3,0000000000000000,0,0,3,a85115046efbd241,0,1,323d4106f5780af9,ffffffffffffffff,2cb26f7fea18a83a,1,0
2133,2133,0,00000d4,00,2,2,3,0000000000000000,0,3,2,a85115046efbd241,3,1,db79642e1dd3a36b,ffffffffffffffff,2cb26f7fea18a83a,1,0
2134,2134,0,0000000,00,3,3,3,0200000000000000,0,3,3,3faf8698f90541dd,0,1,ffffffffffffffff,ffffffffffffffff,2cb26f7fea18a83a,1,0
2135,2135,0,0000000,00,3,3,3,9b8fe3ae5cca2504,0,3,3,3faf8698f90541dd,0,1,323d4106f57887ac,ffffffffffffffff,2cb26f7fea18a83a,1,0
2136,2136,0,0000000,00,3,3,3,15046efbd2412504,3,0,3,3faf8698f90541dd,0,1,9b8fe3ae5cca87ac,ffffffffffffffff,2cb26f7fea18a83a,1,0
2137,2137,0,0000000,00,3,3,3,763f9d1eb0955a5b,3,0,3,3faf8698f90541dd,0,1,000000000000000f,ffffffffffffffff,2cb26f7fea18a83a,1,0
2138,2138,0,0000000,00,3,3,3,ffffffffffffffff,3,0,3,3faf8698f90541dd,0,1,0000000000000000,ffffffffffffffff,2cb26f7fea18a83a,1,0
2139,2139,0,0000000,00,3,3,3,15046efbd241a851,0,0,3,3faf8698f90541dd,0,1,0000000000000000,ffffffffffffffff,2cb26f7fea18a83a,1,0
2140,2140,0,00000d8,00,2,2,3,8698f90541dda851,0,0,2,3faf8698f90541dd,3,1,0000000000000000,ffffffffffffffff,2cb26f7fea18a83a,1,0
2141,2141,0,0000394,04,2,2,3,0000000000000098,0,0,3,b2fa08137450cf56,0,1,0200000000000000,ffffffffffffffff,2cb26f7fea18a83a,1,0
2142,2142,0,0000398,04,2,2,3,0000000000000000,0,0,3,b2fa08137450cf56,0,1,9b8fe3ae5cca2504,ffffffffffffffff,2cb26f7fea18a83a,1,0
2143,2143,0,000039c,04,2,2,3,0000000000000000,0,0,3,b2fa08137450cf56,0,1,15046efbd2412504,8603be0e40a9794b,8603be0e40a9794b,0,1
2144,2144,0,00000dc,00,2,2,3,0000000000000000,0,3,2,b2fa08137450cf56,3,1,763f9d1eb0955a5b,ffffffffffffffff,0b563085cdfcf7c0,1,1
2145,2145,0,0000000,00,3,3,3,0200000000000000,0,3,3,7afed5fdbc5412b8,0,1,ffffffffffffffff,8a079bb04d425d1a,9ca8a3195a02645c,1,1
2146,2146,0,0000000,00,3,3,3,8698f90541dd3faf,0,3,3,7afed5fdbc5412b8,0,1,15046efbd241a851,11fd2d92d757ead7,11fd2d92d757ead7,0,1
2147,2147,0,0000000,00,3,3,3,08137450cf563faf,3,0,3,7afed5fdbc5412b8,0,1,8698f90541dda851,ffffffffffffffff,b355842075ff4365,1,1
2148,2148,0,0000000,00,3,3,3,d49734ac123df3e9,3,0,3,7afed5fdbc5412b8,0,1,0000000000000098,9710811b505547b1,3e000aabf8aacdee,1,1
2149,2149,0,0000000,00,3,3,3,ffffffffffffffff,3,0,3,7afed5fdbc5412b8,0,1,0000000000000000,a9fe99376f545e72,a9fe99376f545e72,0,1
2150,2150,0,0000000,00,3,3,3,08137450cf56b2fa,0,0,3,7afed5fdbc5412b8,0,1,0000000000000000,ffffffffffffffff,24ab17bce201d0f9,1,1
2151,2151,0,00000e0,00,2,2,3,d5fdbc5412b8b2fa,0,0,2,7afed5fdbc5412b8,3,1,0000000000000000,39f722eaff5de5af,39f722eaff5de5af,0,0
2152,2152,0,00003a0,04,2,2,3,000000000000007d,0,0,3,f7ab5b7631019c33,0,1,0200000000000000,39f722eaff5de5af,39f722eaff5de5af,0,0
2153,2153,0,00003a4,04,2,2,3,0000000000000000,0,0,3,f7ab5b7631019c33,0,1,8698f90541dd3faf,39f722eaff5de5af,39f722eaff5de5af,0,0
2154,2154,0,00003a8,04,2,2,3,0000000000000000,0,0,3,f7ab5b7631019c33,0,1,08137450cf563faf,39f722eaff5de5af,39f722eaff5de5af,0,0
2155,2155,0,00000e4,00,2,2,3,0000000000000000,0,3,2,f7ab5b7631019c33,3,1,d49734ac123df3e9,39f722eaff5de5af,39f722eaff5de5af,0,0
2156,2156,0,0000000,00,3,3,3,4000000000000000,0,3,3,6055c8eaa6ff0faf,0,1,ffffffffffffffff,39f722eaff5de5af,39f722eaff5de5af,0,0
2157,2157,0,0000000,00,3,3,3,d5fdbc5412b87afe,0,3,3,6055c8eaa6ff0faf,0,1,08137450cf56b2fa,39f722eaff5de5af,39f722eaff5de5af,0,0
2158,2158,0,0000000,00,3,3,3,5b7631019c337afe,3,0,3,6055c8eaa6ff0faf,0,1,d5fdbc5412b8b2fa,39f722eaff5de5af,39f722eaff5de5af,0,0
2159,2159,0,0000000,00,3,3,3,0638f455c0923310,3,0,3,6055c8eaa6ff0faf,0,1,000000000000007d,39f722eaff5de5af,39f722eaff5de5af,0,0
2160,2160,0,0000000,00,3,3,3,ffffffffffffffff,3,0,3,6055c8eaa6ff0faf,0,1,0000000000000000,39f722eaff5de5af,39f722eaff5de5af,0,0
2161,2161,0,0000000,00,3,3,3,5b7631019c33f7ab,0,0,3,6055c8eaa6ff0faf,0,1,0000000000000000,39f722eaff5de5af,39f722eaff5de5af,0,0
2162,2162,0,00000e8,00,2,2,3,c8eaa6ff0faff7ab,0,0,2,6055c8eaa6ff0faf,3,1,0000000000000000,39f722eaff5de5af,39f722eaff5de5af,0,0
2163,2163,0,00003ac,04,2,2,3,00000000000000ea,0,0,3,ed0046612baa8124,0,1,4000000000000000,b029aee6776c684c,c6255178008f963d,1,1
2164,2164,0,00003b0,04,2,2,3,0000000000000000,0,0,3,ed0046612baa8124,0,1,d5fdbc5412b87afe,4b70dff38dda18b6,4b70dff38dda18b6,0,1
2165,2165,0,00003b4,04,2,2,3,0000000000000000,0,0,3,ed0046612baa8124,0,1,5b7631019c337afe,ffffffffffffffff,dc8e4c6f1a248b2a,1,1
2166,2166,0,00000ec,00,2,2,3,0000000000000000,0,3,2,ed0046612baa8124,3,1,0638f455c0923310,ad3eb44d6a7b72e7,51dbc2e4977105a1,1,1
2167,2167,0,0000000,00,3,3,3,4000000000000000,0,3,3,4fa8efd389022896,0,1,ffffffffffffffff,f3736b5635d9ac13,f3736b5635d9ac13,0,1
2168,2168,0,0000000,00,3,3,3,c8eaa6ff0faf6055,0,3,3,4fa8efd389022896,0,1,5b7631019c33f7ab,ffffffffffffffff,7e26e5ddb88c2298,1,1
2169,2169,0,0000000,00,3,3,3,46612baa81246055,3,0,3,4fa8efd389022896,0,1,c8eaa6ff0faff7ab,c7928ef500d7485f,e9d876412f72b104,1,1
2170,2170,0,0000000,00,3,3,3,91c667c9576ca08c,3,0,3,4fa8efd389022896,0,1,00000000000000ea,648df8caa2273f8f,648df8caa2273f8f,0,1
2171,2171,0,0000000,00,3,3,3,ffffffffffffffff,3,0,3,4fa8efd389022896,0,1,0000000000000000,58917bbe9fd4bd14,535b56b695f191f3,1,0
2172,2172,0,0000000,00,3,3,3,46612baa8124ed00,0,0,3,4fa8efd389022896,0,1,0000000000000000,58917bbe9fd4bd14,535b56b695f191f3,1,0
2173,2173,0,00000f0,00,2,2,3,efd389022896ed00,0,0,2,4fa8efd389022896,3,1,0000000000000000,58917bbe9fd4bd14,535b56b695f191f3,1,0
2174,2174,0,00003b8,04,2,2,3,00000000000000d3,0,0,3,c2fd61580457a61d,0,1,4000000000000000,58917bbe9fd4bd14,535b56b695f191f3,1,0
2175,2175,0,00003bc,04,2,2,3,0000000000000000,0,0,3,c2fd61580457a61d,0,1,c8eaa6ff0faf6055,58917bbe9fd4bd14,535b56b695f191f3,1,0
2176,2176,0,00003c0,04,2,2,3,0000000000000000,0,0,3,c2fd61580457a61d,0,1,46612baa81246055,58917bbe9fd4bd14,535b56b695f191f3,1,0
2177,2177,0,00000f4,00,2,2,3,0000000000000000,0,3,2,c2fd61580457a61d,3,1,91c667c9576ca08c,58917bbe9fd4bd14,535b56b695f191f3,1,0
2178,2178,0,0000000,00,3,3,3,4200000000000000,0,3,3,5503f2c493a93581,0,1,ffffffffffffffff,58917bbe9fd4bd14,535b56b695f191f3,1,0
2179,2179,0,0000000,00,3,3,3,efd3890228964fa8,0,3,3,5503f2c493a93581,0,1,46612baa8124ed00,58917bbe9fd4bd14,535b56b695f191f3,1,0
2180,2180,0,0000000,00,3,3,3,61580457a61d4fa8,3,0,3,5503f2c493a93581,0,1,efd389022896ed00,58917bbe9fd4bd14,535b56b695f191f3,1,0
2181,2181,0,0000000,00,3,3,3,29c5d36cef6f1429,3,0,3,5503f2c493a93581,0,1,00000000000000d3,58917bbe9fd4bd14,535b56b695f191f3,1,0
2182,2182,0,0000000,00,3,3,3,ffffffffffffffff,3,0,3,5503f2c493a93581,0,1,0000000000000000,58917bbe9fd4bd14,535b56b695f191f3,1,0
2183,2183,0,0000000,00,3,3,3,61580457a61dc2fd,0,0,3,5503f2c493a93581,0,1,0000000000000000,ffffffffffffffff,ac8925246a23e261,1,1
2184,2184,0,00000f8,00,2,2,3,f2c493a93581c2fd,0,0,2,5503f2c493a93581,3,1,0000000000000000,da85945e1dc052f4,21dcabafe7766cea,1,1
2185,2185,0,00003c4,04,2,2,3,00000000000000c4,0,0,3,d8567c4f1efcbb0a,0,1,4200000000000000,b62238337088ff76,b62238337088ff76,0,1
2186,2186,0,00003c8,04,2,2,3,0000000000000000,0,0,3,d8567c4f1efcbb0a,0,1,efd3890228964fa8,ffffffffffffffff,3b77b6b8fddd71fd,1,1
2187,2187,0,00003cc,04,2,2,3,0000000000000000,0,0,3,d8567c4f1efcbb0a,0,1,61580457a61d4fa8,fdbcbba33af97d09,99df1f0a5f75d84f,1,1
2188,2188,0,00000fc,00,2,2,3,0000000000000000,0,3,2,d8567c4f1efcbb0a,3,1,29c5d36cef6f1429,148a9181d22056c4,148a9181d22056c4,0,1
2189,2189,0,0000000,00,3,3,3,4200000000000000,0,3,3,3ad83a8bfc72fdce,0,1,ffffffffffffffff,ffffffffffffffff,8374021d45dec558,1,1
2190,2190,0,0000000,00,3,3,3,f2c493a935815503,0,3,3,3ad83a8bfc72fdce,0,1,61580457a61dc2fd,e0aba10827ee67a2,0e218c96c88b4bd3,1,1
2191,2191,0,0000000,00,3,3,3,7c4f1efcbb0a5503,3,0,3,3ad83a8bfc72fdce,0,1,f2c493a93581c2fd,ffffffffffffffff,ecafca522a050d17,1,0
2192,2192,0,0000000,00,3,3,3,3499e63af233217f,3,0,3,3ad83a8bfc72fdce,0,1,00000000000000c4,ffffffffffffffff,ecafca522a050d17,1,0
2193,2193,0,0000000,00,3,3,3,ffffffffffffffff,3,0,3,3ad83a8bfc72fdce,0,1,0000000000000000,ffffffffffffffff,ecafca522a050d17,1,0
2194,2194,0,0000000,00,3,3,3,7c4f1efcbb0ad856,0,0,3,3ad83a8bfc72fdce,0,1,0000000000000000,ffffffffffffffff,ecafca522a050d17,1,0
2195,2195,0,0000100,00,2,2,3,3a8bfc72fdced856,0,0,2,3ad83a8bfc72fdce,3,1,0000000000000000,ffffffffffffffff,ecafca522a050d17,1,0
2196,2196,0,00003d0,04,2,2,3,000000000000000b,0,0,3,b78db40071277345,0,1,4200000000000000,ffffffffffffffff,ecafca522a050d17,1,0
2197,2197,0,00003d4,04,2,2,3,0000000000000000,0,0,3,b78db40071277345,0,1,f2c493a935815503,ffffffffffffffff,ecafca522a050d17,1,0
2198,2198,0,00003d8,04,2,2,3,0000000000000000,0,0,3,b78db40071277345,0,1,7c4f1efcbb0a5503,ffffffffffffffff,ecafca522a050d17,1,0
2199,2199,0,0000104,00,2,2,3,0000000000000000,0,3,2,b78db40071277345,3,1,3499e63af233217f,ffffffffffffffff,ecafca522a050d17,1,0
2200,2200,0,0000000,00,3,3,3,0200000000000000,0,3,3,2073279ce6d9e0d9,0,1,ffffffffffffffff,ffffffffffffffff,ecafca522a050d17,1,0
2201,2201,0,0000000,00,3,3,3,3a8bfc72fdce3ad8,0,3,3,2073279ce6d9e0d9,0,1,7c4f1efcbb0ad856,ffffffffffffffff,ecafca522a050d17,1,0
2202,2202,0,0000000,00,3,3,3,b400712773453ad8,3,0,3,2073279ce6d9e0d9,0,1,3a8bfc72fdced856,ffffffffffffffff,ecafca522a050d17,1,0
2203,2203,0,0000000,00,3,3,3,8c9a529f4a3095da,3,0,3,2073279ce6d9e0d9,0,1,000000000000000b,137db9c0d5d77e85,137db9c0d5d77e85,0,1
2204,2204,0,0000000,00,3,3,3,ffffffffffffffff,3,0,3,2073279ce6d9e0d9,0,1,0000000000000000,ffffffffffffffff,9e28374b5882f00e,1,1
2205,2205,0,0000000,00,3,3,3,b40071277345b78d,0,0,3,2073279ce6d9e0d9,0,1,0000000000000000,b3cee459748b22f3,09d6a4d7cf7c6392,1,1
2206,2206,0,0000108,00,2,2,3,279ce6d9e0d9b78d,0,0,2,2073279ce6d9e0d9,3,1,0000000000000000,84832a5c4229ed19,84832a5c4229ed19,0,1
2207,2207,0,00003dc,04,2,2,3,000000000000009c,0,0,3,ad26a9176b8c6e52,0,1,0200000000000000,ffffffffffffffff,262b83eee08144ab,1,1
2208,2208,0,00003e0,04,2,2,3,0000000000000000,0,0,3,ad26a9176b8c6e52,0,1,3a8bfc72fdce3ad8,aed9fef2699c3858,ab7e0d656dd4ca20,1,1
2209,2209,0,00003e4,04,2,2,3,0000000000000000,0,0,3,ad26a9176b8c6e52,0,1,b400712773453ad8,3c809ef9fa2a59bc,3c809ef9fa2a59bc,0,1
2210,2210,0,000010c,00,2,2,3,0000000000000000,0,3,2,ad26a9176b8c6e52,3,1,8c9a529f4a3095da,ffffffffffffffff,b1d51072777fd737,1,1
2211,2211,0,0000000,00,3,3,3,0200000000000000,0,3,3,0f8e00a5c924c7e0,0,1,ffffffffffffffff,8603be0e40a9794b,8603be0e40a9794b,0,0
2212,2212,0,0000000,00,3,3,3,279ce6d9e0d92073,0,3,3,0f8e00a5c924c7e0,0,1,b40071277345b78d,8603be0e40a9794b,8603be0e40a9794b,0,0
2213,2213,0,0000000,00,3,3,3,a9176b8c6e522073,3,0,3,0f8e00a5c924c7e0,0,1,279ce6d9e0d9b78d,8603be0e40a9794b,8603be0e40a9794b,0,0
2214,2214,0,0000000,00,3,3,3,1b64c103ddce0646,3,0,3,0f8e00a5c924c7e0,0,1,000000000000009c,8603be0e40a9794b,8603be0e40a9794b,0,0
2215,2215,0,0000000,00,3,3,3,ffffffffffffffff,3,0,3,0f8e00a5c924c7e0,0,1,0000000000000000,8603be0e40a9794b,8603be0e40a9794b,0,0
2216,2216,0,0000000,00,3,3,3,a9176b8c6e52ad26,0,0,3,0f8e00a5c924c7e0,0,1,0000000000000000,8603be0e40a9794b,8603be0e40a9794b,0,0
2217,2217,0,0000110,00,2,2,3,00a5c924c7e0ad26,0,0,2,0f8e00a5c924c7e0,3,1,0000000000000000,8603be0e40a9794b,8603be0e40a9794b,0,0
2218,2218,0,00003e8,04,2,2,3,0000000000000025,0,0,3,82db8e2e4471496b,0,1,0200000000000000,8603be0e40a9794b,8603be0e40a9794b,0,0
2219,2219,0,00003ec,04,2,2,3,0000000000000000,0,0,3,82db8e2e4471496b,0,1,279ce6d9e0d92073,8603be0e40a9794b,8603be0e40a9794b,0,0
2220,2220,0,00003f0,04,2,2,3,0000000000000000,0,0,3,82db8e2e4471496b,0,1,a9176b8c6e522073,8603be0e40a9794b,8603be0e40a9794b,0,0
2221,2221,0,0000114,00,2,2,3,0000000000000000,0,3,2,82db8e2e4471496b,3,1,1b64c103ddce0646,8603be0e40a9794b,8603be0e40a9794b,0,0
2222,2222,0,0000000,00,3,3,3,0000000000000000,0,3,3,15251db2d38fdaf7,0,1,ffffffffffffffff,8603be0e40a9794b,8603be0e40a9794b,0,0
2223,2223,0,0000000,00,3,3,3,00a5c924c7e00f8e,0,3,3,15251db2d38fdaf7,0,1,a9176b8c6e52ad26,89e0d10f4ea517a5,79d1cd9cbf7b0ad9,1,1
2224,2224,0,0000000,00,3,3,3,8e2e4471496b0f8e,3,0,3,15251db2d38fdaf7,0,1,00a5c924c7e0ad26,f4844317322e8452,f4844317322e8452,0,1
2225,2225,0,0000000,00,3,3,3,c9cb01fa0f61c6bf,3,0,3,15251db2d38fdaf7,0,1,0000000000000025,ffffffffffffffff,637ad08ba5d017ce,1,1
2226,2226,0,0000000,00,3,3,3,ffffffffffffffff,3,0,3,15251db2d38fdaf7,0,1,0000000000000000,94f7cba453b20d0e,ee2f5e0028859945,1,1
2227,2227,0,0000000,00,3,3,3,8e2e4471496b82db,0,0,3,15251db2d38fdaf7,0,1,0000000000000000,4c87f7b28a2d30f7,4c87f7b28a2d30f7,0,1
2228,2228,0,0000118,00,2,2,3,1db2d38fdaf782db,0,0,2,15251db2d38fdaf7,3,1,0000000000000000,ffffffffffffffff,c1d279390778be7c,1,1
2229,2229,0,00003f4,04,2,2,3,00000000000000b2,0,0,3,987093395eda547c,0,1,0000000000000000,2f2a5bade86f9d07,562ceaa590862de0,1,1
2230,2230,0,00003f8,04,2,2,3,0000000000000000,0,0,3,987093395eda547c,0,1,00a5c924c7e00f8e,db79642e1dd3a36b,db79642e1dd3a36b,0,1
2231,2231,0,00003fc,04,2,2,3,0000000000000000,0,0,3,987093395eda547c,0,1,8e2e4471496b0f8e,b029aee6776c684c,c6255178008f963d,1,0
2232,2232,0,000011c,00,2,2,3,0000000000000000,0,3,2,987093395eda547c,3,1,c9cb01fa0f61c6bf,b029aee6776c684c,c6255178008f963d,1,0
2233,2233,0,0000000,00,3,3,3,0000000000000000,0,3,3,50744ed796de8992,0,1,ffffffffffffffff,b029aee6776c684c,c6255178008f963d,1,0
2234,2234,0,0000000,00,3,3,3,1db2d38fdaf71525,0,3,3,50744ed796de8992,0,1,8e2e4471496b82db,b029aee6776c684c,c6255178008f963d,1,0
2235,2235,0,0000000,00,3,3,3,93395eda547c1525,3,0,3,50744ed796de8992,0,1,1db2d38fdaf782db,b029aee6776c684c,c6255178008f963d,1,0
2236,2236,0,0000000,00,3,3,3,6b63a848adc96f0d,3,0,3,50744ed796de8992,0,1,00000000000000b2,b029aee6776c684c,c6255178008f963d,1,0
2237,2237,0,0000000,00,3,3,3,ffffffffffffffff,3,0,3,50744ed796de8992,0,1,0000000000000000,b029aee6776c684c,c6255178008f963d,1,0
2238,2238,0,0000000,00,3,3,3,93395eda547c9870,0,0,3,50744ed796de8992,0,1,0000000000000000,b029aee6776c684c,c6255178008f963d,1,0
2239,2239,0,0000120,00,2,2,3,4ed796de89929870,0,0,2,50744ed796de8992,3,1,0000000000000000,b029aee6776c684c,c6255178008f963d,1,0
2240,2240,0,0000000,04,2,2,3,00000000000000d7,0,0,3,dd21c05c1b8b0719,0,1,0000000000000000,b029aee6776c684c,c6255178008f963d,1,0
2241,2241,0,0000004,04,2,2,3,0000000000000000,0,0,3,dd21c05c1b8b0719,0,1,1db2d38fdaf71525,b029aee6776c684c,c6255178008f963d,1,0
2242,2242,0,0000008,04,2,2,3,0000000000000000,0,0,3,dd21c05c1b8b0719,0,1,93395eda547c1525,b029aee6776c684c,c6255178008f963d,1,0
2243,2243,0,0000124,00,2,2,3,0000000000000000,0,3,2,dd21c05c1b8b0719,3,1,6b63a848adc96f0d,ffffffffffffffff,6c948009aa3e474c,1,1
2244,2244,0,0000000,00,3,3,3,4200000000000000,0,3,3,4adf53c08c759485,0,1,ffffffffffffffff,323d4106f57887ac,e1c10e82276bc9c7,1,1
2245,2245,0,0000000,00,3,3,3,4ed796de89925074,0,3,3,4adf53c08c759485,0,1,93395eda547c9870,763f9d1eb0955a5b,763f9d1eb0955a5b,0,1
2246,2246,0,0000000,00,3,3,3,c05c1b8b07195074,3,0,3,4adf53c08c759485,0,1,4ed796de89929870,ffffffffffffffff,fb6a13953dc0d4d0,1,1
2247,2247,0,0000000,00,3,3,3,3981b65dff2b7118,3,0,3,4adf53c08c759485,0,1,00000000000000d7,15046efbd241a851,59c2ba279f687d62,1,1
2248,2248,0,0000000,00,3,3,3,ffffffffffffffff,3,0,3,4adf53c08c759485,0,1,0000000000000000,d49734ac123df3e9,d49734ac123df3e9,0,1
2249,2249,0,0000000,00,3,3,3,c05c1b8b0719dd21,0,0,3,4adf53c08c759485,0,1,0000000000000000,ffffffffffffffff,4369a73085c36075,1,1
2250,2250,0,0000128,00,2,2,3,53c08c759485dd21,0,0,2,4adf53c08c759485,3,1,0000000000000000,08137450cf56b2fa,ce3c29bb0896eefe,1,1
2251,2251,0,000000c,04,2,2,3,00000000000000c0,0,0,3,c78add4b01201a0e,0,1,4200000000000000,ffffffffffffffff,ac8925246a23e261,1,0
2252,2252,0,0000010,04,2,2,3,0000000000000000,0,0,3,c78add4b01201a0e,0,1,4ed796de89925074,ffffffffffffffff,ac8925246a23e261,1,0
2253,2253,0,0000014,04,2,2,3,0000000000000000,0,0,3,c78add4b01201a0e,0,1,c05c1b8b07195074,ffffffffffffffff,ac8925246a23e261,1,0
2254,2254,0,000012c,00,2,2,3,0000000000000000,0,3,2,c78add4b01201a0e,3,1,3981b65dff2b7118,ffffffffffffffff,ac8925246a23e261,1,0
2255,2255,0,0000000,00,3,3,3,4200000000000000,0,3,3,652274f9a388b3bc,0,1,ffffffffffffffff,ffffffffffffffff,ac8925246a23e261,1,0
2256,2256,0,0000000,00,3,3,3,53c08c7594854adf,0,3,3,652274f9a388b3bc,0,1,c05c1b8b0719dd21,ffffffffffffffff,ac8925246a23e261,1,0
2257,2257,0,0000000,00,3,3,3,dd4b01201a0e4adf,3,0,3,652274f9a388b3bc,0,1,53c08c759485dd21,ffffffffffffffff,ac8925246a23e261,1,0
2258,2258,0,0000000,00,3,3,3,ae7f25c168d5e284,3,0,3,652274f9a388b3bc,0,1,00000000000000c0,ffffffffffffffff,ac8925246a23e261,1,0
2259,2259,0,0000000,00,3,3,3,ffffffffffffffff,3,0,3,652274f9a388b3bc,0,1,0000000000000000,ffffffffffffffff,ac8925246a23e261,1,0
2260,2260,0,0000000,00,3,3,3,dd4b01201a0ec78a,0,0,3,652274f9a388b3bc,0,1,0000000000000000,ffffffffffffffff,ac8925246a23e261,1,0
2261,2261,0,0000130,00,2,2,3,74f9a388b3bcc78a,0,0,2,652274f9a388b3bc,3,1,0000000000000000,ffffffffffffffff,ac8925246a23e261,1,0
2262,2262,0,0000018,04,2,2,3,00000000000000f9,0,0,3,e877fa722edd3d37,0,1,4200000000000000,ffffffffffffffff,ac8925246a23e261,1,0
2263,2263,0,000001c,04,2,2,3,0000000000000000,0,0,3,e877fa722edd3d37,0,1,53c08c7594854adf,0638f455c0923310,0638f455c0923310,0,1
2264,2264,0,0000020,04,2,2,3,0000000000000000,0,0,3,e877fa722edd3d37,0,1,dd4b01201a0e4adf,ffffffffffffffff,8b6d7ade4dc7bd9b,1,1
2265,2265,0,0000134,00,2,2,3,0000000000000000,0,3,2,e877fa722edd3d37,3,1,ae7f25c168d5e284,5b7631019c33f7ab,1c93e942da392e07,1,1
2266,2266,0,0000000,00,3,3,3,4000000000000000,0,3,3,7f8969eeb923aeab,0,1,ffffffffffffffff,91c667c9576ca08c,91c667c9576ca08c,0,1
2267,2267,0,0000000,00,3,3,3,74f9a388b3bc6522,0,3,3,7f8969eeb923aeab,0,1,dd4b01201a0ec78a,ffffffffffffffff,336ece7bf5c4093e,1,1
2268,2268,0,0000000,00,3,3,3,fa722edd3d376522,3,0,3,7f8969eeb923aeab,0,1,74f9a388b3bcc78a,46612baa8124ed00,be3b40f0789187b5,1,1
2269,2269,0,0000000,00,3,3,3,167c9164d0d65621,3,0,3,7f8969eeb923aeab,0,1,00000000000000f9,29c5d36cef6f1429,29c5d36cef6f1429,0,1
2270,2270,0,0000000,00,3,3,3,ffffffffffffffff,3,0,3,7f8969eeb923aeab,0,1,0000000000000000,ffffffffffffffff,a4905de7623a9aa2,1,1
2271,2271,0,0000000,00,3,3,3,fa722edd3d37e877,0,0,3,7f8969eeb923aeab,0,1,0000000000000000,137db9c0d5d77e85,137db9c0d5d77e85,0,0
2272,2272,0,0000138,00,2,2,3,69eeb923aeabe877,0,0,2,7f8969eeb923aeab,3,1,0000000000000000,137db9c0d5d77e85,137db9c0d5d77e85,0,0
2273,2273,0,0000024,04,2,2,3,000000000000006e,0,0,3,f2dce76534762020,0,1,4000000000000000,137db9c0d5d77e85,137db9c0d5d77e85,0,0
2274,2274,0,0000028,04,2,2,3,0000000000000000,0,0,3,f2dce76534762020,0,1,74f9a388b3bc6522,137db9c0d5d77e85,137db9c0d5d77e85,0,0
2275,2275,0,000002c,04,2,2,3,0000000000000000,0,0,3,f2dce76534762020,0,1,fa722edd3d376522,137db9c0d5d77e85,137db9c0d5d77e85,0,0
2276,2276,0,000013c,00,2,2,3,0000000000000000,0,3,2,f2dce76534762020,3,1,167c9164d0d65621,137db9c0d5d77e85,137db9c0d5d77e85,0,0
2277,2277,0,0000000,00,3,3,3,4000000000000000,0,3,3,ef80d233292a1576,0,1,ffffffffffffffff,137db9c0d5d77e85,137db9c0d5d77e85,0,0
2278,2278,0,0000000,00,3,3,3,69eeb923aeab7f89,0,3,3,ef80d233292a1576,0,1,fa722edd3d37e877,137db9c0d5d77e85,137db9c0d5d77e85,0,0
2279,2279,0,0000000,00,3,3,3,e765347620207f89,3,0,3,ef80d233292a1576,0,1,69eeb923aeabe877,137db9c0d5d77e85,137db9c0d5d77e85,0,0
2280,2280,0,0000000,00,3,3,3,de784c8a18d28bcf,3,0,3,ef80d233292a1576,0,1,000000000000006e,137db9c0d5d77e85,137db9c0d5d77e85,0,0
2281,2281,0,0000000,00,3,3,3,ffffffffffffffff,3,0,3,ef80d233292a1576,0,1,0000000000000000,137db9c0d5d77e85,137db9c0d5d77e85,0,0
2282,2282,0,0000000,00,3,3,3,e76534762020f2dc,0,0,3,ef80d233292a1576,0,1,0000000000000000,137db9c0d5d77e85,137db9c0d5d77e85,0,0
2283,2283,0,0000140,00,2,2,3,d233292a1576f2dc,0,0,2,ef80d233292a1576,3,1,0000000000000000,61580457a61dc2fd,b9cc68b17f66aff4,1,1
2284,2284,0,0000030,04,2,2,3,0000000000000033,0,0,3,62d55cb8a47f9bfd,0,1,4000000000000000,3499e63af233217f,3499e63af233217f,0,1
2285,2285,0,0000034,04,2,2,3,0000000000000000,0,0,3,62d55cb8a47f9bfd,0,1,69eeb923aeab7f89,ffffffffffffffff,a36775a665cdb2e3,1,1
2286,2286,0,0000038,04,2,2,3,0000000000000000,0,0,3,62d55cb8a47f9bfd,0,1,e765347620207f89,7c4f1efcbb0ad856,2e32fb2de8983c68,1,1
2287,2287,0,0000144,00,2,2,3,0000000000000000,0,3,2,62d55cb8a47f9bfd,3,1,de784c8a18d28bcf,8c9a529f4a3095da,8c9a529f4a3095da,0,1
2288,2288,0,0000000,00,3,3,3,4200000000000000,0,3,3,f52bcf2433810861,0,1,ffffffffffffffff,ffffffffffffffff,01cfdc14c7651b51,1,1
2289,2289,0,0000000,00,3,3,3,d233292a1576ef80,0,3,3,f52bcf2433810861,0,1,e76534762020f2dc,b40071277345b78d,96314f88509b88cd,1,1
2290,2290,0,0000000,00,3,3,3,5cb8a47f9bfdef80,3,0,3,f52bcf2433810861,0,1,d233292a1576f2dc,1b64c103ddce0646,1b64c103ddce0646,0,1
2291,2291,0,0000000,00,3,3,3,667bf82fa0d13f6a,3,0,3,f52bcf2433810861,0,1,0000000000000033,89e0d10f4ea517a5,79d1cd9cbf7b0ad9,1,0
2292,2292,0,0000000,00,3,3,3,ffffffffffffffff,3,0,3,f52bcf2433810861,0,1,0000000000000000,89e0d10f4ea517a5,79d1cd9cbf7b0ad9,1,0
2293,2293,0,0000000,00,3,3,3,5cb8a47f9bfd62d5,0,0,3,f52bcf2433810861,0,1,0000000000000000,89e0d10f4ea517a5,79d1cd9cbf7b0ad9,1,0
2294,2294,0,0000148,00,2,2,3,cf243381086162d5,0,0,2,f52bcf2433810861,3,1,0000000000000000,89e0d10f4ea517a5,79d1cd9cbf7b0ad9,1,0
2295,2295,0,000003c,04,2,2,3,0000000000000024,0,0,3,787e41afbed486ea,0,1,4200000000000000,89e0d10f4ea517a5,79d1cd9cbf7b0ad9,1,0
2296,2296,0,0000040,04,2,2,3,0000000000000000,0,0,3,787e41afbed486ea,0,1,d233292a1576ef80,89e0d10f4ea517a5,79d1cd9cbf7b0ad9,1,0
2297,2297,0,0000044,04,2,2,3,0000000000000000,0,0,3,787e41afbed486ea,0,1,5cb8a47f9bfdef80,89e0d10f4ea517a5,79d1cd9cbf7b0ad9,1,0
2298,2298,0,000014c,00,2,2,3,0000000000000000,0,3,2,787e41afbed486ea,3,1,667bf82fa0d13f6a,89e0d10f4ea517a5,79d1cd9cbf7b0ad9,1,0
2299,2299,0,0000000,00,3,3,3,4200000000000000,0,3,3,dad6e81d1c7c2f58,0,1,ffffffffffffffff,89e0d10f4ea517a5,79d1cd9cbf7b0ad9,1,0
2300,2300,0,0000000,00,3,3,3,cf2433810861f52b,0,3,3,dad6e81d1c7c2f58,0,1,5cb8a47f9bfd62d5,89e0d10f4ea517a5,79d1cd9cbf7b0ad9,1,0
2301,2301,0,0000000,00,3,3,3,41afbed486eaf52b,3,0,3,dad6e81d1c7c2f58,0,1,cf243381086162d5,89e0d10f4ea517a5,79d1cd9cbf7b0ad9,1,0
2302,2302,0,0000000,00,3,3,3,f1856bb3372facf6,3,0,3,dad6e81d1c7c2f58,0,1,0000000000000024,89e0d10f4ea517a5,79d1cd9cbf7b0ad9,1,0
2303,2303,0,0000000,00,3,3,3,ffffffffffffffff,3,0,3,dad6e81d1c7c2f58,0,1,0000000000000000,ffffffffffffffff,d3601ced15cadba8,1,1
2304,2304,0,0000000,00,3,3,3,41afbed486ea787e,0,0,3,dad6e81d1c7c2f58,0,1,0000000000000000,a9176b8c6e52ad26,5e359266989f5523,1,1
2305,2305,0,0000150,00,2,2,3,e81d1c7c2f58787e,0,0,2,dad6e81d1c7c2f58,3,1,0000000000000000,c9cb01fa0f61c6bf,c9cb01fa0f61c6bf,0,1
2306,2306,0,0000048,04,2,2,3,000000000000001d,0,0,3,578366969129a1d3,0,1,4200000000000000,ffffffffffffffff,449e8f7182344834,1,1
2307,2307,0,000004c,04,2,2,3,0000000000000000,0,0,3,578366969129a1d3,0,1,cf2433810861f52b,8e2e4471496b82db,e63626c3209ce186,1,1
2308,2308,0,0000050,04,2,2,3,0000000000000000,0,0,3,578366969129a1d3,0,1,41afbed486eaf52b,6b63a848adc96f0d,6b63a848adc96f0d,0,1
2309,2309,0,0000154,00,2,2,3,0000000000000000,0,3,2,578366969129a1d3,3,1,f1856bb3372facf6,ffffffffffffffff,fc9d3bd43a37fc91,1,1
2310,2310,0,0000000,00,3,3,3,4000000000000000,0,3,3,c07df50a06d7324f,0,1,ffffffffffffffff,93395eda547c9870,71c8b55fb762721a,1,1
2311,2311,0,0000000,00,3,3,3,e81d1c7c2f58dad6,0,3,3,c07df50a06d7324f,0,1,41afbed486ea787e,ffffffffffffffff,6c948009aa3e474c,1,0
2312,2312,0,0000000,00,3,3,3,66969129a1d3dad6,3,0,3,c07df50a06d7324f,0,1,e81d1c7c2f58787e,ffffffffffffffff,6c948009aa3e474c,1,0
2313,2313,0,0000000,00,3,3,3,f67243f230d884b7,3,0,3,c07df50a06d7324f,0,1,000000000000001d,ffffffffffffffff,6c948009aa3e474c,1,0
2314,2314,0,0000000,00,3,3,3,ffffffffffffffff,3,0,3,c07df50a06d7324f,0,1,0000000000000000,ffffffffffffffff,6c948009aa3e474c,1,0
2315,2315,0,0000000,00,3,3,3,66969129a1d35783,0,0,3,c07df50a06d7324f,0,1,0000000000000000,ffffffffffffffff,6c948009aa3e474c,1,0
2316,2316,0,0000158,00,2,2,3,f50a06d7324f5783,0,0,2,c07df50a06d7324f,3,1,0000000000000000,ffffffffffffffff,6c948009aa3e474c,1,0
2317,2317,0,0000054,04,2,2,3,000000000000000a,0,0,3,4d287b818b82bcc4,0,1,4000000000000000,ffffffffffffffff,6c948009aa3e474c,1,0
2318,2318,0,0000058,04,2,2,3,0000000000000000,0,0,3,4d287b818b82bcc4,0,1,e81d1c7c2f58dad6,ffffffffffffffff,6c948009aa3e474c,1,0
2319,2319,0,000005c,04,2,2,3,0000000000000000,0,0,3,4d287b818b82bcc4,0,1,66969129a1d3dad6,ffffffffffffffff,6c948009aa3e474c,1,0
2320,2320,0,000015c,00,2,2,3,0000000000000000,0,3,2,4d287b818b82bcc4,3,1,f67243f230d884b7,ffffffffffffffff,6c948009aa3e474c,1,0
2321,2321,0,0000000,00,3,3,3,4000000000000000,0,3,3,852ca66f4386612a,0,1,ffffffffffffffff,ffffffffffffffff,6c948009aa3e474c,1,0
2322,2322,0,0000000,00,3,3,3,f50a06d7324fc07d,0,3,3,852ca66f4386612a,0,1,66969129a1d35783,ffffffffffffffff,6c948009aa3e474c,1,0
2323,2323,0,0000000,00,3,3,3,7b818b82bcc4c07d,3,0,3,852ca66f4386612a,0,1,f50a06d7324f5783,3981b65dff2b7118,3981b65dff2b7118,0,1
2324,2324,0,0000000,00,3,3,3,54daea4092702d05,3,0,3,852ca66f4386612a,0,1,000000000000000a,ffffffffffffffff,b4d438d6727eff93,1,1
2325,2325,0,0000000,00,3,3,3,ffffffffffffffff,3,0,3,852ca66f4386612a,0,1,0000000000000000,c05c1b8b0719dd21,232aab4ae5806c0f,1,1
2326,2326,0,0000000,00,3,3,3,7b818b82bcc44d28,0,0,3,852ca66f4386612a,0,1,0000000000000000,ae7f25c168d5e284,ae7f25c168d5e284,0,1
2327,2327,0,0000160,00,2,2,3,a66f4386612a4d28,0,0,2,852ca66f4386612a,3,1,0000000000000000,ffffffffffffffff,0cd78c73ca7d4b36,1,1
2328,2328,0,0000060,04,2,2,3,000000000000006f,0,0,3,087928e4ced3efa1,0,1,4000000000000000,dd4b01201a0ec78a,818202f84728c5bd,1,1
2329,2329,0,0000064,04,2,2,3,0000000000000000,0,0,3,087928e4ced3efa1,0,1,f50a06d7324fc07d,167c9164d0d65621,167c9164d0d65621,0,1
2330,2330,0,0000068,04,2,2,3,0000000000000000,0,0,3,087928e4ced3efa1,0,1,7b818b82bcc4c07d,ffffffffffffffff,9b291fef5d83d8aa,1,1
2331,2331,0,0000164,00,2,2,3,0000000000000000,0,3,2,087928e4ced3efa1,3,1,54daea4092702d05,0638f455c0923310,0638f455c0923310,0,0
2332,2332,0,0000000,00,3,3,3,0200000000000000,0,3,3,9f87bb78592d7c3d,0,1,ffffffffffffffff,0638f455c0923310,0638f455c0923310,0,0
2333,2333,0,0000000,00,3,3,3,a66f4386612a852c,0,3,3,9f87bb78592d7c3d,0,1,7b818b82bcc44d28,0638f455c0923310,0638f455c0923310,0,0
2334,2334,0,0000000,00,3,3,3,28e4ced3efa1852c,3,0,3,9f87bb78592d7c3d,0,1,a66f4386612a4d28,0638f455c0923310,0638f455c0923310,0,0
2335,2335,0,0000000,00,3,3,3,86752ab940dfedfc,3,0,3,9f87bb78592d7c3d,0,1,000000000000006f,0638f455c0923310,0638f455c0923310,0,0
2336,2336,0,0000000,00,3,3,3,ffffffffffffffff,3,0,3,9f87bb78592d7c3d,0,1,0000000000000000,0638f455c0923310,0638f455c0923310,0,0
2337,2337,0,0000000,00,3,3,3,28e4ced3efa10879,0,0,3,9f87bb78592d7c3d,0,1,0000000000000000,0638f455c0923310,0638f455c0923310,0,0
2338,2338,0,0000168,00,2,2,3,bb78592d7c3d0879,0,0,2,9f87bb78592d7c3d,3,1,0000000000000000,0638f455c0923310,0638f455c0923310,0,0
2339,2339,0,000006c,04,2,2,3,0000000000000078,0,0,3,12d235f3d478f2b6,0,1,0200000000000000,0638f455c0923310,0638f455c0923310,0,0
2340,2340,0,0000070,04,2,2,3,0000000000000000,0,0,3,12d235f3d478f2b6,0,1,a66f4386612a852c,0638f455c0923310,0638f455c0923310,0,0
2341,2341,0,0000074,04,2,2,3,0000000000000000,0,0,3,12d235f3d478f2b6,0,1,28e4ced3efa1852c,0638f455c0923310,0638f455c0923310,0,0
2342,2342,0,000016c,00,2,2,3,0000000000000000,0,3,2,12d235f3d478f2b6,3,1,86752ab940dfedfc,0638f455c0923310,0638f455c0923310,0,0
2343,2343,0,0000000,00,3,3,3,0200000000000000,0,3,3,b07a9c4176d05b04,0,1,ffffffffffffffff,fa722edd3d37e877,532dc20195870544,1,1
2344,2344,0,0000000,00,3,3,3,bb78592d7c3d9f87,0,3,3,b07a9c4176d05b04,0,1,28e4ced3efa10879,de784c8a18d28bcf,de784c8a18d28bcf,0,1
2345,2345,0,0000000,00,3,3,3,35f3d478f2b69f87,3,0,3,b07a9c4176d05b04,0,1,bb78592d7c3d0879,ffffffffffffffff,4986df168f2c1853,1,1
2346,2346,0,0000000,00,3,3,3,118bb925d7217e60,3,0,3,b07a9c4176d05b04,0,1,0000000000000078,e76534762020f2dc,c4d3519d027996d8,1,1
2347,2347,0,0000000,00,3,3,3,ffffffffffffffff,3,0,3,b07a9c4176d05b04,0,1,0000000000000000,667bf82fa0d13f6a,667bf82fa0d13f6a,0,1
2348,2348,0,0000000,00,3,3,3,35f3d478f2b612d2,0,0,3,b07a9c4176d05b04,0,1,0000000000000000,ffffffffffffffff,eb2e76a42d84b1e1,1,1
2349,2349,0,0000170,00,2,2,3,9c4176d05b0412d2,0,0,2,b07a9c4176d05b04,3,1,0000000000000000,5cb8a47f9bfd62d5,7cd0e538ba7a227d,1,1
2350,2350,0,0000078,04,2,2,3,0000000000000041,0,0,3,3d2f12cafb85d58f,0,1,0200000000000000,f1856bb3372facf6,f1856bb3372facf6,0,1
2351,2351,0,000007c,04,2,2,3,0000000000000000,0,0,3,3d2f12cafb85d58f,0,1,bb78592d7c3d9f87,61580457a61dc2fd,b9cc68b17f66aff4,1,0
2352,2352,0,0000080,04,2,2,3,0000000000000000,0,0,3,3d2f12cafb85d58f,0,1,35f3d478f2b69f87,61580457a61dc2fd,b9cc68b17f66aff4,1,0
2353,2353,0,0000174,00,2,2,3,0000000000000000,0,3,2,3d2f12cafb85d58f,3,1,118bb925d7217e60,61580457a61dc2fd,b9cc68b17f66aff4,1,0
2354,2354,0,0000000,00,3,3,3,0000000000000000,0,3,3,aad181566c7b4613,0,1,ffffffffffffffff,61580457a61dc2fd,b9cc68b17f66aff4,1,0
2355,2355,0,0000000,00,3,3,3,9c4176d05b04b07a,0,3,3,aad181566c7b4613,0,1,35f3d478f2b612d2,61580457a61dc2fd,b9cc68b17f66aff4,1,0
2356,2356,0,0000000,00,3,3,3,12cafb85d58fb07a,3,0,3,aad181566c7b4613,0,1,9c4176d05b0412d2,61580457a61dc2fd,b9cc68b17f66aff4,1,0
2357,2357,0,0000000,00,3,3,3,a9880d806f22cac5,3,0,3,aad181566c7b4613,0,1,0000000000000041,61580457a61dc2fd,b9cc68b17f66aff4,1,0
2358,2358,0,0000000,00,3,3,3,ffffffffffffffff,3,0,3,aad181566c7b4613,0,1,0000000000000000,61580457a61dc2fd,b9cc68b17f66aff4,1,0
2359,2359,0,0000000,00,3,3,3,12cafb85d58f3d2f,0,0,3,aad181566c7b4613,0,1,0000000000000000,61580457a61dc2fd,b9cc68b17f66aff4,1,0
2360,2360,0,0000178,00,2,2,3,81566c7b46133d2f,0,0,2,aad181566c7b4613,3,1,0000000000000000,61580457a61dc2fd,b9cc68b17f66aff4,1,0
2361,2361,0,0000084,04,2,2,3,0000000000000056,0,0,3,27840fdde12ec898,0,1,0000000000000000,61580457a61dc2fd,b9cc68b17f66aff4,1,0
2362,2362,0,0000088,04,2,2,3,0000000000000000,0,0,3,27840fdde12ec898,0,1,9c4176d05b04b07a,61580457a61dc2fd,b9cc68b17f66aff4,1,0
2363,2363,0,000008c,04,2,2,3,0000000000000000,0,0,3,27840fdde12ec898,0,1,12cafb85d58fb07a,ffffffffffffffff,ecd95ee52a7399a0,1,1
2364,2364,0,000017c,00,2,2,3,0000000000000000,0,3,2,27840fdde12ec898,3,1,a9880d806f22cac5,41afbed486ea787e,618cd06ea726172b,1,1
2365,2365,0,0000000,00,3,3,3,0000000000000000,0,3,3,9069ebfa56c32cbf,0,1,ffffffffffffffff,f67243f230d884b7,f67243f230d884b7,0,1
2366,2366,0,0000000,00,3,3,3,81566c7b4613aad1,0,3,3,9069ebfa56c32cbf,0,1,12cafb85d58f3d2f,ffffffffffffffff,7b27cd79bd8d0a3c,1,1
2367,2367,0,0000000,00,3,3,3,0fdde12ec898aad1,3,0,3,9069ebfa56c32cbf,0,1,81566c7b46133d2f,66969129a1d35783,d98f64cb1f25a38e,1,1
2368,2368,0,0000000,00,3,3,3,1e65e9a7d8cf2ee2,3,0,3,9069ebfa56c32cbf,0,1,0000000000000056,54daea4092702d05,54daea4092702d05,0,1
2369,2369,0,0000000,00,3,3,3,ffffffffffffffff,3,0,3,9069ebfa56c32cbf,0,1,0000000000000000,ffffffffffffffff,c32479dc058ebe99,1,1
2370,2370,0,0000000,00,3,3,3,0fdde12ec8982784,0,0,3,9069ebfa56c32cbf,0,1,0000000000000000,7b818b82bcc44d28,4e71f75788db3012,1,1
2371,2371,0,0000180,00,2,2,3,ebfa56c32cbf2784,0,0,2,9069ebfa56c32cbf,3,1,0000000000000000,ffffffffffffffff,d3601ced15cadba8,1,0
2372,2372,0,0000090,04,2,2,3,00000000000000fa,0,0,3,1d3c6571db96a234,0,1,0000000000000000,ffffffffffffffff,d3601ced15cadba8,1,0
2373,2373,0,0000094,04,2,2,3,0000000000000000,0,0,3,1d3c6571db96a234,0,1,81566c7b4613aad1,ffffffffffffffff,d3601ced15cadba8,1,0
2374,2374,0,0000098,04,2,2,3,0000000000000000,0,0,3,1d3c6571db96a234,0,1,0fdde12ec898aad1,ffffffffffffffff,d3601ced15cadba8,1,0
2375,2375,0,0000184,00,2,2,3,0000000000000000,0,3,2,1d3c6571db96a234,3,1,1e65e9a7d8cf2ee2,ffffffffffffffff,d3601ced15cadba8,1,0
2376,2376,0,0000000,00,3,3,3,4200000000000000,0,3,3,8ac2f6ed4c6831a8,0,1,ffffffffffffffff,ffffffffffffffff,d3601ced15cadba8,1,0
2377,2377,0,0000000,00,3,3,3,ebfa56c32cbf9069,0,3,3,8ac2f6ed4c6831a8,0,1,0fdde12ec8982784,ffffffffffffffff,d3601ced15cadba8,1,0
2378,2378,0,0000000,00,3,3,3,6571db96a2349069,3,0,3,8ac2f6ed4c6831a8,0,1,ebfa56c32cbf2784,ffffffffffffffff,d3601ced15cadba8,1,0
2379,2379,0,0000000,00,3,3,3,a6665d0260cc9a47,3,0,3,8ac2f6ed4c6831a8,0,1,00000000000000fa,ffffffffffffffff,d3601ced15cadba8,1,0
2380,2380,0,0000000,00,3,3,3,ffffffffffffffff,3,0,3,8ac2f6ed4c6831a8,0,1,0000000000000000,ffffffffffffffff,d3601ced15cadba8,1,0
2381,2381,0,0000000,00,3,3,3,6571db96a2341d3c,0,0,3,8ac2f6ed4c6831a8,0,1,0000000000000000,ffffffffffffffff,d3601ced15cadba8,1,0
2382,2382,0,0000188,00,2,2,3,f6ed4c6831a81d3c,0,0,2,8ac2f6ed4c6831a8,3,1,0000000000000000,ffffffffffffffff,d3601ced15cadba8,1,0
2383,2383,0,000009c,04,2,2,3,000000000000006d,0,0,3,07977866c13dbf23,0,1,4200000000000000,86752ab940dfedfc,86752ab940dfedfc,0,1
2384,2384,0,00000a0,04,2,2,3,0000000000000000,0,0,3,07977866c13dbf23,0,1,ebfa56c32cbf9069,ffffffffffffffff,0b20a432cd8a6377,1,1
2385,2385,0,00000a4,04,2,2,3,0000000000000000,0,0,3,07977866c13dbf23,0,1,6571db96a2349069,28e4ced3efa10879,9cde37ae5a74f0eb,1,1
2386,2386,0,000018c,00,2,2,3,0000000000000000,0,3,2,07977866c13dbf23,3,1,a6665d0260cc9a47,118bb925d7217e60,118bb925d7217e60,0,1
2387,2387,0,0000000,00,3,3,3,4200000000000000,0,3,3,a53fd1d463951691,0,1,ffffffffffffffff,ffffffffffffffff,b32310977589d7d2,1,1
2388,2388,0,0000000,00,3,3,3,f6ed4c6831a88ac2,0,3,3,a53fd1d463951691,0,1,6571db96a2341d3c,35f3d478f2b612d2,3e769e1cf8dc5959,1,1
2389,2389,0,0000000,00,3,3,3,7866c13dbf238ac2,3,0,3,a53fd1d463951691,0,1,f6ed4c6831a81d3c,a9880d806f22cac5,a9880d806f22cac5,0,1
2390,2390,0,0000000,00,3,3,3,3198ce9ef73209db,3,0,3,a53fd1d463951691,0,1,000000000000006d,ffffffffffffffff,24dd830be277444e,1,1
2391,2391,0,0000000,00,3,3,3,ffffffffffffffff,3,0,3,a53fd1d463951691,0,1,0000000000000000,3981b65dff2b7118,3981b65dff2b7118,0,0
2392,2392,0,0000000,00,3,3,3,7866c13dbf230797,0,0,3,a53fd1d463951691,0,1,0000000000000000,3981b65dff2b7118,3981b65dff2b7118,0,0
2393,2393,0,0000190,00,2,2,3,d1d4639516910797,0,0,2,a53fd1d463951691,3,1,0000000000000000,3981b65dff2b7118,3981b65dff2b7118,0,0
2394,2394,0,00000a8,04,2,2,3,00000000000000d4,0,0,3,286a5f5feec0981a,0,1,4200000000000000,3981b65dff2b7118,3981b65dff2b7118,0,0
2395,2395,0,00000ac,04,2,2,3,0000000000000000,0,0,3,286a5f5feec0981a,0,1,f6ed4c6831a88ac2,3981b65dff2b7118,3981b65dff2b7118,0,0
2396,2396,0,00000b0,04,2,2,3,0000000000000000,0,0,3,286a5f5feec0981a,0,1,7866c13dbf238ac2,3981b65dff2b7118,3981b65dff2b7118,0,0
2397,2397,0,0000194,00,2,2,3,0000000000000000,0,3,2,286a5f5feec0981a,3,1,3198ce9ef73209db,3981b65dff2b7118,3981b65dff2b7118,0,0
2398,2398,0,0000000,00,3,3,3,4000000000000000,0,3,3,bf94ccc3793e0b86,0,1,ffffffffffffffff,3981b65dff2b7118,3981b65dff2b7118,0,0
2399,2399,0,0000000,00,3,3,3,d1d463951691a53f,0,3,3,bf94ccc3793e0b86,0,1,7866c13dbf230797,3981b65dff2b7118,3981b65dff2b7118,0,0
2400,2400,0,0000000,00,3,3,3,5f5feec0981aa53f,3,0,3,bf94ccc3793e0b86,0,1,d1d4639516910797,3981b65dff2b7118,3981b65dff2b7118,0,0
2401,2401,0,0000000,00,3,3,3,e3370e67259dc922,3,0,3,bf94ccc3793e0b86,0,1,00000000000000d4,3981b65dff2b7118,3981b65dff2b7118,0,0
2402,2402,0,0000000,00,3,3,3,ffffffffffffffff,3,0,3,bf94ccc3793e0b86,0,1,0000000000000000,3981b65dff2b7118,3981b65dff2b7118,0,0
2403,2403,0,0000000,00,3,3,3,5f5feec0981a286a,0,0,3,bf94ccc3793e0b86,0,1,0000000000000000,12cafb85d58f3d2f,9330672c559aa069,1,1
2404,2404,0,0000198,00,2,2,3,ccc3793e0b86286a,0,0,2,bf94ccc3793e0b86,3,1,0000000000000000,1e65e9a7d8cf2ee2,1e65e9a7d8cf2ee2,0,1
2405,2405,0,00000b4,04,2,2,3,00000000000000c3,0,0,3,32c14248f46b850d,0,1,4000000000000000,ffffffffffffffff,899b7a3b4f31bd7e,1,1
2406,2406,0,00000b8,04,2,2,3,0000000000000000,0,0,3,32c14248f46b850d,0,1,d1d463951691a53f,0fdde12ec8982784,04cef4b0c26433f5,1,1
2407,2407,0,00000bc,04,2,2,3,0000000000000000,0,0,3,32c14248f46b850d,0,1,5f5feec0981aa53f,a6665d0260cc9a47,a6665d0260cc9a47,0,1
2408,2408,0,000019c,00,2,2,3,0000000000000000,0,3,2,32c14248f46b850d,3,1,e3370e67259dc922,ffffffffffffffff,2b33d389ed9914cc,1,1
2409,2409,0,0000000,00,3,3,3,4000000000000000,0,3,3,fac59fa63c6f58e3,0,1,ffffffffffffffff,6571db96a2341d3c,bccd40157a678750,1,1
2410,2410,0,0000000,00,3,3,3,ccc3793e0b86bf94,0,3,3,fac59fa63c6f58e3,0,1,5f5feec0981a286a,3198ce9ef73209db,3198ce9ef73209db,0,1
2411,2411,0,0000000,00,3,3,3,4248f46b850dbf94,3,0,3,fac59fa63c6f58e3,0,1,ccc3793e0b86286a,fa722edd3d37e877,532dc20195870544,1,0
2412,2412,0,0000000,00,3,3,3,419fa7d587356090,3,0,3,fac59fa63c6f58e3,0,1,00000000000000c3,fa722edd3d37e877,532dc20195870544,1,0
2413,2413,0,0000000,00,3,3,3,ffffffffffffffff,3,0,3,fac59fa63c6f58e3,0,1,0000000000000000,fa722edd3d37e877,532dc20195870544,1,0
2414,2414,0,0000000,00,3,3,3,4248f46b850d32c1,0,0,3,fac59fa63c6f58e3,0,1,0000000000000000,fa722edd3d37e877,532dc20195870544,1,0
2415,2415,0,00001a0,00,2,2,3,9fa63c6f58e332c1,0,0,2,fac59fa63c6f58e3,3,1,0000000000000000,fa722edd3d37e877,532dc20195870544,1,0
2416,2416,0,00000c0,04,2,2,3,00000000000000a6,0,0,3,7790112db13ad668,0,1,4000000000000000,fa722edd3d37e877,532dc20195870544,1,0
2417,2417,0,00000c4,04,2,2,3,0000000000000000,0,0,3,7790112db13ad668,0,1,ccc3793e0b86bf94,fa722edd3d37e877,532dc20195870544,1,0
2418,2418,0,00000c8,04,2,2,3,0000000000000000,0,0,3,7790112db13ad668,0,1,4248f46b850dbf94,fa722edd3d37e877,532dc20195870544,1,0
2419,2419,0,00001a4,00,2,2,3,0000000000000000,0,3,2,7790112db13ad668,3,1,419fa7d587356090,fa722edd3d37e877,532dc20195870544,1,0
2420,2420,0,0000000,00,3,3,3,0200000000000000,0,3,3,e06e82b126c445f4,0,1,ffffffffffffffff,fa722edd3d37e877,532dc20195870544,1,0
2421,2421,0,0000000,00,3,3,3,9fa63c6f58e3fac5,0,3,3,e06e82b126c445f4,0,1,4248f46b850d32c1,fa722edd3d37e877,532dc20195870544,1,0
2422,2422,0,0000000,00,3,3,3,112db13ad668fac5,3,0,3,e06e82b126c445f4,0,1,9fa63c6f58e332c1,fa722edd3d37e877,532dc20195870544,1,0
2423,2423,0,0000000,00,3,3,3,46688f9480c248d1,3,0,3,e06e82b126c445f4,0,1,00000000000000a6,ffffffffffffffff,f99c13703f36d435,1,1
2424,2424,0,0000000,00,3,3,3,ffffffffffffffff,3,0,3,e06e82b126c445f4,0,1,0000000000000000,7866c13dbf230797,74c99dfbb2635abe,1,1
2425,2425,0,0000000,00,3,3,3,112db13ad6687790,0,0,3,e06e82b126c445f4,0,1,0000000000000000,e3370e67259dc922,e3370e67259dc922,0,1
2426,2426,0,00001a8,00,2,2,3,82b126c445f47790,0,0,2,e06e82b126c445f4,3,1,0000000000000000,ffffffffffffffff,6e6280eca8c847a9,1,1
2427,2427,0,00000cc,04,2,2,3,00000000000000b1,0,0,3,6d3b0c3aab91cb7f,0,1,0200000000000000,5f5feec0981a286a,ccca295e0a60ee1b,1,1
2428,2428,0,00000d0,04,2,2,3,0000000000000000,0,0,3,6d3b0c3aab91cb7f,0,1,9fa63c6f58e3fac5,ffffffffffffffff,eb2e76a42d84b1e1,1,0
2429,2429,0,00000d4,04,2,2,3,0000000000000000,0,0,3,6d3b0c3aab91cb7f,0,1,112db13ad668fac5,ffffffffffffffff,eb2e76a42d84b1e1,1,0
2430,2430,0,00001ac,00,2,2,3,0000000000000000,0,3,2,6d3b0c3aab91cb7f,3,1,46688f9480c248d1,ffffffffffffffff,eb2e76a42d84b1e1,1,0
2431,2431,0,0000000,00,3,3,3,0200000000000000,0,3,3,cf93a588093962cd,0,1,ffffffffffffffff,419fa7d587356090,419fa7d587356090,0,1
2432,2432,0,0000000,00,3,3,3,82b126c445f4e06e,0,3,3,cf93a588093962cd,0,1,112db13ad6687790,ffffffffffffffff,d661344910cbf30c,1,1
2433,2433,0,0000000,00,3,3,3,0c3aab91cb7fe06e,3,0,3,cf93a588093962cd,0,1,82b126c445f47790,4248f46b850d32c1,5b34bac29d9e7d87,1,1
2434,2434,0,0000000,00,3,3,3,d1961c08173cdb4d,3,0,3,cf93a588093962cd,0,1,00000000000000b1,ffffffffffffffff,ecd95ee52a7399a0,1,0
2435,2435,0,0000000,00,3,3,3,ffffffffffffffff,3,0,3,cf93a588093962cd,0,1,0000000000000000,ffffffffffffffff,ecd95ee52a7399a0,1,0
2436,2436,0,0000000,00,3,3,3,0c3aab91cb7f6d3b,0,0,3,cf93a588093962cd,0,1,0000000000000000,ffffffffffffffff,ecd95ee52a7399a0,1,0
2437,2437,0,00001b0,00,2,2,3,a588093962cd6d3b,0,0,2,cf93a588093962cd,3,1,0000000000000000,ffffffffffffffff,ecd95ee52a7399a0,1,0
2438,2438,0,00000d8,04,2,2,3,0000000000000008,0,0,3,42c62b03846cec46,0,1,0200000000000000,ffffffffffffffff,ecd95ee52a7399a0,1,0
2439,2439,0,00000dc,04,2,2,3,0000000000000000,0,0,3,42c62b03846cec46,0,1,82b126c445f4e06e,ffffffffffffffff,ecd95ee52a7399a0,1,0
2440,2440,0,00000e0,04,2,2,3,0000000000000000,0,0,3,42c62b03846cec46,0,1,0c3aab91cb7fe06e,ffffffffffffffff,ecd95ee52a7399a0,1,0
2441,2441,0,00001b4,00,2,2,3,0000000000000000,0,3,2,42c62b03846cec46,3,1,d1961c08173cdb4d,ffffffffffffffff,ecd95ee52a7399a0,1,0
2442,2442,0,0000000,00,3,3,3,0000000000000000,0,3,3,d538b89f13927fda,0,1,ffffffffffffffff,ffffffffffffffff,ecd95ee52a7399a0,1,0
2443,2443,0,0000000,00,3,3,3,a588093962cdcf93,0,3,3,d538b89f13927fda,0,1,0c3aab91cb7f6d3b,ffffffffffffffff,ecd95ee52a7399a0,1,0
2444,2444,0,0000000,00,3,3,3,2b03846cec46cf93,3,0,3,d538b89f13927fda,0,1,a588093962cd6d3b,ffffffffffffffff,ecd95ee52a7399a0,1,0
2445,2445,0,0000000,00,3,3,3,6995a8adaf3f6fe8,3,0,3,d538b89f13927fda,0,1,0000000000000008,ffffffffffffffff,ecd95ee52a7399a0,1,0
2446,2446,0,0000000,00,3,3,3,ffffffffffffffff,3,0,3,d538b89f13927fda,0,1,0000000000000000,46688f9480c248d1,46688f9480c248d1,0,1
2447,2447,0,0000000,00,3,3,3,2b03846cec4642c6,0,0,3,d538b89f13927fda,0,1,0000000000000000,ffffffffffffffff,cb3d011f0d97c65a,1,1
2448,2448,0,00001b8,00,2,2,3,b89f13927fda42c6,0,0,2,d538b89f13927fda,3,1,0000000000000000,112db13ad6687790,5cc392839a6955c6,1,1
2449,2449,0,00000e4,04,2,2,3,000000000000009f,0,0,3,586d36149ec7f151,0,1,0000000000000000,ffffffffffffffff,7b27cd79bd8d0a3c,1,0
2450,2450,0,00000e8,04,2,2,3,0000000000000000,0,0,3,586d36149ec7f151,0,1,a588093962cdcf93,ffffffffffffffff,7b27cd79bd8d0a3c,1,0
2451,2451,0,00000ec,04,2,2,3,0000000000000000,0,0,3,586d36149ec7f151,0,1,2b03846cec46cf93,ffffffffffffffff,7b27cd79bd8d0a3c,1,0
2452,2452,0,00001bc,00,2,2,3,0000000000000000,0,3,2,586d36149ec7f151,3,1,6995a8adaf3f6fe8,ffffffffffffffff,7b27cd79bd8d0a3c,1,0
2453,2453,0,0000000,00,3,3,3,0000000000000000,0,3,3,45310342839bc407,0,1,ffffffffffffffff,d1961c08173cdb4d,d1961c08173cdb4d,0,1
2454,2454,0,0000000,00,3,3,3,b89f13927fdad538,0,3,3,45310342839bc407,0,1,2b03846cec4642c6,ffffffffffffffff,733eb5bab59472ff,1,1
2455,2455,0,0000000,00,3,3,3,36149ec7f151d538,3,0,3,45310342839bc407,0,1,b89f13927fda42c6,0c3aab91cb7f6d3b,fe6b3b3138c1fc74,1,1
2456,2456,0,0000000,00,3,3,3,a1917543673bb206,3,0,3,45310342839bc407,0,1,000000000000009f,ffffffffffffffff,c32479dc058ebe99,1,0
2457,2457,0,0000000,00,3,3,3,ffffffffffffffff,3,0,3,45310342839bc407,0,1,0000000000000000,ffffffffffffffff,c32479dc058ebe99,1,0
2458,2458,0,0000000,00,3,3,3,36149ec7f151586d,0,0,3,45310342839bc407,0,1,0000000000000000,ffffffffffffffff,c32479dc058ebe99,1,0
2459,2459,0,00001c0,00,2,2,3,0342839bc407586d,0,0,2,45310342839bc407,3,1,0000000000000000,ffffffffffffffff,c32479dc058ebe99,1,0
2460,2460,0,00000f0,04,2,2,3,0000000000000042,0,0,3,c8648dc90ece4a8c,0,1,0000000000000000,ffffffffffffffff,c32479dc058ebe99,1,0
2461,2461,0,00000f4,04,2,2,3,0000000000000000,0,0,3,c8648dc90ece4a8c,0,1,b89f13927fdad538,ffffffffffffffff,c32479dc058ebe99,1,0
2462,2462,0,00000f8,04,2,2,3,0000000000000000,0,0,3,c8648dc90ece4a8c,0,1,36149ec7f151d538,ffffffffffffffff,c32479dc058ebe99,1,0
2463,2463,0,00001c4,00,2,2,3,0000000000000000,0,3,2,c8648dc90ece4a8c,3,1,a1917543673bb206,ffffffffffffffff,c32479dc058ebe99,1,0
2464,2464,0,0000000,00,3,3,3,0200000000000000,0,3,3,5f9a1e559930d910,0,1,ffffffffffffffff,6995a8adaf3f6fe8,6995a8adaf3f6fe8,0,1
2465,2465,0,0000000,00,3,3,3,0342839bc4074531,0,3,3,5f9a1e559930d910,0,1,36149ec7f151586d,ffffffffffffffff,e4c02626226ae163,1,1
2466,2466,0,0000000,00,3,3,3,8dc90ece4a8c4531,3,0,3,5f9a1e559930d910,0,1,0342839bc407586d,86752ab940dfedfc,86752ab940dfedfc,0,0
2467,2467,0,0000000,00,3,3,3,1992c1e6df3806a3,3,0,3,5f9a1e559930d910,0,1,0000000000000042,86752ab940dfedfc,86752ab940dfedfc,0,0
2468,2468,0,0000000,00,3,3,3,ffffffffffffffff,3,0,3,5f9a1e559930d910,0,1,0000000000000000,86752ab940dfedfc,86752ab940dfedfc,0,0
2469,2469,0,0000000,00,3,3,3,8dc90ece4a8cc864,0,0,3,5f9a1e559930d910,0,1,0000000000000000,86752ab940dfedfc,86752ab940dfedfc,0,0
2470,2470,0,00001c8,00,2,2,3,1e559930d910c864,0,0,2,5f9a1e559930d910,3,1,0000000000000000,86752ab940dfedfc,86752ab940dfedfc,0,0
2471,2471,0,00000fc,04,2,2,3,0000000000000055,0,0,3,d2cf90de1465579b,0,1,0200000000000000,86752ab940dfedfc,86752ab940dfedfc,0,0
2472,2472,0,0000100,04,2,2,3,0000000000000000,0,0,3,d2cf90de1465579b,0,1,0342839bc4074531,86752ab940dfedfc,86752ab940dfedfc,0,0
2473,2473,0,0000104,04,2,2,3,0000000000000000,0,0,3,d2cf90de1465579b,0,1,8dc90ece4a8c4531,86752ab940dfedfc,86752ab940dfedfc,0,0
2474,2474,0,00001cc,00,2,2,3,0000000000000000,0,3,2,d2cf90de1465579b,3,1,1992c1e6df3806a3,86752ab940dfedfc,86752ab940dfedfc,0,0
2475,2475,0,0000000,00,3,3,3,0200000000000000,0,3,3,7067396cb6cdfe29,0,1,ffffffffffffffff,86752ab940dfedfc,86752ab940dfedfc,0,0
2476,2476,0,0000000,00,3,3,3,1e559930d9105f9a,0,3,3,7067396cb6cdfe29,0,1,8dc90ece4a8cc864,86752ab940dfedfc,86752ab940dfedfc,0,0
2477,2477,0,0000000,00,3,3,3,90de1465579b5f9a,3,0,3,7067396cb6cdfe29,0,1,1e559930d910c864,86752ab940dfedfc,86752ab940dfedfc,0,0
2478,2478,0,0000000,00,3,3,3,8e6c527a48c6953f,3,0,3,7067396cb6cdfe29,0,1,0000000000000055,2b03846cec4642c6,2cc4fbc8ea6e3c8d,1,1
2479,2479,0,0000000,00,3,3,3,ffffffffffffffff,3,0,3,7067396cb6cdfe29,0,1,0000000000000000,a1917543673bb206,a1917543673bb206,0,1
2480,2480,0,0000000,00,3,3,3,90de1465579bd2cf,0,0,3,7067396cb6cdfe29,0,1,0000000000000000,ffffffffffffffff,366fe6dff0c5219a,1,1
2481,2481,0,00001d0,00,2,2,3,396cb6cdfe29d2cf,0,0,2,7067396cb6cdfe29,3,1,0000000000000000,36149ec7f151586d,bb3a68547d90af11,1,1
2482,2482,0,0000108,04,2,2,3,000000000000006c,0,0,3,fd32b7e73b9870a2,0,1,0200000000000000,ffffffffffffffff,b32310977589d7d2,1,0
2483,2483,0,000010c,04,2,2,3,0000000000000000,0,0,3,fd32b7e73b9870a2,0,1,1e559930d9105f9a,ffffffffffffffff,b32310977589d7d2,1,0
2484,2484,0,0000110,04,2,2,3,0000000000000000,0,0,3,fd32b7e73b9870a2,0,1,90de1465579b5f9a,ffffffffffffffff,b32310977589d7d2,1,0
2485,2485,0,00001d4,00,2,2,3,0000000000000000,0,3,2,fd32b7e73b9870a2,3,1,8e6c527a48c6953f,ffffffffffffffff,b32310977589d7d2,1,0
2486,2486,0,0000000,00,3,3,3,0000000000000000,0,3,3,6acc247bac66e33e,0,1,ffffffffffffffff,1992c1e6df3806a3,1992c1e6df3806a3,0,1
2487,2487,0,0000000,00,3,3,3,396cb6cdfe297067,0,3,3,6acc247bac66e33e,0,1,90de1465579bd2cf,ffffffffffffffff,94c74f6d526d8828,1,1
2488,2488,0,0000000,00,3,3,3,b7e73b9870a27067,3,0,3,6acc247bac66e33e,0,1,396cb6cdfe29d2cf,8dc90ece4a8cc864,0339dcf1c5931bb4,1,1
2489,2489,0,0000000,00,3,3,3,764909a9b0e3ceec,3,0,3,6acc247bac66e33e,0,1,000000000000006c,ffffffffffffffff,24dd830be277444e,1,0
2490,2490,0,0000000,00,3,3,3,ffffffffffffffff,3,0,3,6acc247bac66e33e,0,1,0000000000000000,ffffffffffffffff,24dd830be277444e,1,0
2491,2491,0,0000000,00,3,3,3,b7e73b9870a2fd32,0,0,3,6acc247bac66e33e,0,1,0000000000000000,ffffffffffffffff,24dd830be277444e,1,0
2492,2492,0,00001d8,00,2,2,3,247bac66e33efd32,0,0,2,6acc247bac66e33e,3,1,0000000000000000,ffffffffffffffff,24dd830be277444e,1,0
2493,2493,0,0000114,04,2,2,3,000000000000007b,0,0,3,e799aaf021336db5,0,1,0000000000000000,ffffffffffffffff,24dd830be277444e,1,0
2494,2494,0,0000118,04,2,2,3,0000000000000000,0,0,3,e799aaf021336db5,0,1,396cb6cdfe297067,ffffffffffffffff,24dd830be277444e,1,0
2495,2495,0,000011c,04,2,2,3,0000000000000000,0,0,3,e799aaf021336db5,0,1,b7e73b9870a27067,ffffffffffffffff,24dd830be277444e,1,0
2496,2496,0,00001dc,00,2,2,3,0000000000000000,0,3,2,e799aaf021336db5,3,1,764909a9b0e3ceec,ffffffffffffffff,24dd830be277444e,1,0
2497,2497,0,0000000,00,3,3,3,0000000000000000,0,3,3,2f9d771ee937b05b,0,1,ffffffffffffffff,8e6c527a48c6953f,8e6c527a48c6953f,0,1
2498,2498,0,0000000,00,3,3,3,247bac66e33e6acc,0,3,3,2f9d771ee937b05b,0,1,b7e73b9870a2fd32,12cafb85d58f3d2f,9330672c559aa069,1,0
2499,2499,0,0000000,00,3,3,3,aaf021336db56acc,3,0,3,2f9d771ee937b05b,0,1,247bac66e33efd32,12cafb85d58f3d2f,9330672c559aa069,1,0
2500,2500,0,0000000,00,3,3,3,d4e1a01b124b675e,3,0,3,2f9d771ee937b05b,0,1,000000000000007b,12cafb85d58f3d2f,9330672c559aa069,1,0
2501,2501,0,0000000,00,3,3,3,ffffffffffffffff,3,0,3,2f9d771ee937b05b,0,1,0000000000000000,12cafb85d58f3d2f,9330672c559aa069,1,0
2502,2502,0,0000000,00,3,3,3,aaf021336db5e799,0,0,3,2f9d771ee937b05b,0,1,0000000000000000,12cafb85d58f3d2f,9330672c559aa069,1,0
2503,2503,0,00001e0,00,2,2,3,771ee937b05be799,0,0,2,2f9d771ee937b05b,3,1,0000000000000000,12cafb85d58f3d2f,9330672c559aa069,1,0
2504,2504,0,0000120,04,2,2,3,000000000000001e,0,0,3,a2c8f99564623ed0,0,1,0000000000000000,12cafb85d58f3d2f,9330672c559aa069,1,0
2505,2505,0,0000124,04,2,2,3,0000000000000000,0,0,3,a2c8f99564623ed0,0,1,247bac66e33e6acc,12cafb85d58f3d2f,9330672c559aa069,1,0
2506,2506,0,0000128,04,2,2,3,0000000000000000,0,0,3,a2c8f99564623ed0,0,1,aaf021336db56acc,12cafb85d58f3d2f,9330672c559aa069,1,0
2507,2507,0,00001e4,00,2,2,3,0000000000000000,0,3,2,a2c8f99564623ed0,3,1,d4e1a01b124b675e,12cafb85d58f3d2f,9330672c559aa069,1,0
2508,2508,0,0000000,00,3,3,3,4200000000000000,0,3,3,35366a09f39cad4c,0,1,ffffffffffffffff,12cafb85d58f3d2f,9330672c559aa069,1,0
2509,2509,0,0000000,00,3,3,3,771ee937b05b2f9d,0,3,3,35366a09f39cad4c,0,1,aaf021336db5e799,12cafb85d58f3d2f,9330672c559aa069,1,0
2510,2510,0,0000000,00,3,3,3,f99564623ed02f9d,3,0,3,35366a09f39cad4c,0,1,771ee937b05be799,ffffffffffffffff,6ce214beaa48d3fb,1,1
2511,2511,0,0000000,00,3,3,3,064e60e2c0e4a7a7,3,0,3,35366a09f39cad4c,0,1,000000000000001e,90de1465579bd2cf,e1b79a35271d5d70,1,1
2512,2512,0,0000000,00,3,3,3,ffffffffffffffff,3,0,3,35366a09f39cad4c,0,1,0000000000000000,764909a9b0e3ceec,764909a9b0e3ceec,0,1
2513,2513,0,0000000,00,3,3,3,f99564623ed0a2c8,0,0,3,35366a09f39cad4c,0,1,0000000000000000,ffffffffffffffff,fb1c87223db64067,1,1
2514,2514,0,00001e8,00,2,2,3,6a09f39cad4ca2c8,0,0,2,35366a09f39cad4c,3,1,0000000000000000,b7e73b9870a2fd32,59b42e909f1ee9d5,1,1
2515,2515,0,000012c,04,2,2,3,0000000000000009,0,0,3,b863e4827ec923c7,0,1,4200000000000000,ffffffffffffffff,2b33d389ed9914cc,1,0
2516,2516,0,0000130,04,2,2,3,0000000000000000,0,0,3,b863e4827ec923c7,0,1,771ee937b05b2f9d,ffffffffffffffff,2b33d389ed9914cc,1,0
2517,2517,0,0000134,04,2,2,3,0000000000000000,0,0,3,b863e4827ec923c7,0,1,f99564623ed02f9d,ffffffffffffffff,2b33d389ed9914cc,1,0
2518,2518,0,00001ec,00,2,2,3,0000000000000000,0,3,2,b863e4827ec923c7,3,1,064e60e2c0e4a7a7,ffffffffffffffff,2b33d389ed9914cc,1,0
2519,2519,0,0000000,00,3,3,3,4200000000000000,0,3,3,1acb4d30dc618a75,0,1,ffffffffffffffff,d4e1a01b124b675e,d4e1a01b124b675e,0,1
2520,2520,0,0000000,00,3,3,3,6a09f39cad4c3536,0,3,3,1acb4d30dc618a75,0,1,f99564623ed0a2c8,ffffffffffffffff,431f338785b5f4c2,1,1
2521,2521,0,0000000,00,3,3,3,e4827ec923c73536,3,0,3,1acb4d30dc618a75,0,1,6a09f39cad4ca2c8,aaf021336db5e799,ce4abd0c08e07a49,1,1
2522,2522,0,0000000,00,3,3,3,91b0f37e571a343b,3,0,3,1acb4d30dc618a75,0,1,0000000000000009,ffffffffffffffff,f99c13703f36d435,1,0
2523,2523,0,0000000,00,3,3,3,ffffffffffffffff,3,0,3,1acb4d30dc618a75,0,1,0000000000000000,ffffffffffffffff,f99c13703f36d435,1,0
2524,2524,0,0000000,00,3,3,3,e4827ec923c7b863,0,0,3,1acb4d30dc618a75,0,1,0000000000000000,ffffffffffffffff,f99c13703f36d435,1,0
2525,2525,0,00001f0,00,2,2,3,4d30dc618a75b863,0,0,2,1acb4d30dc618a75,3,1,0000000000000000,ffffffffffffffff,f99c13703f36d435,1,0
2526,2526,0,0000138,04,2,2,3,0000000000000030,0,0,3,979ec3bb513404fe,0,1,4200000000000000,ffffffffffffffff,f99c13703f36d435,1,0
2527,2527,0,000013c,04,2,2,3,0000000000000000,0,0,3,979ec3bb513404fe,0,1,6a09f39cad4c3536,ffffffffffffffff,f99c13703f36d435,1,0
2528,2528,0,0000140,04,2,2,3,0000000000000000,0,0,3,979ec3bb513404fe,0,1,e4827ec923c73536,ffffffffffffffff,f99c13703f36d435,1,0
2529,2529,0,00001f4,00,2,2,3,0000000000000000,0,3,2,979ec3bb513404fe,3,1,91b0f37e571a343b,ffffffffffffffff,f99c13703f36d435,1,0
2530,2530,0,0000000,00,3,3,3,4000000000000000,0,3,3,00605027c6ca9762,0,1,ffffffffffffffff,ffffffffffffffff,f99c13703f36d435,1,0
2531,2531,0,0000000,00,3,3,3,4d30dc618a751acb,0,3,3,00605027c6ca9762,0,1,e4827ec923c7b863,ffffffffffffffff,f99c13703f36d435,1,0
2532,2532,0,0000000,00,3,3,3,c3bb513404fe1acb,3,0,3,00605027c6ca9762,0,1,4d30dc618a75b863,ffffffffffffffff,f99c13703f36d435,1,0
2533,2533,0,0000000,00,3,3,3,29b347dbef19809e,3,0,3,00605027c6ca9762,0,1,0000000000000030,ffffffffffffffff,f99c13703f36d435,1,0
2534,2534,0,0000000,00,3,3,3,ffffffffffffffff,3,0,3,00605027c6ca9762,0,1,0000000000000000,064e60e2c0e4a7a7,064e60e2c0e4a7a7,0,1
2535,2535,0,0000000,00,3,3,3,c3bb513404fe979e,0,0,3,00605027c6ca9762,0,1,0000000000000000,ffffffffffffffff,8b1bee694db1292c,1,1
2536,2536,0,00001f8,00,2,2,3,5027c6ca9762979e,0,0,2,00605027c6ca9762,3,1,0000000000000000,f99564623ed0a2c8,1ce57df5da4fbab0,1,1
2537,2537,0,0000144,04,2,2,3,0000000000000027,0,0,3,8d35deac4b9f19e9,0,1,4000000000000000,ffffffffffffffff,6e6280eca8c847a9,1,0
2538,2538,0,0000148,04,2,2,3,0000000000000000,0,0,3,8d35deac4b9f19e9,0,1,4d30dc618a751acb,ffffffffffffffff,6e6280eca8c847a9,1,0
2539,2539,0,000014c,04,2,2,3,0000000000000000,0,0,3,8d35deac4b9f19e9,0,1,c3bb513404fe1acb,ffffffffffffffff,6e6280eca8c847a9,1,0
2540,2540,0,00001fc,00,2,2,3,0000000000000000,0,3,2,8d35deac4b9f19e9,3,1,29b347dbef19809e,ffffffffffffffff,6e6280eca8c847a9,1,0
2541,2541,0,0000000,00,3,3,3,4000000000000000,0,3,3,9069ebfa56c32cbf,0,1,ffffffffffffffff,91b0f37e571a343b,91b0f37e571a343b,0,1
2542,2542,0,0000000,00,3,3,3,5027c6ca97620060,0,3,3,9069ebfa56c32cbf,0,1,c3bb513404fe979e,ffffffffffffffff,33185accf5b29d89,1,1
2543,2543,0,0000000,00,3,3,3,deac4b9f19e90060,3,0,3,9069ebfa56c32cbf,0,1,5027c6ca9762979e,e4827ec923c7b863,be4dd44778e71302,1,1
2544,2544,0,0000000,00,3,3,3,34ef728df245b5c8,3,0,3,9069ebfa56c32cbf,0,1,0000000000000027,ffffffffffffffff,d661344910cbf30c,1,0
2545,2545,0,0000000,00,3,2,2,ffffffffffffffff,3,0,2,9069ebfa56c32cbf,0,1,0000000000000000,ffffffffffffffff,d661344910cbf30c,1,0
2546,2546,0,0000000,04,3,2,2,deac4b9f19e98d35,0,0,2,9069ebfa56c32cbf,0,1,0000000000000000,ffffffffffffffff,d661344910cbf30c,1,0
2547,2547,0,0000000,00,3,3,3,ebfa56c32cbf8d35,0,0,3,9069ebfa56c32cbf,0,1,0000000000000000,ffffffffffffffff,d661344910cbf30c,1,0
2548,2548,0,0000000,00,3,3,3,00000000000000fa,0,0,3,9069ebfa56c32cbf,0,1,4000000000000000,ffffffffffffffff,d661344910cbf30c,1,0
2549,2549,0,0000000,00,3,3,3,0000000000000000,0,0,3,9069ebfa56c32cbf,0,1,5027c6ca97620060,ffffffffffffffff,d661344910cbf30c,1,0
2550,2550,0,0000000,00,2,2,2,0000000000000000,0,0,3,9069ebfa56c32cbf,0,1,deac4b9f19e90060,ffffffffffffffff,d661344910cbf30c,1,0
2551,2551,0,0000000,00,3,3,3,0000000000000000,0,3,3,9069ebfa56c32cbf,0,1,34ef728df245b5c8,ffffffffffffffff,d661344910cbf30c,1,0
2552,2552,0,0000000,00,3,3,3,0000000000000000,0,3,3,9069ebfa56c32cbf,0,1,ffffffffffffffff,29b347dbef19809e,29b347dbef19809e,0,1
2553,2553,0,0000000,00,3,3,3,0000000000000000,0,3,3,9069ebfa56c32cbf,0,1,deac4b9f19e98d35,ffffffffffffffff,a4e6c950624c0e15,1,1
2554,2554,0,0000000,00,3,3,3,0000000000000000,0,0,3,9069ebfa56c32cbf,0,1,ebfa56c32cbf8d35,46688f9480c248d1,46688f9480c248d1,0,0
2555,2555,0,0000000,00,3,3,3,0000000000000000,0,0,3,9069ebfa56c32cbf,0,1,00000000000000fa,46688f9480c248d1,46688f9480c248d1,0,0
2556,2556,0,0000000,00,3,3,3,0000000000000000,0,0,3,9069ebfa56c32cbf,0,1,0000000000000000,46688f9480c248d1,46688f9480c248d1,0,0
2557,2557,0,0000000,00,3,3,3,0000000000000000,0,0,3,9069ebfa56c32cbf,0,1,0000000000000000,46688f9480c248d1,46688f9480c248d1,0,0
2558,2558,0,0000000,00,3,3,3,0000000000000000,0,0,3,9069ebfa56c32cbf,0,1,0000000000000000,46688f9480c248d1,46688f9480c248d1,0,0
2559,2559,0,0000000,00,3,3,3,0000000000000000,0,0,3,9069ebfa56c32cbf,0,1,0000000000000000,46688f9480c248d1,46688f9480c248d1,0,0
2560,2560,0,0000000,00,3,3,3,0000000000000000,0,0,3,9069ebfa56c32cbf,0,1,0000000000000000,46688f9480c248d1,46688f9480c248d1,0,0
2561,2561,0,0000000,00,3,3,3,0000000000000000,0,0,3,9069ebfa56c32cbf,0,1,0000000000000000,46688f9480c248d1,46688f9480c248d1,0,0
2562,2562,0,0000000,00,3,3,3,0000000000000000,0,0,3,9069ebfa56c32cbf,0,1,0000000000000000,46688f9480c248d1,46688f9480c248d1,0,0
2563,2563,0,0000000,00,3,3,3,0000000000000000,0,0,3,9069ebfa56c32cbf,0,1,0000000000000000,46688f9480c248d1,46688f9480c248d1,0,0
2564,2564,0,0000000,00,3,3,3,0000000000000000,0,0,3,9069ebfa56c32cbf,0,1,0000000000000000,46688f9480c248d1,46688f9480c248d1,0,0
2565,2565,0,0000000,00,3,3,3,0000000000000000,0,0,3,9069ebfa56c32cbf,0,1,0000000000000000,46688f9480c248d1,46688f9480c248d1,0,0
2566,2566,0,0000000,00,3,3,3,0000000000000000,0,0,3,9069ebfa56c32cbf,0,1,0000000000000000,c3bb513404fe979e,b9bafc067f103b43,1,1
2567,2567,0,0000000,04,3,2,2,0000000000000000,0,0,3,9069ebfa56c32cbf,0,1,0000000000000000,34ef728df245b5c8,34ef728df245b5c8,0,1
2568,2568,0,0000000,00,3,3,3,0000000000000000,0,0,3,9069ebfa56c32cbf,0,1,0000000000000000,ffffffffffffffff,a311e11165bb2654,1,1
2569,2569,0,0000000,00,3,3,3,0000000000000000,0,0,3,9069ebfa56c32cbf,0,1,0000000000000000,deac4b9f19e98d35,2e446f9ae8eea8df,1,1
2570,2570,0,0000000,00,3,3,3,0000000000000000,0,0,3,9069ebfa56c32cbf,0,1,0000000000000000,ffffffffffffffff,733eb5bab59472ff,1,0
2571,2571,0,0000000,00,3,3,3,0000000000000000,0,0,3,9069ebfa56c32cbf,0,1,0000000000000000,ffffffffffffffff,733eb5bab59472ff,1,0
2572,2572,0,0000000,00,3,3,3,0000000000000000,0,0,3,9069ebfa56c32cbf,0,1,0000000000000000,ffffffffffffffff,733eb5bab59472ff,1,0
2573,2573,0,0000000,00,3,2,2,0000000000000000,0,0,3,9069ebfa56c32cbf,0,1,0000000000000000,ffffffffffffffff,733eb5bab59472ff,1,0
2574,2574,0,0000150,04,2,2,3,0000000000000000,0,0,3,9069ebfa56c32cbf,0,1,0000000000000000,ffffffffffffffff,733eb5bab59472ff,1,0
2575,2575,0,0000154,04,2,2,3,0000000000000000,0,0,3,9069ebfa56c32cbf,0,1,0000000000000000,ffffffffffffffff,733eb5bab59472ff,1,0
2576,2576,0,0000158,04,2,2,3,0000000000000000,0,0,3,9069ebfa56c32cbf,0,1,0000000000000000,ffffffffffffffff,733eb5bab59472ff,1,0
2577,2577,0,000015c,04,2,2,3,0000000000000000,0,0,3,9069ebfa56c32cbf,0,1,0000000000000000,ffffffffffffffff,733eb5bab59472ff,1,0
2578,2578,0,0000160,04,2,2,3,0000000000000000,0,0,3,9069ebfa56c32cbf,0,1,0000000000000000,ffffffffffffffff,733eb5bab59472ff,1,0
2579,2579,0,0000164,04,2,2,3,0000000000000000,0,0,3,9069ebfa56c32cbf,0,1,0000000000000000,ffffffffffffffff,733eb5bab59472ff,1,0
2580,2580,0,0000168,04,2,2,3,0000000000000000,3,0,3,9069ebfa56c32cbf,0,1,0000000000000000,ffffffffffffffff,733eb5bab59472ff,1,0
2581,2581,0,000016c,04,2,2,3,8cecc6284a46016d,3,0,3,9069ebfa56c32cbf,0,1,0000000000000000,ffffffffffffffff,733eb5bab59472ff,1,0
2582,2582,0,0000170,04,2,2,3,01b948a3c7138fe6,3,0,3,9069ebfa56c32cbf,0,1,0000000000000000,ffffffffffffffff,733eb5bab59472ff,1,0
2583,2583,0,0000174,04,2,2,3,9647db3f50ed1c7a,3,0,3,9069ebfa56c32cbf,0,1,0000000000000000,ffffffffffffffff,733eb5bab59472ff,1,0
2584,2584,0,0000178,04,2,2,3,1b1255b4ddb892f1,3,0,3,9069ebfa56c32cbf,0,1,0000000000000000,ffffffffffffffff,733eb5bab59472ff,1,0
2585,2585,0,000017c,04,2,2,3,d316885a15bc4f1f,3,0,3,9069ebfa56c32cbf,0,1,0000000000000000,ffffffffffffffff,733eb5bab59472ff,1,0
2586,2586,0,0000180,04,2,2,3,5e4306d198e9c194,3,0,3,9069ebfa56c32cbf,0,1,0000000000000000,ffffffffffffffff,733eb5bab59472ff,1,0
2587,2587,0,0000184,04,2,2,3,c9bd954d0f175208,3,0,3,9069ebfa56c32cbf,0,1,0000000000000000,ffffffffffffffff,733eb5bab59472ff,1,0
2588,2588,0,0000188,04,2,2,3,44e81bc68242dc83,3,3,3,9069ebfa56c32cbf,0,1,8cecc6284a46016d,ffffffffffffffff,733eb5bab59472ff,1,0
2589,2589,0,000018c,04,2,2,3,e640b27420ea7531,3,3,3,9069ebfa56c32cbf,0,1,01b948a3c7138fe6,ffffffffffffffff,733eb5bab59472ff,1,0
2590,2590,0,0000190,04,2,2,3,6b153cffadbffbba,3,3,3,9069ebfa56c32cbf,0,1,9647db3f50ed1c7a,ffffffffffffffff,733eb5bab59472ff,1,0
2591,2591,0,0000194,04,2,2,3,fcebaf633a416826,3,3,3,9069ebfa56c32cbf,0,1,1b1255b4ddb892f1,ffffffffffffffff,733eb5bab59472ff,1,0
2592,2592,0,0000198,04,2,2,3,71be21e8b714e6ad,3,3,3,9069ebfa56c32cbf,0,1,d316885a15bc4f1f,ffffffffffffffff,733eb5bab59472ff,1,0
2593,2593,0,000019c,04,2,2,3,c653c5cf00f9028a,3,3,3,9069ebfa56c32cbf,0,1,5e4306d198e9c194,ffffffffffffffff,733eb5bab59472ff,1,0
2594,2594,0,00001a0,04,2,2,3,4b064b448dac8c01,3,3,3,9069ebfa56c32cbf,0,1,c9bd954d0f175208,ffffffffffffffff,733eb5bab59472ff,1,0
2595,2595,0,00001a4,04,2,2,3,dcf8d8d81a521f9d,3,3,3,9069ebfa56c32cbf,0,1,44e81bc68242dc83,ffffffffffffffff,733eb5bab59472ff,1,0
2596,2596,0,00001a8,04,2,2,3,51ad565397079116,3,3,3,9069ebfa56c32cbf,0,1,e640b27420ea7531,ffffffffffffffff,733eb5bab59472ff,1,0
2597,2597,0,00001ac,04,2,2,3,f305ffe135af38a4,3,3,3,9069ebfa56c32cbf,0,1,6b153cffadbffbba,ffffffffffffffff,733eb5bab59472ff,1,0
2598,2598,0,00001b0,04,2,2,3,7e50716ab8fab62f,3,3,3,9069ebfa56c32cbf,0,1,fcebaf633a416826,ffffffffffffffff,733eb5bab59472ff,1,0
2599,2599,0,00001b4,04,2,2,3,e9aee2f62f0425b3,3,3,3,9069ebfa56c32cbf,0,1,71be21e8b714e6ad,ffffffffffffffff,733eb5bab59472ff,1,0
2600,2600,0,00001b8,04,2,2,3,64fb6c7da251ab38,3,3,3,9069ebfa56c32cbf,0,1,c653c5cf00f9028a,8cecc6284a46016d,8cecc6284a46016d,0,1
2601,2601,0,00001bc,04,2,2,3,acffb1936a5576d6,3,3,3,9069ebfa56c32cbf,0,1,4b064b448dac8c01,01b948a3c7138fe6,01b948a3c7138fe6,0,1
2602,2602,0,00001c0,04,2,2,3,21aa3f18e700f85d,3,3,3,9069ebfa56c32cbf,0,1,dcf8d8d81a521f9d,9647db3f50ed1c7a,9647db3f50ed1c7a,0,1
2603,2603,0,00001c4,04,2,2,3,b654ac8470fe6bc1,3,3,3,9069ebfa56c32cbf,0,1,51ad565397079116,1b1255b4ddb892f1,1b1255b4ddb892f1,0,1
2604,2604,0,00001c8,04,2,2,3,3b01220ffdabe54a,3,3,3,9069ebfa56c32cbf,0,1,f305ffe135af38a4,2b03846cec4642c6,2cc4fbc8ea6e3c8d,1,0
2605,2605,0,00001cc,04,2,2,3,99a98bbd5f034cf8,3,3,3,9069ebfa56c32cbf,0,1,7e50716ab8fab62f,2b03846cec4642c6,2cc4fbc8ea6e3c8d,1,0
2606,2606,0,00001d0,04,2,2,3,14fc0536d256c273,3,3,3,9069ebfa56c32cbf,0,1,e9aee2f62f0425b3,2b03846cec4642c6,2cc4fbc8ea6e3c8d,1,0
2607,2607,0,00001d4,04,2,2,3,830296aa45a851ef,3,3,3,9069ebfa56c32cbf,0,1,64fb6c7da251ab38,2b03846cec4642c6,2cc4fbc8ea6e3c8d,1,0
2608,2608,0,00001d8,04,2,2,3,0e571821c8fddf64,3,3,3,9069ebfa56c32cbf,0,1,acffb1936a5576d6,2b03846cec4642c6,2cc4fbc8ea6e3c8d,1,0
2609,2609,0,00001dc,04,2,2,3,130b2d77d5a1ea32,3,3,3,9069ebfa56c32cbf,0,1,21aa3f18e700f85d,2b03846cec4642c6,2cc4fbc8ea6e3c8d,1,0
2610,2610,0,00001e0,04,2,2,3,9e5ea3fc58f464b9,3,3,3,9069ebfa56c32cbf,0,1,b654ac8470fe6bc1,2b03846cec4642c6,2cc4fbc8ea6e3c8d,1,0
2611,2611,0,00001e4,04,2,2,3,09a03060cf0af725,3,3,3,9069ebfa56c32cbf,0,1,3b01220ffdabe54a,2b03846cec4642c6,2cc4fbc8ea6e3c8d,1,0
2612,2612,0,00001e8,04,2,2,3,84f5beeb425f79ae,3,3,3,9069ebfa56c32cbf,0,1,99a98bbd5f034cf8,2b03846cec4642c6,2cc4fbc8ea6e3c8d,1,0
2613,2613,0,00001ec,04,2,2,3,265d1759e0f7d01c,3,3,3,9069ebfa56c32cbf,0,1,14fc0536d256c273,2b03846cec4642c6,2cc4fbc8ea6e3c8d,1,0
2614,2614,0,00001f0,04,2,2,3,ab0899d26da25e97,3,3,3,9069ebfa56c32cbf,0,1,830296aa45a851ef,2b03846cec4642c6,2cc4fbc8ea6e3c8d,1,0
2615,2615,0,00001f4,04,2,2,3,3cf60a4efa5ccd0b,3,3,3,9069ebfa56c32cbf,0,1,0e571821c8fddf64,2b03846cec4642c6,2cc4fbc8ea6e3c8d,1,0
2616,2616,0,00001f8,04,2,2,3,b1a384c577094380,3,3,3,9069ebfa56c32cbf,0,1,130b2d77d5a1ea32,d316885a15bc4f1f,d316885a15bc4f1f,0,1
2617,2617,0,00001fc,04,2,2,3,79a7592bbf0d9e6e,3,3,3,9069ebfa56c32cbf,0,1,9e5ea3fc58f464b9,5e4306d198e9c194,5e4306d198e9c194,0,1
2618,2618,0,0000200,04,2,2,3,f4f2d7a0325810e5,3,3,3,9069ebfa56c32cbf,0,1,09a03060cf0af725,c9bd954d0f175208,c9bd954d0f175208,0,1
2619,2619,0,0000204,04,2,2,3,630c443ca5a68379,3,3,3,9069ebfa56c32cbf,0,1,84f5beeb425f79ae,44e81bc68242dc83,44e81bc68242dc83,0,1
2620,2620,0,0000208,04,2,2,3,ee59cab728f30df2,3,3,3,9069ebfa56c32cbf,0,1,265d1759e0f7d01c,e640b27420ea7531,e640b27420ea7531,0,1
2621,2621,0,000020c,04,2,2,3,4cf163058a5ba440,3,3,3,9069ebfa56c32cbf,0,1,ab0899d26da25e97,6b153cffadbffbba,6b153cffadbffbba,0,1
2622,2622,0,0000210,04,2,2,3,c1a4ed8e070e2acb,3,3,3,9069ebfa56c32cbf,0,1,3cf60a4efa5ccd0b,fcebaf633a416826,fcebaf633a416826,0,1
2623,2623,0,0000214,04,2,2,3,565a7e1290f0b957,3,3,3,9069ebfa56c32cbf,0,1,b1a384c577094380,71be21e8b714e6ad,71be21e8b714e6ad,0,1
2624,2624,0,0000218,04,2,2,3,db0ff0991da537dc,3,3,3,9069ebfa56c32cbf,0,1,79a7592bbf0d9e6e,ffffffffffffffff,6ce214beaa48d3fb,1,0
2625,2625,0,000021c,04,2,2,3,9346f39b55ec34de,3,3,3,9069ebfa56c32cbf,0,1,f4f2d7a0325810e5,ffffffffffffffff,6ce214beaa48d3fb,1,0
2626,2626,0,0000220,04,2,2,3,1e137d10d8b9ba55,3,3,3,9069ebfa56c32cbf,0,1,630c443ca5a68379,ffffffffffffffff,6ce214beaa48d3fb,1,0
2627,2627,0,0000224,04,2,2,3,89edee8c4f4729c9,3,3,3,9069ebfa56c32cbf,0,1,ee59cab728f30df2,ffffffffffffffff,6ce214beaa48d3fb,1,0
2628,2628,0,0000228,04,2,2,3,04b86007c212a742,3,3,3,9069ebfa56c32cbf,0,1,4cf163058a5ba440,ffffffffffffffff,6ce214beaa48d3fb,1,0
2629,2629,0,000022c,04,2,2,3,a610c9b560ba0ef0,3,3,3,9069ebfa56c32cbf,0,1,c1a4ed8e070e2acb,ffffffffffffffff,6ce214beaa48d3fb,1,0
2630,2630,0,0000230,04,2,2,3,2b45473eedef807b,3,3,3,9069ebfa56c32cbf,0,1,565a7e1290f0b957,ffffffffffffffff,6ce214beaa48d3fb,1,0
2631,2631,0,0000234,04,2,2,3,bcbbd4a27a1113e7,3,3,3,9069ebfa56c32cbf,0,1,db0ff0991da537dc,ffffffffffffffff,6ce214beaa48d3fb,1,0
2632,2632,0,0000238,04,2,2,3,31ee5a29f7449d6c,3,3,3,9069ebfa56c32cbf,0,1,9346f39b55ec34de,ffffffffffffffff,6ce214beaa48d3fb,1,0
2633,2633,0,000023c,04,2,2,3,f9ea87c73f404082,3,3,3,9069ebfa56c32cbf,0,1,1e137d10d8b9ba55,ffffffffffffffff,6ce214beaa48d3fb,1,0
2634,2634,0,0000240,04,2,2,3,74bf094cb215ce09,3,3,3,9069ebfa56c32cbf,0,1,89edee8c4f4729c9,ffffffffffffffff,6ce214beaa48d3fb,1,0
2635,2635,0,0000244,04,2,2,3,e3419ad025eb5d95,3,3,3,9069ebfa56c32cbf,0,1,04b86007c212a742,ffffffffffffffff,6ce214beaa48d3fb,1,0
2636,2636,0,0000248,04,2,2,3,6e14145ba8bed31e,3,3,3,9069ebfa56c32cbf,0,1,a610c9b560ba0ef0,c653c5cf00f9028a,c653c5cf00f9028a,0,1
2637,2637,0,000024c,04,2,2,3,ccbcbde90a167aac,3,3,3,9069ebfa56c32cbf,0,1,2b45473eedef807b,4b064b448dac8c01,4b064b448dac8c01,0,1
2638,2638,0,0000250,04,2,2,3,41e933628743f427,3,3,3,9069ebfa56c32cbf,0,1,bcbbd4a27a1113e7,dcf8d8d81a521f9d,dcf8d8d81a521f9d,0,1
2639,2639,0,0000254,04,2,2,3,d617a0fe10bd67bb,3,3,3,9069ebfa56c32cbf,0,1,31ee5a29f7449d6c,51ad565397079116,51ad565397079116,0,1
2640,2640,0,0000258,04,2,2,3,5b422e759de8e930,3,3,3,9069ebfa56c32cbf,0,1,f9ea87c73f404082,f305ffe135af38a4,f305ffe135af38a4,0,1
2641,2641,0,000025c,04,2,2,3,461e1b2380b4dc66,3,3,3,9069ebfa56c32cbf,0,1,74bf094cb215ce09,7e50716ab8fab62f,7e50716ab8fab62f,0,1
2642,2642,0,0000260,04,2,2,3,cb4b95a80de152ed,3,3,3,9069ebfa56c32cbf,0,1,e3419ad025eb5d95,e9aee2f62f0425b3,e9aee2f62f0425b3,0,1
2643,2643,0,0000264,04,2,2,3,5cb506349a1fc171,3,3,3,9069ebfa56c32cbf,0,1,6e14145ba8bed31e,64fb6c7da251ab38,64fb6c7da251ab38,0,1
2644,2644,0,0000268,04,2,2,3,d1e088bf174a4ffa,3,3,3,9069ebfa56c32cbf,0,1,ccbcbde90a167aac,064e60e2c0e4a7a7,064e60e2c0e4a7a7,0,0
2645,2645,0,000026c,04,2,2,3,7348210db5e2e648,3,3,3,9069ebfa56c32cbf,0,1,41e933628743f427,064e60e2c0e4a7a7,064e60e2c0e4a7a7,0,0
2646,2646,0,0000270,04,2,2,3,fe1daf8638b768c3,3,3,3,9069ebfa56c32cbf,0,1,d617a0fe10bd67bb,064e60e2c0e4a7a7,064e60e2c0e4a7a7,0,0
2647,2647,0,0000274,04,2,2,3,69e33c1aaf49fb5f,3,3,3,9069ebfa56c32cbf,0,1,5b422e759de8e930,064e60e2c0e4a7a7,064e60e2c0e4a7a7,0,0
2648,2648,0,0000278,04,2,2,3,e4b6b291221c75d4,3,3,3,9069ebfa56c32cbf,0,1,461e1b2380b4dc66,064e60e2c0e4a7a7,064e60e2c0e4a7a7,0,0
2649,2649,0,000027c,04,2,2,3,2cb26f7fea18a83a,3,3,3,9069ebfa56c32cbf,0,1,cb4b95a80de152ed,064e60e2c0e4a7a7,064e60e2c0e4a7a7,0,0
2650,2650,0,0000280,04,2,2,3,a1e7e1f4674d26b1,3,3,3,9069ebfa56c32cbf,0,1,5cb506349a1fc171,064e60e2c0e4a7a7,064e60e2c0e4a7a7,0,0
2651,2651,0,0000284,04,2,2,3,36197268f0b3b52d,3,3,3,9069ebfa56c32cbf,0,1,d1e088bf174a4ffa,064e60e2c0e4a7a7,064e60e2c0e4a7a7,0,0
2652,2652,0,0000288,04,2,2,3,bb4cfce37de63ba6,3,3,3,9069ebfa56c32cbf,0,1,7348210db5e2e648,064e60e2c0e4a7a7,064e60e2c0e4a7a7,0,0
2653,2653,0,000028c,04,2,2,3,19e45551df4e9214,3,3,3,9069ebfa56c32cbf,0,1,fe1daf8638b768c3,064e60e2c0e4a7a7,064e60e2c0e4a7a7,0,0
2654,2654,0,0000290,04,2,2,3,94b1dbda521b1c9f,3,3,3,9069ebfa56c32cbf,0,1,69e33c1aaf49fb5f,064e60e2c0e4a7a7,064e60e2c0e4a7a7,0,0
2655,2655,0,0000294,04,2,2,3,034f4846c5e58f03,3,3,3,9069ebfa56c32cbf,0,1,e4b6b291221c75d4,064e60e2c0e4a7a7,064e60e2c0e4a7a7,0,0
2656,2656,0,0000298,04,2,2,3,8e1ac6cd48b00188,3,3,3,9069ebfa56c32cbf,0,1,2cb26f7fea18a83a,acffb1936a5576d6,acffb1936a5576d6,0,1
2657,2657,0,000029c,04,2,2,3,39f722eaff5de5af,3,3,3,9069ebfa56c32cbf,0,1,a1e7e1f4674d26b1,21aa3f18e700f85d,21aa3f18e700f85d,0,1
2658,2658,0,00002a0,04,2,2,3,b4a2ac6172086b24,3,3,3,9069ebfa56c32cbf,0,1,36197268f0b3b52d,b654ac8470fe6bc1,b654ac8470fe6bc1,0,1
2659,2659,0,00002a4,04,2,2,3,235c3ffde5f6f8b8,3,3,3,9069ebfa56c32cbf,0,1,bb4cfce37de63ba6,3b01220ffdabe54a,3b01220ffdabe54a,0,1
2660,2660,0,00002a8,04,2,2,3,ae09b17668a37633,3,3,3,9069ebfa56c32cbf,0,1,19e45551df4e9214,99a98bbd5f034cf8,99a98bbd5f034cf8,0,1
2661,2661,0,00002ac,04,2,2,3,0ca118c4ca0bdf81,3,3,3,9069ebfa56c32cbf,0,1,94b1dbda521b1c9f,14fc0536d256c273,14fc0536d256c273,0,1
2662,2662,0,00002b0,04,2,2,3,81f4964f475e510a,3,3,3,9069ebfa56c32cbf,0,1,034f4846c5e58f03,830296aa45a851ef,830296aa45a851ef,0,1
2663,2663,0,00002b4,04,2,2,3,160a05d3d0a0c296,3,3,3,9069ebfa56c32cbf,0,1,8e1ac6cd48b00188,0e571821c8fddf64,0e571821c8fddf64,0,1
2664,2664,0,00002b8,04,2,2,3,9b5f8b585df54c1d,3,3,3,9069ebfa56c32cbf,0,1,39f722eaff5de5af,c3bb513404fe979e,b9bafc067f103b43,1,0
2665,2665,0,00002bc,04,2,2,3,535b56b695f191f3,3,3,3,9069ebfa56c32cbf,0,1,b4a2ac6172086b24,c3bb513404fe979e,b9bafc067f103b43,1,0
2666,2666,0,00002c0,04,2,2,3,de0ed83d18a41f78,3,3,3,9069ebfa56c32cbf,0,1,235c3ffde5f6f8b8,c3bb513404fe979e,b9bafc067f103b43,1,0
2667,2667,0,00002c4,04,2,2,3,49f04ba18f5a8ce4,3,3,3,9069ebfa56c32cbf,0,1,ae09b17668a37633,c3bb513404fe979e,b9bafc067f103b43,1,0
2668,2668,0,00002c8,04,2,2,3,c4a5c52a020f026f,3,3,3,9069ebfa56c32cbf,0,1,0ca118c4ca0bdf81,c3bb513404fe979e,b9bafc067f103b43,1,0
2669,2669,0,00002cc,04,2,2,3,660d6c98a0a7abdd,3,3,3,9069ebfa56c32cbf,0,1,81f4964f475e510a,c3bb513404fe979e,b9bafc067f103b43,1,0
2670,2670,0,00002d0,04,2,2,3,eb58e2132df22556,3,3,3,9069ebfa56c32cbf,0,1,160a05d3d0a0c296,c3bb513404fe979e,b9bafc067f103b43,1,0
2671,2671,0,00002d4,04,2,2,3,7ca6718fba0cb6ca,3,3,3,9069ebfa56c32cbf,0,1,9b5f8b585df54c1d,c3bb513404fe979e,b9bafc067f103b43,1,0
2672,2672,0,00002d8,04,2,2,3,f1f3ff0437593841,3,3,3,9069ebfa56c32cbf,0,1,535b56b695f191f3,c3bb513404fe979e,b9bafc067f103b43,1,0
2673,2673,0,00002dc,04,2,2,3,ecafca522a050d17,3,3,3,9069ebfa56c32cbf,0,1,de0ed83d18a41f78,c3bb513404fe979e,b9bafc067f103b43,1,0
2674,2674,0,00002e0,04,2,2,3,61fa44d9a750839c,3,3,3,9069ebfa56c32cbf,0,1,49f04ba18f5a8ce4,c3bb513404fe979e,b9bafc067f103b43,1,0
2675,2675,0,00002e4,04,2,2,3,f604d74530ae1000,3,3,3,9069ebfa56c32cbf,0,1,c4a5c52a020f026f,c3bb513404fe979e,b9bafc067f103b43,1,0
2676,2676,0,00002e8,04,2,2,3,7b5159cebdfb9e8b,3,3,3,9069ebfa56c32cbf,0,1,660d6c98a0a7abdd,130b2d77d5a1ea32,130b2d77d5a1ea32,0,1
2677,2677,0,00002ec,04,2,2,3,d9f9f07c1f533739,3,3,3,9069ebfa56c32cbf,0,1,eb58e2132df22556,9e5ea3fc58f464b9,9e5ea3fc58f464b9,0,1
2678,2678,0,00002f0,04,2,2,3,54ac7ef79206b9b2,3,3,3,9069ebfa56c32cbf,0,1,7ca6718fba0cb6ca,09a03060cf0af725,09a03060cf0af725,0,1
2679,2679,0,00002f4,04,2,2,3,c352ed6b05f82a2e,3,3,3,9069ebfa56c32cbf,0,1,f1f3ff0437593841,84f5beeb425f79ae,84f5beeb425f79ae,0,1
2680,2680,0,00002f8,04,2,2,3,4e0763e088ada4a5,3,3,3,9069ebfa56c32cbf,0,1,ecafca522a050d17,265d1759e0f7d01c,265d1759e0f7d01c,0,1
2681,2681,0,00002fc,04,2,2,3,8603be0e40a9794b,3,3,3,9069ebfa56c32cbf,0,1,61fa44d9a750839c,ab0899d26da25e97,ab0899d26da25e97,0,1
2682,2682,0,0000300,04,2,2,3,0b563085cdfcf7c0,3,3,3,9069ebfa56c32cbf,0,1,f604d74530ae1000,3cf60a4efa5ccd0b,3cf60a4efa5ccd0b,0,1
2683,2683,0,0000304,04,2,2,3,9ca8a3195a02645c,3,3,3,9069ebfa56c32cbf,0,1,7b5159cebdfb9e8b,b1a384c577094380,b1a384c577094380,0,1
2684,2684,0,0000308,04,2,2,3,11fd2d92d757ead7,3,3,3,9069ebfa56c32cbf,0,1,d9f9f07c1f533739,d316885a15bc4f1f,d316885a15bc4f1f,0,0
2685,2685,0,000030c,04,2,2,3,b355842075ff4365,3,3,3,9069ebfa56c32cbf,0,1,54ac7ef79206b9b2,d316885a15bc4f1f,d316885a15bc4f1f,0,0
2686,2686,0,0000310,04,2,2,3,3e000aabf8aacdee,3,3,3,9069ebfa56c32cbf,0,1,c352ed6b05f82a2e,d316885a15bc4f1f,d316885a15bc4f1f,0,0
2687,2687,0,0000314,04,2,2,3,a9fe99376f545e72,3,3,3,9069ebfa56c32cbf,0,1,4e0763e088ada4a5,d316885a15bc4f1f,d316885a15bc4f1f,0,0
2688,2688,0,0000318,04,2,2,3,24ab17bce201d0f9,3,3,3,9069ebfa56c32cbf,0,1,8603be0e40a9794b,d316885a15bc4f1f,d316885a15bc4f1f,0,0
2689,2689,0,000031c,04,2,2,3,c6255178008f963d,3,3,3,9069ebfa56c32cbf,0,1,0b563085cdfcf7c0,d316885a15bc4f1f,d316885a15bc4f1f,0,0
2690,2690,0,0000320,04,2,2,3,4b70dff38dda18b6,3,3,3,9069ebfa56c32cbf,0,1,9ca8a3195a02645c,d316885a15bc4f1f,d316885a15bc4f1f,0,0
2691,2691,0,0000324,04,2,2,3,dc8e4c6f1a248b2a,3,3,3,9069ebfa56c32cbf,0,1,11fd2d92d757ead7,d316885a15bc4f1f,d316885a15bc4f1f,0,0
2692,2692,0,0000328,04,2,2,3,51dbc2e4977105a1,3,3,3,9069ebfa56c32cbf,0,1,b355842075ff4365,d316885a15bc4f1f,d316885a15bc4f1f,0,0
2693,2693,0,000032c,04,2,2,3,f3736b5635d9ac13,3,3,3,9069ebfa56c32cbf,0,1,3e000aabf8aacdee,d316885a15bc4f1f,d316885a15bc4f1f,0,0
2694,2694,0,0000000,00,3,3,3,7e26e5ddb88c2298,3,3,3,9069ebfa56c32cbf,0,1,a9fe99376f545e72,d316885a15bc4f1f,d316885a15bc4f1f,0,0
2695,2695,0,0000000,00,3,3,3,e9d876412f72b104,3,3,3,9069ebfa56c32cbf,0,1,24ab17bce201d0f9,d316885a15bc4f1f,d316885a15bc4f1f,0,0
2696,2696,0,0000000,00,3,3,3,648df8caa2273f8f,3,3,3,9069ebfa56c32cbf,0,1,c6255178008f963d,79a7592bbf0d9e6e,79a7592bbf0d9e6e,0,1
2697,2697,0,0000330,04,2,2,3,ac8925246a23e261,3,3,3,9069ebfa56c32cbf,0,1,4b70dff38dda18b6,f4f2d7a0325810e5,f4f2d7a0325810e5,0,1
2698,2698,0,0000334,04,2,2,3,21dcabafe7766cea,3,3,3,9069ebfa56c32cbf,0,1,dc8e4c6f1a248b2a,630c443ca5a68379,630c443ca5a68379,0,1
2699,2699,0,0000338,04,2,2,3,b62238337088ff76,3,3,3,9069ebfa56c32cbf,0,1,51dbc2e4977105a1,ee59cab728f30df2,ee59cab728f30df2,0,1
2700,2700,0,000033c,04,2,2,3,3b77b6b8fddd71fd,0,3,3,9069ebfa56c32cbf,0,1,f3736b5635d9ac13,4cf163058a5ba440,4cf163058a5ba440,0,1
2701,2701,0,0000340,04,2,2,3,0000000000003b77,0,3,3,9069ebfa56c32cbf,0,1,7e26e5ddb88c2298,c1a4ed8e070e2acb,c1a4ed8e070e2acb,0,1
2702,2702,0,0000344,04,2,2,3,0000000000000000,0,3,3,9069ebfa56c32cbf,0,1,e9d876412f72b104,565a7e1290f0b957,565a7e1290f0b957,0,1
2703,2703,0,0000348,04,2,2,3,0000000000000000,3,3,3,c57cddae03d61aeb,0,1,648df8caa2273f8f,db0ff0991da537dc,db0ff0991da537dc,0,1
2704,2704,0,000034c,04,2,2,3,99df1f0a5f75d84f,3,3,3,c57cddae03d61aeb,0,1,ac8925246a23e261,c653c5cf00f9028a,c653c5cf00f9028a,0,0
2705,2705,0,0000000,00,3,3,3,148a9181d22056c4,3,3,3,c57cddae03d61aeb,0,1,21dcabafe7766cea,c653c5cf00f9028a,c653c5cf00f9028a,0,0
2706,2706,0,0000000,00,3,3,3,8374021d45dec558,3,3,3,c57cddae03d61aeb,0,1,b62238337088ff76,c653c5cf00f9028a,c653c5cf00f9028a,0,0
2707,2707,0,0000000,00,3,3,3,0e218c96c88b4bd3,3,3,3,c57cddae03d61aeb,0,1,3b77b6b8fddd71fd,c653c5cf00f9028a,c653c5cf00f9028a,0,0
2708,2708,0,0000000,00,3,3,3,137db9c0d5d77e85,3,0,3,c57cddae03d61aeb,0,1,0000000000003b77,c653c5cf00f9028a,c653c5cf00f9028a,0,0
2709,2709,0,0000000,00,3,3,3,9e28374b5882f00e,3,0,3,c57cddae03d61aeb,0,1,0000000000000000,c653c5cf00f9028a,c653c5cf00f9028a,0,0
2710,2710,0,0000000,00,3,3,3,09d6a4d7cf7c6392,3,0,3,c57cddae03d61aeb,0,1,0000000000000000,c653c5cf00f9028a,c653c5cf00f9028a,0,0
2711,2711,0,0000000,00,3,3,3,84832a5c4229ed19,0,3,3,c57cddae03d61aeb,0,1,99df1f0a5f75d84f,c653c5cf00f9028a,c653c5cf00f9028a,0,0
2712,2712,0,0000200,00,2,2,3,0000000000008483,0,3,2,c57cddae03d61aeb,3,1,148a9181d22056c4,c653c5cf00f9028a,c653c5cf00f9028a,0,0
2713,2713,0,0000204,00,2,2,3,0000000000000000,0,3,2,482953258e839460,3,1,8374021d45dec558,c653c5cf00f9028a,c653c5cf00f9028a,0,0
2714,2714,0,0000208,00,2,2,3,0000000000000000,0,3,2,dfd7c0b9197d07fc,3,1,0e218c96c88b4bd3,c653c5cf00f9028a,c653c5cf00f9028a,0,0
2715,2715,0,000020c,00,2,2,3,0000000000000000,0,3,2,52824e3294288977,3,1,137db9c0d5d77e85,c653c5cf00f9028a,c653c5cf00f9028a,0,0
2716,2716,0,0000210,00,2,2,3,0000000000000000,0,3,2,f02ae780368020c5,3,1,9e28374b5882f00e,9346f39b55ec34de,9346f39b55ec34de,0,1
2717,2717,0,0000214,00,2,2,3,4000000000000000,0,3,2,7d7f690bbbd5ae4e,3,1,09d6a4d7cf7c6392,1e137d10d8b9ba55,1e137d10d8b9ba55,0,1
2718,2718,0,0000218,00,2,2,3,ddae03d61aebc57c,0,3,2,ea81fa972c2b3dd2,3,1,84832a5c4229ed19,89edee8c4f4729c9,89edee8c4f4729c9,0,1
2719,2719,0,000021c,00,2,2,3,53258e839460c57c,0,0,2,67d4741ca17eb359,3,1,0000000000008483,04b86007c212a742,04b86007c212a742,0,1
2720,2720,0,0000220,00,2,2,3,c0b9197d07fc4829,0,0,2,afd0a9f2697a6eb7,3,1,0000000000000000,a610c9b560ba0ef0,a610c9b560ba0ef0,0,1
2721,2721,0,0000224,00,2,2,3,4e3294288977dfd7,0,0,2,22852779e42fe03c,3,1,0000000000000000,2b45473eedef807b,2b45473eedef807b,0,1
2722,2722,0,0000228,00,2,2,3,e780368020c55282,0,0,2,b57bb4e573d173a0,3,1,0000000000000000,bcbbd4a27a1113e7,bcbbd4a27a1113e7,0,1
2723,2723,0,000022c,00,2,2,3,690bbbd5ae4ef02a,0,0,2,382e3a6efe84fd2b,3,1,0000000000000000,31ee5a29f7449d6c,31ee5a29f7449d6c,0,1
2724,2724,0,0000230,00,2,2,3,fa972c2b3dd27d7f,0,0,2,9a8693dc5c2c5499,3,1,4000000000000000,acffb1936a5576d6,acffb1936a5576d6,0,0
2725,2725,0,0000234,00,2,2,3,741ca17eb359ea81,0,0,2,17d31d57d179da12,3,1,ddae03d61aebc57c,acffb1936a5576d6,acffb1936a5576d6,0,0
2726,2726,0,0000238,00,2,2,3,a9f2697a6eb767d4,0,0,2,802d8ecb4687498e,3,1,53258e839460c57c,acffb1936a5576d6,acffb1936a5576d6,0,0
2727,2727,0,000023c,00,2,2,3,2779e42fe03cafd0,0,0,2,0d780040cbd2c705,3,1,c0b9197d07fc4829,acffb1936a5576d6,acffb1936a5576d6,0,0
2728,2728,0,0000240,00,2,2,3,b4e573d173a02285,0,0,2,10243516d68ef253,3,1,4e3294288977dfd7,acffb1936a5576d6,acffb1936a5576d6,0,0
2729,2729,0,0000244,00,2,2,3,3a6efe84fd2bb57b,0,0,2,9d71bb9d5bdb7cd8,3,1,e780368020c55282,acffb1936a5576d6,acffb1936a5576d6,0,0
2730,2730,0,0000248,00,2,2,3,93dc5c2c5499382e,0,0,2,0a8f2801cc25ef44,3,1,690bbbd5ae4ef02a,acffb1936a5576d6,acffb1936a5576d6,0,0
2731,2731,0,000024c,00,2,2,3,1d57d179da129a86,0,0,2,87daa68a417061cf,3,1,fa972c2b3dd27d7f,acffb1936a5576d6,acffb1936a5576d6,0,0
2732,2732,0,0000250,00,2,2,3,8ecb4687498e17d3,0,0,2,25720f38e3d8c87d,3,1,741ca17eb359ea81,acffb1936a5576d6,acffb1936a5576d6,0,0
2733,2733,0,0000254,00,2,2,3,0040cbd2c705802d,0,0,2,a82781b36e8d46f6,3,1,a9f2697a6eb767d4,acffb1936a5576d6,acffb1936a5576d6,0,0
2734,2734,0,0000258,00,2,2,3,3516d68ef2530d78,0,0,2,3fd9122ff973d56a,3,1,2779e42fe03cafd0,acffb1936a5576d6,acffb1936a5576d6,0,0
2735,2735,0,000025c,00,2,2,3,bb9d5bdb7cd81024,0,0,2,b28c9ca474265be1,3,1,b4e573d173a02285,acffb1936a5576d6,acffb1936a5576d6,0,0
2736,2736,0,0000260,00,2,2,3,2801cc25ef449d71,0,0,2,7a88414abc22860f,3,1,3a6efe84fd2bb57b,f9ea87c73f404082,f9ea87c73f404082,0,1
2737,2737,0,0000264,00,2,2,3,a68a417061cf0a8f,0,0,2,f7ddcfc131770884,3,1,93dc5c2c5499382e,74bf094cb215ce09,74bf094cb215ce09,0,1
2738,2738,0,0000268,00,2,2,3,0f38e3d8c87d87da,0,0,2,60235c5da6899b18,3,1,1d57d179da129a86,e3419ad025eb5d95,e3419ad025eb5d95,0,1
2739,2739,0,000026c,00,2,2,3,81b36e8d46f62572,0,0,2,ed76d2d62bdc1593,3,1,8ecb4687498e17d3,6e14145ba8bed31e,6e14145ba8bed31e,0,1
2740,2740,0,0000270,00,2,2,3,122ff973d56aa827,0,0,2,4fde7b648974bc21,3,1,0040cbd2c705802d,ccbcbde90a167aac,ccbcbde90a167aac,0,1
2741,2741,0,0000274,00,2,2,3,9ca474265be13fd9,0,0,2,c28bf5ef042132aa,3,1,3516d68ef2530d78,41e933628743f427,41e933628743f427,0,1
2742,2742,0,0000278,00,2,2,3,414abc22860fb28c,0,0,2,5575667393dfa136,3,1,bb9d5bdb7cd81024,d617a0fe10bd67bb,d617a0fe10bd67bb,0,1
2743,2743,0,000027c,00,2,2,3,cfc1317708847a88,0,0,2,d820e8f81e8a2fbd,3,1,2801cc25ef449d71,5b422e759de8e930,5b422e759de8e930,0,1
2744,2744,0,0000280,00,2,2,3,5c5da6899b18f7dd,0,0,2,6fcd0cdfa967cb9a,3,1,a68a417061cf0a8f,130b2d77d5a1ea32,130b2d77d5a1ea32,0,0
2745,2745,0,0000284,00,2,2,3,d2d62bdc15936023,0,0,2,e298825424324511,3,1,0f38e3d8c87d87da,130b2d77d5a1ea32,130b2d77d5a1ea32,0,0
2746,2746,0,0000288,00,2,2,3,7b648974bc21ed76,0,0,2,756611c8b3ccd68d,3,1,81b36e8d46f62572,130b2d77d5a1ea32,130b2d77d5a1ea32,0,0
2747,2747,0,000028c,00,2,2,3,f5ef042132aa4fde,0,0,2,f8339f433e995806,3,1,122ff973d56aa827,130b2d77d5a1ea32,130b2d77d5a1ea32,0,0
2748,2748,0,0000290,00,2,2,3,667393dfa136c28b,0,0,2,5a9b36f19c31f1b4,3,1,9ca474265be13fd9,130b2d77d5a1ea32,130b2d77d5a1ea32,0,0
2749,2749,0,0000294,00,2,2,3,e8f81e8a2fbd5575,0,0,2,d7ceb87a11647f3f,3,1,414abc22860fb28c,130b2d77d5a1ea32,130b2d77d5a1ea32,0,0
2750,2750,0,0000298,00,2,2,3,0cdfa967cb9ad820,0,0,2,40302be6869aeca3,3,1,cfc1317708847a88,130b2d77d5a1ea32,130b2d77d5a1ea32,0,0
2751,2751,0,000029c,00,2,2,3,8254243245116fcd,0,0,2,cd65a56d0bcf6228,3,1,5c5da6899b18f7dd,130b2d77d5a1ea32,130b2d77d5a1ea32,0,0
2752,2752,0,00002a0,00,2,2,3,11c8b3ccd68de298,0,0,2,05617883c3cbbfc6,3,1,d2d62bdc15936023,130b2d77d5a1ea32,130b2d77d5a1ea32,0,0
2753,2753,0,00002a4,00,2,2,3,9f433e9958067566,0,0,2,8834f6084e9e314d,3,1,7b648974bc21ed76,130b2d77d5a1ea32,130b2d77d5a1ea32,0,0
2754,2754,0,00002a8,00,2,2,3,36f19c31f1b4f833,0,0,2,1fca6594d960a2d1,3,1,f5ef042132aa4fde,130b2d77d5a1ea32,130b2d77d5a1ea32,0,0
2755,2755,0,00002ac,00,2,2,3,b87a11647f3f5a9b,0,0,2,929feb1f54352c5a,3,1,667393dfa136c28b,130b2d77d5a1ea32,130b2d77d5a1ea32,0,0
2756,2756,0,00002b0,00,2,2,3,2be6869aeca3d7ce,0,0,2,303742adf69d85e8,3,1,e8f81e8a2fbd5575,461e1b2380b4dc66,461e1b2380b4dc66,0,1
2757,2757,0,00002b4,00,2,2,3,a56d0bcf62284030,0,0,2,bd62cc267bc80b63,3,1,0cdfa967cb9ad820,cb4b95a80de152ed,cb4b95a80de152ed,0,1
2758,2758,0,00002b8,00,2,2,3,7883c3cbbfc6cd65,0,0,2,2a9c5fbaec3698ff,3,1,8254243245116fcd,5cb506349a1fc171,5cb506349a1fc171,0,1
2759,2759,0,00002bc,00,2,2,3,f6084e9e314d0561,0,0,2,a7c9d13161631674,3,1,11c8b3ccd68de298,d1e088bf174a4ffa,d1e088bf174a4ffa,0,1
2760,2760,0,00002c0,00,2,2,3,6594d960a2d18834,0,0,2,ba95e4677c3f2322,3,1,9f433e9958067566,7348210db5e2e648,7348210db5e2e648,0,1
2761,2761,0,00002c4,00,2,2,3,eb1f54352c5a1fca,0,0,2,37c06aecf16aada9,3,1,36f19c31f1b4f833,fe1daf8638b768c3,fe1daf8638b768c3,0,1
2762,2762,0,00002c8,00,2,2,3,42adf69d85e8929f,0,0,2,a03ef97066943e35,3,1,b87a11647f3f5a9b,69e33c1aaf49fb5f,69e33c1aaf49fb5f,0,1
2763,2763,0,00002cc,00,2,2,3,cc267bc80b633037,0,0,2,2d6b77fbebc1b0be,3,1,2be6869aeca3d7ce,e4b6b291221c75d4,e4b6b291221c75d4,0,1
2764,2764,0,00002d0,00,2,2,3,5fbaec3698ffbd62,0,0,2,8fc3de494969190c,3,1,a56d0bcf62284030,79a7592bbf0d9e6e,79a7592bbf0d9e6e,0,0
2765,2765,0,00002d4,00,2,2,3,d131616316742a9c,0,0,2,029650c2c43c9787,3,1,7883c3cbbfc6cd65,79a7592bbf0d9e6e,79a7592bbf0d9e6e,0,0
2766,2766,0,00002d8,00,2,2,3,e4677c3f2322a7c9,0,0,2,9568c35e53c2041b,3,1,f6084e9e314d0561,79a7592bbf0d9e6e,79a7592bbf0d9e6e,0,0
2767,2767,0,00002dc,00,2,2,3,6aecf16aada9ba95,0,0,2,183d4dd5de978a90,3,1,6594d960a2d18834,79a7592bbf0d9e6e,79a7592bbf0d9e6e,0,0
2768,2768,0,00002e0,00,2,2,3,f97066943e3537c0,0,0,2,d039903b1693577e,3,1,eb1f54352c5a1fca,79a7592bbf0d9e6e,79a7592bbf0d9e6e,0,0
2769,2769,0,00002e4,00,2,2,3,77fbebc1b0bea03e,0,0,2,5d6c1eb09bc6d9f5,3,1,42adf69d85e8929f,79a7592bbf0d9e6e,79a7592bbf0d9e6e,0,0
2770,2770,0,00002e8,00,2,2,3,de494969190c2d6b,0,0,2,ca928d2c0c384a69,3,1,cc267bc80b633037,79a7592bbf0d9e6e,79a7592bbf0d9e6e,0,0
2771,2771,0,00002ec,00,2,2,3,50c2c43c97878fc3,0,0,2,47c703a7816dc4e2,3,1,5fbaec3698ffbd62,79a7592bbf0d9e6e,79a7592bbf0d9e6e,0,0
2772,2772,0,00002f0,00,2,2,3,c35e53c2041b0296,0,0,2,e56faa1523c56d50,3,1,d131616316742a9c,79a7592bbf0d9e6e,79a7592bbf0d9e6e,0,0
2773,2773,0,00002f4,00,2,2,3,4dd5de978a909568,0,0,2,683a249eae90e3db,3,1,e4677c3f2322a7c9,79a7592bbf0d9e6e,79a7592bbf0d9e6e,0,0
2774,2774,0,00002f8,00,2,2,3,903b1693577e183d,0,0,2,ffc4b702396e7047,3,1,6aecf16aada9ba95,79a7592bbf0d9e6e,79a7592bbf0d9e6e,0,0
2775,2775,0,00002fc,00,2,2,3,1eb09bc6d9f5d039,0,0,2,72913989b43bfecc,3,1,f97066943e3537c0,79a7592bbf0d9e6e,79a7592bbf0d9e6e,0,0
2776,2776,0,0000300,00,2,2,3,8d2c0c384a695d6c,0,0,2,901f7f4d56b5b808,3,1,77fbebc1b0bea03e,2cb26f7fea18a83a,2cb26f7fea18a83a,0,1
2777,2777,0,0000304,00,2,2,3,03a7816dc4e2ca92,0,0,2,1d4af1c6dbe03683,3,1,de494969190c2d6b,a1e7e1f4674d26b1,a1e7e1f4674d26b1,0,1
2778,2778,0,0000308,00,2,2,3,aa1523c56d5047c7,0,0,2,8ab4625a4c1ea51f,3,1,50c2c43c97878fc3,36197268f0b3b52d,36197268f0b3b52d,0,1
2779,2779,0,000030c,00,2,2,3,249eae90e3dbe56f,0,0,2,07e1ecd1c14b2b94,3,1,c35e53c2041b0296,bb4cfce37de63ba6,bb4cfce37de63ba6,0,1
2780,2780,0,0000310,00,2,2,3,b702396e7047683a,0,0,2,a549456363e38226,3,1,4dd5de978a909568,19e45551df4e9214,19e45551df4e9214,0,1
2781,2781,0,0000314,00,2,2,3,3989b43bfeccffc4,0,0,2,281ccbe8eeb60cad,3,1,903b1693577e183d,94b1dbda521b1c9f,94b1dbda521b1c9f,0,1
2782,2782,0,0000318,00,2,2,3,7f4d56b5b8087291,0,0,2,bfe2587479489f31,3,1,1eb09bc6d9f5d039,034f4846c5e58f03,034f4846c5e58f03,0,1
2783,2783,0,000031c,00,2,2,3,f1c6dbe03683901f,0,0,2,32b7d6fff41d11ba,3,1,8d2c0c384a695d6c,8e1ac6cd48b00188,8e1ac6cd48b00188,0,1
2784,2784,0,0000320,00,2,2,3,625a4c1ea51f1d4a,0,0,2,fab30b113c19cc54,3,1,03a7816dc4e2ca92,9346f39b55ec34de,9346f39b55ec34de,0,0
2785,2785,0,0000324,00,2,2,3,ecd1c14b2b948ab4,0,0,2,77e6859ab14c42df,3,1,aa1523c56d5047c7,9346f39b55ec34de,9346f39b55ec34de,0,0
2786,2786,0,0000328,00,2,2,3,456363e3822607e1,0,0,2,e018160626b2d143,3,1,249eae90e3dbe56f,9346f39b55ec34de,9346f39b55ec34de,0,0
2787,2787,0,000032c,00,2,2,3,cbe8eeb60cada549,0,0,2,6d4d988dabe75fc8,3,1,b702396e7047683a,9346f39b55ec34de,9346f39b55ec34de,0,0
2788,2788,0,0000330,00,2,2,3,587479489f31281c,0,0,2,cfe5313f094ff67a,3,1,3989b43bfeccffc4,9346f39b55ec34de,9346f39b55ec34de,0,0
2789,2789,0,0000334,00,2,2,3,d6fff41d11babfe2,0,0,2,42b0bfb4841a78f1,3,1,7f4d56b5b8087291,9346f39b55ec34de,9346f39b55ec34de,0,0
2790,2790,0,0000338,00,2,2,3,0b113c19cc5432b7,0,0,2,d54e2c2813e4eb6d,3,1,f1c6dbe03683901f,9346f39b55ec34de,9346f39b55ec34de,0,0
2791,2791,0,000033c,00,2,2,3,859ab14c42dffab3,0,0,2,581ba2a39eb165e6,3,1,625a4c1ea51f1d4a,9346f39b55ec34de,9346f39b55ec34de,0,0
2792,2792,0,0000340,00,2,2,3,160626b2d14377e6,0,0,2,454797f583ed50b0,3,1,ecd1c14b2b948ab4,9346f39b55ec34de,9346f39b55ec34de,0,0
2793,2793,0,0000344,00,2,2,3,988dabe75fc8e018,0,0,2,c812197e0eb8de3b,3,1,456363e3822607e1,9346f39b55ec34de,9346f39b55ec34de,0,0
2794,2794,0,0000348,00,2,2,3,313f094ff67a6d4d,0,0,2,5fec8ae299464da7,3,1,cbe8eeb60cada549,9346f39b55ec34de,9346f39b55ec34de,0,0
2795,2795,0,000034c,00,2,2,3,bfb4841a78f1cfe5,0,0,2,d2b904691413c32c,3,1,587479489f31281c,9346f39b55ec34de,9346f39b55ec34de,0,0
2796,2796,0,0000350,00,2,2,3,2c2813e4eb6d42b0,0,0,2,7011addbb6bb6a9e,3,1,d6fff41d11babfe2,39f722eaff5de5af,39f722eaff5de5af,0,1
2797,2797,0,0000354,00,2,2,3,a2a39eb165e6d54e,0,0,2,fd4423503beee415,3,1,0b113c19cc5432b7,b4a2ac6172086b24,b4a2ac6172086b24,0,1
2798,2798,0,0000358,00,2,2,3,97f583ed50b0581b,0,0,2,6abab0ccac107789,3,1,859ab14c42dffab3,235c3ffde5f6f8b8,235c3ffde5f6f8b8,0,1
2799,2799,0,000035c,00,2,2,3,197e0eb8de3b4547,0,0,2,e7ef3e472145f902,3,1,160626b2d14377e6,ae09b17668a37633,ae09b17668a37633,0,1
2800,2800,0,0000360,00,2,2,3,8ae299464da7c812,0,0,2,2febe3a9e94124ec,3,1,988dabe75fc8e018,0ca118c4ca0bdf81,0ca118c4ca0bdf81,0,1
2801,2801,0,0000364,00,2,2,3,04691413c32c5fec,0,0,2,a2be6d226414aa67,3,1,313f094ff67a6d4d,81f4964f475e510a,81f4964f475e510a,0,1
2802,2802,0,0000368,00,2,2,3,addbb6bb6a9ed2b9,0,0,2,3540febef3ea39fb,3,1,bfb4841a78f1cfe5,160a05d3d0a0c296,160a05d3d0a0c296,0,1
2803,2803,0,000036c,00,2,2,3,23503beee4157011,0,0,2,b81570357ebfb770,3,1,2c2813e4eb6d42b0,9b5f8b585df54c1d,9b5f8b585df54c1d,0,1
2804,2804,0,0000370,00,2,2,3,b0ccac107789fd44,0,0,2,1abdd987dc171ec2,3,1,a2a39eb165e6d54e,f9ea87c73f404082,f9ea87c73f404082,0,0
2805,2805,0,0000374,00,2,2,3,3e472145f9026aba,0,0,2,97e8570c51429049,3,1,97f583ed50b0581b,f9ea87c73f404082,f9ea87c73f404082,0,0
2806,2806,0,0000378,00,2,2,3,e3a9e94124ece7ef,0,0,2,0016c490c6bc03d5,3,1,197e0eb8de3b4547,f9ea87c73f404082,f9ea87c73f404082,0,0
2807,2807,0,000037c,00,2,2,3,6d226414aa672feb,0,0,2,8d434a1b4be98d5e,3,1,8ae299464da7c812,f9ea87c73f404082,f9ea87c73f404082,0,0
2808,2808,0,0000380,00,2,2,3,febef3ea39fba2be,0,0,2,3aaeae3cfc046979,3,1,04691413c32c5fec,f9ea87c73f404082,f9ea87c73f404082,0,0
2809,2809,0,0000384,00,2,2,3,70357ebfb7703540,0,0,2,b7fb20b77151e7f2,3,1,addbb6bb6a9ed2b9,f9ea87c73f404082,f9ea87c73f404082,0,0
2810,2810,0,0000388,00,2,2,3,d987dc171ec2b815,0,0,2,2005b32be6af746e,3,1,23503beee4157011,f9ea87c73f404082,f9ea87c73f404082,0,0
2811,2811,0,000038c,00,2,2,3,570c514290491abd,0,0,2,ad503da06bfafae5,3,1,b0ccac107789fd44,f9ea87c73f404082,f9ea87c73f404082,0,0
2812,2812,0,0000390,00,2,2,3,c490c6bc03d597e8,0,0,2,0ff89412c9525357,3,1,3e472145f9026aba,f9ea87c73f404082,f9ea87c73f404082,0,0
2813,2813,0,0000394,00,2,2,3,4a1b4be98d5e0016,0,0,2,82ad1a994407dddc,3,1,e3a9e94124ece7ef,f9ea87c73f404082,f9ea87c73f404082,0,0
2814,2814,0,0000398,00,2,2,3,ae3cfc0469798d43,0,0,2,15538905d3f94e40,3,1,6d226414aa672feb,f9ea87c73f404082,f9ea87c73f404082,0,0
2815,2815,0,000039c,00,2,2,3,20b77151e7f23aae,0,0,2,9806078e5eacc0cb,3,1,febef3ea39fba2be,f9ea87c73f404082,f9ea87c73f404082,0,0
2816,2816,0,00003a0,00,2,2,3,b32be6af746eb7fb,0,0,2,5002da6096a81d25,3,1,70357ebfb7703540,535b56b695f191f3,535b56b695f191f3,0,1
2817,2817,0,00003a4,00,2,2,3,3da06bfafae52005,0,0,2,dd5754eb1bfd93ae,3,1,d987dc171ec2b815,de0ed83d18a41f78,de0ed83d18a41f78,0,1
2818,2818,0,00003a8,00,2,2,3,9412c9525357ad50,0,0,2,4aa9c7778c030032,3,1,570c514290491abd,49f04ba18f5a8ce4,49f04ba18f5a8ce4,0,1
2819,2819,0,00003ac,00,2,2,3,1a994407dddc0ff8,0,0,2,c7fc49fc01568eb9,3,1,c490c6bc03d597e8,c4a5c52a020f026f,c4a5c52a020f026f,0,1
2820,2820,0,00003b0,00,2,2,3,8905d3f94e4082ad,0,0,2,6554e04ea3fe270b,3,1,4a1b4be98d5e0016,660d6c98a0a7abdd,660d6c98a0a7abdd,0,1
2821,2821,0,00003b4,00,2,2,3,078e5eacc0cb1553,0,0,2,e8016ec52eaba980,3,1,ae3cfc0469798d43,eb58e2132df22556,eb58e2132df22556,0,1
2822,2822,0,00003b8,00,2,2,3,da6096a81d259806,0,0,2,7ffffd59b9553a1c,3,1,20b77151e7f23aae,7ca6718fba0cb6ca,7ca6718fba0cb6ca,0,1
2823,2823,0,00003bc,00,2,2,3,54eb1bfd93ae5002,0,0,2,f2aa73d23400b497,3,1,b32be6af746eb7fb,f1f3ff0437593841,f1f3ff0437593841,0,1
2824,2824,0,00003c0,00,2,2,3,c7778c030032dd57,0,0,2,eff64684295c81c1,3,1,3da06bfafae52005,461e1b2380b4dc66,461e1b2380b4dc66,0,0
2825,2825,0,00003c4,00,2,2,3,49fc01568eb94aa9,0,0,2,62a3c80fa4090f4a,3,1,9412c9525357ad50,461e1b2380b4dc66,461e1b2380b4dc66,0,0
2826,2826,0,00003c8,00,2,2,3,e04ea3fe270bc7fc,0,0,2,f55d5b9333f79cd6,3,1,1a994407dddc0ff8,461e1b2380b4dc66,461e1b2380b4dc66,0,0
2827,2827,0,00003cc,00,2,2,3,6ec52eaba9806554,0,0,2,7808d518bea2125d,3,1,8905d3f94e4082ad,461e1b2380b4dc66,461e1b2380b4dc66,0,0
2828,2828,0,00003d0,00,2,2,3,fd59b9553a1ce801,0,0,2,daa07caa1c0abbef,3,1,078e5eacc0cb1553,461e1b2380b4dc66,461e1b2380b4dc66,0,0
2829,2829,0,00003d4,00,2,2,3,73d23400b4977fff,0,0,2,57f5f221915f3564,3,1,da6096a81d259806,461e1b2380b4dc66,461e1b2380b4dc66,0,0
2830,2830,0,00003d8,00,2,2,3,4684295c81c1f2aa,0,0,2,c00b61bd06a1a6f8,3,1,54eb1bfd93ae5002,461e1b2380b4dc66,461e1b2380b4dc66,0,0
2831,2831,0,00003dc,00,2,2,3,c80fa4090f4aeff6,0,0,2,4d5eef368bf42873,3,1,c7778c030032dd57,461e1b2380b4dc66,461e1b2380b4dc66,0,0
2832,2832,0,00003e0,00,2,2,3,5b9333f79cd662a3,0,0,2,855a32d843f0f59d,3,1,49fc01568eb94aa9,461e1b2380b4dc66,461e1b2380b4dc66,0,0
2833,2833,0,00003e4,00,2,2,3,d518bea2125df55d,0,0,2,080fbc53cea57b16,3,1,e04ea3fe270bc7fc,461e1b2380b4dc66,461e1b2380b4dc66,0,0
2834,2834,0,00003e8,00,2,2,3,7caa1c0abbef7808,0,0,2,9ff12fcf595be88a,3,1,6ec52eaba9806554,461e1b2380b4dc66,461e1b2380b4dc66,0,0
2835,2835,0,00003ec,00,2,2,3,f221915f3564daa0,0,0,2,12a4a144d40e6601,3,1,fd59b9553a1ce801,461e1b2380b4dc66,461e1b2380b4dc66,0,0
2836,2836,0,00003f0,00,2,2,3,61bd06a1a6f857f5,0,0,2,b00c08f676a6cfb3,3,1,73d23400b4977fff,ecafca522a050d17,ecafca522a050d17,0,1
2837,2837,0,00003f4,00,2,2,3,ef368bf42873c00b,0,0,2,3d59867dfbf34138,3,1,4684295c81c1f2aa,61fa44d9a750839c,61fa44d9a750839c,0,1
2838,2838,0,00003f8,00,2,2,3,32d843f0f59d4d5e,0,0,2,aaa715e16c0dd2a4,3,1,c80fa4090f4aeff6,f604d74530ae1000,f604d74530ae1000,0,1
2839,2839,0,00003fc,00,2,2,3,bc53cea57b16855a,0,0,2,27f29b6ae1585c2f,3,1,5b9333f79cd662a3,7b5159cebdfb9e8b,7b5159cebdfb9e8b,0,1
2840,2840,0,0000000,00,2,2,3,2fcf595be88a080f,0,0,2,6fbb9868a9115f2d,3,1,d518bea2125df55d,d9f9f07c1f533739,d9f9f07c1f533739,0,1
2841,2841,0,0000004,00,2,2,3,a144d40e66019ff1,0,0,2,e2ee16e32444d1a6,3,1,7caa1c0abbef7808,54ac7ef79206b9b2,54ac7ef79206b9b2,0,1
2842,2842,0,0000008,00,2,2,3,08f676a6cfb312a4,0,0,2,7510857fb3ba423a,3,1,f221915f3564daa0,c352ed6b05f82a2e,c352ed6b05f82a2e,0,1
2843,2843,0,000000c,00,2,2,3,867dfbf34138b00c,0,0,2,f8450bf43eefccb1,3,1,61bd06a1a6f857f5,4e0763e088ada4a5,4e0763e088ada4a5,0,1
2844,2844,0,0000010,00,2,2,3,15e16c0dd2a43d59,0,0,2,5aeda2469c476503,3,1,ef368bf42873c00b,2cb26f7fea18a83a,2cb26f7fea18a83a,0,0
2845,2845,0,0000014,00,2,2,3,9b6ae1585c2faaa7,0,0,2,d7b82ccd1112eb88,3,1,32d843f0f59d4d5e,2cb26f7fea18a83a,2cb26f7fea18a83a,0,0
2846,2846,0,0000018,00,2,2,3,9868a9115f2d27f2,0,0,2,4046bf5186ec7814,3,1,bc53cea57b16855a,2cb26f7fea18a83a,2cb26f7fea18a83a,0,0
2847,2847,0,000001c,00,2,2,3,16e32444d1a66fbb,0,0,2,cd1331da0bb9f69f,3,1,2fcf595be88a080f,2cb26f7fea18a83a,2cb26f7fea18a83a,0,0
2848,2848,0,0000020,00,2,2,3,857fb3ba423ae2ee,0,0,2,0517ec34c3bd2b71,3,1,a144d40e66019ff1,2cb26f7fea18a83a,2cb26f7fea18a83a,0,0
2849,2849,0,0000024,00,2,2,3,0bf43eefccb17510,0,0,2,884262bf4ee8a5fa,3,1,08f676a6cfb312a4,2cb26f7fea18a83a,2cb26f7fea18a83a,0,0
2850,2850,0,0000028,00,2,2,3,a2469c476503f845,0,0,2,1fbcf123d9163666,3,1,867dfbf34138b00c,2cb26f7fea18a83a,2cb26f7fea18a83a,0,0
2851,2851,0,000002c,00,2,2,3,2ccd1112eb885aed,0,0,2,92e97fa85443b8ed,3,1,15e16c0dd2a43d59,2cb26f7fea18a83a,2cb26f7fea18a83a,0,0
2852,2852,0,0000030,00,2,2,3,bf5186ec7814d7b8,0,0,2,3041d61af6eb115f,3,1,9b6ae1585c2faaa7,2cb26f7fea18a83a,2cb26f7fea18a83a,0,0
2853,2853,0,0000034,00,2,2,3,31da0bb9f69f4046,0,0,2,bd1458917bbe9fd4,3,1,9868a9115f2d27f2,2cb26f7fea18a83a,2cb26f7fea18a83a,0,0
2854,2854,0,0000038,00,2,2,3,ec34c3bd2b71cd13,0,0,2,2aeacb0dec400c48,3,1,16e32444d1a66fbb,2cb26f7fea18a83a,2cb26f7fea18a83a,0,0
2855,2855,0,000003c,00,2,2,3,62bf4ee8a5fa0517,0,0,2,a7bf4586611582c3,3,1,857fb3ba423ae2ee,2cb26f7fea18a83a,2cb26f7fea18a83a,0,0
2856,2856,0,0000040,00,2,2,3,f123d91636668842,0,0,2,bae370d07c49b795,3,1,0bf43eefccb17510,8603be0e40a9794b,8603be0e40a9794b,0,1
2857,2857,0,0000044,00,2,2,3,7fa85443b8ed1fbc,0,0,2,37b6fe5bf11c391e,3,1,a2469c476503f845,0b563085cdfcf7c0,0b563085cdfcf7c0,0,1
2858,2858,0,0000048,00,2,2,3,d61af6eb115f92e9,0,0,2,a0486dc766e2aa82,3,1,2ccd1112eb885aed,9ca8a3195a02645c,9ca8a3195a02645c,0,1
2859,2859,0,000004c,00,2,2,3,58917bbe9fd43041,0,0,2,2d1de34cebb72409,3,1,bf5186ec7814d7b8,11fd2d92d757ead7,11fd2d92d757ead7,0,1
2860,2860,0,0000050,00,2,2,3,cb0dec400c48bd14,0,0,2,8fb54afe491f8dbb,3,1,31da0bb9f69f4046,b355842075ff4365,b355842075ff4365,0,1
2861,2861,0,0000054,00,2,2,3,4586611582c32aea,0,0,2,02e0c475c44a0330,3,1,ec34c3bd2b71cd13,3e000aabf8aacdee,3e000aabf8aacdee,0,1
2862,2862,0,0000058,00,2,2,3,70d07c49b795a7bf,0,0,2,951e57e953b490ac,3,1,62bf4ee8a5fa0517,a9fe99376f545e72,a9fe99376f545e72,0,1
2863,2863,0,000005c,00,2,2,3,fe5bf11c391ebae3,0,0,2,184bd962dee11e27,3,1,f123d91636668842,24ab17bce201d0f9,24ab17bce201d0f9,0,1
2864,2864,0,0000060,00,2,2,3,6dc766e2aa8237b6,0,0,2,d04f048c16e5c3c9,3,1,7fa85443b8ed1fbc,39f722eaff5de5af,39f722eaff5de5af,0,0
2865,2865,0,0000064,00,2,2,3,e34cebb72409a048,0,0,2,5d1a8a079bb04d42,3,1,d61af6eb115f92e9,39f722eaff5de5af,39f722eaff5de5af,0,0
2866,2866,0,0000068,00,2,2,3,4afe491f8dbb2d1d,0,0,2,cae4199b0c4edede,3,1,58917bbe9fd43041,39f722eaff5de5af,39f722eaff5de5af,0,0
2867,2867,0,000006c,00,2,2,3,c475c44a03308fb5,0,0,2,47b19710811b5055,3,1,cb0dec400c48bd14,39f722eaff5de5af,39f722eaff5de5af,0,0
2868,2868,0,0000070,00,2,2,3,57e953b490ac02e0,0,0,2,e5193ea223b3f9e7,3,1,4586611582c32aea,39f722eaff5de5af,39f722eaff5de5af,0,0
2869,2869,0,0000074,00,2,2,3,d962dee11e27951e,0,0,2,684cb029aee6776c,3,1,70d07c49b795a7bf,39f722eaff5de5af,39f722eaff5de5af,0,0
2870,2870,0,0000078,00,2,2,3,048c16e5c3c9184b,0,0,2,ffb223b53918e4f0,3,1,fe5bf11c391ebae3,39f722eaff5de5af,39f722eaff5de5af,0,0
2871,2871,0,000007c,00,2,2,3,8a079bb04d42d04f,0,0,2,72e7ad3eb44d6a7b,3,1,6dc766e2aa8237b6,39f722eaff5de5af,39f722eaff5de5af,0,0
2872,2872,0,0000080,00,2,2,3,199b0c4edede5d1a,0,0,2,c50a491903a08e5c,3,1,e34cebb72409a048,39f722eaff5de5af,39f722eaff5de5af,0,0
2873,2873,0,0000084,00,2,2,3,9710811b5055cae4,0,0,2,485fc7928ef500d7,3,1,4afe491f8dbb2d1d,39f722eaff5de5af,39f722eaff5de5af,0,0
2874,2874,0,0000088,00,2,2,3,3ea223b3f9e747b1,0,0,2,dfa1540e190b934b,3,1,c475c44a03308fb5,39f722eaff5de5af,39f722eaff5de5af,0,0
2875,2875,0,000008c,00,2,2,3,b029aee6776ce519,0,0,2,52f4da85945e1dc0,3,1,57e953b490ac02e0,39f722eaff5de5af,39f722eaff5de5af,0,0
2876,2876,0,0000090,00,2,2,3,23b53918e4f0684c,0,0,2,f05c733736f6b472,3,1,d962dee11e27951e,c6255178008f963d,c6255178008f963d,0,1
2877,2877,0,0000094,00,2,2,3,ad3eb44d6a7bffb2,0,0,2,7d09fdbcbba33af9,3,1,048c16e5c3c9184b,4b70dff38dda18b6,4b70dff38dda18b6,0,1
2878,2878,0,0000098,00,2,2,3,491903a08e5c72e7,0,0,2,eaf76e202c5da965,3,1,8a079bb04d42d04f,dc8e4c6f1a248b2a,dc8e4c6f1a248b2a,0,1
2879,2879,0,000009c,00,2,2,3,c7928ef500d7c50a,0,0,2,67a2e0aba10827ee,3,1,199b0c4edede5d1a,51dbc2e4977105a1,51dbc2e4977105a1,0,1
2880,2880,0,00000a0,00,2,2,3,540e190b934b485f,0,0,2,afa63d45690cfa00,3,1,9710811b5055cae4,f3736b5635d9ac13,f3736b5635d9ac13,0,1
2881,2881,0,00000a4,00,2,2,3,da85945e1dc0dfa1,0,0,2,22f3b3cee459748b,3,1,3ea223b3f9e747b1,7e26e5ddb88c2298,7e26e5ddb88c2298,0,1
2882,2882,0,00000a8,00,2,2,3,733736f6b47252f4,0,0,2,b50d205273a7e717,3,1,b029aee6776ce519,e9d876412f72b104,e9d876412f72b104,0,1
2883,2883,0,00000ac,00,2,2,3,fdbcbba33af9f05c,0,0,2,3858aed9fef2699c,3,1,23b53918e4f0684c,648df8caa2273f8f,648df8caa2273f8f,0,1
2884,2884,0,00000b0,00,2,2,3,6e202c5da9657d09,0,0,2,9af0076b5c5ac02e,3,1,ad3eb44d6a7bffb2,535b56b695f191f3,535b56b695f191f3,0,0
2885,2885,0,00000b4,00,2,2,3,e0aba10827eeeaf7,0,0,2,17a589e0d10f4ea5,3,1,491903a08e5c72e7,535b56b695f191f3,535b56b695f191f3,0,0
2886,2886,0,00000b8,00,2,2,3,3d45690cfa0067a2,0,0,2,805b1a7c46f1dd39,3,1,c7928ef500d7c50a,535b56b695f191f3,535b56b695f191f3,0,0
2887,2887,0,00000bc,00,2,2,3,b3cee459748bafa6,0,0,2,0d0e94f7cba453b2,3,1,540e190b934b485f,535b56b695f191f3,535b56b695f191f3,0,0
2888,2888,0,00000c0,00,2,2,3,205273a7e71722f3,0,0,2,1052a1a1d6f866e4,3,1,da85945e1dc0dfa1,535b56b695f191f3,535b56b695f191f3,0,0
2889,2889,0,00000c4,00,2,2,3,aed9fef2699cb50d,0,0,2,9d072f2a5bade86f,3,1,733736f6b47252f4,535b56b695f191f3,535b56b695f191f3,0,0
2890,2890,0,00000c8,00,2,2,3,076b5c5ac02e3858,0,0,2,0af9bcb6cc537bf3,3,1,fdbcbba33af9f05c,535b56b695f191f3,535b56b695f191f3,0,0
2891,2891,0,00000cc,00,2,2,3,89e0d10f4ea59af0,0,0,2,87ac323d4106f578,3,1,6e202c5da9657d09,535b56b695f191f3,535b56b695f191f3,0,0
2892,2892,0,00000d0,00,2,2,3,1a7c46f1dd3917a5,0,0,2,25049b8fe3ae5cca,3,1,e0aba10827eeeaf7,535b56b695f191f3,535b56b695f191f3,0,0
2893,2893,0,00000d4,00,2,2,3,94f7cba453b2805b,0,0,2,a85115046efbd241,3,1,3d45690cfa0067a2,535b56b695f191f3,535b56b695f191f3,0,0
2894,2894,0,00000d8,00,2,2,3,a1a1d6f866e40d0e,0,0,2,3faf8698f90541dd,3,1,b3cee459748bafa6,535b56b695f191f3,535b56b695f191f3,0,0
2895,2895,0,00000dc,00,2,2,3,2f2a5bade86f1052,0,0,2,b2fa08137450cf56,3,1,205273a7e71722f3,535b56b695f191f3,535b56b695f191f3,0,0
2896,2896,0,00000e0,00,2,2,3,bcb6cc537bf39d07,0,0,2,7afed5fdbc5412b8,3,1,aed9fef2699cb50d,ac8925246a23e261,ac8925246a23e261,0,1
2897,2897,0,00000e4,00,2,2,3,323d4106f5780af9,0,0,2,f7ab5b7631019c33,3,1,076b5c5ac02e3858,21dcabafe7766cea,21dcabafe7766cea,0,1
2898,2898,0,00000e8,00,2,2,3,9b8fe3ae5cca87ac,0,0,2,6055c8eaa6ff0faf,3,1,89e0d10f4ea59af0,b62238337088ff76,b62238337088ff76,0,1
2899,2899,0,00000ec,00,2,2,3,15046efbd2412504,0,0,2,ed0046612baa8124,3,1,1a7c46f1dd3917a5,3b77b6b8fddd71fd,3b77b6b8fddd71fd,0,1
2900,2900,0,00000f0,00,2,2,3,8698f90541dda851,0,0,2,4fa8efd389022896,3,1,94f7cba453b2805b,99df1f0a5f75d84f,99df1f0a5f75d84f,0,1
2901,2901,0,00000f4,00,2,2,3,08137450cf563faf,0,0,2,c2fd61580457a61d,3,1,a1a1d6f866e40d0e,148a9181d22056c4,148a9181d22056c4,0,1
2902,2902,0,00000f8,00,2,2,3,d5fdbc5412b8b2fa,0,0,2,5503f2c493a93581,3,1,2f2a5bade86f1052,8374021d45dec558,8374021d45dec558,0,1
2903,2903,0,00000fc,00,2,2,3,5b7631019c337afe,0,0,2,d8567c4f1efcbb0a,3,1,bcb6cc537bf39d07,0e218c96c88b4bd3,0e218c96c88b4bd3,0,1
2904,2904,0,0000100,00,2,2,3,c8eaa6ff0faff7ab,0,0,2,3ad83a8bfc72fdce,3,1,323d4106f5780af9,ecafca522a050d17,ecafca522a050d17,0,0
2905,2905,0,0000104,00,2,2,3,46612baa81246055,0,0,2,b78db40071277345,3,1,9b8fe3ae5cca87ac,ecafca522a050d17,ecafca522a050d17,0,0
2906,2906,0,0000108,00,2,2,3,efd389022896ed00,0,0,2,2073279ce6d9e0d9,3,1,15046efbd2412504,ecafca522a050d17,ecafca522a050d17,0,0
2907,2907,0,000010c,00,2,2,3,61580457a61d4fa8,0,0,2,ad26a9176b8c6e52,3,1,8698f90541dda851,ecafca522a050d17,ecafca522a050d17,0,0
2908,2908,0,0000110,00,2,2,3,f2c493a93581c2fd,0,0,2,0f8e00a5c924c7e0,3,1,08137450cf563faf,ecafca522a050d17,ecafca522a050d17,0,0
2909,2909,0,0000114,00,2,2,3,7c4f1efcbb0a5503,0,0,2,82db8e2e4471496b,3,1,d5fdbc5412b8b2fa,ecafca522a050d17,ecafca522a050d17,0,0
2910,2910,0,0000118,00,2,2,3,3a8bfc72fdced856,0,0,2,15251db2d38fdaf7,3,1,5b7631019c337afe,ecafca522a050d17,ecafca522a050d17,0,0
2911,2911,0,000011c,00,2,2,3,b400712773453ad8,0,0,2,987093395eda547c,3,1,c8eaa6ff0faff7ab,ecafca522a050d17,ecafca522a050d17,0,0
2912,2912,0,0000120,00,2,2,3,279ce6d9e0d9b78d,0,0,2,50744ed796de8992,3,1,46612baa81246055,ecafca522a050d17,ecafca522a050d17,0,0
2913,2913,0,0000124,00,2,2,3,a9176b8c6e522073,0,0,2,dd21c05c1b8b0719,3,1,efd389022896ed00,ecafca522a050d17,ecafca522a050d17,0,0
2914,2914,0,0000128,00,2,2,3,00a5c924c7e0ad26,0,0,2,4adf53c08c759485,3,1,61580457a61d4fa8,ecafca522a050d17,ecafca522a050d17,0,0
2915,2915,0,000012c,00,2,2,3,8e2e4471496b0f8e,0,0,2,c78add4b01201a0e,3,1,f2c493a93581c2fd,ecafca522a050d17,ecafca522a050d17,0,0
2916,2916,0,0000130,00,2,2,3,1db2d38fdaf782db,0,0,2,652274f9a388b3bc,3,1,7c4f1efcbb0a5503,137db9c0d5d77e85,137db9c0d5d77e85,0,1
2917,2917,0,0000134,00,2,2,3,93395eda547c1525,0,0,2,e877fa722edd3d37,3,1,3a8bfc72fdced856,9e28374b5882f00e,9e28374b5882f00e,0,1
2918,2918,0,0000138,00,2,2,3,4ed796de89929870,0,0,2,7f8969eeb923aeab,3,1,b400712773453ad8,09d6a4d7cf7c6392,09d6a4d7cf7c6392,0,1
2919,2919,0,000013c,00,2,2,3,c05c1b8b07195074,0,0,2,f2dce76534762020,3,1,279ce6d9e0d9b78d,84832a5c4229ed19,84832a5c4229ed19,0,1
2920,2920,0,0000140,00,2,2,3,53c08c759485dd21,0,0,2,ef80d233292a1576,3,1,a9176b8c6e522073,d9f9f07c1f533739,d9f9f07c1f533739,0,0
2921,2921,0,0000144,00,2,2,3,dd4b01201a0e4adf,0,0,2,62d55cb8a47f9bfd,3,1,00a5c924c7e0ad26,d9f9f07c1f533739,d9f9f07c1f533739,0,0
2922,2922,0,0000148,00,2,2,3,74f9a388b3bcc78a,0,0,2,f52bcf2433810861,3,1,8e2e4471496b0f8e,d9f9f07c1f533739,d9f9f07c1f533739,0,0
2923,2923,0,000014c,00,2,2,3,fa722edd3d376522,0,0,2,787e41afbed486ea,3,1,1db2d38fdaf782db,d9f9f07c1f533739,d9f9f07c1f533739,0,0
2924,2924,0,0000150,00,2,2,3,69eeb923aeabe877,0,0,2,dad6e81d1c7c2f58,3,1,93395eda547c1525,d9f9f07c1f533739,d9f9f07c1f533739,0,0
2925,2925,0,0000154,00,2,2,3,e765347620207f89,0,0,2,578366969129a1d3,3,1,4ed796de89929870,d9f9f07c1f533739,d9f9f07c1f533739,0,0
2926,2926,0,0000158,00,2,2,3,d233292a1576f2dc,0,0,2,c07df50a06d7324f,3,1,c05c1b8b07195074,d9f9f07c1f533739,d9f9f07c1f533739,0,0
2927,2927,0,000015c,00,2,2,3,5cb8a47f9bfdef80,0,0,2,4d287b818b82bcc4,3,1,53c08c759485dd21,d9f9f07c1f533739,d9f9f07c1f533739,0,0
2928,2928,0,0000160,00,2,2,3,cf243381086162d5,0,0,2,852ca66f4386612a,3,1,dd4b01201a0e4adf,d9f9f07c1f533739,d9f9f07c1f533739,0,0
2929,2929,0,0000164,00,2,2,3,41afbed486eaf52b,0,0,2,087928e4ced3efa1,3,1,74f9a388b3bcc78a,d9f9f07c1f533739,d9f9f07c1f533739,0,0
2930,2930,0,0000168,00,2,2,3,e81d1c7c2f58787e,0,0,2,9f87bb78592d7c3d,3,1,fa722edd3d376522,d9f9f07c1f533739,d9f9f07c1f533739,0,0
2931,2931,0,000016c,00,2,2,3,66969129a1d3dad6,0,0,2,12d235f3d478f2b6,3,1,69eeb923aeabe877,d9f9f07c1f533739,d9f9f07c1f533739,0,0
2932,2932,0,0000170,00,2,2,3,f50a06d7324f5783,0,0,2,b07a9c4176d05b04,3,1,e765347620207f89,d9f9f07c1f533739,d9f9f07c1f533739,0,0
2933,2933,0,0000174,00,2,2,3,7b818b82bcc4c07d,0,0,2,3d2f12cafb85d58f,3,1,d233292a1576f2dc,d9f9f07c1f533739,d9f9f07c1f533739,0,0
2934,2934,0,0000178,00,2,2,3,a66f4386612a4d28,0,0,2,aad181566c7b4613,3,1,5cb8a47f9bfdef80,d9f9f07c1f533739,d9f9f07c1f533739,0,0
2935,2935,0,000017c,00,2,2,3,28e4ced3efa1852c,0,0,2,27840fdde12ec898,3,1,cf243381086162d5,d9f9f07c1f533739,d9f9f07c1f533739,0,0
2936,2936,0,0000180,00,2,2,3,bb78592d7c3d0879,0,0,2,9069ebfa56c32cbf,3,1,41afbed486eaf52b,d9f9f07c1f533739,d9f9f07c1f533739,0,0
2937,2937,0,0000184,00,2,2,3,35f3d478f2b69f87,0,0,2,1d3c6571db96a234,3,1,e81d1c7c2f58787e,d9f9f07c1f533739,d9f9f07c1f533739,0,0
2938,2938,0,0000188,00,2,2,3,9c4176d05b0412d2,0,0,2,8ac2f6ed4c6831a8,3,1,66969129a1d3dad6,d9f9f07c1f533739,d9f9f07c1f533739,0,0
2939,2939,0,000018c,00,2,2,3,12cafb85d58fb07a,0,0,2,07977866c13dbf23,3,1,f50a06d7324f5783,d9f9f07c1f533739,d9f9f07c1f533739,0,0
2940,2940,0,0000190,00,2,2,3,81566c7b46133d2f,0,0,2,a53fd1d463951691,3,1,7b818b82bcc4c07d,d9f9f07c1f533739,d9f9f07c1f533739,0,0
2941,2941,0,0000194,00,2,2,3,0fdde12ec898aad1,0,0,2,286a5f5feec0981a,3,1,a66f4386612a4d28,d9f9f07c1f533739,d9f9f07c1f533739,0,0
2942,2942,0,0000198,00,2,2,3,ebfa56c32cbf2784,0,0,2,bf94ccc3793e0b86,3,1,28e4ced3efa1852c,d9f9f07c1f533739,d9f9f07c1f533739,0,0
2943,2943,0,000019c,00,2,2,3,6571db96a2349069,0,0,2,32c14248f46b850d,3,1,bb78592d7c3d0879,d9f9f07c1f533739,d9f9f07c1f533739,0,0
2944,2944,0,00001a0,00,2,2,3,f6ed4c6831a81d3c,0,0,2,fac59fa63c6f58e3,3,1,35f3d478f2b69f87,d9f9f07c1f533739,d9f9f07c1f533739,0,0
2945,2945,0,00001a4,00,2,2,3,7866c13dbf238ac2,0,0,2,7790112db13ad668,3,1,9c4176d05b0412d2,d9f9f07c1f533739,d9f9f07c1f533739,0,0
2946,2946,0,00001a8,00,2,2,3,d1d4639516910797,0,0,2,e06e82b126c445f4,3,1,12cafb85d58fb07a,d9f9f07c1f533739,d9f9f07c1f533739,0,0
2947,2947,0,00001ac,00,2,2,3,5f5feec0981aa53f,0,0,2,6d3b0c3aab91cb7f,3,1,81566c7b46133d2f,d9f9f07c1f533739,d9f9f07c1f533739,0,0
2948,2948,0,00001b0,00,2,2,3,ccc3793e0b86286a,0,0,2,cf93a588093962cd,3,1,0fdde12ec898aad1,d9f9f07c1f533739,d9f9f07c1f533739,0,0
2949,2949,0,00001b4,00,2,2,3,4248f46b850dbf94,0,0,2,42c62b03846cec46,3,1,ebfa56c32cbf2784,d9f9f07c1f533739,d9f9f07c1f533739,0,0
2950,2950,0,00001b8,00,2,2,3,9fa63c6f58e332c1,0,0,2,d538b89f13927fda,3,1,6571db96a2349069,d9f9f07c1f533739,d9f9f07c1f533739,0,0
2951,2951,0,00001bc,00,2,2,3,112db13ad668fac5,0,0,2,586d36149ec7f151,3,1,f6ed4c6831a81d3c,d9f9f07c1f533739,d9f9f07c1f533739,0,0
2952,2952,0,00001c0,00,2,2,3,82b126c445f47790,0,0,2,45310342839bc407,3,1,7866c13dbf238ac2,d9f9f07c1f533739,d9f9f07c1f533739,0,0
2953,2953,0,00001c4,00,2,2,3,0c3aab91cb7fe06e,0,0,2,c8648dc90ece4a8c,3,1,d1d4639516910797,d9f9f07c1f533739,d9f9f07c1f533739,0,0
2954,2954,0,00001c8,00,2,2,3,a588093962cd6d3b,0,0,2,5f9a1e559930d910,3,1,5f5feec0981aa53f,d9f9f07c1f533739,d9f9f07c1f533739,0,0
2955,2955,0,00001cc,00,2,2,3,2b03846cec46cf93,0,0,2,d2cf90de1465579b,3,1,ccc3793e0b86286a,d9f9f07c1f533739,d9f9f07c1f533739,0,0
2956,2956,0,00001d0,00,2,2,3,b89f13927fda42c6,0,0,2,7067396cb6cdfe29,3,1,4248f46b850dbf94,d9f9f07c1f533739,d9f9f07c1f533739,0,0
2957,2957,0,00001d4,00,2,2,3,36149ec7f151d538,0,0,2,fd32b7e73b9870a2,3,1,9fa63c6f58e332c1,d9f9f07c1f533739,d9f9f07c1f533739,0,0
2958,2958,0,00001d8,00,2,2,3,0342839bc407586d,0,0,2,6acc247bac66e33e,3,1,112db13ad668fac5,d9f9f07c1f533739,d9f9f07c1f533739,0,0
2959,2959,0,00001dc,00,2,2,3,8dc90ece4a8c4531,0,0,2,e799aaf021336db5,3,1,82b126c445f47790,d9f9f07c1f533739,d9f9f07c1f533739,0,0
2960,2960,0,00001e0,00,2,2,3,1e559930d910c864,0,0,2,2f9d771ee937b05b,3,1,0c3aab91cb7fe06e,d9f9f07c1f533739,d9f9f07c1f533739,0,0
2961,2961,0,00001e4,00,2,2,3,90de1465579b5f9a,0,0,2,a2c8f99564623ed0,3,1,a588093962cd6d3b,d9f9f07c1f533739,d9f9f07c1f533739,0,0
2962,2962,0,00001e8,00,2,2,3,396cb6cdfe29d2cf,0,0,2,35366a09f39cad4c,3,1,2b03846cec46cf93,d9f9f07c1f533739,d9f9f07c1f533739,0,0
2963,2963,0,00001ec,00,2,2,3,b7e73b9870a27067,0,0,2,b863e4827ec923c7,3,1,b89f13927fda42c6,d9f9f07c1f533739,d9f9f07c1f533739,0,0
2964,2964,0,00001f0,00,2,2,3,247bac66e33efd32,0,0,2,1acb4d30dc618a75,3,1,36149ec7f151d538,d9f9f07c1f533739,d9f9f07c1f533739,0,0
2965,2965,0,00001f4,00,2,2,3,aaf021336db56acc,0,0,2,979ec3bb513404fe,3,1,0342839bc407586d,d9f9f07c1f533739,d9f9f07c1f533739,0,0
2966,2966,0,00001f8,00,2,2,3,771ee937b05be799,0,0,2,00605027c6ca9762,3,1,8dc90ece4a8c4531,d9f9f07c1f533739,d9f9f07c1f533739,0,0
2967,2967,0,00001fc,00,2,2,3,f99564623ed02f9d,0,0,2,8d35deac4b9f19e9,3,1,1e559930d910c864,d9f9f07c1f533739,d9f9f07c1f533739,0,0
2968,2968,0,0000200,00,2,2,3,6a09f39cad4ca2c8,0,0,2,c57cddae03d61aeb,3,1,90de1465579b5f9a,d9f9f07c1f533739,d9f9f07c1f533739,0,0
2969,2969,0,0000204,00,2,2,3,e4827ec923c73536,0,0,2,482953258e839460,3,1,396cb6cdfe29d2cf,d9f9f07c1f533739,d9f9f07c1f533739,0,0
2970,2970,0,0000208,00,2,2,3,4d30dc618a75b863,0,0,2,dfd7c0b9197d07fc,3,1,b7e73b9870a27067,d9f9f07c1f533739,d9f9f07c1f533739,0,0
2971,2971,0,000020c,00,2,2,3,c3bb513404fe1acb,0,0,2,52824e3294288977,3,1,247bac66e33efd32,d9f9f07c1f533739,d9f9f07c1f533739,0,0
2972,2972,0,0000210,00,2,2,3,5027c6ca9762979e,0,0,2,f02ae780368020c5,3,1,aaf021336db56acc,d9f9f07c1f533739,d9f9f07c1f533739,0,0
2973,2973,0,0000214,00,2,2,3,deac4b9f19e90060,0,0,2,7d7f690bbbd5ae4e,3,1,771ee937b05be799,d9f9f07c1f533739,d9f9f07c1f533739,0,0
2974,2974,0,0000218,00,2,2,3,ddae03d61aeb8d35,0,0,2,ea81fa972c2b3dd2,3,1,f99564623ed02f9d,d9f9f07c1f533739,d9f9f07c1f533739,0,0
2975,2975,0,000021c,00,2,2,3,53258e839460c57c,0,0,2,67d4741ca17eb359,3,1,6a09f39cad4ca2c8,d9f9f07c1f533739,d9f9f07c1f533739,0,0
2976,2976,0,0000220,00,2,2,3,c0b9197d07fc4829,0,0,2,afd0a9f2697a6eb7,3,1,e4827ec923c73536,d9f9f07c1f533739,d9f9f07c1f533739,0,0
2977,2977,0,0000224,00,2,2,3,4e3294288977dfd7,0,0,2,22852779e42fe03c,3,1,4d30dc618a75b863,d9f9f07c1f533739,d9f9f07c1f533739,0,0
2978,2978,0,0000228,00,2,2,3,e780368020c55282,0,0,2,b57bb4e573d173a0,3,1,c3bb513404fe1acb,d9f9f07c1f533739,d9f9f07c1f533739,0,0
2979,2979,0,000022c,00,2,2,3,690bbbd5ae4ef02a,0,0,2,382e3a6efe84fd2b,3,1,5027c6ca9762979e,d9f9f07c1f533739,d9f9f07c1f533739,0,0
2980,2980,0,0000230,00,2,2,3,fa972c2b3dd27d7f,0,0,2,9a8693dc5c2c5499,3,1,deac4b9f19e90060,d9f9f07c1f533739,d9f9f07c1f533739,0,0
2981,2981,0,0000234,00,2,2,3,741ca17eb359ea81,0,0,2,17d31d57d179da12,3,1,ddae03d61aeb8d35,d9f9f07c1f533739,d9f9f07c1f533739,0,0
2982,2982,0,0000238,00,2,2,3,a9f2697a6eb767d4,0,0,2,802d8ecb4687498e,3,1,53258e839460c57c,d9f9f07c1f533739,d9f9f07c1f533739,0,0
2983,2983,0,000023c,00,2,2,3,2779e42fe03cafd0,0,0,2,0d780040cbd2c705,3,1,c0b9197d07fc4829,d9f9f07c1f533739,d9f9f07c1f533739,0,0
2984,2984,0,0000240,00,2,2,3,b4e573d173a02285,0,0,2,10243516d68ef253,3,1,4e3294288977dfd7,d9f9f07c1f533739,d9f9f07c1f533739,0,0
2985,2985,0,0000244,00,2,2,3,3a6efe84fd2bb57b,0,0,2,9d71bb9d5bdb7cd8,3,1,e780368020c55282,d9f9f07c1f533739,d9f9f07c1f533739,0,0
2986,2986,0,0000248,00,2,2,3,93dc5c2c5499382e,0,0,2,0a8f2801cc25ef44,3,1,690bbbd5ae4ef02a,d9f9f07c1f533739,d9f9f07c1f533739,0,0
2987,2987,0,000024c,00,2,2,3,1d57d179da129a86,0,0,2,87daa68a417061cf,3,1,fa972c2b3dd27d7f,d9f9f07c1f533739,d9f9f07c1f533739,0,0
2988,2988,0,0000250,00,2,2,3,8ecb4687498e17d3,0,0,2,25720f38e3d8c87d,3,1,741ca17eb359ea81,d9f9f07c1f533739,d9f9f07c1f533739,0,0
2989,2989,0,0000254,00,2,2,3,0040cbd2c705802d,0,0,2,a82781b36e8d46f6,3,1,a9f2697a6eb767d4,d9f9f07c1f533739,d9f9f07c1f533739,0,0
2990,2990,0,0000258,00,2,2,3,3516d68ef2530d78,0,0,2,3fd9122ff973d56a,3,1,2779e42fe03cafd0,d9f9f07c1f533739,d9f9f07c1f533739,0,0
2991,2991,0,000025c,00,2,2,3,bb9d5bdb7cd81024,0,0,2,b28c9ca474265be1,3,1,b4e573d173a02285,d9f9f07c1f533739,d9f9f07c1f533739,0,0
2992,2992,0,0000260,00,2,2,3,2801cc25ef449d71,0,0,2,7a88414abc22860f,3,1,3a6efe84fd2bb57b,d9f9f07c1f533739,d9f9f07c1f533739,0,0
2993,2993,0,0000264,00,2,2,3,a68a417061cf0a8f,0,0,2,f7ddcfc131770884,3,1,93dc5c2c5499382e,d9f9f07c1f533739,d9f9f07c1f533739,0,0
2994,2994,0,0000268,00,2,2,3,0f38e3d8c87d87da,0,0,2,60235c5da6899b18,3,1,1d57d179da129a86,d9f9f07c1f533739,d9f9f07c1f533739,0,0
2995,2995,0,000026c,00,2,2,3,81b36e8d46f62572,0,0,2,ed76d2d62bdc1593,3,1,8ecb4687498e17d3,d9f9f07c1f533739,d9f9f07c1f533739,0,0
2996,2996,0,0000270,00,2,2,3,122ff973d56aa827,0,0,2,4fde7b648974bc21,3,1,0040cbd2c705802d,d9f9f07c1f533739,d9f9f07c1f533739,0,0
2997,2997,0,0000274,00,2,2,3,9ca474265be13fd9,0,0,2,c28bf5ef042132aa,3,1,3516d68ef2530d78,d9f9f07c1f533739,d9f9f07c1f533739,0,0
2998,2998,0,0000278,00,2,2,3,414abc22860fb28c,0,0,2,5575667393dfa136,3,1,bb9d5bdb7cd81024,d9f9f07c1f533739,d9f9f07c1f533739,0,0
2999,2999,0,000027c,00,2,2,3,cfc1317708847a88,0,0,2,d820e8f81e8a2fbd,3,1,2801cc25ef449d71,d9f9f07c1f533739,d9f9f07c1f533739,0,0
3000,3000,0,0000280,00,2,2,3,5c5da6899b18f7dd,0,0,2,6fcd0cdfa967cb9a,3,1,a68a417061cf0a8f,d9f9f07c1f533739,d9f9f07c1f533739,0,0
3001,3001,0,0000284,00,2,2,3,d2d62bdc15936023,0,0,2,e298825424324511,3,1,0f38e3d8c87d87da,d9f9f07c1f533739,d9f9f07c1f533739,0,0
3002,3002,0,0000288,00,2,2,3,7b648974bc21ed76,0,0,2,756611c8b3ccd68d,3,1,81b36e8d46f62572,d9f9f07c1f533739,d9f9f07c1f533739,0,0
3003,3003,0,000028c,00,2,2,3,f5ef042132aa4fde,0,0,2,f8339f433e995806,3,1,122ff973d56aa827,d9f9f07c1f533739,d9f9f07c1f533739,0,0
3004,3004,0,0000290,00,2,2,3,667393dfa136c28b,0,0,2,5a9b36f19c31f1b4,3,1,9ca474265be13fd9,d9f9f07c1f533739,d9f9f07c1f533739,0,0
3005,3005,0,0000294,00,2,2,3,e8f81e8a2fbd5575,0,0,2,d7ceb87a11647f3f,3,1,414abc22860fb28c,d9f9f07c1f533739,d9f9f07c1f533739,0,0
3006,3006,0,0000298,00,2,2,3,0cdfa967cb9ad820,0,0,2,40302be6869aeca3,3,1,cfc1317708847a88,d9f9f07c1f533739,d9f9f07c1f533739,0,0
3007,3007,0,000029c,00,2,2,3,8254243245116fcd,0,0,2,cd65a56d0bcf6228,3,1,5c5da6899b18f7dd,d9f9f07c1f533739,d9f9f07c1f533739,0,0
3008,3008,0,00002a0,00,2,2,3,11c8b3ccd68de298,0,0,2,05617883c3cbbfc6,3,1,d2d62bdc15936023,d9f9f07c1f533739,d9f9f07c1f533739,0,0
3009,3009,0,00002a4,00,2,2,3,9f433e9958067566,0,0,2,8834f6084e9e314d,3,1,7b648974bc21ed76,d9f9f07c1f533739,d9f9f07c1f533739,0,0
3010,3010,0,00002a8,00,2,2,3,36f19c31f1b4f833,0,0,2,1fca6594d960a2d1,3,1,f5ef042132aa4fde,d9f9f07c1f533739,d9f9f07c1f533739,0,0
3011,3011,0,00002ac,00,2,2,3,b87a11647f3f5a9b,0,0,2,929feb1f54352c5a,3,1,667393dfa136c28b,d9f9f07c1f533739,d9f9f07c1f533739,0,0
3012,3012,0,00002b0,00,2,2,3,2be6869aeca3d7ce,0,0,2,303742adf69d85e8,3,1,e8f81e8a2fbd5575,d9f9f07c1f533739,d9f9f07c1f533739,0,0
3013,3013,0,00002b4,00,2,2,3,a56d0bcf62284030,0,0,2,bd62cc267bc80b63,3,1,0cdfa967cb9ad820,d9f9f07c1f533739,d9f9f07c1f533739,0,0
3014,3014,0,00002b8,00,2,2,3,7883c3cbbfc6cd65,0,0,2,2a9c5fbaec3698ff,3,1,8254243245116fcd,d9f9f07c1f533739,d9f9f07c1f533739,0,0
3015,3015,0,00002bc,00,2,2,3,f6084e9e314d0561,0,0,2,a7c9d13161631674,3,1,11c8b3ccd68de298,d9f9f07c1f533739,d9f9f07c1f533739,0,0
3016,3016,0,00002c0,00,2,2,3,6594d960a2d18834,0,0,2,ba95e4677c3f2322,3,1,9f433e9958067566,d9f9f07c1f533739,d9f9f07c1f533739,0,0
3017,3017,0,00002c4,00,2,2,3,eb1f54352c5a1fca,0,0,2,37c06aecf16aada9,3,1,36f19c31f1b4f833,d9f9f07c1f533739,d9f9f07c1f533739,0,0
3018,3018,0,00002c8,00,2,2,3,42adf69d85e8929f,0,0,2,a03ef97066943e35,3,1,b87a11647f3f5a9b,d9f9f07c1f533739,d9f9f07c1f533739,0,0
3019,3019,0,00002cc,00,2,2,3,cc267bc80b633037,0,0,2,2d6b77fbebc1b0be,3,1,2be6869aeca3d7ce,d9f9f07c1f533739,d9f9f07c1f533739,0,0
3020,3020,0,00002d0,00,2,2,3,5fbaec3698ffbd62,0,0,2,8fc3de494969190c,3,1,a56d0bcf62284030,d9f9f07c1f533739,d9f9f07c1f533739,0,0
3021,3021,0,00002d4,00,2,2,3,d131616316742a9c,0,0,2,029650c2c43c9787,3,1,7883c3cbbfc6cd65,d9f9f07c1f533739,d9f9f07c1f533739,0,0
3022,3022,0,00002d8,00,2,2,3,e4677c3f2322a7c9,0,0,2,9568c35e53c2041b,3,1,f6084e9e314d0561,d9f9f07c1f533739,d9f9f07c1f533739,0,0
3023,3023,0,00002dc,00,2,2,3,6aecf16aada9ba95,0,0,2,183d4dd5de978a90,3,1,6594d960a2d18834,d9f9f07c1f533739,d9f9f07c1f533739,0,0
3024,3024,0,00002e0,00,2,2,3,f97066943e3537c0,0,0,2,d039903b1693577e,3,1,eb1f54352c5a1fca,d9f9f07c1f533739,d9f9f07c1f533739,0,0
3025,3025,0,00002e4,00,2,2,3,77fbebc1b0bea03e,0,0,2,5d6c1eb09bc6d9f5,3,1,42adf69d85e8929f,d9f9f07c1f533739,d9f9f07c1f533739,0,0
3026,3026,0,00002e8,00,2,2,3,de494969190c2d6b,0,0,2,ca928d2c0c384a69,3,1,cc267bc80b633037,d9f9f07c1f533739,d9f9f07c1f533739,0,0
3027,3027,0,00002ec,00,2,2,3,50c2c43c97878fc3,0,0,2,47c703a7816dc4e2,3,1,5fbaec3698ffbd62,d9f9f07c1f533739,d9f9f07c1f533739,0,0
3028,3028,0,00002f0,00,2,2,3,c35e53c2041b0296,0,0,2,e56faa1523c56d50,3,1,d131616316742a9c,d9f9f07c1f533739,d9f9f07c1f533739,0,0
3029,3029,0,00002f4,00,2,2,3,4dd5de978a909568,0,0,2,683a249eae90e3db,3,1,e4677c3f2322a7c9,d9f9f07c1f533739,d9f9f07c1f533739,0,0
3030,3030,0,00002f8,00,2,2,3,903b1693577e183d,0,0,2,ffc4b702396e7047,3,1,6aecf16aada9ba95,d9f9f07c1f533739,d9f9f07c1f533739,0,0
3031,3031,0,00002fc,00,2,2,3,1eb09bc6d9f5d039,0,0,2,72913989b43bfecc,3,1,f97066943e3537c0,d9f9f07c1f533739,d9f9f07c1f533739,0,0
3032,3032,0,0000300,00,2,2,3,8d2c0c384a695d6c,0,0,2,901f7f4d56b5b808,3,1,77fbebc1b0bea03e,d9f9f07c1f533739,d9f9f07c1f533739,0,0
3033,3033,0,0000304,00,2,2,3,03a7816dc4e2ca92,0,0,2,1d4af1c6dbe03683,3,1,de494969190c2d6b,d9f9f07c1f533739,d9f9f07c1f533739,0,0
3034,3034,0,0000308,00,2,2,3,aa1523c56d5047c7,0,0,2,8ab4625a4c1ea51f,3,1,50c2c43c97878fc3,d9f9f07c1f533739,d9f9f07c1f533739,0,0
3035,3035,0,000030c,00,2,2,3,249eae90e3dbe56f,0,0,2,07e1ecd1c14b2b94,3,1,c35e53c2041b0296,d9f9f07c1f533739,d9f9f07c1f533739,0,0
3036,3036,0,0000310,00,2,2,3,b702396e7047683a,0,0,2,a549456363e38226,3,1,4dd5de978a909568,d9f9f07c1f533739,d9f9f07c1f533739,0,0
3037,3037,0,0000314,00,2,2,3,3989b43bfeccffc4,0,0,2,281ccbe8eeb60cad,3,1,903b1693577e183d,d9f9f07c1f533739,d9f9f07c1f533739,0,0
3038,3038,0,0000318,00,2,2,3,7f4d56b5b8087291,0,0,2,bfe2587479489f31,3,1,1eb09bc6d9f5d039,d9f9f07c1f533739,d9f9f07c1f533739,0,0
3039,3039,0,000031c,00,2,2,3,f1c6dbe03683901f,0,0,2,32b7d6fff41d11ba,3,1,8d2c0c384a695d6c,d9f9f07c1f533739,d9f9f07c1f533739,0,0
3040,3040,0,0000320,00,2,2,3,625a4c1ea51f1d4a,0,0,2,fab30b113c19cc54,3,1,03a7816dc4e2ca92,d9f9f07c1f533739,d9f9f07c1f533739,0,0
3041,3041,0,0000324,00,2,2,3,ecd1c14b2b948ab4,0,0,2,77e6859ab14c42df,3,1,aa1523c56d5047c7,d9f9f07c1f533739,d9f9f07c1f533739,0,0
3042,3042,0,0000328,00,2,2,3,456363e3822607e1,0,0,2,e018160626b2d143,3,1,249eae90e3dbe56f,d9f9f07c1f533739,d9f9f07c1f533739,0,0
3043,3043,0,000032c,00,2,2,3,cbe8eeb60cada549,0,0,2,6d4d988dabe75fc8,3,1,b702396e7047683a,d9f9f07c1f533739,d9f9f07c1f533739,0,0
3044,3044,0,0000330,00,2,2,3,587479489f31281c,0,0,2,cfe5313f094ff67a,3,1,3989b43bfeccffc4,d9f9f07c1f533739,d9f9f07c1f533739,0,0
3045,3045,0,0000334,00,2,2,3,d6fff41d11babfe2,0,0,2,42b0bfb4841a78f1,3,1,7f4d56b5b8087291,d9f9f07c1f533739,d9f9f07c1f533739,0,0
3046,3046,0,0000338,00,2,2,3,0b113c19cc5432b7,0,0,2,d54e2c2813e4eb6d,3,1,f1c6dbe03683901f,d9f9f07c1f533739,d9f9f07c1f533739,0,0
3047,3047,0,000033c,00,2,2,3,859ab14c42dffab3,0,0,2,581ba2a39eb165e6,3,1,625a4c1ea51f1d4a,d9f9f07c1f533739,d9f9f07c1f533739,0,0
3048,3048,0,0000340,00,2,2,3,160626b2d14377e6,0,0,2,454797f583ed50b0,3,1,ecd1c14b2b948ab4,d9f9f07c1f533739,d9f9f07c1f533739,0,0
3049,3049,0,0000344,00,2,2,3,988dabe75fc8e018,0,0,2,c812197e0eb8de3b,3,1,456363e3822607e1,d9f9f07c1f533739,d9f9f07c1f533739,0,0
3050,3050,0,0000348,00,2,2,3,313f094ff67a6d4d,0,0,2,5fec8ae299464da7,3,1,cbe8eeb60cada549,d9f9f07c1f533739,d9f9f07c1f533739,0,0
3051,3051,0,000034c,00,2,2,3,bfb4841a78f1cfe5,0,0,2,d2b904691413c32c,3,1,587479489f31281c,d9f9f07c1f533739,d9f9f07c1f533739,0,0
3052,3052,0,0000350,00,2,2,3,2c2813e4eb6d42b0,0,0,2,7011addbb6bb6a9e,3,1,d6fff41d11babfe2,d9f9f07c1f533739,d9f9f07c1f533739,0,0
3053,3053,0,0000354,00,2,2,3,a2a39eb165e6d54e,0,0,2,fd4423503beee415,3,1,0b113c19cc5432b7,d9f9f07c1f533739,d9f9f07c1f533739,0,0
3054,3054,0,0000358,00,2,2,3,97f583ed50b0581b,0,0,2,6abab0ccac107789,3,1,859ab14c42dffab3,d9f9f07c1f533739,d9f9f07c1f533739,0,0
3055,3055,0,000035c,00,2,2,3,197e0eb8de3b4547,0,0,2,e7ef3e472145f902,3,1,160626b2d14377e6,d9f9f07c1f533739,d9f9f07c1f533739,0,0
3056,3056,0,0000360,00,2,2,3,8ae299464da7c812,0,0,2,2febe3a9e94124ec,3,1,988dabe75fc8e018,d9f9f07c1f533739,d9f9f07c1f533739,0,0
3057,3057,0,0000364,00,2,2,3,04691413c32c5fec,0,0,2,a2be6d226414aa67,3,1,313f094ff67a6d4d,d9f9f07c1f533739,d9f9f07c1f533739,0,0
3058,3058,0,0000368,00,2,2,3,addbb6bb6a9ed2b9,0,0,2,3540febef3ea39fb,3,1,bfb4841a78f1cfe5,d9f9f07c1f533739,d9f9f07c1f533739,0,0
3059,3059,0,000036c,00,2,2,3,23503beee4157011,0,0,2,b81570357ebfb770,3,1,2c2813e4eb6d42b0,d9f9f07c1f533739,d9f9f07c1f533739,0,0
3060,3060,0,0000370,00,2,2,3,b0ccac107789fd44,0,0,2,1abdd987dc171ec2,3,1,a2a39eb165e6d54e,d9f9f07c1f533739,d9f9f07c1f533739,0,0
3061,3061,0,0000374,00,2,2,3,3e472145f9026aba,0,0,2,97e8570c51429049,3,1,97f583ed50b0581b,d9f9f07c1f533739,d9f9f07c1f533739,0,0
3062,3062,0,0000378,00,2,2,3,e3a9e94124ece7ef,0,0,2,0016c490c6bc03d5,3,1,197e0eb8de3b4547,d9f9f07c1f533739,d9f9f07c1f533739,0,0
3063,3063,0,000037c,00,2,2,3,6d226414aa672feb,0,0,2,8d434a1b4be98d5e,3,1,8ae299464da7c812,d9f9f07c1f533739,d9f9f07c1f533739,0,0
3064,3064,0,0000380,00,2,2,3,febef3ea39fba2be,0,0,2,3aaeae3cfc046979,3,1,04691413c32c5fec,d9f9f07c1f533739,d9f9f07c1f533739,0,0
3065,3065,0,0000384,00,2,2,3,70357ebfb7703540,0,0,2,b7fb20b77151e7f2,3,1,addbb6bb6a9ed2b9,d9f9f07c1f533739,d9f9f07c1f533739,0,0
3066,3066,0,0000388,00,2,2,3,d987dc171ec2b815,0,0,2,2005b32be6af746e,3,1,23503beee4157011,d9f9f07c1f533739,d9f9f07c1f533739,0,0
3067,3067,0,000038c,00,2,2,3,570c514290491abd,0,0,2,ad503da06bfafae5,3,1,b0ccac107789fd44,d9f9f07c1f533739,d9f9f07c1f533739,0,0
3068,3068,0,0000390,00,2,2,3,c490c6bc03d597e8,0,0,2,0ff89412c9525357,3,1,3e472145f9026aba,d9f9f07c1f533739,d9f9f07c1f533739,0,0
3069,3069,0,0000394,00,2,2,3,4a1b4be98d5e0016,0,0,2,82ad1a994407dddc,3,1,e3a9e94124ece7ef,d9f9f07c1f533739,d9f9f07c1f533739,0,0
3070,3070,0,0000398,00,2,2,3,ae3cfc0469798d43,0,0,2,15538905d3f94e40,3,1,6d226414aa672feb,d9f9f07c1f533739,d9f9f07c1f533739,0,0
3071,3071,0,000039c,00,2,2,3,20b77151e7f23aae,0,0,2,9806078e5eacc0cb,3,1,febef3ea39fba2be,d9f9f07c1f533739,d9f9f07c1f533739,0,0
3072,3072,0,00003a0,00,2,2,3,b32be6af746eb7fb,0,0,2,5002da6096a81d25,3,1,70357ebfb7703540,d9f9f07c1f533739,d9f9f07c1f533739,0,0
3073,3073,0,00003a4,00,2,2,3,3da06bfafae52005,0,0,2,dd5754eb1bfd93ae,3,1,d987dc171ec2b815,d9f9f07c1f533739,d9f9f07c1f533739,0,0
3074,3074,0,00003a8,00,2,2,3,9412c9525357ad50,0,0,2,4aa9c7778c030032,3,1,570c514290491abd,d9f9f07c1f533739,d9f9f07c1f533739,0,0
3075,3075,0,00003ac,00,2,2,3,1a994407dddc0ff8,0,0,2,c7fc49fc01568eb9,3,1,c490c6bc03d597e8,d9f9f07c1f533739,d9f9f07c1f533739,0,0
3076,3076,0,00003b0,00,2,2,3,8905d3f94e4082ad,0,0,2,6554e04ea3fe270b,3,1,4a1b4be98d5e0016,d9f9f07c1f533739,d9f9f07c1f533739,0,0
3077,3077,0,00003b4,00,2,2,3,078e5eacc0cb1553,0,0,2,e8016ec52eaba980,3,1,ae3cfc0469798d43,d9f9f07c1f533739,d9f9f07c1f533739,0,0
3078,3078,0,00003b8,00,2,2,3,da6096a81d259806,0,0,2,7ffffd59b9553a1c,3,1,20b77151e7f23aae,d9f9f07c1f533739,d9f9f07c1f533739,0,0
3079,3079,0,00003bc,00,2,2,3,54eb1bfd93ae5002,0,0,2,f2aa73d23400b497,3,1,b32be6af746eb7fb,d9f9f07c1f533739,d9f9f07c1f533739,0,0
3080,3080,0,00003c0,00,2,2,3,c7778c030032dd57,0,0,2,eff64684295c81c1,3,1,3da06bfafae52005,d9f9f07c1f533739,d9f9f07c1f533739,0,0
3081,3081,0,00003c4,00,2,2,3,49fc01568eb94aa9,0,0,2,62a3c80fa4090f4a,3,1,9412c9525357ad50,d9f9f07c1f533739,d9f9f07c1f533739,0,0
3082,3082,0,00003c8,00,2,2,3,e04ea3fe270bc7fc,0,0,2,f55d5b9333f79cd6,3,1,1a994407dddc0ff8,d9f9f07c1f533739,d9f9f07c1f533739,0,0
3083,3083,0,00003cc,00,2,2,3,6ec52eaba9806554,0,0,2,7808d518bea2125d,3,1,8905d3f94e4082ad,d9f9f07c1f533739,d9f9f07c1f533739,0,0
3084,3084,0,00003d0,00,2,2,3,fd59b9553a1ce801,0,0,2,daa07caa1c0abbef,3,1,078e5eacc0cb1553,d9f9f07c1f533739,d9f9f07c1f533739,0,0
3085,3085,0,00003d4,00,2,2,3,73d23400b4977fff,0,0,2,57f5f221915f3564,3,1,da6096a81d259806,d9f9f07c1f533739,d9f9f07c1f533739,0,0
3086,3086,0,00003d8,00,2,2,3,4684295c81c1f2aa,0,0,2,c00b61bd06a1a6f8,3,1,54eb1bfd93ae5002,d9f9f07c1f533739,d9f9f07c1f533739,0,0
3087,3087,0,00003dc,00,2,2,3,c80fa4090f4aeff6,0,0,2,4d5eef368bf42873,3,1,c7778c030032dd57,d9f9f07c1f533739,d9f9f07c1f533739,0,0
3088,3088,0,00003e0,00,2,2,3,5b9333f79cd662a3,0,0,2,855a32d843f0f59d,3,1,49fc01568eb94aa9,d9f9f07c1f533739,d9f9f07c1f533739,0,0
3089,3089,0,00003e4,00,2,2,3,d518bea2125df55d,0,0,2,080fbc53cea57b16,3,1,e04ea3fe270bc7fc,d9f9f07c1f533739,d9f9f07c1f533739,0,0
3090,3090,0,00003e8,00,2,2,3,7caa1c0abbef7808,0,0,2,9ff12fcf595be88a,3,1,6ec52eaba9806554,d9f9f07c1f533739,d9f9f07c1f533739,0,0
3091,3091,0,00003ec,00,2,2,3,f221915f3564daa0,0,0,2,12a4a144d40e6601,3,1,fd59b9553a1ce801,d9f9f07c1f533739,d9f9f07c1f533739,0,0
3092,3092,0,00003f0,00,2,2,3,61bd06a1a6f857f5,0,0,2,b00c08f676a6cfb3,3,1,73d23400b4977fff,d9f9f07c1f533739,d9f9f07c1f533739,0,0
3093,3093,0,00003f4,00,2,2,3,ef368bf42873c00b,0,0,2,3d59867dfbf34138,3,1,4684295c81c1f2aa,d9f9f07c1f533739,d9f9f07c1f533739,0,0
3094,3094,0,00003f8,00,2,2,3,32d843f0f59d4d5e,0,0,2,aaa715e16c0dd2a4,3,1,c80fa4090f4aeff6,d9f9f07c1f533739,d9f9f07c1f533739,0,0
3095,3095,0,00003fc,00,2,2,3,bc53cea57b16855a,0,0,2,27f29b6ae1585c2f,3,1,5b9333f79cd662a3,d9f9f07c1f533739,d9f9f07c1f533739,0,0
3096,3096,0,0000000,00,2,2,3,2fcf595be88a080f,0,0,2,6fbb9868a9115f2d,3,1,d518bea2125df55d,d9f9f07c1f533739,d9f9f07c1f533739,0,0
3097,3097,0,0000004,00,2,2,3,a144d40e66019ff1,0,0,2,e2ee16e32444d1a6,3,1,7caa1c0abbef7808,d9f9f07c1f533739,d9f9f07c1f533739,0,0
3098,3098,0,0000008,00,2,2,3,08f676a6cfb312a4,0,0,2,7510857fb3ba423a,3,1,f221915f3564daa0,d9f9f07c1f533739,d9f9f07c1f533739,0,0
3099,3099,0,000000c,00,2,2,3,867dfbf34138b00c,0,0,2,f8450bf43eefccb1,3,1,61bd06a1a6f857f5,d9f9f07c1f533739,d9f9f07c1f533739,0,0
3100,3100,0,0000010,00,2,2,3,15e16c0dd2a43d59,0,0,2,5aeda2469c476503,3,1,ef368bf42873c00b,d9f9f07c1f533739,d9f9f07c1f533739,0,0
3101,3101,0,0000014,00,2,2,3,9b6ae1585c2faaa7,0,0,2,d7b82ccd1112eb88,3,1,32d843f0f59d4d5e,d9f9f07c1f533739,d9f9f07c1f533739,0,0
3102,3102,0,0000018,00,2,2,3,9868a9115f2d27f2,0,0,2,4046bf5186ec7814,3,1,bc53cea57b16855a,d9f9f07c1f533739,d9f9f07c1f533739,0,0
3103,3103,0,000001c,00,2,2,3,16e32444d1a66fbb,0,0,2,cd1331da0bb9f69f,3,1,2fcf595be88a080f,d9f9f07c1f533739,d9f9f07c1f533739,0,0
3104,3104,0,0000020,00,2,2,3,857fb3ba423ae2ee,0,0,2,0517ec34c3bd2b71,3,1,a144d40e66019ff1,d9f9f07c1f533739,d9f9f07c1f533739,0,0
3105,3105,0,0000024,00,2,2,3,0bf43eefccb17510,0,0,2,884262bf4ee8a5fa,3,1,08f676a6cfb312a4,d9f9f07c1f533739,d9f9f07c1f533739,0,0
3106,3106,0,0000028,00,2,2,3,a2469c476503f845,0,0,2,1fbcf123d9163666,3,1,867dfbf34138b00c,d9f9f07c1f533739,d9f9f07c1f533739,0,0
3107,3107,0,000002c,00,2,2,3,2ccd1112eb885aed,0,0,2,92e97fa85443b8ed,3,1,15e16c0dd2a43d59,d9f9f07c1f533739,d9f9f07c1f533739,0,0
3108,3108,0,0000030,00,2,2,3,bf5186ec7814d7b8,0,0,2,3041d61af6eb115f,3,1,9b6ae1585c2faaa7,d9f9f07c1f533739,d9f9f07c1f533739,0,0
3109,3109,0,0000034,00,2,2,3,31da0bb9f69f4046,0,0,2,bd1458917bbe9fd4,3,1,9868a9115f2d27f2,d9f9f07c1f533739,d9f9f07c1f533739,0,0
3110,3110,0,0000038,00,2,2,3,ec34c3bd2b71cd13,0,0,2,2aeacb0dec400c48,3,1,16e32444d1a66fbb,d9f9f07c1f533739,d9f9f07c1f533739,0,0
3111,3111,0,000003c,00,2,2,3,62bf4ee8a5fa0517,0,0,2,a7bf4586611582c3,3,1,857fb3ba423ae2ee,d9f9f07c1f533739,d9f9f07c1f533739,0,0
3112,3112,0,0000040,00,2,2,3,f123d91636668842,0,0,2,bae370d07c49b795,3,1,0bf43eefccb17510,d9f9f07c1f533739,d9f9f07c1f533739,0,0
3113,3113,0,0000044,00,2,2,3,7fa85443b8ed1fbc,0,0,2,37b6fe5bf11c391e,3,1,a2469c476503f845,d9f9f07c1f533739,d9f9f07c1f533739,0,0
3114,3114,0,0000048,00,2,2,3,d61af6eb115f92e9,0,0,2,a0486dc766e2aa82,3,1,2ccd1112eb885aed,d9f9f07c1f533739,d9f9f07c1f533739,0,0
3115,3115,0,000004c,00,2,2,3,58917bbe9fd43041,0,0,2,2d1de34cebb72409,3,1,bf5186ec7814d7b8,d9f9f07c1f533739,d9f9f07c1f533739,0,0
3116,3116,0,0000050,00,2,2,3,cb0dec400c48bd14,0,0,2,8fb54afe491f8dbb,3,1,31da0bb9f69f4046,d9f9f07c1f533739,d9f9f07c1f533739,0,0
3117,3117,0,0000054,00,2,2,3,4586611582c32aea,0,0,2,02e0c475c44a0330,3,1,ec34c3bd2b71cd13,d9f9f07c1f533739,d9f9f07c1f533739,0,0
3118,3118,0,0000058,00,2,2,3,70d07c49b795a7bf,0,0,2,951e57e953b490ac,3,1,62bf4ee8a5fa0517,d9f9f07c1f533739,d9f9f07c1f533739,0,0
3119,3119,0,000005c,00,2,2,3,fe5bf11c391ebae3,0,0,2,184bd962dee11e27,3,1,f123d91636668842,d9f9f07c1f533739,d9f9f07c1f533739,0,0
3120,3120,0,0000060,00,2,2,3,6dc766e2aa8237b6,0,0,2,d04f048c16e5c3c9,3,1,7fa85443b8ed1fbc,d9f9f07c1f533739,d9f9f07c1f533739,0,0
3121,3121,0,0000064,00,2,2,3,e34cebb72409a048,0,0,2,5d1a8a079bb04d42,3,1,d61af6eb115f92e9,d9f9f07c1f533739,d9f9f07c1f533739,0,0
3122,3122,0,0000068,00,2,2,3,4afe491f8dbb2d1d,0,0,2,cae4199b0c4edede,3,1,58917bbe9fd43041,d9f9f07c1f533739,d9f9f07c1f533739,0,0
3123,3123,0,000006c,00,2,2,3,c475c44a03308fb5,0,0,2,47b19710811b5055,3,1,cb0dec400c48bd14,d9f9f07c1f533739,d9f9f07c1f533739,0,0
3124,3124,0,0000070,00,2,2,3,57e953b490ac02e0,0,0,2,e5193ea223b3f9e7,3,1,4586611582c32aea,d9f9f07c1f533739,d9f9f07c1f533739,0,0
3125,3125,0,0000074,00,2,2,3,d962dee11e27951e,0,0,2,684cb029aee6776c,3,1,70d07c49b795a7bf,d9f9f07c1f533739,d9f9f07c1f533739,0,0
3126,3126,0,0000078,00,2,2,3,048c16e5c3c9184b,0,0,2,ffb223b53918e4f0,3,1,fe5bf11c391ebae3,d9f9f07c1f533739,d9f9f07c1f533739,0,0
3127,3127,0,000007c,00,2,2,3,8a079bb04d42d04f,0,0,2,72e7ad3eb44d6a7b,3,1,6dc766e2aa8237b6,d9f9f07c1f533739,d9f9f07c1f533739,0,0
3128,3128,0,0000080,00,2,2,3,199b0c4edede5d1a,0,0,2,c50a491903a08e5c,3,1,e34cebb72409a048,d9f9f07c1f533739,d9f9f07c1f533739,0,0
3129,3129,0,0000084,00,2,2,3,9710811b5055cae4,0,0,2,485fc7928ef500d7,3,1,4afe491f8dbb2d1d,d9f9f07c1f533739,d9f9f07c1f533739,0,0
3130,3130,0,0000088,00,2,2,3,3ea223b3f9e747b1,0,0,2,dfa1540e190b934b,3,1,c475c44a03308fb5,d9f9f07c1f533739,d9f9f07c1f533739,0,0
3131,3131,0,000008c,00,2,2,3,b029aee6776ce519,0,0,2,52f4da85945e1dc0,3,1,57e953b490ac02e0,d9f9f07c1f533739,d9f9f07c1f533739,0,0
3132,3132,0,0000090,00,2,2,3,23b53918e4f0684c,0,0,2,f05c733736f6b472,3,1,d962dee11e27951e,d9f9f07c1f533739,d9f9f07c1f533739,0,0
3133,3133,0,0000094,00,2,2,3,ad3eb44d6a7bffb2,0,0,2,7d09fdbcbba33af9,3,1,048c16e5c3c9184b,d9f9f07c1f533739,d9f9f07c1f533739,0,0
3134,3134,0,0000098,00,2,2,3,491903a08e5c72e7,0,0,2,eaf76e202c5da965,3,1,8a079bb04d42d04f,d9f9f07c1f533739,d9f9f07c1f533739,0,0
3135,3135,0,000009c,00,2,2,3,c7928ef500d7c50a,0,0,2,67a2e0aba10827ee,3,1,199b0c4edede5d1a,d9f9f07c1f533739,d9f9f07c1f533739,0,0
3136,3136,0,00000a0,00,2,2,3,540e190b934b485f,0,0,2,afa63d45690cfa00,3,1,9710811b5055cae4,d9f9f07c1f533739,d9f9f07c1f533739,0,0
3137,3137,0,00000a4,00,2,2,3,da85945e1dc0dfa1,0,0,2,22f3b3cee459748b,3,1,3ea223b3f9e747b1,d9f9f07c1f533739,d9f9f07c1f533739,0,0
3138,3138,0,00000a8,00,2,2,3,733736f6b47252f4,0,0,2,b50d205273a7e717,3,1,b029aee6776ce519,d9f9f07c1f533739,d9f9f07c1f533739,0,0
3139,3139,0,00000ac,00,2,2,3,fdbcbba33af9f05c,0,0,2,3858aed9fef2699c,3,1,23b53918e4f0684c,d9f9f07c1f533739,d9f9f07c1f533739,0,0
3140,3140,0,00000b0,00,2,2,3,6e202c5da9657d09,0,0,2,9af0076b5c5ac02e,3,1,ad3eb44d6a7bffb2,d9f9f07c1f533739,d9f9f07c1f533739,0,0
3141,3141,0,00000b4,00,2,2,3,e0aba10827eeeaf7,0,0,2,17a589e0d10f4ea5,3,1,491903a08e5c72e7,d9f9f07c1f533739,d9f9f07c1f533739,0,0
3142,3142,0,00000b8,00,2,2,3,3d45690cfa0067a2,0,0,2,805b1a7c46f1dd39,3,1,c7928ef500d7c50a,d9f9f07c1f533739,d9f9f07c1f533739,0,0
3143,3143,0,00000bc,00,2,2,3,b3cee459748bafa6,0,0,2,0d0e94f7cba453b2,3,1,540e190b934b485f,d9f9f07c1f533739,d9f9f07c1f533739,0,0
3144,3144,0,00000c0,00,2,2,3,205273a7e71722f3,0,0,2,1052a1a1d6f866e4,3,1,da85945e1dc0dfa1,d9f9f07c1f533739,d9f9f07c1f533739,0,0
3145,3145,0,00000c4,00,2,2,3,aed9fef2699cb50d,0,0,2,9d072f2a5bade86f,3,1,733736f6b47252f4,d9f9f07c1f533739,d9f9f07c1f533739,0,0
3146,3146,0,00000c8,00,2,2,3,076b5c5ac02e3858,0,0,2,0af9bcb6cc537bf3,3,1,fdbcbba33af9f05c,d9f9f07c1f533739,d9f9f07c1f533739,0,0
3147,3147,0,00000cc,00,2,2,3,89e0d10f4ea59af0,0,0,2,87ac323d4106f578,3,1,6e202c5da9657d09,d9f9f07c1f533739,d9f9f07c1f533739,0,0
3148,3148,0,00000d0,00,2,2,3,1a7c46f1dd3917a5,0,0,2,25049b8fe3ae5cca,3,1,e0aba10827eeeaf7,d9f9f07c1f533739,d9f9f07c1f533739,0,0
3149,3149,0,00000d4,00,2,2,3,94f7cba453b2805b,0,0,2,a85115046efbd241,3,1,3d45690cfa0067a2,d9f9f07c1f533739,d9f9f07c1f533739,0,0
3150,3150,0,00000d8,00,2,2,3,a1a1d6f866e40d0e,0,0,2,3faf8698f90541dd,3,1,b3cee459748bafa6,d9f9f07c1f533739,d9f9f07c1f533739,0,0
3151,3151,0,00000dc,00,2,2,3,2f2a5bade86f1052,0,0,2,b2fa08137450cf56,3,1,205273a7e71722f3,d9f9f07c1f533739,d9f9f07c1f533739,0,0
3152,3152,0,00000e0,00,2,2,3,bcb6cc537bf39d07,0,0,2,7afed5fdbc5412b8,3,1,aed9fef2699cb50d,d9f9f07c1f533739,d9f9f07c1f533739,0,0
3153,3153,0,00000e4,00,2,2,3,323d4106f5780af9,0,0,2,f7ab5b7631019c33,3,1,076b5c5ac02e3858,d9f9f07c1f533739,d9f9f07c1f533739,0,0
3154,3154,0,00000e8,00,2,2,3,9b8fe3ae5cca87ac,0,0,2,6055c8eaa6ff0faf,3,1,89e0d10f4ea59af0,d9f9f07c1f533739,d9f9f07c1f533739,0,0
3155,3155,0,00000ec,00,2,2,3,15046efbd2412504,0,0,2,ed0046612baa8124,3,1,1a7c46f1dd3917a5,d9f9f07c1f533739,d9f9f07c1f533739,0,0
3156,3156,0,00000f0,00,2,2,3,8698f90541dda851,0,0,2,4fa8efd389022896,3,1,94f7cba453b2805b,d9f9f07c1f533739,d9f9f07c1f533739,0,0
3157,3157,0,00000f4,00,2,2,3,08137450cf563faf,0,0,2,c2fd61580457a61d,3,1,a1a1d6f866e40d0e,d9f9f07c1f533739,d9f9f07c1f533739,0,0
3158,3158,0,00000f8,00,2,2,3,d5fdbc5412b8b2fa,0,0,2,5503f2c493a93581,3,1,2f2a5bade86f1052,d9f9f07c1f533739,d9f9f07c1f533739,0,0
3159,3159,0,00000fc,00,2,2,3,5b7631019c337afe,0,0,2,d8567c4f1efcbb0a,3,1,bcb6cc537bf39d07,d9f9f07c1f533739,d9f9f07c1f533739,0,0
3160,3160,0,0000100,00,2,2,3,c8eaa6ff0faff7ab,0,0,2,3ad83a8bfc72fdce,3,1,323d4106f5780af9,d9f9f07c1f533739,d9f9f07c1f533739,0,0
3161,3161,0,0000104,00,2,2,3,46612baa81246055,0,0,2,b78db40071277345,3,1,9b8fe3ae5cca87ac,d9f9f07c1f533739,d9f9f07c1f533739,0,0
3162,3162,0,0000108,00,2,2,3,efd389022896ed00,0,0,2,2073279ce6d9e0d9,3,1,15046efbd2412504,d9f9f07c1f533739,d9f9f07c1f533739,0,0
3163,3163,0,000010c,00,2,2,3,61580457a61d4fa8,0,0,2,ad26a9176b8c6e52,3,1,8698f90541dda851,d9f9f07c1f533739,d9f9f07c1f533739,0,0
3164,3164,0,0000110,00,2,2,3,f2c493a93581c2fd,0,0,2,0f8e00a5c924c7e0,3,1,08137450cf563faf,d9f9f07c1f533739,d9f9f07c1f533739,0,0
3165,3165,0,0000114,00,2,2,3,7c4f1efcbb0a5503,0,0,2,82db8e2e4471496b,3,1,d5fdbc5412b8b2fa,d9f9f07c1f533739,d9f9f07c1f533739,0,0
3166,3166,0,0000118,00,2,2,3,3a8bfc72fdced856,0,0,2,15251db2d38fdaf7,3,1,5b7631019c337afe,d9f9f07c1f533739,d9f9f07c1f533739,0,0
3167,3167,0,000011c,00,2,2,3,b400712773453ad8,0,0,2,987093395eda547c,3,1,c8eaa6ff0faff7ab,d9f9f07c1f533739,d9f9f07c1f533739,0,0
3168,3168,0,0000120,00,2,2,3,279ce6d9e0d9b78d,0,0,2,50744ed796de8992,3,1,46612baa81246055,d9f9f07c1f533739,d9f9f07c1f533739,0,0
3169,3169,0,0000124,00,2,2,3,a9176b8c6e522073,0,0,2,dd21c05c1b8b0719,3,1,efd389022896ed00,d9f9f07c1f533739,d9f9f07c1f533739,0,0
3170,3170,0,0000128,00,2,2,3,00a5c924c7e0ad26,0,0,2,4adf53c08c759485,3,1,61580457a61d4fa8,d9f9f07c1f533739,d9f9f07c1f533739,0,0
3171,3171,0,000012c,00,2,2,3,8e2e4471496b0f8e,0,0,2,c78add4b01201a0e,3,1,f2c493a93581c2fd,d9f9f07c1f533739,d9f9f07c1f533739,0,0
3172,3172,0,0000130,00,2,2,3,1db2d38fdaf782db,0,0,2,652274f9a388b3bc,3,1,7c4f1efcbb0a5503,d9f9f07c1f533739,d9f9f07c1f533739,0,0
3173,3173,0,0000134,00,2,2,3,93395eda547c1525,0,0,2,e877fa722edd3d37,3,1,3a8bfc72fdced856,d9f9f07c1f533739,d9f9f07c1f533739,0,0
3174,3174,0,0000138,00,2,2,3,4ed796de89929870,0,0,2,7f8969eeb923aeab,3,1,b400712773453ad8,d9f9f07c1f533739,d9f9f07c1f533739,0,0
3175,3175,0,000013c,00,2,2,3,c05c1b8b07195074,0,0,2,f2dce76534762020,3,1,279ce6d9e0d9b78d,d9f9f07c1f533739,d9f9f07c1f533739,0,0
3176,3176,0,0000140,00,2,2,3,53c08c759485dd21,0,0,2,ef80d233292a1576,3,1,a9176b8c6e522073,d9f9f07c1f533739,d9f9f07c1f533739,0,0
3177,3177,0,0000144,00,2,2,3,dd4b01201a0e4adf,0,0,2,62d55cb8a47f9bfd,3,1,00a5c924c7e0ad26,d9f9f07c1f533739,d9f9f07c1f533739,0,0
3178,3178,0,0000148,00,2,2,3,74f9a388b3bcc78a,0,0,2,f52bcf2433810861,3,1,8e2e4471496b0f8e,d9f9f07c1f533739,d9f9f07c1f533739,0,0
3179,3179,0,000014c,00,2,2,3,fa722edd3d376522,0,0,2,787e41afbed486ea,3,1,1db2d38fdaf782db,d9f9f07c1f533739,d9f9f07c1f533739,0,0
3180,3180,0,0000150,00,2,2,3,69eeb923aeabe877,0,0,2,dad6e81d1c7c2f58,3,1,93395eda547c1525,d9f9f07c1f533739,d9f9f07c1f533739,0,0
3181,3181,0,0000154,00,2,2,3,e765347620207f89,0,0,2,578366969129a1d3,3,1,4ed796de89929870,d9f9f07c1f533739,d9f9f07c1f533739,0,0
3182,3182,0,0000158,00,2,2,3,d233292a1576f2dc,0,0,2,c07df50a06d7324f,3,1,c05c1b8b07195074,d9f9f07c1f533739,d9f9f07c1f533739,0,0
3183,3183,0,000015c,00,2,2,3,5cb8a47f9bfdef80,0,0,2,4d287b818b82bcc4,3,1,53c08c759485dd21,d9f9f07c1f533739,d9f9f07c1f533739,0,0
3184,3184,0,0000160,00,2,2,3,cf243381086162d5,0,0,2,852ca66f4386612a,3,1,dd4b01201a0e4adf,d9f9f07c1f533739,d9f9f07c1f533739,0,0
3185,3185,0,0000164,00,2,2,3,41afbed486eaf52b,0,0,2,087928e4ced3efa1,3,1,74f9a388b3bcc78a,d9f9f07c1f533739,d9f9f07c1f533739,0,0
3186,3186,0,0000168,00,2,2,3,e81d1c7c2f58787e,0,0,2,9f87bb78592d7c3d,3,1,fa722edd3d376522,d9f9f07c1f533739,d9f9f07c1f533739,0,0
3187,3187,0,000016c,00,2,2,3,66969129a1d3dad6,0,0,2,12d235f3d478f2b6,3,1,69eeb923aeabe877,d9f9f07c1f533739,d9f9f07c1f533739,0,0
3188,3188,0,0000170,00,2,2,3,f50a06d7324f5783,0,0,2,b07a9c4176d05b04,3,1,e765347620207f89,d9f9f07c1f533739,d9f9f07c1f533739,0,0
3189,3189,0,0000174,00,2,2,3,7b818b82bcc4c07d,0,0,2,3d2f12cafb85d58f,3,1,d233292a1576f2dc,d9f9f07c1f533739,d9f9f07c1f533739,0,0
3190,3190,0,0000178,00,2,2,3,a66f4386612a4d28,0,0,2,aad181566c7b4613,3,1,5cb8a47f9bfdef80,d9f9f07c1f533739,d9f9f07c1f533739,0,0
3191,3191,0,000017c,00,2,2,3,28e4ced3efa1852c,0,0,2,27840fdde12ec898,3,1,cf243381086162d5,d9f9f07c1f533739,d9f9f07c1f533739,0,0
3192,3192,0,0000180,00,2,2,3,bb78592d7c3d0879,0,0,2,9069ebfa56c32cbf,3,1,41afbed486eaf52b,d9f9f07c1f533739,d9f9f07c1f533739,0,0
3193,3193,0,0000184,00,2,2,3,35f3d478f2b69f87,0,0,2,1d3c6571db96a234,3,1,e81d1c7c2f58787e,d9f9f07c1f533739,d9f9f07c1f533739,0,0
3194,3194,0,0000188,00,2,2,3,9c4176d05b0412d2,0,0,2,8ac2f6ed4c6831a8,3,1,66969129a1d3dad6,d9f9f07c1f533739,d9f9f07c1f533739,0,0
3195,3195,0,000018c,00,2,2,3,12cafb85d58fb07a,0,0,2,07977866c13dbf23,3,1,f50a06d7324f5783,d9f9f07c1f533739,d9f9f07c1f533739,0,0
3196,3196,0,0000190,00,2,2,3,81566c7b46133d2f,0,0,2,a53fd1d463951691,3,1,7b818b82bcc4c07d,d9f9f07c1f533739,d9f9f07c1f533739,0,0
3197,3197,0,0000194,00,2,2,3,0fdde12ec898aad1,0,0,2,286a5f5feec0981a,3,1,a66f4386612a4d28,d9f9f07c1f533739,d9f9f07c1f533739,0,0
3198,3198,0,0000198,00,2,2,3,ebfa56c32cbf2784,0,0,2,bf94ccc3793e0b86,3,1,28e4ced3efa1852c,d9f9f07c1f533739,d9f9f07c1f533739,0,0
3199,3199,0,000019c,00,2,2,3,6571db96a2349069,0,0,2,32c14248f46b850d,3,1,bb78592d7c3d0879,d9f9f07c1f533739,d9f9f07c1f533739,0,0
3200,3200,0,00001a0,00,2,2,3,f6ed4c6831a81d3c,0,0,2,fac59fa63c6f58e3,3,1,35f3d478f2b69f87,d9f9f07c1f533739,d9f9f07c1f533739,0,0
3201,3201,0,00001a4,00,2,2,3,7866c13dbf238ac2,0,0,2,7790112db13ad668,3,1,9c4176d05b0412d2,d9f9f07c1f533739,d9f9f07c1f533739,0,0
3202,3202,0,00001a8,00,2,2,3,d1d4639516910797,0,0,2,e06e82b126c445f4,3,1,12cafb85d58fb07a,d9f9f07c1f533739,d9f9f07c1f533739,0,0
3203,3203,0,00001ac,00,2,2,3,5f5feec0981aa53f,0,0,2,6d3b0c3aab91cb7f,3,1,81566c7b46133d2f,d9f9f07c1f533739,d9f9f07c1f533739,0,0
3204,3204,0,00001b0,00,2,2,3,ccc3793e0b86286a,0,0,2,cf93a588093962cd,3,1,0fdde12ec898aad1,d9f9f07c1f533739,d9f9f07c1f533739,0,0
3205,3205,0,00001b4,00,2,2,3,4248f46b850dbf94,0,0,2,42c62b03846cec46,3,1,ebfa56c32cbf2784,d9f9f07c1f533739,d9f9f07c1f533739,0,0
3206,3206,0,00001b8,00,2,2,3,9fa63c6f58e332c1,0,0,2,d538b89f13927fda,3,1,6571db96a2349069,d9f9f07c1f533739,d9f9f07c1f533739,0,0
3207,3207,0,00001bc,00,2,2,3,112db13ad668fac5,0,0,2,586d36149ec7f151,3,1,f6ed4c6831a81d3c,d9f9f07c1f533739,d9f9f07c1f533739,0,0
3208,3208,0,00001c0,00,2,2,3,82b126c445f47790,0,0,2,45310342839bc407,3,1,7866c13dbf238ac2,d9f9f07c1f533739,d9f9f07c1f533739,0,0
3209,3209,0,00001c4,00,2,2,3,0c3aab91cb7fe06e,0,0,2,c8648dc90ece4a8c,3,1,d1d4639516910797,d9f9f07c1f533739,d9f9f07c1f533739,0,0
3210,3210,0,00001c8,00,2,2,3,a588093962cd6d3b,0,0,2,5f9a1e559930d910,3,1,5f5feec0981aa53f,d9f9f07c1f533739,d9f9f07c1f533739,0,0
3211,3211,0,00001cc,00,2,2,3,2b03846cec46cf93,0,0,2,d2cf90de1465579b,3,1,ccc3793e0b86286a,d9f9f07c1f533739,d9f9f07c1f533739,0,0
3212,3212,0,00001d0,00,2,2,3,b89f13927fda42c6,0,0,2,7067396cb6cdfe29,3,1,4248f46b850dbf94,d9f9f07c1f533739,d9f9f07c1f533739,0,0
3213,3213,0,00001d4,00,2,2,3,36149ec7f151d538,0,0,2,fd32b7e73b9870a2,3,1,9fa63c6f58e332c1,d9f9f07c1f533739,d9f9f07c1f533739,0,0
3214,3214,0,00001d8,00,2,2,3,0342839bc407586d,0,0,2,6acc247bac66e33e,3,1,112db13ad668fac5,d9f9f07c1f533739,d9f9f07c1f533739,0,0
3215,3215,0,00001dc,00,2,2,3,8dc90ece4a8c4531,0,0,2,e799aaf021336db5,3,1,82b126c445f47790,d9f9f07c1f533739,d9f9f07c1f533739,0,0
3216,3216,0,00001e0,00,2,2,3,1e559930d910c864,0,0,2,2f9d771ee937b05b,3,1,0c3aab91cb7fe06e,d9f9f07c1f533739,d9f9f07c1f533739,0,0
3217,3217,0,00001e4,00,2,2,3,90de1465579b5f9a,0,0,2,a2c8f99564623ed0,3,1,a588093962cd6d3b,d9f9f07c1f533739,d9f9f07c1f533739,0,0
3218,3218,0,00001e8,00,2,2,3,396cb6cdfe29d2cf,0,0,2,35366a09f39cad4c,3,1,2b03846cec46cf93,d9f9f07c1f533739,d9f9f07c1f533739,0,0
3219,3219,0,00001ec,00,2,2,3,b7e73b9870a27067,0,0,2,b863e4827ec923c7,3,1,b89f13927fda42c6,d9f9f07c1f533739,d9f9f07c1f533739,0,0
3220,3220,0,00001f0,00,2,2,3,247bac66e33efd32,0,0,2,1acb4d30dc618a75,3,1,36149ec7f151d538,d9f9f07c1f533739,d9f9f07c1f533739,0,0
3221,3221,0,00001f4,00,2,2,3,aaf021336db56acc,0,0,2,979ec3bb513404fe,3,1,0342839bc407586d,d9f9f07c1f533739,d9f9f07c1f533739,0,0
3222,3222,0,00001f8,00,2,2,3,771ee937b05be799,0,0,2,00605027c6ca9762,3,1,8dc90ece4a8c4531,d9f9f07c1f533739,d9f9f07c1f533739,0,0
3223,3223,0,00001fc,00,2,2,3,f99564623ed02f9d,0,0,2,8d35deac4b9f19e9,3,1,1e559930d910c864,d9f9f07c1f533739,d9f9f07c1f533739,0,0
3224,3224,0,0000200,00,2,2,3,6a09f39cad4ca2c8,0,0,2,c57cddae03d61aeb,3,1,90de1465579b5f9a,d9f9f07c1f533739,d9f9f07c1f533739,0,0
3225,3225,0,0000204,00,2,2,3,e4827ec923c73536,0,0,2,482953258e839460,3,1,396cb6cdfe29d2cf,d9f9f07c1f533739,d9f9f07c1f533739,0,0
3226,3226,0,0000208,00,2,2,3,4d30dc618a75b863,0,0,2,dfd7c0b9197d07fc,3,1,b7e73b9870a27067,d9f9f07c1f533739,d9f9f07c1f533739,0,0
3227,3227,0,000020c,00,2,2,3,c3bb513404fe1acb,0,0,2,52824e3294288977,3,1,247bac66e33efd32,d9f9f07c1f533739,d9f9f07c1f533739,0,0
3228,3228,0,0000210,00,2,2,3,5027c6ca9762979e,0,0,2,f02ae780368020c5,3,1,aaf021336db56acc,d9f9f07c1f533739,d9f9f07c1f533739,0,0
3229,3229,0,0000214,00,2,2,3,deac4b9f19e90060,0,0,2,7d7f690bbbd5ae4e,3,1,771ee937b05be799,d9f9f07c1f533739,d9f9f07c1f533739,0,0
3230,3230,0,0000218,00,2,2,3,ddae03d61aeb8d35,0,0,2,ea81fa972c2b3dd2,3,1,f99564623ed02f9d,d9f9f07c1f533739,d9f9f07c1f533739,0,0
3231,3231,0,000021c,00,2,2,3,53258e839460c57c,0,0,2,67d4741ca17eb359,3,1,6a09f39cad4ca2c8,d9f9f07c1f533739,d9f9f07c1f533739,0,0
3232,3232,0,0000220,00,2,2,3,c0b9197d07fc4829,0,0,2,afd0a9f2697a6eb7,3,1,e4827ec923c73536,d9f9f07c1f533739,d9f9f07c1f533739,0,0
3233,3233,0,0000224,00,2,2,3,4e3294288977dfd7,0,0,2,22852779e42fe03c,3,1,4d30dc618a75b863,d9f9f07c1f533739,d9f9f07c1f533739,0,0
3234,3234,0,0000228,00,2,2,3,e780368020c55282,0,0,2,b57bb4e573d173a0,3,1,c3bb513404fe1acb,d9f9f07c1f533739,d9f9f07c1f533739,0,0
3235,3235,0,000022c,00,2,2,3,690bbbd5ae4ef02a,0,0,2,382e3a6efe84fd2b,3,1,5027c6ca9762979e,d9f9f07c1f533739,d9f9f07c1f533739,0,0
3236,3236,0,0000230,00,2,2,3,fa972c2b3dd27d7f,0,0,2,9a8693dc5c2c5499,3,1,deac4b9f19e90060,d9f9f07c1f533739,d9f9f07c1f533739,0,0
3237,3237,0,0000234,00,2,2,3,741ca17eb359ea81,0,0,2,17d31d57d179da12,3,1,ddae03d61aeb8d35,d9f9f07c1f533739,d9f9f07c1f533739,0,0
3238,3238,0,0000238,00,2,2,3,a9f2697a6eb767d4,0,0,2,802d8ecb4687498e,3,1,53258e839460c57c,d9f9f07c1f533739,d9f9f07c1f533739,0,0
3239,3239,0,000023c,00,2,2,3,2779e42fe03cafd0,0,0,2,0d780040cbd2c705,3,1,c0b9197d07fc4829,d9f9f07c1f533739,d9f9f07c1f533739,0,0
3240,3240,0,0000240,00,2,2,3,b4e573d173a02285,0,0,2,10243516d68ef253,3,1,4e3294288977dfd7,d9f9f07c1f533739,d9f9f07c1f533739,0,0
3241,3241,0,0000244,00,2,2,3,3a6efe84fd2bb57b,0,0,2,9d71bb9d5bdb7cd8,3,1,e780368020c55282,d9f9f07c1f533739,d9f9f07c1f533739,0,0
3242,3242,0,0000248,00,2,2,3,93dc5c2c5499382e,0,0,2,0a8f2801cc25ef44,3,1,690bbbd5ae4ef02a,d9f9f07c1f533739,d9f9f07c1f533739,0,0
3243,3243,0,000024c,00,2,2,3,1d57d179da129a86,0,0,2,87daa68a417061cf,3,1,fa972c2b3dd27d7f,d9f9f07c1f533739,d9f9f07c1f533739,0,0
3244,3244,0,0000250,00,2,2,3,8ecb4687498e17d3,0,0,2,25720f38e3d8c87d,3,1,741ca17eb359ea81,d9f9f07c1f533739,d9f9f07c1f533739,0,0
3245,3245,0,0000254,00,2,2,3,0040cbd2c705802d,0,0,2,a82781b36e8d46f6,3,1,a9f2697a6eb767d4,d9f9f07c1f533739,d9f9f07c1f533739,0,0
3246,3246,0,0000258,00,2,2,3,3516d68ef2530d78,0,0,2,3fd9122ff973d56a,3,1,2779e42fe03cafd0,d9f9f07c1f533739,d9f9f07c1f533739,0,0
3247,3247,0,000025c,00,2,2,3,bb9d5bdb7cd81024,0,0,2,b28c9ca474265be1,3,1,b4e573d173a02285,d9f9f07c1f533739,d9f9f07c1f533739,0,0
3248,3248,0,0000260,00,2,2,3,2801cc25ef449d71,0,0,2,7a88414abc22860f,3,1,3a6efe84fd2bb57b,d9f9f07c1f533739,d9f9f07c1f533739,0,0
3249,3249,0,0000264,00,2,2,3,a68a417061cf0a8f,0,0,2,f7ddcfc131770884,3,1,93dc5c2c5499382e,d9f9f07c1f533739,d9f9f07c1f533739,0,0
3250,3250,0,0000268,00,2,2,3,0f38e3d8c87d87da,0,0,2,60235c5da6899b18,3,1,1d57d179da129a86,d9f9f07c1f533739,d9f9f07c1f533739,0,0
3251,3251,0,000026c,00,2,2,3,81b36e8d46f62572,0,0,2,ed76d2d62bdc1593,3,1,8ecb4687498e17d3,d9f9f07c1f533739,d9f9f07c1f533739,0,0
3252,3252,0,0000270,00,2,2,3,122ff973d56aa827,0,0,2,4fde7b648974bc21,3,1,0040cbd2c705802d,d9f9f07c1f533739,d9f9f07c1f533739,0,0
3253,3253,0,0000274,00,2,2,3,9ca474265be13fd9,0,0,2,c28bf5ef042132aa,3,1,3516d68ef2530d78,d9f9f07c1f533739,d9f9f07c1f533739,0,0
3254,3254,0,0000278,00,2,2,3,414abc22860fb28c,0,0,2,5575667393dfa136,3,1,bb9d5bdb7cd81024,d9f9f07c1f533739,d9f9f07c1f533739,0,0
3255,3255,0,000027c,00,2,2,3,cfc1317708847a88,0,0,2,d820e8f81e8a2fbd,3,1,2801cc25ef449d71,d9f9f07c1f533739,d9f9f07c1f533739,0,0
3256,3256,0,0000280,00,2,2,3,5c5da6899b18f7dd,0,0,2,6fcd0cdfa967cb9a,3,1,a68a417061cf0a8f,d9f9f07c1f533739,d9f9f07c1f533739,0,0
3257,3257,0,0000284,00,2,2,3,d2d62bdc15936023,0,0,2,e298825424324511,3,1,0f38e3d8c87d87da,d9f9f07c1f533739,d9f9f07c1f533739,0,0
3258,3258,0,0000288,00,2,2,3,7b648974bc21ed76,0,0,2,756611c8b3ccd68d,3,1,81b36e8d46f62572,d9f9f07c1f533739,d9f9f07c1f533739,0,0
3259,3259,0,000028c,00,2,2,3,f5ef042132aa4fde,0,0,2,f8339f433e995806,3,1,122ff973d56aa827,d9f9f07c1f533739,d9f9f07c1f533739,0,0
3260,3260,0,0000290,00,2,2,3,667393dfa136c28b,0,0,2,5a9b36f19c31f1b4,3,1,9ca474265be13fd9,d9f9f07c1f533739,d9f9f07c1f533739,0,0
3261,3261,0,0000294,00,2,2,3,e8f81e8a2fbd5575,0,0,2,d7ceb87a11647f3f,3,1,414abc22860fb28c,d9f9f07c1f533739,d9f9f07c1f533739,0,0
3262,3262,0,0000298,00,2,2,3,0cdfa967cb9ad820,0,0,2,40302be6869aeca3,3,1,cfc1317708847a88,d9f9f07c1f533739,d9f9f07c1f533739,0,0
3263,3263,0,000029c,00,2,2,3,8254243245116fcd,0,0,2,cd65a56d0bcf6228,3,1,5c5da6899b18f7dd,d9f9f07c1f533739,d9f9f07c1f533739,0,0
3264,3264,0,00002a0,00,2,2,3,11c8b3ccd68de298,0,0,2,05617883c3cbbfc6,3,1,d2d62bdc15936023,d9f9f07c1f533739,d9f9f07c1f533739,0,0
3265,3265,0,00002a4,00,2,2,3,9f433e9958067566,0,0,2,8834f6084e9e314d,3,1,7b648974bc21ed76,d9f9f07c1f533739,d9f9f07c1f533739,0,0
3266,3266,0,00002a8,00,2,2,3,36f19c31f1b4f833,0,0,2,1fca6594d960a2d1,3,1,f5ef042132aa4fde,d9f9f07c1f533739,d9f9f07c1f533739,0,0
3267,3267,0,00002ac,00,2,2,3,b87a11647f3f5a9b,0,0,2,929feb1f54352c5a,3,1,667393dfa136c28b,d9f9f07c1f533739,d9f9f07c1f533739,0,0
3268,3268,0,00002b0,00,2,2,3,2be6869aeca3d7ce,0,0,2,303742adf69d85e8,3,1,e8f81e8a2fbd5575,d9f9f07c1f533739,d9f9f07c1f533739,0,0
3269,3269,0,00002b4,00,2,2,3,a56d0bcf62284030,0,0,2,bd62cc267bc80b63,3,1,0cdfa967cb9ad820,d9f9f07c1f533739,d9f9f07c1f533739,0,0
3270,3270,0,00002b8,00,2,2,3,7883c3cbbfc6cd65,0,0,2,2a9c5fbaec3698ff,3,1,8254243245116fcd,d9f9f07c1f533739,d9f9f07c1f533739,0,0
3271,3271,0,00002bc,00,2,2,3,f6084e9e314d0561,0,0,2,a7c9d13161631674,3,1,11c8b3ccd68de298,d9f9f07c1f533739,d9f9f07c1f533739,0,0
3272,3272,0,00002c0,00,2,2,3,6594d960a2d18834,0,0,2,ba95e4677c3f2322,3,1,9f433e9958067566,d9f9f07c1f533739,d9f9f07c1f533739,0,0
3273,3273,0,00002c4,00,2,2,3,eb1f54352c5a1fca,0,0,2,37c06aecf16aada9,3,1,36f19c31f1b4f833,d9f9f07c1f533739,d9f9f07c1f533739,0,0
3274,3274,0,00002c8,00,2,2,3,42adf69d85e8929f,0,0,2,a03ef97066943e35,3,1,b87a11647f3f5a9b,d9f9f07c1f533739,d9f9f07c1f533739,0,0
3275,3275,0,00002cc,00,2,2,3,cc267bc80b633037,0,0,2,2d6b77fbebc1b0be,3,1,2be6869aeca3d7ce,d9f9f07c1f533739,d9f9f07c1f533739,0,0
3276,3276,0,00002d0,00,2,2,3,5fbaec3698ffbd62,0,0,2,8fc3de494969190c,3,1,a56d0bcf62284030,d9f9f07c1f533739,d9f9f07c1f533739,0,0
3277,3277,0,00002d4,00,2,2,3,d131616316742a9c,0,0,2,029650c2c43c9787,3,1,7883c3cbbfc6cd65,d9f9f07c1f533739,d9f9f07c1f533739,0,0
3278,3278,0,00002d8,00,2,2,3,e4677c3f2322a7c9,0,0,2,9568c35e53c2041b,3,1,f6084e9e314d0561,d9f9f07c1f533739,d9f9f07c1f533739,0,0
3279,3279,0,00002dc,00,2,2,3,6aecf16aada9ba95,0,0,2,183d4dd5de978a90,3,1,6594d960a2d18834,d9f9f07c1f533739,d9f9f07c1f533739,0,0
3280,3280,0,00002e0,00,2,2,3,f97066943e3537c0,0,0,2,d039903b1693577e,3,1,eb1f54352c5a1fca,d9f9f07c1f533739,d9f9f07c1f533739,0,0
3281,3281,0,00002e4,00,2,2,3,77fbebc1b0bea03e,0,0,2,5d6c1eb09bc6d9f5,3,1,42adf69d85e8929f,d9f9f07c1f533739,d9f9f07c1f533739,0,0
3282,3282,0,00002e8,00,2,2,3,de494969190c2d6b,0,0,2,ca928d2c0c384a69,3,1,cc267bc80b633037,d9f9f07c1f533739,d9f9f07c1f533739,0,0
3283,3283,0,00002ec,00,2,2,3,50c2c43c97878fc3,0,0,2,47c703a7816dc4e2,3,1,5fbaec3698ffbd62,d9f9f07c1f533739,d9f9f07c1f533739,0,0
3284,3284,0,00002f0,00,2,2,3,c35e53c2041b0296,0,0,2,e56faa1523c56d50,3,1,d131616316742a9c,d9f9f07c1f533739,d9f9f07c1f533739,0,0
3285,3285,0,00002f4,00,2,2,3,4dd5de978a909568,0,0,2,683a249eae90e3db,3,1,e4677c3f2322a7c9,d9f9f07c1f533739,d9f9f07c1f533739,0,0
3286,3286,0,00002f8,00,2,2,3,903b1693577e183d,0,0,2,ffc4b702396e7047,3,1,6aecf16aada9ba95,d9f9f07c1f533739,d9f9f07c1f533739,0,0
3287,3287,0,00002fc,00,2,2,3,1eb09bc6d9f5d039,0,0,2,72913989b43bfecc,3,1,f97066943e3537c0,d9f9f07c1f533739,d9f9f07c1f533739,0,0
3288,3288,0,0000300,00,2,2,3,8d2c0c384a695d6c,0,0,2,901f7f4d56b5b808,3,1,77fbebc1b0bea03e,d9f9f07c1f533739,d9f9f07c1f533739,0,0
3289,3289,0,0000304,00,2,2,3,03a7816dc4e2ca92,0,0,2,1d4af1c6dbe03683,3,1,de494969190c2d6b,d9f9f07c1f533739,d9f9f07c1f533739,0,0
3290,3290,0,0000308,00,2,2,3,aa1523c56d5047c7,0,0,2,8ab4625a4c1ea51f,3,1,50c2c43c97878fc3,d9f9f07c1f533739,d9f9f07c1f533739,0,0
3291,3291,0,000030c,00,2,2,3,249eae90e3dbe56f,0,0,2,07e1ecd1c14b2b94,3,1,c35e53c2041b0296,d9f9f07c1f533739,d9f9f07c1f533739,0,0
3292,3292,0,0000310,00,2,2,3,b702396e7047683a,0,0,2,a549456363e38226,3,1,4dd5de978a909568,d9f9f07c1f533739,d9f9f07c1f533739,0,0
3293,3293,0,0000314,00,2,2,3,3989b43bfeccffc4,0,0,2,281ccbe8eeb60cad,3,1,903b1693577e183d,d9f9f07c1f533739,d9f9f07c1f533739,0,0
3294,3294,0,0000318,00,2,2,3,7f4d56b5b8087291,0,0,2,bfe2587479489f31,3,1,1eb09bc6d9f5d039,d9f9f07c1f533739,d9f9f07c1f533739,0,0
3295,3295,0,000031c,00,2,2,3,f1c6dbe03683901f,0,0,2,32b7d6fff41d11ba,3,1,8d2c0c384a695d6c,d9f9f07c1f533739,d9f9f07c1f533739,0,0
3296,3296,0,0000320,00,2,2,3,625a4c1ea51f1d4a,0,0,2,fab30b113c19cc54,3,1,03a7816dc4e2ca92,d9f9f07c1f533739,d9f9f07c1f533739,0,0
3297,3297,0,0000324,00,2,2,3,ecd1c14b2b948ab4,0,0,2,77e6859ab14c42df,3,1,aa1523c56d5047c7,d9f9f07c1f533739,d9f9f07c1f533739,0,0
3298,3298,0,0000328,00,2,2,3,456363e3822607e1,0,0,2,e018160626b2d143,3,1,249eae90e3dbe56f,d9f9f07c1f533739,d9f9f07c1f533739,0,0
3299,3299,0,000032c,00,2,2,3,cbe8eeb60cada549,0,0,2,6d4d988dabe75fc8,3,1,b702396e7047683a,d9f9f07c1f533739,d9f9f07c1f533739,0,0
3300,3300,0,0000330,00,2,2,3,587479489f31281c,0,0,2,cfe5313f094ff67a,3,1,3989b43bfeccffc4,d9f9f07c1f533739,d9f9f07c1f533739,0,0
3301,3301,0,0000334,00,2,2,3,d6fff41d11babfe2,0,0,2,42b0bfb4841a78f1,3,1,7f4d56b5b8087291,d9f9f07c1f533739,d9f9f07c1f533739,0,0
3302,3302,0,0000338,00,2,2,3,0b113c19cc5432b7,0,0,2,d54e2c2813e4eb6d,3,1,f1c6dbe03683901f,d9f9f07c1f533739,d9f9f07c1f533739,0,0
3303,3303,0,000033c,00,2,2,3,859ab14c42dffab3,0,0,2,581ba2a39eb165e6,3,1,625a4c1ea51f1d4a,d9f9f07c1f533739,d9f9f07c1f533739,0,0
3304,3304,0,0000340,00,2,2,3,160626b2d14377e6,0,0,2,454797f583ed50b0,3,1,ecd1c14b2b948ab4,d9f9f07c1f533739,d9f9f07c1f533739,0,0
3305,3305,0,0000344,00,2,2,3,988dabe75fc8e018,0,0,2,c812197e0eb8de3b,3,1,456363e3822607e1,d9f9f07c1f533739,d9f9f07c1f533739,0,0
3306,3306,0,0000348,00,2,2,3,313f094ff67a6d4d,0,0,2,5fec8ae299464da7,3,1,cbe8eeb60cada549,d9f9f07c1f533739,d9f9f07c1f533739,0,0
3307,3307,0,000034c,00,2,2,3,bfb4841a78f1cfe5,0,0,2,d2b904691413c32c,3,1,587479489f31281c,d9f9f07c1f533739,d9f9f07c1f533739,0,0
3308,3308,0,0000350,00,2,2,3,2c2813e4eb6d42b0,0,0,2,7011addbb6bb6a9e,3,1,d6fff41d11babfe2,d9f9f07c1f533739,d9f9f07c1f533739,0,0
3309,3309,0,0000354,00,2,2,3,a2a39eb165e6d54e,0,0,2,fd4423503beee415,3,1,0b113c19cc5432b7,d9f9f07c1f533739,d9f9f07c1f533739,0,0
3310,3310,0,0000358,00,2,2,3,97f583ed50b0581b,0,0,2,6abab0ccac107789,3,1,859ab14c42dffab3,d9f9f07c1f533739,d9f9f07c1f533739,0,0
3311,3311,0,000035c,00,2,2,3,197e0eb8de3b4547,0,0,2,e7ef3e472145f902,3,1,160626b2d14377e6,d9f9f07c1f533739,d9f9f07c1f533739,0,0
3312,3312,0,0000360,00,2,2,3,8ae299464da7c812,0,0,2,2febe3a9e94124ec,3,1,988dabe75fc8e018,d9f9f07c1f533739,d9f9f07c1f533739,0,0
3313,3313,0,0000364,00,2,2,3,04691413c32c5fec,0,0,2,a2be6d226414aa67,3,1,313f094ff67a6d4d,d9f9f07c1f533739,d9f9f07c1f533739,0,0
3314,3314,0,0000368,00,2,2,3,addbb6bb6a9ed2b9,0,0,2,3540febef3ea39fb,3,1,bfb4841a78f1cfe5,d9f9f07c1f533739,d9f9f07c1f533739,0,0
3315,3315,0,000036c,00,2,2,3,23503beee4157011,0,0,2,b81570357ebfb770,3,1,2c2813e4eb6d42b0,d9f9f07c1f533739,d9f9f07c1f533739,0,0
3316,3316,0,0000370,00,2,2,3,b0ccac107789fd44,0,0,2,1abdd987dc171ec2,3,1,a2a39eb165e6d54e,d9f9f07c1f533739,d9f9f07c1f533739,0,0
3317,3317,0,0000374,00,2,2,3,3e472145f9026aba,0,0,2,97e8570c51429049,3,1,97f583ed50b0581b,d9f9f07c1f533739,d9f9f07c1f533739,0,0
3318,3318,0,0000378,00,2,2,3,e3a9e94124ece7ef,0,0,2,0016c490c6bc03d5,3,1,197e0eb8de3b4547,d9f9f07c1f533739,d9f9f07c1f533739,0,0
3319,3319,0,000037c,00,2,2,3,6d226414aa672feb,0,0,2,8d434a1b4be98d5e,3,1,8ae299464da7c812,d9f9f07c1f533739,d9f9f07c1f533739,0,0
3320,3320,0,0000380,00,2,2,3,febef3ea39fba2be,0,0,2,3aaeae3cfc046979,3,1,04691413c32c5fec,d9f9f07c1f533739,d9f9f07c1f533739,0,0
3321,3321,0,0000384,00,2,2,3,70357ebfb7703540,0,0,2,b7fb20b77151e7f2,3,1,addbb6bb6a9ed2b9,d9f9f07c1f533739,d9f9f07c1f533739,0,0
3322,3322,0,0000388,00,2,2,3,d987dc171ec2b815,0,0,2,2005b32be6af746e,3,1,23503beee4157011,d9f9f07c1f533739,d9f9f07c1f533739,0,0
3323,3323,0,000038c,00,2,2,3,570c514290491abd,0,0,2,ad503da06bfafae5,3,1,b0ccac107789fd44,d9f9f07c1f533739,d9f9f07c1f533739,0,0
3324,3324,0,0000390,00,2,2,3,c490c6bc03d597e8,0,0,2,0ff89412c9525357,3,1,3e472145f9026aba,d9f9f07c1f533739,d9f9f07c1f533739,0,0
3325,3325,0,0000394,00,2,2,3,4a1b4be98d5e0016,0,0,2,82ad1a994407dddc,3,1,e3a9e94124ece7ef,d9f9f07c1f533739,d9f9f07c1f533739,0,0
3326,3326,0,0000000,04,3,2,2,ae3cfc0469798d43,0,0,2,bfe2587479489f31,0,1,6d226414aa672feb,d9f9f07c1f533739,d9f9f07c1f533739,0,0
3327,3327,0,0000000,00,3,3,3,20b77151e7f23aae,0,0,3,bfe2587479489f31,0,1,febef3ea39fba2be,d9f9f07c1f533739,d9f9f07c1f533739,0,0
3328,3328,0,0000000,00,3,3,3,b32be6af746eb7fb,0,0,3,bfe2587479489f31,0,1,70357ebfb7703540,d9f9f07c1f533739,d9f9f07c1f533739,0,0
3329,3329,0,0000000,00,3,3,3,3da06bfafae52005,0,0,3,bfe2587479489f31,0,1,d987dc171ec2b815,d9f9f07c1f533739,d9f9f07c1f533739,0,0
3330,3330,0,0000000,00,3,2,2,9412c9525357ad50,0,0,2,bfe2587479489f31,0,1,570c514290491abd,d9f9f07c1f533739,d9f9f07c1f533739,0,0
3331,3331,0,0000000,00,3,3,3,1a994407dddc0ff8,0,0,3,bfe2587479489f31,0,1,c490c6bc03d597e8,d9f9f07c1f533739,d9f9f07c1f533739,0,0
3332,3332,0,0000000,00,3,3,3,587479489f3182ad,0,0,3,bfe2587479489f31,0,1,4a1b4be98d5e0016,d9f9f07c1f533739,d9f9f07c1f533739,0,0
3333,3333,0,0000000,00,3,3,3,0000000000000074,0,0,3,bfe2587479489f31,0,1,ae3cfc0469798d43,d9f9f07c1f533739,d9f9f07c1f533739,0,0
3334,3334,0,0000000,00,2,2,2,0000000000000000,0,0,3,bfe2587479489f31,0,1,20b77151e7f23aae,d9f9f07c1f533739,d9f9f07c1f533739,0,0
3335,3335,0,0000000,00,3,3,3,0000000000000000,0,0,3,bfe2587479489f31,0,1,b32be6af746eb7fb,d9f9f07c1f533739,d9f9f07c1f533739,0,0
3336,3336,0,0000000,00,3,3,3,0000000000000000,0,0,3,bfe2587479489f31,0,1,3da06bfafae52005,d9f9f07c1f533739,d9f9f07c1f533739,0,0
3337,3337,0,0000000,00,3,3,3,0000000000000000,0,0,3,bfe2587479489f31,0,1,9412c9525357ad50,d9f9f07c1f533739,d9f9f07c1f533739,0,0
3338,3338,0,0000000,00,3,3,3,0000000000000000,0,0,3,bfe2587479489f31,0,1,1a994407dddc0ff8,d9f9f07c1f533739,d9f9f07c1f533739,0,0
3339,3339,0,0000000,00,3,3,3,0000000000000000,0,0,3,bfe2587479489f31,0,1,587479489f3182ad,d9f9f07c1f533739,d9f9f07c1f533739,0,0
3340,3340,0,0000000,00,3,3,3,0000000000000000,0,0,3,bfe2587479489f31,0,1,0000000000000074,d9f9f07c1f533739,d9f9f07c1f533739,0,0
3341,3341,0,0000000,00,3,3,3,0000000000000000,0,0,3,bfe2587479489f31,0,1,0000000000000000,d9f9f07c1f533739,d9f9f07c1f533739,0,0
3342,3342,0,0000000,00,3,3,3,0000000000000000,0,0,3,bfe2587479489f31,0,1,0000000000000000,d9f9f07c1f533739,d9f9f07c1f533739,0,0
3343,3343,0,0000000,00,3,3,3,0000000000000000,0,0,3,bfe2587479489f31,0,1,0000000000000000,d9f9f07c1f533739,d9f9f07c1f533739,0,0
3344,3344,0,0000000,00,3,3,3,0000000000000000,0,0,3,bfe2587479489f31,0,1,0000000000000000,d9f9f07c1f533739,d9f9f07c1f533739,0,0
3345,3345,0,0000000,00,3,3,3,0000000000000000,0,0,3,bfe2587479489f31,0,1,0000000000000000,d9f9f07c1f533739,d9f9f07c1f533739,0,0
3346,3346,0,0000000,00,3,3,3,0000000000000000,0,0,3,bfe2587479489f31,0,1,0000000000000000,d9f9f07c1f533739,d9f9f07c1f533739,0,0
3347,3347,0,0000000,00,3,3,3,0000000000000000,0,0,3,bfe2587479489f31,0,1,0000000000000000,d9f9f07c1f533739,d9f9f07c1f533739,0,0
3348,3348,0,0000000,00,3,3,3,0000000000000000,0,0,3,bfe2587479489f31,0,1,0000000000000000,d9f9f07c1f533739,d9f9f07c1f533739,0,0
3349,3349,0,0000000,00,3,3,3,0000000000000000,0,0,3,bfe2587479489f31,0,1,0000000000000000,d9f9f07c1f533739,d9f9f07c1f533739,0,0
3350,3350,0,0000000,00,3,3,3,0000000000000000,0,0,3,bfe2587479489f31,0,1,0000000000000000,d9f9f07c1f533739,d9f9f07c1f533739,0,0
3351,3351,0,0000000,04,3,2,2,0000000000000000,0,0,3,bfe2587479489f31,0,1,0000000000000000,d9f9f07c1f533739,d9f9f07c1f533739,0,0
3352,3352,0,0000000,00,3,3,3,0000000000000000,0,0,3,bfe2587479489f31,0,1,0000000000000000,d9f9f07c1f533739,d9f9f07c1f533739,0,0
3353,3353,0,0000000,00,3,3,3,0000000000000000,0,0,3,bfe2587479489f31,0,1,0000000000000000,d9f9f07c1f533739,d9f9f07c1f533739,0,0
3354,3354,0,0000000,00,3,3,3,0000000000000000,0,0,3,bfe2587479489f31,0,1,0000000000000000,d9f9f07c1f533739,d9f9f07c1f533739,0,0
3355,3355,0,0000000,00,3,3,3,0000000000000000,0,0,3,bfe2587479489f31,0,1,0000000000000000,d9f9f07c1f533739,d9f9f07c1f533739,0,0
3356,3356,0,0000000,00,3,3,3,0000000000000000,0,0,3,bfe2587479489f31,0,1,0000000000000000,d9f9f07c1f533739,d9f9f07c1f533739,0,0
3357,3357,0,0000000,00,3,2,2,0000000000000000,0,0,3,bfe2587479489f31,0,1,0000000000000000,d9f9f07c1f533739,d9f9f07c1f533739,0,0
3358,3358,0,0000350,04,2,2,3,0000000000000000,0,0,3,bfe2587479489f31,0,1,0000000000000000,d9f9f07c1f533739,d9f9f07c1f533739,0,0
3359,3359,0,0000354,04,2,2,3,0000000000000000,0,0,3,bfe2587479489f31,0,1,0000000000000000,d9f9f07c1f533739,d9f9f07c1f533739,0,0
3360,3360,0,0000358,04,2,2,3,0000000000000000,0,0,3,bfe2587479489f31,0,1,0000000000000000,d9f9f07c1f533739,d9f9f07c1f533739,0,0
3361,3361,0,000035c,04,2,2,3,0000000000000000,0,0,3,bfe2587479489f31,0,1,0000000000000000,d9f9f07c1f533739,d9f9f07c1f533739,0,0
3362,3362,0,0000360,04,2,2,3,0000000000000000,0,0,3,bfe2587479489f31,0,1,0000000000000000,d9f9f07c1f533739,d9f9f07c1f533739,0,0
3363,3363,0,0000364,04,2,2,3,0000000000000000,0,0,3,bfe2587479489f31,0,1,0000000000000000,d9f9f07c1f533739,d9f9f07c1f533739,0,0
3364,3364,0,0000368,04,2,2,3,0000000000000000,3,0,3,bfe2587479489f31,0,1,0000000000000000,d9f9f07c1f533739,d9f9f07c1f533739,0,0
3365,3365,0,000036c,04,2,2,3,262b83eee08144ab,3,0,3,bfe2587479489f31,0,1,0000000000000000,d9f9f07c1f533739,d9f9f07c1f533739,0,0
3366,3366,0,0000370,04,2,2,3,ab7e0d656dd4ca20,3,0,3,bfe2587479489f31,0,1,0000000000000000,d9f9f07c1f533739,d9f9f07c1f533739,0,0
3367,3367,0,0000374,04,2,2,3,3c809ef9fa2a59bc,3,0,3,bfe2587479489f31,0,1,0000000000000000,d9f9f07c1f533739,d9f9f07c1f533739,0,0
3368,3368,0,0000378,04,2,2,3,b1d51072777fd737,3,0,3,bfe2587479489f31,0,1,0000000000000000,d9f9f07c1f533739,d9f9f07c1f533739,0,0
3369,3369,0,000037c,04,2,2,3,79d1cd9cbf7b0ad9,3,0,3,bfe2587479489f31,0,1,0000000000000000,d9f9f07c1f533739,d9f9f07c1f533739,0,0
3370,3370,0,0000380,04,2,2,3,f4844317322e8452,3,0,3,bfe2587479489f31,0,1,0000000000000000,d9f9f07c1f533739,d9f9f07c1f533739,0,0
3371,3371,0,0000384,04,2,2,3,637ad08ba5d017ce,3,0,3,bfe2587479489f31,0,1,0000000000000000,d9f9f07c1f533739,d9f9f07c1f533739,0,0
3372,3372,0,0000388,04,2,2,3,ee2f5e0028859945,3,3,3,bfe2587479489f31,0,1,262b83eee08144ab,d9f9f07c1f533739,d9f9f07c1f533739,0,0
3373,3373,0,000038c,04,2,2,3,4c87f7b28a2d30f7,3,3,3,bfe2587479489f31,0,1,ab7e0d656dd4ca20,d9f9f07c1f533739,d9f9f07c1f533739,0,0
3374,3374,0,0000390,04,2,2,3,c1d279390778be7c,3,3,3,bfe2587479489f31,0,1,3c809ef9fa2a59bc,d9f9f07c1f533739,d9f9f07c1f533739,0,0
3375,3375,0,0000394,04,2,2,3,562ceaa590862de0,3,3,3,bfe2587479489f31,0,1,b1d51072777fd737,d9f9f07c1f533739,d9f9f07c1f533739,0,0
3376,3376,0,0000398,04,2,2,3,db79642e1dd3a36b,3,3,3,bfe2587479489f31,0,1,79d1cd9cbf7b0ad9,d9f9f07c1f533739,d9f9f07c1f533739,0,0
3377,3377,0,000039c,04,2,2,3,6c948009aa3e474c,3,3,3,bfe2587479489f31,0,1,f4844317322e8452,d9f9f07c1f533739,d9f9f07c1f533739,0,0
3378,3378,0,00003a0,04,2,2,3,e1c10e82276bc9c7,3,3,3,bfe2587479489f31,0,1,637ad08ba5d017ce,d9f9f07c1f533739,d9f9f07c1f533739,0,0
3379,3379,0,00003a4,04,2,2,3,763f9d1eb0955a5b,3,3,3,bfe2587479489f31,0,1,ee2f5e0028859945,d9f9f07c1f533739,d9f9f07c1f533739,0,0
3380,3380,0,00003a8,04,2,2,3,fb6a13953dc0d4d0,3,3,3,bfe2587479489f31,0,1,4c87f7b28a2d30f7,d9f9f07c1f533739,d9f9f07c1f533739,0,0
3381,3381,0,00003ac,04,2,2,3,59c2ba279f687d62,3,3,3,bfe2587479489f31,0,1,c1d279390778be7c,d9f9f07c1f533739,d9f9f07c1f533739,0,0
3382,3382,0,00003b0,04,2,2,3,d49734ac123df3e9,3,3,3,bfe2587479489f31,0,1,562ceaa590862de0,d9f9f07c1f533739,d9f9f07c1f533739,0,0
3383,3383,0,00003b4,04,2,2,3,4369a73085c36075,3,3,3,bfe2587479489f31,0,1,db79642e1dd3a36b,d9f9f07c1f533739,d9f9f07c1f533739,0,0
3384,3384,0,00003b8,04,2,2,3,ce3c29bb0896eefe,3,3,3,bfe2587479489f31,0,1,6c948009aa3e474c,262b83eee08144ab,262b83eee08144ab,0,1
3385,3385,0,00003bc,04,2,2,3,0638f455c0923310,3,3,3,bfe2587479489f31,0,1,e1c10e82276bc9c7,ab7e0d656dd4ca20,ab7e0d656dd4ca20,0,1
3386,3386,0,00003c0,04,2,2,3,8b6d7ade4dc7bd9b,3,3,3,bfe2587479489f31,0,1,763f9d1eb0955a5b,3c809ef9fa2a59bc,3c809ef9fa2a59bc,0,1
3387,3387,0,00003c4,04,2,2,3,1c93e942da392e07,3,3,3,bfe2587479489f31,0,1,fb6a13953dc0d4d0,b1d51072777fd737,b1d51072777fd737,0,1
3388,3388,0,00003c8,04,2,2,3,91c667c9576ca08c,3,3,3,bfe2587479489f31,0,1,59c2ba279f687d62,8603be0e40a9794b,8603be0e40a9794b,0,0
3389,3389,0,00003cc,04,2,2,3,336ece7bf5c4093e,3,3,3,bfe2587479489f31,0,1,d49734ac123df3e9,8603be0e40a9794b,8603be0e40a9794b,0,0
3390,3390,0,00003d0,04,2,2,3,be3b40f0789187b5,3,3,3,bfe2587479489f31,0,1,4369a73085c36075,8603be0e40a9794b,8603be0e40a9794b,0,0
3391,3391,0,00003d4,04,2,2,3,29c5d36cef6f1429,3,3,3,bfe2587479489f31,0,1,ce3c29bb0896eefe,8603be0e40a9794b,8603be0e40a9794b,0,0
3392,3392,0,00003d8,04,2,2,3,a4905de7623a9aa2,3,3,3,bfe2587479489f31,0,1,0638f455c0923310,8603be0e40a9794b,8603be0e40a9794b,0,0
3393,3393,0,00003dc,04,2,2,3,b9cc68b17f66aff4,3,3,3,bfe2587479489f31,0,1,8b6d7ade4dc7bd9b,8603be0e40a9794b,8603be0e40a9794b,0,0
3394,3394,0,00003e0,04,2,2,3,3499e63af233217f,3,3,3,bfe2587479489f31,0,1,1c93e942da392e07,8603be0e40a9794b,8603be0e40a9794b,0,0
3395,3395,0,00003e4,04,2,2,3,a36775a665cdb2e3,3,3,3,bfe2587479489f31,0,1,91c667c9576ca08c,8603be0e40a9794b,8603be0e40a9794b,0,0
3396,3396,0,00003e8,04,2,2,3,2e32fb2de8983c68,3,3,3,bfe2587479489f31,0,1,336ece7bf5c4093e,8603be0e40a9794b,8603be0e40a9794b,0,0
3397,3397,0,00003ec,04,2,2,3,8c9a529f4a3095da,3,3,3,bfe2587479489f31,0,1,be3b40f0789187b5,8603be0e40a9794b,8603be0e40a9794b,0,0
3398,3398,0,00003f0,04,2,2,3,01cfdc14c7651b51,3,3,3,bfe2587479489f31,0,1,29c5d36cef6f1429,8603be0e40a9794b,8603be0e40a9794b,0,0
3399,3399,0,00003f4,04,2,2,3,96314f88509b88cd,3,3,3,bfe2587479489f31,0,1,a4905de7623a9aa2,8603be0e40a9794b,8603be0e40a9794b,0,0
3400,3400,0,00003f8,04,2,2,3,1b64c103ddce0646,3,3,3,bfe2587479489f31,0,1,b9cc68b17f66aff4,79d1cd9cbf7b0ad9,79d1cd9cbf7b0ad9,0,1
3401,3401,0,00003fc,04,2,2,3,d3601ced15cadba8,3,3,3,bfe2587479489f31,0,1,3499e63af233217f,f4844317322e8452,f4844317322e8452,0,1
3402,3402,0,0000000,04,2,2,3,5e359266989f5523,3,3,3,bfe2587479489f31,0,1,a36775a665cdb2e3,637ad08ba5d017ce,637ad08ba5d017ce,0,1
3403,3403,0,0000004,04,2,2,3,c9cb01fa0f61c6bf,3,3,3,bfe2587479489f31,0,1,2e32fb2de8983c68,ee2f5e0028859945,ee2f5e0028859945,0,1
3404,3404,0,0000008,04,2,2,3,449e8f7182344834,3,3,3,bfe2587479489f31,0,1,8c9a529f4a3095da,4c87f7b28a2d30f7,4c87f7b28a2d30f7,0,1
3405,3405,0,000000c,04,2,2,3,e63626c3209ce186,3,3,3,bfe2587479489f31,0,1,01cfdc14c7651b51,c1d279390778be7c,c1d279390778be7c,0,1
3406,3406,0,0000010,04,2,2,3,6b63a848adc96f0d,3,3,3,bfe2587479489f31,0,1,96314f88509b88cd,562ceaa590862de0,562ceaa590862de0,0,1
3407,3407,0,0000014,04,2,2,3,fc9d3bd43a37fc91,3,3,3,bfe2587479489f31,0,1,1b64c103ddce0646,db79642e1dd3a36b,db79642e1dd3a36b,0,1
3408,3408,0,0000018,04,2,2,3,71c8b55fb762721a,3,3,3,bfe2587479489f31,0,1,d3601ced15cadba8,c6255178008f963d,c6255178008f963d,0,0
3409,3409,0,000001c,04,2,2,3,3981b65dff2b7118,3,3,3,bfe2587479489f31,0,1,5e359266989f5523,c6255178008f963d,c6255178008f963d,0,0
3410,3410,0,0000020,04,2,2,3,b4d438d6727eff93,3,3,3,bfe2587479489f31,0,1,c9cb01fa0f61c6bf,c6255178008f963d,c6255178008f963d,0,0
3411,3411,0,0000024,04,2,2,3,232aab4ae5806c0f,3,3,3,bfe2587479489f31,0,1,449e8f7182344834,c6255178008f963d,c6255178008f963d,0,0
3412,3412,0,0000028,04,2,2,3,ae7f25c168d5e284,3,3,3,bfe2587479489f31,0,1,e63626c3209ce186,c6255178008f963d,c6255178008f963d,0,0
3413,3413,0,000002c,04,2,2,3,0cd78c73ca7d4b36,3,3,3,bfe2587479489f31,0,1,6b63a848adc96f0d,c6255178008f963d,c6255178008f963d,0,0
3414,3414,0,0000030,04,2,2,3,818202f84728c5bd,3,3,3,bfe2587479489f31,0,1,fc9d3bd43a37fc91,c6255178008f963d,c6255178008f963d,0,0
3415,3415,0,0000034,04,2,2,3,167c9164d0d65621,3,3,3,bfe2587479489f31,0,1,71c8b55fb762721a,c6255178008f963d,c6255178008f963d,0,0
3416,3416,0,0000038,04,2,2,3,9b291fef5d83d8aa,3,3,3,bfe2587479489f31,0,1,3981b65dff2b7118,c6255178008f963d,c6255178008f963d,0,0
3417,3417,0,000003c,04,2,2,3,532dc20195870544,3,3,3,bfe2587479489f31,0,1,b4d438d6727eff93,c6255178008f963d,c6255178008f963d,0,0
3418,3418,0,0000040,04,2,2,3,de784c8a18d28bcf,3,3,3,bfe2587479489f31,0,1,232aab4ae5806c0f,c6255178008f963d,c6255178008f963d,0,0
3419,3419,0,0000044,04,2,2,3,4986df168f2c1853,3,3,3,bfe2587479489f31,0,1,ae7f25c168d5e284,c6255178008f963d,c6255178008f963d,0,0
3420,3420,0,0000048,04,2,2,3,c4d3519d027996d8,3,3,3,bfe2587479489f31,0,1,0cd78c73ca7d4b36,6c948009aa3e474c,6c948009aa3e474c,0,1
3421,3421,0,000004c,04,2,2,3,667bf82fa0d13f6a,3,3,3,bfe2587479489f31,0,1,818202f84728c5bd,e1c10e82276bc9c7,e1c10e82276bc9c7,0,1
3422,3422,0,0000050,04,2,2,3,eb2e76a42d84b1e1,3,3,3,bfe2587479489f31,0,1,167c9164d0d65621,763f9d1eb0955a5b,763f9d1eb0955a5b,0,1
3423,3423,0,0000054,04,2,2,3,7cd0e538ba7a227d,3,3,3,bfe2587479489f31,0,1,9b291fef5d83d8aa,fb6a13953dc0d4d0,fb6a13953dc0d4d0,0,1
3424,3424,0,0000058,04,2,2,3,f1856bb3372facf6,3,3,3,bfe2587479489f31,0,1,532dc20195870544,59c2ba279f687d62,59c2ba279f687d62,0,1
3425,3425,0,000005c,04,2,2,3,ecd95ee52a7399a0,3,3,3,bfe2587479489f31,0,1,de784c8a18d28bcf,d49734ac123df3e9,d49734ac123df3e9,0,1
3426,3426,0,0000060,04,2,2,3,618cd06ea726172b,3,3,3,bfe2587479489f31,0,1,4986df168f2c1853,4369a73085c36075,4369a73085c36075,0,1
3427,3427,0,0000064,04,2,2,3,f67243f230d884b7,3,3,3,bfe2587479489f31,0,1,c4d3519d027996d8,ce3c29bb0896eefe,ce3c29bb0896eefe,0,1
3428,3428,0,0000068,04,2,2,3,7b27cd79bd8d0a3c,3,3,3,bfe2587479489f31,0,1,667bf82fa0d13f6a,ac8925246a23e261,ac8925246a23e261,0,0
3429,3429,0,000006c,04,2,2,3,d98f64cb1f25a38e,3,3,3,bfe2587479489f31,0,1,eb2e76a42d84b1e1,ac8925246a23e261,ac8925246a23e261,0,0
3430,3430,0,0000070,04,2,2,3,54daea4092702d05,3,3,3,bfe2587479489f31,0,1,7cd0e538ba7a227d,ac8925246a23e261,ac8925246a23e261,0,0
3431,3431,0,0000074,04,2,2,3,c32479dc058ebe99,3,3,3,bfe2587479489f31,0,1,f1856bb3372facf6,ac8925246a23e261,ac8925246a23e261,0,0
3432,3432,0,0000078,04,2,2,3,4e71f75788db3012,3,3,3,bfe2587479489f31,0,1,ecd95ee52a7399a0,ac8925246a23e261,ac8925246a23e261,0,0
3433,3433,0,000007c,04,2,2,3,86752ab940dfedfc,3,3,3,bfe2587479489f31,0,1,618cd06ea726172b,ac8925246a23e261,ac8925246a23e261,0,0
3434,3434,0,0000080,04,2,2,3,0b20a432cd8a6377,3,3,3,bfe2587479489f31,0,1,f67243f230d884b7,ac8925246a23e261,ac8925246a23e261,0,0
3435,3435,0,0000084,04,2,2,3,9cde37ae5a74f0eb,3,3,3,bfe2587479489f31,0,1,7b27cd79bd8d0a3c,ac8925246a23e261,ac8925246a23e261,0,0
3436,3436,0,0000088,04,2,2,3,118bb925d7217e60,3,3,3,bfe2587479489f31,0,1,d98f64cb1f25a38e,ac8925246a23e261,ac8925246a23e261,0,0
3437,3437,0,000008c,04,2,2,3,b32310977589d7d2,3,3,3,bfe2587479489f31,0,1,54daea4092702d05,ac8925246a23e261,ac8925246a23e261,0,0
3438,3438,0,0000090,04,2,2,3,3e769e1cf8dc5959,3,3,3,bfe2587479489f31,0,1,c32479dc058ebe99,ac8925246a23e261,ac8925246a23e261,0,0
3439,3439,0,0000094,04,2,2,3,a9880d806f22cac5,3,3,3,bfe2587479489f31,0,1,4e71f75788db3012,ac8925246a23e261,ac8925246a23e261,0,0
3440,3440,0,0000098,04,2,2,3,24dd830be277444e,3,3,3,bfe2587479489f31,0,1,86752ab940dfedfc,0638f455c0923310,0638f455c0923310,0,1
3441,3441,0,000009c,04,2,2,3,9330672c559aa069,3,3,3,bfe2587479489f31,0,1,0b20a432cd8a6377,8b6d7ade4dc7bd9b,8b6d7ade4dc7bd9b,0,1
3442,3442,0,00000a0,04,2,2,3,1e65e9a7d8cf2ee2,3,3,3,bfe2587479489f31,0,1,9cde37ae5a74f0eb,1c93e942da392e07,1c93e942da392e07,0,1
3443,3443,0,00000a4,04,2,2,3,899b7a3b4f31bd7e,3,3,3,bfe2587479489f31,0,1,118bb925d7217e60,91c667c9576ca08c,91c667c9576ca08c,0,1
3444,3444,0,00000a8,04,2,2,3,04cef4b0c26433f5,3,3,3,bfe2587479489f31,0,1,b32310977589d7d2,336ece7bf5c4093e,336ece7bf5c4093e,0,1
3445,3445,0,00000ac,04,2,2,3,a6665d0260cc9a47,3,3,3,bfe2587479489f31,0,1,3e769e1cf8dc5959,be3b40f0789187b5,be3b40f0789187b5,0,1
3446,3446,0,00000b0,04,2,2,3,2b33d389ed9914cc,3,3,3,bfe2587479489f31,0,1,a9880d806f22cac5,29c5d36cef6f1429,29c5d36cef6f1429,0,1
3447,3447,0,00000b4,04,2,2,3,bccd40157a678750,3,3,3,bfe2587479489f31,0,1,24dd830be277444e,a4905de7623a9aa2,a4905de7623a9aa2,0,1
3448,3448,0,00000b8,04,2,2,3,3198ce9ef73209db,3,3,3,bfe2587479489f31,0,1,9330672c559aa069,137db9c0d5d77e85,137db9c0d5d77e85,0,0
3449,3449,0,00000bc,04,2,2,3,f99c13703f36d435,3,3,3,bfe2587479489f31,0,1,1e65e9a7d8cf2ee2,137db9c0d5d77e85,137db9c0d5d77e85,0,0
3450,3450,0,00000c0,04,2,2,3,74c99dfbb2635abe,3,3,3,bfe2587479489f31,0,1,899b7a3b4f31bd7e,137db9c0d5d77e85,137db9c0d5d77e85,0,0
3451,3451,0,00000c4,04,2,2,3,e3370e67259dc922,3,3,3,bfe2587479489f31,0,1,04cef4b0c26433f5,137db9c0d5d77e85,137db9c0d5d77e85,0,0
3452,3452,0,00000c8,04,2,2,3,6e6280eca8c847a9,3,3,3,bfe2587479489f31,0,1,a6665d0260cc9a47,137db9c0d5d77e85,137db9c0d5d77e85,0,0
3453,3453,0,00000cc,04,2,2,3,ccca295e0a60ee1b,3,3,3,bfe2587479489f31,0,1,2b33d389ed9914cc,137db9c0d5d77e85,137db9c0d5d77e85,0,0
3454,3454,0,00000d0,04,2,2,3,419fa7d587356090,3,3,3,bfe2587479489f31,0,1,bccd40157a678750,137db9c0d5d77e85,137db9c0d5d77e85,0,0
3455,3455,0,00000d4,04,2,2,3,d661344910cbf30c,3,3,3,bfe2587479489f31,0,1,3198ce9ef73209db,137db9c0d5d77e85,137db9c0d5d77e85,0,0
3456,3456,0,00000d8,04,2,2,3,5b34bac29d9e7d87,3,3,3,bfe2587479489f31,0,1,f99c13703f36d435,137db9c0d5d77e85,137db9c0d5d77e85,0,0
3457,3457,0,00000dc,04,2,2,3,46688f9480c248d1,3,3,3,bfe2587479489f31,0,1,74c99dfbb2635abe,137db9c0d5d77e85,137db9c0d5d77e85,0,0
3458,3458,0,00000e0,04,2,2,3,cb3d011f0d97c65a,3,3,3,bfe2587479489f31,0,1,e3370e67259dc922,137db9c0d5d77e85,137db9c0d5d77e85,0,0
3459,3459,0,00000e4,04,2,2,3,5cc392839a6955c6,3,3,3,bfe2587479489f31,0,1,6e6280eca8c847a9,137db9c0d5d77e85,137db9c0d5d77e85,0,0
3460,3460,0,00000e8,04,2,2,3,d1961c08173cdb4d,3,3,3,bfe2587479489f31,0,1,ccca295e0a60ee1b,b9cc68b17f66aff4,b9cc68b17f66aff4,0,1
3461,3461,0,00000ec,04,2,2,3,733eb5bab59472ff,3,3,3,bfe2587479489f31,0,1,419fa7d587356090,3499e63af233217f,3499e63af233217f,0,1
3462,3462,0,00000f0,04,2,2,3,fe6b3b3138c1fc74,3,3,3,bfe2587479489f31,0,1,d661344910cbf30c,a36775a665cdb2e3,a36775a665cdb2e3,0,1
3463,3463,0,00000f4,04,2,2,3,6995a8adaf3f6fe8,3,3,3,bfe2587479489f31,0,1,5b34bac29d9e7d87,2e32fb2de8983c68,2e32fb2de8983c68,0,1
3464,3464,0,00000f8,04,2,2,3,e4c02626226ae163,3,3,3,bfe2587479489f31,0,1,46688f9480c248d1,8c9a529f4a3095da,8c9a529f4a3095da,0,1
3465,3465,0,00000fc,04,2,2,3,2cc4fbc8ea6e3c8d,3,3,3,bfe2587479489f31,0,1,cb3d011f0d97c65a,01cfdc14c7651b51,01cfdc14c7651b51,0,1
3466,3466,0,0000100,04,2,2,3,a1917543673bb206,3,3,3,bfe2587479489f31,0,1,5cc392839a6955c6,96314f88509b88cd,96314f88509b88cd,0,1
3467,3467,0,0000104,04,2,2,3,366fe6dff0c5219a,3,3,3,bfe2587479489f31,0,1,d1961c08173cdb4d,1b64c103ddce0646,1b64c103ddce0646,0,1
3468,3468,0,0000108,04,2,2,3,bb3a68547d90af11,3,3,3,bfe2587479489f31,0,1,733eb5bab59472ff,79d1cd9cbf7b0ad9,79d1cd9cbf7b0ad9,0,0
3469,3469,0,000010c,04,2,2,3,1992c1e6df3806a3,3,3,3,bfe2587479489f31,0,1,fe6b3b3138c1fc74,79d1cd9cbf7b0ad9,79d1cd9cbf7b0ad9,0,0
3470,3470,0,0000110,04,2,2,3,94c74f6d526d8828,3,3,3,bfe2587479489f31,0,1,6995a8adaf3f6fe8,79d1cd9cbf7b0ad9,79d1cd9cbf7b0ad9,0,0
3471,3471,0,0000114,04,2,2,3,0339dcf1c5931bb4,3,3,3,bfe2587479489f31,0,1,e4c02626226ae163,79d1cd9cbf7b0ad9,79d1cd9cbf7b0ad9,0,0
3472,3472,0,0000118,04,2,2,3,8e6c527a48c6953f,3,3,3,bfe2587479489f31,0,1,2cc4fbc8ea6e3c8d,79d1cd9cbf7b0ad9,79d1cd9cbf7b0ad9,0,0
3473,3473,0,000011c,04,2,2,3,6ce214beaa48d3fb,3,3,3,bfe2587479489f31,0,1,a1917543673bb206,79d1cd9cbf7b0ad9,79d1cd9cbf7b0ad9,0,0
3474,3474,0,0000120,04,2,2,3,e1b79a35271d5d70,3,3,3,bfe2587479489f31,0,1,366fe6dff0c5219a,79d1cd9cbf7b0ad9,79d1cd9cbf7b0ad9,0,0
3475,3475,0,0000124,04,2,2,3,764909a9b0e3ceec,3,3,3,bfe2587479489f31,0,1,bb3a68547d90af11,79d1cd9cbf7b0ad9,79d1cd9cbf7b0ad9,0,0
3476,3476,0,0000128,04,2,2,3,fb1c87223db64067,3,3,3,bfe2587479489f31,0,1,1992c1e6df3806a3,79d1cd9cbf7b0ad9,79d1cd9cbf7b0ad9,0,0
3477,3477,0,000012c,04,2,2,3,59b42e909f1ee9d5,3,3,3,bfe2587479489f31,0,1,94c74f6d526d8828,79d1cd9cbf7b0ad9,79d1cd9cbf7b0ad9,0,0
3478,3478,0,0000000,00,3,3,3,d4e1a01b124b675e,3,3,3,bfe2587479489f31,0,1,0339dcf1c5931bb4,79d1cd9cbf7b0ad9,79d1cd9cbf7b0ad9,0,0
3479,3479,0,0000000,00,3,3,3,431f338785b5f4c2,3,3,3,bfe2587479489f31,0,1,8e6c527a48c6953f,79d1cd9cbf7b0ad9,79d1cd9cbf7b0ad9,0,0
3480,3480,0,0000000,00,3,3,3,ce4abd0c08e07a49,3,3,3,bfe2587479489f31,0,1,6ce214beaa48d3fb,d3601ced15cadba8,d3601ced15cadba8,0,1
3481,3481,0,0000130,04,2,2,3,064e60e2c0e4a7a7,3,3,3,bfe2587479489f31,0,1,e1b79a35271d5d70,5e359266989f5523,5e359266989f5523,0,1
3482,3482,0,0000134,04,2,2,3,8b1bee694db1292c,3,3,3,bfe2587479489f31,0,1,764909a9b0e3ceec,c9cb01fa0f61c6bf,c9cb01fa0f61c6bf,0,1
3483,3483,0,0000138,04,2,2,3,1ce57df5da4fbab0,3,3,3,bfe2587479489f31,0,1,fb1c87223db64067,449e8f7182344834,449e8f7182344834,0,1
3484,3484,0,000013c,04,2,2,3,91b0f37e571a343b,0,3,3,bfe2587479489f31,0,1,59b42e909f1ee9d5,e63626c3209ce186,e63626c3209ce186,0,1
3485,3485,0,0000140,04,2,2,3,00000000000091b0,0,3,3,bfe2587479489f31,0,1,d4e1a01b124b675e,6b63a848adc96f0d,6b63a848adc96f0d,0,1
3486,3486,0,0000144,04,2,2,3,0000000000000000,0,3,3,bfe2587479489f31,0,1,431f338785b5f4c2,fc9d3bd43a37fc91,fc9d3bd43a37fc91,0,1
3487,3487,0,0000148,04,2,2,3,0000000000000000,3,3,3,15538905d3f94e40,0,1,ce4abd0c08e07a49,71c8b55fb762721a,71c8b55fb762721a,0,1
3488,3488,0,000014c,04,2,2,3,33185accf5b29d89,3,3,3,15538905d3f94e40,0,1,064e60e2c0e4a7a7,6c948009aa3e474c,6c948009aa3e474c,0,0
3489,3489,0,0000000,00,3,3,3,be4dd44778e71302,3,3,3,15538905d3f94e40,0,1,8b1bee694db1292c,6c948009aa3e474c,6c948009aa3e474c,0,0
3490,3490,0,0000000,00,3,3,3,29b347dbef19809e,3,3,3,15538905d3f94e40,0,1,1ce57df5da4fbab0,6c948009aa3e474c,6c948009aa3e474c,0,0
3491,3491,0,0000000,00,3,3,3,a4e6c950624c0e15,3,3,3,15538905d3f94e40,0,1,91b0f37e571a343b,6c948009aa3e474c,6c948009aa3e474c,0,0
3492,3492,0,0000000,00,3,3,3,b9bafc067f103b43,3,0,3,15538905d3f94e40,0,1,00000000000091b0,6c948009aa3e474c,6c948009aa3e474c,0,0
3493,3493,0,0000000,00,3,3,3,34ef728df245b5c8,3,0,3,15538905d3f94e40,0,1,0000000000000000,6c948009aa3e474c,6c948009aa3e474c,0,0
3494,3494,0,0000000,00,3,3,3,a311e11165bb2654,3,0,3,15538905d3f94e40,0,1,0000000000000000,6c948009aa3e474c,6c948009aa3e474c,0,0
3495,3495,0,0000000,00,3,3,3,2e446f9ae8eea8df,0,3,3,15538905d3f94e40,0,1,33185accf5b29d89,6c948009aa3e474c,6c948009aa3e474c,0,0
3496,3496,0,0000398,00,2,2,3,0000000000002e44,0,3,2,15538905d3f94e40,3,1,be4dd44778e71302,6c948009aa3e474c,6c948009aa3e474c,0,0
3497,3497,0,000039c,00,2,2,3,0000000000000000,0,3,2,9806078e5eacc0cb,3,1,29b347dbef19809e,6c948009aa3e474c,6c948009aa3e474c,0,0
3498,3498,0,00003a0,00,2,2,3,0000000000000000,0,3,2,5002da6096a81d25,3,1,a4e6c950624c0e15,6c948009aa3e474c,6c948009aa3e474c,0,0
3499,3499,0,00003a4,00,2,2,3,0000000000000000,0,3,2,dd5754eb1bfd93ae,3,1,b9bafc067f103b43,6c948009aa3e474c,6c948009aa3e474c,0,0
3500,3500,0,00003a8,00,2,2,3,0000000000000000,0,3,2,4aa9c7778c030032,3,1,34ef728df245b5c8,3981b65dff2b7118,3981b65dff2b7118,0,1
3501,3501,0,00003ac,00,2,2,3,0000000000000000,0,3,2,c7fc49fc01568eb9,3,1,a311e11165bb2654,b4d438d6727eff93,b4d438d6727eff93,0,1
3502,3502,0,00003b0,00,2,2,3,8905d3f94e401553,0,3,2,6554e04ea3fe270b,3,1,2e446f9ae8eea8df,232aab4ae5806c0f,232aab4ae5806c0f,0,1
3503,3503,0,00003b4,00,2,2,3,078e5eacc0cb1553,0,0,2,e8016ec52eaba980,3,1,0000000000002e44,ae7f25c168d5e284,ae7f25c168d5e284,0,1
3504,3504,0,00003b8,00,2,2,3,da6096a81d259806,0,0,2,7ffffd59b9553a1c,3,1,0000000000000000,0cd78c73ca7d4b36,0cd78c73ca7d4b36,0,1
3505,3505,0,00003bc,00,2,2,3,54eb1bfd93ae5002,0,0,2,f2aa73d23400b497,3,1,0000000000000000,818202f84728c5bd,818202f84728c5bd,0,1
3506,3506,0,00003c0,00,2,2,3,c7778c030032dd57,0,0,2,eff64684295c81c1,3,1,0000000000000000,167c9164d0d65621,167c9164d0d65621,0,1
3507,3507,0,00003c4,00,2,2,3,49fc01568eb94aa9,0,0,2,62a3c80fa4090f4a,3,1,0000000000000000,9b291fef5d83d8aa,9b291fef5d83d8aa,0,1
3508,3508,0,00003c8,00,2,2,3,e04ea3fe270bc7fc,0,0,2,f55d5b9333f79cd6,3,1,0000000000000000,0638f455c0923310,0638f455c0923310,0,0
3509,3509,0,00003cc,00,2,2,3,6ec52eaba9806554,0,0,2,7808d518bea2125d,3,1,8905d3f94e401553,0638f455c0923310,0638f455c0923310,0,0
3510,3510,0,00003d0,00,2,2,3,fd59b9553a1ce801,0,0,2,daa07caa1c0abbef,3,1,078e5eacc0cb1553,0638f455c0923310,0638f455c0923310,0,0
3511,3511,0,00003d4,00,2,2,3,73d23400b4977fff,0,0,2,57f5f221915f3564,3,1,da6096a81d259806,0638f455c0923310,0638f455c0923310,0,0
3512,3512,0,00003d8,00,2,2,3,4684295c81c1f2aa,0,0,2,c00b61bd06a1a6f8,3,1,54eb1bfd93ae5002,0638f455c0923310,0638f455c0923310,0,0
3513,3513,0,00003dc,00,2,2,3,c80fa4090f4aeff6,0,0,2,4d5eef368bf42873,3,1,c7778c030032dd57,0638f455c0923310,0638f455c0923310,0,0
3514,3514,0,00003e0,00,2,2,3,5b9333f79cd662a3,0,0,2,855a32d843f0f59d,3,1,49fc01568eb94aa9,0638f455c0923310,0638f455c0923310,0,0
3515,3515,0,00003e4,00,2,2,3,d518bea2125df55d,0,0,2,080fbc53cea57b16,3,1,e04ea3fe270bc7fc,0638f455c0923310,0638f455c0923310,0,0
3516,3516,0,00003e8,00,2,2,3,7caa1c0abbef7808,0,0,2,9ff12fcf595be88a,3,1,6ec52eaba9806554,0638f455c0923310,0638f455c0923310,0,0
3517,3517,0,00003ec,00,2,2,3,f221915f3564daa0,0,0,2,12a4a144d40e6601,3,1,fd59b9553a1ce801,0638f455c0923310,0638f455c0923310,0,0
3518,3518,0,00003f0,00,2,2,3,61bd06a1a6f857f5,0,0,2,b00c08f676a6cfb3,3,1,73d23400b4977fff,0638f455c0923310,0638f455c0923310,0,0
3519,3519,0,00003f4,00,2,2,3,ef368bf42873c00b,0,0,2,3d59867dfbf34138,3,1,4684295c81c1f2aa,0638f455c0923310,0638f455c0923310,0,0
3520,3520,0,00003f8,00,2,2,3,32d843f0f59d4d5e,0,0,2,aaa715e16c0dd2a4,3,1,c80fa4090f4aeff6,532dc20195870544,532dc20195870544,0,1
3521,3521,0,00003fc,00,2,2,3,bc53cea57b16855a,0,0,2,27f29b6ae1585c2f,3,1,5b9333f79cd662a3,de784c8a18d28bcf,de784c8a18d28bcf,0,1
3522,3522,0,0000000,00,2,2,3,2fcf595be88a080f,0,0,2,6fbb9868a9115f2d,3,1,d518bea2125df55d,4986df168f2c1853,4986df168f2c1853,0,1
3523,3523,0,0000004,00,2,2,3,a144d40e66019ff1,0,0,2,e2ee16e32444d1a6,3,1,7caa1c0abbef7808,c4d3519d027996d8,c4d3519d027996d8,0,1
3524,3524,0,0000008,00,2,2,3,08f676a6cfb312a4,0,0,2,7510857fb3ba423a,3,1,f221915f3564daa0,667bf82fa0d13f6a,667bf82fa0d13f6a,0,1
3525,3525,0,000000c,00,2,2,3,867dfbf34138b00c,0,0,2,f8450bf43eefccb1,3,1,61bd06a1a6f857f5,eb2e76a42d84b1e1,eb2e76a42d84b1e1,0,1
3526,3526,0,0000010,00,2,2,3,15e16c0dd2a43d59,0,0,2,5aeda2469c476503,3,1,ef368bf42873c00b,7cd0e538ba7a227d,7cd0e538ba7a227d,0,1
3527,3527,0,0000014,00,2,2,3,9b6ae1585c2faaa7,0,0,2,d7b82ccd1112eb88,3,1,32d843f0f59d4d5e,f1856bb3372facf6,f1856bb3372facf6,0,1
3528,3528,0,0000018,00,2,2,3,9868a9115f2d27f2,0,0,2,4046bf5186ec7814,3,1,bc53cea57b16855a,b9cc68b17f66aff4,b9cc68b17f66aff4,0,0
3529,3529,0,000001c,00,2,2,3,16e32444d1a66fbb,0,0,2,cd1331da0bb9f69f,3,1,2fcf595be88a080f,b9cc68b17f66aff4,b9cc68b17f66aff4,0,0
3530,3530,0,0000020,00,2,2,3,857fb3ba423ae2ee,0,0,2,0517ec34c3bd2b71,3,1,a144d40e66019ff1,b9cc68b17f66aff4,b9cc68b17f66aff4,0,0
3531,3531,0,0000024,00,2,2,3,0bf43eefccb17510,0,0,2,884262bf4ee8a5fa,3,1,08f676a6cfb312a4,b9cc68b17f66aff4,b9cc68b17f66aff4,0,0
3532,3532,0,0000028,00,2,2,3,a2469c476503f845,0,0,2,1fbcf123d9163666,3,1,867dfbf34138b00c,b9cc68b17f66aff4,b9cc68b17f66aff4,0,0
3533,3533,0,000002c,00,2,2,3,2ccd1112eb885aed,0,0,2,92e97fa85443b8ed,3,1,15e16c0dd2a43d59,b9cc68b17f66aff4,b9cc68b17f66aff4,0,0
3534,3534,0,0000030,00,2,2,3,bf5186ec7814d7b8,0,0,2,3041d61af6eb115f,3,1,9b6ae1585c2faaa7,b9cc68b17f66aff4,b9cc68b17f66aff4,0,0
3535,3535,0,0000034,00,2,2,3,31da0bb9f69f4046,0,0,2,bd1458917bbe9fd4,3,1,9868a9115f2d27f2,b9cc68b17f66aff4,b9cc68b17f66aff4,0,0
3536,3536,0,0000038,00,2,2,3,ec34c3bd2b71cd13,0,0,2,2aeacb0dec400c48,3,1,16e32444d1a66fbb,b9cc68b17f66aff4,b9cc68b17f66aff4,0,0
3537,3537,0,000003c,00,2,2,3,62bf4ee8a5fa0517,0,0,2,a7bf4586611582c3,3,1,857fb3ba423ae2ee,b9cc68b17f66aff4,b9cc68b17f66aff4,0,0
3538,3538,0,0000040,00,2,2,3,f123d91636668842,0,0,2,bae370d07c49b795,3,1,0bf43eefccb17510,b9cc68b17f66aff4,b9cc68b17f66aff4,0,0
3539,3539,0,0000044,00,2,2,3,7fa85443b8ed1fbc,0,0,2,37b6fe5bf11c391e,3,1,a2469c476503f845,b9cc68b17f66aff4,b9cc68b17f66aff4,0,0
3540,3540,0,0000048,00,2,2,3,d61af6eb115f92e9,0,0,2,a0486dc766e2aa82,3,1,2ccd1112eb885aed,ecd95ee52a7399a0,ecd95ee52a7399a0,0,1
3541,3541,0,000004c,00,2,2,3,58917bbe9fd43041,0,0,2,2d1de34cebb72409,3,1,bf5186ec7814d7b8,618cd06ea726172b,618cd06ea726172b,0,1
3542,3542,0,0000050,00,2,2,3,cb0dec400c48bd14,0,0,2,8fb54afe491f8dbb,3,1,31da0bb9f69f4046,f67243f230d884b7,f67243f230d884b7,0,1
3543,3543,0,0000054,00,2,2,3,4586611582c32aea,0,0,2,02e0c475c44a0330,3,1,ec34c3bd2b71cd13,7b27cd79bd8d0a3c,7b27cd79bd8d0a3c,0,1
3544,3544,0,0000058,00,2,2,3,70d07c49b795a7bf,0,0,2,951e57e953b490ac,3,1,62bf4ee8a5fa0517,d98f64cb1f25a38e,d98f64cb1f25a38e,0,1
3545,3545,0,000005c,00,2,2,3,fe5bf11c391ebae3,0,0,2,184bd962dee11e27,3,1,f123d91636668842,54daea4092702d05,54daea4092702d05,0,1
3546,3546,0,0000060,00,2,2,3,6dc766e2aa8237b6,0,0,2,d04f048c16e5c3c9,3,1,7fa85443b8ed1fbc,c32479dc058ebe99,c32479dc058ebe99,0,1
3547,3547,0,0000064,00,2,2,3,e34cebb72409a048,0,0,2,5d1a8a079bb04d42,3,1,d61af6eb115f92e9,4e71f75788db3012,4e71f75788db3012,0,1
3548,3548,0,0000068,00,2,2,3,4afe491f8dbb2d1d,0,0,2,cae4199b0c4edede,3,1,58917bbe9fd43041,d3601ced15cadba8,d3601ced15cadba8,0,0
3549,3549,0,000006c,00,2,2,3,c475c44a03308fb5,0,0,2,47b19710811b5055,3,1,cb0dec400c48bd14,d3601ced15cadba8,d3601ced15cadba8,0,0
3550,3550,0,0000070,00,2,2,3,57e953b490ac02e0,0,0,2,e5193ea223b3f9e7,3,1,4586611582c32aea,d3601ced15cadba8,d3601ced15cadba8,0,0
3551,3551,0,0000074,00,2,2,3,d962dee11e27951e,0,0,2,684cb029aee6776c,3,1,70d07c49b795a7bf,d3601ced15cadba8,d3601ced15cadba8,0,0
3552,3552,0,0000078,00,2,2,3,048c16e5c3c9184b,0,0,2,ffb223b53918e4f0,3,1,fe5bf11c391ebae3,d3601ced15cadba8,d3601ced15cadba8,0,0
3553,3553,0,000007c,00,2,2,3,8a079bb04d42d04f,0,0,2,72e7ad3eb44d6a7b,3,1,6dc766e2aa8237b6,d3601ced15cadba8,d3601ced15cadba8,0,0
3554,3554,0,0000080,00,2,2,3,199b0c4edede5d1a,0,0,2,c50a491903a08e5c,3,1,e34cebb72409a048,d3601ced15cadba8,d3601ced15cadba8,0,0
3555,3555,0,0000084,00,2,2,3,9710811b5055cae4,0,0,2,485fc7928ef500d7,3,1,4afe491f8dbb2d1d,d3601ced15cadba8,d3601ced15cadba8,0,0
3556,3556,0,0000088,00,2,2,3,3ea223b3f9e747b1,0,0,2,dfa1540e190b934b,3,1,c475c44a03308fb5,d3601ced15cadba8,d3601ced15cadba8,0,0
3557,3557,0,000008c,00,2,2,3,b029aee6776ce519,0,0,2,52f4da85945e1dc0,3,1,57e953b490ac02e0,d3601ced15cadba8,d3601ced15cadba8,0,0
3558,3558,0,0000090,00,2,2,3,23b53918e4f0684c,0,0,2,f05c733736f6b472,3,1,d962dee11e27951e,d3601ced15cadba8,d3601ced15cadba8,0,0
3559,3559,0,0000094,00,2,2,3,ad3eb44d6a7bffb2,0,0,2,7d09fdbcbba33af9,3,1,048c16e5c3c9184b,d3601ced15cadba8,d3601ced15cadba8,0,0
3560,3560,0,0000098,00,2,2,3,491903a08e5c72e7,0,0,2,eaf76e202c5da965,3,1,8a079bb04d42d04f,86752ab940dfedfc,86752ab940dfedfc,0,1
3561,3561,0,000009c,00,2,2,3,c7928ef500d7c50a,0,0,2,67a2e0aba10827ee,3,1,199b0c4edede5d1a,0b20a432cd8a6377,0b20a432cd8a6377,0,1
3562,3562,0,00000a0,00,2,2,3,540e190b934b485f,0,0,2,afa63d45690cfa00,3,1,9710811b5055cae4,9cde37ae5a74f0eb,9cde37ae5a74f0eb,0,1
3563,3563,0,00000a4,00,2,2,3,da85945e1dc0dfa1,0,0,2,22f3b3cee459748b,3,1,3ea223b3f9e747b1,118bb925d7217e60,118bb925d7217e60,0,1
3564,3564,0,00000a8,00,2,2,3,733736f6b47252f4,0,0,2,b50d205273a7e717,3,1,b029aee6776ce519,b32310977589d7d2,b32310977589d7d2,0,1
3565,3565,0,00000ac,00,2,2,3,fdbcbba33af9f05c,0,0,2,3858aed9fef2699c,3,1,23b53918e4f0684c,3e769e1cf8dc5959,3e769e1cf8dc5959,0,1
3566,3566,0,00000b0,00,2,2,3,6e202c5da9657d09,0,0,2,9af0076b5c5ac02e,3,1,ad3eb44d6a7bffb2,a9880d806f22cac5,a9880d806f22cac5,0,1
3567,3567,0,00000b4,00,2,2,3,e0aba10827eeeaf7,0,0,2,17a589e0d10f4ea5,3,1,491903a08e5c72e7,24dd830be277444e,24dd830be277444e,0,1
3568,3568,0,00000b8,00,2,2,3,3d45690cfa0067a2,0,0,2,805b1a7c46f1dd39,3,1,c7928ef500d7c50a,3981b65dff2b7118,3981b65dff2b7118,0,0
3569,3569,0,00000bc,00,2,2,3,b3cee459748bafa6,0,0,2,0d0e94f7cba453b2,3,1,540e190b934b485f,3981b65dff2b7118,3981b65dff2b7118,0,0
3570,3570,0,00000c0,00,2,2,3,205273a7e71722f3,0,0,2,1052a1a1d6f866e4,3,1,da85945e1dc0dfa1,3981b65dff2b7118,3981b65dff2b7118,0,0
3571,3571,0,00000c4,00,2,2,3,aed9fef2699cb50d,0,0,2,9d072f2a5bade86f,3,1,733736f6b47252f4,3981b65dff2b7118,3981b65dff2b7118,0,0
3572,3572,0,00000c8,00,2,2,3,076b5c5ac02e3858,0,0,2,0af9bcb6cc537bf3,3,1,fdbcbba33af9f05c,3981b65dff2b7118,3981b65dff2b7118,0,0
3573,3573,0,00000cc,00,2,2,3,89e0d10f4ea59af0,0,0,2,87ac323d4106f578,3,1,6e202c5da9657d09,3981b65dff2b7118,3981b65dff2b7118,0,0
3574,3574,0,00000d0,00,2,2,3,1a7c46f1dd3917a5,0,0,2,25049b8fe3ae5cca,3,1,e0aba10827eeeaf7,3981b65dff2b7118,3981b65dff2b7118,0,0
3575,3575,0,00000d4,00,2,2,3,94f7cba453b2805b,0,0,2,a85115046efbd241,3,1,3d45690cfa0067a2,3981b65dff2b7118,3981b65dff2b7118,0,0
3576,3576,0,00000d8,00,2,2,3,a1a1d6f866e40d0e,0,0,2,3faf8698f90541dd,3,1,b3cee459748bafa6,3981b65dff2b7118,3981b65dff2b7118,0,0
3577,3577,0,00000dc,00,2,2,3,2f2a5bade86f1052,0,0,2,b2fa08137450cf56,3,1,205273a7e71722f3,3981b65dff2b7118,3981b65dff2b7118,0,0
3578,3578,0,00000e0,00,2,2,3,bcb6cc537bf39d07,0,0,2,7afed5fdbc5412b8,3,1,aed9fef2699cb50d,3981b65dff2b7118,3981b65dff2b7118,0,0
3579,3579,0,00000e4,00,2,2,3,323d4106f5780af9,0,0,2,f7ab5b7631019c33,3,1,076b5c5ac02e3858,3981b65dff2b7118,3981b65dff2b7118,0,0
3580,3580,0,00000e8,00,2,2,3,9b8fe3ae5cca87ac,0,0,2,6055c8eaa6ff0faf,3,1,89e0d10f4ea59af0,9330672c559aa069,9330672c559aa069,0,1
3581,3581,0,00000ec,00,2,2,3,15046efbd2412504,0,0,2,ed0046612baa8124,3,1,1a7c46f1dd3917a5,1e65e9a7d8cf2ee2,1e65e9a7d8cf2ee2,0,1
3582,3582,0,00000f0,00,2,2,3,8698f90541dda851,0,0,2,4fa8efd389022896,3,1,94f7cba453b2805b,899b7a3b4f31bd7e,899b7a3b4f31bd7e,0,1
3583,3583,0,00000f4,00,2,2,3,08137450cf563faf,0,0,2,c2fd61580457a61d,3,1,a1a1d6f866e40d0e,04cef4b0c26433f5,04cef4b0c26433f5,0,1
3584,3584,0,00000f8,00,2,2,3,d5fdbc5412b8b2fa,0,0,2,5503f2c493a93581,3,1,2f2a5bade86f1052,a6665d0260cc9a47,a6665d0260cc9a47,0,1
3585,3585,0,00000fc,00,2,2,3,5b7631019c337afe,0,0,2,d8567c4f1efcbb0a,3,1,bcb6cc537bf39d07,2b33d389ed9914cc,2b33d389ed9914cc,0,1
3586,3586,0,0000100,00,2,2,3,c8eaa6ff0faff7ab,0,0,2,3ad83a8bfc72fdce,3,1,323d4106f5780af9,bccd40157a678750,bccd40157a678750,0,1
3587,3587,0,0000104,00,2,2,3,46612baa81246055,0,0,2,b78db40071277345,3,1,9b8fe3ae5cca87ac,3198ce9ef73209db,3198ce9ef73209db,0,1
3588,3588,0,0000108,00,2,2,3,efd389022896ed00,0,0,2,2073279ce6d9e0d9,3,1,15046efbd2412504,532dc20195870544,532dc20195870544,0,0
3589,3589,0,000010c,00,2,2,3,61580457a61d4fa8,0,0,2,ad26a9176b8c6e52,3,1,8698f90541dda851,532dc20195870544,532dc20195870544,0,0
3590,3590,0,0000110,00,2,2,3,f2c493a93581c2fd,0,0,2,0f8e00a5c924c7e0,3,1,08137450cf563faf,532dc20195870544,532dc20195870544,0,0
3591,3591,0,0000114,00,2,2,3,7c4f1efcbb0a5503,0,0,2,82db8e2e4471496b,3,1,d5fdbc5412b8b2fa,532dc20195870544,532dc20195870544,0,0
3592,3592,0,0000118,00,2,2,3,3a8bfc72fdced856,0,0,2,15251db2d38fdaf7,3,1,5b7631019c337afe,532dc20195870544,532dc20195870544,0,0
3593,3593,0,000011c,00,2,2,3,b400712773453ad8,0,0,2,987093395eda547c,3,1,c8eaa6ff0faff7ab,532dc20195870544,532dc20195870544,0,0
3594,3594,0,0000120,00,2,2,3,279ce6d9e0d9b78d,0,0,2,50744ed796de8992,3,1,46612baa81246055,532dc20195870544,532dc20195870544,0,0
3595,3595,0,0000124,00,2,2,3,a9176b8c6e522073,0,0,2,dd21c05c1b8b0719,3,1,efd389022896ed00,532dc20195870544,532dc20195870544,0,0
3596,3596,0,0000128,00,2,2,3,00a5c924c7e0ad26,0,0,2,4adf53c08c759485,3,1,61580457a61d4fa8,532dc20195870544,532dc20195870544,0,0
3597,3597,0,000012c,00,2,2,3,8e2e4471496b0f8e,0,0,2,c78add4b01201a0e,3,1,f2c493a93581c2fd,532dc20195870544,532dc20195870544,0,0
3598,3598,0,0000130,00,2,2,3,1db2d38fdaf782db,0,0,2,652274f9a388b3bc,3,1,7c4f1efcbb0a5503,532dc20195870544,532dc20195870544,0,0
3599,3599,0,0000134,00,2,2,3,93395eda547c1525,0,0,2,e877fa722edd3d37,3,1,3a8bfc72fdced856,532dc20195870544,532dc20195870544,0,0
3600,3600,0,0000138,00,2,2,3,4ed796de89929870,0,0,2,7f8969eeb923aeab,3,1,b400712773453ad8,f99c13703f36d435,f99c13703f36d435,0,1
3601,3601,0,000013c,00,2,2,3,c05c1b8b07195074,0,0,2,f2dce76534762020,3,1,279ce6d9e0d9b78d,74c99dfbb2635abe,74c99dfbb2635abe,0,1
3602,3602,0,0000140,00,2,2,3,53c08c759485dd21,0,0,2,ef80d233292a1576,3,1,a9176b8c6e522073,e3370e67259dc922,e3370e67259dc922,0,1
3603,3603,0,0000144,00,2,2,3,dd4b01201a0e4adf,0,0,2,62d55cb8a47f9bfd,3,1,00a5c924c7e0ad26,6e6280eca8c847a9,6e6280eca8c847a9,0,1
3604,3604,0,0000148,00,2,2,3,74f9a388b3bcc78a,0,0,2,f52bcf2433810861,3,1,8e2e4471496b0f8e,ccca295e0a60ee1b,ccca295e0a60ee1b,0,1
3605,3605,0,000014c,00,2,2,3,fa722edd3d376522,0,0,2,787e41afbed486ea,3,1,1db2d38fdaf782db,419fa7d587356090,419fa7d587356090,0,1
3606,3606,0,0000150,00,2,2,3,69eeb923aeabe877,0,0,2,dad6e81d1c7c2f58,3,1,93395eda547c1525,d661344910cbf30c,d661344910cbf30c,0,1
3607,3607,0,0000154,00,2,2,3,e765347620207f89,0,0,2,578366969129a1d3,3,1,4ed796de89929870,5b34bac29d9e7d87,5b34bac29d9e7d87,0,1
3608,3608,0,0000158,00,2,2,3,d233292a1576f2dc,0,0,2,c07df50a06d7324f,3,1,c05c1b8b07195074,ecd95ee52a7399a0,ecd95ee52a7399a0,0,0
3609,3609,0,000015c,00,2,2,3,5cb8a47f9bfdef80,0,0,2,4d287b818b82bcc4,3,1,53c08c759485dd21,ecd95ee52a7399a0,ecd95ee52a7399a0,0,0
3610,3610,0,0000160,00,2,2,3,cf243381086162d5,0,0,2,852ca66f4386612a,3,1,dd4b01201a0e4adf,ecd95ee52a7399a0,ecd95ee52a7399a0,0,0
3611,3611,0,0000164,00,2,2,3,41afbed486eaf52b,0,0,2,087928e4ced3efa1,3,1,74f9a388b3bcc78a,ecd95ee52a7399a0,ecd95ee52a7399a0,0,0
3612,3612,0,0000168,00,2,2,3,e81d1c7c2f58787e,0,0,2,9f87bb78592d7c3d,3,1,fa722edd3d376522,ecd95ee52a7399a0,ecd95ee52a7399a0,0,0
3613,3613,0,000016c,00,2,2,3,66969129a1d3dad6,0,0,2,12d235f3d478f2b6,3,1,69eeb923aeabe877,ecd95ee52a7399a0,ecd95ee52a7399a0,0,0
3614,3614,0,0000170,00,2,2,3,f50a06d7324f5783,0,0,2,b07a9c4176d05b04,3,1,e765347620207f89,ecd95ee52a7399a0,ecd95ee52a7399a0,0,0
3615,3615,0,0000174,00,2,2,3,7b818b82bcc4c07d,0,0,2,3d2f12cafb85d58f,3,1,d233292a1576f2dc,ecd95ee52a7399a0,ecd95ee52a7399a0,0,0
3616,3616,0,0000178,00,2,2,3,a66f4386612a4d28,0,0,2,aad181566c7b4613,3,1,5cb8a47f9bfdef80,ecd95ee52a7399a0,ecd95ee52a7399a0,0,0
3617,3617,0,000017c,00,2,2,3,28e4ced3efa1852c,0,0,2,27840fdde12ec898,3,1,cf243381086162d5,ecd95ee52a7399a0,ecd95ee52a7399a0,0,0
3618,3618,0,0000180,00,2,2,3,bb78592d7c3d0879,0,0,2,9069ebfa56c32cbf,3,1,41afbed486eaf52b,ecd95ee52a7399a0,ecd95ee52a7399a0,0,0
3619,3619,0,0000184,00,2,2,3,35f3d478f2b69f87,0,0,2,1d3c6571db96a234,3,1,e81d1c7c2f58787e,ecd95ee52a7399a0,ecd95ee52a7399a0,0,0
3620,3620,0,0000188,00,2,2,3,9c4176d05b0412d2,0,0,2,8ac2f6ed4c6831a8,3,1,66969129a1d3dad6,46688f9480c248d1,46688f9480c248d1,0,1
3621,3621,0,000018c,00,2,2,3,12cafb85d58fb07a,0,0,2,07977866c13dbf23,3,1,f50a06d7324f5783,cb3d011f0d97c65a,cb3d011f0d97c65a,0,1
3622,3622,0,0000190,00,2,2,3,81566c7b46133d2f,0,0,2,a53fd1d463951691,3,1,7b818b82bcc4c07d,5cc392839a6955c6,5cc392839a6955c6,0,1
3623,3623,0,0000194,00,2,2,3,0fdde12ec898aad1,0,0,2,286a5f5feec0981a,3,1,a66f4386612a4d28,d1961c08173cdb4d,d1961c08173cdb4d,0,1
3624,3624,0,0000198,00,2,2,3,ebfa56c32cbf2784,0,0,2,bf94ccc3793e0b86,3,1,28e4ced3efa1852c,733eb5bab59472ff,733eb5bab59472ff,0,1
3625,3625,0,000019c,00,2,2,3,6571db96a2349069,0,0,2,32c14248f46b850d,3,1,bb78592d7c3d0879,fe6b3b3138c1fc74,fe6b3b3138c1fc74,0,1
3626,3626,0,00001a0,00,2,2,3,f6ed4c6831a81d3c,0,0,2,fac59fa63c6f58e3,3,1,35f3d478f2b69f87,6995a8adaf3f6fe8,6995a8adaf3f6fe8,0,1
3627,3627,0,00001a4,00,2,2,3,7866c13dbf238ac2,0,0,2,7790112db13ad668,3,1,9c4176d05b0412d2,e4c02626226ae163,e4c02626226ae163,0,1
3628,3628,0,00001a8,00,2,2,3,d1d4639516910797,0,0,2,e06e82b126c445f4,3,1,12cafb85d58fb07a,86752ab940dfedfc,86752ab940dfedfc,0,0
3629,3629,0,00001ac,00,2,2,3,5f5feec0981aa53f,0,0,2,6d3b0c3aab91cb7f,3,1,81566c7b46133d2f,86752ab940dfedfc,86752ab940dfedfc,0,0
3630,3630,0,00001b0,00,2,2,3,ccc3793e0b86286a,0,0,2,cf93a588093962cd,3,1,0fdde12ec898aad1,86752ab940dfedfc,86752ab940dfedfc,0,0
3631,3631,0,00001b4,00,2,2,3,4248f46b850dbf94,0,0,2,42c62b03846cec46,3,1,ebfa56c32cbf2784,86752ab940dfedfc,86752ab940dfedfc,0,0
3632,3632,0,00001b8,00,2,2,3,9fa63c6f58e332c1,0,0,2,d538b89f13927fda,3,1,6571db96a2349069,86752ab940dfedfc,86752ab940dfedfc,0,0
3633,3633,0,00001bc,00,2,2,3,112db13ad668fac5,0,0,2,586d36149ec7f151,3,1,f6ed4c6831a81d3c,86752ab940dfedfc,86752ab940dfedfc,0,0
3634,3634,0,00001c0,00,2,2,3,82b126c445f47790,0,0,2,45310342839bc407,3,1,7866c13dbf238ac2,86752ab940dfedfc,86752ab940dfedfc,0,0
3635,3635,0,00001c4,00,2,2,3,0c3aab91cb7fe06e,0,0,2,c8648dc90ece4a8c,3,1,d1d4639516910797,86752ab940dfedfc,86752ab940dfedfc,0,0
3636,3636,0,00001c8,00,2,2,3,a588093962cd6d3b,0,0,2,5f9a1e559930d910,3,1,5f5feec0981aa53f,86752ab940dfedfc,86752ab940dfedfc,0,0
3637,3637,0,00001cc,00,2,2,3,2b03846cec46cf93,0,0,2,d2cf90de1465579b,3,1,ccc3793e0b86286a,86752ab940dfedfc,86752ab940dfedfc,0,0
3638,3638,0,00001d0,00,2,2,3,b89f13927fda42c6,0,0,2,7067396cb6cdfe29,3,1,4248f46b850dbf94,86752ab940dfedfc,86752ab940dfedfc,0,0
3639,3639,0,00001d4,00,2,2,3,36149ec7f151d538,0,0,2,fd32b7e73b9870a2,3,1,9fa63c6f58e332c1,86752ab940dfedfc,86752ab940dfedfc,0,0
3640,3640,0,00001d8,00,2,2,3,0342839bc407586d,0,0,2,6acc247bac66e33e,3,1,112db13ad668fac5,2cc4fbc8ea6e3c8d,2cc4fbc8ea6e3c8d,0,1
3641,3641,0,00001dc,00,2,2,3,8dc90ece4a8c4531,0,0,2,e799aaf021336db5,3,1,82b126c445f47790,a1917543673bb206,a1917543673bb206,0,1
3642,3642,0,00001e0,00,2,2,3,1e559930d910c864,0,0,2,2f9d771ee937b05b,3,1,0c3aab91cb7fe06e,366fe6dff0c5219a,366fe6dff0c5219a,0,1
3643,3643,0,00001e4,00,2,2,3,90de1465579b5f9a,0,0,2,a2c8f99564623ed0,3,1,a588093962cd6d3b,bb3a68547d90af11,bb3a68547d90af11,0,1
3644,3644,0,00001e8,00,2,2,3,396cb6cdfe29d2cf,0,0,2,35366a09f39cad4c,3,1,2b03846cec46cf93,1992c1e6df3806a3,1992c1e6df3806a3,0,1
3645,3645,0,00001ec,00,2,2,3,b7e73b9870a27067,0,0,2,b863e4827ec923c7,3,1,b89f13927fda42c6,94c74f6d526d8828,94c74f6d526d8828,0,1
3646,3646,0,00001f0,00,2,2,3,247bac66e33efd32,0,0,2,1acb4d30dc618a75,3,1,36149ec7f151d538,0339dcf1c5931bb4,0339dcf1c5931bb4,0,1
3647,3647,0,00001f4,00,2,2,3,aaf021336db56acc,0,0,2,979ec3bb513404fe,3,1,0342839bc407586d,8e6c527a48c6953f,8e6c527a48c6953f,0,1
3648,3648,0,00001f8,00,2,2,3,771ee937b05be799,0,0,2,00605027c6ca9762,3,1,8dc90ece4a8c4531,9330672c559aa069,9330672c559aa069,0,0
3649,3649,0,00001fc,00,2,2,3,f99564623ed02f9d,0,0,2,8d35deac4b9f19e9,3,1,1e559930d910c864,9330672c559aa069,9330672c559aa069,0,0
3650,3650,0,0000200,00,2,2,3,6a09f39cad4ca2c8,0,0,2,c57cddae03d61aeb,3,1,90de1465579b5f9a,9330672c559aa069,9330672c559aa069,0,0
3651,3651,0,0000204,00,2,2,3,e4827ec923c73536,0,0,2,482953258e839460,3,1,396cb6cdfe29d2cf,9330672c559aa069,9330672c559aa069,0,0
3652,3652,0,0000208,00,2,2,3,4d30dc618a75b863,0,0,2,dfd7c0b9197d07fc,3,1,b7e73b9870a27067,9330672c559aa069,9330672c559aa069,0,0
3653,3653,0,000020c,00,2,2,3,c3bb513404fe1acb,0,0,2,52824e3294288977,3,1,247bac66e33efd32,9330672c559aa069,9330672c559aa069,0,0
3654,3654,0,0000210,00,2,2,3,5027c6ca9762979e,0,0,2,f02ae780368020c5,3,1,aaf021336db56acc,9330672c559aa069,9330672c559aa069,0,0
3655,3655,0,0000214,00,2,2,3,deac4b9f19e90060,0,0,2,7d7f690bbbd5ae4e,3,1,771ee937b05be799,9330672c559aa069,9330672c559aa069,0,0
3656,3656,0,0000218,00,2,2,3,ddae03d61aeb8d35,0,0,2,ea81fa972c2b3dd2,3,1,f99564623ed02f9d,9330672c559aa069,9330672c559aa069,0,0
3657,3657,0,000021c,00,2,2,3,53258e839460c57c,0,0,2,67d4741ca17eb359,3,1,6a09f39cad4ca2c8,9330672c559aa069,9330672c559aa069,0,0
3658,3658,0,0000220,00,2,2,3,c0b9197d07fc4829,0,0,2,afd0a9f2697a6eb7,3,1,e4827ec923c73536,9330672c559aa069,9330672c559aa069,0,0
3659,3659,0,0000224,00,2,2,3,4e3294288977dfd7,0,0,2,22852779e42fe03c,3,1,4d30dc618a75b863,9330672c559aa069,9330672c559aa069,0,0
3660,3660,0,0000228,00,2,2,3,e780368020c55282,0,0,2,b57bb4e573d173a0,3,1,c3bb513404fe1acb,6ce214beaa48d3fb,6ce214beaa48d3fb,0,1
3661,3661,0,000022c,00,2,2,3,690bbbd5ae4ef02a,0,0,2,382e3a6efe84fd2b,3,1,5027c6ca9762979e,e1b79a35271d5d70,e1b79a35271d5d70,0,1
3662,3662,0,0000230,00,2,2,3,fa972c2b3dd27d7f,0,0,2,9a8693dc5c2c5499,3,1,deac4b9f19e90060,764909a9b0e3ceec,764909a9b0e3ceec,0,1
3663,3663,0,0000234,00,2,2,3,741ca17eb359ea81,0,0,2,17d31d57d179da12,3,1,ddae03d61aeb8d35,fb1c87223db64067,fb1c87223db64067,0,1
3664,3664,0,0000238,00,2,2,3,a9f2697a6eb767d4,0,0,2,802d8ecb4687498e,3,1,53258e839460c57c,59b42e909f1ee9d5,59b42e909f1ee9d5,0,1
3665,3665,0,000023c,00,2,2,3,2779e42fe03cafd0,0,0,2,0d780040cbd2c705,3,1,c0b9197d07fc4829,d4e1a01b124b675e,d4e1a01b124b675e,0,1
3666,3666,0,0000240,00,2,2,3,b4e573d173a02285,0,0,2,10243516d68ef253,3,1,4e3294288977dfd7,431f338785b5f4c2,431f338785b5f4c2,0,1
3667,3667,0,0000244,00,2,2,3,3a6efe84fd2bb57b,0,0,2,9d71bb9d5bdb7cd8,3,1,e780368020c55282,ce4abd0c08e07a49,ce4abd0c08e07a49,0,1
3668,3668,0,0000248,00,2,2,3,93dc5c2c5499382e,0,0,2,0a8f2801cc25ef44,3,1,690bbbd5ae4ef02a,f99c13703f36d435,f99c13703f36d435,0,0
3669,3669,0,000024c,00,2,2,3,1d57d179da129a86,0,0,2,87daa68a417061cf,3,1,fa972c2b3dd27d7f,f99c13703f36d435,f99c13703f36d435,0,0
3670,3670,0,0000250,00,2,2,3,8ecb4687498e17d3,0,0,2,25720f38e3d8c87d,3,1,741ca17eb359ea81,f99c13703f36d435,f99c13703f36d435,0,0
3671,3671,0,0000254,00,2,2,3,0040cbd2c705802d,0,0,2,a82781b36e8d46f6,3,1,a9f2697a6eb767d4,f99c13703f36d435,f99c13703f36d435,0,0
3672,3672,0,0000258,00,2,2,3,3516d68ef2530d78,0,0,2,3fd9122ff973d56a,3,1,2779e42fe03cafd0,f99c13703f36d435,f99c13703f36d435,0,0
3673,3673,0,000025c,00,2,2,3,bb9d5bdb7cd81024,0,0,2,b28c9ca474265be1,3,1,b4e573d173a02285,f99c13703f36d435,f99c13703f36d435,0,0
3674,3674,0,0000260,00,2,2,3,2801cc25ef449d71,0,0,2,7a88414abc22860f,3,1,3a6efe84fd2bb57b,f99c13703f36d435,f99c13703f36d435,0,0
3675,3675,0,0000264,00,2,2,3,a68a417061cf0a8f,0,0,2,f7ddcfc131770884,3,1,93dc5c2c5499382e,f99c13703f36d435,f99c13703f36d435,0,0
3676,3676,0,0000268,00,2,2,3,0f38e3d8c87d87da,0,0,2,60235c5da6899b18,3,1,1d57d179da129a86,f99c13703f36d435,f99c13703f36d435,0,0
3677,3677,0,000026c,00,2,2,3,81b36e8d46f62572,0,0,2,ed76d2d62bdc1593,3,1,8ecb4687498e17d3,f99c13703f36d435,f99c13703f36d435,0,0
3678,3678,0,0000270,00,2,2,3,122ff973d56aa827,0,0,2,4fde7b648974bc21,3,1,0040cbd2c705802d,f99c13703f36d435,f99c13703f36d435,0,0
3679,3679,0,0000274,00,2,2,3,9ca474265be13fd9,0,0,2,c28bf5ef042132aa,3,1,3516d68ef2530d78,f99c13703f36d435,f99c13703f36d435,0,0
3680,3680,0,0000278,00,2,2,3,414abc22860fb28c,0,0,2,5575667393dfa136,3,1,bb9d5bdb7cd81024,064e60e2c0e4a7a7,064e60e2c0e4a7a7,0,1
3681,3681,0,000027c,00,2,2,3,cfc1317708847a88,0,0,2,d820e8f81e8a2fbd,3,1,2801cc25ef449d71,8b1bee694db1292c,8b1bee694db1292c,0,1
3682,3682,0,0000280,00,2,2,3,5c5da6899b18f7dd,0,0,2,6fcd0cdfa967cb9a,3,1,a68a417061cf0a8f,1ce57df5da4fbab0,1ce57df5da4fbab0,0,1
3683,3683,0,0000284,00,2,2,3,d2d62bdc15936023,0,0,2,e298825424324511,3,1,0f38e3d8c87d87da,91b0f37e571a343b,91b0f37e571a343b,0,1
3684,3684,0,0000288,00,2,2,3,7b648974bc21ed76,0,0,2,756611c8b3ccd68d,3,1,81b36e8d46f62572,33185accf5b29d89,33185accf5b29d89,0,1
3685,3685,0,000028c,00,2,2,3,f5ef042132aa4fde,0,0,2,f8339f433e995806,3,1,122ff973d56aa827,be4dd44778e71302,be4dd44778e71302,0,1
3686,3686,0,0000290,00,2,2,3,667393dfa136c28b,0,0,2,5a9b36f19c31f1b4,3,1,9ca474265be13fd9,29b347dbef19809e,29b347dbef19809e,0,1
3687,3687,0,0000294,00,2,2,3,e8f81e8a2fbd5575,0,0,2,d7ceb87a11647f3f,3,1,414abc22860fb28c,a4e6c950624c0e15,a4e6c950624c0e15,0,1
3688,3688,0,0000298,00,2,2,3,0cdfa967cb9ad820,0,0,2,40302be6869aeca3,3,1,cfc1317708847a88,46688f9480c248d1,46688f9480c248d1,0,0
3689,3689,0,000029c,00,2,2,3,8254243245116fcd,0,0,2,cd65a56d0bcf6228,3,1,5c5da6899b18f7dd,46688f9480c248d1,46688f9480c248d1,0,0
3690,3690,0,00002a0,00,2,2,3,11c8b3ccd68de298,0,0,2,05617883c3cbbfc6,3,1,d2d62bdc15936023,46688f9480c248d1,46688f9480c248d1,0,0
3691,3691,0,00002a4,00,2,2,3,9f433e9958067566,0,0,2,8834f6084e9e314d,3,1,7b648974bc21ed76,46688f9480c248d1,46688f9480c248d1,0,0
3692,3692,0,00002a8,00,2,2,3,36f19c31f1b4f833,0,0,2,1fca6594d960a2d1,3,1,f5ef042132aa4fde,46688f9480c248d1,46688f9480c248d1,0,0
3693,3693,0,00002ac,00,2,2,3,b87a11647f3f5a9b,0,0,2,929feb1f54352c5a,3,1,667393dfa136c28b,46688f9480c248d1,46688f9480c248d1,0,0
3694,3694,0,00002b0,00,2,2,3,2be6869aeca3d7ce,0,0,2,303742adf69d85e8,3,1,e8f81e8a2fbd5575,46688f9480c248d1,46688f9480c248d1,0,0
3695,3695,0,00002b4,00,2,2,3,a56d0bcf62284030,0,0,2,bd62cc267bc80b63,3,1,0cdfa967cb9ad820,46688f9480c248d1,46688f9480c248d1,0,0
3696,3696,0,00002b8,00,2,2,3,7883c3cbbfc6cd65,0,0,2,2a9c5fbaec3698ff,3,1,8254243245116fcd,46688f9480c248d1,46688f9480c248d1,0,0
3697,3697,0,00002bc,00,2,2,3,f6084e9e314d0561,0,0,2,a7c9d13161631674,3,1,11c8b3ccd68de298,46688f9480c248d1,46688f9480c248d1,0,0
3698,3698,0,00002c0,00,2,2,3,6594d960a2d18834,0,0,2,ba95e4677c3f2322,3,1,9f433e9958067566,46688f9480c248d1,46688f9480c248d1,0,0
3699,3699,0,00002c4,00,2,2,3,eb1f54352c5a1fca,0,0,2,37c06aecf16aada9,3,1,36f19c31f1b4f833,46688f9480c248d1,46688f9480c248d1,0,0
3700,3700,0,00002c8,00,2,2,3,42adf69d85e8929f,0,0,2,a03ef97066943e35,3,1,b87a11647f3f5a9b,b9bafc067f103b43,b9bafc067f103b43,0,1
3701,3701,0,00002cc,00,2,2,3,cc267bc80b633037,0,0,2,2d6b77fbebc1b0be,3,1,2be6869aeca3d7ce,34ef728df245b5c8,34ef728df245b5c8,0,1
3702,3702,0,00002d0,00,2,2,3,5fbaec3698ffbd62,0,0,2,8fc3de494969190c,3,1,a56d0bcf62284030,a311e11165bb2654,a311e11165bb2654,0,1
3703,3703,0,00002d4,00,2,2,3,d131616316742a9c,0,0,2,029650c2c43c9787,3,1,7883c3cbbfc6cd65,2e446f9ae8eea8df,2e446f9ae8eea8df,0,1
3704,3704,0,00002d8,00,2,2,3,e4677c3f2322a7c9,0,0,2,9568c35e53c2041b,3,1,f6084e9e314d0561,733eb5bab59472ff,733eb5bab59472ff,0,0
3705,3705,0,00002dc,00,2,2,3,6aecf16aada9ba95,0,0,2,183d4dd5de978a90,3,1,6594d960a2d18834,733eb5bab59472ff,733eb5bab59472ff,0,0
3706,3706,0,00002e0,00,2,2,3,f97066943e3537c0,0,0,2,d039903b1693577e,3,1,eb1f54352c5a1fca,733eb5bab59472ff,733eb5bab59472ff,0,0
3707,3707,0,00002e4,00,2,2,3,77fbebc1b0bea03e,0,0,2,5d6c1eb09bc6d9f5,3,1,42adf69d85e8929f,733eb5bab59472ff,733eb5bab59472ff,0,0
3708,3708,0,00002e8,00,2,2,3,de494969190c2d6b,0,0,2,ca928d2c0c384a69,3,1,cc267bc80b633037,733eb5bab59472ff,733eb5bab59472ff,0,0
3709,3709,0,00002ec,00,2,2,3,50c2c43c97878fc3,0,0,2,47c703a7816dc4e2,3,1,5fbaec3698ffbd62,733eb5bab59472ff,733eb5bab59472ff,0,0
3710,3710,0,00002f0,00,2,2,3,c35e53c2041b0296,0,0,2,e56faa1523c56d50,3,1,d131616316742a9c,733eb5bab59472ff,733eb5bab59472ff,0,0
3711,3711,0,00002f4,00,2,2,3,4dd5de978a909568,0,0,2,683a249eae90e3db,3,1,e4677c3f2322a7c9,733eb5bab59472ff,733eb5bab59472ff,0,0
3712,3712,0,00002f8,00,2,2,3,903b1693577e183d,0,0,2,ffc4b702396e7047,3,1,6aecf16aada9ba95,733eb5bab59472ff,733eb5bab59472ff,0,0
3713,3713,0,00002fc,00,2,2,3,1eb09bc6d9f5d039,0,0,2,72913989b43bfecc,3,1,f97066943e3537c0,733eb5bab59472ff,733eb5bab59472ff,0,0
3714,3714,0,0000300,00,2,2,3,8d2c0c384a695d6c,0,0,2,901f7f4d56b5b808,3,1,77fbebc1b0bea03e,733eb5bab59472ff,733eb5bab59472ff,0,0
3715,3715,0,0000304,00,2,2,3,03a7816dc4e2ca92,0,0,2,1d4af1c6dbe03683,3,1,de494969190c2d6b,733eb5bab59472ff,733eb5bab59472ff,0,0
3716,3716,0,0000308,00,2,2,3,aa1523c56d5047c7,0,0,2,8ab4625a4c1ea51f,3,1,50c2c43c97878fc3,733eb5bab59472ff,733eb5bab59472ff,0,0
3717,3717,0,000030c,00,2,2,3,249eae90e3dbe56f,0,0,2,07e1ecd1c14b2b94,3,1,c35e53c2041b0296,733eb5bab59472ff,733eb5bab59472ff,0,0
3718,3718,0,0000310,00,2,2,3,b702396e7047683a,0,0,2,a549456363e38226,3,1,4dd5de978a909568,733eb5bab59472ff,733eb5bab59472ff,0,0
3719,3719,0,0000314,00,2,2,3,3989b43bfeccffc4,0,0,2,281ccbe8eeb60cad,3,1,903b1693577e183d,733eb5bab59472ff,733eb5bab59472ff,0,0
3720,3720,0,0000318,00,2,2,3,7f4d56b5b8087291,0,0,2,bfe2587479489f31,3,1,1eb09bc6d9f5d039,733eb5bab59472ff,733eb5bab59472ff,0,0
3721,3721,0,000031c,00,2,2,3,f1c6dbe03683901f,0,0,2,32b7d6fff41d11ba,3,1,8d2c0c384a695d6c,733eb5bab59472ff,733eb5bab59472ff,0,0
3722,3722,0,0000320,00,2,2,3,625a4c1ea51f1d4a,0,0,2,fab30b113c19cc54,3,1,03a7816dc4e2ca92,733eb5bab59472ff,733eb5bab59472ff,0,0
3723,3723,0,0000324,00,2,2,3,ecd1c14b2b948ab4,0,0,2,77e6859ab14c42df,3,1,aa1523c56d5047c7,733eb5bab59472ff,733eb5bab59472ff,0,0
3724,3724,0,0000328,00,2,2,3,456363e3822607e1,0,0,2,e018160626b2d143,3,1,249eae90e3dbe56f,733eb5bab59472ff,733eb5bab59472ff,0,0
3725,3725,0,000032c,00,2,2,3,cbe8eeb60cada549,0,0,2,6d4d988dabe75fc8,3,1,b702396e7047683a,733eb5bab59472ff,733eb5bab59472ff,0,0
3726,3726,0,0000330,00,2,2,3,587479489f31281c,0,0,2,cfe5313f094ff67a,3,1,3989b43bfeccffc4,733eb5bab59472ff,733eb5bab59472ff,0,0
3727,3727,0,0000334,00,2,2,3,d6fff41d11babfe2,0,0,2,42b0bfb4841a78f1,3,1,7f4d56b5b8087291,733eb5bab59472ff,733eb5bab59472ff,0,0
3728,3728,0,0000338,00,2,2,3,0b113c19cc5432b7,0,0,2,d54e2c2813e4eb6d,3,1,f1c6dbe03683901f,733eb5bab59472ff,733eb5bab59472ff,0,0
3729,3729,0,000033c,00,2,2,3,859ab14c42dffab3,0,0,2,581ba2a39eb165e6,3,1,625a4c1ea51f1d4a,733eb5bab59472ff,733eb5bab59472ff,0,0
3730,3730,0,0000340,00,2,2,3,160626b2d14377e6,0,0,2,454797f583ed50b0,3,1,ecd1c14b2b948ab4,733eb5bab59472ff,733eb5bab59472ff,0,0
3731,3731,0,0000344,00,2,2,3,988dabe75fc8e018,0,0,2,c812197e0eb8de3b,3,1,456363e3822607e1,733eb5bab59472ff,733eb5bab59472ff,0,0
3732,3732,0,0000348,00,2,2,3,313f094ff67a6d4d,0,0,2,5fec8ae299464da7,3,1,cbe8eeb60cada549,733eb5bab59472ff,733eb5bab59472ff,0,0
3733,3733,0,000034c,00,2,2,3,bfb4841a78f1cfe5,0,0,2,d2b904691413c32c,3,1,587479489f31281c,733eb5bab59472ff,733eb5bab59472ff,0,0
3734,3734,0,0000350,00,2,2,3,2c2813e4eb6d42b0,0,0,2,7011addbb6bb6a9e,3,1,d6fff41d11babfe2,733eb5bab59472ff,733eb5bab59472ff,0,0
3735,3735,0,0000354,00,2,2,3,a2a39eb165e6d54e,0,0,2,fd4423503beee415,3,1,0b113c19cc5432b7,733eb5bab59472ff,733eb5bab59472ff,0,0
3736,3736,0,0000358,00,2,2,3,97f583ed50b0581b,0,0,2,6abab0ccac107789,3,1,859ab14c42dffab3,733eb5bab59472ff,733eb5bab59472ff,0,0
3737,3737,0,000035c,00,2,2,3,197e0eb8de3b4547,0,0,2,e7ef3e472145f902,3,1,160626b2d14377e6,733eb5bab59472ff,733eb5bab59472ff,0,0
3738,3738,0,0000360,00,2,2,3,8ae299464da7c812,0,0,2,2febe3a9e94124ec,3,1,988dabe75fc8e018,733eb5bab59472ff,733eb5bab59472ff,0,0
3739,3739,0,0000364,00,2,2,3,04691413c32c5fec,0,0,2,a2be6d226414aa67,3,1,313f094ff67a6d4d,733eb5bab59472ff,733eb5bab59472ff,0,0
3740,3740,0,0000368,00,2,2,3,addbb6bb6a9ed2b9,0,0,2,3540febef3ea39fb,3,1,bfb4841a78f1cfe5,733eb5bab59472ff,733eb5bab59472ff,0,0
3741,3741,0,000036c,00,2,2,3,23503beee4157011,0,0,2,b81570357ebfb770,3,1,2c2813e4eb6d42b0,733eb5bab59472ff,733eb5bab59472ff,0,0
3742,3742,0,0000370,00,2,2,3,b0ccac107789fd44,0,0,2,1abdd987dc171ec2,3,1,a2a39eb165e6d54e,733eb5bab59472ff,733eb5bab59472ff,0,0
3743,3743,0,0000374,00,2,2,3,3e472145f9026aba,0,0,2,97e8570c51429049,3,1,97f583ed50b0581b,733eb5bab59472ff,733eb5bab59472ff,0,0
3744,3744,0,0000378,00,2,2,3,e3a9e94124ece7ef,0,0,2,0016c490c6bc03d5,3,1,197e0eb8de3b4547,733eb5bab59472ff,733eb5bab59472ff,0,0
3745,3745,0,000037c,00,2,2,3,6d226414aa672feb,0,0,2,8d434a1b4be98d5e,3,1,8ae299464da7c812,733eb5bab59472ff,733eb5bab59472ff,0,0
3746,3746,0,0000380,00,2,2,3,febef3ea39fba2be,0,0,2,3aaeae3cfc046979,3,1,04691413c32c5fec,733eb5bab59472ff,733eb5bab59472ff,0,0
3747,3747,0,0000384,00,2,2,3,70357ebfb7703540,0,0,2,b7fb20b77151e7f2,3,1,addbb6bb6a9ed2b9,733eb5bab59472ff,733eb5bab59472ff,0,0
3748,3748,0,0000388,00,2,2,3,d987dc171ec2b815,0,0,2,2005b32be6af746e,3,1,23503beee4157011,733eb5bab59472ff,733eb5bab59472ff,0,0
3749,3749,0,000038c,00,2,2,3,570c514290491abd,0,0,2,ad503da06bfafae5,3,1,b0ccac107789fd44,733eb5bab59472ff,733eb5bab59472ff,0,0
3750,3750,0,0000390,00,2,2,3,c490c6bc03d597e8,0,0,2,0ff89412c9525357,3,1,3e472145f9026aba,733eb5bab59472ff,733eb5bab59472ff,0,0
3751,3751,0,0000394,00,2,2,3,4a1b4be98d5e0016,0,0,2,82ad1a994407dddc,3,1,e3a9e94124ece7ef,733eb5bab59472ff,733eb5bab59472ff,0,0
3752,3752,0,0000398,00,2,2,3,ae3cfc0469798d43,0,0,2,15538905d3f94e40,3,1,6d226414aa672feb,733eb5bab59472ff,733eb5bab59472ff,0,0
3753,3753,0,000039c,00,2,2,3,20b77151e7f23aae,0,0,2,9806078e5eacc0cb,3,1,febef3ea39fba2be,733eb5bab59472ff,733eb5bab59472ff,0,0
3754,3754,0,00003a0,00,2,2,3,b32be6af746eb7fb,0,0,2,5002da6096a81d25,3,1,70357ebfb7703540,733eb5bab59472ff,733eb5bab59472ff,0,0
3755,3755,0,00003a4,00,2,2,3,3da06bfafae52005,0,0,2,dd5754eb1bfd93ae,3,1,d987dc171ec2b815,733eb5bab59472ff,733eb5bab59472ff,0,0
3756,3756,0,00003a8,00,2,2,3,9412c9525357ad50,0,0,2,4aa9c7778c030032,3,1,570c514290491abd,733eb5bab59472ff,733eb5bab59472ff,0,0
3757,3757,0,00003ac,00,2,2,3,1a994407dddc0ff8,0,0,2,c7fc49fc01568eb9,3,1,c490c6bc03d597e8,733eb5bab59472ff,733eb5bab59472ff,0,0
3758,3758,0,00003b0,00,2,2,3,8905d3f94e4082ad,0,0,2,6554e04ea3fe270b,3,1,4a1b4be98d5e0016,733eb5bab59472ff,733eb5bab59472ff,0,0
3759,3759,0,00003b4,00,2,2,3,078e5eacc0cb1553,0,0,2,e8016ec52eaba980,3,1,ae3cfc0469798d43,733eb5bab59472ff,733eb5bab59472ff,0,0
3760,3760,0,00003b8,00,2,2,3,da6096a81d259806,0,0,2,7ffffd59b9553a1c,3,1,20b77151e7f23aae,733eb5bab59472ff,733eb5bab59472ff,0,0
3761,3761,0,00003bc,00,2,2,3,54eb1bfd93ae5002,0,0,2,f2aa73d23400b497,3,1,b32be6af746eb7fb,733eb5bab59472ff,733eb5bab59472ff,0,0
3762,3762,0,00003c0,00,2,2,3,c7778c030032dd57,0,0,2,eff64684295c81c1,3,1,3da06bfafae52005,733eb5bab59472ff,733eb5bab59472ff,0,0
3763,3763,0,00003c4,00,2,2,3,49fc01568eb94aa9,0,0,2,62a3c80fa4090f4a,3,1,9412c9525357ad50,733eb5bab59472ff,733eb5bab59472ff,0,0
3764,3764,0,00003c8,00,2,2,3,e04ea3fe270bc7fc,0,0,2,f55d5b9333f79cd6,3,1,1a994407dddc0ff8,733eb5bab59472ff,733eb5bab59472ff,0,0
3765,3765,0,00003cc,00,2,2,3,6ec52eaba9806554,0,0,2,7808d518bea2125d,3,1,8905d3f94e4082ad,733eb5bab59472ff,733eb5bab59472ff,0,0
3766,3766,0,00003d0,00,2,2,3,fd59b9553a1ce801,0,0,2,daa07caa1c0abbef,3,1,078e5eacc0cb1553,733eb5bab59472ff,733eb5bab59472ff,0,0
3767,3767,0,00003d4,00,2,2,3,73d23400b4977fff,0,0,2,57f5f221915f3564,3,1,da6096a81d259806,733eb5bab59472ff,733eb5bab59472ff,0,0
3768,3768,0,00003d8,00,2,2,3,4684295c81c1f2aa,0,0,2,c00b61bd06a1a6f8,3,1,54eb1bfd93ae5002,733eb5bab59472ff,733eb5bab59472ff,0,0
3769,3769,0,00003dc,00,2,2,3,c80fa4090f4aeff6,0,0,2,4d5eef368bf42873,3,1,c7778c030032dd57,733eb5bab59472ff,733eb5bab59472ff,0,0
3770,3770,0,00003e0,00,2,2,3,5b9333f79cd662a3,0,0,2,855a32d843f0f59d,3,1,49fc01568eb94aa9,733eb5bab59472ff,733eb5bab59472ff,0,0
3771,3771,0,00003e4,00,2,2,3,d518bea2125df55d,0,0,2,080fbc53cea57b16,3,1,e04ea3fe270bc7fc,733eb5bab59472ff,733eb5bab59472ff,0,0
3772,3772,0,00003e8,00,2,2,3,7caa1c0abbef7808,0,0,2,9ff12fcf595be88a,3,1,6ec52eaba9806554,733eb5bab59472ff,733eb5bab59472ff,0,0
3773,3773,0,00003ec,00,2,2,3,f221915f3564daa0,0,0,2,12a4a144d40e6601,3,1,fd59b9553a1ce801,733eb5bab59472ff,733eb5bab59472ff,0,0
3774,3774,0,00003f0,00,2,2,3,61bd06a1a6f857f5,0,0,2,b00c08f676a6cfb3,3,1,73d23400b4977fff,733eb5bab59472ff,733eb5bab59472ff,0,0
3775,3775,0,00003f4,00,2,2,3,ef368bf42873c00b,0,0,2,3d59867dfbf34138,3,1,4684295c81c1f2aa,733eb5bab59472ff,733eb5bab59472ff,0,0
3776,3776,0,00003f8,00,2,2,3,32d843f0f59d4d5e,0,0,2,aaa715e16c0dd2a4,3,1,c80fa4090f4aeff6,733eb5bab59472ff,733eb5bab59472ff,0,0
3777,3777,0,00003fc,00,2,2,3,bc53cea57b16855a,0,0,2,27f29b6ae1585c2f,3,1,5b9333f79cd662a3,733eb5bab59472ff,733eb5bab59472ff,0,0
3778,3778,0,0000000,00,2,2,3,2fcf595be88a080f,0,0,2,6fbb9868a9115f2d,3,1,d518bea2125df55d,733eb5bab59472ff,733eb5bab59472ff,0,0
3779,3779,0,0000004,00,2,2,3,a144d40e66019ff1,0,0,2,e2ee16e32444d1a6,3,1,7caa1c0abbef7808,733eb5bab59472ff,733eb5bab59472ff,0,0
3780,3780,0,0000008,00,2,2,3,08f676a6cfb312a4,0,0,2,7510857fb3ba423a,3,1,f221915f3564daa0,733eb5bab59472ff,733eb5bab59472ff,0,0
3781,3781,0,000000c,00,2,2,3,867dfbf34138b00c,0,0,2,f8450bf43eefccb1,3,1,61bd06a1a6f857f5,733eb5bab59472ff,733eb5bab59472ff,0,0
3782,3782,0,0000010,00,2,2,3,15e16c0dd2a43d59,0,0,2,5aeda2469c476503,3,1,ef368bf42873c00b,733eb5bab59472ff,733eb5bab59472ff,0,0
3783,3783,0,0000014,00,2,2,3,9b6ae1585c2faaa7,0,0,2,d7b82ccd1112eb88,3,1,32d843f0f59d4d5e,733eb5bab59472ff,733eb5bab59472ff,0,0
3784,3784,0,0000018,00,2,2,3,9868a9115f2d27f2,0,0,2,4046bf5186ec7814,3,1,bc53cea57b16855a,733eb5bab59472ff,733eb5bab59472ff,0,0
3785,3785,0,000001c,00,2,2,3,16e32444d1a66fbb,0,0,2,cd1331da0bb9f69f,3,1,2fcf595be88a080f,733eb5bab59472ff,733eb5bab59472ff,0,0
3786,3786,0,0000020,00,2,2,3,857fb3ba423ae2ee,0,0,2,0517ec34c3bd2b71,3,1,a144d40e66019ff1,733eb5bab59472ff,733eb5bab59472ff,0,0
3787,3787,0,0000024,00,2,2,3,0bf43eefccb17510,0,0,2,884262bf4ee8a5fa,3,1,08f676a6cfb312a4,733eb5bab59472ff,733eb5bab59472ff,0,0
3788,3788,0,0000028,00,2,2,3,a2469c476503f845,0,0,2,1fbcf123d9163666,3,1,867dfbf34138b00c,733eb5bab59472ff,733eb5bab59472ff,0,0
3789,3789,0,000002c,00,2,2,3,2ccd1112eb885aed,0,0,2,92e97fa85443b8ed,3,1,15e16c0dd2a43d59,733eb5bab59472ff,733eb5bab59472ff,0,0
3790,3790,0,0000030,00,2,2,3,bf5186ec7814d7b8,0,0,2,3041d61af6eb115f,3,1,9b6ae1585c2faaa7,733eb5bab59472ff,733eb5bab59472ff,0,0
3791,3791,0,0000034,00,2,2,3,31da0bb9f69f4046,0,0,2,bd1458917bbe9fd4,3,1,9868a9115f2d27f2,733eb5bab59472ff,733eb5bab59472ff,0,0
3792,3792,0,0000038,00,2,2,3,ec34c3bd2b71cd13,0,0,2,2aeacb0dec400c48,3,1,16e32444d1a66fbb,733eb5bab59472ff,733eb5bab59472ff,0,0
3793,3793,0,000003c,00,2,2,3,62bf4ee8a5fa0517,0,0,2,a7bf4586611582c3,3,1,857fb3ba423ae2ee,733eb5bab59472ff,733eb5bab59472ff,0,0
3794,3794,0,0000040,00,2,2,3,f123d91636668842,0,0,2,bae370d07c49b795,3,1,0bf43eefccb17510,733eb5bab59472ff,733eb5bab59472ff,0,0
3795,3795,0,0000044,00,2,2,3,7fa85443b8ed1fbc,0,0,2,37b6fe5bf11c391e,3,1,a2469c476503f845,733eb5bab59472ff,733eb5bab59472ff,0,0
3796,3796,0,0000048,00,2,2,3,d61af6eb115f92e9,0,0,2,a0486dc766e2aa82,3,1,2ccd1112eb885aed,733eb5bab59472ff,733eb5bab59472ff,0,0
3797,3797,0,000004c,00,2,2,3,58917bbe9fd43041,0,0,2,2d1de34cebb72409,3,1,bf5186ec7814d7b8,733eb5bab59472ff,733eb5bab59472ff,0,0
3798,3798,0,0000050,00,2,2,3,cb0dec400c48bd14,0,0,2,8fb54afe491f8dbb,3,1,31da0bb9f69f4046,733eb5bab59472ff,733eb5bab59472ff,0,0
3799,3799,0,0000054,00,2,2,3,4586611582c32aea,0,0,2,02e0c475c44a0330,3,1,ec34c3bd2b71cd13,733eb5bab59472ff,733eb5bab59472ff,0,0
3800,3800,0,0000058,00,2,2,3,70d07c49b795a7bf,0,0,2,951e57e953b490ac,3,1,62bf4ee8a5fa0517,733eb5bab59472ff,733eb5bab59472ff,0,0
3801,3801,0,000005c,00,2,2,3,fe5bf11c391ebae3,0,0,2,184bd962dee11e27,3,1,f123d91636668842,733eb5bab59472ff,733eb5bab59472ff,0,0
3802,3802,0,0000060,00,2,2,3,6dc766e2aa8237b6,0,0,2,d04f048c16e5c3c9,3,1,7fa85443b8ed1fbc,733eb5bab59472ff,733eb5bab59472ff,0,0
3803,3803,0,0000064,00,2,2,3,e34cebb72409a048,0,0,2,5d1a8a079bb04d42,3,1,d61af6eb115f92e9,733eb5bab59472ff,733eb5bab59472ff,0,0
3804,3804,0,0000068,00,2,2,3,4afe491f8dbb2d1d,0,0,2,cae4199b0c4edede,3,1,58917bbe9fd43041,733eb5bab59472ff,733eb5bab59472ff,0,0
3805,3805,0,000006c,00,2,2,3,c475c44a03308fb5,0,0,2,47b19710811b5055,3,1,cb0dec400c48bd14,733eb5bab59472ff,733eb5bab59472ff,0,0
3806,3806,0,0000070,00,2,2,3,57e953b490ac02e0,0,0,2,e5193ea223b3f9e7,3,1,4586611582c32aea,733eb5bab59472ff,733eb5bab59472ff,0,0
3807,3807,0,0000074,00,2,2,3,d962dee11e27951e,0,0,2,684cb029aee6776c,3,1,70d07c49b795a7bf,733eb5bab59472ff,733eb5bab59472ff,0,0
3808,3808,0,0000078,00,2,2,3,048c16e5c3c9184b,0,0,2,ffb223b53918e4f0,3,1,fe5bf11c391ebae3,733eb5bab59472ff,733eb5bab59472ff,0,0
3809,3809,0,000007c,00,2,2,3,8a079bb04d42d04f,0,0,2,72e7ad3eb44d6a7b,3,1,6dc766e2aa8237b6,733eb5bab59472ff,733eb5bab59472ff,0,0
3810,3810,0,0000080,00,2,2,3,199b0c4edede5d1a,0,0,2,c50a491903a08e5c,3,1,e34cebb72409a048,733eb5bab59472ff,733eb5bab59472ff,0,0
3811,3811,0,0000084,00,2,2,3,9710811b5055cae4,0,0,2,485fc7928ef500d7,3,1,4afe491f8dbb2d1d,733eb5bab59472ff,733eb5bab59472ff,0,0
3812,3812,0,0000088,00,2,2,3,3ea223b3f9e747b1,0,0,2,dfa1540e190b934b,3,1,c475c44a03308fb5,733eb5bab59472ff,733eb5bab59472ff,0,0
3813,3813,0,000008c,00,2,2,3,b029aee6776ce519,0,0,2,52f4da85945e1dc0,3,1,57e953b490ac02e0,733eb5bab59472ff,733eb5bab59472ff,0,0
3814,3814,0,0000090,00,2,2,3,23b53918e4f0684c,0,0,2,f05c733736f6b472,3,1,d962dee11e27951e,733eb5bab59472ff,733eb5bab59472ff,0,0
3815,3815,0,0000094,00,2,2,3,ad3eb44d6a7bffb2,0,0,2,7d09fdbcbba33af9,3,1,048c16e5c3c9184b,733eb5bab59472ff,733eb5bab59472ff,0,0
3816,3816,0,0000098,00,2,2,3,491903a08e5c72e7,0,0,2,eaf76e202c5da965,3,1,8a079bb04d42d04f,733eb5bab59472ff,733eb5bab59472ff,0,0
3817,3817,0,000009c,00,2,2,3,c7928ef500d7c50a,0,0,2,67a2e0aba10827ee,3,1,199b0c4edede5d1a,733eb5bab59472ff,733eb5bab59472ff,0,0
3818,3818,0,00000a0,00,2,2,3,540e190b934b485f,0,0,2,afa63d45690cfa00,3,1,9710811b5055cae4,733eb5bab59472ff,733eb5bab59472ff,0,0
3819,3819,0,00000a4,00,2,2,3,da85945e1dc0dfa1,0,0,2,22f3b3cee459748b,3,1,3ea223b3f9e747b1,733eb5bab59472ff,733eb5bab59472ff,0,0
3820,3820,0,00000a8,00,2,2,3,733736f6b47252f4,0,0,2,b50d205273a7e717,3,1,b029aee6776ce519,733eb5bab59472ff,733eb5bab59472ff,0,0
3821,3821,0,00000ac,00,2,2,3,fdbcbba33af9f05c,0,0,2,3858aed9fef2699c,3,1,23b53918e4f0684c,733eb5bab59472ff,733eb5bab59472ff,0,0
3822,3822,0,00000b0,00,2,2,3,6e202c5da9657d09,0,0,2,9af0076b5c5ac02e,3,1,ad3eb44d6a7bffb2,733eb5bab59472ff,733eb5bab59472ff,0,0
3823,3823,0,00000b4,00,2,2,3,e0aba10827eeeaf7,0,0,2,17a589e0d10f4ea5,3,1,491903a08e5c72e7,733eb5bab59472ff,733eb5bab59472ff,0,0
3824,3824,0,00000b8,00,2,2,3,3d45690cfa0067a2,0,0,2,805b1a7c46f1dd39,3,1,c7928ef500d7c50a,733eb5bab59472ff,733eb5bab59472ff,0,0
3825,3825,0,00000bc,00,2,2,3,b3cee459748bafa6,0,0,2,0d0e94f7cba453b2,3,1,540e190b934b485f,733eb5bab59472ff,733eb5bab59472ff,0,0
3826,3826,0,00000c0,00,2,2,3,205273a7e71722f3,0,0,2,1052a1a1d6f866e4,3,1,da85945e1dc0dfa1,733eb5bab59472ff,733eb5bab59472ff,0,0
3827,3827,0,00000c4,00,2,2,3,aed9fef2699cb50d,0,0,2,9d072f2a5bade86f,3,1,733736f6b47252f4,733eb5bab59472ff,733eb5bab59472ff,0,0
3828,3828,0,00000c8,00,2,2,3,076b5c5ac02e3858,0,0,2,0af9bcb6cc537bf3,3,1,fdbcbba33af9f05c,733eb5bab59472ff,733eb5bab59472ff,0,0
3829,3829,0,00000cc,00,2,2,3,89e0d10f4ea59af0,0,0,2,87ac323d4106f578,3,1,6e202c5da9657d09,733eb5bab59472ff,733eb5bab59472ff,0,0
3830,3830,0,00000d0,00,2,2,3,1a7c46f1dd3917a5,0,0,2,25049b8fe3ae5cca,3,1,e0aba10827eeeaf7,733eb5bab59472ff,733eb5bab59472ff,0,0
3831,3831,0,00000d4,00,2,2,3,94f7cba453b2805b,0,0,2,a85115046efbd241,3,1,3d45690cfa0067a2,733eb5bab59472ff,733eb5bab59472ff,0,0
3832,3832,0,00000d8,00,2,2,3,a1a1d6f866e40d0e,0,0,2,3faf8698f90541dd,3,1,b3cee459748bafa6,733eb5bab59472ff,733eb5bab59472ff,0,0
3833,3833,0,00000dc,00,2,2,3,2f2a5bade86f1052,0,0,2,b2fa08137450cf56,3,1,205273a7e71722f3,733eb5bab59472ff,733eb5bab59472ff,0,0
3834,3834,0,00000e0,00,2,2,3,bcb6cc537bf39d07,0,0,2,7afed5fdbc5412b8,3,1,aed9fef2699cb50d,733eb5bab59472ff,733eb5bab59472ff,0,0
3835,3835,0,00000e4,00,2,2,3,323d4106f5780af9,0,0,2,f7ab5b7631019c33,3,1,076b5c5ac02e3858,733eb5bab59472ff,733eb5bab59472ff,0,0
3836,3836,0,00000e8,00,2,2,3,9b8fe3ae5cca87ac,0,0,2,6055c8eaa6ff0faf,3,1,89e0d10f4ea59af0,733eb5bab59472ff,733eb5bab59472ff,0,0
3837,3837,0,00000ec,00,2,2,3,15046efbd2412504,0,0,2,ed0046612baa8124,3,1,1a7c46f1dd3917a5,733eb5bab59472ff,733eb5bab59472ff,0,0
3838,3838,0,00000f0,00,2,2,3,8698f90541dda851,0,0,2,4fa8efd389022896,3,1,94f7cba453b2805b,733eb5bab59472ff,733eb5bab59472ff,0,0
3839,3839,0,00000f4,00,2,2,3,08137450cf563faf,0,0,2,c2fd61580457a61d,3,1,a1a1d6f866e40d0e,733eb5bab59472ff,733eb5bab59472ff,0,0
3840,3840,0,00000f8,00,2,2,3,d5fdbc5412b8b2fa,0,0,2,5503f2c493a93581,3,1,2f2a5bade86f1052,733eb5bab59472ff,733eb5bab59472ff,0,0
3841,3841,0,00000fc,00,2,2,3,5b7631019c337afe,0,0,2,d8567c4f1efcbb0a,3,1,bcb6cc537bf39d07,733eb5bab59472ff,733eb5bab59472ff,0,0
3842,3842,0,0000100,00,2,2,3,c8eaa6ff0faff7ab,0,0,2,3ad83a8bfc72fdce,3,1,323d4106f5780af9,733eb5bab59472ff,733eb5bab59472ff,0,0
3843,3843,0,0000104,00,2,2,3,46612baa81246055,0,0,2,b78db40071277345,3,1,9b8fe3ae5cca87ac,733eb5bab59472ff,733eb5bab59472ff,0,0
3844,3844,0,0000108,00,2,2,3,efd389022896ed00,0,0,2,2073279ce6d9e0d9,3,1,15046efbd2412504,733eb5bab59472ff,733eb5bab59472ff,0,0
3845,3845,0,000010c,00,2,2,3,61580457a61d4fa8,0,0,2,ad26a9176b8c6e52,3,1,8698f90541dda851,733eb5bab59472ff,733eb5bab59472ff,0,0
3846,3846,0,0000110,00,2,2,3,f2c493a93581c2fd,0,0,2,0f8e00a5c924c7e0,3,1,08137450cf563faf,733eb5bab59472ff,733eb5bab59472ff,0,0
3847,3847,0,0000114,00,2,2,3,7c4f1efcbb0a5503,0,0,2,82db8e2e4471496b,3,1,d5fdbc5412b8b2fa,733eb5bab59472ff,733eb5bab59472ff,0,0
3848,3848,0,0000118,00,2,2,3,3a8bfc72fdced856,0,0,2,15251db2d38fdaf7,3,1,5b7631019c337afe,733eb5bab59472ff,733eb5bab59472ff,0,0
3849,3849,0,000011c,00,2,2,3,b400712773453ad8,0,0,2,987093395eda547c,3,1,c8eaa6ff0faff7ab,733eb5bab59472ff,733eb5bab59472ff,0,0
3850,3850,0,0000120,00,2,2,3,279ce6d9e0d9b78d,0,0,2,50744ed796de8992,3,1,46612baa81246055,733eb5bab59472ff,733eb5bab59472ff,0,0
3851,3851,0,0000124,00,2,2,3,a9176b8c6e522073,0,0,2,dd21c05c1b8b0719,3,1,efd389022896ed00,733eb5bab59472ff,733eb5bab59472ff,0,0
3852,3852,0,0000128,00,2,2,3,00a5c924c7e0ad26,0,0,2,4adf53c08c759485,3,1,61580457a61d4fa8,733eb5bab59472ff,733eb5bab59472ff,0,0
3853,3853,0,000012c,00,2,2,3,8e2e4471496b0f8e,0,0,2,c78add4b01201a0e,3,1,f2c493a93581c2fd,733eb5bab59472ff,733eb5bab59472ff,0,0
3854,3854,0,0000130,00,2,2,3,1db2d38fdaf782db,0,0,2,652274f9a388b3bc,3,1,7c4f1efcbb0a5503,733eb5bab59472ff,733eb5bab59472ff,0,0
3855,3855,0,0000134,00,2,2,3,93395eda547c1525,0,0,2,e877fa722edd3d37,3,1,3a8bfc72fdced856,733eb5bab59472ff,733eb5bab59472ff,0,0
3856,3856,0,0000138,00,2,2,3,4ed796de89929870,0,0,2,7f8969eeb923aeab,3,1,b400712773453ad8,733eb5bab59472ff,733eb5bab59472ff,0,0
3857,3857,0,000013c,00,2,2,3,c05c1b8b07195074,0,0,2,f2dce76534762020,3,1,279ce6d9e0d9b78d,733eb5bab59472ff,733eb5bab59472ff,0,0
3858,3858,0,0000140,00,2,2,3,53c08c759485dd21,0,0,2,ef80d233292a1576,3,1,a9176b8c6e522073,733eb5bab59472ff,733eb5bab59472ff,0,0
3859,3859,0,0000144,00,2,2,3,dd4b01201a0e4adf,0,0,2,62d55cb8a47f9bfd,3,1,00a5c924c7e0ad26,733eb5bab59472ff,733eb5bab59472ff,0,0
3860,3860,0,0000148,00,2,2,3,74f9a388b3bcc78a,0,0,2,f52bcf2433810861,3,1,8e2e4471496b0f8e,733eb5bab59472ff,733eb5bab59472ff,0,0
3861,3861,0,000014c,00,2,2,3,fa722edd3d376522,0,0,2,787e41afbed486ea,3,1,1db2d38fdaf782db,733eb5bab59472ff,733eb5bab59472ff,0,0
3862,3862,0,0000150,00,2,2,3,69eeb923aeabe877,0,0,2,dad6e81d1c7c2f58,3,1,93395eda547c1525,733eb5bab59472ff,733eb5bab59472ff,0,0
3863,3863,0,0000154,00,2,2,3,e765347620207f89,0,0,2,578366969129a1d3,3,1,4ed796de89929870,733eb5bab59472ff,733eb5bab59472ff,0,0
3864,3864,0,0000158,00,2,2,3,d233292a1576f2dc,0,0,2,c07df50a06d7324f,3,1,c05c1b8b07195074,733eb5bab59472ff,733eb5bab59472ff,0,0
3865,3865,0,000015c,00,2,2,3,5cb8a47f9bfdef80,0,0,2,4d287b818b82bcc4,3,1,53c08c759485dd21,733eb5bab59472ff,733eb5bab59472ff,0,0
3866,3866,0,0000160,00,2,2,3,cf243381086162d5,0,0,2,852ca66f4386612a,3,1,dd4b01201a0e4adf,733eb5bab59472ff,733eb5bab59472ff,0,0
3867,3867,0,0000164,00,2,2,3,41afbed486eaf52b,0,0,2,087928e4ced3efa1,3,1,74f9a388b3bcc78a,733eb5bab59472ff,733eb5bab59472ff,0,0
3868,3868,0,0000168,00,2,2,3,e81d1c7c2f58787e,0,0,2,9f87bb78592d7c3d,3,1,fa722edd3d376522,733eb5bab59472ff,733eb5bab59472ff,0,0
3869,3869,0,000016c,00,2,2,3,66969129a1d3dad6,0,0,2,12d235f3d478f2b6,3,1,69eeb923aeabe877,733eb5bab59472ff,733eb5bab59472ff,0,0
3870,3870,0,0000170,00,2,2,3,f50a06d7324f5783,0,0,2,b07a9c4176d05b04,3,1,e765347620207f89,733eb5bab59472ff,733eb5bab59472ff,0,0
3871,3871,0,0000174,00,2,2,3,7b818b82bcc4c07d,0,0,2,3d2f12cafb85d58f,3,1,d233292a1576f2dc,733eb5bab59472ff,733eb5bab59472ff,0,0
3872,3872,0,0000178,00,2,2,3,a66f4386612a4d28,0,0,2,aad181566c7b4613,3,1,5cb8a47f9bfdef80,733eb5bab59472ff,733eb5bab59472ff,0,0
3873,3873,0,000017c,00,2,2,3,28e4ced3efa1852c,0,0,2,27840fdde12ec898,3,1,cf243381086162d5,733eb5bab59472ff,733eb5bab59472ff,0,0
3874,3874,0,0000180,00,2,2,3,bb78592d7c3d0879,0,0,2,9069ebfa56c32cbf,3,1,41afbed486eaf52b,733eb5bab59472ff,733eb5bab59472ff,0,0
3875,3875,0,0000184,00,2,2,3,35f3d478f2b69f87,0,0,2,1d3c6571db96a234,3,1,e81d1c7c2f58787e,733eb5bab59472ff,733eb5bab59472ff,0,0
3876,3876,0,0000188,00,2,2,3,9c4176d05b0412d2,0,0,2,8ac2f6ed4c6831a8,3,1,66969129a1d3dad6,733eb5bab59472ff,733eb5bab59472ff,0,0
3877,3877,0,000018c,00,2,2,3,12cafb85d58fb07a,0,0,2,07977866c13dbf23,3,1,f50a06d7324f5783,733eb5bab59472ff,733eb5bab59472ff,0,0
3878,3878,0,0000190,00,2,2,3,81566c7b46133d2f,0,0,2,a53fd1d463951691,3,1,7b818b82bcc4c07d,733eb5bab59472ff,733eb5bab59472ff,0,0
3879,3879,0,0000194,00,2,2,3,0fdde12ec898aad1,0,0,2,286a5f5feec0981a,3,1,a66f4386612a4d28,733eb5bab59472ff,733eb5bab59472ff,0,0
3880,3880,0,0000198,00,2,2,3,ebfa56c32cbf2784,0,0,2,bf94ccc3793e0b86,3,1,28e4ced3efa1852c,733eb5bab59472ff,733eb5bab59472ff,0,0
3881,3881,0,000019c,00,2,2,3,6571db96a2349069,0,0,2,32c14248f46b850d,3,1,bb78592d7c3d0879,733eb5bab59472ff,733eb5bab59472ff,0,0
3882,3882,0,00001a0,00,2,2,3,f6ed4c6831a81d3c,0,0,2,fac59fa63c6f58e3,3,1,35f3d478f2b69f87,733eb5bab59472ff,733eb5bab59472ff,0,0
3883,3883,0,00001a4,00,2,2,3,7866c13dbf238ac2,0,0,2,7790112db13ad668,3,1,9c4176d05b0412d2,733eb5bab59472ff,733eb5bab59472ff,0,0
3884,3884,0,00001a8,00,2,2,3,d1d4639516910797,0,0,2,e06e82b126c445f4,3,1,12cafb85d58fb07a,733eb5bab59472ff,733eb5bab59472ff,0,0
3885,3885,0,00001ac,00,2,2,3,5f5feec0981aa53f,0,0,2,6d3b0c3aab91cb7f,3,1,81566c7b46133d2f,733eb5bab59472ff,733eb5bab59472ff,0,0
3886,3886,0,00001b0,00,2,2,3,ccc3793e0b86286a,0,0,2,cf93a588093962cd,3,1,0fdde12ec898aad1,733eb5bab59472ff,733eb5bab59472ff,0,0
3887,3887,0,00001b4,00,2,2,3,4248f46b850dbf94,0,0,2,42c62b03846cec46,3,1,ebfa56c32cbf2784,733eb5bab59472ff,733eb5bab59472ff,0,0
3888,3888,0,00001b8,00,2,2,3,9fa63c6f58e332c1,0,0,2,d538b89f13927fda,3,1,6571db96a2349069,733eb5bab59472ff,733eb5bab59472ff,0,0
3889,3889,0,00001bc,00,2,2,3,112db13ad668fac5,0,0,2,586d36149ec7f151,3,1,f6ed4c6831a81d3c,733eb5bab59472ff,733eb5bab59472ff,0,0
3890,3890,0,00001c0,00,2,2,3,82b126c445f47790,0,0,2,45310342839bc407,3,1,7866c13dbf238ac2,733eb5bab59472ff,733eb5bab59472ff,0,0
3891,3891,0,00001c4,00,2,2,3,0c3aab91cb7fe06e,0,0,2,c8648dc90ece4a8c,3,1,d1d4639516910797,733eb5bab59472ff,733eb5bab59472ff,0,0
3892,3892,0,00001c8,00,2,2,3,a588093962cd6d3b,0,0,2,5f9a1e559930d910,3,1,5f5feec0981aa53f,733eb5bab59472ff,733eb5bab59472ff,0,0
3893,3893,0,00001cc,00,2,2,3,2b03846cec46cf93,0,0,2,d2cf90de1465579b,3,1,ccc3793e0b86286a,733eb5bab59472ff,733eb5bab59472ff,0,0
3894,3894,0,00001d0,00,2,2,3,b89f13927fda42c6,0,0,2,7067396cb6cdfe29,3,1,4248f46b850dbf94,733eb5bab59472ff,733eb5bab59472ff,0,0
3895,3895,0,00001d4,00,2,2,3,36149ec7f151d538,0,0,2,fd32b7e73b9870a2,3,1,9fa63c6f58e332c1,733eb5bab59472ff,733eb5bab59472ff,0,0
3896,3896,0,00001d8,00,2,2,3,0342839bc407586d,0,0,2,6acc247bac66e33e,3,1,112db13ad668fac5,733eb5bab59472ff,733eb5bab59472ff,0,0
3897,3897,0,00001dc,00,2,2,3,8dc90ece4a8c4531,0,0,2,e799aaf021336db5,3,1,82b126c445f47790,733eb5bab59472ff,733eb5bab59472ff,0,0
3898,3898,0,00001e0,00,2,2,3,1e559930d910c864,0,0,2,2f9d771ee937b05b,3,1,0c3aab91cb7fe06e,733eb5bab59472ff,733eb5bab59472ff,0,0
3899,3899,0,00001e4,00,2,2,3,90de1465579b5f9a,0,0,2,a2c8f99564623ed0,3,1,a588093962cd6d3b,733eb5bab59472ff,733eb5bab59472ff,0,0
3900,3900,0,00001e8,00,2,2,3,396cb6cdfe29d2cf,0,0,2,35366a09f39cad4c,3,1,2b03846cec46cf93,733eb5bab59472ff,733eb5bab59472ff,0,0
3901,3901,0,00001ec,00,2,2,3,b7e73b9870a27067,0,0,2,b863e4827ec923c7,3,1,b89f13927fda42c6,733eb5bab59472ff,733eb5bab59472ff,0,0
3902,3902,0,00001f0,00,2,2,3,247bac66e33efd32,0,0,2,1acb4d30dc618a75,3,1,36149ec7f151d538,733eb5bab59472ff,733eb5bab59472ff,0,0
3903,3903,0,00001f4,00,2,2,3,aaf021336db56acc,0,0,2,979ec3bb513404fe,3,1,0342839bc407586d,733eb5bab59472ff,733eb5bab59472ff,0,0
3904,3904,0,00001f8,00,2,2,3,771ee937b05be799,0,0,2,00605027c6ca9762,3,1,8dc90ece4a8c4531,733eb5bab59472ff,733eb5bab59472ff,0,0
3905,3905,0,00001fc,00,2,2,3,f99564623ed02f9d,0,0,2,8d35deac4b9f19e9,3,1,1e559930d910c864,733eb5bab59472ff,733eb5bab59472ff,0,0
3906,3906,0,0000200,00,2,2,3,6a09f39cad4ca2c8,0,0,2,c57cddae03d61aeb,3,1,90de1465579b5f9a,733eb5bab59472ff,733eb5bab59472ff,0,0
3907,3907,0,0000204,00,2,2,3,e4827ec923c73536,0,0,2,482953258e839460,3,1,396cb6cdfe29d2cf,733eb5bab59472ff,733eb5bab59472ff,0,0
3908,3908,0,0000208,00,2,2,3,4d30dc618a75b863,0,0,2,dfd7c0b9197d07fc,3,1,b7e73b9870a27067,733eb5bab59472ff,733eb5bab59472ff,0,0
3909,3909,0,000020c,00,2,2,3,c3bb513404fe1acb,0,0,2,52824e3294288977,3,1,247bac66e33efd32,733eb5bab59472ff,733eb5bab59472ff,0,0
3910,3910,0,0000210,00,2,2,3,5027c6ca9762979e,0,0,2,f02ae780368020c5,3,1,aaf021336db56acc,733eb5bab59472ff,733eb5bab59472ff,0,0
3911,3911,0,0000214,00,2,2,3,deac4b9f19e90060,0,0,2,7d7f690bbbd5ae4e,3,1,771ee937b05be799,733eb5bab59472ff,733eb5bab59472ff,0,0
3912,3912,0,0000218,00,2,2,3,ddae03d61aeb8d35,0,0,2,ea81fa972c2b3dd2,3,1,f99564623ed02f9d,733eb5bab59472ff,733eb5bab59472ff,0,0
3913,3913,0,000021c,00,2,2,3,53258e839460c57c,0,0,2,67d4741ca17eb359,3,1,6a09f39cad4ca2c8,733eb5bab59472ff,733eb5bab59472ff,0,0
3914,3914,0,0000220,00,2,2,3,c0b9197d07fc4829,0,0,2,afd0a9f2697a6eb7,3,1,e4827ec923c73536,733eb5bab59472ff,733eb5bab59472ff,0,0
3915,3915,0,0000224,00,2,2,3,4e3294288977dfd7,0,0,2,22852779e42fe03c,3,1,4d30dc618a75b863,733eb5bab59472ff,733eb5bab59472ff,0,0
3916,3916,0,0000228,00,2,2,3,e780368020c55282,0,0,2,b57bb4e573d173a0,3,1,c3bb513404fe1acb,733eb5bab59472ff,733eb5bab59472ff,0,0
3917,3917,0,000022c,00,2,2,3,690bbbd5ae4ef02a,0,0,2,382e3a6efe84fd2b,3,1,5027c6ca9762979e,733eb5bab59472ff,733eb5bab59472ff,0,0
3918,3918,0,0000230,00,2,2,3,fa972c2b3dd27d7f,0,0,2,9a8693dc5c2c5499,3,1,deac4b9f19e90060,733eb5bab59472ff,733eb5bab59472ff,0,0
3919,3919,0,0000234,00,2,2,3,741ca17eb359ea81,0,0,2,17d31d57d179da12,3,1,ddae03d61aeb8d35,733eb5bab59472ff,733eb5bab59472ff,0,0
3920,3920,0,0000238,00,2,2,3,a9f2697a6eb767d4,0,0,2,802d8ecb4687498e,3,1,53258e839460c57c,733eb5bab59472ff,733eb5bab59472ff,0,0
3921,3921,0,000023c,00,2,2,3,2779e42fe03cafd0,0,0,2,0d780040cbd2c705,3,1,c0b9197d07fc4829,733eb5bab59472ff,733eb5bab59472ff,0,0
3922,3922,0,0000240,00,2,2,3,b4e573d173a02285,0,0,2,10243516d68ef253,3,1,4e3294288977dfd7,733eb5bab59472ff,733eb5bab59472ff,0,0
3923,3923,0,0000244,00,2,2,3,3a6efe84fd2bb57b,0,0,2,9d71bb9d5bdb7cd8,3,1,e780368020c55282,733eb5bab59472ff,733eb5bab59472ff,0,0
3924,3924,0,0000248,00,2,2,3,93dc5c2c5499382e,0,0,2,0a8f2801cc25ef44,3,1,690bbbd5ae4ef02a,733eb5bab59472ff,733eb5bab59472ff,0,0
3925,3925,0,000024c,00,2,2,3,1d57d179da129a86,0,0,2,87daa68a417061cf,3,1,fa972c2b3dd27d7f,733eb5bab59472ff,733eb5bab59472ff,0,0
3926,3926,0,0000250,00,2,2,3,8ecb4687498e17d3,0,0,2,25720f38e3d8c87d,3,1,741ca17eb359ea81,733eb5bab59472ff,733eb5bab59472ff,0,0
3927,3927,0,0000254,00,2,2,3,0040cbd2c705802d,0,0,2,a82781b36e8d46f6,3,1,a9f2697a6eb767d4,733eb5bab59472ff,733eb5bab59472ff,0,0
3928,3928,0,0000258,00,2,2,3,3516d68ef2530d78,0,0,2,3fd9122ff973d56a,3,1,2779e42fe03cafd0,733eb5bab59472ff,733eb5bab59472ff,0,0
3929,3929,0,000025c,00,2,2,3,bb9d5bdb7cd81024,0,0,2,b28c9ca474265be1,3,1,b4e573d173a02285,733eb5bab59472ff,733eb5bab59472ff,0,0
3930,3930,0,0000260,00,2,2,3,2801cc25ef449d71,0,0,2,7a88414abc22860f,3,1,3a6efe84fd2bb57b,733eb5bab59472ff,733eb5bab59472ff,0,0
3931,3931,0,0000264,00,2,2,3,a68a417061cf0a8f,0,0,2,f7ddcfc131770884,3,1,93dc5c2c5499382e,733eb5bab59472ff,733eb5bab59472ff,0,0
3932,3932,0,0000268,00,2,2,3,0f38e3d8c87d87da,0,0,2,60235c5da6899b18,3,1,1d57d179da129a86,733eb5bab59472ff,733eb5bab59472ff,0,0
3933,3933,0,000026c,00,2,2,3,81b36e8d46f62572,0,0,2,ed76d2d62bdc1593,3,1,8ecb4687498e17d3,733eb5bab59472ff,733eb5bab59472ff,0,0
3934,3934,0,0000270,00,2,2,3,122ff973d56aa827,0,0,2,4fde7b648974bc21,3,1,0040cbd2c705802d,733eb5bab59472ff,733eb5bab59472ff,0,0
3935,3935,0,0000274,00,2,2,3,9ca474265be13fd9,0,0,2,c28bf5ef042132aa,3,1,3516d68ef2530d78,733eb5bab59472ff,733eb5bab59472ff,0,0
3936,3936,0,0000278,00,2,2,3,414abc22860fb28c,0,0,2,5575667393dfa136,3,1,bb9d5bdb7cd81024,733eb5bab59472ff,733eb5bab59472ff,0,0
3937,3937,0,000027c,00,2,2,3,cfc1317708847a88,0,0,2,d820e8f81e8a2fbd,3,1,2801cc25ef449d71,733eb5bab59472ff,733eb5bab59472ff,0,0
3938,3938,0,0000280,00,2,2,3,5c5da6899b18f7dd,0,0,2,6fcd0cdfa967cb9a,3,1,a68a417061cf0a8f,733eb5bab59472ff,733eb5bab59472ff,0,0
3939,3939,0,0000284,00,2,2,3,d2d62bdc15936023,0,0,2,e298825424324511,3,1,0f38e3d8c87d87da,733eb5bab59472ff,733eb5bab59472ff,0,0
3940,3940,0,0000288,00,2,2,3,7b648974bc21ed76,0,0,2,756611c8b3ccd68d,3,1,81b36e8d46f62572,733eb5bab59472ff,733eb5bab59472ff,0,0
3941,3941,0,000028c,00,2,2,3,f5ef042132aa4fde,0,0,2,f8339f433e995806,3,1,122ff973d56aa827,733eb5bab59472ff,733eb5bab59472ff,0,0
3942,3942,0,0000290,00,2,2,3,667393dfa136c28b,0,0,2,5a9b36f19c31f1b4,3,1,9ca474265be13fd9,733eb5bab59472ff,733eb5bab59472ff,0,0
3943,3943,0,0000294,00,2,2,3,e8f81e8a2fbd5575,0,0,2,d7ceb87a11647f3f,3,1,414abc22860fb28c,733eb5bab59472ff,733eb5bab59472ff,0,0
3944,3944,0,0000298,00,2,2,3,0cdfa967cb9ad820,0,0,2,40302be6869aeca3,3,1,cfc1317708847a88,733eb5bab59472ff,733eb5bab59472ff,0,0
3945,3945,0,000029c,00,2,2,3,8254243245116fcd,0,0,2,cd65a56d0bcf6228,3,1,5c5da6899b18f7dd,733eb5bab59472ff,733eb5bab59472ff,0,0
3946,3946,0,00002a0,00,2,2,3,11c8b3ccd68de298,0,0,2,05617883c3cbbfc6,3,1,d2d62bdc15936023,733eb5bab59472ff,733eb5bab59472ff,0,0
3947,3947,0,00002a4,00,2,2,3,9f433e9958067566,0,0,2,8834f6084e9e314d,3,1,7b648974bc21ed76,733eb5bab59472ff,733eb5bab59472ff,0,0
3948,3948,0,00002a8,00,2,2,3,36f19c31f1b4f833,0,0,2,1fca6594d960a2d1,3,1,f5ef042132aa4fde,733eb5bab59472ff,733eb5bab59472ff,0,0
3949,3949,0,00002ac,00,2,2,3,b87a11647f3f5a9b,0,0,2,929feb1f54352c5a,3,1,667393dfa136c28b,733eb5bab59472ff,733eb5bab59472ff,0,0
3950,3950,0,00002b0,00,2,2,3,2be6869aeca3d7ce,0,0,2,303742adf69d85e8,3,1,e8f81e8a2fbd5575,733eb5bab59472ff,733eb5bab59472ff,0,0
3951,3951,0,00002b4,00,2,2,3,a56d0bcf62284030,0,0,2,bd62cc267bc80b63,3,1,0cdfa967cb9ad820,733eb5bab59472ff,733eb5bab59472ff,0,0
3952,3952,0,00002b8,00,2,2,3,7883c3cbbfc6cd65,0,0,2,2a9c5fbaec3698ff,3,1,8254243245116fcd,733eb5bab59472ff,733eb5bab59472ff,0,0
3953,3953,0,00002bc,00,2,2,3,f6084e9e314d0561,0,0,2,a7c9d13161631674,3,1,11c8b3ccd68de298,733eb5bab59472ff,733eb5bab59472ff,0,0
3954,3954,0,00002c0,00,2,2,3,6594d960a2d18834,0,0,2,ba95e4677c3f2322,3,1,9f433e9958067566,733eb5bab59472ff,733eb5bab59472ff,0,0
3955,3955,0,00002c4,00,2,2,3,eb1f54352c5a1fca,0,0,2,37c06aecf16aada9,3,1,36f19c31f1b4f833,733eb5bab59472ff,733eb5bab59472ff,0,0
3956,3956,0,00002c8,00,2,2,3,42adf69d85e8929f,0,0,2,a03ef97066943e35,3,1,b87a11647f3f5a9b,733eb5bab59472ff,733eb5bab59472ff,0,0
3957,3957,0,00002cc,00,2,2,3,cc267bc80b633037,0,0,2,2d6b77fbebc1b0be,3,1,2be6869aeca3d7ce,733eb5bab59472ff,733eb5bab59472ff,0,0
3958,3958,0,00002d0,00,2,2,3,5fbaec3698ffbd62,0,0,2,8fc3de494969190c,3,1,a56d0bcf62284030,733eb5bab59472ff,733eb5bab59472ff,0,0
3959,3959,0,00002d4,00,2,2,3,d131616316742a9c,0,0,2,029650c2c43c9787,3,1,7883c3cbbfc6cd65,733eb5bab59472ff,733eb5bab59472ff,0,0
3960,3960,0,00002d8,00,2,2,3,e4677c3f2322a7c9,0,0,2,9568c35e53c2041b,3,1,f6084e9e314d0561,733eb5bab59472ff,733eb5bab59472ff,0,0
3961,3961,0,00002dc,00,2,2,3,6aecf16aada9ba95,0,0,2,183d4dd5de978a90,3,1,6594d960a2d18834,733eb5bab59472ff,733eb5bab59472ff,0,0
3962,3962,0,00002e0,00,2,2,3,f97066943e3537c0,0,0,2,d039903b1693577e,3,1,eb1f54352c5a1fca,733eb5bab59472ff,733eb5bab59472ff,0,0
3963,3963,0,00002e4,00,2,2,3,77fbebc1b0bea03e,0,0,2,5d6c1eb09bc6d9f5,3,1,42adf69d85e8929f,733eb5bab59472ff,733eb5bab59472ff,0,0
3964,3964,0,00002e8,00,2,2,3,de494969190c2d6b,0,0,2,ca928d2c0c384a69,3,1,cc267bc80b633037,733eb5bab59472ff,733eb5bab59472ff,0,0
3965,3965,0,00002ec,00,2,2,3,50c2c43c97878fc3,0,0,2,47c703a7816dc4e2,3,1,5fbaec3698ffbd62,733eb5bab59472ff,733eb5bab59472ff,0,0
3966,3966,0,00002f0,00,2,2,3,c35e53c2041b0296,0,0,2,e56faa1523c56d50,3,1,d131616316742a9c,733eb5bab59472ff,733eb5bab59472ff,0,0
3967,3967,0,00002f4,00,2,2,3,4dd5de978a909568,0,0,2,683a249eae90e3db,3,1,e4677c3f2322a7c9,733eb5bab59472ff,733eb5bab59472ff,0,0
3968,3968,0,00002f8,00,2,2,3,903b1693577e183d,0,0,2,ffc4b702396e7047,3,1,6aecf16aada9ba95,733eb5bab59472ff,733eb5bab59472ff,0,0
3969,3969,0,00002fc,00,2,2,3,1eb09bc6d9f5d039,0,0,2,72913989b43bfecc,3,1,f97066943e3537c0,733eb5bab59472ff,733eb5bab59472ff,0,0
3970,3970,0,0000300,00,2,2,3,8d2c0c384a695d6c,0,0,2,901f7f4d56b5b808,3,1,77fbebc1b0bea03e,733eb5bab59472ff,733eb5bab59472ff,0,0
3971,3971,0,0000304,00,2,2,3,03a7816dc4e2ca92,0,0,2,1d4af1c6dbe03683,3,1,de494969190c2d6b,733eb5bab59472ff,733eb5bab59472ff,0,0
3972,3972,0,0000308,00,2,2,3,aa1523c56d5047c7,0,0,2,8ab4625a4c1ea51f,3,1,50c2c43c97878fc3,733eb5bab59472ff,733eb5bab59472ff,0,0
3973,3973,0,000030c,00,2,2,3,249eae90e3dbe56f,0,0,2,07e1ecd1c14b2b94,3,1,c35e53c2041b0296,733eb5bab59472ff,733eb5bab59472ff,0,0
3974,3974,0,0000310,00,2,2,3,b702396e7047683a,0,0,2,a549456363e38226,3,1,4dd5de978a909568,733eb5bab59472ff,733eb5bab59472ff,0,0
3975,3975,0,0000314,00,2,2,3,3989b43bfeccffc4,0,0,2,281ccbe8eeb60cad,3,1,903b1693577e183d,733eb5bab59472ff,733eb5bab59472ff,0,0
3976,3976,0,0000318,00,2,2,3,7f4d56b5b8087291,0,0,2,bfe2587479489f31,3,1,1eb09bc6d9f5d039,733eb5bab59472ff,733eb5bab59472ff,0,0
3977,3977,0,000031c,00,2,2,3,f1c6dbe03683901f,0,0,2,32b7d6fff41d11ba,3,1,8d2c0c384a695d6c,733eb5bab59472ff,733eb5bab59472ff,0,0
3978,3978,0,0000320,00,2,2,3,625a4c1ea51f1d4a,0,0,2,fab30b113c19cc54,3,1,03a7816dc4e2ca92,733eb5bab59472ff,733eb5bab59472ff,0,0
3979,3979,0,0000324,00,2,2,3,ecd1c14b2b948ab4,0,0,2,77e6859ab14c42df,3,1,aa1523c56d5047c7,733eb5bab59472ff,733eb5bab59472ff,0,0
3980,3980,0,0000328,00,2,2,3,456363e3822607e1,0,0,2,e018160626b2d143,3,1,249eae90e3dbe56f,733eb5bab59472ff,733eb5bab59472ff,0,0
3981,3981,0,000032c,00,2,2,3,cbe8eeb60cada549,0,0,2,6d4d988dabe75fc8,3,1,b702396e7047683a,733eb5bab59472ff,733eb5bab59472ff,0,0
3982,3982,0,0000330,00,2,2,3,587479489f31281c,0,0,2,cfe5313f094ff67a,3,1,3989b43bfeccffc4,733eb5bab59472ff,733eb5bab59472ff,0,0
3983,3983,0,0000334,00,2,2,3,d6fff41d11babfe2,0,0,2,42b0bfb4841a78f1,3,1,7f4d56b5b8087291,733eb5bab59472ff,733eb5bab59472ff,0,0
3984,3984,0,0000338,00,2,2,3,0b113c19cc5432b7,0,0,2,d54e2c2813e4eb6d,3,1,f1c6dbe03683901f,733eb5bab59472ff,733eb5bab59472ff,0,0
3985,3985,0,000033c,00,2,2,3,859ab14c42dffab3,0,0,2,581ba2a39eb165e6,3,1,625a4c1ea51f1d4a,733eb5bab59472ff,733eb5bab59472ff,0,0
3986,3986,0,0000340,00,2,2,3,160626b2d14377e6,0,0,2,454797f583ed50b0,3,1,ecd1c14b2b948ab4,733eb5bab59472ff,733eb5bab59472ff,0,0
3987,3987,0,0000344,00,2,2,3,988dabe75fc8e018,0,0,2,c812197e0eb8de3b,3,1,456363e3822607e1,733eb5bab59472ff,733eb5bab59472ff,0,0
3988,3988,0,0000348,00,2,2,3,313f094ff67a6d4d,0,0,2,5fec8ae299464da7,3,1,cbe8eeb60cada549,733eb5bab59472ff,733eb5bab59472ff,0,0
3989,3989,0,000034c,00,2,2,3,bfb4841a78f1cfe5,0,0,2,d2b904691413c32c,3,1,587479489f31281c,733eb5bab59472ff,733eb5bab59472ff,0,0
3990,3990,0,0000350,00,2,2,3,2c2813e4eb6d42b0,0,0,2,7011addbb6bb6a9e,3,1,d6fff41d11babfe2,733eb5bab59472ff,733eb5bab59472ff,0,0
3991,3991,0,0000354,00,2,2,3,a2a39eb165e6d54e,0,0,2,fd4423503beee415,3,1,0b113c19cc5432b7,733eb5bab59472ff,733eb5bab59472ff,0,0
3992,3992,0,0000358,00,2,2,3,97f583ed50b0581b,0,0,2,6abab0ccac107789,3,1,859ab14c42dffab3,733eb5bab59472ff,733eb5bab59472ff,0,0
3993,3993,0,000035c,00,2,2,3,197e0eb8de3b4547,0,0,2,e7ef3e472145f902,3,1,160626b2d14377e6,733eb5bab59472ff,733eb5bab59472ff,0,0
3994,3994,0,0000360,00,2,2,3,8ae299464da7c812,0,0,2,2febe3a9e94124ec,3,1,988dabe75fc8e018,733eb5bab59472ff,733eb5bab59472ff,0,0
3995,3995,0,0000364,00,2,2,3,04691413c32c5fec,0,0,2,a2be6d226414aa67,3,1,313f094ff67a6d4d,733eb5bab59472ff,733eb5bab59472ff,0,0
3996,3996,0,0000368,00,2,2,3,addbb6bb6a9ed2b9,0,0,2,3540febef3ea39fb,3,1,bfb4841a78f1cfe5,733eb5bab59472ff,733eb5bab59472ff,0,0
3997,3997,0,000036c,00,2,2,3,23503beee4157011,0,0,2,b81570357ebfb770,3,1,2c2813e4eb6d42b0,733eb5bab59472ff,733eb5bab59472ff,0,0
3998,3998,0,0000370,00,2,2,3,b0ccac107789fd44,0,0,2,1abdd987dc171ec2,3,1,a2a39eb165e6d54e,733eb5bab59472ff,733eb5bab59472ff,0,0
3999,3999,0,0000374,00,2,2,3,3e472145f9026aba,0,0,2,97e8570c51429049,3,1,97f583ed50b0581b,733eb5bab59472ff,733eb5bab59472ff,0,0
4000,4000,0,0000378,00,2,2,3,e3a9e94124ece7ef,0,0,2,0016c490c6bc03d5,3,1,197e0eb8de3b4547,733eb5bab59472ff,733eb5bab59472ff,0,0
4001,4001,0,000037c,00,2,2,3,6d226414aa672feb,0,0,2,8d434a1b4be98d5e,3,1,8ae299464da7c812,733eb5bab59472ff,733eb5bab59472ff,0,0
4002,4002,0,0000380,00,2,2,3,febef3ea39fba2be,0,0,2,3aaeae3cfc046979,3,1,04691413c32c5fec,733eb5bab59472ff,733eb5bab59472ff,0,0
4003,4003,0,0000384,00,2,2,3,70357ebfb7703540,0,0,2,b7fb20b77151e7f2,3,1,addbb6bb6a9ed2b9,733eb5bab59472ff,733eb5bab59472ff,0,0
4004,4004,0,0000388,00,2,2,3,d987dc171ec2b815,0,0,2,2005b32be6af746e,3,1,23503beee4157011,733eb5bab59472ff,733eb5bab59472ff,0,0
4005,4005,0,000038c,00,2,2,3,570c514290491abd,0,0,2,ad503da06bfafae5,3,1,b0ccac107789fd44,733eb5bab59472ff,733eb5bab59472ff,0,0
4006,4006,0,0000390,00,2,2,3,c490c6bc03d597e8,0,0,2,0ff89412c9525357,3,1,3e472145f9026aba,733eb5bab59472ff,733eb5bab59472ff,0,0
4007,4007,0,0000394,00,2,2,3,4a1b4be98d5e0016,0,0,2,82ad1a994407dddc,3,1,e3a9e94124ece7ef,733eb5bab59472ff,733eb5bab59472ff,0,0
4008,4008,0,0000398,00,2,2,3,ae3cfc0469798d43,0,0,2,15538905d3f94e40,3,1,6d226414aa672feb,733eb5bab59472ff,733eb5bab59472ff,0,0
4009,4009,0,000039c,00,2,2,3,20b77151e7f23aae,0,0,2,9806078e5eacc0cb,3,1,febef3ea39fba2be,733eb5bab59472ff,733eb5bab59472ff,0,0
4010,4010,0,00003a0,00,2,2,3,b32be6af746eb7fb,0,0,2,5002da6096a81d25,3,1,70357ebfb7703540,733eb5bab59472ff,733eb5bab59472ff,0,0
4011,4011,0,00003a4,00,2,2,3,3da06bfafae52005,0,0,2,dd5754eb1bfd93ae,3,1,d987dc171ec2b815,733eb5bab59472ff,733eb5bab59472ff,0,0
4012,4012,0,00003a8,00,2,2,3,9412c9525357ad50,0,0,2,4aa9c7778c030032,3,1,570c514290491abd,733eb5bab59472ff,733eb5bab59472ff,0,0
4013,4013,0,00003ac,00,2,2,3,1a994407dddc0ff8,0,0,2,c7fc49fc01568eb9,3,1,c490c6bc03d597e8,733eb5bab59472ff,733eb5bab59472ff,0,0
4014,4014,0,00003b0,00,2,2,3,8905d3f94e4082ad,0,0,2,6554e04ea3fe270b,3,1,4a1b4be98d5e0016,733eb5bab59472ff,733eb5bab59472ff,0,0
4015,4015,0,00003b4,00,2,2,3,078e5eacc0cb1553,0,0,2,e8016ec52eaba980,3,1,ae3cfc0469798d43,733eb5bab59472ff,733eb5bab59472ff,0,0
4016,4016,0,00003b8,00,2,2,3,da6096a81d259806,0,0,2,7ffffd59b9553a1c,3,1,20b77151e7f23aae,733eb5bab59472ff,733eb5bab59472ff,0,0
4017,4017,0,00003bc,00,2,2,3,54eb1bfd93ae5002,0,0,2,f2aa73d23400b497,3,1,b32be6af746eb7fb,733eb5bab59472ff,733eb5bab59472ff,0,0
4018,4018,0,00003c0,00,2,2,3,c7778c030032dd57,0,0,2,eff64684295c81c1,3,1,3da06bfafae52005,733eb5bab59472ff,733eb5bab59472ff,0,0
4019,4019,0,00003c4,00,2,2,3,49fc01568eb94aa9,0,0,2,62a3c80fa4090f4a,3,1,9412c9525357ad50,733eb5bab59472ff,733eb5bab59472ff,0,0
4020,4020,0,00003c8,00,2,2,3,e04ea3fe270bc7fc,0,0,2,f55d5b9333f79cd6,3,1,1a994407dddc0ff8,733eb5bab59472ff,733eb5bab59472ff,0,0
4021,4021,0,00003cc,00,2,2,3,6ec52eaba9806554,0,0,2,7808d518bea2125d,3,1,8905d3f94e4082ad,733eb5bab59472ff,733eb5bab59472ff,0,0
4022,4022,0,00003d0,00,2,2,3,fd59b9553a1ce801,0,0,2,daa07caa1c0abbef,3,1,078e5eacc0cb1553,733eb5bab59472ff,733eb5bab59472ff,0,0
4023,4023,0,00003d4,00,2,2,3,73d23400b4977fff,0,0,2,57f5f221915f3564,3,1,da6096a81d259806,733eb5bab59472ff,733eb5bab59472ff,0,0
4024,4024,0,00003d8,00,2,2,3,4684295c81c1f2aa,0,0,2,c00b61bd06a1a6f8,3,1,54eb1bfd93ae5002,733eb5bab59472ff,733eb5bab59472ff,0,0
4025,4025,0,00003dc,00,2,2,3,c80fa4090f4aeff6,0,0,2,4d5eef368bf42873,3,1,c7778c030032dd57,733eb5bab59472ff,733eb5bab59472ff,0,0
4026,4026,0,00003e0,00,2,2,3,5b9333f79cd662a3,0,0,2,855a32d843f0f59d,3,1,49fc01568eb94aa9,733eb5bab59472ff,733eb5bab59472ff,0,0
4027,4027,0,00003e4,00,2,2,3,d518bea2125df55d,0,0,2,080fbc53cea57b16,3,1,e04ea3fe270bc7fc,733eb5bab59472ff,733eb5bab59472ff,0,0
4028,4028,0,00003e8,00,2,2,3,7caa1c0abbef7808,0,0,2,9ff12fcf595be88a,3,1,6ec52eaba9806554,733eb5bab59472ff,733eb5bab59472ff,0,0
4029,4029,0,00003ec,00,2,2,3,f221915f3564daa0,0,0,2,12a4a144d40e6601,3,1,fd59b9553a1ce801,733eb5bab59472ff,733eb5bab59472ff,0,0
4030,4030,0,00003f0,00,2,2,3,61bd06a1a6f857f5,0,0,2,b00c08f676a6cfb3,3,1,73d23400b4977fff,733eb5bab59472ff,733eb5bab59472ff,0,0
4031,4031,0,00003f4,00,2,2,3,ef368bf42873c00b,0,0,2,3d59867dfbf34138,3,1,4684295c81c1f2aa,733eb5bab59472ff,733eb5bab59472ff,0,0
4032,4032,0,00003f8,00,2,2,3,32d843f0f59d4d5e,0,0,2,aaa715e16c0dd2a4,3,1,c80fa4090f4aeff6,733eb5bab59472ff,733eb5bab59472ff,0,0
4033,4033,0,00003fc,00,2,2,3,bc53cea57b16855a,0,0,2,27f29b6ae1585c2f,3,1,5b9333f79cd662a3,733eb5bab59472ff,733eb5bab59472ff,0,0
4034,4034,0,0000000,00,2,2,3,2fcf595be88a080f,0,0,2,6fbb9868a9115f2d,3,1,d518bea2125df55d,733eb5bab59472ff,733eb5bab59472ff,0,0
4035,4035,0,0000004,00,2,2,3,a144d40e66019ff1,0,0,2,e2ee16e32444d1a6,3,1,7caa1c0abbef7808,733eb5bab59472ff,733eb5bab59472ff,0,0
4036,4036,0,0000008,00,2,2,3,08f676a6cfb312a4,0,0,2,7510857fb3ba423a,3,1,f221915f3564daa0,733eb5bab59472ff,733eb5bab59472ff,0,0
4037,4037,0,000000c,00,2,2,3,867dfbf34138b00c,0,0,2,f8450bf43eefccb1,3,1,61bd06a1a6f857f5,733eb5bab59472ff,733eb5bab59472ff,0,0
4038,4038,0,0000010,00,2,2,3,15e16c0dd2a43d59,0,0,2,5aeda2469c476503,3,1,ef368bf42873c00b,733eb5bab59472ff,733eb5bab59472ff,0,0
4039,4039,0,0000014,00,2,2,3,9b6ae1585c2faaa7,0,0,2,d7b82ccd1112eb88,3,1,32d843f0f59d4d5e,733eb5bab59472ff,733eb5bab59472ff,0,0
4040,4040,0,0000018,00,2,2,3,9868a9115f2d27f2,0,0,2,4046bf5186ec7814,3,1,bc53cea57b16855a,733eb5bab59472ff,733eb5bab59472ff,0,0
4041,4041,0,000001c,00,2,2,3,16e32444d1a66fbb,0,0,2,cd1331da0bb9f69f,3,1,2fcf595be88a080f,733eb5bab59472ff,733eb5bab59472ff,0,0
4042,4042,0,0000020,00,2,2,3,857fb3ba423ae2ee,0,0,2,0517ec34c3bd2b71,3,1,a144d40e66019ff1,733eb5bab59472ff,733eb5bab59472ff,0,0
4043,4043,0,0000024,00,2,2,3,0bf43eefccb17510,0,0,2,884262bf4ee8a5fa,3,1,08f676a6cfb312a4,733eb5bab59472ff,733eb5bab59472ff,0,0
4044,4044,0,0000028,00,2,2,3,a2469c476503f845,0,0,2,1fbcf123d9163666,3,1,867dfbf34138b00c,733eb5bab59472ff,733eb5bab59472ff,0,0
4045,4045,0,000002c,00,2,2,3,2ccd1112eb885aed,0,0,2,92e97fa85443b8ed,3,1,15e16c0dd2a43d59,733eb5bab59472ff,733eb5bab59472ff,0,0
4046,4046,0,0000030,00,2,2,3,bf5186ec7814d7b8,0,0,2,3041d61af6eb115f,3,1,9b6ae1585c2faaa7,733eb5bab59472ff,733eb5bab59472ff,0,0
4047,4047,0,0000034,00,2,2,3,31da0bb9f69f4046,0,0,2,bd1458917bbe9fd4,3,1,9868a9115f2d27f2,733eb5bab59472ff,733eb5bab59472ff,0,0
4048,4048,0,0000038,00,2,2,3,ec34c3bd2b71cd13,0,0,2,2aeacb0dec400c48,3,1,16e32444d1a66fbb,733eb5bab59472ff,733eb5bab59472ff,0,0
4049,4049,0,000003c,00,2,2,3,62bf4ee8a5fa0517,0,0,2,a7bf4586611582c3,3,1,857fb3ba423ae2ee,733eb5bab59472ff,733eb5bab59472ff,0,0
4050,4050,0,0000040,00,2,2,3,f123d91636668842,0,0,2,bae370d07c49b795,3,1,0bf43eefccb17510,733eb5bab59472ff,733eb5bab59472ff,0,0
4051,4051,0,0000044,00,2,2,3,7fa85443b8ed1fbc,0,0,2,37b6fe5bf11c391e,3,1,a2469c476503f845,733eb5bab59472ff,733eb5bab59472ff,0,0
4052,4052,0,0000048,00,2,2,3,d61af6eb115f92e9,0,0,2,a0486dc766e2aa82,3,1,2ccd1112eb885aed,733eb5bab59472ff,733eb5bab59472ff,0,0
4053,4053,0,000004c,00,2,2,3,58917bbe9fd43041,0,0,2,2d1de34cebb72409,3,1,bf5186ec7814d7b8,733eb5bab59472ff,733eb5bab59472ff,0,0
4054,4054,0,0000050,00,2,2,3,cb0dec400c48bd14,0,0,2,8fb54afe491f8dbb,3,1,31da0bb9f69f4046,733eb5bab59472ff,733eb5bab59472ff,0,0
4055,4055,0,0000054,00,2,2,3,4586611582c32aea,0,0,2,02e0c475c44a0330,3,1,ec34c3bd2b71cd13,733eb5bab59472ff,733eb5bab59472ff,0,0
4056,4056,0,0000058,00,2,2,3,70d07c49b795a7bf,0,0,2,951e57e953b490ac,3,1,62bf4ee8a5fa0517,733eb5bab59472ff,733eb5bab59472ff,0,0
4057,4057,0,000005c,00,2,2,3,fe5bf11c391ebae3,0,0,2,184bd962dee11e27,3,1,f123d91636668842,733eb5bab59472ff,733eb5bab59472ff,0,0
4058,4058,0,0000060,00,2,2,3,6dc766e2aa8237b6,0,0,2,d04f048c16e5c3c9,3,1,7fa85443b8ed1fbc,733eb5bab59472ff,733eb5bab59472ff,0,0
4059,4059,0,0000064,00,2,2,3,e34cebb72409a048,0,0,2,5d1a8a079bb04d42,3,1,d61af6eb115f92e9,733eb5bab59472ff,733eb5bab59472ff,0,0
4060,4060,0,0000068,00,2,2,3,4afe491f8dbb2d1d,0,0,2,cae4199b0c4edede,3,1,58917bbe9fd43041,733eb5bab59472ff,733eb5bab59472ff,0,0
4061,4061,0,000006c,00,2,2,3,c475c44a03308fb5,0,0,2,47b19710811b5055,3,1,cb0dec400c48bd14,733eb5bab59472ff,733eb5bab59472ff,0,0
4062,4062,0,0000070,00,2,2,3,57e953b490ac02e0,0,0,2,e5193ea223b3f9e7,3,1,4586611582c32aea,733eb5bab59472ff,733eb5bab59472ff,0,0
4063,4063,0,0000074,00,2,2,3,d962dee11e27951e,0,0,2,684cb029aee6776c,3,1,70d07c49b795a7bf,733eb5bab59472ff,733eb5bab59472ff,0,0
4064,4064,0,0000078,00,2,2,3,048c16e5c3c9184b,0,0,2,ffb223b53918e4f0,3,1,fe5bf11c391ebae3,733eb5bab59472ff,733eb5bab59472ff,0,0
4065,4065,0,000007c,00,2,2,3,8a079bb04d42d04f,0,0,2,72e7ad3eb44d6a7b,3,1,6dc766e2aa8237b6,733eb5bab59472ff,733eb5bab59472ff,0,0
4066,4066,0,0000080,00,2,2,3,199b0c4edede5d1a,0,0,2,c50a491903a08e5c,3,1,e34cebb72409a048,733eb5bab59472ff,733eb5bab59472ff,0,0
4067,4067,0,0000084,00,2,2,3,9710811b5055cae4,0,0,2,485fc7928ef500d7,3,1,4afe491f8dbb2d1d,733eb5bab59472ff,733eb5bab59472ff,0,0
4068,4068,0,0000088,00,2,2,3,3ea223b3f9e747b1,0,0,2,dfa1540e190b934b,3,1,c475c44a03308fb5,733eb5bab59472ff,733eb5bab59472ff,0,0
4069,4069,0,000008c,00,2,2,3,b029aee6776ce519,0,0,2,52f4da85945e1dc0,3,1,57e953b490ac02e0,733eb5bab59472ff,733eb5bab59472ff,0,0
4070,4070,0,0000090,00,2,2,3,23b53918e4f0684c,0,0,2,f05c733736f6b472,3,1,d962dee11e27951e,733eb5bab59472ff,733eb5bab59472ff,0,0
4071,4071,0,0000094,00,2,2,3,ad3eb44d6a7bffb2,0,0,2,7d09fdbcbba33af9,3,1,048c16e5c3c9184b,733eb5bab59472ff,733eb5bab59472ff,0,0
4072,4072,0,0000098,00,2,2,3,491903a08e5c72e7,0,0,2,eaf76e202c5da965,3,1,8a079bb04d42d04f,733eb5bab59472ff,733eb5bab59472ff,0,0
4073,4073,0,000009c,00,2,2,3,c7928ef500d7c50a,0,0,2,67a2e0aba10827ee,3,1,199b0c4edede5d1a,733eb5bab59472ff,733eb5bab59472ff,0,0
4074,4074,0,00000a0,00,2,2,3,540e190b934b485f,0,0,2,afa63d45690cfa00,3,1,9710811b5055cae4,733eb5bab59472ff,733eb5bab59472ff,0,0
4075,4075,0,00000a4,00,2,2,3,da85945e1dc0dfa1,0,0,2,22f3b3cee459748b,3,1,3ea223b3f9e747b1,733eb5bab59472ff,733eb5bab59472ff,0,0
4076,4076,0,00000a8,00,2,2,3,733736f6b47252f4,0,0,2,b50d205273a7e717,3,1,b029aee6776ce519,733eb5bab59472ff,733eb5bab59472ff,0,0
4077,4077,0,00000ac,00,2,2,3,fdbcbba33af9f05c,0,0,2,3858aed9fef2699c,3,1,23b53918e4f0684c,733eb5bab59472ff,733eb5bab59472ff,0,0
4078,4078,0,00000b0,00,2,2,3,6e202c5da9657d09,0,0,2,9af0076b5c5ac02e,3,1,ad3eb44d6a7bffb2,733eb5bab59472ff,733eb5bab59472ff,0,0
4079,4079,0,00000b4,00,2,2,3,e0aba10827eeeaf7,0,0,2,17a589e0d10f4ea5,3,1,491903a08e5c72e7,733eb5bab59472ff,733eb5bab59472ff,0,0
4080,4080,0,00000b8,00,2,2,3,3d45690cfa0067a2,0,0,2,805b1a7c46f1dd39,3,1,c7928ef500d7c50a,733eb5bab59472ff,733eb5bab59472ff,0,0
4081,4081,0,00000bc,00,2,2,3,b3cee459748bafa6,0,0,2,0d0e94f7cba453b2,3,1,540e190b934b485f,733eb5bab59472ff,733eb5bab59472ff,0,0
4082,4082,0,00000c0,00,2,2,3,205273a7e71722f3,0,0,2,1052a1a1d6f866e4,3,1,da85945e1dc0dfa1,733eb5bab59472ff,733eb5bab59472ff,0,0
4083,4083,0,00000c4,00,2,2,3,aed9fef2699cb50d,0,0,2,9d072f2a5bade86f,3,1,733736f6b47252f4,733eb5bab59472ff,733eb5bab59472ff,0,0
4084,4084,0,00000c8,00,2,2,3,076b5c5ac02e3858,0,0,2,0af9bcb6cc537bf3,3,1,fdbcbba33af9f05c,733eb5bab59472ff,733eb5bab59472ff,0,0
4085,4085,0,00000cc,00,2,2,3,89e0d10f4ea59af0,0,0,2,87ac323d4106f578,3,1,6e202c5da9657d09,733eb5bab59472ff,733eb5bab59472ff,0,0
4086,4086,0,00000d0,00,2,2,3,1a7c46f1dd3917a5,0,0,2,25049b8fe3ae5cca,3,1,e0aba10827eeeaf7,733eb5bab59472ff,733eb5bab59472ff,0,0
4087,4087,0,00000d4,00,2,2,3,94f7cba453b2805b,0,0,2,a85115046efbd241,3,1,3d45690cfa0067a2,733eb5bab59472ff,733eb5bab59472ff,0,0
4088,4088,0,00000d8,00,2,2,3,a1a1d6f866e40d0e,0,0,2,3faf8698f90541dd,3,1,b3cee459748bafa6,733eb5bab59472ff,733eb5bab59472ff,0,0
4089,4089,0,00000dc,00,2,2,3,2f2a5bade86f1052,0,0,2,b2fa08137450cf56,3,1,205273a7e71722f3,733eb5bab59472ff,733eb5bab59472ff,0,0
4090,4090,0,00000e0,00,2,2,3,bcb6cc537bf39d07,0,0,2,7afed5fdbc5412b8,3,1,aed9fef2699cb50d,733eb5bab59472ff,733eb5bab59472ff,0,0
4091,4091,0,00000e4,00,2,2,3,323d4106f5780af9,0,0,2,f7ab5b7631019c33,3,1,076b5c5ac02e3858,733eb5bab59472ff,733eb5bab59472ff,0,0
4092,4092,0,00000e8,00,2,2,3,9b8fe3ae5cca87ac,0,0,2,6055c8eaa6ff0faf,3,1,89e0d10f4ea59af0,733eb5bab59472ff,733eb5bab59472ff,0,0
4093,4093,0,00000ec,00,2,2,3,15046efbd2412504,0,0,2,ed0046612baa8124,3,1,1a7c46f1dd3917a5,733eb5bab59472ff,733eb5bab59472ff,0,0
4094,4094,0,00000f0,00,2,2,3,8698f90541dda851,0,0,2,4fa8efd389022896,3,1,94f7cba453b2805b,733eb5bab59472ff,733eb5bab59472ff,0,0
4095,4095,0,00000f4,00,2,2,3,08137450cf563faf,0,0,2,c2fd61580457a61d,3,1,a1a1d6f866e40d0e,733eb5bab59472ff,733eb5bab59472ff,0,0
