// mix_100k: 5 x 20k segments: sequential / strided(31) / walk(48 lines) / thrash(1024 lines) / sequential-revisit
// generated by dv/traces/gen_traces.py (seed 0xa4b3c005, pinned) -- do not hand-edit
// accesses: 100000
0
1
2
3
4
5
6
7
8
9
10
11
12
13
14
15
16
17
18
19
20
21
22
23
24
25
26
27
28
29
30
31
32
33
34
35
36
37
38
39
40
41
42
43
44
45
46
47
48
49
50
51
52
53
54
55
56
57
58
59
60
61
62
63
64
65
66
67
68
69
70
71
72
73
74
75
76
77
78
79
80
81
82
83
84
85
86
87
88
89
90
91
92
93
94
95
96
97
98
99
100
101
102
103
104
105
106
107
108
109
110
111
112
113
114
115
116
117
118
119
120
121
122
123
124
125
126
127
128
129
130
131
132
133
134
135
136
137
138
139
140
141
142
143
144
145
146
147
148
149
150
151
152
153
154
155
156
157
158
159
160
161
162
163
164
165
166
167
168
169
170
171
172
173
174
175
176
177
178
179
180
181
182
183
184
185
186
187
188
189
190
191
192
193
194
195
196
197
198
199
200
201
202
203
204
205
206
207
208
209
210
211
212
213
214
215
216
217
218
219
220
221
222
223
224
225
226
227
228
229
230
231
232
233
234
235
236
237
238
239
240
241
242
243
244
245
246
247
248
249
250
251
252
253
254
255
256
257
258
259
260
261
262
263
264
265
266
267
268
269
270
271
272
273
274
275
276
277
278
279
280
281
282
283
284
285
286
287
288
289
290
291
292
293
294
295
296
297
298
299
300
301
302
303
304
305
306
307
308
309
310
311
312
313
314
315
316
317
318
319
320
321
322
323
324
325
326
327
328
329
330
331
332
333
334
335
336
337
338
339
340
341
342
343
344
345
346
347
348
349
350
351
352
353
354
355
356
357
358
359
360
361
362
363
364
365
366
367
368
369
370
371
372
373
374
375
376
377
378
379
380
381
382
383
384
385
386
387
388
389
390
391
392
393
394
395
396
397
398
399
400
401
402
403
404
405
406
407
408
409
410
411
412
413
414
415
416
417
418
419
420
421
422
423
424
425
426
427
428
429
430
431
432
433
434
435
436
437
438
439
440
441
442
443
444
445
446
447
448
449
450
451
452
453
454
455
456
457
458
459
460
461
462
463
464
465
466
467
468
469
470
471
472
473
474
475
476
477
478
479
480
481
482
483
484
485
486
487
488
489
490
491
492
493
494
495
496
497
498
499
500
501
502
503
504
505
506
507
508
509
510
511
512
513
514
515
516
517
518
519
520
521
522
523
524
525
526
527
528
529
530
531
532
533
534
535
536
537
538
539
540
541
542
543
544
545
546
547
548
549
550
551
552
553
554
555
556
557
558
559
560
561
562
563
564
565
566
567
568
569
570
571
572
573
574
575
576
577
578
579
580
581
582
583
584
585
586
587
588
589
590
591
592
593
594
595
596
597
598
599
600
601
602
603
604
605
606
607
608
609
610
611
612
613
614
615
616
617
618
619
620
621
622
623
624
625
626
627
628
629
630
631
632
633
634
635
636
637
638
639
640
641
642
643
644
645
646
647
648
649
650
651
652
653
654
655
656
657
658
659
660
661
662
663
664
665
666
667
668
669
670
671
672
673
674
675
676
677
678
679
680
681
682
683
684
685
686
687
688
689
690
691
692
693
694
695
696
697
698
699
700
701
702
703
704
705
706
707
708
709
710
711
712
713
714
715
716
717
718
719
720
721
722
723
724
725
726
727
728
729
730
731
732
733
734
735
736
737
738
739
740
741
742
743
744
745
746
747
748
749
750
751
752
753
754
755
756
757
758
759
760
761
762
763
764
765
766
767
768
769
770
771
772
773
774
775
776
777
778
779
780
781
782
783
784
785
786
787
788
789
790
791
792
793
794
795
796
797
798
799
800
801
802
803
804
805
806
807
808
809
810
811
812
813
814
815
816
817
818
819
820
821
822
823
824
825
826
827
828
829
830
831
832
833
834
835
836
837
838
839
840
841
842
843
844
845
846
847
848
849
850
851
852
853
854
855
856
857
858
859
860
861
862
863
864
865
866
867
868
869
870
871
872
873
874
875
876
877
878
879
880
881
882
883
884
885
886
887
888
889
890
891
892
893
894
895
896
897
898
899
900
901
902
903
904
905
906
907
908
909
910
911
912
913
914
915
916
917
918
919
920
921
922
923
924
925
926
927
928
929
930
931
932
933
934
935
936
937
938
939
940
941
942
943
944
945
946
947
948
949
950
951
952
953
954
955
956
957
958
959
960
961
962
963
964
965
966
967
968
969
970
971
972
973
974
975
976
977
978
979
980
981
982
983
984
985
986
987
988
989
990
991
992
993
994
995
996
997
998
999
1000
1001
1002
1003
1004
1005
1006
1007
1008
1009
1010
1011
1012
1013
1014
1015
1016
1017
1018
1019
1020
1021
1022
1023
1024
1025
1026
1027
1028
1029
1030
1031
1032
1033
1034
1035
1036
1037
1038
1039
1040
1041
1042
1043
1044
1045
1046
1047
1048
1049
1050
1051
1052
1053
1054
1055
1056
1057
1058
1059
1060
1061
1062
1063
1064
1065
1066
1067
1068
1069
1070
1071
1072
1073
1074
1075
1076
1077
1078
1079
1080
1081
1082
1083
1084
1085
1086
1087
1088
1089
1090
1091
1092
1093
1094
1095
1096
1097
1098
1099
1100
1101
1102
1103
1104
1105
1106
1107
1108
1109
1110
1111
1112
1113
1114
1115
1116
1117
1118
1119
1120
1121
1122
1123
1124
1125
1126
1127
1128
1129
1130
1131
1132
1133
1134
1135
1136
1137
1138
1139
1140
1141
1142
1143
1144
1145
1146
1147
1148
1149
1150
1151
1152
1153
1154
1155
1156
1157
1158
1159
1160
1161
1162
1163
1164
1165
1166
1167
1168
1169
1170
1171
1172
1173
1174
1175
1176
1177
1178
1179
1180
1181
1182
1183
1184
1185
1186
1187
1188
1189
1190
1191
1192
1193
1194
1195
1196
1197
1198
1199
1200
1201
1202
1203
1204
1205
1206
1207
1208
1209
1210
1211
1212
1213
1214
1215
1216
1217
1218
1219
1220
1221
1222
1223
1224
1225
1226
1227
1228
1229
1230
1231
1232
1233
1234
1235
1236
1237
1238
1239
1240
1241
1242
1243
1244
1245
1246
1247
1248
1249
1250
1251
1252
1253
1254
1255
1256
1257
1258
1259
1260
1261
1262
1263
1264
1265
1266
1267
1268
1269
1270
1271
1272
1273
1274
1275
1276
1277
1278
1279
1280
1281
1282
1283
1284
1285
1286
1287
1288
1289
1290
1291
1292
1293
1294
1295
1296
1297
1298
1299
1300
1301
1302
1303
1304
1305
1306
1307
1308
1309
1310
1311
1312
1313
1314
1315
1316
1317
1318
1319
1320
1321
1322
1323
1324
1325
1326
1327
1328
1329
1330
1331
1332
1333
1334
1335
1336
1337
1338
1339
1340
1341
1342
1343
1344
1345
1346
1347
1348
1349
1350
1351
1352
1353
1354
1355
1356
1357
1358
1359
1360
1361
1362
1363
1364
1365
1366
1367
1368
1369
1370
1371
1372
1373
1374
1375
1376
1377
1378
1379
1380
1381
1382
1383
1384
1385
1386
1387
1388
1389
1390
1391
1392
1393
1394
1395
1396
1397
1398
1399
1400
1401
1402
1403
1404
1405
1406
1407
1408
1409
1410
1411
1412
1413
1414
1415
1416
1417
1418
1419
1420
1421
1422
1423
1424
1425
1426
1427
1428
1429
1430
1431
1432
1433
1434
1435
1436
1437
1438
1439
1440
1441
1442
1443
1444
1445
1446
1447
1448
1449
1450
1451
1452
1453
1454
1455
1456
1457
1458
1459
1460
1461
1462
1463
1464
1465
1466
1467
1468
1469
1470
1471
1472
1473
1474
1475
1476
1477
1478
1479
1480
1481
1482
1483
1484
1485
1486
1487
1488
1489
1490
1491
1492
1493
1494
1495
1496
1497
1498
1499
1500
1501
1502
1503
1504
1505
1506
1507
1508
1509
1510
1511
1512
1513
1514
1515
1516
1517
1518
1519
1520
1521
1522
1523
1524
1525
1526
1527
1528
1529
1530
1531
1532
1533
1534
1535
1536
1537
1538
1539
1540
1541
1542
1543
1544
1545
1546
1547
1548
1549
1550
1551
1552
1553
1554
1555
1556
1557
1558
1559
1560
1561
1562
1563
1564
1565
1566
1567
1568
1569
1570
1571
1572
1573
1574
1575
1576
1577
1578
1579
1580
1581
1582
1583
1584
1585
1586
1587
1588
1589
1590
1591
1592
1593
1594
1595
1596
1597
1598
1599
1600
1601
1602
1603
1604
1605
1606
1607
1608
1609
1610
1611
1612
1613
1614
1615
1616
1617
1618
1619
1620
1621
1622
1623
1624
1625
1626
1627
1628
1629
1630
1631
1632
1633
1634
1635
1636
1637
1638
1639
1640
1641
1642
1643
1644
1645
1646
1647
1648
1649
1650
1651
1652
1653
1654
1655
1656
1657
1658
1659
1660
1661
1662
1663
1664
1665
1666
1667
1668
1669
1670
1671
1672
1673
1674
1675
1676
1677
1678
1679
1680
1681
1682
1683
1684
1685
1686
1687
1688
1689
1690
1691
1692
1693
1694
1695
1696
1697
1698
1699
1700
1701
1702
1703
1704
1705
1706
1707
1708
1709
1710
1711
1712
1713
1714
1715
1716
1717
1718
1719
1720
1721
1722
1723
1724
1725
1726
1727
1728
1729
1730
1731
1732
1733
1734
1735
1736
1737
1738
1739
1740
1741
1742
1743
1744
1745
1746
1747
1748
1749
1750
1751
1752
1753
1754
1755
1756
1757
1758
1759
1760
1761
1762
1763
1764
1765
1766
1767
1768
1769
1770
1771
1772
1773
1774
1775
1776
1777
1778
1779
1780
1781
1782
1783
1784
1785
1786
1787
1788
1789
1790
1791
1792
1793
1794
1795
1796
1797
1798
1799
1800
1801
1802
1803
1804
1805
1806
1807
1808
1809
1810
1811
1812
1813
1814
1815
1816
1817
1818
1819
1820
1821
1822
1823
1824
1825
1826
1827
1828
1829
1830
1831
1832
1833
1834
1835
1836
1837
1838
1839
1840
1841
1842
1843
1844
1845
1846
1847
1848
1849
1850
1851
1852
1853
1854
1855
1856
1857
1858
1859
1860
1861
1862
1863
1864
1865
1866
1867
1868
1869
1870
1871
1872
1873
1874
1875
1876
1877
1878
1879
1880
1881
1882
1883
1884
1885
1886
1887
1888
1889
1890
1891
1892
1893
1894
1895
1896
1897
1898
1899
1900
1901
1902
1903
1904
1905
1906
1907
1908
1909
1910
1911
1912
1913
1914
1915
1916
1917
1918
1919
1920
1921
1922
1923
1924
1925
1926
1927
1928
1929
1930
1931
1932
1933
1934
1935
1936
1937
1938
1939
1940
1941
1942
1943
1944
1945
1946
1947
1948
1949
1950
1951
1952
1953
1954
1955
1956
1957
1958
1959
1960
1961
1962
1963
1964
1965
1966
1967
1968
1969
1970
1971
1972
1973
1974
1975
1976
1977
1978
1979
1980
1981
1982
1983
1984
1985
1986
1987
1988
1989
1990
1991
1992
1993
1994
1995
1996
1997
1998
1999
2000
2001
2002
2003
2004
2005
2006
2007
2008
2009
2010
2011
2012
2013
2014
2015
2016
2017
2018
2019
2020
2021
2022
2023
2024
2025
2026
2027
2028
2029
2030
2031
2032
2033
2034
2035
2036
2037
2038
2039
2040
2041
2042
2043
2044
2045
2046
2047
2048
2049
2050
2051
2052
2053
2054
2055
2056
2057
2058
2059
2060
2061
2062
2063
2064
2065
2066
2067
2068
2069
2070
2071
2072
2073
2074
2075
2076
2077
2078
2079
2080
2081
2082
2083
2084
2085
2086
2087
2088
2089
2090
2091
2092
2093
2094
2095
2096
2097
2098
2099
2100
2101
2102
2103
2104
2105
2106
2107
2108
2109
2110
2111
2112
2113
2114
2115
2116
2117
2118
2119
2120
2121
2122
2123
2124
2125
2126
2127
2128
2129
2130
2131
2132
2133
2134
2135
2136
2137
2138
2139
2140
2141
2142
2143
2144
2145
2146
2147
2148
2149
2150
2151
2152
2153
2154
2155
2156
2157
2158
2159
2160
2161
2162
2163
2164
2165
2166
2167
2168
2169
2170
2171
2172
2173
2174
2175
2176
2177
2178
2179
2180
2181
2182
2183
2184
2185
2186
2187
2188
2189
2190
2191
2192
2193
2194
2195
2196
2197
2198
2199
2200
2201
2202
2203
2204
2205
2206
2207
2208
2209
2210
2211
2212
2213
2214
2215
2216
2217
2218
2219
2220
2221
2222
2223
2224
2225
2226
2227
2228
2229
2230
2231
2232
2233
2234
2235
2236
2237
2238
2239
2240
2241
2242
2243
2244
2245
2246
2247
2248
2249
2250
2251
2252
2253
2254
2255
2256
2257
2258
2259
2260
2261
2262
2263
2264
2265
2266
2267
2268
2269
2270
2271
2272
2273
2274
2275
2276
2277
2278
2279
2280
2281
2282
2283
2284
2285
2286
2287
2288
2289
2290
2291
2292
2293
2294
2295
2296
2297
2298
2299
2300
2301
2302
2303
2304
2305
2306
2307
2308
2309
2310
2311
2312
2313
2314
2315
2316
2317
2318
2319
2320
2321
2322
2323
2324
2325
2326
2327
2328
2329
2330
2331
2332
2333
2334
2335
2336
2337
2338
2339
2340
2341
2342
2343
2344
2345
2346
2347
2348
2349
2350
2351
2352
2353
2354
2355
2356
2357
2358
2359
2360
2361
2362
2363
2364
2365
2366
2367
2368
2369
2370
2371
2372
2373
2374
2375
2376
2377
2378
2379
2380
2381
2382
2383
2384
2385
2386
2387
2388
2389
2390
2391
2392
2393
2394
2395
2396
2397
2398
2399
2400
2401
2402
2403
2404
2405
2406
2407
2408
2409
2410
2411
2412
2413
2414
2415
2416
2417
2418
2419
2420
2421
2422
2423
2424
2425
2426
2427
2428
2429
2430
2431
2432
2433
2434
2435
2436
2437
2438
2439
2440
2441
2442
2443
2444
2445
2446
2447
2448
2449
2450
2451
2452
2453
2454
2455
2456
2457
2458
2459
2460
2461
2462
2463
2464
2465
2466
2467
2468
2469
2470
2471
2472
2473
2474
2475
2476
2477
2478
2479
2480
2481
2482
2483
2484
2485
2486
2487
2488
2489
2490
2491
2492
2493
2494
2495
2496
2497
2498
2499
2500
2501
2502
2503
2504
2505
2506
2507
2508
2509
2510
2511
2512
2513
2514
2515
2516
2517
2518
2519
2520
2521
2522
2523
2524
2525
2526
2527
2528
2529
2530
2531
2532
2533
2534
2535
2536
2537
2538
2539
2540
2541
2542
2543
2544
2545
2546
2547
2548
2549
2550
2551
2552
2553
2554
2555
2556
2557
2558
2559
2560
2561
2562
2563
2564
2565
2566
2567
2568
2569
2570
2571
2572
2573
2574
2575
2576
2577
2578
2579
2580
2581
2582
2583
2584
2585
2586
2587
2588
2589
2590
2591
2592
2593
2594
2595
2596
2597
2598
2599
2600
2601
2602
2603
2604
2605
2606
2607
2608
2609
2610
2611
2612
2613
2614
2615
2616
2617
2618
2619
2620
2621
2622
2623
2624
2625
2626
2627
2628
2629
2630
2631
2632
2633
2634
2635
2636
2637
2638
2639
2640
2641
2642
2643
2644
2645
2646
2647
2648
2649
2650
2651
2652
2653
2654
2655
2656
2657
2658
2659
2660
2661
2662
2663
2664
2665
2666
2667
2668
2669
2670
2671
2672
2673
2674
2675
2676
2677
2678
2679
2680
2681
2682
2683
2684
2685
2686
2687
2688
2689
2690
2691
2692
2693
2694
2695
2696
2697
2698
2699
2700
2701
2702
2703
2704
2705
2706
2707
2708
2709
2710
2711
2712
2713
2714
2715
2716
2717
2718
2719
2720
2721
2722
2723
2724
2725
2726
2727
2728
2729
2730
2731
2732
2733
2734
2735
2736
2737
2738
2739
2740
2741
2742
2743
2744
2745
2746
2747
2748
2749
2750
2751
2752
2753
2754
2755
2756
2757
2758
2759
2760
2761
2762
2763
2764
2765
2766
2767
2768
2769
2770
2771
2772
2773
2774
2775
2776
2777
2778
2779
2780
2781
2782
2783
2784
2785
2786
2787
2788
2789
2790
2791
2792
2793
2794
2795
2796
2797
2798
2799
2800
2801
2802
2803
2804
2805
2806
2807
2808
2809
2810
2811
2812
2813
2814
2815
2816
2817
2818
2819
2820
2821
2822
2823
2824
2825
2826
2827
2828
2829
2830
2831
2832
2833
2834
2835
2836
2837
2838
2839
2840
2841
2842
2843
2844
2845
2846
2847
2848
2849
2850
2851
2852
2853
2854
2855
2856
2857
2858
2859
2860
2861
2862
2863
2864
2865
2866
2867
2868
2869
2870
2871
2872
2873
2874
2875
2876
2877
2878
2879
2880
2881
2882
2883
2884
2885
2886
2887
2888
2889
2890
2891
2892
2893
2894
2895
2896
2897
2898
2899
2900
2901
2902
2903
2904
2905
2906
2907
2908
2909
2910
2911
2912
2913
2914
2915
2916
2917
2918
2919
2920
2921
2922
2923
2924
2925
2926
2927
2928
2929
2930
2931
2932
2933
2934
2935
2936
2937
2938
2939
2940
2941
2942
2943
2944
2945
2946
2947
2948
2949
2950
2951
2952
2953
2954
2955
2956
2957
2958
2959
2960
2961
2962
2963
2964
2965
2966
2967
2968
2969
2970
2971
2972
2973
2974
2975
2976
2977
2978
2979
2980
2981
2982
2983
2984
2985
2986
2987
2988
2989
2990
2991
2992
2993
2994
2995
2996
2997
2998
2999
3000
3001
3002
3003
3004
3005
3006
3007
3008
3009
3010
3011
3012
3013
3014
3015
3016
3017
3018
3019
3020
3021
3022
3023
3024
3025
3026
3027
3028
3029
3030
3031
3032
3033
3034
3035
3036
3037
3038
3039
3040
3041
3042
3043
3044
3045
3046
3047
3048
3049
3050
3051
3052
3053
3054
3055
3056
3057
3058
3059
3060
3061
3062
3063
3064
3065
3066
3067
3068
3069
3070
3071
3072
3073
3074
3075
3076
3077
3078
3079
3080
3081
3082
3083
3084
3085
3086
3087
3088
3089
3090
3091
3092
3093
3094
3095
3096
3097
3098
3099
3100
3101
3102
3103
3104
3105
3106
3107
3108
3109
3110
3111
3112
3113
3114
3115
3116
3117
3118
3119
3120
3121
3122
3123
3124
3125
3126
3127
3128
3129
3130
3131
3132
3133
3134
3135
3136
3137
3138
3139
3140
3141
3142
3143
3144
3145
3146
3147
3148
3149
3150
3151
3152
3153
3154
3155
3156
3157
3158
3159
3160
3161
3162
3163
3164
3165
3166
3167
3168
3169
3170
3171
3172
3173
3174
3175
3176
3177
3178
3179
3180
3181
3182
3183
3184
3185
3186
3187
3188
3189
3190
3191
3192
3193
3194
3195
3196
3197
3198
3199
3200
3201
3202
3203
3204
3205
3206
3207
3208
3209
3210
3211
3212
3213
3214
3215
3216
3217
3218
3219
3220
3221
3222
3223
3224
3225
3226
3227
3228
3229
3230
3231
3232
3233
3234
3235
3236
3237
3238
3239
3240
3241
3242
3243
3244
3245
3246
3247
3248
3249
3250
3251
3252
3253
3254
3255
3256
3257
3258
3259
3260
3261
3262
3263
3264
3265
3266
3267
3268
3269
3270
3271
3272
3273
3274
3275
3276
3277
3278
3279
3280
3281
3282
3283
3284
3285
3286
3287
3288
3289
3290
3291
3292
3293
3294
3295
3296
3297
3298
3299
3300
3301
3302
3303
3304
3305
3306
3307
3308
3309
3310
3311
3312
3313
3314
3315
3316
3317
3318
3319
3320
3321
3322
3323
3324
3325
3326
3327
3328
3329
3330
3331
3332
3333
3334
3335
3336
3337
3338
3339
3340
3341
3342
3343
3344
3345
3346
3347
3348
3349
3350
3351
3352
3353
3354
3355
3356
3357
3358
3359
3360
3361
3362
3363
3364
3365
3366
3367
3368
3369
3370
3371
3372
3373
3374
3375
3376
3377
3378
3379
3380
3381
3382
3383
3384
3385
3386
3387
3388
3389
3390
3391
3392
3393
3394
3395
3396
3397
3398
3399
3400
3401
3402
3403
3404
3405
3406
3407
3408
3409
3410
3411
3412
3413
3414
3415
3416
3417
3418
3419
3420
3421
3422
3423
3424
3425
3426
3427
3428
3429
3430
3431
3432
3433
3434
3435
3436
3437
3438
3439
3440
3441
3442
3443
3444
3445
3446
3447
3448
3449
3450
3451
3452
3453
3454
3455
3456
3457
3458
3459
3460
3461
3462
3463
3464
3465
3466
3467
3468
3469
3470
3471
3472
3473
3474
3475
3476
3477
3478
3479
3480
3481
3482
3483
3484
3485
3486
3487
3488
3489
3490
3491
3492
3493
3494
3495
3496
3497
3498
3499
3500
3501
3502
3503
3504
3505
3506
3507
3508
3509
3510
3511
3512
3513
3514
3515
3516
3517
3518
3519
3520
3521
3522
3523
3524
3525
3526
3527
3528
3529
3530
3531
3532
3533
3534
3535
3536
3537
3538
3539
3540
3541
3542
3543
3544
3545
3546
3547
3548
3549
3550
3551
3552
3553
3554
3555
3556
3557
3558
3559
3560
3561
3562
3563
3564
3565
3566
3567
3568
3569
3570
3571
3572
3573
3574
3575
3576
3577
3578
3579
3580
3581
3582
3583
3584
3585
3586
3587
3588
3589
3590
3591
3592
3593
3594
3595
3596
3597
3598
3599
3600
3601
3602
3603
3604
3605
3606
3607
3608
3609
3610
3611
3612
3613
3614
3615
3616
3617
3618
3619
3620
3621
3622
3623
3624
3625
3626
3627
3628
3629
3630
3631
3632
3633
3634
3635
3636
3637
3638
3639
3640
3641
3642
3643
3644
3645
3646
3647
3648
3649
3650
3651
3652
3653
3654
3655
3656
3657
3658
3659
3660
3661
3662
3663
3664
3665
3666
3667
3668
3669
3670
3671
3672
3673
3674
3675
3676
3677
3678
3679
3680
3681
3682
3683
3684
3685
3686
3687
3688
3689
3690
3691
3692
3693
3694
3695
3696
3697
3698
3699
3700
3701
3702
3703
3704
3705
3706
3707
3708
3709
3710
3711
3712
3713
3714
3715
3716
3717
3718
3719
3720
3721
3722
3723
3724
3725
3726
3727
3728
3729
3730
3731
3732
3733
3734
3735
3736
3737
3738
3739
3740
3741
3742
3743
3744
3745
3746
3747
3748
3749
3750
3751
3752
3753
3754
3755
3756
3757
3758
3759
3760
3761
3762
3763
3764
3765
3766
3767
3768
3769
3770
3771
3772
3773
3774
3775
3776
3777
3778
3779
3780
3781
3782
3783
3784
3785
3786
3787
3788
3789
3790
3791
3792
3793
3794
3795
3796
3797
3798
3799
3800
3801
3802
3803
3804
3805
3806
3807
3808
3809
3810
3811
3812
3813
3814
3815
3816
3817
3818
3819
3820
3821
3822
3823
3824
3825
3826
3827
3828
3829
3830
3831
3832
3833
3834
3835
3836
3837
3838
3839
3840
3841
3842
3843
3844
3845
3846
3847
3848
3849
3850
3851
3852
3853
3854
3855
3856
3857
3858
3859
3860
3861
3862
3863
3864
3865
3866
3867
3868
3869
3870
3871
3872
3873
3874
3875
3876
3877
3878
3879
3880
3881
3882
3883
3884
3885
3886
3887
3888
3889
3890
3891
3892
3893
3894
3895
3896
3897
3898
3899
3900
3901
3902
3903
3904
3905
3906
3907
3908
3909
3910
3911
3912
3913
3914
3915
3916
3917
3918
3919
3920
3921
3922
3923
3924
3925
3926
3927
3928
3929
3930
3931
3932
3933
3934
3935
3936
3937
3938
3939
3940
3941
3942
3943
3944
3945
3946
3947
3948
3949
3950
3951
3952
3953
3954
3955
3956
3957
3958
3959
3960
3961
3962
3963
3964
3965
3966
3967
3968
3969
3970
3971
3972
3973
3974
3975
3976
3977
3978
3979
3980
3981
3982
3983
3984
3985
3986
3987
3988
3989
3990
3991
3992
3993
3994
3995
3996
3997
3998
3999
4000
4001
4002
4003
4004
4005
4006
4007
4008
4009
4010
4011
4012
4013
4014
4015
4016
4017
4018
4019
4020
4021
4022
4023
4024
4025
4026
4027
4028
4029
4030
4031
4032
4033
4034
4035
4036
4037
4038
4039
4040
4041
4042
4043
4044
4045
4046
4047
4048
4049
4050
4051
4052
4053
4054
4055
4056
4057
4058
4059
4060
4061
4062
4063
4064
4065
4066
4067
4068
4069
4070
4071
4072
4073
4074
4075
4076
4077
4078
4079
4080
4081
4082
4083
4084
4085
4086
4087
4088
4089
4090
4091
4092
4093
4094
4095
4096
4097
4098
4099
4100
4101
4102
4103
4104
4105
4106
4107
4108
4109
4110
4111
4112
4113
4114
4115
4116
4117
4118
4119
4120
4121
4122
4123
4124
4125
4126
4127
4128
4129
4130
4131
4132
4133
4134
4135
4136
4137
4138
4139
4140
4141
4142
4143
4144
4145
4146
4147
4148
4149
4150
4151
4152
4153
4154
4155
4156
4157
4158
4159
4160
4161
4162
4163
4164
4165
4166
4167
4168
4169
4170
4171
4172
4173
4174
4175
4176
4177
4178
4179
4180
4181
4182
4183
4184
4185
4186
4187
4188
4189
4190
4191
4192
4193
4194
4195
4196
4197
4198
4199
4200
4201
4202
4203
4204
4205
4206
4207
4208
4209
4210
4211
4212
4213
4214
4215
4216
4217
4218
4219
4220
4221
4222
4223
4224
4225
4226
4227
4228
4229
4230
4231
4232
4233
4234
4235
4236
4237
4238
4239
4240
4241
4242
4243
4244
4245
4246
4247
4248
4249
4250
4251
4252
4253
4254
4255
4256
4257
4258
4259
4260
4261
4262
4263
4264
4265
4266
4267
4268
4269
4270
4271
4272
4273
4274
4275
4276
4277
4278
4279
4280
4281
4282
4283
4284
4285
4286
4287
4288
4289
4290
4291
4292
4293
4294
4295
4296
4297
4298
4299
4300
4301
4302
4303
4304
4305
4306
4307
4308
4309
4310
4311
4312
4313
4314
4315
4316
4317
4318
4319
4320
4321
4322
4323
4324
4325
4326
4327
4328
4329
4330
4331
4332
4333
4334
4335
4336
4337
4338
4339
4340
4341
4342
4343
4344
4345
4346
4347
4348
4349
4350
4351
4352
4353
4354
4355
4356
4357
4358
4359
4360
4361
4362
4363
4364
4365
4366
4367
4368
4369
4370
4371
4372
4373
4374
4375
4376
4377
4378
4379
4380
4381
4382
4383
4384
4385
4386
4387
4388
4389
4390
4391
4392
4393
4394
4395
4396
4397
4398
4399
4400
4401
4402
4403
4404
4405
4406
4407
4408
4409
4410
4411
4412
4413
4414
4415
4416
4417
4418
4419
4420
4421
4422
4423
4424
4425
4426
4427
4428
4429
4430
4431
4432
4433
4434
4435
4436
4437
4438
4439
4440
4441
4442
4443
4444
4445
4446
4447
4448
4449
4450
4451
4452
4453
4454
4455
4456
4457
4458
4459
4460
4461
4462
4463
4464
4465
4466
4467
4468
4469
4470
4471
4472
4473
4474
4475
4476
4477
4478
4479
4480
4481
4482
4483
4484
4485
4486
4487
4488
4489
4490
4491
4492
4493
4494
4495
4496
4497
4498
4499
4500
4501
4502
4503
4504
4505
4506
4507
4508
4509
4510
4511
4512
4513
4514
4515
4516
4517
4518
4519
4520
4521
4522
4523
4524
4525
4526
4527
4528
4529
4530
4531
4532
4533
4534
4535
4536
4537
4538
4539
4540
4541
4542
4543
4544
4545
4546
4547
4548
4549
4550
4551
4552
4553
4554
4555
4556
4557
4558
4559
4560
4561
4562
4563
4564
4565
4566
4567
4568
4569
4570
4571
4572
4573
4574
4575
4576
4577
4578
4579
4580
4581
4582
4583
4584
4585
4586
4587
4588
4589
4590
4591
4592
4593
4594
4595
4596
4597
4598
4599
4600
4601
4602
4603
4604
4605
4606
4607
4608
4609
4610
4611
4612
4613
4614
4615
4616
4617
4618
4619
4620
4621
4622
4623
4624
4625
4626
4627
4628
4629
4630
4631
4632
4633
4634
4635
4636
4637
4638
4639
4640
4641
4642
4643
4644
4645
4646
4647
4648
4649
4650
4651
4652
4653
4654
4655
4656
4657
4658
4659
4660
4661
4662
4663
4664
4665
4666
4667
4668
4669
4670
4671
4672
4673
4674
4675
4676
4677
4678
4679
4680
4681
4682
4683
4684
4685
4686
4687
4688
4689
4690
4691
4692
4693
4694
4695
4696
4697
4698
4699
4700
4701
4702
4703
4704
4705
4706
4707
4708
4709
4710
4711
4712
4713
4714
4715
4716
4717
4718
4719
4720
4721
4722
4723
4724
4725
4726
4727
4728
4729
4730
4731
4732
4733
4734
4735
4736
4737
4738
4739
4740
4741
4742
4743
4744
4745
4746
4747
4748
4749
4750
4751
4752
4753
4754
4755
4756
4757
4758
4759
4760
4761
4762
4763
4764
4765
4766
4767
4768
4769
4770
4771
4772
4773
4774
4775
4776
4777
4778
4779
4780
4781
4782
4783
4784
4785
4786
4787
4788
4789
4790
4791
4792
4793
4794
4795
4796
4797
4798
4799
4800
4801
4802
4803
4804
4805
4806
4807
4808
4809
4810
4811
4812
4813
4814
4815
4816
4817
4818
4819
4820
4821
4822
4823
4824
4825
4826
4827
4828
4829
4830
4831
4832
4833
4834
4835
4836
4837
4838
4839
4840
4841
4842
4843
4844
4845
4846
4847
4848
4849
4850
4851
4852
4853
4854
4855
4856
4857
4858
4859
4860
4861
4862
4863
4864
4865
4866
4867
4868
4869
4870
4871
4872
4873
4874
4875
4876
4877
4878
4879
4880
4881
4882
4883
4884
4885
4886
4887
4888
4889
4890
4891
4892
4893
4894
4895
4896
4897
4898
4899
4900
4901
4902
4903
4904
4905
4906
4907
4908
4909
4910
4911
4912
4913
4914
4915
4916
4917
4918
4919
4920
4921
4922
4923
4924
4925
4926
4927
4928
4929
4930
4931
4932
4933
4934
4935
4936
4937
4938
4939
4940
4941
4942
4943
4944
4945
4946
4947
4948
4949
4950
4951
4952
4953
4954
4955
4956
4957
4958
4959
4960
4961
4962
4963
4964
4965
4966
4967
4968
4969
4970
4971
4972
4973
4974
4975
4976
4977
4978
4979
4980
4981
4982
4983
4984
4985
4986
4987
4988
4989
4990
4991
4992
4993
4994
4995
4996
4997
4998
4999
5000
5001
5002
5003
5004
5005
5006
5007
5008
5009
5010
5011
5012
5013
5014
5015
5016
5017
5018
5019
5020
5021
5022
5023
5024
5025
5026
5027
5028
5029
5030
5031
5032
5033
5034
5035
5036
5037
5038
5039
5040
5041
5042
5043
5044
5045
5046
5047
5048
5049
5050
5051
5052
5053
5054
5055
5056
5057
5058
5059
5060
5061
5062
5063
5064
5065
5066
5067
5068
5069
5070
5071
5072
5073
5074
5075
5076
5077
5078
5079
5080
5081
5082
5083
5084
5085
5086
5087
5088
5089
5090
5091
5092
5093
5094
5095
5096
5097
5098
5099
5100
5101
5102
5103
5104
5105
5106
5107
5108
5109
5110
5111
5112
5113
5114
5115
5116
5117
5118
5119
5120
5121
5122
5123
5124
5125
5126
5127
5128
5129
5130
5131
5132
5133
5134
5135
5136
5137
5138
5139
5140
5141
5142
5143
5144
5145
5146
5147
5148
5149
5150
5151
5152
5153
5154
5155
5156
5157
5158
5159
5160
5161
5162
5163
5164
5165
5166
5167
5168
5169
5170
5171
5172
5173
5174
5175
5176
5177
5178
5179
5180
5181
5182
5183
5184
5185
5186
5187
5188
5189
5190
5191
5192
5193
5194
5195
5196
5197
5198
5199
5200
5201
5202
5203
5204
5205
5206
5207
5208
5209
5210
5211
5212
5213
5214
5215
5216
5217
5218
5219
5220
5221
5222
5223
5224
5225
5226
5227
5228
5229
5230
5231
5232
5233
5234
5235
5236
5237
5238
5239
5240
5241
5242
5243
5244
5245
5246
5247
5248
5249
5250
5251
5252
5253
5254
5255
5256
5257
5258
5259
5260
5261
5262
5263
5264
5265
5266
5267
5268
5269
5270
5271
5272
5273
5274
5275
5276
5277
5278
5279
5280
5281
5282
5283
5284
5285
5286
5287
5288
5289
5290
5291
5292
5293
5294
5295
5296
5297
5298
5299
5300
5301
5302
5303
5304
5305
5306
5307
5308
5309
5310
5311
5312
5313
5314
5315
5316
5317
5318
5319
5320
5321
5322
5323
5324
5325
5326
5327
5328
5329
5330
5331
5332
5333
5334
5335
5336
5337
5338
5339
5340
5341
5342
5343
5344
5345
5346
5347
5348
5349
5350
5351
5352
5353
5354
5355
5356
5357
5358
5359
5360
5361
5362
5363
5364
5365
5366
5367
5368
5369
5370
5371
5372
5373
5374
5375
5376
5377
5378
5379
5380
5381
5382
5383
5384
5385
5386
5387
5388
5389
5390
5391
5392
5393
5394
5395
5396
5397
5398
5399
5400
5401
5402
5403
5404
5405
5406
5407
5408
5409
5410
5411
5412
5413
5414
5415
5416
5417
5418
5419
5420
5421
5422
5423
5424
5425
5426
5427
5428
5429
5430
5431
5432
5433
5434
5435
5436
5437
5438
5439
5440
5441
5442
5443
5444
5445
5446
5447
5448
5449
5450
5451
5452
5453
5454
5455
5456
5457
5458
5459
5460
5461
5462
5463
5464
5465
5466
5467
5468
5469
5470
5471
5472
5473
5474
5475
5476
5477
5478
5479
5480
5481
5482
5483
5484
5485
5486
5487
5488
5489
5490
5491
5492
5493
5494
5495
5496
5497
5498
5499
5500
5501
5502
5503
5504
5505
5506
5507
5508
5509
5510
5511
5512
5513
5514
5515
5516
5517
5518
5519
5520
5521
5522
5523
5524
5525
5526
5527
5528
5529
5530
5531
5532
5533
5534
5535
5536
5537
5538
5539
5540
5541
5542
5543
5544
5545
5546
5547
5548
5549
5550
5551
5552
5553
5554
5555
5556
5557
5558
5559
5560
5561
5562
5563
5564
5565
5566
5567
5568
5569
5570
5571
5572
5573
5574
5575
5576
5577
5578
5579
5580
5581
5582
5583
5584
5585
5586
5587
5588
5589
5590
5591
5592
5593
5594
5595
5596
5597
5598
5599
5600
5601
5602
5603
5604
5605
5606
5607
5608
5609
5610
5611
5612
5613
5614
5615
5616
5617
5618
5619
5620
5621
5622
5623
5624
5625
5626
5627
5628
5629
5630
5631
5632
5633
5634
5635
5636
5637
5638
5639
5640
5641
5642
5643
5644
5645
5646
5647
5648
5649
5650
5651
5652
5653
5654
5655
5656
5657
5658
5659
5660
5661
5662
5663
5664
5665
5666
5667
5668
5669
5670
5671
5672
5673
5674
5675
5676
5677
5678
5679
5680
5681
5682
5683
5684
5685
5686
5687
5688
5689
5690
5691
5692
5693
5694
5695
5696
5697
5698
5699
5700
5701
5702
5703
5704
5705
5706
5707
5708
5709
5710
5711
5712
5713
5714
5715
5716
5717
5718
5719
5720
5721
5722
5723
5724
5725
5726
5727
5728
5729
5730
5731
5732
5733
5734
5735
5736
5737
5738
5739
5740
5741
5742
5743
5744
5745
5746
5747
5748
5749
5750
5751
5752
5753
5754
5755
5756
5757
5758
5759
5760
5761
5762
5763
5764
5765
5766
5767
5768
5769
5770
5771
5772
5773
5774
5775
5776
5777
5778
5779
5780
5781
5782
5783
5784
5785
5786
5787
5788
5789
5790
5791
5792
5793
5794
5795
5796
5797
5798
5799
5800
5801
5802
5803
5804
5805
5806
5807
5808
5809
5810
5811
5812
5813
5814
5815
5816
5817
5818
5819
5820
5821
5822
5823
5824
5825
5826
5827
5828
5829
5830
5831
5832
5833
5834
5835
5836
5837
5838
5839
5840
5841
5842
5843
5844
5845
5846
5847
5848
5849
5850
5851
5852
5853
5854
5855
5856
5857
5858
5859
5860
5861
5862
5863
5864
5865
5866
5867
5868
5869
5870
5871
5872
5873
5874
5875
5876
5877
5878
5879
5880
5881
5882
5883
5884
5885
5886
5887
5888
5889
5890
5891
5892
5893
5894
5895
5896
5897
5898
5899
5900
5901
5902
5903
5904
5905
5906
5907
5908
5909
5910
5911
5912
5913
5914
5915
5916
5917
5918
5919
5920
5921
5922
5923
5924
5925
5926
5927
5928
5929
5930
5931
5932
5933
5934
5935
5936
5937
5938
5939
5940
5941
5942
5943
5944
5945
5946
5947
5948
5949
5950
5951
5952
5953
5954
5955
5956
5957
5958
5959
5960
5961
5962
5963
5964
5965
5966
5967
5968
5969
5970
5971
5972
5973
5974
5975
5976
5977
5978
5979
5980
5981
5982
5983
5984
5985
5986
5987
5988
5989
5990
5991
5992
5993
5994
5995
5996
5997
5998
5999
6000
6001
6002
6003
6004
6005
6006
6007
6008
6009
6010
6011
6012
6013
6014
6015
6016
6017
6018
6019
6020
6021
6022
6023
6024
6025
6026
6027
6028
6029
6030
6031
6032
6033
6034
6035
6036
6037
6038
6039
6040
6041
6042
6043
6044
6045
6046
6047
6048
6049
6050
6051
6052
6053
6054
6055
6056
6057
6058
6059
6060
6061
6062
6063
6064
6065
6066
6067
6068
6069
6070
6071
6072
6073
6074
6075
6076
6077
6078
6079
6080
6081
6082
6083
6084
6085
6086
6087
6088
6089
6090
6091
6092
6093
6094
6095
6096
6097
6098
6099
6100
6101
6102
6103
6104
6105
6106
6107
6108
6109
6110
6111
6112
6113
6114
6115
6116
6117
6118
6119
6120
6121
6122
6123
6124
6125
6126
6127
6128
6129
6130
6131
6132
6133
6134
6135
6136
6137
6138
6139
6140
6141
6142
6143
6144
6145
6146
6147
6148
6149
6150
6151
6152
6153
6154
6155
6156
6157
6158
6159
6160
6161
6162
6163
6164
6165
6166
6167
6168
6169
6170
6171
6172
6173
6174
6175
6176
6177
6178
6179
6180
6181
6182
6183
6184
6185
6186
6187
6188
6189
6190
6191
6192
6193
6194
6195
6196
6197
6198
6199
6200
6201
6202
6203
6204
6205
6206
6207
6208
6209
6210
6211
6212
6213
6214
6215
6216
6217
6218
6219
6220
6221
6222
6223
6224
6225
6226
6227
6228
6229
6230
6231
6232
6233
6234
6235
6236
6237
6238
6239
6240
6241
6242
6243
6244
6245
6246
6247
6248
6249
6250
6251
6252
6253
6254
6255
6256
6257
6258
6259
6260
6261
6262
6263
6264
6265
6266
6267
6268
6269
6270
6271
6272
6273
6274
6275
6276
6277
6278
6279
6280
6281
6282
6283
6284
6285
6286
6287
6288
6289
6290
6291
6292
6293
6294
6295
6296
6297
6298
6299
6300
6301
6302
6303
6304
6305
6306
6307
6308
6309
6310
6311
6312
6313
6314
6315
6316
6317
6318
6319
6320
6321
6322
6323
6324
6325
6326
6327
6328
6329
6330
6331
6332
6333
6334
6335
6336
6337
6338
6339
6340
6341
6342
6343
6344
6345
6346
6347
6348
6349
6350
6351
6352
6353
6354
6355
6356
6357
6358
6359
6360
6361
6362
6363
6364
6365
6366
6367
6368
6369
6370
6371
6372
6373
6374
6375
6376
6377
6378
6379
6380
6381
6382
6383
6384
6385
6386
6387
6388
6389
6390
6391
6392
6393
6394
6395
6396
6397
6398
6399
6400
6401
6402
6403
6404
6405
6406
6407
6408
6409
6410
6411
6412
6413
6414
6415
6416
6417
6418
6419
6420
6421
6422
6423
6424
6425
6426
6427
6428
6429
6430
6431
6432
6433
6434
6435
6436
6437
6438
6439
6440
6441
6442
6443
6444
6445
6446
6447
6448
6449
6450
6451
6452
6453
6454
6455
6456
6457
6458
6459
6460
6461
6462
6463
6464
6465
6466
6467
6468
6469
6470
6471
6472
6473
6474
6475
6476
6477
6478
6479
6480
6481
6482
6483
6484
6485
6486
6487
6488
6489
6490
6491
6492
6493
6494
6495
6496
6497
6498
6499
6500
6501
6502
6503
6504
6505
6506
6507
6508
6509
6510
6511
6512
6513
6514
6515
6516
6517
6518
6519
6520
6521
6522
6523
6524
6525
6526
6527
6528
6529
6530
6531
6532
6533
6534
6535
6536
6537
6538
6539
6540
6541
6542
6543
6544
6545
6546
6547
6548
6549
6550
6551
6552
6553
6554
6555
6556
6557
6558
6559
6560
6561
6562
6563
6564
6565
6566
6567
6568
6569
6570
6571
6572
6573
6574
6575
6576
6577
6578
6579
6580
6581
6582
6583
6584
6585
6586
6587
6588
6589
6590
6591
6592
6593
6594
6595
6596
6597
6598
6599
6600
6601
6602
6603
6604
6605
6606
6607
6608
6609
6610
6611
6612
6613
6614
6615
6616
6617
6618
6619
6620
6621
6622
6623
6624
6625
6626
6627
6628
6629
6630
6631
6632
6633
6634
6635
6636
6637
6638
6639
6640
6641
6642
6643
6644
6645
6646
6647
6648
6649
6650
6651
6652
6653
6654
6655
6656
6657
6658
6659
6660
6661
6662
6663
6664
6665
6666
6667
6668
6669
6670
6671
6672
6673
6674
6675
6676
6677
6678
6679
6680
6681
6682
6683
6684
6685
6686
6687
6688
6689
6690
6691
6692
6693
6694
6695
6696
6697
6698
6699
6700
6701
6702
6703
6704
6705
6706
6707
6708
6709
6710
6711
6712
6713
6714
6715
6716
6717
6718
6719
6720
6721
6722
6723
6724
6725
6726
6727
6728
6729
6730
6731
6732
6733
6734
6735
6736
6737
6738
6739
6740
6741
6742
6743
6744
6745
6746
6747
6748
6749
6750
6751
6752
6753
6754
6755
6756
6757
6758
6759
6760
6761
6762
6763
6764
6765
6766
6767
6768
6769
6770
6771
6772
6773
6774
6775
6776
6777
6778
6779
6780
6781
6782
6783
6784
6785
6786
6787
6788
6789
6790
6791
6792
6793
6794
6795
6796
6797
6798
6799
6800
6801
6802
6803
6804
6805
6806
6807
6808
6809
6810
6811
6812
6813
6814
6815
6816
6817
6818
6819
6820
6821
6822
6823
6824
6825
6826
6827
6828
6829
6830
6831
6832
6833
6834
6835
6836
6837
6838
6839
6840
6841
6842
6843
6844
6845
6846
6847
6848
6849
6850
6851
6852
6853
6854
6855
6856
6857
6858
6859
6860
6861
6862
6863
6864
6865
6866
6867
6868
6869
6870
6871
6872
6873
6874
6875
6876
6877
6878
6879
6880
6881
6882
6883
6884
6885
6886
6887
6888
6889
6890
6891
6892
6893
6894
6895
6896
6897
6898
6899
6900
6901
6902
6903
6904
6905
6906
6907
6908
6909
6910
6911
6912
6913
6914
6915
6916
6917
6918
6919
6920
6921
6922
6923
6924
6925
6926
6927
6928
6929
6930
6931
6932
6933
6934
6935
6936
6937
6938
6939
6940
6941
6942
6943
6944
6945
6946
6947
6948
6949
6950
6951
6952
6953
6954
6955
6956
6957
6958
6959
6960
6961
6962
6963
6964
6965
6966
6967
6968
6969
6970
6971
6972
6973
6974
6975
6976
6977
6978
6979
6980
6981
6982
6983
6984
6985
6986
6987
6988
6989
6990
6991
6992
6993
6994
6995
6996
6997
6998
6999
7000
7001
7002
7003
7004
7005
7006
7007
7008
7009
7010
7011
7012
7013
7014
7015
7016
7017
7018
7019
7020
7021
7022
7023
7024
7025
7026
7027
7028
7029
7030
7031
7032
7033
7034
7035
7036
7037
7038
7039
7040
7041
7042
7043
7044
7045
7046
7047
7048
7049
7050
7051
7052
7053
7054
7055
7056
7057
7058
7059
7060
7061
7062
7063
7064
7065
7066
7067
7068
7069
7070
7071
7072
7073
7074
7075
7076
7077
7078
7079
7080
7081
7082
7083
7084
7085
7086
7087
7088
7089
7090
7091
7092
7093
7094
7095
7096
7097
7098
7099
7100
7101
7102
7103
7104
7105
7106
7107
7108
7109
7110
7111
7112
7113
7114
7115
7116
7117
7118
7119
7120
7121
7122
7123
7124
7125
7126
7127
7128
7129
7130
7131
7132
7133
7134
7135
7136
7137
7138
7139
7140
7141
7142
7143
7144
7145
7146
7147
7148
7149
7150
7151
7152
7153
7154
7155
7156
7157
7158
7159
7160
7161
7162
7163
7164
7165
7166
7167
7168
7169
7170
7171
7172
7173
7174
7175
7176
7177
7178
7179
7180
7181
7182
7183
7184
7185
7186
7187
7188
7189
7190
7191
7192
7193
7194
7195
7196
7197
7198
7199
7200
7201
7202
7203
7204
7205
7206
7207
7208
7209
7210
7211
7212
7213
7214
7215
7216
7217
7218
7219
7220
7221
7222
7223
7224
7225
7226
7227
7228
7229
7230
7231
7232
7233
7234
7235
7236
7237
7238
7239
7240
7241
7242
7243
7244
7245
7246
7247
7248
7249
7250
7251
7252
7253
7254
7255
7256
7257
7258
7259
7260
7261
7262
7263
7264
7265
7266
7267
7268
7269
7270
7271
7272
7273
7274
7275
7276
7277
7278
7279
7280
7281
7282
7283
7284
7285
7286
7287
7288
7289
7290
7291
7292
7293
7294
7295
7296
7297
7298
7299
7300
7301
7302
7303
7304
7305
7306
7307
7308
7309
7310
7311
7312
7313
7314
7315
7316
7317
7318
7319
7320
7321
7322
7323
7324
7325
7326
7327
7328
7329
7330
7331
7332
7333
7334
7335
7336
7337
7338
7339
7340
7341
7342
7343
7344
7345
7346
7347
7348
7349
7350
7351
7352
7353
7354
7355
7356
7357
7358
7359
7360
7361
7362
7363
7364
7365
7366
7367
7368
7369
7370
7371
7372
7373
7374
7375
7376
7377
7378
7379
7380
7381
7382
7383
7384
7385
7386
7387
7388
7389
7390
7391
7392
7393
7394
7395
7396
7397
7398
7399
7400
7401
7402
7403
7404
7405
7406
7407
7408
7409
7410
7411
7412
7413
7414
7415
7416
7417
7418
7419
7420
7421
7422
7423
7424
7425
7426
7427
7428
7429
7430
7431
7432
7433
7434
7435
7436
7437
7438
7439
7440
7441
7442
7443
7444
7445
7446
7447
7448
7449
7450
7451
7452
7453
7454
7455
7456
7457
7458
7459
7460
7461
7462
7463
7464
7465
7466
7467
7468
7469
7470
7471
7472
7473
7474
7475
7476
7477
7478
7479
7480
7481
7482
7483
7484
7485
7486
7487
7488
7489
7490
7491
7492
7493
7494
7495
7496
7497
7498
7499
7500
7501
7502
7503
7504
7505
7506
7507
7508
7509
7510
7511
7512
7513
7514
7515
7516
7517
7518
7519
7520
7521
7522
7523
7524
7525
7526
7527
7528
7529
7530
7531
7532
7533
7534
7535
7536
7537
7538
7539
7540
7541
7542
7543
7544
7545
7546
7547
7548
7549
7550
7551
7552
7553
7554
7555
7556
7557
7558
7559
7560
7561
7562
7563
7564
7565
7566
7567
7568
7569
7570
7571
7572
7573
7574
7575
7576
7577
7578
7579
7580
7581
7582
7583
7584
7585
7586
7587
7588
7589
7590
7591
7592
7593
7594
7595
7596
7597
7598
7599
7600
7601
7602
7603
7604
7605
7606
7607
7608
7609
7610
7611
7612
7613
7614
7615
7616
7617
7618
7619
7620
7621
7622
7623
7624
7625
7626
7627
7628
7629
7630
7631
7632
7633
7634
7635
7636
7637
7638
7639
7640
7641
7642
7643
7644
7645
7646
7647
7648
7649
7650
7651
7652
7653
7654
7655
7656
7657
7658
7659
7660
7661
7662
7663
7664
7665
7666
7667
7668
7669
7670
7671
7672
7673
7674
7675
7676
7677
7678
7679
7680
7681
7682
7683
7684
7685
7686
7687
7688
7689
7690
7691
7692
7693
7694
7695
7696
7697
7698
7699
7700
7701
7702
7703
7704
7705
7706
7707
7708
7709
7710
7711
7712
7713
7714
7715
7716
7717
7718
7719
7720
7721
7722
7723
7724
7725
7726
7727
7728
7729
7730
7731
7732
7733
7734
7735
7736
7737
7738
7739
7740
7741
7742
7743
7744
7745
7746
7747
7748
7749
7750
7751
7752
7753
7754
7755
7756
7757
7758
7759
7760
7761
7762
7763
7764
7765
7766
7767
7768
7769
7770
7771
7772
7773
7774
7775
7776
7777
7778
7779
7780
7781
7782
7783
7784
7785
7786
7787
7788
7789
7790
7791
7792
7793
7794
7795
7796
7797
7798
7799
7800
7801
7802
7803
7804
7805
7806
7807
7808
7809
7810
7811
7812
7813
7814
7815
7816
7817
7818
7819
7820
7821
7822
7823
7824
7825
7826
7827
7828
7829
7830
7831
7832
7833
7834
7835
7836
7837
7838
7839
7840
7841
7842
7843
7844
7845
7846
7847
7848
7849
7850
7851
7852
7853
7854
7855
7856
7857
7858
7859
7860
7861
7862
7863
7864
7865
7866
7867
7868
7869
7870
7871
7872
7873
7874
7875
7876
7877
7878
7879
7880
7881
7882
7883
7884
7885
7886
7887
7888
7889
7890
7891
7892
7893
7894
7895
7896
7897
7898
7899
7900
7901
7902
7903
7904
7905
7906
7907
7908
7909
7910
7911
7912
7913
7914
7915
7916
7917
7918
7919
7920
7921
7922
7923
7924
7925
7926
7927
7928
7929
7930
7931
7932
7933
7934
7935
7936
7937
7938
7939
7940
7941
7942
7943
7944
7945
7946
7947
7948
7949
7950
7951
7952
7953
7954
7955
7956
7957
7958
7959
7960
7961
7962
7963
7964
7965
7966
7967
7968
7969
7970
7971
7972
7973
7974
7975
7976
7977
7978
7979
7980
7981
7982
7983
7984
7985
7986
7987
7988
7989
7990
7991
7992
7993
7994
7995
7996
7997
7998
7999
8000
8001
8002
8003
8004
8005
8006
8007
8008
8009
8010
8011
8012
8013
8014
8015
8016
8017
8018
8019
8020
8021
8022
8023
8024
8025
8026
8027
8028
8029
8030
8031
8032
8033
8034
8035
8036
8037
8038
8039
8040
8041
8042
8043
8044
8045
8046
8047
8048
8049
8050
8051
8052
8053
8054
8055
8056
8057
8058
8059
8060
8061
8062
8063
8064
8065
8066
8067
8068
8069
8070
8071
8072
8073
8074
8075
8076
8077
8078
8079
8080
8081
8082
8083
8084
8085
8086
8087
8088
8089
8090
8091
8092
8093
8094
8095
8096
8097
8098
8099
8100
8101
8102
8103
8104
8105
8106
8107
8108
8109
8110
8111
8112
8113
8114
8115
8116
8117
8118
8119
8120
8121
8122
8123
8124
8125
8126
8127
8128
8129
8130
8131
8132
8133
8134
8135
8136
8137
8138
8139
8140
8141
8142
8143
8144
8145
8146
8147
8148
8149
8150
8151
8152
8153
8154
8155
8156
8157
8158
8159
8160
8161
8162
8163
8164
8165
8166
8167
8168
8169
8170
8171
8172
8173
8174
8175
8176
8177
8178
8179
8180
8181
8182
8183
8184
8185
8186
8187
8188
8189
8190
8191
8192
8193
8194
8195
8196
8197
8198
8199
8200
8201
8202
8203
8204
8205
8206
8207
8208
8209
8210
8211
8212
8213
8214
8215
8216
8217
8218
8219
8220
8221
8222
8223
8224
8225
8226
8227
8228
8229
8230
8231
8232
8233
8234
8235
8236
8237
8238
8239
8240
8241
8242
8243
8244
8245
8246
8247
8248
8249
8250
8251
8252
8253
8254
8255
8256
8257
8258
8259
8260
8261
8262
8263
8264
8265
8266
8267
8268
8269
8270
8271
8272
8273
8274
8275
8276
8277
8278
8279
8280
8281
8282
8283
8284
8285
8286
8287
8288
8289
8290
8291
8292
8293
8294
8295
8296
8297
8298
8299
8300
8301
8302
8303
8304
8305
8306
8307
8308
8309
8310
8311
8312
8313
8314
8315
8316
8317
8318
8319
8320
8321
8322
8323
8324
8325
8326
8327
8328
8329
8330
8331
8332
8333
8334
8335
8336
8337
8338
8339
8340
8341
8342
8343
8344
8345
8346
8347
8348
8349
8350
8351
8352
8353
8354
8355
8356
8357
8358
8359
8360
8361
8362
8363
8364
8365
8366
8367
8368
8369
8370
8371
8372
8373
8374
8375
8376
8377
8378
8379
8380
8381
8382
8383
8384
8385
8386
8387
8388
8389
8390
8391
8392
8393
8394
8395
8396
8397
8398
8399
8400
8401
8402
8403
8404
8405
8406
8407
8408
8409
8410
8411
8412
8413
8414
8415
8416
8417
8418
8419
8420
8421
8422
8423
8424
8425
8426
8427
8428
8429
8430
8431
8432
8433
8434
8435
8436
8437
8438
8439
8440
8441
8442
8443
8444
8445
8446
8447
8448
8449
8450
8451
8452
8453
8454
8455
8456
8457
8458
8459
8460
8461
8462
8463
8464
8465
8466
8467
8468
8469
8470
8471
8472
8473
8474
8475
8476
8477
8478
8479
8480
8481
8482
8483
8484
8485
8486
8487
8488
8489
8490
8491
8492
8493
8494
8495
8496
8497
8498
8499
8500
8501
8502
8503
8504
8505
8506
8507
8508
8509
8510
8511
8512
8513
8514
8515
8516
8517
8518
8519
8520
8521
8522
8523
8524
8525
8526
8527
8528
8529
8530
8531
8532
8533
8534
8535
8536
8537
8538
8539
8540
8541
8542
8543
8544
8545
8546
8547
8548
8549
8550
8551
8552
8553
8554
8555
8556
8557
8558
8559
8560
8561
8562
8563
8564
8565
8566
8567
8568
8569
8570
8571
8572
8573
8574
8575
8576
8577
8578
8579
8580
8581
8582
8583
8584
8585
8586
8587
8588
8589
8590
8591
8592
8593
8594
8595
8596
8597
8598
8599
8600
8601
8602
8603
8604
8605
8606
8607
8608
8609
8610
8611
8612
8613
8614
8615
8616
8617
8618
8619
8620
8621
8622
8623
8624
8625
8626
8627
8628
8629
8630
8631
8632
8633
8634
8635
8636
8637
8638
8639
8640
8641
8642
8643
8644
8645
8646
8647
8648
8649
8650
8651
8652
8653
8654
8655
8656
8657
8658
8659
8660
8661
8662
8663
8664
8665
8666
8667
8668
8669
8670
8671
8672
8673
8674
8675
8676
8677
8678
8679
8680
8681
8682
8683
8684
8685
8686
8687
8688
8689
8690
8691
8692
8693
8694
8695
8696
8697
8698
8699
8700
8701
8702
8703
8704
8705
8706
8707
8708
8709
8710
8711
8712
8713
8714
8715
8716
8717
8718
8719
8720
8721
8722
8723
8724
8725
8726
8727
8728
8729
8730
8731
8732
8733
8734
8735
8736
8737
8738
8739
8740
8741
8742
8743
8744
8745
8746
8747
8748
8749
8750
8751
8752
8753
8754
8755
8756
8757
8758
8759
8760
8761
8762
8763
8764
8765
8766
8767
8768
8769
8770
8771
8772
8773
8774
8775
8776
8777
8778
8779
8780
8781
8782
8783
8784
8785
8786
8787
8788
8789
8790
8791
8792
8793
8794
8795
8796
8797
8798
8799
8800
8801
8802
8803
8804
8805
8806
8807
8808
8809
8810
8811
8812
8813
8814
8815
8816
8817
8818
8819
8820
8821
8822
8823
8824
8825
8826
8827
8828
8829
8830
8831
8832
8833
8834
8835
8836
8837
8838
8839
8840
8841
8842
8843
8844
8845
8846
8847
8848
8849
8850
8851
8852
8853
8854
8855
8856
8857
8858
8859
8860
8861
8862
8863
8864
8865
8866
8867
8868
8869
8870
8871
8872
8873
8874
8875
8876
8877
8878
8879
8880
8881
8882
8883
8884
8885
8886
8887
8888
8889
8890
8891
8892
8893
8894
8895
8896
8897
8898
8899
8900
8901
8902
8903
8904
8905
8906
8907
8908
8909
8910
8911
8912
8913
8914
8915
8916
8917
8918
8919
8920
8921
8922
8923
8924
8925
8926
8927
8928
8929
8930
8931
8932
8933
8934
8935
8936
8937
8938
8939
8940
8941
8942
8943
8944
8945
8946
8947
8948
8949
8950
8951
8952
8953
8954
8955
8956
8957
8958
8959
8960
8961
8962
8963
8964
8965
8966
8967
8968
8969
8970
8971
8972
8973
8974
8975
8976
8977
8978
8979
8980
8981
8982
8983
8984
8985
8986
8987
8988
8989
8990
8991
8992
8993
8994
8995
8996
8997
8998
8999
9000
9001
9002
9003
9004
9005
9006
9007
9008
9009
9010
9011
9012
9013
9014
9015
9016
9017
9018
9019
9020
9021
9022
9023
9024
9025
9026
9027
9028
9029
9030
9031
9032
9033
9034
9035
9036
9037
9038
9039
9040
9041
9042
9043
9044
9045
9046
9047
9048
9049
9050
9051
9052
9053
9054
9055
9056
9057
9058
9059
9060
9061
9062
9063
9064
9065
9066
9067
9068
9069
9070
9071
9072
9073
9074
9075
9076
9077
9078
9079
9080
9081
9082
9083
9084
9085
9086
9087
9088
9089
9090
9091
9092
9093
9094
9095
9096
9097
9098
9099
9100
9101
9102
9103
9104
9105
9106
9107
9108
9109
9110
9111
9112
9113
9114
9115
9116
9117
9118
9119
9120
9121
9122
9123
9124
9125
9126
9127
9128
9129
9130
9131
9132
9133
9134
9135
9136
9137
9138
9139
9140
9141
9142
9143
9144
9145
9146
9147
9148
9149
9150
9151
9152
9153
9154
9155
9156
9157
9158
9159
9160
9161
9162
9163
9164
9165
9166
9167
9168
9169
9170
9171
9172
9173
9174
9175
9176
9177
9178
9179
9180
9181
9182
9183
9184
9185
9186
9187
9188
9189
9190
9191
9192
9193
9194
9195
9196
9197
9198
9199
9200
9201
9202
9203
9204
9205
9206
9207
9208
9209
9210
9211
9212
9213
9214
9215
9216
9217
9218
9219
9220
9221
9222
9223
9224
9225
9226
9227
9228
9229
9230
9231
9232
9233
9234
9235
9236
9237
9238
9239
9240
9241
9242
9243
9244
9245
9246
9247
9248
9249
9250
9251
9252
9253
9254
9255
9256
9257
9258
9259
9260
9261
9262
9263
9264
9265
9266
9267
9268
9269
9270
9271
9272
9273
9274
9275
9276
9277
9278
9279
9280
9281
9282
9283
9284
9285
9286
9287
9288
9289
9290
9291
9292
9293
9294
9295
9296
9297
9298
9299
9300
9301
9302
9303
9304
9305
9306
9307
9308
9309
9310
9311
9312
9313
9314
9315
9316
9317
9318
9319
9320
9321
9322
9323
9324
9325
9326
9327
9328
9329
9330
9331
9332
9333
9334
9335
9336
9337
9338
9339
9340
9341
9342
9343
9344
9345
9346
9347
9348
9349
9350
9351
9352
9353
9354
9355
9356
9357
9358
9359
9360
9361
9362
9363
9364
9365
9366
9367
9368
9369
9370
9371
9372
9373
9374
9375
9376
9377
9378
9379
9380
9381
9382
9383
9384
9385
9386
9387
9388
9389
9390
9391
9392
9393
9394
9395
9396
9397
9398
9399
9400
9401
9402
9403
9404
9405
9406
9407
9408
9409
9410
9411
9412
9413
9414
9415
9416
9417
9418
9419
9420
9421
9422
9423
9424
9425
9426
9427
9428
9429
9430
9431
9432
9433
9434
9435
9436
9437
9438
9439
9440
9441
9442
9443
9444
9445
9446
9447
9448
9449
9450
9451
9452
9453
9454
9455
9456
9457
9458
9459
9460
9461
9462
9463
9464
9465
9466
9467
9468
9469
9470
9471
9472
9473
9474
9475
9476
9477
9478
9479
9480
9481
9482
9483
9484
9485
9486
9487
9488
9489
9490
9491
9492
9493
9494
9495
9496
9497
9498
9499
9500
9501
9502
9503
9504
9505
9506
9507
9508
9509
9510
9511
9512
9513
9514
9515
9516
9517
9518
9519
9520
9521
9522
9523
9524
9525
9526
9527
9528
9529
9530
9531
9532
9533
9534
9535
9536
9537
9538
9539
9540
9541
9542
9543
9544
9545
9546
9547
9548
9549
9550
9551
9552
9553
9554
9555
9556
9557
9558
9559
9560
9561
9562
9563
9564
9565
9566
9567
9568
9569
9570
9571
9572
9573
9574
9575
9576
9577
9578
9579
9580
9581
9582
9583
9584
9585
9586
9587
9588
9589
9590
9591
9592
9593
9594
9595
9596
9597
9598
9599
9600
9601
9602
9603
9604
9605
9606
9607
9608
9609
9610
9611
9612
9613
9614
9615
9616
9617
9618
9619
9620
9621
9622
9623
9624
9625
9626
9627
9628
9629
9630
9631
9632
9633
9634
9635
9636
9637
9638
9639
9640
9641
9642
9643
9644
9645
9646
9647
9648
9649
9650
9651
9652
9653
9654
9655
9656
9657
9658
9659
9660
9661
9662
9663
9664
9665
9666
9667
9668
9669
9670
9671
9672
9673
9674
9675
9676
9677
9678
9679
9680
9681
9682
9683
9684
9685
9686
9687
9688
9689
9690
9691
9692
9693
9694
9695
9696
9697
9698
9699
9700
9701
9702
9703
9704
9705
9706
9707
9708
9709
9710
9711
9712
9713
9714
9715
9716
9717
9718
9719
9720
9721
9722
9723
9724
9725
9726
9727
9728
9729
9730
9731
9732
9733
9734
9735
9736
9737
9738
9739
9740
9741
9742
9743
9744
9745
9746
9747
9748
9749
9750
9751
9752
9753
9754
9755
9756
9757
9758
9759
9760
9761
9762
9763
9764
9765
9766
9767
9768
9769
9770
9771
9772
9773
9774
9775
9776
9777
9778
9779
9780
9781
9782
9783
9784
9785
9786
9787
9788
9789
9790
9791
9792
9793
9794
9795
9796
9797
9798
9799
9800
9801
9802
9803
9804
9805
9806
9807
9808
9809
9810
9811
9812
9813
9814
9815
9816
9817
9818
9819
9820
9821
9822
9823
9824
9825
9826
9827
9828
9829
9830
9831
9832
9833
9834
9835
9836
9837
9838
9839
9840
9841
9842
9843
9844
9845
9846
9847
9848
9849
9850
9851
9852
9853
9854
9855
9856
9857
9858
9859
9860
9861
9862
9863
9864
9865
9866
9867
9868
9869
9870
9871
9872
9873
9874
9875
9876
9877
9878
9879
9880
9881
9882
9883
9884
9885
9886
9887
9888
9889
9890
9891
9892
9893
9894
9895
9896
9897
9898
9899
9900
9901
9902
9903
9904
9905
9906
9907
9908
9909
9910
9911
9912
9913
9914
9915
9916
9917
9918
9919
9920
9921
9922
9923
9924
9925
9926
9927
9928
9929
9930
9931
9932
9933
9934
9935
9936
9937
9938
9939
9940
9941
9942
9943
9944
9945
9946
9947
9948
9949
9950
9951
9952
9953
9954
9955
9956
9957
9958
9959
9960
9961
9962
9963
9964
9965
9966
9967
9968
9969
9970
9971
9972
9973
9974
9975
9976
9977
9978
9979
9980
9981
9982
9983
9984
9985
9986
9987
9988
9989
9990
9991
9992
9993
9994
9995
9996
9997
9998
9999
10000
10001
10002
10003
10004
10005
10006
10007
10008
10009
10010
10011
10012
10013
10014
10015
10016
10017
10018
10019
10020
10021
10022
10023
10024
10025
10026
10027
10028
10029
10030
10031
10032
10033
10034
10035
10036
10037
10038
10039
10040
10041
10042
10043
10044
10045
10046
10047
10048
10049
10050
10051
10052
10053
10054
10055
10056
10057
10058
10059
10060
10061
10062
10063
10064
10065
10066
10067
10068
10069
10070
10071
10072
10073
10074
10075
10076
10077
10078
10079
10080
10081
10082
10083
10084
10085
10086
10087
10088
10089
10090
10091
10092
10093
10094
10095
10096
10097
10098
10099
10100
10101
10102
10103
10104
10105
10106
10107
10108
10109
10110
10111
10112
10113
10114
10115
10116
10117
10118
10119
10120
10121
10122
10123
10124
10125
10126
10127
10128
10129
10130
10131
10132
10133
10134
10135
10136
10137
10138
10139
10140
10141
10142
10143
10144
10145
10146
10147
10148
10149
10150
10151
10152
10153
10154
10155
10156
10157
10158
10159
10160
10161
10162
10163
10164
10165
10166
10167
10168
10169
10170
10171
10172
10173
10174
10175
10176
10177
10178
10179
10180
10181
10182
10183
10184
10185
10186
10187
10188
10189
10190
10191
10192
10193
10194
10195
10196
10197
10198
10199
10200
10201
10202
10203
10204
10205
10206
10207
10208
10209
10210
10211
10212
10213
10214
10215
10216
10217
10218
10219
10220
10221
10222
10223
10224
10225
10226
10227
10228
10229
10230
10231
10232
10233
10234
10235
10236
10237
10238
10239
10240
10241
10242
10243
10244
10245
10246
10247
10248
10249
10250
10251
10252
10253
10254
10255
10256
10257
10258
10259
10260
10261
10262
10263
10264
10265
10266
10267
10268
10269
10270
10271
10272
10273
10274
10275
10276
10277
10278
10279
10280
10281
10282
10283
10284
10285
10286
10287
10288
10289
10290
10291
10292
10293
10294
10295
10296
10297
10298
10299
10300
10301
10302
10303
10304
10305
10306
10307
10308
10309
10310
10311
10312
10313
10314
10315
10316
10317
10318
10319
10320
10321
10322
10323
10324
10325
10326
10327
10328
10329
10330
10331
10332
10333
10334
10335
10336
10337
10338
10339
10340
10341
10342
10343
10344
10345
10346
10347
10348
10349
10350
10351
10352
10353
10354
10355
10356
10357
10358
10359
10360
10361
10362
10363
10364
10365
10366
10367
10368
10369
10370
10371
10372
10373
10374
10375
10376
10377
10378
10379
10380
10381
10382
10383
10384
10385
10386
10387
10388
10389
10390
10391
10392
10393
10394
10395
10396
10397
10398
10399
10400
10401
10402
10403
10404
10405
10406
10407
10408
10409
10410
10411
10412
10413
10414
10415
10416
10417
10418
10419
10420
10421
10422
10423
10424
10425
10426
10427
10428
10429
10430
10431
10432
10433
10434
10435
10436
10437
10438
10439
10440
10441
10442
10443
10444
10445
10446
10447
10448
10449
10450
10451
10452
10453
10454
10455
10456
10457
10458
10459
10460
10461
10462
10463
10464
10465
10466
10467
10468
10469
10470
10471
10472
10473
10474
10475
10476
10477
10478
10479
10480
10481
10482
10483
10484
10485
10486
10487
10488
10489
10490
10491
10492
10493
10494
10495
10496
10497
10498
10499
10500
10501
10502
10503
10504
10505
10506
10507
10508
10509
10510
10511
10512
10513
10514
10515
10516
10517
10518
10519
10520
10521
10522
10523
10524
10525
10526
10527
10528
10529
10530
10531
10532
10533
10534
10535
10536
10537
10538
10539
10540
10541
10542
10543
10544
10545
10546
10547
10548
10549
10550
10551
10552
10553
10554
10555
10556
10557
10558
10559
10560
10561
10562
10563
10564
10565
10566
10567
10568
10569
10570
10571
10572
10573
10574
10575
10576
10577
10578
10579
10580
10581
10582
10583
10584
10585
10586
10587
10588
10589
10590
10591
10592
10593
10594
10595
10596
10597
10598
10599
10600
10601
10602
10603
10604
10605
10606
10607
10608
10609
10610
10611
10612
10613
10614
10615
10616
10617
10618
10619
10620
10621
10622
10623
10624
10625
10626
10627
10628
10629
10630
10631
10632
10633
10634
10635
10636
10637
10638
10639
10640
10641
10642
10643
10644
10645
10646
10647
10648
10649
10650
10651
10652
10653
10654
10655
10656
10657
10658
10659
10660
10661
10662
10663
10664
10665
10666
10667
10668
10669
10670
10671
10672
10673
10674
10675
10676
10677
10678
10679
10680
10681
10682
10683
10684
10685
10686
10687
10688
10689
10690
10691
10692
10693
10694
10695
10696
10697
10698
10699
10700
10701
10702
10703
10704
10705
10706
10707
10708
10709
10710
10711
10712
10713
10714
10715
10716
10717
10718
10719
10720
10721
10722
10723
10724
10725
10726
10727
10728
10729
10730
10731
10732
10733
10734
10735
10736
10737
10738
10739
10740
10741
10742
10743
10744
10745
10746
10747
10748
10749
10750
10751
10752
10753
10754
10755
10756
10757
10758
10759
10760
10761
10762
10763
10764
10765
10766
10767
10768
10769
10770
10771
10772
10773
10774
10775
10776
10777
10778
10779
10780
10781
10782
10783
10784
10785
10786
10787
10788
10789
10790
10791
10792
10793
10794
10795
10796
10797
10798
10799
10800
10801
10802
10803
10804
10805
10806
10807
10808
10809
10810
10811
10812
10813
10814
10815
10816
10817
10818
10819
10820
10821
10822
10823
10824
10825
10826
10827
10828
10829
10830
10831
10832
10833
10834
10835
10836
10837
10838
10839
10840
10841
10842
10843
10844
10845
10846
10847
10848
10849
10850
10851
10852
10853
10854
10855
10856
10857
10858
10859
10860
10861
10862
10863
10864
10865
10866
10867
10868
10869
10870
10871
10872
10873
10874
10875
10876
10877
10878
10879
10880
10881
10882
10883
10884
10885
10886
10887
10888
10889
10890
10891
10892
10893
10894
10895
10896
10897
10898
10899
10900
10901
10902
10903
10904
10905
10906
10907
10908
10909
10910
10911
10912
10913
10914
10915
10916
10917
10918
10919
10920
10921
10922
10923
10924
10925
10926
10927
10928
10929
10930
10931
10932
10933
10934
10935
10936
10937
10938
10939
10940
10941
10942
10943
10944
10945
10946
10947
10948
10949
10950
10951
10952
10953
10954
10955
10956
10957
10958
10959
10960
10961
10962
10963
10964
10965
10966
10967
10968
10969
10970
10971
10972
10973
10974
10975
10976
10977
10978
10979
10980
10981
10982
10983
10984
10985
10986
10987
10988
10989
10990
10991
10992
10993
10994
10995
10996
10997
10998
10999
11000
11001
11002
11003
11004
11005
11006
11007
11008
11009
11010
11011
11012
11013
11014
11015
11016
11017
11018
11019
11020
11021
11022
11023
11024
11025
11026
11027
11028
11029
11030
11031
11032
11033
11034
11035
11036
11037
11038
11039
11040
11041
11042
11043
11044
11045
11046
11047
11048
11049
11050
11051
11052
11053
11054
11055
11056
11057
11058
11059
11060
11061
11062
11063
11064
11065
11066
11067
11068
11069
11070
11071
11072
11073
11074
11075
11076
11077
11078
11079
11080
11081
11082
11083
11084
11085
11086
11087
11088
11089
11090
11091
11092
11093
11094
11095
11096
11097
11098
11099
11100
11101
11102
11103
11104
11105
11106
11107
11108
11109
11110
11111
11112
11113
11114
11115
11116
11117
11118
11119
11120
11121
11122
11123
11124
11125
11126
11127
11128
11129
11130
11131
11132
11133
11134
11135
11136
11137
11138
11139
11140
11141
11142
11143
11144
11145
11146
11147
11148
11149
11150
11151
11152
11153
11154
11155
11156
11157
11158
11159
11160
11161
11162
11163
11164
11165
11166
11167
11168
11169
11170
11171
11172
11173
11174
11175
11176
11177
11178
11179
11180
11181
11182
11183
11184
11185
11186
11187
11188
11189
11190
11191
11192
11193
11194
11195
11196
11197
11198
11199
11200
11201
11202
11203
11204
11205
11206
11207
11208
11209
11210
11211
11212
11213
11214
11215
11216
11217
11218
11219
11220
11221
11222
11223
11224
11225
11226
11227
11228
11229
11230
11231
11232
11233
11234
11235
11236
11237
11238
11239
11240
11241
11242
11243
11244
11245
11246
11247
11248
11249
11250
11251
11252
11253
11254
11255
11256
11257
11258
11259
11260
11261
11262
11263
11264
11265
11266
11267
11268
11269
11270
11271
11272
11273
11274
11275
11276
11277
11278
11279
11280
11281
11282
11283
11284
11285
11286
11287
11288
11289
11290
11291
11292
11293
11294
11295
11296
11297
11298
11299
11300
11301
11302
11303
11304
11305
11306
11307
11308
11309
11310
11311
11312
11313
11314
11315
11316
11317
11318
11319
11320
11321
11322
11323
11324
11325
11326
11327
11328
11329
11330
11331
11332
11333
11334
11335
11336
11337
11338
11339
11340
11341
11342
11343
11344
11345
11346
11347
11348
11349
11350
11351
11352
11353
11354
11355
11356
11357
11358
11359
11360
11361
11362
11363
11364
11365
11366
11367
11368
11369
11370
11371
11372
11373
11374
11375
11376
11377
11378
11379
11380
11381
11382
11383
11384
11385
11386
11387
11388
11389
11390
11391
11392
11393
11394
11395
11396
11397
11398
11399
11400
11401
11402
11403
11404
11405
11406
11407
11408
11409
11410
11411
11412
11413
11414
11415
11416
11417
11418
11419
11420
11421
11422
11423
11424
11425
11426
11427
11428
11429
11430
11431
11432
11433
11434
11435
11436
11437
11438
11439
11440
11441
11442
11443
11444
11445
11446
11447
11448
11449
11450
11451
11452
11453
11454
11455
11456
11457
11458
11459
11460
11461
11462
11463
11464
11465
11466
11467
11468
11469
11470
11471
11472
11473
11474
11475
11476
11477
11478
11479
11480
11481
11482
11483
11484
11485
11486
11487
11488
11489
11490
11491
11492
11493
11494
11495
11496
11497
11498
11499
11500
11501
11502
11503
11504
11505
11506
11507
11508
11509
11510
11511
11512
11513
11514
11515
11516
11517
11518
11519
11520
11521
11522
11523
11524
11525
11526
11527
11528
11529
11530
11531
11532
11533
11534
11535
11536
11537
11538
11539
11540
11541
11542
11543
11544
11545
11546
11547
11548
11549
11550
11551
11552
11553
11554
11555
11556
11557
11558
11559
11560
11561
11562
11563
11564
11565
11566
11567
11568
11569
11570
11571
11572
11573
11574
11575
11576
11577
11578
11579
11580
11581
11582
11583
11584
11585
11586
11587
11588
11589
11590
11591
11592
11593
11594
11595
11596
11597
11598
11599
11600
11601
11602
11603
11604
11605
11606
11607
11608
11609
11610
11611
11612
11613
11614
11615
11616
11617
11618
11619
11620
11621
11622
11623
11624
11625
11626
11627
11628
11629
11630
11631
11632
11633
11634
11635
11636
11637
11638
11639
11640
11641
11642
11643
11644
11645
11646
11647
11648
11649
11650
11651
11652
11653
11654
11655
11656
11657
11658
11659
11660
11661
11662
11663
11664
11665
11666
11667
11668
11669
11670
11671
11672
11673
11674
11675
11676
11677
11678
11679
11680
11681
11682
11683
11684
11685
11686
11687
11688
11689
11690
11691
11692
11693
11694
11695
11696
11697
11698
11699
11700
11701
11702
11703
11704
11705
11706
11707
11708
11709
11710
11711
11712
11713
11714
11715
11716
11717
11718
11719
11720
11721
11722
11723
11724
11725
11726
11727
11728
11729
11730
11731
11732
11733
11734
11735
11736
11737
11738
11739
11740
11741
11742
11743
11744
11745
11746
11747
11748
11749
11750
11751
11752
11753
11754
11755
11756
11757
11758
11759
11760
11761
11762
11763
11764
11765
11766
11767
11768
11769
11770
11771
11772
11773
11774
11775
11776
11777
11778
11779
11780
11781
11782
11783
11784
11785
11786
11787
11788
11789
11790
11791
11792
11793
11794
11795
11796
11797
11798
11799
11800
11801
11802
11803
11804
11805
11806
11807
11808
11809
11810
11811
11812
11813
11814
11815
11816
11817
11818
11819
11820
11821
11822
11823
11824
11825
11826
11827
11828
11829
11830
11831
11832
11833
11834
11835
11836
11837
11838
11839
11840
11841
11842
11843
11844
11845
11846
11847
11848
11849
11850
11851
11852
11853
11854
11855
11856
11857
11858
11859
11860
11861
11862
11863
11864
11865
11866
11867
11868
11869
11870
11871
11872
11873
11874
11875
11876
11877
11878
11879
11880
11881
11882
11883
11884
11885
11886
11887
11888
11889
11890
11891
11892
11893
11894
11895
11896
11897
11898
11899
11900
11901
11902
11903
11904
11905
11906
11907
11908
11909
11910
11911
11912
11913
11914
11915
11916
11917
11918
11919
11920
11921
11922
11923
11924
11925
11926
11927
11928
11929
11930
11931
11932
11933
11934
11935
11936
11937
11938
11939
11940
11941
11942
11943
11944
11945
11946
11947
11948
11949
11950
11951
11952
11953
11954
11955
11956
11957
11958
11959
11960
11961
11962
11963
11964
11965
11966
11967
11968
11969
11970
11971
11972
11973
11974
11975
11976
11977
11978
11979
11980
11981
11982
11983
11984
11985
11986
11987
11988
11989
11990
11991
11992
11993
11994
11995
11996
11997
11998
11999
12000
12001
12002
12003
12004
12005
12006
12007
12008
12009
12010
12011
12012
12013
12014
12015
12016
12017
12018
12019
12020
12021
12022
12023
12024
12025
12026
12027
12028
12029
12030
12031
12032
12033
12034
12035
12036
12037
12038
12039
12040
12041
12042
12043
12044
12045
12046
12047
12048
12049
12050
12051
12052
12053
12054
12055
12056
12057
12058
12059
12060
12061
12062
12063
12064
12065
12066
12067
12068
12069
12070
12071
12072
12073
12074
12075
12076
12077
12078
12079
12080
12081
12082
12083
12084
12085
12086
12087
12088
12089
12090
12091
12092
12093
12094
12095
12096
12097
12098
12099
12100
12101
12102
12103
12104
12105
12106
12107
12108
12109
12110
12111
12112
12113
12114
12115
12116
12117
12118
12119
12120
12121
12122
12123
12124
12125
12126
12127
12128
12129
12130
12131
12132
12133
12134
12135
12136
12137
12138
12139
12140
12141
12142
12143
12144
12145
12146
12147
12148
12149
12150
12151
12152
12153
12154
12155
12156
12157
12158
12159
12160
12161
12162
12163
12164
12165
12166
12167
12168
12169
12170
12171
12172
12173
12174
12175
12176
12177
12178
12179
12180
12181
12182
12183
12184
12185
12186
12187
12188
12189
12190
12191
12192
12193
12194
12195
12196
12197
12198
12199
12200
12201
12202
12203
12204
12205
12206
12207
12208
12209
12210
12211
12212
12213
12214
12215
12216
12217
12218
12219
12220
12221
12222
12223
12224
12225
12226
12227
12228
12229
12230
12231
12232
12233
12234
12235
12236
12237
12238
12239
12240
12241
12242
12243
12244
12245
12246
12247
12248
12249
12250
12251
12252
12253
12254
12255
12256
12257
12258
12259
12260
12261
12262
12263
12264
12265
12266
12267
12268
12269
12270
12271
12272
12273
12274
12275
12276
12277
12278
12279
12280
12281
12282
12283
12284
12285
12286
12287
12288
12289
12290
12291
12292
12293
12294
12295
12296
12297
12298
12299
12300
12301
12302
12303
12304
12305
12306
12307
12308
12309
12310
12311
12312
12313
12314
12315
12316
12317
12318
12319
12320
12321
12322
12323
12324
12325
12326
12327
12328
12329
12330
12331
12332
12333
12334
12335
12336
12337
12338
12339
12340
12341
12342
12343
12344
12345
12346
12347
12348
12349
12350
12351
12352
12353
12354
12355
12356
12357
12358
12359
12360
12361
12362
12363
12364
12365
12366
12367
12368
12369
12370
12371
12372
12373
12374
12375
12376
12377
12378
12379
12380
12381
12382
12383
12384
12385
12386
12387
12388
12389
12390
12391
12392
12393
12394
12395
12396
12397
12398
12399
12400
12401
12402
12403
12404
12405
12406
12407
12408
12409
12410
12411
12412
12413
12414
12415
12416
12417
12418
12419
12420
12421
12422
12423
12424
12425
12426
12427
12428
12429
12430
12431
12432
12433
12434
12435
12436
12437
12438
12439
12440
12441
12442
12443
12444
12445
12446
12447
12448
12449
12450
12451
12452
12453
12454
12455
12456
12457
12458
12459
12460
12461
12462
12463
12464
12465
12466
12467
12468
12469
12470
12471
12472
12473
12474
12475
12476
12477
12478
12479
12480
12481
12482
12483
12484
12485
12486
12487
12488
12489
12490
12491
12492
12493
12494
12495
12496
12497
12498
12499
12500
12501
12502
12503
12504
12505
12506
12507
12508
12509
12510
12511
12512
12513
12514
12515
12516
12517
12518
12519
12520
12521
12522
12523
12524
12525
12526
12527
12528
12529
12530
12531
12532
12533
12534
12535
12536
12537
12538
12539
12540
12541
12542
12543
12544
12545
12546
12547
12548
12549
12550
12551
12552
12553
12554
12555
12556
12557
12558
12559
12560
12561
12562
12563
12564
12565
12566
12567
12568
12569
12570
12571
12572
12573
12574
12575
12576
12577
12578
12579
12580
12581
12582
12583
12584
12585
12586
12587
12588
12589
12590
12591
12592
12593
12594
12595
12596
12597
12598
12599
12600
12601
12602
12603
12604
12605
12606
12607
12608
12609
12610
12611
12612
12613
12614
12615
12616
12617
12618
12619
12620
12621
12622
12623
12624
12625
12626
12627
12628
12629
12630
12631
12632
12633
12634
12635
12636
12637
12638
12639
12640
12641
12642
12643
12644
12645
12646
12647
12648
12649
12650
12651
12652
12653
12654
12655
12656
12657
12658
12659
12660
12661
12662
12663
12664
12665
12666
12667
12668
12669
12670
12671
12672
12673
12674
12675
12676
12677
12678
12679
12680
12681
12682
12683
12684
12685
12686
12687
12688
12689
12690
12691
12692
12693
12694
12695
12696
12697
12698
12699
12700
12701
12702
12703
12704
12705
12706
12707
12708
12709
12710
12711
12712
12713
12714
12715
12716
12717
12718
12719
12720
12721
12722
12723
12724
12725
12726
12727
12728
12729
12730
12731
12732
12733
12734
12735
12736
12737
12738
12739
12740
12741
12742
12743
12744
12745
12746
12747
12748
12749
12750
12751
12752
12753
12754
12755
12756
12757
12758
12759
12760
12761
12762
12763
12764
12765
12766
12767
12768
12769
12770
12771
12772
12773
12774
12775
12776
12777
12778
12779
12780
12781
12782
12783
12784
12785
12786
12787
12788
12789
12790
12791
12792
12793
12794
12795
12796
12797
12798
12799
12800
12801
12802
12803
12804
12805
12806
12807
12808
12809
12810
12811
12812
12813
12814
12815
12816
12817
12818
12819
12820
12821
12822
12823
12824
12825
12826
12827
12828
12829
12830
12831
12832
12833
12834
12835
12836
12837
12838
12839
12840
12841
12842
12843
12844
12845
12846
12847
12848
12849
12850
12851
12852
12853
12854
12855
12856
12857
12858
12859
12860
12861
12862
12863
12864
12865
12866
12867
12868
12869
12870
12871
12872
12873
12874
12875
12876
12877
12878
12879
12880
12881
12882
12883
12884
12885
12886
12887
12888
12889
12890
12891
12892
12893
12894
12895
12896
12897
12898
12899
12900
12901
12902
12903
12904
12905
12906
12907
12908
12909
12910
12911
12912
12913
12914
12915
12916
12917
12918
12919
12920
12921
12922
12923
12924
12925
12926
12927
12928
12929
12930
12931
12932
12933
12934
12935
12936
12937
12938
12939
12940
12941
12942
12943
12944
12945
12946
12947
12948
12949
12950
12951
12952
12953
12954
12955
12956
12957
12958
12959
12960
12961
12962
12963
12964
12965
12966
12967
12968
12969
12970
12971
12972
12973
12974
12975
12976
12977
12978
12979
12980
12981
12982
12983
12984
12985
12986
12987
12988
12989
12990
12991
12992
12993
12994
12995
12996
12997
12998
12999
13000
13001
13002
13003
13004
13005
13006
13007
13008
13009
13010
13011
13012
13013
13014
13015
13016
13017
13018
13019
13020
13021
13022
13023
13024
13025
13026
13027
13028
13029
13030
13031
13032
13033
13034
13035
13036
13037
13038
13039
13040
13041
13042
13043
13044
13045
13046
13047
13048
13049
13050
13051
13052
13053
13054
13055
13056
13057
13058
13059
13060
13061
13062
13063
13064
13065
13066
13067
13068
13069
13070
13071
13072
13073
13074
13075
13076
13077
13078
13079
13080
13081
13082
13083
13084
13085
13086
13087
13088
13089
13090
13091
13092
13093
13094
13095
13096
13097
13098
13099
13100
13101
13102
13103
13104
13105
13106
13107
13108
13109
13110
13111
13112
13113
13114
13115
13116
13117
13118
13119
13120
13121
13122
13123
13124
13125
13126
13127
13128
13129
13130
13131
13132
13133
13134
13135
13136
13137
13138
13139
13140
13141
13142
13143
13144
13145
13146
13147
13148
13149
13150
13151
13152
13153
13154
13155
13156
13157
13158
13159
13160
13161
13162
13163
13164
13165
13166
13167
13168
13169
13170
13171
13172
13173
13174
13175
13176
13177
13178
13179
13180
13181
13182
13183
13184
13185
13186
13187
13188
13189
13190
13191
13192
13193
13194
13195
13196
13197
13198
13199
13200
13201
13202
13203
13204
13205
13206
13207
13208
13209
13210
13211
13212
13213
13214
13215
13216
13217
13218
13219
13220
13221
13222
13223
13224
13225
13226
13227
13228
13229
13230
13231
13232
13233
13234
13235
13236
13237
13238
13239
13240
13241
13242
13243
13244
13245
13246
13247
13248
13249
13250
13251
13252
13253
13254
13255
13256
13257
13258
13259
13260
13261
13262
13263
13264
13265
13266
13267
13268
13269
13270
13271
13272
13273
13274
13275
13276
13277
13278
13279
13280
13281
13282
13283
13284
13285
13286
13287
13288
13289
13290
13291
13292
13293
13294
13295
13296
13297
13298
13299
13300
13301
13302
13303
13304
13305
13306
13307
13308
13309
13310
13311
13312
13313
13314
13315
13316
13317
13318
13319
13320
13321
13322
13323
13324
13325
13326
13327
13328
13329
13330
13331
13332
13333
13334
13335
13336
13337
13338
13339
13340
13341
13342
13343
13344
13345
13346
13347
13348
13349
13350
13351
13352
13353
13354
13355
13356
13357
13358
13359
13360
13361
13362
13363
13364
13365
13366
13367
13368
13369
13370
13371
13372
13373
13374
13375
13376
13377
13378
13379
13380
13381
13382
13383
13384
13385
13386
13387
13388
13389
13390
13391
13392
13393
13394
13395
13396
13397
13398
13399
13400
13401
13402
13403
13404
13405
13406
13407
13408
13409
13410
13411
13412
13413
13414
13415
13416
13417
13418
13419
13420
13421
13422
13423
13424
13425
13426
13427
13428
13429
13430
13431
13432
13433
13434
13435
13436
13437
13438
13439
13440
13441
13442
13443
13444
13445
13446
13447
13448
13449
13450
13451
13452
13453
13454
13455
13456
13457
13458
13459
13460
13461
13462
13463
13464
13465
13466
13467
13468
13469
13470
13471
13472
13473
13474
13475
13476
13477
13478
13479
13480
13481
13482
13483
13484
13485
13486
13487
13488
13489
13490
13491
13492
13493
13494
13495
13496
13497
13498
13499
13500
13501
13502
13503
13504
13505
13506
13507
13508
13509
13510
13511
13512
13513
13514
13515
13516
13517
13518
13519
13520
13521
13522
13523
13524
13525
13526
13527
13528
13529
13530
13531
13532
13533
13534
13535
13536
13537
13538
13539
13540
13541
13542
13543
13544
13545
13546
13547
13548
13549
13550
13551
13552
13553
13554
13555
13556
13557
13558
13559
13560
13561
13562
13563
13564
13565
13566
13567
13568
13569
13570
13571
13572
13573
13574
13575
13576
13577
13578
13579
13580
13581
13582
13583
13584
13585
13586
13587
13588
13589
13590
13591
13592
13593
13594
13595
13596
13597
13598
13599
13600
13601
13602
13603
13604
13605
13606
13607
13608
13609
13610
13611
13612
13613
13614
13615
13616
13617
13618
13619
13620
13621
13622
13623
13624
13625
13626
13627
13628
13629
13630
13631
13632
13633
13634
13635
13636
13637
13638
13639
13640
13641
13642
13643
13644
13645
13646
13647
13648
13649
13650
13651
13652
13653
13654
13655
13656
13657
13658
13659
13660
13661
13662
13663
13664
13665
13666
13667
13668
13669
13670
13671
13672
13673
13674
13675
13676
13677
13678
13679
13680
13681
13682
13683
13684
13685
13686
13687
13688
13689
13690
13691
13692
13693
13694
13695
13696
13697
13698
13699
13700
13701
13702
13703
13704
13705
13706
13707
13708
13709
13710
13711
13712
13713
13714
13715
13716
13717
13718
13719
13720
13721
13722
13723
13724
13725
13726
13727
13728
13729
13730
13731
13732
13733
13734
13735
13736
13737
13738
13739
13740
13741
13742
13743
13744
13745
13746
13747
13748
13749
13750
13751
13752
13753
13754
13755
13756
13757
13758
13759
13760
13761
13762
13763
13764
13765
13766
13767
13768
13769
13770
13771
13772
13773
13774
13775
13776
13777
13778
13779
13780
13781
13782
13783
13784
13785
13786
13787
13788
13789
13790
13791
13792
13793
13794
13795
13796
13797
13798
13799
13800
13801
13802
13803
13804
13805
13806
13807
13808
13809
13810
13811
13812
13813
13814
13815
13816
13817
13818
13819
13820
13821
13822
13823
13824
13825
13826
13827
13828
13829
13830
13831
13832
13833
13834
13835
13836
13837
13838
13839
13840
13841
13842
13843
13844
13845
13846
13847
13848
13849
13850
13851
13852
13853
13854
13855
13856
13857
13858
13859
13860
13861
13862
13863
13864
13865
13866
13867
13868
13869
13870
13871
13872
13873
13874
13875
13876
13877
13878
13879
13880
13881
13882
13883
13884
13885
13886
13887
13888
13889
13890
13891
13892
13893
13894
13895
13896
13897
13898
13899
13900
13901
13902
13903
13904
13905
13906
13907
13908
13909
13910
13911
13912
13913
13914
13915
13916
13917
13918
13919
13920
13921
13922
13923
13924
13925
13926
13927
13928
13929
13930
13931
13932
13933
13934
13935
13936
13937
13938
13939
13940
13941
13942
13943
13944
13945
13946
13947
13948
13949
13950
13951
13952
13953
13954
13955
13956
13957
13958
13959
13960
13961
13962
13963
13964
13965
13966
13967
13968
13969
13970
13971
13972
13973
13974
13975
13976
13977
13978
13979
13980
13981
13982
13983
13984
13985
13986
13987
13988
13989
13990
13991
13992
13993
13994
13995
13996
13997
13998
13999
14000
14001
14002
14003
14004
14005
14006
14007
14008
14009
14010
14011
14012
14013
14014
14015
14016
14017
14018
14019
14020
14021
14022
14023
14024
14025
14026
14027
14028
14029
14030
14031
14032
14033
14034
14035
14036
14037
14038
14039
14040
14041
14042
14043
14044
14045
14046
14047
14048
14049
14050
14051
14052
14053
14054
14055
14056
14057
14058
14059
14060
14061
14062
14063
14064
14065
14066
14067
14068
14069
14070
14071
14072
14073
14074
14075
14076
14077
14078
14079
14080
14081
14082
14083
14084
14085
14086
14087
14088
14089
14090
14091
14092
14093
14094
14095
14096
14097
14098
14099
14100
14101
14102
14103
14104
14105
14106
14107
14108
14109
14110
14111
14112
14113
14114
14115
14116
14117
14118
14119
14120
14121
14122
14123
14124
14125
14126
14127
14128
14129
14130
14131
14132
14133
14134
14135
14136
14137
14138
14139
14140
14141
14142
14143
14144
14145
14146
14147
14148
14149
14150
14151
14152
14153
14154
14155
14156
14157
14158
14159
14160
14161
14162
14163
14164
14165
14166
14167
14168
14169
14170
14171
14172
14173
14174
14175
14176
14177
14178
14179
14180
14181
14182
14183
14184
14185
14186
14187
14188
14189
14190
14191
14192
14193
14194
14195
14196
14197
14198
14199
14200
14201
14202
14203
14204
14205
14206
14207
14208
14209
14210
14211
14212
14213
14214
14215
14216
14217
14218
14219
14220
14221
14222
14223
14224
14225
14226
14227
14228
14229
14230
14231
14232
14233
14234
14235
14236
14237
14238
14239
14240
14241
14242
14243
14244
14245
14246
14247
14248
14249
14250
14251
14252
14253
14254
14255
14256
14257
14258
14259
14260
14261
14262
14263
14264
14265
14266
14267
14268
14269
14270
14271
14272
14273
14274
14275
14276
14277
14278
14279
14280
14281
14282
14283
14284
14285
14286
14287
14288
14289
14290
14291
14292
14293
14294
14295
14296
14297
14298
14299
14300
14301
14302
14303
14304
14305
14306
14307
14308
14309
14310
14311
14312
14313
14314
14315
14316
14317
14318
14319
14320
14321
14322
14323
14324
14325
14326
14327
14328
14329
14330
14331
14332
14333
14334
14335
14336
14337
14338
14339
14340
14341
14342
14343
14344
14345
14346
14347
14348
14349
14350
14351
14352
14353
14354
14355
14356
14357
14358
14359
14360
14361
14362
14363
14364
14365
14366
14367
14368
14369
14370
14371
14372
14373
14374
14375
14376
14377
14378
14379
14380
14381
14382
14383
14384
14385
14386
14387
14388
14389
14390
14391
14392
14393
14394
14395
14396
14397
14398
14399
14400
14401
14402
14403
14404
14405
14406
14407
14408
14409
14410
14411
14412
14413
14414
14415
14416
14417
14418
14419
14420
14421
14422
14423
14424
14425
14426
14427
14428
14429
14430
14431
14432
14433
14434
14435
14436
14437
14438
14439
14440
14441
14442
14443
14444
14445
14446
14447
14448
14449
14450
14451
14452
14453
14454
14455
14456
14457
14458
14459
14460
14461
14462
14463
14464
14465
14466
14467
14468
14469
14470
14471
14472
14473
14474
14475
14476
14477
14478
14479
14480
14481
14482
14483
14484
14485
14486
14487
14488
14489
14490
14491
14492
14493
14494
14495
14496
14497
14498
14499
14500
14501
14502
14503
14504
14505
14506
14507
14508
14509
14510
14511
14512
14513
14514
14515
14516
14517
14518
14519
14520
14521
14522
14523
14524
14525
14526
14527
14528
14529
14530
14531
14532
14533
14534
14535
14536
14537
14538
14539
14540
14541
14542
14543
14544
14545
14546
14547
14548
14549
14550
14551
14552
14553
14554
14555
14556
14557
14558
14559
14560
14561
14562
14563
14564
14565
14566
14567
14568
14569
14570
14571
14572
14573
14574
14575
14576
14577
14578
14579
14580
14581
14582
14583
14584
14585
14586
14587
14588
14589
14590
14591
14592
14593
14594
14595
14596
14597
14598
14599
14600
14601
14602
14603
14604
14605
14606
14607
14608
14609
14610
14611
14612
14613
14614
14615
14616
14617
14618
14619
14620
14621
14622
14623
14624
14625
14626
14627
14628
14629
14630
14631
14632
14633
14634
14635
14636
14637
14638
14639
14640
14641
14642
14643
14644
14645
14646
14647
14648
14649
14650
14651
14652
14653
14654
14655
14656
14657
14658
14659
14660
14661
14662
14663
14664
14665
14666
14667
14668
14669
14670
14671
14672
14673
14674
14675
14676
14677
14678
14679
14680
14681
14682
14683
14684
14685
14686
14687
14688
14689
14690
14691
14692
14693
14694
14695
14696
14697
14698
14699
14700
14701
14702
14703
14704
14705
14706
14707
14708
14709
14710
14711
14712
14713
14714
14715
14716
14717
14718
14719
14720
14721
14722
14723
14724
14725
14726
14727
14728
14729
14730
14731
14732
14733
14734
14735
14736
14737
14738
14739
14740
14741
14742
14743
14744
14745
14746
14747
14748
14749
14750
14751
14752
14753
14754
14755
14756
14757
14758
14759
14760
14761
14762
14763
14764
14765
14766
14767
14768
14769
14770
14771
14772
14773
14774
14775
14776
14777
14778
14779
14780
14781
14782
14783
14784
14785
14786
14787
14788
14789
14790
14791
14792
14793
14794
14795
14796
14797
14798
14799
14800
14801
14802
14803
14804
14805
14806
14807
14808
14809
14810
14811
14812
14813
14814
14815
14816
14817
14818
14819
14820
14821
14822
14823
14824
14825
14826
14827
14828
14829
14830
14831
14832
14833
14834
14835
14836
14837
14838
14839
14840
14841
14842
14843
14844
14845
14846
14847
14848
14849
14850
14851
14852
14853
14854
14855
14856
14857
14858
14859
14860
14861
14862
14863
14864
14865
14866
14867
14868
14869
14870
14871
14872
14873
14874
14875
14876
14877
14878
14879
14880
14881
14882
14883
14884
14885
14886
14887
14888
14889
14890
14891
14892
14893
14894
14895
14896
14897
14898
14899
14900
14901
14902
14903
14904
14905
14906
14907
14908
14909
14910
14911
14912
14913
14914
14915
14916
14917
14918
14919
14920
14921
14922
14923
14924
14925
14926
14927
14928
14929
14930
14931
14932
14933
14934
14935
14936
14937
14938
14939
14940
14941
14942
14943
14944
14945
14946
14947
14948
14949
14950
14951
14952
14953
14954
14955
14956
14957
14958
14959
14960
14961
14962
14963
14964
14965
14966
14967
14968
14969
14970
14971
14972
14973
14974
14975
14976
14977
14978
14979
14980
14981
14982
14983
14984
14985
14986
14987
14988
14989
14990
14991
14992
14993
14994
14995
14996
14997
14998
14999
15000
15001
15002
15003
15004
15005
15006
15007
15008
15009
15010
15011
15012
15013
15014
15015
15016
15017
15018
15019
15020
15021
15022
15023
15024
15025
15026
15027
15028
15029
15030
15031
15032
15033
15034
15035
15036
15037
15038
15039
15040
15041
15042
15043
15044
15045
15046
15047
15048
15049
15050
15051
15052
15053
15054
15055
15056
15057
15058
15059
15060
15061
15062
15063
15064
15065
15066
15067
15068
15069
15070
15071
15072
15073
15074
15075
15076
15077
15078
15079
15080
15081
15082
15083
15084
15085
15086
15087
15088
15089
15090
15091
15092
15093
15094
15095
15096
15097
15098
15099
15100
15101
15102
15103
15104
15105
15106
15107
15108
15109
15110
15111
15112
15113
15114
15115
15116
15117
15118
15119
15120
15121
15122
15123
15124
15125
15126
15127
15128
15129
15130
15131
15132
15133
15134
15135
15136
15137
15138
15139
15140
15141
15142
15143
15144
15145
15146
15147
15148
15149
15150
15151
15152
15153
15154
15155
15156
15157
15158
15159
15160
15161
15162
15163
15164
15165
15166
15167
15168
15169
15170
15171
15172
15173
15174
15175
15176
15177
15178
15179
15180
15181
15182
15183
15184
15185
15186
15187
15188
15189
15190
15191
15192
15193
15194
15195
15196
15197
15198
15199
15200
15201
15202
15203
15204
15205
15206
15207
15208
15209
15210
15211
15212
15213
15214
15215
15216
15217
15218
15219
15220
15221
15222
15223
15224
15225
15226
15227
15228
15229
15230
15231
15232
15233
15234
15235
15236
15237
15238
15239
15240
15241
15242
15243
15244
15245
15246
15247
15248
15249
15250
15251
15252
15253
15254
15255
15256
15257
15258
15259
15260
15261
15262
15263
15264
15265
15266
15267
15268
15269
15270
15271
15272
15273
15274
15275
15276
15277
15278
15279
15280
15281
15282
15283
15284
15285
15286
15287
15288
15289
15290
15291
15292
15293
15294
15295
15296
15297
15298
15299
15300
15301
15302
15303
15304
15305
15306
15307
15308
15309
15310
15311
15312
15313
15314
15315
15316
15317
15318
15319
15320
15321
15322
15323
15324
15325
15326
15327
15328
15329
15330
15331
15332
15333
15334
15335
15336
15337
15338
15339
15340
15341
15342
15343
15344
15345
15346
15347
15348
15349
15350
15351
15352
15353
15354
15355
15356
15357
15358
15359
15360
15361
15362
15363
15364
15365
15366
15367
15368
15369
15370
15371
15372
15373
15374
15375
15376
15377
15378
15379
15380
15381
15382
15383
15384
15385
15386
15387
15388
15389
15390
15391
15392
15393
15394
15395
15396
15397
15398
15399
15400
15401
15402
15403
15404
15405
15406
15407
15408
15409
15410
15411
15412
15413
15414
15415
15416
15417
15418
15419
15420
15421
15422
15423
15424
15425
15426
15427
15428
15429
15430
15431
15432
15433
15434
15435
15436
15437
15438
15439
15440
15441
15442
15443
15444
15445
15446
15447
15448
15449
15450
15451
15452
15453
15454
15455
15456
15457
15458
15459
15460
15461
15462
15463
15464
15465
15466
15467
15468
15469
15470
15471
15472
15473
15474
15475
15476
15477
15478
15479
15480
15481
15482
15483
15484
15485
15486
15487
15488
15489
15490
15491
15492
15493
15494
15495
15496
15497
15498
15499
15500
15501
15502
15503
15504
15505
15506
15507
15508
15509
15510
15511
15512
15513
15514
15515
15516
15517
15518
15519
15520
15521
15522
15523
15524
15525
15526
15527
15528
15529
15530
15531
15532
15533
15534
15535
15536
15537
15538
15539
15540
15541
15542
15543
15544
15545
15546
15547
15548
15549
15550
15551
15552
15553
15554
15555
15556
15557
15558
15559
15560
15561
15562
15563
15564
15565
15566
15567
15568
15569
15570
15571
15572
15573
15574
15575
15576
15577
15578
15579
15580
15581
15582
15583
15584
15585
15586
15587
15588
15589
15590
15591
15592
15593
15594
15595
15596
15597
15598
15599
15600
15601
15602
15603
15604
15605
15606
15607
15608
15609
15610
15611
15612
15613
15614
15615
15616
15617
15618
15619
15620
15621
15622
15623
15624
15625
15626
15627
15628
15629
15630
15631
15632
15633
15634
15635
15636
15637
15638
15639
15640
15641
15642
15643
15644
15645
15646
15647
15648
15649
15650
15651
15652
15653
15654
15655
15656
15657
15658
15659
15660
15661
15662
15663
15664
15665
15666
15667
15668
15669
15670
15671
15672
15673
15674
15675
15676
15677
15678
15679
15680
15681
15682
15683
15684
15685
15686
15687
15688
15689
15690
15691
15692
15693
15694
15695
15696
15697
15698
15699
15700
15701
15702
15703
15704
15705
15706
15707
15708
15709
15710
15711
15712
15713
15714
15715
15716
15717
15718
15719
15720
15721
15722
15723
15724
15725
15726
15727
15728
15729
15730
15731
15732
15733
15734
15735
15736
15737
15738
15739
15740
15741
15742
15743
15744
15745
15746
15747
15748
15749
15750
15751
15752
15753
15754
15755
15756
15757
15758
15759
15760
15761
15762
15763
15764
15765
15766
15767
15768
15769
15770
15771
15772
15773
15774
15775
15776
15777
15778
15779
15780
15781
15782
15783
15784
15785
15786
15787
15788
15789
15790
15791
15792
15793
15794
15795
15796
15797
15798
15799
15800
15801
15802
15803
15804
15805
15806
15807
15808
15809
15810
15811
15812
15813
15814
15815
15816
15817
15818
15819
15820
15821
15822
15823
15824
15825
15826
15827
15828
15829
15830
15831
15832
15833
15834
15835
15836
15837
15838
15839
15840
15841
15842
15843
15844
15845
15846
15847
15848
15849
15850
15851
15852
15853
15854
15855
15856
15857
15858
15859
15860
15861
15862
15863
15864
15865
15866
15867
15868
15869
15870
15871
15872
15873
15874
15875
15876
15877
15878
15879
15880
15881
15882
15883
15884
15885
15886
15887
15888
15889
15890
15891
15892
15893
15894
15895
15896
15897
15898
15899
15900
15901
15902
15903
15904
15905
15906
15907
15908
15909
15910
15911
15912
15913
15914
15915
15916
15917
15918
15919
15920
15921
15922
15923
15924
15925
15926
15927
15928
15929
15930
15931
15932
15933
15934
15935
15936
15937
15938
15939
15940
15941
15942
15943
15944
15945
15946
15947
15948
15949
15950
15951
15952
15953
15954
15955
15956
15957
15958
15959
15960
15961
15962
15963
15964
15965
15966
15967
15968
15969
15970
15971
15972
15973
15974
15975
15976
15977
15978
15979
15980
15981
15982
15983
15984
15985
15986
15987
15988
15989
15990
15991
15992
15993
15994
15995
15996
15997
15998
15999
16000
16001
16002
16003
16004
16005
16006
16007
16008
16009
16010
16011
16012
16013
16014
16015
16016
16017
16018
16019
16020
16021
16022
16023
16024
16025
16026
16027
16028
16029
16030
16031
16032
16033
16034
16035
16036
16037
16038
16039
16040
16041
16042
16043
16044
16045
16046
16047
16048
16049
16050
16051
16052
16053
16054
16055
16056
16057
16058
16059
16060
16061
16062
16063
16064
16065
16066
16067
16068
16069
16070
16071
16072
16073
16074
16075
16076
16077
16078
16079
16080
16081
16082
16083
16084
16085
16086
16087
16088
16089
16090
16091
16092
16093
16094
16095
16096
16097
16098
16099
16100
16101
16102
16103
16104
16105
16106
16107
16108
16109
16110
16111
16112
16113
16114
16115
16116
16117
16118
16119
16120
16121
16122
16123
16124
16125
16126
16127
16128
16129
16130
16131
16132
16133
16134
16135
16136
16137
16138
16139
16140
16141
16142
16143
16144
16145
16146
16147
16148
16149
16150
16151
16152
16153
16154
16155
16156
16157
16158
16159
16160
16161
16162
16163
16164
16165
16166
16167
16168
16169
16170
16171
16172
16173
16174
16175
16176
16177
16178
16179
16180
16181
16182
16183
16184
16185
16186
16187
16188
16189
16190
16191
16192
16193
16194
16195
16196
16197
16198
16199
16200
16201
16202
16203
16204
16205
16206
16207
16208
16209
16210
16211
16212
16213
16214
16215
16216
16217
16218
16219
16220
16221
16222
16223
16224
16225
16226
16227
16228
16229
16230
16231
16232
16233
16234
16235
16236
16237
16238
16239
16240
16241
16242
16243
16244
16245
16246
16247
16248
16249
16250
16251
16252
16253
16254
16255
16256
16257
16258
16259
16260
16261
16262
16263
16264
16265
16266
16267
16268
16269
16270
16271
16272
16273
16274
16275
16276
16277
16278
16279
16280
16281
16282
16283
16284
16285
16286
16287
16288
16289
16290
16291
16292
16293
16294
16295
16296
16297
16298
16299
16300
16301
16302
16303
16304
16305
16306
16307
16308
16309
16310
16311
16312
16313
16314
16315
16316
16317
16318
16319
16320
16321
16322
16323
16324
16325
16326
16327
16328
16329
16330
16331
16332
16333
16334
16335
16336
16337
16338
16339
16340
16341
16342
16343
16344
16345
16346
16347
16348
16349
16350
16351
16352
16353
16354
16355
16356
16357
16358
16359
16360
16361
16362
16363
16364
16365
16366
16367
16368
16369
16370
16371
16372
16373
16374
16375
16376
16377
16378
16379
16380
16381
16382
16383
16384
16385
16386
16387
16388
16389
16390
16391
16392
16393
16394
16395
16396
16397
16398
16399
16400
16401
16402
16403
16404
16405
16406
16407
16408
16409
16410
16411
16412
16413
16414
16415
16416
16417
16418
16419
16420
16421
16422
16423
16424
16425
16426
16427
16428
16429
16430
16431
16432
16433
16434
16435
16436
16437
16438
16439
16440
16441
16442
16443
16444
16445
16446
16447
16448
16449
16450
16451
16452
16453
16454
16455
16456
16457
16458
16459
16460
16461
16462
16463
16464
16465
16466
16467
16468
16469
16470
16471
16472
16473
16474
16475
16476
16477
16478
16479
16480
16481
16482
16483
16484
16485
16486
16487
16488
16489
16490
16491
16492
16493
16494
16495
16496
16497
16498
16499
16500
16501
16502
16503
16504
16505
16506
16507
16508
16509
16510
16511
16512
16513
16514
16515
16516
16517
16518
16519
16520
16521
16522
16523
16524
16525
16526
16527
16528
16529
16530
16531
16532
16533
16534
16535
16536
16537
16538
16539
16540
16541
16542
16543
16544
16545
16546
16547
16548
16549
16550
16551
16552
16553
16554
16555
16556
16557
16558
16559
16560
16561
16562
16563
16564
16565
16566
16567
16568
16569
16570
16571
16572
16573
16574
16575
16576
16577
16578
16579
16580
16581
16582
16583
16584
16585
16586
16587
16588
16589
16590
16591
16592
16593
16594
16595
16596
16597
16598
16599
16600
16601
16602
16603
16604
16605
16606
16607
16608
16609
16610
16611
16612
16613
16614
16615
16616
16617
16618
16619
16620
16621
16622
16623
16624
16625
16626
16627
16628
16629
16630
16631
16632
16633
16634
16635
16636
16637
16638
16639
16640
16641
16642
16643
16644
16645
16646
16647
16648
16649
16650
16651
16652
16653
16654
16655
16656
16657
16658
16659
16660
16661
16662
16663
16664
16665
16666
16667
16668
16669
16670
16671
16672
16673
16674
16675
16676
16677
16678
16679
16680
16681
16682
16683
16684
16685
16686
16687
16688
16689
16690
16691
16692
16693
16694
16695
16696
16697
16698
16699
16700
16701
16702
16703
16704
16705
16706
16707
16708
16709
16710
16711
16712
16713
16714
16715
16716
16717
16718
16719
16720
16721
16722
16723
16724
16725
16726
16727
16728
16729
16730
16731
16732
16733
16734
16735
16736
16737
16738
16739
16740
16741
16742
16743
16744
16745
16746
16747
16748
16749
16750
16751
16752
16753
16754
16755
16756
16757
16758
16759
16760
16761
16762
16763
16764
16765
16766
16767
16768
16769
16770
16771
16772
16773
16774
16775
16776
16777
16778
16779
16780
16781
16782
16783
16784
16785
16786
16787
16788
16789
16790
16791
16792
16793
16794
16795
16796
16797
16798
16799
16800
16801
16802
16803
16804
16805
16806
16807
16808
16809
16810
16811
16812
16813
16814
16815
16816
16817
16818
16819
16820
16821
16822
16823
16824
16825
16826
16827
16828
16829
16830
16831
16832
16833
16834
16835
16836
16837
16838
16839
16840
16841
16842
16843
16844
16845
16846
16847
16848
16849
16850
16851
16852
16853
16854
16855
16856
16857
16858
16859
16860
16861
16862
16863
16864
16865
16866
16867
16868
16869
16870
16871
16872
16873
16874
16875
16876
16877
16878
16879
16880
16881
16882
16883
16884
16885
16886
16887
16888
16889
16890
16891
16892
16893
16894
16895
16896
16897
16898
16899
16900
16901
16902
16903
16904
16905
16906
16907
16908
16909
16910
16911
16912
16913
16914
16915
16916
16917
16918
16919
16920
16921
16922
16923
16924
16925
16926
16927
16928
16929
16930
16931
16932
16933
16934
16935
16936
16937
16938
16939
16940
16941
16942
16943
16944
16945
16946
16947
16948
16949
16950
16951
16952
16953
16954
16955
16956
16957
16958
16959
16960
16961
16962
16963
16964
16965
16966
16967
16968
16969
16970
16971
16972
16973
16974
16975
16976
16977
16978
16979
16980
16981
16982
16983
16984
16985
16986
16987
16988
16989
16990
16991
16992
16993
16994
16995
16996
16997
16998
16999
17000
17001
17002
17003
17004
17005
17006
17007
17008
17009
17010
17011
17012
17013
17014
17015
17016
17017
17018
17019
17020
17021
17022
17023
17024
17025
17026
17027
17028
17029
17030
17031
17032
17033
17034
17035
17036
17037
17038
17039
17040
17041
17042
17043
17044
17045
17046
17047
17048
17049
17050
17051
17052
17053
17054
17055
17056
17057
17058
17059
17060
17061
17062
17063
17064
17065
17066
17067
17068
17069
17070
17071
17072
17073
17074
17075
17076
17077
17078
17079
17080
17081
17082
17083
17084
17085
17086
17087
17088
17089
17090
17091
17092
17093
17094
17095
17096
17097
17098
17099
17100
17101
17102
17103
17104
17105
17106
17107
17108
17109
17110
17111
17112
17113
17114
17115
17116
17117
17118
17119
17120
17121
17122
17123
17124
17125
17126
17127
17128
17129
17130
17131
17132
17133
17134
17135
17136
17137
17138
17139
17140
17141
17142
17143
17144
17145
17146
17147
17148
17149
17150
17151
17152
17153
17154
17155
17156
17157
17158
17159
17160
17161
17162
17163
17164
17165
17166
17167
17168
17169
17170
17171
17172
17173
17174
17175
17176
17177
17178
17179
17180
17181
17182
17183
17184
17185
17186
17187
17188
17189
17190
17191
17192
17193
17194
17195
17196
17197
17198
17199
17200
17201
17202
17203
17204
17205
17206
17207
17208
17209
17210
17211
17212
17213
17214
17215
17216
17217
17218
17219
17220
17221
17222
17223
17224
17225
17226
17227
17228
17229
17230
17231
17232
17233
17234
17235
17236
17237
17238
17239
17240
17241
17242
17243
17244
17245
17246
17247
17248
17249
17250
17251
17252
17253
17254
17255
17256
17257
17258
17259
17260
17261
17262
17263
17264
17265
17266
17267
17268
17269
17270
17271
17272
17273
17274
17275
17276
17277
17278
17279
17280
17281
17282
17283
17284
17285
17286
17287
17288
17289
17290
17291
17292
17293
17294
17295
17296
17297
17298
17299
17300
17301
17302
17303
17304
17305
17306
17307
17308
17309
17310
17311
17312
17313
17314
17315
17316
17317
17318
17319
17320
17321
17322
17323
17324
17325
17326
17327
17328
17329
17330
17331
17332
17333
17334
17335
17336
17337
17338
17339
17340
17341
17342
17343
17344
17345
17346
17347
17348
17349
17350
17351
17352
17353
17354
17355
17356
17357
17358
17359
17360
17361
17362
17363
17364
17365
17366
17367
17368
17369
17370
17371
17372
17373
17374
17375
17376
17377
17378
17379
17380
17381
17382
17383
17384
17385
17386
17387
17388
17389
17390
17391
17392
17393
17394
17395
17396
17397
17398
17399
17400
17401
17402
17403
17404
17405
17406
17407
17408
17409
17410
17411
17412
17413
17414
17415
17416
17417
17418
17419
17420
17421
17422
17423
17424
17425
17426
17427
17428
17429
17430
17431
17432
17433
17434
17435
17436
17437
17438
17439
17440
17441
17442
17443
17444
17445
17446
17447
17448
17449
17450
17451
17452
17453
17454
17455
17456
17457
17458
17459
17460
17461
17462
17463
17464
17465
17466
17467
17468
17469
17470
17471
17472
17473
17474
17475
17476
17477
17478
17479
17480
17481
17482
17483
17484
17485
17486
17487
17488
17489
17490
17491
17492
17493
17494
17495
17496
17497
17498
17499
17500
17501
17502
17503
17504
17505
17506
17507
17508
17509
17510
17511
17512
17513
17514
17515
17516
17517
17518
17519
17520
17521
17522
17523
17524
17525
17526
17527
17528
17529
17530
17531
17532
17533
17534
17535
17536
17537
17538
17539
17540
17541
17542
17543
17544
17545
17546
17547
17548
17549
17550
17551
17552
17553
17554
17555
17556
17557
17558
17559
17560
17561
17562
17563
17564
17565
17566
17567
17568
17569
17570
17571
17572
17573
17574
17575
17576
17577
17578
17579
17580
17581
17582
17583
17584
17585
17586
17587
17588
17589
17590
17591
17592
17593
17594
17595
17596
17597
17598
17599
17600
17601
17602
17603
17604
17605
17606
17607
17608
17609
17610
17611
17612
17613
17614
17615
17616
17617
17618
17619
17620
17621
17622
17623
17624
17625
17626
17627
17628
17629
17630
17631
17632
17633
17634
17635
17636
17637
17638
17639
17640
17641
17642
17643
17644
17645
17646
17647
17648
17649
17650
17651
17652
17653
17654
17655
17656
17657
17658
17659
17660
17661
17662
17663
17664
17665
17666
17667
17668
17669
17670
17671
17672
17673
17674
17675
17676
17677
17678
17679
17680
17681
17682
17683
17684
17685
17686
17687
17688
17689
17690
17691
17692
17693
17694
17695
17696
17697
17698
17699
17700
17701
17702
17703
17704
17705
17706
17707
17708
17709
17710
17711
17712
17713
17714
17715
17716
17717
17718
17719
17720
17721
17722
17723
17724
17725
17726
17727
17728
17729
17730
17731
17732
17733
17734
17735
17736
17737
17738
17739
17740
17741
17742
17743
17744
17745
17746
17747
17748
17749
17750
17751
17752
17753
17754
17755
17756
17757
17758
17759
17760
17761
17762
17763
17764
17765
17766
17767
17768
17769
17770
17771
17772
17773
17774
17775
17776
17777
17778
17779
17780
17781
17782
17783
17784
17785
17786
17787
17788
17789
17790
17791
17792
17793
17794
17795
17796
17797
17798
17799
17800
17801
17802
17803
17804
17805
17806
17807
17808
17809
17810
17811
17812
17813
17814
17815
17816
17817
17818
17819
17820
17821
17822
17823
17824
17825
17826
17827
17828
17829
17830
17831
17832
17833
17834
17835
17836
17837
17838
17839
17840
17841
17842
17843
17844
17845
17846
17847
17848
17849
17850
17851
17852
17853
17854
17855
17856
17857
17858
17859
17860
17861
17862
17863
17864
17865
17866
17867
17868
17869
17870
17871
17872
17873
17874
17875
17876
17877
17878
17879
17880
17881
17882
17883
17884
17885
17886
17887
17888
17889
17890
17891
17892
17893
17894
17895
17896
17897
17898
17899
17900
17901
17902
17903
17904
17905
17906
17907
17908
17909
17910
17911
17912
17913
17914
17915
17916
17917
17918
17919
17920
17921
17922
17923
17924
17925
17926
17927
17928
17929
17930
17931
17932
17933
17934
17935
17936
17937
17938
17939
17940
17941
17942
17943
17944
17945
17946
17947
17948
17949
17950
17951
17952
17953
17954
17955
17956
17957
17958
17959
17960
17961
17962
17963
17964
17965
17966
17967
17968
17969
17970
17971
17972
17973
17974
17975
17976
17977
17978
17979
17980
17981
17982
17983
17984
17985
17986
17987
17988
17989
17990
17991
17992
17993
17994
17995
17996
17997
17998
17999
18000
18001
18002
18003
18004
18005
18006
18007
18008
18009
18010
18011
18012
18013
18014
18015
18016
18017
18018
18019
18020
18021
18022
18023
18024
18025
18026
18027
18028
18029
18030
18031
18032
18033
18034
18035
18036
18037
18038
18039
18040
18041
18042
18043
18044
18045
18046
18047
18048
18049
18050
18051
18052
18053
18054
18055
18056
18057
18058
18059
18060
18061
18062
18063
18064
18065
18066
18067
18068
18069
18070
18071
18072
18073
18074
18075
18076
18077
18078
18079
18080
18081
18082
18083
18084
18085
18086
18087
18088
18089
18090
18091
18092
18093
18094
18095
18096
18097
18098
18099
18100
18101
18102
18103
18104
18105
18106
18107
18108
18109
18110
18111
18112
18113
18114
18115
18116
18117
18118
18119
18120
18121
18122
18123
18124
18125
18126
18127
18128
18129
18130
18131
18132
18133
18134
18135
18136
18137
18138
18139
18140
18141
18142
18143
18144
18145
18146
18147
18148
18149
18150
18151
18152
18153
18154
18155
18156
18157
18158
18159
18160
18161
18162
18163
18164
18165
18166
18167
18168
18169
18170
18171
18172
18173
18174
18175
18176
18177
18178
18179
18180
18181
18182
18183
18184
18185
18186
18187
18188
18189
18190
18191
18192
18193
18194
18195
18196
18197
18198
18199
18200
18201
18202
18203
18204
18205
18206
18207
18208
18209
18210
18211
18212
18213
18214
18215
18216
18217
18218
18219
18220
18221
18222
18223
18224
18225
18226
18227
18228
18229
18230
18231
18232
18233
18234
18235
18236
18237
18238
18239
18240
18241
18242
18243
18244
18245
18246
18247
18248
18249
18250
18251
18252
18253
18254
18255
18256
18257
18258
18259
18260
18261
18262
18263
18264
18265
18266
18267
18268
18269
18270
18271
18272
18273
18274
18275
18276
18277
18278
18279
18280
18281
18282
18283
18284
18285
18286
18287
18288
18289
18290
18291
18292
18293
18294
18295
18296
18297
18298
18299
18300
18301
18302
18303
18304
18305
18306
18307
18308
18309
18310
18311
18312
18313
18314
18315
18316
18317
18318
18319
18320
18321
18322
18323
18324
18325
18326
18327
18328
18329
18330
18331
18332
18333
18334
18335
18336
18337
18338
18339
18340
18341
18342
18343
18344
18345
18346
18347
18348
18349
18350
18351
18352
18353
18354
18355
18356
18357
18358
18359
18360
18361
18362
18363
18364
18365
18366
18367
18368
18369
18370
18371
18372
18373
18374
18375
18376
18377
18378
18379
18380
18381
18382
18383
18384
18385
18386
18387
18388
18389
18390
18391
18392
18393
18394
18395
18396
18397
18398
18399
18400
18401
18402
18403
18404
18405
18406
18407
18408
18409
18410
18411
18412
18413
18414
18415
18416
18417
18418
18419
18420
18421
18422
18423
18424
18425
18426
18427
18428
18429
18430
18431
18432
18433
18434
18435
18436
18437
18438
18439
18440
18441
18442
18443
18444
18445
18446
18447
18448
18449
18450
18451
18452
18453
18454
18455
18456
18457
18458
18459
18460
18461
18462
18463
18464
18465
18466
18467
18468
18469
18470
18471
18472
18473
18474
18475
18476
18477
18478
18479
18480
18481
18482
18483
18484
18485
18486
18487
18488
18489
18490
18491
18492
18493
18494
18495
18496
18497
18498
18499
18500
18501
18502
18503
18504
18505
18506
18507
18508
18509
18510
18511
18512
18513
18514
18515
18516
18517
18518
18519
18520
18521
18522
18523
18524
18525
18526
18527
18528
18529
18530
18531
18532
18533
18534
18535
18536
18537
18538
18539
18540
18541
18542
18543
18544
18545
18546
18547
18548
18549
18550
18551
18552
18553
18554
18555
18556
18557
18558
18559
18560
18561
18562
18563
18564
18565
18566
18567
18568
18569
18570
18571
18572
18573
18574
18575
18576
18577
18578
18579
18580
18581
18582
18583
18584
18585
18586
18587
18588
18589
18590
18591
18592
18593
18594
18595
18596
18597
18598
18599
18600
18601
18602
18603
18604
18605
18606
18607
18608
18609
18610
18611
18612
18613
18614
18615
18616
18617
18618
18619
18620
18621
18622
18623
18624
18625
18626
18627
18628
18629
18630
18631
18632
18633
18634
18635
18636
18637
18638
18639
18640
18641
18642
18643
18644
18645
18646
18647
18648
18649
18650
18651
18652
18653
18654
18655
18656
18657
18658
18659
18660
18661
18662
18663
18664
18665
18666
18667
18668
18669
18670
18671
18672
18673
18674
18675
18676
18677
18678
18679
18680
18681
18682
18683
18684
18685
18686
18687
18688
18689
18690
18691
18692
18693
18694
18695
18696
18697
18698
18699
18700
18701
18702
18703
18704
18705
18706
18707
18708
18709
18710
18711
18712
18713
18714
18715
18716
18717
18718
18719
18720
18721
18722
18723
18724
18725
18726
18727
18728
18729
18730
18731
18732
18733
18734
18735
18736
18737
18738
18739
18740
18741
18742
18743
18744
18745
18746
18747
18748
18749
18750
18751
18752
18753
18754
18755
18756
18757
18758
18759
18760
18761
18762
18763
18764
18765
18766
18767
18768
18769
18770
18771
18772
18773
18774
18775
18776
18777
18778
18779
18780
18781
18782
18783
18784
18785
18786
18787
18788
18789
18790
18791
18792
18793
18794
18795
18796
18797
18798
18799
18800
18801
18802
18803
18804
18805
18806
18807
18808
18809
18810
18811
18812
18813
18814
18815
18816
18817
18818
18819
18820
18821
18822
18823
18824
18825
18826
18827
18828
18829
18830
18831
18832
18833
18834
18835
18836
18837
18838
18839
18840
18841
18842
18843
18844
18845
18846
18847
18848
18849
18850
18851
18852
18853
18854
18855
18856
18857
18858
18859
18860
18861
18862
18863
18864
18865
18866
18867
18868
18869
18870
18871
18872
18873
18874
18875
18876
18877
18878
18879
18880
18881
18882
18883
18884
18885
18886
18887
18888
18889
18890
18891
18892
18893
18894
18895
18896
18897
18898
18899
18900
18901
18902
18903
18904
18905
18906
18907
18908
18909
18910
18911
18912
18913
18914
18915
18916
18917
18918
18919
18920
18921
18922
18923
18924
18925
18926
18927
18928
18929
18930
18931
18932
18933
18934
18935
18936
18937
18938
18939
18940
18941
18942
18943
18944
18945
18946
18947
18948
18949
18950
18951
18952
18953
18954
18955
18956
18957
18958
18959
18960
18961
18962
18963
18964
18965
18966
18967
18968
18969
18970
18971
18972
18973
18974
18975
18976
18977
18978
18979
18980
18981
18982
18983
18984
18985
18986
18987
18988
18989
18990
18991
18992
18993
18994
18995
18996
18997
18998
18999
19000
19001
19002
19003
19004
19005
19006
19007
19008
19009
19010
19011
19012
19013
19014
19015
19016
19017
19018
19019
19020
19021
19022
19023
19024
19025
19026
19027
19028
19029
19030
19031
19032
19033
19034
19035
19036
19037
19038
19039
19040
19041
19042
19043
19044
19045
19046
19047
19048
19049
19050
19051
19052
19053
19054
19055
19056
19057
19058
19059
19060
19061
19062
19063
19064
19065
19066
19067
19068
19069
19070
19071
19072
19073
19074
19075
19076
19077
19078
19079
19080
19081
19082
19083
19084
19085
19086
19087
19088
19089
19090
19091
19092
19093
19094
19095
19096
19097
19098
19099
19100
19101
19102
19103
19104
19105
19106
19107
19108
19109
19110
19111
19112
19113
19114
19115
19116
19117
19118
19119
19120
19121
19122
19123
19124
19125
19126
19127
19128
19129
19130
19131
19132
19133
19134
19135
19136
19137
19138
19139
19140
19141
19142
19143
19144
19145
19146
19147
19148
19149
19150
19151
19152
19153
19154
19155
19156
19157
19158
19159
19160
19161
19162
19163
19164
19165
19166
19167
19168
19169
19170
19171
19172
19173
19174
19175
19176
19177
19178
19179
19180
19181
19182
19183
19184
19185
19186
19187
19188
19189
19190
19191
19192
19193
19194
19195
19196
19197
19198
19199
19200
19201
19202
19203
19204
19205
19206
19207
19208
19209
19210
19211
19212
19213
19214
19215
19216
19217
19218
19219
19220
19221
19222
19223
19224
19225
19226
19227
19228
19229
19230
19231
19232
19233
19234
19235
19236
19237
19238
19239
19240
19241
19242
19243
19244
19245
19246
19247
19248
19249
19250
19251
19252
19253
19254
19255
19256
19257
19258
19259
19260
19261
19262
19263
19264
19265
19266
19267
19268
19269
19270
19271
19272
19273
19274
19275
19276
19277
19278
19279
19280
19281
19282
19283
19284
19285
19286
19287
19288
19289
19290
19291
19292
19293
19294
19295
19296
19297
19298
19299
19300
19301
19302
19303
19304
19305
19306
19307
19308
19309
19310
19311
19312
19313
19314
19315
19316
19317
19318
19319
19320
19321
19322
19323
19324
19325
19326
19327
19328
19329
19330
19331
19332
19333
19334
19335
19336
19337
19338
19339
19340
19341
19342
19343
19344
19345
19346
19347
19348
19349
19350
19351
19352
19353
19354
19355
19356
19357
19358
19359
19360
19361
19362
19363
19364
19365
19366
19367
19368
19369
19370
19371
19372
19373
19374
19375
19376
19377
19378
19379
19380
19381
19382
19383
19384
19385
19386
19387
19388
19389
19390
19391
19392
19393
19394
19395
19396
19397
19398
19399
19400
19401
19402
19403
19404
19405
19406
19407
19408
19409
19410
19411
19412
19413
19414
19415
19416
19417
19418
19419
19420
19421
19422
19423
19424
19425
19426
19427
19428
19429
19430
19431
19432
19433
19434
19435
19436
19437
19438
19439
19440
19441
19442
19443
19444
19445
19446
19447
19448
19449
19450
19451
19452
19453
19454
19455
19456
19457
19458
19459
19460
19461
19462
19463
19464
19465
19466
19467
19468
19469
19470
19471
19472
19473
19474
19475
19476
19477
19478
19479
19480
19481
19482
19483
19484
19485
19486
19487
19488
19489
19490
19491
19492
19493
19494
19495
19496
19497
19498
19499
19500
19501
19502
19503
19504
19505
19506
19507
19508
19509
19510
19511
19512
19513
19514
19515
19516
19517
19518
19519
19520
19521
19522
19523
19524
19525
19526
19527
19528
19529
19530
19531
19532
19533
19534
19535
19536
19537
19538
19539
19540
19541
19542
19543
19544
19545
19546
19547
19548
19549
19550
19551
19552
19553
19554
19555
19556
19557
19558
19559
19560
19561
19562
19563
19564
19565
19566
19567
19568
19569
19570
19571
19572
19573
19574
19575
19576
19577
19578
19579
19580
19581
19582
19583
19584
19585
19586
19587
19588
19589
19590
19591
19592
19593
19594
19595
19596
19597
19598
19599
19600
19601
19602
19603
19604
19605
19606
19607
19608
19609
19610
19611
19612
19613
19614
19615
19616
19617
19618
19619
19620
19621
19622
19623
19624
19625
19626
19627
19628
19629
19630
19631
19632
19633
19634
19635
19636
19637
19638
19639
19640
19641
19642
19643
19644
19645
19646
19647
19648
19649
19650
19651
19652
19653
19654
19655
19656
19657
19658
19659
19660
19661
19662
19663
19664
19665
19666
19667
19668
19669
19670
19671
19672
19673
19674
19675
19676
19677
19678
19679
19680
19681
19682
19683
19684
19685
19686
19687
19688
19689
19690
19691
19692
19693
19694
19695
19696
19697
19698
19699
19700
19701
19702
19703
19704
19705
19706
19707
19708
19709
19710
19711
19712
19713
19714
19715
19716
19717
19718
19719
19720
19721
19722
19723
19724
19725
19726
19727
19728
19729
19730
19731
19732
19733
19734
19735
19736
19737
19738
19739
19740
19741
19742
19743
19744
19745
19746
19747
19748
19749
19750
19751
19752
19753
19754
19755
19756
19757
19758
19759
19760
19761
19762
19763
19764
19765
19766
19767
19768
19769
19770
19771
19772
19773
19774
19775
19776
19777
19778
19779
19780
19781
19782
19783
19784
19785
19786
19787
19788
19789
19790
19791
19792
19793
19794
19795
19796
19797
19798
19799
19800
19801
19802
19803
19804
19805
19806
19807
19808
19809
19810
19811
19812
19813
19814
19815
19816
19817
19818
19819
19820
19821
19822
19823
19824
19825
19826
19827
19828
19829
19830
19831
19832
19833
19834
19835
19836
19837
19838
19839
19840
19841
19842
19843
19844
19845
19846
19847
19848
19849
19850
19851
19852
19853
19854
19855
19856
19857
19858
19859
19860
19861
19862
19863
19864
19865
19866
19867
19868
19869
19870
19871
19872
19873
19874
19875
19876
19877
19878
19879
19880
19881
19882
19883
19884
19885
19886
19887
19888
19889
19890
19891
19892
19893
19894
19895
19896
19897
19898
19899
19900
19901
19902
19903
19904
19905
19906
19907
19908
19909
19910
19911
19912
19913
19914
19915
19916
19917
19918
19919
19920
19921
19922
19923
19924
19925
19926
19927
19928
19929
19930
19931
19932
19933
19934
19935
19936
19937
19938
19939
19940
19941
19942
19943
19944
19945
19946
19947
19948
19949
19950
19951
19952
19953
19954
19955
19956
19957
19958
19959
19960
19961
19962
19963
19964
19965
19966
19967
19968
19969
19970
19971
19972
19973
19974
19975
19976
19977
19978
19979
19980
19981
19982
19983
19984
19985
19986
19987
19988
19989
19990
19991
19992
19993
19994
19995
19996
19997
19998
19999
32768
32799
32830
32861
32892
32923
32954
32985
33016
33047
33078
33109
33140
33171
33202
33233
33264
33295
33326
33357
33388
33419
33450
33481
33512
33543
33574
33605
33636
33667
33698
33729
33760
33791
33822
33853
33884
33915
33946
33977
34008
34039
34070
34101
34132
34163
34194
34225
34256
34287
34318
34349
34380
34411
34442
34473
34504
34535
34566
34597
34628
34659
34690
34721
34752
34783
34814
34845
34876
34907
34938
34969
35000
35031
35062
35093
35124
35155
35186
35217
35248
35279
35310
35341
35372
35403
35434
35465
35496
35527
35558
35589
35620
35651
35682
35713
35744
35775
35806
35837
35868
35899
35930
35961
35992
36023
36054
36085
36116
36147
36178
36209
36240
36271
36302
36333
36364
36395
36426
36457
36488
36519
36550
36581
36612
36643
36674
36705
36736
36767
36798
36829
36860
36891
36922
36953
36984
37015
37046
37077
37108
37139
37170
37201
37232
37263
37294
37325
37356
37387
37418
37449
37480
37511
37542
37573
37604
37635
37666
37697
37728
37759
37790
37821
37852
37883
37914
37945
37976
38007
38038
38069
38100
38131
38162
38193
38224
38255
38286
38317
38348
38379
38410
38441
38472
38503
38534
38565
38596
38627
38658
38689
38720
38751
38782
38813
38844
38875
38906
38937
38968
38999
39030
39061
39092
39123
39154
39185
39216
39247
39278
39309
39340
39371
39402
39433
39464
39495
39526
39557
39588
39619
39650
39681
39712
39743
39774
39805
39836
39867
39898
39929
39960
39991
40022
40053
40084
40115
40146
40177
40208
40239
40270
40301
40332
40363
40394
40425
40456
40487
40518
40549
40580
40611
40642
40673
40704
40735
40766
40797
40828
40859
40890
40921
40952
40983
41014
41045
41076
41107
41138
41169
41200
41231
41262
41293
41324
41355
41386
41417
41448
41479
41510
41541
41572
41603
41634
41665
41696
41727
41758
41789
41820
41851
41882
41913
41944
41975
42006
42037
42068
42099
42130
42161
42192
42223
42254
42285
42316
42347
42378
42409
42440
42471
42502
42533
42564
42595
42626
42657
42688
42719
42750
42781
42812
42843
42874
42905
42936
42967
42998
43029
43060
43091
43122
43153
43184
43215
43246
43277
43308
43339
43370
43401
43432
43463
43494
43525
43556
43587
43618
43649
43680
43711
43742
43773
43804
43835
43866
43897
43928
43959
43990
44021
44052
44083
44114
44145
44176
44207
44238
44269
44300
44331
44362
44393
44424
44455
44486
44517
44548
44579
44610
44641
44672
44703
44734
44765
44796
44827
44858
44889
44920
44951
44982
45013
45044
45075
45106
45137
45168
45199
45230
45261
45292
45323
45354
45385
45416
45447
45478
45509
45540
45571
45602
45633
45664
45695
45726
45757
45788
45819
45850
45881
45912
45943
45974
46005
46036
46067
46098
46129
46160
46191
46222
46253
46284
46315
46346
46377
46408
46439
46470
46501
46532
46563
46594
46625
46656
46687
46718
46749
46780
46811
46842
46873
46904
46935
46966
46997
47028
47059
47090
47121
47152
47183
47214
47245
47276
47307
47338
47369
47400
47431
47462
47493
47524
47555
47586
47617
47648
47679
47710
47741
47772
47803
47834
47865
47896
47927
47958
47989
48020
48051
48082
48113
48144
48175
48206
48237
48268
48299
48330
48361
48392
48423
48454
48485
48516
48547
48578
48609
48640
48671
48702
48733
48764
48795
48826
48857
48888
48919
48950
48981
49012
49043
49074
49105
49136
49167
49198
49229
49260
49291
49322
49353
49384
49415
49446
49477
49508
49539
49570
49601
49632
49663
49694
49725
49756
49787
49818
49849
49880
49911
49942
49973
50004
50035
50066
50097
50128
50159
50190
50221
50252
50283
50314
50345
50376
50407
50438
50469
50500
50531
50562
50593
50624
50655
50686
50717
50748
50779
50810
50841
50872
50903
50934
50965
50996
51027
51058
51089
51120
51151
51182
51213
51244
51275
51306
51337
51368
51399
51430
51461
51492
51523
51554
51585
51616
51647
51678
51709
51740
51771
51802
51833
51864
51895
51926
51957
51988
52019
52050
52081
52112
52143
52174
52205
52236
52267
52298
52329
52360
52391
52422
52453
52484
52515
52546
52577
52608
52639
52670
52701
52732
52763
52794
52825
52856
52887
52918
52949
52980
53011
53042
53073
53104
53135
53166
53197
53228
53259
53290
53321
53352
53383
53414
53445
53476
53507
53538
53569
53600
53631
53662
53693
53724
53755
53786
53817
53848
53879
53910
53941
53972
54003
54034
54065
54096
54127
54158
54189
54220
54251
54282
54313
54344
54375
54406
54437
54468
54499
54530
54561
54592
54623
54654
54685
54716
54747
54778
54809
54840
54871
54902
54933
54964
54995
55026
55057
55088
55119
55150
55181
55212
55243
55274
55305
55336
55367
55398
55429
55460
55491
55522
55553
55584
55615
55646
55677
55708
55739
55770
55801
55832
55863
55894
55925
55956
55987
56018
56049
56080
56111
56142
56173
56204
56235
56266
56297
56328
56359
56390
56421
56452
56483
56514
56545
56576
56607
56638
56669
56700
56731
56762
56793
56824
56855
56886
56917
56948
56979
57010
57041
57072
57103
57134
57165
57196
57227
57258
57289
57320
57351
57382
57413
57444
57475
57506
57537
57568
57599
57630
57661
57692
57723
57754
57785
57816
57847
57878
57909
57940
57971
58002
58033
58064
58095
58126
58157
58188
58219
58250
58281
58312
58343
58374
58405
58436
58467
58498
58529
58560
58591
58622
58653
58684
58715
58746
58777
58808
58839
58870
58901
58932
58963
58994
59025
59056
59087
59118
59149
59180
59211
59242
59273
59304
59335
59366
59397
59428
59459
59490
59521
59552
59583
59614
59645
59676
59707
59738
59769
59800
59831
59862
59893
59924
59955
59986
60017
60048
60079
60110
60141
60172
60203
60234
60265
60296
60327
60358
60389
60420
60451
60482
60513
60544
60575
60606
60637
60668
60699
60730
60761
60792
60823
60854
60885
60916
60947
60978
61009
61040
61071
61102
61133
61164
61195
61226
61257
61288
61319
61350
61381
61412
61443
61474
61505
61536
61567
61598
61629
61660
61691
61722
61753
61784
61815
61846
61877
61908
61939
61970
62001
62032
62063
62094
62125
62156
62187
62218
62249
62280
62311
62342
62373
62404
62435
62466
62497
62528
62559
62590
62621
62652
62683
62714
62745
62776
62807
62838
62869
62900
62931
62962
62993
63024
63055
63086
63117
63148
63179
63210
63241
63272
63303
63334
63365
63396
63427
63458
63489
63520
63551
63582
63613
63644
63675
63706
63737
63768
63799
63830
63861
63892
63923
63954
63985
64016
64047
64078
64109
64140
64171
64202
64233
64264
64295
64326
64357
64388
64419
64450
64481
64512
64543
64574
64605
64636
64667
64698
64729
64760
64791
64822
64853
64884
64915
64946
64977
65008
65039
65070
65101
65132
65163
65194
65225
65256
65287
65318
65349
65380
65411
65442
65473
65504
65535
65566
65597
65628
65659
65690
65721
65752
65783
65814
65845
65876
65907
65938
65969
66000
66031
66062
66093
66124
66155
66186
66217
66248
66279
66310
66341
66372
66403
66434
66465
66496
66527
66558
66589
66620
66651
66682
66713
66744
66775
66806
66837
66868
66899
66930
66961
66992
67023
67054
67085
67116
67147
67178
67209
67240
67271
67302
67333
67364
67395
67426
67457
67488
67519
67550
67581
67612
67643
67674
67705
67736
67767
67798
67829
67860
67891
67922
67953
67984
68015
68046
68077
68108
68139
68170
68201
68232
68263
68294
68325
68356
68387
68418
68449
68480
68511
68542
68573
68604
68635
68666
68697
68728
68759
68790
68821
68852
68883
68914
68945
68976
69007
69038
69069
69100
69131
69162
69193
69224
69255
69286
69317
69348
69379
69410
69441
69472
69503
69534
69565
69596
69627
69658
69689
69720
69751
69782
69813
69844
69875
69906
69937
69968
69999
70030
70061
70092
70123
70154
70185
70216
70247
70278
70309
70340
70371
70402
70433
70464
70495
70526
70557
70588
70619
70650
70681
70712
70743
70774
70805
70836
70867
70898
70929
70960
70991
71022
71053
71084
71115
71146
71177
71208
71239
71270
71301
71332
71363
71394
71425
71456
71487
71518
71549
71580
71611
71642
71673
71704
71735
71766
71797
71828
71859
71890
71921
71952
71983
72014
72045
72076
72107
72138
72169
72200
72231
72262
72293
72324
72355
72386
72417
72448
72479
72510
72541
72572
72603
72634
72665
72696
72727
72758
72789
72820
72851
72882
72913
72944
72975
73006
73037
73068
73099
73130
73161
73192
73223
73254
73285
73316
73347
73378
73409
73440
73471
73502
73533
73564
73595
73626
73657
73688
73719
73750
73781
73812
73843
73874
73905
73936
73967
73998
74029
74060
74091
74122
74153
74184
74215
74246
74277
74308
74339
74370
74401
74432
74463
74494
74525
74556
74587
74618
74649
74680
74711
74742
74773
74804
74835
74866
74897
74928
74959
74990
75021
75052
75083
75114
75145
75176
75207
75238
75269
75300
75331
75362
75393
75424
75455
75486
75517
75548
75579
75610
75641
75672
75703
75734
75765
75796
75827
75858
75889
75920
75951
75982
76013
76044
76075
76106
76137
76168
76199
76230
76261
76292
76323
76354
76385
76416
76447
76478
76509
76540
76571
76602
76633
76664
76695
76726
76757
76788
76819
76850
76881
76912
76943
76974
77005
77036
77067
77098
77129
77160
77191
77222
77253
77284
77315
77346
77377
77408
77439
77470
77501
77532
77563
77594
77625
77656
77687
77718
77749
77780
77811
77842
77873
77904
77935
77966
77997
78028
78059
78090
78121
78152
78183
78214
78245
78276
78307
78338
78369
78400
78431
78462
78493
78524
78555
78586
78617
78648
78679
78710
78741
78772
78803
78834
78865
78896
78927
78958
78989
79020
79051
79082
79113
79144
79175
79206
79237
79268
79299
79330
79361
79392
79423
79454
79485
79516
79547
79578
79609
79640
79671
79702
79733
79764
79795
79826
79857
79888
79919
79950
79981
80012
80043
80074
80105
80136
80167
80198
80229
80260
80291
80322
80353
80384
80415
80446
80477
80508
80539
80570
80601
80632
80663
80694
80725
80756
80787
80818
80849
80880
80911
80942
80973
81004
81035
81066
81097
81128
81159
81190
81221
81252
81283
81314
81345
81376
81407
81438
81469
81500
81531
81562
81593
81624
81655
81686
81717
81748
81779
81810
81841
81872
81903
81934
81965
81996
82027
82058
82089
82120
82151
82182
82213
82244
82275
82306
82337
82368
82399
82430
82461
82492
82523
82554
82585
82616
82647
82678
82709
82740
82771
82802
82833
82864
82895
82926
82957
82988
83019
83050
83081
83112
83143
83174
83205
83236
83267
83298
83329
83360
83391
83422
83453
83484
83515
83546
83577
83608
83639
83670
83701
83732
83763
83794
83825
83856
83887
83918
83949
83980
84011
84042
84073
84104
84135
84166
84197
84228
84259
84290
84321
84352
84383
84414
84445
84476
84507
84538
84569
84600
84631
84662
84693
84724
84755
84786
84817
84848
84879
84910
84941
84972
85003
85034
85065
85096
85127
85158
85189
85220
85251
85282
85313
85344
85375
85406
85437
85468
85499
85530
85561
85592
85623
85654
85685
85716
85747
85778
85809
85840
85871
85902
85933
85964
85995
86026
86057
86088
86119
86150
86181
86212
86243
86274
86305
86336
86367
86398
86429
86460
86491
86522
86553
86584
86615
86646
86677
86708
86739
86770
86801
86832
86863
86894
86925
86956
86987
87018
87049
87080
87111
87142
87173
87204
87235
87266
87297
87328
87359
87390
87421
87452
87483
87514
87545
87576
87607
87638
87669
87700
87731
87762
87793
87824
87855
87886
87917
87948
87979
88010
88041
88072
88103
88134
88165
88196
88227
88258
88289
88320
88351
88382
88413
88444
88475
88506
88537
88568
88599
88630
88661
88692
88723
88754
88785
88816
88847
88878
88909
88940
88971
89002
89033
89064
89095
89126
89157
89188
89219
89250
89281
89312
89343
89374
89405
89436
89467
89498
89529
89560
89591
89622
89653
89684
89715
89746
89777
89808
89839
89870
89901
89932
89963
89994
90025
90056
90087
90118
90149
90180
90211
90242
90273
90304
90335
90366
90397
90428
90459
90490
90521
90552
90583
90614
90645
90676
90707
90738
90769
90800
90831
90862
90893
90924
90955
90986
91017
91048
91079
91110
91141
91172
91203
91234
91265
91296
91327
91358
91389
91420
91451
91482
91513
91544
91575
91606
91637
91668
91699
91730
91761
91792
91823
91854
91885
91916
91947
91978
92009
92040
92071
92102
92133
92164
92195
92226
92257
92288
92319
92350
92381
92412
92443
92474
92505
92536
92567
92598
92629
92660
92691
92722
92753
92784
92815
92846
92877
92908
92939
92970
93001
93032
93063
93094
93125
93156
93187
93218
93249
93280
93311
93342
93373
93404
93435
93466
93497
93528
93559
93590
93621
93652
93683
93714
93745
93776
93807
93838
93869
93900
93931
93962
93993
94024
94055
94086
94117
94148
94179
94210
94241
94272
94303
94334
94365
94396
94427
94458
94489
94520
94551
94582
94613
94644
94675
94706
94737
94768
94799
94830
94861
94892
94923
94954
94985
95016
95047
95078
95109
95140
95171
95202
95233
95264
95295
95326
95357
95388
95419
95450
95481
95512
95543
95574
95605
95636
95667
95698
95729
95760
95791
95822
95853
95884
95915
95946
95977
96008
96039
96070
96101
96132
96163
96194
96225
96256
96287
96318
96349
96380
96411
96442
96473
96504
96535
96566
96597
96628
96659
96690
96721
96752
96783
96814
96845
96876
96907
96938
96969
97000
97031
97062
97093
97124
97155
97186
97217
97248
97279
97310
97341
97372
97403
97434
97465
97496
97527
97558
97589
97620
97651
97682
97713
97744
97775
97806
97837
97868
97899
97930
97961
97992
98023
98054
98085
98116
98147
98178
98209
98240
98271
98302
98333
98364
98395
98426
98457
98488
98519
98550
98581
98612
98643
98674
98705
98736
98767
98798
98829
98860
98891
98922
98953
98984
99015
99046
99077
99108
99139
99170
99201
99232
99263
99294
99325
99356
99387
99418
99449
99480
99511
99542
99573
99604
99635
99666
99697
99728
99759
99790
99821
99852
99883
99914
99945
99976
100007
100038
100069
100100
100131
100162
100193
100224
100255
100286
100317
100348
100379
100410
100441
100472
100503
100534
100565
100596
100627
100658
100689
100720
100751
100782
100813
100844
100875
100906
100937
100968
100999
101030
101061
101092
101123
101154
101185
101216
101247
101278
101309
101340
101371
101402
101433
101464
101495
101526
101557
101588
101619
101650
101681
101712
101743
101774
101805
101836
101867
101898
101929
101960
101991
102022
102053
102084
102115
102146
102177
102208
102239
102270
102301
102332
102363
102394
102425
102456
102487
102518
102549
102580
102611
102642
102673
102704
102735
102766
102797
102828
102859
102890
102921
102952
102983
103014
103045
103076
103107
103138
103169
103200
103231
103262
103293
103324
103355
103386
103417
103448
103479
103510
103541
103572
103603
103634
103665
103696
103727
103758
103789
103820
103851
103882
103913
103944
103975
104006
104037
104068
104099
104130
104161
104192
104223
104254
104285
104316
104347
104378
104409
104440
104471
104502
104533
104564
104595
104626
104657
104688
104719
104750
104781
104812
104843
104874
104905
104936
104967
104998
105029
105060
105091
105122
105153
105184
105215
105246
105277
105308
105339
105370
105401
105432
105463
105494
105525
105556
105587
105618
105649
105680
105711
105742
105773
105804
105835
105866
105897
105928
105959
105990
106021
106052
106083
106114
106145
106176
106207
106238
106269
106300
106331
106362
106393
106424
106455
106486
106517
106548
106579
106610
106641
106672
106703
106734
106765
106796
106827
106858
106889
106920
106951
106982
107013
107044
107075
107106
107137
107168
107199
107230
107261
107292
107323
107354
107385
107416
107447
107478
107509
107540
107571
107602
107633
107664
107695
107726
107757
107788
107819
107850
107881
107912
107943
107974
108005
108036
108067
108098
108129
108160
108191
108222
108253
108284
108315
108346
108377
108408
108439
108470
108501
108532
108563
108594
108625
108656
108687
108718
108749
108780
108811
108842
108873
108904
108935
108966
108997
109028
109059
109090
109121
109152
109183
109214
109245
109276
109307
109338
109369
109400
109431
109462
109493
109524
109555
109586
109617
109648
109679
109710
109741
109772
109803
109834
109865
109896
109927
109958
109989
110020
110051
110082
110113
110144
110175
110206
110237
110268
110299
110330
110361
110392
110423
110454
110485
110516
110547
110578
110609
110640
110671
110702
110733
110764
110795
110826
110857
110888
110919
110950
110981
111012
111043
111074
111105
111136
111167
111198
111229
111260
111291
111322
111353
111384
111415
111446
111477
111508
111539
111570
111601
111632
111663
111694
111725
111756
111787
111818
111849
111880
111911
111942
111973
112004
112035
112066
112097
112128
112159
112190
112221
112252
112283
112314
112345
112376
112407
112438
112469
112500
112531
112562
112593
112624
112655
112686
112717
112748
112779
112810
112841
112872
112903
112934
112965
112996
113027
113058
113089
113120
113151
113182
113213
113244
113275
113306
113337
113368
113399
113430
113461
113492
113523
113554
113585
113616
113647
113678
113709
113740
113771
113802
113833
113864
113895
113926
113957
113988
114019
114050
114081
114112
114143
114174
114205
114236
114267
114298
114329
114360
114391
114422
114453
114484
114515
114546
114577
114608
114639
114670
114701
114732
114763
114794
114825
114856
114887
114918
114949
114980
115011
115042
115073
115104
115135
115166
115197
115228
115259
115290
115321
115352
115383
115414
115445
115476
115507
115538
115569
115600
115631
115662
115693
115724
115755
115786
115817
115848
115879
115910
115941
115972
116003
116034
116065
116096
116127
116158
116189
116220
116251
116282
116313
116344
116375
116406
116437
116468
116499
116530
116561
116592
116623
116654
116685
116716
116747
116778
116809
116840
116871
116902
116933
116964
116995
117026
117057
117088
117119
117150
117181
117212
117243
117274
117305
117336
117367
117398
117429
117460
117491
117522
117553
117584
117615
117646
117677
117708
117739
117770
117801
117832
117863
117894
117925
117956
117987
118018
118049
118080
118111
118142
118173
118204
118235
118266
118297
118328
118359
118390
118421
118452
118483
118514
118545
118576
118607
118638
118669
118700
118731
118762
118793
118824
118855
118886
118917
118948
118979
119010
119041
119072
119103
119134
119165
119196
119227
119258
119289
119320
119351
119382
119413
119444
119475
119506
119537
119568
119599
119630
119661
119692
119723
119754
119785
119816
119847
119878
119909
119940
119971
120002
120033
120064
120095
120126
120157
120188
120219
120250
120281
120312
120343
120374
120405
120436
120467
120498
120529
120560
120591
120622
120653
120684
120715
120746
120777
120808
120839
120870
120901
120932
120963
120994
121025
121056
121087
121118
121149
121180
121211
121242
121273
121304
121335
121366
121397
121428
121459
121490
121521
121552
121583
121614
121645
121676
121707
121738
121769
121800
121831
121862
121893
121924
121955
121986
122017
122048
122079
122110
122141
122172
122203
122234
122265
122296
122327
122358
122389
122420
122451
122482
122513
122544
122575
122606
122637
122668
122699
122730
122761
122792
122823
122854
122885
122916
122947
122978
123009
123040
123071
123102
123133
123164
123195
123226
123257
123288
123319
123350
123381
123412
123443
123474
123505
123536
123567
123598
123629
123660
123691
123722
123753
123784
123815
123846
123877
123908
123939
123970
124001
124032
124063
124094
124125
124156
124187
124218
124249
124280
124311
124342
124373
124404
124435
124466
124497
124528
124559
124590
124621
124652
124683
124714
124745
124776
124807
124838
124869
124900
124931
124962
124993
125024
125055
125086
125117
125148
125179
125210
125241
125272
125303
125334
125365
125396
125427
125458
125489
125520
125551
125582
125613
125644
125675
125706
125737
125768
125799
125830
125861
125892
125923
125954
125985
126016
126047
126078
126109
126140
126171
126202
126233
126264
126295
126326
126357
126388
126419
126450
126481
126512
126543
126574
126605
126636
126667
126698
126729
126760
126791
126822
126853
126884
126915
126946
126977
127008
127039
127070
127101
127132
127163
127194
127225
127256
127287
127318
127349
127380
127411
127442
127473
127504
127535
127566
127597
127628
127659
127690
127721
127752
127783
127814
127845
127876
127907
127938
127969
128000
128031
128062
128093
128124
128155
128186
128217
128248
128279
128310
128341
128372
128403
128434
128465
128496
128527
128558
128589
128620
128651
128682
128713
128744
128775
128806
128837
128868
128899
128930
128961
128992
129023
129054
129085
129116
129147
129178
129209
129240
129271
129302
129333
129364
129395
129426
129457
129488
129519
129550
129581
129612
129643
129674
129705
129736
129767
129798
129829
129860
129891
129922
129953
129984
130015
130046
130077
130108
130139
130170
130201
130232
130263
130294
130325
130356
130387
130418
130449
130480
130511
130542
130573
130604
130635
130666
130697
130728
130759
130790
130821
130852
130883
130914
130945
130976
131007
131038
131069
131100
131131
131162
131193
131224
131255
131286
131317
131348
131379
131410
131441
131472
131503
131534
131565
131596
131627
131658
131689
131720
131751
131782
131813
131844
131875
131906
131937
131968
131999
132030
132061
132092
132123
132154
132185
132216
132247
132278
132309
132340
132371
132402
132433
132464
132495
132526
132557
132588
132619
132650
132681
132712
132743
132774
132805
132836
132867
132898
132929
132960
132991
133022
133053
133084
133115
133146
133177
133208
133239
133270
133301
133332
133363
133394
133425
133456
133487
133518
133549
133580
133611
133642
133673
133704
133735
133766
133797
133828
133859
133890
133921
133952
133983
134014
134045
134076
134107
134138
134169
134200
134231
134262
134293
134324
134355
134386
134417
134448
134479
134510
134541
134572
134603
134634
134665
134696
134727
134758
134789
134820
134851
134882
134913
134944
134975
135006
135037
135068
135099
135130
135161
135192
135223
135254
135285
135316
135347
135378
135409
135440
135471
135502
135533
135564
135595
135626
135657
135688
135719
135750
135781
135812
135843
135874
135905
135936
135967
135998
136029
136060
136091
136122
136153
136184
136215
136246
136277
136308
136339
136370
136401
136432
136463
136494
136525
136556
136587
136618
136649
136680
136711
136742
136773
136804
136835
136866
136897
136928
136959
136990
137021
137052
137083
137114
137145
137176
137207
137238
137269
137300
137331
137362
137393
137424
137455
137486
137517
137548
137579
137610
137641
137672
137703
137734
137765
137796
137827
137858
137889
137920
137951
137982
138013
138044
138075
138106
138137
138168
138199
138230
138261
138292
138323
138354
138385
138416
138447
138478
138509
138540
138571
138602
138633
138664
138695
138726
138757
138788
138819
138850
138881
138912
138943
138974
139005
139036
139067
139098
139129
139160
139191
139222
139253
139284
139315
139346
139377
139408
139439
139470
139501
139532
139563
139594
139625
139656
139687
139718
139749
139780
139811
139842
139873
139904
139935
139966
139997
140028
140059
140090
140121
140152
140183
140214
140245
140276
140307
140338
140369
140400
140431
140462
140493
140524
140555
140586
140617
140648
140679
140710
140741
140772
140803
140834
140865
140896
140927
140958
140989
141020
141051
141082
141113
141144
141175
141206
141237
141268
141299
141330
141361
141392
141423
141454
141485
141516
141547
141578
141609
141640
141671
141702
141733
141764
141795
141826
141857
141888
141919
141950
141981
142012
142043
142074
142105
142136
142167
142198
142229
142260
142291
142322
142353
142384
142415
142446
142477
142508
142539
142570
142601
142632
142663
142694
142725
142756
142787
142818
142849
142880
142911
142942
142973
143004
143035
143066
143097
143128
143159
143190
143221
143252
143283
143314
143345
143376
143407
143438
143469
143500
143531
143562
143593
143624
143655
143686
143717
143748
143779
143810
143841
143872
143903
143934
143965
143996
144027
144058
144089
144120
144151
144182
144213
144244
144275
144306
144337
144368
144399
144430
144461
144492
144523
144554
144585
144616
144647
144678
144709
144740
144771
144802
144833
144864
144895
144926
144957
144988
145019
145050
145081
145112
145143
145174
145205
145236
145267
145298
145329
145360
145391
145422
145453
145484
145515
145546
145577
145608
145639
145670
145701
145732
145763
145794
145825
145856
145887
145918
145949
145980
146011
146042
146073
146104
146135
146166
146197
146228
146259
146290
146321
146352
146383
146414
146445
146476
146507
146538
146569
146600
146631
146662
146693
146724
146755
146786
146817
146848
146879
146910
146941
146972
147003
147034
147065
147096
147127
147158
147189
147220
147251
147282
147313
147344
147375
147406
147437
147468
147499
147530
147561
147592
147623
147654
147685
147716
147747
147778
147809
147840
147871
147902
147933
147964
147995
148026
148057
148088
148119
148150
148181
148212
148243
148274
148305
148336
148367
148398
148429
148460
148491
148522
148553
148584
148615
148646
148677
148708
148739
148770
148801
148832
148863
148894
148925
148956
148987
149018
149049
149080
149111
149142
149173
149204
149235
149266
149297
149328
149359
149390
149421
149452
149483
149514
149545
149576
149607
149638
149669
149700
149731
149762
149793
149824
149855
149886
149917
149948
149979
150010
150041
150072
150103
150134
150165
150196
150227
150258
150289
150320
150351
150382
150413
150444
150475
150506
150537
150568
150599
150630
150661
150692
150723
150754
150785
150816
150847
150878
150909
150940
150971
151002
151033
151064
151095
151126
151157
151188
151219
151250
151281
151312
151343
151374
151405
151436
151467
151498
151529
151560
151591
151622
151653
151684
151715
151746
151777
151808
151839
151870
151901
151932
151963
151994
152025
152056
152087
152118
152149
152180
152211
152242
152273
152304
152335
152366
152397
152428
152459
152490
152521
152552
152583
152614
152645
152676
152707
152738
152769
152800
152831
152862
152893
152924
152955
152986
153017
153048
153079
153110
153141
153172
153203
153234
153265
153296
153327
153358
153389
153420
153451
153482
153513
153544
153575
153606
153637
153668
153699
153730
153761
153792
153823
153854
153885
153916
153947
153978
154009
154040
154071
154102
154133
154164
154195
154226
154257
154288
154319
154350
154381
154412
154443
154474
154505
154536
154567
154598
154629
154660
154691
154722
154753
154784
154815
154846
154877
154908
154939
154970
155001
155032
155063
155094
155125
155156
155187
155218
155249
155280
155311
155342
155373
155404
155435
155466
155497
155528
155559
155590
155621
155652
155683
155714
155745
155776
155807
155838
155869
155900
155931
155962
155993
156024
156055
156086
156117
156148
156179
156210
156241
156272
156303
156334
156365
156396
156427
156458
156489
156520
156551
156582
156613
156644
156675
156706
156737
156768
156799
156830
156861
156892
156923
156954
156985
157016
157047
157078
157109
157140
157171
157202
157233
157264
157295
157326
157357
157388
157419
157450
157481
157512
157543
157574
157605
157636
157667
157698
157729
157760
157791
157822
157853
157884
157915
157946
157977
158008
158039
158070
158101
158132
158163
158194
158225
158256
158287
158318
158349
158380
158411
158442
158473
158504
158535
158566
158597
158628
158659
158690
158721
158752
158783
158814
158845
158876
158907
158938
158969
159000
159031
159062
159093
159124
159155
159186
159217
159248
159279
159310
159341
159372
159403
159434
159465
159496
159527
159558
159589
159620
159651
159682
159713
159744
159775
159806
159837
159868
159899
159930
159961
159992
160023
160054
160085
160116
160147
160178
160209
160240
160271
160302
160333
160364
160395
160426
160457
160488
160519
160550
160581
160612
160643
160674
160705
160736
160767
160798
160829
160860
160891
160922
160953
160984
161015
161046
161077
161108
161139
161170
161201
161232
161263
161294
161325
161356
161387
161418
161449
161480
161511
161542
161573
161604
161635
161666
161697
161728
161759
161790
161821
161852
161883
161914
161945
161976
162007
162038
162069
162100
162131
162162
162193
162224
162255
162286
162317
162348
162379
162410
162441
162472
162503
162534
162565
162596
162627
162658
162689
162720
162751
162782
162813
162844
162875
162906
162937
162968
162999
163030
163061
163092
163123
163154
163185
163216
163247
163278
163309
163340
163371
163402
163433
163464
163495
163526
163557
163588
163619
163650
163681
163712
163743
163774
163805
163836
163867
163898
163929
163960
163991
164022
164053
164084
164115
164146
164177
164208
164239
164270
164301
164332
164363
164394
164425
164456
164487
164518
164549
164580
164611
164642
164673
164704
164735
164766
164797
164828
164859
164890
164921
164952
164983
165014
165045
165076
165107
165138
165169
165200
165231
165262
165293
165324
165355
165386
165417
165448
165479
165510
165541
165572
165603
165634
165665
165696
165727
165758
165789
165820
165851
165882
165913
165944
165975
166006
166037
166068
166099
166130
166161
166192
166223
166254
166285
166316
166347
166378
166409
166440
166471
166502
166533
166564
166595
166626
166657
166688
166719
166750
166781
166812
166843
166874
166905
166936
166967
166998
167029
167060
167091
167122
167153
167184
167215
167246
167277
167308
167339
167370
167401
167432
167463
167494
167525
167556
167587
167618
167649
167680
167711
167742
167773
167804
167835
167866
167897
167928
167959
167990
168021
168052
168083
168114
168145
168176
168207
168238
168269
168300
168331
168362
168393
168424
168455
168486
168517
168548
168579
168610
168641
168672
168703
168734
168765
168796
168827
168858
168889
168920
168951
168982
169013
169044
169075
169106
169137
169168
169199
169230
169261
169292
169323
169354
169385
169416
169447
169478
169509
169540
169571
169602
169633
169664
169695
169726
169757
169788
169819
169850
169881
169912
169943
169974
170005
170036
170067
170098
170129
170160
170191
170222
170253
170284
170315
170346
170377
170408
170439
170470
170501
170532
170563
170594
170625
170656
170687
170718
170749
170780
170811
170842
170873
170904
170935
170966
170997
171028
171059
171090
171121
171152
171183
171214
171245
171276
171307
171338
171369
171400
171431
171462
171493
171524
171555
171586
171617
171648
171679
171710
171741
171772
171803
171834
171865
171896
171927
171958
171989
172020
172051
172082
172113
172144
172175
172206
172237
172268
172299
172330
172361
172392
172423
172454
172485
172516
172547
172578
172609
172640
172671
172702
172733
172764
172795
172826
172857
172888
172919
172950
172981
173012
173043
173074
173105
173136
173167
173198
173229
173260
173291
173322
173353
173384
173415
173446
173477
173508
173539
173570
173601
173632
173663
173694
173725
173756
173787
173818
173849
173880
173911
173942
173973
174004
174035
174066
174097
174128
174159
174190
174221
174252
174283
174314
174345
174376
174407
174438
174469
174500
174531
174562
174593
174624
174655
174686
174717
174748
174779
174810
174841
174872
174903
174934
174965
174996
175027
175058
175089
175120
175151
175182
175213
175244
175275
175306
175337
175368
175399
175430
175461
175492
175523
175554
175585
175616
175647
175678
175709
175740
175771
175802
175833
175864
175895
175926
175957
175988
176019
176050
176081
176112
176143
176174
176205
176236
176267
176298
176329
176360
176391
176422
176453
176484
176515
176546
176577
176608
176639
176670
176701
176732
176763
176794
176825
176856
176887
176918
176949
176980
177011
177042
177073
177104
177135
177166
177197
177228
177259
177290
177321
177352
177383
177414
177445
177476
177507
177538
177569
177600
177631
177662
177693
177724
177755
177786
177817
177848
177879
177910
177941
177972
178003
178034
178065
178096
178127
178158
178189
178220
178251
178282
178313
178344
178375
178406
178437
178468
178499
178530
178561
178592
178623
178654
178685
178716
178747
178778
178809
178840
178871
178902
178933
178964
178995
179026
179057
179088
179119
179150
179181
179212
179243
179274
179305
179336
179367
179398
179429
179460
179491
179522
179553
179584
179615
179646
179677
179708
179739
179770
179801
179832
179863
179894
179925
179956
179987
180018
180049
180080
180111
180142
180173
180204
180235
180266
180297
180328
180359
180390
180421
180452
180483
180514
180545
180576
180607
180638
180669
180700
180731
180762
180793
180824
180855
180886
180917
180948
180979
181010
181041
181072
181103
181134
181165
181196
181227
181258
181289
181320
181351
181382
181413
181444
181475
181506
181537
181568
181599
181630
181661
181692
181723
181754
181785
181816
181847
181878
181909
181940
181971
182002
182033
182064
182095
182126
182157
182188
182219
182250
182281
182312
182343
182374
182405
182436
182467
182498
182529
182560
182591
182622
182653
182684
182715
182746
182777
182808
182839
182870
182901
182932
182963
182994
183025
183056
183087
183118
183149
183180
183211
183242
183273
183304
183335
183366
183397
183428
183459
183490
183521
183552
183583
183614
183645
183676
183707
183738
183769
183800
183831
183862
183893
183924
183955
183986
184017
184048
184079
184110
184141
184172
184203
184234
184265
184296
184327
184358
184389
184420
184451
184482
184513
184544
184575
184606
184637
184668
184699
184730
184761
184792
184823
184854
184885
184916
184947
184978
185009
185040
185071
185102
185133
185164
185195
185226
185257
185288
185319
185350
185381
185412
185443
185474
185505
185536
185567
185598
185629
185660
185691
185722
185753
185784
185815
185846
185877
185908
185939
185970
186001
186032
186063
186094
186125
186156
186187
186218
186249
186280
186311
186342
186373
186404
186435
186466
186497
186528
186559
186590
186621
186652
186683
186714
186745
186776
186807
186838
186869
186900
186931
186962
186993
187024
187055
187086
187117
187148
187179
187210
187241
187272
187303
187334
187365
187396
187427
187458
187489
187520
187551
187582
187613
187644
187675
187706
187737
187768
187799
187830
187861
187892
187923
187954
187985
188016
188047
188078
188109
188140
188171
188202
188233
188264
188295
188326
188357
188388
188419
188450
188481
188512
188543
188574
188605
188636
188667
188698
188729
188760
188791
188822
188853
188884
188915
188946
188977
189008
189039
189070
189101
189132
189163
189194
189225
189256
189287
189318
189349
189380
189411
189442
189473
189504
189535
189566
189597
189628
189659
189690
189721
189752
189783
189814
189845
189876
189907
189938
189969
190000
190031
190062
190093
190124
190155
190186
190217
190248
190279
190310
190341
190372
190403
190434
190465
190496
190527
190558
190589
190620
190651
190682
190713
190744
190775
190806
190837
190868
190899
190930
190961
190992
191023
191054
191085
191116
191147
191178
191209
191240
191271
191302
191333
191364
191395
191426
191457
191488
191519
191550
191581
191612
191643
191674
191705
191736
191767
191798
191829
191860
191891
191922
191953
191984
192015
192046
192077
192108
192139
192170
192201
192232
192263
192294
192325
192356
192387
192418
192449
192480
192511
192542
192573
192604
192635
192666
192697
192728
192759
192790
192821
192852
192883
192914
192945
192976
193007
193038
193069
193100
193131
193162
193193
193224
193255
193286
193317
193348
193379
193410
193441
193472
193503
193534
193565
193596
193627
193658
193689
193720
193751
193782
193813
193844
193875
193906
193937
193968
193999
194030
194061
194092
194123
194154
194185
194216
194247
194278
194309
194340
194371
194402
194433
194464
194495
194526
194557
194588
194619
194650
194681
194712
194743
194774
194805
194836
194867
194898
194929
194960
194991
195022
195053
195084
195115
195146
195177
195208
195239
195270
195301
195332
195363
195394
195425
195456
195487
195518
195549
195580
195611
195642
195673
195704
195735
195766
195797
195828
195859
195890
195921
195952
195983
196014
196045
196076
196107
196138
196169
196200
196231
196262
196293
196324
196355
196386
196417
196448
196479
196510
196541
196572
196603
196634
196665
196696
196727
196758
196789
196820
196851
196882
196913
196944
196975
197006
197037
197068
197099
197130
197161
197192
197223
197254
197285
197316
197347
197378
197409
197440
197471
197502
197533
197564
197595
197626
197657
197688
197719
197750
197781
197812
197843
197874
197905
197936
197967
197998
198029
198060
198091
198122
198153
198184
198215
198246
198277
198308
198339
198370
198401
198432
198463
198494
198525
198556
198587
198618
198649
198680
198711
198742
198773
198804
198835
198866
198897
198928
198959
198990
199021
199052
199083
199114
199145
199176
199207
199238
199269
199300
199331
199362
199393
199424
199455
199486
199517
199548
199579
199610
199641
199672
199703
199734
199765
199796
199827
199858
199889
199920
199951
199982
200013
200044
200075
200106
200137
200168
200199
200230
200261
200292
200323
200354
200385
200416
200447
200478
200509
200540
200571
200602
200633
200664
200695
200726
200757
200788
200819
200850
200881
200912
200943
200974
201005
201036
201067
201098
201129
201160
201191
201222
201253
201284
201315
201346
201377
201408
201439
201470
201501
201532
201563
201594
201625
201656
201687
201718
201749
201780
201811
201842
201873
201904
201935
201966
201997
202028
202059
202090
202121
202152
202183
202214
202245
202276
202307
202338
202369
202400
202431
202462
202493
202524
202555
202586
202617
202648
202679
202710
202741
202772
202803
202834
202865
202896
202927
202958
202989
203020
203051
203082
203113
203144
203175
203206
203237
203268
203299
203330
203361
203392
203423
203454
203485
203516
203547
203578
203609
203640
203671
203702
203733
203764
203795
203826
203857
203888
203919
203950
203981
204012
204043
204074
204105
204136
204167
204198
204229
204260
204291
204322
204353
204384
204415
204446
204477
204508
204539
204570
204601
204632
204663
204694
204725
204756
204787
204818
204849
204880
204911
204942
204973
205004
205035
205066
205097
205128
205159
205190
205221
205252
205283
205314
205345
205376
205407
205438
205469
205500
205531
205562
205593
205624
205655
205686
205717
205748
205779
205810
205841
205872
205903
205934
205965
205996
206027
206058
206089
206120
206151
206182
206213
206244
206275
206306
206337
206368
206399
206430
206461
206492
206523
206554
206585
206616
206647
206678
206709
206740
206771
206802
206833
206864
206895
206926
206957
206988
207019
207050
207081
207112
207143
207174
207205
207236
207267
207298
207329
207360
207391
207422
207453
207484
207515
207546
207577
207608
207639
207670
207701
207732
207763
207794
207825
207856
207887
207918
207949
207980
208011
208042
208073
208104
208135
208166
208197
208228
208259
208290
208321
208352
208383
208414
208445
208476
208507
208538
208569
208600
208631
208662
208693
208724
208755
208786
208817
208848
208879
208910
208941
208972
209003
209034
209065
209096
209127
209158
209189
209220
209251
209282
209313
209344
209375
209406
209437
209468
209499
209530
209561
209592
209623
209654
209685
209716
209747
209778
209809
209840
209871
209902
209933
209964
209995
210026
210057
210088
210119
210150
210181
210212
210243
210274
210305
210336
210367
210398
210429
210460
210491
210522
210553
210584
210615
210646
210677
210708
210739
210770
210801
210832
210863
210894
210925
210956
210987
211018
211049
211080
211111
211142
211173
211204
211235
211266
211297
211328
211359
211390
211421
211452
211483
211514
211545
211576
211607
211638
211669
211700
211731
211762
211793
211824
211855
211886
211917
211948
211979
212010
212041
212072
212103
212134
212165
212196
212227
212258
212289
212320
212351
212382
212413
212444
212475
212506
212537
212568
212599
212630
212661
212692
212723
212754
212785
212816
212847
212878
212909
212940
212971
213002
213033
213064
213095
213126
213157
213188
213219
213250
213281
213312
213343
213374
213405
213436
213467
213498
213529
213560
213591
213622
213653
213684
213715
213746
213777
213808
213839
213870
213901
213932
213963
213994
214025
214056
214087
214118
214149
214180
214211
214242
214273
214304
214335
214366
214397
214428
214459
214490
214521
214552
214583
214614
214645
214676
214707
214738
214769
214800
214831
214862
214893
214924
214955
214986
215017
215048
215079
215110
215141
215172
215203
215234
215265
215296
215327
215358
215389
215420
215451
215482
215513
215544
215575
215606
215637
215668
215699
215730
215761
215792
215823
215854
215885
215916
215947
215978
216009
216040
216071
216102
216133
216164
216195
216226
216257
216288
216319
216350
216381
216412
216443
216474
216505
216536
216567
216598
216629
216660
216691
216722
216753
216784
216815
216846
216877
216908
216939
216970
217001
217032
217063
217094
217125
217156
217187
217218
217249
217280
217311
217342
217373
217404
217435
217466
217497
217528
217559
217590
217621
217652
217683
217714
217745
217776
217807
217838
217869
217900
217931
217962
217993
218024
218055
218086
218117
218148
218179
218210
218241
218272
218303
218334
218365
218396
218427
218458
218489
218520
218551
218582
218613
218644
218675
218706
218737
218768
218799
218830
218861
218892
218923
218954
218985
219016
219047
219078
219109
219140
219171
219202
219233
219264
219295
219326
219357
219388
219419
219450
219481
219512
219543
219574
219605
219636
219667
219698
219729
219760
219791
219822
219853
219884
219915
219946
219977
220008
220039
220070
220101
220132
220163
220194
220225
220256
220287
220318
220349
220380
220411
220442
220473
220504
220535
220566
220597
220628
220659
220690
220721
220752
220783
220814
220845
220876
220907
220938
220969
221000
221031
221062
221093
221124
221155
221186
221217
221248
221279
221310
221341
221372
221403
221434
221465
221496
221527
221558
221589
221620
221651
221682
221713
221744
221775
221806
221837
221868
221899
221930
221961
221992
222023
222054
222085
222116
222147
222178
222209
222240
222271
222302
222333
222364
222395
222426
222457
222488
222519
222550
222581
222612
222643
222674
222705
222736
222767
222798
222829
222860
222891
222922
222953
222984
223015
223046
223077
223108
223139
223170
223201
223232
223263
223294
223325
223356
223387
223418
223449
223480
223511
223542
223573
223604
223635
223666
223697
223728
223759
223790
223821
223852
223883
223914
223945
223976
224007
224038
224069
224100
224131
224162
224193
224224
224255
224286
224317
224348
224379
224410
224441
224472
224503
224534
224565
224596
224627
224658
224689
224720
224751
224782
224813
224844
224875
224906
224937
224968
224999
225030
225061
225092
225123
225154
225185
225216
225247
225278
225309
225340
225371
225402
225433
225464
225495
225526
225557
225588
225619
225650
225681
225712
225743
225774
225805
225836
225867
225898
225929
225960
225991
226022
226053
226084
226115
226146
226177
226208
226239
226270
226301
226332
226363
226394
226425
226456
226487
226518
226549
226580
226611
226642
226673
226704
226735
226766
226797
226828
226859
226890
226921
226952
226983
227014
227045
227076
227107
227138
227169
227200
227231
227262
227293
227324
227355
227386
227417
227448
227479
227510
227541
227572
227603
227634
227665
227696
227727
227758
227789
227820
227851
227882
227913
227944
227975
228006
228037
228068
228099
228130
228161
228192
228223
228254
228285
228316
228347
228378
228409
228440
228471
228502
228533
228564
228595
228626
228657
228688
228719
228750
228781
228812
228843
228874
228905
228936
228967
228998
229029
229060
229091
229122
229153
229184
229215
229246
229277
229308
229339
229370
229401
229432
229463
229494
229525
229556
229587
229618
229649
229680
229711
229742
229773
229804
229835
229866
229897
229928
229959
229990
230021
230052
230083
230114
230145
230176
230207
230238
230269
230300
230331
230362
230393
230424
230455
230486
230517
230548
230579
230610
230641
230672
230703
230734
230765
230796
230827
230858
230889
230920
230951
230982
231013
231044
231075
231106
231137
231168
231199
231230
231261
231292
231323
231354
231385
231416
231447
231478
231509
231540
231571
231602
231633
231664
231695
231726
231757
231788
231819
231850
231881
231912
231943
231974
232005
232036
232067
232098
232129
232160
232191
232222
232253
232284
232315
232346
232377
232408
232439
232470
232501
232532
232563
232594
232625
232656
232687
232718
232749
232780
232811
232842
232873
232904
232935
232966
232997
233028
233059
233090
233121
233152
233183
233214
233245
233276
233307
233338
233369
233400
233431
233462
233493
233524
233555
233586
233617
233648
233679
233710
233741
233772
233803
233834
233865
233896
233927
233958
233989
234020
234051
234082
234113
234144
234175
234206
234237
234268
234299
234330
234361
234392
234423
234454
234485
234516
234547
234578
234609
234640
234671
234702
234733
234764
234795
234826
234857
234888
234919
234950
234981
235012
235043
235074
235105
235136
235167
235198
235229
235260
235291
235322
235353
235384
235415
235446
235477
235508
235539
235570
235601
235632
235663
235694
235725
235756
235787
235818
235849
235880
235911
235942
235973
236004
236035
236066
236097
236128
236159
236190
236221
236252
236283
236314
236345
236376
236407
236438
236469
236500
236531
236562
236593
236624
236655
236686
236717
236748
236779
236810
236841
236872
236903
236934
236965
236996
237027
237058
237089
237120
237151
237182
237213
237244
237275
237306
237337
237368
237399
237430
237461
237492
237523
237554
237585
237616
237647
237678
237709
237740
237771
237802
237833
237864
237895
237926
237957
237988
238019
238050
238081
238112
238143
238174
238205
238236
238267
238298
238329
238360
238391
238422
238453
238484
238515
238546
238577
238608
238639
238670
238701
238732
238763
238794
238825
238856
238887
238918
238949
238980
239011
239042
239073
239104
239135
239166
239197
239228
239259
239290
239321
239352
239383
239414
239445
239476
239507
239538
239569
239600
239631
239662
239693
239724
239755
239786
239817
239848
239879
239910
239941
239972
240003
240034
240065
240096
240127
240158
240189
240220
240251
240282
240313
240344
240375
240406
240437
240468
240499
240530
240561
240592
240623
240654
240685
240716
240747
240778
240809
240840
240871
240902
240933
240964
240995
241026
241057
241088
241119
241150
241181
241212
241243
241274
241305
241336
241367
241398
241429
241460
241491
241522
241553
241584
241615
241646
241677
241708
241739
241770
241801
241832
241863
241894
241925
241956
241987
242018
242049
242080
242111
242142
242173
242204
242235
242266
242297
242328
242359
242390
242421
242452
242483
242514
242545
242576
242607
242638
242669
242700
242731
242762
242793
242824
242855
242886
242917
242948
242979
243010
243041
243072
243103
243134
243165
243196
243227
243258
243289
243320
243351
243382
243413
243444
243475
243506
243537
243568
243599
243630
243661
243692
243723
243754
243785
243816
243847
243878
243909
243940
243971
244002
244033
244064
244095
244126
244157
244188
244219
244250
244281
244312
244343
244374
244405
244436
244467
244498
244529
244560
244591
244622
244653
244684
244715
244746
244777
244808
244839
244870
244901
244932
244963
244994
245025
245056
245087
245118
245149
245180
245211
245242
245273
245304
245335
245366
245397
245428
245459
245490
245521
245552
245583
245614
245645
245676
245707
245738
245769
245800
245831
245862
245893
245924
245955
245986
246017
246048
246079
246110
246141
246172
246203
246234
246265
246296
246327
246358
246389
246420
246451
246482
246513
246544
246575
246606
246637
246668
246699
246730
246761
246792
246823
246854
246885
246916
246947
246978
247009
247040
247071
247102
247133
247164
247195
247226
247257
247288
247319
247350
247381
247412
247443
247474
247505
247536
247567
247598
247629
247660
247691
247722
247753
247784
247815
247846
247877
247908
247939
247970
248001
248032
248063
248094
248125
248156
248187
248218
248249
248280
248311
248342
248373
248404
248435
248466
248497
248528
248559
248590
248621
248652
248683
248714
248745
248776
248807
248838
248869
248900
248931
248962
248993
249024
249055
249086
249117
249148
249179
249210
249241
249272
249303
249334
249365
249396
249427
249458
249489
249520
249551
249582
249613
249644
249675
249706
249737
249768
249799
249830
249861
249892
249923
249954
249985
250016
250047
250078
250109
250140
250171
250202
250233
250264
250295
250326
250357
250388
250419
250450
250481
250512
250543
250574
250605
250636
250667
250698
250729
250760
250791
250822
250853
250884
250915
250946
250977
251008
251039
251070
251101
251132
251163
251194
251225
251256
251287
251318
251349
251380
251411
251442
251473
251504
251535
251566
251597
251628
251659
251690
251721
251752
251783
251814
251845
251876
251907
251938
251969
252000
252031
252062
252093
252124
252155
252186
252217
252248
252279
252310
252341
252372
252403
252434
252465
252496
252527
252558
252589
252620
252651
252682
252713
252744
252775
252806
252837
252868
252899
252930
252961
252992
253023
253054
253085
253116
253147
253178
253209
253240
253271
253302
253333
253364
253395
253426
253457
253488
253519
253550
253581
253612
253643
253674
253705
253736
253767
253798
253829
253860
253891
253922
253953
253984
254015
254046
254077
254108
254139
254170
254201
254232
254263
254294
254325
254356
254387
254418
254449
254480
254511
254542
254573
254604
254635
254666
254697
254728
254759
254790
254821
254852
254883
254914
254945
254976
255007
255038
255069
255100
255131
255162
255193
255224
255255
255286
255317
255348
255379
255410
255441
255472
255503
255534
255565
255596
255627
255658
255689
255720
255751
255782
255813
255844
255875
255906
255937
255968
255999
256030
256061
256092
256123
256154
256185
256216
256247
256278
256309
256340
256371
256402
256433
256464
256495
256526
256557
256588
256619
256650
256681
256712
256743
256774
256805
256836
256867
256898
256929
256960
256991
257022
257053
257084
257115
257146
257177
257208
257239
257270
257301
257332
257363
257394
257425
257456
257487
257518
257549
257580
257611
257642
257673
257704
257735
257766
257797
257828
257859
257890
257921
257952
257983
258014
258045
258076
258107
258138
258169
258200
258231
258262
258293
258324
258355
258386
258417
258448
258479
258510
258541
258572
258603
258634
258665
258696
258727
258758
258789
258820
258851
258882
258913
258944
258975
259006
259037
259068
259099
259130
259161
259192
259223
259254
259285
259316
259347
259378
259409
259440
259471
259502
259533
259564
259595
259626
259657
259688
259719
259750
259781
259812
259843
259874
259905
259936
259967
259998
260029
260060
260091
260122
260153
260184
260215
260246
260277
260308
260339
260370
260401
260432
260463
260494
260525
260556
260587
260618
260649
260680
260711
260742
260773
260804
260835
260866
260897
260928
260959
260990
261021
261052
261083
261114
261145
261176
261207
261238
261269
261300
261331
261362
261393
261424
261455
261486
261517
261548
261579
261610
261641
261672
261703
261734
261765
261796
261827
261858
261889
261920
261951
261982
262013
262044
262075
262106
262137
262168
262199
262230
262261
262292
262323
262354
262385
262416
262447
262478
262509
262540
262571
262602
262633
262664
262695
262726
262757
262788
262819
262850
262881
262912
262943
262974
263005
263036
263067
263098
263129
263160
263191
263222
263253
263284
263315
263346
263377
263408
263439
263470
263501
263532
263563
263594
263625
263656
263687
263718
263749
263780
263811
263842
263873
263904
263935
263966
263997
264028
264059
264090
264121
264152
264183
264214
264245
264276
264307
264338
264369
264400
264431
264462
264493
264524
264555
264586
264617
264648
264679
264710
264741
264772
264803
264834
264865
264896
264927
264958
264989
265020
265051
265082
265113
265144
265175
265206
265237
265268
265299
265330
265361
265392
265423
265454
265485
265516
265547
265578
265609
265640
265671
265702
265733
265764
265795
265826
265857
265888
265919
265950
265981
266012
266043
266074
266105
266136
266167
266198
266229
266260
266291
266322
266353
266384
266415
266446
266477
266508
266539
266570
266601
266632
266663
266694
266725
266756
266787
266818
266849
266880
266911
266942
266973
267004
267035
267066
267097
267128
267159
267190
267221
267252
267283
267314
267345
267376
267407
267438
267469
267500
267531
267562
267593
267624
267655
267686
267717
267748
267779
267810
267841
267872
267903
267934
267965
267996
268027
268058
268089
268120
268151
268182
268213
268244
268275
268306
268337
268368
268399
268430
268461
268492
268523
268554
268585
268616
268647
268678
268709
268740
268771
268802
268833
268864
268895
268926
268957
268988
269019
269050
269081
269112
269143
269174
269205
269236
269267
269298
269329
269360
269391
269422
269453
269484
269515
269546
269577
269608
269639
269670
269701
269732
269763
269794
269825
269856
269887
269918
269949
269980
270011
270042
270073
270104
270135
270166
270197
270228
270259
270290
270321
270352
270383
270414
270445
270476
270507
270538
270569
270600
270631
270662
270693
270724
270755
270786
270817
270848
270879
270910
270941
270972
271003
271034
271065
271096
271127
271158
271189
271220
271251
271282
271313
271344
271375
271406
271437
271468
271499
271530
271561
271592
271623
271654
271685
271716
271747
271778
271809
271840
271871
271902
271933
271964
271995
272026
272057
272088
272119
272150
272181
272212
272243
272274
272305
272336
272367
272398
272429
272460
272491
272522
272553
272584
272615
272646
272677
272708
272739
272770
272801
272832
272863
272894
272925
272956
272987
273018
273049
273080
273111
273142
273173
273204
273235
273266
273297
273328
273359
273390
273421
273452
273483
273514
273545
273576
273607
273638
273669
273700
273731
273762
273793
273824
273855
273886
273917
273948
273979
274010
274041
274072
274103
274134
274165
274196
274227
274258
274289
274320
274351
274382
274413
274444
274475
274506
274537
274568
274599
274630
274661
274692
274723
274754
274785
274816
274847
274878
274909
274940
274971
275002
275033
275064
275095
275126
275157
275188
275219
275250
275281
275312
275343
275374
275405
275436
275467
275498
275529
275560
275591
275622
275653
275684
275715
275746
275777
275808
275839
275870
275901
275932
275963
275994
276025
276056
276087
276118
276149
276180
276211
276242
276273
276304
276335
276366
276397
276428
276459
276490
276521
276552
276583
276614
276645
276676
276707
276738
276769
276800
276831
276862
276893
276924
276955
276986
277017
277048
277079
277110
277141
277172
277203
277234
277265
277296
277327
277358
277389
277420
277451
277482
277513
277544
277575
277606
277637
277668
277699
277730
277761
277792
277823
277854
277885
277916
277947
277978
278009
278040
278071
278102
278133
278164
278195
278226
278257
278288
278319
278350
278381
278412
278443
278474
278505
278536
278567
278598
278629
278660
278691
278722
278753
278784
278815
278846
278877
278908
278939
278970
279001
279032
279063
279094
279125
279156
279187
279218
279249
279280
279311
279342
279373
279404
279435
279466
279497
279528
279559
279590
279621
279652
279683
279714
279745
279776
279807
279838
279869
279900
279931
279962
279993
280024
280055
280086
280117
280148
280179
280210
280241
280272
280303
280334
280365
280396
280427
280458
280489
280520
280551
280582
280613
280644
280675
280706
280737
280768
280799
280830
280861
280892
280923
280954
280985
281016
281047
281078
281109
281140
281171
281202
281233
281264
281295
281326
281357
281388
281419
281450
281481
281512
281543
281574
281605
281636
281667
281698
281729
281760
281791
281822
281853
281884
281915
281946
281977
282008
282039
282070
282101
282132
282163
282194
282225
282256
282287
282318
282349
282380
282411
282442
282473
282504
282535
282566
282597
282628
282659
282690
282721
282752
282783
282814
282845
282876
282907
282938
282969
283000
283031
283062
283093
283124
283155
283186
283217
283248
283279
283310
283341
283372
283403
283434
283465
283496
283527
283558
283589
283620
283651
283682
283713
283744
283775
283806
283837
283868
283899
283930
283961
283992
284023
284054
284085
284116
284147
284178
284209
284240
284271
284302
284333
284364
284395
284426
284457
284488
284519
284550
284581
284612
284643
284674
284705
284736
284767
284798
284829
284860
284891
284922
284953
284984
285015
285046
285077
285108
285139
285170
285201
285232
285263
285294
285325
285356
285387
285418
285449
285480
285511
285542
285573
285604
285635
285666
285697
285728
285759
285790
285821
285852
285883
285914
285945
285976
286007
286038
286069
286100
286131
286162
286193
286224
286255
286286
286317
286348
286379
286410
286441
286472
286503
286534
286565
286596
286627
286658
286689
286720
286751
286782
286813
286844
286875
286906
286937
286968
286999
287030
287061
287092
287123
287154
287185
287216
287247
287278
287309
287340
287371
287402
287433
287464
287495
287526
287557
287588
287619
287650
287681
287712
287743
287774
287805
287836
287867
287898
287929
287960
287991
288022
288053
288084
288115
288146
288177
288208
288239
288270
288301
288332
288363
288394
288425
288456
288487
288518
288549
288580
288611
288642
288673
288704
288735
288766
288797
288828
288859
288890
288921
288952
288983
289014
289045
289076
289107
289138
289169
289200
289231
289262
289293
289324
289355
289386
289417
289448
289479
289510
289541
289572
289603
289634
289665
289696
289727
289758
289789
289820
289851
289882
289913
289944
289975
290006
290037
290068
290099
290130
290161
290192
290223
290254
290285
290316
290347
290378
290409
290440
290471
290502
290533
290564
290595
290626
290657
290688
290719
290750
290781
290812
290843
290874
290905
290936
290967
290998
291029
291060
291091
291122
291153
291184
291215
291246
291277
291308
291339
291370
291401
291432
291463
291494
291525
291556
291587
291618
291649
291680
291711
291742
291773
291804
291835
291866
291897
291928
291959
291990
292021
292052
292083
292114
292145
292176
292207
292238
292269
292300
292331
292362
292393
292424
292455
292486
292517
292548
292579
292610
292641
292672
292703
292734
292765
292796
292827
292858
292889
292920
292951
292982
293013
293044
293075
293106
293137
293168
293199
293230
293261
293292
293323
293354
293385
293416
293447
293478
293509
293540
293571
293602
293633
293664
293695
293726
293757
293788
293819
293850
293881
293912
293943
293974
294005
294036
294067
294098
294129
294160
294191
294222
294253
294284
294315
294346
294377
294408
294439
294470
294501
294532
294563
294594
294625
294656
294687
294718
294749
294780
294811
294842
294873
294904
294935
294966
294997
295028
295059
295090
295121
295152
295183
295214
295245
295276
295307
295338
295369
295400
295431
295462
295493
295524
295555
295586
295617
295648
295679
295710
295741
295772
295803
295834
295865
295896
295927
295958
295989
296020
296051
296082
296113
296144
296175
296206
296237
296268
296299
296330
296361
296392
296423
296454
296485
296516
296547
296578
296609
296640
296671
296702
296733
296764
296795
296826
296857
296888
296919
296950
296981
297012
297043
297074
297105
297136
297167
297198
297229
297260
297291
297322
297353
297384
297415
297446
297477
297508
297539
297570
297601
297632
297663
297694
297725
297756
297787
297818
297849
297880
297911
297942
297973
298004
298035
298066
298097
298128
298159
298190
298221
298252
298283
298314
298345
298376
298407
298438
298469
298500
298531
298562
298593
298624
298655
298686
298717
298748
298779
298810
298841
298872
298903
298934
298965
298996
299027
299058
299089
299120
299151
299182
299213
299244
299275
299306
299337
299368
299399
299430
299461
299492
299523
299554
299585
299616
299647
299678
299709
299740
299771
299802
299833
299864
299895
299926
299957
299988
300019
300050
300081
300112
300143
300174
300205
300236
300267
300298
300329
300360
300391
300422
300453
300484
300515
300546
300577
300608
300639
300670
300701
300732
300763
300794
300825
300856
300887
300918
300949
300980
301011
301042
301073
301104
301135
301166
301197
301228
301259
301290
301321
301352
301383
301414
301445
301476
301507
301538
301569
301600
301631
301662
301693
301724
301755
301786
301817
301848
301879
301910
301941
301972
302003
302034
302065
302096
302127
302158
302189
302220
302251
302282
302313
302344
302375
302406
302437
302468
302499
302530
302561
302592
302623
302654
302685
302716
302747
302778
302809
302840
302871
302902
302933
302964
302995
303026
303057
303088
303119
303150
303181
303212
303243
303274
303305
303336
303367
303398
303429
303460
303491
303522
303553
303584
303615
303646
303677
303708
303739
303770
303801
303832
303863
303894
303925
303956
303987
304018
304049
304080
304111
304142
304173
304204
304235
304266
304297
304328
304359
304390
304421
304452
304483
304514
304545
304576
304607
304638
304669
304700
304731
304762
304793
304824
304855
304886
304917
304948
304979
305010
305041
305072
305103
305134
305165
305196
305227
305258
305289
305320
305351
305382
305413
305444
305475
305506
305537
305568
305599
305630
305661
305692
305723
305754
305785
305816
305847
305878
305909
305940
305971
306002
306033
306064
306095
306126
306157
306188
306219
306250
306281
306312
306343
306374
306405
306436
306467
306498
306529
306560
306591
306622
306653
306684
306715
306746
306777
306808
306839
306870
306901
306932
306963
306994
307025
307056
307087
307118
307149
307180
307211
307242
307273
307304
307335
307366
307397
307428
307459
307490
307521
307552
307583
307614
307645
307676
307707
307738
307769
307800
307831
307862
307893
307924
307955
307986
308017
308048
308079
308110
308141
308172
308203
308234
308265
308296
308327
308358
308389
308420
308451
308482
308513
308544
308575
308606
308637
308668
308699
308730
308761
308792
308823
308854
308885
308916
308947
308978
309009
309040
309071
309102
309133
309164
309195
309226
309257
309288
309319
309350
309381
309412
309443
309474
309505
309536
309567
309598
309629
309660
309691
309722
309753
309784
309815
309846
309877
309908
309939
309970
310001
310032
310063
310094
310125
310156
310187
310218
310249
310280
310311
310342
310373
310404
310435
310466
310497
310528
310559
310590
310621
310652
310683
310714
310745
310776
310807
310838
310869
310900
310931
310962
310993
311024
311055
311086
311117
311148
311179
311210
311241
311272
311303
311334
311365
311396
311427
311458
311489
311520
311551
311582
311613
311644
311675
311706
311737
311768
311799
311830
311861
311892
311923
311954
311985
312016
312047
312078
312109
312140
312171
312202
312233
312264
312295
312326
312357
312388
312419
312450
312481
312512
312543
312574
312605
312636
312667
312698
312729
312760
312791
312822
312853
312884
312915
312946
312977
313008
313039
313070
313101
313132
313163
313194
313225
313256
313287
313318
313349
313380
313411
313442
313473
313504
313535
313566
313597
313628
313659
313690
313721
313752
313783
313814
313845
313876
313907
313938
313969
314000
314031
314062
314093
314124
314155
314186
314217
314248
314279
314310
314341
314372
314403
314434
314465
314496
314527
314558
314589
314620
314651
314682
314713
314744
314775
314806
314837
314868
314899
314930
314961
314992
315023
315054
315085
315116
315147
315178
315209
315240
315271
315302
315333
315364
315395
315426
315457
315488
315519
315550
315581
315612
315643
315674
315705
315736
315767
315798
315829
315860
315891
315922
315953
315984
316015
316046
316077
316108
316139
316170
316201
316232
316263
316294
316325
316356
316387
316418
316449
316480
316511
316542
316573
316604
316635
316666
316697
316728
316759
316790
316821
316852
316883
316914
316945
316976
317007
317038
317069
317100
317131
317162
317193
317224
317255
317286
317317
317348
317379
317410
317441
317472
317503
317534
317565
317596
317627
317658
317689
317720
317751
317782
317813
317844
317875
317906
317937
317968
317999
318030
318061
318092
318123
318154
318185
318216
318247
318278
318309
318340
318371
318402
318433
318464
318495
318526
318557
318588
318619
318650
318681
318712
318743
318774
318805
318836
318867
318898
318929
318960
318991
319022
319053
319084
319115
319146
319177
319208
319239
319270
319301
319332
319363
319394
319425
319456
319487
319518
319549
319580
319611
319642
319673
319704
319735
319766
319797
319828
319859
319890
319921
319952
319983
320014
320045
320076
320107
320138
320169
320200
320231
320262
320293
320324
320355
320386
320417
320448
320479
320510
320541
320572
320603
320634
320665
320696
320727
320758
320789
320820
320851
320882
320913
320944
320975
321006
321037
321068
321099
321130
321161
321192
321223
321254
321285
321316
321347
321378
321409
321440
321471
321502
321533
321564
321595
321626
321657
321688
321719
321750
321781
321812
321843
321874
321905
321936
321967
321998
322029
322060
322091
322122
322153
322184
322215
322246
322277
322308
322339
322370
322401
322432
322463
322494
322525
322556
322587
322618
322649
322680
322711
322742
322773
322804
322835
322866
322897
322928
322959
322990
323021
323052
323083
323114
323145
323176
323207
323238
323269
323300
323331
323362
323393
323424
323455
323486
323517
323548
323579
323610
323641
323672
323703
323734
323765
323796
323827
323858
323889
323920
323951
323982
324013
324044
324075
324106
324137
324168
324199
324230
324261
324292
324323
324354
324385
324416
324447
324478
324509
324540
324571
324602
324633
324664
324695
324726
324757
324788
324819
324850
324881
324912
324943
324974
325005
325036
325067
325098
325129
325160
325191
325222
325253
325284
325315
325346
325377
325408
325439
325470
325501
325532
325563
325594
325625
325656
325687
325718
325749
325780
325811
325842
325873
325904
325935
325966
325997
326028
326059
326090
326121
326152
326183
326214
326245
326276
326307
326338
326369
326400
326431
326462
326493
326524
326555
326586
326617
326648
326679
326710
326741
326772
326803
326834
326865
326896
326927
326958
326989
327020
327051
327082
327113
327144
327175
327206
327237
327268
327299
327330
327361
327392
327423
327454
327485
327516
327547
327578
327609
327640
327671
327702
327733
327764
327795
327826
327857
327888
327919
327950
327981
328012
328043
328074
328105
328136
328167
328198
328229
328260
328291
328322
328353
328384
328415
328446
328477
328508
328539
328570
328601
328632
328663
328694
328725
328756
328787
328818
328849
328880
328911
328942
328973
329004
329035
329066
329097
329128
329159
329190
329221
329252
329283
329314
329345
329376
329407
329438
329469
329500
329531
329562
329593
329624
329655
329686
329717
329748
329779
329810
329841
329872
329903
329934
329965
329996
330027
330058
330089
330120
330151
330182
330213
330244
330275
330306
330337
330368
330399
330430
330461
330492
330523
330554
330585
330616
330647
330678
330709
330740
330771
330802
330833
330864
330895
330926
330957
330988
331019
331050
331081
331112
331143
331174
331205
331236
331267
331298
331329
331360
331391
331422
331453
331484
331515
331546
331577
331608
331639
331670
331701
331732
331763
331794
331825
331856
331887
331918
331949
331980
332011
332042
332073
332104
332135
332166
332197
332228
332259
332290
332321
332352
332383
332414
332445
332476
332507
332538
332569
332600
332631
332662
332693
332724
332755
332786
332817
332848
332879
332910
332941
332972
333003
333034
333065
333096
333127
333158
333189
333220
333251
333282
333313
333344
333375
333406
333437
333468
333499
333530
333561
333592
333623
333654
333685
333716
333747
333778
333809
333840
333871
333902
333933
333964
333995
334026
334057
334088
334119
334150
334181
334212
334243
334274
334305
334336
334367
334398
334429
334460
334491
334522
334553
334584
334615
334646
334677
334708
334739
334770
334801
334832
334863
334894
334925
334956
334987
335018
335049
335080
335111
335142
335173
335204
335235
335266
335297
335328
335359
335390
335421
335452
335483
335514
335545
335576
335607
335638
335669
335700
335731
335762
335793
335824
335855
335886
335917
335948
335979
336010
336041
336072
336103
336134
336165
336196
336227
336258
336289
336320
336351
336382
336413
336444
336475
336506
336537
336568
336599
336630
336661
336692
336723
336754
336785
336816
336847
336878
336909
336940
336971
337002
337033
337064
337095
337126
337157
337188
337219
337250
337281
337312
337343
337374
337405
337436
337467
337498
337529
337560
337591
337622
337653
337684
337715
337746
337777
337808
337839
337870
337901
337932
337963
337994
338025
338056
338087
338118
338149
338180
338211
338242
338273
338304
338335
338366
338397
338428
338459
338490
338521
338552
338583
338614
338645
338676
338707
338738
338769
338800
338831
338862
338893
338924
338955
338986
339017
339048
339079
339110
339141
339172
339203
339234
339265
339296
339327
339358
339389
339420
339451
339482
339513
339544
339575
339606
339637
339668
339699
339730
339761
339792
339823
339854
339885
339916
339947
339978
340009
340040
340071
340102
340133
340164
340195
340226
340257
340288
340319
340350
340381
340412
340443
340474
340505
340536
340567
340598
340629
340660
340691
340722
340753
340784
340815
340846
340877
340908
340939
340970
341001
341032
341063
341094
341125
341156
341187
341218
341249
341280
341311
341342
341373
341404
341435
341466
341497
341528
341559
341590
341621
341652
341683
341714
341745
341776
341807
341838
341869
341900
341931
341962
341993
342024
342055
342086
342117
342148
342179
342210
342241
342272
342303
342334
342365
342396
342427
342458
342489
342520
342551
342582
342613
342644
342675
342706
342737
342768
342799
342830
342861
342892
342923
342954
342985
343016
343047
343078
343109
343140
343171
343202
343233
343264
343295
343326
343357
343388
343419
343450
343481
343512
343543
343574
343605
343636
343667
343698
343729
343760
343791
343822
343853
343884
343915
343946
343977
344008
344039
344070
344101
344132
344163
344194
344225
344256
344287
344318
344349
344380
344411
344442
344473
344504
344535
344566
344597
344628
344659
344690
344721
344752
344783
344814
344845
344876
344907
344938
344969
345000
345031
345062
345093
345124
345155
345186
345217
345248
345279
345310
345341
345372
345403
345434
345465
345496
345527
345558
345589
345620
345651
345682
345713
345744
345775
345806
345837
345868
345899
345930
345961
345992
346023
346054
346085
346116
346147
346178
346209
346240
346271
346302
346333
346364
346395
346426
346457
346488
346519
346550
346581
346612
346643
346674
346705
346736
346767
346798
346829
346860
346891
346922
346953
346984
347015
347046
347077
347108
347139
347170
347201
347232
347263
347294
347325
347356
347387
347418
347449
347480
347511
347542
347573
347604
347635
347666
347697
347728
347759
347790
347821
347852
347883
347914
347945
347976
348007
348038
348069
348100
348131
348162
348193
348224
348255
348286
348317
348348
348379
348410
348441
348472
348503
348534
348565
348596
348627
348658
348689
348720
348751
348782
348813
348844
348875
348906
348937
348968
348999
349030
349061
349092
349123
349154
349185
349216
349247
349278
349309
349340
349371
349402
349433
349464
349495
349526
349557
349588
349619
349650
349681
349712
349743
349774
349805
349836
349867
349898
349929
349960
349991
350022
350053
350084
350115
350146
350177
350208
350239
350270
350301
350332
350363
350394
350425
350456
350487
350518
350549
350580
350611
350642
350673
350704
350735
350766
350797
350828
350859
350890
350921
350952
350983
351014
351045
351076
351107
351138
351169
351200
351231
351262
351293
351324
351355
351386
351417
351448
351479
351510
351541
351572
351603
351634
351665
351696
351727
351758
351789
351820
351851
351882
351913
351944
351975
352006
352037
352068
352099
352130
352161
352192
352223
352254
352285
352316
352347
352378
352409
352440
352471
352502
352533
352564
352595
352626
352657
352688
352719
352750
352781
352812
352843
352874
352905
352936
352967
352998
353029
353060
353091
353122
353153
353184
353215
353246
353277
353308
353339
353370
353401
353432
353463
353494
353525
353556
353587
353618
353649
353680
353711
353742
353773
353804
353835
353866
353897
353928
353959
353990
354021
354052
354083
354114
354145
354176
354207
354238
354269
354300
354331
354362
354393
354424
354455
354486
354517
354548
354579
354610
354641
354672
354703
354734
354765
354796
354827
354858
354889
354920
354951
354982
355013
355044
355075
355106
355137
355168
355199
355230
355261
355292
355323
355354
355385
355416
355447
355478
355509
355540
355571
355602
355633
355664
355695
355726
355757
355788
355819
355850
355881
355912
355943
355974
356005
356036
356067
356098
356129
356160
356191
356222
356253
356284
356315
356346
356377
356408
356439
356470
356501
356532
356563
356594
356625
356656
356687
356718
356749
356780
356811
356842
356873
356904
356935
356966
356997
357028
357059
357090
357121
357152
357183
357214
357245
357276
357307
357338
357369
357400
357431
357462
357493
357524
357555
357586
357617
357648
357679
357710
357741
357772
357803
357834
357865
357896
357927
357958
357989
358020
358051
358082
358113
358144
358175
358206
358237
358268
358299
358330
358361
358392
358423
358454
358485
358516
358547
358578
358609
358640
358671
358702
358733
358764
358795
358826
358857
358888
358919
358950
358981
359012
359043
359074
359105
359136
359167
359198
359229
359260
359291
359322
359353
359384
359415
359446
359477
359508
359539
359570
359601
359632
359663
359694
359725
359756
359787
359818
359849
359880
359911
359942
359973
360004
360035
360066
360097
360128
360159
360190
360221
360252
360283
360314
360345
360376
360407
360438
360469
360500
360531
360562
360593
360624
360655
360686
360717
360748
360779
360810
360841
360872
360903
360934
360965
360996
361027
361058
361089
361120
361151
361182
361213
361244
361275
361306
361337
361368
361399
361430
361461
361492
361523
361554
361585
361616
361647
361678
361709
361740
361771
361802
361833
361864
361895
361926
361957
361988
362019
362050
362081
362112
362143
362174
362205
362236
362267
362298
362329
362360
362391
362422
362453
362484
362515
362546
362577
362608
362639
362670
362701
362732
362763
362794
362825
362856
362887
362918
362949
362980
363011
363042
363073
363104
363135
363166
363197
363228
363259
363290
363321
363352
363383
363414
363445
363476
363507
363538
363569
363600
363631
363662
363693
363724
363755
363786
363817
363848
363879
363910
363941
363972
364003
364034
364065
364096
364127
364158
364189
364220
364251
364282
364313
364344
364375
364406
364437
364468
364499
364530
364561
364592
364623
364654
364685
364716
364747
364778
364809
364840
364871
364902
364933
364964
364995
365026
365057
365088
365119
365150
365181
365212
365243
365274
365305
365336
365367
365398
365429
365460
365491
365522
365553
365584
365615
365646
365677
365708
365739
365770
365801
365832
365863
365894
365925
365956
365987
366018
366049
366080
366111
366142
366173
366204
366235
366266
366297
366328
366359
366390
366421
366452
366483
366514
366545
366576
366607
366638
366669
366700
366731
366762
366793
366824
366855
366886
366917
366948
366979
367010
367041
367072
367103
367134
367165
367196
367227
367258
367289
367320
367351
367382
367413
367444
367475
367506
367537
367568
367599
367630
367661
367692
367723
367754
367785
367816
367847
367878
367909
367940
367971
368002
368033
368064
368095
368126
368157
368188
368219
368250
368281
368312
368343
368374
368405
368436
368467
368498
368529
368560
368591
368622
368653
368684
368715
368746
368777
368808
368839
368870
368901
368932
368963
368994
369025
369056
369087
369118
369149
369180
369211
369242
369273
369304
369335
369366
369397
369428
369459
369490
369521
369552
369583
369614
369645
369676
369707
369738
369769
369800
369831
369862
369893
369924
369955
369986
370017
370048
370079
370110
370141
370172
370203
370234
370265
370296
370327
370358
370389
370420
370451
370482
370513
370544
370575
370606
370637
370668
370699
370730
370761
370792
370823
370854
370885
370916
370947
370978
371009
371040
371071
371102
371133
371164
371195
371226
371257
371288
371319
371350
371381
371412
371443
371474
371505
371536
371567
371598
371629
371660
371691
371722
371753
371784
371815
371846
371877
371908
371939
371970
372001
372032
372063
372094
372125
372156
372187
372218
372249
372280
372311
372342
372373
372404
372435
372466
372497
372528
372559
372590
372621
372652
372683
372714
372745
372776
372807
372838
372869
372900
372931
372962
372993
373024
373055
373086
373117
373148
373179
373210
373241
373272
373303
373334
373365
373396
373427
373458
373489
373520
373551
373582
373613
373644
373675
373706
373737
373768
373799
373830
373861
373892
373923
373954
373985
374016
374047
374078
374109
374140
374171
374202
374233
374264
374295
374326
374357
374388
374419
374450
374481
374512
374543
374574
374605
374636
374667
374698
374729
374760
374791
374822
374853
374884
374915
374946
374977
375008
375039
375070
375101
375132
375163
375194
375225
375256
375287
375318
375349
375380
375411
375442
375473
375504
375535
375566
375597
375628
375659
375690
375721
375752
375783
375814
375845
375876
375907
375938
375969
376000
376031
376062
376093
376124
376155
376186
376217
376248
376279
376310
376341
376372
376403
376434
376465
376496
376527
376558
376589
376620
376651
376682
376713
376744
376775
376806
376837
376868
376899
376930
376961
376992
377023
377054
377085
377116
377147
377178
377209
377240
377271
377302
377333
377364
377395
377426
377457
377488
377519
377550
377581
377612
377643
377674
377705
377736
377767
377798
377829
377860
377891
377922
377953
377984
378015
378046
378077
378108
378139
378170
378201
378232
378263
378294
378325
378356
378387
378418
378449
378480
378511
378542
378573
378604
378635
378666
378697
378728
378759
378790
378821
378852
378883
378914
378945
378976
379007
379038
379069
379100
379131
379162
379193
379224
379255
379286
379317
379348
379379
379410
379441
379472
379503
379534
379565
379596
379627
379658
379689
379720
379751
379782
379813
379844
379875
379906
379937
379968
379999
380030
380061
380092
380123
380154
380185
380216
380247
380278
380309
380340
380371
380402
380433
380464
380495
380526
380557
380588
380619
380650
380681
380712
380743
380774
380805
380836
380867
380898
380929
380960
380991
381022
381053
381084
381115
381146
381177
381208
381239
381270
381301
381332
381363
381394
381425
381456
381487
381518
381549
381580
381611
381642
381673
381704
381735
381766
381797
381828
381859
381890
381921
381952
381983
382014
382045
382076
382107
382138
382169
382200
382231
382262
382293
382324
382355
382386
382417
382448
382479
382510
382541
382572
382603
382634
382665
382696
382727
382758
382789
382820
382851
382882
382913
382944
382975
383006
383037
383068
383099
383130
383161
383192
383223
383254
383285
383316
383347
383378
383409
383440
383471
383502
383533
383564
383595
383626
383657
383688
383719
383750
383781
383812
383843
383874
383905
383936
383967
383998
384029
384060
384091
384122
384153
384184
384215
384246
384277
384308
384339
384370
384401
384432
384463
384494
384525
384556
384587
384618
384649
384680
384711
384742
384773
384804
384835
384866
384897
384928
384959
384990
385021
385052
385083
385114
385145
385176
385207
385238
385269
385300
385331
385362
385393
385424
385455
385486
385517
385548
385579
385610
385641
385672
385703
385734
385765
385796
385827
385858
385889
385920
385951
385982
386013
386044
386075
386106
386137
386168
386199
386230
386261
386292
386323
386354
386385
386416
386447
386478
386509
386540
386571
386602
386633
386664
386695
386726
386757
386788
386819
386850
386881
386912
386943
386974
387005
387036
387067
387098
387129
387160
387191
387222
387253
387284
387315
387346
387377
387408
387439
387470
387501
387532
387563
387594
387625
387656
387687
387718
387749
387780
387811
387842
387873
387904
387935
387966
387997
388028
388059
388090
388121
388152
388183
388214
388245
388276
388307
388338
388369
388400
388431
388462
388493
388524
388555
388586
388617
388648
388679
388710
388741
388772
388803
388834
388865
388896
388927
388958
388989
389020
389051
389082
389113
389144
389175
389206
389237
389268
389299
389330
389361
389392
389423
389454
389485
389516
389547
389578
389609
389640
389671
389702
389733
389764
389795
389826
389857
389888
389919
389950
389981
390012
390043
390074
390105
390136
390167
390198
390229
390260
390291
390322
390353
390384
390415
390446
390477
390508
390539
390570
390601
390632
390663
390694
390725
390756
390787
390818
390849
390880
390911
390942
390973
391004
391035
391066
391097
391128
391159
391190
391221
391252
391283
391314
391345
391376
391407
391438
391469
391500
391531
391562
391593
391624
391655
391686
391717
391748
391779
391810
391841
391872
391903
391934
391965
391996
392027
392058
392089
392120
392151
392182
392213
392244
392275
392306
392337
392368
392399
392430
392461
392492
392523
392554
392585
392616
392647
392678
392709
392740
392771
392802
392833
392864
392895
392926
392957
392988
393019
393050
393081
393112
393143
393174
393205
393236
393267
393298
393329
393360
393391
393422
393453
393484
393515
393546
393577
393608
393639
393670
393701
393732
393763
393794
393825
393856
393887
393918
393949
393980
394011
394042
394073
394104
394135
394166
394197
394228
394259
394290
394321
394352
394383
394414
394445
394476
394507
394538
394569
394600
394631
394662
394693
394724
394755
394786
394817
394848
394879
394910
394941
394972
395003
395034
395065
395096
395127
395158
395189
395220
395251
395282
395313
395344
395375
395406
395437
395468
395499
395530
395561
395592
395623
395654
395685
395716
395747
395778
395809
395840
395871
395902
395933
395964
395995
396026
396057
396088
396119
396150
396181
396212
396243
396274
396305
396336
396367
396398
396429
396460
396491
396522
396553
396584
396615
396646
396677
396708
396739
396770
396801
396832
396863
396894
396925
396956
396987
397018
397049
397080
397111
397142
397173
397204
397235
397266
397297
397328
397359
397390
397421
397452
397483
397514
397545
397576
397607
397638
397669
397700
397731
397762
397793
397824
397855
397886
397917
397948
397979
398010
398041
398072
398103
398134
398165
398196
398227
398258
398289
398320
398351
398382
398413
398444
398475
398506
398537
398568
398599
398630
398661
398692
398723
398754
398785
398816
398847
398878
398909
398940
398971
399002
399033
399064
399095
399126
399157
399188
399219
399250
399281
399312
399343
399374
399405
399436
399467
399498
399529
399560
399591
399622
399653
399684
399715
399746
399777
399808
399839
399870
399901
399932
399963
399994
400025
400056
400087
400118
400149
400180
400211
400242
400273
400304
400335
400366
400397
400428
400459
400490
400521
400552
400583
400614
400645
400676
400707
400738
400769
400800
400831
400862
400893
400924
400955
400986
401017
401048
401079
401110
401141
401172
401203
401234
401265
401296
401327
401358
401389
401420
401451
401482
401513
401544
401575
401606
401637
401668
401699
401730
401761
401792
401823
401854
401885
401916
401947
401978
402009
402040
402071
402102
402133
402164
402195
402226
402257
402288
402319
402350
402381
402412
402443
402474
402505
402536
402567
402598
402629
402660
402691
402722
402753
402784
402815
402846
402877
402908
402939
402970
403001
403032
403063
403094
403125
403156
403187
403218
403249
403280
403311
403342
403373
403404
403435
403466
403497
403528
403559
403590
403621
403652
403683
403714
403745
403776
403807
403838
403869
403900
403931
403962
403993
404024
404055
404086
404117
404148
404179
404210
404241
404272
404303
404334
404365
404396
404427
404458
404489
404520
404551
404582
404613
404644
404675
404706
404737
404768
404799
404830
404861
404892
404923
404954
404985
405016
405047
405078
405109
405140
405171
405202
405233
405264
405295
405326
405357
405388
405419
405450
405481
405512
405543
405574
405605
405636
405667
405698
405729
405760
405791
405822
405853
405884
405915
405946
405977
406008
406039
406070
406101
406132
406163
406194
406225
406256
406287
406318
406349
406380
406411
406442
406473
406504
406535
406566
406597
406628
406659
406690
406721
406752
406783
406814
406845
406876
406907
406938
406969
407000
407031
407062
407093
407124
407155
407186
407217
407248
407279
407310
407341
407372
407403
407434
407465
407496
407527
407558
407589
407620
407651
407682
407713
407744
407775
407806
407837
407868
407899
407930
407961
407992
408023
408054
408085
408116
408147
408178
408209
408240
408271
408302
408333
408364
408395
408426
408457
408488
408519
408550
408581
408612
408643
408674
408705
408736
408767
408798
408829
408860
408891
408922
408953
408984
409015
409046
409077
409108
409139
409170
409201
409232
409263
409294
409325
409356
409387
409418
409449
409480
409511
409542
409573
409604
409635
409666
409697
409728
409759
409790
409821
409852
409883
409914
409945
409976
410007
410038
410069
410100
410131
410162
410193
410224
410255
410286
410317
410348
410379
410410
410441
410472
410503
410534
410565
410596
410627
410658
410689
410720
410751
410782
410813
410844
410875
410906
410937
410968
410999
411030
411061
411092
411123
411154
411185
411216
411247
411278
411309
411340
411371
411402
411433
411464
411495
411526
411557
411588
411619
411650
411681
411712
411743
411774
411805
411836
411867
411898
411929
411960
411991
412022
412053
412084
412115
412146
412177
412208
412239
412270
412301
412332
412363
412394
412425
412456
412487
412518
412549
412580
412611
412642
412673
412704
412735
412766
412797
412828
412859
412890
412921
412952
412983
413014
413045
413076
413107
413138
413169
413200
413231
413262
413293
413324
413355
413386
413417
413448
413479
413510
413541
413572
413603
413634
413665
413696
413727
413758
413789
413820
413851
413882
413913
413944
413975
414006
414037
414068
414099
414130
414161
414192
414223
414254
414285
414316
414347
414378
414409
414440
414471
414502
414533
414564
414595
414626
414657
414688
414719
414750
414781
414812
414843
414874
414905
414936
414967
414998
415029
415060
415091
415122
415153
415184
415215
415246
415277
415308
415339
415370
415401
415432
415463
415494
415525
415556
415587
415618
415649
415680
415711
415742
415773
415804
415835
415866
415897
415928
415959
415990
416021
416052
416083
416114
416145
416176
416207
416238
416269
416300
416331
416362
416393
416424
416455
416486
416517
416548
416579
416610
416641
416672
416703
416734
416765
416796
416827
416858
416889
416920
416951
416982
417013
417044
417075
417106
417137
417168
417199
417230
417261
417292
417323
417354
417385
417416
417447
417478
417509
417540
417571
417602
417633
417664
417695
417726
417757
417788
417819
417850
417881
417912
417943
417974
418005
418036
418067
418098
418129
418160
418191
418222
418253
418284
418315
418346
418377
418408
418439
418470
418501
418532
418563
418594
418625
418656
418687
418718
418749
418780
418811
418842
418873
418904
418935
418966
418997
419028
419059
419090
419121
419152
419183
419214
419245
419276
419307
419338
419369
419400
419431
419462
419493
419524
419555
419586
419617
419648
419679
419710
419741
419772
419803
419834
419865
419896
419927
419958
419989
420020
420051
420082
420113
420144
420175
420206
420237
420268
420299
420330
420361
420392
420423
420454
420485
420516
420547
420578
420609
420640
420671
420702
420733
420764
420795
420826
420857
420888
420919
420950
420981
421012
421043
421074
421105
421136
421167
421198
421229
421260
421291
421322
421353
421384
421415
421446
421477
421508
421539
421570
421601
421632
421663
421694
421725
421756
421787
421818
421849
421880
421911
421942
421973
422004
422035
422066
422097
422128
422159
422190
422221
422252
422283
422314
422345
422376
422407
422438
422469
422500
422531
422562
422593
422624
422655
422686
422717
422748
422779
422810
422841
422872
422903
422934
422965
422996
423027
423058
423089
423120
423151
423182
423213
423244
423275
423306
423337
423368
423399
423430
423461
423492
423523
423554
423585
423616
423647
423678
423709
423740
423771
423802
423833
423864
423895
423926
423957
423988
424019
424050
424081
424112
424143
424174
424205
424236
424267
424298
424329
424360
424391
424422
424453
424484
424515
424546
424577
424608
424639
424670
424701
424732
424763
424794
424825
424856
424887
424918
424949
424980
425011
425042
425073
425104
425135
425166
425197
425228
425259
425290
425321
425352
425383
425414
425445
425476
425507
425538
425569
425600
425631
425662
425693
425724
425755
425786
425817
425848
425879
425910
425941
425972
426003
426034
426065
426096
426127
426158
426189
426220
426251
426282
426313
426344
426375
426406
426437
426468
426499
426530
426561
426592
426623
426654
426685
426716
426747
426778
426809
426840
426871
426902
426933
426964
426995
427026
427057
427088
427119
427150
427181
427212
427243
427274
427305
427336
427367
427398
427429
427460
427491
427522
427553
427584
427615
427646
427677
427708
427739
427770
427801
427832
427863
427894
427925
427956
427987
428018
428049
428080
428111
428142
428173
428204
428235
428266
428297
428328
428359
428390
428421
428452
428483
428514
428545
428576
428607
428638
428669
428700
428731
428762
428793
428824
428855
428886
428917
428948
428979
429010
429041
429072
429103
429134
429165
429196
429227
429258
429289
429320
429351
429382
429413
429444
429475
429506
429537
429568
429599
429630
429661
429692
429723
429754
429785
429816
429847
429878
429909
429940
429971
430002
430033
430064
430095
430126
430157
430188
430219
430250
430281
430312
430343
430374
430405
430436
430467
430498
430529
430560
430591
430622
430653
430684
430715
430746
430777
430808
430839
430870
430901
430932
430963
430994
431025
431056
431087
431118
431149
431180
431211
431242
431273
431304
431335
431366
431397
431428
431459
431490
431521
431552
431583
431614
431645
431676
431707
431738
431769
431800
431831
431862
431893
431924
431955
431986
432017
432048
432079
432110
432141
432172
432203
432234
432265
432296
432327
432358
432389
432420
432451
432482
432513
432544
432575
432606
432637
432668
432699
432730
432761
432792
432823
432854
432885
432916
432947
432978
433009
433040
433071
433102
433133
433164
433195
433226
433257
433288
433319
433350
433381
433412
433443
433474
433505
433536
433567
433598
433629
433660
433691
433722
433753
433784
433815
433846
433877
433908
433939
433970
434001
434032
434063
434094
434125
434156
434187
434218
434249
434280
434311
434342
434373
434404
434435
434466
434497
434528
434559
434590
434621
434652
434683
434714
434745
434776
434807
434838
434869
434900
434931
434962
434993
435024
435055
435086
435117
435148
435179
435210
435241
435272
435303
435334
435365
435396
435427
435458
435489
435520
435551
435582
435613
435644
435675
435706
435737
435768
435799
435830
435861
435892
435923
435954
435985
436016
436047
436078
436109
436140
436171
436202
436233
436264
436295
436326
436357
436388
436419
436450
436481
436512
436543
436574
436605
436636
436667
436698
436729
436760
436791
436822
436853
436884
436915
436946
436977
437008
437039
437070
437101
437132
437163
437194
437225
437256
437287
437318
437349
437380
437411
437442
437473
437504
437535
437566
437597
437628
437659
437690
437721
437752
437783
437814
437845
437876
437907
437938
437969
438000
438031
438062
438093
438124
438155
438186
438217
438248
438279
438310
438341
438372
438403
438434
438465
438496
438527
438558
438589
438620
438651
438682
438713
438744
438775
438806
438837
438868
438899
438930
438961
438992
439023
439054
439085
439116
439147
439178
439209
439240
439271
439302
439333
439364
439395
439426
439457
439488
439519
439550
439581
439612
439643
439674
439705
439736
439767
439798
439829
439860
439891
439922
439953
439984
440015
440046
440077
440108
440139
440170
440201
440232
440263
440294
440325
440356
440387
440418
440449
440480
440511
440542
440573
440604
440635
440666
440697
440728
440759
440790
440821
440852
440883
440914
440945
440976
441007
441038
441069
441100
441131
441162
441193
441224
441255
441286
441317
441348
441379
441410
441441
441472
441503
441534
441565
441596
441627
441658
441689
441720
441751
441782
441813
441844
441875
441906
441937
441968
441999
442030
442061
442092
442123
442154
442185
442216
442247
442278
442309
442340
442371
442402
442433
442464
442495
442526
442557
442588
442619
442650
442681
442712
442743
442774
442805
442836
442867
442898
442929
442960
442991
443022
443053
443084
443115
443146
443177
443208
443239
443270
443301
443332
443363
443394
443425
443456
443487
443518
443549
443580
443611
443642
443673
443704
443735
443766
443797
443828
443859
443890
443921
443952
443983
444014
444045
444076
444107
444138
444169
444200
444231
444262
444293
444324
444355
444386
444417
444448
444479
444510
444541
444572
444603
444634
444665
444696
444727
444758
444789
444820
444851
444882
444913
444944
444975
445006
445037
445068
445099
445130
445161
445192
445223
445254
445285
445316
445347
445378
445409
445440
445471
445502
445533
445564
445595
445626
445657
445688
445719
445750
445781
445812
445843
445874
445905
445936
445967
445998
446029
446060
446091
446122
446153
446184
446215
446246
446277
446308
446339
446370
446401
446432
446463
446494
446525
446556
446587
446618
446649
446680
446711
446742
446773
446804
446835
446866
446897
446928
446959
446990
447021
447052
447083
447114
447145
447176
447207
447238
447269
447300
447331
447362
447393
447424
447455
447486
447517
447548
447579
447610
447641
447672
447703
447734
447765
447796
447827
447858
447889
447920
447951
447982
448013
448044
448075
448106
448137
448168
448199
448230
448261
448292
448323
448354
448385
448416
448447
448478
448509
448540
448571
448602
448633
448664
448695
448726
448757
448788
448819
448850
448881
448912
448943
448974
449005
449036
449067
449098
449129
449160
449191
449222
449253
449284
449315
449346
449377
449408
449439
449470
449501
449532
449563
449594
449625
449656
449687
449718
449749
449780
449811
449842
449873
449904
449935
449966
449997
450028
450059
450090
450121
450152
450183
450214
450245
450276
450307
450338
450369
450400
450431
450462
450493
450524
450555
450586
450617
450648
450679
450710
450741
450772
450803
450834
450865
450896
450927
450958
450989
451020
451051
451082
451113
451144
451175
451206
451237
451268
451299
451330
451361
451392
451423
451454
451485
451516
451547
451578
451609
451640
451671
451702
451733
451764
451795
451826
451857
451888
451919
451950
451981
452012
452043
452074
452105
452136
452167
452198
452229
452260
452291
452322
452353
452384
452415
452446
452477
452508
452539
452570
452601
452632
452663
452694
452725
452756
452787
452818
452849
452880
452911
452942
452973
453004
453035
453066
453097
453128
453159
453190
453221
453252
453283
453314
453345
453376
453407
453438
453469
453500
453531
453562
453593
453624
453655
453686
453717
453748
453779
453810
453841
453872
453903
453934
453965
453996
454027
454058
454089
454120
454151
454182
454213
454244
454275
454306
454337
454368
454399
454430
454461
454492
454523
454554
454585
454616
454647
454678
454709
454740
454771
454802
454833
454864
454895
454926
454957
454988
455019
455050
455081
455112
455143
455174
455205
455236
455267
455298
455329
455360
455391
455422
455453
455484
455515
455546
455577
455608
455639
455670
455701
455732
455763
455794
455825
455856
455887
455918
455949
455980
456011
456042
456073
456104
456135
456166
456197
456228
456259
456290
456321
456352
456383
456414
456445
456476
456507
456538
456569
456600
456631
456662
456693
456724
456755
456786
456817
456848
456879
456910
456941
456972
457003
457034
457065
457096
457127
457158
457189
457220
457251
457282
457313
457344
457375
457406
457437
457468
457499
457530
457561
457592
457623
457654
457685
457716
457747
457778
457809
457840
457871
457902
457933
457964
457995
458026
458057
458088
458119
458150
458181
458212
458243
458274
458305
458336
458367
458398
458429
458460
458491
458522
458553
458584
458615
458646
458677
458708
458739
458770
458801
458832
458863
458894
458925
458956
458987
459018
459049
459080
459111
459142
459173
459204
459235
459266
459297
459328
459359
459390
459421
459452
459483
459514
459545
459576
459607
459638
459669
459700
459731
459762
459793
459824
459855
459886
459917
459948
459979
460010
460041
460072
460103
460134
460165
460196
460227
460258
460289
460320
460351
460382
460413
460444
460475
460506
460537
460568
460599
460630
460661
460692
460723
460754
460785
460816
460847
460878
460909
460940
460971
461002
461033
461064
461095
461126
461157
461188
461219
461250
461281
461312
461343
461374
461405
461436
461467
461498
461529
461560
461591
461622
461653
461684
461715
461746
461777
461808
461839
461870
461901
461932
461963
461994
462025
462056
462087
462118
462149
462180
462211
462242
462273
462304
462335
462366
462397
462428
462459
462490
462521
462552
462583
462614
462645
462676
462707
462738
462769
462800
462831
462862
462893
462924
462955
462986
463017
463048
463079
463110
463141
463172
463203
463234
463265
463296
463327
463358
463389
463420
463451
463482
463513
463544
463575
463606
463637
463668
463699
463730
463761
463792
463823
463854
463885
463916
463947
463978
464009
464040
464071
464102
464133
464164
464195
464226
464257
464288
464319
464350
464381
464412
464443
464474
464505
464536
464567
464598
464629
464660
464691
464722
464753
464784
464815
464846
464877
464908
464939
464970
465001
465032
465063
465094
465125
465156
465187
465218
465249
465280
465311
465342
465373
465404
465435
465466
465497
465528
465559
465590
465621
465652
465683
465714
465745
465776
465807
465838
465869
465900
465931
465962
465993
466024
466055
466086
466117
466148
466179
466210
466241
466272
466303
466334
466365
466396
466427
466458
466489
466520
466551
466582
466613
466644
466675
466706
466737
466768
466799
466830
466861
466892
466923
466954
466985
467016
467047
467078
467109
467140
467171
467202
467233
467264
467295
467326
467357
467388
467419
467450
467481
467512
467543
467574
467605
467636
467667
467698
467729
467760
467791
467822
467853
467884
467915
467946
467977
468008
468039
468070
468101
468132
468163
468194
468225
468256
468287
468318
468349
468380
468411
468442
468473
468504
468535
468566
468597
468628
468659
468690
468721
468752
468783
468814
468845
468876
468907
468938
468969
469000
469031
469062
469093
469124
469155
469186
469217
469248
469279
469310
469341
469372
469403
469434
469465
469496
469527
469558
469589
469620
469651
469682
469713
469744
469775
469806
469837
469868
469899
469930
469961
469992
470023
470054
470085
470116
470147
470178
470209
470240
470271
470302
470333
470364
470395
470426
470457
470488
470519
470550
470581
470612
470643
470674
470705
470736
470767
470798
470829
470860
470891
470922
470953
470984
471015
471046
471077
471108
471139
471170
471201
471232
471263
471294
471325
471356
471387
471418
471449
471480
471511
471542
471573
471604
471635
471666
471697
471728
471759
471790
471821
471852
471883
471914
471945
471976
472007
472038
472069
472100
472131
472162
472193
472224
472255
472286
472317
472348
472379
472410
472441
472472
472503
472534
472565
472596
472627
472658
472689
472720
472751
472782
472813
472844
472875
472906
472937
472968
472999
473030
473061
473092
473123
473154
473185
473216
473247
473278
473309
473340
473371
473402
473433
473464
473495
473526
473557
473588
473619
473650
473681
473712
473743
473774
473805
473836
473867
473898
473929
473960
473991
474022
474053
474084
474115
474146
474177
474208
474239
474270
474301
474332
474363
474394
474425
474456
474487
474518
474549
474580
474611
474642
474673
474704
474735
474766
474797
474828
474859
474890
474921
474952
474983
475014
475045
475076
475107
475138
475169
475200
475231
475262
475293
475324
475355
475386
475417
475448
475479
475510
475541
475572
475603
475634
475665
475696
475727
475758
475789
475820
475851
475882
475913
475944
475975
476006
476037
476068
476099
476130
476161
476192
476223
476254
476285
476316
476347
476378
476409
476440
476471
476502
476533
476564
476595
476626
476657
476688
476719
476750
476781
476812
476843
476874
476905
476936
476967
476998
477029
477060
477091
477122
477153
477184
477215
477246
477277
477308
477339
477370
477401
477432
477463
477494
477525
477556
477587
477618
477649
477680
477711
477742
477773
477804
477835
477866
477897
477928
477959
477990
478021
478052
478083
478114
478145
478176
478207
478238
478269
478300
478331
478362
478393
478424
478455
478486
478517
478548
478579
478610
478641
478672
478703
478734
478765
478796
478827
478858
478889
478920
478951
478982
479013
479044
479075
479106
479137
479168
479199
479230
479261
479292
479323
479354
479385
479416
479447
479478
479509
479540
479571
479602
479633
479664
479695
479726
479757
479788
479819
479850
479881
479912
479943
479974
480005
480036
480067
480098
480129
480160
480191
480222
480253
480284
480315
480346
480377
480408
480439
480470
480501
480532
480563
480594
480625
480656
480687
480718
480749
480780
480811
480842
480873
480904
480935
480966
480997
481028
481059
481090
481121
481152
481183
481214
481245
481276
481307
481338
481369
481400
481431
481462
481493
481524
481555
481586
481617
481648
481679
481710
481741
481772
481803
481834
481865
481896
481927
481958
481989
482020
482051
482082
482113
482144
482175
482206
482237
482268
482299
482330
482361
482392
482423
482454
482485
482516
482547
482578
482609
482640
482671
482702
482733
482764
482795
482826
482857
482888
482919
482950
482981
483012
483043
483074
483105
483136
483167
483198
483229
483260
483291
483322
483353
483384
483415
483446
483477
483508
483539
483570
483601
483632
483663
483694
483725
483756
483787
483818
483849
483880
483911
483942
483973
484004
484035
484066
484097
484128
484159
484190
484221
484252
484283
484314
484345
484376
484407
484438
484469
484500
484531
484562
484593
484624
484655
484686
484717
484748
484779
484810
484841
484872
484903
484934
484965
484996
485027
485058
485089
485120
485151
485182
485213
485244
485275
485306
485337
485368
485399
485430
485461
485492
485523
485554
485585
485616
485647
485678
485709
485740
485771
485802
485833
485864
485895
485926
485957
485988
486019
486050
486081
486112
486143
486174
486205
486236
486267
486298
486329
486360
486391
486422
486453
486484
486515
486546
486577
486608
486639
486670
486701
486732
486763
486794
486825
486856
486887
486918
486949
486980
487011
487042
487073
487104
487135
487166
487197
487228
487259
487290
487321
487352
487383
487414
487445
487476
487507
487538
487569
487600
487631
487662
487693
487724
487755
487786
487817
487848
487879
487910
487941
487972
488003
488034
488065
488096
488127
488158
488189
488220
488251
488282
488313
488344
488375
488406
488437
488468
488499
488530
488561
488592
488623
488654
488685
488716
488747
488778
488809
488840
488871
488902
488933
488964
488995
489026
489057
489088
489119
489150
489181
489212
489243
489274
489305
489336
489367
489398
489429
489460
489491
489522
489553
489584
489615
489646
489677
489708
489739
489770
489801
489832
489863
489894
489925
489956
489987
490018
490049
490080
490111
490142
490173
490204
490235
490266
490297
490328
490359
490390
490421
490452
490483
490514
490545
490576
490607
490638
490669
490700
490731
490762
490793
490824
490855
490886
490917
490948
490979
491010
491041
491072
491103
491134
491165
491196
491227
491258
491289
491320
491351
491382
491413
491444
491475
491506
491537
491568
491599
491630
491661
491692
491723
491754
491785
491816
491847
491878
491909
491940
491971
492002
492033
492064
492095
492126
492157
492188
492219
492250
492281
492312
492343
492374
492405
492436
492467
492498
492529
492560
492591
492622
492653
492684
492715
492746
492777
492808
492839
492870
492901
492932
492963
492994
493025
493056
493087
493118
493149
493180
493211
493242
493273
493304
493335
493366
493397
493428
493459
493490
493521
493552
493583
493614
493645
493676
493707
493738
493769
493800
493831
493862
493893
493924
493955
493986
494017
494048
494079
494110
494141
494172
494203
494234
494265
494296
494327
494358
494389
494420
494451
494482
494513
494544
494575
494606
494637
494668
494699
494730
494761
494792
494823
494854
494885
494916
494947
494978
495009
495040
495071
495102
495133
495164
495195
495226
495257
495288
495319
495350
495381
495412
495443
495474
495505
495536
495567
495598
495629
495660
495691
495722
495753
495784
495815
495846
495877
495908
495939
495970
496001
496032
496063
496094
496125
496156
496187
496218
496249
496280
496311
496342
496373
496404
496435
496466
496497
496528
496559
496590
496621
496652
496683
496714
496745
496776
496807
496838
496869
496900
496931
496962
496993
497024
497055
497086
497117
497148
497179
497210
497241
497272
497303
497334
497365
497396
497427
497458
497489
497520
497551
497582
497613
497644
497675
497706
497737
497768
497799
497830
497861
497892
497923
497954
497985
498016
498047
498078
498109
498140
498171
498202
498233
498264
498295
498326
498357
498388
498419
498450
498481
498512
498543
498574
498605
498636
498667
498698
498729
498760
498791
498822
498853
498884
498915
498946
498977
499008
499039
499070
499101
499132
499163
499194
499225
499256
499287
499318
499349
499380
499411
499442
499473
499504
499535
499566
499597
499628
499659
499690
499721
499752
499783
499814
499845
499876
499907
499938
499969
500000
500031
500062
500093
500124
500155
500186
500217
500248
500279
500310
500341
500372
500403
500434
500465
500496
500527
500558
500589
500620
500651
500682
500713
500744
500775
500806
500837
500868
500899
500930
500961
500992
501023
501054
501085
501116
501147
501178
501209
501240
501271
501302
501333
501364
501395
501426
501457
501488
501519
501550
501581
501612
501643
501674
501705
501736
501767
501798
501829
501860
501891
501922
501953
501984
502015
502046
502077
502108
502139
502170
502201
502232
502263
502294
502325
502356
502387
502418
502449
502480
502511
502542
502573
502604
502635
502666
502697
502728
502759
502790
502821
502852
502883
502914
502945
502976
503007
503038
503069
503100
503131
503162
503193
503224
503255
503286
503317
503348
503379
503410
503441
503472
503503
503534
503565
503596
503627
503658
503689
503720
503751
503782
503813
503844
503875
503906
503937
503968
503999
504030
504061
504092
504123
504154
504185
504216
504247
504278
504309
504340
504371
504402
504433
504464
504495
504526
504557
504588
504619
504650
504681
504712
504743
504774
504805
504836
504867
504898
504929
504960
504991
505022
505053
505084
505115
505146
505177
505208
505239
505270
505301
505332
505363
505394
505425
505456
505487
505518
505549
505580
505611
505642
505673
505704
505735
505766
505797
505828
505859
505890
505921
505952
505983
506014
506045
506076
506107
506138
506169
506200
506231
506262
506293
506324
506355
506386
506417
506448
506479
506510
506541
506572
506603
506634
506665
506696
506727
506758
506789
506820
506851
506882
506913
506944
506975
507006
507037
507068
507099
507130
507161
507192
507223
507254
507285
507316
507347
507378
507409
507440
507471
507502
507533
507564
507595
507626
507657
507688
507719
507750
507781
507812
507843
507874
507905
507936
507967
507998
508029
508060
508091
508122
508153
508184
508215
508246
508277
508308
508339
508370
508401
508432
508463
508494
508525
508556
508587
508618
508649
508680
508711
508742
508773
508804
508835
508866
508897
508928
508959
508990
509021
509052
509083
509114
509145
509176
509207
509238
509269
509300
509331
509362
509393
509424
509455
509486
509517
509548
509579
509610
509641
509672
509703
509734
509765
509796
509827
509858
509889
509920
509951
509982
510013
510044
510075
510106
510137
510168
510199
510230
510261
510292
510323
510354
510385
510416
510447
510478
510509
510540
510571
510602
510633
510664
510695
510726
510757
510788
510819
510850
510881
510912
510943
510974
511005
511036
511067
511098
511129
511160
511191
511222
511253
511284
511315
511346
511377
511408
511439
511470
511501
511532
511563
511594
511625
511656
511687
511718
511749
511780
511811
511842
511873
511904
511935
511966
511997
512028
512059
512090
512121
512152
512183
512214
512245
512276
512307
512338
512369
512400
512431
512462
512493
512524
512555
512586
512617
512648
512679
512710
512741
512772
512803
512834
512865
512896
512927
512958
512989
513020
513051
513082
513113
513144
513175
513206
513237
513268
513299
513330
513361
513392
513423
513454
513485
513516
513547
513578
513609
513640
513671
513702
513733
513764
513795
513826
513857
513888
513919
513950
513981
514012
514043
514074
514105
514136
514167
514198
514229
514260
514291
514322
514353
514384
514415
514446
514477
514508
514539
514570
514601
514632
514663
514694
514725
514756
514787
514818
514849
514880
514911
514942
514973
515004
515035
515066
515097
515128
515159
515190
515221
515252
515283
515314
515345
515376
515407
515438
515469
515500
515531
515562
515593
515624
515655
515686
515717
515748
515779
515810
515841
515872
515903
515934
515965
515996
516027
516058
516089
516120
516151
516182
516213
516244
516275
516306
516337
516368
516399
516430
516461
516492
516523
516554
516585
516616
516647
516678
516709
516740
516771
516802
516833
516864
516895
516926
516957
516988
517019
517050
517081
517112
517143
517174
517205
517236
517267
517298
517329
517360
517391
517422
517453
517484
517515
517546
517577
517608
517639
517670
517701
517732
517763
517794
517825
517856
517887
517918
517949
517980
518011
518042
518073
518104
518135
518166
518197
518228
518259
518290
518321
518352
518383
518414
518445
518476
518507
518538
518569
518600
518631
518662
518693
518724
518755
518786
518817
518848
518879
518910
518941
518972
519003
519034
519065
519096
519127
519158
519189
519220
519251
519282
519313
519344
519375
519406
519437
519468
519499
519530
519561
519592
519623
519654
519685
519716
519747
519778
519809
519840
519871
519902
519933
519964
519995
520026
520057
520088
520119
520150
520181
520212
520243
520274
520305
520336
520367
520398
520429
520460
520491
520522
520553
520584
520615
520646
520677
520708
520739
520770
520801
520832
520863
520894
520925
520956
520987
521018
521049
521080
521111
521142
521173
521204
521235
521266
521297
521328
521359
521390
521421
521452
521483
521514
521545
521576
521607
521638
521669
521700
521731
521762
521793
521824
521855
521886
521917
521948
521979
522010
522041
522072
522103
522134
522165
522196
522227
522258
522289
522320
522351
522382
522413
522444
522475
522506
522537
522568
522599
522630
522661
522692
522723
522754
522785
522816
522847
522878
522909
522940
522971
523002
523033
523064
523095
523126
523157
523188
523219
523250
523281
523312
523343
523374
523405
523436
523467
523498
523529
523560
523591
523622
523653
523684
523715
523746
523777
523808
523839
523870
523901
523932
523963
523994
524025
524056
524087
524118
524149
524180
524211
524242
524273
524304
524335
524366
524397
524428
524459
524490
524521
524552
524583
524614
524645
524676
524707
524738
524769
524800
524831
524862
524893
524924
524955
524986
525017
525048
525079
525110
525141
525172
525203
525234
525265
525296
525327
525358
525389
525420
525451
525482
525513
525544
525575
525606
525637
525668
525699
525730
525761
525792
525823
525854
525885
525916
525947
525978
526009
526040
526071
526102
526133
526164
526195
526226
526257
526288
526319
526350
526381
526412
526443
526474
526505
526536
526567
526598
526629
526660
526691
526722
526753
526784
526815
526846
526877
526908
526939
526970
527001
527032
527063
527094
527125
527156
527187
527218
527249
527280
527311
527342
527373
527404
527435
527466
527497
527528
527559
527590
527621
527652
527683
527714
527745
527776
527807
527838
527869
527900
527931
527962
527993
528024
528055
528086
528117
528148
528179
528210
528241
528272
528303
528334
528365
528396
528427
528458
528489
528520
528551
528582
528613
528644
528675
528706
528737
528768
528799
528830
528861
528892
528923
528954
528985
529016
529047
529078
529109
529140
529171
529202
529233
529264
529295
529326
529357
529388
529419
529450
529481
529512
529543
529574
529605
529636
529667
529698
529729
529760
529791
529822
529853
529884
529915
529946
529977
530008
530039
530070
530101
530132
530163
530194
530225
530256
530287
530318
530349
530380
530411
530442
530473
530504
530535
530566
530597
530628
530659
530690
530721
530752
530783
530814
530845
530876
530907
530938
530969
531000
531031
531062
531093
531124
531155
531186
531217
531248
531279
531310
531341
531372
531403
531434
531465
531496
531527
531558
531589
531620
531651
531682
531713
531744
531775
531806
531837
531868
531899
531930
531961
531992
532023
532054
532085
532116
532147
532178
532209
532240
532271
532302
532333
532364
532395
532426
532457
532488
532519
532550
532581
532612
532643
532674
532705
532736
532767
532798
532829
532860
532891
532922
532953
532984
533015
533046
533077
533108
533139
533170
533201
533232
533263
533294
533325
533356
533387
533418
533449
533480
533511
533542
533573
533604
533635
533666
533697
533728
533759
533790
533821
533852
533883
533914
533945
533976
534007
534038
534069
534100
534131
534162
534193
534224
534255
534286
534317
534348
534379
534410
534441
534472
534503
534534
534565
534596
534627
534658
534689
534720
534751
534782
534813
534844
534875
534906
534937
534968
534999
535030
535061
535092
535123
535154
535185
535216
535247
535278
535309
535340
535371
535402
535433
535464
535495
535526
535557
535588
535619
535650
535681
535712
535743
535774
535805
535836
535867
535898
535929
535960
535991
536022
536053
536084
536115
536146
536177
536208
536239
536270
536301
536332
536363
536394
536425
536456
536487
536518
536549
536580
536611
536642
536673
536704
536735
536766
536797
536828
536859
536890
536921
536952
536983
537014
537045
537076
537107
537138
537169
537200
537231
537262
537293
537324
537355
537386
537417
537448
537479
537510
537541
537572
537603
537634
537665
537696
537727
537758
537789
537820
537851
537882
537913
537944
537975
538006
538037
538068
538099
538130
538161
538192
538223
538254
538285
538316
538347
538378
538409
538440
538471
538502
538533
538564
538595
538626
538657
538688
538719
538750
538781
538812
538843
538874
538905
538936
538967
538998
539029
539060
539091
539122
539153
539184
539215
539246
539277
539308
539339
539370
539401
539432
539463
539494
539525
539556
539587
539618
539649
539680
539711
539742
539773
539804
539835
539866
539897
539928
539959
539990
540021
540052
540083
540114
540145
540176
540207
540238
540269
540300
540331
540362
540393
540424
540455
540486
540517
540548
540579
540610
540641
540672
540703
540734
540765
540796
540827
540858
540889
540920
540951
540982
541013
541044
541075
541106
541137
541168
541199
541230
541261
541292
541323
541354
541385
541416
541447
541478
541509
541540
541571
541602
541633
541664
541695
541726
541757
541788
541819
541850
541881
541912
541943
541974
542005
542036
542067
542098
542129
542160
542191
542222
542253
542284
542315
542346
542377
542408
542439
542470
542501
542532
542563
542594
542625
542656
542687
542718
542749
542780
542811
542842
542873
542904
542935
542966
542997
543028
543059
543090
543121
543152
543183
543214
543245
543276
543307
543338
543369
543400
543431
543462
543493
543524
543555
543586
543617
543648
543679
543710
543741
543772
543803
543834
543865
543896
543927
543958
543989
544020
544051
544082
544113
544144
544175
544206
544237
544268
544299
544330
544361
544392
544423
544454
544485
544516
544547
544578
544609
544640
544671
544702
544733
544764
544795
544826
544857
544888
544919
544950
544981
545012
545043
545074
545105
545136
545167
545198
545229
545260
545291
545322
545353
545384
545415
545446
545477
545508
545539
545570
545601
545632
545663
545694
545725
545756
545787
545818
545849
545880
545911
545942
545973
546004
546035
546066
546097
546128
546159
546190
546221
546252
546283
546314
546345
546376
546407
546438
546469
546500
546531
546562
546593
546624
546655
546686
546717
546748
546779
546810
546841
546872
546903
546934
546965
546996
547027
547058
547089
547120
547151
547182
547213
547244
547275
547306
547337
547368
547399
547430
547461
547492
547523
547554
547585
547616
547647
547678
547709
547740
547771
547802
547833
547864
547895
547926
547957
547988
548019
548050
548081
548112
548143
548174
548205
548236
548267
548298
548329
548360
548391
548422
548453
548484
548515
548546
548577
548608
548639
548670
548701
548732
548763
548794
548825
548856
548887
548918
548949
548980
549011
549042
549073
549104
549135
549166
549197
549228
549259
549290
549321
549352
549383
549414
549445
549476
549507
549538
549569
549600
549631
549662
549693
549724
549755
549786
549817
549848
549879
549910
549941
549972
550003
550034
550065
550096
550127
550158
550189
550220
550251
550282
550313
550344
550375
550406
550437
550468
550499
550530
550561
550592
550623
550654
550685
550716
550747
550778
550809
550840
550871
550902
550933
550964
550995
551026
551057
551088
551119
551150
551181
551212
551243
551274
551305
551336
551367
551398
551429
551460
551491
551522
551553
551584
551615
551646
551677
551708
551739
551770
551801
551832
551863
551894
551925
551956
551987
552018
552049
552080
552111
552142
552173
552204
552235
552266
552297
552328
552359
552390
552421
552452
552483
552514
552545
552576
552607
552638
552669
552700
552731
552762
552793
552824
552855
552886
552917
552948
552979
553010
553041
553072
553103
553134
553165
553196
553227
553258
553289
553320
553351
553382
553413
553444
553475
553506
553537
553568
553599
553630
553661
553692
553723
553754
553785
553816
553847
553878
553909
553940
553971
554002
554033
554064
554095
554126
554157
554188
554219
554250
554281
554312
554343
554374
554405
554436
554467
554498
554529
554560
554591
554622
554653
554684
554715
554746
554777
554808
554839
554870
554901
554932
554963
554994
555025
555056
555087
555118
555149
555180
555211
555242
555273
555304
555335
555366
555397
555428
555459
555490
555521
555552
555583
555614
555645
555676
555707
555738
555769
555800
555831
555862
555893
555924
555955
555986
556017
556048
556079
556110
556141
556172
556203
556234
556265
556296
556327
556358
556389
556420
556451
556482
556513
556544
556575
556606
556637
556668
556699
556730
556761
556792
556823
556854
556885
556916
556947
556978
557009
557040
557071
557102
557133
557164
557195
557226
557257
557288
557319
557350
557381
557412
557443
557474
557505
557536
557567
557598
557629
557660
557691
557722
557753
557784
557815
557846
557877
557908
557939
557970
558001
558032
558063
558094
558125
558156
558187
558218
558249
558280
558311
558342
558373
558404
558435
558466
558497
558528
558559
558590
558621
558652
558683
558714
558745
558776
558807
558838
558869
558900
558931
558962
558993
559024
559055
559086
559117
559148
559179
559210
559241
559272
559303
559334
559365
559396
559427
559458
559489
559520
559551
559582
559613
559644
559675
559706
559737
559768
559799
559830
559861
559892
559923
559954
559985
560016
560047
560078
560109
560140
560171
560202
560233
560264
560295
560326
560357
560388
560419
560450
560481
560512
560543
560574
560605
560636
560667
560698
560729
560760
560791
560822
560853
560884
560915
560946
560977
561008
561039
561070
561101
561132
561163
561194
561225
561256
561287
561318
561349
561380
561411
561442
561473
561504
561535
561566
561597
561628
561659
561690
561721
561752
561783
561814
561845
561876
561907
561938
561969
562000
562031
562062
562093
562124
562155
562186
562217
562248
562279
562310
562341
562372
562403
562434
562465
562496
562527
562558
562589
562620
562651
562682
562713
562744
562775
562806
562837
562868
562899
562930
562961
562992
563023
563054
563085
563116
563147
563178
563209
563240
563271
563302
563333
563364
563395
563426
563457
563488
563519
563550
563581
563612
563643
563674
563705
563736
563767
563798
563829
563860
563891
563922
563953
563984
564015
564046
564077
564108
564139
564170
564201
564232
564263
564294
564325
564356
564387
564418
564449
564480
564511
564542
564573
564604
564635
564666
564697
564728
564759
564790
564821
564852
564883
564914
564945
564976
565007
565038
565069
565100
565131
565162
565193
565224
565255
565286
565317
565348
565379
565410
565441
565472
565503
565534
565565
565596
565627
565658
565689
565720
565751
565782
565813
565844
565875
565906
565937
565968
565999
566030
566061
566092
566123
566154
566185
566216
566247
566278
566309
566340
566371
566402
566433
566464
566495
566526
566557
566588
566619
566650
566681
566712
566743
566774
566805
566836
566867
566898
566929
566960
566991
567022
567053
567084
567115
567146
567177
567208
567239
567270
567301
567332
567363
567394
567425
567456
567487
567518
567549
567580
567611
567642
567673
567704
567735
567766
567797
567828
567859
567890
567921
567952
567983
568014
568045
568076
568107
568138
568169
568200
568231
568262
568293
568324
568355
568386
568417
568448
568479
568510
568541
568572
568603
568634
568665
568696
568727
568758
568789
568820
568851
568882
568913
568944
568975
569006
569037
569068
569099
569130
569161
569192
569223
569254
569285
569316
569347
569378
569409
569440
569471
569502
569533
569564
569595
569626
569657
569688
569719
569750
569781
569812
569843
569874
569905
569936
569967
569998
570029
570060
570091
570122
570153
570184
570215
570246
570277
570308
570339
570370
570401
570432
570463
570494
570525
570556
570587
570618
570649
570680
570711
570742
570773
570804
570835
570866
570897
570928
570959
570990
571021
571052
571083
571114
571145
571176
571207
571238
571269
571300
571331
571362
571393
571424
571455
571486
571517
571548
571579
571610
571641
571672
571703
571734
571765
571796
571827
571858
571889
571920
571951
571982
572013
572044
572075
572106
572137
572168
572199
572230
572261
572292
572323
572354
572385
572416
572447
572478
572509
572540
572571
572602
572633
572664
572695
572726
572757
572788
572819
572850
572881
572912
572943
572974
573005
573036
573067
573098
573129
573160
573191
573222
573253
573284
573315
573346
573377
573408
573439
573470
573501
573532
573563
573594
573625
573656
573687
573718
573749
573780
573811
573842
573873
573904
573935
573966
573997
574028
574059
574090
574121
574152
574183
574214
574245
574276
574307
574338
574369
574400
574431
574462
574493
574524
574555
574586
574617
574648
574679
574710
574741
574772
574803
574834
574865
574896
574927
574958
574989
575020
575051
575082
575113
575144
575175
575206
575237
575268
575299
575330
575361
575392
575423
575454
575485
575516
575547
575578
575609
575640
575671
575702
575733
575764
575795
575826
575857
575888
575919
575950
575981
576012
576043
576074
576105
576136
576167
576198
576229
576260
576291
576322
576353
576384
576415
576446
576477
576508
576539
576570
576601
576632
576663
576694
576725
576756
576787
576818
576849
576880
576911
576942
576973
577004
577035
577066
577097
577128
577159
577190
577221
577252
577283
577314
577345
577376
577407
577438
577469
577500
577531
577562
577593
577624
577655
577686
577717
577748
577779
577810
577841
577872
577903
577934
577965
577996
578027
578058
578089
578120
578151
578182
578213
578244
578275
578306
578337
578368
578399
578430
578461
578492
578523
578554
578585
578616
578647
578678
578709
578740
578771
578802
578833
578864
578895
578926
578957
578988
579019
579050
579081
579112
579143
579174
579205
579236
579267
579298
579329
579360
579391
579422
579453
579484
579515
579546
579577
579608
579639
579670
579701
579732
579763
579794
579825
579856
579887
579918
579949
579980
580011
580042
580073
580104
580135
580166
580197
580228
580259
580290
580321
580352
580383
580414
580445
580476
580507
580538
580569
580600
580631
580662
580693
580724
580755
580786
580817
580848
580879
580910
580941
580972
581003
581034
581065
581096
581127
581158
581189
581220
581251
581282
581313
581344
581375
581406
581437
581468
581499
581530
581561
581592
581623
581654
581685
581716
581747
581778
581809
581840
581871
581902
581933
581964
581995
582026
582057
582088
582119
582150
582181
582212
582243
582274
582305
582336
582367
582398
582429
582460
582491
582522
582553
582584
582615
582646
582677
582708
582739
582770
582801
582832
582863
582894
582925
582956
582987
583018
583049
583080
583111
583142
583173
583204
583235
583266
583297
583328
583359
583390
583421
583452
583483
583514
583545
583576
583607
583638
583669
583700
583731
583762
583793
583824
583855
583886
583917
583948
583979
584010
584041
584072
584103
584134
584165
584196
584227
584258
584289
584320
584351
584382
584413
584444
584475
584506
584537
584568
584599
584630
584661
584692
584723
584754
584785
584816
584847
584878
584909
584940
584971
585002
585033
585064
585095
585126
585157
585188
585219
585250
585281
585312
585343
585374
585405
585436
585467
585498
585529
585560
585591
585622
585653
585684
585715
585746
585777
585808
585839
585870
585901
585932
585963
585994
586025
586056
586087
586118
586149
586180
586211
586242
586273
586304
586335
586366
586397
586428
586459
586490
586521
586552
586583
586614
586645
586676
586707
586738
586769
586800
586831
586862
586893
586924
586955
586986
587017
587048
587079
587110
587141
587172
587203
587234
587265
587296
587327
587358
587389
587420
587451
587482
587513
587544
587575
587606
587637
587668
587699
587730
587761
587792
587823
587854
587885
587916
587947
587978
588009
588040
588071
588102
588133
588164
588195
588226
588257
588288
588319
588350
588381
588412
588443
588474
588505
588536
588567
588598
588629
588660
588691
588722
588753
588784
588815
588846
588877
588908
588939
588970
589001
589032
589063
589094
589125
589156
589187
589218
589249
589280
589311
589342
589373
589404
589435
589466
589497
589528
589559
589590
589621
589652
589683
589714
589745
589776
589807
589838
589869
589900
589931
589962
589993
590024
590055
590086
590117
590148
590179
590210
590241
590272
590303
590334
590365
590396
590427
590458
590489
590520
590551
590582
590613
590644
590675
590706
590737
590768
590799
590830
590861
590892
590923
590954
590985
591016
591047
591078
591109
591140
591171
591202
591233
591264
591295
591326
591357
591388
591419
591450
591481
591512
591543
591574
591605
591636
591667
591698
591729
591760
591791
591822
591853
591884
591915
591946
591977
592008
592039
592070
592101
592132
592163
592194
592225
592256
592287
592318
592349
592380
592411
592442
592473
592504
592535
592566
592597
592628
592659
592690
592721
592752
592783
592814
592845
592876
592907
592938
592969
593000
593031
593062
593093
593124
593155
593186
593217
593248
593279
593310
593341
593372
593403
593434
593465
593496
593527
593558
593589
593620
593651
593682
593713
593744
593775
593806
593837
593868
593899
593930
593961
593992
594023
594054
594085
594116
594147
594178
594209
594240
594271
594302
594333
594364
594395
594426
594457
594488
594519
594550
594581
594612
594643
594674
594705
594736
594767
594798
594829
594860
594891
594922
594953
594984
595015
595046
595077
595108
595139
595170
595201
595232
595263
595294
595325
595356
595387
595418
595449
595480
595511
595542
595573
595604
595635
595666
595697
595728
595759
595790
595821
595852
595883
595914
595945
595976
596007
596038
596069
596100
596131
596162
596193
596224
596255
596286
596317
596348
596379
596410
596441
596472
596503
596534
596565
596596
596627
596658
596689
596720
596751
596782
596813
596844
596875
596906
596937
596968
596999
597030
597061
597092
597123
597154
597185
597216
597247
597278
597309
597340
597371
597402
597433
597464
597495
597526
597557
597588
597619
597650
597681
597712
597743
597774
597805
597836
597867
597898
597929
597960
597991
598022
598053
598084
598115
598146
598177
598208
598239
598270
598301
598332
598363
598394
598425
598456
598487
598518
598549
598580
598611
598642
598673
598704
598735
598766
598797
598828
598859
598890
598921
598952
598983
599014
599045
599076
599107
599138
599169
599200
599231
599262
599293
599324
599355
599386
599417
599448
599479
599510
599541
599572
599603
599634
599665
599696
599727
599758
599789
599820
599851
599882
599913
599944
599975
600006
600037
600068
600099
600130
600161
600192
600223
600254
600285
600316
600347
600378
600409
600440
600471
600502
600533
600564
600595
600626
600657
600688
600719
600750
600781
600812
600843
600874
600905
600936
600967
600998
601029
601060
601091
601122
601153
601184
601215
601246
601277
601308
601339
601370
601401
601432
601463
601494
601525
601556
601587
601618
601649
601680
601711
601742
601773
601804
601835
601866
601897
601928
601959
601990
602021
602052
602083
602114
602145
602176
602207
602238
602269
602300
602331
602362
602393
602424
602455
602486
602517
602548
602579
602610
602641
602672
602703
602734
602765
602796
602827
602858
602889
602920
602951
602982
603013
603044
603075
603106
603137
603168
603199
603230
603261
603292
603323
603354
603385
603416
603447
603478
603509
603540
603571
603602
603633
603664
603695
603726
603757
603788
603819
603850
603881
603912
603943
603974
604005
604036
604067
604098
604129
604160
604191
604222
604253
604284
604315
604346
604377
604408
604439
604470
604501
604532
604563
604594
604625
604656
604687
604718
604749
604780
604811
604842
604873
604904
604935
604966
604997
605028
605059
605090
605121
605152
605183
605214
605245
605276
605307
605338
605369
605400
605431
605462
605493
605524
605555
605586
605617
605648
605679
605710
605741
605772
605803
605834
605865
605896
605927
605958
605989
606020
606051
606082
606113
606144
606175
606206
606237
606268
606299
606330
606361
606392
606423
606454
606485
606516
606547
606578
606609
606640
606671
606702
606733
606764
606795
606826
606857
606888
606919
606950
606981
607012
607043
607074
607105
607136
607167
607198
607229
607260
607291
607322
607353
607384
607415
607446
607477
607508
607539
607570
607601
607632
607663
607694
607725
607756
607787
607818
607849
607880
607911
607942
607973
608004
608035
608066
608097
608128
608159
608190
608221
608252
608283
608314
608345
608376
608407
608438
608469
608500
608531
608562
608593
608624
608655
608686
608717
608748
608779
608810
608841
608872
608903
608934
608965
608996
609027
609058
609089
609120
609151
609182
609213
609244
609275
609306
609337
609368
609399
609430
609461
609492
609523
609554
609585
609616
609647
609678
609709
609740
609771
609802
609833
609864
609895
609926
609957
609988
610019
610050
610081
610112
610143
610174
610205
610236
610267
610298
610329
610360
610391
610422
610453
610484
610515
610546
610577
610608
610639
610670
610701
610732
610763
610794
610825
610856
610887
610918
610949
610980
611011
611042
611073
611104
611135
611166
611197
611228
611259
611290
611321
611352
611383
611414
611445
611476
611507
611538
611569
611600
611631
611662
611693
611724
611755
611786
611817
611848
611879
611910
611941
611972
612003
612034
612065
612096
612127
612158
612189
612220
612251
612282
612313
612344
612375
612406
612437
612468
612499
612530
612561
612592
612623
612654
612685
612716
612747
612778
612809
612840
612871
612902
612933
612964
612995
613026
613057
613088
613119
613150
613181
613212
613243
613274
613305
613336
613367
613398
613429
613460
613491
613522
613553
613584
613615
613646
613677
613708
613739
613770
613801
613832
613863
613894
613925
613956
613987
614018
614049
614080
614111
614142
614173
614204
614235
614266
614297
614328
614359
614390
614421
614452
614483
614514
614545
614576
614607
614638
614669
614700
614731
614762
614793
614824
614855
614886
614917
614948
614979
615010
615041
615072
615103
615134
615165
615196
615227
615258
615289
615320
615351
615382
615413
615444
615475
615506
615537
615568
615599
615630
615661
615692
615723
615754
615785
615816
615847
615878
615909
615940
615971
616002
616033
616064
616095
616126
616157
616188
616219
616250
616281
616312
616343
616374
616405
616436
616467
616498
616529
616560
616591
616622
616653
616684
616715
616746
616777
616808
616839
616870
616901
616932
616963
616994
617025
617056
617087
617118
617149
617180
617211
617242
617273
617304
617335
617366
617397
617428
617459
617490
617521
617552
617583
617614
617645
617676
617707
617738
617769
617800
617831
617862
617893
617924
617955
617986
618017
618048
618079
618110
618141
618172
618203
618234
618265
618296
618327
618358
618389
618420
618451
618482
618513
618544
618575
618606
618637
618668
618699
618730
618761
618792
618823
618854
618885
618916
618947
618978
619009
619040
619071
619102
619133
619164
619195
619226
619257
619288
619319
619350
619381
619412
619443
619474
619505
619536
619567
619598
619629
619660
619691
619722
619753
619784
619815
619846
619877
619908
619939
619970
620001
620032
620063
620094
620125
620156
620187
620218
620249
620280
620311
620342
620373
620404
620435
620466
620497
620528
620559
620590
620621
620652
620683
620714
620745
620776
620807
620838
620869
620900
620931
620962
620993
621024
621055
621086
621117
621148
621179
621210
621241
621272
621303
621334
621365
621396
621427
621458
621489
621520
621551
621582
621613
621644
621675
621706
621737
621768
621799
621830
621861
621892
621923
621954
621985
622016
622047
622078
622109
622140
622171
622202
622233
622264
622295
622326
622357
622388
622419
622450
622481
622512
622543
622574
622605
622636
622667
622698
622729
622760
622791
622822
622853
622884
622915
622946
622977
623008
623039
623070
623101
623132
623163
623194
623225
623256
623287
623318
623349
623380
623411
623442
623473
623504
623535
623566
623597
623628
623659
623690
623721
623752
623783
623814
623845
623876
623907
623938
623969
624000
624031
624062
624093
624124
624155
624186
624217
624248
624279
624310
624341
624372
624403
624434
624465
624496
624527
624558
624589
624620
624651
624682
624713
624744
624775
624806
624837
624868
624899
624930
624961
624992
625023
625054
625085
625116
625147
625178
625209
625240
625271
625302
625333
625364
625395
625426
625457
625488
625519
625550
625581
625612
625643
625674
625705
625736
625767
625798
625829
625860
625891
625922
625953
625984
626015
626046
626077
626108
626139
626170
626201
626232
626263
626294
626325
626356
626387
626418
626449
626480
626511
626542
626573
626604
626635
626666
626697
626728
626759
626790
626821
626852
626883
626914
626945
626976
627007
627038
627069
627100
627131
627162
627193
627224
627255
627286
627317
627348
627379
627410
627441
627472
627503
627534
627565
627596
627627
627658
627689
627720
627751
627782
627813
627844
627875
627906
627937
627968
627999
628030
628061
628092
628123
628154
628185
628216
628247
628278
628309
628340
628371
628402
628433
628464
628495
628526
628557
628588
628619
628650
628681
628712
628743
628774
628805
628836
628867
628898
628929
628960
628991
629022
629053
629084
629115
629146
629177
629208
629239
629270
629301
629332
629363
629394
629425
629456
629487
629518
629549
629580
629611
629642
629673
629704
629735
629766
629797
629828
629859
629890
629921
629952
629983
630014
630045
630076
630107
630138
630169
630200
630231
630262
630293
630324
630355
630386
630417
630448
630479
630510
630541
630572
630603
630634
630665
630696
630727
630758
630789
630820
630851
630882
630913
630944
630975
631006
631037
631068
631099
631130
631161
631192
631223
631254
631285
631316
631347
631378
631409
631440
631471
631502
631533
631564
631595
631626
631657
631688
631719
631750
631781
631812
631843
631874
631905
631936
631967
631998
632029
632060
632091
632122
632153
632184
632215
632246
632277
632308
632339
632370
632401
632432
632463
632494
632525
632556
632587
632618
632649
632680
632711
632742
632773
632804
632835
632866
632897
632928
632959
632990
633021
633052
633083
633114
633145
633176
633207
633238
633269
633300
633331
633362
633393
633424
633455
633486
633517
633548
633579
633610
633641
633672
633703
633734
633765
633796
633827
633858
633889
633920
633951
633982
634013
634044
634075
634106
634137
634168
634199
634230
634261
634292
634323
634354
634385
634416
634447
634478
634509
634540
634571
634602
634633
634664
634695
634726
634757
634788
634819
634850
634881
634912
634943
634974
635005
635036
635067
635098
635129
635160
635191
635222
635253
635284
635315
635346
635377
635408
635439
635470
635501
635532
635563
635594
635625
635656
635687
635718
635749
635780
635811
635842
635873
635904
635935
635966
635997
636028
636059
636090
636121
636152
636183
636214
636245
636276
636307
636338
636369
636400
636431
636462
636493
636524
636555
636586
636617
636648
636679
636710
636741
636772
636803
636834
636865
636896
636927
636958
636989
637020
637051
637082
637113
637144
637175
637206
637237
637268
637299
637330
637361
637392
637423
637454
637485
637516
637547
637578
637609
637640
637671
637702
637733
637764
637795
637826
637857
637888
637919
637950
637981
638012
638043
638074
638105
638136
638167
638198
638229
638260
638291
638322
638353
638384
638415
638446
638477
638508
638539
638570
638601
638632
638663
638694
638725
638756
638787
638818
638849
638880
638911
638942
638973
639004
639035
639066
639097
639128
639159
639190
639221
639252
639283
639314
639345
639376
639407
639438
639469
639500
639531
639562
639593
639624
639655
639686
639717
639748
639779
639810
639841
639872
639903
639934
639965
639996
640027
640058
640089
640120
640151
640182
640213
640244
640275
640306
640337
640368
640399
640430
640461
640492
640523
640554
640585
640616
640647
640678
640709
640740
640771
640802
640833
640864
640895
640926
640957
640988
641019
641050
641081
641112
641143
641174
641205
641236
641267
641298
641329
641360
641391
641422
641453
641484
641515
641546
641577
641608
641639
641670
641701
641732
641763
641794
641825
641856
641887
641918
641949
641980
642011
642042
642073
642104
642135
642166
642197
642228
642259
642290
642321
642352
642383
642414
642445
642476
642507
642538
642569
642600
642631
642662
642693
642724
642755
642786
642817
642848
642879
642910
642941
642972
643003
643034
643065
643096
643127
643158
643189
643220
643251
643282
643313
643344
643375
643406
643437
643468
643499
643530
643561
643592
643623
643654
643685
643716
643747
643778
643809
643840
643871
643902
643933
643964
643995
644026
644057
644088
644119
644150
644181
644212
644243
644274
644305
644336
644367
644398
644429
644460
644491
644522
644553
644584
644615
644646
644677
644708
644739
644770
644801
644832
644863
644894
644925
644956
644987
645018
645049
645080
645111
645142
645173
645204
645235
645266
645297
645328
645359
645390
645421
645452
645483
645514
645545
645576
645607
645638
645669
645700
645731
645762
645793
645824
645855
645886
645917
645948
645979
646010
646041
646072
646103
646134
646165
646196
646227
646258
646289
646320
646351
646382
646413
646444
646475
646506
646537
646568
646599
646630
646661
646692
646723
646754
646785
646816
646847
646878
646909
646940
646971
647002
647033
647064
647095
647126
647157
647188
647219
647250
647281
647312
647343
647374
647405
647436
647467
647498
647529
647560
647591
647622
647653
647684
647715
647746
647777
647808
647839
647870
647901
647932
647963
647994
648025
648056
648087
648118
648149
648180
648211
648242
648273
648304
648335
648366
648397
648428
648459
648490
648521
648552
648583
648614
648645
648676
648707
648738
648769
648800
648831
648862
648893
648924
648955
648986
649017
649048
649079
649110
649141
649172
649203
649234
649265
649296
649327
649358
649389
649420
649451
649482
649513
649544
649575
649606
649637
649668
649699
649730
649761
649792
649823
649854
649885
649916
649947
649978
650009
650040
650071
650102
650133
650164
650195
650226
650257
650288
650319
650350
650381
650412
650443
650474
650505
650536
650567
650598
650629
650660
650691
650722
650753
650784
650815
650846
650877
650908
650939
650970
651001
651032
651063
651094
651125
651156
651187
651218
651249
651280
651311
651342
651373
651404
651435
651466
651497
651528
651559
651590
651621
651652
651683
651714
651745
651776
651807
651838
651869
651900
651931
651962
651993
652024
652055
652086
652117
652148
652179
652210
652241
652272
652303
652334
652365
652396
652427
652458
652489
652520
652551
652582
652613
652644
652675
652706
652737
65573
65590
65604
65617
65639
65648
65666
65691
65697
65887
65892
65874
66181
66160
66181
66205
66213
66224
66259
65817
65938
65961
66061
66038
66025
66045
66050
66038
66053
66070
66090
66096
66122
66097
66122
66136
66120
66109
66027
66039
66052
66064
65718
65728
65727
65728
66138
66159
66163
66180
66173
66182
66171
66155
66151
66170
66179
65862
65881
65903
65906
65924
65938
65956
65905
65542
65552
65540
65968
65992
66013
66026
66045
66054
66045
66030
66044
66161
66182
66164
66196
65895
65912
65931
65950
65929
65941
65954
65702
65720
65710
65686
65698
65716
65733
65757
65760
65636
65661
65672
65695
65705
65722
65584
65610
65631
65607
65627
65643
65657
65638
65657
65634
65617
65646
65631
65638
65618
65775
65751
65742
65756
65763
65787
65537
65562
65576
65554
65577
66224
66248
66227
66241
66263
66275
66048
66079
66090
65757
65742
66053
66072
66093
66097
66084
66111
66084
66075
66062
66067
66057
66067
66080
66071
66051
66045
66051
66036
66059
66069
66083
66099
66118
66104
66006
66017
66034
65911
65888
65886
65862
66187
66170
66176
66162
66144
65550
66303
65741
65748
66296
66282
66299
65550
65562
65542
65565
65582
65554
65569
65598
65602
65617
65610
65631
65635
65648
65669
66072
66095
66112
66096
66125
65814
65838
65843
65863
65848
65932
65944
65963
65949
65926
65943
65957
65979
65991
66003
66027
66046
65537
65554
65575
65595
65600
65626
65636
65659
65674
65682
65671
65708
65722
65743
65754
65715
65731
66120
66140
66114
66142
66120
66139
66149
66164
65663
65670
65690
65709
65794
65777
65590
65579
65728
65754
65836
65851
65674
65655
65672
65687
65664
65612
65621
65635
65655
65675
65682
65704
65683
65705
65720
66043
66054
66042
66048
66077
66095
65885
65860
65881
65867
65883
65865
65879
65636
65652
65676
65650
65666
65764
65758
65761
65783
66176
66192
66212
65857
65671
65685
65703
65692
65699
65719
65698
65644
65650
65666
65650
65670
65680
65675
65693
66290
65539
65560
65568
65595
65603
65617
65609
65617
65634
65748
65775
65777
65764
65752
65765
65645
65622
65688
66089
66102
66114
66132
66151
66132
66146
66139
66154
66171
66176
66009
65557
65570
65595
65601
66188
66193
66213
66230
66209
66224
66242
66235
66252
66261
66247
65721
65739
65752
65772
65703
65722
65740
65586
65583
65590
65611
65856
65879
65856
65719
65821
66069
66049
66036
66019
66013
66029
66045
66051
66045
66063
66069
66093
66078
66088
66111
66118
66133
66159
66169
66191
66161
66184
66199
66214
66228
65902
65915
65923
65951
65963
65977
65961
65628
65644
65650
65633
65659
65673
65983
66057
66072
65828
65840
65857
65875
65902
65910
65893
66134
66123
66129
66155
65875
65903
65916
65924
65941
66281
66302
65543
66289
65543
65560
65568
65597
66242
66262
66287
66292
65550
65552
65536
65565
66236
66211
66235
66211
66204
65842
65861
65882
65897
65826
65844
65954
65983
65991
65968
65986
66011
66018
65767
65753
65768
65785
65795
65808
65830
65975
65989
66010
66031
66045
66023
66033
65709
65683
65710
65692
65705
65719
65706
65744
65774
65878
65847
65869
65842
65870
66162
66177
65855
65861
65884
65890
65919
65928
66158
66175
66180
66203
66214
66231
66240
66265
66278
66138
65805
65809
65665
66038
66056
66064
66056
66037
66019
66047
66063
66039
66054
66044
66063
66076
66084
66098
66091
65635
65628
65638
65655
65638
65650
65676
65680
65648
65674
65663
65963
66051
66067
66085
66111
66126
66100
66000
66016
66042
66020
65645
65617
65642
65656
65664
66189
66207
66217
66031
66000
66016
66043
66016
65657
65666
65695
65667
65654
65671
65695
65705
65721
65742
65759
65768
66003
66030
66203
66219
66231
66178
66205
66222
65948
65935
65906
65935
65945
65924
65916
65931
65728
65817
65834
65663
66221
66234
66248
66300
65549
66291
65548
66298
65946
65925
65939
65960
65685
65878
65679
65982
65990
66010
66021
66162
66178
66195
66209
66204
66212
66224
66246
66262
66283
65839
65855
65871
65875
65870
65873
65892
65905
65889
65873
65895
66076
66090
66104
65979
65990
65982
65992
66170
66012
66097
66127
66100
66113
66138
66157
66131
66156
66137
66152
66170
66184
66171
66144
66169
66183
66194
66215
66238
66006
65990
66008
66092
66097
66113
66107
66114
66130
66152
66167
66148
66175
66181
66201
66188
66202
66210
66235
66245
66257
65650
65676
65684
65698
66118
66099
66151
66170
66077
66083
66111
66125
66132
66154
66168
66187
66207
66209
66227
66247
66271
66148
66129
65774
65784
66075
66048
66070
66085
66244
65548
66301
65546
66288
65978
65995
65979
65986
66012
66018
66035
66208
66227
66251
66270
66277
66300
65541
66302
65548
65565
65540
65564
65572
65555
65581
65901
65878
65895
65909
65930
65908
65891
65874
65895
65930
65906
65930
65943
65994
66015
66020
66034
66057
66042
66025
66009
66028
66041
66062
66079
65765
65759
65770
65583
65588
65568
65586
65571
65598
65609
65624
65640
65659
65675
65683
65697
65723
65728
65750
65771
65753
66267
66276
65611
65628
65810
65831
65817
65838
65885
65896
66220
66196
66213
66194
66209
66239
66245
66267
66228
66246
65549
65562
65539
66290
65538
65553
65582
65590
65609
65622
65610
65618
65637
66225
66208
66227
66217
66227
66218
65933
66279
66300
66280
66296
65547
65557
65580
65599
65574
65585
65579
65560
65570
65598
66160
66184
65718
65737
65744
65769
65781
65798
65819
65831
65843
65869
65875
65890
65907
65935
65939
65926
65939
65934
65938
65962
66096
66117
66143
66155
66160
66185
65786
65793
65823
65863
65855
66293
65807
65785
65883
65891
65919
65926
65950
66286
66288
66224
66242
66226
66254
66257
66274
66294
65545
65555
65572
65586
65605
65627
65608
65588
65581
65587
65614
65591
65571
65563
65579
65585
65582
65868
65884
65869
65848
65634
65649
65671
65688
65711
66057
66067
66054
66245
66260
66279
66297
65545
65826
65852
65868
65886
65871
65887
65897
65912
66257
66272
66298
66287
65584
65602
65629
65634
65648
65669
65687
65697
65713
65765
65751
65768
65754
65763
65957
66234
66247
66264
66273
66291
65550
65910
65924
65940
65958
65981
66216
65849
65858
65879
65891
65907
65897
65917
65924
65947
66087
66076
66054
66121
66109
66085
66102
66087
65651
65676
65684
65668
65686
65675
65680
65672
65691
65710
65682
65708
65727
65742
65752
65775
65781
65767
65781
65764
65788
65770
65599
65600
65629
65645
65658
65679
65655
66240
66256
66256
66252
66269
66275
65687
65960
65945
65957
65946
65957
65974
65995
66170
66184
66195
66218
66229
66250
65582
65591
65930
65910
65933
65949
65967
65977
65993
65975
65574
65596
65603
66205
66223
65821
65807
65822
65755
65737
65750
65764
65777
65793
65813
65795
65816
65835
65846
66038
66050
66038
66049
66067
66094
66105
66120
66139
66116
66105
66089
66066
66063
65805
65823
65831
65847
66070
66146
66162
65548
66245
66233
66250
66260
66280
66292
65539
66302
65548
65554
65572
65557
65577
65586
65615
65580
65553
66015
66140
66127
66052
66038
66050
66032
65611
65616
65639
65649
65670
65680
65698
65681
65673
66056
65713
65735
65749
65761
65746
65771
65878
65900
65906
65921
65942
66195
66223
66235
66229
66250
65831
65840
65858
65873
65893
65882
65666
65694
66240
66236
66251
66225
66216
66233
66187
66207
66096
66074
66095
66070
66085
66096
65769
65783
65803
65813
65806
65785
65799
65815
65799
65781
65803
65817
65835
65847
65861
65885
65902
65916
65934
65944
65954
65975
65994
66002
66022
66032
66300
65542
65555
65575
65596
65576
65595
65575
65591
66037
66016
66038
66050
66043
66057
66035
66048
66078
66086
66073
66171
66185
66196
66211
66203
66209
66203
66221
66225
66243
66267
65898
65914
65889
65911
65930
65937
65959
65983
65996
66014
66022
66046
66062
66044
66052
66071
66084
66097
66118
66138
66149
66174
66187
66192
66219
66233
66214
66234
66248
66232
66254
66260
66252
66234
65681
65696
65683
65670
65682
65704
65715
65738
65756
65684
65698
65726
65714
65700
65714
65737
65749
65761
66277
66300
66277
66119
66105
66119
65868
65878
65899
65919
65920
65908
65921
65947
65960
65947
65955
65641
65658
65671
65580
65660
65670
65693
65699
65717
65738
65751
65767
65784
65800
65817
65825
65844
65862
66100
66119
66134
66144
66170
65616
66152
65966
65968
65954
65981
65987
66001
66016
66044
65700
65723
65742
65758
65768
65787
65699
65718
65743
65721
65743
65727
66011
66022
65619
65633
65661
65821
65835
65849
65871
66089
66064
66053
65640
65652
66046
65791
65792
65812
65806
65815
65825
65847
65866
65881
65903
65678
65685
65697
65685
65703
65796
65785
65794
65696
65719
66073
66150
66170
66152
65559
65569
65562
65575
65597
65568
65587
65568
65553
65572
65592
65669
65651
65677
65657
65546
65990
65976
65965
65975
65919
65897
66287
66303
65543
65566
65538
65561
65952
65975
65985
65556
65550
66093
66099
66118
66128
66157
66141
66100
66251
66259
65812
65795
65811
65824
65835
66176
66254
66268
66247
66264
66294
66287
65626
66104
65849
65825
65847
65871
65878
66058
66036
66056
66073
66053
66050
66078
66096
66071
66091
66098
66122
65583
65823
65793
65812
65828
65817
65838
65840
65871
65844
66110
66083
65663
66069
66012
66019
66015
66021
66002
66026
66044
65649
65667
65663
65674
65695
65702
66274
66264
66244
66261
66275
66065
66244
66265
66272
66293
65545
66292
65762
65783
65769
65788
65794
65812
65826
65846
65866
65879
65865
65853
65578
65593
65608
65584
65603
65598
65611
65599
65953
65968
65996
66014
65993
65961
65976
65964
65969
66217
66239
66243
65684
65837
65541
65659
65676
65652
65670
65653
65642
65706
65717
65739
65758
65769
65575
65589
65614
65625
65644
65648
65672
65688
65703
65726
65730
65671
65693
65710
65724
65739
65749
65774
65787
65766
65776
65803
65790
65807
65818
66107
66116
66100
66126
66140
66150
66174
66179
66206
66186
66192
66215
66228
66240
66268
65660
65637
65663
65636
66207
66179
65840
65707
65718
65541
65564
65580
65585
65579
65597
65573
65581
65588
65572
65566
65582
66161
66147
66174
66188
66161
66182
65945
65835
66280
66298
66277
65700
65557
65582
65598
65609
65628
66172
65982
65988
65977
65958
65944
65577
66244
66269
66274
66260
66279
66295
66085
66109
65568
65596
65577
65594
65614
65585
65615
65618
66275
66258
66144
66160
66147
66167
66181
66200
66209
66233
66251
65843
65868
66222
66236
65692
65807
65814
65566
65578
65595
65601
65738
65751
65730
65578
65798
65820
65793
65808
65829
65855
65860
65877
65900
65910
65889
65916
65897
66118
66136
66121
66140
66145
66130
66289
65546
66258
65589
65610
65629
65634
65661
65668
65656
65669
65682
65672
65689
65698
65725
65704
65714
65708
65714
65972
65986
66008
66021
66037
66058
66064
65655
65642
66279
66299
65710
65665
65689
65707
65721
65880
65900
65623
66285
66295
65540
65555
65570
65594
65611
65723
65938
65963
65725
65705
65713
66301
66279
66290
66277
65677
65694
66248
65987
65983
65960
65980
65994
66004
66027
66036
66055
66067
66194
66182
66271
65964
65980
66259
66245
65555
65544
66267
66286
66257
66159
66172
66151
66174
66182
65710
65993
65971
65953
65982
65985
66006
66018
66032
66054
66072
66056
66064
66092
66097
65939
65962
65972
65986
66004
65998
66000
65990
65969
65998
66010
66023
66003
65991
66014
66026
66047
66051
66036
66025
65681
66230
65602
65587
65925
65566
65540
65563
65577
65839
65947
65966
65943
65963
65976
65990
66008
66027
66037
66058
66047
66052
66065
65708
65727
65734
65757
65763
65777
65801
65821
65836
65849
65856
65887
65902
65556
65579
65986
66290
65547
66293
65540
65558
65578
66067
66084
66065
66108
66087
66077
66093
66070
66083
66111
66095
66100
66088
65661
65665
65686
65674
65693
65673
65580
65586
65604
65621
65640
65630
65636
65657
66055
66041
66052
66076
66082
66097
66112
66138
66153
66128
66158
66167
66149
66147
66161
65821
65832
65844
65836
65939
65699
65869
65884
65902
65904
65924
65950
65594
65611
65629
65633
65678
65656
65634
65622
65602
65630
65636
65661
65636
65653
65922
65914
65926
65914
65926
65940
65963
66251
66234
66248
66267
65923
65606
65959
65975
65953
65972
65998
66014
66019
66037
66276
66301
65696
65715
65710
65694
65702
65686
65666
65650
65675
65689
65701
66093
65721
65742
65751
65769
65788
65762
65786
65799
65816
65824
65850
65859
65874
66161
65677
65692
65699
65695
65678
65694
65676
65680
65676
65693
65670
65682
65706
65723
65702
65683
65710
66041
66058
66066
66089
66096
66117
65640
65654
65668
65654
65679
65686
65679
65652
65609
65592
65614
65663
65669
65695
65710
65717
65743
65758
65728
65757
65764
65786
65794
65822
65830
65854
65905
65925
65949
65932
65941
65967
66047
66061
66035
66057
66069
66081
66069
65974
65957
65968
65990
65973
66291
66284
66265
65623
65613
65595
66126
66131
66126
66096
66091
66102
66124
66110
66122
66141
66156
66175
66246
66263
66282
66292
65551
65557
65570
65585
65613
65631
65790
65807
65821
65803
65809
65831
65822
65837
65536
66087
66071
66055
66252
66209
66239
66252
66261
66210
66238
66254
65625
65641
65648
65669
65693
65711
65726
65736
65756
66270
65875
65858
65883
65891
65886
65893
66015
66019
66005
66029
66041
66059
66071
66061
66297
66284
66291
65547
66052
65746
66289
65876
65856
65850
65871
65884
65856
65854
66035
66060
66064
66051
66077
66051
65706
65715
65703
65716
65755
65630
65604
65622
65601
65625
65870
65853
65916
65931
65904
65926
65957
65937
65965
65938
65920
65945
65962
65982
65996
65981
66230
65933
65914
65935
65940
65959
65972
65994
66013
65991
66006
65989
66000
65932
66191
66168
65961
65970
65988
66012
66026
66037
66053
66079
65885
65903
65962
65978
65989
65770
65788
65795
65815
65830
65850
65858
65872
65900
66161
66147
66143
66153
66171
66191
65625
65603
65623
65634
65708
65682
65702
65718
65654
65678
65689
65710
65689
65705
65961
65950
65965
65975
65996
65979
65987
66001
66025
65812
66236
66223
66284
66265
66244
66258
66275
66267
66281
66303
66276
66033
66054
66077
66051
66044
66050
66046
66048
66043
66018
66033
66061
66077
66095
66109
66113
66105
65909
65901
65918
65935
65941
65961
65908
65898
65914
65928
65942
65960
65968
65992
65964
65977
65695
65679
65649
65677
65689
65854
65985
65781
65946
65961
65951
66203
66213
66238
66242
66234
66245
66237
66219
66226
66247
66265
66276
66266
66284
66288
65547
65566
65575
65590
65751
65751
65731
65714
66032
66029
66034
66020
66034
66048
66070
66083
66104
66089
66102
66072
66052
66067
66098
66124
66140
66153
66170
66151
66168
66179
66194
65857
65672
65693
65709
65745
65765
65781
65911
65896
65918
65899
65911
65922
65942
65923
65950
65959
66297
65544
65563
65568
65585
65613
65624
65638
65618
65636
65648
65644
65657
65667
65692
65674
65687
65677
65691
66061
66073
66052
66079
66094
66096
65929
65941
65961
65969
65992
66004
66125
66131
66159
65764
65747
65774
65754
65743
65968
65985
65968
65551
65562
65583
65554
65583
65583
65584
65609
65616
65638
65615
65585
65716
65538
65566
65572
65589
65600
66190
66202
66217
66200
65961
65979
65995
66015
66024
66038
66062
66075
66059
66064
66091
65958
65971
65997
66009
66157
65729
65758
65768
65785
65762
65756
65763
65781
65771
65891
66231
65725
65741
65744
65743
65751
65734
65727
65729
65747
65766
65783
65650
66241
66266
66285
66290
65540
65853
65832
65823
65804
65789
65803
65820
65833
65840
66226
66246
66267
66274
66296
66284
66270
66275
66301
65548
65555
65575
65585
65609
65621
65606
65625
65644
65648
66060
66075
66091
66065
66084
66072
66054
66067
66048
66033
66062
66075
66090
66105
65569
65597
65669
66096
65668
66273
66302
65546
65552
65579
65595
65581
65963
65973
65988
66009
66021
66144
66131
66112
65953
65972
65990
66015
66025
66037
65891
65885
65888
65919
65934
66210
66236
66255
66259
65636
65674
65590
65612
66173
66179
66194
66209
66231
65916
65935
65940
65925
65734
65759
65763
65780
65800
65812
65827
65900
65874
66059
65854
65865
65887
65861
65876
65863
65886
65771
65777
65967
65974
66289
66278
66289
65548
65553
65932
65944
65964
65939
65931
65940
65935
65938
65930
65915
65567
65578
65585
65613
65625
65612
66211
66197
66220
65714
65703
65681
65671
66169
66176
66183
65982
66232
66248
66263
66283
66266
65608
65631
65635
65650
65676
65729
65712
66201
66184
66204
66180
65996
66014
66021
66001
65997
66006
66035
66016
66037
66063
66065
66087
66102
66125
66104
66125
66215
65759
65768
66089
66077
66082
66103
66091
66096
66123
66137
66127
66135
65561
65573
65595
65578
65596
65720
65696
65683
66103
66085
66099
66114
66096
66242
66229
66244
66261
66250
66261
66255
66267
65547
65559
66025
66044
65926
66066
66057
66076
66048
66071
66091
66103
66080
66102
66124
66137
66145
66172
66157
66133
66148
66148
66140
66155
66173
66179
66192
66216
66229
66255
66237
65813
66302
66243
66264
66284
66290
65742
65757
65763
65755
65772
65789
65792
65814
66269
66287
66300
65539
65555
65574
65558
65580
65596
65606
65628
65696
65659
65644
65650
65990
66001
66021
66038
66054
66072
66088
66066
66095
65543
65553
65542
65565
65548
65750
65762
65957
65979
65994
66005
66023
66000
65993
66002
65994
66010
65996
66274
66295
65542
65554
65582
65597
65604
65985
66005
66016
66001
66017
66013
65996
66001
66026
66009
66031
66253
66263
66251
66265
65897
65912
65931
65948
65565
65574
65596
65609
65587
65633
65656
65665
65694
65673
65683
65705
65718
65739
65746
65760
65778
65774
65787
65765
65788
65802
65814
65829
65852
65870
65872
65892
65987
66005
65987
66001
66021
66239
66243
65892
65876
65899
65909
65983
65994
65983
65988
66012
65725
65702
65722
65730
65756
65883
65858
65882
65897
65885
66106
66080
66110
66117
66131
66151
66161
66179
66203
65861
65883
65896
65914
65928
65943
65965
65983
65987
65757
65761
65912
65935
65946
66115
66303
65774
65747
65968
65993
66013
65992
66160
66188
66202
66208
66178
66207
66221
66224
66246
66259
66242
66259
66247
66263
66251
66235
66245
66269
66282
66290
65543
65556
65540
66146
66173
66180
66168
66179
65682
65710
65717
65737
65758
65764
65758
65762
65791
65801
65970
65992
65975
65998
66008
66017
65735
65753
65762
65752
65761
65785
65556
65576
65752
65731
65546
65932
65943
65959
65983
65959
65981
65992
66010
66020
66040
66049
66046
66057
66033
66060
66072
66088
66206
66223
65931
65945
65957
65641
65653
65664
65690
65696
65566
65569
65591
65569
65590
65614
65621
65638
65656
65723
65740
65755
65764
65751
65797
65808
65831
65855
65858
65880
66158
66135
66151
66160
65762
65789
65802
65811
65833
65820
65803
65884
66084
66075
66095
66104
66121
66142
66151
66141
66157
66174
66182
66198
66218
66045
66027
66041
65975
65988
65977
65996
66005
66031
66047
66017
66033
66055
66074
66094
66077
65841
66097
66123
65542
65555
65576
65641
65653
65676
65657
65852
65828
66041
66050
66038
66018
65786
65765
66136
66153
66164
66190
66164
66144
66165
66188
66170
66151
66166
65950
65963
65971
65997
66007
66030
66207
65644
65762
65749
65763
65754
65762
65776
65795
65819
65824
65734
65752
65762
65745
65760
65747
65774
65783
65801
65814
66117
66137
66159
66175
66110
66178
66199
66220
66205
66222
66235
66250
66259
66240
66258
66273
65855
65953
65972
65995
66003
66280
66268
66249
66238
66213
66206
66209
66193
66210
66230
66241
66261
66283
65823
65836
65840
65871
65872
66269
66279
66296
65538
65558
65577
65801
65839
65846
65856
65840
65859
65886
65902
65904
65620
65610
65672
65681
66122
65883
65903
65666
65680
65669
66035
66060
66075
66088
66065
65761
65784
65761
65758
65764
65778
65767
65779
65763
65747
65773
65746
65769
65782
65806
65812
65839
65842
65655
65671
65693
65863
65883
65895
65910
65935
65915
65890
65885
66208
65658
65679
65693
65705
65798
65810
65786
65802
65819
65830
65830
65848
65860
65884
65892
65916
65895
65911
65894
65905
65929
65951
66269
65612
65630
65636
65659
65670
65680
65673
66133
66148
66138
66156
66165
66152
66164
66158
66173
66183
65592
65581
65592
65946
65957
65969
65565
65548
65561
65575
65557
65545
66289
65537
66026
65971
65991
66012
66019
66008
65997
66003
66221
66237
65649
65640
66052
66066
66094
66108
66065
66081
66006
65986
65979
65985
65969
65995
66014
65990
66003
65992
66000
66211
65614
65625
65602
65594
65569
66030
66039
66106
66083
66074
66088
66102
65996
66015
66022
66032
66059
65634
66270
66286
66263
66283
66258
66248
66237
66253
65558
65999
66005
66025
66044
66055
66086
66108
66125
66111
66117
65913
65934
66109
66116
66082
65647
66289
65544
65556
66063
66038
66023
66046
66053
66069
66056
66068
66092
66109
65842
65610
66184
66203
66103
66114
66143
66147
65868
65880
65897
65880
65866
65885
65917
65930
65813
65807
65823
65790
65718
65737
65747
65761
65787
65805
65787
65802
65657
65638
65661
65692
65920
65940
65925
65945
65846
65860
65874
65869
65882
65903
65910
65930
66051
66073
66085
66108
66125
66138
66115
66100
65636
65656
65665
66004
66030
66037
66021
66042
65554
65572
65584
65604
65592
66206
66223
66201
66179
66203
66220
66204
66188
66175
66188
66196
66132
65701
65969
65998
66006
65995
66002
65619
65643
65643
65656
65667
65954
65974
65997
65982
65987
66003
66006
66025
65897
65905
65924
65950
65952
65885
65867
65878
65577
65590
65588
65898
65912
65925
65951
65957
65968
65992
65979
65999
66013
66020
66006
66201
66218
66232
66248
66271
66285
66292
66276
66257
65623
65641
65626
65669
65660
65678
65557
65583
65598
65603
65628
65633
65623
65605
65940
65960
65977
65759
66235
66250
66226
66211
66195
66187
66205
66221
66227
66246
66261
66285
66024
66012
66028
66006
66018
66034
66255
66263
66279
66297
65548
65563
65569
66123
66106
65660
65641
65617
65612
65621
65605
65588
66017
66040
66030
66038
66024
66267
66282
66249
66270
66287
66264
66287
66299
65544
65558
65575
65598
65713
65733
65747
65762
65777
65805
65814
65828
65852
65867
65830
65844
65856
65845
65859
65850
65824
65849
65861
65688
66017
65987
65649
65640
65656
65678
65688
65973
65964
65982
65986
65817
65802
65816
65830
65823
65828
65847
66205
66211
66234
66219
65830
65843
65866
65850
65999
66006
66022
66046
66216
66231
66213
66204
66223
66198
66216
66234
66252
66229
66244
65758
65760
65780
65800
65809
65837
65844
65867
65884
65856
65839
66055
66075
66086
66068
65778
65763
65783
65766
65776
65792
65819
65830
65843
65830
65849
65914
65930
65942
65928
66087
65982
65986
66005
66023
66013
66030
65825
65849
66059
66033
66060
66070
66082
66096
66126
66131
65803
65816
65832
65820
65828
65829
65809
65832
65849
65832
66290
65542
65559
65580
65593
65612
65629
65635
65640
66236
66220
66196
65983
65988
66200
66016
66038
66057
66064
65688
65702
65714
65708
65721
65743
65746
66284
66292
65540
65559
65574
65593
65601
65587
65602
65624
65645
65625
65624
65646
65561
65576
65599
65609
66210
66193
66223
65735
66087
66064
66088
66100
66119
65810
65833
65602
66105
66121
66134
66155
66171
66188
66204
66219
66239
66250
66268
66255
66235
66209
66233
66246
66258
66273
66291
65538
65814
65834
65850
65839
66095
66109
66085
66110
65691
65697
65725
65730
65974
66130
66118
66129
65813
65966
65969
65961
65635
65628
66282
66299
65896
65904
65922
65950
65927
65944
65957
65980
65982
65997
65751
65775
65719
65734
65777
65800
65822
65825
65855
65868
65887
66209
66232
66251
66239
65552
65581
65590
65606
65616
65606
65587
65579
66270
65610
65620
65636
65618
65642
65652
65679
65690
65672
65538
66299
66147
66166
66180
66169
66189
66195
66208
66253
66259
66287
66094
65993
66015
65988
65972
65993
66014
65997
66003
65536
65567
65574
65589
65601
65622
65640
65658
65667
65693
65700
65719
65734
65744
65761
65776
65763
65787
65739
65716
65696
65719
65733
65759
65733
65751
65762
65788
65807
65820
65832
65809
65785
65718
65710
65716
65730
65751
65769
65880
65871
65880
65864
65691
65751
65760
65785
66220
66232
66246
66264
66280
65765
65776
65798
65784
65990
66014
65688
65760
65786
65806
65813
65829
65808
65837
65809
65805
65823
65826
65841
65868
65886
65862
65886
65902
65913
65932
65946
65967
65977
65986
66006
66028
66040
66063
66078
66049
66070
66087
66108
66113
66131
66146
66165
66189
65694
65706
66038
66019
66042
66024
66032
66059
65857
65846
65865
65846
65836
65855
65825
65853
65859
65881
65903
65886
65890
65915
65935
65949
65923
65950
65954
65971
65933
65950
65964
65981
65604
65676
65661
65972
65988
66188
66165
66156
66161
66187
66163
66187
66171
66190
66216
66234
66255
66261
66274
66231
65970
65956
65536
65563
66102
66086
66066
66049
66032
66096
66112
66133
66126
66107
66173
65594
65602
65623
65643
65654
65858
65847
65860
65882
65891
65910
65930
65585
65615
65630
65635
65621
65646
66118
66140
66149
66167
66148
66166
66180
65701
66246
65654
65667
65687
65706
65727
65737
65753
66178
66199
66158
66170
66157
66174
66191
66174
66191
66108
66119
66136
66150
65734
65798
66013
66028
66044
65822
65801
65815
65794
65826
65811
65835
65853
65832
65815
65597
65602
65627
65645
65715
65736
65759
65957
65972
65987
65971
66149
66171
66180
66165
66153
66172
66179
66205
66218
66233
66254
66264
66280
66288
65789
65801
65820
65798
65811
65832
65847
65588
66031
66105
66118
66140
66148
65560
65544
65556
65581
65644
65743
65747
65767
65747
65769
65747
65739
65715
65738
65756
65768
65791
66220
66224
66249
66256
66278
66301
65701
65685
65709
65713
65734
65750
66130
66155
65664
65694
65698
65719
65743
65751
65742
65747
65775
65748
65772
65780
65796
65560
65536
66293
66272
66291
65540
66298
65538
65564
65543
65552
65575
65597
65609
66148
66134
66112
66099
66126
66135
66151
66141
65934
65954
66283
66260
65979
65964
65939
65932
65943
65962
65978
65996
66087
66097
66119
66130
66123
66103
66115
66139
66151
66161
66179
66223
66290
66281
66256
66272
66290
66277
66222
66236
66249
66261
65848
65832
66291
66283
66272
66302
65548
65564
65547
65554
65549
66293
66282
66290
66272
65738
65759
65771
65778
65764
65753
65773
65787
65796
65813
65800
65810
65830
65579
65598
65613
66004
65640
65662
65670
65649
65668
65663
65676
65654
66257
66240
66268
66284
66293
65539
65920
66027
65796
65818
66033
66054
65796
65817
65903
65666
65688
65669
65631
65646
65660
65678
65655
65679
65657
65832
65845
65732
65748
65739
65817
65804
65713
65730
65744
65771
65785
65774
65954
65977
65999
66000
66024
66039
65723
65736
65722
65711
65794
65810
65838
65820
65831
65844
65739
65746
65769
65785
65805
66154
66164
66188
66199
66220
66238
66241
66268
66255
65573
65590
65600
65618
65634
65658
65646
65656
65905
65923
65948
65922
65938
65952
65951
65963
65753
65762
65749
65574
65562
65537
65878
65889
65601
65617
65603
65990
66004
66020
66038
66056
66077
66082
66108
66117
66110
66120
66141
66125
66136
66155
66132
66156
65579
65585
65871
65840
65858
65877
65856
65886
65889
65909
65930
65942
65961
65943
65952
65941
65960
65973
65993
66002
66029
66039
66031
66012
66028
66242
66269
65642
65619
65607
65588
66076
66095
66099
66116
65703
65716
65697
65721
65730
65746
65739
65726
65734
65751
65743
65751
65762
65790
65800
65819
65839
65851
65869
65875
65901
65907
65932
65940
65953
65970
65956
65976
65999
66003
66016
66047
66060
66069
66055
66064
65867
65887
65855
65870
65883
65864
65846
65865
65900
65914
65924
65938
65924
65779
65794
65822
65839
65840
65866
65874
66248
66271
66281
66288
66142
65982
65992
65824
65843
65863
65681
65707
65727
65703
65721
65698
65715
65729
66252
66258
66244
66252
66269
66279
66295
65545
66296
65740
65702
65714
65732
65759
65766
65747
65761
65784
65795
65789
65803
65990
66280
65921
66047
66048
66067
65925
65939
65965
65968
65643
65627
65638
65650
65636
65630
66293
66299
66273
66303
65538
65553
66203
66218
65565
65574
65584
65958
65859
65879
65859
65880
65888
65880
65903
65600
66262
66278
66265
66244
66267
66244
65624
65642
65650
65667
65684
65697
65720
65730
65755
65765
65781
65905
65931
66303
65537
65552
65548
65564
65569
65590
65606
65624
65644
65659
66137
66123
66133
66155
66160
66183
65729
66150
66162
65704
65723
65730
65640
65649
65668
65659
65673
65691
65699
65715
65869
65874
65900
65909
65892
65741
65752
65740
65747
65766
65752
65769
65664
65692
65699
65713
65704
65695
65703
65715
65707
65716
66281
66297
65549
66297
66280
66301
66024
66033
66055
66033
66055
66072
66080
66069
66011
66029
65746
65766
65749
66286
66265
66277
65914
65890
65913
65931
65826
65855
65869
65873
65638
65593
65606
65624
65568
65585
65608
65623
65803
65814
66154
66172
66152
66174
66180
66165
66148
66169
66119
66133
66146
65747
65765
65752
65762
65784
65800
65816
65794
65810
65797
66172
66147
65726
65732
66192
65655
65664
65989
66013
65847
65857
65885
65856
65995
65978
65989
66034
66017
66040
66051
66096
66085
66033
66019
66037
66057
66211
66239
66252
66256
66273
65647
65651
65678
65689
65704
65681
65707
65681
65701
65684
65708
65752
65736
65725
65735
65754
65764
65788
65794
65820
65771
66044
66048
66079
66060
66034
66057
65687
65707
65713
65709
66015
65999
65982
65984
66005
66139
66148
66170
66178
66163
66187
66200
66223
66233
66249
66239
65549
65557
65582
66059
66164
66147
65807
65820
65832
65778
66160
66190
66167
66144
66173
66184
66198
66214
66227
66242
66178
66193
66208
66197
65584
65576
65586
65609
65617
65642
65663
65672
65911
65923
66254
66260
66280
66289
65951
65965
65981
65994
66004
65568
65559
65570
65598
66077
66090
66098
66091
66099
66117
66137
66157
66161
66177
66206
66184
66199
66184
66164
66148
66174
66178
66198
66215
66226
66255
66262
66277
66256
66243
65713
65740
65757
65770
65782
65766
65789
65804
65809
65839
66124
66137
66152
66133
66112
66129
66154
66168
66039
66202
66188
66171
66148
66137
66123
66135
66152
65583
65597
65614
65625
66235
66047
66027
66250
65867
65799
65778
65760
65785
66130
66148
66138
66157
65710
65725
65740
65748
65737
66084
65999
65553
65546
66295
65536
65552
65575
65586
65610
65627
65635
65657
65675
65695
65674
65689
65710
65687
65696
65693
65676
66285
66292
65550
65745
66232
66210
66238
66225
66241
66124
66132
66152
66175
66189
65831
65846
65858
65882
65867
65987
66009
66018
66043
66050
66040
65879
65868
65854
65868
65880
65858
65875
65861
65845
65868
65843
65675
65687
65705
65712
65736
65752
65736
65756
65775
65759
66100
65781
65804
65817
65838
65819
65834
65851
66165
66178
66193
66220
66232
65967
65936
65960
65978
65958
65974
65995
66285
66299
65943
65657
65675
66262
66009
66025
66214
66239
66251
66266
66113
66100
66124
66139
66159
66172
66178
66204
66216
66232
66245
66263
66224
66246
66256
66255
66261
66274
66288
65547
65652
65670
66157
66166
66189
66193
66254
66260
66273
66293
66274
66271
66247
66258
66274
66289
66228
66248
66265
66287
66292
65537
65555
65631
65646
65627
65605
65996
66107
65609
65631
65864
65595
65614
65626
65635
65662
65636
65891
65913
65902
65919
65893
65911
66285
66297
65543
66300
66277
66292
66272
65904
66201
66219
66228
66242
66259
65780
65795
65808
65826
65840
65541
65567
65538
65558
65718
65736
65756
65728
65748
65760
65751
65767
65779
65807
65822
65825
65849
65866
65555
65573
65588
65603
65618
65600
65780
65799
65815
66211
65833
65844
65861
65883
65877
65893
65878
65893
65905
65932
65778
65803
65822
65800
65808
65806
65742
65750
65772
65748
65764
65642
65654
65665
65688
65704
65724
65739
66184
66206
66208
66237
66220
66198
66215
66225
66211
66237
66220
66237
66254
66262
66278
65765
65994
65544
66299
65542
66204
66219
65730
65751
65769
66266
66286
66297
65603
65625
65644
65658
65666
65649
65677
65693
65708
65724
65739
66282
66292
66276
66295
65537
65627
66281
66295
65964
65977
65960
65981
65991
66006
66028
66006
66030
66036
66048
66097
65805
65816
65831
65847
66008
66018
66014
65985
66009
66056
66067
66234
66208
66228
65622
65636
65651
65679
65875
65862
65882
65903
65884
65901
65872
65903
65914
65926
65948
66222
66238
66250
66264
66283
66298
65536
65831
65847
65857
65881
65895
65713
65738
65726
65738
65725
65740
66030
66041
66049
66077
66084
66072
66093
66073
66094
66067
66083
66019
66047
66225
65951
65964
65627
65644
65649
65678
65680
65696
65722
65736
65969
65958
65971
65990
66000
66026
65960
66171
66190
66193
66215
66245
66236
65985
66010
66028
66044
65787
65793
65821
65792
65778
65806
65816
66263
66273
66267
66066
66087
66275
66261
66286
66299
66128
66126
66100
66291
65545
65566
66258
65776
65960
65973
65962
65976
65996
65610
65630
65636
65662
65672
65691
65700
65715
65729
65720
65705
65724
65696
65714
65824
65716
65828
65854
65866
65884
65903
65653
65669
65649
65679
66225
66250
66266
66276
66302
66277
66255
66269
66276
66023
65551
65555
65580
65852
65862
65875
65888
65904
65921
65950
65927
65917
65894
65918
65926
66039
66054
66191
66165
66006
65991
66014
66022
65846
65870
65845
65859
65873
65857
65880
65896
65561
65580
65598
65573
65598
65605
65627
65601
66021
66047
65949
65963
65981
65958
65861
65884
66126
66101
65757
65829
65846
65857
65884
65899
65700
66046
66049
66073
66089
66098
66114
66132
66159
66175
66171
66188
66202
66253
66226
66255
66260
66286
66251
66269
66277
66290
65548
66038
66059
66035
65741
65761
65778
65797
65822
65839
65819
65792
65822
65830
65855
65959
65970
65993
66002
66027
66035
66049
66071
66092
65778
65766
65745
65765
65785
65770
65787
65793
65822
65547
65947
65952
65938
65958
66232
66140
66159
66136
66150
66174
66178
66173
66191
66200
65556
65583
65597
66028
66039
66056
66078
66094
66078
66085
66074
66055
66074
66086
66066
65664
65687
65708
65724
65696
65719
65698
65715
65734
65759
65904
65920
65940
65935
65918
65890
65908
65925
65942
65927
65944
65934
65944
65963
65968
65597
66277
66300
66280
66299
65551
65651
65673
65686
65702
65725
65728
65726
65711
65712
65737
66084
66102
66119
66140
66151
66169
66186
66196
66208
65898
65909
65928
65948
65964
65978
65999
65979
65986
66009
65991
66015
65990
65705
65713
65701
65713
65838
65845
65866
65841
65869
65878
65901
65874
65901
65906
65920
65906
66098
66081
66108
66122
65949
65957
65936
65929
65913
66117
66139
66052
66037
66021
65934
65948
65921
65941
65966
65944
65636
65663
65666
65649
65668
65694
65708
65683
65702
65913
65920
65940
65953
65685
65708
65716
65711
65712
65736
65750
65775
65789
65799
65781
65762
65778
65806
65817
65836
66058
66070
65939
65962
65859
65811
65833
65809
65830
65824
65852
65892
65913
65929
65938
65967
65979
66040
66054
65947
65964
65974
65955
65980
65985
65970
65959
65978
65954
65944
65956
65978
65988
66015
66133
66150
66130
66157
66131
66062
65962
65949
65956
65978
66192
66208
66201
66177
66204
66220
66231
66179
66197
66218
65622
65645
65652
65671
65692
65697
65715
65735
65759
65738
65919
65892
66148
66170
66177
66193
66177
66198
66015
65994
66013
66023
66008
66022
66037
66265
66280
66293
65536
66301
65869
65877
65893
66293
65550
65560
65583
65563
65570
65593
65942
65677
65651
66032
66037
65970
65998
65638
65657
65577
65595
65953
65937
65955
65940
65927
66209
66193
66213
66234
66245
65959
65869
65842
65865
65877
65891
65847
65830
65853
65863
66174
66178
66201
66212
66234
66210
66197
66212
65908
65902
65703
65846
65863
65877
65900
65911
65920
65951
65959
65969
65994
65615
65621
65645
65652
65671
65681
65702
65720
66253
66270
66276
65610
65628
65632
65710
65720
65735
65722
65728
65748
65757
65775
65784
65798
65984
65980
66003
65994
65981
65955
65979
65985
66245
66262
66275
66292
65538
65564
65580
65590
65588
65604
65597
65611
66235
66242
66256
66285
65969
65989
66209
66200
66208
65929
65973
65986
66013
66024
66047
66091
66170
66068
66087
66079
66198
66220
66204
66178
66164
66158
66167
65837
65740
65759
65730
65746
65555
65576
65558
65578
65588
65609
65628
65604
66141
66113
66136
66148
66160
66185
66205
66179
66173
66188
66198
65703
66060
65930
65708
65685
65697
65715
65699
65719
65731
65714
65839
65815
65545
65558
65581
66273
66295
65536
66078
65775
65783
65798
65822
65799
65819
66238
66245
66239
65740
65725
65742
65726
65728
65645
65651
65670
65692
65800
65823
65800
66103
66093
66102
66118
66179
66200
65840
65858
65876
65902
65646
65660
65784
65545
65555
66148
66165
65827
65840
65860
65880
65889
65918
65935
65940
65927
65939
65960
65975
65989
65971
66224
66244
66265
66245
66260
66250
65805
65818
65807
65809
65938
65964
65974
65986
66014
66026
65570
65833
65855
65858
65850
65856
65886
65902
65914
66138
66120
66131
66155
66170
66177
66204
66215
65751
65775
65753
65763
65755
65768
65860
65882
65721
66290
65540
65552
65581
65679
65653
65678
65648
65634
65657
65671
65659
65671
65691
66019
66282
66292
65547
65552
65581
65595
65966
65901
65627
66127
65912
65977
65965
65970
65764
65781
65793
65823
65824
65849
65856
65872
65899
65907
65929
65941
65924
65918
65926
65919
65928
65937
65953
65968
65988
66013
66030
66041
66050
66071
66090
66097
65855
65831
66043
66050
66071
66083
66097
66119
66136
66289
66273
66264
66284
66264
66285
65835
65853
65862
65879
65867
65883
65903
65917
65933
65937
65735
65744
65770
66065
66084
66104
66126
66141
66144
66169
66180
66238
66081
66286
66186
66205
66177
66247
66265
66275
66265
66280
66011
66123
66128
66120
66111
66152
66171
66179
66175
66179
66197
66209
66229
66114
66136
66152
66169
66145
66167
66149
66170
66189
66168
66191
65723
65735
65746
65769
65754
65766
65789
65793
65812
65795
65781
65807
65765
65779
65798
65811
65833
65845
65865
65884
65871
65877
65897
65887
65895
65916
65920
65919
65923
66243
66262
66280
66262
66287
66288
66258
66280
66296
65540
65659
65665
65688
65664
65655
65669
65733
65752
65762
65783
65793
65822
65804
65882
65895
65914
65926
65946
66134
66156
66209
66224
66254
66269
66279
66265
66275
66288
65536
65653
65667
65759
65770
65785
65799
65817
65796
65784
65792
65817
65538
65553
65579
65595
65575
65597
65569
65588
65610
65622
66209
66201
66180
66169
66177
65825
65850
65830
65849
65830
65844
65862
65622
65642
65656
65643
65662
65667
65681
65671
65683
65707
65715
65741
65980
65991
66002
65569
65561
65571
65735
65757
65762
66183
66169
66259
66274
66301
65539
65559
65580
65584
65614
65579
65696
65690
65698
65687
65710
65726
65699
65727
65997
66000
66028
66040
65739
65750
65769
65755
65763
65751
65767
65785
66288
65536
65562
65569
65598
65576
65590
65578
65586
65576
65564
65581
65595
65607
65996
65786
65806
65811
65839
65843
65824
65986
66000
66026
66045
66063
66073
66088
66102
66125
66142
66121
66142
66136
66121
66143
66154
66160
66184
66198
65852
65831
65842
65861
65881
65901
65913
65935
65892
65916
66284
66302
65716
66280
66300
65537
65554
65569
65590
65606
65919
66180
66207
65624
65608
65622
66157
66167
66041
66050
66074
66055
66071
66095
66096
66119
66106
66117
66137
66146
66136
66146
66175
66181
66206
66222
65857
65885
65900
66244
66260
66283
66288
65542
65555
65543
65563
65580
65554
65633
65886
65858
65873
65868
65874
65903
65915
65617
65639
65650
65673
66186
66195
66214
66231
66244
66235
66245
66271
65919
65926
65937
65964
65939
65962
65978
65992
66008
66018
66036
66016
66013
66020
66042
66052
66075
66090
66079
66092
66108
65809
65835
66270
66282
66303
65612
65622
65609
65616
66194
66187
66195
66217
66239
66250
65594
65672
65687
66069
66061
66065
66017
66040
66028
66034
66025
66040
66073
66060
66044
66054
65970
65986
65972
65999
66010
66025
66001
65985
66002
66030
66046
66049
66034
66049
66079
66090
65997
66000
66018
66034
66057
66036
65677
65681
65701
65716
65740
65748
65774
65786
65797
65817
65826
65846
65869
65792
65811
65800
65817
65830
65692
65706
65725
65871
65855
65857
65885
66085
66067
66083
66175
66185
65603
65596
65572
66021
66040
66078
65917
65925
65943
65965
65976
65999
66152
66049
66094
66096
66118
66128
66154
66171
66145
66165
66178
65695
66116
66143
66156
66165
66180
66201
65870
65881
65859
65630
65633
66050
65612
65626
65634
65691
66080
66067
66082
66111
65768
65788
65796
65808
65838
65853
65863
65884
65903
65913
65925
65947
65923
65947
65959
65971
65991
66008
66026
66040
66057
66074
66053
66076
66083
66099
66120
66107
66115
66132
66261
66241
66267
66253
66236
65685
65673
65686
65664
65694
65938
65964
65983
65929
66110
66060
66072
66092
65808
65824
65813
65834
65852
65829
65590
65604
65626
65615
65616
65637
65660
65672
65687
65708
65719
65698
65712
65740
65745
65773
65779
65797
65790
65804
65808
65829
65850
65859
65877
65895
65909
65921
66017
66047
66051
66068
66080
66110
66091
66108
66091
66098
66082
66074
66086
66105
66092
66102
66084
66064
66244
66260
66184
66174
66176
66195
66186
66196
65941
65961
65983
65990
66013
66024
66038
66050
66041
66054
65727
65738
65757
65774
65748
65579
65599
66289
66278
65899
65916
65891
65914
65930
65946
65961
65972
65735
66177
66205
66214
66229
66249
66261
65780
65770
65790
65800
65819
65828
65553
65940
65624
65607
65620
65716
65737
65756
65763
65749
65743
65758
65886
65893
66050
66075
66086
66074
66092
66221
66192
66182
66194
66220
65728
66052
66071
66082
66099
66087
66025
66039
66017
66011
66025
66046
66053
66070
66054
66044
66051
66064
66091
66076
66063
66069
66081
66104
66124
66079
66092
66107
66125
65993
66004
66001
66020
66033
66051
66040
66053
66032
66049
66066
66081
66074
66084
65637
65654
65647
65651
65678
65684
65697
65716
65732
65985
66007
66025
65919
65921
65947
65922
65917
66257
66246
66237
66210
66200
66181
66182
66171
66176
66194
66212
66235
66244
66067
66053
66072
66091
66111
66116
66193
66220
65618
65609
65618
65632
65654
65833
65848
65837
65813
65831
65855
65830
65849
65856
65876
65848
65862
65877
65901
65905
65815
66118
66107
66094
66104
66124
66130
66154
66171
66184
66207
66178
66203
66220
66230
66253
66037
66059
66078
66095
66097
66115
66128
65553
65573
65723
65779
65798
65809
65831
65845
66232
66252
66261
66240
66256
66284
66300
66276
66033
66095
65830
65813
65827
65820
65825
65854
65825
66149
66130
66155
66163
66157
66175
66180
66027
66012
66024
66045
65543
66299
65546
66303
65550
65565
66019
66014
65997
65975
65959
65980
65984
66003
66020
66005
66030
66265
65965
65970
65999
65774
65782
65805
65784
65639
65655
65719
65730
65752
65768
65777
65806
65784
65803
65815
65836
65842
65864
66202
66178
66203
66178
66168
66179
66206
66216
66234
66248
66234
66216
66238
66218
66196
66218
66234
66210
66229
66255
65810
65817
66196
66214
66237
66204
66147
66129
66100
66094
66075
66085
65805
65811
65682
65697
65812
65838
65855
65859
65877
65893
65914
65962
65938
65954
65979
65795
65779
65804
65818
65793
65822
65831
65845
65830
65815
65639
65652
66238
66210
65696
65713
65707
65940
65956
65936
65957
65938
65953
66119
66140
66148
65602
65876
65901
65879
65894
65887
65848
66272
66251
66269
66250
66261
66278
66290
66175
66190
66202
66210
66199
66185
66198
66218
66226
66189
66207
66209
66231
65769
65757
65772
65749
65771
65776
65805
65819
65825
65847
65856
65848
65859
65879
65899
65680
65709
65724
65729
66019
66042
66018
66034
66059
66069
66085
66107
65617
65639
65653
65678
65663
65667
65691
65702
65671
65681
65697
65686
65679
65681
65705
65689
65699
65713
65705
65685
65705
65726
65705
65998
66241
66270
66280
66296
65546
65557
66151
66170
66190
66167
66147
66174
66154
66164
66145
66174
65701
65842
65867
66294
66284
66293
65549
65560
65574
65563
66108
66113
66131
66122
66102
65642
65771
65788
65798
65817
65797
65810
65831
65698
65684
65668
65657
65554
65576
65591
65574
65593
65609
65628
65885
65808
65797
65812
65824
65822
66086
66075
66085
66110
66116
66133
66159
66170
66177
66206
66186
66094
66101
65743
65750
65765
65779
65764
65791
66238
66244
66267
66240
66261
66255
66271
66287
66302
66272
66290
65539
65957
65978
65994
66011
66028
66036
65651
65675
65688
65707
65683
65674
66006
65993
66010
66028
66043
66050
66069
66080
65641
65656
65935
65937
65965
65946
65959
65949
65954
65972
65959
65939
65952
66070
66088
66103
66121
66138
66148
66164
65602
65586
65613
66006
66023
66044
66055
66073
66054
66130
66145
66160
66176
66170
66186
66204
66189
66197
66216
66225
66254
66225
66211
66231
66242
66268
66247
66239
66217
66237
66249
66271
65732
65725
65732
66144
66160
66153
66168
66188
66203
66214
65842
65660
65642
65545
65564
65834
65852
65862
65875
65897
65905
65900
65905
65930
65906
65922
65905
65923
65939
65963
65977
65994
66262
66280
66291
65540
66297
65542
66294
65537
65562
65579
65598
65601
65621
66090
66077
66095
66068
66082
66099
66122
65573
65589
65854
65857
66081
66102
66117
65659
65667
65693
65698
65684
65704
65722
65705
65716
65595
65885
65899
65905
66235
66253
66227
65636
65659
65633
65663
65962
65981
65991
65979
65998
66013
66031
66005
66021
66043
66051
66184
66192
66211
66286
66290
65545
65742
65758
65760
65747
65772
65754
66035
66227
66244
66271
66249
65995
65968
65956
65977
65988
65972
65984
66012
66023
66047
66058
66115
66134
66152
66167
66149
66160
66159
66133
66158
66137
66146
66175
66184
66283
66290
65536
65560
65544
66286
66290
65545
65561
65583
65589
65604
65623
65647
65621
65606
65911
65927
65948
65921
65911
65930
65949
65643
65661
65670
66101
66121
66096
66117
66285
66266
66273
66290
66274
66291
65551
65962
65983
65998
66004
66023
66010
65548
66293
65551
65563
65549
65959
65971
65995
65978
65959
65971
65998
66006
66031
66044
65765
65788
65801
66086
66064
66057
66076
66053
66164
66182
66194
66214
66234
66255
66260
66274
66256
65945
65957
65974
65704
65727
65741
66259
66244
66270
66286
66302
65547
65556
65576
65561
65570
65925
65936
65963
65951
66105
66112
66129
66145
66213
66193
66218
66199
66213
66235
65848
65836
65840
66109
66114
66138
66157
66117
66101
65579
65962
65947
65961
65976
65998
65618
65635
65651
65638
65663
65676
66176
66201
66210
66227
65728
65719
65736
66231
66240
65666
65658
65674
65690
65708
65717
65651
66291
65541
65782
65795
65811
65828
65852
65863
65876
66204
66190
66161
66180
65867
65886
65899
65905
65925
65810
65826
65661
65673
65691
65709
65721
65739
65751
66046
66082
66101
66115
66139
66144
66170
66181
66206
65616
65640
66251
66229
66208
66227
66245
66269
66278
66256
66284
66269
66251
66258
66246
66267
66251
65684
65706
65725
65739
65714
65738
65578
65595
65548
66296
65551
65558
65579
65556
65550
65561
65547
65567
65578
65592
65601
65618
65610
65590
65687
65700
65714
65729
65745
65632
65536
66290
65542
65562
65573
65566
65570
65561
65571
65599
65602
65629
65889
65878
65852
65825
65853
66087
66104
66095
66136
66150
66131
65939
65964
65945
65921
65550
65567
65540
65564
65583
65591
65577
65586
65614
65995
66009
66025
66042
66056
66064
66088
66251
65639
65661
65557
65664
65566
66024
65619
65642
65656
65673
65663
65955
65957
65975
65964
65686
65677
65648
66140
66154
66169
66181
66195
66184
66202
66222
66236
66254
66258
66246
65800
65823
65908
65932
65942
65953
65982
65985
66012
65985
65975
66111
66095
66063
66069
66093
66207
66183
66165
66184
66201
66221
66228
66253
66262
66275
66289
66283
66267
65870
65881
65903
65919
65920
65917
66170
66182
66205
65612
65760
65783
65792
65810
65922
65941
65957
65699
65723
65731
66105
66115
66026
66045
66050
65611
66196
66176
65852
65825
65823
65834
65842
65862
65875
66050
66072
66085
66107
65967
65947
65962
65980
65993
65974
65997
66006
66022
65698
65712
65728
65756
65760
65790
65792
65779
65764
65751
65756
66046
66063
66073
66086
66099
66120
66135
66153
66160
66189
66163
66149
66173
66179
65553
65539
66156
66166
66187
66170
66187
66202
66218
65624
65641
65877
65899
65916
65893
65685
65703
66058
66072
66085
65671
65683
65675
65655
65667
65683
65898
65914
65889
65615
65626
65636
65584
65602
65622
65647
65663
65666
65691
65697
65977
65998
65704
65713
65729
65759
65738
65748
65944
65711
65723
65596
65613
65630
65645
65932
65905
65932
65950
65954
65974
65986
66148
66168
66177
66060
66073
66094
66105
66115
65664
65689
65668
66034
66048
66065
66049
66067
65963
65968
65747
65738
65746
65661
66002
66025
66220
65842
65861
65875
65899
65908
66105
66218
66207
66188
66200
66178
66199
65884
65903
65919
66015
66216
66202
66219
65862
65882
65895
65542
66302
66285
66257
66278
66289
65551
65564
65570
65599
65603
65594
65570
66067
66089
66096
66082
66072
66186
66203
66213
65809
65804
65808
65835
65844
65828
65847
65830
65855
65833
65669
65661
65634
65792
65813
65797
65990
65974
65957
65979
66134
66147
66164
66285
66264
66252
66266
66251
66259
66278
66288
66280
66036
66057
66065
65698
65694
65666
65649
65642
65652
65665
65688
65699
65768
65890
65875
65897
65910
65890
65882
65903
65907
65923
65946
65953
65981
65536
65556
65570
65816
65837
65815
65643
65660
65675
65654
65645
65658
66029
66042
65765
65757
65730
65775
65789
65800
65817
65830
65811
65835
65842
65858
65872
65903
65912
65922
66119
66129
66147
65659
65645
66262
66282
65706
65723
65743
65750
66067
66086
66065
66062
66104
66299
65545
65566
65580
65585
65583
65544
65562
65576
65590
65576
65598
65603
65626
65604
65597
65583
65591
66180
66193
66221
65581
65587
65832
65852
65870
65877
65903
65909
65929
65938
66179
65677
65649
65672
65794
65808
65827
65853
65856
65883
65898
65887
65560
66092
66068
66084
66102
66121
66133
66152
65883
65890
65912
66088
66067
66086
66078
66093
66098
66135
66097
66113
65668
65659
65671
65688
65703
65843
65866
65885
65856
66122
66136
66151
66161
65700
65682
65897
65884
65897
65907
65922
65949
65960
66067
66082
66107
66112
66064
66061
66070
66253
65985
65977
65964
65941
65954
65969
65990
65868
65885
65861
65854
65860
65875
65897
65873
65901
65873
65861
66160
66179
66205
65725
65740
66256
66287
66300
66248
66256
66285
66262
66272
66218
66237
66252
66259
66279
66266
66283
66296
65550
65567
65989
66012
66024
66012
65715
65731
65580
65556
65547
65564
65580
65779
65802
65789
66135
66158
66165
66183
66259
66254
66211
66238
66281
65710
66156
65709
65689
65710
65834
65852
65864
65886
65893
65907
65930
65945
65964
65968
65988
65972
65991
65962
65971
65965
65982
65994
66014
65993
66008
66028
66036
66058
66079
66060
66071
66137
66146
66175
66150
65576
65592
65855
65859
65872
65894
65915
65920
65937
65923
65939
65959
65979
66167
66156
66160
66180
66192
66219
66199
66210
65824
66149
66175
65795
65777
65797
65808
65829
65667
65681
65697
66210
65544
65563
65544
65555
65579
65599
65687
65705
65717
65739
65751
65768
66126
66111
65835
65727
65606
65625
65640
65663
65677
65694
65668
66131
66244
66257
66280
66303
66276
66266
66274
66265
66253
66119
66099
66125
66140
66121
66142
66147
65707
66035
66052
66075
66087
66067
66088
65616
65610
65822
65792
65808
65794
65818
65831
65658
65676
65691
65703
65721
65731
65745
65911
65639
65618
65642
65660
65674
65597
65603
65598
65611
66102
66123
66101
66091
65707
66106
65727
65954
65983
65992
66011
66023
66041
65784
65796
65813
65827
65809
65824
65565
65721
65740
65715
65728
65723
65728
65711
65725
65925
65748
65773
65783
65765
65790
65659
65665
65684
66218
66228
66213
65907
65923
65939
65967
65950
65954
65977
65861
65887
65889
65904
65928
65907
65932
65951
65953
65981
66176
66169
66187
66169
66149
66131
65627
65600
65628
65643
65659
65671
65694
65697
65712
65736
65755
65764
65786
65805
65823
65839
66020
66011
66030
66034
66060
66075
66052
66043
66057
66069
66089
66250
66263
66275
66296
65536
65556
66226
66240
66270
66280
66292
66272
66294
65545
65559
65542
65564
65577
65564
66123
66135
66289
65765
65789
65795
65809
65863
65841
66266
66286
66268
66244
66266
66283
66257
66002
66017
66044
66062
66077
66087
66101
66127
66128
65751
65906
65978
65986
66005
66029
66044
66048
65847
66178
66165
66189
66160
65839
65858
65878
65666
65662
65672
65694
65673
65695
66069
66055
66079
65642
65662
65670
65688
65701
65720
65737
65748
65775
65784
65792
65809
65825
65813
65830
65814
65833
65854
65830
65845
65866
65878
65901
65906
65934
65949
65920
65777
65764
65754
66276
66267
66275
66289
65541
65566
65551
65553
66213
65633
65616
65608
66090
66099
66086
66098
66115
66134
66149
65901
65877
65859
65885
65889
65907
66234
66249
65583
65592
65994
65981
65989
65978
65995
66012
66021
66037
66016
66033
66050
66077
66059
66067
66094
66107
66125
66137
66154
66160
65996
66012
65578
65587
65583
65590
65607
65584
65603
66230
66241
66233
66208
66225
66244
66257
66279
66302
66282
66303
65551
65567
65583
65800
65812
66230
66251
66270
66244
66234
65814
65952
65983
65993
66009
66029
66041
66062
66182
66172
65996
65968
65995
66009
66022
66038
66262
66277
66291
65546
65715
65738
65597
65576
65596
65600
65627
65633
65662
65679
65686
65696
65725
65754
65731
65752
65774
65755
65732
65551
66295
66282
66292
65541
65567
65536
65563
65579
65560
65543
65555
65546
65631
65638
65659
65673
65766
65789
65960
65979
65995
65685
65670
65688
65710
66046
66053
66036
66053
66046
66053
66047
66056
66066
66260
65560
65551
65555
65549
65770
65748
65762
65785
65768
65758
66185
66163
66153
66171
66267
66281
66298
65815
65832
65848
65856
65876
65897
66152
66142
66149
66171
66183
66202
65647
65883
65889
65919
65924
65938
65925
65945
65952
65970
66171
66191
66161
66150
66141
66144
66128
66114
66137
66203
66209
66235
66252
66266
66287
66294
65536
65790
65800
65811
65825
66141
66146
66179
66203
66208
66238
66255
65870
66285
65992
65980
65988
66012
66087
66106
66119
65908
65934
66259
65567
65570
65586
65602
65626
65640
65662
65647
65974
65986
65973
65998
65982
65991
65982
65987
66006
66021
66043
66049
66069
66088
66105
66126
66137
65633
65616
66033
66276
66258
65847
65866
66080
66104
66125
66135
66153
66175
66145
66166
66187
66228
66291
65536
65555
65575
65553
65576
65589
65576
65587
65742
65636
65651
65664
65968
65628
65644
65649
65670
65601
65624
65643
65652
65673
65660
65741
65758
65769
66002
65985
66002
65990
65974
65986
65876
65900
65913
65933
65940
65961
65948
65957
65977
65988
65638
65661
65633
65658
65670
65680
65697
65714
65808
65834
65844
65832
65848
65870
65604
65621
65612
65593
66173
66179
65701
65682
65708
65718
65740
65748
65772
65748
65774
65783
65800
66182
66193
66182
66193
66216
66198
66179
66091
66173
66153
65864
65882
65899
65883
65903
65913
65933
65941
65929
65946
65962
65983
65697
65716
65781
65785
65760
65892
65918
65924
66106
66122
66104
66130
66153
66170
65727
65704
66082
66125
66139
66150
66171
66191
66201
66221
66237
65927
65536
65626
65633
65649
65667
65659
65645
65622
65642
65648
65632
65653
65664
65685
65951
66092
66074
66091
66101
66116
66062
66072
66081
66105
66112
66142
66148
66130
65959
65979
65985
66013
66031
66033
66053
66076
66084
66099
66095
66109
66124
66190
66207
66217
66237
66250
66224
66242
66267
66159
65829
65853
65863
65876
65864
65883
65891
65918
65926
65945
65923
65950
65964
66018
65887
65572
65584
65723
66152
66138
66146
66013
66028
66046
66054
65635
66234
65654
66180
66193
66218
66232
66270
66255
66256
65563
65951
65921
65950
65966
66290
65539
66125
66056
66074
66092
66105
66088
66065
65771
65787
65802
65818
65838
65847
65868
65887
65899
65906
65891
65881
65902
65904
65934
65941
65956
65972
65998
66013
66027
66036
65615
65618
65633
65922
65950
65966
65970
65996
65968
65998
65969
65609
66275
66288
65563
66063
66078
66089
65793
65811
65831
65846
65869
65887
65891
66275
66297
65939
65641
65804
65795
65789
65805
65779
65792
65785
65768
65818
65828
65852
65867
65879
66037
66277
66298
65545
65560
65579
66257
66287
66257
66283
66297
66223
66229
66211
66224
65629
65645
65657
65667
65693
65947
65962
65839
65855
65952
65983
65963
66156
65628
65804
66024
65579
65588
65615
65915
65933
65948
65952
65976
65998
66005
65985
66003
65900
65906
65929
65951
65925
65949
66184
66199
66220
66224
66091
66111
66124
65636
65648
65674
66096
66124
65669
65688
65709
65693
65697
65579
65586
65609
65620
65636
65902
65917
65895
65912
65925
65939
65960
65968
65986
66003
66018
66038
66049
66042
66054
66036
66023
66165
66185
66200
66210
66229
65579
65975
65990
66001
65998
65971
65863
65877
66233
66253
65688
65700
65716
65737
66244
65553
66179
65989
66011
66266
66285
66302
65540
65802
65780
65805
65778
65768
65786
65771
65780
65770
65749
65773
65776
66071
65934
65939
65961
65943
65931
65947
65967
65979
65957
65970
65999
66297
65546
65558
65574
65590
65573
65584
65610
65589
65600
65629
65654
65677
65684
65711
65721
65630
66281
66300
65544
66303
65538
65554
65578
65589
65605
65628
65638
65659
65679
65695
65679
65688
65672
65650
65649
65647
65656
65672
65681
65698
65719
66181
66165
65664
66026
66007
66030
66262
66275
66257
66254
66231
66245
66268
66252
66261
66250
66264
66282
66294
65547
65566
65543
66288
65548
65565
65607
65591
65600
65589
65603
65598
65610
65622
65632
65657
65668
65690
65709
65951
65929
65938
65966
65979
65988
66014
66028
66046
66054
66075
66081
66096
66127
66129
66120
66135
66148
66118
66286
66247
66265
66287
66066
66085
66107
66124
66134
66155
66137
66149
66169
66180
66194
65839
65973
66300
65550
66290
66275
66301
66279
66266
66282
66295
65542
65564
65572
65589
65614
65617
65602
65628
65604
65620
66122
66049
66042
66056
66035
66026
65556
65580
65588
65602
65583
65590
65581
65585
65604
65621
65639
65620
65641
65659
65670
65693
65706
66004
66026
66036
66062
66034
66021
65564
65578
65557
65572
65698
65693
65665
65694
65707
65689
65697
65713
65742
65753
65742
65749
65775
65747
66281
66296
66287
66293
65771
66111
65940
65966
65943
65707
65712
65699
65716
65703
65684
65911
65900
65916
65931
65939
66164
66145
66131
66152
66164
66184
65826
65748
65773
65988
66000
66031
65977
65988
65980
65962
65938
65962
66216
66194
66215
66237
66244
66258
66282
66302
65537
66293
65542
65564
65575
65564
65571
65594
65601
65590
65614
65594
65610
65623
65642
65712
65739
65727
65711
65715
65815
66269
66272
66300
65550
65557
65577
65559
65543
65564
65582
65585
65601
65629
65613
65598
65605
65618
65635
65655
65676
65690
66044
66030
66047
66022
66010
66027
66005
65650
65674
65663
65667
65656
65634
65655
65544
65567
65548
65555
65576
65593
65602
65616
65643
65660
65664
65661
65672
65685
65700
65715
65738
65753
65773
65780
65800
65812
65828
65853
65827
65817
66162
66218
66228
66249
66237
66213
66192
65847
65833
65844
65864
65876
65900
65916
65932
65939
65828
65818
65833
65963
66229
66242
66264
66131
66154
66139
66159
66168
66177
66165
66179
66198
65953
65946
65921
65948
65955
65946
65954
65945
65925
65951
65927
65948
65960
65936
65962
65969
66032
65997
66006
66021
66228
66216
66231
66240
66226
66241
66261
66282
65586
65601
65629
65645
65655
65676
65695
65696
65725
65737
65712
65703
65677
65685
65701
65715
65733
65757
65773
66094
66108
66125
65612
66188
66200
66187
66173
66178
66294
66127
66140
66157
66175
66150
66166
66145
66174
66190
66164
66190
66171
66187
65908
65925
65942
65952
65895
65743
65689
65702
66170
66190
66205
66211
66235
66210
66237
66244
66236
66214
66204
66033
65884
65889
65768
65782
65796
65790
65762
66052
66072
65585
65606
65624
66103
66081
66108
65934
65866
65873
65575
65586
65613
65595
65604
65623
65951
65962
65971
65988
65976
65996
66013
66023
66004
66020
66032
66052
66064
66094
66101
66112
66137
66120
66132
66127
66133
66147
66160
66153
66163
66186
66199
66210
65571
65593
65582
65587
65612
65709
65727
65728
66106
66285
66293
66278
66288
65542
65567
65570
65593
65606
65624
65634
65659
65672
65659
65641
65743
65759
65760
65783
65797
65786
65797
65776
65797
66178
66193
66219
66238
66248
66261
66280
66301
65954
65963
66107
66112
66116
66134
66155
66168
66189
66079
66082
65717
65574
65597
65570
65586
66116
66098
66117
66138
66124
66104
66124
66111
65571
65590
65602
65624
65606
65571
66192
66179
66194
66211
66233
66212
66205
66220
66224
65940
65966
65970
65698
66232
66249
66261
66285
66293
66280
66295
65538
65563
65573
65591
65603
65629
65640
66164
66189
66206
66220
66227
66244
66257
66275
66299
65701
65690
65678
66033
66049
66035
66063
66076
66087
66102
66114
66138
66147
66171
66177
66206
66184
65982
65986
66004
66019
66033
66059
66046
66059
66071
66094
66069
66157
66161
66183
66167
66167
66181
66194
66209
66236
66220
66023
66006
66018
66044
66052
66076
66083
65948
65958
65977
65994
65973
65991
66014
65984
66005
66023
66000
66031
66015
66018
66012
66023
66015
66031
66039
65802
65787
65765
65790
65761
65778
65799
65778
65792
65809
65826
65844
66238
66243
66233
66221
66118
66078
66197
66222
66226
66234
66250
66259
66286
66291
65542
65543
66288
66273
65662
65679
65652
65575
65566
65579
65585
65614
65623
65637
66154
66129
66115
66139
65637
65651
65646
65731
65888
65904
65774
65585
66268
66287
65675
65691
65677
65681
65699
65719
65741
65751
65737
65746
65772
65992
65976
65991
66014
66030
66037
66056
66065
66080
65710
65726
65734
65851
65859
65845
65858
65877
66026
65877
65654
65665
65693
66046
66056
66077
66080
66100
66125
65646
65656
65666
65743
65745
66187
66205
66213
66238
66249
66225
66216
66233
66243
66256
66277
66288
65543
65567
65551
65560
65568
65597
65609
66199
65861
65862
65877
65889
66201
66118
66132
66146
66168
66185
66196
65941
66102
66115
65972
65985
66006
66025
65963
65981
65993
66003
65993
66005
66026
66042
66025
66007
66027
66002
66027
66033
66020
66000
66019
66043
66048
66065
66087
65973
65992
66013
66030
65846
65862
65933
65909
65923
66085
66070
66093
66099
66112
66048
66072
66093
66102
66252
65863
65877
65868
65882
65871
65878
65891
65914
65921
66297
65541
65564
65571
65561
65550
65772
65779
65770
65777
65806
66161
66184
66206
66219
66238
66246
66260
66282
65652
65674
65686
66149
66160
66187
66254
66263
65566
65578
65585
65583
65590
65571
65588
65611
65597
65580
66018
66033
66255
66269
66279
66289
66282
66302
65546
65565
65921
65944
65954
65968
65989
66000
65989
65972
65953
65970
65976
65994
65976
65985
66006
66025
66044
65894
65916
65930
65939
65955
65939
65929
65937
65964
65940
65959
65970
65995
66005
66026
66039
66023
66007
66017
66046
66181
66203
66213
66103
66121
66139
66147
66241
66261
66252
66269
66282
66302
66274
66288
65539
66255
66267
65982
65959
65941
65920
66174
66191
66197
66212
66192
66223
66207
65866
65878
65863
65873
65902
66089
66121
66140
66124
66105
66095
66064
66083
66068
66088
65545
65565
65580
65591
65615
65618
65643
65876
65851
65836
65853
65907
66014
65791
65802
65812
65827
65814
65832
65842
65824
65853
65856
65840
65857
66171
66177
66200
66178
65921
65939
65962
65940
66231
66218
66234
66245
66232
66243
66258
66248
66234
66257
66115
66102
66117
66138
66149
66163
66189
66194
66219
66199
66182
66205
66208
66232
66244
66225
65582
65591
65612
66027
66039
66049
66070
66094
66177
66205
66214
66225
65680
65703
65681
65697
65976
65988
66135
66160
66151
66143
65559
65580
65592
65606
65630
66026
66003
66027
66035
66050
66070
66081
66100
66119
66133
65705
65684
65696
65726
65741
65726
65743
65754
65764
65914
65921
65945
65965
66191
66200
66218
66238
66241
66257
66280
66290
66279
66300
66275
66288
65543
66297
66272
66296
65541
65556
65547
66293
66245
66271
66275
66297
66278
66301
65541
65576
65753
66199
66215
65886
65870
65886
65798
65814
65831
65840
65869
65845
65659
65673
65690
65671
65649
65675
65683
66156
66174
66177
66192
66215
66227
65958
65969
65986
66002
66019
66038
66048
66034
65718
65705
65716
65612
65617
65633
65625
65638
65763
66278
66258
66251
66262
66242
66260
66274
66297
65548
65559
65583
66092
66105
66127
66128
66152
65823
65831
65828
65813
65834
65840
66199
66186
66198
66211
65678
65751
65771
65781
65842
65632
66025
66039
66058
66032
66060
66076
66091
66070
66053
66045
66055
66066
66049
66037
66030
65774
65778
65761
65567
65582
65591
65572
66210
66197
65626
65603
65627
65608
65625
65608
65589
65608
65618
65633
65777
65803
65941
65958
65945
65961
65973
65952
65974
65955
65969
65731
66048
66075
66089
66108
66297
66172
65906
65926
66221
66198
66208
66107
66112
66136
66123
65687
65702
65721
65707
65687
65708
65687
65678
65694
65701
65684
66075
66089
65992
66006
66018
66097
66121
66141
66298
65550
65552
65579
65598
65605
65631
65609
65620
65614
65621
65640
65656
65675
65686
65707
65555
65576
65567
66037
66058
66034
66059
66078
65888
65904
65925
65914
65923
65917
65933
65939
65958
65980
65960
65944
65963
65983
65986
66000
65729
65726
65731
65758
65741
65748
65743
65727
65743
66301
65539
65553
65540
66128
66159
66162
66176
66207
66221
65757
65732
65749
65868
65855
65838
65844
65829
65815
65742
65755
65761
65550
65562
65580
65586
65615
65585
65606
66083
66065
66095
66097
66118
66134
66153
66133
66116
66129
66146
66141
66153
66167
66149
65615
65631
65638
65717
65742
65841
65861
65849
65864
65842
65827
65854
65861
66033
65763
65749
66133
66150
66160
66183
66202
66213
66224
66254
66269
65777
65794
65812
65797
65812
65805
66191
65852
65857
65842
65865
65872
66042
66019
66040
65798
65814
65830
65662
65665
65684
65669
65684
66302
66272
66302
66286
66299
65544
65559
65582
65595
65605
65619
65615
65621
65642
65617
65674
65689
65710
65712
65894
65918
65921
65936
65952
65971
65854
65578
65592
65613
65628
65632
65648
65676
65690
65672
65692
65706
66008
65994
66011
66030
66037
66050
65750
65741
65749
65764
65776
65792
65776
65972
65963
65944
65957
65979
65989
66010
66016
65835
65819
65824
65844
66153
66174
66182
66200
66219
66092
66071
66087
66076
66061
66073
66083
66071
66056
66065
66095
66072
66062
66068
66059
66069
66051
66072
66092
66064
65708
65715
65835
65850
65857
65887
65643
65658
65665
65622
65632
65658
66218
66233
65556
65574
65564
65599
65571
65934
66022
66045
66059
65650
65675
65840
65867
65880
65897
65916
65923
65940
65922
65942
65961
65939
65952
65971
65986
66008
66026
66046
66061
66073
66052
66073
66153
66162
65726
65743
65755
65760
66115
66058
66078
66082
65727
65614
65622
65615
65596
65611
65631
65647
65654
66020
65738
65736
66231
66242
66270
66283
66290
65805
65822
65831
66172
66187
66203
66039
66026
65996
66004
66023
66008
66030
66036
66025
65954
65974
65996
66003
66019
66014
66017
66012
66018
66014
65989
65982
65984
66014
66018
66032
66063
66069
65874
65672
65944
65921
65915
65920
65951
65952
65945
65964
65979
65986
66007
66022
65765
65749
65768
65782
65798
65821
65804
65784
65760
65791
65774
65751
65765
65786
65763
65781
65797
65758
65762
65788
65637
65657
65640
65651
65666
65688
65701
65708
65715
65700
65825
65842
66000
66031
66042
65703
65717
65740
65744
65737
65753
65775
66087
66109
66121
66131
66150
66163
66190
66200
65566
66209
66236
66242
66258
66276
66297
65547
65554
65551
66303
65547
66290
66285
66293
65541
65557
65735
66165
66152
66173
66176
66193
66038
66062
66069
66094
66109
66116
66142
66155
66299
65542
65566
65583
65588
65602
65588
65614
65591
65604
65630
65610
65621
65964
65974
65984
66014
65996
66001
66020
66015
65996
66035
66049
66075
65560
65580
65593
65608
65627
65639
65623
65636
65661
65642
65660
65671
65686
65704
66272
66261
66277
66302
65548
66292
65542
66174
66177
65691
66131
66151
65539
65565
65573
65896
65915
66279
66288
66284
66290
66194
66211
66224
66213
66236
65782
65764
65755
65765
65784
65797
65817
65838
66157
66139
66120
66143
66153
66219
66237
66216
66230
66223
66228
66250
66294
66280
66301
66280
66293
65538
65558
65577
65585
65605
65616
65638
66068
66087
66106
66118
66103
66092
66096
65550
65558
65542
65968
65999
65886
65864
65885
65893
65912
65933
66185
66200
66214
66225
66249
66270
66287
66265
66249
66236
65972
65987
66011
66021
66047
66062
66066
66091
66106
66122
66128
66089
66105
66113
66143
66117
66133
66147
66168
66184
66275
65940
65962
65968
65967
65567
65541
66287
66294
65538
65559
65577
65592
65606
65737
65757
65740
65747
65733
65755
65738
65719
66025
66044
65934
65940
65962
65950
65925
65944
65967
65596
65615
65619
66110
65991
65976
65963
65972
66218
66198
65831
65886
65888
65701
65716
65730
65750
65762
65784
65799
65817
65796
65779
65796
65815
65835
65845
65836
65848
65866
65883
65892
65886
66216
66238
66219
65643
65648
65640
65656
65639
65652
66059
65752
65775
65779
65797
65808
65833
65980
65952
65948
65539
66230
66246
66263
66172
66184
66176
66202
66210
65615
66246
66260
66284
66301
65539
65665
65880
65894
65917
65765
65757
65762
65787
65800
65959
65975
66164
65716
65737
65747
65762
65771
65811
65803
65790
66214
66239
66223
66207
66210
66238
66248
66266
66014
66021
65940
66123
66109
66112
66106
66092
66071
66060
66041
65542
65553
65794
65779
65797
65822
65834
65852
65830
65553
65548
65834
65818
65794
65819
65799
65823
65831
65820
65801
65783
65797
65812
66208
66198
65963
65969
65992
66015
65988
66009
66020
66046
65551
65556
65570
65588
65827
65674
66023
66041
66059
65537
65558
65579
66140
66149
66169
66191
66206
66215
66225
66286
66260
66281
66124
66246
66265
66252
66265
66287
66301
66278
66297
66281
66291
65545
66291
65547
65565
65546
65563
65568
65593
65606
65585
66034
65915
65931
65915
66142
66153
66130
66153
66130
66155
66167
66184
66199
66208
66234
66250
66261
66281
66269
66275
66061
66026
66036
66061
66069
66091
66106
66090
66229
66252
66200
66216
66224
66215
66205
66220
66059
66077
66082
66100
66080
66070
66092
66106
66081
66108
66122
66130
65982
65999
65974
65987
66004
66016
66014
65985
65869
65852
65871
66221
66289
66275
66298
65551
66302
65974
65985
66147
66199
66214
65829
65845
66229
66216
66233
65620
65639
65629
65636
66191
66204
66222
66236
66252
66261
66284
65755
65738
65749
65741
65714
65699
65713
65740
65713
65738
65753
66015
66022
65631
66226
66255
66226
66253
65588
65614
65630
65636
65618
65633
65655
65678
65650
65668
65813
65837
65810
65837
65622
65646
65653
65665
65649
65633
65657
65679
65656
65727
65742
65853
65857
65840
65707
65637
65662
65638
65654
65669
65680
65664
65693
65707
65721
65704
65714
65740
65749
65762
65791
65798
65789
65793
65974
65959
65972
65955
65976
65996
65973
65993
66003
65992
66005
66030
66014
66022
66035
66061
66072
65856
65841
65865
65862
65847
65826
65851
65699
65717
65736
65869
65855
65868
66266
65832
66192
66182
66193
66189
66200
66180
66197
66191
66193
66211
66239
66242
66230
66253
66263
66240
66228
66249
66263
66230
66253
66257
66275
66293
66287
66292
66269
66287
66296
65536
65559
65571
65562
65583
65588
65568
65554
65580
65597
65603
65591
65608
65587
65615
65618
65591
65578
65595
65707
65590
65613
65625
65606
65588
65604
65597
65608
65624
65637
65616
65643
65653
66117
66102
66112
66107
66113
66136
66145
66169
66157
66172
66154
66137
66127
66111
66115
66110
66119
66098
66115
66130
66153
66173
66176
66196
65887
65901
65913
65921
65905
65926
65948
65959
65983
65987
65665
66297
65538
66291
66283
66301
65538
66114
66160
66144
66168
66188
66197
66216
66199
65647
65627
65639
65652
65790
65764
65791
65900
65885
65897
65906
65921
65946
66034
66072
66094
66108
66179
66175
66177
66048
66075
66158
66001
65990
66000
66023
66032
66056
66034
66060
66068
65763
65964
65982
65959
65980
65989
65975
65953
65974
65961
65975
65966
65945
65956
65982
65986
65791
65804
66025
65542
66300
65540
65626
65585
65614
65590
65610
65627
65632
65876
65859
65881
65902
65917
65933
66169
66182
65826
65851
65871
65887
65868
65878
65855
66189
65952
65977
65965
65972
65953
65969
65952
65976
65957
65976
65997
66013
66019
66013
66025
66036
65536
65554
65541
65567
65548
65556
65575
65786
65797
66265
66286
66293
66283
66112
65962
65979
65999
66015
66019
66045
66021
66012
66028
66039
66024
66046
66023
66158
66163
66182
66202
66216
66225
66219
66207
66215
66204
66182
66192
66221
66057
66068
66085
66103
66125
66128
66155
66161
66177
66017
66038
66062
66042
65722
65564
65548
65557
65576
65599
65893
65916
65892
65910
65933
66055
66078
66058
66040
66053
66071
66053
66068
66061
66039
66261
66241
66260
65705
65722
65734
65750
65771
65776
65775
65557
65546
66300
65546
65552
65581
65593
65727
65604
65618
65636
65658
65671
65882
65900
65918
65893
65917
65567
65570
65586
65611
66243
66239
66253
66269
66285
66291
66283
66298
66284
66290
65536
65914
65924
65928
65948
65557
65570
65589
65610
65810
65807
65818
65831
65851
65709
65727
65974
65999
65860
65875
65893
65908
65901
65881
65868
66010
65942
65961
65940
65927
65948
65955
65972
65810
65804
65812
66045
66019
66032
65977
65988
66003
65989
66004
66021
66032
66061
66075
66071
66241
66266
66279
66296
65548
65564
66023
66008
65991
66005
66019
66037
65779
65806
65812
65830
65816
65836
65844
65865
65877
65857
66165
66188
66192
66214
65936
65955
66052
66190
66204
65761
65778
65775
65759
65766
65784
65796
65822
65799
65821
65825
65818
65879
65752
65762
65758
65740
65752
65728
65753
65769
65786
65804
65610
65620
65611
65628
65638
65648
65669
65661
66025
66042
66017
66008
65995
65969
65996
66005
65984
65661
65961
65947
65923
65538
66303
65551
65557
65569
65556
65583
65590
65601
65626
65645
65995
66004
65989
66007
65826
66212
66228
66252
66261
66138
66153
66165
66180
66201
66220
66230
66212
66193
66181
66169
66189
66201
66191
66021
66036
65563
65573
65592
65600
65627
65601
65619
65635
65648
65636
65627
65640
65657
65671
65610
65597
65573
65598
66276
66289
65547
65553
65583
65591
65614
65620
65640
65616
65642
65903
66183
66203
66211
66202
66218
66233
66248
66257
65741
65746
65768
66217
66015
66284
66077
66085
66105
66127
66130
66144
66175
65646
65648
65670
65682
65709
65681
65700
65715
65700
65688
65640
65659
66201
66213
66206
66220
66113
65551
65558
65889
65906
65894
65872
65856
65874
65903
65913
65972
65992
66011
66277
65898
65911
65933
65917
65924
65939
66267
66281
65832
65850
65868
65840
65860
65880
66174
66177
66207
66216
66203
66215
65889
65914
65931
65912
65899
65886
65790
65765
65788
65798
65809
65829
65855
65831
65843
65858
65878
65901
65917
65899
65874
65889
65914
65921
65947
65923
65640
65630
65634
65650
65664
65692
65672
65843
65867
65887
66253
66256
66248
66163
66188
66161
65594
65611
65622
65604
65630
65645
65652
65632
65617
65634
65663
65673
66203
66220
66174
66191
66203
66179
66201
66284
66295
66278
66295
65547
65563
65576
65554
65570
65955
65861
65886
65894
65919
65902
65905
65924
66037
66057
66069
66052
66066
66091
65920
65949
65965
65980
65984
65866
65841
65871
65735
66112
66104
66124
66143
65828
65851
65839
65852
65859
65840
65859
65887
65865
65884
65898
65911
65926
65709
65712
65736
65754
65769
65783
65652
65678
65683
65698
65695
65701
65714
65742
65752
65760
65779
65793
65822
65825
65849
65805
65782
65796
65811
66192
66281
66270
66124
66140
66144
66268
66286
66268
66285
66291
65551
66288
66066
65652
65637
65926
65948
65956
65980
65986
66015
66018
66046
65916
65925
65684
65704
65725
65733
65747
65761
65746
65730
65757
65769
65777
65803
65818
66140
65867
65848
65867
65883
65898
65909
65931
65943
65956
65949
65962
65970
65990
66005
66027
66044
66203
66176
66207
66222
66225
66253
66258
66247
66225
66241
66238
66245
66266
66282
66294
65544
65567
65855
65862
65844
65871
65873
65900
65885
65867
65881
65893
66166
66190
66198
66209
66224
66245
66237
66211
66114
66135
66208
65727
65729
66095
66099
65909
65901
65905
65903
66122
65824
65813
65831
66123
66128
66151
66174
66187
66201
66178
65814
65832
65849
65866
65871
65881
65901
65917
65900
66291
65541
65785
65797
65788
65762
65752
66301
65542
65560
65569
65596
65737
65748
65732
65748
65766
66098
66114
66140
66202
66185
66193
66215
66224
66222
66236
66243
66233
66217
66204
66223
66194
66223
66233
66209
66197
66219
66203
66180
66193
65681
65674
66281
66277
66292
66275
66292
65548
65567
65574
65593
65582
65587
65696
65718
65733
65755
65772
65779
66028
66006
65986
66006
66019
66041
66146
66138
66153
66161
66152
66173
66179
66102
66119
65949
65960
65978
65985
66000
65794
65790
65800
65812
65802
65809
65711
65720
66286
65868
65876
65901
65909
65924
65905
65878
65899
65906
65598
65571
65595
65568
65642
65628
65639
65630
65635
65654
65674
65682
65674
65692
66219
66227
66240
66235
66068
66085
65632
65658
65674
65561
65583
65590
65610
65621
65637
65649
65675
65768
65781
65801
66179
66197
66217
66194
66214
65536
65556
66245
66265
66246
66092
66101
66127
66098
66117
66267
65753
65935
65942
65967
65977
65990
66000
65998
66249
65755
65769
65789
65798
65778
66028
66045
66022
65600
65619
65636
66179
66165
65948
65959
65947
65966
65975
65984
65978
65964
65978
65991
66000
66028
66036
66059
65624
65643
65657
65667
65659
65669
65690
65699
65724
65801
66090
66108
66112
66141
66278
66295
66273
66303
65978
65985
65873
65788
65672
65685
65677
65684
66006
65996
66010
66018
66044
66042
66061
66042
66050
66074
66088
66109
66119
66132
66113
66136
66246
66264
66226
66244
66228
66244
66260
66280
66292
65538
66288
65542
66303
66286
66300
65537
65552
65571
65590
65611
65626
65644
65658
65673
65685
65698
65829
65851
65835
65847
65725
65739
65751
66143
66278
66294
65545
65556
65546
66102
65771
65745
65769
65782
65804
65781
65795
65815
65646
65654
65824
65843
66074
66057
65739
65751
65765
66176
65702
65721
65733
65759
65765
65791
66145
66166
66148
66169
65755
65741
65751
65769
65633
65648
65665
65692
65673
65686
65710
65721
65703
65712
65739
65724
65730
65713
65732
65744
65734
65759
65763
65784
65764
65785
65797
65812
66009
66017
66035
66058
66068
66092
66070
66081
66099
65729
65727
65734
65757
65773
65780
66189
66194
66220
66224
66251
66257
66274
66295
65546
66299
65545
65563
66270
66279
65685
65669
65686
65709
65692
65701
65712
65551
65553
65570
65598
65613
65597
65603
65822
65864
65886
65859
65883
65864
65877
66137
65895
65878
65898
65946
65966
65981
65955
65981
66126
66101
66124
65736
65738
65746
65572
65554
65578
65587
66170
66182
66198
66221
66233
66214
66054
66065
66090
66066
66083
66109
66084
66076
66011
66025
65865
65879
65892
65907
65929
65918
65920
65936
65959
65978
65986
66010
66018
66045
66050
66042
65883
65867
65851
65839
65850
65858
65885
65888
65905
65932
65943
65958
65937
66102
66120
66141
66145
66213
66233
66241
66266
66283
66296
66275
66302
65539
65557
65548
65555
65543
65555
66053
66079
66050
66072
66092
66109
66081
66105
66119
66142
66124
66104
66126
66187
66199
66223
66026
66037
66051
66064
66093
66107
66086
66071
66252
66269
66251
66264
66233
66255
66259
66279
66289
65536
66293
65543
65971
65991
66011
66026
66035
66058
66064
65813
65761
65687
65704
65712
65708
65723
65708
66093
66099
66126
66141
66144
66130
66151
66072
66087
66078
66049
66079
66087
66103
66117
66128
66153
66139
66145
66175
66155
66167
66157
66129
66151
66135
66147
66278
66298
65542
65556
65569
65585
65615
65629
65640
65623
65600
65628
65646
65650
65678
65688
65700
65721
65703
65714
66106
66114
66102
66090
66097
66114
66097
66123
66132
66154
66163
66181
66199
66223
66225
66246
65546
65554
65575
65598
66095
66107
66120
66136
66157
66277
65863
65842
65868
65881
65889
65913
65926
66264
65892
65886
65901
65890
65909
65897
65876
65892
65905
65898
65913
65926
65939
65929
66086
66215
65780
65793
65783
65798
65814
65792
65811
65837
66214
66234
66250
66270
66247
66262
66287
66269
66111
66262
66246
66268
66244
66260
66253
66239
66251
66257
66272
66170
66180
66195
66212
66238
66251
66230
66167
66157
65731
65758
65767
65778
65796
65780
65800
65808
65832
65842
65856
65874
65856
65853
66242
66266
65574
65596
65581
65595
65612
65542
65562
65538
65564
65576
65598
65581
65599
65603
65594
65572
65596
65608
65894
65904
65965
65698
65724
65729
65747
65768
65776
65801
65819
65834
65841
65837
65821
65835
66138
65778
65820
65794
65813
65832
65822
65576
65584
65574
65591
65602
65737
66140
66149
66161
65931
65882
65888
65935
65937
65920
65908
65893
65916
65920
65939
65929
65908
65888
66063
65549
65555
65583
65599
66113
66099
66118
66133
66158
66165
66190
66200
66189
65746
66131
66153
65818
65802
66092
66163
66155
66172
66180
66170
66191
66161
65917
65928
65908
65935
66218
65810
65834
65750
65733
65722
65735
65757
65770
65778
65793
65820
65797
65810
66279
66298
65539
65555
65547
65558
65578
65567
65540
65990
65980
65993
66000
66024
66002
66026
66042
66057
65744
65774
65776
65543
65559
65878
65902
65919
65925
65940
65963
65973
65984
66006
66031
66005
66031
66046
66017
66000
66133
65928
65779
65795
65789
65802
65778
66006
66030
66037
66051
66073
66082
66109
66127
66017
66033
66018
66039
66050
66039
66017
66033
66051
66047
65847
66234
65956
65941
65957
65979
65966
65979
65961
66160
66147
66171
66190
66195
66220
66234
66244
65834
65844
65865
65872
65585
65613
65592
65603
65588
65579
65596
65604
66207
66210
66195
66217
66001
66026
65736
65648
65646
65653
65636
65649
65634
65663
65670
65682
65709
65714
65731
65751
65601
65620
65643
65655
65678
65659
65667
66260
66276
66297
65546
66301
65536
66289
65538
65552
65546
65556
65577
65875
65862
65846
65868
65884
65898
65880
65866
65881
65640
65625
65603
65798
65786
66257
66280
66294
66272
66290
66284
66298
66050
66076
66082
66096
66116
66111
66119
66143
65950
65966
65638
65623
65644
65656
65641
65671
65684
65705
65715
65736
65715
65708
65727
65739
65746
65767
66024
66037
66058
66007
66021
66182
66205
66219
66232
66246
66267
65562
65570
65592
65569
65589
65609
65631
65637
65661
65676
65722
65730
65758
65765
66220
65955
65939
66002
66027
66061
66075
66214
66231
66250
66267
66276
66266
66274
66295
65538
66296
65628
65632
65620
65636
65659
65670
65695
65710
65687
65711
65725
65709
65715
65742
65722
65728
65720
66218
66229
66246
66271
65640
65678
65692
65809
65837
65848
65868
65883
65900
65810
65832
65700
66055
66290
65539
66294
66013
65991
66009
66016
66042
66117
66104
66112
66140
65903
65915
65920
65950
65959
65976
65984
66006
66024
66047
66303
65641
65648
65679
65694
65702
65690
65700
65769
65749
65943
65965
65972
65996
66009
66016
66010
66016
66005
66027
66013
66022
66015
66025
66046
66053
65866
65878
65897
65914
65899
65917
65807
65810
65573
65589
65615
65589
65574
65592
65580
65585
65615
65624
65647
66131
66150
66163
66186
65984
66114
66135
66150
66120
66137
66149
66170
66184
66202
65565
65578
65592
65976
65992
65976
65954
65981
65996
65883
65903
66226
65555
65582
65556
65765
65788
65867
65880
65901
65913
65927
65945
65952
65972
65991
66013
66020
66033
66061
66069
66050
66065
66066
66060
66070
66095
66103
66090
65910
65747
65930
65944
65934
65942
65932
65942
65957
65983
65952
65910
66283
66303
66274
66234
66246
66258
66283
66266
66283
66289
65546
65562
65578
65662
65677
65681
65541
66215
66165
66183
65963
65944
65955
65979
65998
66286
66268
66284
66300
65536
65555
65541
65560
65575
65588
65608
65597
65783
65767
65752
65732
65722
65741
65748
66096
66113
66128
66145
66165
65656
65670
65684
65704
65683
65665
65695
65696
65721
65735
65748
65731
66071
66054
65769
65751
65766
65791
65585
65611
65626
65641
65661
65666
65691
65706
65714
65731
65753
66270
66272
66271
66286
66303
65870
66121
66137
66120
66136
66151
66175
66189
66196
66209
66233
66245
66265
66285
65976
65987
65973
65995
66009
65987
65549
65903
65875
65871
65851
65591
65542
65554
65542
65565
65539
65564
66235
66244
66256
66178
65808
65792
65776
65767
65788
65802
65640
65656
65847
65861
65885
65893
65909
65923
65937
65679
66146
66171
66187
66194
65984
65536
66296
66284
66291
65542
65558
65577
65554
65575
65591
65782
65924
65972
65984
66099
66192
66216
66231
66216
66220
65799
66086
66074
66092
66100
66124
66049
66074
65928
65951
65957
65969
65999
66002
66025
66039
66022
66045
66062
66034
66051
66064
66081
66106
66123
66132
66147
66143
66150
66175
66188
66197
66298
65548
65559
65574
65596
66020
66000
65998
66013
66025
66010
65775
65735
65585
65604
65627
65756
65761
65787
65798
65789
65770
65789
65794
65819
65801
65779
65799
65808
65830
65729
65758
65735
65745
66098
66091
66068
66091
66108
66126
66099
66116
66136
66123
66129
66124
66133
66149
66136
66299
66281
66289
65545
65555
65544
65567
65542
65561
65546
65556
65998
66005
66017
66009
65985
66014
66023
66037
66048
66033
66056
66076
66060
66064
66092
66101
66122
66140
66158
66252
66270
65987
65982
65953
65886
65870
66075
66093
66109
66126
66105
66120
65705
65686
65702
65726
65696
65720
65732
66075
66050
66079
65899
66193
66215
66197
66184
66169
66181
66165
66176
66170
66235
66252
66232
66243
66261
66272
66299
66275
65722
65750
65766
65747
65764
65778
65795
65812
65839
65852
65827
65848
65834
66107
66124
66106
66126
66136
66149
66166
66177
66174
66156
66175
66154
66174
66191
66172
66187
66198
66211
66224
66241
66269
66283
65826
65842
65859
65843
65857
65886
65890
65915
65899
65874
66279
66299
65547
65566
65570
65598
65571
65592
65602
66192
66052
66074
66089
66214
66238
66211
66226
66242
66266
66275
66264
66287
66290
66277
66301
65538
65566
65943
65964
65948
65967
65979
65995
66001
66101
66084
66076
66091
66099
66091
66020
66042
65683
65710
65715
65735
65759
65762
65791
65793
65820
65807
66265
66275
66294
65550
65558
65570
65558
65551
65566
65580
66174
66070
66050
66075
66090
66064
66091
66226
66242
66117
65742
65749
65760
65782
65795
65822
65832
65846
66023
66032
66059
66069
66049
65672
65693
65699
65718
65741
65747
65742
65752
65761
65783
65796
65812
65837
65818
65956
65976
65758
65775
65783
65768
65926
65937
65955
65941
65955
65979
65998
66281
66295
65546
66290
65545
66303
65542
65558
65537
65556
65744
66251
66268
66285
66298
65937
65960
65970
65988
66008
66173
66187
66161
66149
66187
66204
65712
65742
65758
65731
65718
65738
65744
65760
65783
65793
65790
66219
66234
66244
66266
66275
66271
66278
66150
66140
66115
66135
66152
66161
66190
65554
65578
65595
65574
65596
65913
65921
65912
65888
65879
65602
65618
65611
65626
66297
66273
66295
66278
66302
66277
66296
65762
65780
65806
65701
66242
66259
66276
66288
65845
65863
65879
65892
65589
65576
65596
65613
66071
66049
66071
66051
66073
65890
65914
65879
65899
65908
65898
65916
65891
65907
65896
65914
65921
65946
65921
65670
66299
65550
65913
65597
65603
65618
65637
65621
65579
65560
65629
65637
65618
65601
65589
65611
65591
65607
66075
66089
65605
65626
65647
65661
65672
65690
65709
65725
65739
65752
66252
66261
66283
66303
66285
66296
65815
65804
65854
65864
65876
65897
65911
65902
65912
65928
65663
65678
65689
66230
66244
66259
66282
66203
66177
66199
66263
66282
66140
66150
66175
66179
66197
66027
66038
66048
66075
66052
66208
66237
66222
66238
66221
66237
66247
66130
66112
66108
66119
66153
66164
66155
66170
66183
66196
66211
66197
66213
66235
66241
65862
65885
65867
65884
65639
66260
66285
66288
66284
66301
65547
66302
65551
65555
65539
65752
65765
65781
65800
66190
66199
65745
65736
65751
65540
65566
65576
65556
65583
65592
65573
65595
66153
66175
66145
65621
65643
65621
65609
65618
65637
65662
65665
65555
65571
65563
65602
65592
65570
66157
66168
66181
66203
66214
66230
65809
65785
65795
65816
66053
66065
66060
65884
65901
65916
65924
65912
65923
65941
65693
65674
65687
65783
65556
65573
65596
65615
65617
65632
65655
65676
65693
65700
65726
65742
65727
65740
65723
65730
65748
65764
65730
65753
65775
65787
65812
66036
66063
66067
66061
66046
66031
66046
66060
66038
66060
66045
66050
65634
65622
66251
66227
66250
66267
66268
65938
65967
65977
65995
66012
66022
66010
66025
66034
66056
66043
66051
66074
65813
65796
65819
65770
65786
65801
65814
65873
65870
65885
65897
65886
65893
65883
65891
65878
65702
65681
65705
65721
65743
65759
65765
65788
65802
65785
65801
65646
65650
65665
65693
65641
65663
65670
66028
66038
66090
66073
66090
66068
66088
66108
66123
66129
66152
66174
66183
66206
66186
65999
66225
66244
66238
66227
66251
66263
65673
65648
65674
65649
65634
65662
65668
65690
65709
65683
65679
65681
65711
65713
65734
65727
65697
65727
65737
65725
65741
65759
65775
65827
65840
65859
65878
65892
65914
65932
65947
65962
65982
65990
65974
65986
66012
66026
66011
65994
65971
66247
66270
66283
66303
65538
66291
65549
66159
65563
65756
65761
65783
65761
65759
65761
65777
65796
65673
65658
65644
65651
65670
65684
65670
65652
66263
66272
66256
66286
66303
65548
65552
65541
65558
65568
65553
65576
65585
65732
65756
65772
65777
65970
65601
65617
65638
65648
65642
65617
65647
65657
65672
65650
66032
66050
66064
66083
66099
66125
66099
66121
66135
66144
66168
66184
66199
66190
66207
66181
65707
65717
65731
65577
65976
65989
65972
65992
66011
66025
66033
66021
66041
66063
66115
66143
66041
65858
65624
65610
65623
66230
66251
66258
66286
66262
66272
66302
65550
66302
66272
65886
65890
65906
65921
65948
65958
65796
65784
65796
65809
65829
65811
66215
66238
66246
66269
66279
66291
66279
66300
65618
65611
65616
65640
65660
65668
65595
65557
65572
65560
65569
65562
66251
65878
65896
65913
65926
65950
65924
65946
65954
65977
65987
66014
66023
66038
66051
66079
66105
65558
65569
65591
65569
65586
65572
65595
65601
65628
65639
65660
65586
65600
65619
65641
65652
65673
65607
65628
65643
65796
65814
65824
65850
65862
65883
65858
65885
65868
65874
65862
65847
65859
65844
65860
65885
65860
65879
65890
65875
66264
66287
66301
65537
66290
65545
66298
66282
66298
66273
66293
65538
65607
65622
65583
65587
65934
65950
65954
66113
66129
66114
66130
66147
66130
66148
65758
65737
65743
65722
65729
65756
65764
65778
65760
65787
65803
65776
65804
65809
66081
66110
66122
66138
65677
65688
65700
65719
65729
65757
65772
66057
66064
66082
66107
65593
65580
65608
65723
65737
65859
65878
65652
66293
66275
66257
66276
66294
66039
66023
66004
66030
66277
66293
65537
65556
65582
65592
65613
65588
65605
65588
65615
65585
65608
65624
65639
65899
65576
65592
65583
65565
65573
65584
65604
65624
65637
65628
65607
65625
65639
65658
65646
65709
66287
66128
66122
66138
66153
66175
66190
66166
66153
66297
66280
66012
66018
66002
65590
65601
65585
65604
65622
65642
65660
65780
65805
65823
65800
65808
65831
66229
66249
66256
66251
66227
66251
66235
66210
66195
66210
66206
66213
66237
65999
66005
65991
66015
66227
66252
66257
66283
66291
65537
65564
65537
65553
65536
65556
65543
65740
65751
65656
65982
65993
65983
66212
65576
65984
66011
66031
66113
65929
65913
65930
65948
65956
65974
65999
66010
66028
66013
66023
66007
65988
66003
65988
65970
65953
65979
65953
65968
65955
65981
66128
66147
66160
66185
66170
65733
65724
65708
65726
65711
65715
66237
66213
66201
66186
66167
66146
66163
66202
66208
66230
66255
66263
66276
66295
66286
66290
65550
65674
65749
65760
65789
65805
65816
65563
65582
65586
65813
65792
65812
65837
65805
65818
65797
65818
65794
65822
65825
65848
65856
65885
65868
65880
65749
65894
65557
65581
65584
65603
65746
65766
65783
65792
65936
65957
65973
65992
66003
66026
66000
66021
66026
66146
66161
66179
66196
66222
66201
66184
65858
65877
66267
66283
66160
65546
65564
65815
65803
65818
65834
65820
65865
65960
65969
66203
65759
65739
65750
66242
66023
66045
66061
65600
65618
65647
65624
65600
65616
65646
65542
65560
65989
66005
66165
66177
66172
66149
66131
66112
66142
66159
66164
66176
66196
66177
66166
66186
66192
66220
66228
66252
65765
65784
66079
66119
66132
66122
66086
65743
65591
65602
65624
66251
66263
66284
66289
65547
66290
66004
66018
66036
66283
66096
66300
65543
65558
65574
65596
65604
65617
65952
66098
65637
65620
65601
65623
65604
65624
65644
65657
65558
65732
65746
65766
65536
66297
65986
65980
65572
65964
65936
65956
65976
65996
66012
66023
66042
66051
66077
65598
65575
65599
65604
65616
65644
65652
65633
65625
65610
65586
65581
65591
65993
65980
65995
66013
66155
66175
66184
66207
66211
66231
65651
65674
65652
65666
66174
66183
66207
66051
66070
65657
65679
66237
66215
66291
65550
65566
65571
65595
65579
65562
65783
65794
65544
65980
65985
66007
66027
66040
66024
66047
66056
66032
66057
66065
66086
66103
66126
66130
66115
66141
66159
66162
66148
65905
65900
65833
65844
65827
65853
65825
65809
65793
65813
65830
65819
65623
65639
65668
65682
65788
65798
65812
65828
66093
66073
66082
66111
66120
66139
65543
65552
65569
65597
65600
66052
66067
66081
65823
65704
66231
66248
66259
66284
66263
66275
65588
66220
65820
65853
65835
65817
65838
65851
65865
65878
65869
65841
65870
65884
66061
66067
66089
66064
66083
65737
65758
65763
65790
65640
65656
65676
65683
65702
65723
65704
66134
66151
66110
65894
65906
65623
65640
65657
65675
66041
66059
66064
66092
66109
65621
65601
65619
65635
65622
66080
65716
65743
66033
65778
66047
66057
66040
66053
65936
65965
65939
65962
65947
65967
65940
65966
65983
65958
65978
65998
66002
65998
65956
65973
65991
65725
65737
65723
65740
65745
66034
66051
65677
66154
66162
66149
66165
66183
66195
66219
66194
66209
65998
66012
65984
66008
66030
66169
66145
66161
66188
65608
66194
66187
66169
66182
66206
66212
66206
66022
65864
65708
65726
65835
65570
65588
65580
65630
65637
65786
66028
66000
66017
66011
66029
66038
66018
66044
66052
65670
65784
65758
65818
65837
65846
65868
65880
65903
65908
65922
65950
65931
65906
65929
65951
65959
65626
65642
65886
65866
65883
65892
65820
65831
65853
65828
65853
65861
65873
65893
66211
66229
66178
66207
65652
65960
65975
65995
66011
66251
66257
66282
66291
66272
66298
65542
66291
65542
65557
65545
65878
65668
65660
65668
65690
65711
65724
65675
65663
65675
65684
66149
66162
66179
66203
65904
65908
65931
65939
65962
65852
65675
65684
65704
65714
65733
65724
65740
65836
65797
65784
65778
65804
66158
66169
66179
66197
66213
66194
66210
66237
66213
66236
66240
65559
65545
65561
65583
65938
66193
66218
66237
66249
66256
65545
65558
65836
65812
65801
66203
66215
66235
66254
66260
66272
66260
66277
66293
65537
66302
65745
65760
65777
65915
65893
65907
65934
66276
66303
66073
66083
66072
66054
66076
66080
66104
66126
66141
66157
66164
66179
66207
66186
66196
66222
66098
66127
66105
66113
66140
66152
66094
66107
66118
65721
66075
66051
66036
66049
66151
66171
66176
66057
66032
66020
66015
65988
65912
65928
65939
65957
65971
65987
66004
65988
66010
65987
66207
66181
66200
65830
65842
65871
66234
66254
65881
65862
65883
65897
65911
65671
65692
65700
65726
66158
66140
66153
65596
65568
65619
65769
65780
65796
65783
65802
65815
65827
65848
65829
65852
65880
65866
65880
65898
65904
65923
65937
65958
65969
65990
66014
66017
66037
66200
66212
66228
66211
66230
66251
66270
66283
66302
66281
66295
65896
65911
65930
66154
65579
65920
65948
65922
66297
65547
66231
66212
66231
66250
66227
66252
66270
66275
66290
66274
66291
65537
65560
65579
65586
66240
66263
66245
66231
65667
65686
65707
65656
66255
66256
66277
66258
65766
65784
66023
66047
65881
65892
65907
65580
65593
65577
65714
65737
65756
65735
65754
65760
65781
65804
65785
65762
65756
65763
65786
65799
65955
65936
65953
65971
66043
66019
66014
66060
66064
66093
66097
66034
66057
66067
65575
65596
65578
65804
65816
65806
65823
65832
65843
65869
65872
65863
65841
65865
65876
65898
65907
66216
66236
66243
66227
66210
66235
65574
65556
65536
65927
65645
65627
65641
65658
65669
65680
65705
65718
65740
65714
65644
66068
66090
66066
66095
66068
66090
66108
65955
65982
65953
65937
65705
65720
65705
65694
65706
65693
65703
65712
65709
65716
65969
65992
66002
65987
66014
66029
66046
65802
65819
65827
65850
65650
65667
65681
65667
65652
65674
65691
65673
65648
65679
65689
65709
65722
65728
65746
65760
65784
65573
65823
65835
65852
65950
65922
65944
65959
65976
65964
65978
66129
66125
66102
66118
66098
66114
66105
66084
66099
66242
66258
66209
66224
66251
66263
66277
66298
65537
66089
66079
66051
66065
66086
65828
65850
65824
65845
65868
65849
65861
65875
65861
65842
66216
65694
65699
65714
65734
65692
65698
65724
65698
65781
65796
65809
65795
65819
65835
65848
65863
65843
65862
65847
65835
65842
65867
65878
65892
65915
65889
65909
65925
65914
65900
66235
66218
66224
66244
66260
65594
65603
65589
65604
65624
65637
65629
65647
65624
65605
65566
65581
65584
65615
65627
65636
65946
65667
65550
66291
65564
65703
65715
66264
66276
66271
66282
66266
66254
66267
66278
66265
65813
65825
65848
65871
65883
65890
65918
65935
65938
65966
65877
65896
65917
65930
65947
65711
65725
65735
65826
65845
65877
65871
65873
65903
65799
66083
66110
65749
65798
65719
65734
65746
65737
66118
66129
66254
66265
66284
66291
66283
65989
65982
65989
66002
65609
65616
65647
65618
65613
65630
65639
66294
65539
65566
65570
65587
65606
65591
65603
65628
65969
65985
66009
66019
66045
66053
66079
66084
66178
66192
66218
65972
65988
65980
65984
66008
65997
65978
65954
65980
65920
65952
65595
65607
65629
66236
66214
66194
65658
65677
65684
65839
65570
65560
65570
65768
65784
65797
65818
65796
65817
65829
65840
65834
65576
65592
65954
65968
65956
65978
65965
66253
66258
66180
66171
66155
66175
66184
65563
65966
65981
65995
66000
66026
66038
66052
65954
66218
66207
65750
65739
65722
65735
65745
65875
65858
65880
65901
65913
65929
65910
66043
66017
66174
66181
66192
66221
66205
66191
66163
66189
66085
66101
66116
66131
66152
66163
66179
66162
66181
66194
66185
66095
65714
65733
65747
65771
65755
65764
65747
65766
65776
65793
65779
65912
65901
65906
65927
65945
65957
65971
65993
66014
66019
66039
66063
66045
66053
66075
66087
66111
66125
66140
66147
65682
65696
65720
65715
65732
65922
65945
65956
65938
66206
66218
66226
66253
66270
66277
66261
66276
66262
66244
66238
66250
66260
66286
66267
66273
66264
65588
65600
65594
66243
66264
65666
65681
65666
65600
65630
65639
65867
65850
65868
66031
66047
66061
66071
66085
66099
65970
65954
65975
65988
66001
66018
66043
66051
65950
65960
65983
65989
66010
65992
66004
65917
65928
65939
65961
65971
66044
66049
66074
66093
66109
66123
66128
65894
65644
65639
66160
66180
66163
65988
65978
65967
65977
66254
66229
66249
66230
66217
66203
66223
66225
65600
65592
65608
65586
65578
65598
65603
65625
65611
65619
65640
65663
65642
65641
65651
65678
65695
65699
65727
65728
65753
65762
65786
66175
66176
66201
66050
66074
65623
66182
66192
65750
66262
66286
66256
66090
66102
66115
66135
66124
66142
65554
65572
65588
65597
65604
65618
65640
65661
65647
65659
65669
65682
65699
65712
65730
65723
65701
65724
65731
65715
65885
65584
66029
66037
66060
66078
66095
66097
66087
66106
66112
66142
65991
66005
65988
66083
66098
66120
66134
66125
66129
66158
66172
66147
66171
65676
65686
65666
65685
65698
65683
65666
65652
65633
65616
65636
65660
65676
65686
65707
65719
65743
65746
65761
65762
66167
66179
66192
66238
66242
66264
66256
66286
66302
65536
65558
65579
65585
65579
65594
65581
65564
65547
65559
65570
65558
65577
65595
65606
65626
65647
65653
65632
65657
66058
66045
66017
66042
66052
65697
65720
65730
65776
65800
65789
65549
65553
66066
66093
65606
65616
65646
65648
65670
65659
65679
65737
66166
65596
65603
65623
65600
65630
65638
65652
65672
65681
65696
65691
65699
65694
65705
65713
65706
65689
65668
65541
65557
65546
65564
65547
65565
65548
66095
65700
65690
65697
65687
65709
66021
66040
66060
66075
66089
65551
65562
65573
65584
65583
65586
65684
65704
65723
65706
65721
65742
65570
66294
65541
65562
65729
65751
65768
65780
65980
65993
66001
66023
66032
66028
66045
66026
66035
66055
66033
65849
65634
66166
65677
65655
65664
65688
65675
65689
65700
65720
65731
65830
65819
65839
65813
65838
66156
66142
66126
66107
66125
66137
66146
66173
66294
65537
65556
65580
65555
66000
66026
66034
66058
66239
66243
66265
66051
66075
66051
66079
66057
66066
66094
66251
65978
65997
66010
65787
65804
65825
65906
65888
65911
65921
65938
65930
66038
66057
66073
66085
66101
66114
66130
66234
65782
66147
65593
65611
65623
65637
65661
65638
65616
65638
65652
65676
65658
65669
65684
66229
66254
65881
65864
65853
65825
65722
65738
65754
65665
65684
65679
65691
65951
65961
66164
66178
66201
65816
65801
65817
65799
65814
65680
66287
65717
65855
65834
65867
65851
65863
65872
65900
65887
65900
65919
65935
65950
65926
65945
65924
65938
65953
65975
65954
65973
65985
66000
66020
66037
66030
65727
65711
65718
65680
65705
65713
65739
65749
65731
65751
65767
65777
65921
65941
66125
66140
66158
66130
65590
65604
65630
65633
65651
65669
65694
65706
65719
65734
65726
65941
65921
65942
65743
65757
65761
65969
65987
66015
65997
66009
66018
65713
66215
66200
66212
66224
66251
66064
66089
66176
66174
66211
66230
66243
66262
66280
65952
65980
65993
66002
66029
66039
66045
66023
66257
66255
66259
66006
66022
66035
66029
66032
65805
65814
65833
66025
66038
66051
65680
65699
65722
65742
65753
65765
65781
65802
65814
65835
65849
65863
65877
65628
65613
65619
65645
65538
65554
66071
65863
65882
65903
65919
65933
65913
65921
65906
65924
65801
65821
65835
65841
65831
65821
65829
65850
65857
65875
66112
66131
66148
66286
66296
65547
65562
65548
65560
65545
66014
65988
66007
66024
66001
66210
66225
66240
66266
66276
66291
65548
65554
65574
65592
65613
65628
65646
65651
65667
66096
66065
65659
65672
65653
65642
65660
65668
65688
65671
65682
65697
65721
65736
65723
65735
65716
65707
65682
65671
65685
65677
65684
65706
65715
65732
65758
65705
65692
65684
65667
65694
65664
65683
65709
65719
65729
65714
65731
65749
66086
66100
66120
66140
66150
66163
66104
66118
65757
65761
65752
66158
66168
66181
66202
66213
66225
66156
65790
65807
65814
65803
65811
65833
65809
65833
65840
65864
65887
65900
65887
65668
65687
65711
65721
65742
65767
66238
66240
66263
66285
66291
66139
65557
65582
66278
66291
65550
65556
65582
65591
65606
65622
65632
65616
65747
65756
65762
65782
65632
65655
66137
66144
66069
66083
66074
66056
66254
66265
66094
66185
66195
66176
66195
66217
66202
66287
66289
65549
65564
65537
65555
65578
66108
65691
65704
65725
65735
65757
65761
65791
65798
65788
65799
65820
65828
65843
65870
65846
65869
65573
65593
65583
66055
66067
66089
66104
66116
66097
65593
65571
65563
65576
65560
65571
65595
65601
65621
65646
65649
65665
65694
65676
65680
65699
65694
65701
65689
65711
65688
65708
65727
65738
65749
65763
66176
66175
66190
66108
66115
66143
66150
66143
66154
65745
65861
65850
65860
65875
65854
65722
65733
65746
65774
65783
65794
65813
66056
66079
66084
65978
65952
65972
66150
66163
66183
66197
65656
65667
65694
65673
65691
65813
65827
65851
65827
65849
65865
66268
66281
66270
66284
66290
66287
66020
66040
66140
65553
66096
66125
65842
65857
65851
65838
65964
66166
66039
65893
65908
65928
65942
65924
65910
65933
65608
66202
66216
66237
66254
66270
66284
66257
65721
65707
65715
66256
66286
66300
65547
66193
65980
66239
66241
66267
66287
66302
66278
66301
65780
65762
65739
65653
65665
65702
65712
65732
65724
65748
65763
65781
65772
65785
65807
65594
65613
65623
65637
65618
65646
65656
65674
65662
65641
65617
65639
65624
65981
65993
66004
66025
66236
66208
66226
65831
65846
66256
66241
66263
66247
66260
66193
66114
66136
66145
66175
66190
66200
65655
65635
65661
65668
65689
65710
65720
65728
65756
65761
65777
65795
65812
65829
65843
65866
65883
65892
65713
65696
65716
65697
65714
65733
65758
65999
66006
66026
65717
65709
65722
65704
65716
66086
66106
66085
66104
66119
66129
66126
66136
66146
66170
65695
65737
65716
65740
65745
65770
65691
65686
65674
65684
65678
65682
65670
66166
65805
65818
65806
65819
65825
65848
66009
65636
65661
65669
65682
65672
65656
65754
65998
66012
66020
66047
66030
66034
65609
65592
65653
66016
66037
66059
66070
66091
66100
66125
66141
65853
65867
65847
65827
65842
65865
65873
65893
65917
65929
65944
65954
65982
65984
66250
66265
65724
65730
65749
65774
65788
65799
65817
65796
65820
65795
65820
65824
65843
65867
65833
65843
65860
65876
65868
66242
66246
66259
66284
66294
65540
65561
65579
65556
65679
65660
65669
65687
65707
65718
65917
65575
65594
65604
65584
65765
65995
66003
66029
66047
66057
65934
65948
65965
65976
65988
65969
65992
66290
65543
66296
65985
66002
66023
66043
66060
66068
66093
66096
66120
66135
66114
66135
66147
66170
66185
66169
66185
66198
66223
66133
66153
66102
66093
65873
65864
65887
65863
65875
65898
65906
65566
65580
66293
65551
65562
65568
65593
65603
65593
65572
65552
65541
65558
65569
65574
65557
65814
65829
66288
66281
66288
65545
66298
65547
65560
65570
66171
65876
65857
65884
65894
65879
65896
65905
65932
65943
65956
65981
65960
66108
66126
66061
66074
66082
66111
66095
66072
66093
66130
66150
66184
66194
66217
65552
65571
65726
65711
65725
65741
65744
65764
65757
65729
65829
65820
65695
65704
65690
66043
66053
66045
66061
66037
66056
66079
66080
66069
66089
65838
65855
65861
65884
65723
66301
65548
65717
65704
65695
65667
65689
65678
65658
65675
65685
65711
65693
65702
65721
65738
65712
65732
65755
65741
65747
65775
65788
65804
65761
65759
65732
65754
65765
65778
65769
65781
65793
65811
65839
65811
65806
66125
66140
66116
66141
65687
65709
65718
65743
65744
65768
65749
65764
65779
65768
65780
65904
66134
66037
66049
66069
66094
66076
66084
66101
66126
66135
66114
65777
65806
65808
65691
65700
65721
65740
65745
65741
65747
65767
65785
65800
65816
65798
65811
65839
65816
65798
65816
65801
65813
65831
65848
65858
65886
65893
65878
65898
65919
65923
65909
65931
65951
65962
65538
65566
65574
65593
65601
65617
65610
65623
65640
65583
65553
65568
65592
65610
65618
65634
65658
65671
65683
65700
65727
65733
65724
65803
65638
65659
65628
66288
66279
65536
65557
65579
65592
65574
65587
65602
65625
65637
65702
65896
65886
65891
65904
65933
65819
65805
65823
65794
66136
66118
66141
66149
66132
66151
66017
66048
66038
66058
66036
66022
66006
66019
66040
66030
66041
66002
66027
66032
66031
65889
65906
65903
65885
65682
65711
65717
65732
65750
65851
65870
65877
65896
65908
65932
66030
66034
66052
66079
66048
66069
66052
66034
66057
65890
65904
65901
65905
65927
65910
65935
65946
65947
65960
65936
65967
65890
65905
65928
65950
65939
65929
66215
66201
66215
66198
66208
66230
66245
65803
65590
65612
65619
65643
65619
65640
65649
65666
66161
65860
65710
65720
65735
65756
65731
65758
65773
65747
65762
65781
65800
66035
66054
66044
66049
66068
66092
66110
66229
66208
66197
66213
66225
66254
66263
66277
65741
65751
65763
65869
65955
65968
65993
66003
66016
66033
66061
66046
66060
66074
66083
66183
65592
65615
66264
66282
66302
65551
65553
65541
65563
65576
65585
65601
65594
65615
65623
65590
65602
65629
65646
65652
65676
65682
65700
65726
65742
65753
65768
65755
65769
65784
65795
66031
66038
66050
66290
65538
66260
66285
66259
66272
65617
65642
65625
65645
65652
65675
65681
65696
65680
65580
65595
65601
65628
65633
65621
65633
65661
65665
65687
65710
65721
65736
65753
65723
65729
65759
65580
65554
65549
65558
65578
65565
65539
65566
65547
65565
65577
65566
65995
65704
65722
65710
65724
65738
65752
65981
65999
65980
65956
65937
65967
65974
65998
65775
65779
65772
65785
65766
65789
65800
65822
65587
65609
65624
65876
65899
65906
65897
65885
65899
65908
65750
65761
65779
65807
65786
65796
65823
65798
65817
65834
65865
65881
65893
65996
66014
66028
66037
65943
65966
65973
66296
65551
65626
65632
65651
65670
65690
66195
66185
66197
66178
66193
65796
65653
65641
65575
65594
65609
65629
65609
65626
66112
66130
66205
66180
66196
65845
65738
65744
65733
65748
65773
65788
65797
65820
65799
65809
66198
65587
65600
65622
65639
65653
65692
65701
65718
65738
65721
65740
66126
66139
66157
66042
66052
65716
65743
65757
65773
65780
65747
65763
65779
65795
65822
65838
65809
65839
65849
65825
65843
65859
65831
65854
65856
65886
65895
65918
65928
65948
66061
66077
66060
66068
66082
66098
66115
65833
65843
65869
65882
65899
65911
65926
65944
65923
66020
66035
65806
65965
65977
65988
66115
66137
65750
65769
65783
65774
65789
65561
65569
65594
65603
65588
65587
65600
65630
65646
65648
65646
65620
65647
65629
65977
65993
66011
66026
66009
66019
65961
65968
65984
66270
66278
66183
66199
65940
65637
65657
65670
65776
65800
66205
66189
66206
66187
66194
66222
65684
65700
65655
65676
65691
65698
65691
65708
65717
65734
65748
66047
66055
66033
66053
66069
66167
66181
66164
66190
65962
65969
65994
65972
65953
66201
66214
66205
66216
66235
66214
66239
66209
66197
66218
65837
65840
65833
65847
65866
65886
65901
66071
66093
66111
65773
66078
65792
65778
65768
65787
65799
65815
65835
65848
65694
65697
65715
65704
65721
65730
65750
65731
66033
66141
65947
65964
65973
65993
66013
66021
66039
66063
66068
66086
66065
66093
66086
65722
65739
65746
65765
65787
65796
65818
65839
65846
65866
66127
66137
66146
66170
66180
66201
66211
66002
66018
66012
65999
66011
65988
65977
65952
65969
65986
65980
66046
66292
65543
65560
65569
65588
65573
65568
65593
66264
66242
66264
66280
65566
65570
66045
66050
66073
65762
65753
65763
65546
65563
65579
65565
65585
65610
65588
65610
65628
65639
65659
65638
65796
65819
65793
65812
65839
65849
65868
65851
65835
65632
65648
65690
65699
65721
65904
65920
65945
65958
65979
65990
66012
66018
66039
66059
66064
65891
65914
65986
65979
65964
65972
65990
65837
65851
65869
65884
65893
65885
65894
65873
65899
65877
65892
65872
65678
65692
65710
65719
65734
65935
65937
65954
66004
65994
65972
65991
66005
66028
66296
65542
66290
65549
65560
65580
65590
65603
65619
65633
65903
65876
65858
65880
65892
65877
65895
66088
66109
66116
66132
66148
66170
66180
66200
66214
66227
65733
65757
65773
65782
65796
65823
65838
65843
65830
65852
65984
66085
65686
65710
66220
65709
65718
65709
65714
65734
65747
65769
65786
65805
65782
65792
65790
65792
65818
65798
65790
65797
65817
65839
65850
65871
65885
65892
65872
65900
65882
65888
65886
65892
65809
65743
65758
65614
65630
65640
65658
65634
65663
65677
65685
65711
65719
66204
66039
66027
66037
66050
66078
66093
66099
66093
66101
65605
65629
66301
65798
65995
65980
65623
65600
65871
65877
65865
65828
66199
65595
65571
66068
66084
66075
66059
66037
66056
66044
66050
66076
66060
66070
65935
65936
65961
65941
65923
65951
65959
65973
65985
65983
65986
66012
66023
66037
66018
66004
66025
66014
66018
66002
66250
66227
66210
65907
65930
65947
65964
65945
65965
65947
65924
66080
66104
66091
66065
66082
66102
66121
66137
66157
66168
66188
66185
66203
66191
66199
66208
66229
66290
66281
66297
65551
65559
65673
65654
65677
65683
65709
65722
65741
65749
65763
65781
65800
65783
65785
66030
66004
66020
66011
66026
66008
66029
65979
65958
65981
65964
65968
65985
66011
66018
66043
66027
66033
66031
66033
65671
65682
66286
66288
65542
65562
65578
65586
65614
65919
65895
65885
65888
65919
65902
65906
65928
65940
65955
65980
65991
66000
65938
65962
65942
66098
66117
66134
65967
65976
66067
66084
66098
66094
66104
66124
66104
66116
66136
66144
66168
66184
66200
66187
66194
66222
66196
66126
66138
65935
65951
65963
65950
65762
66034
66027
66045
66059
66073
66090
66105
66119
66099
66087
65799
65815
65634
65663
65672
65688
65706
65712
65706
65719
65633
65626
65610
66248
66267
65579
65599
66166
66149
66137
66114
66132
66145
66166
66188
66082
66103
66124
65647
65627
65611
66007
66121
66099
66080
66109
66089
66137
66157
66164
66159
66138
66112
66143
66153
66235
66243
66265
66273
66302
65540
65558
65568
65743
65585
66194
66187
66160
66181
66202
66212
66115
65929
66071
66085
66101
66127
66130
66151
66172
66177
66202
66219
66224
66250
66230
66255
66234
66216
65583
66185
66170
66178
66192
66218
65710
65724
65741
65721
65890
65914
66208
66225
66246
66270
66277
66256
66285
66261
65704
65714
66232
66246
66266
66197
66176
66003
66027
66039
66049
65640
65661
65678
65681
65677
65652
65638
65986
66002
65755
65736
65759
66191
66201
66218
66231
66251
66270
66245
66257
66278
65924
65946
65967
65968
65993
66010
66018
66008
66030
66042
66059
66071
65987
66001
66025
66040
66020
66035
65787
66047
66061
66065
65859
65841
65831
65810
65839
65810
65827
65843
66150
66167
66189
66161
66158
66173
66178
66207
66208
66232
66246
66235
66078
66052
66034
65719
65736
65720
65738
65754
65769
65786
65799
65822
65838
65844
65861
65854
65858
65843
65863
65878
65870
65880
65899
65883
65866
65598
65614
65629
65634
65663
66021
66012
66030
66045
66061
66067
66088
66111
66118
66134
66127
66294
65537
65562
65538
66300
65549
65565
66018
66002
66018
66001
65996
65969
66123
66143
66156
66164
66185
66203
65739
65727
65734
65753
65773
65779
65804
65898
65906
65920
65937
65956
65978
65953
65983
65882
65897
65914
65925
65942
65954
65973
65954
66233
66251
66236
65573
65853
65865
65886
65897
65980
65991
66179
66207
65542
66301
66284
66270
66007
66017
65714
66055
66071
66086
66098
66085
66053
65812
65839
65844
65868
65850
65857
65845
65869
65625
65632
66073
66080
66102
65791
65803
65778
65793
65781
65805
65823
65828
65819
65799
65823
65795
65961
65973
65984
66073
66060
66032
66053
65871
66244
66263
66284
66258
66275
66267
66284
65696
66248
66232
65766
65750
65768
65749
65733
65727
65697
65680
65662
65675
65689
65703
65725
65700
65718
65733
65746
65735
65726
65729
66100
66117
66135
65848
65814
65919
65932
65949
65962
65973
65996
66000
65756
65999
65970
65987
66001
66024
66011
66031
66032
65761
65749
65760
65791
65855
65860
65766
65992
66013
66017
66036
66048
66126
65784
65800
66237
66253
66225
66242
66259
66278
66291
65541
66298
65548
65553
65574
65594
65608
65622
65633
65629
65641
65663
65669
65680
66291
65537
66197
66190
66194
65998
66002
65731
65757
65930
65883
65857
65876
66119
66142
66155
66166
66178
66192
66213
66237
66250
66262
66244
66257
66283
66301
65546
66300
65540
65566
65578
65819
66038
66050
66073
65607
65717
65701
65724
65706
65713
66215
66227
66244
66263
66243
66256
66096
65760
65777
65801
65812
65825
65853
65870
65840
65951
65927
65617
65638
65660
65945
65957
65972
65987
65981
65963
66123
66107
66123
66134
65878
65888
65910
66012
66020
66043
66054
66077
66082
66064
66095
66110
65540
65566
65573
65587
65604
65598
65600
65630
65646
65620
65633
65658
65646
65628
65636
65651
65646
65650
65636
65624
65805
65822
65826
65814
65837
65823
65837
65808
65834
65844
65869
65885
65899
65917
65924
65933
65945
65894
65919
65901
65910
65922
65906
65698
65721
65696
65713
65734
66231
66251
66257
65721
65705
66115
66110
66112
66135
66116
66136
66156
66134
66219
65923
65805
66177
66205
66212
66229
66249
66237
66241
66239
66254
66085
66110
66086
66078
66082
66099
66122
66143
66281
66299
65541
65552
65581
65593
65576
65597
65607
65624
66068
65936
65652
65679
65689
65699
65721
65730
66098
66123
66137
66119
66137
66152
65832
65808
65838
65848
66272
66302
65547
65561
66295
65546
65560
66267
66278
66297
66264
66279
66268
66279
66148
66143
66175
66159
66166
66190
66206
66180
66199
66189
65553
65572
65565
65576
65594
65609
65621
65643
65627
65634
65659
65679
65687
65703
65687
65673
65662
65643
65656
65664
65906
65647
65656
65634
66213
66203
66178
65720
65728
65747
65767
65746
65760
65785
65765
65821
65832
65851
65837
65851
65864
65880
65896
65984
66011
66024
66039
66055
66068
66093
66107
66127
65739
65747
65769
65787
65771
65749
65764
65780
65799
65927
65910
66168
66177
66194
66202
66221
66239
66208
66239
66254
66268
66273
66296
65547
65557
65536
65553
65579
65586
65613
65598
65608
65621
65642
65873
65864
65874
65894
65916
65924
66272
66258
66277
66299
65551
66300
65542
65556
65569
65594
65756
65770
65755
65760
65788
65799
65550
65553
65581
65734
65757
65634
65624
65706
65694
65699
65720
65886
65899
65909
65891
65919
66013
65999
65798
65785
65770
66218
65672
66291
65775
65758
66224
66209
66192
65873
65859
65880
65891
65908
65924
65947
65798
65823
65830
65840
65863
66081
66101
66113
66131
66146
66166
66188
65708
65714
65731
65757
66285
66295
65840
65858
65877
65890
65907
65925
65936
65957
65972
65991
66003
66025
66042
66021
66008
65996
66004
65847
65795
65776
65796
65823
65962
65971
65893
65873
65871
66102
66118
66122
66106
66115
65837
65818
65793
65778
65800
65810
65836
65844
65856
65872
65866
65881
65896
65906
65784
65775
65778
65821
65796
65821
65837
65574
65593
65608
65587
65572
65598
65590
65581
65593
65609
65626
65641
66214
66239
66245
66267
66276
66293
65551
66292
66189
66202
66209
66197
66125
66153
66175
66149
66165
66155
65539
65553
65544
65565
65548
65561
65583
65555
65574
65566
65582
66033
65838
65845
66105
66123
66136
66147
66295
66281
66299
65551
65561
65547
65556
65568
65597
65569
65563
65569
65585
65608
65628
65602
65618
65644
65655
66241
66263
66253
66224
65922
65942
65766
66266
66286
66297
65537
65555
65568
65585
65615
66297
65538
65560
65572
65599
65864
65882
65889
65916
65889
65879
65971
65964
66251
66260
66245
66256
66282
66297
66238
66242
66269
66092
66079
66094
66069
66086
66104
66124
66130
66153
66135
66149
66128
65557
66240
66270
66284
66300
66273
66267
66287
66298
66286
66302
65549
65565
65570
65558
65546
65561
65577
65595
65613
65858
65879
65894
65886
65620
65639
65653
65674
65737
66257
65593
65603
65618
65741
65757
65740
65719
65711
65713
65542
65845
65861
65876
65899
65907
65927
65951
65959
65945
65966
65981
65953
65941
65961
65970
65542
65560
65578
65593
65646
65626
65646
65657
65664
65663
65673
66207
66187
66195
66212
66231
66242
66270
66284
66295
66198
66219
66227
66254
66259
66277
66293
65540
66298
65549
65564
66222
66229
66209
66228
66242
66267
66274
66290
66275
66301
65545
65584
65609
65587
65609
65626
65606
65616
65646
66037
65597
65571
66024
66040
66056
66074
66054
66078
66084
66075
66086
66267
66273
66269
66248
66271
66278
66303
65843
65866
65882
65895
66222
66229
65669
65685
65699
65719
65710
65727
65711
65718
65733
65754
65767
65786
65798
65820
65838
65850
65862
65597
65835
65850
65857
65851
65830
65854
65863
65883
65901
65918
65928
65938
66108
66119
66135
66117
66099
66124
66136
66151
66169
65961
65942
65964
65980
65998
66004
66028
66042
66057
66064
66061
66071
66085
66064
66083
66106
65913
65934
65941
66179
66207
66085
65726
65742
65754
65763
65747
65762
65782
65800
65602
65630
65614
66032
66048
66039
66057
66035
65680
65892
65873
65899
65907
65932
65918
65933
65951
65818
65797
65776
65763
65777
65536
66288
65550
66291
66144
66133
66148
66172
66147
66143
66117
66139
66155
66132
66043
66018
66041
66057
66074
66059
65737
65746
65775
65546
65560
65568
65997
66014
65997
66009
66020
66013
65998
65983
65606
65631
65637
65902
65919
66087
66065
66087
66096
66119
65560
65541
66301
65544
66093
66223
66235
66250
66264
66272
66263
66279
66232
66025
66042
66059
65620
65640
65657
65634
65625
65643
65890
65905
65924
65916
65882
65899
65879
65903
65908
66259
66283
66140
66155
66170
66158
66174
66155
66036
66060
66069
66081
65615
65622
65768
65745
65772
65759
65766
65632
65654
65668
65681
66007
65949
65960
65971
65623
65642
65648
65640
66206
66210
66238
66147
66168
66183
65625
65644
65651
65674
65681
65786
65930
65819
65806
65848
65857
65877
65889
65908
65931
65942
66187
66193
66209
65557
65571
65553
65569
65598
65573
65593
65600
65989
65976
65993
66009
66021
66001
65987
66006
66017
65832
65855
65869
65879
65864
65885
65889
65821
65796
65789
65807
65813
65836
65818
65793
65949
65963
65982
65984
66005
66016
66002
66017
66007
66021
66157
66170
66190
66202
65687
65701
65691
65707
65721
65739
65744
65773
65783
65800
65811
65806
65812
65833
65840
65540
66292
65539
65564
65578
65563
65573
65587
65605
65624
65636
65652
65909
65929
66112
66129
66124
66136
66148
66166
66191
66198
66212
66003
65946
65959
65981
66217
65747
65739
65748
65913
65929
65942
65948
65933
65913
65897
65568
65940
65956
65739
65752
65760
65827
65912
65925
65943
65955
65939
65932
65948
65961
65982
65963
65942
65931
65947
65955
65978
65772
65777
65793
65968
65997
66014
66023
66045
66062
66032
66050
66099
66126
66100
66089
66110
66092
65570
65596
65601
65630
65640
65658
65671
65682
65676
65655
65633
65656
65666
65680
65696
66102
66117
66110
66123
65742
66289
65548
65553
66184
66194
66215
66230
66249
66231
66243
66259
66276
66288
65541
65561
65579
65560
65550
65566
65579
65596
65605
65599
65577
66088
66069
66091
66108
66126
66096
66095
66103
66116
66139
66126
65924
65910
65932
65906
65924
65942
65955
65975
65963
65983
65962
66092
66070
66087
65673
65995
66012
65993
66003
66020
65762
65786
65880
65895
65886
65864
65879
65895
65906
65889
65555
65542
65597
65574
65555
65579
65617
65638
65651
65671
65687
65676
65693
65665
65688
65696
65723
65964
65970
65941
65961
65970
65992
66014
66022
66032
66031
65661
65764
65787
65566
65539
66301
66277
66295
66284
66294
65550
66293
65762
65780
65794
65875
65890
65876
65868
65880
65614
65628
65632
65656
65646
66092
66106
66116
65786
65598
65569
65589
65579
66244
66234
66209
65834
65843
65861
65873
65889
65913
65929
66082
66096
66089
66110
66090
66069
66080
65960
66249
66256
66282
66260
66130
66145
66167
66184
66199
66202
66221
66207
66120
66104
66112
66143
66145
66131
66127
66108
65952
65980
65988
66234
66208
66229
66219
66226
66252
66262
66274
66300
65548
66293
65885
65891
65759
65763
65790
65796
65816
65536
65559
65934
65951
65960
65968
65984
66008
66026
66042
65677
65693
65825
65840
65876
65867
65882
65868
65880
65902
65904
65923
65810
65806
65626
65636
65954
65981
65989
65748
65767
65747
65773
65789
65796
65955
65975
65992
66007
66017
66039
66053
66075
66057
66066
66089
65908
65896
66137
66156
66166
65614
66206
66211
66235
66213
66206
66213
66230
66213
66011
66020
66291
65541
66297
65541
65553
66233
66217
66234
66247
66268
66073
66090
66183
66199
66158
66170
66183
66192
66213
65968
65961
65940
65956
65661
65643
65663
65927
65936
65961
65968
65996
66015
65997
66000
66028
66038
66021
66036
66165
65996
66005
66026
66042
65554
65539
66196
66191
66202
66213
65560
65569
65968
65987
66010
66017
66043
65581
66097
66126
66099
65555
65546
66177
66207
66185
66168
65908
65924
65951
65927
65950
65929
66151
66162
66156
65762
65782
65548
65555
65550
66298
66277
66296
65538
65555
65546
65562
65540
65556
65576
66000
66025
66041
66058
66266
66283
66288
65545
65558
65547
66288
65616
65646
65627
65641
65962
65942
65959
66244
66258
66279
66270
66249
65809
66077
66087
66067
66082
66078
65568
65617
65715
65741
65750
65740
65720
65937
65963
65968
65993
65682
65701
65716
65743
65624
65919
65945
65961
65994
66009
65611
65997
65979
65952
65980
65999
66004
66023
66149
66167
66148
66129
66155
66160
66178
66192
66211
66225
66210
66192
66188
65997
66010
66120
66140
66150
65899
65912
65928
65947
65967
65982
65991
66005
65985
66007
66020
66011
66027
66047
66053
66076
66085
66100
66077
66082
66110
66087
66104
66115
66218
66225
66222
66230
66254
66238
66101
66126
66137
66158
66168
66271
66284
66298
65548
66289
65539
66301
66279
66297
65550
65553
65548
65557
65810
65828
65821
65798
65815
65825
65818
65831
65851
65867
66032
66062
66075
66092
66096
65567
65548
65563
65571
65557
65570
65596
65600
65749
65763
65962
65974
65991
66001
66024
66205
66086
66077
66063
66046
66048
66075
65801
65784
65793
65811
65689
65708
66083
66098
65876
66289
66069
66085
66077
66057
66042
66052
66076
66123
66135
66146
66162
66182
66201
66010
66020
66040
66061
66065
66051
66202
66208
66224
66216
65704
65965
65970
65986
66001
65984
66004
65687
65699
65718
65740
65746
66249
66232
65785
65807
65819
65831
65841
65858
65873
66113
66141
66123
66135
66117
66134
66148
65950
65954
65981
65945
65964
65977
65998
66021
66037
66053
66070
66088
66103
66114
66102
66119
66143
66090
66098
66114
66135
65872
65858
65886
65888
65905
65923
65941
65961
65968
65653
65665
65695
65666
65683
65704
65714
65840
65871
65885
65865
65551
65562
65573
65592
65610
65616
65636
65658
65590
65583
65698
65687
65695
65710
65686
65799
65818
65837
65850
65846
65857
65881
65900
65914
65926
65937
65958
65951
65962
66248
66261
66286
66296
66285
66263
66186
66193
66213
66226
65989
66002
66021
66039
66061
66075
66095
65962
65975
65991
66009
66027
66045
66048
66066
66086
66107
66117
66143
66154
66129
66159
66173
66189
66196
66189
66197
66215
66053
65970
65984
66127
66140
66157
66170
65733
65757
65741
66129
66145
66164
66191
66170
66183
66204
66220
66196
65543
66300
66278
65852
65828
65846
65546
65561
65580
65592
65606
65628
65615
108947
103497
114633
105920
101328
104250
99524
101803
101003
112066
104687
104839
104461
101802
109835
111893
100777
99642
110695
108596
113607
103061
110114
101443
114007
100892
107436
109400
112263
104168
108025
99980
102851
99126
104693
100389
113239
109624
109271
111146
102620
101865
98866
104179
108609
109653
108717
111584
113039
99154
114497
109654
102107
106169
98915
102232
113354
110656
110401
114572
114577
100546
112762
102599
113400
108202
107239
101239
101781
98730
108401
102642
111009
104330
99001
103020
109461
104641
112594
109558
110254
109158
99092
104262
113367
103018
104901
100041
99280
101562
102476
108507
102411
102728
113016
113123
109536
107972
106191
111499
108399
114132
110428
101295
107782
114182
106874
108601
106987
101300
103397
110287
102049
110437
106668
111229
114041
102665
105514
109553
110378
104112
102923
105772
98331
104064
100818
110875
103186
106605
102147
114495
109742
111626
112735
111066
99819
112341
103162
110414
106257
106720
107764
110035
98729
113675
99039
107627
104077
98510
100771
106289
114556
103563
102650
106420
102099
111767
105167
108267
109050
103154
114582
103729
112639
111342
110250
104052
106296
104890
107974
98405
114385
111732
112451
106812
103806
113262
112776
111421
109754
106316
114348
104480
114404
102385
110294
113848
109903
100275
114565
108889
102948
100741
99989
101826
98522
106870
99930
109340
113336
99016
100329
112380
103186
114265
102775
113303
109927
102938
106220
105721
101908
111481
103781
98739
103934
111530
106003
109251
101212
106815
105374
101513
110822
114566
112038
107225
112679
106601
101194
109809
105844
100620
107798
103078
106152
107154
108793
100236
103325
105710
110895
104375
107602
102058
99610
113385
101238
105630
105499
99926
104391
102541
107239
107037
105688
106754
100181
103194
109668
111307
107170
113533
104352
109495
110452
107110
102108
109001
108926
112197
100375
108631
108159
110809
99933
105086
113890
103422
105043
104178
110686
105262
100099
113467
104331
111531
109411
103378
105263
106239
107349
103739
106557
108063
114472
99776
110307
99090
106209
103822
109943
114271
107883
109687
100911
103958
98450
112351
101176
105032
109817
108730
101948
100898
102535
99855
106182
99331
113426
114329
102136
100491
104055
109809
107168
105300
113976
101706
106547
99161
103572
110201
102531
98658
108434
113463
109845
99351
105343
108208
104479
109659
105919
101234
111223
112805
100928
100208
111346
99915
99211
108600
100066
110467
105435
102307
101968
110459
107855
102978
100391
105207
101767
102774
108704
113329
99689
103937
102433
102131
113615
100944
98991
112084
105892
98397
107299
114035
108852
103828
113961
104053
113973
109399
99497
112457
102687
114028
106775
99612
103502
99263
113224
101276
110300
102724
108320
104300
109210
104304
108408
100029
110939
108826
114264
111800
98931
107078
111147
113798
100265
106988
111843
108000
108188
110569
105841
114532
104181
103987
106860
98816
99946
98749
106282
114320
100095
113209
99215
107843
104092
105345
100456
112764
112445
109328
105061
100361
99490
109141
107526
100562
112263
104789
114484
102976
112512
107109
99431
112006
105770
98693
112760
114570
108058
106474
114166
104928
110894
102538
112946
106611
104819
106983
100012
112919
108360
107733
99554
106625
101094
108974
109420
107985
102725
98460
108558
100910
105784
98419
109157
103577
108268
108972
106272
100099
107817
99355
113222
111132
106180
109916
110900
112278
110335
113477
102841
109573
101516
104873
101117
104574
107336
100700
98716
114656
99615
108994
98379
100197
112431
106496
104992
111784
101282
106320
104422
99987
106281
100386
105206
111315
104500
102876
107939
99846
100863
108632
107232
100182
113971
102818
108569
113015
98650
106340
103757
106336
99187
99299
112019
101890
99092
109886
98994
108334
104346
113255
111682
101287
110172
108144
112801
113613
112546
107514
106339
103859
107052
101553
110727
104841
101731
110754
113929
108937
103349
102517
102807
107730
106297
99833
107937
102510
101773
112438
99626
101261
98671
110853
106599
102470
111791
103831
105740
99316
108580
98697
112474
108485
98684
99062
112226
102247
106547
108878
103042
109174
99306
112942
101212
107303
113614
103831
104762
105654
103580
107302
106131
108757
100580
114042
105677
107301
100929
105171
103972
112138
104561
112349
103774
112263
101278
111459
110726
99162
107631
103754
110035
100225
107443
99732
111395
101751
111984
99158
101753
104028
110205
109903
107805
112601
105401
106339
111129
99229
106656
100288
111464
104186
103804
113020
110921
100221
111364
102082
100817
113242
101878
111826
100327
100146
112963
107794
111754
99937
101683
105847
105701
99658
109424
109397
108476
101644
106394
103942
110540
110000
107331
104985
100858
112771
110408
107230
113899
103725
103128
109647
106732
98515
107555
113097
109138
102193
113530
99916
113782
110737
100516
109742
111226
105367
99976
114179
103863
103851
113440
105095
105051
105624
108939
99147
99616
113889
103144
99612
111002
102846
101620
112174
106048
102478
99780
110357
105582
106994
100228
109824
103068
104695
113903
102994
112731
100131
112803
98844
107100
109403
99625
101864
112670
99365
107468
114601
102081
99218
108307
101613
106799
113861
105570
102311
107672
106533
102776
111757
112092
113267
112351
104454
104722
111189
98360
106440
102462
105003
98911
109709
104362
100469
112694
101116
108818
99123
100167
107862
98959
104730
106623
106015
101268
98346
105749
101941
103107
111180
105958
108196
112321
103384
102241
98642
114672
106824
109081
106855
103226
102559
98430
102877
102044
102231
100562
98667
102219
106092
104425
109514
106239
101326
102484
109720
110123
112782
111574
113812
108338
99700
111022
99843
107345
101510
101568
100184
112770
111916
103069
104228
108369
106563
113854
103180
103353
107421
100187
110430
98350
109180
106660
113963
106371
113839
112498
101264
107915
100408
109028
114348
114483
105547
99235
101754
98468
99333
109847
112165
106662
109064
109678
103569
103264
109410
110069
112814
99431
103273
111437
110747
107318
108860
101636
102504
112059
105082
101015
111474
109658
110435
112533
110845
105517
105473
101822
99282
109597
106702
107637
110287
106119
109505
108055
104653
106070
104497
98611
109016
109670
105242
114516
109264
114643
109369
103929
112935
108749
99706
110734
111505
109382
106775
112298
100718
100762
106892
100287
114658
113519
105792
112170
111794
107977
108631
106460
110772
112285
106515
102982
114397
105322
103285
113241
112934
109722
114388
101693
100403
109968
99134
113419
103061
111925
106575
101779
107734
103489
100644
103309
101571
98621
102005
113534
107655
102398
112322
108840
104320
101155
104694
112145
111241
106303
100139
111461
112326
104137
114396
114062
107297
99292
101715
100362
104176
104393
112637
111175
109785
102389
111262
107207
106313
100087
100180
105620
103191
106775
100434
109683
106512
104422
107075
106147
100846
114638
108236
99496
112325
110790
104792
110557
99558
107524
99225
103889
98957
99667
110583
105869
98907
104930
101003
107306
104688
107175
105293
109586
107075
101936
104344
102432
103553
106196
103352
111304
112979
113641
100122
105648
101315
113482
107532
111856
99340
112556
106072
113683
108560
112396
102052
99656
109655
102471
102822
107178
100872
112560
108055
99843
109124
98437
98709
111450
108003
109077
114056
106011
103864
109202
102067
110535
104020
100290
109635
105380
107817
102615
111946
105348
111250
107527
99805
111747
101826
106367
102940
107648
98388
112968
107355
101724
108550
114243
102255
108311
111306
106229
110866
106158
113348
107878
104736
101664
100892
100961
107670
110182
109074
105371
110768
113341
114314
113167
107043
108257
111917
112137
105480
111086
102635
104254
101448
112426
107457
102164
114297
103613
113149
109614
112677
107601
106583
99982
112630
108337
110547
109432
105601
99743
103959
107175
101466
100713
99926
105142
99412
100653
110846
111599
109110
106694
109542
113322
103429
106917
104291
105208
106635
112306
113045
99412
105503
111826
101107
102614
109688
111900
107917
110842
103499
110759
109270
110884
114395
112759
109577
103007
101523
100689
103445
101700
100988
102501
111760
101400
102241
107881
111397
109992
101724
111018
106715
113280
108975
114538
101848
114405
113928
112332
111025
103064
99205
101640
100012
98738
109211
106032
109275
113217
101403
100085
110964
109141
109145
103547
110614
107310
98705
109655
113055
108740
104176
110250
98416
113554
99764
112882
102886
105649
100531
113641
107836
113796
111408
111743
103802
107390
110754
107992
101879
105008
104389
99724
104904
101963
104478
105689
105861
106066
113395
113635
103231
107037
110678
101586
108834
108898
107891
101784
107310
99710
110425
108873
111517
103447
112441
103345
107925
106672
99179
110037
111472
113134
109701
99931
109616
102516
111276
113674
106204
103860
100700
107566
107804
110466
103276
107742
111218
105821
101524
104913
107656
113495
112015
98553
110737
100237
113833
98521
99604
98966
111027
110111
99628
103124
106045
102601
104748
103176
98755
105370
106341
108677
98575
110668
104352
109755
100185
114082
112767
102478
110947
106882
112685
112404
105435
104303
99341
108678
104701
110471
112924
98571
105193
105507
106522
105460
100364
110568
110674
98797
99199
100662
109063
106401
110998
114102
110357
111696
99251
109315
106040
110309
109444
103991
101300
98517
107242
110127
106397
106258
100408
99429
112012
104995
100756
98526
105014
114526
106341
112631
109657
101271
109866
105985
104343
100798
104088
103922
111850
113791
108692
108457
98419
101067
109069
99628
101069
112493
111860
102314
108323
99196
102600
102121
99286
100908
113800
100601
114320
113356
107703
111377
101322
107060
114068
108224
104646
107970
114144
100395
100785
106372
109363
113919
99707
106577
98938
104189
102624
105578
105079
102485
104355
107438
113085
113524
113110
101691
99252
100624
103359
101264
100710
109646
108148
111406
113411
98339
104652
105739
107505
109825
102205
112346
106944
102081
108193
109136
99172
99128
107661
103203
110085
98768
111886
112299
98917
114532
100252
107735
106531
105215
106280
110694
110651
100160
114452
110129
102395
101765
106292
107922
110485
106213
99527
102298
111716
101205
106718
105076
107432
104993
111477
101307
104760
98979
101229
104081
104677
107897
105933
108834
103507
112732
113557
112763
113313
98454
109377
110804
105577
102802
98784
109565
107997
104860
100806
102176
100524
109515
111028
108720
108668
108692
109985
103815
98501
102869
106879
101100
107218
110564
108270
105627
109771
100508
109599
100639
104373
108609
106316
104872
99949
101789
103053
113565
99876
106888
103695
112557
99823
99495
104016
108356
107322
101260
113249
106534
99111
108387
100297
104737
103718
103613
104500
112197
102477
106717
114496
99009
99874
103125
104176
104948
112176
102622
103892
100933
103717
112738
112719
109864
100512
112492
101991
98626
102335
100499
111310
103057
108612
114394
101544
103586
107578
101599
103982
113639
103170
111441
112797
109644
99223
99635
105719
106106
100245
101459
114580
101335
103727
111417
110489
110247
109840
106236
103338
113854
114387
110692
103352
104823
98343
109633
111285
112825
110148
112191
102319
98343
113133
114311
106229
109793
108189
113131
109374
108103
106730
110510
104559
113798
113743
107771
109627
105982
103776
99868
101585
104660
104271
100107
106001
101264
101770
98801
103851
108613
103949
99204
107220
98862
113784
100066
104139
114510
105591
98733
107246
112086
106026
110472
98687
107781
106498
112000
111223
111220
99903
110308
113474
102078
100801
104146
110167
109678
104119
111882
100279
113397
112360
101981
107679
103503
110755
112492
111664
106395
111337
112561
100853
108882
111821
108533
112585
100255
100960
106807
106168
113142
110334
105687
111393
101111
101903
110332
98947
109463
104436
107307
105119
110693
103581
108669
111276
110764
110516
106631
101295
113271
104646
98439
112937
113129
109685
114022
107887
112997
111110
101332
114229
114329
99306
106072
103419
110840
111500
110234
100491
113886
105113
109383
109027
108688
108819
103823
104810
104861
102060
107133
104289
110506
106812
111026
114678
101022
112498
104608
102447
101252
101292
100884
101304
112352
109317
105255
103516
110907
106939
111985
100102
103338
111721
106775
99851
109177
109941
101909
110804
109491
109108
103983
98545
105796
113312
110934
100440
114226
107591
103145
110138
110100
106870
99862
101146
113338
109109
104524
114180
99530
104875
110846
99555
112219
114558
101819
108013
99992
102361
102781
109130
108077
102462
100534
109635
99521
106578
114446
100874
99763
113929
113625
107343
109357
112945
114260
106830
107452
112869
107913
105589
110001
112093
103447
112535
103669
103903
107322
110614
107533
105536
104325
109175
99283
110921
105380
105062
114488
105636
111929
109613
110636
104400
105656
99839
101881
100485
109891
114161
104769
111212
113675
108699
103170
108817
103724
99134
110530
108591
100633
103421
112375
111273
110261
102833
100753
101740
110083
109408
111696
112569
99372
98755
109668
109994
106656
105124
98504
111868
110172
106130
107548
98934
103901
111844
98919
109164
112785
113108
100898
106453
99090
114564
113753
113788
105894
104235
109711
102262
99405
108064
99737
113154
110681
106136
110358
99573
106600
108198
113041
111197
113569
109588
109976
104691
114354
101581
100515
100589
107440
107060
113248
99375
98894
102820
103258
100949
110360
110796
105283
109386
109959
105248
113542
112000
100004
103290
104102
109561
102873
100950
109633
111975
101327
113097
114687
113408
111173
108600
100474
102719
104835
104946
100781
103137
114125
101988
103897
112781
108546
112410
102448
102774
102477
109530
103998
109715
101277
109526
114320
109475
105697
100729
105648
100953
103263
99602
114213
103093
100561
106798
99690
99737
107587
105747
113614
105999
101537
98577
110977
101166
104127
103212
105171
114306
104634
103551
114518
113143
106521
109343
99196
112434
111809
103877
101323
101817
110416
104284
104261
99728
103744
109858
103498
111139
106367
109710
111449
110597
108838
113364
109828
106228
102964
102119
105355
111842
99386
99239
99970
101113
101346
104759
99224
109120
107386
102258
99224
108712
113046
110916
106189
111968
102216
103979
109033
111369
110419
109178
113816
105084
111513
110289
102181
108656
106614
107353
103825
114279
111934
106537
100873
114668
104864
104463
105510
109141
104403
100285
113280
103062
101006
111037
111548
114352
108665
105957
102675
102136
105278
112032
114465
109909
104767
108816
99591
106458
106350
109124
113082
106815
104619
100441
98383
102908
99218
110400
111217
105397
110448
106625
106355
101663
104467
105468
98736
111359
113078
111830
108288
110497
102056
100563
108884
109446
112564
102276
108124
109264
104469
103829
102946
112171
99478
108381
112748
103832
107555
105709
99506
106428
110305
105492
102222
112140
106941
111285
98828
109109
100811
104455
101296
113713
107265
114276
108541
110534
108456
108386
100178
109686
105169
102272
109205
110767
98797
107625
110217
113868
105746
99045
104896
110666
107461
105987
105653
98446
113238
114598
109197
113039
100831
99041
110040
104811
110495
108394
110051
110900
109577
109205
107924
113720
102544
99391
114590
100830
102598
103380
101873
114426
110013
103085
109047
111995
113751
108539
106325
102984
101118
109388
110177
107521
113199
113479
101157
110050
102162
100582
113700
102496
103152
110914
100719
108450
107044
105732
103217
107760
103546
99462
107211
100132
102583
106976
106531
110727
100654
108716
99929
104941
110328
100044
101740
103325
102710
100154
105004
107643
100848
111338
101660
101428
107665
102650
100603
113403
112539
100881
112663
112413
108573
112398
107525
104051
105531
110732
110624
111884
109891
100019
106074
108857
98494
108627
105872
98877
102887
100661
100968
103104
100326
99810
107476
103383
109392
99287
108498
110763
111219
100105
101137
98362
114036
111925
98369
105927
114046
103213
98996
105521
107469
107752
105351
107308
104850
107677
98329
100550
113565
100696
101102
106804
114683
102006
114037
108128
106586
103093
102570
109162
103457
112265
109158
114228
102886
103870
113946
112133
114392
103612
111372
104774
109318
109057
102195
114542
114311
100292
102140
102060
114089
106114
113877
113669
100833
102896
101182
102778
102010
112508
113573
107832
105283
110072
111983
104990
112718
102919
109952
113775
106017
108297
99623
111941
101012
113939
108754
101549
102422
106261
112625
111847
101449
105288
111094
112413
109878
114329
99213
98621
111737
99645
100143
98900
105504
106585
106943
108219
108077
114593
110935
105732
109375
103920
109828
111714
99362
106098
103176
113287
98307
110134
108277
103368
110352
112418
108513
110890
106962
100236
107380
102287
107438
104224
113347
100281
103256
112733
104381
104132
112808
107436
99542
111198
104388
114413
106049
114262
106436
114015
108020
98469
103394
102760
99067
107373
109023
103781
106983
105740
112510
107081
108830
109377
114169
103330
100069
109247
110734
112442
104376
111997
108588
103620
107674
107620
106577
107444
105252
113212
98991
106421
100157
102079
104416
100391
108598
104775
99322
114531
100871
103826
104783
107917
114190
107025
100283
110344
107680
109764
109046
112645
113589
100613
110902
111864
103858
100275
99016
107539
103118
108316
101714
104270
111239
113714
101891
101656
102467
100428
104882
110253
111638
112461
110322
99402
107063
105806
105661
102388
106904
108692
111393
111086
105949
111993
102013
101095
106993
112974
100767
111415
111675
106357
108509
110193
105110
111902
105600
110994
104982
104980
114211
103922
110231
110039
104597
113085
111256
98841
113335
112723
104691
104716
98581
102322
110685
111737
109812
101183
108033
100824
103859
102818
106732
105720
99513
105029
106655
108908
113633
101922
114498
102913
109129
107313
109695
100844
101353
111485
100733
102498
107706
110160
110372
103760
112447
98737
109824
113581
101161
100479
110868
111410
111177
112827
111791
100791
114051
108326
106668
100830
105001
106372
99221
110641
114555
100946
111755
108185
99872
105010
112535
108206
105081
105259
109670
103565
112069
106591
106879
110159
102277
106456
100891
101445
111338
114182
99494
105947
102051
111430
100888
106799
104962
102030
101898
111131
105649
108573
112278
111482
106114
105021
112965
99454
98903
108200
106454
107349
99621
104559
104149
100556
98495
98802
109607
101268
102966
101331
111274
111496
101655
102544
105331
100915
113034
110591
111297
102869
108626
109222
114436
105146
112633
99129
110186
101614
114572
101516
108853
114197
113730
111057
113418
114057
101286
107963
99171
102555
111878
104810
104319
108917
99770
98987
103282
102755
106727
105977
99609
100518
113814
101485
109995
99137
106894
114607
100133
100089
106677
110343
113234
110131
107833
99113
113481
105220
110981
105636
99585
103268
112114
109277
107572
108429
106746
112552
100017
100317
108685
101216
111642
101258
104738
106845
99566
104637
107445
103110
104705
99238
110227
99574
109987
111974
102556
100851
100873
104891
109578
101290
109968
112025
106057
101570
102314
102946
104817
100863
104811
105856
106871
106757
105633
108765
111988
110148
112980
104491
103262
104029
105813
112377
102975
110297
114029
100647
106951
112351
113575
105894
103299
105154
99857
99272
102102
107755
114454
103984
101728
109689
113351
112809
109174
106702
101320
103075
111902
109768
108855
102648
101890
114575
111736
103263
103364
106144
107818
102641
108379
113177
111083
110417
112336
100279
99574
106341
110373
105104
114272
113485
104144
105138
108000
113486
108956
100331
113556
101632
112334
113657
102681
104706
110306
109442
107075
114173
106422
109356
105312
107149
103633
101623
107755
103717
100985
113943
102686
103968
105005
99848
105446
114198
114153
101246
106598
107975
113984
103423
107318
111223
102355
101814
106012
100637
99720
113281
104197
107316
104129
100677
104218
111146
101722
109130
110818
104921
114117
110439
100439
113008
113020
100287
109913
99305
113569
106395
105131
102770
102538
112387
103362
110361
98628
100774
103432
113659
104210
111526
112516
102330
108545
111089
100689
107937
101402
102797
105107
99576
101248
100163
107530
111412
106118
99972
114436
103862
101304
111259
100227
100844
112505
110437
110213
107651
114397
111919
105511
104190
99305
114265
114048
99330
103242
110888
111464
108870
99158
108261
109451
102629
104686
111416
102715
110903
102253
112052
106119
98830
108152
111385
101671
111528
109081
106829
108064
104646
105978
112392
110006
103224
99782
103028
100533
105640
102306
107451
101453
114232
106876
113223
99003
104126
102781
102283
110804
108703
114324
107057
103839
104627
104697
99745
110809
105036
107715
104516
104856
105460
108694
103000
108720
108337
104397
100847
112511
111978
106229
105441
111605
98748
106426
112056
114585
111506
99986
110927
107049
105738
112026
100695
104159
114164
108600
102382
100748
114242
101316
101728
108594
104595
113099
108098
108208
107100
110258
108479
113130
109075
114371
111244
102119
113421
99722
100279
104885
112822
108207
110814
99515
104773
110806
102363
108527
104334
113874
110721
100640
106342
99591
103805
107934
114673
113063
104916
112611
108455
106238
107236
111663
107352
99479
100485
102468
109860
112665
106691
114681
101034
101867
99728
114481
101774
109810
104643
108011
109711
110084
108224
107958
108363
114244
108308
101903
110827
100324
109390
108849
103730
110043
110330
98479
113925
102184
103096
104495
113281
107270
106219
103915
107933
101302
101074
111955
104884
114531
104496
104060
108450
103036
99842
102127
114284
114192
106594
108515
112641
105142
99680
108137
107338
105443
102990
106264
107083
104664
112686
99965
108652
113179
113903
104584
109890
99231
107928
113248
105214
105572
98554
99136
111625
111973
114142
111139
102950
108683
107359
109516
102891
101220
108970
100231
101661
99400
112490
98526
112604
100565
101040
103814
100222
108117
111458
110207
108512
108711
98849
108208
114154
102772
108009
102019
111323
111622
103267
109599
107531
110748
102395
114471
98884
98586
113480
98959
107844
113767
104967
112898
99462
111294
110225
112611
99730
111506
99013
111848
102589
109008
104325
104352
105476
104594
114543
108772
112347
108494
113442
101858
102574
111843
103972
106212
108854
99639
101218
113380
102749
102128
105389
109201
101331
111496
106593
103210
102042
103426
105699
109037
98781
100365
113694
107602
107793
109776
104840
102820
103427
105144
112452
100365
110619
98930
111662
101794
108362
101670
99633
111341
107001
107020
101818
107766
98503
103685
100254
108026
98919
104285
102595
110156
102400
106854
100299
111772
105420
99988
114156
102663
105013
108048
105158
102439
101648
101903
104141
109755
106855
111114
102654
103284
102368
99736
107293
111867
108824
109593
107147
111474
112640
111779
105502
100736
111769
101826
113402
106945
102075
99961
109049
112625
104376
107664
113350
106746
101169
107421
110924
108199
109752
109840
99735
101338
106885
100169
100438
107482
108738
104544
100544
113799
98732
113169
113927
107880
99459
100231
104240
99488
108140
112640
104659
101921
114550
109992
114672
109020
110225
109246
113924
104384
113488
107020
100859
109896
103145
114611
110855
104454
114327
109684
101148
109149
100125
103864
111183
108092
99964
113181
112809
108351
98633
103373
102497
112781
112114
102963
98532
100052
102350
109899
106953
99741
104527
100777
106638
98396
112629
113376
110789
112044
111690
108359
99088
106206
105614
106046
100487
99274
110003
99953
106657
112612
102688
104642
113800
114364
103884
111975
110552
102323
100609
112015
98724
105592
108613
113099
106601
99385
98689
100322
105633
112678
113212
104755
111394
98748
110532
106296
104761
107210
105607
110275
113587
98435
102250
111351
102296
99370
112535
113303
106706
110515
106450
114354
103834
102490
105837
101953
106691
113457
102027
112769
106454
112991
104526
102847
103506
109151
99364
100117
109807
112432
108925
109559
105650
111775
113867
100142
101856
99176
105661
112494
109667
98947
110613
110340
98919
110381
98537
104247
99598
106511
104162
111223
111679
108854
110918
111800
108886
114589
113434
101235
104185
105500
104890
114258
104838
99639
106379
98857
98508
105610
100922
100646
102216
108073
106971
105743
105562
109425
100028
100176
100706
114027
99426
101893
102247
102544
110177
113275
108843
111023
112978
106776
101918
107710
112622
113727
103296
108250
111188
104254
111010
100285
113079
110826
104718
102598
104180
106895
98615
103490
100682
100055
107091
102056
110238
111498
102730
99745
106335
103021
114343
102188
111032
99659
108219
112628
105592
104294
105401
108531
108909
99453
99814
98932
112714
103712
109064
111478
112551
108369
113208
107888
102829
112166
99222
103818
106484
104201
113882
114039
104080
103246
114088
103584
109698
103888
99186
102300
113731
102247
104610
103102
104740
109936
110935
105992
105357
114315
98520
103804
109891
110763
110836
99066
114155
103133
98576
110807
109388
112537
98326
98577
108355
98985
109346
99701
106366
113170
100378
100558
114240
100710
98760
104770
109381
112564
112866
99816
106109
107414
102249
110599
106148
111578
110043
112565
100713
100365
114218
109255
107433
110556
100956
113106
99990
111635
105327
106382
99105
101036
108978
106774
103903
100478
112911
101785
99513
110701
111654
107626
98387
108280
113391
111987
113423
112782
113623
105403
109053
114262
110164
105537
101155
113139
113566
111630
108021
100109
113295
102342
101355
98599
102085
112510
112593
110427
108053
100586
111766
102374
101355
104919
114497
105173
114511
111795
107388
104208
110854
103261
105270
105052
105796
99313
107973
103115
111340
100963
112178
102012
105452
103035
110040
102501
105610
108587
100926
114341
104794
109596
112764
106263
105811
108070
103868
113042
109820
107663
106919
113947
104266
100987
111285
109737
106329
100248
107495
107596
98833
109139
105973
109734
113495
102320
102054
107828
112309
100180
107648
99293
99093
100973
106884
104620
112294
107053
102582
112752
103446
107580
104950
106519
111561
109112
112701
110038
100512
101704
113070
111245
103767
110602
105385
99222
104398
112207
108051
109477
108540
113622
106341
99625
99126
112132
104141
109881
106898
101707
110790
104470
100555
102825
100530
103269
109439
99424
113984
106286
98902
105640
101515
105391
99980
100415
107561
99920
100396
114329
106762
113386
105721
104967
102520
98840
105664
100422
109727
114216
105907
109548
102086
113623
110561
106599
105024
103381
98404
104287
108301
99005
100058
107525
101625
110587
107222
111155
103340
111682
110223
113650
98878
103634
110938
103732
102149
108478
104940
103866
101675
99907
106026
111675
113256
101460
113604
107350
103839
105114
110434
112714
113461
110523
112043
105694
99361
111871
101392
111989
100117
114396
108220
103904
113202
98385
98827
106461
99428
112759
108250
113506
109816
110172
103195
109067
110643
109102
99491
99415
114523
99043
107152
101186
99253
102644
105179
99672
105348
108161
109169
105272
98946
99291
108529
103717
103848
105230
106316
98326
98625
111928
98933
103147
100593
106520
111391
103513
105361
105412
111463
113548
109010
103442
98499
106458
106500
107896
101138
107590
108119
106531
110033
108054
105741
114352
104315
110947
99490
112663
104415
110894
110751
101550
109608
111580
105921
110264
108744
106271
109181
112880
99323
99957
109214
107412
112371
98410
105340
108444
108516
102966
111213
101261
112876
101644
101737
106751
99102
105364
103544
106250
111270
110978
99448
102035
113487
99825
107828
114216
103788
101955
113179
112992
107358
108868
98531
101221
111188
102285
108079
108100
104021
104307
111657
98730
101333
101365
104915
105339
111741
99104
106904
100127
104486
113633
101359
104682
111650
101041
108015
113415
105909
101954
106278
113096
105917
99105
108343
103673
104644
112343
100238
101919
99736
107127
104795
105365
108148
103641
105404
103849
108894
110150
103233
109258
104027
107906
106706
112776
102764
99456
103028
105738
106960
101997
114557
114389
110674
106742
109540
113363
100509
106001
114609
110116
112258
103262
99456
105824
109638
104270
102762
105879
101006
111500
105821
111786
104216
99586
113795
103028
107447
107165
101369
109345
111791
102593
100862
102750
108720
103889
108833
103599
101317
114623
114317
110248
106374
112400
102200
100631
99347
112731
106337
110188
108165
104936
105732
104128
101295
100941
113115
103408
103941
103681
107796
111634
112575
105385
104522
107727
104078
110581
100380
100858
113850
100113
113392
102314
102589
102766
107008
99066
111278
109105
107992
112994
99553
114476
105637
110372
107355
102754
103766
101646
105722
108744
109832
99302
111605
114227
112701
103609
98700
99185
103579
111268
113365
110482
105111
111051
104464
113032
105167
108986
99713
109753
111668
107186
112060
98455
112116
110740
100968
98949
109044
109329
102244
104932
108657
111986
98393
105024
109925
102374
112276
113054
109224
101423
107843
101917
99866
112964
105065
104674
98823
105686
102909
105770
99250
109664
114405
105574
114666
104073
99287
105721
98722
98461
102831
103072
102788
103970
98817
106167
108108
103562
113294
110431
99691
113204
100168
113945
105003
102430
108676
103184
100272
98589
113338
108398
107822
104729
114625
111528
113890
114361
104238
109710
108352
102616
112449
108897
105294
104599
106275
109964
103285
109402
108742
100957
98959
110466
113900
100156
112035
101915
105763
107359
114624
112953
104791
100443
101560
100259
113143
112870
103615
105329
110127
108249
104618
101365
107804
111530
110525
101478
105350
100342
100492
104168
103672
100068
98338
101486
104021
110302
106426
108140
104893
111658
100684
112788
101441
100648
111284
106719
105962
100793
105681
110296
101554
106388
110593
106632
105092
106996
109456
99468
111418
107268
99807
106742
108830
99911
111704
102611
101233
103895
103328
111726
114157
101677
102258
101530
106802
112677
107288
112658
107203
98996
114232
109884
109971
100245
108053
104685
102925
101985
109836
113977
109586
99040
114064
107558
102119
103577
106266
106687
109527
104468
113806
104489
104635
104214
105207
111920
100463
114246
109131
113974
105286
109673
110719
104651
109919
99412
105497
102076
105097
99206
114324
113424
104100
111050
104749
98999
109210
107093
103788
100250
105983
98518
109409
105594
113197
102235
103020
105730
99944
112458
101369
110631
107870
113538
98555
98832
99006
103949
107016
100825
105327
111826
113497
101563
99301
108944
98433
104078
107278
103662
100684
113979
99382
106845
99913
107070
111687
109483
100151
107422
106610
101183
98561
103008
106218
102137
99923
113147
113457
100188
101883
109826
101656
102850
106456
111926
104771
103723
105119
111356
102395
110829
100964
99794
111710
107007
113017
101175
105114
111930
110316
103177
98743
103267
107792
110379
110836
113368
106634
107241
102937
111854
109895
109118
107477
101250
104377
112526
114028
104068
104935
98715
105825
100749
103197
105969
110851
107849
113819
99874
106354
100731
108321
104349
110218
102998
99154
108850
104573
99740
109633
102000
110397
112722
99174
103460
114343
104987
100144
98763
101922
107704
104655
114368
100177
107049
107967
109488
112647
106570
105300
111146
104818
105595
103248
108555
110875
111712
107333
105817
99168
109769
105238
102851
103179
100200
114100
99428
104238
114454
100643
106456
110628
103561
107212
110192
105102
101497
112713
102760
104171
114106
107011
103632
107026
106788
106619
106156
112139
101301
108337
100338
103339
98499
98477
101437
110721
105598
113946
111856
101202
108940
98381
112138
108321
100551
109204
99712
111454
110685
112033
105748
101506
101125
106691
108614
99656
105784
110835
104976
112613
110138
109675
100290
110031
110277
99300
98901
101848
108516
106901
105112
100838
100446
111341
98317
101891
114562
113429
99190
109098
106284
101136
105798
103297
100770
99630
99549
105654
114024
104115
108561
105369
110159
113946
111079
113810
109295
114239
110573
104009
100420
103192
104492
110024
112118
99511
112424
108740
105360
103215
100967
101622
107242
109625
104729
100579
113240
107727
100605
110936
109815
98584
105257
109257
113281
104777
107915
111143
109973
107608
108067
112948
109108
109777
110846
111355
102429
107733
106832
103144
114663
106312
107541
106151
109840
103300
102146
110022
102289
99903
110389
104311
106622
102456
99491
104823
109548
112077
98703
107398
113793
109506
114022
99163
110590
114006
109067
102858
103877
113842
110251
111571
108729
101906
98642
104914
106574
106398
98527
104571
109176
111484
103781
113095
110777
102041
109034
108715
102987
99834
111468
107092
114568
99447
106846
114641
103406
110815
99673
108325
112110
105734
108777
99753
113864
114253
104114
112603
113089
111068
106830
105664
107539
101973
111516
112392
99689
99142
112001
114592
103511
105676
102572
102356
114230
101962
100115
100859
113492
98732
111700
106761
103608
100840
107495
110851
107548
103638
103576
114482
109034
104889
113452
113847
104408
103806
101396
107285
112947
105794
101130
108357
105807
111633
111624
111681
100054
106507
105827
99577
107996
102888
106697
108986
106425
100054
111580
101532
106909
106012
114604
99296
110371
101433
105286
114230
99572
105165
100903
109770
111319
114249
110261
108684
98428
100577
100652
98790
113740
98496
113956
102927
108631
105286
109891
112535
114100
107849
107179
112138
103095
105448
111346
113239
108378
99213
113990
111119
113892
106703
112415
108093
99936
98875
102486
106185
112106
110004
108935
113353
104832
107734
101268
101864
103309
103298
102689
98627
107314
103159
109539
112410
112536
113202
108223
101562
98742
101866
103114
102674
105469
114237
111928
102531
98375
114533
109193
101485
112176
101527
110984
98760
103804
103188
102593
114536
111550
107254
98843
100721
103070
107867
99354
112552
110856
102604
106921
100992
98913
98522
102594
99375
100681
98374
105701
103675
102155
111347
107227
106388
106757
102359
109433
104001
107645
112925
99969
114503
102655
112716
111671
100027
100811
114398
98824
108817
103768
105891
112172
106237
108631
104354
104064
103421
106158
109478
104383
108959
103432
114495
105565
106148
103243
101957
103920
101322
109320
104462
112949
113033
105751
101811
107455
100144
102567
110197
100002
105133
103827
110083
106717
109584
100139
101276
103640
111882
99273
104070
106672
104762
109724
103562
114519
109493
108451
104132
112868
103863
106774
99001
108401
106972
105508
104248
101214
103702
106858
103939
114480
106352
99952
111643
105070
108503
110163
106796
113417
111495
110538
100267
104627
111044
111034
100286
106326
100561
112907
100451
108524
105220
104053
111799
99616
107362
99805
108561
108232
101529
106161
102422
113367
107688
111869
98920
100342
100124
103818
108368
105286
101140
107155
111652
105915
103548
103306
104585
108716
107944
102430
102547
108912
113864
99436
107886
99717
101871
107069
111793
112362
103383
110644
109693
111765
108259
104183
104707
107046
106239
108838
107641
110072
108182
109496
101018
105010
113457
109097
98868
113857
110505
107066
99801
99729
114147
112216
110532
101836
103404
113306
107881
106629
109973
112742
107344
111670
99902
108880
103409
111459
101447
111445
100602
108577
111515
109709
106226
98982
112708
104991
103824
103153
108972
110862
114576
111005
106949
102496
111314
104935
100911
102253
99357
101774
103120
112765
104034
111713
113057
103763
109001
111277
112749
104569
103524
109953
108376
108284
102028
104556
98405
112261
99600
108401
113540
107969
113132
105226
111852
100989
106903
100443
100990
113248
111365
112329
113369
113642
100260
110100
108812
99304
113843
103793
101621
101799
103525
107235
99770
112290
114024
105378
106877
108198
110142
110554
104086
111187
106720
107449
104553
106998
99895
106997
99405
106972
106082
103486
101617
112986
108590
98539
99962
99850
112756
99159
113523
109128
110525
112927
111827
98722
107011
103215
104400
99616
114520
111177
111605
112746
108563
101068
114132
100740
113607
113566
113377
111329
110216
113907
105302
113378
112082
99988
113333
111127
114350
103427
109477
101304
100158
103206
102805
106627
106830
99767
108956
106097
107759
102937
100875
107097
114420
102628
111330
99737
100341
112846
99743
102898
98988
109451
103280
99736
111071
102013
111446
106669
113871
99836
102145
110882
107789
111677
111621
112037
99173
102357
106131
108073
111177
104834
100765
109324
101291
103528
114205
104753
110038
114049
99432
110606
111850
111525
102883
110047
105771
101345
99912
98529
99963
101987
100370
108578
109263
98573
108321
114297
99427
109801
98761
99468
99815
112306
99442
102839
107517
109580
104818
113617
110058
110939
100770
101277
101840
105069
108339
110171
103440
113592
114099
101076
107719
103298
113560
110607
105958
107239
99159
100746
100784
107480
112025
106030
107602
110875
100194
105549
106211
110801
102885
99943
108236
111498
101758
108283
112158
108154
98922
98544
105396
99109
114426
99602
108225
108895
112836
105153
105617
113728
111827
104386
113948
113307
104515
102533
99040
105338
105885
102524
107060
108843
112991
106187
113867
106621
106636
108226
104140
110161
102640
112498
99115
101106
104947
111577
110569
107270
113934
106890
100563
105404
105697
111813
112020
99379
113992
111106
112486
101951
108835
112611
111781
106177
103427
105047
108384
108065
99893
107904
101872
110877
105423
110994
101000
107661
103845
111267
107124
106173
108884
114599
100458
106425
113178
105505
103381
107092
103535
105175
105974
101515
110689
105618
110197
99678
108826
112768
106030
101925
110971
104217
98639
102246
105769
103217
99105
107738
112230
102304
104906
104377
99529
111718
103907
99623
102429
114574
112126
112529
99192
99677
110673
99538
113599
109757
103234
111502
111377
101597
105152
100455
111423
108036
99121
103800
100098
113812
106554
109344
102925
106015
112888
108533
111373
112184
101147
100940
111276
114081
111060
98770
107087
106031
101990
107296
98811
114220
98371
106617
106896
112259
114158
109879
98509
114061
106953
109962
112900
109541
104211
108776
98765
111925
111190
105423
112484
102971
99230
101520
110859
102042
106120
104331
100383
102413
103728
98443
99287
104673
112315
102221
98705
100754
102103
112985
101218
103397
105024
101519
111609
104220
108746
101055
108803
104082
112605
102019
109066
108762
109373
106167
104027
102884
98498
99440
107228
112899
103339
114513
100523
102018
108653
106871
111656
111271
106617
101985
107774
113959
102109
111198
107052
107774
109786
109660
106267
103414
100876
106158
106310
112117
98379
111493
111774
114381
114355
109021
111620
113160
102691
106814
112110
100370
110509
104879
101727
109659
99233
105545
112219
108106
99850
108348
100089
107355
112578
104406
109627
100313
100313
108761
105787
105392
108173
113633
114329
105302
104832
109076
105989
112864
112712
106563
109930
104667
99630
113534
106821
110947
105665
111343
112901
99474
101860
108616
101663
103968
108923
106524
108295
109822
108433
103457
99460
112332
107836
101812
113403
110490
104233
111956
100424
111737
102432
107687
100592
100245
108882
104194
99085
103926
104020
108743
110400
112967
111281
103811
99262
113582
114299
101911
106420
114677
105011
102374
102717
100524
113679
106788
114402
99449
112311
108814
106583
98373
108985
102517
106523
105732
103523
108096
101008
107270
99371
113228
103471
105566
107201
101417
104231
106199
98943
98560
106630
99452
111343
108885
114457
98641
107628
99111
106065
108315
108438
113204
104744
105508
107162
102771
113815
106261
108706
113418
105135
106109
107924
105828
101106
102808
105925
103326
100585
102382
102908
113506
111455
109771
110298
113149
98328
107428
109515
102053
103720
112404
98635
106694
106455
110482
105512
101470
106894
101846
104157
101592
104532
112086
101101
105270
110636
108832
105182
113365
100050
109053
107755
110198
104256
110483
112903
104754
105992
110358
99261
106479
113252
105462
112497
98415
113800
102723
113540
98677
98448
110054
98379
100142
110052
111359
99308
104383
106225
99869
99035
106887
108998
99847
106179
111494
104215
102810
110169
107767
98316
102284
109207
104327
101328
99318
106074
98658
107028
108581
113501
104920
110002
102476
105057
101338
98975
108781
108713
106783
103850
104242
105575
113612
104345
112708
106291
114098
111952
109712
109460
103325
101132
108818
112260
110302
110227
109274
108649
101125
112584
99922
104679
113708
108910
103003
114663
114500
101528
98704
98686
102551
104634
104820
103798
98811
109168
101080
101227
102473
99298
107894
103540
104015
111541
98442
104679
106297
103118
113605
103211
100119
101292
103431
102552
104535
110701
114232
113095
103752
114442
109942
111935
108490
112563
100768
98698
102138
105333
109209
101311
110979
108205
114597
103637
99810
106345
98501
111926
113007
102336
114458
105292
100157
98646
113030
112207
106150
105700
110555
107233
109227
111563
98753
102548
113945
111699
106615
109608
104761
102732
107580
110349
114420
113004
102547
113625
105489
105301
108209
108698
109362
99270
100989
99570
105375
101992
102973
102900
110107
103482
113559
105089
109765
113372
100805
101394
106694
104130
109235
105780
105784
112285
103710
104593
113892
99618
101579
99710
112018
100312
107141
104844
111586
107220
111505
110852
110844
106351
107412
105764
105993
109849
106475
98784
109876
109648
104962
99724
99148
107219
109609
98495
108908
107117
109718
111507
98969
105196
107210
105741
105912
98829
107721
110336
102184
98574
104825
104063
111043
109973
106669
114418
100357
108419
102743
107285
110866
102156
98961
110633
106452
111622
113105
106271
104167
106535
102687
103607
101875
110274
104336
101417
114356
103959
106078
102663
113548
103470
101198
102782
110563
109176
99236
101585
103583
100115
98908
112582
99240
107444
106631
110052
109909
104902
110030
104237
104755
98555
104049
109548
112187
100685
98630
103030
107267
102054
106143
106040
99440
102383
100225
104243
107518
112831
103918
98457
99189
113450
110888
109195
105296
114339
103658
106222
98832
106532
106992
103539
113908
108993
102845
101978
110564
102638
106299
99125
114024
103357
103041
103534
114367
110672
108775
101679
100965
101050
112181
103594
101320
106932
112507
106446
107696
105436
99792
111930
109873
99392
110343
110918
113248
110097
111567
102382
106555
103719
107981
111036
100563
99376
108205
113353
101196
111102
112804
102576
98842
110278
103410
99050
108476
107398
113012
109594
108480
112675
111904
102915
106148
104262
112949
105951
99045
114245
101292
109405
104659
114008
113090
103095
109570
105158
109473
101140
114154
109889
110370
101283
112279
99683
99110
112417
104214
103261
98954
114609
111965
113612
103332
111801
102940
106034
105563
110065
110423
109224
105994
110096
113204
99427
113838
113892
106991
106261
112001
107909
110114
105793
112844
99725
100245
105874
104811
109034
112187
98819
105172
107310
106976
105688
112703
111511
113008
101537
105178
100030
98887
107329
106254
112331
108815
99887
103060
105523
108253
104701
104470
107053
99100
104298
113588
98687
113769
99525
101545
113413
113571
103021
112721
112406
103785
100491
111804
101920
101177
98660
99152
112573
113358
100891
112857
111437
104382
101169
106017
99917
107905
100485
104642
106690
109169
109866
103975
100499
109758
100802
102257
103834
110934
109518
98700
103940
102211
112245
105222
105318
109758
107101
100880
107706
99704
101318
113965
106157
103462
114650
102428
100123
102419
114608
101502
107002
110881
107186
111481
114317
110381
104847
103233
101064
101634
99736
109870
101619
107713
108744
109413
103302
100636
113610
106959
105868
106956
105402
107322
103851
106563
110926
106788
104845
105249
98699
104274
105538
104376
101123
111067
106444
111354
114100
107479
105132
111896
103840
107003
102540
110546
101593
99482
110143
103346
107242
102384
109184
109059
114379
113005
108833
107456
109410
109040
114031
112085
114122
109971
108817
103169
99046
112161
107193
102312
106078
99161
109051
111057
104489
106834
99769
113788
101157
100377
106931
102899
107340
98479
112744
110414
101904
111431
109572
110766
113886
105637
111716
111984
105383
107433
110968
106019
102196
110530
111181
112217
99333
100710
100059
100989
102845
103679
100435
102303
104721
110322
101367
103982
98571
109126
101754
110906
112409
106082
113610
113906
109122
104407
111178
107045
98937
105141
114544
104046
104633
112588
100916
108925
113546
101436
104863
98926
113627
111345
98798
106622
104722
109379
111789
105964
113686
101696
105245
110894
105957
113189
101100
109979
110542
111919
107584
98933
108478
101730
102239
110875
113106
107977
107989
106845
108074
105484
110403
110303
101971
113313
110029
114495
98317
103157
106379
110776
102325
99965
98335
100979
108777
113658
100998
102915
108560
113769
98746
109825
102116
107816
101651
107417
108217
111234
99369
104516
107748
114398
100875
109807
104975
114684
108354
110507
99802
98814
113408
102531
114127
106702
106610
106163
107007
101799
107495
110299
106121
112236
111231
111527
107744
107593
101391
101684
114521
112118
101044
111943
111029
104439
114072
112345
102223
105946
98884
109712
109468
101060
111715
108840
101229
113475
111858
109544
106379
110864
110816
109808
108554
108466
107405
102325
112161
105941
102092
100633
103755
98425
107583
100573
106754
111940
113886
110594
101752
101194
108941
112400
112881
99264
98916
110318
109409
108097
105899
104436
110398
98735
112923
108092
107333
107563
103901
104139
107867
108889
110508
113314
112060
107557
102795
109598
103208
114201
101697
106027
106242
102134
112390
110225
109962
102499
104234
109994
100774
104768
106430
112946
109312
111543
107639
99506
102205
114142
113262
103528
98497
112126
111538
106936
114411
101647
112351
110009
108914
110519
98718
112429
111389
108448
111891
104019
113101
104101
104217
107854
112637
100458
110735
110728
113691
103371
100090
105893
113860
106478
106144
104547
108350
111722
108120
101436
109339
105152
99375
109806
114167
105664
113894
111274
103758
106812
112839
104193
110993
104141
102783
110816
113493
110374
113484
106853
110401
104995
106676
112421
109846
109040
107678
102300
108880
99166
114281
102143
101155
98939
109783
100813
100187
106476
110906
109844
102742
112470
107338
113859
109316
100850
104532
105751
99862
100693
101986
103448
101334
108041
107334
103381
102687
98442
102388
104138
103996
104946
109933
111208
103943
104499
111568
100699
109725
105870
107338
105181
106701
108015
112491
104775
102871
102487
107772
109429
101972
107979
100424
98813
107244
104129
102769
100997
113016
113121
106065
105074
100737
113463
102808
101861
110806
104586
99506
100631
104516
109942
103830
101112
113271
109594
113617
101009
100470
113957
102475
98849
114422
103863
109134
100668
112230
101900
109554
107599
98623
110564
103730
100006
98378
113059
99142
109415
106292
113621
102971
104748
111755
104306
103652
103977
106325
112424
101233
102279
99560
110229
102980
111278
110143
113338
112267
104423
102293
111490
104334
103003
107177
104056
100935
106105
111329
106287
110810
106106
106213
110216
102444
99071
108637
99588
113807
112822
111559
108723
100157
112033
102772
104138
106607
99130
100294
104553
98990
111968
100575
105598
107270
105161
111832
98972
98591
100859
107852
112517
114576
112664
101612
103967
108825
114526
100988
107643
98945
110824
99895
112650
109390
99301
99396
98560
98945
113659
111567
113088
111038
100763
110167
108586
99046
105738
107692
102308
101994
110230
100647
98424
99956
104241
106643
100440
114229
102318
111775
111669
99875
105350
102206
112133
110162
100957
101158
112025
107079
104927
106616
105249
109359
104521
114272
108204
101017
99001
98892
102986
101902
110330
99876
105705
108039
107298
108553
105379
105899
112703
102200
98776
100992
103559
110632
104579
114111
99564
104695
99682
100027
108980
101221
111487
99454
112574
113555
108455
113901
108696
111780
102188
107262
105388
100910
105182
105323
99397
100535
114293
102742
111393
102161
102452
113132
105355
101480
113275
110088
98896
113677
109586
113260
113985
114661
103388
98373
110833
109368
110247
105906
111313
113655
111294
110603
98746
100440
101102
106733
107435
110830
110311
104921
102870
102407
103379
111005
99239
104449
102464
103808
108835
113976
100181
111748
107893
114401
108659
102355
105960
114048
108780
102690
111840
106386
105405
111646
113066
111334
113084
107907
108201
107923
113591
107217
103329
99078
98339
102000
108111
110008
109333
108040
113270
109066
101095
108836
107542
105306
111311
104111
110276
105806
104996
100312
109454
98996
105642
111753
98409
108152
111449
103653
106594
101954
102213
111008
110925
105405
101842
113404
109185
112762
106204
105677
99034
101727
103604
103657
106038
103362
110125
112369
102493
109119
99821
114337
102920
110501
110577
102141
111848
114401
109815
114198
112722
100877
112257
112657
111955
111678
104428
107906
103237
112137
107150
99534
114516
104756
106187
110190
99558
109789
102595
107784
98677
103273
106237
106619
112923
104552
111514
101258
103120
106599
99590
106848
110188
108527
100648
102633
111616
107359
102083
108928
101587
111995
101676
108179
109646
111244
114543
98598
106805
105892
99260
103468
105647
100914
99378
104061
105345
104589
107641
98634
105169
111487
106664
103675
105227
109141
114022
107239
110595
98689
108012
106004
101799
106206
101588
107010
113261
99823
101419
105191
100824
99788
103643
108555
104416
99829
104536
102478
104545
100365
105228
98620
103570
112363
112617
99699
107564
111820
109189
114302
106998
111208
108045
99588
100551
108923
105639
108713
102004
113544
98341
112430
111762
98436
109612
100322
110516
106535
110393
109275
114377
105207
109855
107070
109478
104779
111842
109434
101246
103419
102416
106547
110467
105016
106568
106339
106152
105768
109014
113645
105258
106309
110261
109816
101413
100713
101240
100964
112164
108062
99801
105371
112428
110071
103207
105162
105267
106201
102399
108775
112047
107389
103726
107555
104966
106751
111722
109163
112012
108465
114331
102260
105214
104118
107219
100128
109285
113069
105264
101348
113990
101737
112855
110308
105791
102694
101058
98934
113314
100528
110257
112505
98545
99891
112497
104128
101725
112154
107242
108532
106083
106571
111270
106472
102410
110060
98352
103325
110823
103467
105071
107870
104974
104797
103305
102029
108821
106083
114304
106842
99504
101714
104505
103840
113162
106176
114204
104516
101187
107320
105807
104068
111728
106151
112761
101455
98867
101250
112384
112212
104495
108212
100939
110764
110382
112477
109638
100161
113963
108311
102961
103189
111722
110772
100676
112111
112966
107376
99696
100570
107437
100289
102382
101125
101050
113295
110154
112862
101274
113618
110492
111891
112823
113740
108907
112554
105440
100119
103351
114271
105872
99790
102819
105897
113867
103138
100565
102434
103529
99248
108862
106277
106901
106988
111469
104234
112506
99726
108799
102658
111639
100537
109143
114163
107937
105319
113046
98871
108559
103545
110706
103972
99421
114639
103913
101999
108397
101158
106981
101257
108594
103666
111205
109596
113793
107787
109293
108202
98733
104406
102231
102649
104952
109470
98530
114544
100814
99046
112237
113588
101954
99074
107183
103487
109695
99145
112442
103658
102273
113619
103081
107224
99582
114653
109895
106766
101083
99976
104663
108896
113763
102494
101367
105378
105907
109933
100945
104988
99645
108567
112973
99483
103853
109872
105617
104045
108946
102776
108496
106921
99186
98761
112618
98730
100221
110320
112996
109642
113160
103465
111787
107603
100676
98901
106089
103269
109033
99616
107204
109237
107218
103625
110025
102593
111229
105266
104081
104368
105309
109094
112502
107681
107502
112390
99135
102794
111984
113937
104478
114215
99238
98716
99616
102747
110331
105072
110868
103661
103946
99940
106948
100272
113519
110167
108368
108790
107541
106644
100336
109411
106689
107378
103595
102387
99675
103892
112135
102831
110167
100868
104551
114294
110565
98941
111467
103476
105080
108195
103796
98391
107374
105958
110293
114649
112578
113753
106233
106295
110779
111740
114431
111953
112910
106703
100873
99141
100523
106607
100901
103792
104935
109707
108760
112351
105033
110968
101206
106399
101064
108377
103946
101268
112291
110018
103930
106691
105338
100131
99211
107337
113894
103418
110491
106334
99064
107063
114380
112724
105231
114616
105685
101860
107352
100601
105883
107923
98977
107818
111353
99007
107410
106645
108490
100358
99400
108982
103185
106106
98755
114079
110901
109656
102141
100767
110580
100781
103820
104961
110738
113972
103596
99287
106096
109685
99209
107301
98728
111347
102457
110351
101462
104722
110406
102181
100792
102070
111484
108492
110472
111102
113899
108803
110592
99351
100629
102539
113082
98674
99998
111404
114159
98849
112109
110360
107091
106806
100373
112215
109581
113309
113593
110475
101247
107534
105634
106674
105750
103524
100238
109031
102690
113644
102284
111794
112203
107631
113748
102247
111236
105100
99671
110773
112650
107600
109403
101076
107320
108539
109962
104893
107241
111361
110681
102453
100074
107489
107191
113814
101239
114360
101359
101185
101541
105995
104234
110707
103173
107989
102763
106681
111065
104659
107599
112635
101489
103352
100447
108043
113188
110855
98726
105747
107435
111852
112438
108639
106723
99994
107982
102014
106942
104657
110227
107748
104178
110432
111120
106264
101551
108027
107359
104415
106805
101639
108020
104794
103764
107837
102522
103428
104877
105443
109721
101452
100896
107226
113376
103218
111810
107111
105781
100760
111210
101656
99237
110744
107900
112010
113893
110731
113866
98935
98641
111939
106124
110209
112269
105162
108806
109253
107310
105059
103453
110380
105343
108089
100500
99940
101239
106334
112706
108850
100836
108155
102870
102686
105586
100333
112314
103670
100877
111830
105249
100994
113310
109047
101356
100958
102811
104232
111427
99157
105062
99346
103438
108317
109702
99513
114108
104091
98824
108481
107733
111709
98810
112015
107622
114133
109426
98370
108525
104529
103087
107912
100001
101348
100940
112072
100691
103886
110530
103788
103821
101761
111121
113625
101102
101764
106866
106972
109611
99304
113459
103439
109499
112162
113351
103363
109424
104484
103807
104574
109122
112175
108459
100394
109781
109688
111737
108313
109997
107469
99470
108215
106154
110309
104101
101341
111919
107968
100498
99383
105650
110387
109795
102730
104879
112222
108003
100199
108548
103815
111610
98873
106035
108719
104661
100265
113737
107146
114307
104351
107284
111655
104796
111193
106442
101069
101062
105499
108744
110521
108110
114063
105723
108410
101018
99597
110055
105661
107540
106328
101550
98963
102133
100266
107079
98633
112761
113067
106661
113482
110884
106165
101654
106305
99043
106004
111063
104570
102062
103621
110585
109714
98548
108544
98507
102776
99115
104531
100082
110849
112893
106060
109385
107458
108623
102936
109326
105448
111404
102172
112415
108285
99710
103320
109917
106225
101913
113080
110533
104537
104511
102697
98453
112241
101607
108631
103227
113322
99474
102886
109372
106037
106942
114075
114649
100897
101723
108858
113292
112352
102637
101306
104717
104716
102699
106727
113559
111745
99755
99664
112562
108909
111558
103306
107240
102672
103261
105222
108484
106419
105323
98992
104987
101332
108316
110481
109055
102477
111693
101393
100072
106807
110525
108195
104355
111844
108769
99130
105165
111607
107314
109663
110999
98728
104589
100287
99060
111157
108841
105060
107928
107077
103655
111671
98718
112155
113070
114225
106807
99381
110464
106506
109069
113467
105120
98458
111881
101189
109289
114252
104437
111056
106884
100403
114490
108002
99560
108678
103814
104874
105629
100554
99228
111834
100840
106880
107188
102622
106907
100212
102789
102581
101843
106972
109424
103105
102137
98938
106268
108919
112566
104418
104476
112476
107741
105649
112746
108583
102942
102791
110558
102443
113807
100499
99643
100398
114307
102511
105274
112986
111165
106516
103790
106201
98860
99239
112030
109897
106265
105295
105138
111617
109447
98530
114446
111034
103472
101571
114195
111857
103266
99226
107289
103183
103176
109902
98521
104290
112729
110150
111124
108886
109222
98459
101491
107204
105746
104399
109088
98394
113377
107422
101665
111595
108431
102055
113057
111314
102175
104551
110895
99956
108004
112583
104847
99724
107668
104392
99394
112754
110718
105650
99066
107681
112151
100005
109249
105710
101392
112732
104969
104310
111521
103089
114423
108434
112533
107578
103109
107847
112619
107602
99880
103785
102054
104937
110229
102202
98943
109415
105264
106786
112153
111008
102182
104941
111973
101614
101916
101985
106267
105650
104696
98605
107859
100630
100022
103114
102627
107038
103291
104446
102126
99711
111202
103569
99375
113159
100925
100821
98970
110678
98808
104675
108701
111453
100029
100947
99339
105703
110276
104210
109769
105970
109403
103881
108757
101132
112915
101739
112258
105743
108703
108417
103905
101619
101259
98332
98509
101542
102360
104427
104443
113922
113119
98563
110977
106877
101752
98675
108286
106733
105995
106707
106727
110873
111052
103832
101598
111295
109896
109287
109959
112850
111767
99286
109330
114547
107007
104660
99039
106518
100636
105202
100780
100631
113127
99829
114553
109935
105193
99218
104011
99049
113465
108571
104134
112454
111166
98713
107384
114229
106894
112501
103072
99362
102806
100421
114275
104049
107256
99529
99587
109721
111774
112751
101339
114557
113674
104241
107762
112780
104855
114329
98638
105822
104956
113006
106500
102008
104958
112030
112014
110571
103704
105015
99804
112473
107470
111040
108941
111035
112682
109015
106980
102400
113195
104150
114550
114204
111394
106480
108306
110606
110684
99137
108997
101344
99665
103136
100868
101488
104758
111667
99327
108351
112644
110132
99914
108546
110365
103150
102604
109080
113666
98833
110837
100689
105575
111751
110972
98879
99850
107714
102582
108089
111450
111353
107473
113196
102274
103920
102309
105927
102411
112142
112069
104094
98815
114463
106652
110643
100568
106516
108175
104040
106888
113156
99756
110345
110139
109992
107718
107487
109851
110078
98551
106987
99963
100114
114016
102211
102979
106678
100831
98592
108890
108162
114249
98357
114620
109509
106122
112720
101269
110846
107139
103326
108053
112136
113011
108013
102772
102041
111870
103359
102410
102788
102680
99332
104271
108413
108153
103347
107525
99921
101537
101909
105138
113997
109721
111738
102047
105329
103410
100057
109786
102624
100748
111623
107923
104392
102018
100577
99765
110888
101092
102895
109864
108458
110324
103727
110633
104527
109911
103797
105155
98756
108041
111566
106307
100498
114592
108258
104330
104178
101207
100225
108649
102683
107744
110123
110239
106629
110620
99994
101502
100623
98892
107580
110586
105450
107910
114063
99410
100515
107048
113247
106767
99869
112006
100540
105138
107471
100296
110220
101490
112124
107112
102085
99936
101181
110003
112064
102921
99162
98579
98935
105661
101478
105034
103433
106192
105143
114448
109118
105966
103081
100919
101525
112887
103743
100609
108503
100194
106850
107738
110329
101943
102881
106163
114039
105405
103211
112536
108835
105451
100449
110689
100952
109782
103508
110290
110952
109820
103701
110255
103617
100493
98313
105525
107907
111491
107827
108636
98305
98350
112594
104767
112296
111782
104740
114317
111553
106512
110714
109240
114386
113046
113581
98771
101870
114132
108157
112276
103543
103579
104846
109745
105833
98950
103841
114544
106307
102919
108531
105153
113576
104770
110699
104134
109937
100451
103061
99498
100121
105025
106432
101866
103390
104616
102294
112087
102907
104389
113292
99728
108211
100642
108362
112648
107095
106771
108348
107326
108912
112035
112002
110128
98321
100501
114556
114651
113176
109258
108602
99337
104228
109658
110783
101088
111710
101905
112470
109298
105336
105359
109595
109109
102356
101940
98790
103189
102371
106215
104637
112633
100724
101987
114668
110832
99802
109000
110875
100396
107261
114264
101560
106005
109175
107793
112570
105367
102499
104387
109416
100038
104007
99675
103001
105566
101211
106504
103520
112036
99721
107978
107996
105997
107728
99082
101947
114645
104091
102705
107641
112335
108247
108464
113185
111892
104985
103324
107922
102884
111593
101518
99544
107111
101811
98468
100947
102244
98996
100796
99037
101714
102598
105903
98383
99141
102114
102865
112325
110098
99472
103501
101265
108403
108219
111847
112771
99222
104851
106321
112746
107892
112704
114003
111576
105713
112677
106451
100377
111074
105277
106401
103516
113220
110821
104731
112650
99097
106751
105171
107820
111991
109157
108961
112403
109047
111077
108308
109951
101357
102495
113297
108968
111380
98722
102762
102358
105288
109006
100076
100809
110824
105846
114270
98914
110317
102173
112552
106734
109018
111364
111766
106776
102845
110799
98623
108933
106822
102110
103392
112737
104049
109118
111967
98824
104884
111556
99068
110365
99439
107246
113193
104681
101463
98557
102007
103713
106713
100414
105853
110055
98551
112402
109011
109935
111278
103772
98928
102346
103575
105554
100042
102094
103056
100726
110097
101885
106714
108966
111260
98674
102820
114583
104340
110509
99738
109340
102429
107038
110289
114523
103291
101819
108461
102493
106996
104334
99068
103103
98662
110106
108138
104989
114070
101171
106707
109225
104245
99642
104329
104359
112931
105950
109549
103436
103328
105313
110250
102770
101114
112310
111717
99160
104408
113884
99431
105302
110095
111731
100103
112584
106124
110536
100152
104937
109127
102727
111945
102786
109574
104544
99931
103042
104799
103309
101517
105691
110249
105156
107237
110730
109935
110191
111566
114078
109621
108820
112492
111747
110691
101309
113100
114310
100837
110051
100154
106987
109674
107453
111158
102589
99260
114599
108924
106141
100837
105469
109338
101079
104624
114217
103890
98853
98657
99725
100757
100299
104314
100519
100062
109395
107036
98742
98800
103167
104892
113371
113368
108401
113150
106422
103060
106814
103755
104892
105484
99005
104629
108221
101403
106700
101911
111526
101889
109745
114204
109630
103877
102239
98398
107599
111994
100863
113355
113684
101495
103841
98323
109202
110807
109660
99273
106075
110412
100844
100249
109852
114641
102381
100027
113011
109175
108986
103965
108522
105936
105968
98725
103239
111112
110311
110133
103674
103265
109884
104987
104873
107580
112187
100552
104584
110082
112065
107584
107107
112098
109980
100686
105210
104754
107407
103162
114203
105302
106742
101581
101094
101035
110526
108080
104186
105299
102523
113960
98970
111575
104839
107140
112926
109081
103627
104474
107067
107410
100289
112464
106034
109364
99327
110821
103233
101960
106501
114070
98527
100412
105245
105924
110600
102796
108509
104342
101568
112511
107092
102042
113582
102017
108760
110696
104862
112557
103060
104982
104376
101137
98584
112285
109390
101478
110720
104984
107196
108298
110129
99159
111007
102034
101755
99750
112010
110671
103873
113572
109825
109232
110445
112543
99816
110123
103515
101377
111772
99556
105514
100988
109933
99458
114375
107846
101148
113979
103573
101880
109369
108892
102551
98918
114252
111210
111396
111213
111297
110793
99240
113063
103294
109414
104873
102970
109649
100816
99217
103166
108693
109062
104174
106226
104972
111801
100451
109727
100970
101599
110294
102576
104845
109763
113602
104556
101671
114190
112954
99028
102663
105954
109998
100428
113995
101780
108823
108818
100906
101236
107548
101232
100345
109483
105546
108347
103687
104838
105137
109048
104998
110130
111483
108573
100682
98336
109132
100437
105756
111151
109120
108730
102859
114393
107436
99203
106551
102488
99179
102623
106809
103090
110692
114545
110714
113989
114080
109312
103319
110612
106664
104953
110126
104102
104753
107347
108601
109040
105900
98468
111106
98379
102484
104982
106974
103569
103742
98531
102593
100017
99529
111120
101410
110638
105197
101328
113687
111958
104720
108374
102015
111442
98516
106298
104018
108673
111787
110705
100123
107690
106231
110004
104407
105562
104839
111007
105940
99081
99074
110321
110882
106115
113819
100690
104061
99437
110226
98758
98490
106360
105751
103524
100663
113289
112060
106096
114205
105569
105504
106658
109309
108236
112106
104741
111698
103365
100159
102060
99592
103794
102875
104285
100973
104000
102317
106989
101703
114031
98926
111927
109084
114217
112541
99691
110493
102820
105767
111909
100181
105028
104933
114592
102624
111861
105354
100387
110806
107192
101550
105259
100203
112726
112231
105324
108804
102713
107948
101439
111969
113111
105612
104119
107401
107617
109845
113412
105334
101784
106790
111093
103324
108359
108544
100132
111713
111335
106140
98553
113250
104161
111086
100452
110008
104688
103835
104624
106059
103965
111517
110933
113296
110612
112563
102186
99284
114196
110919
104310
111079
113101
107055
101267
101295
109800
99713
105606
100663
107214
103433
111993
113954
114216
108384
107980
106231
101480
101698
110310
100766
109078
101938
104544
98443
113364
106013
113072
105162
98941
108539
107909
108983
107212
105266
113148
112404
102751
110855
114650
106736
101131
112016
112427
105141
113056
103635
107505
107734
112406
103949
101377
111706
107231
103788
109154
106713
102810
101878
109436
106349
113566
98506
100068
108880
107847
108094
108924
107280
100535
102821
113884
107345
111637
114004
104784
99266
114680
112834
107022
108623
112990
108452
107067
98747
111390
110623
107457
99687
107469
110024
112765
113748
106349
111243
104015
111713
104304
108193
98752
103069
100604
110467
114365
101882
111583
106446
112159
114187
100266
102163
104185
103796
104677
100035
98823
110712
103310
109328
105496
101629
99512
99769
99166
107992
104278
103935
102452
98363
105077
108041
107582
109717
101109
98525
103636
104491
106214
111983
104289
113761
113397
102408
101156
109685
105289
106779
99398
103431
114546
110795
102345
105976
111865
99268
102018
114037
101417
106713
108431
103775
106316
108058
112694
100518
111392
99655
102169
105338
100675
110720
101095
102069
104628
99794
98938
98589
113053
103856
107363
108199
101162
98843
111560
103140
112447
114077
108691
112779
107879
102959
113972
113135
99190
110224
103477
107731
98636
101153
102836
114477
99237
101933
112272
111154
104373
105554
110112
105314
105124
99850
98893
112970
107107
100998
100585
99980
108550
104412
106507
101153
107323
107938
104786
101748
99869
103881
106681
112363
108476
110485
102717
113232
105773
103712
108415
111667
101645
110932
112930
113675
109163
106280
109538
105452
98558
111395
114665
112657
103844
98464
112902
105390
109476
101198
100968
99197
106092
112273
100938
108227
108043
101137
112478
103141
103154
104311
114401
109942
113378
99439
110662
103538
105030
103432
107265
105018
109656
108749
104256
102590
105424
109515
101651
109841
108920
99522
110241
108483
101560
109054
103350
105775
101530
109259
101316
110384
105435
99536
108543
113718
99480
106710
100143
102398
113247
102675
105677
104961
112576
106697
103147
109007
104998
112617
108300
103760
114068
99918
98353
114047
105298
101669
110430
113445
104115
103623
112833
109185
103684
99438
106315
113874
110659
99497
100289
102257
113853
113149
114521
112178
107105
106421
100042
109879
106513
106094
105683
106201
100800
102276
106562
110614
103404
111054
101179
108459
107532
102323
109774
102790
106447
111863
100250
110339
104822
103695
108425
100617
111069
110452
104627
102586
105597
112536
103219
99745
108302
112999
100899
99243
108992
99157
108825
109866
105716
103461
111795
98488
104466
109499
112164
106215
109816
104307
113580
98708
98903
113168
114261
106225
113382
101671
98600
100814
104883
106025
98909
99392
111642
105124
114423
105589
112279
111137
106501
111691
105686
109485
112214
114029
105320
101807
105657
109745
107258
113482
106078
108459
110126
109880
100353
100077
109292
114610
101093
112267
104094
108719
98351
107383
110164
113318
102903
114429
99872
105391
113131
104162
114047
111466
112207
100629
102504
98721
109602
101065
99846
107488
106060
99294
108423
113768
113187
105859
104736
99781
112390
111825
113485
106545
108984
102274
112477
109947
105849
98827
110799
113528
100165
112482
114117
113487
102062
99481
108172
98469
107689
100196
104513
105391
103624
109252
107088
101143
104980
114675
114472
104643
102190
104405
106247
98548
101416
110325
100240
101729
105253
98825
98378
110207
101673
105948
113667
101619
112579
99780
113181
110558
108894
112648
114093
99152
103322
103277
105035
101274
113092
105668
103987
112398
109732
103396
111753
107278
112708
112136
101463
101298
111695
113854
99957
106611
114271
109421
102262
107795
108436
107700
99187
113008
103562
110106
109920
109132
102551
113333
109954
99217
109147
113594
102450
106722
100855
111304
108325
102744
107779
104606
113190
108384
110389
107320
104472
104692
98554
103283
111157
103442
114036
106725
112811
110880
113179
106789
101607
110985
108737
101398
100126
104145
108333
109972
101168
109292
111170
98694
112021
102552
98818
112319
98636
109904
101151
101180
99959
101346
111479
101177
107166
105197
98607
111636
108167
105265
108076
113452
108123
110038
103451
99006
107443
110920
106075
105401
113700
110111
106933
100849
103969
105375
108010
105522
99347
107050
99043
113112
99766
103384
110337
111401
113292
100320
114107
109518
114307
102134
99597
104008
101304
106287
111760
110280
109016
102123
102781
103202
114685
114201
108053
112676
101746
98574
98526
113497
107520
100118
112805
107565
103059
110215
112966
98879
107884
109935
111585
99530
103155
104778
98511
108026
103205
106125
106077
110811
101130
101160
110519
105971
108912
110817
113554
110292
111349
108987
109632
102764
113540
100363
112176
108831
109787
101782
108395
103666
114153
107834
113739
100678
106514
107130
105925
98788
101668
98716
99298
113728
105486
111520
102077
108935
110753
106147
100041
113068
100061
99559
114564
109081
112782
106589
106556
107080
104971
108840
106358
110294
113565
102770
107268
111457
109831
109352
108473
106223
103857
99509
107435
107632
111221
107304
109524
110899
108569
102014
101481
99880
109473
104810
106558
99121
111977
103816
108198
104812
100498
105856
112031
114500
105938
101188
107508
110799
105211
98894
108335
106540
108373
108346
104453
100765
113132
100291
98537
112828
102048
110090
100114
104892
112327
98537
114301
99873
100727
100523
100268
102585
101299
113134
112825
113443
114177
108412
103059
109561
113161
113503
106823
106631
100804
100299
108358
104908
101837
113555
109253
113421
112913
98632
101106
112875
113441
107560
101289
99309
105964
105835
107523
98953
111417
111491
112522
99232
104095
113689
102951
114066
109950
99857
114407
102988
99385
99872
110967
106437
102051
103792
102621
102639
107853
106838
103717
110276
103956
113923
104835
103386
112105
111208
100956
111347
106807
109391
114396
112187
101014
111186
108453
100816
102001
100342
107592
109318
102908
114383
109575
100608
113138
109698
108469
104859
102346
109765
102861
108685
107955
114278
109673
108223
101078
114546
108796
112668
104791
105798
100738
109373
113123
99056
107796
113305
112991
100368
104285
102630
103250
104035
108517
108029
104636
109761
113734
111996
98540
99912
110015
111258
100860
110050
113750
105635
107940
103146
107009
106405
104720
113474
101070
111817
113943
114275
98357
103525
111522
104903
99327
104998
110312
100538
102339
98938
113816
101495
109990
102984
113723
113407
104923
112956
99014
112275
101359
113734
109131
105580
107838
106971
108357
102967
99739
106149
109437
109712
107633
105007
101651
107075
107258
101027
105728
106681
98549
111219
101423
111129
98585
106673
102297
111938
103244
107125
105173
103704
104316
114165
103566
112244
107255
110504
112844
114507
113749
100946
107362
113926
109040
114430
109308
105111
104250
105975
103951
109076
107039
106351
109665
99199
107171
114625
103961
111942
102717
109158
101207
107428
102310
109901
99523
102713
104714
114170
112536
113419
100097
113576
110339
98840
112430
104975
106337
101564
111361
113438
100588
110550
112224
102255
99481
106924
100220
102462
110115
113954
113804
114148
110049
107504
110354
108015
111134
113958
113489
104257
113766
112421
109166
103375
105288
108726
106911
101726
106905
110910
100695
99240
109166
99197
105586
100378
112150
107177
102680
112132
104676
103025
106440
102083
99105
111659
106472
107715
102436
105738
104768
102394
99733
103246
102673
107239
99916
104776
104905
100925
113961
99544
101343
110129
104502
98887
107297
100783
110470
110362
112304
103443
102389
98319
106216
110897
99546
99601
101515
113003
103708
108538
98708
102958
100796
107967
108847
103416
110885
99051
98435
108659
113711
102581
111300
111050
114341
100496
108160
108604
102934
102721
103898
98719
109528
100581
100163
111484
109090
109348
111944
113418
106469
105794
109835
108155
112323
107597
110418
104033
107613
107300
113515
113995
111757
107088
103596
113121
113407
114490
107842
106627
106652
110448
106885
98628
114433
106662
101620
111137
113668
112410
104751
106409
109384
108446
104552
111833
112848
112579
106393
109612
110948
109890
104881
99526
113356
113680
107616
101556
110670
98898
99963
114529
105998
100970
108430
104275
113246
114189
99756
112061
108500
111795
99262
100702
107630
108729
106343
103765
102699
105821
113896
107510
101658
108886
107234
110046
108857
112468
111597
109016
101391
113514
103832
107148
98556
101746
112144
101115
113859
104760
100085
111392
112533
102637
112314
107904
107919
105318
107030
110083
104744
107072
114618
112022
101235
102753
112179
98762
112562
100556
108693
103302
113023
102759
98427
109164
105116
103755
106234
100378
112477
101345
114619
112911
100924
112876
99365
101037
99193
108864
98737
102300
112634
99805
106291
100837
113895
99325
110702
105892
108986
107197
108412
99610
109418
102423
111916
98351
114671
103476
112847
108720
104129
111396
113132
108323
111768
114487
102471
105502
99404
101040
106366
107559
114498
100105
105440
112950
100585
113036
108487
112950
99081
112648
101420
110234
112767
104793
114312
101067
113457
107951
104554
102772
113225
102489
111984
103618
104940
107784
99230
106020
101925
105066
107425
99012
101437
99291
105551
105932
113803
109249
109282
102788
105060
106660
112396
112613
99251
106340
110682
109023
109261
102496
106248
107682
111820
109648
109428
113971
103335
104239
98564
103559
110058
105836
104146
111823
99986
99876
112216
107306
106202
112859
106491
104527
107455
114550
98898
109172
109969
114375
98747
109999
106895
99536
100070
109037
99097
101808
104247
101267
108732
103722
102696
98753
103438
114652
107005
104788
98554
104690
107677
113086
106648
106149
111169
101961
98717
98802
112675
104114
107204
106516
100740
109054
99650
99208
114030
111005
102775
106631
111677
102985
106686
102126
109665
99133
113200
101280
101204
107488
98387
114323
102117
99719
104860
101087
107655
107948
110361
110398
113846
107448
113737
110211
111938
113396
99003
101729
101612
113764
104157
113615
99109
101022
107345
98575
106281
114140
99698
100759
108317
98757
105991
103213
110331
103661
101066
104616
103031
107656
102219
101998
104367
110140
111147
113422
108141
104079
110251
112041
113471
107344
111544
112971
105382
101824
112233
108905
112037
105944
104468
103472
112398
114039
111029
111776
113408
113517
107115
104309
105736
110741
99117
114373
114424
106300
110313
105674
106545
98512
107521
103154
105982
103339
114148
108671
102007
114314
105520
106754
107499
98841
100480
102007
100821
109541
112936
111358
107778
99829
106858
107312
102295
99674
99518
107355
111421
105089
105839
101372
110655
103362
100890
107360
107796
112996
111278
113371
99445
99063
100491
106768
108872
108585
98812
106191
104399
108159
106011
108985
101090
114680
112879
111186
106974
99675
102234
107918
105825
107805
103311
104857
102239
106677
113343
109015
114416
102242
100543
99185
105050
114505
98759
106674
106137
103509
102216
101540
114217
113868
99899
103923
106666
104939
104969
114649
99295
98752
99773
102694
99644
105535
108735
106997
109639
101601
108336
98321
100149
106658
108547
105580
113652
110481
112356
101300
110081
100542
102202
100512
99888
101066
105969
112452
108931
108810
112441
111175
107313
111333
99474
104738
104659
106490
105988
109429
99189
100868
99398
109859
113156
112719
111202
107540
112160
99413
111180
103057
100493
100503
101163
110949
108944
99044
100341
99096
113944
111726
112361
104388
111362
101093
112540
106155
100098
104017
110085
111379
108121
99142
101951
98785
100266
101208
106761
106277
105704
102674
113615
111398
108140
104210
101851
105168
107797
102901
103385
107518
105565
112905
110750
100862
99296
101065
109523
112736
109741
102739
98557
99132
109436
106919
103250
104535
108684
110732
112548
103310
100704
99710
108246
105622
99970
105565
107391
108915
111643
103240
99928
106740
110228
111401
107934
105631
105453
108614
110508
109045
104183
113501
114492
111770
108249
102384
102518
100755
109928
109339
102904
101548
104580
109719
112188
112016
113225
101439
104416
105989
103875
106681
110275
109597
107442
101932
113059
110009
111237
113430
106735
107094
99219
112354
111137
112086
111833
109149
102042
105010
108171
98673
107864
113809
102853
100255
99174
103195
105484
102044
101974
102532
107782
108602
104204
103171
99643
111718
102086
108804
101650
99725
113548
98711
101374
104736
106304
101208
112830
103743
98768
107948
109370
105421
99181
99421
98729
111009
102882
112772
100183
99553
104833
100339
111195
99204
114677
108095
106622
104797
100204
98408
109256
100556
112977
98715
102331
104609
104782
99518
108816
98852
101214
105213
104253
104757
107707
107273
103412
103487
102853
105940
104293
107352
103290
104551
108317
106070
111631
103689
108049
99563
104265
100608
113520
105549
109780
108493
100903
101411
101888
101944
103087
105598
101982
101476
109452
109490
104429
107881
112161
104467
106281
109716
101783
103866
101715
99544
114355
112150
104356
109777
99969
103150
107551
109073
106001
107819
104265
102915
113599
103571
98389
110253
101888
102011
110673
100701
106635
98430
101782
113862
98710
100822
114466
105601
112818
105736
102469
108025
98479
107038
102693
107993
99458
109000
104223
101643
105465
99207
112625
107979
111162
108563
109593
109548
110450
101532
113887
114248
102687
98493
113354
102906
105643
107655
106644
114244
101759
104127
104184
114330
105087
105286
98553
113181
111381
111368
99493
99872
101051
113099
105429
105580
110526
113444
108307
106346
106242
102743
112825
111638
101153
100429
101772
100902
99254
110577
108112
109076
101420
111532
111492
107922
113926
108559
114315
105601
110277
100575
105510
109336
108316
113444
109756
108314
110964
105330
109751
111709
107101
99330
109012
98920
109294
106378
103913
103732
108869
106411
110302
112106
104594
114381
113797
108772
99657
101864
108309
107441
103611
109934
109834
111151
109924
110142
106011
103105
111850
98432
99647
103223
104167
108676
99395
106677
105646
101819
111545
102833
105776
98652
103008
99056
101177
99438
101559
99859
105826
112556
108782
107026
104294
101628
106556
113902
102867
103074
109641
109482
114283
110472
108499
108470
99135
107696
110887
107025
99383
103733
98576
108400
103627
106036
114430
100655
106323
112859
111079
102894
100989
100277
104065
112996
111007
113102
107217
105301
102300
105351
98317
99986
109537
113493
107940
98915
111273
106651
107051
98356
98865
101807
98368
109314
112364
108894
101312
101272
103489
113775
113228
103657
111302
107425
114241
105690
113474
112624
98806
98642
111228
102748
107926
105375
101594
99968
99015
101821
100729
112708
105862
113836
106827
104095
106938
108175
111327
109506
98962
111835
111544
107176
98995
108495
108199
113332
105111
100397
113752
114243
106329
110233
101973
104126
112685
114550
114235
102540
100489
108410
112800
106537
106018
103152
113756
108727
113083
101564
102879
110063
106803
99714
110632
105756
112858
101691
104278
107749
112722
105160
104018
102841
110440
100323
102292
112973
102369
103045
111888
114385
107890
109762
110325
109381
101633
109151
111810
105088
99420
105647
111826
107973
108088
100637
104988
112138
107384
109695
109876
101349
113739
102018
111572
109562
113406
111278
101186
109556
103855
104106
99562
106704
110749
102336
113848
105405
113868
108515
110108
102661
107798
103018
112648
101774
107289
107738
102786
105659
103643
109626
105360
111249
101849
101467
104707
103087
108086
110137
112025
98971
112637
107414
111011
109844
100809
100746
108519
111142
106714
100204
103642
98680
100936
106449
109173
102996
102797
111514
102314
101908
101945
107659
99612
100276
101118
108025
104656
106875
105879
113781
100201
110863
98334
108322
102026
102666
110401
104011
99663
100250
109584
103796
98946
99613
107405
105401
98515
99574
105988
99671
110829
103807
101136
104445
114497
104064
110876
109365
110222
110487
99531
111814
111330
106774
112205
99862
105436
109454
112075
112731
112292
103032
107604
100239
101915
111784
100242
113206
101676
110351
98501
109656
104814
112583
110830
98601
113505
98872
113927
113275
108132
102367
103283
103577
108091
104585
111194
112181
108600
112251
113168
107601
112884
107194
101137
106403
100354
102406
110167
108790
106344
110934
100739
113344
106856
99063
102605
108493
102856
102324
106057
105274
110373
113356
113845
101598
109116
105482
100566
99166
100041
102318
103945
98583
110008
106136
101690
104471
111844
102537
107787
103043
102527
107429
112133
102115
98447
103302
105630
114349
100153
105180
100531
99204
104860
113546
106799
101488
101936
105497
101624
101587
104611
110937
112461
106584
108222
99121
114019
103261
99290
101423
101698
113888
108779
101814
111912
102963
111425
99635
103424
108990
113254
103724
108673
99561
101186
113075
99683
108806
100794
108405
99488
110491
113033
100953
106624
110153
110418
104138
108456
114644
111410
105453
106211
99170
108749
113669
109596
103466
109891
112703
113968
111530
98476
108282
108489
111679
113822
113619
101534
99856
106338
98894
106764
107704
112324
102810
101393
101022
105408
114499
114593
110673
99614
112136
103239
98945
109965
109954
102577
113103
111737
112706
100810
112190
100031
112045
110290
105860
107371
105641
103199
101690
100933
104552
113984
106748
101414
101306
114302
98776
109040
114215
98754
113654
110283
108543
108403
114530
102120
113945
103773
103559
101632
111098
111629
114116
112763
99161
102331
100935
103595
109112
101531
107222
101514
102187
112636
108443
104973
101020
108712
98868
110775
104601
102802
107473
102243
107387
103061
107238
110059
114504
112313
107623
113574
111138
102603
104997
107470
113623
105998
107712
110182
108279
103583
106158
103380
108579
113751
102905
111724
99890
110924
109267
100019
99724
106689
106052
100419
108861
110411
102159
113568
109360
101338
113389
106203
98784
106224
110180
111530
110199
106565
104037
102657
98338
99251
109876
101352
99253
106511
105559
112126
102787
107980
105582
98443
108924
102691
100016
112926
114122
100635
114668
103877
113779
113735
109970
113140
112733
101039
113192
108541
108669
111900
100115
102105
98674
108421
105176
99190
107454
105012
101458
99095
99692
106843
103203
114228
106231
108763
110072
98720
105735
101583
113543
98384
112222
114514
110117
114140
104614
105851
112096
110530
103175
101840
101306
101531
107979
98426
104507
101822
111680
110296
112471
110962
98871
105442
107157
109610
107806
98678
104619
111838
101735
105442
109442
106646
110770
113760
113332
112272
103244
112856
111931
109501
103295
112668
99594
100151
110270
98505
107586
113576
100817
103672
100724
99796
104477
98905
104719
110047
100008
110217
104052
114679
113436
110704
110921
98997
107589
104322
102514
108695
104405
100987
108117
101777
103184
111566
109764
108678
113198
111141
113911
106562
110102
105741
104892
105138
114311
107601
110229
113214
103970
99962
111737
98896
104817
100939
98814
101643
102199
113880
112123
113891
110251
101070
98922
105658
100973
103373
107604
98314
99811
105789
114369
101947
103827
100557
98439
112698
106218
102234
103567
103519
100233
113674
106647
107766
112383
98807
100605
111111
108903
113438
103599
104892
109094
112603
110857
114283
102296
110937
113337
104527
112609
98676
114258
99096
104666
102353
100766
113548
114167
105245
107142
111982
107523
99573
104277
107565
105560
110156
99811
107455
111018
101194
111950
99492
104012
104806
108343
102382
107857
113284
103603
111724
112866
99846
108851
108103
103828
107202
101357
100057
105023
100096
106388
102926
100457
106522
101171
101631
107203
102947
105986
107001
107724
108877
109144
113010
107508
106102
102894
113600
109210
99019
109408
99770
111087
111039
98755
102917
100699
107934
101344
105869
111696
114418
102344
107820
112652
114186
98560
108394
108196
112972
100835
101183
104868
113693
106101
108913
99972
100269
102678
105718
107672
99086
108802
104848
111523
108351
114437
108716
100005
110344
113847
109269
110711
110655
98744
105703
109160
98396
102016
107368
114050
106981
110820
100035
114034
102951
113476
104884
104354
107359
98465
110433
101453
105068
105896
107489
99443
99110
99038
102421
113101
104935
101311
99809
113757
112003
111405
112913
100133
106186
102639
114100
107952
110436
112046
110119
110702
114628
109413
112419
99494
113253
100291
109679
105461
112297
111280
102477
113755
100269
101717
109217
103839
112809
114113
103816
100796
104274
112702
106843
108512
107027
110646
110124
101238
100349
108045
102483
102056
98454
109985
108719
114647
104549
109887
109009
113468
110232
108667
100624
111379
104263
111611
103029
100704
99558
113552
98459
113058
103881
106357
111286
106200
108748
98942
111251
114553
99552
114140
104161
101293
113085
106715
106284
113642
102589
105482
102184
104383
112461
100741
110653
105278
99421
99144
100048
112344
101669
101306
100410
114643
112441
102177
113945
109675
103287
113699
111832
113580
111543
105341
112243
104204
111409
112824
108682
104522
109550
103440
102540
100637
113911
113567
104985
107030
107905
104621
108396
99000
107185
101060
102840
99324
112325
100890
114597
113030
102030
104077
100463
103387
106542
113454
102247
104515
105432
103953
114075
102019
98661
111846
108077
104361
101232
113494
114272
108740
106284
107449
98960
100225
108541
101611
100055
112372
98323
113765
101053
114450
110734
105526
102612
108021
112521
110935
102087
106269
104153
98736
106717
99180
113493
112972
101210
107775
104705
112623
113596
98899
108495
102510
114444
110161
109547
99606
101097
112577
101375
98780
114445
109307
102361
100634
111148
99322
111560
110603
100023
103265
99477
108785
105100
105904
110108
100381
99377
114506
113395
112855
99613
110132
98396
104095
110397
100589
113407
112585
109408
107230
111272
113003
102587
100120
111373
114386
112164
112345
106788
109390
108332
106842
108829
105924
114209
107363
104620
107000
109681
102092
104702
101724
99191
107047
106846
111962
99847
98814
109949
102849
101684
108846
98440
109509
108731
112140
100187
107908
100340
108674
100699
98640
103916
100018
105481
109442
110063
114301
104016
106232
107284
110156
114119
109599
108823
114531
112864
114177
98603
99714
99875
107394
105831
105318
109896
112480
110395
109370
100370
112509
113158
107523
113834
105813
113207
111449
106332
100129
105361
98469
105785
99301
110292
111385
102742
109704
105355
104644
109853
106074
102720
102900
109942
105237
104811
106159
112534
102929
108809
108020
98738
107622
109140
112694
108552
110230
108046
111139
104468
107475
103661
103696
106530
107622
114455
101308
112798
102321
106442
108040
98736
112178
112503
109748
99228
99246
114444
98593
114051
104260
106250
106912
106559
99030
103554
112437
99377
100480
107700
109850
103926
113689
103686
99929
108652
101477
113927
99690
112892
108478
114547
109742
103503
113472
103926
106426
113896
103662
111631
109899
103699
113517
102386
104427
104315
108818
109369
107944
102107
106120
100621
107698
105320
112688
106664
110800
102840
102159
101272
109811
110825
110973
110550
106620
104516
101638
107424
113052
110639
109016
106337
103758
101725
102048
112781
103082
104487
107307
103200
99162
111508
99287
110112
111146
106522
114290
99599
105434
102612
109887
100031
105772
106126
111538
99183
108772
105982
106151
114476
101432
111475
110468
107080
101435
104421
105951
103830
109125
107906
107575
98455
98833
107464
107502
106578
110945
104497
100062
106137
109865
105847
111925
101855
114075
103564
108608
113853
112601
101777
113293
99331
105015
112753
100422
100611
100950
98373
113856
112112
108992
103499
107337
109715
106740
112045
110053
98871
104770
108598
98888
100818
108919
110787
98474
101547
103305
105916
113119
112098
111024
103892
100897
112412
101423
108987
113920
105948
102135
98807
108449
102660
110711
110791
107395
108137
104348
102094
110149
105678
98560
106602
108732
104103
109289
108908
113493
112121
104723
98434
100413
100806
108504
113325
101074
98972
104182
106868
108693
104853
101333
110618
99597
110655
100475
108177
113047
107816
113266
106258
109788
111111
106511
100169
113139
112336
106456
107264
104771
114413
103018
112436
111971
111478
112772
101808
111247
112671
103642
113169
103382
102208
107959
102440
113374
112856
112521
106739
102793
101947
106868
100726
112971
114485
110807
104332
104931
100310
111324
104446
103220
101716
106848
111414
103965
104283
109695
98330
109355
110397
112324
110151
101698
113699
112738
109646
100305
98421
101858
106473
107425
104676
105355
107129
100179
100792
114072
107509
101814
102522
113475
109726
101354
98675
108219
112021
113959
101503
114118
111988
103854
99917
104826
112217
100199
111200
110621
109111
101902
101360
114208
106430
101913
113393
101794
104767
101852
103710
104182
113002
107649
105731
99895
106395
105354
114470
98613
106902
111118
98689
106959
108275
102464
98351
112717
103153
98956
98535
105208
106796
107041
108755
108426
109578
114433
101848
103243
103323
100731
105252
103689
100838
102246
113938
100770
104333
107775
114590
111859
111913
99317
101719
110157
110551
106971
105601
103831
99593
108670
103060
106351
110569
104003
109122
106787
100795
108315
100255
110932
104703
107035
103609
110159
104913
105553
107223
100348
98731
110995
104979
100924
103757
104242
110249
107401
103969
101820
105570
104170
99824
112199
114535
108406
112105
111671
113339
109489
99453
105887
100956
106898
101929
105095
113920
106598
99524
100853
114495
111021
112402
100272
110233
100407
114502
113622
108304
103881
100304
112231
98749
101393
108117
106661
111192
107645
111176
102668
105421
106339
111482
104797
101837
101558
102660
114325
98576
107363
100816
112995
106807
98545
106439
113206
112980
110779
102205
100754
114044
99839
113257
98571
108553
111228
107689
113617
109815
105084
110415
105436
108944
113471
105731
109280
102313
103291
109282
113308
100825
105913
105346
109462
112711
111620
99559
99769
101458
101328
100970
112697
105643
113636
98573
100423
101856
101428
105924
102056
107648
112175
109675
99769
108238
111698
105707
98702
99018
106550
102780
109722
102152
112976
103668
101649
106507
111987
102872
100389
107511
98851
108999
108535
107973
103111
113124
101216
106684
103146
104739
106516
113954
110674
107611
100704
103155
109140
102632
99023
100084
107255
102555
105837
113111
112443
102620
110766
99741
99194
114260
104626
113214
101310
107408
98717
99677
103225
103905
104760
102207
109419
109051
103953
100088
109313
108203
106995
100436
98516
107511
112266
101660
110352
101377
105453
111976
111883
114470
100212
114508
113022
112885
109417
111305
104840
110984
114588
101481
110077
114413
112135
105055
110928
110667
105763
104323
112603
110924
104017
100115
112688
110544
109877
113698
99021
100831
99912
104109
112533
111801
111092
114282
107750
108014
98365
109031
106419
107566
102909
100548
99524
108263
103230
111788
111247
113058
100427
114190
111652
108553
100309
108942
109525
101873
100402
107783
105511
111747
102668
104776
110596
109851
101848
100367
110035
114327
103391
105583
102578
114266
110941
107890
98512
107132
98798
111272
102774
111815
114471
112404
108717
108221
99366
110377
106811
100578
110932
102700
114123
103641
109227
104459
112102
98351
106105
107507
104351
101936
108429
108725
99744
113505
112727
110647
111364
100615
112062
104236
104304
109386
111304
104361
100296
108290
108593
99222
113275
109018
100615
98388
103150
113048
111661
105186
108374
102861
111836
106550
101385
103171
105035
102522
99927
107923
106131
114606
113811
101815
98754
105131
105885
107936
105164
107002
99588
102526
103863
98594
107866
114521
106293
99881
108172
107544
105300
99004
103810
105277
98425
105448
105748
109918
104815
102231
109800
112495
98363
100009
108488
105974
100495
100379
101570
104149
104841
99470
99801
101651
101444
104414
114135
110731
104451
110312
106005
111789
103937
105757
109117
107719
111658
106787
110823
112012
99615
102808
108992
105607
109854
106902
111417
113113
107863
110347
113688
100664
111595
108714
107110
108046
110195
114649
100816
109033
100379
111028
99395
98809
104424
114629
102887
104111
109488
111270
109006
99807
107181
111454
107428
108894
102458
110576
102856
113567
112039
103979
104552
109182
104423
110756
107209
111578
114550
107025
100440
112076
100429
98708
105045
113018
101147
110385
100748
113640
113875
109508
101669
99883
113792
98369
102067
113466
99519
112188
103100
113557
105322
108048
101928
99099
113283
101109
105225
111954
109520
98614
101198
113173
112225
100440
110786
111927
101554
102397
105082
101509
105351
114596
102189
102233
101515
107002
111931
106221
107024
112187
100993
105781
109054
100983
104352
114666
108705
112070
113836
109279
100097
113036
103501
110285
107572
100576
102418
105765
108612
102597
112123
110231
110937
110434
103155
109637
112452
112828
101025
107538
98679
100816
112176
100771
103094
107171
109425
113783
104933
113549
104750
108563
104228
105650
111373
101020
102759
101673
108943
99788
102231
111531
111339
105785
108882
109259
98671
105702
104035
112493
101944
108757
114315
103359
112521
111667
107413
103648
111069
101354
104380
111061
103380
110445
112736
112794
104810
111112
112915
111980
110103
109560
114437
113507
98450
106027
99771
100322
106857
101712
103909
114370
100869
104580
101887
98694
113973
100663
100221
100549
105892
110303
106715
102083
108239
100754
114668
101101
111457
105289
100794
101927
108465
113481
101588
106882
103788
111341
111208
98735
108405
108103
113747
111996
107403
109274
108247
111843
111775
113642
98490
112014
111532
100219
109427
102788
100638
108138
106989
104800
111852
104984
101131
106531
106248
110291
112555
114463
103787
105989
105706
114391
100649
105625
111890
108308
108176
100522
114456
111271
105553
98399
111886
98385
111158
109534
100499
102398
108381
107588
113094
110430
114255
105329
114460
106790
109405
101962
112481
113273
98561
106460
114634
99570
101119
111127
100331
102030
111055
110729
110919
111756
99863
102910
111639
100350
107430
107149
114234
112671
101820
113980
109240
108167
107048
112989
114301
112127
99108
100169
112050
111109
109511
107712
110915
103320
114344
99650
112619
100844
102118
105116
102900
108732
111269
106193
107295
98724
100990
114593
106063
103063
105677
111734
114450
98924
102774
105069
102634
106503
104017
112926
109854
110122
102256
109380
104852
98897
114537
102659
110610
110535
114135
106423
110233
100408
108083
101807
99486
107371
105149
98362
113432
108172
103659
111731
110771
109757
110903
112546
108577
103808
113602
102850
107330
109434
98704
103777
98344
99979
113834
99862
114381
105889
102549
111748
98943
114486
113684
102127
103757
107466
110751
114601
103934
104902
105948
112582
105963
101246
104039
105653
104419
103038
104879
101848
103863
112209
106860
104686
102233
100101
100717
98729
112003
106265
112029
114560
111312
106952
111541
100054
110022
100336
102635
100428
98641
114605
105518
110691
98863
102623
107491
98573
99622
103528
98344
113815
108022
98875
105655
99753
114380
109779
98331
106968
104576
98601
110502
101805
104938
101615
99564
105962
111887
99941
98575
100074
105600
114286
102359
98749
111229
111099
102239
109478
106240
106821
108228
101896
107591
100241
112598
113288
101372
107018
109203
98958
113628
108504
110629
110775
107253
105972
108985
109761
106553
107098
100895
107552
103196
100519
106933
108765
104087
107053
99368
110562
110555
104011
105691
103999
102882
110259
113015
113784
107896
112140
105989
108946
110549
103452
99798
109694
110297
110206
99304
112711
114588
107339
98823
111566
107896
106952
102299
104999
109751
109790
107196
108572
112969
112120
107175
102417
114186
113529
99929
100410
101911
114208
112844
104157
98464
114656
108241
100282
108456
102707
113675
99181
114444
99692
104698
100642
113083
113650
103882
103256
108649
112601
113414
99728
107577
99787
107258
110108
108074
104246
102362
98889
107454
109289
111377
110920
111243
102269
110473
113539
110016
105046
106846
114275
101989
101542
110498
111065
109316
100943
106325
99027
101032
105910
102573
106957
101958
114063
104977
109967
111730
103672
104729
108974
102110
112119
111840
102009
109387
113909
112814
106102
110828
106629
113920
114131
100590
104046
111789
102911
100754
99619
106965
102947
104286
100290
110199
100242
100529
112377
101862
101913
107168
100041
102023
109114
106126
111025
106985
100583
112405
111821
103775
105854
109063
103173
113442
98723
99337
103842
101161
105131
100769
112566
102628
108058
107065
100332
103421
103884
104097
105934
110046
103869
106159
102842
100229
102062
105842
113226
113472
106916
108886
102913
106155
113098
111642
111219
110420
102586
110337
110696
110207
105919
100386
113769
99982
107234
103785
107244
109887
101211
106939
105304
105195
100682
112633
99088
107042
105629
110437
106566
103480
99671
111402
102017
109482
100787
113492
111157
105266
104100
105136
105024
109300
98798
111247
114097
111302
110485
106874
109445
111013
105144
105615
103881
105072
105806
112767
111484
108775
103106
113680
100882
114447
108461
109348
100519
103107
102289
107029
112205
103654
109017
109702
102618
113444
102499
106571
103785
112502
108073
111386
107197
102383
111751
110814
102953
113643
108197
101650
103638
112792
101622
109840
105284
107981
101115
112519
112648
104433
110448
99590
101269
100739
106834
113245
101965
103530
110394
111432
106879
108754
106808
103547
108751
106046
105014
101283
104371
100854
108630
109404
99948
104500
110041
99564
111298
106881
98352
113326
109509
104028
107944
105576
110807
110324
102316
108885
112538
101390
113347
110654
114569
107617
106263
104909
103557
106362
109022
109888
102638
112164
112466
113593
100622
113853
101699
98469
99766
103278
109834
111726
110610
108186
109391
101688
111160
112889
109395
99329
105180
106248
101236
101690
103995
107663
106441
105869
108856
112244
106854
109019
104511
101701
102701
99204
112352
104656
108342
109640
113752
114311
110594
111983
108412
98519
106312
110394
105360
104302
113288
103134
107384
104232
113598
109234
113060
111976
109626
103893
108345
111912
114021
102564
103163
107989
112374
111502
108153
100804
107094
110697
106893
109403
112898
114470
113444
107977
105080
113127
110298
107282
110766
102721
109461
107479
98824
108876
114360
106291
101740
99594
105144
103426
107441
105600
100080
108559
107048
110096
108192
108400
105536
102775
113398
102489
104263
104063
102291
101838
111195
107561
110209
107020
111829
104164
104568
102876
106206
109634
114413
102819
106340
113074
106500
113525
107190
111403
109410
104575
103344
111123
103908
103858
112753
102131
101105
102305
106775
99876
102636
114195
111809
100153
106747
112619
101658
100993
104734
102648
106946
112698
101665
113454
103426
107694
113126
108810
107952
108383
112267
108530
112066
100508
108217
98773
99603
100736
108461
101096
101008
111550
102917
114068
109174
98605
103104
101502
107171
105261
108256
108533
112990
101092
114140
108058
102780
98828
113225
113864
108218
99780
109910
99062
111694
105902
107320
112634
114682
113071
107618
111645
101501
101170
112774
108620
109942
101434
100367
103230
110464
111169
105116
105236
109773
111205
111618
101160
100341
106499
112357
108318
114196
99859
108515
104124
108969
101467
99500
112536
107542
101630
108241
104835
102918
109653
109025
101906
114097
111364
112615
105190
113954
100121
106380
102892
108196
101063
114000
111949
103364
111417
112246
108860
106092
98718
106112
114079
99245
113626
112086
100540
108104
109877
106962
106061
102536
108285
107991
111718
101455
103046
113359
100467
105566
103415
105911
102446
102381
110078
114372
98907
109533
111472
99974
99699
103648
103317
99182
105456
111358
101349
104373
102080
102603
109995
101715
102884
108325
111951
107103
103495
107161
107082
101075
114377
111431
108341
109939
113043
110428
103111
111870
100256
111095
102241
106873
98778
103637
103540
114532
108516
100957
110942
114124
109655
109050
99068
109190
105061
107596
108818
100593
106465
106260
108022
108477
102148
112747
110973
105594
113247
105006
111305
107895
99766
101297
105140
108045
107569
107566
99367
107523
105230
112406
98746
112390
106557
99073
114682
114410
106661
102099
102276
104876
100570
111127
113303
104509
105968
107393
100393
101258
101211
112063
107419
101444
106108
100406
100413
111224
100775
104615
101500
112562
100946
113798
99424
112642
99690
114609
112403
102610
101039
98815
98325
108625
113745
105728
111267
113566
101766
103304
104781
107104
98845
100735
110677
112543
109846
103268
109163
114581
106766
100281
107929
112065
112953
98781
112119
104356
105397
111620
103582
112798
108354
100003
107518
103419
110556
104724
102288
111948
105695
100686
109482
109881
106892
114121
106169
109745
109127
100146
100348
99658
101641
108353
99696
111080
105658
99003
112297
112302
103623
113529
101851
103489
110192
110953
105219
100730
112081
100454
103261
105955
114583
111618
113337
111457
111694
111860
106509
103083
99920
109522
107851
99714
110348
110198
107257
102235
99820
104679
108743
109486
114057
103228
113145
107654
106021
105223
108869
105227
111620
107906
101686
102674
106526
110026
112983
114261
103493
109899
100613
108756
101042
108378
112383
99617
102157
103368
110944
111012
101750
109490
110103
104729
108911
99727
102292
102212
110153
101525
102250
107885
107636
114300
103256
110746
107526
114268
108582
98831
109841
112196
107314
104853
111123
107765
99412
102577
103917
108911
110598
100278
106835
112026
106105
101758
108293
100444
110836
102473
107962
109874
99098
105730
106724
110230
104241
111327
114450
109281
101462
102749
101676
101250
105861
113164
103945
108121
101100
108260
104679
99469
107398
109523
112658
111599
111772
100061
107374
106421
114542
105321
107385
105281
105133
106740
109255
104802
104543
99800
99027
110482
104624
111561
106715
108393
108712
111046
101360
106842
106251
111765
113872
110505
108436
107560
99040
106640
102103
108061
114479
100697
106687
110512
109571
109897
103617
110090
114294
110632
107545
113600
107050
107294
105362
105353
105306
107055
109670
102960
107607
105998
98312
109207
111724
113296
106725
111755
112999
109521
111502
103172
103040
105874
106675
101117
102787
104442
107585
107600
110358
98432
101846
114124
111031
112307
110276
111798
111640
99224
108886
106232
111457
102102
102114
111435
106891
109454
109423
111536
107446
100248
102971
102989
103880
107090
114195
100815
108138
108664
102743
101172
110679
112568
99775
99624
105597
101573
110277
110086
114545
103205
105166
111497
106455
112866
113763
100819
103610
110345
110947
108355
107939
99920
109343
103395
99948
101644
103977
101602
100881
98578
110157
107563
103229
98879
99221
107735
105940
104891
99315
106270
105161
112037
108692
111757
99046
100119
104025
103673
108762
99320
113423
100783
112870
99651
101872
101452
106475
99881
106764
104465
98957
114004
109817
106626
102788
110939
110801
100617
102166
110142
102737
101556
99434
111229
111906
105108
113479
105629
108902
103311
103224
106337
107427
103503
110607
104448
107372
100544
105662
101574
100906
113546
99816
104537
109033
110844
112271
113119
110910
112687
100044
100936
105466
113687
107166
111259
99083
110758
110156
108208
105042
113381
107148
102316
111240
113144
99520
100305
107439
110849
107018
98480
101572
110708
110532
104433
109451
106580
114635
113531
111544
113417
103921
111497
100817
105008
106352
104341
113315
101882
113584
111301
104076
102144
105158
106681
107080
109407
105385
113891
99001
107872
100662
99606
110369
111069
113922
111638
101282
102702
110961
113137
100849
105497
112985
106929
108331
110663
113673
104962
112071
110008
99551
107959
110543
106201
99076
111224
110713
105239
105599
107773
114387
98512
104870
113713
111788
100785
99991
106900
108263
103618
112052
102586
101143
103227
100181
106286
109245
105139
112042
100841
113915
100748
111841
101753
112419
110728
108371
99368
113331
102892
111800
106879
111164
108939
112985
106067
102236
98848
108032
108137
103759
105559
107075
112269
105858
104636
103416
113033
109396
111003
104341
102451
99609
110965
103880
110933
112850
109887
111706
103455
114216
103477
104189
111158
104388
103554
111536
106386
111754
109625
107794
102043
109596
108733
103647
103091
106508
111121
102437
100930
107049
102176
107357
108917
99928
98521
104812
109713
99253
102366
104759
99421
106579
100418
106681
111558
101208
109707
104607
100729
100905
112143
103749
100845
103684
108058
111633
113346
111835
104811
99714
104149
101792
107733
111734
104002
109346
114412
110654
104183
103181
112840
104112
102332
102277
109623
110094
110004
110260
105441
111516
105094
108520
100776
113713
98370
106643
106960
111036
108575
109898
100968
110576
103254
113046
114455
114243
107894
106630
103109
104415
104239
99455
107526
111915
110961
99696
107495
104186
105424
101622
101299
105746
104119
111637
112939
107261
108369
112095
103159
98657
111310
108546
111148
104101
113643
103347
110235
101814
108570
113493
102872
104305
109159
103910
99097
114438
100804
107900
110778
109921
111644
114339
103232
110124
103863
110832
107436
111169
111005
99237
113299
102202
106584
109050
98869
106974
109016
110426
100730
110340
109490
103982
112463
112729
101720
102409
113758
98525
105677
109093
105773
111739
103294
105121
110882
103843
106559
103573
105067
99590
112755
110692
111195
106904
111805
98437
104148
101497
99314
99909
103939
104939
102350
108179
108089
110844
102757
108091
102207
109812
106120
100141
112515
111841
104223
109523
104728
113812
104439
111294
110241
112015
104342
114495
103113
100487
105025
108022
107422
100173
107008
112799
110874
114188
103012
104287
102602
100112
111049
103310
110513
108355
107865
104890
108935
109965
106326
114032
101635
104150
101214
103646
104099
101791
109671
108670
100530
110724
107595
109009
106218
108175
103818
101744
106727
110040
110965
103476
105307
110662
100763
102529
100353
99811
103924
113931
99988
114444
113809
100350
112799
98392
100098
100211
109029
100421
113342
109576
98635
110038
100683
110044
107482
100798
111595
104465
111038
102410
103434
100012
113180
110676
99609
98524
113097
99030
113958
110329
103696
101805
112857
101648
112161
106545
109629
100855
102968
113585
104728
105676
106635
110456
106650
107739
106195
103972
111661
112265
106818
107328
114221
111185
103167
114050
98975
99908
111912
104232
104139
104955
109050
99925
100676
109746
108661
99399
103638
99813
105615
109703
100844
101877
102242
112956
106023
99167
100884
114649
100686
107297
107682
111874
101653
100013
110958
100997
109226
101025
100706
101840
112876
107677
106460
112266
108931
109614
99319
101062
101494
98986
103672
105235
111064
98932
100141
111037
103660
108471
113003
110268
98340
105186
111274
110811
113484
107512
100710
108146
106002
110400
103496
100543
104410
110124
98970
102556
114607
104266
101825
98530
100981
109269
111480
107500
112872
98711
107733
100355
113192
114060
102128
109355
113006
100909
109582
98617
109780
113375
113294
102790
102584
101886
99606
109902
100109
103176
108924
107918
100053
113881
100265
110696
107186
100369
104209
109029
100899
104873
107012
104798
110998
108826
111698
110729
110508
99368
98459
100325
100460
103542
110208
106172
114269
107909
103048
112026
103769
103580
114507
98441
98448
113072
109205
113382
102515
113372
106617
98969
112740
112491
108796
98325
102277
100916
112249
106323
101183
101160
105949
111736
100869
108296
103291
111837
103337
108169
102121
107556
98576
109851
104213
110586
103372
107811
111505
100876
105851
112905
105603
109964
106599
108422
113301
102948
100030
101685
107487
112194
112737
108215
107566
109826
99248
107483
103914
111569
111939
108352
112695
103285
98909
112554
110212
106039
98949
102747
101281
110508
106313
111379
106995
103407
112438
104786
109542
113221
113404
109781
108185
103599
101153
101801
108773
113783
99116
108138
108600
114461
107467
102907
98953
100330
100603
112972
114533
109557
102056
111526
106956
100400
105532
114081
104986
112052
113030
109856
112477
103265
105593
111101
108687
112023
102318
105790
99243
108861
99272
109541
113504
99908
114602
109694
104798
110130
109737
103782
114190
108247
102017
100747
98691
107250
103754
99804
108351
102250
111278
99794
103142
102358
101738
105380
107444
100230
106289
104803
113953
108798
111882
101724
114113
101214
104862
104787
113031
104827
105764
109326
111939
104719
103785
112777
98421
112991
101226
102481
110099
106829
99365
99096
112758
109610
108205
106295
102611
103772
99104
108018
107783
112238
105186
114663
110744
106111
100756
107070
113377
110417
113828
104716
110555
101390
113298
107014
109524
112002
101078
99911
99434
110299
99433
106564
112960
107046
101744
98314
102786
111230
109082
107380
110441
114056
113107
110324
105158
110382
104880
101476
103244
107939
113568
108883
100170
112879
107092
102040
105784
105321
101903
111281
112780
98672
102394
101875
112168
106138
103772
108847
109010
108067
109060
105728
99282
110472
111559
113825
105890
110714
101654
102626
111387
110360
113168
108956
112529
105433
104070
107748
101896
112908
109232
112740
102539
114574
106748
106001
99897
106339
103350
110488
110538
113115
103306
109814
103461
100339
104004
111249
100266
102427
110732
110344
109352
113451
102567
108778
110972
99200
103689
108326
110212
102273
107934
112699
104315
112654
101850
105708
107398
104263
108879
107419
98919
112337
108619
107866
99315
104851
106154
105878
101232
100089
111353
109614
104333
105345
101996
99766
109454
111199
107861
99008
104990
101263
114045
102790
110067
107822
100067
103585
113577
98483
99607
104394
108148
99221
105974
100412
105394
105981
105765
113016
105719
98366
111852
109804
99838
109077
102740
101030
103634
106669
101204
111291
102911
104672
104668
111677
108365
107498
113526
101911
99296
102332
111349
107030
114677
102525
108895
111061
110299
101119
109152
98761
99365
108720
114079
103690
109164
105019
98875
102992
103606
99927
103532
110781
104509
103017
100260
102747
105147
101421
106612
105289
105244
107868
112421
101942
113996
106561
102262
100832
106440
114071
100516
111178
99078
114627
112002
107083
103446
99411
106554
98605
110899
114029
98353
103698
108549
111866
105944
99556
102939
99013
102451
100418
101140
103289
113288
98829
102235
111088
113730
106565
101750
101181
103421
113323
100829
99991
109218
108806
111002
111156
101645
113477
104586
105990
103531
107571
99617
110783
113818
105207
109600
102537
114094
111909
102583
106614
110775
109741
109331
112988
112524
100759
103384
107146
112443
109665
107964
108301
104542
109225
105522
100748
101527
102498
110499
108866
102509
111916
99711
112827
103386
113502
111353
111558
101849
114243
105846
100081
100850
105337
109807
100524
111380
100654
110888
98714
110705
103521
110320
104168
110525
103550
105502
101910
105267
109040
100725
101100
101365
98513
114386
99060
112776
107356
107804
111524
112057
104618
102811
113266
99036
108315
105264
113599
105874
110271
105368
114564
109850
107022
113043
106627
111845
103867
105309
111440
112001
113597
102364
99176
114231
101101
104026
103717
109298
104223
113764
104971
114037
100601
108574
103027
105187
109959
101763
105228
114241
102493
108520
110213
101294
112189
108513
103859
99937
99237
111901
112872
100849
101008
112616
113997
112108
105258
114628
100458
111002
110612
108770
98783
103730
99706
103023
98439
108614
114197
111728
106592
102563
110249
111360
110306
106597
111792
113048
99877
109507
99041
106714
105425
99823
108391
103878
111683
111962
108928
108504
108213
102041
107446
108913
113905
100640
102536
114161
111416
110933
108256
105345
102217
101715
112341
103135
106245
113804
106046
112567
113454
98417
107266
114350
109102
106614
100959
108759
113731
100456
113340
101224
103823
110329
98780
106486
114010
114220
114099
109451
108381
110192
98577
112011
110482
105835
106737
113831
98772
101070
100656
107363
112990
111410
114685
108404
112524
106469
105771
107425
108021
100133
102288
114138
113591
104461
104057
103235
108053
105571
114506
102525
112145
109693
110297
104704
112211
98553
107574
100604
102430
111697
109426
98750
107229
102432
104726
105008
102415
107180
113788
105149
103872
111217
111112
104873
111357
107926
100825
113995
107104
111396
109652
110520
106873
109207
98567
99767
104653
104391
103274
103482
105161
107627
104918
113131
103186
99212
99105
111573
107682
104529
98663
100014
110662
107672
110263
100163
98449
108116
105790
102121
111841
107295
100978
111092
111479
107705
110495
109299
98863
103061
103508
101446
114529
98601
108331
103615
103614
104756
109896
102646
98783
110664
111971
102553
110383
112648
101631
106791
110134
111202
102239
112230
106445
112142
110463
107814
112706
106511
111958
112080
105730
100289
104207
110338
101630
113303
112490
103681
107027
109351
108927
100436
105933
113622
110087
103419
102005
106615
102469
114558
100273
102022
112482
98454
100031
112102
98550
99119
112828
105516
112098
109447
111451
107120
109402
109620
99941
105979
109821
113542
103109
103685
103314
112299
102916
111050
112585
108556
110464
101044
111925
107701
109404
109510
114277
112385
108640
107462
112473
114030
102967
100833
104398
101436
101408
98315
111826
100898
108603
102104
99394
100257
111430
102210
104528
107220
100329
110709
99283
114416
113793
112988
106757
109756
110583
109405
114524
111856
113114
111106
111815
103961
111326
110792
102399
110894
114446
110410
104187
101643
112928
110821
100425
103927
113388
113885
98356
108367
110986
112855
108480
99731
112262
106948
105591
102156
112334
106717
98793
100339
99207
102777
109096
114565
100979
103092
110360
110193
106260
104077
107373
106637
103161
106358
98776
113865
114207
108794
113593
106471
113503
110280
105032
98698
110206
105160
108630
108260
99305
113439
99241
107573
106617
107987
113018
105642
104220
104746
102166
101533
104568
113451
111529
105711
102167
99967
108789
99864
107384
104526
109367
109237
104288
109734
100990
105088
106787
99208
107509
103388
111913
102175
100511
105005
103006
100537
113335
99818
103997
105723
112297
98924
104276
99801
106073
109527
109139
109850
105636
106842
108058
100514
101598
102619
98361
102487
102866
105328
106002
113688
107240
102321
107683
102632
106156
101589
107146
104072
113113
106834
99078
105845
106060
106852
108771
101511
99624
104013
109935
102682
112812
111074
101808
112310
113416
102414
114303
100267
103807
102432
106282
111821
109490
99684
109268
111170
108921
112444
103478
108151
102368
108916
109106
106788
103096
110573
104009
104927
99150
104685
103489
106626
108664
109412
112393
105892
111463
99998
101723
104675
107670
113995
106344
107586
100355
109547
109255
111812
110925
98381
100156
114070
103363
112485
113661
101659
108606
105287
105043
113414
109902
110834
107971
105846
111054
99270
110365
107061
103304
109783
103026
105696
100018
100462
108613
104872
113799
111147
103480
105151
105446
110385
114475
111244
99675
111345
111788
105947
101970
108964
112303
107459
110116
110803
105588
99980
114028
110868
104576
107026
103183
104217
111526
107275
107069
104480
101808
110354
109395
100213
111436
107871
112076
110719
101142
102401
110176
101472
109504
100294
114656
105961
113170
101486
109181
107771
112451
110312
103047
104202
105612
110491
113662
110431
107577
107372
100954
103610
110036
100543
108241
111144
109705
106006
113643
106367
113518
99412
113924
114269
114252
108509
100892
98699
107012
106868
105145
106444
106608
106716
104978
106032
109797
107791
106705
104005
114683
107952
106310
110396
106566
101212
108730
111949
112683
106948
110218
102195
105169
113022
105665
100150
99717
103535
103794
99075
109961
106012
98724
112656
112594
106467
112225
101566
99924
105572
108271
103496
114074
109582
109184
103795
104192
100085
113400
103936
112722
109739
104131
113731
99582
114569
104469
109839
107626
113868
108878
104780
112789
105893
99119
113694
112461
108262
110681
112025
114485
110018
111870
108958
104106
111690
104721
99407
110060
103606
103671
104773
98463
111945
103529
111768
101189
99220
110373
109744
98546
112781
103254
106429
111971
106667
101369
103398
109679
109177
107058
100004
102523
112348
103863
106861
102487
98332
106927
114120
108639
109944
108443
106533
109221
101644
113272
111942
109516
108873
112125
99204
103824
103821
103397
111396
106955
111059
108723
114260
102343
103114
99652
102005
103624
110407
101795
101505
107037
107006
98580
98411
111513
114197
109803
106951
101897
107923
99877
101622
112585
112557
101693
109100
114295
101633
109313
98717
110074
101947
108435
113127
109604
114272
105485
108188
111886
101545
111937
103601
109237
110633
103133
100986
103381
105298
100115
114149
99537
112121
107865
98381
99782
113232
109954
110869
104692
98402
112623
103023
106845
110080
101042
112384
114684
112947
112099
105209
109837
105624
110649
108533
99135
109137
109806
114336
99240
107880
102158
113262
108681
107228
113906
107110
111268
107238
103358
109571
114531
112374
113219
113060
109694
112492
107475
99047
109741
101097
100366
102300
102730
100048
107162
102888
111945
101226
114584
100870
107015
101912
101374
107707
107702
105599
114407
103835
105562
111999
113370
113852
107509
100312
102346
105321
103927
109416
104213
112652
99485
99778
109410
110991
114321
98800
100891
109069
109849
107863
98385
110432
107651
111083
111051
107972
100462
106803
112300
107973
108610
111336
104670
99505
111598
109967
105314
102732
111476
107372
112547
100091
102073
108443
107116
99708
101543
112405
110539
106497
113742
105566
106804
109525
105597
114062
102292
111540
103961
105383
114458
112953
110786
109021
105247
111205
110526
110968
100480
101947
113792
102291
104527
99575
111413
104714
98383
101732
111898
114645
112355
109821
112665
106789
107859
98935
101890
114362
112367
98490
100340
111279
111750
105931
100552
110173
109341
108629
103116
102021
112068
103881
102413
106394
104081
110404
106913
112074
107347
99390
110399
101602
106052
105686
98814
106095
102179
107970
108501
102781
108217
106059
100328
103953
101520
99196
110443
108571
100737
114290
112087
99248
101223
108011
109086
107897
108303
98478
111809
114511
103330
104350
101888
104795
110844
112960
102379
106694
112399
99440
107630
103912
111428
112005
100291
102445
109045
99022
107920
101345
107525
107489
107573
107928
114368
109624
110933
105808
98428
99499
108641
113252
110465
103509
100509
107236
99083
100407
110837
99856
107810
108239
109911
100746
108697
99465
114552
113499
99339
108457
101488
105697
111324
112257
103641
101641
105594
101702
110397
109527
108651
101200
109961
107510
113154
99601
110598
102344
101589
104805
110965
99762
99709
102840
102428
101506
101099
109591
108373
105979
102187
105910
110652
103557
107013
103716
102973
104071
114196
109542
100596
101735
113760
104243
106356
105247
110855
103654
106421
105975
100257
101407
103494
98394
109728
102861
102846
99796
112117
105566
101851
100069
109334
99643
104306
100059
108310
110250
104691
100992
111514
112711
106041
101848
107334
114250
103810
110769
105739
109579
100498
105993
108162
104009
111568
110224
107061
114310
98510
100296
108328
114237
103417
105100
111034
104148
106553
109875
98485
101049
105627
104817
101551
114077
107784
112455
114240
111160
108113
111288
104717
103037
100073
101540
102509
113635
99273
99988
104563
102551
112375
113866
111013
112299
111354
101040
108970
105162
104589
102050
101389
109848
107627
110351
113511
112530
102879
113675
104673
108590
101535
98843
113741
104590
99800
103420
101404
110027
102139
100418
112079
108932
107857
109925
98559
103190
108912
112249
101557
109937
114512
110664
106487
111024
100923
104673
105720
103885
114356
111732
103439
102256
112705
106848
113845
99931
107291
107568
107679
98329
111790
110653
106133
107109
101879
99083
98710
106202
111414
111324
114638
99762
106281
105565
99092
101851
101129
112590
113125
113589
98456
99328
111534
100253
104840
102098
108748
112260
105109
108339
98528
103691
113084
103564
110917
110301
105440
108069
114396
111885
113202
100712
111355
103760
110460
109401
105482
109008
104207
99728
106634
109263
100184
109651
101152
104793
108321
103989
98742
103871
102026
106938
107192
104628
102721
105764
102775
113062
106451
98774
112967
112370
108072
98423
103043
114668
104474
112203
107522
105982
104980
105256
102075
106250
98896
105279
103333
104260
108732
106990
106933
110772
113926
103463
106090
112191
111851
101619
99083
105012
113076
106678
104978
109987
102070
112464
106423
100205
105781
99937
104652
105294
105279
104316
114568
109511
106862
108340
98771
109708
99002
112344
98728
109273
114014
104656
98322
99697
110217
110513
108075
98476
109534
101745
103673
106624
112354
109261
103258
109631
100896
102022
109136
107589
108967
105598
103748
114511
105806
107877
111288
110403
106318
106128
106935
110517
108948
113701
102383
106385
102831
111326
101806
111085
103554
114033
104115
99008
111738
104638
103638
102907
98963
103126
103811
102926
113907
111225
107588
114536
113266
98871
98487
106055
108121
109537
113954
111769
100200
114389
105199
101930
102567
110550
114429
111272
111519
111617
111316
105271
106985
109023
108759
104059
107823
111991
103415
112337
106277
104347
100225
113831
104607
112994
107388
113356
114514
108928
101468
106103
106925
109662
105753
109253
101220
111283
113351
113080
107613
104022
98618
109278
100698
99400
107547
109841
114528
103731
99603
102328
105274
108105
104593
100135
105795
111755
111842
108675
102373
105092
109126
104941
98523
113233
113942
98642
98514
108582
103960
104553
111335
111339
114202
113979
103834
109494
104658
110868
100649
98910
108493
102798
113057
103014
101888
109657
105977
104521
110402
109864
111094
101003
101519
100947
106019
106926
109408
99886
107474
107675
111766
98996
106138
101366
108128
110912
104417
107740
99590
107043
109460
112640
104783
110960
109609
104600
101669
104952
102291
105497
105203
104733
108616
112481
98963
99183
102115
99556
111701
98832
99069
110872
114159
101239
111215
99506
103857
100759
110428
114319
102927
100643
105426
102286
101842
104150
111843
105863
110743
110197
104967
98566
101223
105249
111339
105826
100791
114141
111818
108451
100052
106514
103816
111160
107487
98972
100674
113882
109152
102601
98334
109913
112311
99783
113515
102614
102498
99984
112436
103540
103228
103092
112778
103224
101498
101257
100254
98634
99181
98305
101543
101959
109892
101106
98428
107397
113326
98811
112308
107757
110334
112421
112662
109782
102805
104795
102558
101379
102325
107969
109527
108276
106640
111283
100828
98911
112151
99168
103868
98976
101144
114217
105745
112035
99594
102691
98736
108094
114630
102353
110669
104727
101930
99239
102897
109794
113254
98997
104313
100985
105749
104780
100920
100372
107594
101259
103282
106250
109920
99101
103328
103850
103002
105690
113469
99073
112324
100561
104047
113308
108947
109019
103555
107639
112184
109167
111691
99801
105071
108534
105433
113932
107285
111043
108203
113865
100157
100770
102060
112138
99636
114371
109375
101910
104631
101854
111553
111150
101862
106045
109595
100831
101262
112726
105258
100133
114614
112466
109595
103629
101364
109539
102910
109872
109683
105872
111992
101379
99630
106193
113711
113719
104741
103848
114673
102408
106946
108418
113575
108998
101795
107821
104978
106859
111247
105897
109236
112424
99975
114337
108664
113669
103899
101082
113627
99233
101406
110423
106271
112581
107198
112941
98782
113595
109373
113001
113102
105901
99742
107882
105657
100972
100079
104664
103321
112806
102346
98580
114139
109180
101985
107479
99428
109562
107533
99789
107175
99222
112029
110559
101054
114596
103182
114500
101239
104619
111760
102091
109219
103439
108383
114013
106495
100196
113278
111625
104704
99980
108620
100634
105273
110936
110567
111857
111169
106063
99030
114321
99791
98710
114352
100666
110970
99159
98730
106122
100431
105632
99628
100899
111884
112341
108435
104694
110767
106373
105330
112034
111439
112372
110917
111013
109064
111518
105975
109550
104956
100232
105102
108998
114551
107600
113312
102570
100263
112073
106097
106555
104395
108983
98388
106926
106979
100764
109361
99149
109157
106244
106174
99333
98546
103734
99059
113795
111452
110947
109732
107373
107523
105010
110537
106363
100421
112791
113411
112430
98590
111216
102137
109082
106287
103543
98890
114561
109084
103674
113340
105082
99963
104955
99826
102480
110913
113351
103178
105060
99226
100696
102067
108472
104838
104608
105659
101019
106760
98898
99942
101106
108942
111729
109743
108401
104289
111819
112799
103907
111145
100303
109777
106716
108240
109595
98986
113416
100233
108042
109211
102601
101590
101634
103333
113047
106278
100881
108462
109106
112929
101841
102780
102909
106807
106440
103184
100135
106934
106982
110312
103801
104595
98879
109366
113965
105657
98782
101780
109105
105582
105878
108797
113974
107077
111967
102799
101848
109341
103064
110753
110058
114366
105343
107314
114485
99082
105508
104784
111116
98945
108339
102498
113196
112536
110375
105655
106385
111646
102189
107135
101655
104842
108218
100744
99914
108111
108574
107882
101964
113507
109969
113070
100366
113877
112497
104723
111353
100139
108620
105141
106187
107601
111112
109206
100573
112065
111755
109095
109741
100711
99757
104784
108220
100266
108193
108618
114194
99213
99355
108036
110342
101125
98776
112882
105494
102913
107254
105274
104134
102707
105201
108684
112300
110221
99454
99474
102273
102408
106897
102044
103571
101000
104329
111131
103443
112979
114015
108536
109078
113553
109868
100899
110019
108749
108240
102867
112177
114102
103196
98913
103494
99760
104437
109476
103136
108969
113214
111164
108080
110558
101790
112417
105903
112075
111599
106355
109184
113126
107856
104691
103746
112193
101996
108351
102915
114150
113924
98416
102310
105509
106966
106766
100085
102162
99211
100367
106750
109316
106071
105260
114516
105005
113586
105974
112622
103614
111196
107114
107072
114004
103636
109869
110686
109179
106548
102492
100230
102277
99121
101829
100958
108274
101217
109268
109859
102960
104733
112774
104988
114649
107771
105021
114074
104959
109135
105227
108595
108062
104179
113721
99616
108371
112308
98934
108667
105936
104976
111069
110182
104017
112613
105914
105409
103862
108077
104534
101848
106642
110491
104916
106932
108514
106623
110289
99003
102311
109975
113094
114467
99568
107806
108993
106958
106636
112230
100976
102987
108877
114531
110679
114406
109304
103553
113065
114241
98435
111134
110295
107722
102111
112211
99872
114149
108318
100736
108945
111226
105899
104114
112497
103933
109552
103680
101590
111981
113925
98525
100126
112355
105911
99044
100530
98979
98308
103697
110796
103386
107651
113087
114397
110218
99053
114671
106573
113545
106830
100735
99219
107361
112070
114197
99310
113641
101626
99479
106969
114670
105452
109750
98380
109765
112642
110081
98481
100474
100148
105283
106347
103421
108501
103398
104240
101343
99763
99772
98570
110967
101241
107597
114127
100562
112922
104390
104701
102148
104852
106294
106187
107823
101952
110464
112197
103844
105269
112065
109171
106434
109129
102581
101503
109056
113384
99032
113800
101389
103125
103492
107275
109892
99829
105549
114197
103007
113731
104376
113282
109327
109987
111476
114112
103626
110248
98896
110175
108434
110881
108442
101536
106269
113625
111087
109226
104879
106528
114569
107697
107423
111484
114217
105115
111913
106131
100603
101271
108898
108640
111763
98766
107375
107332
105985
110919
111543
105068
103062
102633
103636
110157
98581
113002
99142
112654
107704
99170
111497
103237
105736
113264
106047
106992
106371
113467
110065
109597
98643
108746
112597
114506
103765
100136
103996
106908
105001
101276
107138
105320
109946
101479
108548
108775
106953
113480
100178
99501
105214
111183
110707
111948
99661
113814
111401
106892
101406
114636
100268
103214
98664
107313
111384
99566
104142
109011
111226
101981
106512
100140
102469
112970
101270
102971
112601
101819
105764
110312
113763
105890
111530
110491
106251
104077
110090
112753
113084
107216
103607
103166
98535
110578
98315
111113
107597
110356
107597
106042
107135
102352
105338
106541
114660
112494
112401
98438
99067
105456
105970
109800
105996
112023
112614
110960
112039
99871
101758
108582
106666
106501
102943
102390
106709
108461
109611
104591
98843
107067
109736
106192
112444
109391
108200
99898
112228
114130
112526
113635
98496
111890
109183
101181
103142
110602
109671
106556
103740
112039
113440
107414
110964
107411
112221
112249
110115
109349
107461
107491
101994
105982
114330
107636
113867
103330
106264
106888
113087
100909
109356
112116
110446
106078
106044
102363
105976
112723
102136
104386
107258
110902
107629
109873
106335
111505
99910
107223
101419
104339
108942
113052
103035
112351
106524
104119
102071
113477
108547
109889
103059
103538
112201
105716
106976
99490
98749
108845
110525
107484
98530
105942
106747
111353
109932
114575
106074
105579
101761
100454
102567
100098
107313
112487
108667
105939
108998
107082
106313
103837
111034
103100
102991
113625
113818
112196
98934
99591
111616
107670
106297
113470
109689
112214
99974
114327
113614
114200
101550
110781
101828
104932
104071
103125
111013
99200
104438
113344
100220
100324
105641
100034
112527
114437
103980
114069
103319
112789
102243
113890
111493
107577
108835
113744
104061
101618
106936
113528
99188
114528
109636
102393
107759
105688
114158
110461
111284
110726
112875
106161
112048
111730
102630
113344
104261
105644
103433
113991
98694
108724
105609
111443
109847
103825
110595
109135
113998
101508
108470
112603
103977
100308
101773
109764
113056
111419
100235
102333
111231
98773
111635
106347
108172
111789
98638
107228
103320
104394
104323
107862
113679
113677
114306
104690
99170
107470
101171
112950
113595
106302
104734
112235
105110
108533
103975
99249
111564
104393
113646
99628
105362
109273
113258
98678
98659
106928
100637
98420
105930
101356
105342
98609
110477
104226
100191
113936
98677
112230
102543
98532
104805
102260
114603
102639
107542
112867
107659
99937
99882
105900
102820
113687
99214
105531
110761
99336
111603
101207
111576
101925
104513
111791
100271
105788
99559
110859
103223
100072
102017
111440
99581
104255
105216
112113
109626
104367
114389
105211
113336
106070
100788
111588
98725
98812
104701
107614
100860
111729
110242
104074
106454
106417
101182
106545
98467
108716
104189
108395
107216
104762
107500
111690
111181
100883
103447
110144
110013
105382
113924
103359
105631
100549
98503
99182
104190
99036
100122
101443
98558
110529
111262
102552
110239
102761
100278
106782
102373
106097
112051
104639
100903
114647
109945
107600
101943
106026
104434
111772
103548
106783
99626
114489
114683
111453
98466
105206
106353
111263
98446
113347
114553
100214
105305
106533
103265
114160
113256
113545
104277
105618
111700
110110
106958
104184
103364
109137
103100
98532
108364
101226
110170
100885
108882
106768
110254
102572
109814
106347
108827
110810
108670
105457
107667
112810
110684
110096
103480
113329
98821
111027
99042
101776
109912
112439
108560
99458
111296
107958
108251
98427
103397
108727
99027
100372
111532
111894
107705
111187
109245
107221
104978
100262
104806
103748
102871
110241
101191
105517
114293
102368
109405
104469
107244
99335
106251
101395
113005
101018
111171
111875
105180
99979
111443
105957
102641
100154
110212
107847
112493
110242
111334
101360
107469
104075
102944
108284
112016
102738
100703
99212
114515
101313
107269
107471
105071
106641
98923
110160
102383
112394
111553
107323
103846
111131
107289
110600
101030
107546
108755
112989
111441
111871
109038
109407
106461
112771
112108
104661
108071
110833
99220
98527
102305
108033
100036
108930
110086
109092
110004
108002
98902
103590
107957
109739
109362
109907
107911
99753
112620
106655
106105
101148
107914
99334
104608
101549
101161
112714
108125
102695
99383
112767
113154
113576
101633
99352
112926
109251
103910
107712
105122
105544
99884
98423
101788
109312
98952
102890
108336
109961
103312
100328
105922
100788
106006
111860
107777
102062
101483
103026
101876
112692
113815
109823
110700
100784
104510
103515
103494
103881
101196
114100
104186
107708
113375
110675
111579
108779
99709
99035
104074
108410
105113
98841
109478
105743
109419
100632
103924
108942
109133
99031
108184
106360
101274
110680
102981
113767
104546
108201
100350
106049
99769
101023
108595
110458
99175
98348
103690
105151
113818
114484
108158
112099
103130
108511
105823
107699
105148
113288
99459
113426
110742
110451
103276
110431
98777
98828
106369
99455
104766
99852
113769
99456
114438
112352
99143
109642
107969
99613
113141
105433
107845
104282
107401
114445
102721
110394
109406
102548
108383
100801
109540
100368
106754
99611
99599
110346
104814
108152
101111
103319
107869
110873
104279
99396
107055
112444
102708
104412
105830
108263
103117
108621
105081
109816
101744
108054
102656
110571
100421
100232
100545
111073
103506
112127
108735
111237
111586
113552
114656
112867
103149
104132
102224
101385
98427
111114
104851
101894
110680
99540
109444
108173
99720
98772
104985
113943
107836
114060
102608
99958
110594
104015
98929
107385
112691
112423
108652
99374
111795
108420
111634
99328
108336
102427
106047
100907
102608
98736
113603
113881
106547
106030
107277
101721
106230
109209
111112
100802
108541
111996
109332
100473
99906
102432
107400
111328
100622
99428
103595
108696
110431
101161
105802
112101
105784
109729
99238
102980
99353
98615
103013
101210
113655
107303
110324
102509
99283
111957
113738
108809
103895
101336
113386
99630
101327
110482
102353
100621
110689
104665
102519
106807
106165
100657
105037
100863
111312
107851
108931
109638
114071
101528
98742
110214
106083
106390
111550
100761
102436
110161
102378
110069
108334
110923
110912
103602
107562
109267
103262
110885
101231
108275
99412
99124
100167
104997
102923
106794
100227
109224
114404
100082
105697
111036
112688
112444
104593
105746
108880
104854
101759
103167
109285
102934
106931
101653
98534
99890
103024
107179
98543
111142
101601
101698
101388
114526
104701
104356
107686
103529
108026
111746
107885
108877
100411
104842
106212
104404
110962
101715
102655
100831
104907
99024
112795
101640
99521
100674
99552
104091
114661
103664
109885
104417
103086
102075
99060
106169
101166
114501
102363
114013
105431
109789
103134
107212
107343
103848
104019
107368
113622
105551
100006
105066
108568
114124
104894
111981
106919
104972
106099
107583
99104
103017
100448
109055
100456
106586
103271
105965
99080
106378
101338
113362
112014
100484
108377
99249
112466
102250
111740
114680
114679
104669
110129
104006
101781
104189
107958
99753
107772
111569
112901
99914
108565
105462
113303
107746
113913
101337
106771
114186
107620
104044
103397
110465
103014
104478
105055
111450
100918
103047
108703
113376
106830
104220
113524
101140
108799
107034
105603
101913
100885
109316
114676
105045
106954
102965
103934
101278
109563
102845
108147
105042
112105
102983
103788
108962
104108
114173
102922
101745
110490
106836
105762
108000
105349
108878
107035
113056
114317
105738
98552
108703
100155
109879
98932
112112
99292
98974
106064
106022
106401
103934
106993
108263
113868
102994
111867
113077
106647
104490
106536
105337
98865
105120
100230
99941
110049
112799
101809
100913
110603
109144
104318
99957
105091
105114
107648
110228
104280
106011
112439
101831
112682
109818
108544
101088
98634
99993
104156
106172
101090
111806
112067
101766
110446
103128
101898
111095
113170
100013
104627
106562
101335
110399
106011
108125
107955
113974
106213
113838
110130
113019
108514
104984
109150
106909
98880
109893
108920
109309
103582
100232
106207
100157
111309
104223
111052
107191
110880
109827
101359
110764
112055
104051
113349
105773
106339
114622
99204
106589
108518
108167
104689
108361
110314
105993
102149
110981
111680
102605
112245
102157
100436
102494
102371
110419
102550
112294
107731
108984
113914
103897
106222
105853
110236
106400
109422
99706
100545
110706
99313
108047
105596
99689
109562
110450
100625
110965
113165
100404
112787
110082
98784
111675
102412
104330
103880
100609
113168
105504
109558
107242
101079
113899
108368
100478
108513
103494
99138
114073
105191
101501
101368
111042
104666
108444
100224
108822
113701
113199
107298
109455
113269
109970
105012
109884
106466
100351
111485
111446
106623
106144
99039
114070
102002
99845
112349
103460
104459
104935
113447
112729
105839
101635
110038
98478
102316
104550
106480
110943
109043
110104
98863
99675
104897
104814
103528
106536
106673
98427
100797
99345
103920
104622
112842
103280
110923
107891
102878
102311
101306
109502
104452
108202
101408
107436
106665
112304
100370
104964
108813
101916
112850
108930
101552
108822
108720
105085
100715
99325
101786
103160
106235
107395
102248
107145
114270
98853
106452
102769
102143
110148
103673
102459
99400
110377
107271
100289
110333
106829
100828
110037
107474
106202
114076
99571
106821
108870
98785
99805
99528
112055
100096
102095
100355
114629
110239
101215
113707
112669
110560
99040
101526
101900
99703
99075
114299
111699
113878
103155
106476
107268
104897
108191
114262
112832
103069
110105
114253
98470
104824
113584
110664
111999
106002
103736
111975
111882
112320
111901
111685
106464
109834
103291
101816
103826
113829
103741
104740
109268
99503
112079
110056
107818
108264
113731
99829
107245
102520
99685
109491
105799
105691
114237
102742
105421
99678
100152
98374
101165
103944
107729
106726
104747
108492
109754
110665
106016
112346
111673
102636
107185
108086
105255
100540
104051
113137
99255
100801
106025
98732
113422
98924
113809
99429
114652
109328
102742
110949
103584
100240
109112
108304
100962
101244
109972
112597
113327
102563
102261
98822
114589
108694
107977
106391
104246
110148
107051
100780
101720
106856
101692
112526
109284
98576
113651
110181
101675
114641
104497
107609
103382
108330
103732
100725
102497
112348
106590
107304
107374
104225
112651
102699
104950
109480
99122
98525
107522
106830
99219
107239
99545
113842
100148
100647
109920
104730
108764
104192
105683
109765
101126
99465
113563
99536
108202
101324
103257
98400
101129
112556
102345
111785
112840
103779
103988
99705
102711
113750
105259
112413
108114
99422
113180
19999
19998
19997
19996
19995
19994
19993
19992
19991
19990
19989
19988
19987
19986
19985
19984
19983
19982
19981
19980
19979
19978
19977
19976
19975
19974
19973
19972
19971
19970
19969
19968
19967
19966
19965
19964
19963
19962
19961
19960
19959
19958
19957
19956
19955
19954
19953
19952
19951
19950
19949
19948
19947
19946
19945
19944
19943
19942
19941
19940
19939
19938
19937
19936
19935
19934
19933
19932
19931
19930
19929
19928
19927
19926
19925
19924
19923
19922
19921
19920
19919
19918
19917
19916
19915
19914
19913
19912
19911
19910
19909
19908
19907
19906
19905
19904
19903
19902
19901
19900
19899
19898
19897
19896
19895
19894
19893
19892
19891
19890
19889
19888
19887
19886
19885
19884
19883
19882
19881
19880
19879
19878
19877
19876
19875
19874
19873
19872
19871
19870
19869
19868
19867
19866
19865
19864
19863
19862
19861
19860
19859
19858
19857
19856
19855
19854
19853
19852
19851
19850
19849
19848
19847
19846
19845
19844
19843
19842
19841
19840
19839
19838
19837
19836
19835
19834
19833
19832
19831
19830
19829
19828
19827
19826
19825
19824
19823
19822
19821
19820
19819
19818
19817
19816
19815
19814
19813
19812
19811
19810
19809
19808
19807
19806
19805
19804
19803
19802
19801
19800
19799
19798
19797
19796
19795
19794
19793
19792
19791
19790
19789
19788
19787
19786
19785
19784
19783
19782
19781
19780
19779
19778
19777
19776
19775
19774
19773
19772
19771
19770
19769
19768
19767
19766
19765
19764
19763
19762
19761
19760
19759
19758
19757
19756
19755
19754
19753
19752
19751
19750
19749
19748
19747
19746
19745
19744
19743
19742
19741
19740
19739
19738
19737
19736
19735
19734
19733
19732
19731
19730
19729
19728
19727
19726
19725
19724
19723
19722
19721
19720
19719
19718
19717
19716
19715
19714
19713
19712
19711
19710
19709
19708
19707
19706
19705
19704
19703
19702
19701
19700
19699
19698
19697
19696
19695
19694
19693
19692
19691
19690
19689
19688
19687
19686
19685
19684
19683
19682
19681
19680
19679
19678
19677
19676
19675
19674
19673
19672
19671
19670
19669
19668
19667
19666
19665
19664
19663
19662
19661
19660
19659
19658
19657
19656
19655
19654
19653
19652
19651
19650
19649
19648
19647
19646
19645
19644
19643
19642
19641
19640
19639
19638
19637
19636
19635
19634
19633
19632
19631
19630
19629
19628
19627
19626
19625
19624
19623
19622
19621
19620
19619
19618
19617
19616
19615
19614
19613
19612
19611
19610
19609
19608
19607
19606
19605
19604
19603
19602
19601
19600
19599
19598
19597
19596
19595
19594
19593
19592
19591
19590
19589
19588
19587
19586
19585
19584
19583
19582
19581
19580
19579
19578
19577
19576
19575
19574
19573
19572
19571
19570
19569
19568
19567
19566
19565
19564
19563
19562
19561
19560
19559
19558
19557
19556
19555
19554
19553
19552
19551
19550
19549
19548
19547
19546
19545
19544
19543
19542
19541
19540
19539
19538
19537
19536
19535
19534
19533
19532
19531
19530
19529
19528
19527
19526
19525
19524
19523
19522
19521
19520
19519
19518
19517
19516
19515
19514
19513
19512
19511
19510
19509
19508
19507
19506
19505
19504
19503
19502
19501
19500
19499
19498
19497
19496
19495
19494
19493
19492
19491
19490
19489
19488
19487
19486
19485
19484
19483
19482
19481
19480
19479
19478
19477
19476
19475
19474
19473
19472
19471
19470
19469
19468
19467
19466
19465
19464
19463
19462
19461
19460
19459
19458
19457
19456
19455
19454
19453
19452
19451
19450
19449
19448
19447
19446
19445
19444
19443
19442
19441
19440
19439
19438
19437
19436
19435
19434
19433
19432
19431
19430
19429
19428
19427
19426
19425
19424
19423
19422
19421
19420
19419
19418
19417
19416
19415
19414
19413
19412
19411
19410
19409
19408
19407
19406
19405
19404
19403
19402
19401
19400
19399
19398
19397
19396
19395
19394
19393
19392
19391
19390
19389
19388
19387
19386
19385
19384
19383
19382
19381
19380
19379
19378
19377
19376
19375
19374
19373
19372
19371
19370
19369
19368
19367
19366
19365
19364
19363
19362
19361
19360
19359
19358
19357
19356
19355
19354
19353
19352
19351
19350
19349
19348
19347
19346
19345
19344
19343
19342
19341
19340
19339
19338
19337
19336
19335
19334
19333
19332
19331
19330
19329
19328
19327
19326
19325
19324
19323
19322
19321
19320
19319
19318
19317
19316
19315
19314
19313
19312
19311
19310
19309
19308
19307
19306
19305
19304
19303
19302
19301
19300
19299
19298
19297
19296
19295
19294
19293
19292
19291
19290
19289
19288
19287
19286
19285
19284
19283
19282
19281
19280
19279
19278
19277
19276
19275
19274
19273
19272
19271
19270
19269
19268
19267
19266
19265
19264
19263
19262
19261
19260
19259
19258
19257
19256
19255
19254
19253
19252
19251
19250
19249
19248
19247
19246
19245
19244
19243
19242
19241
19240
19239
19238
19237
19236
19235
19234
19233
19232
19231
19230
19229
19228
19227
19226
19225
19224
19223
19222
19221
19220
19219
19218
19217
19216
19215
19214
19213
19212
19211
19210
19209
19208
19207
19206
19205
19204
19203
19202
19201
19200
19199
19198
19197
19196
19195
19194
19193
19192
19191
19190
19189
19188
19187
19186
19185
19184
19183
19182
19181
19180
19179
19178
19177
19176
19175
19174
19173
19172
19171
19170
19169
19168
19167
19166
19165
19164
19163
19162
19161
19160
19159
19158
19157
19156
19155
19154
19153
19152
19151
19150
19149
19148
19147
19146
19145
19144
19143
19142
19141
19140
19139
19138
19137
19136
19135
19134
19133
19132
19131
19130
19129
19128
19127
19126
19125
19124
19123
19122
19121
19120
19119
19118
19117
19116
19115
19114
19113
19112
19111
19110
19109
19108
19107
19106
19105
19104
19103
19102
19101
19100
19099
19098
19097
19096
19095
19094
19093
19092
19091
19090
19089
19088
19087
19086
19085
19084
19083
19082
19081
19080
19079
19078
19077
19076
19075
19074
19073
19072
19071
19070
19069
19068
19067
19066
19065
19064
19063
19062
19061
19060
19059
19058
19057
19056
19055
19054
19053
19052
19051
19050
19049
19048
19047
19046
19045
19044
19043
19042
19041
19040
19039
19038
19037
19036
19035
19034
19033
19032
19031
19030
19029
19028
19027
19026
19025
19024
19023
19022
19021
19020
19019
19018
19017
19016
19015
19014
19013
19012
19011
19010
19009
19008
19007
19006
19005
19004
19003
19002
19001
19000
18999
18998
18997
18996
18995
18994
18993
18992
18991
18990
18989
18988
18987
18986
18985
18984
18983
18982
18981
18980
18979
18978
18977
18976
18975
18974
18973
18972
18971
18970
18969
18968
18967
18966
18965
18964
18963
18962
18961
18960
18959
18958
18957
18956
18955
18954
18953
18952
18951
18950
18949
18948
18947
18946
18945
18944
18943
18942
18941
18940
18939
18938
18937
18936
18935
18934
18933
18932
18931
18930
18929
18928
18927
18926
18925
18924
18923
18922
18921
18920
18919
18918
18917
18916
18915
18914
18913
18912
18911
18910
18909
18908
18907
18906
18905
18904
18903
18902
18901
18900
18899
18898
18897
18896
18895
18894
18893
18892
18891
18890
18889
18888
18887
18886
18885
18884
18883
18882
18881
18880
18879
18878
18877
18876
18875
18874
18873
18872
18871
18870
18869
18868
18867
18866
18865
18864
18863
18862
18861
18860
18859
18858
18857
18856
18855
18854
18853
18852
18851
18850
18849
18848
18847
18846
18845
18844
18843
18842
18841
18840
18839
18838
18837
18836
18835
18834
18833
18832
18831
18830
18829
18828
18827
18826
18825
18824
18823
18822
18821
18820
18819
18818
18817
18816
18815
18814
18813
18812
18811
18810
18809
18808
18807
18806
18805
18804
18803
18802
18801
18800
18799
18798
18797
18796
18795
18794
18793
18792
18791
18790
18789
18788
18787
18786
18785
18784
18783
18782
18781
18780
18779
18778
18777
18776
18775
18774
18773
18772
18771
18770
18769
18768
18767
18766
18765
18764
18763
18762
18761
18760
18759
18758
18757
18756
18755
18754
18753
18752
18751
18750
18749
18748
18747
18746
18745
18744
18743
18742
18741
18740
18739
18738
18737
18736
18735
18734
18733
18732
18731
18730
18729
18728
18727
18726
18725
18724
18723
18722
18721
18720
18719
18718
18717
18716
18715
18714
18713
18712
18711
18710
18709
18708
18707
18706
18705
18704
18703
18702
18701
18700
18699
18698
18697
18696
18695
18694
18693
18692
18691
18690
18689
18688
18687
18686
18685
18684
18683
18682
18681
18680
18679
18678
18677
18676
18675
18674
18673
18672
18671
18670
18669
18668
18667
18666
18665
18664
18663
18662
18661
18660
18659
18658
18657
18656
18655
18654
18653
18652
18651
18650
18649
18648
18647
18646
18645
18644
18643
18642
18641
18640
18639
18638
18637
18636
18635
18634
18633
18632
18631
18630
18629
18628
18627
18626
18625
18624
18623
18622
18621
18620
18619
18618
18617
18616
18615
18614
18613
18612
18611
18610
18609
18608
18607
18606
18605
18604
18603
18602
18601
18600
18599
18598
18597
18596
18595
18594
18593
18592
18591
18590
18589
18588
18587
18586
18585
18584
18583
18582
18581
18580
18579
18578
18577
18576
18575
18574
18573
18572
18571
18570
18569
18568
18567
18566
18565
18564
18563
18562
18561
18560
18559
18558
18557
18556
18555
18554
18553
18552
18551
18550
18549
18548
18547
18546
18545
18544
18543
18542
18541
18540
18539
18538
18537
18536
18535
18534
18533
18532
18531
18530
18529
18528
18527
18526
18525
18524
18523
18522
18521
18520
18519
18518
18517
18516
18515
18514
18513
18512
18511
18510
18509
18508
18507
18506
18505
18504
18503
18502
18501
18500
18499
18498
18497
18496
18495
18494
18493
18492
18491
18490
18489
18488
18487
18486
18485
18484
18483
18482
18481
18480
18479
18478
18477
18476
18475
18474
18473
18472
18471
18470
18469
18468
18467
18466
18465
18464
18463
18462
18461
18460
18459
18458
18457
18456
18455
18454
18453
18452
18451
18450
18449
18448
18447
18446
18445
18444
18443
18442
18441
18440
18439
18438
18437
18436
18435
18434
18433
18432
18431
18430
18429
18428
18427
18426
18425
18424
18423
18422
18421
18420
18419
18418
18417
18416
18415
18414
18413
18412
18411
18410
18409
18408
18407
18406
18405
18404
18403
18402
18401
18400
18399
18398
18397
18396
18395
18394
18393
18392
18391
18390
18389
18388
18387
18386
18385
18384
18383
18382
18381
18380
18379
18378
18377
18376
18375
18374
18373
18372
18371
18370
18369
18368
18367
18366
18365
18364
18363
18362
18361
18360
18359
18358
18357
18356
18355
18354
18353
18352
18351
18350
18349
18348
18347
18346
18345
18344
18343
18342
18341
18340
18339
18338
18337
18336
18335
18334
18333
18332
18331
18330
18329
18328
18327
18326
18325
18324
18323
18322
18321
18320
18319
18318
18317
18316
18315
18314
18313
18312
18311
18310
18309
18308
18307
18306
18305
18304
18303
18302
18301
18300
18299
18298
18297
18296
18295
18294
18293
18292
18291
18290
18289
18288
18287
18286
18285
18284
18283
18282
18281
18280
18279
18278
18277
18276
18275
18274
18273
18272
18271
18270
18269
18268
18267
18266
18265
18264
18263
18262
18261
18260
18259
18258
18257
18256
18255
18254
18253
18252
18251
18250
18249
18248
18247
18246
18245
18244
18243
18242
18241
18240
18239
18238
18237
18236
18235
18234
18233
18232
18231
18230
18229
18228
18227
18226
18225
18224
18223
18222
18221
18220
18219
18218
18217
18216
18215
18214
18213
18212
18211
18210
18209
18208
18207
18206
18205
18204
18203
18202
18201
18200
18199
18198
18197
18196
18195
18194
18193
18192
18191
18190
18189
18188
18187
18186
18185
18184
18183
18182
18181
18180
18179
18178
18177
18176
18175
18174
18173
18172
18171
18170
18169
18168
18167
18166
18165
18164
18163
18162
18161
18160
18159
18158
18157
18156
18155
18154
18153
18152
18151
18150
18149
18148
18147
18146
18145
18144
18143
18142
18141
18140
18139
18138
18137
18136
18135
18134
18133
18132
18131
18130
18129
18128
18127
18126
18125
18124
18123
18122
18121
18120
18119
18118
18117
18116
18115
18114
18113
18112
18111
18110
18109
18108
18107
18106
18105
18104
18103
18102
18101
18100
18099
18098
18097
18096
18095
18094
18093
18092
18091
18090
18089
18088
18087
18086
18085
18084
18083
18082
18081
18080
18079
18078
18077
18076
18075
18074
18073
18072
18071
18070
18069
18068
18067
18066
18065
18064
18063
18062
18061
18060
18059
18058
18057
18056
18055
18054
18053
18052
18051
18050
18049
18048
18047
18046
18045
18044
18043
18042
18041
18040
18039
18038
18037
18036
18035
18034
18033
18032
18031
18030
18029
18028
18027
18026
18025
18024
18023
18022
18021
18020
18019
18018
18017
18016
18015
18014
18013
18012
18011
18010
18009
18008
18007
18006
18005
18004
18003
18002
18001
18000
17999
17998
17997
17996
17995
17994
17993
17992
17991
17990
17989
17988
17987
17986
17985
17984
17983
17982
17981
17980
17979
17978
17977
17976
17975
17974
17973
17972
17971
17970
17969
17968
17967
17966
17965
17964
17963
17962
17961
17960
17959
17958
17957
17956
17955
17954
17953
17952
17951
17950
17949
17948
17947
17946
17945
17944
17943
17942
17941
17940
17939
17938
17937
17936
17935
17934
17933
17932
17931
17930
17929
17928
17927
17926
17925
17924
17923
17922
17921
17920
17919
17918
17917
17916
17915
17914
17913
17912
17911
17910
17909
17908
17907
17906
17905
17904
17903
17902
17901
17900
17899
17898
17897
17896
17895
17894
17893
17892
17891
17890
17889
17888
17887
17886
17885
17884
17883
17882
17881
17880
17879
17878
17877
17876
17875
17874
17873
17872
17871
17870
17869
17868
17867
17866
17865
17864
17863
17862
17861
17860
17859
17858
17857
17856
17855
17854
17853
17852
17851
17850
17849
17848
17847
17846
17845
17844
17843
17842
17841
17840
17839
17838
17837
17836
17835
17834
17833
17832
17831
17830
17829
17828
17827
17826
17825
17824
17823
17822
17821
17820
17819
17818
17817
17816
17815
17814
17813
17812
17811
17810
17809
17808
17807
17806
17805
17804
17803
17802
17801
17800
17799
17798
17797
17796
17795
17794
17793
17792
17791
17790
17789
17788
17787
17786
17785
17784
17783
17782
17781
17780
17779
17778
17777
17776
17775
17774
17773
17772
17771
17770
17769
17768
17767
17766
17765
17764
17763
17762
17761
17760
17759
17758
17757
17756
17755
17754
17753
17752
17751
17750
17749
17748
17747
17746
17745
17744
17743
17742
17741
17740
17739
17738
17737
17736
17735
17734
17733
17732
17731
17730
17729
17728
17727
17726
17725
17724
17723
17722
17721
17720
17719
17718
17717
17716
17715
17714
17713
17712
17711
17710
17709
17708
17707
17706
17705
17704
17703
17702
17701
17700
17699
17698
17697
17696
17695
17694
17693
17692
17691
17690
17689
17688
17687
17686
17685
17684
17683
17682
17681
17680
17679
17678
17677
17676
17675
17674
17673
17672
17671
17670
17669
17668
17667
17666
17665
17664
17663
17662
17661
17660
17659
17658
17657
17656
17655
17654
17653
17652
17651
17650
17649
17648
17647
17646
17645
17644
17643
17642
17641
17640
17639
17638
17637
17636
17635
17634
17633
17632
17631
17630
17629
17628
17627
17626
17625
17624
17623
17622
17621
17620
17619
17618
17617
17616
17615
17614
17613
17612
17611
17610
17609
17608
17607
17606
17605
17604
17603
17602
17601
17600
17599
17598
17597
17596
17595
17594
17593
17592
17591
17590
17589
17588
17587
17586
17585
17584
17583
17582
17581
17580
17579
17578
17577
17576
17575
17574
17573
17572
17571
17570
17569
17568
17567
17566
17565
17564
17563
17562
17561
17560
17559
17558
17557
17556
17555
17554
17553
17552
17551
17550
17549
17548
17547
17546
17545
17544
17543
17542
17541
17540
17539
17538
17537
17536
17535
17534
17533
17532
17531
17530
17529
17528
17527
17526
17525
17524
17523
17522
17521
17520
17519
17518
17517
17516
17515
17514
17513
17512
17511
17510
17509
17508
17507
17506
17505
17504
17503
17502
17501
17500
17499
17498
17497
17496
17495
17494
17493
17492
17491
17490
17489
17488
17487
17486
17485
17484
17483
17482
17481
17480
17479
17478
17477
17476
17475
17474
17473
17472
17471
17470
17469
17468
17467
17466
17465
17464
17463
17462
17461
17460
17459
17458
17457
17456
17455
17454
17453
17452
17451
17450
17449
17448
17447
17446
17445
17444
17443
17442
17441
17440
17439
17438
17437
17436
17435
17434
17433
17432
17431
17430
17429
17428
17427
17426
17425
17424
17423
17422
17421
17420
17419
17418
17417
17416
17415
17414
17413
17412
17411
17410
17409
17408
17407
17406
17405
17404
17403
17402
17401
17400
17399
17398
17397
17396
17395
17394
17393
17392
17391
17390
17389
17388
17387
17386
17385
17384
17383
17382
17381
17380
17379
17378
17377
17376
17375
17374
17373
17372
17371
17370
17369
17368
17367
17366
17365
17364
17363
17362
17361
17360
17359
17358
17357
17356
17355
17354
17353
17352
17351
17350
17349
17348
17347
17346
17345
17344
17343
17342
17341
17340
17339
17338
17337
17336
17335
17334
17333
17332
17331
17330
17329
17328
17327
17326
17325
17324
17323
17322
17321
17320
17319
17318
17317
17316
17315
17314
17313
17312
17311
17310
17309
17308
17307
17306
17305
17304
17303
17302
17301
17300
17299
17298
17297
17296
17295
17294
17293
17292
17291
17290
17289
17288
17287
17286
17285
17284
17283
17282
17281
17280
17279
17278
17277
17276
17275
17274
17273
17272
17271
17270
17269
17268
17267
17266
17265
17264
17263
17262
17261
17260
17259
17258
17257
17256
17255
17254
17253
17252
17251
17250
17249
17248
17247
17246
17245
17244
17243
17242
17241
17240
17239
17238
17237
17236
17235
17234
17233
17232
17231
17230
17229
17228
17227
17226
17225
17224
17223
17222
17221
17220
17219
17218
17217
17216
17215
17214
17213
17212
17211
17210
17209
17208
17207
17206
17205
17204
17203
17202
17201
17200
17199
17198
17197
17196
17195
17194
17193
17192
17191
17190
17189
17188
17187
17186
17185
17184
17183
17182
17181
17180
17179
17178
17177
17176
17175
17174
17173
17172
17171
17170
17169
17168
17167
17166
17165
17164
17163
17162
17161
17160
17159
17158
17157
17156
17155
17154
17153
17152
17151
17150
17149
17148
17147
17146
17145
17144
17143
17142
17141
17140
17139
17138
17137
17136
17135
17134
17133
17132
17131
17130
17129
17128
17127
17126
17125
17124
17123
17122
17121
17120
17119
17118
17117
17116
17115
17114
17113
17112
17111
17110
17109
17108
17107
17106
17105
17104
17103
17102
17101
17100
17099
17098
17097
17096
17095
17094
17093
17092
17091
17090
17089
17088
17087
17086
17085
17084
17083
17082
17081
17080
17079
17078
17077
17076
17075
17074
17073
17072
17071
17070
17069
17068
17067
17066
17065
17064
17063
17062
17061
17060
17059
17058
17057
17056
17055
17054
17053
17052
17051
17050
17049
17048
17047
17046
17045
17044
17043
17042
17041
17040
17039
17038
17037
17036
17035
17034
17033
17032
17031
17030
17029
17028
17027
17026
17025
17024
17023
17022
17021
17020
17019
17018
17017
17016
17015
17014
17013
17012
17011
17010
17009
17008
17007
17006
17005
17004
17003
17002
17001
17000
16999
16998
16997
16996
16995
16994
16993
16992
16991
16990
16989
16988
16987
16986
16985
16984
16983
16982
16981
16980
16979
16978
16977
16976
16975
16974
16973
16972
16971
16970
16969
16968
16967
16966
16965
16964
16963
16962
16961
16960
16959
16958
16957
16956
16955
16954
16953
16952
16951
16950
16949
16948
16947
16946
16945
16944
16943
16942
16941
16940
16939
16938
16937
16936
16935
16934
16933
16932
16931
16930
16929
16928
16927
16926
16925
16924
16923
16922
16921
16920
16919
16918
16917
16916
16915
16914
16913
16912
16911
16910
16909
16908
16907
16906
16905
16904
16903
16902
16901
16900
16899
16898
16897
16896
16895
16894
16893
16892
16891
16890
16889
16888
16887
16886
16885
16884
16883
16882
16881
16880
16879
16878
16877
16876
16875
16874
16873
16872
16871
16870
16869
16868
16867
16866
16865
16864
16863
16862
16861
16860
16859
16858
16857
16856
16855
16854
16853
16852
16851
16850
16849
16848
16847
16846
16845
16844
16843
16842
16841
16840
16839
16838
16837
16836
16835
16834
16833
16832
16831
16830
16829
16828
16827
16826
16825
16824
16823
16822
16821
16820
16819
16818
16817
16816
16815
16814
16813
16812
16811
16810
16809
16808
16807
16806
16805
16804
16803
16802
16801
16800
16799
16798
16797
16796
16795
16794
16793
16792
16791
16790
16789
16788
16787
16786
16785
16784
16783
16782
16781
16780
16779
16778
16777
16776
16775
16774
16773
16772
16771
16770
16769
16768
16767
16766
16765
16764
16763
16762
16761
16760
16759
16758
16757
16756
16755
16754
16753
16752
16751
16750
16749
16748
16747
16746
16745
16744
16743
16742
16741
16740
16739
16738
16737
16736
16735
16734
16733
16732
16731
16730
16729
16728
16727
16726
16725
16724
16723
16722
16721
16720
16719
16718
16717
16716
16715
16714
16713
16712
16711
16710
16709
16708
16707
16706
16705
16704
16703
16702
16701
16700
16699
16698
16697
16696
16695
16694
16693
16692
16691
16690
16689
16688
16687
16686
16685
16684
16683
16682
16681
16680
16679
16678
16677
16676
16675
16674
16673
16672
16671
16670
16669
16668
16667
16666
16665
16664
16663
16662
16661
16660
16659
16658
16657
16656
16655
16654
16653
16652
16651
16650
16649
16648
16647
16646
16645
16644
16643
16642
16641
16640
16639
16638
16637
16636
16635
16634
16633
16632
16631
16630
16629
16628
16627
16626
16625
16624
16623
16622
16621
16620
16619
16618
16617
16616
16615
16614
16613
16612
16611
16610
16609
16608
16607
16606
16605
16604
16603
16602
16601
16600
16599
16598
16597
16596
16595
16594
16593
16592
16591
16590
16589
16588
16587
16586
16585
16584
16583
16582
16581
16580
16579
16578
16577
16576
16575
16574
16573
16572
16571
16570
16569
16568
16567
16566
16565
16564
16563
16562
16561
16560
16559
16558
16557
16556
16555
16554
16553
16552
16551
16550
16549
16548
16547
16546
16545
16544
16543
16542
16541
16540
16539
16538
16537
16536
16535
16534
16533
16532
16531
16530
16529
16528
16527
16526
16525
16524
16523
16522
16521
16520
16519
16518
16517
16516
16515
16514
16513
16512
16511
16510
16509
16508
16507
16506
16505
16504
16503
16502
16501
16500
16499
16498
16497
16496
16495
16494
16493
16492
16491
16490
16489
16488
16487
16486
16485
16484
16483
16482
16481
16480
16479
16478
16477
16476
16475
16474
16473
16472
16471
16470
16469
16468
16467
16466
16465
16464
16463
16462
16461
16460
16459
16458
16457
16456
16455
16454
16453
16452
16451
16450
16449
16448
16447
16446
16445
16444
16443
16442
16441
16440
16439
16438
16437
16436
16435
16434
16433
16432
16431
16430
16429
16428
16427
16426
16425
16424
16423
16422
16421
16420
16419
16418
16417
16416
16415
16414
16413
16412
16411
16410
16409
16408
16407
16406
16405
16404
16403
16402
16401
16400
16399
16398
16397
16396
16395
16394
16393
16392
16391
16390
16389
16388
16387
16386
16385
16384
16383
16382
16381
16380
16379
16378
16377
16376
16375
16374
16373
16372
16371
16370
16369
16368
16367
16366
16365
16364
16363
16362
16361
16360
16359
16358
16357
16356
16355
16354
16353
16352
16351
16350
16349
16348
16347
16346
16345
16344
16343
16342
16341
16340
16339
16338
16337
16336
16335
16334
16333
16332
16331
16330
16329
16328
16327
16326
16325
16324
16323
16322
16321
16320
16319
16318
16317
16316
16315
16314
16313
16312
16311
16310
16309
16308
16307
16306
16305
16304
16303
16302
16301
16300
16299
16298
16297
16296
16295
16294
16293
16292
16291
16290
16289
16288
16287
16286
16285
16284
16283
16282
16281
16280
16279
16278
16277
16276
16275
16274
16273
16272
16271
16270
16269
16268
16267
16266
16265
16264
16263
16262
16261
16260
16259
16258
16257
16256
16255
16254
16253
16252
16251
16250
16249
16248
16247
16246
16245
16244
16243
16242
16241
16240
16239
16238
16237
16236
16235
16234
16233
16232
16231
16230
16229
16228
16227
16226
16225
16224
16223
16222
16221
16220
16219
16218
16217
16216
16215
16214
16213
16212
16211
16210
16209
16208
16207
16206
16205
16204
16203
16202
16201
16200
16199
16198
16197
16196
16195
16194
16193
16192
16191
16190
16189
16188
16187
16186
16185
16184
16183
16182
16181
16180
16179
16178
16177
16176
16175
16174
16173
16172
16171
16170
16169
16168
16167
16166
16165
16164
16163
16162
16161
16160
16159
16158
16157
16156
16155
16154
16153
16152
16151
16150
16149
16148
16147
16146
16145
16144
16143
16142
16141
16140
16139
16138
16137
16136
16135
16134
16133
16132
16131
16130
16129
16128
16127
16126
16125
16124
16123
16122
16121
16120
16119
16118
16117
16116
16115
16114
16113
16112
16111
16110
16109
16108
16107
16106
16105
16104
16103
16102
16101
16100
16099
16098
16097
16096
16095
16094
16093
16092
16091
16090
16089
16088
16087
16086
16085
16084
16083
16082
16081
16080
16079
16078
16077
16076
16075
16074
16073
16072
16071
16070
16069
16068
16067
16066
16065
16064
16063
16062
16061
16060
16059
16058
16057
16056
16055
16054
16053
16052
16051
16050
16049
16048
16047
16046
16045
16044
16043
16042
16041
16040
16039
16038
16037
16036
16035
16034
16033
16032
16031
16030
16029
16028
16027
16026
16025
16024
16023
16022
16021
16020
16019
16018
16017
16016
16015
16014
16013
16012
16011
16010
16009
16008
16007
16006
16005
16004
16003
16002
16001
16000
15999
15998
15997
15996
15995
15994
15993
15992
15991
15990
15989
15988
15987
15986
15985
15984
15983
15982
15981
15980
15979
15978
15977
15976
15975
15974
15973
15972
15971
15970
15969
15968
15967
15966
15965
15964
15963
15962
15961
15960
15959
15958
15957
15956
15955
15954
15953
15952
15951
15950
15949
15948
15947
15946
15945
15944
15943
15942
15941
15940
15939
15938
15937
15936
15935
15934
15933
15932
15931
15930
15929
15928
15927
15926
15925
15924
15923
15922
15921
15920
15919
15918
15917
15916
15915
15914
15913
15912
15911
15910
15909
15908
15907
15906
15905
15904
15903
15902
15901
15900
15899
15898
15897
15896
15895
15894
15893
15892
15891
15890
15889
15888
15887
15886
15885
15884
15883
15882
15881
15880
15879
15878
15877
15876
15875
15874
15873
15872
15871
15870
15869
15868
15867
15866
15865
15864
15863
15862
15861
15860
15859
15858
15857
15856
15855
15854
15853
15852
15851
15850
15849
15848
15847
15846
15845
15844
15843
15842
15841
15840
15839
15838
15837
15836
15835
15834
15833
15832
15831
15830
15829
15828
15827
15826
15825
15824
15823
15822
15821
15820
15819
15818
15817
15816
15815
15814
15813
15812
15811
15810
15809
15808
15807
15806
15805
15804
15803
15802
15801
15800
15799
15798
15797
15796
15795
15794
15793
15792
15791
15790
15789
15788
15787
15786
15785
15784
15783
15782
15781
15780
15779
15778
15777
15776
15775
15774
15773
15772
15771
15770
15769
15768
15767
15766
15765
15764
15763
15762
15761
15760
15759
15758
15757
15756
15755
15754
15753
15752
15751
15750
15749
15748
15747
15746
15745
15744
15743
15742
15741
15740
15739
15738
15737
15736
15735
15734
15733
15732
15731
15730
15729
15728
15727
15726
15725
15724
15723
15722
15721
15720
15719
15718
15717
15716
15715
15714
15713
15712
15711
15710
15709
15708
15707
15706
15705
15704
15703
15702
15701
15700
15699
15698
15697
15696
15695
15694
15693
15692
15691
15690
15689
15688
15687
15686
15685
15684
15683
15682
15681
15680
15679
15678
15677
15676
15675
15674
15673
15672
15671
15670
15669
15668
15667
15666
15665
15664
15663
15662
15661
15660
15659
15658
15657
15656
15655
15654
15653
15652
15651
15650
15649
15648
15647
15646
15645
15644
15643
15642
15641
15640
15639
15638
15637
15636
15635
15634
15633
15632
15631
15630
15629
15628
15627
15626
15625
15624
15623
15622
15621
15620
15619
15618
15617
15616
15615
15614
15613
15612
15611
15610
15609
15608
15607
15606
15605
15604
15603
15602
15601
15600
15599
15598
15597
15596
15595
15594
15593
15592
15591
15590
15589
15588
15587
15586
15585
15584
15583
15582
15581
15580
15579
15578
15577
15576
15575
15574
15573
15572
15571
15570
15569
15568
15567
15566
15565
15564
15563
15562
15561
15560
15559
15558
15557
15556
15555
15554
15553
15552
15551
15550
15549
15548
15547
15546
15545
15544
15543
15542
15541
15540
15539
15538
15537
15536
15535
15534
15533
15532
15531
15530
15529
15528
15527
15526
15525
15524
15523
15522
15521
15520
15519
15518
15517
15516
15515
15514
15513
15512
15511
15510
15509
15508
15507
15506
15505
15504
15503
15502
15501
15500
15499
15498
15497
15496
15495
15494
15493
15492
15491
15490
15489
15488
15487
15486
15485
15484
15483
15482
15481
15480
15479
15478
15477
15476
15475
15474
15473
15472
15471
15470
15469
15468
15467
15466
15465
15464
15463
15462
15461
15460
15459
15458
15457
15456
15455
15454
15453
15452
15451
15450
15449
15448
15447
15446
15445
15444
15443
15442
15441
15440
15439
15438
15437
15436
15435
15434
15433
15432
15431
15430
15429
15428
15427
15426
15425
15424
15423
15422
15421
15420
15419
15418
15417
15416
15415
15414
15413
15412
15411
15410
15409
15408
15407
15406
15405
15404
15403
15402
15401
15400
15399
15398
15397
15396
15395
15394
15393
15392
15391
15390
15389
15388
15387
15386
15385
15384
15383
15382
15381
15380
15379
15378
15377
15376
15375
15374
15373
15372
15371
15370
15369
15368
15367
15366
15365
15364
15363
15362
15361
15360
15359
15358
15357
15356
15355
15354
15353
15352
15351
15350
15349
15348
15347
15346
15345
15344
15343
15342
15341
15340
15339
15338
15337
15336
15335
15334
15333
15332
15331
15330
15329
15328
15327
15326
15325
15324
15323
15322
15321
15320
15319
15318
15317
15316
15315
15314
15313
15312
15311
15310
15309
15308
15307
15306
15305
15304
15303
15302
15301
15300
15299
15298
15297
15296
15295
15294
15293
15292
15291
15290
15289
15288
15287
15286
15285
15284
15283
15282
15281
15280
15279
15278
15277
15276
15275
15274
15273
15272
15271
15270
15269
15268
15267
15266
15265
15264
15263
15262
15261
15260
15259
15258
15257
15256
15255
15254
15253
15252
15251
15250
15249
15248
15247
15246
15245
15244
15243
15242
15241
15240
15239
15238
15237
15236
15235
15234
15233
15232
15231
15230
15229
15228
15227
15226
15225
15224
15223
15222
15221
15220
15219
15218
15217
15216
15215
15214
15213
15212
15211
15210
15209
15208
15207
15206
15205
15204
15203
15202
15201
15200
15199
15198
15197
15196
15195
15194
15193
15192
15191
15190
15189
15188
15187
15186
15185
15184
15183
15182
15181
15180
15179
15178
15177
15176
15175
15174
15173
15172
15171
15170
15169
15168
15167
15166
15165
15164
15163
15162
15161
15160
15159
15158
15157
15156
15155
15154
15153
15152
15151
15150
15149
15148
15147
15146
15145
15144
15143
15142
15141
15140
15139
15138
15137
15136
15135
15134
15133
15132
15131
15130
15129
15128
15127
15126
15125
15124
15123
15122
15121
15120
15119
15118
15117
15116
15115
15114
15113
15112
15111
15110
15109
15108
15107
15106
15105
15104
15103
15102
15101
15100
15099
15098
15097
15096
15095
15094
15093
15092
15091
15090
15089
15088
15087
15086
15085
15084
15083
15082
15081
15080
15079
15078
15077
15076
15075
15074
15073
15072
15071
15070
15069
15068
15067
15066
15065
15064
15063
15062
15061
15060
15059
15058
15057
15056
15055
15054
15053
15052
15051
15050
15049
15048
15047
15046
15045
15044
15043
15042
15041
15040
15039
15038
15037
15036
15035
15034
15033
15032
15031
15030
15029
15028
15027
15026
15025
15024
15023
15022
15021
15020
15019
15018
15017
15016
15015
15014
15013
15012
15011
15010
15009
15008
15007
15006
15005
15004
15003
15002
15001
15000
14999
14998
14997
14996
14995
14994
14993
14992
14991
14990
14989
14988
14987
14986
14985
14984
14983
14982
14981
14980
14979
14978
14977
14976
14975
14974
14973
14972
14971
14970
14969
14968
14967
14966
14965
14964
14963
14962
14961
14960
14959
14958
14957
14956
14955
14954
14953
14952
14951
14950
14949
14948
14947
14946
14945
14944
14943
14942
14941
14940
14939
14938
14937
14936
14935
14934
14933
14932
14931
14930
14929
14928
14927
14926
14925
14924
14923
14922
14921
14920
14919
14918
14917
14916
14915
14914
14913
14912
14911
14910
14909
14908
14907
14906
14905
14904
14903
14902
14901
14900
14899
14898
14897
14896
14895
14894
14893
14892
14891
14890
14889
14888
14887
14886
14885
14884
14883
14882
14881
14880
14879
14878
14877
14876
14875
14874
14873
14872
14871
14870
14869
14868
14867
14866
14865
14864
14863
14862
14861
14860
14859
14858
14857
14856
14855
14854
14853
14852
14851
14850
14849
14848
14847
14846
14845
14844
14843
14842
14841
14840
14839
14838
14837
14836
14835
14834
14833
14832
14831
14830
14829
14828
14827
14826
14825
14824
14823
14822
14821
14820
14819
14818
14817
14816
14815
14814
14813
14812
14811
14810
14809
14808
14807
14806
14805
14804
14803
14802
14801
14800
14799
14798
14797
14796
14795
14794
14793
14792
14791
14790
14789
14788
14787
14786
14785
14784
14783
14782
14781
14780
14779
14778
14777
14776
14775
14774
14773
14772
14771
14770
14769
14768
14767
14766
14765
14764
14763
14762
14761
14760
14759
14758
14757
14756
14755
14754
14753
14752
14751
14750
14749
14748
14747
14746
14745
14744
14743
14742
14741
14740
14739
14738
14737
14736
14735
14734
14733
14732
14731
14730
14729
14728
14727
14726
14725
14724
14723
14722
14721
14720
14719
14718
14717
14716
14715
14714
14713
14712
14711
14710
14709
14708
14707
14706
14705
14704
14703
14702
14701
14700
14699
14698
14697
14696
14695
14694
14693
14692
14691
14690
14689
14688
14687
14686
14685
14684
14683
14682
14681
14680
14679
14678
14677
14676
14675
14674
14673
14672
14671
14670
14669
14668
14667
14666
14665
14664
14663
14662
14661
14660
14659
14658
14657
14656
14655
14654
14653
14652
14651
14650
14649
14648
14647
14646
14645
14644
14643
14642
14641
14640
14639
14638
14637
14636
14635
14634
14633
14632
14631
14630
14629
14628
14627
14626
14625
14624
14623
14622
14621
14620
14619
14618
14617
14616
14615
14614
14613
14612
14611
14610
14609
14608
14607
14606
14605
14604
14603
14602
14601
14600
14599
14598
14597
14596
14595
14594
14593
14592
14591
14590
14589
14588
14587
14586
14585
14584
14583
14582
14581
14580
14579
14578
14577
14576
14575
14574
14573
14572
14571
14570
14569
14568
14567
14566
14565
14564
14563
14562
14561
14560
14559
14558
14557
14556
14555
14554
14553
14552
14551
14550
14549
14548
14547
14546
14545
14544
14543
14542
14541
14540
14539
14538
14537
14536
14535
14534
14533
14532
14531
14530
14529
14528
14527
14526
14525
14524
14523
14522
14521
14520
14519
14518
14517
14516
14515
14514
14513
14512
14511
14510
14509
14508
14507
14506
14505
14504
14503
14502
14501
14500
14499
14498
14497
14496
14495
14494
14493
14492
14491
14490
14489
14488
14487
14486
14485
14484
14483
14482
14481
14480
14479
14478
14477
14476
14475
14474
14473
14472
14471
14470
14469
14468
14467
14466
14465
14464
14463
14462
14461
14460
14459
14458
14457
14456
14455
14454
14453
14452
14451
14450
14449
14448
14447
14446
14445
14444
14443
14442
14441
14440
14439
14438
14437
14436
14435
14434
14433
14432
14431
14430
14429
14428
14427
14426
14425
14424
14423
14422
14421
14420
14419
14418
14417
14416
14415
14414
14413
14412
14411
14410
14409
14408
14407
14406
14405
14404
14403
14402
14401
14400
14399
14398
14397
14396
14395
14394
14393
14392
14391
14390
14389
14388
14387
14386
14385
14384
14383
14382
14381
14380
14379
14378
14377
14376
14375
14374
14373
14372
14371
14370
14369
14368
14367
14366
14365
14364
14363
14362
14361
14360
14359
14358
14357
14356
14355
14354
14353
14352
14351
14350
14349
14348
14347
14346
14345
14344
14343
14342
14341
14340
14339
14338
14337
14336
14335
14334
14333
14332
14331
14330
14329
14328
14327
14326
14325
14324
14323
14322
14321
14320
14319
14318
14317
14316
14315
14314
14313
14312
14311
14310
14309
14308
14307
14306
14305
14304
14303
14302
14301
14300
14299
14298
14297
14296
14295
14294
14293
14292
14291
14290
14289
14288
14287
14286
14285
14284
14283
14282
14281
14280
14279
14278
14277
14276
14275
14274
14273
14272
14271
14270
14269
14268
14267
14266
14265
14264
14263
14262
14261
14260
14259
14258
14257
14256
14255
14254
14253
14252
14251
14250
14249
14248
14247
14246
14245
14244
14243
14242
14241
14240
14239
14238
14237
14236
14235
14234
14233
14232
14231
14230
14229
14228
14227
14226
14225
14224
14223
14222
14221
14220
14219
14218
14217
14216
14215
14214
14213
14212
14211
14210
14209
14208
14207
14206
14205
14204
14203
14202
14201
14200
14199
14198
14197
14196
14195
14194
14193
14192
14191
14190
14189
14188
14187
14186
14185
14184
14183
14182
14181
14180
14179
14178
14177
14176
14175
14174
14173
14172
14171
14170
14169
14168
14167
14166
14165
14164
14163
14162
14161
14160
14159
14158
14157
14156
14155
14154
14153
14152
14151
14150
14149
14148
14147
14146
14145
14144
14143
14142
14141
14140
14139
14138
14137
14136
14135
14134
14133
14132
14131
14130
14129
14128
14127
14126
14125
14124
14123
14122
14121
14120
14119
14118
14117
14116
14115
14114
14113
14112
14111
14110
14109
14108
14107
14106
14105
14104
14103
14102
14101
14100
14099
14098
14097
14096
14095
14094
14093
14092
14091
14090
14089
14088
14087
14086
14085
14084
14083
14082
14081
14080
14079
14078
14077
14076
14075
14074
14073
14072
14071
14070
14069
14068
14067
14066
14065
14064
14063
14062
14061
14060
14059
14058
14057
14056
14055
14054
14053
14052
14051
14050
14049
14048
14047
14046
14045
14044
14043
14042
14041
14040
14039
14038
14037
14036
14035
14034
14033
14032
14031
14030
14029
14028
14027
14026
14025
14024
14023
14022
14021
14020
14019
14018
14017
14016
14015
14014
14013
14012
14011
14010
14009
14008
14007
14006
14005
14004
14003
14002
14001
14000
13999
13998
13997
13996
13995
13994
13993
13992
13991
13990
13989
13988
13987
13986
13985
13984
13983
13982
13981
13980
13979
13978
13977
13976
13975
13974
13973
13972
13971
13970
13969
13968
13967
13966
13965
13964
13963
13962
13961
13960
13959
13958
13957
13956
13955
13954
13953
13952
13951
13950
13949
13948
13947
13946
13945
13944
13943
13942
13941
13940
13939
13938
13937
13936
13935
13934
13933
13932
13931
13930
13929
13928
13927
13926
13925
13924
13923
13922
13921
13920
13919
13918
13917
13916
13915
13914
13913
13912
13911
13910
13909
13908
13907
13906
13905
13904
13903
13902
13901
13900
13899
13898
13897
13896
13895
13894
13893
13892
13891
13890
13889
13888
13887
13886
13885
13884
13883
13882
13881
13880
13879
13878
13877
13876
13875
13874
13873
13872
13871
13870
13869
13868
13867
13866
13865
13864
13863
13862
13861
13860
13859
13858
13857
13856
13855
13854
13853
13852
13851
13850
13849
13848
13847
13846
13845
13844
13843
13842
13841
13840
13839
13838
13837
13836
13835
13834
13833
13832
13831
13830
13829
13828
13827
13826
13825
13824
13823
13822
13821
13820
13819
13818
13817
13816
13815
13814
13813
13812
13811
13810
13809
13808
13807
13806
13805
13804
13803
13802
13801
13800
13799
13798
13797
13796
13795
13794
13793
13792
13791
13790
13789
13788
13787
13786
13785
13784
13783
13782
13781
13780
13779
13778
13777
13776
13775
13774
13773
13772
13771
13770
13769
13768
13767
13766
13765
13764
13763
13762
13761
13760
13759
13758
13757
13756
13755
13754
13753
13752
13751
13750
13749
13748
13747
13746
13745
13744
13743
13742
13741
13740
13739
13738
13737
13736
13735
13734
13733
13732
13731
13730
13729
13728
13727
13726
13725
13724
13723
13722
13721
13720
13719
13718
13717
13716
13715
13714
13713
13712
13711
13710
13709
13708
13707
13706
13705
13704
13703
13702
13701
13700
13699
13698
13697
13696
13695
13694
13693
13692
13691
13690
13689
13688
13687
13686
13685
13684
13683
13682
13681
13680
13679
13678
13677
13676
13675
13674
13673
13672
13671
13670
13669
13668
13667
13666
13665
13664
13663
13662
13661
13660
13659
13658
13657
13656
13655
13654
13653
13652
13651
13650
13649
13648
13647
13646
13645
13644
13643
13642
13641
13640
13639
13638
13637
13636
13635
13634
13633
13632
13631
13630
13629
13628
13627
13626
13625
13624
13623
13622
13621
13620
13619
13618
13617
13616
13615
13614
13613
13612
13611
13610
13609
13608
13607
13606
13605
13604
13603
13602
13601
13600
13599
13598
13597
13596
13595
13594
13593
13592
13591
13590
13589
13588
13587
13586
13585
13584
13583
13582
13581
13580
13579
13578
13577
13576
13575
13574
13573
13572
13571
13570
13569
13568
13567
13566
13565
13564
13563
13562
13561
13560
13559
13558
13557
13556
13555
13554
13553
13552
13551
13550
13549
13548
13547
13546
13545
13544
13543
13542
13541
13540
13539
13538
13537
13536
13535
13534
13533
13532
13531
13530
13529
13528
13527
13526
13525
13524
13523
13522
13521
13520
13519
13518
13517
13516
13515
13514
13513
13512
13511
13510
13509
13508
13507
13506
13505
13504
13503
13502
13501
13500
13499
13498
13497
13496
13495
13494
13493
13492
13491
13490
13489
13488
13487
13486
13485
13484
13483
13482
13481
13480
13479
13478
13477
13476
13475
13474
13473
13472
13471
13470
13469
13468
13467
13466
13465
13464
13463
13462
13461
13460
13459
13458
13457
13456
13455
13454
13453
13452
13451
13450
13449
13448
13447
13446
13445
13444
13443
13442
13441
13440
13439
13438
13437
13436
13435
13434
13433
13432
13431
13430
13429
13428
13427
13426
13425
13424
13423
13422
13421
13420
13419
13418
13417
13416
13415
13414
13413
13412
13411
13410
13409
13408
13407
13406
13405
13404
13403
13402
13401
13400
13399
13398
13397
13396
13395
13394
13393
13392
13391
13390
13389
13388
13387
13386
13385
13384
13383
13382
13381
13380
13379
13378
13377
13376
13375
13374
13373
13372
13371
13370
13369
13368
13367
13366
13365
13364
13363
13362
13361
13360
13359
13358
13357
13356
13355
13354
13353
13352
13351
13350
13349
13348
13347
13346
13345
13344
13343
13342
13341
13340
13339
13338
13337
13336
13335
13334
13333
13332
13331
13330
13329
13328
13327
13326
13325
13324
13323
13322
13321
13320
13319
13318
13317
13316
13315
13314
13313
13312
13311
13310
13309
13308
13307
13306
13305
13304
13303
13302
13301
13300
13299
13298
13297
13296
13295
13294
13293
13292
13291
13290
13289
13288
13287
13286
13285
13284
13283
13282
13281
13280
13279
13278
13277
13276
13275
13274
13273
13272
13271
13270
13269
13268
13267
13266
13265
13264
13263
13262
13261
13260
13259
13258
13257
13256
13255
13254
13253
13252
13251
13250
13249
13248
13247
13246
13245
13244
13243
13242
13241
13240
13239
13238
13237
13236
13235
13234
13233
13232
13231
13230
13229
13228
13227
13226
13225
13224
13223
13222
13221
13220
13219
13218
13217
13216
13215
13214
13213
13212
13211
13210
13209
13208
13207
13206
13205
13204
13203
13202
13201
13200
13199
13198
13197
13196
13195
13194
13193
13192
13191
13190
13189
13188
13187
13186
13185
13184
13183
13182
13181
13180
13179
13178
13177
13176
13175
13174
13173
13172
13171
13170
13169
13168
13167
13166
13165
13164
13163
13162
13161
13160
13159
13158
13157
13156
13155
13154
13153
13152
13151
13150
13149
13148
13147
13146
13145
13144
13143
13142
13141
13140
13139
13138
13137
13136
13135
13134
13133
13132
13131
13130
13129
13128
13127
13126
13125
13124
13123
13122
13121
13120
13119
13118
13117
13116
13115
13114
13113
13112
13111
13110
13109
13108
13107
13106
13105
13104
13103
13102
13101
13100
13099
13098
13097
13096
13095
13094
13093
13092
13091
13090
13089
13088
13087
13086
13085
13084
13083
13082
13081
13080
13079
13078
13077
13076
13075
13074
13073
13072
13071
13070
13069
13068
13067
13066
13065
13064
13063
13062
13061
13060
13059
13058
13057
13056
13055
13054
13053
13052
13051
13050
13049
13048
13047
13046
13045
13044
13043
13042
13041
13040
13039
13038
13037
13036
13035
13034
13033
13032
13031
13030
13029
13028
13027
13026
13025
13024
13023
13022
13021
13020
13019
13018
13017
13016
13015
13014
13013
13012
13011
13010
13009
13008
13007
13006
13005
13004
13003
13002
13001
13000
12999
12998
12997
12996
12995
12994
12993
12992
12991
12990
12989
12988
12987
12986
12985
12984
12983
12982
12981
12980
12979
12978
12977
12976
12975
12974
12973
12972
12971
12970
12969
12968
12967
12966
12965
12964
12963
12962
12961
12960
12959
12958
12957
12956
12955
12954
12953
12952
12951
12950
12949
12948
12947
12946
12945
12944
12943
12942
12941
12940
12939
12938
12937
12936
12935
12934
12933
12932
12931
12930
12929
12928
12927
12926
12925
12924
12923
12922
12921
12920
12919
12918
12917
12916
12915
12914
12913
12912
12911
12910
12909
12908
12907
12906
12905
12904
12903
12902
12901
12900
12899
12898
12897
12896
12895
12894
12893
12892
12891
12890
12889
12888
12887
12886
12885
12884
12883
12882
12881
12880
12879
12878
12877
12876
12875
12874
12873
12872
12871
12870
12869
12868
12867
12866
12865
12864
12863
12862
12861
12860
12859
12858
12857
12856
12855
12854
12853
12852
12851
12850
12849
12848
12847
12846
12845
12844
12843
12842
12841
12840
12839
12838
12837
12836
12835
12834
12833
12832
12831
12830
12829
12828
12827
12826
12825
12824
12823
12822
12821
12820
12819
12818
12817
12816
12815
12814
12813
12812
12811
12810
12809
12808
12807
12806
12805
12804
12803
12802
12801
12800
12799
12798
12797
12796
12795
12794
12793
12792
12791
12790
12789
12788
12787
12786
12785
12784
12783
12782
12781
12780
12779
12778
12777
12776
12775
12774
12773
12772
12771
12770
12769
12768
12767
12766
12765
12764
12763
12762
12761
12760
12759
12758
12757
12756
12755
12754
12753
12752
12751
12750
12749
12748
12747
12746
12745
12744
12743
12742
12741
12740
12739
12738
12737
12736
12735
12734
12733
12732
12731
12730
12729
12728
12727
12726
12725
12724
12723
12722
12721
12720
12719
12718
12717
12716
12715
12714
12713
12712
12711
12710
12709
12708
12707
12706
12705
12704
12703
12702
12701
12700
12699
12698
12697
12696
12695
12694
12693
12692
12691
12690
12689
12688
12687
12686
12685
12684
12683
12682
12681
12680
12679
12678
12677
12676
12675
12674
12673
12672
12671
12670
12669
12668
12667
12666
12665
12664
12663
12662
12661
12660
12659
12658
12657
12656
12655
12654
12653
12652
12651
12650
12649
12648
12647
12646
12645
12644
12643
12642
12641
12640
12639
12638
12637
12636
12635
12634
12633
12632
12631
12630
12629
12628
12627
12626
12625
12624
12623
12622
12621
12620
12619
12618
12617
12616
12615
12614
12613
12612
12611
12610
12609
12608
12607
12606
12605
12604
12603
12602
12601
12600
12599
12598
12597
12596
12595
12594
12593
12592
12591
12590
12589
12588
12587
12586
12585
12584
12583
12582
12581
12580
12579
12578
12577
12576
12575
12574
12573
12572
12571
12570
12569
12568
12567
12566
12565
12564
12563
12562
12561
12560
12559
12558
12557
12556
12555
12554
12553
12552
12551
12550
12549
12548
12547
12546
12545
12544
12543
12542
12541
12540
12539
12538
12537
12536
12535
12534
12533
12532
12531
12530
12529
12528
12527
12526
12525
12524
12523
12522
12521
12520
12519
12518
12517
12516
12515
12514
12513
12512
12511
12510
12509
12508
12507
12506
12505
12504
12503
12502
12501
12500
12499
12498
12497
12496
12495
12494
12493
12492
12491
12490
12489
12488
12487
12486
12485
12484
12483
12482
12481
12480
12479
12478
12477
12476
12475
12474
12473
12472
12471
12470
12469
12468
12467
12466
12465
12464
12463
12462
12461
12460
12459
12458
12457
12456
12455
12454
12453
12452
12451
12450
12449
12448
12447
12446
12445
12444
12443
12442
12441
12440
12439
12438
12437
12436
12435
12434
12433
12432
12431
12430
12429
12428
12427
12426
12425
12424
12423
12422
12421
12420
12419
12418
12417
12416
12415
12414
12413
12412
12411
12410
12409
12408
12407
12406
12405
12404
12403
12402
12401
12400
12399
12398
12397
12396
12395
12394
12393
12392
12391
12390
12389
12388
12387
12386
12385
12384
12383
12382
12381
12380
12379
12378
12377
12376
12375
12374
12373
12372
12371
12370
12369
12368
12367
12366
12365
12364
12363
12362
12361
12360
12359
12358
12357
12356
12355
12354
12353
12352
12351
12350
12349
12348
12347
12346
12345
12344
12343
12342
12341
12340
12339
12338
12337
12336
12335
12334
12333
12332
12331
12330
12329
12328
12327
12326
12325
12324
12323
12322
12321
12320
12319
12318
12317
12316
12315
12314
12313
12312
12311
12310
12309
12308
12307
12306
12305
12304
12303
12302
12301
12300
12299
12298
12297
12296
12295
12294
12293
12292
12291
12290
12289
12288
12287
12286
12285
12284
12283
12282
12281
12280
12279
12278
12277
12276
12275
12274
12273
12272
12271
12270
12269
12268
12267
12266
12265
12264
12263
12262
12261
12260
12259
12258
12257
12256
12255
12254
12253
12252
12251
12250
12249
12248
12247
12246
12245
12244
12243
12242
12241
12240
12239
12238
12237
12236
12235
12234
12233
12232
12231
12230
12229
12228
12227
12226
12225
12224
12223
12222
12221
12220
12219
12218
12217
12216
12215
12214
12213
12212
12211
12210
12209
12208
12207
12206
12205
12204
12203
12202
12201
12200
12199
12198
12197
12196
12195
12194
12193
12192
12191
12190
12189
12188
12187
12186
12185
12184
12183
12182
12181
12180
12179
12178
12177
12176
12175
12174
12173
12172
12171
12170
12169
12168
12167
12166
12165
12164
12163
12162
12161
12160
12159
12158
12157
12156
12155
12154
12153
12152
12151
12150
12149
12148
12147
12146
12145
12144
12143
12142
12141
12140
12139
12138
12137
12136
12135
12134
12133
12132
12131
12130
12129
12128
12127
12126
12125
12124
12123
12122
12121
12120
12119
12118
12117
12116
12115
12114
12113
12112
12111
12110
12109
12108
12107
12106
12105
12104
12103
12102
12101
12100
12099
12098
12097
12096
12095
12094
12093
12092
12091
12090
12089
12088
12087
12086
12085
12084
12083
12082
12081
12080
12079
12078
12077
12076
12075
12074
12073
12072
12071
12070
12069
12068
12067
12066
12065
12064
12063
12062
12061
12060
12059
12058
12057
12056
12055
12054
12053
12052
12051
12050
12049
12048
12047
12046
12045
12044
12043
12042
12041
12040
12039
12038
12037
12036
12035
12034
12033
12032
12031
12030
12029
12028
12027
12026
12025
12024
12023
12022
12021
12020
12019
12018
12017
12016
12015
12014
12013
12012
12011
12010
12009
12008
12007
12006
12005
12004
12003
12002
12001
12000
11999
11998
11997
11996
11995
11994
11993
11992
11991
11990
11989
11988
11987
11986
11985
11984
11983
11982
11981
11980
11979
11978
11977
11976
11975
11974
11973
11972
11971
11970
11969
11968
11967
11966
11965
11964
11963
11962
11961
11960
11959
11958
11957
11956
11955
11954
11953
11952
11951
11950
11949
11948
11947
11946
11945
11944
11943
11942
11941
11940
11939
11938
11937
11936
11935
11934
11933
11932
11931
11930
11929
11928
11927
11926
11925
11924
11923
11922
11921
11920
11919
11918
11917
11916
11915
11914
11913
11912
11911
11910
11909
11908
11907
11906
11905
11904
11903
11902
11901
11900
11899
11898
11897
11896
11895
11894
11893
11892
11891
11890
11889
11888
11887
11886
11885
11884
11883
11882
11881
11880
11879
11878
11877
11876
11875
11874
11873
11872
11871
11870
11869
11868
11867
11866
11865
11864
11863
11862
11861
11860
11859
11858
11857
11856
11855
11854
11853
11852
11851
11850
11849
11848
11847
11846
11845
11844
11843
11842
11841
11840
11839
11838
11837
11836
11835
11834
11833
11832
11831
11830
11829
11828
11827
11826
11825
11824
11823
11822
11821
11820
11819
11818
11817
11816
11815
11814
11813
11812
11811
11810
11809
11808
11807
11806
11805
11804
11803
11802
11801
11800
11799
11798
11797
11796
11795
11794
11793
11792
11791
11790
11789
11788
11787
11786
11785
11784
11783
11782
11781
11780
11779
11778
11777
11776
11775
11774
11773
11772
11771
11770
11769
11768
11767
11766
11765
11764
11763
11762
11761
11760
11759
11758
11757
11756
11755
11754
11753
11752
11751
11750
11749
11748
11747
11746
11745
11744
11743
11742
11741
11740
11739
11738
11737
11736
11735
11734
11733
11732
11731
11730
11729
11728
11727
11726
11725
11724
11723
11722
11721
11720
11719
11718
11717
11716
11715
11714
11713
11712
11711
11710
11709
11708
11707
11706
11705
11704
11703
11702
11701
11700
11699
11698
11697
11696
11695
11694
11693
11692
11691
11690
11689
11688
11687
11686
11685
11684
11683
11682
11681
11680
11679
11678
11677
11676
11675
11674
11673
11672
11671
11670
11669
11668
11667
11666
11665
11664
11663
11662
11661
11660
11659
11658
11657
11656
11655
11654
11653
11652
11651
11650
11649
11648
11647
11646
11645
11644
11643
11642
11641
11640
11639
11638
11637
11636
11635
11634
11633
11632
11631
11630
11629
11628
11627
11626
11625
11624
11623
11622
11621
11620
11619
11618
11617
11616
11615
11614
11613
11612
11611
11610
11609
11608
11607
11606
11605
11604
11603
11602
11601
11600
11599
11598
11597
11596
11595
11594
11593
11592
11591
11590
11589
11588
11587
11586
11585
11584
11583
11582
11581
11580
11579
11578
11577
11576
11575
11574
11573
11572
11571
11570
11569
11568
11567
11566
11565
11564
11563
11562
11561
11560
11559
11558
11557
11556
11555
11554
11553
11552
11551
11550
11549
11548
11547
11546
11545
11544
11543
11542
11541
11540
11539
11538
11537
11536
11535
11534
11533
11532
11531
11530
11529
11528
11527
11526
11525
11524
11523
11522
11521
11520
11519
11518
11517
11516
11515
11514
11513
11512
11511
11510
11509
11508
11507
11506
11505
11504
11503
11502
11501
11500
11499
11498
11497
11496
11495
11494
11493
11492
11491
11490
11489
11488
11487
11486
11485
11484
11483
11482
11481
11480
11479
11478
11477
11476
11475
11474
11473
11472
11471
11470
11469
11468
11467
11466
11465
11464
11463
11462
11461
11460
11459
11458
11457
11456
11455
11454
11453
11452
11451
11450
11449
11448
11447
11446
11445
11444
11443
11442
11441
11440
11439
11438
11437
11436
11435
11434
11433
11432
11431
11430
11429
11428
11427
11426
11425
11424
11423
11422
11421
11420
11419
11418
11417
11416
11415
11414
11413
11412
11411
11410
11409
11408
11407
11406
11405
11404
11403
11402
11401
11400
11399
11398
11397
11396
11395
11394
11393
11392
11391
11390
11389
11388
11387
11386
11385
11384
11383
11382
11381
11380
11379
11378
11377
11376
11375
11374
11373
11372
11371
11370
11369
11368
11367
11366
11365
11364
11363
11362
11361
11360
11359
11358
11357
11356
11355
11354
11353
11352
11351
11350
11349
11348
11347
11346
11345
11344
11343
11342
11341
11340
11339
11338
11337
11336
11335
11334
11333
11332
11331
11330
11329
11328
11327
11326
11325
11324
11323
11322
11321
11320
11319
11318
11317
11316
11315
11314
11313
11312
11311
11310
11309
11308
11307
11306
11305
11304
11303
11302
11301
11300
11299
11298
11297
11296
11295
11294
11293
11292
11291
11290
11289
11288
11287
11286
11285
11284
11283
11282
11281
11280
11279
11278
11277
11276
11275
11274
11273
11272
11271
11270
11269
11268
11267
11266
11265
11264
11263
11262
11261
11260
11259
11258
11257
11256
11255
11254
11253
11252
11251
11250
11249
11248
11247
11246
11245
11244
11243
11242
11241
11240
11239
11238
11237
11236
11235
11234
11233
11232
11231
11230
11229
11228
11227
11226
11225
11224
11223
11222
11221
11220
11219
11218
11217
11216
11215
11214
11213
11212
11211
11210
11209
11208
11207
11206
11205
11204
11203
11202
11201
11200
11199
11198
11197
11196
11195
11194
11193
11192
11191
11190
11189
11188
11187
11186
11185
11184
11183
11182
11181
11180
11179
11178
11177
11176
11175
11174
11173
11172
11171
11170
11169
11168
11167
11166
11165
11164
11163
11162
11161
11160
11159
11158
11157
11156
11155
11154
11153
11152
11151
11150
11149
11148
11147
11146
11145
11144
11143
11142
11141
11140
11139
11138
11137
11136
11135
11134
11133
11132
11131
11130
11129
11128
11127
11126
11125
11124
11123
11122
11121
11120
11119
11118
11117
11116
11115
11114
11113
11112
11111
11110
11109
11108
11107
11106
11105
11104
11103
11102
11101
11100
11099
11098
11097
11096
11095
11094
11093
11092
11091
11090
11089
11088
11087
11086
11085
11084
11083
11082
11081
11080
11079
11078
11077
11076
11075
11074
11073
11072
11071
11070
11069
11068
11067
11066
11065
11064
11063
11062
11061
11060
11059
11058
11057
11056
11055
11054
11053
11052
11051
11050
11049
11048
11047
11046
11045
11044
11043
11042
11041
11040
11039
11038
11037
11036
11035
11034
11033
11032
11031
11030
11029
11028
11027
11026
11025
11024
11023
11022
11021
11020
11019
11018
11017
11016
11015
11014
11013
11012
11011
11010
11009
11008
11007
11006
11005
11004
11003
11002
11001
11000
10999
10998
10997
10996
10995
10994
10993
10992
10991
10990
10989
10988
10987
10986
10985
10984
10983
10982
10981
10980
10979
10978
10977
10976
10975
10974
10973
10972
10971
10970
10969
10968
10967
10966
10965
10964
10963
10962
10961
10960
10959
10958
10957
10956
10955
10954
10953
10952
10951
10950
10949
10948
10947
10946
10945
10944
10943
10942
10941
10940
10939
10938
10937
10936
10935
10934
10933
10932
10931
10930
10929
10928
10927
10926
10925
10924
10923
10922
10921
10920
10919
10918
10917
10916
10915
10914
10913
10912
10911
10910
10909
10908
10907
10906
10905
10904
10903
10902
10901
10900
10899
10898
10897
10896
10895
10894
10893
10892
10891
10890
10889
10888
10887
10886
10885
10884
10883
10882
10881
10880
10879
10878
10877
10876
10875
10874
10873
10872
10871
10870
10869
10868
10867
10866
10865
10864
10863
10862
10861
10860
10859
10858
10857
10856
10855
10854
10853
10852
10851
10850
10849
10848
10847
10846
10845
10844
10843
10842
10841
10840
10839
10838
10837
10836
10835
10834
10833
10832
10831
10830
10829
10828
10827
10826
10825
10824
10823
10822
10821
10820
10819
10818
10817
10816
10815
10814
10813
10812
10811
10810
10809
10808
10807
10806
10805
10804
10803
10802
10801
10800
10799
10798
10797
10796
10795
10794
10793
10792
10791
10790
10789
10788
10787
10786
10785
10784
10783
10782
10781
10780
10779
10778
10777
10776
10775
10774
10773
10772
10771
10770
10769
10768
10767
10766
10765
10764
10763
10762
10761
10760
10759
10758
10757
10756
10755
10754
10753
10752
10751
10750
10749
10748
10747
10746
10745
10744
10743
10742
10741
10740
10739
10738
10737
10736
10735
10734
10733
10732
10731
10730
10729
10728
10727
10726
10725
10724
10723
10722
10721
10720
10719
10718
10717
10716
10715
10714
10713
10712
10711
10710
10709
10708
10707
10706
10705
10704
10703
10702
10701
10700
10699
10698
10697
10696
10695
10694
10693
10692
10691
10690
10689
10688
10687
10686
10685
10684
10683
10682
10681
10680
10679
10678
10677
10676
10675
10674
10673
10672
10671
10670
10669
10668
10667
10666
10665
10664
10663
10662
10661
10660
10659
10658
10657
10656
10655
10654
10653
10652
10651
10650
10649
10648
10647
10646
10645
10644
10643
10642
10641
10640
10639
10638
10637
10636
10635
10634
10633
10632
10631
10630
10629
10628
10627
10626
10625
10624
10623
10622
10621
10620
10619
10618
10617
10616
10615
10614
10613
10612
10611
10610
10609
10608
10607
10606
10605
10604
10603
10602
10601
10600
10599
10598
10597
10596
10595
10594
10593
10592
10591
10590
10589
10588
10587
10586
10585
10584
10583
10582
10581
10580
10579
10578
10577
10576
10575
10574
10573
10572
10571
10570
10569
10568
10567
10566
10565
10564
10563
10562
10561
10560
10559
10558
10557
10556
10555
10554
10553
10552
10551
10550
10549
10548
10547
10546
10545
10544
10543
10542
10541
10540
10539
10538
10537
10536
10535
10534
10533
10532
10531
10530
10529
10528
10527
10526
10525
10524
10523
10522
10521
10520
10519
10518
10517
10516
10515
10514
10513
10512
10511
10510
10509
10508
10507
10506
10505
10504
10503
10502
10501
10500
10499
10498
10497
10496
10495
10494
10493
10492
10491
10490
10489
10488
10487
10486
10485
10484
10483
10482
10481
10480
10479
10478
10477
10476
10475
10474
10473
10472
10471
10470
10469
10468
10467
10466
10465
10464
10463
10462
10461
10460
10459
10458
10457
10456
10455
10454
10453
10452
10451
10450
10449
10448
10447
10446
10445
10444
10443
10442
10441
10440
10439
10438
10437
10436
10435
10434
10433
10432
10431
10430
10429
10428
10427
10426
10425
10424
10423
10422
10421
10420
10419
10418
10417
10416
10415
10414
10413
10412
10411
10410
10409
10408
10407
10406
10405
10404
10403
10402
10401
10400
10399
10398
10397
10396
10395
10394
10393
10392
10391
10390
10389
10388
10387
10386
10385
10384
10383
10382
10381
10380
10379
10378
10377
10376
10375
10374
10373
10372
10371
10370
10369
10368
10367
10366
10365
10364
10363
10362
10361
10360
10359
10358
10357
10356
10355
10354
10353
10352
10351
10350
10349
10348
10347
10346
10345
10344
10343
10342
10341
10340
10339
10338
10337
10336
10335
10334
10333
10332
10331
10330
10329
10328
10327
10326
10325
10324
10323
10322
10321
10320
10319
10318
10317
10316
10315
10314
10313
10312
10311
10310
10309
10308
10307
10306
10305
10304
10303
10302
10301
10300
10299
10298
10297
10296
10295
10294
10293
10292
10291
10290
10289
10288
10287
10286
10285
10284
10283
10282
10281
10280
10279
10278
10277
10276
10275
10274
10273
10272
10271
10270
10269
10268
10267
10266
10265
10264
10263
10262
10261
10260
10259
10258
10257
10256
10255
10254
10253
10252
10251
10250
10249
10248
10247
10246
10245
10244
10243
10242
10241
10240
10239
10238
10237
10236
10235
10234
10233
10232
10231
10230
10229
10228
10227
10226
10225
10224
10223
10222
10221
10220
10219
10218
10217
10216
10215
10214
10213
10212
10211
10210
10209
10208
10207
10206
10205
10204
10203
10202
10201
10200
10199
10198
10197
10196
10195
10194
10193
10192
10191
10190
10189
10188
10187
10186
10185
10184
10183
10182
10181
10180
10179
10178
10177
10176
10175
10174
10173
10172
10171
10170
10169
10168
10167
10166
10165
10164
10163
10162
10161
10160
10159
10158
10157
10156
10155
10154
10153
10152
10151
10150
10149
10148
10147
10146
10145
10144
10143
10142
10141
10140
10139
10138
10137
10136
10135
10134
10133
10132
10131
10130
10129
10128
10127
10126
10125
10124
10123
10122
10121
10120
10119
10118
10117
10116
10115
10114
10113
10112
10111
10110
10109
10108
10107
10106
10105
10104
10103
10102
10101
10100
10099
10098
10097
10096
10095
10094
10093
10092
10091
10090
10089
10088
10087
10086
10085
10084
10083
10082
10081
10080
10079
10078
10077
10076
10075
10074
10073
10072
10071
10070
10069
10068
10067
10066
10065
10064
10063
10062
10061
10060
10059
10058
10057
10056
10055
10054
10053
10052
10051
10050
10049
10048
10047
10046
10045
10044
10043
10042
10041
10040
10039
10038
10037
10036
10035
10034
10033
10032
10031
10030
10029
10028
10027
10026
10025
10024
10023
10022
10021
10020
10019
10018
10017
10016
10015
10014
10013
10012
10011
10010
10009
10008
10007
10006
10005
10004
10003
10002
10001
10000
9999
9998
9997
9996
9995
9994
9993
9992
9991
9990
9989
9988
9987
9986
9985
9984
9983
9982
9981
9980
9979
9978
9977
9976
9975
9974
9973
9972
9971
9970
9969
9968
9967
9966
9965
9964
9963
9962
9961
9960
9959
9958
9957
9956
9955
9954
9953
9952
9951
9950
9949
9948
9947
9946
9945
9944
9943
9942
9941
9940
9939
9938
9937
9936
9935
9934
9933
9932
9931
9930
9929
9928
9927
9926
9925
9924
9923
9922
9921
9920
9919
9918
9917
9916
9915
9914
9913
9912
9911
9910
9909
9908
9907
9906
9905
9904
9903
9902
9901
9900
9899
9898
9897
9896
9895
9894
9893
9892
9891
9890
9889
9888
9887
9886
9885
9884
9883
9882
9881
9880
9879
9878
9877
9876
9875
9874
9873
9872
9871
9870
9869
9868
9867
9866
9865
9864
9863
9862
9861
9860
9859
9858
9857
9856
9855
9854
9853
9852
9851
9850
9849
9848
9847
9846
9845
9844
9843
9842
9841
9840
9839
9838
9837
9836
9835
9834
9833
9832
9831
9830
9829
9828
9827
9826
9825
9824
9823
9822
9821
9820
9819
9818
9817
9816
9815
9814
9813
9812
9811
9810
9809
9808
9807
9806
9805
9804
9803
9802
9801
9800
9799
9798
9797
9796
9795
9794
9793
9792
9791
9790
9789
9788
9787
9786
9785
9784
9783
9782
9781
9780
9779
9778
9777
9776
9775
9774
9773
9772
9771
9770
9769
9768
9767
9766
9765
9764
9763
9762
9761
9760
9759
9758
9757
9756
9755
9754
9753
9752
9751
9750
9749
9748
9747
9746
9745
9744
9743
9742
9741
9740
9739
9738
9737
9736
9735
9734
9733
9732
9731
9730
9729
9728
9727
9726
9725
9724
9723
9722
9721
9720
9719
9718
9717
9716
9715
9714
9713
9712
9711
9710
9709
9708
9707
9706
9705
9704
9703
9702
9701
9700
9699
9698
9697
9696
9695
9694
9693
9692
9691
9690
9689
9688
9687
9686
9685
9684
9683
9682
9681
9680
9679
9678
9677
9676
9675
9674
9673
9672
9671
9670
9669
9668
9667
9666
9665
9664
9663
9662
9661
9660
9659
9658
9657
9656
9655
9654
9653
9652
9651
9650
9649
9648
9647
9646
9645
9644
9643
9642
9641
9640
9639
9638
9637
9636
9635
9634
9633
9632
9631
9630
9629
9628
9627
9626
9625
9624
9623
9622
9621
9620
9619
9618
9617
9616
9615
9614
9613
9612
9611
9610
9609
9608
9607
9606
9605
9604
9603
9602
9601
9600
9599
9598
9597
9596
9595
9594
9593
9592
9591
9590
9589
9588
9587
9586
9585
9584
9583
9582
9581
9580
9579
9578
9577
9576
9575
9574
9573
9572
9571
9570
9569
9568
9567
9566
9565
9564
9563
9562
9561
9560
9559
9558
9557
9556
9555
9554
9553
9552
9551
9550
9549
9548
9547
9546
9545
9544
9543
9542
9541
9540
9539
9538
9537
9536
9535
9534
9533
9532
9531
9530
9529
9528
9527
9526
9525
9524
9523
9522
9521
9520
9519
9518
9517
9516
9515
9514
9513
9512
9511
9510
9509
9508
9507
9506
9505
9504
9503
9502
9501
9500
9499
9498
9497
9496
9495
9494
9493
9492
9491
9490
9489
9488
9487
9486
9485
9484
9483
9482
9481
9480
9479
9478
9477
9476
9475
9474
9473
9472
9471
9470
9469
9468
9467
9466
9465
9464
9463
9462
9461
9460
9459
9458
9457
9456
9455
9454
9453
9452
9451
9450
9449
9448
9447
9446
9445
9444
9443
9442
9441
9440
9439
9438
9437
9436
9435
9434
9433
9432
9431
9430
9429
9428
9427
9426
9425
9424
9423
9422
9421
9420
9419
9418
9417
9416
9415
9414
9413
9412
9411
9410
9409
9408
9407
9406
9405
9404
9403
9402
9401
9400
9399
9398
9397
9396
9395
9394
9393
9392
9391
9390
9389
9388
9387
9386
9385
9384
9383
9382
9381
9380
9379
9378
9377
9376
9375
9374
9373
9372
9371
9370
9369
9368
9367
9366
9365
9364
9363
9362
9361
9360
9359
9358
9357
9356
9355
9354
9353
9352
9351
9350
9349
9348
9347
9346
9345
9344
9343
9342
9341
9340
9339
9338
9337
9336
9335
9334
9333
9332
9331
9330
9329
9328
9327
9326
9325
9324
9323
9322
9321
9320
9319
9318
9317
9316
9315
9314
9313
9312
9311
9310
9309
9308
9307
9306
9305
9304
9303
9302
9301
9300
9299
9298
9297
9296
9295
9294
9293
9292
9291
9290
9289
9288
9287
9286
9285
9284
9283
9282
9281
9280
9279
9278
9277
9276
9275
9274
9273
9272
9271
9270
9269
9268
9267
9266
9265
9264
9263
9262
9261
9260
9259
9258
9257
9256
9255
9254
9253
9252
9251
9250
9249
9248
9247
9246
9245
9244
9243
9242
9241
9240
9239
9238
9237
9236
9235
9234
9233
9232
9231
9230
9229
9228
9227
9226
9225
9224
9223
9222
9221
9220
9219
9218
9217
9216
9215
9214
9213
9212
9211
9210
9209
9208
9207
9206
9205
9204
9203
9202
9201
9200
9199
9198
9197
9196
9195
9194
9193
9192
9191
9190
9189
9188
9187
9186
9185
9184
9183
9182
9181
9180
9179
9178
9177
9176
9175
9174
9173
9172
9171
9170
9169
9168
9167
9166
9165
9164
9163
9162
9161
9160
9159
9158
9157
9156
9155
9154
9153
9152
9151
9150
9149
9148
9147
9146
9145
9144
9143
9142
9141
9140
9139
9138
9137
9136
9135
9134
9133
9132
9131
9130
9129
9128
9127
9126
9125
9124
9123
9122
9121
9120
9119
9118
9117
9116
9115
9114
9113
9112
9111
9110
9109
9108
9107
9106
9105
9104
9103
9102
9101
9100
9099
9098
9097
9096
9095
9094
9093
9092
9091
9090
9089
9088
9087
9086
9085
9084
9083
9082
9081
9080
9079
9078
9077
9076
9075
9074
9073
9072
9071
9070
9069
9068
9067
9066
9065
9064
9063
9062
9061
9060
9059
9058
9057
9056
9055
9054
9053
9052
9051
9050
9049
9048
9047
9046
9045
9044
9043
9042
9041
9040
9039
9038
9037
9036
9035
9034
9033
9032
9031
9030
9029
9028
9027
9026
9025
9024
9023
9022
9021
9020
9019
9018
9017
9016
9015
9014
9013
9012
9011
9010
9009
9008
9007
9006
9005
9004
9003
9002
9001
9000
8999
8998
8997
8996
8995
8994
8993
8992
8991
8990
8989
8988
8987
8986
8985
8984
8983
8982
8981
8980
8979
8978
8977
8976
8975
8974
8973
8972
8971
8970
8969
8968
8967
8966
8965
8964
8963
8962
8961
8960
8959
8958
8957
8956
8955
8954
8953
8952
8951
8950
8949
8948
8947
8946
8945
8944
8943
8942
8941
8940
8939
8938
8937
8936
8935
8934
8933
8932
8931
8930
8929
8928
8927
8926
8925
8924
8923
8922
8921
8920
8919
8918
8917
8916
8915
8914
8913
8912
8911
8910
8909
8908
8907
8906
8905
8904
8903
8902
8901
8900
8899
8898
8897
8896
8895
8894
8893
8892
8891
8890
8889
8888
8887
8886
8885
8884
8883
8882
8881
8880
8879
8878
8877
8876
8875
8874
8873
8872
8871
8870
8869
8868
8867
8866
8865
8864
8863
8862
8861
8860
8859
8858
8857
8856
8855
8854
8853
8852
8851
8850
8849
8848
8847
8846
8845
8844
8843
8842
8841
8840
8839
8838
8837
8836
8835
8834
8833
8832
8831
8830
8829
8828
8827
8826
8825
8824
8823
8822
8821
8820
8819
8818
8817
8816
8815
8814
8813
8812
8811
8810
8809
8808
8807
8806
8805
8804
8803
8802
8801
8800
8799
8798
8797
8796
8795
8794
8793
8792
8791
8790
8789
8788
8787
8786
8785
8784
8783
8782
8781
8780
8779
8778
8777
8776
8775
8774
8773
8772
8771
8770
8769
8768
8767
8766
8765
8764
8763
8762
8761
8760
8759
8758
8757
8756
8755
8754
8753
8752
8751
8750
8749
8748
8747
8746
8745
8744
8743
8742
8741
8740
8739
8738
8737
8736
8735
8734
8733
8732
8731
8730
8729
8728
8727
8726
8725
8724
8723
8722
8721
8720
8719
8718
8717
8716
8715
8714
8713
8712
8711
8710
8709
8708
8707
8706
8705
8704
8703
8702
8701
8700
8699
8698
8697
8696
8695
8694
8693
8692
8691
8690
8689
8688
8687
8686
8685
8684
8683
8682
8681
8680
8679
8678
8677
8676
8675
8674
8673
8672
8671
8670
8669
8668
8667
8666
8665
8664
8663
8662
8661
8660
8659
8658
8657
8656
8655
8654
8653
8652
8651
8650
8649
8648
8647
8646
8645
8644
8643
8642
8641
8640
8639
8638
8637
8636
8635
8634
8633
8632
8631
8630
8629
8628
8627
8626
8625
8624
8623
8622
8621
8620
8619
8618
8617
8616
8615
8614
8613
8612
8611
8610
8609
8608
8607
8606
8605
8604
8603
8602
8601
8600
8599
8598
8597
8596
8595
8594
8593
8592
8591
8590
8589
8588
8587
8586
8585
8584
8583
8582
8581
8580
8579
8578
8577
8576
8575
8574
8573
8572
8571
8570
8569
8568
8567
8566
8565
8564
8563
8562
8561
8560
8559
8558
8557
8556
8555
8554
8553
8552
8551
8550
8549
8548
8547
8546
8545
8544
8543
8542
8541
8540
8539
8538
8537
8536
8535
8534
8533
8532
8531
8530
8529
8528
8527
8526
8525
8524
8523
8522
8521
8520
8519
8518
8517
8516
8515
8514
8513
8512
8511
8510
8509
8508
8507
8506
8505
8504
8503
8502
8501
8500
8499
8498
8497
8496
8495
8494
8493
8492
8491
8490
8489
8488
8487
8486
8485
8484
8483
8482
8481
8480
8479
8478
8477
8476
8475
8474
8473
8472
8471
8470
8469
8468
8467
8466
8465
8464
8463
8462
8461
8460
8459
8458
8457
8456
8455
8454
8453
8452
8451
8450
8449
8448
8447
8446
8445
8444
8443
8442
8441
8440
8439
8438
8437
8436
8435
8434
8433
8432
8431
8430
8429
8428
8427
8426
8425
8424
8423
8422
8421
8420
8419
8418
8417
8416
8415
8414
8413
8412
8411
8410
8409
8408
8407
8406
8405
8404
8403
8402
8401
8400
8399
8398
8397
8396
8395
8394
8393
8392
8391
8390
8389
8388
8387
8386
8385
8384
8383
8382
8381
8380
8379
8378
8377
8376
8375
8374
8373
8372
8371
8370
8369
8368
8367
8366
8365
8364
8363
8362
8361
8360
8359
8358
8357
8356
8355
8354
8353
8352
8351
8350
8349
8348
8347
8346
8345
8344
8343
8342
8341
8340
8339
8338
8337
8336
8335
8334
8333
8332
8331
8330
8329
8328
8327
8326
8325
8324
8323
8322
8321
8320
8319
8318
8317
8316
8315
8314
8313
8312
8311
8310
8309
8308
8307
8306
8305
8304
8303
8302
8301
8300
8299
8298
8297
8296
8295
8294
8293
8292
8291
8290
8289
8288
8287
8286
8285
8284
8283
8282
8281
8280
8279
8278
8277
8276
8275
8274
8273
8272
8271
8270
8269
8268
8267
8266
8265
8264
8263
8262
8261
8260
8259
8258
8257
8256
8255
8254
8253
8252
8251
8250
8249
8248
8247
8246
8245
8244
8243
8242
8241
8240
8239
8238
8237
8236
8235
8234
8233
8232
8231
8230
8229
8228
8227
8226
8225
8224
8223
8222
8221
8220
8219
8218
8217
8216
8215
8214
8213
8212
8211
8210
8209
8208
8207
8206
8205
8204
8203
8202
8201
8200
8199
8198
8197
8196
8195
8194
8193
8192
8191
8190
8189
8188
8187
8186
8185
8184
8183
8182
8181
8180
8179
8178
8177
8176
8175
8174
8173
8172
8171
8170
8169
8168
8167
8166
8165
8164
8163
8162
8161
8160
8159
8158
8157
8156
8155
8154
8153
8152
8151
8150
8149
8148
8147
8146
8145
8144
8143
8142
8141
8140
8139
8138
8137
8136
8135
8134
8133
8132
8131
8130
8129
8128
8127
8126
8125
8124
8123
8122
8121
8120
8119
8118
8117
8116
8115
8114
8113
8112
8111
8110
8109
8108
8107
8106
8105
8104
8103
8102
8101
8100
8099
8098
8097
8096
8095
8094
8093
8092
8091
8090
8089
8088
8087
8086
8085
8084
8083
8082
8081
8080
8079
8078
8077
8076
8075
8074
8073
8072
8071
8070
8069
8068
8067
8066
8065
8064
8063
8062
8061
8060
8059
8058
8057
8056
8055
8054
8053
8052
8051
8050
8049
8048
8047
8046
8045
8044
8043
8042
8041
8040
8039
8038
8037
8036
8035
8034
8033
8032
8031
8030
8029
8028
8027
8026
8025
8024
8023
8022
8021
8020
8019
8018
8017
8016
8015
8014
8013
8012
8011
8010
8009
8008
8007
8006
8005
8004
8003
8002
8001
8000
7999
7998
7997
7996
7995
7994
7993
7992
7991
7990
7989
7988
7987
7986
7985
7984
7983
7982
7981
7980
7979
7978
7977
7976
7975
7974
7973
7972
7971
7970
7969
7968
7967
7966
7965
7964
7963
7962
7961
7960
7959
7958
7957
7956
7955
7954
7953
7952
7951
7950
7949
7948
7947
7946
7945
7944
7943
7942
7941
7940
7939
7938
7937
7936
7935
7934
7933
7932
7931
7930
7929
7928
7927
7926
7925
7924
7923
7922
7921
7920
7919
7918
7917
7916
7915
7914
7913
7912
7911
7910
7909
7908
7907
7906
7905
7904
7903
7902
7901
7900
7899
7898
7897
7896
7895
7894
7893
7892
7891
7890
7889
7888
7887
7886
7885
7884
7883
7882
7881
7880
7879
7878
7877
7876
7875
7874
7873
7872
7871
7870
7869
7868
7867
7866
7865
7864
7863
7862
7861
7860
7859
7858
7857
7856
7855
7854
7853
7852
7851
7850
7849
7848
7847
7846
7845
7844
7843
7842
7841
7840
7839
7838
7837
7836
7835
7834
7833
7832
7831
7830
7829
7828
7827
7826
7825
7824
7823
7822
7821
7820
7819
7818
7817
7816
7815
7814
7813
7812
7811
7810
7809
7808
7807
7806
7805
7804
7803
7802
7801
7800
7799
7798
7797
7796
7795
7794
7793
7792
7791
7790
7789
7788
7787
7786
7785
7784
7783
7782
7781
7780
7779
7778
7777
7776
7775
7774
7773
7772
7771
7770
7769
7768
7767
7766
7765
7764
7763
7762
7761
7760
7759
7758
7757
7756
7755
7754
7753
7752
7751
7750
7749
7748
7747
7746
7745
7744
7743
7742
7741
7740
7739
7738
7737
7736
7735
7734
7733
7732
7731
7730
7729
7728
7727
7726
7725
7724
7723
7722
7721
7720
7719
7718
7717
7716
7715
7714
7713
7712
7711
7710
7709
7708
7707
7706
7705
7704
7703
7702
7701
7700
7699
7698
7697
7696
7695
7694
7693
7692
7691
7690
7689
7688
7687
7686
7685
7684
7683
7682
7681
7680
7679
7678
7677
7676
7675
7674
7673
7672
7671
7670
7669
7668
7667
7666
7665
7664
7663
7662
7661
7660
7659
7658
7657
7656
7655
7654
7653
7652
7651
7650
7649
7648
7647
7646
7645
7644
7643
7642
7641
7640
7639
7638
7637
7636
7635
7634
7633
7632
7631
7630
7629
7628
7627
7626
7625
7624
7623
7622
7621
7620
7619
7618
7617
7616
7615
7614
7613
7612
7611
7610
7609
7608
7607
7606
7605
7604
7603
7602
7601
7600
7599
7598
7597
7596
7595
7594
7593
7592
7591
7590
7589
7588
7587
7586
7585
7584
7583
7582
7581
7580
7579
7578
7577
7576
7575
7574
7573
7572
7571
7570
7569
7568
7567
7566
7565
7564
7563
7562
7561
7560
7559
7558
7557
7556
7555
7554
7553
7552
7551
7550
7549
7548
7547
7546
7545
7544
7543
7542
7541
7540
7539
7538
7537
7536
7535
7534
7533
7532
7531
7530
7529
7528
7527
7526
7525
7524
7523
7522
7521
7520
7519
7518
7517
7516
7515
7514
7513
7512
7511
7510
7509
7508
7507
7506
7505
7504
7503
7502
7501
7500
7499
7498
7497
7496
7495
7494
7493
7492
7491
7490
7489
7488
7487
7486
7485
7484
7483
7482
7481
7480
7479
7478
7477
7476
7475
7474
7473
7472
7471
7470
7469
7468
7467
7466
7465
7464
7463
7462
7461
7460
7459
7458
7457
7456
7455
7454
7453
7452
7451
7450
7449
7448
7447
7446
7445
7444
7443
7442
7441
7440
7439
7438
7437
7436
7435
7434
7433
7432
7431
7430
7429
7428
7427
7426
7425
7424
7423
7422
7421
7420
7419
7418
7417
7416
7415
7414
7413
7412
7411
7410
7409
7408
7407
7406
7405
7404
7403
7402
7401
7400
7399
7398
7397
7396
7395
7394
7393
7392
7391
7390
7389
7388
7387
7386
7385
7384
7383
7382
7381
7380
7379
7378
7377
7376
7375
7374
7373
7372
7371
7370
7369
7368
7367
7366
7365
7364
7363
7362
7361
7360
7359
7358
7357
7356
7355
7354
7353
7352
7351
7350
7349
7348
7347
7346
7345
7344
7343
7342
7341
7340
7339
7338
7337
7336
7335
7334
7333
7332
7331
7330
7329
7328
7327
7326
7325
7324
7323
7322
7321
7320
7319
7318
7317
7316
7315
7314
7313
7312
7311
7310
7309
7308
7307
7306
7305
7304
7303
7302
7301
7300
7299
7298
7297
7296
7295
7294
7293
7292
7291
7290
7289
7288
7287
7286
7285
7284
7283
7282
7281
7280
7279
7278
7277
7276
7275
7274
7273
7272
7271
7270
7269
7268
7267
7266
7265
7264
7263
7262
7261
7260
7259
7258
7257
7256
7255
7254
7253
7252
7251
7250
7249
7248
7247
7246
7245
7244
7243
7242
7241
7240
7239
7238
7237
7236
7235
7234
7233
7232
7231
7230
7229
7228
7227
7226
7225
7224
7223
7222
7221
7220
7219
7218
7217
7216
7215
7214
7213
7212
7211
7210
7209
7208
7207
7206
7205
7204
7203
7202
7201
7200
7199
7198
7197
7196
7195
7194
7193
7192
7191
7190
7189
7188
7187
7186
7185
7184
7183
7182
7181
7180
7179
7178
7177
7176
7175
7174
7173
7172
7171
7170
7169
7168
7167
7166
7165
7164
7163
7162
7161
7160
7159
7158
7157
7156
7155
7154
7153
7152
7151
7150
7149
7148
7147
7146
7145
7144
7143
7142
7141
7140
7139
7138
7137
7136
7135
7134
7133
7132
7131
7130
7129
7128
7127
7126
7125
7124
7123
7122
7121
7120
7119
7118
7117
7116
7115
7114
7113
7112
7111
7110
7109
7108
7107
7106
7105
7104
7103
7102
7101
7100
7099
7098
7097
7096
7095
7094
7093
7092
7091
7090
7089
7088
7087
7086
7085
7084
7083
7082
7081
7080
7079
7078
7077
7076
7075
7074
7073
7072
7071
7070
7069
7068
7067
7066
7065
7064
7063
7062
7061
7060
7059
7058
7057
7056
7055
7054
7053
7052
7051
7050
7049
7048
7047
7046
7045
7044
7043
7042
7041
7040
7039
7038
7037
7036
7035
7034
7033
7032
7031
7030
7029
7028
7027
7026
7025
7024
7023
7022
7021
7020
7019
7018
7017
7016
7015
7014
7013
7012
7011
7010
7009
7008
7007
7006
7005
7004
7003
7002
7001
7000
6999
6998
6997
6996
6995
6994
6993
6992
6991
6990
6989
6988
6987
6986
6985
6984
6983
6982
6981
6980
6979
6978
6977
6976
6975
6974
6973
6972
6971
6970
6969
6968
6967
6966
6965
6964
6963
6962
6961
6960
6959
6958
6957
6956
6955
6954
6953
6952
6951
6950
6949
6948
6947
6946
6945
6944
6943
6942
6941
6940
6939
6938
6937
6936
6935
6934
6933
6932
6931
6930
6929
6928
6927
6926
6925
6924
6923
6922
6921
6920
6919
6918
6917
6916
6915
6914
6913
6912
6911
6910
6909
6908
6907
6906
6905
6904
6903
6902
6901
6900
6899
6898
6897
6896
6895
6894
6893
6892
6891
6890
6889
6888
6887
6886
6885
6884
6883
6882
6881
6880
6879
6878
6877
6876
6875
6874
6873
6872
6871
6870
6869
6868
6867
6866
6865
6864
6863
6862
6861
6860
6859
6858
6857
6856
6855
6854
6853
6852
6851
6850
6849
6848
6847
6846
6845
6844
6843
6842
6841
6840
6839
6838
6837
6836
6835
6834
6833
6832
6831
6830
6829
6828
6827
6826
6825
6824
6823
6822
6821
6820
6819
6818
6817
6816
6815
6814
6813
6812
6811
6810
6809
6808
6807
6806
6805
6804
6803
6802
6801
6800
6799
6798
6797
6796
6795
6794
6793
6792
6791
6790
6789
6788
6787
6786
6785
6784
6783
6782
6781
6780
6779
6778
6777
6776
6775
6774
6773
6772
6771
6770
6769
6768
6767
6766
6765
6764
6763
6762
6761
6760
6759
6758
6757
6756
6755
6754
6753
6752
6751
6750
6749
6748
6747
6746
6745
6744
6743
6742
6741
6740
6739
6738
6737
6736
6735
6734
6733
6732
6731
6730
6729
6728
6727
6726
6725
6724
6723
6722
6721
6720
6719
6718
6717
6716
6715
6714
6713
6712
6711
6710
6709
6708
6707
6706
6705
6704
6703
6702
6701
6700
6699
6698
6697
6696
6695
6694
6693
6692
6691
6690
6689
6688
6687
6686
6685
6684
6683
6682
6681
6680
6679
6678
6677
6676
6675
6674
6673
6672
6671
6670
6669
6668
6667
6666
6665
6664
6663
6662
6661
6660
6659
6658
6657
6656
6655
6654
6653
6652
6651
6650
6649
6648
6647
6646
6645
6644
6643
6642
6641
6640
6639
6638
6637
6636
6635
6634
6633
6632
6631
6630
6629
6628
6627
6626
6625
6624
6623
6622
6621
6620
6619
6618
6617
6616
6615
6614
6613
6612
6611
6610
6609
6608
6607
6606
6605
6604
6603
6602
6601
6600
6599
6598
6597
6596
6595
6594
6593
6592
6591
6590
6589
6588
6587
6586
6585
6584
6583
6582
6581
6580
6579
6578
6577
6576
6575
6574
6573
6572
6571
6570
6569
6568
6567
6566
6565
6564
6563
6562
6561
6560
6559
6558
6557
6556
6555
6554
6553
6552
6551
6550
6549
6548
6547
6546
6545
6544
6543
6542
6541
6540
6539
6538
6537
6536
6535
6534
6533
6532
6531
6530
6529
6528
6527
6526
6525
6524
6523
6522
6521
6520
6519
6518
6517
6516
6515
6514
6513
6512
6511
6510
6509
6508
6507
6506
6505
6504
6503
6502
6501
6500
6499
6498
6497
6496
6495
6494
6493
6492
6491
6490
6489
6488
6487
6486
6485
6484
6483
6482
6481
6480
6479
6478
6477
6476
6475
6474
6473
6472
6471
6470
6469
6468
6467
6466
6465
6464
6463
6462
6461
6460
6459
6458
6457
6456
6455
6454
6453
6452
6451
6450
6449
6448
6447
6446
6445
6444
6443
6442
6441
6440
6439
6438
6437
6436
6435
6434
6433
6432
6431
6430
6429
6428
6427
6426
6425
6424
6423
6422
6421
6420
6419
6418
6417
6416
6415
6414
6413
6412
6411
6410
6409
6408
6407
6406
6405
6404
6403
6402
6401
6400
6399
6398
6397
6396
6395
6394
6393
6392
6391
6390
6389
6388
6387
6386
6385
6384
6383
6382
6381
6380
6379
6378
6377
6376
6375
6374
6373
6372
6371
6370
6369
6368
6367
6366
6365
6364
6363
6362
6361
6360
6359
6358
6357
6356
6355
6354
6353
6352
6351
6350
6349
6348
6347
6346
6345
6344
6343
6342
6341
6340
6339
6338
6337
6336
6335
6334
6333
6332
6331
6330
6329
6328
6327
6326
6325
6324
6323
6322
6321
6320
6319
6318
6317
6316
6315
6314
6313
6312
6311
6310
6309
6308
6307
6306
6305
6304
6303
6302
6301
6300
6299
6298
6297
6296
6295
6294
6293
6292
6291
6290
6289
6288
6287
6286
6285
6284
6283
6282
6281
6280
6279
6278
6277
6276
6275
6274
6273
6272
6271
6270
6269
6268
6267
6266
6265
6264
6263
6262
6261
6260
6259
6258
6257
6256
6255
6254
6253
6252
6251
6250
6249
6248
6247
6246
6245
6244
6243
6242
6241
6240
6239
6238
6237
6236
6235
6234
6233
6232
6231
6230
6229
6228
6227
6226
6225
6224
6223
6222
6221
6220
6219
6218
6217
6216
6215
6214
6213
6212
6211
6210
6209
6208
6207
6206
6205
6204
6203
6202
6201
6200
6199
6198
6197
6196
6195
6194
6193
6192
6191
6190
6189
6188
6187
6186
6185
6184
6183
6182
6181
6180
6179
6178
6177
6176
6175
6174
6173
6172
6171
6170
6169
6168
6167
6166
6165
6164
6163
6162
6161
6160
6159
6158
6157
6156
6155
6154
6153
6152
6151
6150
6149
6148
6147
6146
6145
6144
6143
6142
6141
6140
6139
6138
6137
6136
6135
6134
6133
6132
6131
6130
6129
6128
6127
6126
6125
6124
6123
6122
6121
6120
6119
6118
6117
6116
6115
6114
6113
6112
6111
6110
6109
6108
6107
6106
6105
6104
6103
6102
6101
6100
6099
6098
6097
6096
6095
6094
6093
6092
6091
6090
6089
6088
6087
6086
6085
6084
6083
6082
6081
6080
6079
6078
6077
6076
6075
6074
6073
6072
6071
6070
6069
6068
6067
6066
6065
6064
6063
6062
6061
6060
6059
6058
6057
6056
6055
6054
6053
6052
6051
6050
6049
6048
6047
6046
6045
6044
6043
6042
6041
6040
6039
6038
6037
6036
6035
6034
6033
6032
6031
6030
6029
6028
6027
6026
6025
6024
6023
6022
6021
6020
6019
6018
6017
6016
6015
6014
6013
6012
6011
6010
6009
6008
6007
6006
6005
6004
6003
6002
6001
6000
5999
5998
5997
5996
5995
5994
5993
5992
5991
5990
5989
5988
5987
5986
5985
5984
5983
5982
5981
5980
5979
5978
5977
5976
5975
5974
5973
5972
5971
5970
5969
5968
5967
5966
5965
5964
5963
5962
5961
5960
5959
5958
5957
5956
5955
5954
5953
5952
5951
5950
5949
5948
5947
5946
5945
5944
5943
5942
5941
5940
5939
5938
5937
5936
5935
5934
5933
5932
5931
5930
5929
5928
5927
5926
5925
5924
5923
5922
5921
5920
5919
5918
5917
5916
5915
5914
5913
5912
5911
5910
5909
5908
5907
5906
5905
5904
5903
5902
5901
5900
5899
5898
5897
5896
5895
5894
5893
5892
5891
5890
5889
5888
5887
5886
5885
5884
5883
5882
5881
5880
5879
5878
5877
5876
5875
5874
5873
5872
5871
5870
5869
5868
5867
5866
5865
5864
5863
5862
5861
5860
5859
5858
5857
5856
5855
5854
5853
5852
5851
5850
5849
5848
5847
5846
5845
5844
5843
5842
5841
5840
5839
5838
5837
5836
5835
5834
5833
5832
5831
5830
5829
5828
5827
5826
5825
5824
5823
5822
5821
5820
5819
5818
5817
5816
5815
5814
5813
5812
5811
5810
5809
5808
5807
5806
5805
5804
5803
5802
5801
5800
5799
5798
5797
5796
5795
5794
5793
5792
5791
5790
5789
5788
5787
5786
5785
5784
5783
5782
5781
5780
5779
5778
5777
5776
5775
5774
5773
5772
5771
5770
5769
5768
5767
5766
5765
5764
5763
5762
5761
5760
5759
5758
5757
5756
5755
5754
5753
5752
5751
5750
5749
5748
5747
5746
5745
5744
5743
5742
5741
5740
5739
5738
5737
5736
5735
5734
5733
5732
5731
5730
5729
5728
5727
5726
5725
5724
5723
5722
5721
5720
5719
5718
5717
5716
5715
5714
5713
5712
5711
5710
5709
5708
5707
5706
5705
5704
5703
5702
5701
5700
5699
5698
5697
5696
5695
5694
5693
5692
5691
5690
5689
5688
5687
5686
5685
5684
5683
5682
5681
5680
5679
5678
5677
5676
5675
5674
5673
5672
5671
5670
5669
5668
5667
5666
5665
5664
5663
5662
5661
5660
5659
5658
5657
5656
5655
5654
5653
5652
5651
5650
5649
5648
5647
5646
5645
5644
5643
5642
5641
5640
5639
5638
5637
5636
5635
5634
5633
5632
5631
5630
5629
5628
5627
5626
5625
5624
5623
5622
5621
5620
5619
5618
5617
5616
5615
5614
5613
5612
5611
5610
5609
5608
5607
5606
5605
5604
5603
5602
5601
5600
5599
5598
5597
5596
5595
5594
5593
5592
5591
5590
5589
5588
5587
5586
5585
5584
5583
5582
5581
5580
5579
5578
5577
5576
5575
5574
5573
5572
5571
5570
5569
5568
5567
5566
5565
5564
5563
5562
5561
5560
5559
5558
5557
5556
5555
5554
5553
5552
5551
5550
5549
5548
5547
5546
5545
5544
5543
5542
5541
5540
5539
5538
5537
5536
5535
5534
5533
5532
5531
5530
5529
5528
5527
5526
5525
5524
5523
5522
5521
5520
5519
5518
5517
5516
5515
5514
5513
5512
5511
5510
5509
5508
5507
5506
5505
5504
5503
5502
5501
5500
5499
5498
5497
5496
5495
5494
5493
5492
5491
5490
5489
5488
5487
5486
5485
5484
5483
5482
5481
5480
5479
5478
5477
5476
5475
5474
5473
5472
5471
5470
5469
5468
5467
5466
5465
5464
5463
5462
5461
5460
5459
5458
5457
5456
5455
5454
5453
5452
5451
5450
5449
5448
5447
5446
5445
5444
5443
5442
5441
5440
5439
5438
5437
5436
5435
5434
5433
5432
5431
5430
5429
5428
5427
5426
5425
5424
5423
5422
5421
5420
5419
5418
5417
5416
5415
5414
5413
5412
5411
5410
5409
5408
5407
5406
5405
5404
5403
5402
5401
5400
5399
5398
5397
5396
5395
5394
5393
5392
5391
5390
5389
5388
5387
5386
5385
5384
5383
5382
5381
5380
5379
5378
5377
5376
5375
5374
5373
5372
5371
5370
5369
5368
5367
5366
5365
5364
5363
5362
5361
5360
5359
5358
5357
5356
5355
5354
5353
5352
5351
5350
5349
5348
5347
5346
5345
5344
5343
5342
5341
5340
5339
5338
5337
5336
5335
5334
5333
5332
5331
5330
5329
5328
5327
5326
5325
5324
5323
5322
5321
5320
5319
5318
5317
5316
5315
5314
5313
5312
5311
5310
5309
5308
5307
5306
5305
5304
5303
5302
5301
5300
5299
5298
5297
5296
5295
5294
5293
5292
5291
5290
5289
5288
5287
5286
5285
5284
5283
5282
5281
5280
5279
5278
5277
5276
5275
5274
5273
5272
5271
5270
5269
5268
5267
5266
5265
5264
5263
5262
5261
5260
5259
5258
5257
5256
5255
5254
5253
5252
5251
5250
5249
5248
5247
5246
5245
5244
5243
5242
5241
5240
5239
5238
5237
5236
5235
5234
5233
5232
5231
5230
5229
5228
5227
5226
5225
5224
5223
5222
5221
5220
5219
5218
5217
5216
5215
5214
5213
5212
5211
5210
5209
5208
5207
5206
5205
5204
5203
5202
5201
5200
5199
5198
5197
5196
5195
5194
5193
5192
5191
5190
5189
5188
5187
5186
5185
5184
5183
5182
5181
5180
5179
5178
5177
5176
5175
5174
5173
5172
5171
5170
5169
5168
5167
5166
5165
5164
5163
5162
5161
5160
5159
5158
5157
5156
5155
5154
5153
5152
5151
5150
5149
5148
5147
5146
5145
5144
5143
5142
5141
5140
5139
5138
5137
5136
5135
5134
5133
5132
5131
5130
5129
5128
5127
5126
5125
5124
5123
5122
5121
5120
5119
5118
5117
5116
5115
5114
5113
5112
5111
5110
5109
5108
5107
5106
5105
5104
5103
5102
5101
5100
5099
5098
5097
5096
5095
5094
5093
5092
5091
5090
5089
5088
5087
5086
5085
5084
5083
5082
5081
5080
5079
5078
5077
5076
5075
5074
5073
5072
5071
5070
5069
5068
5067
5066
5065
5064
5063
5062
5061
5060
5059
5058
5057
5056
5055
5054
5053
5052
5051
5050
5049
5048
5047
5046
5045
5044
5043
5042
5041
5040
5039
5038
5037
5036
5035
5034
5033
5032
5031
5030
5029
5028
5027
5026
5025
5024
5023
5022
5021
5020
5019
5018
5017
5016
5015
5014
5013
5012
5011
5010
5009
5008
5007
5006
5005
5004
5003
5002
5001
5000
4999
4998
4997
4996
4995
4994
4993
4992
4991
4990
4989
4988
4987
4986
4985
4984
4983
4982
4981
4980
4979
4978
4977
4976
4975
4974
4973
4972
4971
4970
4969
4968
4967
4966
4965
4964
4963
4962
4961
4960
4959
4958
4957
4956
4955
4954
4953
4952
4951
4950
4949
4948
4947
4946
4945
4944
4943
4942
4941
4940
4939
4938
4937
4936
4935
4934
4933
4932
4931
4930
4929
4928
4927
4926
4925
4924
4923
4922
4921
4920
4919
4918
4917
4916
4915
4914
4913
4912
4911
4910
4909
4908
4907
4906
4905
4904
4903
4902
4901
4900
4899
4898
4897
4896
4895
4894
4893
4892
4891
4890
4889
4888
4887
4886
4885
4884
4883
4882
4881
4880
4879
4878
4877
4876
4875
4874
4873
4872
4871
4870
4869
4868
4867
4866
4865
4864
4863
4862
4861
4860
4859
4858
4857
4856
4855
4854
4853
4852
4851
4850
4849
4848
4847
4846
4845
4844
4843
4842
4841
4840
4839
4838
4837
4836
4835
4834
4833
4832
4831
4830
4829
4828
4827
4826
4825
4824
4823
4822
4821
4820
4819
4818
4817
4816
4815
4814
4813
4812
4811
4810
4809
4808
4807
4806
4805
4804
4803
4802
4801
4800
4799
4798
4797
4796
4795
4794
4793
4792
4791
4790
4789
4788
4787
4786
4785
4784
4783
4782
4781
4780
4779
4778
4777
4776
4775
4774
4773
4772
4771
4770
4769
4768
4767
4766
4765
4764
4763
4762
4761
4760
4759
4758
4757
4756
4755
4754
4753
4752
4751
4750
4749
4748
4747
4746
4745
4744
4743
4742
4741
4740
4739
4738
4737
4736
4735
4734
4733
4732
4731
4730
4729
4728
4727
4726
4725
4724
4723
4722
4721
4720
4719
4718
4717
4716
4715
4714
4713
4712
4711
4710
4709
4708
4707
4706
4705
4704
4703
4702
4701
4700
4699
4698
4697
4696
4695
4694
4693
4692
4691
4690
4689
4688
4687
4686
4685
4684
4683
4682
4681
4680
4679
4678
4677
4676
4675
4674
4673
4672
4671
4670
4669
4668
4667
4666
4665
4664
4663
4662
4661
4660
4659
4658
4657
4656
4655
4654
4653
4652
4651
4650
4649
4648
4647
4646
4645
4644
4643
4642
4641
4640
4639
4638
4637
4636
4635
4634
4633
4632
4631
4630
4629
4628
4627
4626
4625
4624
4623
4622
4621
4620
4619
4618
4617
4616
4615
4614
4613
4612
4611
4610
4609
4608
4607
4606
4605
4604
4603
4602
4601
4600
4599
4598
4597
4596
4595
4594
4593
4592
4591
4590
4589
4588
4587
4586
4585
4584
4583
4582
4581
4580
4579
4578
4577
4576
4575
4574
4573
4572
4571
4570
4569
4568
4567
4566
4565
4564
4563
4562
4561
4560
4559
4558
4557
4556
4555
4554
4553
4552
4551
4550
4549
4548
4547
4546
4545
4544
4543
4542
4541
4540
4539
4538
4537
4536
4535
4534
4533
4532
4531
4530
4529
4528
4527
4526
4525
4524
4523
4522
4521
4520
4519
4518
4517
4516
4515
4514
4513
4512
4511
4510
4509
4508
4507
4506
4505
4504
4503
4502
4501
4500
4499
4498
4497
4496
4495
4494
4493
4492
4491
4490
4489
4488
4487
4486
4485
4484
4483
4482
4481
4480
4479
4478
4477
4476
4475
4474
4473
4472
4471
4470
4469
4468
4467
4466
4465
4464
4463
4462
4461
4460
4459
4458
4457
4456
4455
4454
4453
4452
4451
4450
4449
4448
4447
4446
4445
4444
4443
4442
4441
4440
4439
4438
4437
4436
4435
4434
4433
4432
4431
4430
4429
4428
4427
4426
4425
4424
4423
4422
4421
4420
4419
4418
4417
4416
4415
4414
4413
4412
4411
4410
4409
4408
4407
4406
4405
4404
4403
4402
4401
4400
4399
4398
4397
4396
4395
4394
4393
4392
4391
4390
4389
4388
4387
4386
4385
4384
4383
4382
4381
4380
4379
4378
4377
4376
4375
4374
4373
4372
4371
4370
4369
4368
4367
4366
4365
4364
4363
4362
4361
4360
4359
4358
4357
4356
4355
4354
4353
4352
4351
4350
4349
4348
4347
4346
4345
4344
4343
4342
4341
4340
4339
4338
4337
4336
4335
4334
4333
4332
4331
4330
4329
4328
4327
4326
4325
4324
4323
4322
4321
4320
4319
4318
4317
4316
4315
4314
4313
4312
4311
4310
4309
4308
4307
4306
4305
4304
4303
4302
4301
4300
4299
4298
4297
4296
4295
4294
4293
4292
4291
4290
4289
4288
4287
4286
4285
4284
4283
4282
4281
4280
4279
4278
4277
4276
4275
4274
4273
4272
4271
4270
4269
4268
4267
4266
4265
4264
4263
4262
4261
4260
4259
4258
4257
4256
4255
4254
4253
4252
4251
4250
4249
4248
4247
4246
4245
4244
4243
4242
4241
4240
4239
4238
4237
4236
4235
4234
4233
4232
4231
4230
4229
4228
4227
4226
4225
4224
4223
4222
4221
4220
4219
4218
4217
4216
4215
4214
4213
4212
4211
4210
4209
4208
4207
4206
4205
4204
4203
4202
4201
4200
4199
4198
4197
4196
4195
4194
4193
4192
4191
4190
4189
4188
4187
4186
4185
4184
4183
4182
4181
4180
4179
4178
4177
4176
4175
4174
4173
4172
4171
4170
4169
4168
4167
4166
4165
4164
4163
4162
4161
4160
4159
4158
4157
4156
4155
4154
4153
4152
4151
4150
4149
4148
4147
4146
4145
4144
4143
4142
4141
4140
4139
4138
4137
4136
4135
4134
4133
4132
4131
4130
4129
4128
4127
4126
4125
4124
4123
4122
4121
4120
4119
4118
4117
4116
4115
4114
4113
4112
4111
4110
4109
4108
4107
4106
4105
4104
4103
4102
4101
4100
4099
4098
4097
4096
4095
4094
4093
4092
4091
4090
4089
4088
4087
4086
4085
4084
4083
4082
4081
4080
4079
4078
4077
4076
4075
4074
4073
4072
4071
4070
4069
4068
4067
4066
4065
4064
4063
4062
4061
4060
4059
4058
4057
4056
4055
4054
4053
4052
4051
4050
4049
4048
4047
4046
4045
4044
4043
4042
4041
4040
4039
4038
4037
4036
4035
4034
4033
4032
4031
4030
4029
4028
4027
4026
4025
4024
4023
4022
4021
4020
4019
4018
4017
4016
4015
4014
4013
4012
4011
4010
4009
4008
4007
4006
4005
4004
4003
4002
4001
4000
3999
3998
3997
3996
3995
3994
3993
3992
3991
3990
3989
3988
3987
3986
3985
3984
3983
3982
3981
3980
3979
3978
3977
3976
3975
3974
3973
3972
3971
3970
3969
3968
3967
3966
3965
3964
3963
3962
3961
3960
3959
3958
3957
3956
3955
3954
3953
3952
3951
3950
3949
3948
3947
3946
3945
3944
3943
3942
3941
3940
3939
3938
3937
3936
3935
3934
3933
3932
3931
3930
3929
3928
3927
3926
3925
3924
3923
3922
3921
3920
3919
3918
3917
3916
3915
3914
3913
3912
3911
3910
3909
3908
3907
3906
3905
3904
3903
3902
3901
3900
3899
3898
3897
3896
3895
3894
3893
3892
3891
3890
3889
3888
3887
3886
3885
3884
3883
3882
3881
3880
3879
3878
3877
3876
3875
3874
3873
3872
3871
3870
3869
3868
3867
3866
3865
3864
3863
3862
3861
3860
3859
3858
3857
3856
3855
3854
3853
3852
3851
3850
3849
3848
3847
3846
3845
3844
3843
3842
3841
3840
3839
3838
3837
3836
3835
3834
3833
3832
3831
3830
3829
3828
3827
3826
3825
3824
3823
3822
3821
3820
3819
3818
3817
3816
3815
3814
3813
3812
3811
3810
3809
3808
3807
3806
3805
3804
3803
3802
3801
3800
3799
3798
3797
3796
3795
3794
3793
3792
3791
3790
3789
3788
3787
3786
3785
3784
3783
3782
3781
3780
3779
3778
3777
3776
3775
3774
3773
3772
3771
3770
3769
3768
3767
3766
3765
3764
3763
3762
3761
3760
3759
3758
3757
3756
3755
3754
3753
3752
3751
3750
3749
3748
3747
3746
3745
3744
3743
3742
3741
3740
3739
3738
3737
3736
3735
3734
3733
3732
3731
3730
3729
3728
3727
3726
3725
3724
3723
3722
3721
3720
3719
3718
3717
3716
3715
3714
3713
3712
3711
3710
3709
3708
3707
3706
3705
3704
3703
3702
3701
3700
3699
3698
3697
3696
3695
3694
3693
3692
3691
3690
3689
3688
3687
3686
3685
3684
3683
3682
3681
3680
3679
3678
3677
3676
3675
3674
3673
3672
3671
3670
3669
3668
3667
3666
3665
3664
3663
3662
3661
3660
3659
3658
3657
3656
3655
3654
3653
3652
3651
3650
3649
3648
3647
3646
3645
3644
3643
3642
3641
3640
3639
3638
3637
3636
3635
3634
3633
3632
3631
3630
3629
3628
3627
3626
3625
3624
3623
3622
3621
3620
3619
3618
3617
3616
3615
3614
3613
3612
3611
3610
3609
3608
3607
3606
3605
3604
3603
3602
3601
3600
3599
3598
3597
3596
3595
3594
3593
3592
3591
3590
3589
3588
3587
3586
3585
3584
3583
3582
3581
3580
3579
3578
3577
3576
3575
3574
3573
3572
3571
3570
3569
3568
3567
3566
3565
3564
3563
3562
3561
3560
3559
3558
3557
3556
3555
3554
3553
3552
3551
3550
3549
3548
3547
3546
3545
3544
3543
3542
3541
3540
3539
3538
3537
3536
3535
3534
3533
3532
3531
3530
3529
3528
3527
3526
3525
3524
3523
3522
3521
3520
3519
3518
3517
3516
3515
3514
3513
3512
3511
3510
3509
3508
3507
3506
3505
3504
3503
3502
3501
3500
3499
3498
3497
3496
3495
3494
3493
3492
3491
3490
3489
3488
3487
3486
3485
3484
3483
3482
3481
3480
3479
3478
3477
3476
3475
3474
3473
3472
3471
3470
3469
3468
3467
3466
3465
3464
3463
3462
3461
3460
3459
3458
3457
3456
3455
3454
3453
3452
3451
3450
3449
3448
3447
3446
3445
3444
3443
3442
3441
3440
3439
3438
3437
3436
3435
3434
3433
3432
3431
3430
3429
3428
3427
3426
3425
3424
3423
3422
3421
3420
3419
3418
3417
3416
3415
3414
3413
3412
3411
3410
3409
3408
3407
3406
3405
3404
3403
3402
3401
3400
3399
3398
3397
3396
3395
3394
3393
3392
3391
3390
3389
3388
3387
3386
3385
3384
3383
3382
3381
3380
3379
3378
3377
3376
3375
3374
3373
3372
3371
3370
3369
3368
3367
3366
3365
3364
3363
3362
3361
3360
3359
3358
3357
3356
3355
3354
3353
3352
3351
3350
3349
3348
3347
3346
3345
3344
3343
3342
3341
3340
3339
3338
3337
3336
3335
3334
3333
3332
3331
3330
3329
3328
3327
3326
3325
3324
3323
3322
3321
3320
3319
3318
3317
3316
3315
3314
3313
3312
3311
3310
3309
3308
3307
3306
3305
3304
3303
3302
3301
3300
3299
3298
3297
3296
3295
3294
3293
3292
3291
3290
3289
3288
3287
3286
3285
3284
3283
3282
3281
3280
3279
3278
3277
3276
3275
3274
3273
3272
3271
3270
3269
3268
3267
3266
3265
3264
3263
3262
3261
3260
3259
3258
3257
3256
3255
3254
3253
3252
3251
3250
3249
3248
3247
3246
3245
3244
3243
3242
3241
3240
3239
3238
3237
3236
3235
3234
3233
3232
3231
3230
3229
3228
3227
3226
3225
3224
3223
3222
3221
3220
3219
3218
3217
3216
3215
3214
3213
3212
3211
3210
3209
3208
3207
3206
3205
3204
3203
3202
3201
3200
3199
3198
3197
3196
3195
3194
3193
3192
3191
3190
3189
3188
3187
3186
3185
3184
3183
3182
3181
3180
3179
3178
3177
3176
3175
3174
3173
3172
3171
3170
3169
3168
3167
3166
3165
3164
3163
3162
3161
3160
3159
3158
3157
3156
3155
3154
3153
3152
3151
3150
3149
3148
3147
3146
3145
3144
3143
3142
3141
3140
3139
3138
3137
3136
3135
3134
3133
3132
3131
3130
3129
3128
3127
3126
3125
3124
3123
3122
3121
3120
3119
3118
3117
3116
3115
3114
3113
3112
3111
3110
3109
3108
3107
3106
3105
3104
3103
3102
3101
3100
3099
3098
3097
3096
3095
3094
3093
3092
3091
3090
3089
3088
3087
3086
3085
3084
3083
3082
3081
3080
3079
3078
3077
3076
3075
3074
3073
3072
3071
3070
3069
3068
3067
3066
3065
3064
3063
3062
3061
3060
3059
3058
3057
3056
3055
3054
3053
3052
3051
3050
3049
3048
3047
3046
3045
3044
3043
3042
3041
3040
3039
3038
3037
3036
3035
3034
3033
3032
3031
3030
3029
3028
3027
3026
3025
3024
3023
3022
3021
3020
3019
3018
3017
3016
3015
3014
3013
3012
3011
3010
3009
3008
3007
3006
3005
3004
3003
3002
3001
3000
2999
2998
2997
2996
2995
2994
2993
2992
2991
2990
2989
2988
2987
2986
2985
2984
2983
2982
2981
2980
2979
2978
2977
2976
2975
2974
2973
2972
2971
2970
2969
2968
2967
2966
2965
2964
2963
2962
2961
2960
2959
2958
2957
2956
2955
2954
2953
2952
2951
2950
2949
2948
2947
2946
2945
2944
2943
2942
2941
2940
2939
2938
2937
2936
2935
2934
2933
2932
2931
2930
2929
2928
2927
2926
2925
2924
2923
2922
2921
2920
2919
2918
2917
2916
2915
2914
2913
2912
2911
2910
2909
2908
2907
2906
2905
2904
2903
2902
2901
2900
2899
2898
2897
2896
2895
2894
2893
2892
2891
2890
2889
2888
2887
2886
2885
2884
2883
2882
2881
2880
2879
2878
2877
2876
2875
2874
2873
2872
2871
2870
2869
2868
2867
2866
2865
2864
2863
2862
2861
2860
2859
2858
2857
2856
2855
2854
2853
2852
2851
2850
2849
2848
2847
2846
2845
2844
2843
2842
2841
2840
2839
2838
2837
2836
2835
2834
2833
2832
2831
2830
2829
2828
2827
2826
2825
2824
2823
2822
2821
2820
2819
2818
2817
2816
2815
2814
2813
2812
2811
2810
2809
2808
2807
2806
2805
2804
2803
2802
2801
2800
2799
2798
2797
2796
2795
2794
2793
2792
2791
2790
2789
2788
2787
2786
2785
2784
2783
2782
2781
2780
2779
2778
2777
2776
2775
2774
2773
2772
2771
2770
2769
2768
2767
2766
2765
2764
2763
2762
2761
2760
2759
2758
2757
2756
2755
2754
2753
2752
2751
2750
2749
2748
2747
2746
2745
2744
2743
2742
2741
2740
2739
2738
2737
2736
2735
2734
2733
2732
2731
2730
2729
2728
2727
2726
2725
2724
2723
2722
2721
2720
2719
2718
2717
2716
2715
2714
2713
2712
2711
2710
2709
2708
2707
2706
2705
2704
2703
2702
2701
2700
2699
2698
2697
2696
2695
2694
2693
2692
2691
2690
2689
2688
2687
2686
2685
2684
2683
2682
2681
2680
2679
2678
2677
2676
2675
2674
2673
2672
2671
2670
2669
2668
2667
2666
2665
2664
2663
2662
2661
2660
2659
2658
2657
2656
2655
2654
2653
2652
2651
2650
2649
2648
2647
2646
2645
2644
2643
2642
2641
2640
2639
2638
2637
2636
2635
2634
2633
2632
2631
2630
2629
2628
2627
2626
2625
2624
2623
2622
2621
2620
2619
2618
2617
2616
2615
2614
2613
2612
2611
2610
2609
2608
2607
2606
2605
2604
2603
2602
2601
2600
2599
2598
2597
2596
2595
2594
2593
2592
2591
2590
2589
2588
2587
2586
2585
2584
2583
2582
2581
2580
2579
2578
2577
2576
2575
2574
2573
2572
2571
2570
2569
2568
2567
2566
2565
2564
2563
2562
2561
2560
2559
2558
2557
2556
2555
2554
2553
2552
2551
2550
2549
2548
2547
2546
2545
2544
2543
2542
2541
2540
2539
2538
2537
2536
2535
2534
2533
2532
2531
2530
2529
2528
2527
2526
2525
2524
2523
2522
2521
2520
2519
2518
2517
2516
2515
2514
2513
2512
2511
2510
2509
2508
2507
2506
2505
2504
2503
2502
2501
2500
2499
2498
2497
2496
2495
2494
2493
2492
2491
2490
2489
2488
2487
2486
2485
2484
2483
2482
2481
2480
2479
2478
2477
2476
2475
2474
2473
2472
2471
2470
2469
2468
2467
2466
2465
2464
2463
2462
2461
2460
2459
2458
2457
2456
2455
2454
2453
2452
2451
2450
2449
2448
2447
2446
2445
2444
2443
2442
2441
2440
2439
2438
2437
2436
2435
2434
2433
2432
2431
2430
2429
2428
2427
2426
2425
2424
2423
2422
2421
2420
2419
2418
2417
2416
2415
2414
2413
2412
2411
2410
2409
2408
2407
2406
2405
2404
2403
2402
2401
2400
2399
2398
2397
2396
2395
2394
2393
2392
2391
2390
2389
2388
2387
2386
2385
2384
2383
2382
2381
2380
2379
2378
2377
2376
2375
2374
2373
2372
2371
2370
2369
2368
2367
2366
2365
2364
2363
2362
2361
2360
2359
2358
2357
2356
2355
2354
2353
2352
2351
2350
2349
2348
2347
2346
2345
2344
2343
2342
2341
2340
2339
2338
2337
2336
2335
2334
2333
2332
2331
2330
2329
2328
2327
2326
2325
2324
2323
2322
2321
2320
2319
2318
2317
2316
2315
2314
2313
2312
2311
2310
2309
2308
2307
2306
2305
2304
2303
2302
2301
2300
2299
2298
2297
2296
2295
2294
2293
2292
2291
2290
2289
2288
2287
2286
2285
2284
2283
2282
2281
2280
2279
2278
2277
2276
2275
2274
2273
2272
2271
2270
2269
2268
2267
2266
2265
2264
2263
2262
2261
2260
2259
2258
2257
2256
2255
2254
2253
2252
2251
2250
2249
2248
2247
2246
2245
2244
2243
2242
2241
2240
2239
2238
2237
2236
2235
2234
2233
2232
2231
2230
2229
2228
2227
2226
2225
2224
2223
2222
2221
2220
2219
2218
2217
2216
2215
2214
2213
2212
2211
2210
2209
2208
2207
2206
2205
2204
2203
2202
2201
2200
2199
2198
2197
2196
2195
2194
2193
2192
2191
2190
2189
2188
2187
2186
2185
2184
2183
2182
2181
2180
2179
2178
2177
2176
2175
2174
2173
2172
2171
2170
2169
2168
2167
2166
2165
2164
2163
2162
2161
2160
2159
2158
2157
2156
2155
2154
2153
2152
2151
2150
2149
2148
2147
2146
2145
2144
2143
2142
2141
2140
2139
2138
2137
2136
2135
2134
2133
2132
2131
2130
2129
2128
2127
2126
2125
2124
2123
2122
2121
2120
2119
2118
2117
2116
2115
2114
2113
2112
2111
2110
2109
2108
2107
2106
2105
2104
2103
2102
2101
2100
2099
2098
2097
2096
2095
2094
2093
2092
2091
2090
2089
2088
2087
2086
2085
2084
2083
2082
2081
2080
2079
2078
2077
2076
2075
2074
2073
2072
2071
2070
2069
2068
2067
2066
2065
2064
2063
2062
2061
2060
2059
2058
2057
2056
2055
2054
2053
2052
2051
2050
2049
2048
2047
2046
2045
2044
2043
2042
2041
2040
2039
2038
2037
2036
2035
2034
2033
2032
2031
2030
2029
2028
2027
2026
2025
2024
2023
2022
2021
2020
2019
2018
2017
2016
2015
2014
2013
2012
2011
2010
2009
2008
2007
2006
2005
2004
2003
2002
2001
2000
1999
1998
1997
1996
1995
1994
1993
1992
1991
1990
1989
1988
1987
1986
1985
1984
1983
1982
1981
1980
1979
1978
1977
1976
1975
1974
1973
1972
1971
1970
1969
1968
1967
1966
1965
1964
1963
1962
1961
1960
1959
1958
1957
1956
1955
1954
1953
1952
1951
1950
1949
1948
1947
1946
1945
1944
1943
1942
1941
1940
1939
1938
1937
1936
1935
1934
1933
1932
1931
1930
1929
1928
1927
1926
1925
1924
1923
1922
1921
1920
1919
1918
1917
1916
1915
1914
1913
1912
1911
1910
1909
1908
1907
1906
1905
1904
1903
1902
1901
1900
1899
1898
1897
1896
1895
1894
1893
1892
1891
1890
1889
1888
1887
1886
1885
1884
1883
1882
1881
1880
1879
1878
1877
1876
1875
1874
1873
1872
1871
1870
1869
1868
1867
1866
1865
1864
1863
1862
1861
1860
1859
1858
1857
1856
1855
1854
1853
1852
1851
1850
1849
1848
1847
1846
1845
1844
1843
1842
1841
1840
1839
1838
1837
1836
1835
1834
1833
1832
1831
1830
1829
1828
1827
1826
1825
1824
1823
1822
1821
1820
1819
1818
1817
1816
1815
1814
1813
1812
1811
1810
1809
1808
1807
1806
1805
1804
1803
1802
1801
1800
1799
1798
1797
1796
1795
1794
1793
1792
1791
1790
1789
1788
1787
1786
1785
1784
1783
1782
1781
1780
1779
1778
1777
1776
1775
1774
1773
1772
1771
1770
1769
1768
1767
1766
1765
1764
1763
1762
1761
1760
1759
1758
1757
1756
1755
1754
1753
1752
1751
1750
1749
1748
1747
1746
1745
1744
1743
1742
1741
1740
1739
1738
1737
1736
1735
1734
1733
1732
1731
1730
1729
1728
1727
1726
1725
1724
1723
1722
1721
1720
1719
1718
1717
1716
1715
1714
1713
1712
1711
1710
1709
1708
1707
1706
1705
1704
1703
1702
1701
1700
1699
1698
1697
1696
1695
1694
1693
1692
1691
1690
1689
1688
1687
1686
1685
1684
1683
1682
1681
1680
1679
1678
1677
1676
1675
1674
1673
1672
1671
1670
1669
1668
1667
1666
1665
1664
1663
1662
1661
1660
1659
1658
1657
1656
1655
1654
1653
1652
1651
1650
1649
1648
1647
1646
1645
1644
1643
1642
1641
1640
1639
1638
1637
1636
1635
1634
1633
1632
1631
1630
1629
1628
1627
1626
1625
1624
1623
1622
1621
1620
1619
1618
1617
1616
1615
1614
1613
1612
1611
1610
1609
1608
1607
1606
1605
1604
1603
1602
1601
1600
1599
1598
1597
1596
1595
1594
1593
1592
1591
1590
1589
1588
1587
1586
1585
1584
1583
1582
1581
1580
1579
1578
1577
1576
1575
1574
1573
1572
1571
1570
1569
1568
1567
1566
1565
1564
1563
1562
1561
1560
1559
1558
1557
1556
1555
1554
1553
1552
1551
1550
1549
1548
1547
1546
1545
1544
1543
1542
1541
1540
1539
1538
1537
1536
1535
1534
1533
1532
1531
1530
1529
1528
1527
1526
1525
1524
1523
1522
1521
1520
1519
1518
1517
1516
1515
1514
1513
1512
1511
1510
1509
1508
1507
1506
1505
1504
1503
1502
1501
1500
1499
1498
1497
1496
1495
1494
1493
1492
1491
1490
1489
1488
1487
1486
1485
1484
1483
1482
1481
1480
1479
1478
1477
1476
1475
1474
1473
1472
1471
1470
1469
1468
1467
1466
1465
1464
1463
1462
1461
1460
1459
1458
1457
1456
1455
1454
1453
1452
1451
1450
1449
1448
1447
1446
1445
1444
1443
1442
1441
1440
1439
1438
1437
1436
1435
1434
1433
1432
1431
1430
1429
1428
1427
1426
1425
1424
1423
1422
1421
1420
1419
1418
1417
1416
1415
1414
1413
1412
1411
1410
1409
1408
1407
1406
1405
1404
1403
1402
1401
1400
1399
1398
1397
1396
1395
1394
1393
1392
1391
1390
1389
1388
1387
1386
1385
1384
1383
1382
1381
1380
1379
1378
1377
1376
1375
1374
1373
1372
1371
1370
1369
1368
1367
1366
1365
1364
1363
1362
1361
1360
1359
1358
1357
1356
1355
1354
1353
1352
1351
1350
1349
1348
1347
1346
1345
1344
1343
1342
1341
1340
1339
1338
1337
1336
1335
1334
1333
1332
1331
1330
1329
1328
1327
1326
1325
1324
1323
1322
1321
1320
1319
1318
1317
1316
1315
1314
1313
1312
1311
1310
1309
1308
1307
1306
1305
1304
1303
1302
1301
1300
1299
1298
1297
1296
1295
1294
1293
1292
1291
1290
1289
1288
1287
1286
1285
1284
1283
1282
1281
1280
1279
1278
1277
1276
1275
1274
1273
1272
1271
1270
1269
1268
1267
1266
1265
1264
1263
1262
1261
1260
1259
1258
1257
1256
1255
1254
1253
1252
1251
1250
1249
1248
1247
1246
1245
1244
1243
1242
1241
1240
1239
1238
1237
1236
1235
1234
1233
1232
1231
1230
1229
1228
1227
1226
1225
1224
1223
1222
1221
1220
1219
1218
1217
1216
1215
1214
1213
1212
1211
1210
1209
1208
1207
1206
1205
1204
1203
1202
1201
1200
1199
1198
1197
1196
1195
1194
1193
1192
1191
1190
1189
1188
1187
1186
1185
1184
1183
1182
1181
1180
1179
1178
1177
1176
1175
1174
1173
1172
1171
1170
1169
1168
1167
1166
1165
1164
1163
1162
1161
1160
1159
1158
1157
1156
1155
1154
1153
1152
1151
1150
1149
1148
1147
1146
1145
1144
1143
1142
1141
1140
1139
1138
1137
1136
1135
1134
1133
1132
1131
1130
1129
1128
1127
1126
1125
1124
1123
1122
1121
1120
1119
1118
1117
1116
1115
1114
1113
1112
1111
1110
1109
1108
1107
1106
1105
1104
1103
1102
1101
1100
1099
1098
1097
1096
1095
1094
1093
1092
1091
1090
1089
1088
1087
1086
1085
1084
1083
1082
1081
1080
1079
1078
1077
1076
1075
1074
1073
1072
1071
1070
1069
1068
1067
1066
1065
1064
1063
1062
1061
1060
1059
1058
1057
1056
1055
1054
1053
1052
1051
1050
1049
1048
1047
1046
1045
1044
1043
1042
1041
1040
1039
1038
1037
1036
1035
1034
1033
1032
1031
1030
1029
1028
1027
1026
1025
1024
1023
1022
1021
1020
1019
1018
1017
1016
1015
1014
1013
1012
1011
1010
1009
1008
1007
1006
1005
1004
1003
1002
1001
1000
999
998
997
996
995
994
993
992
991
990
989
988
987
986
985
984
983
982
981
980
979
978
977
976
975
974
973
972
971
970
969
968
967
966
965
964
963
962
961
960
959
958
957
956
955
954
953
952
951
950
949
948
947
946
945
944
943
942
941
940
939
938
937
936
935
934
933
932
931
930
929
928
927
926
925
924
923
922
921
920
919
918
917
916
915
914
913
912
911
910
909
908
907
906
905
904
903
902
901
900
899
898
897
896
895
894
893
892
891
890
889
888
887
886
885
884
883
882
881
880
879
878
877
876
875
874
873
872
871
870
869
868
867
866
865
864
863
862
861
860
859
858
857
856
855
854
853
852
851
850
849
848
847
846
845
844
843
842
841
840
839
838
837
836
835
834
833
832
831
830
829
828
827
826
825
824
823
822
821
820
819
818
817
816
815
814
813
812
811
810
809
808
807
806
805
804
803
802
801
800
799
798
797
796
795
794
793
792
791
790
789
788
787
786
785
784
783
782
781
780
779
778
777
776
775
774
773
772
771
770
769
768
767
766
765
764
763
762
761
760
759
758
757
756
755
754
753
752
751
750
749
748
747
746
745
744
743
742
741
740
739
738
737
736
735
734
733
732
731
730
729
728
727
726
725
724
723
722
721
720
719
718
717
716
715
714
713
712
711
710
709
708
707
706
705
704
703
702
701
700
699
698
697
696
695
694
693
692
691
690
689
688
687
686
685
684
683
682
681
680
679
678
677
676
675
674
673
672
671
670
669
668
667
666
665
664
663
662
661
660
659
658
657
656
655
654
653
652
651
650
649
648
647
646
645
644
643
642
641
640
639
638
637
636
635
634
633
632
631
630
629
628
627
626
625
624
623
622
621
620
619
618
617
616
615
614
613
612
611
610
609
608
607
606
605
604
603
602
601
600
599
598
597
596
595
594
593
592
591
590
589
588
587
586
585
584
583
582
581
580
579
578
577
576
575
574
573
572
571
570
569
568
567
566
565
564
563
562
561
560
559
558
557
556
555
554
553
552
551
550
549
548
547
546
545
544
543
542
541
540
539
538
537
536
535
534
533
532
531
530
529
528
527
526
525
524
523
522
521
520
519
518
517
516
515
514
513
512
511
510
509
508
507
506
505
504
503
502
501
500
499
498
497
496
495
494
493
492
491
490
489
488
487
486
485
484
483
482
481
480
479
478
477
476
475
474
473
472
471
470
469
468
467
466
465
464
463
462
461
460
459
458
457
456
455
454
453
452
451
450
449
448
447
446
445
444
443
442
441
440
439
438
437
436
435
434
433
432
431
430
429
428
427
426
425
424
423
422
421
420
419
418
417
416
415
414
413
412
411
410
409
408
407
406
405
404
403
402
401
400
399
398
397
396
395
394
393
392
391
390
389
388
387
386
385
384
383
382
381
380
379
378
377
376
375
374
373
372
371
370
369
368
367
366
365
364
363
362
361
360
359
358
357
356
355
354
353
352
351
350
349
348
347
346
345
344
343
342
341
340
339
338
337
336
335
334
333
332
331
330
329
328
327
326
325
324
323
322
321
320
319
318
317
316
315
314
313
312
311
310
309
308
307
306
305
304
303
302
301
300
299
298
297
296
295
294
293
292
291
290
289
288
287
286
285
284
283
282
281
280
279
278
277
276
275
274
273
272
271
270
269
268
267
266
265
264
263
262
261
260
259
258
257
256
255
254
253
252
251
250
249
248
247
246
245
244
243
242
241
240
239
238
237
236
235
234
233
232
231
230
229
228
227
226
225
224
223
222
221
220
219
218
217
216
215
214
213
212
211
210
209
208
207
206
205
204
203
202
201
200
199
198
197
196
195
194
193
192
191
190
189
188
187
186
185
184
183
182
181
180
179
178
177
176
175
174
173
172
171
170
169
168
167
166
165
164
163
162
161
160
159
158
157
156
155
154
153
152
151
150
149
148
147
146
145
144
143
142
141
140
139
138
137
136
135
134
133
132
131
130
129
128
127
126
125
124
123
122
121
120
119
118
117
116
115
114
113
112
111
110
109
108
107
106
105
104
103
102
101
100
99
98
97
96
95
94
93
92
91
90
89
88
87
86
85
84
83
82
81
80
79
78
77
76
75
74
73
72
71
70
69
68
67
66
65
64
63
62
61
60
59
58
57
56
55
54
53
52
51
50
49
48
47
46
45
44
43
42
41
40
39
38
37
36
35
34
33
32
31
30
29
28
27
26
25
24
23
22
21
20
19
18
17
16
15
14
13
12
11
10
9
8
7
6
5
4
3
2
1
0
