// thrash_32k: uniform random over 2048 lines (32768 words), 32000 accesses
// generated by dv/traces/gen_traces.py (seed 0xa4b3c004, pinned) -- do not hand-edit
// accesses: 32000
23024
11828
8137
11379
13293
27841
14558
14944
25512
29355
19030
30990
4586
26339
14855
32261
22616
23950
5388
30203
6382
18223
29399
12536
10644
23583
32646
2289
20067
20132
20940
17763
23727
11694
3810
6412
16839
16739
2758
17247
1209
13679
23173
26114
20554
20721
1006
6164
30361
19155
22469
21677
14043
31720
2443
21605
17199
5542
30121
13223
6908
1044
6348
19922
31676
14775
20849
20141
23692
14985
1020
12785
11809
4174
6126
3139
30606
11423
23829
21381
8526
10722
18313
10806
7372
7247
5630
5821
29983
10366
12380
7143
15459
5850
31682
2628
25825
16751
5784
12644
28374
22558
12818
1463
16844
6995
9179
1500
19459
23777
18147
32054
24414
5726
32227
21148
16094
25020
32310
24138
5805
7384
24336
87
12653
9094
8866
8307
29111
19080
25869
30228
6445
17256
19598
3620
31862
1877
5866
6938
10308
32079
15325
19010
16699
22246
23338
28357
7171
9820
26309
6595
9476
29653
31709
14355
235
5665
31867
1422
32055
30545
16473
6266
25236
1184
25401
21406
26263
22704
22450
8516
6708
311
7060
13283
23912
9044
2323
19924
29711
32117
19757
32584
16150
28725
31654
16427
3044
27974
32409
31680
25811
8142
5777
3281
30655
6003
31447
19350
29787
13002
19929
19889
20234
15338
17023
14715
20984
656
23485
13559
19027
27232
17028
20608
13397
9515
7269
28708
12178
25403
28515
25567
23159
13955
15406
28202
20086
26139
18920
7173
10833
30329
12568
15564
22237
31478
15117
9611
17603
16103
5827
32112
909
25857
28638
24383
16591
9065
29574
8679
29923
21678
31940
32719
20897
24547
27065
19963
22302
5421
4125
15988
13870
18291
10938
26391
28129
9155
17850
21967
17623
17399
25367
11582
23795
5376
22548
3291
23837
17181
3055
31112
32033
18818
20845
14162
26547
27832
21622
8047
5008
22106
3526
1986
30012
25543
22147
25538
481
19378
4123
540
7173
1116
2431
2950
5026
6086
6610
30
8076
27485
20290
32615
13672
12412
7259
32149
8872
23686
31667
1809
15354
26952
6991
32738
593
14864
24750
25612
831
25434
14803
18781
11022
27562
21550
27101
20560
28146
13718
3076
8655
1644
25180
12534
27817
12273
6025
23230
3111
8008
18596
7372
12193
24212
31546
10890
13637
1395
2007
14997
29160
12161
776
10531
25703
32060
3533
17776
13068
16111
7275
22194
4076
22338
5940
9248
26200
25948
9456
770
28172
8044
25396
4777
16871
24521
28455
19935
23042
20196
482
11778
4635
8414
19140
13585
24336
16766
18307
2539
28274
25946
30692
9497
116
22882
31404
12127
25402
18417
13383
32282
12163
16330
30059
2422
21000
12343
1397
14680
1878
31145
24666
19748
6590
2321
13962
249
8593
29519
15712
27457
4767
14668
23493
17048
28923
10643
30591
12403
10581
32366
21746
4485
3957
8025
1597
5249
3365
24401
9050
15947
29779
1569
13198
3658
4762
30052
15929
5175
20378
19732
25429
32280
28201
24878
5879
15955
6997
30131
16129
4118
7611
11953
30983
683
24580
7559
25471
6539
20384
13107
14312
25563
13439
30584
21169
16321
29800
11869
21859
3906
19888
28152
6673
26349
30274
7616
9551
13568
30854
4560
29632
20137
8477
723
21363
3337
6510
30839
12067
11931
27196
31083
28347
11985
15521
29570
17910
7825
16712
25017
31710
27736
23450
9562
27261
27626
3577
25199
23476
10391
27215
26085
1371
9549
15065
23024
23972
19801
13999
31137
12070
26969
24628
23308
20903
19170
13896
12012
14614
10641
32592
14664
18
17348
10432
17999
2570
22129
15988
25194
14426
22762
27441
20129
9980
2827
28651
16299
13100
13524
10527
8592
32596
30477
18547
862
20273
8071
5836
26292
21003
16585
16963
13794
7110
7748
4897
3530
30748
17127
24933
18053
16550
9476
128
1814
5034
11222
5163
24798
29839
9820
12362
2999
26243
12039
25196
405
16982
15942
1152
534
11319
3447
28875
26964
1227
25348
12162
12369
9831
16460
30690
24196
5190
8185
17061
2069
18809
23282
32713
13267
25203
29423
12982
30015
13208
21927
21260
17376
8000
9821
32233
18192
19233
15851
32560
7572
14451
17479
19313
4170
4729
26727
31928
5841
8709
27345
4902
32193
2225
5773
14999
1417
32164
26880
3869
7041
4074
6321
26610
25563
6907
15403
4399
13963
2463
29532
28379
16103
28288
13083
28201
4460
22531
9021
21453
9500
24977
22665
5921
7027
15135
20628
8747
12817
22824
8734
2721
6437
26408
25469
889
2629
11564
31602
8146
5860
231
20102
31719
12649
12158
15091
10761
4828
689
26815
25515
30206
23333
23149
12249
23197
29392
11066
5308
21610
21348
24090
2506
17358
11252
19429
6007
4730
7609
25152
6170
3930
4800
13242
19756
8092
4222
3149
20677
17387
30501
409
9756
26015
30032
10013
15321
9997
32327
15115
15076
30703
8863
8127
3454
20109
20107
30301
18974
30402
5945
14555
15574
15335
26001
28115
21607
10849
26189
10129
5761
17115
15191
12422
13465
3991
5318
31741
4961
32360
3270
12188
4266
2357
12198
19673
24559
25143
8837
18152
9069
28879
7642
11898
660
2894
27186
16514
28715
23956
8537
4225
26187
30944
2836
3677
11450
3075
10647
9078
32744
9987
21153
10139
3142
5911
4755
27825
2045
28579
18558
1288
17659
32569
6343
23158
27721
6012
21757
12785
1424
14120
12864
32716
28906
21619
13197
12939
1588
19035
18894
4862
19936
25917
15196
3583
28750
17589
5043
9198
9613
4213
12578
23608
27542
24766
14944
19891
9236
24294
8710
24433
11684
540
23752
19375
2018
29418
11565
24326
20224
28573
27641
20366
16075
2889
30711
19036
28602
10386
241
4957
15343
4656
422
12950
11582
3723
5952
22774
4400
6649
9763
8964
17564
27255
25781
22694
24989
10986
14286
26455
16349
29190
30106
21761
23091
8296
8531
6117
9313
16288
29680
1649
12222
24
8797
1688
9690
15233
6187
7154
27575
1561
10205
17487
4603
8315
31595
10778
7620
6121
32652
10556
3916
30212
23738
15033
5566
17861
6062
14786
22336
16514
19621
32508
26369
22355
11156
17865
3017
20954
4528
25081
26936
23473
5411
14325
7880
20653
9433
11327
27636
1459
5792
23863
25991
7705
6038
920
20974
28618
32306
13640
15707
909
16874
15567
8648
4674
24648
5139
1744
18038
16044
31466
17688
13971
8197
30688
7901
11282
28955
4284
14664
12266
30509
8606
746
28255
12486
32501
28956
29250
4573
23922
22590
13780
15930
11215
1500
11761
23126
1894
9136
2562
16966
27609
21442
7351
16926
16258
13674
15558
13269
718
14071
26568
4083
11327
32059
32581
24143
7673
31709
21660
20011
15758
19868
28822
11454
5469
24332
8664
14755
11387
6370
31532
28319
9771
28445
32720
23633
17321
27623
15846
25190
14516
12658
2321
10388
22622
409
12992
19291
12869
19242
20674
16012
6624
25930
20608
31453
32296
1696
30767
32459
20067
27357
12692
27453
24337
17529
15649
15793
13393
9670
23326
29790
75
16442
8637
25586
1621
15294
27058
16371
4846
20687
4911
18282
22589
21619
28101
29790
22573
14241
20034
2135
4831
15099
28856
30150
19771
29935
2682
21836
30793
24339
3600
20006
21778
22376
15549
14634
31838
6018
31689
28591
20792
13387
26643
15388
5461
6802
7104
5323
4949
24325
9664
22460
19056
2565
32696
19202
3550
21358
6391
17975
28615
7579
13667
16574
13584
7298
11119
16129
21063
13606
1355
28971
540
20215
31269
18254
16945
9428
21475
11755
21329
22034
12955
30670
27480
22107
19766
5565
28876
14812
19076
19617
18736
21078
30290
27385
28627
19011
17381
6138
21321
29160
17843
21048
16685
16596
14548
24350
4396
10318
717
10868
16056
16212
23999
17702
16965
21067
25477
291
23768
26958
748
28993
14111
5989
18508
22293
29533
30028
30813
4592
28745
11355
1975
21091
20410
30446
17087
14414
19448
26182
814
18146
10221
32202
4789
3296
2646
14998
31674
10961
10619
15407
28673
21929
6450
25247
25227
32345
31017
16411
11908
29249
8682
8216
19205
20222
6522
31723
29809
28765
23629
27740
34
16105
26717
7373
560
13476
9330
13013
27753
30934
16162
15712
25231
13437
29756
28709
3034
25944
13028
17217
24217
4784
21902
1595
29413
18279
22248
23168
8318
16526
16776
23489
4776
6582
12473
5084
23630
10034
25908
29191
21405
2973
4879
21114
9998
6291
26942
3960
405
7187
23355
2676
953
26253
30116
4865
23443
8221
20467
16602
22984
20868
24670
28478
12372
451
20563
12806
8663
28494
11238
26835
1096
30184
22665
13423
7446
19196
5670
20288
15382
18933
5818
11411
17730
5997
2305
8873
4189
32204
14985
16765
10498
4371
29565
14594
29180
16387
22981
4943
1850
16793
29086
18934
11284
10601
14158
3684
30598
9775
30094
18343
2588
909
24969
32565
3771
17505
27099
16457
22764
13221
14931
13631
10356
2134
20128
1641
24315
24971
16059
16761
23933
31370
9453
4297
6880
25205
26647
20592
13197
4977
29213
7065
28571
28728
8759
23228
30353
30642
17596
7367
11164
9355
29145
16412
23252
4201
399
7140
29244
17547
31379
6519
27684
20821
7719
30018
2976
29849
26265
16703
20562
20158
9223
2793
29715
30259
18041
11285
24789
25024
3037
29864
9824
26076
4498
23990
20468
26205
29474
4495
31633
13403
1146
18612
20836
20014
18559
15925
2545
25453
10848
25017
22055
28316
19345
22156
31170
26661
13594
10795
7270
30359
8757
18364
32234
19203
8698
28964
11851
28050
9788
7022
370
18180
32073
21972
21415
30657
17995
28217
6201
1277
27132
27565
8062
9251
31773
8210
3703
28033
29369
14457
14197
28873
1154
32140
13660
19531
15786
31085
25837
8636
22571
15208
4061
17391
2924
30501
26440
17389
15569
21332
18289
26141
15816
15588
16002
22526
21622
9157
31901
25722
16254
730
11567
1257
31421
19146
4040
26801
10702
11914
11812
9162
19507
24878
4061
26656
23292
11634
27927
25671
28981
4289
24969
22735
18245
24405
15467
13562
28702
6399
3307
16726
30660
6265
5574
17557
27110
8070
21549
22915
11836
21805
13209
12384
22218
5048
746
9269
25732
10660
28028
10918
25674
5127
17801
4051
12552
21137
19621
27024
28683
16904
18132
5906
23456
31218
24473
25847
16595
20935
10194
345
18305
24296
5895
25894
2582
15466
26773
19006
17944
17081
29874
11097
8304
12676
18860
13082
18419
31644
32028
19849
18620
28643
8049
10454
7272
31687
30904
24970
14387
2078
5598
4912
5538
26400
25420
21855
16730
2193
1326
8027
29719
20108
32110
6848
509
19253
22732
24873
26683
26171
4670
2332
6843
16533
3412
14895
20042
15797
7659
23724
18135
24567
13835
17830
32626
29098
6225
1466
10031
2637
3304
26275
6699
12487
6408
22909
19541
4773
9366
6269
12003
14532
1108
15064
8845
766
17629
12065
10192
4975
19192
15380
8428
6840
24310
6188
20973
958
12594
19878
19808
25977
22011
5548
24505
19120
11309
15299
12589
28714
5320
5684
11872
20290
14816
9996
18890
27862
1388
8215
18609
928
4847
1162
3457
12621
14308
14217
6052
23608
3319
14723
13301
27931
16531
10665
10673
1143
2273
11502
7786
24193
4488
7071
24603
6346
17620
651
2471
30852
31554
12259
31700
20636
2367
3318
11572
12536
1943
13063
4119
28125
24608
19094
6965
25397
29502
19676
22851
26776
22335
27075
1519
1169
5520
23262
28439
30029
21680
214
12157
19901
762
1664
21957
26987
25378
20867
17106
7933
14398
29419
3479
13735
27670
25161
1509
27455
32444
4649
23688
29917
25444
13209
30872
31094
19573
25340
4187
20134
7823
1400
10390
32376
13791
9137
16147
20141
4272
18441
847
8284
26487
10842
24392
21406
3009
20342
12943
2586
19410
16255
9666
7531
18803
24861
10781
9539
2237
19307
2722
18090
11087
18167
3094
30625
10080
14174
31741
18363
12257
7127
23325
7118
8448
17519
27853
20006
22779
4822
23515
11538
12280
24581
13043
13938
14242
19442
5696
2408
14524
19913
13956
23550
12594
6201
26526
23982
27079
8646
6026
4268
947
801
2360
8086
26429
29770
7136
22521
12805
3982
16689
17103
888
6347
8565
13688
32531
20203
4940
28630
30903
27416
18756
28993
15445
31846
13355
5506
20608
24856
2491
13152
28280
32631
13919
27847
23210
28459
11852
25991
6291
19332
24176
79
23604
4867
18317
29624
27190
581
22365
4833
24739
454
30193
14630
23013
30488
32035
26586
19185
23449
9750
4429
19708
22992
16342
29259
22770
19222
24420
863
30863
28102
2661
131
17011
10561
17261
5388
3037
15281
10583
2970
9340
8609
29132
2510
8092
19225
3630
3947
7798
25100
2426
9778
23240
21212
5456
10022
22608
28078
18813
22535
19972
21675
5935
17641
7330
1943
22872
8
23635
18357
26690
29320
8178
29095
17556
10253
25041
8767
19066
27605
11212
30259
1620
6135
5430
8494
26584
24846
4709
6600
9673
1273
23065
15884
19682
18062
11464
25024
28943
7641
25035
20392
8834
25561
8214
25623
5423
24697
18120
14661
2083
4233
10670
7299
32090
21716
15394
8442
30211
11575
9545
32599
30349
3567
17051
19666
13874
539
15461
10991
3444
5846
16902
22139
9027
1081
20583
22526
14253
15676
2346
9376
1050
2700
9503
14232
30281
25380
6925
13961
24703
11057
13883
4370
28332
26003
5264
635
10872
18517
6217
23293
12322
26992
4154
5402
16532
29589
20544
26654
5348
23887
18685
11248
26354
1992
3944
23099
29030
1601
8995
4300
10077
27555
31195
8280
9231
6048
24479
6596
14617
6169
19825
2750
23130
22907
18696
11051
4018
24096
24639
32182
4396
478
28112
20415
24540
10826
18150
24391
349
15460
30474
19546
19422
62
10681
17154
30190
28842
22754
12768
55
18816
14273
887
11552
13977
19612
15066
27193
13356
9427
29430
14855
13305
17583
32390
6796
29127
13952
19446
24879
2179
31792
23571
1525
9330
28270
30225
13768
25648
13315
17731
30247
27594
1814
17258
31705
4842
5935
14938
4292
14400
25140
12114
12038
3649
21448
1432
11394
30590
12847
20507
3036
15882
7885
7493
8018
28924
26189
30005
9268
2792
10426
28434
27628
111
25589
190
1431
24990
3242
25875
21609
15196
28212
15858
16117
30379
5668
16461
25543
15967
3835
1640
9755
29600
21918
29530
4831
32353
29026
2355
12665
10354
10656
24255
21199
27900
29378
14545
4009
24344
9656
20365
2782
5011
20774
12088
10056
10509
11933
11042
26370
19091
12879
30082
18686
11926
1743
12657
18885
1361
29345
25045
18377
12666
25538
9612
19243
26997
6786
14846
9434
11018
30943
18686
3861
8166
25861
23440
9833
21258
406
30082
30009
9801
26954
18817
29426
11947
27699
30572
16842
31340
16610
31053
21021
12852
2677
26477
7765
31810
22745
14776
25419
28030
14234
12776
31589
30759
17940
17799
16975
17703
353
3337
17290
5742
3484
19511
10940
27781
30929
6654
5080
19360
9066
19742
9954
3391
28773
11000
26522
4813
16451
4631
10098
18586
17606
8660
16752
23170
1252
3345
29564
14093
24744
27368
18750
6743
14355
26503
14782
10568
1705
21047
19375
4019
2078
9805
8289
10981
14902
30956
5856
510
26467
30910
4363
20435
16777
27291
26509
7191
5916
7356
9018
32076
17273
27861
19581
20136
15942
20612
7183
7141
26053
17401
981
1825
733
5537
2917
11211
7145
14811
13432
8553
17632
26663
22839
10071
5858
24676
26288
16661
19204
6426
18284
4061
6970
18123
27318
2277
848
21314
3514
17771
18583
28224
17238
6275
10334
24687
19217
14664
8622
18606
879
9639
7508
266
6641
13682
3810
23312
11035
12503
8716
2497
2218
3252
30214
11618
17374
26621
21559
2308
15238
16513
28921
18315
522
4392
13816
5589
20224
28823
29492
19983
15348
103
5449
24152
22443
28328
4302
11854
28276
590
27894
9731
29062
9488
1038
30633
517
26104
9669
3848
23728
19403
2958
22845
4910
22924
31626
12893
16046
19189
30355
31523
12624
30466
24841
12368
23787
16239
8884
11648
14869
10815
167
30000
28300
31718
5119
16829
2437
8628
17958
30805
29063
1739
25292
15433
14384
17989
2252
24217
12697
10444
21461
9093
2375
28035
32011
1695
9082
3069
5598
25169
15273
6255
17607
31228
21050
25112
25719
13099
28695
18504
5280
15343
13917
6441
14481
24826
20394
31306
27122
28821
1581
30121
11577
15526
12964
2924
29418
4740
15496
26315
7236
7787
26492
366
25052
29783
15175
20840
27707
16744
28675
29521
30991
23722
164
31852
5112
20479
28755
26387
9965
24286
6121
3281
2376
6542
30487
6012
30815
28214
2743
25336
29497
30941
20874
27454
2295
10979
23370
7440
6142
11634
4773
3849
10861
12119
21723
11851
22127
18504
11017
27131
32573
28323
13706
18096
21491
7418
13639
13470
620
28296
21725
11286
10118
3256
11550
8405
15707
32239
4149
30724
13096
24884
17297
6275
17612
11094
17975
10859
19356
13657
3606
29483
1026
28195
12355
1291
3457
30893
9682
1273
7433
24682
3282
24160
17369
23968
15013
20810
3122
18256
5317
8950
18339
21459
10014
14245
21038
20344
24885
14952
24487
20602
6992
19112
18091
14732
17318
14708
3725
12320
2370
10918
19315
26132
15118
30239
11692
7922
28067
18715
5755
25639
12602
29510
27860
17379
26607
2719
24871
32194
1114
32283
19716
397
11298
16389
15065
50
30283
27538
22782
11444
26054
12363
17478
14942
30873
14908
29355
9055
16136
15308
1124
3635
3750
29510
13910
29662
16792
19804
5767
19530
29847
6382
14546
13366
14229
13338
30455
24191
21808
27477
22780
17607
29986
27565
24739
18410
13670
5561
32455
2277
29251
21273
29077
1473
27911
27883
10580
19950
19124
7373
9033
27294
21070
26295
17657
17105
7359
27596
12348
31038
25691
615
30847
12319
1029
8714
6365
16023
11939
32212
28710
24509
19025
7672
12395
3600
6071
22919
23218
6611
18047
12047
5908
13062
12270
26775
13380
20604
30294
18005
5520
32709
32297
510
20213
12305
21016
22495
7830
7429
8744
21458
31890
25509
7096
28905
25639
4006
5036
14209
32652
13226
17847
27253
28045
26121
20995
22735
31632
17348
32314
24561
17518
30300
13981
4000
5453
4736
12390
8899
30975
6694
24640
269
421
31052
15156
30187
22553
29094
4355
6678
6031
6683
28936
22720
29306
4647
25254
2115
31014
20093
24628
26192
17009
991
12446
24084
24517
30332
24012
22784
1875
13252
8047
20482
5507
24387
16105
32324
16114
11329
4771
11955
10415
20981
1790
2286
4810
7879
22439
24972
21760
9473
19811
3944
3257
10148
22785
11406
4903
13144
7537
26815
25775
10110
19970
585
30470
19567
7053
14752
14621
23941
5218
18044
13779
28608
30521
9025
23931
4133
12867
18000
8366
4984
7602
13414
24983
24736
6706
19445
1477
2425
28151
16806
31083
11323
32164
6045
6941
14233
31698
31668
1946
22349
24723
9397
31908
17684
19887
7757
10803
20530
6631
15442
12894
11498
29012
16660
11554
21575
2156
28771
8152
15335
9109
15973
32469
21983
29219
3235
17322
21297
22242
30146
3616
3305
28673
9492
11901
10658
31774
13947
17795
8975
7897
15735
5764
7857
30992
15568
17889
23532
9892
23295
11777
14317
25384
32109
8609
23721
30467
13774
8452
9087
13231
6189
18303
18336
11665
22035
28314
21966
5219
28822
11626
217
2885
18322
12070
19592
28108
28274
23885
26176
2960
11176
5613
2852
23678
1656
4722
24760
14514
22871
1617
21401
11797
485
12382
4864
10989
14377
3805
13717
22343
28200
9921
14794
10580
5085
28568
27630
16464
3771
8597
1195
24963
8172
23419
22275
22261
22997
14932
19010
19295
17365
21135
30896
16012
20626
16737
1618
26392
4381
19420
21433
8267
26271
12559
8821
15714
4743
21806
2386
18308
14815
3484
9626
15283
4540
14818
21100
11319
9688
22009
4348
23855
16487
17834
2502
372
14512
32263
25821
1778
414
10705
14926
11468
15183
30504
27858
32684
25455
13832
8227
19208
448
26715
26770
9573
5443
13722
29343
16162
6463
24559
30996
10306
5314
13055
13178
28122
21596
6745
26955
10446
30970
2274
15583
15152
28966
13593
32122
28385
10402
8721
6949
13717
2226
29545
10448
21843
30704
10710
13808
31986
10367
14797
14787
2791
13139
7674
2942
14454
29666
15620
27817
29049
1843
21610
12172
32755
20939
8373
31188
644
5615
14864
31212
29559
16150
15108
19680
31312
23683
30257
6722
9390
23659
14800
377
3010
6582
29510
18595
16110
16751
4756
26071
25084
3387
30631
26667
20702
31481
20960
25759
23522
5605
22120
21154
31856
9562
24421
29705
27303
26941
10199
6493
5442
25727
7474
32514
27509
2128
29911
25104
21643
4110
8443
32630
16665
5695
9618
12479
18804
19474
26893
13181
830
6647
24646
21841
3346
17021
18979
144
510
31131
18189
23175
31980
28586
26235
30544
31929
12052
21889
22004
22242
22495
32447
31275
7803
32685
8001
153
16905
433
9380
3750
25036
1708
9271
12052
26484
9112
13941
19559
29681
12103
25438
14171
20565
7708
10966
23942
4400
19495
12620
22312
30100
32746
2423
9357
9497
30571
9035
27288
27564
17704
7479
25594
9139
21758
21422
17370
29809
662
9302
12617
24911
17955
14060
22798
4137
10059
19059
17751
5185
6355
25709
24123
12650
16380
6407
19279
28051
2391
10573
26175
20081
31369
29418
25150
24661
11201
4515
9290
26133
2695
17635
756
29579
2290
21818
3048
10169
18986
17886
20262
3111
1533
14117
21085
26492
6965
23660
15680
11296
16498
19567
15730
16264
10342
4357
11106
17720
8178
27182
27294
14148
16715
13118
6156
7595
363
9053
17976
26962
9947
3122
7322
27220
13231
23512
19713
19556
21050
22668
13831
16153
6313
23216
29469
29785
11553
29797
4065
18880
30568
15138
30062
17009
7570
683
1544
31811
23983
11231
18157
18488
26956
1559
25302
16702
31051
29215
27551
30165
10698
6363
18363
3312
16300
18550
10626
12863
28118
9325
13941
22021
7232
16955
32245
7390
6875
19461
24597
26747
18887
5209
27752
21871
24622
18599
4602
15367
11380
20150
28436
1156
1409
9144
1454
30783
1424
6795
10232
25787
11593
22272
4181
21062
17395
1262
23044
25532
24852
18861
8432
9578
29835
7093
24078
19531
22289
13168
30894
11685
1920
331
6392
20822
4745
23110
9729
11673
9792
28480
10729
10259
10538
7001
25383
2157
3088
20230
4627
9831
14608
30201
22370
26384
25036
6804
11043
8299
650
9535
28944
3099
20382
6673
840
17686
1713
6184
15583
20098
14220
10876
26587
13483
26027
16495
14754
32740
22448
59
11992
27031
15069
28513
28617
27964
1528
6962
13244
22096
14633
21980
22183
32092
26874
30139
11458
6688
2350
23958
16907
14824
24084
27999
6060
24116
23720
19958
15651
25921
5815
27957
19458
6378
22724
30778
24490
14399
26565
29095
11138
5735
4198
2551
32656
23867
32198
24929
1357
17430
32387
7684
24147
22104
7238
30834
30564
5223
19514
5835
11835
28675
9516
24789
26612
30232
21100
5063
23628
22482
29181
21807
17465
12976
600
1668
22575
7699
25323
3560
5369
22063
2499
11354
2110
24603
18268
1204
20371
29003
31136
26853
30076
16850
24229
17695
26281
25916
22710
3910
24030
25886
20401
16053
21820
26623
32497
18854
20271
18203
17728
27719
27604
6961
31688
25528
31786
26815
15396
3485
9326
10004
19357
31753
2863
28512
15949
5475
18452
20406
26674
12552
24887
25312
16004
815
12085
8391
21905
16803
11009
4646
18633
6132
5127
28936
15870
5305
6819
21985
24637
5355
20231
32568
30841
4973
11703
26793
7564
24585
3125
19673
29631
17735
28073
5645
11381
8892
27044
15738
13763
3574
12023
17815
2123
17478
27237
30819
15322
11128
4753
18241
29769
22118
2030
27915
32064
32363
24013
18062
2797
21588
25930
7104
20874
3083
20554
6082
3489
17059
9594
29972
4900
30644
25722
20481
27310
19628
4267
25374
22792
16428
30737
29919
20189
21185
2467
19180
7565
27315
8272
22038
9617
11172
6041
7714
19986
24279
29341
20233
28468
16410
3657
25602
11933
12618
13629
21981
17635
7192
31751
28145
31028
708
13666
8555
30115
29432
16316
18453
19776
28474
20763
28422
22826
6548
26182
29487
17156
30426
28677
20997
26225
12962
13367
9206
19727
13650
24781
28285
17098
1418
9489
5313
32014
31846
19390
4034
1138
25763
23058
31741
29650
7514
17041
11498
7598
31331
4470
4907
2026
3477
28870
26636
21873
15554
8246
23210
24151
7027
25832
19993
29513
27633
15872
30709
20961
22538
31768
12940
15540
1441
5515
22206
12658
618
22208
12568
13716
9479
8696
2701
5043
11252
24018
11992
22839
715
9988
21557
32129
24925
16155
9752
16819
15775
5194
658
12988
11156
25333
15287
11074
15025
9916
19442
26366
15863
27857
5910
20174
32254
26676
18916
1179
5460
3821
8017
29839
32212
7328
20924
14214
29218
28376
24513
14023
31132
25810
25056
26909
1379
12880
24806
23190
31069
27018
5416
6147
3018
1505
31462
28240
22867
23798
28861
8502
25457
13306
28793
11559
17815
22790
30270
30689
1199
7785
591
19873
12790
30800
9973
29379
2518
8325
14561
24321
31182
25919
10682
17277
21615
6368
6409
4398
10725
3558
4853
10625
15175
4679
22280
24296
27513
30009
4508
16598
25261
1013
10845
5907
31726
19885
11717
26614
28969
12092
1687
15060
16389
13573
7877
30997
1416
23541
24084
25891
17472
14865
7368
1187
30618
30751
25970
19047
30703
3259
25670
31480
29565
14897
24781
17252
1269
17332
11022
14484
19220
30124
17030
16980
1654
225
202
25640
5681
4264
28054
19773
10324
2824
28169
21147
30055
22123
5815
30129
30050
32480
31305
17675
9722
17296
7895
4284
21233
29098
16860
18489
27249
29189
23822
22923
13413
10968
31117
10672
17345
14727
30828
31147
7877
10414
11633
19628
757
31786
24732
1924
21547
7705
13248
28402
25516
3716
20856
10129
21919
28777
23368
16485
14283
18081
6089
8950
11413
2717
15724
10405
5321
28864
10296
882
3067
23037
12588
14276
27005
15150
12386
19126
104
14092
25228
20482
31931
26009
9304
20802
21234
25618
1600
30348
8358
4918
14019
8787
280
13301
4931
11093
5985
26274
8922
4723
1897
20452
10777
18473
7376
25177
23821
29732
3001
10058
17284
29625
9100
29213
16176
9112
21988
16170
19282
17007
6486
21444
30699
21335
25937
19890
15849
18750
2139
5336
19309
14111
22734
4367
1880
9756
21069
3178
10819
21215
27665
12678
8866
5980
24653
29552
27470
32363
1385
10215
4161
29474
10189
28716
5021
14031
10633
21690
10988
15135
10010
23121
7273
31074
16752
14625
24468
16333
12688
3429
6590
10430
12839
29643
5694
2981
8949
4175
29540
9221
25717
10251
2458
21435
24175
8545
3165
23694
21321
5205
10105
7114
29298
6242
1521
3847
5897
28141
1172
188
22505
13320
29831
25732
23488
29671
1615
7455
31968
30339
26814
563
17326
13421
19073
31002
31167
20101
19601
9219
3761
13511
10857
2839
21597
11076
7874
6619
15214
24824
7286
23808
26812
465
6032
18860
31082
28169
1556
5895
1537
15948
834
11262
14860
26731
11077
19659
31054
11694
568
22073
3152
6115
2724
5449
18938
16961
3745
16264
316
28540
28590
27305
30785
4188
19378
9273
17833
19977
20042
28458
4178
20385
13735
30114
19581
8933
4486
1029
14519
27609
26029
21055
10243
27080
17880
22709
28212
13982
29856
11730
12056
32184
31103
18539
13216
22887
22116
5681
12091
10701
12951
25397
15298
16938
10164
6383
5759
10100
23344
4941
30604
28142
28872
19621
24744
24350
14260
23665
21477
7224
25813
8879
12624
13258
1972
20048
23839
8344
1521
26633
28982
7603
9786
6375
18986
29706
8181
26841
3292
29490
11979
30680
24169
5697
5238
31836
3346
11498
32372
30544
30095
30082
29723
23711
6991
31646
4516
22328
23552
16442
22869
18117
24760
9040
15252
32329
6546
28529
31889
13067
3669
21366
1433
14607
19264
21291
8029
21900
15673
23972
18725
11684
23717
16567
21544
19377
28934
22066
29351
17576
25958
25489
12229
807
6529
5899
268
11080
26570
27149
9519
15153
28385
2893
1050
21865
13023
6469
15063
22529
31750
12624
6650
1459
30030
12813
14986
4386
14505
14478
32433
5437
19163
26634
18401
27598
21802
6322
7113
22329
24190
17917
18765
15049
5915
4024
3207
201
29772
23701
19570
13165
19433
1281
29871
17528
16403
22403
25150
3823
11472
3819
23620
8509
15332
13069
26365
13657
6092
15959
25741
5696
8518
7705
14017
9912
30889
27475
727
21687
26730
4785
14989
15961
26744
11867
17698
1971
11339
8975
9993
30600
21466
14503
3897
7976
20912
16982
16886
27145
10163
22946
21566
15099
24417
17470
10242
14797
22604
11081
16514
16475
20646
881
14238
18789
19421
24368
13501
24886
431
4241
12308
25155
24610
22149
10787
5200
24741
7423
20539
6220
29577
18734
9500
8059
11587
9095
18530
5156
5647
12038
4713
4458
11333
4400
25663
1796
21123
11874
9603
28191
5377
23587
31948
146
10953
11966
4408
32619
30544
9126
31158
17785
8782
31037
27611
30797
28962
29572
59
28200
6177
24614
6411
12749
28008
10709
12992
20850
31140
20338
15492
9202
1579
12871
4815
12004
29038
22217
17582
15982
13112
12460
11533
4667
31852
15394
21750
27537
10561
8406
25931
25242
12681
8322
12610
4738
12690
17134
8169
303
31451
30188
16140
5587
11064
22994
24058
31071
31693
14162
5817
7492
4632
6368
13640
19778
6819
3768
7963
32323
32206
27514
686
19255
11974
1304
18692
29305
2667
17594
7195
25635
31536
29977
30484
7430
12876
9014
23403
27558
15656
28372
4233
25632
554
30442
18446
21455
16701
19882
15661
24720
31899
7820
25281
14832
1647
25952
18317
31608
27724
26425
6191
11571
18286
27735
17799
21457
29606
18076
25050
8730
23489
10600
6725
19098
25089
7912
10048
6956
6228
3662
3062
18413
114
9031
16151
26694
11581
11784
21968
297
1262
3849
24276
20987
16922
12914
24525
5781
9407
24022
7492
2667
20804
706
30135
10326
2122
25067
32072
9466
228
11400
3902
27919
19426
18125
16582
24639
18048
4002
20615
8016
5989
13701
20089
25232
8014
22571
17464
15353
30117
12802
24055
14222
31398
27590
26298
32317
28305
27833
27267
21359
12465
24532
15518
22511
29894
18990
28835
17211
6086
3153
19709
29820
6996
3220
29044
25961
6400
21600
4579
17399
7086
14363
12152
24007
11770
3590
28215
9076
9442
21420
24952
4213
6006
20306
25256
7662
17181
31292
4785
11288
10553
17516
14469
17963
447
30019
29332
2216
17275
7299
31992
25705
23824
5797
8444
3249
20034
9519
12215
18062
16785
6685
15578
15861
824
25887
23115
13989
20016
16786
28199
32544
27328
24921
31966
5224
8420
17931
22740
30970
14488
26783
2613
20037
29777
17589
20174
21844
24606
20278
25000
10003
16264
16256
9477
3013
29314
9533
13175
13437
30219
21486
22065
31555
23023
26926
32588
16540
10913
12352
28294
9832
31109
20429
482
16187
29461
5386
14445
22614
22387
31490
19452
14066
23085
19149
7006
13365
12594
21592
3071
20082
3724
9919
9447
7408
6154
8995
13215
10568
29281
12264
20718
6569
26387
11514
3722
26518
23716
22865
16317
16608
9869
18359
22515
30701
29580
8935
4020
14778
24364
17305
8032
25313
10502
12569
18267
3042
15890
13876
20330
27269
10819
1226
15306
3083
26541
10072
13227
19768
29867
32174
2761
7377
18898
23626
32701
22004
28542
29684
10949
61
13236
11765
1508
20966
9411
21284
31820
23797
16237
29069
11958
1436
14844
13678
13484
28865
10280
2413
12914
13638
25034
19124
569
14830
23251
7276
29298
5039
29205
4034
30889
21177
27291
11184
26778
23634
2168
20425
10895
31023
5255
22258
8187
8109
20032
1597
27448
3953
12712
8363
3602
28086
22619
26393
10939
4434
17789
25689
13781
13509
26324
525
10175
28338
16348
23984
3701
32536
11694
12344
4358
13334
23065
30597
26467
18518
27660
22086
4876
30780
30625
7030
17915
2608
17290
24380
8649
667
349
32147
10488
8421
5681
11054
27923
11678
26149
5934
29539
27094
15740
6457
24254
25414
12818
13847
29703
16012
19200
20204
13393
11136
8627
27440
21558
2948
12216
29183
9772
23466
27357
32502
3516
21097
403
4617
6615
15387
31751
8818
9103
8187
26894
9325
10550
7448
20752
27029
6741
16068
23457
22154
15885
18913
1337
9761
16945
13732
29644
12090
27477
18667
23783
27155
2171
15325
24379
3325
8618
1607
19679
16709
4130
5964
16827
24373
28837
12621
590
14373
3097
31605
20962
28391
5994
6872
11962
22899
16826
8685
31557
6490
17078
8733
32451
17342
31206
10789
18454
9178
32647
5931
12869
10312
2576
22619
22657
28155
24771
7432
11708
11129
26555
20962
13745
16462
10649
3285
9693
15651
10894
22509
13705
2372
3918
31662
18493
10700
379
10629
32170
15456
4355
9182
1192
16103
11522
18667
4721
21268
15675
13006
8585
27005
30500
12096
4087
12280
31160
22196
2461
18659
31575
16716
26601
31884
4851
26897
2131
14581
5584
31443
18629
8027
573
21818
30030
7437
17205
28286
21171
15252
27444
6880
7242
8986
29589
2969
20390
13270
25264
6821
17957
31282
7693
11866
27118
15820
1355
15936
3024
24896
11373
28982
17863
7961
22344
10748
16110
4875
11997
13898
20782
2068
3258
1331
7532
22957
23433
32367
26467
8092
1154
32231
16631
28859
14069
8643
10008
22713
27615
4344
27339
29460
12847
4703
11757
26466
6149
1825
22335
6342
24438
17799
16308
13176
32464
8611
17167
1870
16026
10001
21665
30956
6224
26644
19909
27444
14576
339
31471
12857
10060
16165
25289
7211
28703
13332
13497
1158
13050
24342
21825
22176
25663
2403
7998
13569
9088
28065
13267
32286
31053
18931
22264
5038
8846
22235
18880
10182
274
5110
13329
1751
28467
29813
12740
25195
6101
19311
7462
10794
26962
25439
30911
1907
18908
3847
18396
13049
29367
174
15947
16779
29803
1156
7561
29715
28660
12788
16574
27383
29373
27987
22123
16323
20797
29529
28848
28248
9432
1773
646
18246
26666
1982
17114
8137
6291
20450
5652
14420
15247
30771
18916
17196
5602
7012
13245
17508
318
19637
856
6074
8389
6717
25153
15935
5021
32688
13156
18041
9000
18947
13199
28416
28851
29917
2201
26019
4821
8099
12556
8788
3859
25698
22313
21863
28710
32615
1708
28253
20637
10941
11559
28849
3670
14124
12698
6966
31560
2077
1649
23807
929
19118
26126
27968
24930
25625
6591
28613
30132
19866
28493
12803
18386
31830
29983
11886
25471
25875
4447
26357
10857
29973
1485
23745
15980
23388
20804
2305
11160
15437
3727
6894
9489
5395
5768
25119
5823
7344
9367
26373
3639
27027
22742
32299
11942
32390
23613
22666
27218
21675
25755
10602
19793
27795
14019
16678
3357
4005
882
29192
32406
9447
4502
14332
29276
24230
32728
21856
9923
18222
23225
28955
19829
10614
29864
29741
9342
11341
17434
32153
7179
12829
5725
25264
13921
2635
22355
9536
21870
29727
26583
14713
26494
17458
20462
12815
26606
15007
12002
4738
27549
12038
3005
14395
7732
13966
18558
11827
4103
4419
11643
18281
12045
23447
10601
18750
25174
28643
17553
11867
2188
27573
30623
18697
8103
6031
32652
32331
18081
21945
9884
26523
10295
16651
12380
21915
6747
9165
12329
26890
28727
12980
14300
1491
24354
56
19235
15079
8310
12008
16998
20112
11429
16889
10116
25688
29438
15466
15077
9705
23539
22519
16566
29390
16181
10031
8722
4229
30808
20274
29556
21073
3607
24249
27581
15899
19966
11066
24280
11345
11175
19616
10394
2212
29378
14926
13370
6265
17436
3074
25953
7752
15531
15727
30435
6935
12199
17914
24887
340
13273
778
10502
806
22504
15265
15033
16853
2395
32674
17459
19198
30601
14193
21937
6471
19903
25404
10525
9128
17253
26245
21143
22384
28930
9739
790
9445
7028
29192
30198
22976
15816
22056
9554
10565
1214
32588
11515
27650
14451
28758
6253
30182
17969
20137
32645
30415
32311
26647
27573
907
4269
16499
32723
11538
18130
16037
19923
5218
12367
28113
18076
25352
2311
6838
30851
15088
20193
22311
3927
31691
19207
31902
8740
15688
23241
13685
2028
249
24166
25654
21406
13757
12408
32121
25835
12621
16342
732
3649
29752
30220
7991
17238
31775
7131
23980
11298
10630
31960
2604
6049
29619
11975
23184
15500
26878
1313
5315
27122
25407
27855
17779
22904
30012
27333
9682
30300
19085
7920
30967
21217
15036
17960
29904
18109
11107
31198
20896
13686
10520
9934
1351
4471
20132
4221
8462
9141
3095
30396
1264
32310
3620
4496
19173
15657
27642
15590
24155
17125
17197
29806
13891
8244
19752
7137
14551
19631
17952
865
19875
26592
10185
571
26679
32141
15399
13438
19469
13514
14781
21224
30204
31608
31854
2204
10879
6339
3742
31386
8422
30328
28862
21641
15797
6038
1746
3816
5346
5277
1029
10373
24214
12536
28544
4130
22529
2870
30579
2793
23269
10588
3255
17589
4374
11009
28741
2546
18888
16837
3056
27860
21336
16764
18914
3869
30672
480
19510
28808
12848
4094
16675
7703
18196
4780
4642
10795
8206
19015
19876
17815
2737
31559
28971
10541
29017
24199
18858
2669
27988
32232
23786
22737
17592
31908
30491
30161
26647
13900
32685
4110
29569
23131
6589
28551
22605
23443
29724
3188
20647
28916
25189
27402
29230
23671
30840
30306
6395
7165
1101
30942
175
29130
9358
5711
10884
4589
24896
4959
10125
5587
9048
26711
4396
5127
13967
22923
8714
9671
18155
16531
20535
24651
30692
14496
6174
15869
10005
27780
12740
4446
18472
29752
22928
22851
25592
2171
26042
32597
14408
4730
11107
24252
24553
7352
5382
195
31706
24102
26318
6398
4745
30529
19435
30999
15429
22545
12225
9664
30372
12175
20010
4333
995
29377
768
11140
8811
26832
29874
16432
27793
19986
19314
9290
16740
24896
17639
142
24162
21459
10992
5240
27244
27167
1313
30074
3260
27176
22434
15096
19622
31993
24631
24611
16172
14366
17945
28071
8087
7299
12395
779
29007
3861
31140
6325
22716
10397
25592
10946
12979
26913
9875
26121
19710
5880
32070
14358
20349
344
18789
20136
16990
28157
22749
18718
13495
17068
11315
27744
17690
10001
26804
28501
24692
30478
4181
19853
22527
29551
6630
8173
4802
1940
21574
21529
27994
1594
6509
31100
26645
31087
27109
24865
20400
13624
30950
13972
14180
16601
2983
5803
355
31744
20866
21337
10233
19902
20097
20684
17826
27672
11144
20395
3768
12948
4755
11905
25351
25833
30171
31235
20930
25633
1349
30511
14635
18328
657
29573
29591
4644
4683
27871
28642
20561
29367
25655
3266
11434
31968
20999
9488
31407
24022
22217
22077
15211
18275
2182
25334
1280
2902
9352
7537
32643
11122
4200
31012
27055
27302
18537
10173
31639
17614
20892
4205
7248
15681
12803
6793
20436
23709
23012
1495
9359
7561
18218
30872
15362
21010
1960
11667
11950
27135
7862
20170
2785
21430
25796
24801
24664
28128
27458
30129
24307
14321
17366
6888
15522
20148
24907
12878
29131
10119
28164
10157
32407
19629
13288
6266
22754
21842
18668
32750
1814
26908
11589
22620
25023
2314
31859
2073
21614
28440
10024
32396
14913
23562
18783
15601
7148
7573
24850
28756
8704
21447
4077
13290
20577
3825
27933
25657
22473
24503
16687
19252
4698
28817
32367
6646
7587
17423
5706
23699
7007
26198
3183
20223
24121
25321
25712
7583
5325
1419
17085
14187
23196
273
11743
31423
27541
7045
31633
3341
16270
20660
20084
23541
24439
23509
30934
19405
20828
23377
5379
15474
30534
14987
7235
8555
2541
5163
24437
8085
24966
13705
29535
24674
32077
13609
25883
23144
11487
32705
15777
9490
29898
21098
7236
24830
29823
8511
14875
14222
898
26929
22831
23436
14401
23718
30879
25921
2512
27543
15714
29391
11413
744
12043
16145
25216
21684
15267
10396
12098
32529
13538
19639
26944
26401
12074
7791
8823
9361
30077
25288
5008
32252
9771
18445
7919
27856
10113
26402
15446
27393
8322
8990
1155
28367
27183
10246
25556
25568
6502
29844
32085
30858
1522
30808
22554
20578
15272
1403
15571
18552
15003
3422
8610
30698
1292
25272
7716
32144
3598
26144
10811
22272
8202
4229
12215
32766
24326
16139
18305
27075
5969
14385
10849
23851
22141
28253
12527
30629
20174
27393
4645
7646
20675
22098
756
5293
8054
14229
8500
31268
1708
17265
15530
25810
13298
2465
4447
10680
28447
13213
27261
14165
19331
5760
13389
3504
25197
31984
16959
27681
5364
4045
6324
428
32133
22375
1284
11891
5011
9762
586
16492
24539
20920
24510
11819
1610
15946
30566
24709
1300
7864
26038
16750
19244
26664
20051
10126
11196
9094
12254
26936
25283
25155
7423
2567
22157
17352
22454
1059
31564
31003
19548
7911
10648
3039
25809
23990
21102
31782
23090
15024
22626
11910
29436
14253
28526
23155
20908
7721
5352
19800
28353
5307
20570
31443
25449
32735
17050
24388
23616
20622
16250
17199
10001
26889
3192
3866
17246
16997
6895
18296
12220
25029
9527
2311
24170
8181
22348
20982
16810
21703
18493
22327
14686
20794
5927
14521
30572
13787
1999
557
9453
5708
2937
30370
24091
9802
14677
16161
32698
32459
3184
17037
22013
7001
17385
11491
25459
4385
18584
28528
9846
30494
19856
26793
29788
28758
13143
16974
18662
22653
13530
8523
14727
18670
7572
9853
8090
25248
5806
13832
7360
28174
8930
25621
6902
11392
15672
11820
16744
16697
31505
576
19466
3536
22684
9325
616
31506
10753
32764
13304
14642
21848
18196
21589
3032
9633
30169
4092
11819
10456
21692
23121
26744
18844
4142
1871
21190
32388
10982
13996
12334
25791
32653
9175
12328
2577
17640
29307
9620
9492
24912
9702
7806
23996
9607
20147
25416
17233
11979
30768
31631
5969
1033
17045
18295
3104
30330
9910
17455
26852
26698
23950
2657
7157
12218
30216
1049
24503
22410
13210
31867
21965
16515
11572
71
20842
32234
885
20462
13282
27194
17388
2212
23701
7577
15368
5995
8739
16767
7777
3004
8239
175
24363
19959
19956
2040
6955
20255
4282
29936
26153
26089
26456
14794
24682
24669
21401
19680
20694
14429
8506
30122
4423
18689
2190
10629
24931
6582
23729
9835
16708
355
6733
4422
13149
10489
26607
3277
16051
31667
7309
30099
24208
28629
32338
738
5218
22594
10307
12575
31505
4076
29699
14000
20276
4573
32400
30013
16123
13993
17423
18853
20774
27610
18098
18814
31519
6917
9179
31414
28872
4642
13721
19852
28847
21530
19420
22989
23328
27433
26655
6536
14612
21378
14012
20654
14919
23517
23380
5899
28558
5694
24185
16165
18327
17905
6131
3053
9755
20222
12655
19063
17226
26385
25142
10913
23588
30935
12260
22854
24064
14348
23258
31171
4663
7026
25267
5424
18581
15226
4474
27415
2665
14506
27483
4425
17154
23079
5882
3598
4306
16510
19680
23333
427
3987
26657
3462
14081
418
31407
25986
10726
22650
5026
14643
22465
13886
29738
7762
20814
30041
31287
9440
10525
18549
16070
21797
18262
14653
13649
15368
9370
15228
3590
14003
1344
12210
8685
19315
20960
24570
8010
29785
13279
21825
6942
29324
9249
8796
27353
30651
25233
24937
17263
897
936
1641
5143
5875
17431
6344
284
23371
5679
9168
13244
22942
12665
20058
19179
5804
17958
4296
27932
15857
12842
22954
6563
27404
14937
6265
18034
17317
28316
28712
18152
14887
30488
2703
28237
14558
19098
21328
25519
26050
6716
17910
15649
1905
21361
15037
22547
4192
13313
23008
30170
29208
8578
9429
9545
1010
11909
29528
16138
28341
14400
8873
13318
14691
18752
29590
13266
14726
2975
5029
22560
10781
26204
24060
23774
6298
9861
5828
18824
442
3182
3701
6042
32583
11609
9614
24828
30201
27167
8364
2403
679
3735
29047
24299
21002
16289
28075
26353
6628
8614
17869
830
17991
11053
30891
27535
18936
23145
1273
22648
15549
3287
9665
20765
18619
6400
19960
22111
27670
5263
6807
18638
15505
1439
23277
25144
31163
14868
1956
23629
15471
7070
23650
24562
7522
1917
30804
30708
14191
21724
32759
25203
3163
8507
3079
5350
1113
6939
13425
15152
2327
30089
1703
21309
27067
25874
32083
23188
6833
6751
17944
23522
28504
32606
28159
21855
3113
28427
23928
6832
18221
12608
26773
20099
25547
1190
9961
2385
7640
18973
13802
22987
5600
16039
26094
8577
28445
21836
11496
16876
29960
25993
9404
2792
7195
6597
12145
7652
26334
18113
17346
1571
21787
18935
1233
32430
30633
20450
21165
6362
17120
19362
17401
24838
8511
16277
14464
24642
9955
30510
28247
32545
5215
25488
13436
32342
8492
8769
25177
14030
16391
10992
1517
17569
12161
20381
4698
17670
9992
4182
19395
18755
13981
5798
7555
19665
16735
29810
9309
13334
23223
13653
13329
15522
18669
12799
22402
17998
15485
3067
18158
27289
31818
27586
16172
17329
30448
309
22020
5346
27568
3605
26852
20391
11851
7578
6271
32475
24657
3818
31309
18659
23052
32231
866
8375
1484
29206
30230
26988
3633
30656
20886
7396
7719
21949
28882
2428
2847
19727
3707
17002
27021
13724
916
31492
21480
25684
8592
32699
20363
13301
11685
21224
6124
29314
13708
7161
22649
23409
6622
10774
15998
14675
3587
3365
9843
1872
3206
19051
23195
26343
31742
30014
18072
20142
3343
204
22212
4315
23556
23575
21399
8483
13778
8497
14024
29041
8386
24967
1782
16569
1802
5311
21962
20145
1837
5728
4777
2499
2473
28900
27297
12543
18386
222
26395
16469
22047
12206
7806
11846
30702
13012
31802
16102
21672
28851
9060
446
3148
28998
3054
17982
2127
30095
16857
7749
1415
9107
28358
16686
3734
17086
29339
15908
15014
26456
24093
8913
19855
25377
26721
1667
26173
862
1272
20809
4693
3197
17865
8710
26946
20790
16078
24022
20254
15604
25276
28905
11758
29693
3912
32628
9887
10997
9623
25026
1016
24766
9090
18522
31745
28949
575
10824
17390
1445
5513
20561
28816
24550
32151
29673
31264
5463
3179
8668
23684
29437
16053
21702
31625
17413
31707
32231
17304
30814
6041
22480
21626
3075
15390
28900
7819
9774
20105
15335
17065
22798
26462
7645
15153
28482
16852
32708
335
14718
22453
22546
5761
9848
9054
9555
30440
8039
16396
29172
22360
12203
29042
27034
29803
27396
576
30267
25503
24739
740
15272
23662
18207
8779
21007
16261
7868
17057
723
9122
11852
29142
16518
2053
5567
26694
15787
6897
5016
13897
5481
25421
23627
18194
11005
28215
25940
23541
19448
19435
20257
895
10269
31611
4267
16948
12785
4555
19057
11062
2855
23281
2832
12040
17
24257
14215
26978
7789
6583
18316
4573
24112
32104
28292
7707
14331
27094
8527
30063
22914
31055
30295
24557
23606
20994
11227
6463
12401
8777
13157
1731
1167
30993
21777
24943
21138
6673
12042
16088
3229
8060
20395
24327
5780
21406
31277
11312
27924
48
25017
26487
21408
722
4876
29917
31201
5811
2509
28193
26421
11042
17041
26441
25666
20892
28299
2224
23555
7085
12101
14850
26385
472
30774
10676
8426
12209
2634
8158
6028
7736
12489
24207
17602
18966
22232
5394
24446
4249
25411
15346
15104
29866
12208
32274
898
25238
18063
31952
15591
27280
17231
840
21172
28936
30504
21070
30770
4535
26297
5950
14647
18862
21639
21537
31230
6046
20774
16345
29819
3019
28708
30233
28604
8016
4419
21146
1806
22815
17022
8434
21640
18287
19907
32011
10576
30168
16700
17880
17429
29251
5965
610
25289
10834
1445
7625
9547
11941
31848
13924
20970
27859
32682
30017
12512
22420
1066
17412
18889
31661
17048
27537
13909
3571
2079
18239
17783
23514
28631
11252
2540
19290
2455
12774
16058
27592
26289
25789
28911
980
1171
25553
8843
19230
11579
353
10991
21213
19706
21434
5038
14550
2300
1160
1783
12795
17621
12540
15410
20218
28553
5867
7100
32457
30793
32601
9038
9604
12115
24722
12481
16184
9579
30137
13719
27025
5475
26440
3036
21474
25399
7564
165
32532
23347
24147
31649
7754
31364
26339
7963
9819
3385
13721
24500
25039
1902
26784
3014
15045
1750
25991
9331
29133
23768
8550
25395
6165
10453
2326
30851
20775
15849
18564
31657
12945
32459
20164
16370
6813
26805
9240
26692
25740
9031
22939
29521
9300
16854
30569
29596
7118
8181
22722
1377
6304
10169
8745
11139
16570
31836
17041
22254
22900
9764
8083
25295
5952
17942
9554
19666
1751
20092
2276
30615
31593
21013
14852
8560
16920
10000
30733
12780
30389
22883
32342
14628
1932
3773
8630
8275
28551
1466
5965
30374
20180
4328
2118
3671
1147
6512
31653
720
1728
20152
10437
23335
26916
31689
18057
17877
18788
4372
25056
10584
397
32428
21810
28796
17872
6277
25352
3537
16134
11678
17745
379
24692
6655
16754
25767
32468
21561
18584
4207
28148
11541
5446
3570
14979
16356
8947
15227
18313
9642
12607
17526
2083
20913
9523
27236
25019
19654
26148
29547
7202
20124
31193
30725
15942
22485
1936
67
2633
15621
15551
30185
26830
12537
28014
26651
25244
23344
18341
25779
7501
9109
28294
12986
7735
26641
20881
5502
10788
10312
9427
3426
2441
10032
15765
6652
1710
15284
32298
21359
16155
2388
11277
19539
14324
19662
7238
1099
25882
27466
1771
7852
2842
21182
4235
92
22863
704
16800
10245
31822
10972
23576
11991
24155
19832
1126
18807
21133
17155
10267
14131
29675
1799
10282
7571
5931
10141
3167
3963
15630
5880
21422
23870
7443
30525
627
8067
25489
3642
25705
4431
7814
22216
18231
1639
20486
13188
8363
28159
11563
11908
24247
2055
29212
19006
22776
3413
31006
13267
31811
1589
20570
8211
23000
27555
31720
7129
0
6817
8565
14181
16137
12812
7240
493
30002
18424
28410
21755
3150
23198
16963
7289
19746
28016
8761
31857
28695
7329
12845
19203
10962
18507
22671
18915
971
6075
28776
29568
32043
17687
25178
19807
6521
25510
636
20331
20155
6463
2898
57
2370
16403
27230
27864
25392
22667
5619
10305
7222
7282
27895
24494
4699
25304
2907
31503
2161
23725
29903
39
20572
29871
28967
10275
28448
25563
20172
32734
22563
26932
18941
2235
16135
29020
16437
13961
3142
30029
32051
9663
16375
16560
21556
3339
1976
14630
23136
23552
31461
7763
12556
26322
29373
28044
29875
8722
23709
18121
10769
9340
25460
31150
19626
9096
18195
7676
24519
22233
22251
10963
9006
29328
31819
9860
27619
23773
3152
20432
31994
594
30981
4256
4399
6823
18367
31477
30878
17426
19219
20524
22619
23258
16787
14465
25344
22761
22988
28826
23944
28709
15458
4038
3483
6241
10603
8588
23633
21328
23097
10006
17366
8189
7023
14215
15224
29047
9053
27678
1535
20607
27933
2183
10934
5631
4061
31814
16564
14645
26819
14710
25455
24352
21829
26213
31332
27482
29332
14985
10187
20704
3954
32602
21937
4387
23207
3374
1465
28909
3875
10157
17615
13725
23046
20784
8638
4032
103
23183
27052
18914
30017
29174
59
30109
21503
12157
20085
30373
2058
12097
131
14154
19730
27286
23534
13151
32150
16833
12498
22566
30411
1542
19924
21272
7993
16782
11456
28352
1306
1629
18755
10780
966
23524
25330
18144
28685
20569
17879
17130
18066
7693
17068
11449
3033
2529
14796
15713
25312
5733
18663
20257
9563
12830
16987
29054
30072
7217
16884
1905
18218
11729
29900
27334
30003
21267
17231
19624
9786
29211
22268
1828
9464
5720
27143
27231
14479
17782
29721
32280
2319
19325
4099
30489
22191
28516
19162
21439
3618
22740
11242
23281
23548
17551
6203
16644
32685
10648
4784
20413
26573
28047
30705
11020
14400
12907
23206
29809
7689
28218
17664
5269
30286
3499
27984
32238
27024
1555
24271
22384
12604
15457
9234
29373
9205
17546
23566
15744
20322
6967
14831
16439
14701
29979
11344
31643
9283
23212
2930
30142
2081
22767
24441
12565
29438
20371
18761
30382
14087
20254
16725
2729
28910
5996
11974
12915
30616
20353
8995
3499
32651
10590
1711
6403
27389
26497
32355
24173
21909
1003
584
6695
10324
19388
17102
14701
16769
7289
1063
14532
10391
6417
27971
26052
25634
23081
15174
8641
10305
7702
25907
27041
20440
14374
26571
18757
22573
29174
8246
28387
15862
22970
13056
30761
20252
4403
12402
7171
2549
13026
30841
7650
17279
58
13328
8378
15281
19145
5446
4790
11017
14667
6500
7159
26738
9146
25795
22208
10675
1926
16189
11270
10427
10193
11060
2603
9376
25292
6290
26628
6090
29329
18309
8699
32732
30264
22684
10475
5153
30651
24563
25049
11868
9396
21140
4540
170
32037
32600
17484
16377
23407
8666
27195
54
16263
8872
22989
13293
388
29772
29534
13449
23975
29797
3782
5688
1976
22597
12115
12078
19702
11532
1010
12692
7328
6367
8526
22684
19030
21664
23898
25579
28151
22692
2183
12721
8535
14974
32256
13572
7274
12502
28257
30822
21492
4524
14152
21832
409
19939
21454
3460
11022
356
5563
9201
23773
13662
1408
29286
26723
2865
25239
29858
9905
10816
6000
13710
7902
109
11892
24969
6497
28232
28409
18285
2213
5398
30522
20028
30547
23932
17470
16810
32659
25735
30286
3411
6382
5915
18906
12379
195
24074
14730
2525
7846
11314
8972
31898
13737
1889
24642
19089
7187
12267
14849
31699
1023
6308
2101
1375
2978
11970
17126
4977
25934
28148
12454
26341
17755
6444
10283
30968
781
9322
27694
9228
17416
1985
10503
23456
24349
16247
9859
27217
10549
4542
21610
122
13033
7219
13283
26893
3001
9571
10549
30607
6711
29021
5063
20806
20405
9208
23660
20828
484
30417
16313
26002
24650
14654
9089
18949
14319
25409
27284
32563
29981
14986
24712
31403
2717
9334
12433
11788
27272
32260
4782
8152
19464
28787
6151
22983
27470
25993
23285
18720
27857
16999
24348
19060
14336
28732
15967
13310
6172
1941
12243
25401
31964
20336
24489
16893
1504
3882
18411
5527
1408
755
27322
12758
11570
11646
13694
23674
76
30996
2352
4214
23306
18539
13395
1572
9095
14544
23032
31404
5651
9636
4131
31417
18485
10840
26558
28459
30253
28792
26805
30019
19164
11296
1241
6257
18316
25655
21348
30768
16095
11483
2257
27785
7336
30735
19209
11193
14289
26435
1215
32156
23963
22869
7927
17303
903
6795
26778
13791
10104
26860
513
14610
27409
19013
17302
7791
1282
23863
21895
4018
31493
31670
23227
29770
16297
10910
14812
6764
19182
22950
12353
1540
25118
2574
176
18683
22745
9583
7469
15560
20582
31941
1892
8033
31492
29951
16695
23329
30273
28043
26555
17377
16263
3688
11144
30755
830
28230
6864
11578
8931
4147
1541
8347
31841
6304
18431
18197
11930
5971
17889
32304
27885
29370
16122
31255
11383
25185
29272
24812
14543
29126
25306
15265
895
13400
14473
28224
17502
11117
32621
30802
1692
12099
23087
4224
7130
8307
32546
14909
15841
8226
17740
5164
23557
29416
16515
13289
17922
29736
14329
4586
28636
27656
18204
23962
29423
30397
24993
26807
18572
15305
8208
9312
2608
16243
18500
25392
20877
3599
22535
15969
14898
7010
12541
1302
1944
3124
27350
2512
27185
23730
23111
21497
12981
6836
14515
2223
8632
8200
11251
4720
391
5929
26102
15477
12320
293
25462
25387
27260
9413
31231
17405
8986
9503
16957
26266
26185
17601
3689
31035
16892
31851
10929
992
9271
23981
439
31243
8316
180
2331
6506
21541
14463
27187
31017
27830
8037
16717
27583
14299
2053
8427
4241
13272
23721
15785
23280
23110
7605
16589
11181
1851
24533
26313
21231
11106
29910
8085
14172
8383
31680
1173
30562
23060
13551
12727
5854
2498
19756
21169
2687
29581
18304
7593
24353
2928
18719
26852
22803
15308
12460
5690
17665
26410
2336
7395
7949
5287
15963
29490
517
3348
17380
12605
6977
20393
30020
10639
4163
12163
22751
5259
4486
1193
10463
20547
20813
13733
18555
10752
28632
1632
30475
24367
16513
26169
28057
12816
25315
12377
11725
4743
32629
27355
16932
23367
10226
10871
5817
11351
10500
20043
29194
31072
8435
1936
5781
10343
23915
14416
27983
14905
6695
4303
12187
6418
12296
8587
2426
6106
29946
4343
26592
25382
13602
14307
601
9539
27959
20033
7466
6140
24248
31396
25963
23159
1880
15729
596
8779
24232
22377
6931
30968
7990
21291
24383
6660
24829
6562
18080
28308
15441
11032
23910
24377
9274
5680
19746
19134
17088
9827
30334
28165
26376
9509
31743
31064
2332
28885
14617
4208
9806
10523
24840
5564
1464
16679
5018
3196
11922
8226
8648
3875
5673
10313
191
2810
13469
24333
19869
22844
22736
717
2644
16482
6506
6274
15542
13811
23338
20240
22757
24544
7713
184
28390
24104
1546
31074
10101
13588
29332
30789
13839
15432
25720
31311
26967
23242
494
1890
20640
26168
15504
5487
878
18509
25919
25503
2519
20415
20383
27727
14339
12928
350
5287
30190
12094
11087
15274
23079
19578
23788
25037
28602
3581
29452
6525
5759
13618
31356
21700
7419
7745
28321
12290
3441
25726
25018
28314
21205
6199
9729
2081
17434
5137
13743
6782
26819
13153
25547
13334
1221
10378
2776
20890
5575
22488
25034
13113
5703
22708
4124
14226
9728
14274
24726
3635
19998
23643
12165
12031
4199
27782
11709
13551
27570
23904
20214
28612
7377
3156
23259
21554
18216
24923
11203
24487
27235
26666
11214
2000
17269
25200
18157
18719
30994
21488
2457
25145
9128
21433
6840
12536
10849
32005
25827
9648
21217
4213
13802
5115
5358
7112
14459
28789
19352
17996
17736
22095
2953
15495
532
24467
2693
24072
27575
4218
28481
31772
21702
10042
7914
23895
31821
27625
27330
7811
18353
18608
24102
1380
7382
7928
1380
19591
28193
18498
5654
21988
28520
971
3203
1871
749
20026
32760
24449
943
19287
27356
26491
1844
7341
24191
24813
27807
21491
15323
2151
65
5878
32759
5453
24837
1612
1901
22524
32476
13563
18253
10833
22253
31853
7631
5488
18121
31442
19366
13838
11163
10576
10116
31847
21329
442
5178
4607
29636
8953
3919
23660
5028
28734
30830
22438
24449
11608
5355
31759
25773
28335
7793
7566
16116
6428
3568
5354
15834
13058
13929
31165
14832
25423
12034
20468
17679
20637
17043
30542
28809
15402
30829
20644
1577
20928
4405
12255
23456
31458
22062
29776
6722
24832
8473
17320
31369
15974
3880
32114
14294
17007
18145
6489
7669
1515
24396
22130
2424
13227
4584
2350
27642
30794
11581
28058
21029
8630
23230
20323
11411
28158
21666
2713
18063
1193
12523
23520
13500
23875
24404
2558
4505
25326
1103
29976
27
6270
25888
5976
25919
12940
21649
16674
25858
11777
4850
17740
16984
147
13256
191
19591
25844
30631
31802
8279
4086
24130
11829
8161
19527
15652
13059
16559
16878
9255
17738
27125
22203
16203
9678
31084
19197
27993
22912
17354
23111
9828
16573
15428
16601
21370
30716
21588
11019
23706
18333
23132
21267
31790
4043
30682
3326
6773
15960
29841
10338
218
25092
28951
5757
11224
5383
11181
25622
16102
26139
4251
21951
27972
30554
11639
23423
25995
30817
18498
2508
1264
6994
28529
9651
2578
6564
1474
31440
28853
30244
19287
27903
24740
91
27542
24329
8608
8233
12312
24481
10591
32485
20182
21000
7503
10345
2684
24676
12045
23979
16198
24542
4394
27687
26998
4784
32340
7872
1036
19272
14465
5361
22431
28532
8731
14107
24918
15042
20033
24552
32283
23992
19327
20895
9880
25326
30784
19958
23843
5175
2591
10112
28260
22650
24653
23500
6317
26838
12280
7687
24014
31230
31797
20168
17772
3092
32403
8407
21340
25473
29855
4450
28260
548
11042
17243
14752
6892
32615
14667
32483
13413
5132
16164
3779
3509
2219
16324
23825
3046
30239
14809
9097
17083
15690
18691
7785
13736
10673
4923
29023
22748
31297
19821
29970
10616
21603
27357
10989
24986
8769
1655
17195
8893
17899
30362
26531
11670
26126
4219
22410
24632
26155
19412
951
24603
26931
32541
22235
673
5151
24445
28748
23513
32225
16862
22262
20266
808
1536
30848
17559
28136
28203
5186
4478
14155
10057
2847
18127
22498
16100
8763
22151
11367
927
8165
1184
23930
9541
24525
16004
16468
4566
31043
6204
12719
15950
4648
18370
21732
27768
14286
32563
8087
20798
20863
17494
32557
4581
19166
29426
12053
11777
25139
22332
16108
17986
11916
29741
21336
629
1444
31087
1421
14325
21848
25989
12449
10869
13169
23882
29205
3012
23633
16632
32091
29269
22559
14663
1992
22796
18819
20015
31448
10493
29994
18581
6621
22344
14789
2259
29869
16149
3397
26083
5066
10860
32230
25037
1304
31568
19139
12814
13279
10486
13701
6088
10224
28661
9578
14904
2370
387
15584
14823
26759
17114
7552
19082
18608
29250
3089
20277
21936
3753
5515
3451
17352
32030
9980
30296
13682
18088
19133
25285
31975
25262
11010
28626
28326
19501
5036
11347
29677
9874
22804
21380
29994
21842
9158
7377
13785
8286
22453
22372
6469
1671
28739
26446
30179
12326
1130
21195
26016
24532
23257
24443
21340
22276
1455
13012
25967
16676
4373
7136
32643
25323
15768
23106
21409
15886
22608
24091
30584
11207
22946
27553
1592
3147
22163
7631
22295
1708
690
142
7978
20110
8076
11552
3509
28906
29395
20798
25443
27404
6633
27220
18144
8762
7073
18315
10177
26370
28321
575
30132
30507
6311
4670
8801
18862
7413
3646
6498
9320
19590
10996
28207
31126
23687
10314
19151
2962
17328
13175
23435
24715
18337
10433
17611
1056
22469
29326
978
18855
10518
26795
23963
23520
20911
12176
17583
25588
8763
1105
11536
31243
18539
8851
26196
29037
18404
24212
25813
16028
29714
5316
26415
15719
19634
1946
23219
18605
28839
32301
32496
3519
14915
18326
23853
22539
9167
2381
30681
31595
11108
3894
21895
28174
20252
11986
19666
12928
1014
4156
6079
17257
9021
20403
29174
27845
9944
20982
22355
27310
7571
30738
14129
11705
23888
16583
14033
22353
7299
20485
28669
12921
6177
18957
5857
10803
13797
29260
4784
12360
31413
18059
32643
26879
3016
1184
21440
31664
25063
27927
8950
31066
9975
7227
22328
23956
30187
8019
31699
3324
7853
16593
7944
21975
2905
18720
5726
10300
14927
24490
18326
1504
16993
17562
21143
26451
22937
5778
31615
8171
27285
1085
16962
3716
1824
24580
30944
6807
29416
10394
20464
15079
15189
31375
30922
31375
26208
1374
14492
7232
10990
14032
10310
32476
20170
12057
22399
25048
29290
31825
14872
24162
25134
519
14582
18572
11596
19450
6094
31773
28435
4761
31869
4967
28264
16413
14515
27920
20160
29283
29703
11106
19317
22129
16293
19196
2866
13492
26360
12427
26558
8241
23658
25837
26187
31945
29861
26569
4800
18196
19554
1115
65
11555
11746
17863
9679
11658
22680
742
4684
7971
6650
15807
687
25522
2574
24846
16239
21207
0
17352
27999
12399
22161
4265
11394
12082
31850
2963
25238
27639
12406
4043
26440
2264
1054
10728
6235
9849
2236
29162
24208
23820
32583
11092
28068
27428
17362
24358
10155
10487
17118
27747
13625
13086
24167
2641
23301
23580
26634
8952
27633
18678
18637
2972
5025
27104
27910
13904
8103
15652
28079
26215
9161
5492
8405
30330
22608
22333
19036
8037
1218
18915
28792
7452
23184
6267
5567
1813
9913
12582
9920
22670
9248
19219
4526
1132
27011
21268
3761
910
28310
9829
32395
26544
9141
28461
9512
23766
7872
31341
1763
30267
5188
17466
6627
14075
18519
26075
28348
31322
27855
684
19333
10131
23885
29069
30036
11734
29481
32295
154
30734
369
28326
31748
14824
31893
21135
17291
31002
28385
6739
25385
1577
12852
14395
5309
28408
4097
32214
18947
3579
7009
23715
29293
14031
12081
23797
20966
16327
29957
21239
6983
14176
2858
8712
25466
11869
12789
13968
29625
20470
28424
7549
26224
5594
10791
19321
22609
12466
12921
9792
13202
13919
20516
29301
12535
17432
22026
23817
14044
27490
23125
17520
19273
31916
28944
9479
27856
23306
21453
27046
19362
14393
10239
6178
16780
2321
27070
2697
27429
22034
16404
18654
8748
18931
15470
25005
25482
10016
4548
22977
24124
13903
14526
37
30771
1963
22952
13887
11505
32407
3655
726
14028
8976
4971
13842
3195
4693
5422
27658
3440
9028
9310
31090
29645
32105
16686
2378
18146
21673
29521
18391
18958
24716
12271
27330
3719
4307
29453
17255
31803
3468
21303
15189
8843
15931
6139
27732
28085
15470
15032
26203
20934
4909
550
10941
4447
5919
16540
28632
10533
15533
30493
26850
10339
12573
1533
7306
29095
15610
24191
17408
3422
13656
29713
29404
6302
19239
29511
14200
9611
5723
15803
29914
11657
8621
29037
23349
15564
32267
8916
7214
15011
8858
22825
22794
13107
22955
15931
150
4459
8180
22875
12916
12969
17258
1150
6215
6059
408
11049
17008
20559
28010
19582
1082
24587
11367
14655
15032
1780
23005
16937
21973
28320
29164
24041
9701
4
24760
30501
29929
447
24270
27965
3412
10347
29989
5360
29173
23081
5403
8018
13449
13394
12457
25999
22573
16816
5417
7637
17855
17883
1531
17057
17074
8311
27365
14127
24732
17408
12163
3660
27864
28795
31010
29356
26405
28429
17659
3691
22708
20801
24498
13967
18696
3891
21688
29635
20493
15049
1215
10599
29419
16123
32508
30859
10443
21732
3221
1681
15771
29603
16343
10318
24683
3248
22644
10199
3623
26699
221
840
8004
32561
28018
7959
4838
31434
32279
25773
32293
19448
18494
6612
7835
2168
1353
21189
15727
3193
23534
22325
2779
8065
9412
8985
2846
13921
22548
23346
6153
14933
13307
3949
17150
20627
15822
6059
24393
10353
27375
5749
5708
22628
14548
12533
16068
22434
14657
29532
24704
22159
1365
10412
4890
27613
29468
8161
1378
3742
6668
12044
27564
21220
30200
4829
10407
19595
3734
31242
559
21425
26522
14507
11132
15126
9324
23792
16266
28258
5342
30433
24110
21367
23532
24196
19179
4640
20447
21515
7673
886
7549
2430
1096
12159
4445
9084
1483
9830
16821
15043
8761
17480
31037
23629
19175
21636
7756
25465
16533
26375
6925
26065
8167
30067
23664
18322
22161
20946
16929
21484
27949
12992
25735
26078
20525
27611
27188
29143
12762
16674
10
10894
12925
248
1986
27979
21908
13373
28198
15401
11001
11010
23498
21232
17634
3059
8183
8177
27927
19221
18952
24622
16588
9496
17963
26446
14434
32308
9502
8691
19293
766
31520
20737
22019
8035
27737
15677
4526
21614
20074
3966
15164
24630
9683
774
26322
15502
24160
25600
8950
10768
30539
14814
2277
14261
10452
15744
19246
15712
2712
21876
16964
16596
16867
6393
21262
5036
343
11349
28156
4026
24112
14209
30014
27160
5804
3467
24939
30034
6828
22118
3747
28355
20446
26185
3657
20592
4324
24024
20679
17640
13130
18754
15422
15770
15408
31474
6192
25481
4612
3531
1664
25182
8401
32339
16194
27497
25717
4399
1999
15632
9916
14193
4348
32258
1427
11873
16640
16173
8886
13557
28901
19511
23145
9259
6831
31229
23129
8439
15920
26961
21769
11902
18768
408
22569
18237
20597
24483
1051
27799
6813
16872
32487
21271
3256
15449
15097
5794
10633
2560
14882
22053
9566
11735
25641
24825
31589
18287
21418
24396
22
25700
3292
5056
16556
16682
17587
9753
21279
13377
158
19631
22192
16332
11983
23663
5305
4854
26311
1635
24506
30773
16712
3932
9056
25648
22252
13086
2225
5422
29358
12537
5458
12950
23552
21053
6045
15805
18720
11254
22546
12000
5695
15015
24324
14045
14667
11543
3624
32184
4015
14912
17928
32461
27668
24936
17755
2317
29963
15634
24366
3389
29745
13509
17072
9648
10847
4605
8534
31364
23265
14264
7296
17027
7820
28852
27182
17145
16870
16017
13392
3320
6695
20653
28090
307
19530
19967
2921
19167
12983
28884
30381
387
20570
13934
30074
4170
26445
11263
7114
17005
27396
8036
12542
9569
7847
21775
23593
22677
21144
6455
19498
10092
8669
20605
29289
6353
4828
22771
21274
8012
2563
27491
4379
14860
26222
25543
12694
5922
9026
25845
14165
31454
2307
7285
6475
4726
15688
23160
15465
11407
22798
24151
12515
23491
32272
30681
13028
18070
13397
7482
22499
32567
22399
31832
29196
30035
12077
15529
18574
29429
14847
18242
27680
850
1170
11275
11263
5285
21240
11198
27351
24701
30094
24679
24027
18495
15024
18068
26937
3269
21058
3379
18317
13142
23734
14518
9756
17349
24192
16006
26554
13646
1020
3053
20394
1571
27871
10051
17183
21644
17411
19569
24769
30036
6692
27859
28066
8947
21279
28790
968
20663
17580
1641
25079
22275
24354
23066
12095
22518
25651
23452
20643
32500
23401
15552
27052
20788
13319
30789
13570
12063
253
11618
9116
6682
347
22918
409
12655
20095
20856
24630
13635
13943
24469
1923
5879
32650
10891
21162
2423
6728
6802
22712
15294
12207
14215
6847
20317
26546
32739
6753
19137
19304
5122
2495
23818
23145
11465
30226
12817
287
18221
15257
17200
2477
3536
11393
12907
23681
26060
23573
13174
27502
10243
3363
24573
15779
7928
24950
17053
32432
1955
4692
23652
14515
25363
28426
19884
17014
7102
15163
29948
2063
28542
19201
4341
9462
25324
1944
4822
21001
18320
8177
26390
16254
22552
17755
3149
28587
7145
14478
30580
37
8907
22087
31342
17761
8042
25586
13608
22926
23240
3657
1938
22241
16569
30944
22717
3254
17985
1600
13453
12880
1575
26886
27885
19029
2535
18821
31703
30652
30287
26867
16497
27880
21927
11015
20753
1618
12145
1899
27043
24144
6237
12882
27347
12262
14413
23573
10092
21407
6806
5884
13030
20620
5980
24795
27324
24218
27330
5629
10275
21984
17817
20590
3277
23590
27929
19631
3319
20509
30502
16502
19575
2364
28995
16603
17190
6376
17489
1746
26254
23742
28759
13649
30058
13178
5189
17652
4608
32753
4577
17079
31839
7320
29076
19364
17146
8516
25058
4046
9531
16605
20241
16288
615
4955
11946
3610
18689
12078
29777
28762
13030
32120
14277
27520
18153
29732
210
32067
24326
29070
4544
8642
11966
18021
9970
7370
10319
8921
9769
16817
5261
2204
11580
8712
14192
3695
29072
199
32047
2077
19503
22412
11690
10705
24226
27211
3171
24753
495
6179
27514
31534
17914
9947
10057
20870
15187
18851
26827
18134
32358
24731
17514
20940
24441
32135
16833
114
2586
30748
1863
23066
1376
25563
20772
6243
26547
18531
30110
20324
17735
3390
9592
20264
25141
17658
25624
25958
32113
16448
5158
27428
13487
9909
4234
31169
19579
4262
22367
24247
6976
11344
31917
26143
24304
10691
5438
2423
30636
8853
27784
16366
11891
3477
25235
24669
10380
22118
27821
19363
15811
31393
15154
27276
19041
28508
28520
20726
23080
22029
16454
2611
25567
13322
25630
15602
22259
19648
942
31888
8634
23073
17760
11068
3970
143
4380
2829
2256
5158
30659
10786
14334
23776
6648
11103
2197
21
15185
7763
32362
16067
25610
19138
15244
12266
7320
16230
8716
439
28471
19761
28168
17172
25230
2588
29118
27877
30493
17538
6938
2523
18557
15934
10227
1291
18487
8231
9444
27371
8224
26719
11834
9815
15132
11089
30969
17907
7094
27522
6338
28272
30420
25450
30695
5419
25433
23268
15525
32602
427
17348
15070
1382
19550
2659
12246
14388
14303
7531
5621
28513
28336
7829
16720
5522
16020
18987
7921
31591
5138
27476
25964
18267
30591
12873
9359
31076
23643
9970
18156
1789
19965
32050
2080
20081
19979
14272
22292
1162
1571
26803
17878
17849
9190
17670
22141
273
6720
4110
31718
22843
26315
5638
20242
3035
26188
10571
10711
9048
21570
16161
17001
28259
6724
25308
25178
966
15633
31984
31699
27907
19776
31785
13824
26714
10574
2524
24388
10507
3369
13687
21103
5316
11222
6517
5402
7044
31436
23603
6895
19835
23998
949
31153
17096
6430
8290
23805
14594
25593
30896
3401
14945
5096
2271
11831
17802
26221
27600
16077
28627
1315
15729
9823
5002
25687
17898
11278
30041
25304
12797
12563
220
21652
14815
27392
9981
29055
30227
29448
18286
19713
25039
4622
22245
29253
8827
19839
13181
12212
5692
120
15428
18622
11559
6820
32482
6295
27288
6399
18982
12181
20770
11740
20297
25180
16313
27042
13753
1085
24373
30756
22721
17480
4190
9995
16888
10613
23590
15084
19381
7862
15266
842
6984
29334
22259
15551
28466
12105
31190
15681
27191
25861
409
24555
18185
9549
16915
31876
31261
28102
28419
22922
23997
2046
10691
7556
17356
7951
8498
16654
10222
4543
20805
1800
24642
28189
11909
5854
140
14347
32231
13456
16210
14932
21226
12109
20529
24606
16510
10570
18396
31668
16356
14755
5076
7640
18437
2044
8998
17904
430
6306
7192
27496
32725
27096
10394
4499
27983
2543
24628
16407
12243
3359
14681
28842
28939
18511
15236
19264
15810
28872
29542
7963
1719
7965
29717
5696
18950
23629
25463
13539
12099
21967
17949
21180
13720
19383
26365
24683
9085
12175
26918
19431
3749
31791
9149
30291
2274
14143
25749
13473
17982
24763
26971
28732
21278
25873
30788
932
7430
22474
1578
26642
8736
28362
21721
19856
12969
4318
29421
4693
22671
19926
30887
16725
10059
6007
30027
13404
28863
6117
19761
3133
3435
1222
13094
9368
5498
31988
30820
4838
6618
16881
547
126
4181
14036
8336
5320
20808
26019
8549
7860
22138
8061
13819
4698
24206
29840
1239
6691
3189
13879
769
32276
30819
26228
6057
378
32244
29693
2257
658
4948
9655
31977
18473
6419
31182
27715
26281
2040
23364
15916
2772
2899
32249
3053
18174
2766
27316
25136
1722
23770
31537
23454
32746
10984
16270
9553
20915
2700
22797
26286
29179
11260
23555
25335
4290
23157
15552
3655
26319
2333
22378
19420
3826
6649
17494
3550
10743
28298
32508
7121
27066
19688
17837
20478
930
12150
26714
22608
28462
24249
11722
10116
8292
4364
12739
21452
30244
25293
31211
21494
25079
16387
21519
15725
12354
25392
17586
29677
7591
25431
19899
6316
28399
27534
7227
15790
10268
29165
14312
18192
29001
9509
18519
10419
9817
23740
14752
21851
9343
5775
10021
30550
25709
20698
28933
4259
19363
15287
25953
27050
3206
12723
29065
25414
1852
1051
27432
16197
28807
27473
19823
13561
8576
5591
9900
6155
22412
23232
12008
10924
14666
11820
31928
3483
17119
2191
18576
5050
18658
24472
771
26456
23260
29927
22536
22000
17411
457
20013
1164
7097
32211
16479
28569
19792
31487
4742
2088
20325
15838
22289
7316
20999
19426
31345
4242
12064
23993
9353
30785
31523
9469
19687
10457
24347
23307
24878
22268
12449
24093
32169
25105
27614
10097
25775
9139
102
28749
21725
17266
7187
26821
12295
18564
25941
13633
22252
23369
20688
18498
15600
21598
29458
23772
20865
8418
12464
21433
28246
9659
2755
29064
22338
12290
4390
28445
24018
32467
19932
27432
14124
20820
13810
3032
5735
17547
11951
15872
20489
17850
24687
4751
1172
762
23577
2555
15737
5293
25027
18232
967
23162
15615
15164
17812
28420
13500
27658
8609
15747
10472
4633
22157
28258
21501
9141
22980
20509
13553
31219
20129
21288
24526
15494
26360
22205
16084
19435
4164
28780
15681
21204
21157
31614
18330
16657
13970
23694
3679
15942
4908
15313
20978
12118
7975
19802
23056
12766
18716
16557
2212
15714
23152
4056
8203
29302
4254
26380
7255
17143
4991
12427
6140
18423
30144
24878
1907
8889
284
11507
3020
9876
2360
29321
5819
30611
30879
30423
2563
19632
3016
9732
18178
10289
9272
8301
7308
29349
30785
30709
19435
30148
15632
21693
18255
30421
14846
12790
20835
28162
19940
3278
17937
15433
221
4295
25103
31525
31232
23472
27091
9769
4522
30196
26494
28107
14372
16979
27823
24487
30174
6300
30640
21378
32517
12991
13007
1716
27279
32380
10432
26564
30821
16063
14551
22131
30905
26272
5949
32246
1131
32622
26077
22979
31108
6285
29869
29846
18408
13044
3986
28630
29074
21236
11407
9734
8323
26394
7905
2741
31892
19234
10293
30804
25864
11093
16111
30131
5859
12362
22744
26241
18563
22226
8432
4519
21119
5626
10932
15992
23903
12389
23029
13451
24498
24687
15385
17893
17299
17941
1162
20923
21466
25513
24797
13103
1763
31846
5058
4808
5122
26292
31237
28352
18660
7311
14224
28832
25213
16478
9099
6430
28319
31130
25442
6847
1411
21437
19139
2142
6165
10951
16509
20635
13029
21732
27525
23495
24392
20288
27497
25237
22452
9808
26471
9431
30092
30020
4284
8684
26124
6020
30484
480
14043
9770
30440
29636
32407
24096
25219
20564
9138
20994
9553
20702
27415
28001
18059
24802
19127
13321
30187
26447
28025
5223
18846
6622
8205
9375
17263
28124
20542
20022
18336
18508
27431
19948
9048
3359
12991
840
12035
17781
7094
7101
24654
11745
17234
4301
13987
3941
26178
6534
8909
9260
6169
15659
25547
10220
29968
32184
17859
12163
13647
4024
3683
22825
6550
3925
13655
1344
12620
27969
5660
6627
2926
27174
12914
10194
22047
1471
18832
16697
17940
11163
6783
28081
28308
12476
19090
11389
3772
12120
1943
25890
18140
14838
6749
10757
2338
14521
27200
21095
17948
17734
29317
8971
15050
17052
20774
10245
22923
8651
5493
17097
20329
10883
31881
27652
21797
21632
19822
31871
6302
11410
20534
7692
25882
12858
24322
5486
12588
10733
23151
29567
3637
5468
15903
23576
21091
28049
22165
17894
6938
31568
30482
19253
24090
17472
12237
2825
13458
17705
17044
25251
13803
11890
32208
11505
21247
5136
27325
22165
15102
171
1311
11701
25669
32111
1346
4115
28530
23610
19063
19567
19064
30617
15972
3109
11423
27118
32656
31696
20425
7232
1724
13905
26542
18980
5866
17956
17644
31847
27314
23908
26973
13586
10467
1886
2683
22590
7292
15607
18730
31657
5547
18831
24775
1484
16597
24493
23681
1082
22939
12577
14150
9179
14219
22017
22328
29017
16928
30078
13435
3151
5388
2765
2704
10443
22613
24708
15513
7349
23589
15983
31082
16898
13673
27410
15774
23098
11746
10109
29800
641
26067
3645
309
22990
10909
13978
13199
8105
4548
19186
29652
6368
11874
8360
20411
27482
21209
12905
31667
18034
17595
7109
23944
4885
3491
7300
10250
4845
24247
11906
30493
17444
23080
15821
31655
23777
1088
32498
30230
27711
13297
10724
22919
27306
13998
16256
27895
10342
6017
19235
22939
22622
12042
31950
7587
4459
6936
22925
6884
17314
6486
7324
15530
30117
4515
11019
14161
5308
30175
473
1024
28391
9644
16715
6990
30177
451
29349
4552
23096
17157
23634
23706
6441
9828
11750
26683
27398
21646
32063
12616
5282
25548
8995
15908
2654
18681
787
16937
28049
21097
6468
6306
6946
19530
115
20330
9314
24393
11314
7546
14967
25506
22251
28536
12464
2446
16832
288
9056
2928
14374
45
3425
6650
20766
31169
14266
2765
24508
30782
30434
19589
2374
5073
24385
15770
5069
11123
12012
13626
26731
10175
23426
30601
28448
7200
326
7124
9973
19119
26828
16517
9616
2963
31293
25063
7503
2738
32742
2749
23699
11855
25531
31079
26895
2879
25691
15441
14487
15111
442
12446
3167
16341
81
6898
13624
31392
12020
11964
28866
25610
22408
1699
13027
14878
31569
1089
2425
1210
27989
6747
21258
8250
20909
11679
8880
824
774
2360
6611
29109
12634
5225
29497
30529
26262
14447
5142
2671
25231
10649
11523
14805
20218
30138
1671
9105
22606
19344
24507
7338
10593
21248
259
253
5416
6912
26704
11636
19923
13530
8370
29145
22946
3938
5862
15469
4423
30750
28244
8714
3096
2753
21805
18387
15555
27320
12481
20463
13948
9790
28062
15591
655
6408
4372
23883
17391
2275
1000
7743
18320
30648
12288
5423
23110
5973
18061
16062
1721
26388
9672
9192
2061
19282
11119
25414
13933
6463
25480
15881
1492
9381
19980
11909
31644
20047
17940
5099
16195
21061
11127
10794
32758
19273
26164
9146
1818
7979
2023
20120
4290
10568
27674
11367
29100
28334
28040
24214
23622
18445
3906
15752
1798
4580
2110
8685
26329
28245
6251
27728
16250
6868
5149
27501
27206
25942
29501
30860
21725
17313
32325
19132
12478
4413
29291
5391
10448
17462
15672
24435
29607
28403
22246
31041
23545
26163
18939
27707
17446
14936
6383
6660
24437
18364
9625
8644
2412
2249
1875
4940
26959
8970
7606
24497
22351
30460
18181
16457
7427
18104
29966
21703
24691
9342
14055
28994
25775
14940
2637
13457
11421
21578
21894
15984
12962
9257
28512
6199
25788
1732
3502
13974
29543
4183
6367
7341
3314
2658
19483
31223
12854
27754
11190
25630
29830
19084
17686
22250
1311
18015
6395
27034
21694
21545
27541
29701
3028
14250
1495
10585
29768
22901
15204
10795
2742
12130
19244
29666
253
11338
21861
12263
1878
3260
12415
20539
30805
11244
22386
9229
31562
19612
29975
29130
1564
3539
2959
14700
22104
25091
29195
31258
31954
15892
19070
24533
26423
14429
7836
23910
28753
24957
28820
2186
20953
30316
11083
2953
3048
11990
24929
7085
2348
19705
22193
31591
19351
27399
19050
27396
24221
21540
32697
21060
20003
23960
23535
29921
1523
22315
13657
28745
20203
12184
29728
1864
12967
21211
28470
22412
29733
10958
3821
2574
13969
32449
22927
26687
2897
26161
16639
2970
22873
1580
9602
891
8304
27390
2087
30523
11173
3191
22150
4944
23756
29691
30865
2322
1727
20551
18714
29192
15132
30963
292
22218
26640
10693
6281
10094
2943
31612
30537
15283
11464
7487
19369
27685
12733
28366
24757
15024
27182
13792
4695
16017
21401
10255
3428
2499
21122
23252
15994
19767
17035
2338
1517
31639
11666
12833
7016
9111
21759
30931
10734
29083
14102
21205
15733
9287
6128
215
11597
11178
11329
26291
592
26112
18489
7090
30545
243
14080
712
16106
24096
21880
5720
7310
18335
14371
26023
28146
13323
12559
747
8310
16835
21762
1790
4572
8384
3624
8774
736
3594
19263
20972
19594
8296
15674
13189
19256
20650
8474
30573
8590
30821
24347
30593
22124
25105
309
27731
32665
24451
30165
5735
26089
20368
25062
17164
23232
3113
23602
17842
9873
22791
13870
8637
4816
19021
13901
11078
12255
1294
3260
17669
3318
26263
18733
16015
24388
30305
12777
3209
8765
3322
12976
18122
3242
8771
30688
6909
22407
19615
15293
15171
15780
4607
10023
9683
31908
5722
3705
19399
20620
26534
5981
32705
14092
20744
20807
24214
2199
17316
23578
26381
9471
29989
22455
11130
8887
20971
17221
3416
10435
21973
19474
7062
4631
23972
3879
7334
12349
31499
19649
5894
10597
5139
4803
28119
3875
17166
23617
32437
3413
23746
23907
10390
26247
6635
29047
22430
5799
24810
23058
14146
16238
9274
6740
23820
18571
30341
25344
14547
17459
9725
3538
13101
32406
10392
20810
25867
19784
25808
12464
413
8609
17971
20292
25351
28551
23349
1209
7466
5319
28413
18528
24877
26847
4789
8520
2788
9599
16253
4180
823
30420
4011
22064
8039
16808
10500
14608
29609
19871
28284
25382
10862
25097
2021
29551
814
13202
11561
12799
17915
22221
9537
8490
12700
16724
2295
12226
3800
21491
31660
28320
20064
32209
22129
15603
15610
21530
1786
16541
4877
9281
26220
10464
21365
25885
21066
23350
10224
6094
25430
8557
14199
19413
15770
20530
20399
22149
1792
4437
15615
25384
9889
3709
21449
22104
30729
28904
8145
26693
11184
30582
20526
1737
28603
10638
11571
1998
21122
17464
29108
6207
11901
1087
26366
2085
21
31366
12366
24590
5586
20852
5265
991
14478
29391
21479
13680
16528
4173
30016
15038
10555
2423
13264
27985
23204
8188
16036
9662
2649
31366
18941
4739
1956
10028
24293
1317
29271
8001
28779
27547
6423
31547
18183
1187
16614
2131
9346
1870
5794
17409
9950
14841
5080
8502
5306
14983
19046
6439
18147
1925
24953
18672
14448
21799
2121
23483
4309
29578
11449
16860
27937
17427
19991
8663
22390
9760
27450
28751
14708
17712
21752
23046
537
7053
25198
895
17668
6716
16725
19611
18715
27229
25500
6070
21372
240
1009
14706
2403
15207
6411
12629
5555
30993
6861
16390
21252
7519
10591
2944
32639
5787
13085
25338
17447
25008
20096
1699
4968
17710
28839
5033
25954
17412
18870
4372
10983
11047
1390
15834
23873
2389
21774
4736
25737
19661
6092
13448
5520
29574
13103
8656
4883
4118
10967
5378
15297
1735
17596
5743
28115
18443
22692
672
4395
5679
16756
14272
775
10474
6047
23147
682
8995
17519
19375
12902
27149
10247
6732
13266
12130
28350
5675
11969
14831
3270
14101
30389
13802
9648
6055
6362
16159
20833
9236
10011
11808
10271
16211
3516
29317
26591
5136
6291
27752
17752
7016
24751
7237
29373
11562
12976
7946
18935
19481
19678
6753
10305
23830
6646
25552
5813
17989
14499
15128
29873
15481
13288
3529
22662
17547
19250
21195
20398
6664
26567
13587
3038
22276
5148
25171
28118
30763
27918
8728
25746
13038
32223
17363
20768
27041
4641
3523
9082
3961
14697
16965
32106
1132
11134
9176
13168
157
21408
1347
24562
29269
3276
15225
23610
29239
1270
2363
8686
15898
17183
7781
14297
10270
7318
6291
28728
12624
20641
25244
1358
11053
6070
28306
10721
13136
6305
3457
3164
21048
32381
11194
26328
31003
19539
28616
8448
22531
29567
2232
70
15409
11009
11625
4811
16882
28342
5831
26296
19271
632
29320
27465
31011
15223
13800
27282
29365
29841
13717
23894
8381
6878
21347
15074
28435
24196
16605
5774
17715
19868
24815
381
1920
28624
19571
5126
20741
13509
17603
7611
19197
20675
2649
10890
5409
26026
13081
17915
13370
2200
2123
28499
7661
17071
2026
1419
21296
5816
21114
4368
3441
22987
26704
1143
12345
7010
12387
1174
24966
11861
28924
2226
11501
31352
17492
15266
22470
6229
27375
11090
3739
19668
28097
24128
21347
16591
25908
5579
10419
18493
10493
23044
14844
12351
14453
31837
12313
1853
13992
12302
27411
13948
14748
27885
7625
10521
22733
21828
4960
6513
6616
7161
30063
16443
25322
10292
13530
22773
7286
22807
20046
24808
6022
16654
16432
31938
17017
12650
10061
12391
30332
27192
26246
32373
17802
8097
10730
4869
17757
8599
30299
6632
20404
29727
24237
30036
26851
17976
16809
6895
16243
12672
2733
13618
12649
9936
13315
27570
17557
3250
24744
6091
4460
6608
14739
25391
22906
7670
6881
9014
32368
6379
16260
28380
6518
21811
25527
3022
26064
21754
7995
8731
7640
18110
17792
13913
6260
15857
9555
5163
28749
22661
10077
10250
19441
29953
32386
16005
12252
236
5172
26055
10438
5644
29199
21553
19951
16936
31782
9716
6021
28209
10615
15944
6753
32002
16169
9477
20573
1233
20257
2513
11703
4923
31695
19761
19498
1496
5919
16626
10614
1661
5414
21365
13708
22634
31353
1847
29861
13512
9137
12161
32414
9851
15461
16383
4473
31710
32425
13530
30268
22492
11006
8776
32140
18648
1696
30605
21550
30188
4703
29853
10727
31371
23548
14913
31625
24694
26333
6618
8126
11262
24279
29855
26173
14029
31464
20247
31990
30779
11562
10667
13258
18649
401
9678
18585
5553
11598
12313
26006
18322
32628
23079
2121
6094
4200
19671
17322
14713
21434
16748
2297
6527
4023
6284
21177
83
31275
9861
19628
29967
10201
12855
6977
6033
11606
2696
2494
25242
8073
9239
27227
7861
12904
16416
6575
20213
8295
22380
12729
31226
4549
10321
11833
28924
5052
1693
24060
29202
1193
7181
25331
27030
22714
12567
4817
8422
23420
20478
5923
13978
8818
11345
19153
19173
25073
6888
15945
22956
15173
32279
7369
14142
31948
10377
16729
31578
22247
32158
8838
19691
3142
1624
29555
11475
3482
24313
29374
11822
20156
16120
24118
10690
30063
8605
31866
13808
5235
19640
23491
24717
23529
3470
30549
18000
20138
9300
12364
31966
4950
18451
9393
11628
16961
4695
27111
30702
25714
9672
1017
19026
6204
3133
17723
6115
6159
7696
32
26493
30130
25813
16268
27533
17797
12616
8491
8413
26624
29498
30156
23954
28754
22206
29217
8056
24518
23185
26672
5702
16223
5735
13858
10405
23523
11571
27725
32186
5789
23330
26444
6943
13461
4931
23750
12709
15237
5875
743
3604
13694
9239
20149
17469
24275
11663
944
7613
27162
14204
29972
1178
18894
28549
20918
12084
4316
28414
26889
918
7646
13954
27830
9450
32745
32077
17455
32119
31273
1573
11364
4969
15523
20371
21488
27652
24845
8495
1013
15037
18624
28948
10683
21138
27914
25568
30659
18078
29732
4049
1942
17738
24384
28530
23077
32063
12620
16805
14197
24785
2039
12077
17281
28960
1167
19811
7685
32240
22451
21145
3821
4403
20389
3139
12962
15572
21615
4648
2453
17054
535
2626
1871
24739
16013
10750
6207
726
23154
26080
24180
7253
15453
5601
10802
8560
4599
31573
8586
10909
11012
17851
22955
7178
10349
14805
31870
23422
16737
8663
17956
5232
3330
4392
10634
20102
31343
9938
27573
6838
18671
13318
22424
6636
17913
12974
10290
30223
2274
20393
17929
23584
27559
15838
7696
13866
9181
3720
30927
11758
21597
16335
10553
10143
11016
32122
2111
17562
6354
872
1447
23550
16369
11302
6925
22175
15288
8316
1543
30619
28183
30666
6083
26085
12479
20971
22468
28555
12945
12036
17224
15126
22311
25944
27912
22076
2034
20175
14583
15107
11737
104
13150
19030
2591
20400
23968
14973
27951
10074
4234
15819
23964
13048
1335
24929
4034
17975
10015
28167
8500
12311
7520
30173
11210
20409
8451
28534
6457
28036
31850
28421
24436
15779
29341
29930
8812
17562
11217
2059
28304
11809
12889
30758
3830
21445
1311
6674
11319
9584
24256
4267
4511
18525
20324
31616
29914
19587
6809
12931
26533
13362
1712
16892
20685
30942
28096
21242
9454
13886
1075
9443
11447
23741
311
16459
23057
3508
31484
28176
5018
32287
30803
12987
20398
30019
14004
11256
12875
6622
16043
6082
25742
3565
351
26996
3160
27270
23918
15176
12648
2905
4978
5227
11574
25325
6367
25058
7023
420
22087
28612
7447
15362
10693
24437
88
29839
30349
7688
31123
7427
17308
17587
24974
30750
4188
22627
12142
20411
22189
1166
28200
9638
21953
477
25935
15780
26770
4476
20875
15118
4102
28266
15806
10337
16426
24089
27340
7909
29185
23832
26306
31012
22977
1285
26882
29324
803
6364
3044
26461
17582
31366
1830
29743
4632
27170
12679
28826
16695
23359
21423
22678
17166
29558
32682
26035
4319
27691
26385
6203
17930
10146
13870
20699
24816
30660
817
4947
770
10071
19488
8226
18497
5293
27802
654
30244
10135
14890
30207
740
13591
1047
18637
1970
18730
14208
12947
28764
17595
2455
26102
18355
2128
17393
6030
7178
1974
24303
1206
26632
9237
9268
18239
21602
30382
26759
15482
24933
14403
17820
16123
22042
11708
17073
29198
9418
10475
20019
2727
28738
28094
13913
10076
21380
3188
2725
25454
3328
11071
21194
6365
8506
22511
14575
8835
3049
15020
12265
30232
1952
30676
3100
18072
23752
24471
8540
2528
27466
22592
2986
32571
31781
17307
1026
13902
17728
27710
9345
5123
4125
16647
4110
21879
14111
6795
13071
681
10565
3193
30429
1761
9349
25266
25561
21924
2644
23903
16669
5952
23997
10699
26546
25709
1102
2748
7594
21218
20187
31893
4937
8070
24918
9051
19892
32406
24633
8914
8324
13900
31858
1667
27397
6911
32347
29476
32140
7058
23844
10179
31705
21834
27232
7797
23451
18083
20226
11062
1282
27376
11556
31697
224
7834
28889
15298
11288
7691
24225
24656
13099
11367
25366
4071
15142
28177
7628
28143
28697
13824
15457
7420
6935
9323
13345
24444
11274
18184
22058
15154
10486
25331
26230
7659
25696
8465
20682
31005
15861
12086
885
23567
29717
16992
4727
1672
3909
31669
15618
2287
17310
29800
3358
14036
16461
7339
26625
24830
25674
22151
3734
3460
30791
1653
25214
8983
2882
28744
12126
1660
11210
5445
9712
8020
9474
28365
17929
32482
22853
21652
4469
611
16465
8779
23567
1134
16936
17715
15715
14916
12692
10975
4833
1850
5949
6427
11855
27346
21779
18199
21058
15291
22597
1068
134
32595
29442
22872
30671
14452
7017
29170
31610
11569
3797
25899
10145
8353
9606
28334
25234
4085
9874
25392
23330
24808
22089
25821
22118
6055
3994
28284
9990
27918
16673
26659
8108
26583
14432
23681
1348
30748
6196
26457
29662
16103
10485
6316
21894
29682
16393
25855
27959
22765
2079
24868
19169
14193
15086
25924
21047
12652
2645
1033
24605
9200
23651
12915
16087
1427
26588
25052
16340
26478
2770
27869
12624
24158
17436
15839
4637
9291
22972
11562
1591
8335
6637
6995
26015
26569
184
11989
6551
5635
25351
32258
18938
29864
11698
17637
19496
1107
16515
14530
2743
1566
28524
1432
26507
25677
20750
17715
32458
277
22741
8938
3470
11646
823
11810
19723
8332
28043
23232
12101
24469
31860
23777
12212
16979
18684
5457
18226
21151
6288
12416
30543
14037
225
25348
19641
26019
7328
25445
3694
31746
26142
5466
3924
3740
8385
11369
16141
10721
26262
4438
14933
21549
1682
31150
25698
15686
16172
11265
32025
29589
31517
28059
22481
28806
17776
30829
12187
13303
4866
19147
27679
22721
13361
12811
1882
27134
18475
1346
22038
24882
5511
20263
10748
4004
4912
19404
8092
4724
26462
18362
30347
13852
1275
17631
1068
30598
26032
17629
5071
4049
30842
9734
4336
27049
28629
3885
16227
20885
29639
29414
22055
25139
5425
17470
22817
22314
4682
24605
7721
29225
6311
31933
2244
744
31306
8660
17473
9183
7371
28825
11344
22279
20297
729
17950
32671
9611
15234
11504
7131
26582
25181
29438
10138
2697
28661
15088
22737
14969
18067
2595
12696
10309
31248
2006
18104
29903
12230
24094
24588
29824
24338
32396
28862
24712
22494
7804
12359
3770
18199
21974
29070
24787
27793
26109
32411
12039
31989
7343
4256
15004
4991
27216
24900
3988
24592
8868
31989
23700
31300
8450
7775
30662
29148
29874
16731
18268
13659
24814
21114
17737
12980
12766
11367
29428
3907
19083
17266
28431
14906
23470
23318
13962
23958
19327
8066
19815
23160
28581
6630
2315
7412
3149
3835
623
12778
9725
27667
15592
30118
850
20747
18686
2008
23484
18494
18340
32755
30344
31060
28610
17761
17589
16216
11083
10261
15383
13307
28095
31475
5680
3317
32697
18437
27151
4214
17077
25810
18401
255
14023
28089
9608
29114
15545
871
19991
15522
21524
30841
18776
1220
20462
25716
12956
25125
26060
21199
2167
26215
18105
8635
6647
26549
13370
21594
637
30616
9483
13155
1362
2662
28174
17199
19360
13980
20155
16236
17020
328
14824
8449
30004
24478
12653
18537
11229
22673
6068
14515
4196
7599
21705
17090
5299
2148
32342
7074
32345
21563
22304
15573
14504
30007
14074
5700
9766
30563
3342
5373
3364
14176
24284
21588
19823
4498
6699
30969
16824
19956
1482
22690
30370
1168
8980
15086
21995
3919
30665
22971
15694
10520
6300
31640
26870
19911
25668
18318
2078
404
15449
19106
25224
15635
17524
31131
10727
489
22634
21408
13444
314
20021
17446
16980
25548
7339
12100
17446
19216
3269
7844
28775
21616
16509
16409
8907
28625
7248
11399
29851
29781
18319
31247
11349
28362
4313
31417
22443
3111
17297
17278
8122
15150
15277
432
23626
24120
25644
10985
20403
25437
26222
8819
29448
15918
27273
27906
8751
20287
6464
8133
27711
28700
24216
32624
3373
30447
2478
27139
30687
13250
17037
24859
18587
23445
4162
32214
13656
12280
32713
3890
16872
18305
6220
2445
10642
4805
28887
19326
13638
14952
29317
1138
15071
17221
5296
12431
8849
5142
3162
29204
13032
10566
16875
15102
17447
29730
18620
15679
1873
19200
24052
23341
13567
2837
10169
20348
9084
2105
31766
5538
6045
3562
1213
18325
2615
16452
28820
632
1289
12187
1486
7372
27502
2408
23658
1201
32723
6140
3034
7143
16361
25161
4308
3850
6889
893
13225
4711
24567
31179
1089
14093
4561
26782
30420
11223
12638
31798
6786
5899
1184
30293
14589
29490
14991
24752
18316
28785
30389
25259
12678
23762
12941
17503
25166
7738
4088
18281
4014
2998
24131
6199
6127
17313
25046
26385
6366
21285
10452
17343
18557
27471
26984
5060
28126
29947
14835
32722
28598
18814
25043
29386
21587
7586
31814
24708
13756
9215
25179
10907
15777
4880
31016
4873
8990
22246
10079
25946
27136
12658
11244
3242
32384
20381
12579
6178
20974
7967
22023
17613
6615
27102
7629
11820
12197
3410
6160
27783
17581
25243
14856
1039
18312
21082
30661
11401
29496
23467
6311
13396
5100
29944
17608
23881
1939
19627
9192
22840
28663
31542
30727
32317
31110
7305
20990
15381
27071
30105
15123
19774
22509
14543
15482
14640
8475
30099
1512
7622
8611
16936
1771
2038
1485
13842
30997
31669
24575
30886
6956
9676
17187
24803
31275
1641
21946
14889
21669
22232
23002
13093
7910
21524
23283
387
15722
20441
12815
26897
24592
1187
19824
13284
31050
2624
7145
14752
8731
25540
13951
3512
17031
8961
16241
12934
26938
10223
23546
5194
11090
6211
13229
5775
15393
9322
12035
21719
6332
14026
25481
31449
25980
27182
26304
24244
26407
24679
20495
24522
8478
10508
19421
22432
855
8134
11867
3958
28237
4271
31040
14899
29319
20507
12454
10085
30660
6541
25502
7190
5368
4510
30763
29784
21079
18144
21618
19087
4040
8049
21811
3011
18473
4312
11586
13243
18587
30947
23317
2740
5779
5910
21103
722
8648
6060
11101
29723
7739
1554
25276
11773
23282
29803
21201
20261
9786
32264
31783
28088
17225
14006
20972
10654
23600
8388
24016
1289
16737
23845
15513
31634
10867
20266
18151
3734
6855
15804
22860
12448
30214
19449
18116
29962
13292
30339
30063
17979
2163
13942
30553
13190
22875
9236
18539
1927
25554
738
1995
5597
11275
10301
25678
16443
12935
17915
31129
29709
27368
3984
9373
22274
5747
15537
23864
9479
31179
6706
3193
11800
9539
586
699
29129
28644
17079
17098
18196
10867
534
16562
27054
17152
29982
13589
6331
17459
12106
9248
22366
22876
25143
24638
10833
30452
5447
21992
7647
26876
5682
10024
8847
26143
9886
6345
27617
878
489
21051
24765
14218
29576
27422
26843
15798
24982
3804
13145
5992
3861
25373
3016
21116
30004
28835
31472
13147
14906
10949
5493
19507
25577
25892
2506
626
20487
2605
31684
11881
22774
31001
6199
14246
28612
25808
24707
30154
15171
28255
13269
19715
3916
22619
10175
18459
24101
9496
4603
15116
15915
3913
12088
5590
11867
24722
11467
23498
4119
14701
9412
30084
3969
3880
22282
9212
30896
7942
16030
19153
9852
32053
22950
27149
3234
3990
3463
13624
3149
18615
28002
28483
2474
14404
24026
20382
19151
11097
22658
23314
17970
30058
8900
20498
30073
17911
15016
8191
9710
31793
20057
29238
12484
22446
9213
30856
1393
17874
1205
9774
30312
17703
302
7787
21794
2856
201
7196
28342
17874
17090
19361
16695
26175
7198
25557
8411
31941
8263
2418
7476
14467
20212
19723
20380
23541
13710
22797
28222
3255
18454
5512
10631
3630
1842
4212
30767
2739
838
13187
27791
1133
27668
28428
6415
13824
3363
18033
23860
15035
9045
11104
29140
6157
23772
12865
20436
19021
30347
2982
19996
21084
29204
18442
27416
28058
20071
24015
13740
18527
7218
18706
26142
10138
9320
22275
25459
21493
28130
3603
3428
17596
25993
4204
18581
21455
19429
3104
18938
2837
30519
1372
29098
3171
25256
10876
19477
19926
28833
17870
12387
15035
12233
17568
4518
25537
20817
1024
18709
11584
858
29418
14442
22517
13477
16490
6058
7528
23874
2572
27742
1857
16207
23602
8245
10743
17827
25798
25972
8014
11120
22685
13649
29808
20108
21906
26068
16274
26192
28156
4683
29425
20892
29739
15089
21476
30985
12389
31581
31786
26740
24350
10735
1114
12408
24021
7248
12976
8649
6593
30946
32023
9762
27174
30903
16043
1658
27635
3143
28243
24215
23747
1140
18108
9696
18984
11290
25696
25968
14329
32297
22613
19318
7883
25864
21231
14711
16534
11100
17055
6273
2234
26188
12238
16441
30823
28867
16382
19636
21645
12271
20451
10413
29859
29872
5543
31370
25388
11885
26579
28401
6641
27650
6178
8816
11904
19112
13194
5771
5742
25
23343
13170
8527
26623
13863
30971
19842
17247
21698
19508
11053
29720
3649
6346
21594
30615
25235
130
25438
22695
3152
23055
6431
25394
18171
16061
28526
17747
9632
19715
11613
5420
20729
21238
9801
29671
10762
27068
7239
15916
29905
6161
12934
10945
12673
25563
15803
20931
2459
4478
8622
8399
29072
1673
6753
23028
7311
28924
10393
6841
17145
22064
10566
8781
22145
10232
26137
15813
5709
15989
31969
20180
31987
26156
31097
12413
29997
17562
10731
15185
32112
31450
19432
25950
2107
10980
25798
2085
17401
7427
1057
18987
18905
6393
24655
18110
1280
29862
30746
23600
24802
23232
4075
31604
28031
21707
5586
8593
20866
27231
9135
16012
25312
29448
8463
14160
6968
30602
5737
30350
20022
29023
22037
28111
18711
2526
19445
2958
6076
29701
7933
16068
21649
2159
479
19357
22030
31609
7016
4181
497
13393
24493
15138
17845
5232
8792
5782
12375
18062
29069
17805
16299
3347
21257
22255
584
6031
18247
13146
30646
15303
19652
15504
5166
12653
28444
32749
4407
20277
32196
22371
10100
9143
31223
12700
17157
14068
19829
24572
16883
9311
20959
9110
926
3391
30806
15296
32266
15644
27490
16196
15831
11930
25520
25565
2467
29725
30523
2080
18994
31038
18156
30742
31223
13318
29403
19273
11533
12158
21158
25843
14441
25218
16511
14687
20818
15878
31871
22585
26437
6548
19778
19756
8249
9766
20292
30973
18997
7164
17240
28680
31329
19958
9216
10411
10547
23457
32725
28677
7413
5606
10049
17648
22296
4071
14653
24366
7264
18900
15272
5900
23378
11152
6449
13400
3427
29620
29426
27137
24160
20931
118
8639
6458
13550
19799
1096
17711
16256
9150
20987
28110
22609
30014
28636
1168
27660
28696
16749
30291
22254
11699
2280
23794
7724
9273
12415
15315
3684
23671
18565
12710
6242
20794
9539
28621
26280
20736
7411
13169
32190
29322
11769
5628
30030
20926
7635
30345
3041
21042
7646
27807
8221
27429
18041
10290
6294
18468
24328
24552
15731
9204
8626
6925
745
18335
27578
31772
15644
30592
23467
4499
32122
6171
20817
32438
32594
20967
1014
9136
1842
10359
22220
15556
27786
2407
7445
23369
19379
22719
15268
14598
17985
22998
29281
24565
24552
8569
20396
2510
4061
31375
13247
23339
4732
29715
9732
3230
26738
12700
12290
27939
11623
15989
2211
10695
6471
2367
8322
11454
32248
25210
24318
3871
31760
21474
29879
20307
28479
13017
29505
28596
30457
24092
25804
9884
4591
18977
14800
28705
26635
28616
23257
31689
3945
29161
3965
1858
25670
13310
14744
22558
17294
27241
25654
14836
30434
4121
31193
25751
32482
11023
6577
25423
8190
2199
18816
19338
7663
12844
8373
17439
31596
25970
11238
26351
3437
13341
16382
8137
6837
31276
21892
13241
31238
6643
13509
16198
20787
9290
7042
16958
27246
28395
9315
20799
20595
31060
26242
17479
4567
8202
26470
8386
4465
229
18179
3325
393
1325
17735
28018
19871
2440
1973
26438
25775
8329
21395
30687
22642
2133
9725
4014
31880
20897
18100
22031
25370
28438
7166
7989
18305
14840
29020
8235
30458
13622
19299
26860
32306
6993
5374
15791
19830
9260
11449
21330
9717
32096
13963
11043
31109
8407
27039
2052
30640
16826
4302
21476
14478
7101
3907
18176
21668
12497
20194
7596
5925
6367
5076
18511
17258
30811
32735
19427
5351
12841
28724
10743
23084
9636
4036
2319
7508
10101
22059
24193
18796
18731
3533
7699
29831
11263
20551
10305
2541
14661
29335
12450
25590
23907
18915
31589
12076
6946
9987
509
27960
10293
11510
19120
21510
19054
24089
6981
11475
16729
684
21899
17753
13928
19295
4961
32526
16702
8142
8803
13989
22600
32459
12661
27289
21933
9563
26095
1789
9265
31830
6811
9101
23511
28183
1894
22155
32432
10219
15267
26591
21062
17868
10737
15921
28745
2722
26207
22799
24029
17213
17810
31202
16613
15468
5827
379
29599
23110
22035
23120
31533
15482
12682
14362
15230
17928
28066
29818
8473
24650
12107
14201
19043
12964
26012
6183
25636
21505
1215
18967
15264
11724
26924
11987
11079
10288
13702
28894
24931
21316
19379
20368
20503
120
11513
3135
11538
8680
22626
20646
7060
3457
30096
27037
29740
947
5229
19259
1213
148
10782
23010
26964
12822
28088
3767
8778
5124
3418
29930
16528
5340
29482
22774
16583
22060
21607
23107
12090
22045
9519
26708
10782
6242
29519
16837
15498
23135
2148
22428
2041
426
31744
24506
30753
27155
21626
1825
897
30045
30651
19004
26719
30487
19428
11037
30795
17816
6810
25977
11385
4391
13996
31728
23086
8449
8094
658
9539
9775
32607
32592
18000
18496
12614
28602
27556
9947
13859
3369
5604
16188
18226
19564
12269
23082
311
30201
32437
10269
1634
15167
26803
10713
28163
15927
13874
31169
217
23303
5492
26949
19660
19470
15949
8399
11428
9652
32256
23718
12825
5743
1855
28344
25324
10779
11276
16099
21724
21760
29590
5424
15759
25859
12286
27643
27574
29317
7467
19522
19413
8743
19802
21797
6313
9477
32430
12480
14310
11957
21080
18514
24140
17658
10289
16312
30545
215
32582
3645
17622
22144
12408
26246
18027
13646
1951
17668
20058
17487
17680
28829
7065
23798
25823
4219
3229
4911
30318
4361
20556
2214
158
23355
12630
14919
29699
12045
1446
16671
15537
14232
12287
29010
24869
28833
10036
23813
19666
12944
17180
6919
6219
30386
74
18480
3881
4105
4821
15387
253
10071
13959
17752
18837
3020
32087
7096
2366
9697
20493
8839
21123
9705
28149
10664
641
12808
19483
24852
5904
23570
9080
12384
17137
1680
12748
3367
19064
24385
24019
17746
670
20216
8581
27075
17245
17126
10934
19935
28944
28794
31693
26760
9972
3096
2067
21070
21170
20334
22339
23162
13145
4199
10854
27409
12155
9406
15329
4508
29325
9773
1510
24666
842
764
2491
32570
6282
32511
28906
18944
2913
7051
30283
1438
13796
19226
14018
1897
17620
4907
17096
21247
12360
19964
24476
18407
21772
7816
28306
255
23805
1814
2786
19365
9178
6735
2949
24542
29626
10048
538
1914
32227
1892
16483
18680
18106
14426
17
11583
18051
23835
10639
1294
4688
10191
7989
11138
6447
14940
10187
10706
20005
30239
12773
30615
18304
17952
6475
30850
2168
17571
25639
30375
23097
11116
28921
26476
26033
9556
24826
29564
23193
20848
22704
7900
18588
13512
30087
27501
1298
32687
15589
5774
6736
5794
8969
17732
31522
25842
14069
903
7716
26720
31392
4631
23577
28392
2018
27963
3337
11623
24727
727
6370
3768
11631
16512
28506
16388
695
3380
30481
28789
18104
27502
24861
21371
9649
5985
6698
21227
1347
15835
31486
2688
16959
27315
20869
10622
4152
9193
15862
9794
14098
9251
3129
8254
3653
32153
23093
32579
20757
27773
28308
11319
28996
31151
5364
26921
6231
7896
12080
20388
9807
2036
1933
3875
15752
13977
11319
4282
20138
32626
25767
14327
14874
27780
494
2057
16405
17369
10565
25827
32093
25497
30055
20437
2913
14681
22929
26006
10131
27405
32008
19757
12679
29019
22089
23256
25668
9922
11613
28856
28823
19423
5196
31428
9097
1369
14445
20040
20214
4691
3768
25544
5644
28165
9003
1427
11103
8834
30960
9581
5587
29407
11635
6764
14122
6431
19867
24735
30161
27750
7067
5604
27144
11890
16175
26450
17281
4989
13535
22114
24231
20090
14666
13628
17863
14842
12065
18178
21000
24430
9107
12965
22024
21780
27168
21304
30706
878
11178
14973
19036
29719
14006
8331
2299
19619
18791
4136
28675
6071
6064
1409
18222
27515
27409
17272
11550
11466
25525
10165
14316
10299
7675
6925
12072
28288
10841
8578
3885
32686
3148
23367
9731
16109
21728
15187
8665
29482
30799
28514
30036
226
18257
22044
6355
29131
5199
28214
25543
15017
18068
24496
16015
18354
19748
4865
22043
32479
1866
21071
31999
13938
13380
15384
8399
16120
14001
22101
24326
783
20950
21751
27436
5236
6492
28064
6309
20265
8447
30989
10872
11396
21068
31828
23085
8563
21901
3327
19968
29323
13121
1457
6958
2314
15909
2524
8578
17601
17533
3016
12421
5819
30748
24169
29435
15623
20189
5832
21448
26980
25510
8135
28078
15880
28947
20007
17866
8410
26782
22950
14830
9767
10654
26819
21738
9598
3600
5478
27763
3839
11848
18161
12074
12162
31045
8662
24248
18387
27417
11366
12818
3939
28428
7609
13381
2161
9701
17016
10587
21899
10796
20621
792
7478
32554
8326
17429
31083
15547
271
21076
17123
1852
27489
16824
30965
6421
14248
17905
586
20079
2108
10387
32310
7409
9359
11076
30348
22116
30892
5
4172
4133
30520
7717
10310
18824
3424
18052
7714
14217
26937
27981
15707
13752
11672
1284
32322
17985
12659
26996
30025
3140
18683
9986
11568
28791
30151
3241
20120
7429
29463
19584
2897
4893
24581
1531
6807
20863
7301
12970
21347
6299
4314
979
2269
27817
21770
16980
16547
7882
15998
17513
23529
8409
31900
12098
2066
13205
236
25966
17628
12508
28798
12070
3777
9214
21519
29084
20269
28491
30048
5327
28843
17819
8614
32250
12448
285
21106
22767
5970
29541
14658
6980
17635
4526
19246
25482
636
14882
2797
4584
20843
8854
21273
29799
26223
25639
17998
15939
20875
11139
20401
28399
16954
873
23739
23189
5800
14774
27343
15878
20469
5572
26723
13365
20389
9504
9745
18317
19568
5771
26209
21072
5047
7065
28454
27014
15493
21985
11950
25815
1905
19562
977
21174
19524
24879
551
2737
29002
19900
19027
25598
21112
32099
7512
8001
23420
30975
23585
32552
23968
839
25261
21342
10170
17800
30264
2588
9479
4590
8243
19434
20931
19071
25730
17100
32050
22456
28472
30106
369
953
18030
9209
30875
19646
4858
31625
15317
21811
24592
30388
4003
24563
23538
24186
24651
22653
12315
18511
23240
27017
14268
5123
25016
20489
26870
11978
5204
5493
29347
19497
9448
3659
17126
3551
17607
10294
3616
12884
29082
11882
23355
7530
32503
5182
6295
23516
18650
12087
14204
5534
1858
27773
3937
25702
30032
31012
26756
13172
9418
9428
3766
17078
24367
27915
3932
27279
25171
31815
31887
19366
11897
4914
23697
23290
12026
29896
32076
9023
19300
7454
20951
15293
20542
25905
23139
8863
5638
9273
2169
10007
22561
889
9292
4405
2423
2021
18112
4926
18087
12956
15020
26969
18271
12806
26392
12245
20708
31327
16188
1278
31007
24275
4407
6389
6437
32417
14456
20968
26045
18611
8495
12283
8013
28024
19577
25191
20259
12096
32519
25759
5771
26825
9902
2542
27613
31645
20826
32681
2394
9989
9886
13020
199
13302
12845
22446
29551
10257
8036
23226
32250
16871
23239
3394
3365
15194
6184
377
19552
18095
12214
32679
22065
25882
19577
19399
11882
22832
16013
23881
29098
29932
15840
1622
21178
26058
6664
4375
11877
6154
9009
272
28743
2976
18535
29234
4057
3576
9611
8225
28857
20905
18757
28109
17508
14751
9458
32275
10836
11141
9092
26792
6028
21301
15870
17700
22707
25565
13170
21956
1823
16305
29490
21505
16201
27249
19630
25598
24231
9905
424
19130
31474
16641
26308
16051
24496
26424
26053
18304
18059
31469
2318
32307
876
7030
25260
20544
27164
7082
8388
25586
7862
30898
23064
12920
12976
6472
27679
11196
13768
5892
16360
1386
5330
20623
22013
23784
30466
14685
3892
1322
22244
11494
19755
31792
18746
30706
23121
28622
1311
14701
11235
21482
12773
31473
18593
2112
654
31614
12876
7815
31270
12438
13146
16201
14416
3080
8361
988
16735
16525
3622
16987
12505
29729
17058
4613
29883
28211
14074
3662
32557
12189
26807
30068
30775
4103
31400
31151
30416
27163
19548
32446
11166
7720
16362
21510
15465
25518
15761
1124
21667
28073
16983
31236
24327
24987
12714
23911
22442
8298
13808
20948
16783
24246
12176
19943
24972
17079
1411
2850
7710
16857
23245
32577
24995
25052
13382
19486
32321
15225
14225
5061
23860
19577
20825
11374
14596
30998
30802
2138
28162
17254
19809
15626
5259
7296
23091
31555
4907
25045
16894
28162
8093
25392
26466
18897
20431
26802
6192
18108
64
15716
24308
16448
9838
21356
2447
10377
23907
6267
5038
30953
5900
4139
2499
7353
12396
7975
13514
11847
1654
22003
9206
13126
7927
18007
2329
4143
32664
9272
5309
7566
12126
22836
16345
7294
31425
19483
28012
7287
26370
27978
5774
13642
30885
17196
13733
10169
10352
23114
21892
3505
16632
4938
24033
4136
28923
2755
2536
25343
12890
5090
12771
5558
16624
11310
16699
16985
28241
16288
12116
19290
6323
15349
27680
27513
1092
14556
15936
17931
12958
24721
30205
20410
4529
23877
25658
23218
3965
32659
19196
823
6034
10942
11853
14358
4523
21384
26590
9956
4287
25175
8998
26288
30868
24444
30824
22636
19349
29308
15060
8858
31553
23656
9727
18943
341
15397
18991
11927
3694
14742
29184
25092
2732
18142
13108
6257
12144
20565
23607
22328
25198
4807
27682
24877
25676
7187
23238
32400
23127
29056
23212
30134
28311
29516
24100
19911
30331
28142
24819
28791
15356
26538
14075
9316
25165
32100
14820
29875
15729
5618
29431
5496
73
29558
4445
32223
9176
15083
15647
29987
5900
9888
13652
21515
6729
16855
22750
19651
27229
10070
28790
15945
11229
15083
4972
31329
19843
21169
31075
22298
29966
17127
20289
16322
10202
4605
16716
30422
20589
2022
27642
30730
8959
2047
6481
20110
10193
16177
18565
28404
20735
1907
4200
27526
7485
1577
5154
784
28462
6745
6024
7999
5336
27421
23117
20839
6618
7284
25373
1493
2080
1379
16528
20666
24653
11927
26302
12121
10620
24185
13049
22776
22287
32735
2416
31915
1133
29088
6583
10908
1093
9710
14931
767
22747
727
15195
492
11405
26132
32218
25787
26736
4440
18971
13036
16739
9447
10811
17284
22188
2366
28526
30188
6087
4920
17458
14039
1229
3302
20552
20986
15915
23458
5567
5704
11060
3044
27740
256
24110
32397
23909
8616
26583
7573
12060
21206
21875
17295
21777
32253
22591
21241
9267
16725
18612
2240
8450
7520
26630
8306
24312
28223
16271
28074
13487
29968
22829
20102
25741
18140
19388
14479
12958
10404
3876
11435
1362
16074
18963
13328
23976
15129
6408
18547
10228
25078
30065
10429
30980
18564
5000
13232
28314
3567
14582
4095
8737
18304
5055
5938
10276
23231
7511
31988
32078
3944
20550
12940
11885
9945
22241
21230
18561
18869
30807
4823
22713
26883
11161
5128
2109
31033
14937
15043
24973
14940
25998
29214
11116
14326
4869
29841
25625
7157
1984
16203
19894
22148
31633
31491
27108
2192
29928
27521
26760
30127
25183
16900
19842
20885
23958
10818
30216
6068
2340
4318
6725
13067
7797
29864
27808
5450
22317
15374
2706
32061
31210
410
14483
27383
16678
1577
2811
3635
19819
5167
14479
5936
26431
25640
19134
8844
30334
30701
18362
13479
24550
32012
26451
12063
4782
2314
29867
32673
19939
28083
17650
2658
7705
12097
674
22747
25735
16612
10610
13804
24853
27523
19646
3661
16206
28064
13264
19672
3732
24947
31507
7374
14540
30331
4077
6569
3947
6614
555
16074
13226
32620
6224
5877
23051
18579
534
20237
9926
10890
2778
27126
25616
26751
16989
18570
23940
5906
25703
25332
20411
15978
17189
29814
17845
8515
27625
20687
31371
18566
21494
17676
27547
6320
32152
12046
32139
15485
12960
30324
25906
14788
6485
25236
27185
2641
29829
26847
24820
1097
13215
30045
12197
721
28909
19585
21390
12785
10970
14813
4644
13445
29795
12824
9521
11549
24037
12066
21930
23372
31332
6801
29036
25540
27685
21621
12368
13830
22427
17938
6150
15178
29707
25729
18315
23163
15903
16099
16668
21194
31554
28214
15556
28181
29935
20993
22790
31436
17601
24046
26768
15393
22239
26496
25709
5476
3840
2718
11244
16343
24776
19125
30412
13793
7637
5749
29429
8031
24137
10864
11592
18365
24494
13727
723
644
157
8366
25258
2223
219
14151
6875
15536
32495
16747
24999
2279
19149
8767
3041
12784
18691
29785
30762
31937
28692
32091
26833
18572
12056
24619
27060
15109
29804
19882
13408
8766
30176
22862
1826
9592
32478
6406
7020
30895
30360
18259
31587
30043
7619
25343
22079
2471
17435
4392
15574
8390
536
3597
28107
1241
30402
16090
25004
31701
9014
19513
8123
14630
25827
12117
8160
2166
17161
20009
20200
9527
27327
11630
17202
4428
4350
22725
25836
26759
21531
2032
7124
14403
28872
707
27645
20650
4169
5662
30652
9580
9529
18690
20876
29457
10734
8204
1036
9351
26943
25273
21664
3644
24653
28219
20642
27601
15380
7984
4038
3113
19834
25396
6039
10517
27231
10823
9957
6330
26103
31151
26492
1799
7084
23258
31904
9543
587
23099
2419
32187
22809
15562
3054
19218
13494
9266
18610
9233
31515
2500
25464
10230
11268
3994
9145
20374
5579
31772
9811
288
5739
19246
30838
8942
29844
9359
16933
10444
22846
26549
20259
5558
22947
30971
2601
3723
18619
5172
10956
28596
25269
418
7619
13621
10136
29284
11859
3065
2028
29478
32452
15911
15485
13608
8090
26870
3689
6616
2462
3540
27956
16439
3132
9209
27761
23206
25710
21049
19867
15133
27749
20293
22451
15423
20080
16007
3017
22659
840
31445
7808
29955
4013
3111
30974
7037
29435
9349
5987
17773
29780
32371
5162
6743
14250
24315
22555
12489
30323
31157
10757
1561
20745
6861
10131
17363
30778
21464
17252
23437
20172
29158
10741
8698
23191
13725
17732
27889
15003
28332
461
13643
29955
10221
11438
2489
3252
27935
14938
16769
26867
7524
4239
17879
32378
24510
32148
12886
15530
19464
12157
20641
18053
30238
4422
9039
31598
3367
24634
23960
12902
29328
211
21190
12575
2117
26571
8985
17936
26830
26810
22701
24164
15849
10463
27806
27889
12395
6612
6857
13601
12864
15520
31422
16830
21281
7018
20776
10230
25314
5319
32259
2200
20893
15808
22372
21299
17686
9951
9409
19598
4927
27731
4991
20411
22419
10723
548
18750
23673
10702
11675
26557
14772
29352
31857
2857
25472
7008
1185
28501
31671
1220
10017
25337
22478
17427
21044
15089
497
17186
1388
30436
9634
32612
9036
27021
27239
6147
28339
1643
10002
10664
10434
15351
30937
9221
24979
14440
8293
29451
7118
5229
6329
21666
31129
25635
18473
28748
429
147
11401
9948
16992
23038
12205
31229
1624
21994
8678
15361
6281
23749
26725
5407
13193
10263
30534
7277
12871
32429
25796
13218
7515
23338
31093
9421
824
11997
32671
21277
26367
27773
24720
15267
26060
28124
24930
4235
3371
7204
27148
28443
17791
25695
20918
29674
30712
2035
27874
13753
140
30347
23255
19484
30457
10819
1491
32559
11322
29065
28278
20852
17506
6979
2302
25777
4002
2250
5367
31180
28524
17072
2397
11303
3194
31332
32707
17740
3529
23889
6258
21048
16962
12090
7785
698
9897
28348
27404
30818
4235
16028
8900
717
20714
11441
24348
29270
30279
11340
3596
2699
14975
489
28663
11829
26627
4672
27553
19936
15479
14694
32489
1338
12464
4357
14979
29837
5217
28074
16301
24800
1480
12559
4654
15868
1377
11797
32014
5638
2168
29093
24223
4644
17456
23709
19962
32102
23544
14288
17600
1382
25699
607
20818
30959
29320
5390
30634
5964
32233
1935
6349
6306
4739
13876
14665
18491
30127
2395
3093
18959
15043
31781
16885
5481
12457
9466
29977
30959
18280
11894
2484
8362
6751
16532
26700
19844
19712
1055
23925
25448
2847
12175
25593
1143
659
22067
31817
22416
13952
13050
23854
32295
6815
7453
22108
15797
11735
3724
29788
791
414
28392
14944
18041
28065
10251
32624
8344
32312
2093
13350
25142
3332
31827
4940
7652
26281
13431
27364
26894
22121
20785
22409
840
21567
20181
10681
23783
8272
1839
11654
19660
490
868
25903
19238
16839
5237
22678
19878
8219
17461
6979
31807
2125
22402
657
15163
7973
5905
31710
8303
23934
12680
14954
4342
12081
30532
24894
28694
26756
2508
6968
29966
14436
29418
54
2745
12659
19479
32740
8076
16400
26140
4761
4652
29911
18576
4124
1855
1560
13099
9649
27602
8246
22620
22772
20301
2206
28730
8436
9344
17048
14793
20592
20442
26449
29882
30997
17164
3771
11020
26738
11896
28261
3798
9434
24880
15741
17776
29229
16528
1644
31745
3895
3378
8838
9238
13009
13413
31987
27139
26394
1440
20097
2784
8196
2228
23588
32664
23322
4936
14831
30386
26236
7184
1285
21923
29778
27977
19455
9440
5879
27194
32272
4581
31340
14341
8694
29394
29646
18191
7515
17568
22037
10929
18934
1559
32533
17270
16759
9326
19470
17961
5064
16134
17602
17961
21312
18624
2460
27468
21326
5342
28734
21365
14816
20677
7706
12746
23035
29391
15486
8768
19776
29395
22425
8345
31380
7323
10863
26377
22038
27249
20811
4797
28594
22332
13370
17868
10754
7650
1627
3915
490
20775
17243
3558
26985
17315
929
1108
4383
11113
14031
26977
357
11091
10327
9133
28954
27062
9980
24694
1988
661
30264
7501
7339
3450
9996
4889
32001
24155
31845
3495
16612
3686
3100
18563
16056
3732
31989
10599
11341
30885
29055
14313
13045
31991
10401
18768
5080
27069
1366
21038
16623
14439
31918
11935
25182
991
22637
14763
28687
6641
1452
22621
13490
1487
16813
23278
26580
28919
17136
14364
3893
14578
7173
13695
30070
17067
20460
31310
24999
16298
26953
7967
28951
23243
29432
12624
15437
13365
904
11413
12311
28170
17368
11905
16664
21677
229
23415
14821
22331
5382
22447
24403
18352
22467
19394
6414
15500
20510
20431
15077
13018
12807
2650
27616
18845
16243
2561
32457
27375
1751
15731
13584
892
23157
23889
2129
24895
25121
13563
10479
16917
24123
4826
26558
22286
17084
10275
21238
31337
25509
17391
22878
10486
2529
15439
8659
21476
4583
3939
28557
11137
3159
11996
18255
28372
21144
12171
9754
17791
20191
4534
23562
11394
12060
24196
14442
29847
30980
961
10603
9058
2879
5205
31782
819
1616
27252
27163
4185
13252
9584
23828
19802
5283
19147
6545
331
29652
25628
30973
5551
13224
22865
9184
19513
22700
6022
29070
1578
27784
28442
28809
11347
20529
9766
6676
31565
31015
2779
300
11618
798
23741
1318
14343
12372
19155
12415
29938
17925
7878
6955
25437
239
28116
10630
13067
20251
5314
4325
20709
25449
9390
2609
30560
29287
25124
443
7407
17513
2872
26709
17692
3057
15643
27321
32127
15468
10474
6318
20522
8370
24545
14523
22035
16272
30490
14353
10142
29236
18063
10048
12761
13838
26617
563
31500
18586
8949
2567
12410
28214
1870
4262
6547
696
27603
1418
8173
9636
32183
4705
22512
13895
2039
22900
2914
18623
9738
32092
25932
15847
26739
14499
31532
207
354
16341
10913
12234
6979
28864
17586
30927
30935
27834
520
6197
29563
28929
18569
9338
28808
23032
4718
23178
1273
26599
10744
27862
1236
10096
20268
18798
22923
26151
23240
27417
12824
1084
8698
10392
32716
8682
536
13232
14675
17243
913
19642
22181
17882
21574
31975
30875
17956
12551
23165
17893
27270
26897
12107
24519
12098
11448
5261
15560
31411
11315
30186
5874
20048
2034
8312
28714
11496
31944
31906
13293
1059
18390
16793
2588
12808
28342
16877
25807
6886
18436
16897
12175
22394
31313
5961
26309
10147
13721
18511
17343
9448
32105
11916
8198
342
8519
5791
7740
8158
16508
20669
32046
24935
11592
28370
1808
14808
3434
27918
25874
10042
16542
10545
22512
28502
10404
20334
10253
21450
27858
28717
14951
15229
2469
18151
4672
10168
26668
20180
27212
8692
26220
27967
1613
445
2019
32028
6600
2804
24454
21507
28317
24184
22251
16351
13537
14154
4619
19599
20157
12011
1878
19901
12217
14104
12667
2729
10463
29845
21493
1734
235
843
20322
19697
9704
14136
1601
25444
22445
25025
10612
14856
2062
28547
12865
2024
7784
13521
25061
14193
5604
9479
16371
11797
19485
1825
21816
8458
5730
28999
26375
21929
782
15413
32263
13260
15342
18040
5355
24529
11166
3985
14972
18994
9610
5875
3742
7783
19601
8986
5557
25846
9455
21567
19889
25631
933
10205
29541
32517
18781
19446
25639
20878
5358
12918
29152
31835
17722
21950
29892
7122
14351
17094
12274
401
25244
6609
8043
13939
4156
25594
2167
19777
10519
21099
19835
49
15935
22785
25
26031
17876
4596
25669
1637
23849
893
24299
31543
21719
14717
24964
17213
3759
10476
20868
14516
2359
9776
2156
1032
20070
27530
1654
8849
11730
17402
7970
31343
6865
8059
11733
7940
31718
14400
18572
22639
1300
27394
13219
20659
24993
11090
10034
31492
709
11340
22807
23259
28982
13551
15365
707
18143
12902
1855
31883
3449
30189
8367
29534
25645
12464
20655
16589
1186
16965
6228
3836
14622
24694
26950
17594
9937
9996
10364
5687
13858
24990
12488
20440
21447
2190
31313
25368
17963
18544
20740
1712
20097
23246
7626
21804
18886
28074
32639
31751
4589
600
13725
27375
16281
24237
22240
15298
12769
8425
15160
11271
32262
24328
17843
18071
12066
12627
3476
31937
12478
1544
14874
15693
21476
30643
26591
28836
31251
32077
10497
23233
27513
25576
21123
7349
770
20398
23972
8871
11744
16164
23276
12885
8280
27310
7879
7556
5120
23642
11668
7143
25014
13231
32416
7987
13669
28901
25677
23462
3413
25734
31742
15612
10453
9623
24940
25555
25818
3337
6111
25932
9125
24255
32361
23238
26087
27671
19697
18823
8477
7781
8724
30626
27092
15091
30807
15022
28071
11289
23362
8874
2168
7348
10020
30187
20588
11118
21118
14681
4927
6342
9409
26610
14154
14924
13079
4540
6811
1461
23183
8017
13040
19055
6155
23650
5193
12911
2357
20
8919
2416
16349
18499
6380
2713
17946
5302
3915
25988
2836
30861
26313
29961
14911
15955
12038
24289
30258
31036
20166
27904
30792
24529
23448
25147
18005
14201
9258
5514
13544
23430
21829
17072
20918
11179
2606
7968
22611
15799
1443
28006
6695
26296
26959
10885
18052
8183
11731
25009
5698
28217
22660
13351
30113
24020
407
31064
1569
22869
4853
7360
2875
5739
8456
16301
27250
21322
8481
15684
27943
3717
1894
7718
19752
3675
23282
16582
7791
1714
31712
28586
31085
22616
19629
28332
5760
29795
26381
30797
31893
20732
28327
19000
28310
2493
20009
3601
32236
13734
9729
26414
32538
19280
30542
23851
27562
31563
27997
9638
10559
27344
17996
13361
23674
22723
28687
9529
4830
5800
27875
30443
14204
29793
11192
16561
15498
32746
11290
18543
4087
21779
31035
16357
32418
3212
28037
21119
11991
24250
27004
9510
30374
29901
27124
315
25739
32207
8471
20813
28344
5545
10920
10619
24936
15984
27372
27944
17407
29514
1346
32242
29117
25217
22408
4325
3285
19310
19047
5151
2589
11091
12313
31172
22640
11030
27262
24635
24884
10897
10838
11046
18767
2539
11584
20699
29705
3028
17288
17696
18721
29881
5108
14163
5332
12080
5478
20736
9169
22010
5602
16818
7003
3679
10079
10213
16776
5523
23568
4883
12743
8551
5069
4650
17437
16201
13080
26669
31529
18178
30731
28416
2581
20507
9086
17014
32465
14249
1818
928
19943
6756
19565
18999
26260
5807
15971
26914
26976
4617
11354
28567
13880
18908
29788
7199
19894
5325
15450
29633
16862
12034
23647
2266
23855
20719
28049
17572
31144
32694
2994
23996
72
31983
17149
13420
15192
16950
30123
9962
15688
22636
9619
21547
21635
13298
12020
9104
10678
10632
25652
14331
26547
16643
16060
12020
13316
3984
9519
20459
8810
25546
22365
6549
32207
21984
17385
29121
10150
3959
20959
4610
11656
23041
2128
30247
19348
20978
7987
20274
19099
32063
8214
9167
21654
13349
16198
20706
21877
28962
9277
22306
11678
6146
32631
25978
17348
16867
23296
1581
14921
25834
15190
32273
10540
18517
8742
24281
4077
6765
17733
18479
14156
25231
27925
2257
30577
2694
7501
13652
3279
6398
7892
12822
19373
6255
23168
869
5961
12986
29928
11668
8545
16336
12144
19982
14222
3439
16937
27577
27481
30294
22172
22427
19542
22705
22591
7123
26495
9016
16496
10263
29099
10965
28027
13983
20873
32588
10477
25881
22886
2507
27606
12456
26768
2390
2175
8953
3636
24251
16894
13993
25843
21236
13570
21659
28458
7524
8082
7714
3286
20966
31350
16681
18127
18291
2012
10393
32710
23961
32012
4025
23882
10781
19825
9936
1348
14961
27205
4141
9681
29462
1261
7355
4657
16248
24643
32107
411
26834
11163
10681
29387
24691
14194
24128
27731
23168
26799
23970
14178
28259
29763
28612
26851
1595
21056
23725
24992
23949
1835
14770
23644
32540
27508
16255
14245
29973
15645
19776
11414
9773
2722
3961
27608
25415
7158
15561
4883
5680
30363
20794
15609
24527
28436
14456
5865
28741
15613
26678
20030
6647
2182
6749
16935
354
11806
23047
9784
20027
6326
7376
1938
22066
3798
29475
19470
13341
4522
25432
31633
14867
378
15749
13568
30379
13547
9693
4641
3300
32555
6017
25045
7776
13218
22052
19561
10445
7221
11793
6277
21872
28133
17377
23405
15654
28777
31559
25573
7114
27005
11620
9604
8438
9404
3598
11614
1211
2425
18462
27157
25079
1185
29046
8956
12227
6941
28242
12135
12522
5182
5924
599
2737
10720
4330
28763
18444
21634
24677
23351
30079
9409
15711
23086
25817
19556
24556
7912
27025
18368
31139
25906
21901
16750
26414
4443
11457
17780
18667
9881
26289
2477
2648
20154
19635
14601
26557
632
15616
2493
3709
17645
10301
9477
26975
4503
8755
28094
27465
3436
28152
4688
13643
18323
11543
4180
11207
27397
686
10600
8511
2625
28089
19062
12748
23131
31517
28337
3597
16353
21332
24494
17747
5516
7068
28020
25491
11255
1936
3916
5348
9204
25064
26166
30769
7870
9234
3621
16664
1945
14474
10079
32497
17549
22288
12303
4470
8283
20093
20068
11717
9031
1919
20304
15676
26996
13910
2633
3891
16023
2990
26459
29434
19366
24376
16630
7191
25213
31550
25030
3088
8248
32528
12247
6931
5040
531
21596
17228
341
12806
10575
7429
3080
32642
23774
17513
7205
32546
30600
30516
22766
14752
7814
22813
11736
14579
6636
31935
10190
12142
14751
10893
20361
23919
2810
3793
12148
29527
24936
9798
31893
11061
19254
22222
5179
5633
32330
25111
18128
18786
7674
31957
1067
1497
25287
11635
19973
1996
11154
9857
15641
9765
6401
8863
13612
7436
13450
31032
29779
19936
8621
829
25505
21207
4060
6406
19891
28929
29588
23008
29178
21613
5380
10585
21454
1128
16199
8688
25239
330
2466
10376
19419
15703
31866
5688
28439
4367
5776
14503
4163
28354
30834
1266
24274
16015
26737
30198
14167
15214
3337
2127
18382
10872
13406
19780
27032
5692
22800
28331
22656
10490
13204
28477
19335
5033
13352
16832
20226
18509
18328
2323
4253
27623
14172
14066
8607
28334
11222
28741
32263
10951
19875
29630
15247
21612
24497
27251
26905
7853
14419
19570
3880
12112
19787
31563
522
6573
24451
13831
21553
11442
22523
1677
30419
14355
5291
30814
17476
27805
26780
11268
19708
22662
12657
3012
596
18938
23316
2562
31137
27312
12752
21242
12288
8358
2871
12029
22249
10679
3094
23630
17973
31434
4572
6128
9357
30555
21820
29694
16781
10386
3272
26412
9737
23490
17846
8262
29490
31882
23799
17428
21376
28796
5569
10640
20746
15482
1664
20979
19626
24282
8928
8000
5780
31069
22377
1220
14518
25564
20732
7164
5892
9515
1743
14573
22076
13075
11560
24756
27043
17736
14449
11465
32388
28401
29420
22832
12761
19677
1801
30128
14432
4423
16365
17531
11192
22055
12687
24443
15322
8758
3741
6036
29163
28146
28819
19950
14571
20937
25433
16735
29755
16388
23374
31050
13406
12908
22165
1752
31740
24433
25966
14235
6438
19477
31312
30974
12093
22830
13998
2335
5721
14429
12285
30132
5747
11857
1807
17350
14964
7780
32052
18359
17335
16900
12988
8668
12650
27437
17860
18670
23690
579
18972
31558
18735
1093
31260
9335
4470
31182
31560
15569
6204
8278
4504
26451
13661
18565
18127
29396
7335
20114
16935
19829
22760
6925
21305
41
7488
1502
21615
7412
702
22716
17814
31623
28560
4332
23896
1184
25627
3126
12458
32583
517
30899
29518
31926
5132
5590
8406
21720
24863
22957
29955
4738
6299
13404
31431
18825
20203
14882
17269
27461
31273
19897
26116
13682
31592
8670
24263
28616
29156
29379
4149
15043
32270
8255
6637
12420
21664
30389
7138
3087
21320
24210
8707
14808
3862
14444
477
20394
31322
9425
24218
23214
32065
23835
9524
26956
22590
12977
30804
7454
19876
5446
32280
3314
2668
1134
28494
32518
10198
27881
15084
15706
30733
28827
854
2985
21672
32400
4904
210
10974
8388
26389
20329
20531
2388
11166
14338
29958
17959
28594
28956
308
6479
963
27986
29117
24963
7544
31503
1912
28927
17582
4987
19855
17991
14545
9465
17950
27312
25211
13616
19657
6774
15669
26802
17529
31754
852
17519
26106
6578
30565
29797
15817
24548
18440
28883
17797
26720
21657
12058
11277
6282
16950
7430
1031
2018
28001
5161
31725
14981
3253
22237
681
30023
15015
29320
32067
16925
8984
6519
31979
23709
20872
25827
12203
25686
30137
691
11900
2436
2394
31626
2107
311
3750
10232
20623
834
4277
22877
27884
10517
28683
25002
9728
6378
32037
24853
16079
27595
26568
12346
27815
27551
357
92
4448
3605
13546
31383
2356
22031
25758
4468
8660
13128
1278
914
10349
23332
7565
31629
7854
12337
21278
21789
32018
9270
11472
3030
12479
7353
20340
4092
25113
6749
26019
3869
29495
8494
3881
6801
31930
21568
12963
9536
16216
9352
21164
20667
2664
6643
14791
24666
15959
15695
1714
12825
17824
5752
31322
9250
22278
32647
22823
19409
23844
10736
20548
3966
13504
26252
26543
19934
0
11741
32366
21132
10391
637
13253
29257
21944
26635
6046
26694
30839
32285
20330
7254
3235
3622
12280
16293
7045
17413
7943
7604
1070
14195
23952
17667
17384
14155
12156
18148
17388
30772
11330
7474
22846
5820
20533
5383
23746
10678
12093
22504
19919
25443
15607
5977
10799
23536
4320
13633
17479
20499
13851
8240
21929
17745
28270
14181
27340
21963
16151
1644
20119
5471
8299
16616
3580
25383
25393
20808
14845
9762
4630
25106
3499
13428
13386
3721
19781
14639
6935
30143
21920
14961
8703
17495
27250
17022
13133
12370
10698
28348
144
32409
15410
14292
28239
11636
11200
3796
16179
3707
25113
974
9699
29643
11695
5051
7969
26670
4471
13706
25250
20419
28790
11533
9202
4941
4976
12677
26045
32088
29018
1743
30184
31093
21168
14918
15628
664
10270
2204
28654
7576
19881
25023
18633
16071
9128
15260
8524
9261
21562
24183
26389
18660
18351
25584
1172
23102
31362
10324
29288
27749
16967
24760
18757
8683
14567
12057
29758
31378
4082
29192
26661
25402
21508
17321
22569
23768
31572
8708
20949
25479
8773
31393
22973
13225
6574
16248
10306
21089
23191
8670
11144
18650
23382
29638
17001
22780
24751
31948
11898
17272
13170
23212
24667
20332
18391
32220
27394
19923
25552
30097
25389
18262
19281
13688
10595
26197
8910
7398
23201
20367
3170
12302
16616
17357
12315
21283
11357
8967
14744
28688
6877
19465
10342
252
2444
12327
26375
7428
22982
10699
21995
16570
30778
26490
20101
25160
5455
3253
9751
27786
17297
14255
14844
1824
15225
17049
24952
12585
28731
2277
28924
19347
7415
28013
12826
23630
3816
24526
25585
28225
30311
16112
25088
4103
27664
10173
12788
10190
25161
2045
21128
12415
32460
4713
18858
23366
14983
29807
18276
30434
21474
24387
12201
5079
1075
6525
31220
18596
6956
16935
9908
6997
23043
3828
24642
10243
5626
20092
6009
7065
4468
6077
3775
27977
14090
16575
26032
29148
784
8208
3800
25770
14194
11346
25883
17231
5232
5592
32064
2530
28587
21174
7192
7982
29039
29427
28856
26534
27815
19736
32621
16325
21231
10993
3283
29150
20428
4494
5181
22050
4515
2729
8387
30292
25496
13332
31774
5514
2431
26014
25493
16195
29583
7563
27589
1616
19283
7880
6280
26766
16196
28194
14017
20409
25932
1127
22722
21111
1824
21003
30823
17679
19860
17598
18678
5903
23963
27979
19951
15283
12321
16765
258
6380
31579
4425
505
12682
5573
24006
30072
31530
26949
17002
30665
28592
9146
19720
17793
10674
18726
29391
4644
10092
20990
21456
3442
26093
2917
30215
30889
6722
8867
15053
23472
17787
16662
10278
18759
30953
960
28035
3712
30160
2233
16131
11802
18224
11246
32629
13077
25188
8177
4736
28639
24940
27605
26360
12945
22515
24175
23289
22385
32009
20082
1015
13995
18134
13267
1026
25240
26021
4798
25005
28619
14597
23284
29840
20705
10561
2541
16108
376
20871
5444
26847
1605
10020
10051
26155
25112
3274
20487
20397
25008
20407
20659
191
3213
23239
5882
22162
10369
1795
11561
20144
27050
5204
13937
19087
23413
19230
26486
19526
16193
18209
13313
32039
500
9952
29296
10691
5303
2567
19311
12027
1683
10968
727
15000
25786
15497
7889
21073
30593
5228
20212
21107
24313
422
13550
879
12874
9736
16980
1622
29269
24815
13226
9001
15575
4899
12133
26776
2378
28995
23212
29425
11346
27064
12709
20301
18199
32049
11911
12461
16436
11879
21745
11709
22897
20610
30149
23378
29052
15906
10918
3039
9977
29428
31741
5577
20967
31659
11179
13902
6633
21125
25922
695
14588
11346
7883
31122
11437
25325
11464
11158
22480
26710
19216
3549
29340
9795
13184
9343
19782
11770
29302
15747
6525
23363
18263
22422
6830
3019
27092
9860
22555
18889
6166
24348
32097
20636
7016
9659
9907
13758
14367
11947
1853
13453
28677
14180
19371
12172
24133
1923
28781
31719
7300
4785
13167
11399
10915
4150
12947
5796
21653
5538
28066
17328
3776
436
16836
5691
12053
20068
10358
4849
14674
26735
3157
10376
32704
16296
10347
16407
5628
802
21504
18932
12496
20332
23605
29316
24128
13663
4640
461
2771
87
10921
2751
25225
32286
13114
28046
3507
19176
6422
28451
13290
14176
7624
16213
21664
28207
1020
21699
24207
29239
3657
19706
23949
64
29028
24252
16890
12524
1716
9741
31977
13504
5320
3146
13927
30726
6182
29437
15987
28213
3407
14996
11312
25366
23577
24681
444
4548
24699
9743
7330
30090
31481
10701
23732
25411
14992
31407
5278
10168
3673
21849
7838
11111
26373
2073
20260
21206
10008
32029
10816
2002
32055
27146
25491
18655
20701
2537
31334
7190
27323
13113
28237
3550
2850
24270
26905
8056
21961
5252
1007
18418
4251
17940
4404
18584
24136
17149
14085
13290
10735
12333
26055
15521
11551
17192
25306
10825
10570
25667
32595
17519
11582
5948
13486
2
25493
30554
6910
12232
15215
24233
27987
16380
14827
1132
4177
25274
20709
11726
2203
21084
21581
20831
29945
80
2008
2478
17314
18090
10452
14937
32424
29481
28277
8453
7963
19172
15426
8625
32705
27404
20532
21512
7326
17419
9287
21657
15459
24066
12102
29707
30216
20641
2602
6948
20389
30630
20253
6347
1977
10962
2748
2390
24323
11534
21792
16607
30553
10998
27288
16926
2693
13386
19346
20054
16326
11042
11972
28059
11545
30632
26184
8092
10569
15479
24603
11349
6037
19583
24397
8200
1371
24082
22526
31886
25302
23798
226
25612
23853
17666
3171
13177
5891
27228
14345
14097
31004
16644
19764
29151
5840
31914
30849
1
12174
15299
21944
52
29471
4531
29257
22564
5284
1633
2237
23519
6920
30029
8051
1815
18149
21111
20609
15718
4297
4594
22779
27758
20749
32046
13682
2011
6803
28675
27403
26986
17560
16499
23425
7454
32355
19565
12279
1329
19427
338
26127
23528
30436
3644
20887
22894
30199
15334
22102
6886
7648
18254
9506
22982
31882
31651
6039
3778
23125
28874
31827
20754
20766
29080
26776
22792
29337
12832
4119
22817
31330
10060
1548
9373
7644
32290
2459
27376
543
32484
19706
29012
13831
14010
11851
32671
14301
14431
5111
32243
12168
21393
30458
30206
6301
24577
2948
16422
16820
30061
3185
32690
9913
3697
21053
11936
31356
13836
11780
31554
19396
16399
29572
21558
16326
19589
24830
20210
23068
25113
15504
10657
23286
5201
2817
23143
22846
17398
7254
26168
1026
12197
32474
13227
18728
11382
10219
31686
2437
12005
24880
2387
2114
32726
15953
18899
27391
17385
3844
15235
10139
24653
26791
11399
27279
17877
13592
9026
28748
16870
27381
22248
18964
306
4154
21769
30684
25126
31907
29662
32434
12189
3064
19809
16142
13610
24593
13366
12933
19042
11605
16646
7787
31071
20961
19590
30438
17406
1919
21720
16595
24175
21341
11195
8691
32715
18189
10779
10163
15383
32100
9213
30220
10678
13556
6662
9162
21144
2410
17386
6137
3209
17032
3061
21309
852
7040
2288
12934
12372
4592
7167
1803
17958
16931
14493
6374
9671
24988
15338
3420
24609
15386
12996
15357
14797
22457
8912
26939
20559
28109
29516
485
13277
31858
30161
7755
23831
15098
13904
894
31221
31350
6467
5472
28999
26661
7584
5155
18469
26542
8102
14984
8683
15346
17791
15121
20573
13155
7352
14541
12781
25592
16760
7586
287
32338
29150
21785
27134
23366
19812
6006
22369
27397
3087
799
29149
9949
2997
15496
12354
8560
15434
7133
6531
26649
19048
3052
13764
4460
16772
22980
20734
22707
10933
997
27309
20495
14641
14437
10290
10025
18079
17384
16216
28445
3191
18369
18666
658
22409
30984
3753
6743
7317
4850
32496
27354
30550
15845
13165
9799
26372
6247
10086
20809
18036
21265
25790
8857
23394
27358
11616
19672
29327
14560
27466
27538
12456
5983
18144
24406
22118
8232
28177
1438
21576
15130
12698
13781
1819
18634
5737
16014
18703
14339
11624
30230
2622
16950
13506
10908
4871
24940
23322
15351
18724
13822
3214
4228
31255
10446
13160
11310
10188
16970
13578
10672
1183
8527
18293
31479
21819
17602
32316
32463
697
5923
21268
505
1062
18465
3051
11665
28450
20343
2766
5524
24529
22868
9934
17022
18121
25798
3902
406
7323
29571
18773
20471
4694
21978
2606
7974
3538
22398
17666
11204
31957
19475
27631
18368
26649
21772
30252
17933
7493
30497
28362
25234
13344
369
2789
6427
4902
7539
16292
23544
24095
24826
5657
2986
12190
14665
12194
14306
548
28066
24843
24654
31094
25535
756
11337
297
27456
27842
15395
829
29642
30483
25841
219
25555
6771
27169
27442
19998
6616
1365
11317
19846
348
25702
4795
27280
11727
16559
8288
1795
4570
5781
5968
16443
12728
8885
1373
26493
21826
5513
31362
28753
13677
32254
26530
21346
16509
3761
13659
15273
23913
27001
21403
27263
31255
29371
23497
17665
15553
10480
19473
22104
26065
19328
28841
4323
4290
6809
19403
5629
7292
16444
17666
17877
15025
28452
31167
2334
1456
3569
596
1959
17310
5980
23695
27087
6642
28521
17092
4704
20326
7644
24232
27560
18198
12444
3968
19465
29705
24720
1646
3323
6052
22169
16652
24868
27840
28337
15139
31264
18469
29872
2261
29980
10874
28375
13299
1641
20467
8906
19709
11241
7537
19364
32309
15929
25773
10867
21182
11742
25105
12164
4953
25126
7147
9087
22933
4336
15040
18322
23921
10308
19970
24168
14043
4723
11787
18677
22445
26273
5827
27037
26085
23048
7746
16262
14751
3253
26507
24906
12269
23702
29139
4518
25631
10555
20790
21326
29422
28522
23866
1094
17303
11067
21
14524
6255
30478
9980
17221
11957
10946
14677
17446
10957
11071
14271
18084
25712
10152
26796
13347
20072
3821
18857
13647
20325
9479
25827
1787
18467
27778
5149
14894
15726
16854
15119
9479
9363
23861
17580
3147
30001
12904
12404
20422
2617
29684
14912
17958
3934
1756
32489
9040
14303
30659
32132
30978
13195
17194
25320
19149
23857
13581
13111
29002
29075
8417
11036
5287
1049
14268
9987
13234
13070
28193
4629
15866
26110
31625
12821
2145
31164
27071
19918
22921
20092
12143
11057
9926
25222
5205
3890
3058
22855
18465
29158
32021
16882
8842
22456
3056
22470
823
26211
20116
30400
28612
13692
24398
267
20687
12657
31626
27116
13567
19392
30377
18117
23426
17009
10361
21641
56
32543
5864
16388
14668
32609
21110
24794
2556
3580
15976
5571
28485
8551
19885
5225
24399
5325
28133
30146
31357
11580
11305
15340
15791
4469
14523
22193
24448
6434
28637
6679
1143
19924
2489
18725
5924
17643
539
28801
10697
17185
18182
11800
8233
5296
22988
8032
27094
4087
25060
17095
31537
3537
2353
15828
13997
31236
6985
10400
10081
28230
15854
290
4737
11439
17329
22916
9167
719
12855
16742
32083
29133
24786
13366
3763
5178
280
9517
279
12988
32093
17424
5429
31995
13816
5821
10590
9382
4281
14231
21466
25110
22750
6782
6051
17263
17392
30172
31673
28409
5494
2319
14080
3720
27111
32547
7711
13769
27664
15472
6017
21351
17859
18105
20683
12594
5584
13584
13537
3389
14379
16073
18618
9808
13105
12372
8544
19187
29747
7372
6255
4841
8065
31235
20428
15364
20099
10098
157
21525
2973
22801
10525
12291
17227
4716
3695
30488
16988
1000
10811
10959
15966
21448
1539
22448
22068
13142
25834
32551
12610
8497
17229
202
11207
1329
19943
11000
16747
25117
9585
5614
11586
8466
31558
11699
13760
6288
24730
4949
24323
29258
16473
32432
4535
15196
22266
2858
15330
8207
29714
29004
7566
6590
16612
24722
16666
24900
26997
11658
881
28333
19773
10949
30744
21214
20062
27581
17651
6008
28465
29194
1003
14119
16206
13003
15983
26065
20829
8710
7124
7282
23648
16846
401
12277
18975
10187
22963
32028
6639
14758
4958
15173
22035
10446
5006
21761
11063
17642
18466
17444
6030
27869
12664
9030
9893
30210
10809
7459
23945
32160
10369
20777
19878
21294
30246
11614
29031
4087
24427
26973
9712
11675
23528
12912
14776
25657
16612
24326
32647
24215
4962
28040
17952
28771
27685
4006
18286
4993
12922
9259
23533
13371
24160
22019
1640
17722
21494
5879
29230
4379
10623
6391
32550
3713
13498
4054
21310
24209
16548
32289
3580
4801
9934
9157
2414
1176
296
26792
15049
25186
1401
7696
11073
3059
22355
10809
27883
22540
13739
28009
32759
22922
17247
18487
12241
23204
8749
10205
13218
21498
16595
5231
1025
3609
30790
14001
14569
15024
14868
23520
2847
23079
9735
14793
21440
17689
26192
18976
10303
12990
27708
14397
4034
2487
19661
24067
21581
30083
2056
10357
28148
2894
9948
20097
9910
21347
7322
19934
4966
20697
17187
32418
5011
17443
1127
2206
30961
24777
27484
16594
19314
24070
18022
9100
12382
18712
21758
8506
10925
10086
399
26352
16993
21559
31925
24799
18294
3341
32735
3884
19176
2780
19265
23708
8386
27633
12828
7437
529
15436
24428
3390
22237
7378
19847
26423
21804
9884
20592
12857
11759
24064
24683
30566
7133
24351
18259
21329
18208
19371
20870
3593
28016
4602
12972
19223
18668
19484
21461
25806
24923
20326
5620
19414
23930
12075
31397
20028
11455
14605
28130
31210
19283
5330
2479
3137
7749
32491
32257
8055
23228
1149
25113
3619
15940
18487
21542
6053
29848
20906
29639
29353
12383
14885
8172
18646
9859
27380
23513
31310
7462
5853
29359
27313
28406
22530
6800
27698
15150
1472
22968
8935
8641
10251
2035
2026
4767
19337
27192
24204
22668
11572
20829
27559
20454
19050
16987
30176
6498
19945
30511
30772
1203
22123
13677
15005
29197
27118
13026
5435
17009
6404
25534
26973
19310
23659
7215
21972
25296
11172
29204
1328
16773
12733
5415
20825
29922
13044
2979
12689
11225
23953
21284
27942
779
15256
12838
5571
12064
5641
31198
17776
17328
14225
26641
32478
30378
15409
16769
14718
7266
7491
9549
1463
32630
2847
3295
22804
762
20262
7492
19713
2648
1020
4345
10491
6228
16664
13524
22286
31629
20936
22958
6802
9038
31136
28149
26566
4521
27839
25176
27702
4113
13470
15155
15988
31281
8486
14720
25102
12951
761
7311
29426
18340
25104
12023
15907
24390
9644
8156
20415
8361
1779
28702
4652
13962
11628
22316
5825
2704
23356
13687
25661
16628
23996
17119
6624
21207
25701
26685
20197
18723
23310
24420
22273
412
28469
17212
12152
18462
25375
12891
32354
17849
10324
4846
25265
8216
15977
5736
4362
29921
16708
4201
26623
27921
7352
11621
3037
29465
13425
16600
4380
4839
31392
4936
17645
12590
21183
24917
20190
927
20874
28468
25497
2886
28969
26269
9287
918
28891
14076
29993
6050
17076
9170
3714
7768
22640
15391
12697
16358
20162
27045
22827
24795
1013
22245
8231
11218
11021
18576
13366
1879
24414
28396
1255
27432
8851
11896
8372
1801
10188
17324
10019
10942
5357
23083
23140
26729
11280
30094
17533
2942
31111
1408
19130
10752
29035
18647
2281
17073
15469
3105
4750
16963
14494
1863
28737
30346
7074
27781
30574
3086
22101
10499
22077
17219
5855
4136
30226
15556
27363
29552
8373
1290
14187
25710
24060
3473
15722
32471
31554
23582
26980
8832
2496
29427
10300
10194
21952
11556
13757
29755
19310
26400
14841
25303
195
26281
841
24478
26052
1879
27974
28615
12408
8728
12311
30473
16493
2210
8073
11354
19783
21537
5300
21128
26339
7767
16634
9435
30132
126
3709
26500
26966
23605
13430
14920
19733
719
14096
5032
12416
19719
1857
16910
6331
21708
3018
31739
7923
3265
24498
15156
31758
19694
31540
15874
4779
8174
19946
22410
22277
15076
30928
2108
19331
10834
10287
9849
7842
17628
6531
8827
15966
19907
6547
7625
22569
18785
2740
27566
12794
8775
29363
6086
30665
3440
11289
22449
25243
4183
16753
14451
26610
18660
32280
20307
24623
14696
1960
21823
6268
29533
15661
22593
29103
18494
967
9397
23066
32631
1243
28284
23581
30296
5324
1399
24509
15405
15868
27335
32513
32762
2837
5028
1268
13701
31606
29488
14573
7924
14486
30301
29095
2836
10441
29107
17029
608
8872
20029
24319
10808
19631
30312
6423
23039
1117
2450
9308
5871
3434
10030
2080
22205
21255
30872
25624
28202
21370
14271
30001
11899
278
3740
12298
24914
6352
20938
26977
7492
31676
24761
27639
8089
15626
22807
25276
2533
23865
9131
7677
6492
6243
9377
9159
2323
15272
21182
30
2146
27212
32534
515
16758
26631
26415
10831
22058
11287
20463
16835
19293
7690
15685
28613
7447
13973
25035
2393
27689
19273
9129
28708
2324
11835
16584
1045
18009
9501
8046
2807
4299
29215
8679
780
27250
30555
20829
29205
10402
18973
9961
12068
11320
2591
22402
18153
6939
4718
2536
22545
30798
29968
9555
12515
28595
1353
92
10296
21295
2693
26744
11178
32658
5060
12633
19950
27545
16407
6956
3534
13936
4662
2534
19112
15155
12999
20704
7151
14367
13371
10134
14634
5875
26795
24938
4125
29995
19189
4342
15936
501
27067
19935
14338
16446
28190
1925
32262
18980
28674
32203
2175
7891
16736
14877
5451
23636
19748
27654
4551
16015
16970
5918
23355
20826
22558
11195
32582
9457
14074
16524
28513
32337
32661
21420
12673
20064
22736
28991
3857
30602
21901
30332
4566
6443
10149
13524
10099
12609
26167
15253
16100
4930
4902
4091
16235
12151
28635
14139
23199
31362
2088
30737
20695
19628
17149
1247
16089
27445
10220
25568
1392
8798
24224
12087
8278
7195
2237
5275
23412
11639
6553
9353
25452
21662
11414
8089
8490
28593
13340
26554
26947
2643
30200
8040
25287
6372
21068
18925
15236
29564
1066
27054
15569
4512
32073
11922
26940
16580
14933
5818
24490
15686
6521
10986
18066
15979
20043
2227
22715
23672
11545
32260
18683
17634
7430
12267
3344
26473
28218
2788
14496
16317
13931
18207
21980
31564
12428
7632
15303
23586
4286
4400
24183
32242
1243
18538
2946
2730
18705
16982
25073
20957
27007
19554
7477
24533
12756
31198
8148
16834
13281
19722
28639
2756
24828
13024
26318
5089
30125
23963
28609
1907
24714
2433
21490
7668
22250
268
21220
11189
27361
29732
5763
15280
13801
13753
11577
20394
30335
15936
26983
3197
22270
1188
17286
4248
22404
28936
12134
32195
20069
9067
6778
26289
11742
27078
18200
12119
25746
26098
5435
30225
7588
30763
21213
28023
1667
13191
27021
9039
280
27077
30334
8610
30300
22597
8140
11841
31716
29310
11469
9012
23279
6005
18870
6731
3632
5851
29340
8509
26514
26301
25383
23104
1429
23605
2172
12514
5408
19964
20308
30566
21747
10054
6501
12015
18156
28528
8223
20295
29769
22605
10764
26187
19122
15883
25265
10502
1133
13027
412
27048
29536
9111
25651
31747
14162
15611
14671
6776
29599
15031
26838
28540
15013
3597
10341
29641
845
850
20275
5837
3350
10669
29387
18909
12651
17681
9667
9786
30005
6908
15258
13795
25136
338
16786
26965
9611
22707
31295
15632
1947
1860
20935
762
8508
30538
7956
24323
13439
15471
5444
21525
19356
3298
22531
25009
1131
3092
15144
11869
9341
31329
32387
18934
5403
15521
20822
11642
20589
16776
7527
4524
27436
26595
13344
17657
7610
3700
5945
2127
15240
27514
20243
1481
9483
29575
16313
10563
12900
15471
30447
1480
22735
7060
17942
15483
8391
22567
13902
2760
10392
17099
18164
22218
13841
11059
12965
26503
9844
16992
3109
32628
27019
31997
14443
19499
22446
32035
16736
673
18748
7360
22506
11251
22189
3793
1073
10568
9238
4054
8677
10171
12587
32758
11567
16028
19333
2592
32055
15225
13768
10496
1050
4542
25869
12354
456
23911
18545
25055
5915
28005
17041
21117
3195
21847
13791
5249
9078
14009
8384
29870
19033
25734
15853
27232
23551
10893
16483
32196
24920
5874
32198
22486
966
25526
1030
11565
29007
25013
13775
8785
286
17054
8204
2945
14775
13847
10056
17813
24430
7220
12164
29061
12550
6070
3267
15950
25498
27258
8378
26672
4992
1355
4478
5899
25123
14996
16176
21734
24586
15436
6879
27119
21212
19140
2916
2910
10235
17559
14857
3866
3294
22327
20641
5602
13142
6508
8243
30839
6939
14194
30148
31218
10312
3236
19906
26950
28937
25018
21740
11080
20185
24441
8065
31893
7674
1417
24330
7595
2523
18958
2614
8205
18530
31512
4276
5912
1173
28162
18610
15728
15839
1122
2232
542
13827
21502
4009
22195
10737
355
30824
11872
26006
2877
13046
32130
21049
13994
5157
8202
29421
17070
17787
18322
21543
30520
12842
12950
9294
7563
31240
30081
801
3872
2607
5403
25153
14829
28596
19619
24623
5880
11844
10039
23172
23622
29801
11913
22842
6277
14753
26871
18644
18572
1642
11691
5173
23999
11617
6687
3866
18691
2093
4400
13841
8698
3354
4909
9208
14377
12815
25888
12913
9959
20651
32240
1347
6794
31396
31599
23914
9041
32126
4683
15135
15894
22504
29016
28113
6065
28093
27338
12139
31573
20463
27476
23188
27515
16071
18929
1786
13639
26036
12245
5354
3479
29887
6900
31663
2461
10472
6267
2460
9884
22969
27249
26924
29034
2494
7111
20773
3960
31903
28013
20125
19571
29744
16277
16846
19074
23624
17330
10104
22214
3739
26231
14108
9832
251
3372
7556
1186
19937
23012
18603
17722
23257
10093
1702
27535
4682
3211
30130
4932
2122
7463
17704
22496
16075
29304
27639
22728
20758
17256
17705
22126
9390
16524
9830
10774
25999
2533
1309
8709
15447
14443
2058
7498
20010
6911
17635
14037
24681
10719
30499
13895
9264
18340
5528
23228
32391
26138
24473
9231
21098
27050
15224
4761
22645
22152
5139
13048
29119
7223
2669
27090
12066
3977
21346
24902
16713
18709
11112
17608
6513
25903
29819
22163
8761
31339
29104
8238
14551
13195
4140
5327
12087
11891
16240
8207
17448
27896
29928
1142
20828
23435
2782
22552
6841
21804
27308
365
3008
21027
29109
22906
7689
21502
20741
22787
11229
16455
18583
24767
839
3596
3458
6920
11186
13828
3427
21290
16509
28421
25154
8730
24615
29996
10862
11872
19705
30166
30790
3414
9428
31035
22226
12775
16536
24866
12455
18321
28506
22365
6269
4330
306
23843
14550
19399
21385
4557
11087
18731
8624
17870
26829
29987
20878
31559
1087
4158
18470
21343
20935
15993
6994
21219
2465
12094
21296
25031
21906
6648
28360
21923
4581
30602
17110
26888
10687
6488
13017
28102
13644
791
16587
5268
8830
313
8343
8047
7973
24144
10989
15415
30341
12160
15672
21490
20437
29983
532
31712
4125
12574
27217
25346
28098
31063
21701
6536
19172
27838
32153
13043
1017
12710
6113
3416
5537
6148
31868
11100
21450
30203
255
14166
19256
29387
27934
21731
21888
9599
14130
28814
31939
20166
18314
30712
19966
15830
9046
14691
28898
3948
29159
15137
10512
26445
10262
3690
15801
16508
19631
5769
4883
28180
22817
27437
8866
32506
9617
21173
1865
19466
20613
3424
27785
1667
4322
19812
25302
10031
3389
16870
17838
7927
13462
17842
16864
16142
23445
21231
7758
21585
27736
21776
5305
7682
25566
30141
26691
17145
30968
5154
22616
13957
7892
12498
25532
28918
3883
23608
20292
20575
16370
16506
20263
26985
5596
11936
25311
19141
12146
21414
5636
18305
11566
20771
24777
15018
2357
28727
28720
32509
1379
10944
14063
22502
18959
26409
29131
4846
24368
5836
5218
12778
30658
2211
24013
8125
9306
28235
25100
16140
6182
9911
426
344
24402
6968
1865
6774
26225
10366
12534
7222
22022
11300
12869
1050
5320
24401
14703
2839
25051
3177
11091
14106
9823
26150
20832
28722
18845
25830
31177
20009
31356
8305
12091
1885
29046
30468
18302
30313
7380
25717
17809
14999
14269
32087
26517
22613
8436
11643
29184
29126
13638
13298
24825
846
3517
6168
28470
7150
10970
20518
16489
17778
2526
16923
829
26647
21922
28098
26573
27986
23742
31093
7694
30653
19574
12433
20093
6960
11196
3838
5387
13354
12445
32261
19710
19323
12980
17062
26698
30307
4637
27854
31110
29071
14136
28105
32607
20298
5967
21810
30705
3534
4284
10461
8873
332
828
6375
3622
7905
4318
5395
7727
31450
19889
1849
18585
8483
10498
17918
7463
22773
6186
8361
6845
31671
21437
30316
20435
18542
11500
760
6369
29817
12211
9082
22027
15209
25476
16959
30266
19958
3752
15863
12191
24431
26191
23009
12455
3694
11491
5918
29153
19569
2161
4687
2572
21360
6638
25577
27162
10706
10014
6315
26113
24208
23029
30258
25912
15735
14756
12268
27815
28220
17957
27267
19451
32679
31156
13602
2316
18727
18487
25235
12726
17281
23124
5464
15259
9521
17771
31933
15757
16222
24503
30572
18949
22943
11995
12129
606
18906
25209
23246
13431
25668
4520
10330
22166
13849
17650
32643
9039
1549
19216
8962
24350
7283
26379
104
24816
24933
16165
27930
27367
3263
17699
31706
18058
17617
12644
29156
20107
21328
26999
28621
9227
32315
4350
26299
25817
1766
2922
12962
15033
19858
8137
318
15639
3212
21125
548
17847
21955
27280
31154
75
5029
32062
3131
445
5295
2282
13411
30264
7288
1385
3095
5665
30674
13378
5266
14923
7863
19926
4355
1251
7045
20517
14810
2351
32415
7552
17787
7221
19984
12224
17744
11886
30891
28845
13160
5170
10325
19574
15437
30996
23479
24095
11884
6938
31250
11459
13788
23633
1771
1418
14315
21537
17224
27690
7616
20635
18456
9655
8201
15465
31641
4864
16355
5582
31725
7320
13257
13975
31458
18652
20363
3664
16310
11406
29205
32491
18028
30972
677
22560
9223
24264
1508
16586
11350
615
12428
18599
9659
756
28188
17833
6485
24035
22478
3314
3997
28845
14698
1233
30747
22582
29670
22501
22407
9265
16734
28482
11581
6602
7762
16924
27429
27510
3915
4285
2783
9603
13851
13437
17532
17213
15681
28863
9203
19409
14147
15384
12222
26427
26939
28331
25300
19328
17436
10402
30306
21417
12841
511
13453
16891
11236
25931
24870
16880
6039
31350
13743
30814
24748
30979
13092
32259
17774
24452
15797
26790
32278
27320
7266
18752
31634
22438
10373
27501
18030
2190
25721
18038
5241
4619
27373
19063
7319
2719
873
19531
19425
1989
15848
28092
18764
9492
27579
11580
23307
30355
22390
17272
8398
1169
4462
1716
13810
14814
29034
21689
25499
1560
11668
27722
32729
2026
976
25356
28341
5633
2724
11200
32509
7407
12395
11364
26061
13332
9952
18978
14391
11201
32615
3791
14115
32667
18481
17257
16748
7264
26517
27597
25886
19982
8628
3491
17537
2387
25984
15166
24508
7293
4188
28877
171
19264
20353
24820
13997
16965
7386
19687
13330
2116
16536
24440
5798
26085
31260
10453
13530
24563
5015
12614
3080
6052
11986
10141
24857
21583
31569
9799
10223
2440
21373
17412
29062
20602
27252
30076
514
8869
17587
1808
19636
10529
32463
23358
2016
12835
13851
24118
13961
23453
7993
8155
7564
2243
14580
18328
3798
32237
19590
1720
13948
26741
12506
30455
15624
24453
24531
20668
4297
8724
24558
27211
20412
24741
20068
19175
28297
393
162
7330
26699
11592
2577
10997
28917
15039
651
16084
14355
5533
6720
13663
25896
20630
28638
6107
31883
121
28668
9317
26701
6828
31295
13487
25257
16091
27137
32555
24726
1811
16597
19779
4559
7342
23234
14264
23753
12536
29283
29905
11410
18314
3761
31412
324
32115
519
31028
6614
26943
26966
20709
6679
21033
23574
13911
9015
17418
5022
3263
22956
11808
10764
28960
15883
31739
6535
9347
12478
8376
12010
28180
17861
374
25092
2639
13182
20755
11529
15371
32152
19384
7583
4207
2568
7025
19830
12272
16415
3849
12210
32761
17228
19508
32014
2180
5116
3793
13993
29624
2767
8172
4834
3932
20761
17947
23301
15366
11924
23739
19670
11299
1453
2765
20871
18128
5501
2428
17914
835
32614
26879
32534
24533
19482
16924
9698
10436
9242
2380
18901
24239
10669
784
5053
25779
25905
15395
12070
17305
11067
810
816
1477
27072
30610
30844
18990
21828
4533
5591
20982
8674
19193
30848
22663
17952
14044
9699
2438
20998
311
31184
3455
24087
15820
27804
254
26580
14856
26095
21818
7455
18802
933
20445
31910
29820
20833
22712
5410
5077
12047
17617
25576
27662
27640
2468
13285
23262
15371
30091
9767
21005
2688
6937
27255
1884
20514
7782
5443
3890
9215
13929
19086
26464
24149
7109
10704
31129
10262
31717
26079
22255
3456
19945
23496
4374
987
25988
28372
4657
107
10154
14227
1491
31067
8262
20463
20533
29857
19978
12176
21689
10639
8809
23014
31472
15425
13683
20226
17999
9312
10685
30454
32531
10847
20923
13126
6524
25172
26260
30491
8277
2991
24094
21643
20057
10329
8601
4120
22565
19594
27583
8909
9532
13462
15995
29437
6306
20644
6191
15045
31236
22300
545
26105
21339
5536
29437
25223
5918
21583
6031
20410
9130
13579
22502
12165
2304
5450
2736
6161
16533
13858
15366
11170
27897
5063
23649
18007
10770
32555
7988
23373
10120
3916
23734
11899
8616
2485
29149
2775
29012
9734
26378
11977
26401
29570
24343
30075
15215
25994
15203
5662
20878
3521
9428
32103
23433
19702
20936
5612
26905
16813
11665
32042
7297
31204
519
23139
3884
20733
24715
7708
30146
23269
28200
3195
27924
12886
21187
7593
15733
20763
18531
13625
17581
29333
10495
31989
12806
512
28762
29121
15659
18923
19164
28570
15023
19568
7417
30704
26513
4174
1686
10621
14800
2918
439
10254
14077
606
25174
1454
6616
29025
15328
13063
8612
16949
22274
18213
2223
7365
343
13692
28239
23495
4823
31703
21146
778
2813
13773
18171
8379
12878
25898
26957
22150
12069
32083
13075
1205
4166
19610
29782
30678
26575
4598
24836
8072
19769
14923
9007
7532
987
28272
2865
13383
9599
5224
10896
13576
32620
18098
24733
31545
4685
24612
3429
29342
24996
5803
7490
32295
26276
13656
11691
2379
1274
20330
23280
18112
19780
483
22176
31811
25314
1555
12355
24894
31354
19832
18111
32652
2963
16887
4863
462
9306
20426
11368
3416
23428
8190
25023
12136
15530
28899
14883
13804
3451
28035
14997
7561
12104
23363
2786
24524
21143
26823
20697
8542
17987
22225
1544
1297
22873
5549
11957
9173
24222
12034
17110
32553
11390
31230
16769
8658
30828
15194
3349
16034
13759
30252
24879
5009
13614
16743
19379
14535
5131
15399
25779
22889
28153
29301
26838
12917
10957
2750
6390
26460
10225
16817
5935
1349
128
15286
8178
23964
10502
9885
31000
13624
4311
15639
19373
23412
30315
4116
25763
9589
27582
18318
22133
2587
23829
24109
13777
27915
26889
26781
22377
10433
20384
1858
14087
12854
5923
11923
6275
24808
316
6830
26342
21796
8354
2902
14553
11017
29555
5623
25925
20294
19238
6705
25436
3362
5847
26660
17066
1440
16702
26776
20209
27562
21298
7963
8841
417
21982
9468
12786
32269
10186
1596
5837
18270
21082
14668
15890
20819
31442
8300
31962
16277
31818
9031
1664
9664
22965
8000
12177
27685
16888
19105
1169
7720
18410
13227
5440
1494
4521
12342
11271
3086
28557
24777
27859
23919
21330
28705
13988
1237
4763
27928
21360
29735
26826
30828
10818
19508
17167
7931
22387
19386
24648
6940
3042
32627
32512
19240
19824
8039
6392
28178
21380
12358
14244
30939
30097
28788
2260
12942
5894
25766
4329
24020
4466
13848
4890
9435
14674
1677
9037
11060
6671
9208
31824
24038
14667
17504
23122
12949
19143
10064
12176
603
26261
13435
26266
14458
11224
19480
6286
16658
18964
7203
4297
30291
32662
26569
30847
31591
20851
18058
10247
24574
23187
18484
6843
30288
4978
7736
16727
12422
3987
9337
4095
17789
490
4729
12515
17084
19415
24465
2747
17076
30086
22576
12871
14149
12894
2880
16407
18686
30806
11382
25214
14243
3012
15733
16514
1239
5939
13947
3609
28191
28199
5758
8853
12676
5466
15993
3227
25637
28570
18463
13478
22087
22488
13660
5716
28344
10513
31369
26304
14022
25778
10781
22717
21028
31588
11000
9356
2428
18846
19312
19028
27176
25195
29647
8967
4990
16001
11267
9479
30127
8790
28884
32063
24492
18758
17558
23018
14550
22198
24714
5457
22666
21306
25810
21254
5237
7391
4627
3827
29125
10067
8530
18360
32369
4470
13636
15692
9796
7943
9551
22771
29439
17067
5709
6273
4287
1433
11179
32576
11558
21353
3095
31630
5916
17247
825
29074
25220
27021
27976
17824
26615
17898
20846
1922
14824
12663
30872
2708
6445
8312
1807
7931
17025
9806
23024
6257
23281
25236
20815
8174
21110
14873
14797
12318
2819
25381
16985
26789
14154
28021
27806
25015
3231
23294
6645
27677
4194
26733
27674
11252
6864
23515
27968
6636
29450
26342
13351
22393
20044
20481
10738
14275
6569
30728
30685
32062
29429
14399
25648
13476
31412
13256
25848
32706
25171
8291
25769
6510
10222
12792
3826
657
15858
20204
18742
17597
2576
2356
21494
27335
19743
22639
15398
6047
8544
8068
5962
1329
32400
9241
23041
4555
16068
23112
22249
28725
7539
19970
28885
20072
15714
31120
18099
19068
29384
8189
5928
5431
3154
21959
32316
17533
2424
26300
22374
30884
25980
10876
3169
6779
20179
5810
15056
12898
857
3872
18931
22995
31971
6645
19650
27622
3380
5557
1437
1450
31233
3055
31705
25114
17908
30191
22208
21699
13375
32573
13588
16707
24816
15709
15614
17911
17430
32342
11691
32048
456
2181
9002
2176
14228
15017
24193
29046
18885
5462
23467
16564
17058
16070
3091
21379
12653
11731
6312
17711
32586
30056
29233
10140
1223
23463
29357
19892
19892
22951
27824
20838
8031
10630
5503
5824
15707
22418
5970
101
1012
28549
4854
14512
7852
7623
2985
16216
13505
16378
1461
12169
2912
25262
17039
80
31187
28258
17110
8275
21245
2451
6605
24804
9936
1180
25857
10927
19782
13527
3207
30261
27009
29598
11892
12439
23275
9280
26194
16014
6626
15590
10182
6461
29855
3543
31692
2859
17984
10386
10440
4494
29368
15218
31021
25567
17172
3633
24747
1259
1258
8660
617
1917
6480
21641
19881
15243
26449
16256
21044
30990
21672
16699
7373
12530
1055
15151
10554
3520
4779
25737
25063
1659
23491
11110
24917
20810
5986
23923
10752
16424
102
23644
11710
28113
32461
21301
26550
2587
17038
18327
16606
1313
4851
26405
29301
13966
13766
17276
29219
15693
18303
23186
22003
16922
21230
29786
4799
11024
9919
2153
30347
31623
11350
31693
29861
12700
671
2046
27695
15248
28348
10832
13443
14635
1
14936
30762
4641
28861
24836
23952
28833
26664
1270
5587
11666
2888
18019
19256
9017
28863
20478
28948
20921
17154
10086
7464
19833
10368
3287
28070
8540
31982
25683
564
13120
11101
14916
7274
7474
17986
25283
16002
18935
21638
17038
29428
32541
12451
24274
22437
21368
28782
29788
1007
21623
24955
7693
7844
735
29866
10387
15027
2507
9316
23522
8102
15036
1411
13842
30308
21817
18271
24366
26853
8875
12436
10845
31315
24881
11311
14005
6449
15872
1359
23727
3502
1708
16158
1521
19138
23188
30588
327
29995
26436
28825
20460
30888
5793
4410
21840
27854
15485
28401
23727
26704
6247
31404
7022
13327
1754
12838
9187
18256
6726
18160
2788
5179
21791
13316
3116
20196
567
15050
30252
19393
16865
4887
25385
13624
24954
17807
22172
28170
12345
5532
11333
22212
7425
29042
606
2072
30402
15250
10037
23183
13307
3014
11383
30602
26347
14600
16703
12800
26055
21316
4963
22014
9675
26447
350
7564
14210
20292
24756
6831
3405
1476
22399
32477
11891
10513
13591
23587
2709
5928
14100
28188
27590
29239
6242
18246
12812
31271
19306
26180
3932
1496
13641
7728
21330
15735
19243
3855
30335
18114
29097
1886
16702
4219
922
23107
18105
1583
1724
18488
10015
14801
3228
11269
26388
14742
4213
10765
31777
19217
13063
619
21013
6247
28919
4962
32170
26169
1680
1144
22507
19093
32062
21954
17287
4663
8456
23839
3974
17944
18150
12952
3742
32053
10081
21375
6950
20118
22095
29922
26275
21226
22056
28207
22789
27168
18536
15220
28854
17873
2704
1131
11020
31384
28240
16011
20931
32234
19541
25387
5995
12604
9271
15378
28481
25688
14227
24290
15684
32683
10143
24286
21965
30210
28531
25763
27286
28832
23282
22886
9753
21063
15054
13974
15387
7383
8871
9039
4787
31668
28774
21342
9364
5252
23882
26298
22653
21832
8046
7412
26464
6475
18936
25523
30697
2660
27416
10870
4624
12685
31576
1429
15092
305
220
8194
22930
16719
16540
18200
12929
23289
5730
9447
24035
22784
31119
34
1719
3597
32567
11138
18824
5374
21172
14146
17301
29482
9294
4709
15229
10538
7624
27866
8382
18862
14773
16844
9244
3515
13826
11594
691
3145
22011
9720
1579
26751
7503
28066
23022
19137
32686
7416
21382
17695
24144
8263
10852
25820
19327
20415
5424
24544
22684
4810
1127
24120
5254
30998
7960
30910
20641
15803
8343
12250
20923
7145
19681
2797
22057
2947
30858
16817
10441
19410
29982
30387
31746
3628
3029
21060
15845
17831
17512
9083
25952
24958
26712
3918
14149
24749
12231
32214
10213
19499
14113
28617
30459
10972
10869
32567
28036
1578
9841
7889
10469
6368
19509
6717
28470
261
3546
11970
20137
26066
24750
7682
1
24139
5248
18711
31697
17312
7602
11988
9162
23210
32374
16872
25546
10224
7460
10890
15758
12000
4790
10391
215
5585
3266
18566
8006
7243
13807
1118
4269
7266
10960
3016
28545
17898
21441
30144
31532
23646
2740
31291
26446
31724
23462
1695
2506
699
32357
16473
2227
13610
22923
24509
3878
11678
1148
13101
30298
18041
25253
7690
21894
15257
28160
23346
10849
3482
19744
30721
26959
336
23393
11226
16526
25116
731
21259
23851
31833
17877
9728
29713
11337
31274
6547
17381
18256
14361
16962
4420
4379
23282
10043
31872
21238
7713
18766
22946
20551
24280
1947
30268
3451
11677
23301
8907
10021
27322
17041
14894
29452
20162
15077
3026
16382
30312
2540
28700
15561
1245
12611
14628
12767
24795
4667
26394
12382
2152
9303
25880
8611
28469
14563
32222
6426
15443
27489
17396
30024
23322
21479
32006
2673
30719
32376
802
32499
32537
2522
18904
22021
30331
14957
5431
24490
15907
685
6866
14052
30876
25173
29027
28628
31962
6169
17357
29577
26577
26627
31168
9973
29592
1585
3716
279
2889
9359
11115
18100
18670
23093
27136
26483
3123
26911
13198
21848
5938
10825
24546
3660
7701
7315
30308
30644
13734
14753
24594
9955
4057
28153
19630
18191
8027
21075
24783
9699
3577
20159
19966
11678
9649
25445
13333
9327
22901
2695
10262
7962
25575
2884
16435
31524
31406
3750
11301
30070
10247
22906
24841
9181
6602
17514
5530
11332
10547
29157
23744
28429
6102
18575
8423
5567
29127
2456
8730
8941
32528
22797
11441
10493
22059
18841
24953
1902
7487
6406
7663
5633
23243
23391
19996
29988
21809
29934
20899
27504
6021
3415
20936
12796
1899
6245
12607
4345
25198
705
16848
20085
1744
8753
15653
29094
10851
27851
1038
3647
22778
31647
10415
13960
7554
18616
16847
3981
3300
18746
14083
26593
3904
32263
13260
31267
30477
21034
9993
8793
3103
12865
13735
14104
14469
10060
1901
12980
15959
27868
17818
11510
31988
4841
16673
12957
29659
15117
24930
27395
10055
14977
18841
7200
2359
14269
16030
641
21352
19827
260
31398
16472
29296
12390
3205
23093
1665
18058
4057
18066
17349
6621
12657
8400
29147
7959
32219
18169
29325
1102
26528
23911
7851
6667
32076
26462
13126
16101
11738
31525
18650
7210
19951
25269
11053
2705
29677
5807
19263
19859
9951
2473
17251
10150
16752
30674
15436
5425
17551
2375
24637
26510
5959
25440
3645
29416
22974
23047
2366
32085
32649
13280
4202
26178
1822
12845
29689
8861
13618
11566
3310
14614
2198
18873
9897
1981
8941
1172
29309
18041
18694
6312
13932
9430
30286
17814
24984
29382
13313
21332
16562
22528
4307
9527
9964
10352
6819
19657
3349
920
25478
26212
19254
14035
7745
31519
7769
30224
24603
26042
31256
6683
12356
31370
27157
10882
14522
32348
29958
20701
14919
27668
7236
3403
3375
26207
18537
15353
14728
29468
23574
10064
7641
13216
8990
20560
22185
28870
3142
13670
18211
3652
30312
10057
16153
31382
28083
25091
20961
21221
3690
26194
31604
19106
21941
28190
22351
11928
25351
15181
12847
11577
21778
21513
8659
10272
18921
7928
547
13806
20060
26520
122
31814
25879
26519
3793
15064
28977
27956
12242
16168
2396
21189
6032
16527
16103
2005
32264
16027
8398
17928
14325
18682
9250
4266
6722
10998
21611
22008
19825
10598
17347
15728
5936
10086
11581
6626
21248
13564
26885
11124
11223
23219
32578
32464
6227
32584
11624
21153
21775
28935
29495
2933
4498
31781
25635
12543
23406
2240
19034
10834
32016
27749
23794
5478
1272
30539
4643
6496
30843
9426
28248
16360
25111
16098
13547
22643
12360
21079
10282
5995
24157
30573
25117
911
25975
13364
22772
6459
4031
6412
7787
1963
22919
13780
6957
23197
8405
5742
18594
778
11700
19538
26679
19798
32069
22851
28234
26753
19074
24998
1869
32290
12208
10901
30152
13680
20241
7573
22387
23528
18855
28673
28337
15503
31296
23571
4625
7358
14615
23589
10633
31312
25129
19999
16602
13000
19138
9250
22795
22734
7303
19411
26958
16017
24695
999
2250
5357
19636
25468
32138
27200
13460
1107
21394
9396
13211
13040
21364
11375
325
26744
13203
10369
1205
9945
7494
24620
10708
21242
23503
17364
16382
30537
14796
294
31758
29268
4250
30952
15967
26860
6909
15166
6838
23091
9645
6
23442
21278
29961
4701
1327
7377
32152
511
19537
957
14275
32561
8741
31706
29077
14028
7076
26066
1051
2194
19192
19371
29069
1942
17180
24280
25972
12175
30535
9482
13728
28996
24929
9914
2935
20528
4586
2693
12428
17500
17331
8362
4558
19022
167
23815
29349
2763
13158
30663
11612
20323
23432
20497
18355
16832
7169
27853
10
27070
28986
18650
3739
31856
28056
12307
3739
8231
28789
720
3274
24109
20793
4929
12233
32390
16384
163
2494
3176
16139
22875
30423
30027
17284
9866
30897
17449
13766
3678
5669
4536
3194
29282
2563
30472
32409
25087
2586
11575
32460
20657
3404
22171
12549
15585
21020
19499
19717
15021
18014
19961
24075
12028
6115
23521
8747
7105
7403
19310
28794
22519
7501
403
6811
23331
19067
22567
3188
30790
6621
3773
15108
20947
4903
26950
26768
2189
1339
12731
7804
12589
15880
23069
30212
30744
1506
21625
26936
9633
23063
15238
11972
21838
9957
11509
14531
3394
8906
26295
16958
28818
32475
21584
30003
22448
30362
13677
15854
2300
7422
12273
14663
11644
18408
22829
28775
14101
5413
10412
2550
5028
22763
15831
18847
24610
21877
31570
25582
17792
20788
11661
32008
29576
4979
31604
21280
18858
23193
27992
11812
13603
15097
20542
9881
12871
28698
29366
19428
23767
2817
4753
6753
21450
14940
17738
25474
16473
5722
6544
28673
6814
10005
198
12298
4503
24804
28109
17565
26058
22626
19836
7549
18498
17974
25627
22679
24167
20888
25720
8814
15468
27101
3570
3244
12108
1408
15233
6487
21070
21148
13983
14812
9949
8300
4296
20465
31543
29336
20391
22701
21213
30319
1465
2236
4962
29247
16477
12392
31753
1619
23021
9743
26474
16252
27475
4728
27445
9736
30929
24421
5241
6049
225
7448
524
18411
22246
16897
21145
4529
26319
12533
14914
27651
27467
4841
15275
18923
17592
13043
18842
21829
20705
21838
32429
17636
28576
28817
30471
19285
17400
27538
19677
26540
7907
25202
6722
13623
13506
11586
16130
231
19959
32129
16597
24949
8403
24472
968
29411
13130
3738
29344
6187
16736
16974
27991
10866
15128
1939
28068
16530
22664
2907
29303
2927
2405
11473
18510
2246
25051
18386
31247
24741
1663
18212
7466
16289
9085
23819
20317
23862
4126
2489
11131
17096
464
21653
5948
17304
3956
15688
7656
8291
16659
1820
5186
1252
6351
25209
24971
6175
4872
10838
12504
5466
28535
8185
21424
25532
22950
18645
9641
19093
5818
8582
1494
12886
10043
14173
24744
20792
23766
32049
27356
21505
29874
3811
32510
9494
60
8658
7115
23758
20240
28147
8535
29172
16445
7468
31098
31518
14107
17205
27710
12160
13944
14310
23504
28617
27004
27057
1126
9386
17418
12662
22158
19397
26904
14173
1322
30505
18819
26699
3520
5791
15492
10642
3643
1267
94
30425
17161
6102
26399
3438
3152
12323
5129
29000
2722
31167
2471
32258
19305
16522
23994
10068
30797
20146
23424
13858
22588
30295
22600
8108
13884
26511
15774
1246
32483
32604
6208
18717
8672
11271
10298
20101
6057
21863
13616
26822
15642
21425
28341
19759
16761
19168
13496
12489
405
14780
968
31416
5411
21452
227
2836
16564
19501
18500
8367
7307
19088
31135
28952
27688
9111
15038
22757
30215
10834
20638
16765
20018
1279
24107
22468
31913
16666
20392
7108
20014
10107
18658
11692
27438
14232
8401
25531
25248
2577
8715
3141
6043
3345
6385
31511
17693
14795
11055
17408
19124
9780
18341
22813
28679
23104
6971
13323
27726
18722
14047
29782
28166
2145
32086
24427
22365
23565
19106
7703
1041
13776
27847
22903
9197
21481
10559
11567
733
31157
6742
9886
9614
29146
14615
10355
9980
2351
11815
27627
14637
2732
28708
29901
12294
17820
21594
11792
23513
6819
12879
19043
9402
24659
12042
31091
21169
3386
28888
10273
9743
7867
21844
26913
27773
28309
17443
3854
28610
18808
26943
22247
23237
10294
1880
6392
5256
5023
9311
429
3235
18017
8784
23514
4829
27070
19647
6896
29132
24936
7850
14002
20242
18566
30030
29035
5605
28466
4374
27681
1651
19366
24033
31425
9946
10909
11134
28404
28633
11707
6451
11578
11491
2549
18407
14865
29329
14134
25593
19707
20832
28764
23196
12881
14470
27588
2575
9485
16547
20498
2288
10285
4795
23094
19755
24261
23899
13740
13663
29052
4394
13164
23598
14504
16570
6976
27955
15497
12227
28875
8758
31592
8717
2471
30262
18338
12433
30021
11307
11518
13329
13278
27055
4362
2281
22457
18178
15906
5948
27812
26119
286
4857
19349
20828
20638
2228
790
23098
27708
4505
5544
27018
4881
3706
23691
3556
18345
10201
11564
16565
20330
3454
9810
6136
11417
31338
32563
25995
2614
10869
7257
21325
3253
31892
689
23117
28216
30450
6233
19452
12614
24036
5373
14643
14087
21316
30912
16383
19013
11069
21288
28411
22566
7056
6837
24252
26148
30250
17237
15121
22711
1603
22307
29458
26704
9697
28479
2845
6954
928
13338
9454
3675
5329
17247
24747
13779
16881
21997
29949
11842
15533
17140
28455
22775
21396
23204
3562
30168
6451
19491
4005
28420
28975
11136
4895
5600
14902
26006
12429
8028
10317
26047
28178
7981
30236
15037
21196
14493
9472
17670
11259
284
8028
16994
4657
7862
19647
24942
5404
8694
23807
374
2479
22767
2689
21299
25479
18227
16024
26551
31271
22013
5427
13771
19585
12289
21889
2459
32232
23028
25007
31046
1445
2862
20545
3831
352
25904
7320
29397
29993
21681
23186
27846
2735
30386
20232
25975
10447
26142
30479
2581
31680
3768
10729
14463
20289
8520
20028
17107
31013
19943
14728
20718
11461
26858
32584
7230
25496
4715
18035
24878
6557
18166
7766
20967
6011
9178
8046
13978
15544
4367
14187
15049
22966
29321
31929
9692
205
1
10938
7530
19572
21458
32292
24619
24885
18454
24792
29467
22870
8268
20534
2206
23159
30595
16666
16388
28058
24120
11351
19853
20851
13681
24940
11175
6457
12746
13472
31865
9626
6527
76
23994
29523
15631
29580
29576
14296
21463
24312
13008
21599
8123
11081
13230
4250
12509
28338
3309
9812
1442
19192
16393
23345
31118
28474
25648
21386
12344
18660
8781
265
16836
19552
4753
21603
10849
14386
6689
16647
21693
10265
12568
17503
16512
27658
22143
5359
29035
26760
22204
30873
21575
22459
13467
5759
12144
12154
16183
20728
19900
10117
2037
17237
6440
27347
22081
27486
19665
27345
19621
2946
3285
24868
10462
3587
8120
29935
1213
10129
2445
19634
940
20937
26566
2629
24585
29186
8648
9540
29279
7752
15228
15778
32467
1851
16594
11422
25545
25821
5808
19197
5979
12252
431
29462
4796
21953
17919
4477
9634
1571
4486
7728
29444
29084
28682
19547
5977
20652
13370
4584
7764
26853
22000
5745
4009
11921
27695
9008
19142
5882
4364
15569
7661
12920
21382
29136
5043
27815
25145
23631
6311
28941
3102
17991
25953
12309
6975
22122
5092
16020
6385
1478
22857
8289
17653
5845
22
19844
25998
28236
16591
16617
17468
4122
9456
22130
8631
1752
24602
6231
16143
13300
32421
26092
19047
26311
27127
10033
7259
31924
5689
17039
10590
27016
5181
31850
6313
12350
29716
4794
2304
7877
17515
6323
3934
2051
10159
2886
29816
4865
1380
20723
15023
23449
18991
30428
8876
13446
17706
4306
1311
4043
29467
8090
11120
32407
12172
15456
9026
20065
5372
17828
15028
1870
14563
13474
10490
17703
19559
21233
21512
26595
16992
18714
30924
16436
9545
28556
23492
8352
15770
31523
13803
11944
11496
14191
16837
11587
12797
7565
8458
846
6174
21285
9203
20252
4198
10481
1076
30623
15979
3550
20002
1823
30926
22680
2606
2786
8911
912
14034
30068
2069
762
22501
15700
11862
9263
7400
3987
14246
2767
31019
9730
15501
7274
20841
12738
28549
18766
21781
17191
1694
10190
11930
6025
18654
10959
11703
31511
14585
1219
6788
16174
9124
27341
20815
13649
6068
22149
31791
4739
14179
9097
27616
11721
11322
3573
29334
5128
17067
11248
13316
9468
19586
851
13297
13790
11568
24202
1764
23877
6055
21372
29796
16800
10904
22425
26434
12694
13922
3719
24459
8560
25946
16719
323
30045
18984
21985
13551
4019
13163
4990
25402
28250
5134
16393
23456
15231
11509
213
3399
10698
28055
25361
19992
26251
14837
15189
10832
5276
23717
13014
758
30983
30635
31663
15101
16657
25808
30535
2449
32072
14649
29542
3118
22873
15880
2544
12875
3249
12892
15146
12152
23969
16478
12881
26009
29278
30622
6567
21847
28607
20623
5924
15529
18096
19848
20157
28910
30817
20455
25810
1628
718
10426
9451
20878
8154
8356
28639
3401
4844
1926
8466
32563
9664
17996
25195
27351
4255
14413
20966
29353
25969
27328
27241
20716
14070
9745
10697
1304
6546
1512
5189
28210
5871
25001
21185
12039
15586
17291
5323
15758
4005
18474
5388
16137
26918
12663
29370
11154
9367
30510
10780
24971
2473
19211
10089
17493
5472
1547
14248
11958
12878
3873
28266
16897
15214
8268
975
1252
30799
16080
26142
4789
6136
29908
7458
7464
27526
18529
25870
17736
1146
16691
17263
22834
4237
10625
16774
2578
31049
6322
8764
9797
22882
783
17902
25621
20737
24290
19364
24500
23926
19890
1638
25981
16902
22282
18663
6453
3097
24900
15992
18550
17305
18415
32586
25410
24044
14288
15689
31769
29925
12629
3373
15391
30589
21364
3994
7577
23773
3254
823
5341
18409
27916
14854
27105
10323
23457
2261
14353
4519
30601
8711
22395
26023
19717
13492
19242
11321
11065
15176
16782
438
18894
11288
1293
10312
5696
32562
16740
13630
7570
17712
9564
2973
121
16342
6166
9994
24838
25737
7297
23713
30966
24404
7409
258
32330
1205
10671
3643
22870
26800
29633
16735
14872
4140
8776
2181
28185
20205
10720
32063
19426
8617
31321
23000
12712
18584
30009
22055
6640
29276
29340
14020
24620
21013
27240
15705
27234
10843
22209
7538
27340
4932
7512
27606
11707
27123
25171
21966
5398
31627
17303
1314
8974
16693
30706
24173
15532
31615
1949
9347
24322
26503
3752
29947
16831
15181
4896
6949
22383
30065
8123
23027
7567
18148
6875
23177
31157
3401
20302
10523
6942
18959
3274
2911
18117
27525
6195
23969
15863
17150
8529
10153
25298
4589
7824
25786
27287
5886
21987
10347
14227
11548
5160
7124
29669
9223
29539
16801
7019
29005
20254
17145
9736
13026
31209
10770
27387
19341
16451
26364
28092
25474
4370
1812
24963
17498
20242
12392
9787
11754
25332
22885
29544
1222
8476
29467
7004
6167
16479
17823
25166
15760
27941
3881
30723
19637
15683
18279
16540
5551
32730
21056
7083
10323
7478
12528
31774
6952
27178
8364
7593
12917
27134
23483
26003
8590
27251
15968
1528
29975
238
22031
24805
6100
1472
18795
1605
31823
28603
9469
1813
28037
5067
981
17124
26619
14199
1241
1679
1465
23379
30318
26003
24065
7080
4559
18224
14794
7075
1127
13063
27690
18396
32076
4236
19700
7386
18304
2809
5205
15943
9420
8277
25904
3611
25491
22459
6795
23265
5742
20809
21345
10089
18862
793
3489
514
13055
25389
22361
6714
29576
4954
487
20688
27475
3143
6615
9591
11806
13220
10808
8976
3133
9455
15945
28090
27495
10981
12848
9535
31499
16920
3979
4925
23078
8551
17471
23156
32132
7849
3632
32764
10092
1746
13046
20192
31362
11309
23161
23843
21739
30496
29189
6860
21556
3810
25054
30209
22256
20577
4162
12792
17651
3337
3558
9475
27741
17196
2916
5555
32639
30129
29712
14336
18337
11717
8378
2339
12262
1622
10557
21394
7730
8758
26398
16145
17953
20591
15844
8093
22650
24875
19348
21366
6520
5381
4906
24782
18928
27054
8515
29054
11201
24901
29827
27327
3719
13690
32407
30394
5785
24579
418
24252
20879
9909
14127
28576
7203
23635
30544
6373
19373
3096
5739
1358
24175
19053
14847
27220
17110
7269
30538
9402
11574
14787
831
22155
8273
13429
27781
20791
8838
14845
1341
8153
21311
2741
1370
2279
18385
22372
3266
26520
1776
27555
8210
16952
24804
22724
22439
8531
7492
9386
21284
21013
24604
279
10075
5623
24057
22093
22047
11911
6323
10737
16521
4537
23814
22391
10246
22466
11828
5501
3103
1149
1991
9592
11605
10863
32336
769
9045
4053
5210
26185
21841
3219
21708
14118
4188
21460
26511
12040
627
26089
22763
25516
11156
22627
9100
16165
31624
20497
24462
6718
3459
27715
17436
25120
26458
30980
26917
2105
12389
6837
2120
18018
10825
5578
20148
10244
10052
7571
1658
13604
31152
9596
31721
23503
23008
10662
10713
32199
2800
12190
17294
23865
16976
13353
22832
22270
10395
3530
4677
21864
4424
22867
30139
20191
12308
26712
27927
4113
896
4302
8203
27143
11128
252
27199
31826
17458
15863
18907
29314
13579
18625
3220
12595
22429
8022
9722
28655
15867
27665
10873
21867
1811
14071
23468
16243
22518
29460
28764
17916
9552
9264
24133
207
19736
27112
20340
29784
11873
18660
14788
11661
12389
28033
4968
23042
26735
17325
16274
31046
8561
88
25769
24802
26998
32299
11444
13478
12066
19359
16946
6571
18810
16698
30583
23485
7918
23951
15051
5227
14858
26403
5351
12766
1536
3983
21270
8764
24566
23686
27528
23172
31848
23567
29769
26962
23004
23575
11560
13129
24367
29262
26750
24705
31417
11098
16609
18867
23823
12703
12985
2546
32679
5957
4710
32763
8427
31866
16214
23355
19147
2970
5451
2712
1964
438
20186
21512
9793
27848
4342
19786
29414
30304
23316
19585
28308
24797
6384
8512
3951
18128
10000
22522
12970
6011
25464
22097
13254
11486
4495
30233
18486
26912
18992
9924
17539
23019
1697
19991
25949
19664
9689
2907
20443
6578
23512
18245
21418
19203
31979
4470
9659
26955
20333
4945
5538
19906
6299
3334
15798
13018
31732
4314
17162
22385
3405
18582
14035
29799
21220
11886
20426
15399
30596
22175
10767
15957
12002
13126
25344
15048
9932
17013
7592
1342
14182
3678
22776
31446
98
20328
2278
7461
5483
7633
30902
548
29670
9257
31648
16515
23758
22861
6459
30591
20013
31787
14369
12409
8679
21225
28707
22735
28221
10984
21782
1708
19453
24594
3145
28889
1894
28299
26844
21315
11071
11185
28854
11919
4983
27931
21795
22626
13856
1160
13528
21677
15523
26957
25496
1635
19124
19920
9375
24739
25957
15635
19290
16548
10101
1911
23431
22729
11883
12139
31137
3114
25634
4537
27887
4758
24975
2025
12337
28042
12806
10919
26993
17939
8882
6826
5837
28448
2151
21706
5776
7701
6769
9947
14664
12495
95
24060
1946
21402
27088
26473
16358
9399
351
5000
22661
15328
24700
17548
13337
8853
12719
16906
25765
17922
30952
25802
31225
9272
8716
8763
2231
16548
5543
24207
28928
19985
21634
24111
8509
23690
16832
13448
23104
4478
14915
26306
9883
12102
21413
26658
10468
10134
8623
18292
18546
20896
8268
27093
16009
10688
22783
31483
20539
7724
4898
17358
15990
391
6705
22399
5970
297
12246
31784
21536
31183
18389
15523
21396
26034
16387
22456
25019
23609
19286
13380
10740
17694
21589
5586
7910
9235
29136
32155
15304
24190
29854
6978
16370
1500
4651
26455
26686
15528
9046
30703
1166
10350
14386
29969
8664
2131
6554
20143
20044
24016
29682
4752
3372
21496
3455
31036
5015
27087
18799
17846
20558
8602
24977
23490
24667
22159
24353
25003
19169
24475
12606
19875
32640
22254
15238
24490
25260
8872
364
21370
5951
11219
27559
18708
12569
22099
19441
3840
1895
9021
13977
20898
29240
27082
31683
28944
26968
6764
1079
31461
26605
8797
17156
22780
16227
29640
9754
9741
14428
7332
1870
7363
16268
23107
19469
22144
15018
15005
8375
587
4521
24258
27559
28860
24383
5691
5234
13736
16364
11032
31370
30363
15252
32680
9824
30887
8477
24684
29380
8825
212
13172
2761
31568
16861
15511
13927
2837
29266
10652
6927
8865
29610
17653
22057
11170
18798
22779
25636
18017
13748
19834
32679
23849
17397
27603
8215
30201
7323
26979
13247
3415
13153
18530
8313
23916
21482
6782
629
16968
20299
4141
9438
7787
2958
4116
8742
7620
4624
20762
26076
7601
19875
16091
11758
5932
15534
17606
4307
7385
4591
17985
24170
2476
28939
26252
22951
16775
9930
18851
31785
7086
25504
24424
1552
3072
71
27754
22889
6009
21428
21481
28952
8649
21848
29034
20357
21794
22103
19841
11508
6483
14832
12746
14362
21190
3917
8456
11947
2487
14073
31172
23879
18927
6255
7035
32473
853
32530
15847
2132
23837
29233
15765
19416
25832
1508
4362
27093
20602
23311
19959
5049
12566
10323
7029
26260
6774
26278
17655
12124
4147
20669
9971
7229
10719
24845
25784
6931
29184
9536
14980
9338
9637
22245
24407
12541
1841
11603
24388
31131
17728
19374
9571
8641
14539
31507
24890
10970
9131
26377
17522
2588
30204
10949
19392
8959
11388
14576
3840
17840
7056
25985
21931
7558
8282
11526
9806
4909
31312
2699
10803
29764
22293
4145
22856
16700
17609
8362
2514
20061
10964
32418
15163
15125
28035
19987
17115
6167
22095
11479
30064
5970
2699
6234
940
5626
12015
18587
7970
27302
27926
26448
28785
14571
3695
8688
17141
6283
8742
12437
25723
19947
22441
16364
32153
18916
30519
11244
6307
6516
14682
25567
9642
920
20195
9518
12847
2361
2738
26875
7509
15713
25400
15453
6195
28652
19129
6644
14783
22992
10193
7246
27518
23721
32750
185
25556
24215
6914
27114
9672
19679
20227
12638
6406
18847
25031
3243
16909
15540
13571
7877
30782
12671
24638
28475
26335
19831
23742
19622
31328
15664
4475
31474
28777
9827
25049
7617
24765
18
26056
31699
14224
24001
19725
6680
20563
27727
23629
9223
14183
28911
4926
26440
22769
7111
12211
6988
7079
4120
30246
6007
13275
28814
19468
6198
22097
9580
20368
1471
5624
13344
30699
12221
10201
29834
31237
12681
27467
3081
24184
5373
13725
5560
10667
2050
4182
22155
2544
13721
23817
11420
8993
23292
1082
3229
4667
16434
8549
31204
31229
10193
18337
4244
31831
17395
17006
15446
31683
4209
25765
28138
18372
17703
23630
24408
4167
24283
26160
30086
2278
17910
23952
21617
18311
17404
14691
28322
10917
1946
18790
8616
1604
26545
8932
3948
864
24243
15872
24353
7202
25710
27389
14428
22628
6840
5136
22934
1455
31784
25227
19908
25059
29707
22783
2705
23802
24576
31078
20000
1548
6775
3308
26779
26769
4356
480
28991
26724
21034
27640
19706
27199
4578
28827
18027
13092
24443
23827
20204
21958
19291
19093
28812
26609
8814
15517
12812
27988
5682
31546
25034
25468
14184
6817
4786
29073
23971
27122
9222
13503
10420
8185
21556
133
26095
481
20609
1248
21286
31969
15529
25077
5554
28208
15392
1309
4320
22797
25007
575
31063
27643
29829
11728
28491
26247
9139
16996
1640
21883
28605
8364
27
30092
19665
20414
3266
22151
592
3183
7783
23385
12174
18542
16719
10321
17763
17598
14933
22321
7572
32489
14943
4489
26025
20517
31534
7618
2868
12692
21613
17936
9814
32687
29143
7572
16926
32705
11997
28358
28727
32459
20933
29694
510
30002
30306
4668
22572
32673
16441
30182
18954
15687
28475
2233
26872
29512
22248
8489
5318
11342
18151
21740
26221
25233
8539
21620
2591
5507
30078
26510
189
2097
16708
28250
11034
21051
4831
22690
3238
26395
11428
31848
6685
29754
12234
2839
14512
2720
20518
11913
12871
20338
5743
16508
17737
1081
20764
26988
24033
26432
31611
30174
7579
15517
21587
917
11141
16032
24976
9848
16050
25294
10563
24725
7312
17133
15977
27211
8062
20578
22481
23802
21164
12209
3825
15552
17024
306
14361
25762
24174
461
16276
80
5211
31500
28747
5990
15202
16286
21574
31361
10775
11351
20349
28183
15124
15989
28195
13124
32039
9791
1556
16791
11640
31596
12172
12421
25947
16221
15506
31614
30593
7094
12912
29882
10899
24319
19318
18930
30741
14366
8656
7048
31250
18869
30113
26796
9633
10658
18524
20461
18759
21281
29081
17700
44
16757
1948
26924
21161
135
13269
8250
8628
17421
15404
32114
13385
18160
17976
27106
11976
22412
8589
16407
17497
10779
25213
11329
10891
7634
24708
29206
23884
11945
5967
28799
14466
16155
29792
14102
407
5754
26806
24025
4040
16996
18546
3939
12437
18751
28245
23347
23236
24690
5724
23640
26544
11626
3853
21887
31502
10007
8202
714
24795
30782
1505
24005
2174
23633
11537
2604
22220
30838
9119
7960
28146
31453
27435
30412
26791
7415
20094
32250
28097
1717
29016
9821
26286
20926
7801
14480
993
31563
22928
19743
19228
7546
29162
6510
27843
20093
32529
22932
3784
6346
13504
1162
4377
23668
11932
21455
9164
28735
30448
26788
20338
21507
7444
14234
18723
6129
2907
5330
13146
25092
7209
17315
15776
1628
14339
17441
4800
22675
3066
16972
7429
6047
22328
5009
2344
3851
16209
13200
7647
24787
22373
4203
19863
18693
3526
14462
20317
3832
11383
11471
2634
22961
22194
17779
21613
14119
29398
27066
12431
28924
23634
6610
31529
7257
25170
23196
29578
691
20229
8669
2926
14453
24650
8171
29227
3445
14893
12420
28181
11342
18464
9111
4750
6981
26301
27017
6121
681
19591
8567
3544
7701
30546
30969
21859
5818
18484
13548
1363
4366
12684
445
32521
32703
8577
15254
2199
1630
26701
30323
9123
14477
9654
25135
3229
30732
5814
18278
8198
16933
16679
8218
2275
15607
14768
22506
30090
2407
17358
11341
11519
5766
11539
1302
22623
28817
20915
22504
9300
14477
15504
1890
11334
24741
26773
15165
10967
23227
32760
1352
915
23454
10543
20021
10738
4190
28345
31522
30181
22316
9659
7835
24721
4437
19254
25455
30532
26279
8401
31563
3166
21830
25497
13314
22398
8443
4215
5181
3938
29957
23710
15887
13514
3228
23782
32658
31473
29073
21569
14257
18211
32424
25211
5540
10747
16825
22006
15519
8532
14634
280
28511
31863
3302
30257
16090
15259
28035
8624
13727
27319
32176
15422
18
15658
4282
8569
25680
21328
3102
27015
8416
13922
27872
5910
31081
1180
18821
1702
14368
19270
6887
30884
12427
24486
5593
12040
10286
12069
15151
21748
4543
27110
3562
29753
31750
1504
8211
20321
23717
11126
26436
3144
22955
21715
5734
16527
31148
4832
27591
7803
22955
184
24338
31486
10089
30726
4097
31736
7441
11652
2518
13922
7350
31058
3348
19129
25074
6211
25513
14153
7451
32662
9650
14497
12036
28338
29847
24544
26451
8798
21113
14353
23128
6431
15503
25011
18070
12694
32170
28757
22826
14947
27538
15549
16892
26416
11112
2706
31460
6792
9530
23713
31756
14544
16910
9735
156
9567
29516
13552
28409
31009
29632
13060
11423
31143
28252
4579
4976
24422
23632
12749
12211
7036
6724
14966
1584
15140
18421
11102
20659
5255
22529
19084
14650
7583
25861
15555
6346
28913
10698
3911
31536
201
12709
23775
10781
25839
29379
4027
13844
20033
32621
5623
30220
14196
2594
25061
16276
5082
32230
23328
27912
10644
5113
5765
25480
15790
22211
29391
6161
25095
23615
29309
16999
21305
11787
14193
7230
4957
11898
17717
12541
22797
12010
2943
14142
11992
20708
907
3862
12590
27708
13748
22992
23447
32512
25444
9392
1888
22731
20948
25302
20064
7189
13198
30081
13970
5770
2734
19738
4478
784
22389
22998
31770
26919
32083
14333
13443
8484
9025
23859
3351
22083
15008
11308
15672
20377
1340
20970
12715
30609
2953
897
22820
26714
28998
31087
17315
28535
24332
12097
4771
28940
1088
13074
29479
4899
17067
16831
23494
14673
8163
9315
9138
27016
10165
25288
32255
7262
8960
3892
23533
30661
21680
14872
10077
18590
26480
32364
14870
28212
1934
31843
23982
29911
13723
30461
9492
3609
26002
15509
6850
12126
10653
11348
9636
8238
18495
25975
3974
24571
25485
29025
7985
16591
20621
5195
3864
18058
24427
26559
5440
5804
29637
14570
1837
31928
12492
26311
21439
3806
16159
7909
27331
14499
21940
21604
12106
20380
15606
873
5414
27203
19870
18948
11853
16100
23946
25355
31117
13885
30211
5775
3403
14153
27714
5418
9332
22914
12916
15310
27480
24407
7714
22948
27747
23559
22742
23728
30663
10094
12783
30439
25257
18054
16263
20204
18661
19045
9230
21923
19771
13169
10451
14277
7934
5018
25808
8782
22738
23504
3074
24441
2105
17573
31808
31219
30054
10696
2352
29683
679
5503
23826
11032
3994
4724
16757
4546
22916
8871
30153
31396
31304
9924
20438
2152
9724
13897
21161
22510
374
7745
7413
2579
25215
17047
11365
3573
25302
8453
22116
14356
26844
32047
17339
10779
20624
9861
11155
19281
17254
13129
30964
25215
29875
26269
1326
19817
24704
17738
24785
5170
27261
31894
10351
14883
4901
7099
16301
14055
17754
20255
22074
25340
2416
22307
23164
27535
12820
20594
2369
6111
32580
27707
3018
17011
27208
21043
22653
4406
27224
29943
7155
31068
21443
21881
7784
21621
22999
27612
13708
22015
18491
28323
28471
31959
12427
25663
15767
4790
6567
10036
14017
21846
20319
5039
376
21154
27021
2209
6367
30596
30161
27027
21430
18710
7372
32723
571
25752
21285
32033
25497
18898
21322
