Sample in Buffer,Sample in Window,TRIGGER,w_dfi_address[25:0],w_dfi_bank[5:0],w_dfi_cas_n[1:0],w_dfi_cs_n[1:0],w_dfi_ras_n[1:0],w_dfi_rddata[63:0],w_dfi_rddata_en[1:0],w_dfi_rddata_valid[1:0],w_dfi_we_n[1:0],w_dfi_wrdata[63:0],w_dfi_wrdata_en[1:0],w_idelay_rdy,u_harness/w_dfi_rddata_dly[63:0],u_harness/w_rd_dbg_actual[63:0],u_harness/w_rd_dbg_expected[63:0],u_harness/w_rd_dbg_mismatch,u_harness/w_rd_dbg_valid
Radix - UNSIGNED,UNSIGNED,UNSIGNED,HEX,HEX,HEX,HEX,HEX,HEX,HEX,HEX,HEX,HEX,HEX,HEX,HEX,HEX,HEX,HEX,HEX
0,0,0,000013c,00,2,2,3,ac95ab686bd0e097,0,0,2,423f8bac84954ce9,3,1,fff0ee3938b5a5c6,0000000000000000,0000000000000000,0,0
1,1,0,0000140,00,2,2,3,3f093c96f84c6dc2,0,0,2,5f63befa99c979bf,3,1,221e263de55b2893,0000000000000000,0000000000000000,0,0
2,2,0,0000144,00,2,2,3,b182b1c376c7fa3c,0,0,2,d2363071149cf734,3,1,ac95ab686bd0e097,0000000000000000,0000000000000000,0,0
3,3,0,0000148,00,2,2,3,1830136bdf757769,0,0,2,45c8a3ed836264a8,3,1,3f093c96f84c6dc2,0000000000000000,0000000000000000,0,0
4,4,0,000014c,00,2,2,3,96bb9e3e51fed5c1,0,0,2,c89d2d660e37ea23,3,1,b182b1c376c7fa3c,0000000000000000,0000000000000000,0,0
5,5,0,0000150,00,2,2,3,052709c0c2625894,0,0,2,6a3584d4ac9f4391,3,1,1830136bdf757769,0000000000000000,0000000000000000,0,0
6,6,0,0000154,00,2,2,3,8bac84954ce9cf6a,0,0,2,e7600a5f21cacd1a,3,1,96bb9e3e51fed5c1,0000000000000000,0000000000000000,0,0
7,7,0,0000158,00,2,2,3,befa99c979bf423f,0,0,2,709e99c3b6345e86,3,1,052709c0c2625894,0000000000000000,0000000000000000,0,0
8,8,0,000015c,00,2,2,3,3071149cf7345f63,0,0,2,fdcb17483b61d00d,3,1,8bac84954ce9cf6a,0000000000000000,0000000000000000,0,0
9,9,0,0000160,00,2,2,3,a3ed836264a8d236,0,0,2,35cfcaa6f3650de3,3,1,befa99c979bf423f,0000000000000000,0000000000000000,0,0
10,10,0,0000164,00,2,2,3,2d660e37ea2345c8,0,0,2,b89a442d7e308368,3,1,3071149cf7345f63,0000000000000000,0000000000000000,0,0
11,11,0,0000168,00,2,2,3,84d4ac9f4391c89d,0,0,2,2f64d7b1e9ce10f4,3,1,a3ed836264a8d236,0000000000000000,0000000000000000,0,0
12,12,0,000016c,00,2,2,3,0a5f21cacd1a6a35,0,0,2,a231593a649b9e7f,3,1,2d660e37ea2345c8,0000000000000000,0000000000000000,0,0
13,13,0,0000170,00,2,2,3,99c3b6345e86e760,0,0,2,0099f088c63337cd,3,1,84d4ac9f4391c89d,0000000000000000,0000000000000000,0,0
14,14,0,0000174,00,2,2,3,17483b61d00d709e,0,0,2,8dcc7e034b66b946,3,1,0a5f21cacd1a6a35,0000000000000000,0000000000000000,0,0
15,15,0,0000178,00,2,2,3,caa6f3650de3fdcb,0,0,2,1a32ed9fdc982ada,3,1,99c3b6345e86e760,0000000000000000,0000000000000000,0,0
16,16,0,000017c,00,2,2,3,442d7e30836835cf,0,0,2,9767631451cda451,3,1,17483b61d00d709e,0000000000000000,0000000000000000,0,0
17,17,0,0000180,00,2,2,3,d7b1e9ce10f4b89a,0,0,2,208a8733e6204076,3,1,caa6f3650de3fdcb,0000000000000000,0000000000000000,0,0
18,18,0,0000184,00,2,2,3,593a649b9e7f2f64,0,0,2,addf09b86b75cefd,3,1,442d7e30836835cf,0000000000000000,0000000000000000,0,0
19,19,0,0000188,00,2,2,3,f088c63337cda231,0,0,2,3a219a24fc8b5d61,3,1,d7b1e9ce10f4b89a,0000000000000000,0000000000000000,0,0
20,20,0,000018c,00,2,2,3,7e034b66b9460099,0,0,2,b77414af71ded3ea,3,1,593a649b9e7f2f64,0000000000000000,0000000000000000,0,0
21,21,0,0000190,00,2,2,3,ed9fdc982ada8dcc,0,0,2,15dcbd1dd3767a58,3,1,f088c63337cda231,0000000000000000,0000000000000000,0,0
22,22,0,0000194,00,2,2,3,631451cda4511a32,0,0,2,988933965e23f4d3,3,1,7e034b66b9460099,0000000000000000,0000000000000000,0,0
23,23,0,0000198,00,2,2,3,8733e62040769767,0,0,2,0f77a00ac9dd674f,3,1,ed9fdc982ada8dcc,0000000000000000,0000000000000000,0,0
24,24,0,000019c,00,2,2,3,09b86b75cefd208a,0,0,2,82222e814488e9c4,3,1,631451cda4511a32,0000000000000000,0000000000000000,0,0
25,25,0,00001a0,00,2,2,3,9a24fc8b5d61addf,0,0,2,4a26f36f8c8c342a,3,1,8733e62040769767,0000000000000000,0000000000000000,0,0
26,26,0,00001a4,00,2,2,3,14af71ded3ea3a21,0,0,2,c7737de401d9baa1,3,1,09b86b75cefd208a,0000000000000000,0000000000000000,0,0
27,27,0,00001a8,00,2,2,3,bd1dd3767a58b774,0,0,2,508dee789627293d,3,1,9a24fc8b5d61addf,0000000000000000,0000000000000000,0,0
28,28,0,00001ac,00,2,2,3,33965e23f4d315dc,0,0,2,ddd860f31b72a7b6,3,1,14af71ded3ea3a21,0000000000000000,0000000000000000,0,0
29,29,0,00001b0,00,2,2,3,a00ac9dd674f9889,0,0,2,7f70c941b9da0e04,3,1,bd1dd3767a58b774,0000000000000000,0000000000000000,0,0
30,30,0,00001b4,00,2,2,3,2e814488e9c40f77,0,0,2,f22547ca348f808f,3,1,33965e23f4d315dc,0000000000000000,0000000000000000,0,0
31,31,0,00001b8,00,2,2,3,f36f8c8c342a8222,0,0,2,65dbd456a3711313,3,1,a00ac9dd674f9889,0000000000000000,0000000000000000,0,0
32,32,0,00001bc,00,2,2,3,7de401d9baa14a26,0,0,2,e88e5add2e249d98,3,1,2e814488e9c40f77,0000000000000000,0000000000000000,0,0
33,33,0,00001c0,00,2,2,3,ee789627293dc773,0,0,2,f5d26f8b3378a8ce,3,1,f36f8c8c342a8222,0000000000000000,0000000000000000,0,0
34,34,0,00001c4,00,2,2,3,60f31b72a7b6508d,0,0,2,7887e100be2d2645,3,1,7de401d9baa14a26,0000000000000000,0000000000000000,0,0
35,35,0,00001c8,00,2,2,3,c941b9da0e04ddd8,0,0,2,ef79729c29d3b5d9,3,1,ee789627293dc773,0000000000000000,0000000000000000,0,0
36,36,0,00001cc,00,2,2,3,47ca348f808f7f70,0,0,2,622cfc17a4863b52,3,1,60f31b72a7b6508d,0000000000000000,0000000000000000,0,0
37,37,0,00001d0,00,2,2,3,d456a3711313f225,0,0,2,c08455a5062e92e0,3,1,c941b9da0e04ddd8,0000000000000000,0000000000000000,0,0
38,38,0,00001d4,00,2,2,3,5add2e249d9865db,0,0,2,4dd1db2e8b7b1c6b,3,1,47ca348f808f7f70,0000000000000000,0000000000000000,0,0
39,39,0,00001d8,00,2,2,3,6f8b3378a8cee88e,0,0,2,da2f48b21c858ff7,3,1,d456a3711313f225,0000000000000000,0000000000000000,0,0
40,40,0,00001dc,00,2,2,3,e100be2d2645f5d2,0,0,2,577ac63991d0017c,3,1,5add2e249d9865db,0000000000000000,0000000000000000,0,0
41,41,0,00001e0,00,2,2,3,729c29d3b5d97887,0,0,2,9f7e1bd759d4dc92,3,1,6f8b3378a8cee88e,0000000000000000,0000000000000000,0,0
42,42,0,00001e4,00,2,2,3,fc17a4863b52ef79,0,0,2,122b955cd4815219,3,1,e100be2d2645f5d2,0000000000000000,0000000000000000,0,0
43,43,0,00001e8,00,2,2,3,55a5062e92e0622c,0,0,2,85d506c0437fc185,3,1,729c29d3b5d97887,0000000000000000,0000000000000000,0,0
44,44,0,00001ec,00,2,2,3,db2e8b7b1c6bc084,0,0,2,0880884bce2a4f0e,3,1,fc17a4863b52ef79,0000000000000000,0000000000000000,0,0
45,45,0,00001f0,00,2,2,3,48b21c858ff74dd1,0,0,2,aa2821f96c82e6bc,3,1,55a5062e92e0622c,0000000000000000,0000000000000000,0,0
46,46,0,00001f4,00,2,2,3,c63991d0017cda2f,0,0,2,277daf72e1d76837,3,1,db2e8b7b1c6bc084,0000000000000000,0000000000000000,0,0
47,47,0,00001f8,00,2,2,3,1bd759d4dc92577a,0,0,2,b0833cee7629fbab,3,1,48b21c858ff74dd1,0000000000000000,0000000000000000,0,0
48,48,0,00001fc,00,2,2,3,955cd48152199f7e,0,0,2,3dd6b265fb7c7520,3,1,c63991d0017cda2f,0000000000000000,0000000000000000,0,0
49,49,0,0000200,00,2,2,3,06c0437fc185122b,0,0,2,759fb167b3357622,3,1,1bd759d4dc92577a,0000000000000000,0000000000000000,0,0
50,50,0,0000204,00,2,2,3,884bce2a4f0e85d5,0,0,2,f8ca3fec3e60f8a9,3,1,955cd48152199f7e,0000000000000000,0000000000000000,0,0
51,51,0,0000208,00,2,2,3,21f96c82e6bc0880,0,0,2,6f34ac70a99e6b35,3,1,06c0437fc185122b,0000000000000000,0000000000000000,0,0
52,52,0,000020c,00,2,2,3,af72e1d76837aa28,0,0,2,e26122fb24cbe5be,3,1,884bce2a4f0e85d5,0000000000000000,0000000000000000,0,0
53,53,0,0000210,00,2,2,3,3cee7629fbab277d,0,0,2,40c98b4986634c0c,3,1,21f96c82e6bc0880,0000000000000000,0000000000000000,0,0
54,54,0,0000214,00,2,2,3,b265fb7c7520b083,0,0,2,cd9c05c20b36c287,3,1,af72e1d76837aa28,0000000000000000,0000000000000000,0,0
55,55,0,0000218,00,2,2,3,b167b33576223dd6,0,0,2,5a62965e9cc8511b,3,1,3cee7629fbab277d,0000000000000000,0000000000000000,0,0
56,56,0,000021c,00,2,2,3,3fec3e60f8a9759f,0,0,2,d73718d5119ddf90,3,1,b265fb7c7520b083,0000000000000000,0000000000000000,0,0
57,57,0,0000220,00,2,2,3,ac70a99e6b35f8ca,0,0,2,1f33c53bd999027e,3,1,b167b33576223dd6,0000000000000000,0000000000000000,0,0
58,58,0,0000224,00,2,2,3,22fb24cbe5be6f34,0,0,2,92664bb054cc8cf5,3,1,3fec3e60f8a9759f,0000000000000000,0000000000000000,0,0
59,59,0,0000228,00,2,2,3,8b4986634c0ce261,0,0,2,0598d82cc3321f69,3,1,ac70a99e6b35f8ca,0000000000000000,0000000000000000,0,0
60,60,0,000022c,00,2,2,3,05c20b36c28740c9,0,0,2,88cd56a74e6791e2,3,1,22fb24cbe5be6f34,0000000000000000,0000000000000000,0,0
61,61,0,0000230,00,2,2,3,965e9cc8511bcd9c,0,0,2,2a65ff15eccf3850,3,1,8b4986634c0ce261,0000000000000000,0000000000000000,0,0
62,62,0,0000234,00,2,2,3,18d5119ddf905a62,0,0,2,a730719e619ab6db,3,1,05c20b36c28740c9,0000000000000000,0000000000000000,0,0
63,63,0,0000238,00,2,2,3,c53bd999027ed737,0,0,2,30cee202f6642547,3,1,965e9cc8511bcd9c,0000000000000000,0000000000000000,0,0
64,64,0,000023c,00,2,2,3,4bb054cc8cf51f33,0,0,2,bd9b6c897b31abcc,3,1,18d5119ddf905a62,0000000000000000,0000000000000000,0,0
65,65,0,0000240,00,2,2,3,d82cc3321f699266,0,0,2,a0c759df666d9e9a,3,1,c53bd999027ed737,0000000000000000,0000000000000000,0,0
66,66,0,0000244,00,2,2,3,56a74e6791e20598,0,0,2,2d92d754eb381011,3,1,4bb054cc8cf51f33,0000000000000000,0000000000000000,0,0
67,67,0,0000248,00,2,2,3,ff15eccf385088cd,0,0,2,ba6c44c87cc6838d,3,1,d82cc3321f699266,0000000000000000,0000000000000000,0,0
68,68,0,000024c,00,2,2,3,719e619ab6db2a65,0,0,2,3739ca43f1930d06,3,1,56a74e6791e20598,0000000000000000,0000000000000000,0,0
69,69,0,0000250,00,2,2,3,e202f6642547a730,0,0,2,959163f1533ba4b4,3,1,ff15eccf385088cd,0000000000000000,0000000000000000,0,0
70,70,0,0000254,00,2,2,3,6c897b31abcc30ce,0,0,2,18c4ed7ade6e2a3f,3,1,719e619ab6db2a65,0000000000000000,0000000000000000,0,0
71,71,0,0000258,00,2,2,3,59df666d9e9abd9b,0,0,2,8f3a7ee64990b9a3,3,1,e202f6642547a730,0000000000000000,0000000000000000,0,0
72,72,0,000025c,00,2,2,3,d754eb381011a0c7,0,0,2,026ff06dc4c53728,3,1,6c897b31abcc30ce,0000000000000000,0000000000000000,0,0
73,73,0,0000260,00,2,2,3,44c87cc6838d2d92,0,0,2,ca6b2d830cc1eac6,3,1,59df666d9e9abd9b,0000000000000000,0000000000000000,0,0
74,74,0,0000264,00,2,2,3,ca43f1930d06ba6c,0,0,2,473ea3088194644d,3,1,d754eb381011a0c7,0000000000000000,0000000000000000,0,0
75,75,0,0000268,00,2,2,3,63f1533ba4b43739,0,0,2,d0c03094166af7d1,3,1,44c87cc6838d2d92,0000000000000000,0000000000000000,0,0
76,76,0,000026c,00,2,2,3,ed7ade6e2a3f9591,0,0,2,5d95be1f9b3f795a,3,1,ca43f1930d06ba6c,0000000000000000,0000000000000000,0,0
77,77,0,0000270,00,2,2,3,7ee64990b9a318c4,0,0,2,ff3d17ad3997d0e8,3,1,63f1533ba4b43739,0000000000000000,0000000000000000,0,0
78,78,0,0000274,00,2,2,3,f06dc4c537288f3a,0,0,2,72689926b4c25e63,3,1,ed7ade6e2a3f9591,0000000000000000,0000000000000000,0,0
79,79,0,0000278,00,2,2,3,2d830cc1eac6026f,0,0,2,e5960aba233ccdff,3,1,7ee64990b9a318c4,0000000000000000,0000000000000000,0,0
80,80,0,000027c,00,2,2,3,a3088194644dca6b,0,0,2,68c38431ae694374,3,1,f06dc4c537288f3a,0000000000000000,0000000000000000,0,0
81,81,0,0000280,00,2,2,3,3094166af7d1473e,0,0,2,df2e60161984a753,3,1,2d830cc1eac6026f,0000000000000000,0000000000000000,0,0
82,82,0,0000284,00,2,2,3,be1f9b3f795ad0c0,0,0,2,527bee9d94d129d8,3,1,a3088194644dca6b,0000000000000000,0000000000000000,0,0
83,83,0,0000288,00,2,2,3,17ad3997d0e85d95,0,0,2,c5857d01032fba44,3,1,3094166af7d1473e,0000000000000000,0000000000000000,0,0
84,84,0,000028c,00,2,2,3,9926b4c25e63ff3d,0,0,2,48d0f38a8e7a34cf,3,1,be1f9b3f795ad0c0,0000000000000000,0000000000000000,0,0
85,85,0,0000290,00,2,2,3,0aba233ccdff7268,0,0,2,ea785a382cd29d7d,3,1,17ad3997d0e85d95,0000000000000000,0000000000000000,0,0
86,86,0,0000294,00,2,2,3,8431ae694374e596,0,0,2,672dd4b3a18713f6,3,1,9926b4c25e63ff3d,0000000000000000,0000000000000000,0,0
87,87,0,0000298,00,2,2,3,60161984a75368c3,0,0,2,f0d3472f3679806a,3,1,0aba233ccdff7268,0000000000000000,0000000000000000,0,0
88,88,0,000029c,00,2,2,3,ee9d94d129d8df2e,0,0,2,7d86c9a4bb2c0ee1,3,1,8431ae694374e596,0000000000000000,0000000000000000,0,0
89,89,0,00002a0,00,2,2,3,7d01032fba44527b,0,0,2,b582144a7328d30f,3,1,60161984a75368c3,0000000000000000,0000000000000000,0,0
90,90,0,00002a4,00,2,2,3,f38a8e7a34cfc585,0,0,2,38d79ac1fe7d5d84,3,1,ee9d94d129d8df2e,0000000000000000,0000000000000000,0,0
91,91,0,00002a8,00,2,2,3,5a382cd29d7d48d0,0,0,2,af29095d6983ce18,3,1,7d01032fba44527b,0000000000000000,0000000000000000,0,0
92,92,0,00002ac,00,2,2,3,d4b3a18713f6ea78,0,0,2,227c87d6e4d64093,3,1,f38a8e7a34cfc585,0000000000000000,0000000000000000,0,0
93,93,0,00002b0,00,2,2,3,472f3679806a672d,0,0,2,80d42e64467ee921,3,1,5a382cd29d7d48d0,0000000000000000,0000000000000000,0,0
94,94,0,00002b4,00,2,2,3,c9a4bb2c0ee1f0d3,0,0,2,0d81a0efcb2b67aa,3,1,d4b3a18713f6ea78,0000000000000000,0000000000000000,0,0
95,95,0,00002b8,00,2,2,3,144a7328d30f7d86,0,0,2,9a7f33735cd5f436,3,1,472f3679806a672d,0000000000000000,0000000000000000,0,0
96,96,0,00002bc,00,2,2,3,9ac1fe7d5d84b582,0,0,2,172abdf8d1807abd,3,1,c9a4bb2c0ee1f0d3,0000000000000000,0000000000000000,0,0
97,97,0,00002c0,00,2,2,3,095d6983ce1838d7,0,0,2,0a7688aeccdc4feb,3,1,144a7328d30f7d86,0000000000000000,0000000000000000,0,0
98,98,0,00002c4,00,2,2,3,87d6e4d64093af29,0,0,2,872306254189c160,3,1,9ac1fe7d5d84b582,0000000000000000,0000000000000000,0,0
99,99,0,00002c8,00,2,2,3,2e64467ee921227c,0,0,2,10dd95b9d67752fc,3,1,095d6983ce1838d7,0000000000000000,0000000000000000,0,0
100,100,0,00002cc,00,2,2,3,a0efcb2b67aa80d4,0,0,2,9d881b325b22dc77,3,1,87d6e4d64093af29,0000000000000000,0000000000000000,0,0
101,101,0,00002d0,00,2,2,3,33735cd5f4360d81,0,0,2,3f20b280f98a75c5,3,1,2e64467ee921227c,0000000000000000,0000000000000000,0,0
102,102,0,00002d4,00,2,2,3,bdf8d1807abd9a7f,0,0,2,b2753c0b74dffb4e,3,1,a0efcb2b67aa80d4,0000000000000000,0000000000000000,0,0
103,103,0,00002d8,00,2,2,3,88aeccdc4feb172a,0,0,2,258baf97e32168d2,3,1,33735cd5f4360d81,0000000000000000,0000000000000000,0,0
104,104,0,00002dc,00,2,2,3,06254189c1600a76,0,0,2,a8de211c6e74e659,3,1,bdf8d1807abd9a7f,0000000000000000,0000000000000000,0,0
105,105,0,00002e0,00,2,2,3,95b9d67752fc8723,0,0,2,60dafcf2a6703bb7,3,1,88aeccdc4feb172a,0000000000000000,0000000000000000,0,0
106,106,0,00002e4,00,2,2,3,1b325b22dc7710dd,0,0,2,ed8f72792b25b53c,3,1,06254189c1600a76,0000000000000000,0000000000000000,0,0
107,107,0,00002e8,00,2,2,3,b280f98a75c59d88,0,0,2,7a71e1e5bcdb26a0,3,1,95b9d67752fc8723,0000000000000000,0000000000000000,0,0
108,108,0,00002ec,00,2,2,3,3c0b74dffb4e3f20,0,0,2,f7246f6e318ea82b,3,1,1b325b22dc7710dd,0000000000000000,0000000000000000,0,0
109,109,0,00002f0,00,2,2,3,af97e32168d2b275,0,0,2,558cc6dc93260199,3,1,b280f98a75c59d88,0000000000000000,0000000000000000,0,0
110,110,0,00002f4,00,2,2,3,211c6e74e659258b,0,0,2,d8d948571e738f12,3,1,3c0b74dffb4e3f20,0000000000000000,0000000000000000,0,0
111,111,0,00002f8,00,2,2,3,fcf2a6703bb7a8de,0,0,2,4f27dbcb898d1c8e,3,1,af97e32168d2b275,0000000000000000,0000000000000000,0,0
112,112,0,00002fc,00,2,2,3,72792b25b53c60da,0,0,2,c272554004d89205,3,1,211c6e74e659258b,0000000000000000,0000000000000000,0,0
113,113,0,0000300,00,2,2,3,e1e5bcdb26a0ed8f,0,0,2,20fc1384e656d4c1,3,1,fcf2a6703bb7a8de,0000000000000000,0000000000000000,0,0
114,114,0,0000304,00,2,2,3,6f6e318ea82b7a71,0,0,2,ada99d0f6b035a4a,3,1,72792b25b53c60da,0000000000000000,0000000000000000,0,0
115,115,0,0000308,00,2,2,3,c6dc93260199f724,0,0,2,3a570e93fcfdc9d6,3,1,e1e5bcdb26a0ed8f,0000000000000000,0000000000000000,0,0
116,116,0,000030c,00,2,2,3,48571e738f12558c,0,0,2,b702801871a8475d,3,1,6f6e318ea82b7a71,0000000000000000,0000000000000000,0,0
117,117,0,0000310,00,2,2,3,dbcb898d1c8ed8d9,0,0,2,15aa29aad300eeef,3,1,c6dc93260199f724,0000000000000000,0000000000000000,0,0
118,118,0,0000314,00,2,2,3,554004d892054f27,0,0,2,98ffa7215e556064,3,1,48571e738f12558c,0000000000000000,0000000000000000,0,0
119,119,0,0000318,00,2,2,3,1384e656d4c1c272,0,0,2,0f0134bdc9abf3f8,3,1,dbcb898d1c8ed8d9,0000000000000000,0000000000000000,0,0
120,120,0,000031c,00,2,2,3,9d0f6b035a4a20fc,0,0,2,8254ba3644fe7d73,3,1,554004d892054f27,0000000000000000,0000000000000000,0,0
121,121,0,0000320,00,2,2,3,0e93fcfdc9d6ada9,0,0,2,4a5067d88cfaa09d,3,1,1384e656d4c1c272,0000000000000000,0000000000000000,0,0
122,122,0,0000324,00,2,2,3,801871a8475d3a57,0,0,2,c705e95301af2e16,3,1,9d0f6b035a4a20fc,0000000000000000,0000000000000000,0,0
123,123,0,0000328,00,2,2,3,29aad300eeefb702,0,0,2,50fb7acf9651bd8a,3,1,0e93fcfdc9d6ada9,0000000000000000,0000000000000000,0,0
124,124,0,000032c,00,2,2,3,a7215e55606415aa,0,0,2,ddaef4441b043301,3,1,801871a8475d3a57,0000000000000000,0000000000000000,0,0
125,125,0,0000330,00,2,2,3,34bdc9abf3f898ff,0,0,2,7f065df6b9ac9ab3,3,1,29aad300eeefb702,0000000000000000,0000000000000000,0,0
126,126,0,0000334,00,2,2,3,ba3644fe7d730f01,0,0,2,f253d37d34f91438,3,1,a7215e55606415aa,0000000000000000,0000000000000000,0,0
127,127,0,0000338,00,2,2,3,67d88cfaa09d8254,0,0,2,65ad40e1a30787a4,3,1,34bdc9abf3f898ff,0000000000000000,0000000000000000,0,0
128,128,0,000033c,00,2,2,3,e95301af2e164a50,0,0,2,e8f8ce6a2e52092f,3,1,ba3644fe7d730f01,0000000000000000,0000000000000000,0,0
129,129,0,0000340,00,2,2,3,7acf9651bd8ac705,0,0,2,f5a4fb3c330e3c79,3,1,67d88cfaa09d8254,0000000000000000,0000000000000000,0,0
130,130,0,0000344,00,2,2,3,f4441b04330150fb,0,0,2,78f175b7be5bb2f2,3,1,e95301af2e164a50,0000000000000000,0000000000000000,0,0
131,131,0,0000348,00,2,2,3,5df6b9ac9ab3ddae,0,0,2,ef0fe62b29a5216e,3,1,7acf9651bd8ac705,0000000000000000,0000000000000000,0,0
132,132,0,000034c,00,2,2,3,d37d34f914387f06,0,0,2,625a68a0a4f0afe5,3,1,f4441b04330150fb,0000000000000000,0000000000000000,0,0
133,133,0,0000350,00,2,2,3,40e1a30787a4f253,0,0,2,c0f2c11206580657,3,1,5df6b9ac9ab3ddae,0000000000000000,0000000000000000,0,0
134,134,0,0000354,00,2,2,3,ce6a2e52092f65ad,0,0,2,4da74f998b0d88dc,3,1,d37d34f914387f06,0000000000000000,0000000000000000,0,0
135,135,0,0000358,00,2,2,3,fb3c330e3c79e8f8,0,0,2,da59dc051cf31b40,3,1,40e1a30787a4f253,0000000000000000,0000000000000000,0,0
136,136,0,000035c,00,2,2,3,75b7be5bb2f2f5a4,0,0,2,570c528e91a695cb,3,1,ce6a2e52092f65ad,0000000000000000,0000000000000000,0,0
137,137,0,0000360,00,2,2,3,e62b29a5216e78f1,0,0,2,9f088f6059a24825,3,1,fb3c330e3c79e8f8,0000000000000000,0000000000000000,0,0
138,138,0,0000364,00,2,2,3,68a0a4f0afe5ef0f,0,0,2,125d01ebd4f7c6ae,3,1,75b7be5bb2f2f5a4,0000000000000000,0000000000000000,0,0
139,139,0,0000368,00,2,2,3,c11206580657625a,0,0,2,85a3927743095532,3,1,e62b29a5216e78f1,0000000000000000,0000000000000000,0,0
140,140,0,000036c,00,2,2,3,4f998b0d88dcc0f2,0,0,2,08f61cfcce5cdbb9,3,1,68a0a4f0afe5ef0f,0000000000000000,0000000000000000,0,0
141,141,0,0000370,00,2,2,3,dc051cf31b404da7,0,0,2,aa5eb54e6cf4720b,3,1,c11206580657625a,0000000000000000,0000000000000000,0,0
142,142,0,0000374,00,2,2,3,528e91a695cbda59,0,0,2,270b3bc5e1a1fc80,3,1,4f998b0d88dcc0f2,0000000000000000,0000000000000000,0,0
143,143,0,0000378,00,2,2,3,8f6059a24825570c,0,0,2,b0f5a859765f6f1c,3,1,dc051cf31b404da7,0000000000000000,0000000000000000,0,0
144,144,0,000037c,00,2,2,3,01ebd4f7c6ae9f08,0,0,2,3da026d2fb0ae197,3,1,528e91a695cbda59,0000000000000000,0000000000000000,0,0
145,145,0,0000380,00,2,2,3,927743095532125d,0,0,2,8a4dc2f54ce705b0,3,1,8f6059a24825570c,0000000000000000,0000000000000000,0,0
146,146,0,0000384,00,2,2,3,1cfcce5cdbb985a3,0,0,2,07184c7ec1b28b3b,3,1,01ebd4f7c6ae9f08,0000000000000000,0000000000000000,0,0
147,147,0,0000388,00,2,2,3,b54e6cf4720b08f6,0,0,2,90e6dfe2564c18a7,3,1,927743095532125d,0000000000000000,0000000000000000,0,0
148,148,0,000038c,00,2,2,3,3bc5e1a1fc80aa5e,0,0,2,1db35169db19962c,3,1,1cfcce5cdbb985a3,0000000000000000,0000000000000000,0,0
149,149,0,0000390,00,2,2,3,a859765f6f1c270b,0,0,2,bf1bf8db79b13f9e,3,1,b54e6cf4720b08f6,0000000000000000,0000000000000000,0,0
150,150,0,0000394,00,2,2,3,26d2fb0ae197b0f5,0,0,2,324e7650f4e4b115,3,1,3bc5e1a1fc80aa5e,0000000000000000,0000000000000000,0,0
151,151,0,0000398,00,2,2,3,c2f54ce705b03da0,0,0,2,a5b0e5cc631a2289,3,1,a859765f6f1c270b,0000000000000000,0000000000000000,0,0
152,152,0,000039c,00,2,2,3,4c7ec1b28b3b8a4d,0,0,2,28e56b47ee4fac02,3,1,26d2fb0ae197b0f5,0000000000000000,0000000000000000,0,0
153,153,0,00003a0,00,2,2,3,dfe2564c18a70718,0,0,2,e0e1b6a9264b71ec,3,1,c2f54ce705b03da0,0000000000000000,0000000000000000,0,0
154,154,0,00003a4,00,2,2,3,5169db19962c90e6,0,0,2,6db43822ab1eff67,3,1,4c7ec1b28b3b8a4d,0000000000000000,0000000000000000,0,0
155,155,0,00003a8,00,2,2,3,f8db79b13f9e1db3,0,0,2,fa4aabbe3ce06cfb,3,1,dfe2564c18a70718,0000000000000000,0000000000000000,0,0
156,156,0,00003ac,00,2,2,3,7650f4e4b115bf1b,0,0,2,771f2535b1b5e270,3,1,5169db19962c90e6,0000000000000000,0000000000000000,0,0
157,157,0,00003b0,00,2,2,3,e5cc631a2289324e,0,0,2,d5b78c87131d4bc2,3,1,f8db79b13f9e1db3,0000000000000000,0000000000000000,0,0
158,158,0,00003b4,00,2,2,3,6b47ee4fac02a5b0,0,0,2,58e2020c9e48c549,3,1,7650f4e4b115bf1b,0000000000000000,0000000000000000,0,0
159,159,0,00003b8,00,2,2,3,b6a9264b71ec28e5,0,0,2,cf1c919009b656d5,3,1,e5cc631a2289324e,0000000000000000,0000000000000000,0,0
160,160,0,00003bc,00,2,2,3,3822ab1eff67e0e1,0,0,2,42491f1b84e3d85e,3,1,6b47ee4fac02a5b0,0000000000000000,0000000000000000,0,0
161,161,0,00003c0,00,2,2,3,abbe3ce06cfb6db4,0,0,2,5f152a4d99bfed08,3,1,b6a9264b71ec28e5,0000000000000000,0000000000000000,0,0
162,162,0,00003c4,00,2,2,3,2535b1b5e270fa4a,0,0,2,d240a4c614ea6383,3,1,3822ab1eff67e0e1,0000000000000000,0000000000000000,0,0
163,163,0,00003c8,00,2,2,3,8c87131d4bc2771f,0,0,2,45be375a8314f01f,3,1,abbe3ce06cfb6db4,0000000000000000,0000000000000000,0,0
164,164,0,00003cc,00,2,2,3,020c9e48c549d5b7,0,0,2,c8ebb9d10e417e94,3,1,2535b1b5e270fa4a,0000000000000000,0000000000000000,0,0
165,165,0,00003d0,00,2,2,3,919009b656d558e2,0,0,2,6a431063ace9d726,3,1,8c87131d4bc2771f,0000000000000000,0000000000000000,0,0
166,166,0,00003d4,00,2,2,3,1f1b84e3d85ecf1c,0,0,2,e7169ee821bc59ad,3,1,020c9e48c549d5b7,0000000000000000,0000000000000000,0,0
167,167,0,00003d8,00,2,2,3,2a4d99bfed084249,0,0,2,70e80d74b642ca31,3,1,919009b656d558e2,0000000000000000,0000000000000000,0,0
168,168,0,00003dc,00,2,2,3,a4c614ea63835f15,0,0,2,fdbd83ff3b1744ba,3,1,1f1b84e3d85ecf1c,0000000000000000,0000000000000000,0,0
169,169,0,00003e0,00,2,2,3,375a8314f01fd240,0,0,2,35b95e11f3139954,3,1,2a4d99bfed084249,0000000000000000,0000000000000000,0,0
170,170,0,00003e4,00,2,2,3,b9d10e417e9445be,0,0,2,b8ecd09a7e4617df,3,1,a4c614ea63835f15,0000000000000000,0000000000000000,0,0
171,171,0,00003e8,00,2,2,3,1063ace9d726c8eb,0,0,2,2f124306e9b88443,3,1,375a8314f01fd240,0000000000000000,0000000000000000,0,0
172,172,0,00003ec,00,2,2,3,9ee821bc59ad6a43,0,0,2,a247cd8d64ed0ac8,3,1,b9d10e417e9445be,0000000000000000,0000000000000000,0,0
173,173,0,00003f0,00,2,2,3,0d74b642ca31e716,0,0,2,00ef643fc645a37a,3,1,1063ace9d726c8eb,0000000000000000,0000000000000000,0,0
174,174,0,00003f4,00,2,2,3,83ff3b1744ba70e8,0,0,2,8dbaeab44b102df1,3,1,9ee821bc59ad6a43,0000000000000000,0000000000000000,0,0
175,175,0,00003f8,00,2,2,3,5e11f3139954fdbd,0,0,2,1a447928dceebe6d,3,1,0d74b642ca31e716,0000000000000000,0000000000000000,0,0
176,176,0,00003fc,00,2,2,3,d09a7e4617df35b9,0,0,2,9711f7a351bb30e6,3,1,83ff3b1744ba70e8,0000000000000000,0000000000000000,0,0
177,177,0,0000000,00,2,2,3,4306e9b88443b8ec,0,0,2,df58f4a119f233e4,3,1,5e11f3139954fdbd,0000000000000000,0000000000000000,0,0
178,178,0,0000004,00,2,2,3,cd8d64ed0ac82f12,0,0,2,520d7a2a94a7bd6f,3,1,d09a7e4617df35b9,0000000000000000,0000000000000000,0,0
179,179,0,0000008,00,2,2,3,643fc645a37aa247,0,0,2,c5f3e9b603592ef3,3,1,4306e9b88443b8ec,0000000000000000,0000000000000000,0,0
180,180,0,000000c,00,2,2,3,eab44b102df100ef,0,0,2,48a6673d8e0ca078,3,1,cd8d64ed0ac82f12,0000000000000000,0000000000000000,0,0
181,181,0,0000010,00,2,2,3,7928dceebe6d8dba,0,0,2,ea0ece8f2ca409ca,3,1,643fc645a37aa247,0000000000000000,0000000000000000,0,0
182,182,0,0000014,00,2,2,3,f7a351bb30e61a44,0,0,2,675b4004a1f18741,3,1,eab44b102df100ef,0000000000000000,0000000000000000,0,0
183,183,0,0000018,00,2,2,3,f4a119f233e49711,0,0,2,f0a5d398360f14dd,3,1,7928dceebe6d8dba,0000000000000000,0000000000000000,0,0
184,184,0,000001c,00,2,2,3,7a2a94a7bd6fdf58,0,0,2,7df05d13bb5a9a56,3,1,f7a351bb30e61a44,0000000000000000,0000000000000000,0,0
185,185,0,0000020,00,2,2,3,e9b603592ef3520d,0,0,2,b5f480fd735e47b8,3,1,f4a119f233e49711,0000000000000000,0000000000000000,0,0
186,186,0,0000024,00,2,2,3,673d8e0ca078c5f3,0,0,2,38a10e76fe0bc933,3,1,7a2a94a7bd6fdf58,0000000000000000,0000000000000000,0,0
187,187,0,0000028,00,2,2,3,ce8f2ca409ca48a6,0,0,2,af5f9dea69f55aaf,3,1,e9b603592ef3520d,0000000000000000,0000000000000000,0,0
188,188,0,000002c,00,2,2,3,4004a1f18741ea0e,0,0,2,220a1361e4a0d424,3,1,673d8e0ca078c5f3,0000000000000000,0000000000000000,0,0
189,189,0,0000030,00,2,2,3,d398360f14dd675b,0,0,2,80a2bad346087d96,3,1,ce8f2ca409ca48a6,0000000000000000,0000000000000000,0,0
190,190,0,0000034,00,2,2,3,5d13bb5a9a56f0a5,0,0,2,0df73458cb5df31d,3,1,4004a1f18741ea0e,0000000000000000,0000000000000000,0,0
191,191,0,0000038,00,2,2,3,80fd735e47b87df0,0,0,2,9a09a7c45ca36081,3,1,d398360f14dd675b,0000000000000000,0000000000000000,0,0
192,192,0,000003c,00,2,2,3,0e76fe0bc933b5f4,0,0,2,175c294fd1f6ee0a,3,1,5d13bb5a9a56f0a5,0000000000000000,0000000000000000,0,0
193,193,0,0000040,00,2,2,3,9dea69f55aaf38a1,0,0,2,0a001c19ccaadb5c,3,1,80fd735e47b87df0,0000000000000000,0000000000000000,0,0
194,194,0,0000044,00,2,2,3,1361e4a0d424af5f,0,0,2,8755929241ff55d7,3,1,0e76fe0bc933b5f4,0000000000000000,0000000000000000,0,0
195,195,0,0000048,00,2,2,3,bad346087d96220a,0,0,2,10ab010ed601c64b,3,1,9dea69f55aaf38a1,0000000000000000,0000000000000000,0,0
196,196,0,000004c,00,2,2,3,3458cb5df31d80a2,0,0,2,9dfe8f855b5448c0,3,1,1361e4a0d424af5f,0000000000000000,0000000000000000,0,0
197,197,0,0000050,00,2,2,3,a7c45ca360810df7,0,0,2,3f562637f9fce172,3,1,bad346087d96220a,0000000000000000,0000000000000000,0,0
198,198,0,0000054,00,2,2,3,294fd1f6ee0a9a09,0,0,2,b203a8bc74a96ff9,3,1,3458cb5df31d80a2,0000000000000000,0000000000000000,0,0
199,199,0,0000058,00,2,2,3,1c19ccaadb5c175c,0,0,2,25fd3b20e357fc65,3,1,a7c45ca360810df7,0000000000000000,0000000000000000,0,0
200,200,0,000005c,00,2,2,3,929241ff55d70a00,0,0,2,a8a8b5ab6e0272ee,3,1,294fd1f6ee0a9a09,0000000000000000,0000000000000000,0,0
201,201,0,0000060,00,2,2,3,010ed601c64b8755,0,0,2,60ac6845a606af00,3,1,1c19ccaadb5c175c,0000000000000000,0000000000000000,0,0
202,202,0,0000064,00,2,2,3,8f855b5448c010ab,0,0,2,edf9e6ce2b53218b,3,1,929241ff55d70a00,0000000000000000,0000000000000000,0,0
203,203,0,0000068,00,2,2,3,2637f9fce1729dfe,0,0,2,7a077552bcadb217,3,1,010ed601c64b8755,0000000000000000,0000000000000000,0,0
204,204,0,000006c,00,2,2,3,a8bc74a96ff93f56,0,0,2,f752fbd931f83c9c,3,1,8f855b5448c010ab,0000000000000000,0000000000000000,0,0
205,205,0,0000070,00,2,2,3,3b20e357fc65b203,0,0,2,55fa526b9350952e,3,1,2637f9fce1729dfe,0000000000000000,0000000000000000,0,0
206,206,0,0000074,00,2,2,3,b5ab6e0272ee25fd,0,0,2,d8afdce01e051ba5,3,1,a8bc74a96ff93f56,0000000000000000,0000000000000000,0,0
207,207,0,0000078,00,2,2,3,6845a606af00a8a8,0,0,2,4f514f7c89fb8839,3,1,3b20e357fc65b203,0000000000000000,0000000000000000,0,0
208,208,0,000007c,00,2,2,3,e6ce2b53218b60ac,0,0,2,c204c1f704ae06b2,3,1,b5ab6e0272ee25fd,0000000000000000,0000000000000000,0,0
209,209,0,0000080,00,2,2,3,7552bcadb217edf9,0,0,2,75e925d0b343e295,3,1,6845a606af00a8a8,0000000000000000,0000000000000000,0,0
210,210,0,0000084,00,2,2,3,fbd931f83c9c7a07,0,0,2,f8bcab5b3e166c1e,3,1,e6ce2b53218b60ac,0000000000000000,0000000000000000,0,0
211,211,0,0000088,00,2,2,3,526b9350952ef752,0,0,2,6f4238c7a9e8ff82,3,1,7552bcadb217edf9,0000000000000000,0000000000000000,0,0
212,212,0,000008c,00,2,2,3,dce01e051ba555fa,0,0,2,e217b64c24bd7109,3,1,fbd931f83c9c7a07,0000000000000000,0000000000000000,0,0
213,213,0,0000090,00,2,2,3,4f7c89fb8839d8af,0,0,2,40bf1ffe8615d8bb,3,1,526b9350952ef752,0000000000000000,0000000000000000,0,0
214,214,0,0000094,00,2,2,3,c1f704ae06b24f51,0,0,2,cdea91750b405630,3,1,dce01e051ba555fa,0000000000000000,0000000000000000,0,0
215,215,0,0000098,00,2,2,3,25d0b343e295c204,0,0,2,5a1402e99cbec5ac,3,1,4f7c89fb8839d8af,0000000000000000,0000000000000000,0,0
216,216,0,000009c,00,2,2,3,ab5b3e166c1e75e9,0,0,2,d7418c6211eb4b27,3,1,c1f704ae06b24f51,0000000000000000,0000000000000000,0,0
217,217,0,00000a0,00,2,2,3,38c7a9e8ff82f8bc,0,0,2,1f45518cd9ef96c9,3,1,25d0b343e295c204,0000000000000000,0000000000000000,0,0
218,218,0,00000a4,00,2,2,3,b64c24bd71096f42,0,0,2,9210df0754ba1842,3,1,ab5b3e166c1e75e9,0000000000000000,0000000000000000,0,0
219,219,0,00000a8,00,2,2,3,1ffe8615d8bbe217,0,0,2,05ee4c9bc3448bde,3,1,38c7a9e8ff82f8bc,0000000000000000,0000000000000000,0,0
220,220,0,00000ac,00,2,2,3,91750b40563040bf,0,0,2,88bbc2104e110555,3,1,b64c24bd71096f42,0000000000000000,0000000000000000,0,0
221,221,0,00000b0,00,2,2,3,02e99cbec5accdea,0,0,2,2a136ba2ecb9ace7,3,1,1ffe8615d8bbe217,0000000000000000,0000000000000000,0,0
222,222,0,00000b4,00,2,2,3,8c6211eb4b275a14,0,0,2,a746e52961ec226c,3,1,91750b40563040bf,0000000000000000,0000000000000000,0,0
223,223,0,00000b8,00,2,2,3,518cd9ef96c9d741,0,0,2,30b876b5f612b1f0,3,1,02e99cbec5accdea,0000000000000000,0000000000000000,0,0
224,224,0,00000bc,00,2,2,3,df0754ba18421f45,0,0,2,bdedf83e7b473f7b,3,1,8c6211eb4b275a14,0000000000000000,0000000000000000,0,0
225,225,0,00000c0,00,2,2,3,4c9bc3448bde9210,0,0,2,a0b1cd68661b0a2d,3,1,518cd9ef96c9d741,0000000000000000,0000000000000000,0,0
226,226,0,00000c4,00,2,2,3,c2104e11055505ee,0,0,2,2de443e3eb4e84a6,3,1,df0754ba18421f45,0000000000000000,0000000000000000,0,0
227,227,0,00000c8,00,2,2,3,6ba2ecb9ace788bb,0,0,2,ba1ad07f7cb0173a,3,1,4c9bc3448bde9210,0000000000000000,0000000000000000,0,0
228,228,0,00000cc,00,2,2,3,e52961ec226c2a13,0,0,2,374f5ef4f1e599b1,3,1,c2104e11055505ee,0000000000000000,0000000000000000,0,0
229,229,0,00000d0,00,2,2,3,76b5f612b1f0a746,0,0,2,95e7f746534d3003,3,1,6ba2ecb9ace788bb,0000000000000000,0000000000000000,0,0
230,230,0,00000d4,00,2,2,3,f83e7b473f7b30b8,0,0,2,18b279cdde18be88,3,1,e52961ec226c2a13,0000000000000000,0000000000000000,0,0
231,231,0,00000d8,00,2,2,3,cd68661b0a2dbded,0,0,2,8f4cea5149e62d14,3,1,76b5f612b1f0a746,0000000000000000,0000000000000000,0,0
232,232,0,00000dc,00,2,2,3,43e3eb4e84a6a0b1,0,0,2,021964dac4b3a39f,3,1,f83e7b473f7b30b8,0000000000000000,0000000000000000,0,0
233,233,0,00000e0,00,2,2,3,d07f7cb0173a2de4,0,0,2,ca1db9340cb77e71,3,1,cd68661b0a2dbded,0000000000000000,0000000000000000,0,0
234,234,0,00000e4,00,2,2,3,5ef4f1e599b1ba1a,0,0,2,474837bf81e2f0fa,3,1,43e3eb4e84a6a0b1,0000000000000000,0000000000000000,0,0
235,235,0,00000e8,00,2,2,3,f746534d3003374f,0,0,2,d0b6a423161c6366,3,1,d07f7cb0173a2de4,0000000000000000,0000000000000000,0,0
236,236,0,00000ec,00,2,2,3,79cdde18be8895e7,0,0,2,5de32aa89b49eded,3,1,5ef4f1e599b1ba1a,0000000000000000,0000000000000000,0,0
237,237,0,00000f0,00,2,2,3,ea5149e62d1418b2,0,0,2,ff4b831a39e1445f,3,1,f746534d3003374f,0000000000000000,0000000000000000,0,0
238,238,0,00000f4,00,2,2,3,64dac4b3a39f8f4c,0,0,2,721e0d91b4b4cad4,3,1,79cdde18be8895e7,0000000000000000,0000000000000000,0,0
239,239,0,00000f8,00,2,2,3,b9340cb77e710219,0,0,2,e5e09e0d234a5948,3,1,ea5149e62d1418b2,0000000000000000,0000000000000000,0,0
240,240,0,00000fc,00,2,2,3,37bf81e2f0faca1d,0,0,2,68b51086ae1fd7c3,3,1,64dac4b3a39f8f4c,0000000000000000,0000000000000000,0,0
241,241,0,0000100,00,2,2,3,a423161c63664748,0,0,2,8a3b56424c919107,3,1,b9340cb77e710219,0000000000000000,0000000000000000,0,0
242,242,0,0000104,00,2,2,3,2aa89b49ededd0b6,0,0,2,076ed8c9c1c41f8c,3,1,37bf81e2f0faca1d,0000000000000000,0000000000000000,0,0
243,243,0,0000108,00,2,2,3,831a39e1445f5de3,0,0,2,90904b55563a8c10,3,1,a423161c63664748,0000000000000000,0000000000000000,0,0
244,244,0,000010c,00,2,2,3,0d91b4b4cad4ff4b,0,0,2,1dc5c5dedb6f029b,3,1,2aa89b49ededd0b6,0000000000000000,0000000000000000,0,0
245,245,0,0000110,00,2,2,3,9e0d234a5948721e,0,0,2,bf6d6c6c79c7ab29,3,1,831a39e1445f5de3,0000000000000000,0000000000000000,0,0
246,246,0,0000114,00,2,2,3,1086ae1fd7c3e5e0,0,0,2,3238e2e7f49225a2,3,1,0d91b4b4cad4ff4b,0000000000000000,0000000000000000,0,0
247,247,0,0000118,00,2,2,3,56424c91910768b5,0,0,2,a5c6717b636cb63e,3,1,9e0d234a5948721e,0000000000000000,0000000000000000,0,0
248,248,0,000011c,00,2,2,3,d8c9c1c41f8c8a3b,0,0,2,2893fff0ee3938b5,3,1,1086ae1fd7c3e5e0,0000000000000000,0000000000000000,0,0
249,249,0,0000120,00,2,2,3,4b55563a8c10076e,0,0,2,e097221e263de55b,3,1,56424c91910768b5,0000000000000000,0000000000000000,0,0
250,250,0,0000124,00,2,2,3,c5dedb6f029b9090,0,0,2,6dc2ac95ab686bd0,3,1,d8c9c1c41f8c8a3b,0000000000000000,0000000000000000,0,0
251,251,0,0000128,00,2,2,3,6c6c79c7ab291dc5,0,0,2,fa3c3f093c96f84c,3,1,4b55563a8c10076e,0000000000000000,0000000000000000,0,0
252,252,0,000012c,00,2,2,3,e2e7f49225a2bf6d,0,0,2,7769b182b1c376c7,3,1,c5dedb6f029b9090,0000000000000000,0000000000000000,0,0
253,253,0,0000130,00,2,2,3,717b636cb63e3238,0,0,2,d5c11830136bdf75,3,1,6c6c79c7ab291dc5,0000000000000000,0000000000000000,0,0
254,254,0,0000134,00,2,2,3,fff0ee3938b5a5c6,0,0,2,589496bb9e3e51fe,3,1,e2e7f49225a2bf6d,0000000000000000,0000000000000000,0,0
255,255,0,0000138,00,2,2,3,221e263de55b2893,0,0,2,cf6a052709c0c262,3,1,717b636cb63e3238,0000000000000000,0000000000000000,0,0
256,256,0,000013c,00,2,2,3,ac95ab686bd0e097,0,0,2,423f8bac84954ce9,3,1,fff0ee3938b5a5c6,0000000000000000,0000000000000000,0,0
257,257,0,0000140,00,2,2,3,3f093c96f84c6dc2,0,0,2,5f63befa99c979bf,3,1,221e263de55b2893,0000000000000000,0000000000000000,0,0
258,258,0,0000144,00,2,2,3,b182b1c376c7fa3c,0,0,2,d2363071149cf734,3,1,ac95ab686bd0e097,0000000000000000,0000000000000000,0,0
259,259,0,0000148,00,2,2,3,1830136bdf757769,0,0,2,45c8a3ed836264a8,3,1,3f093c96f84c6dc2,0000000000000000,0000000000000000,0,0
260,260,0,000014c,00,2,2,3,96bb9e3e51fed5c1,0,0,2,c89d2d660e37ea23,3,1,b182b1c376c7fa3c,0000000000000000,0000000000000000,0,0
261,261,0,0000150,00,2,2,3,052709c0c2625894,0,0,2,6a3584d4ac9f4391,3,1,1830136bdf757769,0000000000000000,0000000000000000,0,0
262,262,0,0000154,00,2,2,3,8bac84954ce9cf6a,0,0,2,e7600a5f21cacd1a,3,1,96bb9e3e51fed5c1,0000000000000000,0000000000000000,0,0
263,263,0,0000158,00,2,2,3,befa99c979bf423f,0,0,2,709e99c3b6345e86,3,1,052709c0c2625894,0000000000000000,0000000000000000,0,0
264,264,0,000015c,00,2,2,3,3071149cf7345f63,0,0,2,fdcb17483b61d00d,3,1,8bac84954ce9cf6a,0000000000000000,0000000000000000,0,0
265,265,0,0000160,00,2,2,3,a3ed836264a8d236,0,0,2,35cfcaa6f3650de3,3,1,befa99c979bf423f,0000000000000000,0000000000000000,0,0
266,266,0,0000164,00,2,2,3,2d660e37ea2345c8,0,0,2,b89a442d7e308368,3,1,3071149cf7345f63,0000000000000000,0000000000000000,0,0
267,267,0,0000168,00,2,2,3,84d4ac9f4391c89d,0,0,2,2f64d7b1e9ce10f4,3,1,a3ed836264a8d236,0000000000000000,0000000000000000,0,0
268,268,0,000016c,00,2,2,3,0a5f21cacd1a6a35,0,0,2,a231593a649b9e7f,3,1,2d660e37ea2345c8,0000000000000000,0000000000000000,0,0
269,269,0,0000170,00,2,2,3,99c3b6345e86e760,0,0,2,0099f088c63337cd,3,1,84d4ac9f4391c89d,0000000000000000,0000000000000000,0,0
270,270,0,0000174,00,2,2,3,17483b61d00d709e,0,0,2,8dcc7e034b66b946,3,1,0a5f21cacd1a6a35,0000000000000000,0000000000000000,0,0
271,271,0,0000178,00,2,2,3,caa6f3650de3fdcb,0,0,2,1a32ed9fdc982ada,3,1,99c3b6345e86e760,0000000000000000,0000000000000000,0,0
272,272,0,000017c,00,2,2,3,442d7e30836835cf,0,0,2,9767631451cda451,3,1,17483b61d00d709e,0000000000000000,0000000000000000,0,0
273,273,0,0000180,00,2,2,3,d7b1e9ce10f4b89a,0,0,2,208a8733e6204076,3,1,caa6f3650de3fdcb,0000000000000000,0000000000000000,0,0
274,274,0,0000184,00,2,2,3,593a649b9e7f2f64,0,0,2,addf09b86b75cefd,3,1,442d7e30836835cf,0000000000000000,0000000000000000,0,0
275,275,0,0000188,00,2,2,3,f088c63337cda231,0,0,2,3a219a24fc8b5d61,3,1,d7b1e9ce10f4b89a,0000000000000000,0000000000000000,0,0
276,276,0,000018c,00,2,2,3,7e034b66b9460099,0,0,2,b77414af71ded3ea,3,1,593a649b9e7f2f64,0000000000000000,0000000000000000,0,0
277,277,0,0000190,00,2,2,3,ed9fdc982ada8dcc,0,0,2,15dcbd1dd3767a58,3,1,f088c63337cda231,0000000000000000,0000000000000000,0,0
278,278,0,0000194,00,2,2,3,631451cda4511a32,0,0,2,988933965e23f4d3,3,1,7e034b66b9460099,0000000000000000,0000000000000000,0,0
279,279,0,0000198,00,2,2,3,8733e62040769767,0,0,2,0f77a00ac9dd674f,3,1,ed9fdc982ada8dcc,0000000000000000,0000000000000000,0,0
280,280,0,000019c,00,2,2,3,09b86b75cefd208a,0,0,2,82222e814488e9c4,3,1,631451cda4511a32,0000000000000000,0000000000000000,0,0
281,281,0,00001a0,00,2,2,3,9a24fc8b5d61addf,0,0,2,4a26f36f8c8c342a,3,1,8733e62040769767,0000000000000000,0000000000000000,0,0
282,282,0,00001a4,00,2,2,3,14af71ded3ea3a21,0,0,2,c7737de401d9baa1,3,1,09b86b75cefd208a,0000000000000000,0000000000000000,0,0
283,283,0,00001a8,00,2,2,3,bd1dd3767a58b774,0,0,2,508dee789627293d,3,1,9a24fc8b5d61addf,0000000000000000,0000000000000000,0,0
284,284,0,00001ac,00,2,2,3,33965e23f4d315dc,0,0,2,ddd860f31b72a7b6,3,1,14af71ded3ea3a21,0000000000000000,0000000000000000,0,0
285,285,0,00001b0,00,2,2,3,a00ac9dd674f9889,0,0,2,7f70c941b9da0e04,3,1,bd1dd3767a58b774,0000000000000000,0000000000000000,0,0
286,286,0,00001b4,00,2,2,3,2e814488e9c40f77,0,0,2,f22547ca348f808f,3,1,33965e23f4d315dc,0000000000000000,0000000000000000,0,0
287,287,0,00001b8,00,2,2,3,f36f8c8c342a8222,0,0,2,65dbd456a3711313,3,1,a00ac9dd674f9889,0000000000000000,0000000000000000,0,0
288,288,0,00001bc,00,2,2,3,7de401d9baa14a26,0,0,2,e88e5add2e249d98,3,1,2e814488e9c40f77,0000000000000000,0000000000000000,0,0
289,289,0,00001c0,00,2,2,3,ee789627293dc773,0,0,2,f5d26f8b3378a8ce,3,1,f36f8c8c342a8222,0000000000000000,0000000000000000,0,0
290,290,0,00001c4,00,2,2,3,60f31b72a7b6508d,0,0,2,7887e100be2d2645,3,1,7de401d9baa14a26,0000000000000000,0000000000000000,0,0
291,291,0,00001c8,00,2,2,3,c941b9da0e04ddd8,0,0,2,ef79729c29d3b5d9,3,1,ee789627293dc773,0000000000000000,0000000000000000,0,0
292,292,0,00001cc,00,2,2,3,47ca348f808f7f70,0,0,2,622cfc17a4863b52,3,1,60f31b72a7b6508d,0000000000000000,0000000000000000,0,0
293,293,0,00001d0,00,2,2,3,d456a3711313f225,0,0,2,c08455a5062e92e0,3,1,c941b9da0e04ddd8,0000000000000000,0000000000000000,0,0
294,294,0,00001d4,00,2,2,3,5add2e249d9865db,0,0,2,4dd1db2e8b7b1c6b,3,1,47ca348f808f7f70,0000000000000000,0000000000000000,0,0
295,295,0,00001d8,00,2,2,3,6f8b3378a8cee88e,0,0,2,da2f48b21c858ff7,3,1,d456a3711313f225,0000000000000000,0000000000000000,0,0
296,296,0,00001dc,00,2,2,3,e100be2d2645f5d2,0,0,2,577ac63991d0017c,3,1,5add2e249d9865db,0000000000000000,0000000000000000,0,0
297,297,0,00001e0,00,2,2,3,729c29d3b5d97887,0,0,2,9f7e1bd759d4dc92,3,1,6f8b3378a8cee88e,0000000000000000,0000000000000000,0,0
298,298,0,00001e4,00,2,2,3,fc17a4863b52ef79,0,0,2,122b955cd4815219,3,1,e100be2d2645f5d2,0000000000000000,0000000000000000,0,0
299,299,0,00001e8,00,2,2,3,55a5062e92e0622c,0,0,2,85d506c0437fc185,3,1,729c29d3b5d97887,0000000000000000,0000000000000000,0,0
300,300,0,00001ec,00,2,2,3,db2e8b7b1c6bc084,0,0,2,0880884bce2a4f0e,3,1,fc17a4863b52ef79,0000000000000000,0000000000000000,0,0
301,301,0,00001f0,00,2,2,3,48b21c858ff74dd1,0,0,2,aa2821f96c82e6bc,3,1,55a5062e92e0622c,0000000000000000,0000000000000000,0,0
302,302,0,00001f4,00,2,2,3,c63991d0017cda2f,0,0,2,277daf72e1d76837,3,1,db2e8b7b1c6bc084,0000000000000000,0000000000000000,0,0
303,303,0,00001f8,00,2,2,3,1bd759d4dc92577a,0,0,2,b0833cee7629fbab,3,1,48b21c858ff74dd1,0000000000000000,0000000000000000,0,0
304,304,0,00001fc,00,2,2,3,955cd48152199f7e,0,0,2,3dd6b265fb7c7520,3,1,c63991d0017cda2f,0000000000000000,0000000000000000,0,0
305,305,0,0000200,00,2,2,3,06c0437fc185122b,0,0,2,759fb167b3357622,3,1,1bd759d4dc92577a,0000000000000000,0000000000000000,0,0
306,306,0,0000204,00,2,2,3,884bce2a4f0e85d5,0,0,2,f8ca3fec3e60f8a9,3,1,955cd48152199f7e,0000000000000000,0000000000000000,0,0
307,307,0,0000208,00,2,2,3,21f96c82e6bc0880,0,0,2,6f34ac70a99e6b35,3,1,06c0437fc185122b,0000000000000000,0000000000000000,0,0
308,308,0,000020c,00,2,2,3,af72e1d76837aa28,0,0,2,e26122fb24cbe5be,3,1,884bce2a4f0e85d5,0000000000000000,0000000000000000,0,0
309,309,0,0000210,00,2,2,3,3cee7629fbab277d,0,0,2,40c98b4986634c0c,3,1,21f96c82e6bc0880,0000000000000000,0000000000000000,0,0
310,310,0,0000214,00,2,2,3,b265fb7c7520b083,0,0,2,cd9c05c20b36c287,3,1,af72e1d76837aa28,0000000000000000,0000000000000000,0,0
311,311,0,0000218,00,2,2,3,b167b33576223dd6,0,0,2,5a62965e9cc8511b,3,1,3cee7629fbab277d,0000000000000000,0000000000000000,0,0
312,312,0,000021c,00,2,2,3,3fec3e60f8a9759f,0,0,2,d73718d5119ddf90,3,1,b265fb7c7520b083,0000000000000000,0000000000000000,0,0
313,313,0,0000220,00,2,2,3,ac70a99e6b35f8ca,0,0,2,1f33c53bd999027e,3,1,b167b33576223dd6,0000000000000000,0000000000000000,0,0
314,314,0,0000224,00,2,2,3,22fb24cbe5be6f34,0,0,2,92664bb054cc8cf5,3,1,3fec3e60f8a9759f,0000000000000000,0000000000000000,0,0
315,315,0,0000228,00,2,2,3,8b4986634c0ce261,0,0,2,0598d82cc3321f69,3,1,ac70a99e6b35f8ca,0000000000000000,0000000000000000,0,0
316,316,0,000022c,00,2,2,3,05c20b36c28740c9,0,0,2,88cd56a74e6791e2,3,1,22fb24cbe5be6f34,0000000000000000,0000000000000000,0,0
317,317,0,0000230,00,2,2,3,965e9cc8511bcd9c,0,0,2,2a65ff15eccf3850,3,1,8b4986634c0ce261,0000000000000000,0000000000000000,0,0
318,318,0,0000234,00,2,2,3,18d5119ddf905a62,0,0,2,a730719e619ab6db,3,1,05c20b36c28740c9,0000000000000000,0000000000000000,0,0
319,319,0,0000238,00,2,2,3,c53bd999027ed737,0,0,2,30cee202f6642547,3,1,965e9cc8511bcd9c,0000000000000000,0000000000000000,0,0
320,320,0,000023c,00,2,2,3,4bb054cc8cf51f33,0,0,2,bd9b6c897b31abcc,3,1,18d5119ddf905a62,0000000000000000,0000000000000000,0,0
321,321,0,0000240,00,2,2,3,d82cc3321f699266,0,0,2,a0c759df666d9e9a,3,1,c53bd999027ed737,0000000000000000,0000000000000000,0,0
322,322,0,0000244,00,2,2,3,56a74e6791e20598,0,0,2,2d92d754eb381011,3,1,4bb054cc8cf51f33,0000000000000000,0000000000000000,0,0
323,323,0,0000248,00,2,2,3,ff15eccf385088cd,0,0,2,ba6c44c87cc6838d,3,1,d82cc3321f699266,0000000000000000,0000000000000000,0,0
324,324,0,000024c,00,2,2,3,719e619ab6db2a65,0,0,2,3739ca43f1930d06,3,1,56a74e6791e20598,0000000000000000,0000000000000000,0,0
325,325,0,0000250,00,2,2,3,e202f6642547a730,0,0,2,959163f1533ba4b4,3,1,ff15eccf385088cd,0000000000000000,0000000000000000,0,0
326,326,0,0000254,00,2,2,3,6c897b31abcc30ce,0,0,2,18c4ed7ade6e2a3f,3,1,719e619ab6db2a65,0000000000000000,0000000000000000,0,0
327,327,0,0000258,00,2,2,3,59df666d9e9abd9b,0,0,2,8f3a7ee64990b9a3,3,1,e202f6642547a730,0000000000000000,0000000000000000,0,0
328,328,0,000025c,00,2,2,3,d754eb381011a0c7,0,0,2,026ff06dc4c53728,3,1,6c897b31abcc30ce,0000000000000000,0000000000000000,0,0
329,329,0,0000260,00,2,2,3,44c87cc6838d2d92,0,0,2,ca6b2d830cc1eac6,3,1,59df666d9e9abd9b,0000000000000000,0000000000000000,0,0
330,330,0,0000264,00,2,2,3,ca43f1930d06ba6c,0,0,2,473ea3088194644d,3,1,d754eb381011a0c7,0000000000000000,0000000000000000,0,0
331,331,0,0000268,00,2,2,3,63f1533ba4b43739,0,0,2,d0c03094166af7d1,3,1,44c87cc6838d2d92,0000000000000000,0000000000000000,0,0
332,332,0,000026c,00,2,2,3,ed7ade6e2a3f9591,0,0,2,5d95be1f9b3f795a,3,1,ca43f1930d06ba6c,0000000000000000,0000000000000000,0,0
333,333,0,0000270,00,2,2,3,7ee64990b9a318c4,0,0,2,ff3d17ad3997d0e8,3,1,63f1533ba4b43739,0000000000000000,0000000000000000,0,0
334,334,0,0000274,00,2,2,3,f06dc4c537288f3a,0,0,2,72689926b4c25e63,3,1,ed7ade6e2a3f9591,0000000000000000,0000000000000000,0,0
335,335,0,0000278,00,2,2,3,2d830cc1eac6026f,0,0,2,e5960aba233ccdff,3,1,7ee64990b9a318c4,0000000000000000,0000000000000000,0,0
336,336,0,000027c,00,2,2,3,a3088194644dca6b,0,0,2,68c38431ae694374,3,1,f06dc4c537288f3a,0000000000000000,0000000000000000,0,0
337,337,0,0000280,00,2,2,3,3094166af7d1473e,0,0,2,df2e60161984a753,3,1,2d830cc1eac6026f,0000000000000000,0000000000000000,0,0
338,338,0,0000284,00,2,2,3,be1f9b3f795ad0c0,0,0,2,527bee9d94d129d8,3,1,a3088194644dca6b,0000000000000000,0000000000000000,0,0
339,339,0,0000288,00,2,2,3,17ad3997d0e85d95,0,0,2,c5857d01032fba44,3,1,3094166af7d1473e,0000000000000000,0000000000000000,0,0
340,340,0,000028c,00,2,2,3,9926b4c25e63ff3d,0,0,2,48d0f38a8e7a34cf,3,1,be1f9b3f795ad0c0,0000000000000000,0000000000000000,0,0
341,341,0,0000290,00,2,2,3,0aba233ccdff7268,0,0,2,ea785a382cd29d7d,3,1,17ad3997d0e85d95,0000000000000000,0000000000000000,0,0
342,342,0,0000294,00,2,2,3,8431ae694374e596,0,0,2,672dd4b3a18713f6,3,1,9926b4c25e63ff3d,0000000000000000,0000000000000000,0,0
343,343,0,0000298,00,2,2,3,60161984a75368c3,0,0,2,f0d3472f3679806a,3,1,0aba233ccdff7268,0000000000000000,0000000000000000,0,0
344,344,0,000029c,00,2,2,3,ee9d94d129d8df2e,0,0,2,7d86c9a4bb2c0ee1,3,1,8431ae694374e596,0000000000000000,0000000000000000,0,0
345,345,0,00002a0,00,2,2,3,7d01032fba44527b,0,0,2,b582144a7328d30f,3,1,60161984a75368c3,0000000000000000,0000000000000000,0,0
346,346,0,00002a4,00,2,2,3,f38a8e7a34cfc585,0,0,2,38d79ac1fe7d5d84,3,1,ee9d94d129d8df2e,0000000000000000,0000000000000000,0,0
347,347,0,00002a8,00,2,2,3,5a382cd29d7d48d0,0,0,2,af29095d6983ce18,3,1,7d01032fba44527b,0000000000000000,0000000000000000,0,0
348,348,0,00002ac,00,2,2,3,d4b3a18713f6ea78,0,0,2,227c87d6e4d64093,3,1,f38a8e7a34cfc585,0000000000000000,0000000000000000,0,0
349,349,0,00002b0,00,2,2,3,472f3679806a672d,0,0,2,80d42e64467ee921,3,1,5a382cd29d7d48d0,0000000000000000,0000000000000000,0,0
350,350,0,00002b4,00,2,2,3,c9a4bb2c0ee1f0d3,0,0,2,0d81a0efcb2b67aa,3,1,d4b3a18713f6ea78,0000000000000000,0000000000000000,0,0
351,351,0,00002b8,00,2,2,3,144a7328d30f7d86,0,0,2,9a7f33735cd5f436,3,1,472f3679806a672d,0000000000000000,0000000000000000,0,0
352,352,0,00002bc,00,2,2,3,9ac1fe7d5d84b582,0,0,2,172abdf8d1807abd,3,1,c9a4bb2c0ee1f0d3,0000000000000000,0000000000000000,0,0
353,353,0,00002c0,00,2,2,3,095d6983ce1838d7,0,0,2,0a7688aeccdc4feb,3,1,144a7328d30f7d86,0000000000000000,0000000000000000,0,0
354,354,0,00002c4,00,2,2,3,87d6e4d64093af29,0,0,2,872306254189c160,3,1,9ac1fe7d5d84b582,0000000000000000,0000000000000000,0,0
355,355,0,00002c8,00,2,2,3,2e64467ee921227c,0,0,2,10dd95b9d67752fc,3,1,095d6983ce1838d7,0000000000000000,0000000000000000,0,0
356,356,0,00002cc,00,2,2,3,a0efcb2b67aa80d4,0,0,2,9d881b325b22dc77,3,1,87d6e4d64093af29,0000000000000000,0000000000000000,0,0
357,357,0,00002d0,00,2,2,3,33735cd5f4360d81,0,0,2,3f20b280f98a75c5,3,1,2e64467ee921227c,0000000000000000,0000000000000000,0,0
358,358,0,00002d4,00,2,2,3,bdf8d1807abd9a7f,0,0,2,b2753c0b74dffb4e,3,1,a0efcb2b67aa80d4,0000000000000000,0000000000000000,0,0
359,359,0,00002d8,00,2,2,3,88aeccdc4feb172a,0,0,2,258baf97e32168d2,3,1,33735cd5f4360d81,0000000000000000,0000000000000000,0,0
360,360,0,00002dc,00,2,2,3,06254189c1600a76,0,0,2,a8de211c6e74e659,3,1,bdf8d1807abd9a7f,0000000000000000,0000000000000000,0,0
361,361,0,00002e0,00,2,2,3,95b9d67752fc8723,0,0,2,60dafcf2a6703bb7,3,1,88aeccdc4feb172a,0000000000000000,0000000000000000,0,0
362,362,0,00002e4,00,2,2,3,1b325b22dc7710dd,0,0,2,ed8f72792b25b53c,3,1,06254189c1600a76,0000000000000000,0000000000000000,0,0
363,363,0,00002e8,00,2,2,3,b280f98a75c59d88,0,0,2,7a71e1e5bcdb26a0,3,1,95b9d67752fc8723,0000000000000000,0000000000000000,0,0
364,364,0,00002ec,00,2,2,3,3c0b74dffb4e3f20,0,0,2,f7246f6e318ea82b,3,1,1b325b22dc7710dd,0000000000000000,0000000000000000,0,0
365,365,0,00002f0,00,2,2,3,af97e32168d2b275,0,0,2,558cc6dc93260199,3,1,b280f98a75c59d88,0000000000000000,0000000000000000,0,0
366,366,0,00002f4,00,2,2,3,211c6e74e659258b,0,0,2,d8d948571e738f12,3,1,3c0b74dffb4e3f20,0000000000000000,0000000000000000,0,0
367,367,0,00002f8,00,2,2,3,fcf2a6703bb7a8de,0,0,2,4f27dbcb898d1c8e,3,1,af97e32168d2b275,0000000000000000,0000000000000000,0,0
368,368,0,00002fc,00,2,2,3,72792b25b53c60da,0,0,2,c272554004d89205,3,1,211c6e74e659258b,0000000000000000,0000000000000000,0,0
369,369,0,0000300,00,2,2,3,e1e5bcdb26a0ed8f,0,0,2,20fc1384e656d4c1,3,1,fcf2a6703bb7a8de,0000000000000000,0000000000000000,0,0
370,370,0,0000304,00,2,2,3,6f6e318ea82b7a71,0,0,2,ada99d0f6b035a4a,3,1,72792b25b53c60da,0000000000000000,0000000000000000,0,0
371,371,0,0000308,00,2,2,3,c6dc93260199f724,0,0,2,3a570e93fcfdc9d6,3,1,e1e5bcdb26a0ed8f,0000000000000000,0000000000000000,0,0
372,372,0,000030c,00,2,2,3,48571e738f12558c,0,0,2,b702801871a8475d,3,1,6f6e318ea82b7a71,0000000000000000,0000000000000000,0,0
373,373,0,0000310,00,2,2,3,dbcb898d1c8ed8d9,0,0,2,15aa29aad300eeef,3,1,c6dc93260199f724,0000000000000000,0000000000000000,0,0
374,374,0,0000314,00,2,2,3,554004d892054f27,0,0,2,98ffa7215e556064,3,1,48571e738f12558c,0000000000000000,0000000000000000,0,0
375,375,0,0000318,00,2,2,3,1384e656d4c1c272,0,0,2,0f0134bdc9abf3f8,3,1,dbcb898d1c8ed8d9,0000000000000000,0000000000000000,0,0
376,376,0,000031c,00,2,2,3,9d0f6b035a4a20fc,0,0,2,8254ba3644fe7d73,3,1,554004d892054f27,0000000000000000,0000000000000000,0,0
377,377,0,0000320,00,2,2,3,0e93fcfdc9d6ada9,0,0,2,4a5067d88cfaa09d,3,1,1384e656d4c1c272,0000000000000000,0000000000000000,0,0
378,378,0,0000324,00,2,2,3,801871a8475d3a57,0,0,2,c705e95301af2e16,3,1,9d0f6b035a4a20fc,0000000000000000,0000000000000000,0,0
379,379,0,0000328,00,2,2,3,29aad300eeefb702,0,0,2,50fb7acf9651bd8a,3,1,0e93fcfdc9d6ada9,0000000000000000,0000000000000000,0,0
380,380,0,000032c,00,2,2,3,a7215e55606415aa,0,0,2,ddaef4441b043301,3,1,801871a8475d3a57,0000000000000000,0000000000000000,0,0
381,381,0,0000330,00,2,2,3,34bdc9abf3f898ff,0,0,2,7f065df6b9ac9ab3,3,1,29aad300eeefb702,0000000000000000,0000000000000000,0,0
382,382,0,0000334,00,2,2,3,ba3644fe7d730f01,0,0,2,f253d37d34f91438,3,1,a7215e55606415aa,0000000000000000,0000000000000000,0,0
383,383,0,0000338,00,2,2,3,67d88cfaa09d8254,0,0,2,65ad40e1a30787a4,3,1,34bdc9abf3f898ff,0000000000000000,0000000000000000,0,0
384,384,0,000033c,00,2,2,3,e95301af2e164a50,0,0,2,e8f8ce6a2e52092f,3,1,ba3644fe7d730f01,0000000000000000,0000000000000000,0,0
385,385,0,0000340,00,2,2,3,7acf9651bd8ac705,0,0,2,f5a4fb3c330e3c79,3,1,67d88cfaa09d8254,0000000000000000,0000000000000000,0,0
386,386,0,0000344,00,2,2,3,f4441b04330150fb,0,0,2,78f175b7be5bb2f2,3,1,e95301af2e164a50,0000000000000000,0000000000000000,0,0
387,387,0,0000348,00,2,2,3,5df6b9ac9ab3ddae,0,0,2,ef0fe62b29a5216e,3,1,7acf9651bd8ac705,0000000000000000,0000000000000000,0,0
388,388,0,000034c,00,2,2,3,d37d34f914387f06,0,0,2,625a68a0a4f0afe5,3,1,f4441b04330150fb,0000000000000000,0000000000000000,0,0
389,389,0,0000350,00,2,2,3,40e1a30787a4f253,0,0,2,c0f2c11206580657,3,1,5df6b9ac9ab3ddae,0000000000000000,0000000000000000,0,0
390,390,0,0000354,00,2,2,3,ce6a2e52092f65ad,0,0,2,4da74f998b0d88dc,3,1,d37d34f914387f06,0000000000000000,0000000000000000,0,0
391,391,0,0000358,00,2,2,3,fb3c330e3c79e8f8,0,0,2,da59dc051cf31b40,3,1,40e1a30787a4f253,0000000000000000,0000000000000000,0,0
392,392,0,000035c,00,2,2,3,75b7be5bb2f2f5a4,0,0,2,570c528e91a695cb,3,1,ce6a2e52092f65ad,0000000000000000,0000000000000000,0,0
393,393,0,0000360,00,2,2,3,e62b29a5216e78f1,0,0,2,9f088f6059a24825,3,1,fb3c330e3c79e8f8,0000000000000000,0000000000000000,0,0
394,394,0,0000364,00,2,2,3,68a0a4f0afe5ef0f,0,0,2,125d01ebd4f7c6ae,3,1,75b7be5bb2f2f5a4,0000000000000000,0000000000000000,0,0
395,395,0,0000368,00,2,2,3,c11206580657625a,0,0,2,85a3927743095532,3,1,e62b29a5216e78f1,0000000000000000,0000000000000000,0,0
396,396,0,000036c,00,2,2,3,4f998b0d88dcc0f2,0,0,2,08f61cfcce5cdbb9,3,1,68a0a4f0afe5ef0f,0000000000000000,0000000000000000,0,0
397,397,0,0000370,00,2,2,3,dc051cf31b404da7,0,0,2,aa5eb54e6cf4720b,3,1,c11206580657625a,0000000000000000,0000000000000000,0,0
398,398,0,0000374,00,2,2,3,528e91a695cbda59,0,0,2,270b3bc5e1a1fc80,3,1,4f998b0d88dcc0f2,0000000000000000,0000000000000000,0,0
399,399,0,0000378,00,2,2,3,8f6059a24825570c,0,0,2,b0f5a859765f6f1c,3,1,dc051cf31b404da7,0000000000000000,0000000000000000,0,0
400,400,0,000037c,00,2,2,3,01ebd4f7c6ae9f08,0,0,2,3da026d2fb0ae197,3,1,528e91a695cbda59,0000000000000000,0000000000000000,0,0
401,401,0,0000380,00,2,2,3,927743095532125d,0,0,2,8a4dc2f54ce705b0,3,1,8f6059a24825570c,0000000000000000,0000000000000000,0,0
402,402,0,0000384,00,2,2,3,1cfcce5cdbb985a3,0,0,2,07184c7ec1b28b3b,3,1,01ebd4f7c6ae9f08,0000000000000000,0000000000000000,0,0
403,403,0,0000388,00,2,2,3,b54e6cf4720b08f6,0,0,2,90e6dfe2564c18a7,3,1,927743095532125d,0000000000000000,0000000000000000,0,0
404,404,0,000038c,00,2,2,3,3bc5e1a1fc80aa5e,0,0,2,1db35169db19962c,3,1,1cfcce5cdbb985a3,0000000000000000,0000000000000000,0,0
405,405,0,0000390,00,2,2,3,a859765f6f1c270b,0,0,2,bf1bf8db79b13f9e,3,1,b54e6cf4720b08f6,0000000000000000,0000000000000000,0,0
406,406,0,0000394,00,2,2,3,26d2fb0ae197b0f5,0,0,2,324e7650f4e4b115,3,1,3bc5e1a1fc80aa5e,0000000000000000,0000000000000000,0,0
407,407,0,0000398,00,2,2,3,c2f54ce705b03da0,0,0,2,a5b0e5cc631a2289,3,1,a859765f6f1c270b,0000000000000000,0000000000000000,0,0
408,408,0,000039c,00,2,2,3,4c7ec1b28b3b8a4d,0,0,2,28e56b47ee4fac02,3,1,26d2fb0ae197b0f5,0000000000000000,0000000000000000,0,0
409,409,0,00003a0,00,2,2,3,dfe2564c18a70718,0,0,2,e0e1b6a9264b71ec,3,1,c2f54ce705b03da0,0000000000000000,0000000000000000,0,0
410,410,0,00003a4,00,2,2,3,5169db19962c90e6,0,0,2,6db43822ab1eff67,3,1,4c7ec1b28b3b8a4d,0000000000000000,0000000000000000,0,0
411,411,0,00003a8,00,2,2,3,f8db79b13f9e1db3,0,0,2,fa4aabbe3ce06cfb,3,1,dfe2564c18a70718,0000000000000000,0000000000000000,0,0
412,412,0,00003ac,00,2,2,3,7650f4e4b115bf1b,0,0,2,771f2535b1b5e270,3,1,5169db19962c90e6,0000000000000000,0000000000000000,0,0
413,413,0,00003b0,00,2,2,3,e5cc631a2289324e,0,0,2,d5b78c87131d4bc2,3,1,f8db79b13f9e1db3,0000000000000000,0000000000000000,0,0
414,414,0,00003b4,00,2,2,3,6b47ee4fac02a5b0,0,0,2,58e2020c9e48c549,3,1,7650f4e4b115bf1b,0000000000000000,0000000000000000,0,0
415,415,0,00003b8,00,2,2,3,b6a9264b71ec28e5,0,0,2,cf1c919009b656d5,3,1,e5cc631a2289324e,0000000000000000,0000000000000000,0,0
416,416,0,00003bc,00,2,2,3,3822ab1eff67e0e1,0,0,2,42491f1b84e3d85e,3,1,6b47ee4fac02a5b0,0000000000000000,0000000000000000,0,0
417,417,0,00003c0,00,2,2,3,abbe3ce06cfb6db4,0,0,2,5f152a4d99bfed08,3,1,b6a9264b71ec28e5,0000000000000000,0000000000000000,0,0
418,418,0,00003c4,00,2,2,3,2535b1b5e270fa4a,0,0,2,d240a4c614ea6383,3,1,3822ab1eff67e0e1,0000000000000000,0000000000000000,0,0
419,419,0,00003c8,00,2,2,3,8c87131d4bc2771f,0,0,2,45be375a8314f01f,3,1,abbe3ce06cfb6db4,0000000000000000,0000000000000000,0,0
420,420,0,00003cc,00,2,2,3,020c9e48c549d5b7,0,0,2,c8ebb9d10e417e94,3,1,2535b1b5e270fa4a,0000000000000000,0000000000000000,0,0
421,421,0,00003d0,00,2,2,3,919009b656d558e2,0,0,2,6a431063ace9d726,3,1,8c87131d4bc2771f,0000000000000000,0000000000000000,0,0
422,422,0,00003d4,00,2,2,3,1f1b84e3d85ecf1c,0,0,2,e7169ee821bc59ad,3,1,020c9e48c549d5b7,0000000000000000,0000000000000000,0,0
423,423,0,00003d8,00,2,2,3,2a4d99bfed084249,0,0,2,70e80d74b642ca31,3,1,919009b656d558e2,0000000000000000,0000000000000000,0,0
424,424,0,00003dc,00,2,2,3,a4c614ea63835f15,0,0,2,fdbd83ff3b1744ba,3,1,1f1b84e3d85ecf1c,0000000000000000,0000000000000000,0,0
425,425,0,00003e0,00,2,2,3,375a8314f01fd240,0,0,2,35b95e11f3139954,3,1,2a4d99bfed084249,0000000000000000,0000000000000000,0,0
426,426,0,00003e4,00,2,2,3,b9d10e417e9445be,0,0,2,b8ecd09a7e4617df,3,1,a4c614ea63835f15,0000000000000000,0000000000000000,0,0
427,427,0,00003e8,00,2,2,3,1063ace9d726c8eb,0,0,2,2f124306e9b88443,3,1,375a8314f01fd240,0000000000000000,0000000000000000,0,0
428,428,0,00003ec,00,2,2,3,9ee821bc59ad6a43,0,0,2,a247cd8d64ed0ac8,3,1,b9d10e417e9445be,0000000000000000,0000000000000000,0,0
429,429,0,00003f0,00,2,2,3,0d74b642ca31e716,0,0,2,00ef643fc645a37a,3,1,1063ace9d726c8eb,0000000000000000,0000000000000000,0,0
430,430,0,00003f4,00,2,2,3,83ff3b1744ba70e8,0,0,2,8dbaeab44b102df1,3,1,9ee821bc59ad6a43,0000000000000000,0000000000000000,0,0
431,431,0,00003f8,00,2,2,3,5e11f3139954fdbd,0,0,2,1a447928dceebe6d,3,1,0d74b642ca31e716,0000000000000000,0000000000000000,0,0
432,432,0,00003fc,00,2,2,3,d09a7e4617df35b9,0,0,2,9711f7a351bb30e6,3,1,83ff3b1744ba70e8,0000000000000000,0000000000000000,0,0
433,433,0,0000000,00,2,2,3,4306e9b88443b8ec,0,0,2,df58f4a119f233e4,3,1,5e11f3139954fdbd,0000000000000000,0000000000000000,0,0
434,434,0,0000004,00,2,2,3,cd8d64ed0ac82f12,0,0,2,520d7a2a94a7bd6f,3,1,d09a7e4617df35b9,0000000000000000,0000000000000000,0,0
435,435,0,0000008,00,2,2,3,643fc645a37aa247,0,0,2,c5f3e9b603592ef3,3,1,4306e9b88443b8ec,0000000000000000,0000000000000000,0,0
436,436,0,000000c,00,2,2,3,eab44b102df100ef,0,0,2,48a6673d8e0ca078,3,1,cd8d64ed0ac82f12,0000000000000000,0000000000000000,0,0
437,437,0,0000010,00,2,2,3,7928dceebe6d8dba,0,0,2,ea0ece8f2ca409ca,3,1,643fc645a37aa247,0000000000000000,0000000000000000,0,0
438,438,0,0000014,00,2,2,3,f7a351bb30e61a44,0,0,2,675b4004a1f18741,3,1,eab44b102df100ef,0000000000000000,0000000000000000,0,0
439,439,0,0000018,00,2,2,3,f4a119f233e49711,0,0,2,f0a5d398360f14dd,3,1,7928dceebe6d8dba,0000000000000000,0000000000000000,0,0
440,440,0,000001c,00,2,2,3,7a2a94a7bd6fdf58,0,0,2,7df05d13bb5a9a56,3,1,f7a351bb30e61a44,0000000000000000,0000000000000000,0,0
441,441,0,0000020,00,2,2,3,e9b603592ef3520d,0,0,2,b5f480fd735e47b8,3,1,f4a119f233e49711,0000000000000000,0000000000000000,0,0
442,442,0,0000024,00,2,2,3,673d8e0ca078c5f3,0,0,2,38a10e76fe0bc933,3,1,7a2a94a7bd6fdf58,0000000000000000,0000000000000000,0,0
443,443,0,0000028,00,2,2,3,ce8f2ca409ca48a6,0,0,2,af5f9dea69f55aaf,3,1,e9b603592ef3520d,0000000000000000,0000000000000000,0,0
444,444,0,000002c,00,2,2,3,4004a1f18741ea0e,0,0,2,220a1361e4a0d424,3,1,673d8e0ca078c5f3,0000000000000000,0000000000000000,0,0
445,445,0,0000030,00,2,2,3,d398360f14dd675b,0,0,2,80a2bad346087d96,3,1,ce8f2ca409ca48a6,0000000000000000,0000000000000000,0,0
446,446,0,0000034,00,2,2,3,5d13bb5a9a56f0a5,0,0,2,0df73458cb5df31d,3,1,4004a1f18741ea0e,0000000000000000,0000000000000000,0,0
447,447,0,0000038,00,2,2,3,80fd735e47b87df0,0,0,2,9a09a7c45ca36081,3,1,d398360f14dd675b,0000000000000000,0000000000000000,0,0
448,448,0,000003c,00,2,2,3,0e76fe0bc933b5f4,0,0,2,175c294fd1f6ee0a,3,1,5d13bb5a9a56f0a5,0000000000000000,0000000000000000,0,0
449,449,0,0000040,00,2,2,3,9dea69f55aaf38a1,0,0,2,0a001c19ccaadb5c,3,1,80fd735e47b87df0,0000000000000000,0000000000000000,0,0
450,450,0,0000044,00,2,2,3,1361e4a0d424af5f,0,0,2,8755929241ff55d7,3,1,0e76fe0bc933b5f4,0000000000000000,0000000000000000,0,0
451,451,0,0000048,00,2,2,3,bad346087d96220a,0,0,2,10ab010ed601c64b,3,1,9dea69f55aaf38a1,0000000000000000,0000000000000000,0,0
452,452,0,000004c,00,2,2,3,3458cb5df31d80a2,0,0,2,9dfe8f855b5448c0,3,1,1361e4a0d424af5f,0000000000000000,0000000000000000,0,0
453,453,0,0000050,00,2,2,3,a7c45ca360810df7,0,0,2,3f562637f9fce172,3,1,bad346087d96220a,0000000000000000,0000000000000000,0,0
454,454,0,0000054,00,2,2,3,294fd1f6ee0a9a09,0,0,2,b203a8bc74a96ff9,3,1,3458cb5df31d80a2,0000000000000000,0000000000000000,0,0
455,455,0,0000058,00,2,2,3,1c19ccaadb5c175c,0,0,2,25fd3b20e357fc65,3,1,a7c45ca360810df7,0000000000000000,0000000000000000,0,0
456,456,0,000005c,00,2,2,3,929241ff55d70a00,0,0,2,a8a8b5ab6e0272ee,3,1,294fd1f6ee0a9a09,0000000000000000,0000000000000000,0,0
457,457,0,0000060,00,2,2,3,010ed601c64b8755,0,0,2,60ac6845a606af00,3,1,1c19ccaadb5c175c,0000000000000000,0000000000000000,0,0
458,458,0,0000064,00,2,2,3,8f855b5448c010ab,0,0,2,edf9e6ce2b53218b,3,1,929241ff55d70a00,0000000000000000,0000000000000000,0,0
459,459,0,0000068,00,2,2,3,2637f9fce1729dfe,0,0,2,7a077552bcadb217,3,1,010ed601c64b8755,0000000000000000,0000000000000000,0,0
460,460,0,000006c,00,2,2,3,a8bc74a96ff93f56,0,0,2,f752fbd931f83c9c,3,1,8f855b5448c010ab,0000000000000000,0000000000000000,0,0
461,461,0,0000070,00,2,2,3,3b20e357fc65b203,0,0,2,55fa526b9350952e,3,1,2637f9fce1729dfe,0000000000000000,0000000000000000,0,0
462,462,0,0000074,00,2,2,3,b5ab6e0272ee25fd,0,0,2,d8afdce01e051ba5,3,1,a8bc74a96ff93f56,0000000000000000,0000000000000000,0,0
463,463,0,0000078,00,2,2,3,6845a606af00a8a8,0,0,2,4f514f7c89fb8839,3,1,3b20e357fc65b203,0000000000000000,0000000000000000,0,0
464,464,0,000007c,00,2,2,3,e6ce2b53218b60ac,0,0,2,c204c1f704ae06b2,3,1,b5ab6e0272ee25fd,0000000000000000,0000000000000000,0,0
465,465,0,0000080,00,2,2,3,7552bcadb217edf9,0,0,2,75e925d0b343e295,3,1,6845a606af00a8a8,0000000000000000,0000000000000000,0,0
466,466,0,0000084,00,2,2,3,fbd931f83c9c7a07,0,0,2,f8bcab5b3e166c1e,3,1,e6ce2b53218b60ac,0000000000000000,0000000000000000,0,0
467,467,0,0000088,00,2,2,3,526b9350952ef752,0,0,2,6f4238c7a9e8ff82,3,1,7552bcadb217edf9,0000000000000000,0000000000000000,0,0
468,468,0,000008c,00,2,2,3,dce01e051ba555fa,0,0,2,e217b64c24bd7109,3,1,fbd931f83c9c7a07,0000000000000000,0000000000000000,0,0
469,469,0,0000090,00,2,2,3,4f7c89fb8839d8af,0,0,2,40bf1ffe8615d8bb,3,1,526b9350952ef752,0000000000000000,0000000000000000,0,0
470,470,0,0000094,00,2,2,3,c1f704ae06b24f51,0,0,2,cdea91750b405630,3,1,dce01e051ba555fa,0000000000000000,0000000000000000,0,0
471,471,0,0000098,00,2,2,3,25d0b343e295c204,0,0,2,5a1402e99cbec5ac,3,1,4f7c89fb8839d8af,0000000000000000,0000000000000000,0,0
472,472,0,000009c,00,2,2,3,ab5b3e166c1e75e9,0,0,2,d7418c6211eb4b27,3,1,c1f704ae06b24f51,0000000000000000,0000000000000000,0,0
473,473,0,00000a0,00,2,2,3,38c7a9e8ff82f8bc,0,0,2,1f45518cd9ef96c9,3,1,25d0b343e295c204,0000000000000000,0000000000000000,0,0
474,474,0,00000a4,00,2,2,3,b64c24bd71096f42,0,0,2,9210df0754ba1842,3,1,ab5b3e166c1e75e9,0000000000000000,0000000000000000,0,0
475,475,0,00000a8,00,2,2,3,1ffe8615d8bbe217,0,0,2,05ee4c9bc3448bde,3,1,38c7a9e8ff82f8bc,0000000000000000,0000000000000000,0,0
476,476,0,00000ac,00,2,2,3,91750b40563040bf,0,0,2,88bbc2104e110555,3,1,b64c24bd71096f42,0000000000000000,0000000000000000,0,0
477,477,0,00000b0,00,2,2,3,02e99cbec5accdea,0,0,2,2a136ba2ecb9ace7,3,1,1ffe8615d8bbe217,0000000000000000,0000000000000000,0,0
478,478,0,00000b4,00,2,2,3,8c6211eb4b275a14,0,0,2,a746e52961ec226c,3,1,91750b40563040bf,0000000000000000,0000000000000000,0,0
479,479,0,00000b8,00,2,2,3,518cd9ef96c9d741,0,0,2,30b876b5f612b1f0,3,1,02e99cbec5accdea,0000000000000000,0000000000000000,0,0
480,480,0,00000bc,00,2,2,3,df0754ba18421f45,0,0,2,bdedf83e7b473f7b,3,1,8c6211eb4b275a14,0000000000000000,0000000000000000,0,0
481,481,0,00000c0,00,2,2,3,4c9bc3448bde9210,0,0,2,a0b1cd68661b0a2d,3,1,518cd9ef96c9d741,0000000000000000,0000000000000000,0,0
482,482,0,00000c4,00,2,2,3,c2104e11055505ee,0,0,2,2de443e3eb4e84a6,3,1,df0754ba18421f45,0000000000000000,0000000000000000,0,0
483,483,0,00000c8,00,2,2,3,6ba2ecb9ace788bb,0,0,2,ba1ad07f7cb0173a,3,1,4c9bc3448bde9210,0000000000000000,0000000000000000,0,0
484,484,0,00000cc,00,2,2,3,e52961ec226c2a13,0,0,2,374f5ef4f1e599b1,3,1,c2104e11055505ee,0000000000000000,0000000000000000,0,0
485,485,0,00000d0,00,2,2,3,76b5f612b1f0a746,0,0,2,95e7f746534d3003,3,1,6ba2ecb9ace788bb,0000000000000000,0000000000000000,0,0
486,486,0,00000d4,00,2,2,3,f83e7b473f7b30b8,0,0,2,18b279cdde18be88,3,1,e52961ec226c2a13,0000000000000000,0000000000000000,0,0
487,487,0,00000d8,00,2,2,3,cd68661b0a2dbded,0,0,2,8f4cea5149e62d14,3,1,76b5f612b1f0a746,0000000000000000,0000000000000000,0,0
488,488,0,00000dc,00,2,2,3,43e3eb4e84a6a0b1,0,0,2,021964dac4b3a39f,3,1,f83e7b473f7b30b8,0000000000000000,0000000000000000,0,0
489,489,0,00000e0,00,2,2,3,d07f7cb0173a2de4,0,0,2,ca1db9340cb77e71,3,1,cd68661b0a2dbded,0000000000000000,0000000000000000,0,0
490,490,0,00000e4,00,2,2,3,5ef4f1e599b1ba1a,0,0,2,474837bf81e2f0fa,3,1,43e3eb4e84a6a0b1,0000000000000000,0000000000000000,0,0
491,491,0,00000e8,00,2,2,3,f746534d3003374f,0,0,2,d0b6a423161c6366,3,1,d07f7cb0173a2de4,0000000000000000,0000000000000000,0,0
492,492,0,00000ec,00,2,2,3,79cdde18be8895e7,0,0,2,5de32aa89b49eded,3,1,5ef4f1e599b1ba1a,0000000000000000,0000000000000000,0,0
493,493,0,00000f0,00,2,2,3,ea5149e62d1418b2,0,0,2,ff4b831a39e1445f,3,1,f746534d3003374f,0000000000000000,0000000000000000,0,0
494,494,0,00000f4,00,2,2,3,64dac4b3a39f8f4c,0,0,2,721e0d91b4b4cad4,3,1,79cdde18be8895e7,0000000000000000,0000000000000000,0,0
495,495,0,00000f8,00,2,2,3,b9340cb77e710219,0,0,2,e5e09e0d234a5948,3,1,ea5149e62d1418b2,0000000000000000,0000000000000000,0,0
496,496,0,00000fc,00,2,2,3,37bf81e2f0faca1d,0,0,2,68b51086ae1fd7c3,3,1,64dac4b3a39f8f4c,0000000000000000,0000000000000000,0,0
497,497,0,0000100,00,2,2,3,a423161c63664748,0,0,2,8a3b56424c919107,3,1,b9340cb77e710219,0000000000000000,0000000000000000,0,0
498,498,0,0000104,00,2,2,3,2aa89b49ededd0b6,0,0,2,076ed8c9c1c41f8c,3,1,37bf81e2f0faca1d,0000000000000000,0000000000000000,0,0
499,499,0,0000108,00,2,2,3,831a39e1445f5de3,0,0,2,90904b55563a8c10,3,1,a423161c63664748,0000000000000000,0000000000000000,0,0
500,500,0,000010c,00,2,2,3,0d91b4b4cad4ff4b,0,0,2,1dc5c5dedb6f029b,3,1,2aa89b49ededd0b6,0000000000000000,0000000000000000,0,0
501,501,0,0000110,00,2,2,3,9e0d234a5948721e,0,0,2,bf6d6c6c79c7ab29,3,1,831a39e1445f5de3,0000000000000000,0000000000000000,0,0
502,502,0,0000114,00,2,2,3,1086ae1fd7c3e5e0,0,0,2,3238e2e7f49225a2,3,1,0d91b4b4cad4ff4b,0000000000000000,0000000000000000,0,0
503,503,0,0000118,00,2,2,3,56424c91910768b5,0,0,2,a5c6717b636cb63e,3,1,9e0d234a5948721e,0000000000000000,0000000000000000,0,0
504,504,0,000011c,00,2,2,3,d8c9c1c41f8c8a3b,0,0,2,2893fff0ee3938b5,3,1,1086ae1fd7c3e5e0,0000000000000000,0000000000000000,0,0
505,505,0,0000000,00,3,3,3,4b55563a8c10076e,0,0,3,1f45518cd9ef96c9,0,1,56424c91910768b5,0000000000000000,0000000000000000,0,0
506,506,0,0000000,00,3,3,3,c5dedb6f029b9090,0,0,3,1f45518cd9ef96c9,0,1,d8c9c1c41f8c8a3b,0000000000000000,0000000000000000,0,0
507,507,0,0000000,00,3,3,3,6c6c79c7ab291dc5,0,0,3,1f45518cd9ef96c9,0,1,4b55563a8c10076e,0000000000000000,0000000000000000,0,0
508,508,0,0000000,00,3,3,3,e2e7f49225a2bf6d,0,0,3,1f45518cd9ef96c9,0,1,c5dedb6f029b9090,0000000000000000,0000000000000000,0,0
509,509,0,0000000,00,3,3,3,717b636cb63e3238,0,0,3,1f45518cd9ef96c9,0,1,6c6c79c7ab291dc5,0000000000000000,0000000000000000,0,0
510,510,0,0000000,00,3,2,2,fff0ee3938b5a5c6,0,0,2,1f45518cd9ef96c9,0,1,e2e7f49225a2bf6d,0000000000000000,0000000000000000,0,0
511,511,0,0000000,00,3,3,3,518cd9ef96c92893,0,0,3,1f45518cd9ef96c9,0,1,717b636cb63e3238,0000000000000000,0000000000000000,0,0
512,512,0,0000000,00,3,3,3,0000000000005000,0,0,3,1f45518cd9ef96c9,0,1,fff0ee3938b5a5c6,0000000000000000,0000000000000000,0,0
513,513,0,0000000,00,3,3,3,0000000000000000,0,0,3,1f45518cd9ef96c9,0,1,518cd9ef96c92893,0000000000000000,0000000000000000,0,0
514,514,0,0000000,00,2,2,2,0000000000000000,0,0,3,1f45518cd9ef96c9,0,1,0000000000005000,0000000000000000,0000000000000000,0,0
515,515,0,0000000,00,3,3,3,0000000000000000,0,0,3,1f45518cd9ef96c9,0,1,0000000000000000,0000000000000000,0000000000000000,0,0
516,516,0,0000000,00,3,3,3,0000000000000000,0,0,3,1f45518cd9ef96c9,0,1,0000000000000000,0000000000000000,0000000000000000,0,0
517,517,0,0000000,00,3,3,3,0000000000000000,0,0,3,1f45518cd9ef96c9,0,1,0000000000000000,0000000000000000,0000000000000000,0,0
518,518,0,0000000,00,3,3,3,0000000000000000,0,0,3,1f45518cd9ef96c9,0,1,0000000000000000,0000000000000000,0000000000000000,0,0
519,519,0,0000000,00,3,3,3,0000000000000000,0,0,3,1f45518cd9ef96c9,0,1,0000000000000000,0000000000000000,0000000000000000,0,0
520,520,0,0000000,00,3,3,3,0000000000000000,0,0,3,1f45518cd9ef96c9,0,1,0000000000000000,0000000000000000,0000000000000000,0,0
521,521,0,0000000,00,3,3,3,0000000000000000,0,0,3,1f45518cd9ef96c9,0,1,0000000000000000,0000000000000000,0000000000000000,0,0
522,522,0,0000000,00,3,3,3,0000000000000000,0,0,3,1f45518cd9ef96c9,0,1,0000000000000000,0000000000000000,0000000000000000,0,0
523,523,0,0000000,00,3,3,3,0000000000000000,0,0,3,1f45518cd9ef96c9,0,1,0000000000000000,0000000000000000,0000000000000000,0,0
524,524,0,0000000,00,3,3,3,0000000000000000,0,0,3,1f45518cd9ef96c9,0,1,0000000000000000,0000000000000000,0000000000000000,0,0
525,525,0,0000000,00,3,3,3,0000000000000000,0,0,3,1f45518cd9ef96c9,0,1,0000000000000000,0000000000000000,0000000000000000,0,0
526,526,0,0000000,00,3,3,3,0000000000000000,0,0,3,1f45518cd9ef96c9,0,1,0000000000000000,0000000000000000,0000000000000000,0,0
527,527,0,0000000,00,3,3,3,0000000000000000,0,0,3,1f45518cd9ef96c9,0,1,0000000000000000,0000000000000000,0000000000000000,0,0
528,528,0,0000000,00,3,3,3,0000000000000000,0,0,3,1f45518cd9ef96c9,0,1,0000000000000000,0000000000000000,0000000000000000,0,0
529,529,0,0000000,04,3,2,2,0000000000000000,0,0,3,1f45518cd9ef96c9,0,1,0000000000000000,0000000000000000,0000000000000000,0,0
530,530,0,0000000,00,3,3,3,0000000000000000,0,0,3,1f45518cd9ef96c9,0,1,0000000000000000,0000000000000000,0000000000000000,0,0
531,531,0,0000000,00,3,3,3,0000000000000000,0,0,3,1f45518cd9ef96c9,0,1,0000000000000000,0000000000000000,0000000000000000,0,0
532,532,0,0000000,00,3,3,3,0000000000000000,0,0,3,1f45518cd9ef96c9,0,1,0000000000000000,0000000000000000,0000000000000000,0,0
533,533,0,0000000,00,3,3,3,0000000000000000,0,0,3,1f45518cd9ef96c9,0,1,0000000000000000,0000000000000000,0000000000000000,0,0
534,534,0,000020c,04,2,2,3,0000000000000000,0,0,3,1f45518cd9ef96c9,0,1,0000000000000000,0000000000000000,0000000000000000,0,0
535,535,0,0000210,04,2,2,3,0000000000000000,3,0,3,1f45518cd9ef96c9,0,1,0000000000000000,0000000000000000,0000000000000000,0,0
536,536,0,0000214,04,2,2,3,0000000000000000,3,0,3,1f45518cd9ef96c9,0,1,0000000000000000,0000000000000000,0000000000000000,0,0
537,537,0,0000218,04,2,2,3,0000000000000000,3,0,3,1f45518cd9ef96c9,0,1,0000000000000000,0000000000000000,0000000000000000,0,0
538,538,0,000021c,04,2,2,3,0000000000000000,3,0,3,1f45518cd9ef96c9,0,1,0000000000000000,0000000000000000,0000000000000000,0,0
539,539,0,0000220,04,2,2,3,0000000000000000,3,0,3,1f45518cd9ef96c9,0,1,0000000000000000,0000000000000000,0000000000000000,0,0
540,540,0,0000224,04,2,2,3,0000000000000000,3,0,3,1f45518cd9ef96c9,0,1,0000000000000000,0000000000000000,0000000000000000,0,0
541,541,0,0000228,04,2,2,3,b45b0cce72f1cb8b,3,0,3,1f45518cd9ef96c9,0,1,0000000000000000,0000000000000000,0000000000000000,0,0
542,542,0,000022c,04,2,2,3,16f3a57cd0596239,3,0,3,1f45518cd9ef96c9,0,1,0000000000000000,0000000000000000,0000000000000000,0,0
543,543,0,0000230,04,2,2,3,9ba62bf75d0cecb2,3,3,3,1f45518cd9ef96c9,0,1,b45b0cce72f1cb8b,0000000000000000,0000000000000000,0,0
544,544,0,0000234,04,2,2,3,0c58b86bcaf27f2e,3,3,3,1f45518cd9ef96c9,0,1,16f3a57cd0596239,0000000000000000,0000000000000000,0,0
545,545,0,0000238,04,2,2,3,810d36e047a7f1a5,3,3,3,1f45518cd9ef96c9,0,1,9ba62bf75d0cecb2,0000000000000000,0000000000000000,0,0
546,546,0,000023c,04,2,2,3,4909eb0e8fa32c4b,3,3,3,1f45518cd9ef96c9,0,1,0c58b86bcaf27f2e,0000000000000000,0000000000000000,0,0
547,547,0,0000240,04,2,2,3,c45c658502f6a2c0,3,3,3,1f45518cd9ef96c9,0,1,810d36e047a7f1a5,0000000000000000,0000000000000000,0,0
548,548,0,0000244,04,2,2,3,53a2f6199508315c,3,3,3,1f45518cd9ef96c9,0,1,4909eb0e8fa32c4b,0000000000000000,0000000000000000,0,0
549,549,0,0000248,04,2,2,3,def77892185dbfd7,3,3,3,1f45518cd9ef96c9,0,1,c45c658502f6a2c0,0000000000000000,0000000000000000,0,0
550,550,0,000024c,04,2,2,3,7c5fd120baf51665,3,3,3,1f45518cd9ef96c9,0,1,53a2f6199508315c,0000000000000000,0000000000000000,0,0
551,551,0,0000250,04,2,2,3,f10a5fab37a098ee,3,3,3,1f45518cd9ef96c9,0,1,def77892185dbfd7,0000000000000000,0000000000000000,0,0
552,552,0,0000254,04,2,2,3,66f4cc37a05e0b72,3,3,3,1f45518cd9ef96c9,0,1,7c5fd120baf51665,0000000000000000,0000000000000000,0,0
553,553,0,0000258,04,2,2,3,eba142bc2d0b85f9,3,3,3,1f45518cd9ef96c9,0,1,f10a5fab37a098ee,0000000000000000,0000000000000000,0,0
554,554,0,000025c,04,2,2,3,f6fd77ea3057b0af,3,3,3,1f45518cd9ef96c9,0,1,66f4cc37a05e0b72,0000000000000000,0000000000000000,0,0
555,555,0,0000260,04,2,2,3,7ba8f961bd023e24,3,3,3,1f45518cd9ef96c9,0,1,eba142bc2d0b85f9,0000000000000000,0000000000000000,0,0
556,556,0,0000264,04,2,2,3,ec566afd2afcadb8,3,3,3,1f45518cd9ef96c9,0,1,f6fd77ea3057b0af,0000000000000000,0000000000000000,0,0
557,557,0,0000268,04,2,2,3,6103e476a7a92333,3,3,3,1f45518cd9ef96c9,0,1,7ba8f961bd023e24,0000000000000000,0000000000000000,0,0
558,558,0,000026c,04,2,2,3,c3ab4dc405018a81,3,3,3,1f45518cd9ef96c9,0,1,ec566afd2afcadb8,0000000000000000,0000000000000000,0,0
559,559,0,0000270,04,2,2,3,4efec34f8854040a,3,3,3,1f45518cd9ef96c9,0,1,6103e476a7a92333,0000000000000000,0000000000000000,0,0
560,560,0,0000274,04,2,2,3,d90050d31faa9796,3,3,3,1f45518cd9ef96c9,0,1,c3ab4dc405018a81,0000000000000000,0000000000000000,0,0
561,561,0,0000278,04,2,2,3,5455de5892ff191d,3,3,3,1f45518cd9ef96c9,0,1,4efec34f8854040a,0000000000000000,0000000000000000,0,0
562,562,0,000027c,04,2,2,3,9c5103b65afbc4f3,3,3,3,1f45518cd9ef96c9,0,1,d90050d31faa9796,0000000000000000,0000000000000000,0,0
563,563,0,0000280,04,2,2,3,11048d3dd7ae4a78,3,3,3,1f45518cd9ef96c9,0,1,5455de5892ff191d,0000000000000000,0000000000000000,0,0
564,564,0,0000284,04,2,2,3,86fa1ea14050d9e4,3,3,3,1f45518cd9ef96c9,0,1,9c5103b65afbc4f3,0000000000000000,0000000000000000,0,0
565,565,0,0000288,04,2,2,3,0baf902acd05576f,3,3,3,1f45518cd9ef96c9,0,1,11048d3dd7ae4a78,0000000000000000,0000000000000000,0,0
566,566,0,000028c,04,2,2,3,a90739986fadfedd,3,3,3,1f45518cd9ef96c9,0,1,86fa1ea14050d9e4,0000000000000000,0000000000000000,0,0
567,567,0,0000290,04,2,2,3,2452b713e2f87056,3,3,3,1f45518cd9ef96c9,0,1,0baf902acd05576f,0000000000000000,0000000000000000,0,0
568,568,0,0000294,04,2,2,3,b3ac248f7506e3ca,3,3,3,1f45518cd9ef96c9,0,1,a90739986fadfedd,0000000000000000,0000000000000000,0,0
569,569,0,0000298,04,2,2,3,3ef9aa04f8536d41,3,3,3,1f45518cd9ef96c9,0,1,2452b713e2f87056,0000000000000000,0000000000000000,0,0
570,570,0,000029c,04,2,2,3,89144e234fbe8966,3,3,3,1f45518cd9ef96c9,0,1,b3ac248f7506e3ca,0000000000000000,0000000000000000,0,0
571,571,0,00002a0,04,2,2,3,0441c0a8c2eb07ed,3,3,3,1f45518cd9ef96c9,0,1,3ef9aa04f8536d41,0000000000000000,0000000000000000,0,0
572,572,0,00002a4,04,2,2,3,93bf533455159471,3,3,3,1f45518cd9ef96c9,0,1,89144e234fbe8966,0000000000000000,0000000000000000,0,0
573,573,0,00002a8,04,2,2,3,1eeaddbfd8401afa,3,3,3,1f45518cd9ef96c9,0,1,0441c0a8c2eb07ed,0000000000000000,0000000000000000,0,0
574,574,0,00002ac,04,2,2,3,bc42740d7ae8b348,3,3,3,1f45518cd9ef96c9,0,1,93bf533455159471,0000000000000000,0000000000000000,0,0
575,575,0,00002b0,04,2,2,3,3117fa86f7bd3dc3,3,3,3,1f45518cd9ef96c9,0,1,1eeaddbfd8401afa,0000000000000000,0000000000000000,0,0
576,576,0,00002b4,04,2,2,3,a6e9691a6043ae5f,3,3,3,1f45518cd9ef96c9,0,1,bc42740d7ae8b348,0000000000000000,0000000000000000,0,0
577,577,0,00002b8,04,2,2,3,2bbce791ed1620d4,3,3,3,1f45518cd9ef96c9,0,1,3117fa86f7bd3dc3,0000000000000000,0000000000000000,0,0
578,578,0,00002bc,04,2,2,3,e3b83a7f2512fd3a,3,3,3,1f45518cd9ef96c9,0,1,a6e9691a6043ae5f,0000000000000000,0000000000000000,0,0
579,579,0,00002c0,04,2,2,3,6eedb4f4a84773b1,3,3,3,1f45518cd9ef96c9,0,1,2bbce791ed1620d4,0000000000000000,0000000000000000,0,0
580,580,0,00002c4,04,2,2,3,f91327683fb9e02d,3,3,3,1f45518cd9ef96c9,0,1,e3b83a7f2512fd3a,0000000000000000,0000000000000000,0,0
581,581,0,00002c8,04,2,2,3,7446a9e3b2ec6ea6,3,3,3,1f45518cd9ef96c9,0,1,6eedb4f4a84773b1,0000000000000000,0000000000000000,0,0
582,582,0,00002cc,04,2,2,3,d6ee00511044c714,3,3,3,1f45518cd9ef96c9,0,1,f91327683fb9e02d,0000000000000000,0000000000000000,0,0
583,583,0,00002d0,04,2,2,3,5bbb8eda9d11499f,3,3,3,1f45518cd9ef96c9,0,1,7446a9e3b2ec6ea6,0000000000000000,0000000000000000,0,0
584,584,0,00002d4,04,2,2,3,cc451d460aefda03,3,3,3,1f45518cd9ef96c9,0,1,d6ee00511044c714,0000000000000000,0000000000000000,0,0
585,585,0,00002d8,04,2,2,3,411093cd87ba5488,3,3,3,1f45518cd9ef96c9,0,1,5bbb8eda9d11499f,0000000000000000,0000000000000000,0,0
586,586,0,00002dc,04,2,2,3,5c4ca69b9ae661de,3,3,3,1f45518cd9ef96c9,0,1,cc451d460aefda03,0000000000000000,0000000000000000,0,0
587,587,0,00002e0,04,2,2,3,d119281017b3ef55,3,3,3,1f45518cd9ef96c9,0,1,411093cd87ba5488,0000000000000000,0000000000000000,0,0
588,588,0,00002e4,04,2,2,3,46e7bb8c804d7cc9,3,3,3,1f45518cd9ef96c9,0,1,5c4ca69b9ae661de,0000000000000000,0000000000000000,0,0
589,589,0,00002e8,04,2,2,3,cbb235070d18f242,3,3,3,1f45518cd9ef96c9,0,1,d119281017b3ef55,0000000000000000,0000000000000000,0,0
590,590,0,00002ec,04,2,2,3,691a9cb5afb05bf0,3,3,3,1f45518cd9ef96c9,0,1,46e7bb8c804d7cc9,0000000000000000,0000000000000000,0,0
591,591,0,00002f0,04,2,2,3,e44f123e22e5d57b,3,3,3,1f45518cd9ef96c9,0,1,cbb235070d18f242,0000000000000000,0000000000000000,0,0
592,592,0,00002f4,04,2,2,3,73b181a2b51b46e7,3,3,3,1f45518cd9ef96c9,0,1,691a9cb5afb05bf0,0000000000000000,0000000000000000,0,0
593,593,0,00002f8,04,2,2,3,fee40f29384ec86c,3,3,3,1f45518cd9ef96c9,0,1,e44f123e22e5d57b,0000000000000000,0000000000000000,0,0
594,594,0,00002fc,04,2,2,3,36e0d2c7f04a1582,3,3,3,1f45518cd9ef96c9,0,1,73b181a2b51b46e7,0000000000000000,0000000000000000,0,0
595,595,0,0000300,04,2,2,3,bbb55c4c7d1f9b09,3,3,3,1f45518cd9ef96c9,0,1,fee40f29384ec86c,0000000000000000,0000000000000000,0,0
596,596,0,0000304,04,2,2,3,2c4bcfd0eae10895,3,3,3,1f45518cd9ef96c9,0,1,36e0d2c7f04a1582,0000000000000000,0000000000000000,0,0
597,597,0,0000308,04,2,2,3,a11e415b67b4861e,3,3,3,1f45518cd9ef96c9,0,1,bbb55c4c7d1f9b09,0000000000000000,0000000000000000,0,0
598,598,0,000030c,04,2,2,3,03b6e8e9c51c2fac,3,3,3,1f45518cd9ef96c9,0,1,2c4bcfd0eae10895,0000000000000000,0000000000000000,0,0
599,599,0,0000310,04,2,2,3,8ee366624849a127,3,3,3,1f45518cd9ef96c9,0,1,a11e415b67b4861e,0000000000000000,0000000000000000,0,0
600,600,0,0000314,04,2,2,3,191df5fedfb732bb,3,3,3,1f45518cd9ef96c9,0,1,03b6e8e9c51c2fac,0000000000000000,0000000000000000,0,0
601,601,0,0000318,04,2,2,3,94487b7552e2bc30,3,3,3,1f45518cd9ef96c9,0,1,8ee366624849a127,0000000000000000,0000000000000000,0,0
602,602,0,000031c,04,2,2,3,76c63db1b06cfaf4,3,3,3,1f45518cd9ef96c9,0,1,191df5fedfb732bb,0000000000000000,0000000000000000,0,0
603,603,0,0000320,04,2,2,3,fb93b33a3d39747f,3,3,3,1f45518cd9ef96c9,0,1,94487b7552e2bc30,0000000000000000,0000000000000000,0,0
604,604,0,0000324,04,2,2,3,6c6d20a6aac7e7e3,3,3,3,1f45518cd9ef96c9,0,1,76c63db1b06cfaf4,0000000000000000,0000000000000000,0,0
605,605,0,0000328,04,2,2,3,e138ae2d27926968,3,3,3,1f45518cd9ef96c9,0,1,fb93b33a3d39747f,0000000000000000,0000000000000000,0,0
606,606,0,000032c,04,2,2,3,4390079f853ac0da,3,3,3,1f45518cd9ef96c9,0,1,6c6d20a6aac7e7e3,0000000000000000,0000000000000000,0,0
607,607,0,0000330,04,2,2,3,cec58914086f4e51,3,3,3,1f45518cd9ef96c9,0,1,e138ae2d27926968,0000000000000000,0000000000000000,0,0
608,608,0,0000334,04,2,2,3,593b1a889f91ddcd,3,3,3,1f45518cd9ef96c9,0,1,4390079f853ac0da,0000000000000000,0000000000000000,0,0
609,609,0,0000338,04,2,2,3,d46e940312c45346,3,3,3,1f45518cd9ef96c9,0,1,cec58914086f4e51,0000000000000000,0000000000000000,0,0
610,610,0,000033c,04,2,2,3,1c6a49eddac08ea8,3,3,3,1f45518cd9ef96c9,0,1,593b1a889f91ddcd,0000000000000000,0000000000000000,0,0
611,611,0,0000340,04,2,2,3,913fc76657950023,3,3,3,1f45518cd9ef96c9,0,1,d46e940312c45346,0000000000000000,0000000000000000,0,0
612,612,0,0000344,04,2,2,3,06c154fac06b93bf,3,3,3,1f45518cd9ef96c9,0,1,1c6a49eddac08ea8,0000000000000000,0000000000000000,0,0
613,613,0,0000348,04,2,2,3,8b94da714d3e1d34,3,3,3,1f45518cd9ef96c9,0,1,913fc76657950023,0000000000000000,0000000000000000,0,0
614,614,0,000034c,04,2,2,3,293c73c3ef96b486,3,3,3,1f45518cd9ef96c9,0,1,06c154fac06b93bf,0000000000000000,0000000000000000,0,0
615,615,0,0000350,04,2,2,3,a469fd4862c33a0d,3,3,3,1f45518cd9ef96c9,0,1,8b94da714d3e1d34,0000000000000000,0000000000000000,0,0
616,616,0,0000354,04,2,2,3,33976ed4f53da991,3,3,3,1f45518cd9ef96c9,0,1,293c73c3ef96b486,0000000000000000,0000000000000000,0,0
617,617,0,0000358,04,2,2,3,bec2e05f7868271a,3,3,3,1f45518cd9ef96c9,0,1,a469fd4862c33a0d,0000000000000000,0000000000000000,0,0
618,618,0,000035c,04,2,2,3,a39ed5096534124c,3,3,3,1f45518cd9ef96c9,0,1,33976ed4f53da991,0000000000000000,0000000000000000,0,0
619,619,0,0000360,04,2,2,3,2ecb5b82e8619cc7,3,3,3,1f45518cd9ef96c9,0,1,bec2e05f7868271a,0000000000000000,0000000000000000,0,0
620,620,0,0000364,04,2,2,3,b935c81e7f9f0f5b,3,3,3,1f45518cd9ef96c9,0,1,a39ed5096534124c,0000000000000000,0000000000000000,0,0
621,621,0,0000368,04,2,2,3,34604695f2ca81d0,3,3,3,1f45518cd9ef96c9,0,1,2ecb5b82e8619cc7,0000000000000000,0000000000000000,0,0
622,622,0,000036c,04,2,2,3,96c8ef2750622862,3,3,3,1f45518cd9ef96c9,0,1,b935c81e7f9f0f5b,0000000000000000,0000000000000000,0,0
623,623,0,0000370,04,2,2,3,1b9d61acdd37a6e9,3,3,3,1f45518cd9ef96c9,0,1,34604695f2ca81d0,0000000000000000,0000000000000000,0,0
624,624,0,0000374,04,2,2,3,8c63f2304ac93575,3,3,3,1f45518cd9ef96c9,0,1,96c8ef2750622862,0000000000000000,0000000000000000,0,0
625,625,0,0000378,04,2,2,3,01367cbbc79cbbfe,3,3,3,1f45518cd9ef96c9,0,1,1b9d61acdd37a6e9,0000000000000000,0000000000000000,0,0
626,626,0,000037c,04,2,2,3,c932a1550f986610,3,3,3,1f45518cd9ef96c9,0,1,8c63f2304ac93575,0000000000000000,0000000000000000,0,0
627,627,0,0000380,04,2,2,3,44672fde82cde89b,3,3,3,1f45518cd9ef96c9,0,1,01367cbbc79cbbfe,0000000000000000,0000000000000000,0,0
628,628,0,0000384,04,2,2,3,d399bc4215337b07,3,3,3,1f45518cd9ef96c9,0,1,c932a1550f986610,0000000000000000,0000000000000000,0,0
629,629,0,0000388,04,2,2,3,5ecc32c99866f58c,3,3,3,1f45518cd9ef96c9,0,1,44672fde82cde89b,0000000000000000,0000000000000000,0,0
630,630,0,000038c,04,2,2,3,fc649b7b3ace5c3e,3,3,3,1f45518cd9ef96c9,0,1,d399bc4215337b07,0000000000000000,0000000000000000,0,0
631,631,0,0000390,04,2,2,3,713115f0b79bd2b5,3,3,3,1f45518cd9ef96c9,0,1,5ecc32c99866f58c,0000000000000000,0000000000000000,0,0
632,632,0,0000394,04,2,2,3,e6cf866c20654129,3,3,3,1f45518cd9ef96c9,0,1,fc649b7b3ace5c3e,0000000000000000,0000000000000000,0,0
633,633,0,0000398,04,2,2,3,6b9a08e7ad30cfa2,3,3,3,1f45518cd9ef96c9,0,1,713115f0b79bd2b5,0000000000000000,0000000000000000,0,0
634,634,0,000039c,04,2,2,3,dc77ecc01add2b85,3,3,3,1f45518cd9ef96c9,0,1,e6cf866c20654129,0000000000000000,0000000000000000,0,0
635,635,0,00003a0,04,2,2,3,5122624b9788a50e,3,3,3,1f45518cd9ef96c9,0,1,6b9a08e7ad30cfa2,0000000000000000,0000000000000000,0,0
636,636,0,00003a4,04,2,2,3,c6dcf1d700763692,3,3,3,1f45518cd9ef96c9,0,1,dc77ecc01add2b85,0000000000000000,0000000000000000,0,0
637,637,0,00003a8,04,2,2,3,4b897f5c8d23b819,3,3,3,1f45518cd9ef96c9,0,1,5122624b9788a50e,0000000000000000,0000000000000000,0,0
638,638,0,00003ac,04,2,2,3,e921d6ee2f8b11ab,3,3,3,1f45518cd9ef96c9,0,1,c6dcf1d700763692,0000000000000000,0000000000000000,0,0
639,639,0,00003b0,04,2,2,3,64745865a2de9f20,3,3,3,1f45518cd9ef96c9,0,1,4b897f5c8d23b819,0000000000000000,0000000000000000,0,0
640,640,0,00003b4,04,2,2,3,f38acbf935200cbc,3,3,3,1f45518cd9ef96c9,0,1,e921d6ee2f8b11ab,0000000000000000,0000000000000000,0,0
641,641,0,00003b8,04,2,2,3,7edf4572b8758237,3,3,3,1f45518cd9ef96c9,0,1,64745865a2de9f20,0000000000000000,0000000000000000,0,0
642,642,0,00003bc,04,2,2,3,b6db989c70715fd9,3,3,3,1f45518cd9ef96c9,0,1,f38acbf935200cbc,0000000000000000,0000000000000000,0,0
643,643,0,00003c0,04,2,2,3,3b8e1617fd24d152,3,3,3,1f45518cd9ef96c9,0,1,7edf4572b8758237,0000000000000000,0000000000000000,0,0
644,644,0,00003c4,04,2,2,3,ac70858b6ada42ce,3,3,3,1f45518cd9ef96c9,0,1,b6db989c70715fd9,0000000000000000,0000000000000000,0,0
645,645,0,00003c8,04,2,2,3,21250b00e78fcc45,3,3,3,1f45518cd9ef96c9,0,1,3b8e1617fd24d152,0000000000000000,0000000000000000,0,0
646,646,0,00003cc,04,2,2,3,838da2b2452765f7,3,3,3,1f45518cd9ef96c9,0,1,ac70858b6ada42ce,0000000000000000,0000000000000000,0,0
647,647,0,00003d0,04,2,2,3,0ed82c39c872eb7c,3,3,3,1f45518cd9ef96c9,0,1,21250b00e78fcc45,0000000000000000,0000000000000000,0,0
648,648,0,00003d4,04,2,2,3,9926bfa55f8c78e0,3,3,3,1f45518cd9ef96c9,0,1,838da2b2452765f7,0000000000000000,0000000000000000,0,0
649,649,0,00003d8,04,2,2,3,1473312ed2d9f66b,3,3,3,1f45518cd9ef96c9,0,1,0ed82c39c872eb7c,0000000000000000,0000000000000000,0,0
650,650,0,00003dc,04,2,2,3,092f0478cf85c33d,3,3,3,1f45518cd9ef96c9,0,1,9926bfa55f8c78e0,0000000000000000,0000000000000000,0,0
651,651,0,00003e0,04,2,2,3,847a8af342d04db6,3,3,3,1f45518cd9ef96c9,0,1,1473312ed2d9f66b,0000000000000000,0000000000000000,0,0
652,652,0,00003e4,04,2,2,3,1384196fd52ede2a,3,3,3,1f45518cd9ef96c9,0,1,092f0478cf85c33d,0000000000000000,0000000000000000,0,0
653,653,0,00003e8,04,2,2,3,9ed197e4587b50a1,3,3,3,1f45518cd9ef96c9,0,1,847a8af342d04db6,0000000000000000,0000000000000000,0,0
654,654,0,00003ec,04,2,2,3,3c793e56fad3f913,3,3,3,1f45518cd9ef96c9,0,1,1384196fd52ede2a,0000000000000000,0000000000000000,0,0
655,655,0,00003f0,04,2,2,3,b12cb0dd77867798,3,3,3,1f45518cd9ef96c9,0,1,9ed197e4587b50a1,0000000000000000,0000000000000000,0,0
656,656,0,00003f4,04,2,2,3,26d22341e078e404,3,3,3,1f45518cd9ef96c9,0,1,3c793e56fad3f913,0000000000000000,0000000000000000,0,0
657,657,0,00003f8,04,2,2,3,ab87adca6d2d6a8f,3,3,3,1f45518cd9ef96c9,0,1,b12cb0dd77867798,0000000000000000,0000000000000000,0,0
658,658,0,00003fc,04,2,2,3,63837024a529b761,3,3,3,1f45518cd9ef96c9,0,1,26d22341e078e404,0000000000000000,0000000000000000,0,0
659,659,0,0000000,04,2,2,3,eed6feaf287c39ea,3,3,3,1f45518cd9ef96c9,0,1,ab87adca6d2d6a8f,0000000000000000,0000000000000000,0,0
660,660,0,0000004,04,2,2,3,79286d33bf82aa76,3,3,3,1f45518cd9ef96c9,0,1,63837024a529b761,0000000000000000,0000000000000000,0,0
661,661,0,0000008,04,2,2,3,f47de3b832d724fd,3,3,3,1f45518cd9ef96c9,0,1,eed6feaf287c39ea,0000000000000000,0000000000000000,0,0
662,662,0,000000c,04,2,2,3,56d54a0a907f8d4f,3,3,3,1f45518cd9ef96c9,0,1,79286d33bf82aa76,0000000000000000,0000000000000000,0,0
663,663,0,0000010,04,2,2,3,db80c4811d2a03c4,3,3,3,1f45518cd9ef96c9,0,1,f47de3b832d724fd,0000000000000000,0000000000000000,0,0
664,664,0,0000014,04,2,2,3,4c7e571d8ad49058,3,3,3,1f45518cd9ef96c9,0,1,56d54a0a907f8d4f,0000000000000000,0000000000000000,0,0
665,665,0,0000018,04,2,2,3,c12bd99607811ed3,3,3,3,1f45518cd9ef96c9,0,1,db80c4811d2a03c4,0000000000000000,0000000000000000,0,0
666,666,0,000001c,04,2,2,3,8962da944fc81dd1,3,3,3,1f45518cd9ef96c9,0,1,4c7e571d8ad49058,0000000000000000,0000000000000000,0,0
667,667,0,0000020,04,2,2,3,0437541fc29d935a,3,3,3,1f45518cd9ef96c9,0,1,c12bd99607811ed3,0000000000000000,0000000000000000,0,0
668,668,0,0000024,04,2,2,3,93c9c783556300c6,3,3,3,1f45518cd9ef96c9,0,1,8962da944fc81dd1,0000000000000000,0000000000000000,0,0
669,669,0,0000028,04,2,2,3,1e9c4908d8368e4d,3,3,3,1f45518cd9ef96c9,0,1,0437541fc29d935a,0000000000000000,0000000000000000,0,0
670,670,0,000002c,04,2,2,3,bc34e0ba7a9e27ff,3,3,3,1f45518cd9ef96c9,0,1,93c9c783556300c6,0000000000000000,0000000000000000,0,0
671,671,0,0000030,04,2,2,3,31616e31f7cba974,3,3,3,1f45518cd9ef96c9,0,1,1e9c4908d8368e4d,0000000000000000,0000000000000000,0,0
672,672,0,0000034,04,2,2,3,a69ffdad60353ae8,3,3,3,1f45518cd9ef96c9,0,1,bc34e0ba7a9e27ff,0000000000000000,0000000000000000,0,0
673,673,0,0000038,04,2,2,3,2bca7326ed60b463,3,3,3,1f45518cd9ef96c9,0,1,31616e31f7cba974,0000000000000000,0000000000000000,0,0
674,674,0,000003c,04,2,2,3,e3ceaec82564698d,3,3,3,1f45518cd9ef96c9,0,1,a69ffdad60353ae8,0000000000000000,0000000000000000,0,0
675,675,0,0000040,04,2,2,3,6e9b2043a831e706,3,3,3,1f45518cd9ef96c9,0,1,2bca7326ed60b463,0000000000000000,0000000000000000,0,0
676,676,0,0000044,04,2,2,3,f965b3df3fcf749a,3,3,3,1f45518cd9ef96c9,0,1,e3ceaec82564698d,0000000000000000,0000000000000000,0,0
677,677,0,0000048,04,2,2,3,74303d54b29afa11,3,3,3,1f45518cd9ef96c9,0,1,6e9b2043a831e706,0000000000000000,0000000000000000,0,0
678,678,0,000004c,04,2,2,3,d69894e6103253a3,3,3,3,1f45518cd9ef96c9,0,1,f965b3df3fcf749a,0000000000000000,0000000000000000,0,0
679,679,0,0000050,04,2,2,3,5bcd1a6d9d67dd28,3,3,3,1f45518cd9ef96c9,0,1,74303d54b29afa11,0000000000000000,0000000000000000,0,0
680,680,0,0000054,04,2,2,3,cc3389f10a994eb4,3,3,3,1f45518cd9ef96c9,0,1,d69894e6103253a3,0000000000000000,0000000000000000,0,0
681,681,0,0000058,04,2,2,3,4166077a87ccc03f,3,3,3,1f45518cd9ef96c9,0,1,5bcd1a6d9d67dd28,0000000000000000,0000000000000000,0,0
682,682,0,000005c,04,2,2,3,5c3a322c9a90f569,3,3,3,1f45518cd9ef96c9,0,1,cc3389f10a994eb4,0000000000000000,0000000000000000,0,0
683,683,0,0000060,04,2,2,3,d16fbca717c57be2,3,3,3,1f45518cd9ef96c9,0,1,4166077a87ccc03f,0000000000000000,0000000000000000,0,0
684,684,0,0000064,04,2,2,3,46912f3b803be87e,3,3,3,1f45518cd9ef96c9,0,1,5c3a322c9a90f569,0000000000000000,0000000000000000,0,0
685,685,0,0000068,04,2,2,3,cbc4a1b00d6e66f5,3,3,3,1f45518cd9ef96c9,0,1,d16fbca717c57be2,0000000000000000,0000000000000000,0,0
686,686,0,000006c,04,2,2,3,696c0802afc6cf47,3,3,3,1f45518cd9ef96c9,0,1,46912f3b803be87e,0000000000000000,0000000000000000,0,0
687,687,0,0000070,04,2,2,3,e4398689229341cc,3,3,3,1f45518cd9ef96c9,0,1,cbc4a1b00d6e66f5,0000000000000000,0000000000000000,0,0
688,688,0,0000074,04,2,2,3,73c71515b56dd250,3,3,3,1f45518cd9ef96c9,0,1,696c0802afc6cf47,0000000000000000,0000000000000000,0,0
689,689,0,0000078,04,2,2,3,fe929b9e38385cdb,3,3,3,1f45518cd9ef96c9,0,1,e4398689229341cc,0000000000000000,0000000000000000,0,0
690,690,0,000007c,04,2,2,3,36964670f03c8135,3,3,3,1f45518cd9ef96c9,0,1,73c71515b56dd250,0000000000000000,0000000000000000,0,0
691,691,0,0000080,04,2,2,3,bbc3c8fb7d690fbe,3,3,3,1f45518cd9ef96c9,0,1,fe929b9e38385cdb,0000000000000000,0000000000000000,0,0
692,692,0,0000084,04,2,2,3,2c3d5b67ea979c22,3,3,3,1f45518cd9ef96c9,0,1,36964670f03c8135,0000000000000000,0000000000000000,0,0
693,693,0,0000088,04,2,2,3,a168d5ec67c212a9,3,3,3,1f45518cd9ef96c9,0,1,bbc3c8fb7d690fbe,0000000000000000,0000000000000000,0,0
694,694,0,000008c,04,2,2,3,03c07c5ec56abb1b,3,3,3,1f45518cd9ef96c9,0,1,2c3d5b67ea979c22,0000000000000000,0000000000000000,0,0
695,695,0,0000090,04,2,2,3,8e95f2d5483f3590,3,3,3,1f45518cd9ef96c9,0,1,a168d5ec67c212a9,0000000000000000,0000000000000000,0,0
696,696,0,0000094,04,2,2,3,196b6149dfc1a60c,3,3,3,1f45518cd9ef96c9,0,1,03c07c5ec56abb1b,0000000000000000,0000000000000000,0,0
697,697,0,0000098,04,2,2,3,943eefc252942887,3,3,3,1f45518cd9ef96c9,0,1,8e95f2d5483f3590,0000000000000000,0000000000000000,0,0
698,698,0,000009c,04,2,2,3,23d30be5e579cca0,3,3,3,1f45518cd9ef96c9,0,1,196b6149dfc1a60c,0000000000000000,0000000000000000,0,0
699,699,0,00000a0,04,2,2,3,ae86856e682c422b,3,3,3,1f45518cd9ef96c9,0,1,943eefc252942887,0000000000000000,0000000000000000,0,0
700,700,0,00000a4,04,2,2,3,397816f2ffd2d1b7,3,3,3,1f45518cd9ef96c9,0,1,23d30be5e579cca0,0000000000000000,0000000000000000,0,0
701,701,0,00000a8,04,2,2,3,b42d987972875f3c,3,3,3,1f45518cd9ef96c9,0,1,ae86856e682c422b,0000000000000000,0000000000000000,0,0
702,702,0,00000ac,04,2,2,3,168531cbd02ff68e,3,3,3,1f45518cd9ef96c9,0,1,397816f2ffd2d1b7,0000000000000000,0000000000000000,0,0
703,703,0,00000b0,04,2,2,3,9bd0bf405d7a7805,3,3,3,1f45518cd9ef96c9,0,1,b42d987972875f3c,0000000000000000,0000000000000000,0,0
704,704,0,00000b4,04,2,2,3,0c2e2cdcca84eb99,3,3,3,1f45518cd9ef96c9,0,1,168531cbd02ff68e,0000000000000000,0000000000000000,0,0
705,705,0,00000b8,04,2,2,3,817ba25747d16512,3,3,3,1f45518cd9ef96c9,0,1,9bd0bf405d7a7805,0000000000000000,0000000000000000,0,0
706,706,0,00000bc,04,2,2,3,497f7fb98fd5b8fc,3,3,3,1f45518cd9ef96c9,0,1,0c2e2cdcca84eb99,0000000000000000,0000000000000000,0,0
707,707,0,00000c0,04,2,2,3,c42af13202803677,3,3,3,1f45518cd9ef96c9,0,1,817ba25747d16512,0000000000000000,0000000000000000,0,0
708,708,0,00000c4,04,2,2,3,53d462ae957ea5eb,3,3,3,1f45518cd9ef96c9,0,1,497f7fb98fd5b8fc,0000000000000000,0000000000000000,0,0
709,709,0,00000c8,04,2,2,3,de81ec25182b2b60,3,3,3,1f45518cd9ef96c9,0,1,c42af13202803677,0000000000000000,0000000000000000,0,0
710,710,0,00000cc,04,2,2,3,7c294597ba8382d2,3,3,3,1f45518cd9ef96c9,0,1,53d462ae957ea5eb,0000000000000000,0000000000000000,0,0
711,711,0,00000d0,04,2,2,3,f17ccb1c37d60c59,3,3,3,1f45518cd9ef96c9,0,1,de81ec25182b2b60,0000000000000000,0000000000000000,0,0
712,712,0,00000d4,04,2,2,3,66825880a0289fc5,3,3,3,1f45518cd9ef96c9,0,1,7c294597ba8382d2,0000000000000000,0000000000000000,0,0
713,713,0,00000d8,04,2,2,3,ebd7d60b2d7d114e,3,3,3,1f45518cd9ef96c9,0,1,f17ccb1c37d60c59,0000000000000000,0000000000000000,0,0
714,714,0,00000dc,04,2,2,3,f68be35d30212418,3,3,3,1f45518cd9ef96c9,0,1,66825880a0289fc5,0000000000000000,0000000000000000,0,0
715,715,0,00000e0,04,2,2,3,7bde6dd6bd74aa93,3,3,3,1f45518cd9ef96c9,0,1,ebd7d60b2d7d114e,0000000000000000,0000000000000000,0,0
716,716,0,00000e4,04,2,2,3,ec20fe4a2a8a390f,3,3,3,1f45518cd9ef96c9,0,1,f68be35d30212418,0000000000000000,0000000000000000,0,0
717,717,0,00000e8,04,2,2,3,617570c1a7dfb784,3,3,3,1f45518cd9ef96c9,0,1,7bde6dd6bd74aa93,0000000000000000,0000000000000000,0,0
718,718,0,00000ec,04,2,2,3,c3ddd97305771e36,3,3,3,1f45518cd9ef96c9,0,1,ec20fe4a2a8a390f,0000000000000000,0000000000000000,0,0
719,719,0,00000f0,04,2,2,3,4e8857f8882290bd,3,3,3,1f45518cd9ef96c9,0,1,617570c1a7dfb784,0000000000000000,0000000000000000,0,0
720,720,0,00000f4,04,2,2,3,d976c4641fdc0321,3,3,3,1f45518cd9ef96c9,0,1,c3ddd97305771e36,0000000000000000,0000000000000000,0,0
721,721,0,00000f8,04,2,2,3,54234aef92898daa,3,3,3,1f45518cd9ef96c9,0,1,4e8857f8882290bd,0000000000000000,0000000000000000,0,0
722,722,0,00000fc,04,2,2,3,9c2797015a8d5044,3,3,3,1f45518cd9ef96c9,0,1,d976c4641fdc0321,0000000000000000,0000000000000000,0,0
723,723,0,0000100,04,2,2,3,1172198ad7d8decf,3,3,3,1f45518cd9ef96c9,0,1,54234aef92898daa,0000000000000000,0000000000000000,0,0
724,724,0,0000104,04,2,2,3,868c8a1640264d53,3,3,3,1f45518cd9ef96c9,0,1,9c2797015a8d5044,0000000000000000,0000000000000000,0,0
725,725,0,0000108,04,2,2,3,0bd9049dcd73c3d8,3,3,3,1f45518cd9ef96c9,0,1,1172198ad7d8decf,0000000000000000,0000000000000000,0,0
726,726,0,000010c,04,2,2,3,a971ad2f6fdb6a6a,3,3,3,1f45518cd9ef96c9,0,1,868c8a1640264d53,0000000000000000,0000000000000000,0,0
727,727,0,0000110,04,2,2,3,242423a4e28ee4e1,3,3,3,1f45518cd9ef96c9,0,1,0bd9049dcd73c3d8,0000000000000000,0000000000000000,0,0
728,728,0,0000114,04,2,2,3,b3dab0387570777d,3,3,3,1f45518cd9ef96c9,0,1,a971ad2f6fdb6a6a,0000000000000000,0000000000000000,0,0
729,729,0,0000118,04,2,2,3,3e8f3eb3f825f9f6,3,3,3,1f45518cd9ef96c9,0,1,242423a4e28ee4e1,0000000000000000,0000000000000000,0,0
730,730,0,000011c,04,2,2,3,dc0178771aabbf32,3,3,3,1f45518cd9ef96c9,0,1,b3dab0387570777d,0000000000000000,0000000000000000,0,0
731,731,0,0000120,04,2,2,3,5154f6fc97fe31b9,3,3,3,1f45518cd9ef96c9,0,1,3e8f3eb3f825f9f6,0000000000000000,0000000000000000,0,0
732,732,0,0000124,04,2,2,3,c6aa65600000a225,3,3,3,1f45518cd9ef96c9,0,1,dc0178771aabbf32,0000000000000000,0000000000000000,0,0
733,733,0,0000128,04,2,2,3,4bffebeb8d552cae,3,3,3,1f45518cd9ef96c9,0,1,5154f6fc97fe31b9,0000000000000000,0000000000000000,0,0
734,734,0,000012c,04,2,2,3,e95742592ffd851c,3,3,3,1f45518cd9ef96c9,0,1,c6aa65600000a225,0000000000000000,0000000000000000,0,0
735,735,0,0000130,04,2,2,3,6402ccd2a2a80b97,3,3,3,1f45518cd9ef96c9,0,1,4bffebeb8d552cae,0000000000000000,0000000000000000,0,0
736,736,0,0000134,04,2,2,3,f3fc5f4e3556980b,3,3,3,1f45518cd9ef96c9,0,1,e95742592ffd851c,0000000000000000,0000000000000000,0,0
737,737,0,0000138,04,2,2,3,7ea9d1c5b8031680,3,3,3,1f45518cd9ef96c9,0,1,6402ccd2a2a80b97,0000000000000000,0000000000000000,0,0
738,738,0,000013c,04,2,2,3,b6ad0c2b7007cb6e,3,3,3,1f45518cd9ef96c9,0,1,f3fc5f4e3556980b,0000000000000000,0000000000000000,0,0
739,739,0,0000140,04,2,2,3,3bf882a0fd5245e5,3,3,3,1f45518cd9ef96c9,0,1,7ea9d1c5b8031680,0000000000000000,0000000000000000,0,0
740,740,0,0000144,04,2,2,3,ac06113c6aacd679,3,3,3,1f45518cd9ef96c9,0,1,b6ad0c2b7007cb6e,0000000000000000,0000000000000000,0,0
741,741,0,0000148,04,2,2,3,21539fb7e7f958f2,3,3,3,1f45518cd9ef96c9,0,1,3bf882a0fd5245e5,0000000000000000,0000000000000000,0,0
742,742,0,000014c,04,2,2,3,83fb36054551f140,3,3,3,1f45518cd9ef96c9,0,1,ac06113c6aacd679,0000000000000000,0000000000000000,0,0
743,743,0,0000150,04,2,2,3,0eaeb88ec8047fcb,3,3,3,1f45518cd9ef96c9,0,1,21539fb7e7f958f2,0000000000000000,0000000000000000,0,0
744,744,0,0000154,04,2,2,3,99502b125ffaec57,3,3,3,1f45518cd9ef96c9,0,1,83fb36054551f140,0000000000000000,0000000000000000,0,0
745,745,0,0000158,04,2,2,3,1405a599d2af62dc,3,3,3,1f45518cd9ef96c9,0,1,0eaeb88ec8047fcb,0000000000000000,0000000000000000,0,0
746,746,0,000015c,04,2,2,3,095990cfcff3578a,3,3,3,1f45518cd9ef96c9,0,1,99502b125ffaec57,0000000000000000,0000000000000000,0,0
747,747,0,0000160,04,2,2,3,840c1e4442a6d901,3,3,3,1f45518cd9ef96c9,0,1,1405a599d2af62dc,0000000000000000,0000000000000000,0,0
748,748,0,0000164,04,2,2,3,13f28dd8d5584a9d,3,3,3,1f45518cd9ef96c9,0,1,095990cfcff3578a,0000000000000000,0000000000000000,0,0
749,749,0,0000168,04,2,2,3,9ea70353580dc416,3,3,3,1f45518cd9ef96c9,0,1,840c1e4442a6d901,0000000000000000,0000000000000000,0,0
750,750,0,000016c,04,2,2,3,3c0faae1faa56da4,3,3,3,1f45518cd9ef96c9,0,1,13f28dd8d5584a9d,0000000000000000,0000000000000000,0,0
751,751,0,0000170,04,2,2,3,b15a246a77f0e32f,3,3,3,1f45518cd9ef96c9,0,1,9ea70353580dc416,0000000000000000,0000000000000000,0,0
752,752,0,0000174,04,2,2,3,26a4b7f6e00e70b3,3,3,3,1f45518cd9ef96c9,0,1,3c0faae1faa56da4,0000000000000000,0000000000000000,0,0
753,753,0,0000178,04,2,2,3,abf1397d6d5bfe38,3,3,3,1f45518cd9ef96c9,0,1,b15a246a77f0e32f,0000000000000000,0000000000000000,0,0
754,754,0,000017c,04,2,2,3,63f5e493a55f23d6,3,3,3,1f45518cd9ef96c9,0,1,26a4b7f6e00e70b3,0000000000000000,0000000000000000,0,0
755,755,0,0000180,04,2,2,3,eea06a18280aad5d,3,3,3,1f45518cd9ef96c9,0,1,abf1397d6d5bfe38,0000000000000000,0000000000000000,0,0
756,756,0,0000184,04,2,2,3,795ef984bff43ec1,3,3,3,1f45518cd9ef96c9,0,1,63f5e493a55f23d6,0000000000000000,0000000000000000,0,0
757,757,0,0000188,04,2,2,3,f40b770f32a1b04a,3,3,3,1f45518cd9ef96c9,0,1,eea06a18280aad5d,0000000000000000,0000000000000000,0,0
758,758,0,000018c,04,2,2,3,56a3debd900919f8,3,3,3,1f45518cd9ef96c9,0,1,795ef984bff43ec1,0000000000000000,0000000000000000,0,0
759,759,0,0000190,04,2,2,3,dbf650361d5c9773,3,3,3,1f45518cd9ef96c9,0,1,f40b770f32a1b04a,0000000000000000,0000000000000000,0,0
760,760,0,0000194,04,2,2,3,4c08c3aa8aa204ef,3,3,3,1f45518cd9ef96c9,0,1,56a3debd900919f8,0000000000000000,0000000000000000,0,0
761,761,0,0000198,04,2,2,3,c15d4d2107f78a64,3,3,3,1f45518cd9ef96c9,0,1,dbf650361d5c9773,0000000000000000,0000000000000000,0,0
762,762,0,000019c,04,2,2,3,76b0a906b01a6e43,3,3,3,1f45518cd9ef96c9,0,1,4c08c3aa8aa204ef,0000000000000000,0000000000000000,0,0
763,763,0,00001a0,04,2,2,3,fbe5278d3d4fe0c8,3,3,3,1f45518cd9ef96c9,0,1,c15d4d2107f78a64,0000000000000000,0000000000000000,0,0
764,764,0,00001a4,04,2,2,3,6c1bb411aab17354,3,3,3,1f45518cd9ef96c9,0,1,76b0a906b01a6e43,0000000000000000,0000000000000000,0,0
765,765,0,00001a8,04,2,2,3,e14e3a9a27e4fddf,3,3,3,1f45518cd9ef96c9,0,1,fbe5278d3d4fe0c8,0000000000000000,0000000000000000,0,0
766,766,0,00001ac,04,2,2,3,43e69328854c546d,3,3,3,1f45518cd9ef96c9,0,1,6c1bb411aab17354,0000000000000000,0000000000000000,0,0
767,767,0,00001b0,04,2,2,3,ceb31da30819dae6,3,3,3,1f45518cd9ef96c9,0,1,e14e3a9a27e4fddf,0000000000000000,0000000000000000,0,0
768,768,0,00001b4,04,2,2,3,594d8e3f9fe7497a,3,3,3,1f45518cd9ef96c9,0,1,43e69328854c546d,0000000000000000,0000000000000000,0,0
769,769,0,00001b8,04,2,2,3,d41800b412b2c7f1,3,3,3,1f45518cd9ef96c9,0,1,ceb31da30819dae6,0000000000000000,0000000000000000,0,0
770,770,0,00001bc,04,2,2,3,1c1cdd5adab61a1f,3,3,3,1f45518cd9ef96c9,0,1,594d8e3f9fe7497a,0000000000000000,0000000000000000,0,0
771,771,0,00001c0,04,2,2,3,914953d157e39494,3,3,3,1f45518cd9ef96c9,0,1,d41800b412b2c7f1,0000000000000000,0000000000000000,0,0
772,772,0,00001c4,04,2,2,3,06b7c04dc01d0708,3,3,3,1f45518cd9ef96c9,0,1,1c1cdd5adab61a1f,0000000000000000,0000000000000000,0,0
773,773,0,00001c8,04,2,2,3,8be24ec64d488983,3,3,3,1f45518cd9ef96c9,0,1,914953d157e39494,0000000000000000,0000000000000000,0,0
774,774,0,00001cc,04,2,2,3,294ae774efe02031,3,3,3,1f45518cd9ef96c9,0,1,06b7c04dc01d0708,0000000000000000,0000000000000000,0,0
775,775,0,00001d0,04,2,2,3,a41f69ff62b5aeba,3,3,3,1f45518cd9ef96c9,0,1,8be24ec64d488983,0000000000000000,0000000000000000,0,0
776,776,0,00001d4,04,2,2,3,33e1fa63f54b3d26,3,3,3,1f45518cd9ef96c9,0,1,294ae774efe02031,0000000000000000,0000000000000000,0,0
777,777,0,00001d8,04,2,2,3,beb474e8781eb3ad,3,3,3,1f45518cd9ef96c9,0,1,a41f69ff62b5aeba,0000000000000000,0000000000000000,0,0
778,778,0,00001dc,04,2,2,3,a3e841be654286fb,3,3,3,1f45518cd9ef96c9,0,1,33e1fa63f54b3d26,0000000000000000,0000000000000000,0,0
779,779,0,00001e0,04,2,2,3,2ebdcf35e8170870,3,3,3,1f45518cd9ef96c9,0,1,beb474e8781eb3ad,0000000000000000,0000000000000000,0,0
780,780,0,00001e4,04,2,2,3,b9435ca97fe99bec,3,3,3,1f45518cd9ef96c9,0,1,a3e841be654286fb,0000000000000000,0000000000000000,0,0
781,781,0,00001e8,04,2,2,3,3416d222f2bc1567,3,3,3,1f45518cd9ef96c9,0,1,2ebdcf35e8170870,0000000000000000,0000000000000000,0,0
782,782,0,00001ec,04,2,2,3,96be7b905014bcd5,3,3,3,1f45518cd9ef96c9,0,1,b9435ca97fe99bec,0000000000000000,0000000000000000,0,0
783,783,0,00001f0,04,2,2,3,1bebf51bdd41325e,3,3,3,1f45518cd9ef96c9,0,1,3416d222f2bc1567,0000000000000000,0000000000000000,0,0
784,784,0,00001f4,04,2,2,3,8c1566874abfa1c2,3,3,3,1f45518cd9ef96c9,0,1,96be7b905014bcd5,0000000000000000,0000000000000000,0,0
785,785,0,00001f8,04,2,2,3,0140e80cc7ea2f49,3,3,3,1f45518cd9ef96c9,0,1,1bebf51bdd41325e,0000000000000000,0000000000000000,0,0
786,786,0,00001fc,04,2,2,3,c94435e20feef2a7,3,3,3,1f45518cd9ef96c9,0,1,8c1566874abfa1c2,0000000000000000,0000000000000000,0,0
787,787,0,0000200,04,2,2,3,4411bb6982bb7c2c,3,3,3,1f45518cd9ef96c9,0,1,0140e80cc7ea2f49,0000000000000000,0000000000000000,0,0
788,788,0,0000204,04,2,2,3,d3ef28f51545efb0,3,3,3,1f45518cd9ef96c9,0,1,c94435e20feef2a7,0000000000000000,0000000000000000,0,0
789,789,0,0000208,04,2,2,3,5ebaa67e9810613b,3,3,3,1f45518cd9ef96c9,0,1,4411bb6982bb7c2c,0000000000000000,0000000000000000,0,0
790,790,0,000020c,04,2,2,3,fc120fcc3ab8c889,3,3,3,1f45518cd9ef96c9,0,1,d3ef28f51545efb0,0000000000000000,0000000000000000,0,0
791,791,0,0000210,04,2,2,3,71478147b7ed4602,3,3,3,1f45518cd9ef96c9,0,1,5ebaa67e9810613b,0000000000000000,0000000000000000,0,0
792,792,0,0000214,04,2,2,3,e6b912db2013d59e,3,3,3,1f45518cd9ef96c9,0,1,fc120fcc3ab8c889,0000000000000000,0000000000000000,0,0
793,793,0,0000218,04,2,2,3,6bec9c50ad465b15,3,3,3,1f45518cd9ef96c9,0,1,71478147b7ed4602,0000000000000000,0000000000000000,0,0
794,794,0,000021c,04,2,2,3,23a59f52e50f5817,3,3,3,1f45518cd9ef96c9,0,1,e6b912db2013d59e,0000000000000000,0000000000000000,0,0
795,795,0,0000220,04,2,2,3,aef011d9685ad69c,3,3,3,1f45518cd9ef96c9,0,1,6bec9c50ad465b15,0000000000000000,0000000000000000,0,0
796,796,0,0000224,04,2,2,3,390e8245ffa44500,3,3,3,1f45518cd9ef96c9,0,1,23a59f52e50f5817,0000000000000000,0000000000000000,0,0
797,797,0,0000228,04,2,2,3,b45b0cce72f1cb8b,3,3,3,1f45518cd9ef96c9,0,1,aef011d9685ad69c,0000000000000000,0000000000000000,0,0
798,798,0,000022c,04,2,2,3,16f3a57cd0596239,3,3,3,1f45518cd9ef96c9,0,1,390e8245ffa44500,0000000000000000,0000000000000000,0,0
799,799,0,0000230,04,2,2,3,9ba62bf75d0cecb2,3,3,3,1f45518cd9ef96c9,0,1,b45b0cce72f1cb8b,0000000000000000,0000000000000000,0,0
800,800,0,0000234,04,2,2,3,0c58b86bcaf27f2e,3,3,3,1f45518cd9ef96c9,0,1,16f3a57cd0596239,0000000000000000,0000000000000000,0,0
801,801,0,0000238,04,2,2,3,810d36e047a7f1a5,3,3,3,1f45518cd9ef96c9,0,1,9ba62bf75d0cecb2,0000000000000000,0000000000000000,0,0
802,802,0,000023c,04,2,2,3,4909eb0e8fa32c4b,3,3,3,1f45518cd9ef96c9,0,1,0c58b86bcaf27f2e,0000000000000000,0000000000000000,0,0
803,803,0,0000240,04,2,2,3,c45c658502f6a2c0,3,3,3,1f45518cd9ef96c9,0,1,810d36e047a7f1a5,0000000000000000,0000000000000000,0,0
804,804,0,0000244,04,2,2,3,53a2f6199508315c,3,3,3,1f45518cd9ef96c9,0,1,4909eb0e8fa32c4b,0000000000000000,0000000000000000,0,0
805,805,0,0000248,04,2,2,3,def77892185dbfd7,3,3,3,1f45518cd9ef96c9,0,1,c45c658502f6a2c0,0000000000000000,0000000000000000,0,0
806,806,0,000024c,04,2,2,3,7c5fd120baf51665,3,3,3,1f45518cd9ef96c9,0,1,53a2f6199508315c,0000000000000000,0000000000000000,0,0
807,807,0,0000250,04,2,2,3,f10a5fab37a098ee,3,3,3,1f45518cd9ef96c9,0,1,def77892185dbfd7,0000000000000000,0000000000000000,0,0
808,808,0,0000254,04,2,2,3,66f4cc37a05e0b72,3,3,3,1f45518cd9ef96c9,0,1,7c5fd120baf51665,0000000000000000,0000000000000000,0,0
809,809,0,0000258,04,2,2,3,eba142bc2d0b85f9,3,3,3,1f45518cd9ef96c9,0,1,f10a5fab37a098ee,0000000000000000,0000000000000000,0,0
810,810,0,000025c,04,2,2,3,f6fd77ea3057b0af,3,3,3,1f45518cd9ef96c9,0,1,66f4cc37a05e0b72,0000000000000000,0000000000000000,0,0
811,811,0,0000260,04,2,2,3,7ba8f961bd023e24,3,3,3,1f45518cd9ef96c9,0,1,eba142bc2d0b85f9,0000000000000000,0000000000000000,0,0
812,812,0,0000264,04,2,2,3,ec566afd2afcadb8,3,3,3,1f45518cd9ef96c9,0,1,f6fd77ea3057b0af,0000000000000000,0000000000000000,0,0
813,813,0,0000268,04,2,2,3,6103e476a7a92333,3,3,3,1f45518cd9ef96c9,0,1,7ba8f961bd023e24,0000000000000000,0000000000000000,0,0
814,814,0,000026c,04,2,2,3,c3ab4dc405018a81,3,3,3,1f45518cd9ef96c9,0,1,ec566afd2afcadb8,0000000000000000,0000000000000000,0,0
815,815,0,0000270,04,2,2,3,4efec34f8854040a,3,3,3,1f45518cd9ef96c9,0,1,6103e476a7a92333,0000000000000000,0000000000000000,0,0
816,816,0,0000274,04,2,2,3,d90050d31faa9796,3,3,3,1f45518cd9ef96c9,0,1,c3ab4dc405018a81,0000000000000000,0000000000000000,0,0
817,817,0,0000278,04,2,2,3,5455de5892ff191d,3,3,3,1f45518cd9ef96c9,0,1,4efec34f8854040a,0000000000000000,0000000000000000,0,0
818,818,0,000027c,04,2,2,3,9c5103b65afbc4f3,3,3,3,1f45518cd9ef96c9,0,1,d90050d31faa9796,0000000000000000,0000000000000000,0,0
819,819,0,0000280,04,2,2,3,11048d3dd7ae4a78,3,3,3,1f45518cd9ef96c9,0,1,5455de5892ff191d,0000000000000000,0000000000000000,0,0
820,820,0,0000284,04,2,2,3,86fa1ea14050d9e4,3,3,3,1f45518cd9ef96c9,0,1,9c5103b65afbc4f3,0000000000000000,0000000000000000,0,0
821,821,0,0000288,04,2,2,3,0baf902acd05576f,3,3,3,1f45518cd9ef96c9,0,1,11048d3dd7ae4a78,0000000000000000,0000000000000000,0,0
822,822,0,000028c,04,2,2,3,a90739986fadfedd,3,3,3,1f45518cd9ef96c9,0,1,86fa1ea14050d9e4,0000000000000000,0000000000000000,0,0
823,823,0,0000290,04,2,2,3,2452b713e2f87056,3,3,3,1f45518cd9ef96c9,0,1,0baf902acd05576f,0000000000000000,0000000000000000,0,0
824,824,0,0000294,04,2,2,3,b3ac248f7506e3ca,3,3,3,1f45518cd9ef96c9,0,1,a90739986fadfedd,0000000000000000,0000000000000000,0,0
825,825,0,0000298,04,2,2,3,3ef9aa04f8536d41,3,3,3,1f45518cd9ef96c9,0,1,2452b713e2f87056,0000000000000000,0000000000000000,0,0
826,826,0,000029c,04,2,2,3,89144e234fbe8966,3,3,3,1f45518cd9ef96c9,0,1,b3ac248f7506e3ca,0000000000000000,0000000000000000,0,0
827,827,0,00002a0,04,2,2,3,0441c0a8c2eb07ed,3,3,3,1f45518cd9ef96c9,0,1,3ef9aa04f8536d41,0000000000000000,0000000000000000,0,0
828,828,0,00002a4,04,2,2,3,93bf533455159471,3,3,3,1f45518cd9ef96c9,0,1,89144e234fbe8966,0000000000000000,0000000000000000,0,0
829,829,0,00002a8,04,2,2,3,1eeaddbfd8401afa,3,3,3,1f45518cd9ef96c9,0,1,0441c0a8c2eb07ed,0000000000000000,0000000000000000,0,0
830,830,0,00002ac,04,2,2,3,bc42740d7ae8b348,3,3,3,1f45518cd9ef96c9,0,1,93bf533455159471,0000000000000000,0000000000000000,0,0
831,831,0,00002b0,04,2,2,3,3117fa86f7bd3dc3,3,3,3,1f45518cd9ef96c9,0,1,1eeaddbfd8401afa,0000000000000000,0000000000000000,0,0
832,832,0,00002b4,04,2,2,3,a6e9691a6043ae5f,3,3,3,1f45518cd9ef96c9,0,1,bc42740d7ae8b348,0000000000000000,0000000000000000,0,0
833,833,0,00002b8,04,2,2,3,2bbce791ed1620d4,3,3,3,1f45518cd9ef96c9,0,1,3117fa86f7bd3dc3,0000000000000000,0000000000000000,0,0
834,834,0,00002bc,04,2,2,3,e3b83a7f2512fd3a,3,3,3,1f45518cd9ef96c9,0,1,a6e9691a6043ae5f,0000000000000000,0000000000000000,0,0
835,835,0,00002c0,04,2,2,3,6eedb4f4a84773b1,3,3,3,1f45518cd9ef96c9,0,1,2bbce791ed1620d4,0000000000000000,0000000000000000,0,0
836,836,0,00002c4,04,2,2,3,f91327683fb9e02d,3,3,3,1f45518cd9ef96c9,0,1,e3b83a7f2512fd3a,0000000000000000,0000000000000000,0,0
837,837,0,00002c8,04,2,2,3,7446a9e3b2ec6ea6,3,3,3,1f45518cd9ef96c9,0,1,6eedb4f4a84773b1,0000000000000000,0000000000000000,0,0
838,838,0,00002cc,04,2,2,3,d6ee00511044c714,3,3,3,1f45518cd9ef96c9,0,1,f91327683fb9e02d,0000000000000000,0000000000000000,0,0
839,839,0,00002d0,04,2,2,3,5bbb8eda9d11499f,3,3,3,1f45518cd9ef96c9,0,1,7446a9e3b2ec6ea6,0000000000000000,0000000000000000,0,0
840,840,0,00002d4,04,2,2,3,cc451d460aefda03,3,3,3,1f45518cd9ef96c9,0,1,d6ee00511044c714,0000000000000000,0000000000000000,0,0
841,841,0,00002d8,04,2,2,3,411093cd87ba5488,3,3,3,1f45518cd9ef96c9,0,1,5bbb8eda9d11499f,0000000000000000,0000000000000000,0,0
842,842,0,00002dc,04,2,2,3,5c4ca69b9ae661de,3,3,3,1f45518cd9ef96c9,0,1,cc451d460aefda03,0000000000000000,0000000000000000,0,0
843,843,0,00002e0,04,2,2,3,d119281017b3ef55,3,3,3,1f45518cd9ef96c9,0,1,411093cd87ba5488,0000000000000000,0000000000000000,0,0
844,844,0,00002e4,04,2,2,3,46e7bb8c804d7cc9,3,3,3,1f45518cd9ef96c9,0,1,5c4ca69b9ae661de,0000000000000000,0000000000000000,0,0
845,845,0,00002e8,04,2,2,3,cbb235070d18f242,3,3,3,1f45518cd9ef96c9,0,1,d119281017b3ef55,0000000000000000,0000000000000000,0,0
846,846,0,00002ec,04,2,2,3,691a9cb5afb05bf0,3,3,3,1f45518cd9ef96c9,0,1,46e7bb8c804d7cc9,0000000000000000,0000000000000000,0,0
847,847,0,00002f0,04,2,2,3,e44f123e22e5d57b,3,3,3,1f45518cd9ef96c9,0,1,cbb235070d18f242,0000000000000000,0000000000000000,0,0
848,848,0,00002f4,04,2,2,3,73b181a2b51b46e7,3,3,3,1f45518cd9ef96c9,0,1,691a9cb5afb05bf0,0000000000000000,0000000000000000,0,0
849,849,0,00002f8,04,2,2,3,fee40f29384ec86c,3,3,3,1f45518cd9ef96c9,0,1,e44f123e22e5d57b,0000000000000000,0000000000000000,0,0
850,850,0,00002fc,04,2,2,3,36e0d2c7f04a1582,3,3,3,1f45518cd9ef96c9,0,1,73b181a2b51b46e7,0000000000000000,0000000000000000,0,0
851,851,0,0000300,04,2,2,3,bbb55c4c7d1f9b09,3,3,3,1f45518cd9ef96c9,0,1,fee40f29384ec86c,0000000000000000,0000000000000000,0,0
852,852,0,0000304,04,2,2,3,2c4bcfd0eae10895,3,3,3,1f45518cd9ef96c9,0,1,36e0d2c7f04a1582,0000000000000000,0000000000000000,0,0
853,853,0,0000308,04,2,2,3,a11e415b67b4861e,3,3,3,1f45518cd9ef96c9,0,1,bbb55c4c7d1f9b09,0000000000000000,0000000000000000,0,0
854,854,0,000030c,04,2,2,3,03b6e8e9c51c2fac,3,3,3,1f45518cd9ef96c9,0,1,2c4bcfd0eae10895,0000000000000000,0000000000000000,0,0
855,855,0,0000310,04,2,2,3,8ee366624849a127,3,3,3,1f45518cd9ef96c9,0,1,a11e415b67b4861e,0000000000000000,0000000000000000,0,0
856,856,0,0000314,04,2,2,3,191df5fedfb732bb,3,3,3,1f45518cd9ef96c9,0,1,03b6e8e9c51c2fac,0000000000000000,0000000000000000,0,0
857,857,0,0000318,04,2,2,3,94487b7552e2bc30,3,3,3,1f45518cd9ef96c9,0,1,8ee366624849a127,0000000000000000,0000000000000000,0,0
858,858,0,000031c,04,2,2,3,76c63db1b06cfaf4,3,3,3,1f45518cd9ef96c9,0,1,191df5fedfb732bb,0000000000000000,0000000000000000,0,0
859,859,0,0000320,04,2,2,3,fb93b33a3d39747f,3,3,3,1f45518cd9ef96c9,0,1,94487b7552e2bc30,0000000000000000,0000000000000000,0,0
860,860,0,0000324,04,2,2,3,6c6d20a6aac7e7e3,3,3,3,1f45518cd9ef96c9,0,1,76c63db1b06cfaf4,0000000000000000,0000000000000000,0,0
861,861,0,0000328,04,2,2,3,e138ae2d27926968,3,3,3,1f45518cd9ef96c9,0,1,fb93b33a3d39747f,0000000000000000,0000000000000000,0,0
862,862,0,000032c,04,2,2,3,4390079f853ac0da,3,3,3,1f45518cd9ef96c9,0,1,6c6d20a6aac7e7e3,0000000000000000,0000000000000000,0,0
863,863,0,0000330,04,2,2,3,cec58914086f4e51,3,3,3,1f45518cd9ef96c9,0,1,e138ae2d27926968,0000000000000000,0000000000000000,0,0
864,864,0,0000334,04,2,2,3,593b1a889f91ddcd,3,3,3,1f45518cd9ef96c9,0,1,4390079f853ac0da,0000000000000000,0000000000000000,0,0
865,865,0,0000338,04,2,2,3,d46e940312c45346,3,3,3,1f45518cd9ef96c9,0,1,cec58914086f4e51,0000000000000000,0000000000000000,0,0
866,866,0,000033c,04,2,2,3,1c6a49eddac08ea8,3,3,3,1f45518cd9ef96c9,0,1,593b1a889f91ddcd,0000000000000000,0000000000000000,0,0
867,867,0,0000340,04,2,2,3,913fc76657950023,3,3,3,1f45518cd9ef96c9,0,1,d46e940312c45346,0000000000000000,0000000000000000,0,0
868,868,0,0000344,04,2,2,3,06c154fac06b93bf,3,3,3,1f45518cd9ef96c9,0,1,1c6a49eddac08ea8,0000000000000000,0000000000000000,0,0
869,869,0,0000348,04,2,2,3,8b94da714d3e1d34,3,3,3,1f45518cd9ef96c9,0,1,913fc76657950023,0000000000000000,0000000000000000,0,0
870,870,0,000034c,04,2,2,3,293c73c3ef96b486,3,3,3,1f45518cd9ef96c9,0,1,06c154fac06b93bf,0000000000000000,0000000000000000,0,0
871,871,0,0000350,04,2,2,3,a469fd4862c33a0d,3,3,3,1f45518cd9ef96c9,0,1,8b94da714d3e1d34,0000000000000000,0000000000000000,0,0
872,872,0,0000354,04,2,2,3,33976ed4f53da991,3,3,3,1f45518cd9ef96c9,0,1,293c73c3ef96b486,0000000000000000,0000000000000000,0,0
873,873,0,0000358,04,2,2,3,bec2e05f7868271a,3,3,3,1f45518cd9ef96c9,0,1,a469fd4862c33a0d,0000000000000000,0000000000000000,0,0
874,874,0,000035c,04,2,2,3,a39ed5096534124c,3,3,3,1f45518cd9ef96c9,0,1,33976ed4f53da991,0000000000000000,0000000000000000,0,0
875,875,0,0000360,04,2,2,3,2ecb5b82e8619cc7,3,3,3,1f45518cd9ef96c9,0,1,bec2e05f7868271a,0000000000000000,0000000000000000,0,0
876,876,0,0000364,04,2,2,3,b935c81e7f9f0f5b,3,3,3,1f45518cd9ef96c9,0,1,a39ed5096534124c,0000000000000000,0000000000000000,0,0
877,877,0,0000368,04,2,2,3,34604695f2ca81d0,3,3,3,1f45518cd9ef96c9,0,1,2ecb5b82e8619cc7,0000000000000000,0000000000000000,0,0
878,878,0,000036c,04,2,2,3,96c8ef2750622862,3,3,3,1f45518cd9ef96c9,0,1,b935c81e7f9f0f5b,0000000000000000,0000000000000000,0,0
879,879,0,0000370,04,2,2,3,1b9d61acdd37a6e9,3,3,3,1f45518cd9ef96c9,0,1,34604695f2ca81d0,0000000000000000,0000000000000000,0,0
880,880,0,0000374,04,2,2,3,8c63f2304ac93575,3,3,3,1f45518cd9ef96c9,0,1,96c8ef2750622862,0000000000000000,0000000000000000,0,0
881,881,0,0000378,04,2,2,3,01367cbbc79cbbfe,3,3,3,1f45518cd9ef96c9,0,1,1b9d61acdd37a6e9,0000000000000000,0000000000000000,0,0
882,882,0,000037c,04,2,2,3,c932a1550f986610,3,3,3,1f45518cd9ef96c9,0,1,8c63f2304ac93575,0000000000000000,0000000000000000,0,0
883,883,0,0000380,04,2,2,3,44672fde82cde89b,3,3,3,1f45518cd9ef96c9,0,1,01367cbbc79cbbfe,0000000000000000,0000000000000000,0,0
884,884,0,0000384,04,2,2,3,d399bc4215337b07,3,3,3,1f45518cd9ef96c9,0,1,c932a1550f986610,0000000000000000,0000000000000000,0,0
885,885,0,0000388,04,2,2,3,5ecc32c99866f58c,3,3,3,1f45518cd9ef96c9,0,1,44672fde82cde89b,0000000000000000,0000000000000000,0,0
886,886,0,000038c,04,2,2,3,fc649b7b3ace5c3e,3,3,3,1f45518cd9ef96c9,0,1,d399bc4215337b07,0000000000000000,0000000000000000,0,0
887,887,0,0000390,04,2,2,3,713115f0b79bd2b5,3,3,3,1f45518cd9ef96c9,0,1,5ecc32c99866f58c,0000000000000000,0000000000000000,0,0
888,888,0,0000394,04,2,2,3,e6cf866c20654129,3,3,3,1f45518cd9ef96c9,0,1,fc649b7b3ace5c3e,0000000000000000,0000000000000000,0,0
889,889,0,0000398,04,2,2,3,6b9a08e7ad30cfa2,3,3,3,1f45518cd9ef96c9,0,1,713115f0b79bd2b5,0000000000000000,0000000000000000,0,0
890,890,0,000039c,04,2,2,3,dc77ecc01add2b85,3,3,3,1f45518cd9ef96c9,0,1,e6cf866c20654129,0000000000000000,0000000000000000,0,0
891,891,0,00003a0,04,2,2,3,5122624b9788a50e,3,3,3,1f45518cd9ef96c9,0,1,6b9a08e7ad30cfa2,0000000000000000,0000000000000000,0,0
892,892,0,00003a4,04,2,2,3,c6dcf1d700763692,3,3,3,1f45518cd9ef96c9,0,1,dc77ecc01add2b85,0000000000000000,0000000000000000,0,0
893,893,0,00003a8,04,2,2,3,4b897f5c8d23b819,3,3,3,1f45518cd9ef96c9,0,1,5122624b9788a50e,0000000000000000,0000000000000000,0,0
894,894,0,00003ac,04,2,2,3,e921d6ee2f8b11ab,3,3,3,1f45518cd9ef96c9,0,1,c6dcf1d700763692,0000000000000000,0000000000000000,0,0
895,895,0,00003b0,04,2,2,3,64745865a2de9f20,3,3,3,1f45518cd9ef96c9,0,1,4b897f5c8d23b819,0000000000000000,0000000000000000,0,0
896,896,0,00003b4,04,2,2,3,f38acbf935200cbc,3,3,3,1f45518cd9ef96c9,0,1,e921d6ee2f8b11ab,0000000000000000,0000000000000000,0,0
897,897,0,00003b8,04,2,2,3,7edf4572b8758237,3,3,3,1f45518cd9ef96c9,0,1,64745865a2de9f20,0000000000000000,0000000000000000,0,0
898,898,0,00003bc,04,2,2,3,b6db989c70715fd9,3,3,3,1f45518cd9ef96c9,0,1,f38acbf935200cbc,0000000000000000,0000000000000000,0,0
899,899,0,00003c0,04,2,2,3,3b8e1617fd24d152,3,3,3,1f45518cd9ef96c9,0,1,7edf4572b8758237,0000000000000000,0000000000000000,0,0
900,900,0,00003c4,04,2,2,3,ac70858b6ada42ce,3,3,3,1f45518cd9ef96c9,0,1,b6db989c70715fd9,0000000000000000,0000000000000000,0,0
901,901,0,00003c8,04,2,2,3,21250b00e78fcc45,3,3,3,1f45518cd9ef96c9,0,1,3b8e1617fd24d152,0000000000000000,0000000000000000,0,0
902,902,0,00003cc,04,2,2,3,838da2b2452765f7,3,3,3,1f45518cd9ef96c9,0,1,ac70858b6ada42ce,0000000000000000,0000000000000000,0,0
903,903,0,00003d0,04,2,2,3,0ed82c39c872eb7c,3,3,3,1f45518cd9ef96c9,0,1,21250b00e78fcc45,0000000000000000,0000000000000000,0,0
904,904,0,00003d4,04,2,2,3,9926bfa55f8c78e0,3,3,3,1f45518cd9ef96c9,0,1,838da2b2452765f7,0000000000000000,0000000000000000,0,0
905,905,0,00003d8,04,2,2,3,1473312ed2d9f66b,3,3,3,1f45518cd9ef96c9,0,1,0ed82c39c872eb7c,0000000000000000,0000000000000000,0,0
906,906,0,00003dc,04,2,2,3,092f0478cf85c33d,3,3,3,1f45518cd9ef96c9,0,1,9926bfa55f8c78e0,0000000000000000,0000000000000000,0,0
907,907,0,00003e0,04,2,2,3,847a8af342d04db6,3,3,3,1f45518cd9ef96c9,0,1,1473312ed2d9f66b,0000000000000000,0000000000000000,0,0
908,908,0,00003e4,04,2,2,3,1384196fd52ede2a,3,3,3,1f45518cd9ef96c9,0,1,092f0478cf85c33d,0000000000000000,0000000000000000,0,0
909,909,0,00003e8,04,2,2,3,9ed197e4587b50a1,3,3,3,1f45518cd9ef96c9,0,1,847a8af342d04db6,0000000000000000,0000000000000000,0,0
910,910,0,00003ec,04,2,2,3,3c793e56fad3f913,3,3,3,1f45518cd9ef96c9,0,1,1384196fd52ede2a,0000000000000000,0000000000000000,0,0
911,911,0,00003f0,04,2,2,3,b12cb0dd77867798,3,3,3,1f45518cd9ef96c9,0,1,9ed197e4587b50a1,0000000000000000,0000000000000000,0,0
912,912,0,00003f4,04,2,2,3,26d22341e078e404,3,3,3,1f45518cd9ef96c9,0,1,3c793e56fad3f913,0000000000000000,0000000000000000,0,0
913,913,0,00003f8,04,2,2,3,ab87adca6d2d6a8f,3,3,3,1f45518cd9ef96c9,0,1,b12cb0dd77867798,0000000000000000,0000000000000000,0,0
914,914,0,00003fc,04,2,2,3,63837024a529b761,3,3,3,1f45518cd9ef96c9,0,1,26d22341e078e404,0000000000000000,0000000000000000,0,0
915,915,0,0000000,04,2,2,3,eed6feaf287c39ea,3,3,3,1f45518cd9ef96c9,0,1,ab87adca6d2d6a8f,0000000000000000,0000000000000000,0,0
916,916,0,0000004,04,2,2,3,79286d33bf82aa76,3,3,3,1f45518cd9ef96c9,0,1,63837024a529b761,0000000000000000,0000000000000000,0,0
917,917,0,0000008,04,2,2,3,f47de3b832d724fd,3,3,3,1f45518cd9ef96c9,0,1,eed6feaf287c39ea,0000000000000000,0000000000000000,0,0
918,918,0,000000c,04,2,2,3,56d54a0a907f8d4f,3,3,3,1f45518cd9ef96c9,0,1,79286d33bf82aa76,0000000000000000,0000000000000000,0,0
919,919,0,0000010,04,2,2,3,db80c4811d2a03c4,3,3,3,1f45518cd9ef96c9,0,1,f47de3b832d724fd,0000000000000000,0000000000000000,0,0
920,920,0,0000014,04,2,2,3,4c7e571d8ad49058,3,3,3,1f45518cd9ef96c9,0,1,56d54a0a907f8d4f,0000000000000000,0000000000000000,0,0
921,921,0,0000018,04,2,2,3,c12bd99607811ed3,3,3,3,1f45518cd9ef96c9,0,1,db80c4811d2a03c4,0000000000000000,0000000000000000,0,0
922,922,0,000001c,04,2,2,3,8962da944fc81dd1,3,3,3,1f45518cd9ef96c9,0,1,4c7e571d8ad49058,0000000000000000,0000000000000000,0,0
923,923,0,0000020,04,2,2,3,0437541fc29d935a,3,3,3,1f45518cd9ef96c9,0,1,c12bd99607811ed3,0000000000000000,0000000000000000,0,0
924,924,0,0000024,04,2,2,3,93c9c783556300c6,3,3,3,1f45518cd9ef96c9,0,1,8962da944fc81dd1,0000000000000000,0000000000000000,0,0
925,925,0,0000028,04,2,2,3,1e9c4908d8368e4d,3,3,3,1f45518cd9ef96c9,0,1,0437541fc29d935a,0000000000000000,0000000000000000,0,0
926,926,0,000002c,04,2,2,3,bc34e0ba7a9e27ff,3,3,3,1f45518cd9ef96c9,0,1,93c9c783556300c6,0000000000000000,0000000000000000,0,0
927,927,0,0000030,04,2,2,3,31616e31f7cba974,3,3,3,1f45518cd9ef96c9,0,1,1e9c4908d8368e4d,0000000000000000,0000000000000000,0,0
928,928,0,0000034,04,2,2,3,a69ffdad60353ae8,3,3,3,1f45518cd9ef96c9,0,1,bc34e0ba7a9e27ff,0000000000000000,0000000000000000,0,0
929,929,0,0000038,04,2,2,3,2bca7326ed60b463,3,3,3,1f45518cd9ef96c9,0,1,31616e31f7cba974,0000000000000000,0000000000000000,0,0
930,930,0,000003c,04,2,2,3,e3ceaec82564698d,3,3,3,1f45518cd9ef96c9,0,1,a69ffdad60353ae8,0000000000000000,0000000000000000,0,0
931,931,0,0000040,04,2,2,3,6e9b2043a831e706,3,3,3,1f45518cd9ef96c9,0,1,2bca7326ed60b463,0000000000000000,0000000000000000,0,0
932,932,0,0000044,04,2,2,3,f965b3df3fcf749a,3,3,3,1f45518cd9ef96c9,0,1,e3ceaec82564698d,0000000000000000,0000000000000000,0,0
933,933,0,0000048,04,2,2,3,74303d54b29afa11,3,3,3,1f45518cd9ef96c9,0,1,6e9b2043a831e706,0000000000000000,0000000000000000,0,0
934,934,0,000004c,04,2,2,3,d69894e6103253a3,3,3,3,1f45518cd9ef96c9,0,1,f965b3df3fcf749a,0000000000000000,0000000000000000,0,0
935,935,0,0000050,04,2,2,3,5bcd1a6d9d67dd28,3,3,3,1f45518cd9ef96c9,0,1,74303d54b29afa11,0000000000000000,0000000000000000,0,0
936,936,0,0000054,04,2,2,3,cc3389f10a994eb4,3,3,3,1f45518cd9ef96c9,0,1,d69894e6103253a3,0000000000000000,0000000000000000,0,0
937,937,0,0000058,04,2,2,3,4166077a87ccc03f,3,3,3,1f45518cd9ef96c9,0,1,5bcd1a6d9d67dd28,0000000000000000,0000000000000000,0,0
938,938,0,000005c,04,2,2,3,5c3a322c9a90f569,3,3,3,1f45518cd9ef96c9,0,1,cc3389f10a994eb4,0000000000000000,0000000000000000,0,0
939,939,0,0000060,04,2,2,3,d16fbca717c57be2,3,3,3,1f45518cd9ef96c9,0,1,4166077a87ccc03f,0000000000000000,0000000000000000,0,0
940,940,0,0000064,04,2,2,3,46912f3b803be87e,3,3,3,1f45518cd9ef96c9,0,1,5c3a322c9a90f569,0000000000000000,0000000000000000,0,0
941,941,0,0000068,04,2,2,3,cbc4a1b00d6e66f5,3,3,3,1f45518cd9ef96c9,0,1,d16fbca717c57be2,0000000000000000,0000000000000000,0,0
942,942,0,000006c,04,2,2,3,696c0802afc6cf47,3,3,3,1f45518cd9ef96c9,0,1,46912f3b803be87e,0000000000000000,0000000000000000,0,0
943,943,0,0000070,04,2,2,3,e4398689229341cc,3,3,3,1f45518cd9ef96c9,0,1,cbc4a1b00d6e66f5,0000000000000000,0000000000000000,0,0
944,944,0,0000074,04,2,2,3,73c71515b56dd250,3,3,3,1f45518cd9ef96c9,0,1,696c0802afc6cf47,0000000000000000,0000000000000000,0,0
945,945,0,0000078,04,2,2,3,fe929b9e38385cdb,3,3,3,1f45518cd9ef96c9,0,1,e4398689229341cc,0000000000000000,0000000000000000,0,0
946,946,0,000007c,04,2,2,3,36964670f03c8135,3,3,3,1f45518cd9ef96c9,0,1,73c71515b56dd250,0000000000000000,0000000000000000,0,0
947,947,0,0000080,04,2,2,3,bbc3c8fb7d690fbe,3,3,3,1f45518cd9ef96c9,0,1,fe929b9e38385cdb,0000000000000000,0000000000000000,0,0
948,948,0,0000084,04,2,2,3,2c3d5b67ea979c22,3,3,3,1f45518cd9ef96c9,0,1,36964670f03c8135,0000000000000000,0000000000000000,0,0
949,949,0,0000088,04,2,2,3,a168d5ec67c212a9,3,3,3,1f45518cd9ef96c9,0,1,bbc3c8fb7d690fbe,0000000000000000,0000000000000000,0,0
950,950,0,000008c,04,2,2,3,03c07c5ec56abb1b,3,3,3,1f45518cd9ef96c9,0,1,2c3d5b67ea979c22,0000000000000000,0000000000000000,0,0
951,951,0,0000090,04,2,2,3,8e95f2d5483f3590,3,3,3,1f45518cd9ef96c9,0,1,a168d5ec67c212a9,0000000000000000,0000000000000000,0,0
952,952,0,0000094,04,2,2,3,196b6149dfc1a60c,3,3,3,1f45518cd9ef96c9,0,1,03c07c5ec56abb1b,0000000000000000,0000000000000000,0,0
953,953,0,0000098,04,2,2,3,943eefc252942887,3,3,3,1f45518cd9ef96c9,0,1,8e95f2d5483f3590,0000000000000000,0000000000000000,0,0
954,954,0,000009c,04,2,2,3,23d30be5e579cca0,3,3,3,1f45518cd9ef96c9,0,1,196b6149dfc1a60c,0000000000000000,0000000000000000,0,0
955,955,0,00000a0,04,2,2,3,ae86856e682c422b,3,3,3,1f45518cd9ef96c9,0,1,943eefc252942887,0000000000000000,0000000000000000,0,0
956,956,0,00000a4,04,2,2,3,397816f2ffd2d1b7,3,3,3,1f45518cd9ef96c9,0,1,23d30be5e579cca0,0000000000000000,0000000000000000,0,0
957,957,0,00000a8,04,2,2,3,b42d987972875f3c,3,3,3,1f45518cd9ef96c9,0,1,ae86856e682c422b,0000000000000000,0000000000000000,0,0
958,958,0,00000ac,04,2,2,3,168531cbd02ff68e,3,3,3,1f45518cd9ef96c9,0,1,397816f2ffd2d1b7,0000000000000000,0000000000000000,0,0
959,959,0,00000b0,04,2,2,3,9bd0bf405d7a7805,3,3,3,1f45518cd9ef96c9,0,1,b42d987972875f3c,0000000000000000,0000000000000000,0,0
960,960,0,00000b4,04,2,2,3,0c2e2cdcca84eb99,3,3,3,1f45518cd9ef96c9,0,1,168531cbd02ff68e,0000000000000000,0000000000000000,0,0
961,961,0,00000b8,04,2,2,3,817ba25747d16512,3,3,3,1f45518cd9ef96c9,0,1,9bd0bf405d7a7805,0000000000000000,0000000000000000,0,0
962,962,0,00000bc,04,2,2,3,497f7fb98fd5b8fc,3,3,3,1f45518cd9ef96c9,0,1,0c2e2cdcca84eb99,0000000000000000,0000000000000000,0,0
963,963,0,00000c0,04,2,2,3,c42af13202803677,3,3,3,1f45518cd9ef96c9,0,1,817ba25747d16512,0000000000000000,0000000000000000,0,0
964,964,0,00000c4,04,2,2,3,53d462ae957ea5eb,3,3,3,1f45518cd9ef96c9,0,1,497f7fb98fd5b8fc,0000000000000000,0000000000000000,0,0
965,965,0,00000c8,04,2,2,3,de81ec25182b2b60,3,3,3,1f45518cd9ef96c9,0,1,c42af13202803677,0000000000000000,0000000000000000,0,0
966,966,0,00000cc,04,2,2,3,7c294597ba8382d2,3,3,3,1f45518cd9ef96c9,0,1,53d462ae957ea5eb,0000000000000000,0000000000000000,0,0
967,967,0,00000d0,04,2,2,3,f17ccb1c37d60c59,3,3,3,1f45518cd9ef96c9,0,1,de81ec25182b2b60,0000000000000000,0000000000000000,0,0
968,968,0,00000d4,04,2,2,3,66825880a0289fc5,3,3,3,1f45518cd9ef96c9,0,1,7c294597ba8382d2,0000000000000000,0000000000000000,0,0
969,969,0,00000d8,04,2,2,3,ebd7d60b2d7d114e,3,3,3,1f45518cd9ef96c9,0,1,f17ccb1c37d60c59,0000000000000000,0000000000000000,0,0
970,970,0,00000dc,04,2,2,3,f68be35d30212418,3,3,3,1f45518cd9ef96c9,0,1,66825880a0289fc5,0000000000000000,0000000000000000,0,0
971,971,0,00000e0,04,2,2,3,7bde6dd6bd74aa93,3,3,3,1f45518cd9ef96c9,0,1,ebd7d60b2d7d114e,0000000000000000,0000000000000000,0,0
972,972,0,00000e4,04,2,2,3,ec20fe4a2a8a390f,3,3,3,1f45518cd9ef96c9,0,1,f68be35d30212418,0000000000000000,0000000000000000,0,0
973,973,0,00000e8,04,2,2,3,617570c1a7dfb784,3,3,3,1f45518cd9ef96c9,0,1,7bde6dd6bd74aa93,0000000000000000,0000000000000000,0,0
974,974,0,00000ec,04,2,2,3,c3ddd97305771e36,3,3,3,1f45518cd9ef96c9,0,1,ec20fe4a2a8a390f,0000000000000000,0000000000000000,0,0
975,975,0,00000f0,04,2,2,3,4e8857f8882290bd,3,3,3,1f45518cd9ef96c9,0,1,617570c1a7dfb784,0000000000000000,0000000000000000,0,0
976,976,0,00000f4,04,2,2,3,d976c4641fdc0321,3,3,3,1f45518cd9ef96c9,0,1,c3ddd97305771e36,0000000000000000,0000000000000000,0,0
977,977,0,00000f8,04,2,2,3,54234aef92898daa,3,3,3,1f45518cd9ef96c9,0,1,4e8857f8882290bd,0000000000000000,0000000000000000,0,0
978,978,0,00000fc,04,2,2,3,9c2797015a8d5044,3,3,3,1f45518cd9ef96c9,0,1,d976c4641fdc0321,0000000000000000,0000000000000000,0,0
979,979,0,0000100,04,2,2,3,1172198ad7d8decf,3,3,3,1f45518cd9ef96c9,0,1,54234aef92898daa,0000000000000000,0000000000000000,0,0
980,980,0,0000104,04,2,2,3,868c8a1640264d53,3,3,3,1f45518cd9ef96c9,0,1,9c2797015a8d5044,0000000000000000,0000000000000000,0,0
981,981,0,0000108,04,2,2,3,0bd9049dcd73c3d8,3,3,3,1f45518cd9ef96c9,0,1,1172198ad7d8decf,0000000000000000,0000000000000000,0,0
982,982,0,000010c,04,2,2,3,a971ad2f6fdb6a6a,3,3,3,1f45518cd9ef96c9,0,1,868c8a1640264d53,0000000000000000,0000000000000000,0,0
983,983,0,0000110,04,2,2,3,242423a4e28ee4e1,3,3,3,1f45518cd9ef96c9,0,1,0bd9049dcd73c3d8,0000000000000000,0000000000000000,0,0
984,984,0,0000114,04,2,2,3,b3dab0387570777d,3,3,3,1f45518cd9ef96c9,0,1,a971ad2f6fdb6a6a,0000000000000000,0000000000000000,0,0
985,985,0,0000118,04,2,2,3,3e8f3eb3f825f9f6,3,3,3,1f45518cd9ef96c9,0,1,242423a4e28ee4e1,0000000000000000,0000000000000000,0,0
986,986,0,000011c,04,2,2,3,dc0178771aabbf32,3,3,3,1f45518cd9ef96c9,0,1,b3dab0387570777d,0000000000000000,0000000000000000,0,0
987,987,0,0000120,04,2,2,3,5154f6fc97fe31b9,3,3,3,1f45518cd9ef96c9,0,1,3e8f3eb3f825f9f6,0000000000000000,0000000000000000,0,0
988,988,0,0000124,04,2,2,3,c6aa65600000a225,3,3,3,1f45518cd9ef96c9,0,1,dc0178771aabbf32,0000000000000000,0000000000000000,0,0
989,989,0,0000128,04,2,2,3,4bffebeb8d552cae,3,3,3,1f45518cd9ef96c9,0,1,5154f6fc97fe31b9,0000000000000000,0000000000000000,0,0
990,990,0,000012c,04,2,2,3,e95742592ffd851c,3,3,3,1f45518cd9ef96c9,0,1,c6aa65600000a225,0000000000000000,0000000000000000,0,0
991,991,0,0000130,04,2,2,3,6402ccd2a2a80b97,3,3,3,1f45518cd9ef96c9,0,1,4bffebeb8d552cae,0000000000000000,0000000000000000,0,0
992,992,0,0000134,04,2,2,3,f3fc5f4e3556980b,3,3,3,1f45518cd9ef96c9,0,1,e95742592ffd851c,0000000000000000,0000000000000000,0,0
993,993,0,0000138,04,2,2,3,7ea9d1c5b8031680,3,3,3,1f45518cd9ef96c9,0,1,6402ccd2a2a80b97,0000000000000000,0000000000000000,0,0
994,994,0,000013c,04,2,2,3,b6ad0c2b7007cb6e,3,3,3,1f45518cd9ef96c9,0,1,f3fc5f4e3556980b,0000000000000000,0000000000000000,0,0
995,995,0,0000140,04,2,2,3,3bf882a0fd5245e5,3,3,3,1f45518cd9ef96c9,0,1,7ea9d1c5b8031680,0000000000000000,0000000000000000,0,0
996,996,0,0000144,04,2,2,3,ac06113c6aacd679,3,3,3,1f45518cd9ef96c9,0,1,b6ad0c2b7007cb6e,0000000000000000,0000000000000000,0,0
997,997,0,0000148,04,2,2,3,21539fb7e7f958f2,3,3,3,1f45518cd9ef96c9,0,1,3bf882a0fd5245e5,0000000000000000,0000000000000000,0,0
998,998,0,000014c,04,2,2,3,83fb36054551f140,3,3,3,1f45518cd9ef96c9,0,1,ac06113c6aacd679,0000000000000000,0000000000000000,0,0
999,999,0,0000150,04,2,2,3,0eaeb88ec8047fcb,3,3,3,1f45518cd9ef96c9,0,1,21539fb7e7f958f2,0000000000000000,0000000000000000,0,0
1000,1000,0,0000154,04,2,2,3,99502b125ffaec57,3,3,3,1f45518cd9ef96c9,0,1,83fb36054551f140,0000000000000000,0000000000000000,0,0
1001,1001,0,0000158,04,2,2,3,1405a599d2af62dc,3,3,3,1f45518cd9ef96c9,0,1,0eaeb88ec8047fcb,0000000000000000,0000000000000000,0,0
1002,1002,0,000015c,04,2,2,3,095990cfcff3578a,3,3,3,1f45518cd9ef96c9,0,1,99502b125ffaec57,0000000000000000,0000000000000000,0,0
1003,1003,0,0000160,04,2,2,3,840c1e4442a6d901,3,3,3,1f45518cd9ef96c9,0,1,1405a599d2af62dc,0000000000000000,0000000000000000,0,0
1004,1004,0,0000164,04,2,2,3,13f28dd8d5584a9d,3,3,3,1f45518cd9ef96c9,0,1,095990cfcff3578a,0000000000000000,0000000000000000,0,0
1005,1005,0,0000168,04,2,2,3,9ea70353580dc416,3,3,3,1f45518cd9ef96c9,0,1,840c1e4442a6d901,0000000000000000,0000000000000000,0,0
1006,1006,0,000016c,04,2,2,3,3c0faae1faa56da4,3,3,3,1f45518cd9ef96c9,0,1,13f28dd8d5584a9d,0000000000000000,0000000000000000,0,0
1007,1007,0,0000170,04,2,2,3,b15a246a77f0e32f,3,3,3,1f45518cd9ef96c9,0,1,9ea70353580dc416,0000000000000000,0000000000000000,0,0
1008,1008,0,0000174,04,2,2,3,26a4b7f6e00e70b3,3,3,3,1f45518cd9ef96c9,0,1,3c0faae1faa56da4,0000000000000000,0000000000000000,0,0
1009,1009,0,0000178,04,2,2,3,abf1397d6d5bfe38,3,3,3,1f45518cd9ef96c9,0,1,b15a246a77f0e32f,0000000000000000,0000000000000000,0,0
1010,1010,0,000017c,04,2,2,3,63f5e493a55f23d6,3,3,3,1f45518cd9ef96c9,0,1,26a4b7f6e00e70b3,0000000000000000,0000000000000000,0,0
1011,1011,0,0000180,04,2,2,3,eea06a18280aad5d,3,3,3,1f45518cd9ef96c9,0,1,abf1397d6d5bfe38,0000000000000000,0000000000000000,0,0
1012,1012,0,0000184,04,2,2,3,795ef984bff43ec1,3,3,3,1f45518cd9ef96c9,0,1,63f5e493a55f23d6,0000000000000000,0000000000000000,0,0
1013,1013,0,0000188,04,2,2,3,f40b770f32a1b04a,3,3,3,1f45518cd9ef96c9,0,1,eea06a18280aad5d,0000000000000000,0000000000000000,0,0
1014,1014,0,000018c,04,2,2,3,56a3debd900919f8,3,3,3,1f45518cd9ef96c9,0,1,795ef984bff43ec1,0000000000000000,0000000000000000,0,0
1015,1015,0,0000190,04,2,2,3,dbf650361d5c9773,3,3,3,1f45518cd9ef96c9,0,1,f40b770f32a1b04a,0000000000000000,0000000000000000,0,0
1016,1016,0,0000194,04,2,2,3,4c08c3aa8aa204ef,3,3,3,1f45518cd9ef96c9,0,1,56a3debd900919f8,0000000000000000,0000000000000000,0,0
1017,1017,0,0000198,04,2,2,3,c15d4d2107f78a64,3,3,3,1f45518cd9ef96c9,0,1,dbf650361d5c9773,0000000000000000,0000000000000000,0,0
1018,1018,0,000019c,04,2,2,3,76b0a906b01a6e43,3,3,3,1f45518cd9ef96c9,0,1,4c08c3aa8aa204ef,0000000000000000,0000000000000000,0,0
1019,1019,0,00001a0,04,2,2,3,fbe5278d3d4fe0c8,3,3,3,1f45518cd9ef96c9,0,1,c15d4d2107f78a64,0000000000000000,0000000000000000,0,0
1020,1020,0,00001a4,04,2,2,3,6c1bb411aab17354,3,3,3,1f45518cd9ef96c9,0,1,76b0a906b01a6e43,0000000000000000,0000000000000000,0,0
1021,1021,0,00001a8,04,2,2,3,e14e3a9a27e4fddf,3,3,3,1f45518cd9ef96c9,0,1,fbe5278d3d4fe0c8,0000000000000000,0000000000000000,0,0
1022,1022,0,00001ac,04,2,2,3,43e69328854c546d,3,3,3,1f45518cd9ef96c9,0,1,6c1bb411aab17354,0000000000000000,0000000000000000,0,0
1023,1023,0,00001b0,04,2,2,3,ceb31da30819dae6,3,3,3,1f45518cd9ef96c9,0,1,e14e3a9a27e4fddf,0000000000000000,0000000000000000,0,0
1024,1024,0,00001b4,04,2,2,3,594d8e3f9fe7497a,3,3,3,1f45518cd9ef96c9,0,1,43e69328854c546d,0000000000000000,0000000000000000,0,0
1025,1025,0,00001b8,04,2,2,3,d41800b412b2c7f1,3,3,3,1f45518cd9ef96c9,0,1,ceb31da30819dae6,0000000000000000,0000000000000000,0,0
1026,1026,0,00001bc,04,2,2,3,1c1cdd5adab61a1f,3,3,3,1f45518cd9ef96c9,0,1,594d8e3f9fe7497a,0000000000000000,0000000000000000,0,0
1027,1027,0,00001c0,04,2,2,3,914953d157e39494,3,3,3,1f45518cd9ef96c9,0,1,d41800b412b2c7f1,0000000000000000,0000000000000000,0,0
1028,1028,0,00001c4,04,2,2,3,06b7c04dc01d0708,3,3,3,1f45518cd9ef96c9,0,1,1c1cdd5adab61a1f,0000000000000000,0000000000000000,0,0
1029,1029,0,00001c8,04,2,2,3,8be24ec64d488983,3,3,3,1f45518cd9ef96c9,0,1,914953d157e39494,0000000000000000,0000000000000000,0,0
1030,1030,0,00001cc,04,2,2,3,294ae774efe02031,3,3,3,1f45518cd9ef96c9,0,1,06b7c04dc01d0708,0000000000000000,0000000000000000,0,0
1031,1031,0,00001d0,04,2,2,3,a41f69ff62b5aeba,3,3,3,1f45518cd9ef96c9,0,1,8be24ec64d488983,0000000000000000,0000000000000000,0,0
1032,1032,0,00001d4,04,2,2,3,33e1fa63f54b3d26,3,3,3,1f45518cd9ef96c9,0,1,294ae774efe02031,0000000000000000,0000000000000000,0,0
1033,1033,0,00001d8,04,2,2,3,beb474e8781eb3ad,3,3,3,1f45518cd9ef96c9,0,1,a41f69ff62b5aeba,0000000000000000,0000000000000000,0,0
1034,1034,0,00001dc,04,2,2,3,a3e841be654286fb,3,3,3,1f45518cd9ef96c9,0,1,33e1fa63f54b3d26,0000000000000000,0000000000000000,0,0
1035,1035,0,00001e0,04,2,2,3,2ebdcf35e8170870,3,3,3,1f45518cd9ef96c9,0,1,beb474e8781eb3ad,0000000000000000,0000000000000000,0,0
1036,1036,0,00001e4,04,2,2,3,b9435ca97fe99bec,3,3,3,1f45518cd9ef96c9,0,1,a3e841be654286fb,0000000000000000,0000000000000000,0,0
1037,1037,0,00001e8,04,2,2,3,3416d222f2bc1567,3,3,3,1f45518cd9ef96c9,0,1,2ebdcf35e8170870,0000000000000000,0000000000000000,0,0
1038,1038,0,00001ec,04,2,2,3,96be7b905014bcd5,3,3,3,1f45518cd9ef96c9,0,1,b9435ca97fe99bec,0000000000000000,0000000000000000,0,0
1039,1039,0,00001f0,04,2,2,3,1bebf51bdd41325e,3,3,3,1f45518cd9ef96c9,0,1,3416d222f2bc1567,0000000000000000,0000000000000000,0,0
1040,1040,0,00001f4,04,2,2,3,8c1566874abfa1c2,3,3,3,1f45518cd9ef96c9,0,1,96be7b905014bcd5,0000000000000000,0000000000000000,0,0
1041,1041,0,00001f8,04,2,2,3,0140e80cc7ea2f49,3,3,3,1f45518cd9ef96c9,0,1,1bebf51bdd41325e,0000000000000000,0000000000000000,0,0
1042,1042,0,00001fc,04,2,2,3,c94435e20feef2a7,3,3,3,1f45518cd9ef96c9,0,1,8c1566874abfa1c2,0000000000000000,0000000000000000,0,0
1043,1043,0,0000200,04,2,2,3,4411bb6982bb7c2c,3,3,3,1f45518cd9ef96c9,0,1,0140e80cc7ea2f49,0000000000000000,0000000000000000,0,0
1044,1044,0,0000204,04,2,2,3,d3ef28f51545efb0,3,3,3,1f45518cd9ef96c9,0,1,c94435e20feef2a7,0000000000000000,0000000000000000,0,0
1045,1045,0,0000208,04,2,2,3,5ebaa67e9810613b,3,3,3,1f45518cd9ef96c9,0,1,4411bb6982bb7c2c,0000000000000000,0000000000000000,0,0
1046,1046,0,000020c,04,2,2,3,fc120fcc3ab8c889,3,3,3,1f45518cd9ef96c9,0,1,d3ef28f51545efb0,0000000000000000,0000000000000000,0,0
1047,1047,0,0000210,04,2,2,3,71478147b7ed4602,3,3,3,1f45518cd9ef96c9,0,1,5ebaa67e9810613b,0000000000000000,0000000000000000,0,0
1048,1048,0,0000214,04,2,2,3,e6b912db2013d59e,3,3,3,1f45518cd9ef96c9,0,1,fc120fcc3ab8c889,0000000000000000,0000000000000000,0,0
1049,1049,0,0000218,04,2,2,3,6bec9c50ad465b15,3,3,3,1f45518cd9ef96c9,0,1,71478147b7ed4602,0000000000000000,0000000000000000,0,0
1050,1050,0,000021c,04,2,2,3,23a59f52e50f5817,3,3,3,1f45518cd9ef96c9,0,1,e6b912db2013d59e,0000000000000000,0000000000000000,0,0
1051,1051,0,0000220,04,2,2,3,aef011d9685ad69c,3,3,3,1f45518cd9ef96c9,0,1,6bec9c50ad465b15,0000000000000000,0000000000000000,0,0
1052,1052,0,0000224,04,2,2,3,390e8245ffa44500,3,3,3,1f45518cd9ef96c9,0,1,23a59f52e50f5817,0000000000000000,0000000000000000,0,0
1053,1053,0,0000228,04,2,2,3,b45b0cce72f1cb8b,3,3,3,1f45518cd9ef96c9,0,1,aef011d9685ad69c,0000000000000000,0000000000000000,0,0
1054,1054,0,000022c,04,2,2,3,16f3a57cd0596239,3,3,3,1f45518cd9ef96c9,0,1,390e8245ffa44500,0000000000000000,0000000000000000,0,0
1055,1055,0,0000230,04,2,2,3,9ba62bf75d0cecb2,3,3,3,1f45518cd9ef96c9,0,1,b45b0cce72f1cb8b,0000000000000000,0000000000000000,0,0
1056,1056,0,0000234,04,2,2,3,0c58b86bcaf27f2e,3,3,3,1f45518cd9ef96c9,0,1,16f3a57cd0596239,0000000000000000,0000000000000000,0,0
1057,1057,0,0000238,04,2,2,3,810d36e047a7f1a5,3,3,3,1f45518cd9ef96c9,0,1,9ba62bf75d0cecb2,0000000000000000,0000000000000000,0,0
1058,1058,0,000023c,04,2,2,3,4909eb0e8fa32c4b,3,3,3,1f45518cd9ef96c9,0,1,0c58b86bcaf27f2e,0000000000000000,0000000000000000,0,0
1059,1059,0,0000240,04,2,2,3,c45c658502f6a2c0,3,3,3,1f45518cd9ef96c9,0,1,810d36e047a7f1a5,0000000000000000,0000000000000000,0,0
1060,1060,0,0000244,04,2,2,3,53a2f6199508315c,3,3,3,1f45518cd9ef96c9,0,1,4909eb0e8fa32c4b,0000000000000000,0000000000000000,0,0
1061,1061,0,0000248,04,2,2,3,def77892185dbfd7,3,3,3,1f45518cd9ef96c9,0,1,c45c658502f6a2c0,0000000000000000,0000000000000000,0,0
1062,1062,0,000024c,04,2,2,3,7c5fd120baf51665,3,3,3,1f45518cd9ef96c9,0,1,53a2f6199508315c,0000000000000000,0000000000000000,0,0
1063,1063,0,0000250,04,2,2,3,f10a5fab37a098ee,3,3,3,1f45518cd9ef96c9,0,1,def77892185dbfd7,0000000000000000,0000000000000000,0,0
1064,1064,0,0000254,04,2,2,3,66f4cc37a05e0b72,3,3,3,1f45518cd9ef96c9,0,1,7c5fd120baf51665,0000000000000000,0000000000000000,0,0
1065,1065,0,0000258,04,2,2,3,eba142bc2d0b85f9,3,3,3,1f45518cd9ef96c9,0,1,f10a5fab37a098ee,0000000000000000,0000000000000000,0,0
1066,1066,0,000025c,04,2,2,3,f6fd77ea3057b0af,3,3,3,1f45518cd9ef96c9,0,1,66f4cc37a05e0b72,0000000000000000,0000000000000000,0,0
1067,1067,0,0000260,04,2,2,3,7ba8f961bd023e24,3,3,3,1f45518cd9ef96c9,0,1,eba142bc2d0b85f9,0000000000000000,0000000000000000,0,0
1068,1068,0,0000264,04,2,2,3,ec566afd2afcadb8,3,3,3,1f45518cd9ef96c9,0,1,f6fd77ea3057b0af,0000000000000000,0000000000000000,0,0
1069,1069,0,0000268,04,2,2,3,6103e476a7a92333,3,3,3,1f45518cd9ef96c9,0,1,7ba8f961bd023e24,0000000000000000,0000000000000000,0,0
1070,1070,0,000026c,04,2,2,3,c3ab4dc405018a81,3,3,3,1f45518cd9ef96c9,0,1,ec566afd2afcadb8,0000000000000000,0000000000000000,0,0
1071,1071,0,0000270,04,2,2,3,4efec34f8854040a,3,3,3,1f45518cd9ef96c9,0,1,6103e476a7a92333,0000000000000000,0000000000000000,0,0
1072,1072,0,0000274,04,2,2,3,d90050d31faa9796,3,3,3,1f45518cd9ef96c9,0,1,c3ab4dc405018a81,0000000000000000,0000000000000000,0,0
1073,1073,0,0000278,04,2,2,3,5455de5892ff191d,3,3,3,1f45518cd9ef96c9,0,1,4efec34f8854040a,0000000000000000,0000000000000000,0,0
1074,1074,0,000027c,04,2,2,3,9c5103b65afbc4f3,3,3,3,1f45518cd9ef96c9,0,1,d90050d31faa9796,0000000000000000,0000000000000000,0,0
1075,1075,0,0000280,04,2,2,3,11048d3dd7ae4a78,3,3,3,1f45518cd9ef96c9,0,1,5455de5892ff191d,0000000000000000,0000000000000000,0,0
1076,1076,0,0000284,04,2,2,3,86fa1ea14050d9e4,3,3,3,1f45518cd9ef96c9,0,1,9c5103b65afbc4f3,0000000000000000,0000000000000000,0,0
1077,1077,0,0000288,04,2,2,3,0baf902acd05576f,3,3,3,1f45518cd9ef96c9,0,1,11048d3dd7ae4a78,0000000000000000,0000000000000000,0,0
1078,1078,0,000028c,04,2,2,3,a90739986fadfedd,3,3,3,1f45518cd9ef96c9,0,1,86fa1ea14050d9e4,0000000000000000,0000000000000000,0,0
1079,1079,0,0000290,04,2,2,3,2452b713e2f87056,3,3,3,1f45518cd9ef96c9,0,1,0baf902acd05576f,0000000000000000,0000000000000000,0,0
1080,1080,0,0000294,04,2,2,3,b3ac248f7506e3ca,3,3,3,1f45518cd9ef96c9,0,1,a90739986fadfedd,0000000000000000,0000000000000000,0,0
1081,1081,0,0000298,04,2,2,3,3ef9aa04f8536d41,3,3,3,1f45518cd9ef96c9,0,1,2452b713e2f87056,0000000000000000,0000000000000000,0,0
1082,1082,0,000029c,04,2,2,3,89144e234fbe8966,3,3,3,1f45518cd9ef96c9,0,1,b3ac248f7506e3ca,0000000000000000,0000000000000000,0,0
1083,1083,0,00002a0,04,2,2,3,0441c0a8c2eb07ed,3,3,3,1f45518cd9ef96c9,0,1,3ef9aa04f8536d41,0000000000000000,0000000000000000,0,0
1084,1084,0,00002a4,04,2,2,3,93bf533455159471,3,3,3,1f45518cd9ef96c9,0,1,89144e234fbe8966,0000000000000000,0000000000000000,0,0
1085,1085,0,00002a8,04,2,2,3,1eeaddbfd8401afa,3,3,3,1f45518cd9ef96c9,0,1,0441c0a8c2eb07ed,0000000000000000,0000000000000000,0,0
1086,1086,0,00002ac,04,2,2,3,bc42740d7ae8b348,3,3,3,1f45518cd9ef96c9,0,1,93bf533455159471,0000000000000000,0000000000000000,0,0
1087,1087,0,00002b0,04,2,2,3,3117fa86f7bd3dc3,3,3,3,1f45518cd9ef96c9,0,1,1eeaddbfd8401afa,0000000000000000,0000000000000000,0,0
1088,1088,0,00002b4,04,2,2,3,a6e9691a6043ae5f,3,3,3,1f45518cd9ef96c9,0,1,bc42740d7ae8b348,0000000000000000,0000000000000000,0,0
1089,1089,0,00002b8,04,2,2,3,2bbce791ed1620d4,3,3,3,1f45518cd9ef96c9,0,1,3117fa86f7bd3dc3,0000000000000000,0000000000000000,0,0
1090,1090,0,00002bc,04,2,2,3,e3b83a7f2512fd3a,3,3,3,1f45518cd9ef96c9,0,1,a6e9691a6043ae5f,0000000000000000,0000000000000000,0,0
1091,1091,0,0000000,00,3,3,3,6eedb4f4a84773b1,3,3,3,1f45518cd9ef96c9,0,1,2bbce791ed1620d4,0000000000000000,0000000000000000,0,0
1092,1092,0,0000000,00,3,3,3,f91327683fb9e02d,0,3,3,1f45518cd9ef96c9,0,1,e3b83a7f2512fd3a,0000000000000000,0000000000000000,0,0
1093,1093,0,0000000,00,3,3,3,7446a9e3b2ec6ea6,0,3,3,1f45518cd9ef96c9,0,1,6eedb4f4a84773b1,0000000000000000,0000000000000000,0,0
1094,1094,0,0000000,04,3,2,2,d6ee00511044c714,0,3,2,1f45518cd9ef96c9,0,1,f91327683fb9e02d,0000000000000000,0000000000000000,0,0
1095,1095,0,0000000,00,3,3,3,5bbb8eda9d11499f,0,3,3,1f45518cd9ef96c9,0,1,7446a9e3b2ec6ea6,0000000000000000,0000000000000000,0,0
1096,1096,0,0000000,00,3,3,3,cc451d460aefda03,0,3,3,1f45518cd9ef96c9,0,1,d6ee00511044c714,0000000000000000,0000000000000000,0,0
1097,1097,0,0000000,00,3,3,3,411093cd87ba5488,0,3,3,1f45518cd9ef96c9,0,1,5bbb8eda9d11499f,0000000000000000,0000000000000000,0,0
1098,1098,0,0000000,00,2,2,2,0000000000004110,0,3,3,1f45518cd9ef96c9,0,1,cc451d460aefda03,0000000000000000,0000000000000000,0,0
1099,1099,0,0000000,00,3,3,3,0000000000000000,0,3,3,1f45518cd9ef96c9,0,1,411093cd87ba5488,0000000000000000,0000000000000000,0,0
1100,1100,0,0000000,00,3,3,3,0000000000000000,0,0,3,1f45518cd9ef96c9,0,1,0000000000004110,0000000000000000,0000000000000000,0,0
1101,1101,0,0000000,00,3,3,3,0000000000000000,0,0,3,1f45518cd9ef96c9,0,1,0000000000000000,0000000000000000,0000000000000000,0,0
1102,1102,0,0000000,00,3,3,3,0000000000000000,0,0,3,1f45518cd9ef96c9,0,1,0000000000000000,0000000000000000,0000000000000000,0,0
1103,1103,0,0000000,00,3,3,3,0000000000000000,0,0,3,1f45518cd9ef96c9,0,1,0000000000000000,0000000000000000,0000000000000000,0,0
1104,1104,0,0000000,00,3,3,3,0000000000000000,0,0,3,1f45518cd9ef96c9,0,1,0000000000000000,0000000000000000,0000000000000000,0,0
1105,1105,0,0000000,00,3,3,3,0000000000000000,0,0,3,1f45518cd9ef96c9,0,1,0000000000000000,0000000000000000,0000000000000000,0,0
1106,1106,0,0000000,00,3,3,3,0000000000000000,0,0,3,1f45518cd9ef96c9,0,1,0000000000000000,0000000000000000,0000000000000000,0,0
1107,1107,0,0000000,00,3,3,3,0000000000000000,0,0,3,1f45518cd9ef96c9,0,1,0000000000000000,0000000000000000,0000000000000000,0,0
1108,1108,0,0000000,00,3,3,3,0000000000000000,0,0,3,1f45518cd9ef96c9,0,1,0000000000000000,0000000000000000,0000000000000000,0,0
1109,1109,0,0000000,00,3,3,3,0000000000000000,0,0,3,e097221e263de55b,0,1,0000000000000000,0000000000000000,0000000000000000,0,0
1110,1110,0,0000000,00,3,3,3,0000000000000000,0,0,3,e097221e263de55b,0,1,0000000000000000,0000000000000000,0000000000000000,0,0
1111,1111,0,0000000,00,3,3,3,0000000000000000,0,0,3,e097221e263de55b,0,1,0000000000000000,0000000000000000,0000000000000000,0,0
1112,1112,0,0000000,00,3,3,3,0000000000000000,0,0,3,e097221e263de55b,0,1,0000000000000000,0000000000000000,0000000000000000,0,0
1113,1113,0,0000000,00,3,2,2,0000000000000000,0,0,3,e097221e263de55b,0,1,0000000000000000,0000000000000000,0000000000000000,0,0
1114,1114,0,0000000,00,3,3,3,0000000000000000,0,0,3,e097221e263de55b,0,1,0000000000000000,0000000000000000,0000000000000000,0,0
1115,1115,0,0000000,00,3,3,3,0000000000000000,0,0,3,e097221e263de55b,0,1,0000000000000000,0000000000000000,0000000000000000,0,0
1116,1116,0,0000000,00,3,3,3,0000000000000000,0,0,3,e097221e263de55b,0,1,0000000000000000,0000000000000000,0000000000000000,0,0
1117,1117,0,0000000,00,3,3,3,0000000000000000,0,0,3,e097221e263de55b,0,1,0000000000000000,0000000000000000,0000000000000000,0,0
1118,1118,0,0000120,00,2,2,3,0000000000000000,0,0,2,e097221e263de55b,3,1,0000000000000000,0000000000000000,0000000000000000,0,0
1119,1119,0,0000124,00,2,2,3,0000000000000000,0,0,2,6dc2ac95ab686bd0,3,1,0000000000000000,0000000000000000,0000000000000000,0,0
1120,1120,0,0000128,00,2,2,3,0000000000000000,0,0,2,fa3c3f093c96f84c,3,1,0000000000000000,0000000000000000,0000000000000000,0,0
1121,1121,0,000012c,00,2,2,3,0000000000000000,0,0,2,7769b182b1c376c7,3,1,0000000000000000,0000000000000000,0000000000000000,0,0
1122,1122,0,0000130,00,2,2,3,0000000000000000,0,0,2,d5c11830136bdf75,3,1,0000000000000000,0000000000000000,0000000000000000,0,0
1123,1123,0,0000134,00,2,2,3,0012000000000000,0,0,2,589496bb9e3e51fe,3,1,0000000000000000,0000000000000000,0000000000000000,0,0
1124,1124,0,0000138,00,2,2,3,221e263de55be097,0,0,2,cf6a052709c0c262,3,1,0000000000000000,0000000000000000,0000000000000000,0,0
1125,1125,0,000013c,00,2,2,3,ac95ab686bd0e097,0,0,2,423f8bac84954ce9,3,1,0012000000000000,0000000000000000,0000000000000000,0,0
1126,1126,0,0000140,00,2,2,3,3f093c96f84c6dc2,0,0,2,5f63befa99c979bf,3,1,221e263de55be097,0000000000000000,0000000000000000,0,0
1127,1127,0,0000144,00,2,2,3,b182b1c376c7fa3c,0,0,2,d2363071149cf734,3,1,ac95ab686bd0e097,0000000000000000,0000000000000000,0,0
1128,1128,0,0000148,00,2,2,3,1830136bdf757769,0,0,2,45c8a3ed836264a8,3,1,3f093c96f84c6dc2,0000000000000000,0000000000000000,0,0
1129,1129,0,000014c,00,2,2,3,96bb9e3e51fed5c1,0,0,2,c89d2d660e37ea23,3,1,b182b1c376c7fa3c,0000000000000000,0000000000000000,0,0
1130,1130,0,0000150,00,2,2,3,052709c0c2625894,0,0,2,6a3584d4ac9f4391,3,1,1830136bdf757769,0000000000000000,0000000000000000,0,0
1131,1131,0,0000154,00,2,2,3,8bac84954ce9cf6a,0,0,2,e7600a5f21cacd1a,3,1,96bb9e3e51fed5c1,0000000000000000,0000000000000000,0,0
1132,1132,0,0000158,00,2,2,3,befa99c979bf423f,0,0,2,709e99c3b6345e86,3,1,052709c0c2625894,0000000000000000,0000000000000000,0,0
1133,1133,0,000015c,00,2,2,3,3071149cf7345f63,0,0,2,fdcb17483b61d00d,3,1,8bac84954ce9cf6a,0000000000000000,0000000000000000,0,0
1134,1134,0,0000160,00,2,2,3,a3ed836264a8d236,0,0,2,35cfcaa6f3650de3,3,1,befa99c979bf423f,0000000000000000,0000000000000000,0,0
1135,1135,0,0000164,00,2,2,3,2d660e37ea2345c8,0,0,2,b89a442d7e308368,3,1,3071149cf7345f63,0000000000000000,0000000000000000,0,0
1136,1136,0,0000168,00,2,2,3,84d4ac9f4391c89d,0,0,2,2f64d7b1e9ce10f4,3,1,a3ed836264a8d236,0000000000000000,0000000000000000,0,0
1137,1137,0,000016c,00,2,2,3,0a5f21cacd1a6a35,0,0,2,a231593a649b9e7f,3,1,2d660e37ea2345c8,0000000000000000,0000000000000000,0,0
1138,1138,0,0000170,00,2,2,3,99c3b6345e86e760,0,0,2,0099f088c63337cd,3,1,84d4ac9f4391c89d,0000000000000000,0000000000000000,0,0
1139,1139,0,0000174,00,2,2,3,17483b61d00d709e,0,0,2,8dcc7e034b66b946,3,1,0a5f21cacd1a6a35,0000000000000000,0000000000000000,0,0
1140,1140,0,0000178,00,2,2,3,caa6f3650de3fdcb,0,0,2,1a32ed9fdc982ada,3,1,99c3b6345e86e760,0000000000000000,0000000000000000,0,0
1141,1141,0,000017c,00,2,2,3,442d7e30836835cf,0,0,2,9767631451cda451,3,1,17483b61d00d709e,0000000000000000,0000000000000000,0,0
1142,1142,0,0000180,00,2,2,3,d7b1e9ce10f4b89a,0,0,2,208a8733e6204076,3,1,caa6f3650de3fdcb,0000000000000000,0000000000000000,0,0
1143,1143,0,0000184,00,2,2,3,593a649b9e7f2f64,0,0,2,addf09b86b75cefd,3,1,442d7e30836835cf,0000000000000000,0000000000000000,0,0
1144,1144,0,0000188,00,2,2,3,f088c63337cda231,0,0,2,3a219a24fc8b5d61,3,1,d7b1e9ce10f4b89a,0000000000000000,0000000000000000,0,0
1145,1145,0,000018c,00,2,2,3,7e034b66b9460099,0,0,2,b77414af71ded3ea,3,1,593a649b9e7f2f64,0000000000000000,0000000000000000,0,0
1146,1146,0,0000190,00,2,2,3,ed9fdc982ada8dcc,0,0,2,15dcbd1dd3767a58,3,1,f088c63337cda231,0000000000000000,0000000000000000,0,0
1147,1147,0,0000194,00,2,2,3,631451cda4511a32,0,0,2,988933965e23f4d3,3,1,7e034b66b9460099,0000000000000000,0000000000000000,0,0
1148,1148,0,0000198,00,2,2,3,8733e62040769767,0,0,2,0f77a00ac9dd674f,3,1,ed9fdc982ada8dcc,0000000000000000,0000000000000000,0,0
1149,1149,0,000019c,00,2,2,3,09b86b75cefd208a,0,0,2,82222e814488e9c4,3,1,631451cda4511a32,0000000000000000,0000000000000000,0,0
1150,1150,0,00001a0,00,2,2,3,9a24fc8b5d61addf,0,0,2,4a26f36f8c8c342a,3,1,8733e62040769767,0000000000000000,0000000000000000,0,0
1151,1151,0,00001a4,00,2,2,3,14af71ded3ea3a21,0,0,2,c7737de401d9baa1,3,1,09b86b75cefd208a,0000000000000000,0000000000000000,0,0
1152,1152,0,00001a8,00,2,2,3,bd1dd3767a58b774,0,0,2,508dee789627293d,3,1,9a24fc8b5d61addf,0000000000000000,0000000000000000,0,0
1153,1153,0,00001ac,00,2,2,3,33965e23f4d315dc,0,0,2,ddd860f31b72a7b6,3,1,14af71ded3ea3a21,0000000000000000,0000000000000000,0,0
1154,1154,0,00001b0,00,2,2,3,a00ac9dd674f9889,0,0,2,7f70c941b9da0e04,3,1,bd1dd3767a58b774,0000000000000000,0000000000000000,0,0
1155,1155,0,00001b4,00,2,2,3,2e814488e9c40f77,0,0,2,f22547ca348f808f,3,1,33965e23f4d315dc,0000000000000000,0000000000000000,0,0
1156,1156,0,00001b8,00,2,2,3,f36f8c8c342a8222,0,0,2,65dbd456a3711313,3,1,a00ac9dd674f9889,0000000000000000,0000000000000000,0,0
1157,1157,0,00001bc,00,2,2,3,7de401d9baa14a26,0,0,2,e88e5add2e249d98,3,1,2e814488e9c40f77,0000000000000000,0000000000000000,0,0
1158,1158,0,00001c0,00,2,2,3,ee789627293dc773,0,0,2,f5d26f8b3378a8ce,3,1,f36f8c8c342a8222,0000000000000000,0000000000000000,0,0
1159,1159,0,00001c4,00,2,2,3,60f31b72a7b6508d,0,0,2,7887e100be2d2645,3,1,7de401d9baa14a26,0000000000000000,0000000000000000,0,0
1160,1160,0,00001c8,00,2,2,3,c941b9da0e04ddd8,0,0,2,ef79729c29d3b5d9,3,1,ee789627293dc773,0000000000000000,0000000000000000,0,0
1161,1161,0,00001cc,00,2,2,3,47ca348f808f7f70,0,0,2,622cfc17a4863b52,3,1,60f31b72a7b6508d,0000000000000000,0000000000000000,0,0
1162,1162,0,00001d0,00,2,2,3,d456a3711313f225,0,0,2,c08455a5062e92e0,3,1,c941b9da0e04ddd8,0000000000000000,0000000000000000,0,0
1163,1163,0,00001d4,00,2,2,3,5add2e249d9865db,0,0,2,4dd1db2e8b7b1c6b,3,1,47ca348f808f7f70,0000000000000000,0000000000000000,0,0
1164,1164,0,00001d8,00,2,2,3,6f8b3378a8cee88e,0,0,2,da2f48b21c858ff7,3,1,d456a3711313f225,0000000000000000,0000000000000000,0,0
1165,1165,0,00001dc,00,2,2,3,e100be2d2645f5d2,0,0,2,577ac63991d0017c,3,1,5add2e249d9865db,0000000000000000,0000000000000000,0,0
1166,1166,0,00001e0,00,2,2,3,729c29d3b5d97887,0,0,2,9f7e1bd759d4dc92,3,1,6f8b3378a8cee88e,0000000000000000,0000000000000000,0,0
1167,1167,0,00001e4,00,2,2,3,fc17a4863b52ef79,0,0,2,122b955cd4815219,3,1,e100be2d2645f5d2,0000000000000000,0000000000000000,0,0
1168,1168,0,00001e8,00,2,2,3,55a5062e92e0622c,0,0,2,85d506c0437fc185,3,1,729c29d3b5d97887,0000000000000000,0000000000000000,0,0
1169,1169,0,00001ec,00,2,2,3,db2e8b7b1c6bc084,0,0,2,0880884bce2a4f0e,3,1,fc17a4863b52ef79,0000000000000000,0000000000000000,0,0
1170,1170,0,00001f0,00,2,2,3,48b21c858ff74dd1,0,0,2,aa2821f96c82e6bc,3,1,55a5062e92e0622c,0000000000000000,0000000000000000,0,0
1171,1171,0,00001f4,00,2,2,3,c63991d0017cda2f,0,0,2,277daf72e1d76837,3,1,db2e8b7b1c6bc084,0000000000000000,0000000000000000,0,0
1172,1172,0,00001f8,00,2,2,3,1bd759d4dc92577a,0,0,2,b0833cee7629fbab,3,1,48b21c858ff74dd1,0000000000000000,0000000000000000,0,0
1173,1173,0,00001fc,00,2,2,3,955cd48152199f7e,0,0,2,3dd6b265fb7c7520,3,1,c63991d0017cda2f,0000000000000000,0000000000000000,0,0
1174,1174,0,0000200,00,2,2,3,06c0437fc185122b,0,0,2,759fb167b3357622,3,1,1bd759d4dc92577a,0000000000000000,0000000000000000,0,0
1175,1175,0,0000204,00,2,2,3,884bce2a4f0e85d5,0,0,2,f8ca3fec3e60f8a9,3,1,955cd48152199f7e,0000000000000000,0000000000000000,0,0
1176,1176,0,0000208,00,2,2,3,21f96c82e6bc0880,0,0,2,6f34ac70a99e6b35,3,1,06c0437fc185122b,0000000000000000,0000000000000000,0,0
1177,1177,0,000020c,00,2,2,3,af72e1d76837aa28,0,0,2,e26122fb24cbe5be,3,1,884bce2a4f0e85d5,0000000000000000,0000000000000000,0,0
1178,1178,0,0000210,00,2,2,3,3cee7629fbab277d,0,0,2,40c98b4986634c0c,3,1,21f96c82e6bc0880,0000000000000000,0000000000000000,0,0
1179,1179,0,0000214,00,2,2,3,b265fb7c7520b083,0,0,2,cd9c05c20b36c287,3,1,af72e1d76837aa28,0000000000000000,0000000000000000,0,0
1180,1180,0,0000218,00,2,2,3,b167b33576223dd6,0,0,2,5a62965e9cc8511b,3,1,3cee7629fbab277d,0000000000000000,0000000000000000,0,0
1181,1181,0,000021c,00,2,2,3,3fec3e60f8a9759f,0,0,2,d73718d5119ddf90,3,1,b265fb7c7520b083,0000000000000000,0000000000000000,0,0
1182,1182,0,0000220,00,2,2,3,ac70a99e6b35f8ca,0,0,2,1f33c53bd999027e,3,1,b167b33576223dd6,0000000000000000,0000000000000000,0,0
1183,1183,0,0000224,00,2,2,3,22fb24cbe5be6f34,0,0,2,92664bb054cc8cf5,3,1,3fec3e60f8a9759f,0000000000000000,0000000000000000,0,0
1184,1184,0,0000228,00,2,2,3,8b4986634c0ce261,0,0,2,0598d82cc3321f69,3,1,ac70a99e6b35f8ca,0000000000000000,0000000000000000,0,0
1185,1185,0,000022c,00,2,2,3,05c20b36c28740c9,0,0,2,88cd56a74e6791e2,3,1,22fb24cbe5be6f34,0000000000000000,0000000000000000,0,0
1186,1186,0,0000230,00,2,2,3,965e9cc8511bcd9c,0,0,2,2a65ff15eccf3850,3,1,8b4986634c0ce261,0000000000000000,0000000000000000,0,0
1187,1187,0,0000234,00,2,2,3,18d5119ddf905a62,0,0,2,a730719e619ab6db,3,1,05c20b36c28740c9,0000000000000000,0000000000000000,0,0
1188,1188,0,0000238,00,2,2,3,c53bd999027ed737,0,0,2,30cee202f6642547,3,1,965e9cc8511bcd9c,0000000000000000,0000000000000000,0,0
1189,1189,0,000023c,00,2,2,3,4bb054cc8cf51f33,0,0,2,bd9b6c897b31abcc,3,1,18d5119ddf905a62,0000000000000000,0000000000000000,0,0
1190,1190,0,0000240,00,2,2,3,d82cc3321f699266,0,0,2,a0c759df666d9e9a,3,1,c53bd999027ed737,0000000000000000,0000000000000000,0,0
1191,1191,0,0000244,00,2,2,3,56a74e6791e20598,0,0,2,2d92d754eb381011,3,1,4bb054cc8cf51f33,0000000000000000,0000000000000000,0,0
1192,1192,0,0000248,00,2,2,3,ff15eccf385088cd,0,0,2,ba6c44c87cc6838d,3,1,d82cc3321f699266,0000000000000000,0000000000000000,0,0
1193,1193,0,000024c,00,2,2,3,719e619ab6db2a65,0,0,2,3739ca43f1930d06,3,1,56a74e6791e20598,0000000000000000,0000000000000000,0,0
1194,1194,0,0000250,00,2,2,3,e202f6642547a730,0,0,2,959163f1533ba4b4,3,1,ff15eccf385088cd,0000000000000000,0000000000000000,0,0
1195,1195,0,0000254,00,2,2,3,6c897b31abcc30ce,0,0,2,18c4ed7ade6e2a3f,3,1,719e619ab6db2a65,0000000000000000,0000000000000000,0,0
1196,1196,0,0000258,00,2,2,3,59df666d9e9abd9b,0,0,2,8f3a7ee64990b9a3,3,1,e202f6642547a730,0000000000000000,0000000000000000,0,0
1197,1197,0,000025c,00,2,2,3,d754eb381011a0c7,0,0,2,026ff06dc4c53728,3,1,6c897b31abcc30ce,0000000000000000,0000000000000000,0,0
1198,1198,0,0000260,00,2,2,3,44c87cc6838d2d92,0,0,2,ca6b2d830cc1eac6,3,1,59df666d9e9abd9b,0000000000000000,0000000000000000,0,0
1199,1199,0,0000264,00,2,2,3,ca43f1930d06ba6c,0,0,2,473ea3088194644d,3,1,d754eb381011a0c7,0000000000000000,0000000000000000,0,0
1200,1200,0,0000268,00,2,2,3,63f1533ba4b43739,0,0,2,d0c03094166af7d1,3,1,44c87cc6838d2d92,0000000000000000,0000000000000000,0,0
1201,1201,0,000026c,00,2,2,3,ed7ade6e2a3f9591,0,0,2,5d95be1f9b3f795a,3,1,ca43f1930d06ba6c,0000000000000000,0000000000000000,0,0
1202,1202,0,0000270,00,2,2,3,7ee64990b9a318c4,0,0,2,ff3d17ad3997d0e8,3,1,63f1533ba4b43739,0000000000000000,0000000000000000,0,0
1203,1203,0,0000274,00,2,2,3,f06dc4c537288f3a,0,0,2,72689926b4c25e63,3,1,ed7ade6e2a3f9591,0000000000000000,0000000000000000,0,0
1204,1204,0,0000278,00,2,2,3,2d830cc1eac6026f,0,0,2,e5960aba233ccdff,3,1,7ee64990b9a318c4,0000000000000000,0000000000000000,0,0
1205,1205,0,000027c,00,2,2,3,a3088194644dca6b,0,0,2,68c38431ae694374,3,1,f06dc4c537288f3a,0000000000000000,0000000000000000,0,0
1206,1206,0,0000280,00,2,2,3,3094166af7d1473e,0,0,2,df2e60161984a753,3,1,2d830cc1eac6026f,0000000000000000,0000000000000000,0,0
1207,1207,0,0000284,00,2,2,3,be1f9b3f795ad0c0,0,0,2,527bee9d94d129d8,3,1,a3088194644dca6b,0000000000000000,0000000000000000,0,0
1208,1208,0,0000288,00,2,2,3,17ad3997d0e85d95,0,0,2,c5857d01032fba44,3,1,3094166af7d1473e,0000000000000000,0000000000000000,0,0
1209,1209,0,000028c,00,2,2,3,9926b4c25e63ff3d,0,0,2,48d0f38a8e7a34cf,3,1,be1f9b3f795ad0c0,0000000000000000,0000000000000000,0,0
1210,1210,0,0000290,00,2,2,3,0aba233ccdff7268,0,0,2,ea785a382cd29d7d,3,1,17ad3997d0e85d95,0000000000000000,0000000000000000,0,0
1211,1211,0,0000294,00,2,2,3,8431ae694374e596,0,0,2,672dd4b3a18713f6,3,1,9926b4c25e63ff3d,0000000000000000,0000000000000000,0,0
1212,1212,0,0000298,00,2,2,3,60161984a75368c3,0,0,2,f0d3472f3679806a,3,1,0aba233ccdff7268,0000000000000000,0000000000000000,0,0
1213,1213,0,000029c,00,2,2,3,ee9d94d129d8df2e,0,0,2,7d86c9a4bb2c0ee1,3,1,8431ae694374e596,0000000000000000,0000000000000000,0,0
1214,1214,0,00002a0,00,2,2,3,7d01032fba44527b,0,0,2,b582144a7328d30f,3,1,60161984a75368c3,0000000000000000,0000000000000000,0,0
1215,1215,0,00002a4,00,2,2,3,f38a8e7a34cfc585,0,0,2,38d79ac1fe7d5d84,3,1,ee9d94d129d8df2e,0000000000000000,0000000000000000,0,0
1216,1216,0,00002a8,00,2,2,3,5a382cd29d7d48d0,0,0,2,af29095d6983ce18,3,1,7d01032fba44527b,0000000000000000,0000000000000000,0,0
1217,1217,0,00002ac,00,2,2,3,d4b3a18713f6ea78,0,0,2,227c87d6e4d64093,3,1,f38a8e7a34cfc585,0000000000000000,0000000000000000,0,0
1218,1218,0,00002b0,00,2,2,3,472f3679806a672d,0,0,2,80d42e64467ee921,3,1,5a382cd29d7d48d0,0000000000000000,0000000000000000,0,0
1219,1219,0,00002b4,00,2,2,3,c9a4bb2c0ee1f0d3,0,0,2,0d81a0efcb2b67aa,3,1,d4b3a18713f6ea78,0000000000000000,0000000000000000,0,0
1220,1220,0,00002b8,00,2,2,3,144a7328d30f7d86,0,0,2,9a7f33735cd5f436,3,1,472f3679806a672d,0000000000000000,0000000000000000,0,0
1221,1221,0,00002bc,00,2,2,3,9ac1fe7d5d84b582,0,0,2,172abdf8d1807abd,3,1,c9a4bb2c0ee1f0d3,0000000000000000,0000000000000000,0,0
1222,1222,0,00002c0,00,2,2,3,095d6983ce1838d7,0,0,2,0a7688aeccdc4feb,3,1,144a7328d30f7d86,0000000000000000,0000000000000000,0,0
1223,1223,0,00002c4,00,2,2,3,87d6e4d64093af29,0,0,2,872306254189c160,3,1,9ac1fe7d5d84b582,0000000000000000,0000000000000000,0,0
1224,1224,0,00002c8,00,2,2,3,2e64467ee921227c,0,0,2,10dd95b9d67752fc,3,1,095d6983ce1838d7,0000000000000000,0000000000000000,0,0
1225,1225,0,00002cc,00,2,2,3,a0efcb2b67aa80d4,0,0,2,9d881b325b22dc77,3,1,87d6e4d64093af29,0000000000000000,0000000000000000,0,0
1226,1226,0,00002d0,00,2,2,3,33735cd5f4360d81,0,0,2,3f20b280f98a75c5,3,1,2e64467ee921227c,0000000000000000,0000000000000000,0,0
1227,1227,0,00002d4,00,2,2,3,bdf8d1807abd9a7f,0,0,2,b2753c0b74dffb4e,3,1,a0efcb2b67aa80d4,0000000000000000,0000000000000000,0,0
1228,1228,0,00002d8,00,2,2,3,88aeccdc4feb172a,0,0,2,258baf97e32168d2,3,1,33735cd5f4360d81,0000000000000000,0000000000000000,0,0
1229,1229,0,00002dc,00,2,2,3,06254189c1600a76,0,0,2,a8de211c6e74e659,3,1,bdf8d1807abd9a7f,0000000000000000,0000000000000000,0,0
1230,1230,0,00002e0,00,2,2,3,95b9d67752fc8723,0,0,2,60dafcf2a6703bb7,3,1,88aeccdc4feb172a,0000000000000000,0000000000000000,0,0
1231,1231,0,00002e4,00,2,2,3,1b325b22dc7710dd,0,0,2,ed8f72792b25b53c,3,1,06254189c1600a76,0000000000000000,0000000000000000,0,0
1232,1232,0,00002e8,00,2,2,3,b280f98a75c59d88,0,0,2,7a71e1e5bcdb26a0,3,1,95b9d67752fc8723,0000000000000000,0000000000000000,0,0
1233,1233,0,00002ec,00,2,2,3,3c0b74dffb4e3f20,0,0,2,f7246f6e318ea82b,3,1,1b325b22dc7710dd,0000000000000000,0000000000000000,0,0
1234,1234,0,00002f0,00,2,2,3,af97e32168d2b275,0,0,2,558cc6dc93260199,3,1,b280f98a75c59d88,0000000000000000,0000000000000000,0,0
1235,1235,0,00002f4,00,2,2,3,211c6e74e659258b,0,0,2,d8d948571e738f12,3,1,3c0b74dffb4e3f20,0000000000000000,0000000000000000,0,0
1236,1236,0,00002f8,00,2,2,3,fcf2a6703bb7a8de,0,0,2,4f27dbcb898d1c8e,3,1,af97e32168d2b275,0000000000000000,0000000000000000,0,0
1237,1237,0,00002fc,00,2,2,3,72792b25b53c60da,0,0,2,c272554004d89205,3,1,211c6e74e659258b,0000000000000000,0000000000000000,0,0
1238,1238,0,0000300,00,2,2,3,e1e5bcdb26a0ed8f,0,0,2,20fc1384e656d4c1,3,1,fcf2a6703bb7a8de,0000000000000000,0000000000000000,0,0
1239,1239,0,0000304,00,2,2,3,6f6e318ea82b7a71,0,0,2,ada99d0f6b035a4a,3,1,72792b25b53c60da,0000000000000000,0000000000000000,0,0
1240,1240,0,0000308,00,2,2,3,c6dc93260199f724,0,0,2,3a570e93fcfdc9d6,3,1,e1e5bcdb26a0ed8f,0000000000000000,0000000000000000,0,0
1241,1241,0,000030c,00,2,2,3,48571e738f12558c,0,0,2,b702801871a8475d,3,1,6f6e318ea82b7a71,0000000000000000,0000000000000000,0,0
1242,1242,0,0000310,00,2,2,3,dbcb898d1c8ed8d9,0,0,2,15aa29aad300eeef,3,1,c6dc93260199f724,0000000000000000,0000000000000000,0,0
1243,1243,0,0000314,00,2,2,3,554004d892054f27,0,0,2,98ffa7215e556064,3,1,48571e738f12558c,0000000000000000,0000000000000000,0,0
1244,1244,0,0000318,00,2,2,3,1384e656d4c1c272,0,0,2,0f0134bdc9abf3f8,3,1,dbcb898d1c8ed8d9,0000000000000000,0000000000000000,0,0
1245,1245,0,000031c,00,2,2,3,9d0f6b035a4a20fc,0,0,2,8254ba3644fe7d73,3,1,554004d892054f27,0000000000000000,0000000000000000,0,0
1246,1246,0,0000320,00,2,2,3,0e93fcfdc9d6ada9,0,0,2,4a5067d88cfaa09d,3,1,1384e656d4c1c272,0000000000000000,0000000000000000,0,0
1247,1247,0,0000324,00,2,2,3,801871a8475d3a57,0,0,2,c705e95301af2e16,3,1,9d0f6b035a4a20fc,0000000000000000,0000000000000000,0,0
1248,1248,0,0000328,00,2,2,3,29aad300eeefb702,0,0,2,50fb7acf9651bd8a,3,1,0e93fcfdc9d6ada9,0000000000000000,0000000000000000,0,0
1249,1249,0,000032c,00,2,2,3,a7215e55606415aa,0,0,2,ddaef4441b043301,3,1,801871a8475d3a57,0000000000000000,0000000000000000,0,0
1250,1250,0,0000330,00,2,2,3,34bdc9abf3f898ff,0,0,2,7f065df6b9ac9ab3,3,1,29aad300eeefb702,0000000000000000,0000000000000000,0,0
1251,1251,0,0000334,00,2,2,3,ba3644fe7d730f01,0,0,2,f253d37d34f91438,3,1,a7215e55606415aa,0000000000000000,0000000000000000,0,0
1252,1252,0,0000338,00,2,2,3,67d88cfaa09d8254,0,0,2,65ad40e1a30787a4,3,1,34bdc9abf3f898ff,0000000000000000,0000000000000000,0,0
1253,1253,0,000033c,00,2,2,3,e95301af2e164a50,0,0,2,e8f8ce6a2e52092f,3,1,ba3644fe7d730f01,0000000000000000,0000000000000000,0,0
1254,1254,0,0000340,00,2,2,3,7acf9651bd8ac705,0,0,2,f5a4fb3c330e3c79,3,1,67d88cfaa09d8254,0000000000000000,0000000000000000,0,0
1255,1255,0,0000344,00,2,2,3,f4441b04330150fb,0,0,2,78f175b7be5bb2f2,3,1,e95301af2e164a50,0000000000000000,0000000000000000,0,0
1256,1256,0,0000348,00,2,2,3,5df6b9ac9ab3ddae,0,0,2,ef0fe62b29a5216e,3,1,7acf9651bd8ac705,0000000000000000,0000000000000000,0,0
1257,1257,0,000034c,00,2,2,3,d37d34f914387f06,0,0,2,625a68a0a4f0afe5,3,1,f4441b04330150fb,0000000000000000,0000000000000000,0,0
1258,1258,0,0000350,00,2,2,3,40e1a30787a4f253,0,0,2,c0f2c11206580657,3,1,5df6b9ac9ab3ddae,0000000000000000,0000000000000000,0,0
1259,1259,0,0000354,00,2,2,3,ce6a2e52092f65ad,0,0,2,4da74f998b0d88dc,3,1,d37d34f914387f06,0000000000000000,0000000000000000,0,0
1260,1260,0,0000358,00,2,2,3,fb3c330e3c79e8f8,0,0,2,da59dc051cf31b40,3,1,40e1a30787a4f253,0000000000000000,0000000000000000,0,0
1261,1261,0,000035c,00,2,2,3,75b7be5bb2f2f5a4,0,0,2,570c528e91a695cb,3,1,ce6a2e52092f65ad,0000000000000000,0000000000000000,0,0
1262,1262,0,0000360,00,2,2,3,e62b29a5216e78f1,0,0,2,9f088f6059a24825,3,1,fb3c330e3c79e8f8,0000000000000000,0000000000000000,0,0
1263,1263,0,0000364,00,2,2,3,68a0a4f0afe5ef0f,0,0,2,125d01ebd4f7c6ae,3,1,75b7be5bb2f2f5a4,0000000000000000,0000000000000000,0,0
1264,1264,0,0000368,00,2,2,3,c11206580657625a,0,0,2,85a3927743095532,3,1,e62b29a5216e78f1,0000000000000000,0000000000000000,0,0
1265,1265,0,000036c,00,2,2,3,4f998b0d88dcc0f2,0,0,2,08f61cfcce5cdbb9,3,1,68a0a4f0afe5ef0f,0000000000000000,0000000000000000,0,0
1266,1266,0,0000370,00,2,2,3,dc051cf31b404da7,0,0,2,aa5eb54e6cf4720b,3,1,c11206580657625a,0000000000000000,0000000000000000,0,0
1267,1267,0,0000374,00,2,2,3,528e91a695cbda59,0,0,2,270b3bc5e1a1fc80,3,1,4f998b0d88dcc0f2,0000000000000000,0000000000000000,0,0
1268,1268,0,0000378,00,2,2,3,8f6059a24825570c,0,0,2,b0f5a859765f6f1c,3,1,dc051cf31b404da7,0000000000000000,0000000000000000,0,0
1269,1269,0,000037c,00,2,2,3,01ebd4f7c6ae9f08,0,0,2,3da026d2fb0ae197,3,1,528e91a695cbda59,0000000000000000,0000000000000000,0,0
1270,1270,0,0000380,00,2,2,3,927743095532125d,0,0,2,8a4dc2f54ce705b0,3,1,8f6059a24825570c,0000000000000000,0000000000000000,0,0
1271,1271,0,0000384,00,2,2,3,1cfcce5cdbb985a3,0,0,2,07184c7ec1b28b3b,3,1,01ebd4f7c6ae9f08,0000000000000000,0000000000000000,0,0
1272,1272,0,0000388,00,2,2,3,b54e6cf4720b08f6,0,0,2,90e6dfe2564c18a7,3,1,927743095532125d,0000000000000000,0000000000000000,0,0
1273,1273,0,000038c,00,2,2,3,3bc5e1a1fc80aa5e,0,0,2,1db35169db19962c,3,1,1cfcce5cdbb985a3,0000000000000000,0000000000000000,0,0
1274,1274,0,0000390,00,2,2,3,a859765f6f1c270b,0,0,2,bf1bf8db79b13f9e,3,1,b54e6cf4720b08f6,0000000000000000,0000000000000000,0,0
1275,1275,0,0000394,00,2,2,3,26d2fb0ae197b0f5,0,0,2,324e7650f4e4b115,3,1,3bc5e1a1fc80aa5e,0000000000000000,0000000000000000,0,0
1276,1276,0,0000398,00,2,2,3,c2f54ce705b03da0,0,0,2,a5b0e5cc631a2289,3,1,a859765f6f1c270b,0000000000000000,0000000000000000,0,0
1277,1277,0,000039c,00,2,2,3,4c7ec1b28b3b8a4d,0,0,2,28e56b47ee4fac02,3,1,26d2fb0ae197b0f5,0000000000000000,0000000000000000,0,0
1278,1278,0,00003a0,00,2,2,3,dfe2564c18a70718,0,0,2,e0e1b6a9264b71ec,3,1,c2f54ce705b03da0,0000000000000000,0000000000000000,0,0
1279,1279,0,00003a4,00,2,2,3,5169db19962c90e6,0,0,2,6db43822ab1eff67,3,1,4c7ec1b28b3b8a4d,0000000000000000,0000000000000000,0,0
1280,1280,0,00003a8,00,2,2,3,f8db79b13f9e1db3,0,0,2,fa4aabbe3ce06cfb,3,1,dfe2564c18a70718,0000000000000000,0000000000000000,0,0
1281,1281,0,00003ac,00,2,2,3,7650f4e4b115bf1b,0,0,2,771f2535b1b5e270,3,1,5169db19962c90e6,0000000000000000,0000000000000000,0,0
1282,1282,0,00003b0,00,2,2,3,e5cc631a2289324e,0,0,2,d5b78c87131d4bc2,3,1,f8db79b13f9e1db3,0000000000000000,0000000000000000,0,0
1283,1283,0,00003b4,00,2,2,3,6b47ee4fac02a5b0,0,0,2,58e2020c9e48c549,3,1,7650f4e4b115bf1b,0000000000000000,0000000000000000,0,0
1284,1284,0,00003b8,00,2,2,3,b6a9264b71ec28e5,0,0,2,cf1c919009b656d5,3,1,e5cc631a2289324e,0000000000000000,0000000000000000,0,0
1285,1285,0,00003bc,00,2,2,3,3822ab1eff67e0e1,0,0,2,42491f1b84e3d85e,3,1,6b47ee4fac02a5b0,0000000000000000,0000000000000000,0,0
1286,1286,0,00003c0,00,2,2,3,abbe3ce06cfb6db4,0,0,2,5f152a4d99bfed08,3,1,b6a9264b71ec28e5,0000000000000000,0000000000000000,0,0
1287,1287,0,00003c4,00,2,2,3,2535b1b5e270fa4a,0,0,2,d240a4c614ea6383,3,1,3822ab1eff67e0e1,0000000000000000,0000000000000000,0,0
1288,1288,0,00003c8,00,2,2,3,8c87131d4bc2771f,0,0,2,45be375a8314f01f,3,1,abbe3ce06cfb6db4,0000000000000000,0000000000000000,0,0
1289,1289,0,00003cc,00,2,2,3,020c9e48c549d5b7,0,0,2,c8ebb9d10e417e94,3,1,2535b1b5e270fa4a,0000000000000000,0000000000000000,0,0
1290,1290,0,00003d0,00,2,2,3,919009b656d558e2,0,0,2,6a431063ace9d726,3,1,8c87131d4bc2771f,0000000000000000,0000000000000000,0,0
1291,1291,0,00003d4,00,2,2,3,1f1b84e3d85ecf1c,0,0,2,e7169ee821bc59ad,3,1,020c9e48c549d5b7,0000000000000000,0000000000000000,0,0
1292,1292,0,00003d8,00,2,2,3,2a4d99bfed084249,0,0,2,70e80d74b642ca31,3,1,919009b656d558e2,0000000000000000,0000000000000000,0,0
1293,1293,0,00003dc,00,2,2,3,a4c614ea63835f15,0,0,2,fdbd83ff3b1744ba,3,1,1f1b84e3d85ecf1c,0000000000000000,0000000000000000,0,0
1294,1294,0,00003e0,00,2,2,3,375a8314f01fd240,0,0,2,35b95e11f3139954,3,1,2a4d99bfed084249,0000000000000000,0000000000000000,0,0
1295,1295,0,00003e4,00,2,2,3,b9d10e417e9445be,0,0,2,b8ecd09a7e4617df,3,1,a4c614ea63835f15,0000000000000000,0000000000000000,0,0
1296,1296,0,00003e8,00,2,2,3,1063ace9d726c8eb,0,0,2,2f124306e9b88443,3,1,375a8314f01fd240,0000000000000000,0000000000000000,0,0
1297,1297,0,00003ec,00,2,2,3,9ee821bc59ad6a43,0,0,2,a247cd8d64ed0ac8,3,1,b9d10e417e9445be,0000000000000000,0000000000000000,0,0
1298,1298,0,00003f0,00,2,2,3,0d74b642ca31e716,0,0,2,00ef643fc645a37a,3,1,1063ace9d726c8eb,0000000000000000,0000000000000000,0,0
1299,1299,0,00003f4,00,2,2,3,83ff3b1744ba70e8,0,0,2,8dbaeab44b102df1,3,1,9ee821bc59ad6a43,0000000000000000,0000000000000000,0,0
1300,1300,0,00003f8,00,2,2,3,5e11f3139954fdbd,0,0,2,1a447928dceebe6d,3,1,0d74b642ca31e716,0000000000000000,0000000000000000,0,0
1301,1301,0,00003fc,00,2,2,3,d09a7e4617df35b9,0,0,2,9711f7a351bb30e6,3,1,83ff3b1744ba70e8,0000000000000000,0000000000000000,0,0
1302,1302,0,0000000,00,2,2,3,4306e9b88443b8ec,0,0,2,df58f4a119f233e4,3,1,5e11f3139954fdbd,0000000000000000,0000000000000000,0,0
1303,1303,0,0000004,00,2,2,3,cd8d64ed0ac82f12,0,0,2,520d7a2a94a7bd6f,3,1,d09a7e4617df35b9,0000000000000000,0000000000000000,0,0
1304,1304,0,0000008,00,2,2,3,643fc645a37aa247,0,0,2,c5f3e9b603592ef3,3,1,4306e9b88443b8ec,0000000000000000,0000000000000000,0,0
1305,1305,0,000000c,00,2,2,3,eab44b102df100ef,0,0,2,48a6673d8e0ca078,3,1,cd8d64ed0ac82f12,0000000000000000,0000000000000000,0,0
1306,1306,0,0000010,00,2,2,3,7928dceebe6d8dba,0,0,2,ea0ece8f2ca409ca,3,1,643fc645a37aa247,0000000000000000,0000000000000000,0,0
1307,1307,0,0000014,00,2,2,3,f7a351bb30e61a44,0,0,2,675b4004a1f18741,3,1,eab44b102df100ef,0000000000000000,0000000000000000,0,0
1308,1308,0,0000018,00,2,2,3,f4a119f233e49711,0,0,2,f0a5d398360f14dd,3,1,7928dceebe6d8dba,0000000000000000,0000000000000000,0,0
1309,1309,0,000001c,00,2,2,3,7a2a94a7bd6fdf58,0,0,2,7df05d13bb5a9a56,3,1,f7a351bb30e61a44,0000000000000000,0000000000000000,0,0
1310,1310,0,0000020,00,2,2,3,e9b603592ef3520d,0,0,2,b5f480fd735e47b8,3,1,f4a119f233e49711,0000000000000000,0000000000000000,0,0
1311,1311,0,0000024,00,2,2,3,673d8e0ca078c5f3,0,0,2,38a10e76fe0bc933,3,1,7a2a94a7bd6fdf58,0000000000000000,0000000000000000,0,0
1312,1312,0,0000028,00,2,2,3,ce8f2ca409ca48a6,0,0,2,af5f9dea69f55aaf,3,1,e9b603592ef3520d,0000000000000000,0000000000000000,0,0
1313,1313,0,000002c,00,2,2,3,4004a1f18741ea0e,0,0,2,220a1361e4a0d424,3,1,673d8e0ca078c5f3,0000000000000000,0000000000000000,0,0
1314,1314,0,0000030,00,2,2,3,d398360f14dd675b,0,0,2,80a2bad346087d96,3,1,ce8f2ca409ca48a6,0000000000000000,0000000000000000,0,0
1315,1315,0,0000034,00,2,2,3,5d13bb5a9a56f0a5,0,0,2,0df73458cb5df31d,3,1,4004a1f18741ea0e,0000000000000000,0000000000000000,0,0
1316,1316,0,0000038,00,2,2,3,80fd735e47b87df0,0,0,2,9a09a7c45ca36081,3,1,d398360f14dd675b,0000000000000000,0000000000000000,0,0
1317,1317,0,000003c,00,2,2,3,0e76fe0bc933b5f4,0,0,2,175c294fd1f6ee0a,3,1,5d13bb5a9a56f0a5,0000000000000000,0000000000000000,0,0
1318,1318,0,0000040,00,2,2,3,9dea69f55aaf38a1,0,0,2,0a001c19ccaadb5c,3,1,80fd735e47b87df0,0000000000000000,0000000000000000,0,0
1319,1319,0,0000044,00,2,2,3,1361e4a0d424af5f,0,0,2,8755929241ff55d7,3,1,0e76fe0bc933b5f4,0000000000000000,0000000000000000,0,0
1320,1320,0,0000048,00,2,2,3,bad346087d96220a,0,0,2,10ab010ed601c64b,3,1,9dea69f55aaf38a1,0000000000000000,0000000000000000,0,0
1321,1321,0,000004c,00,2,2,3,3458cb5df31d80a2,0,0,2,9dfe8f855b5448c0,3,1,1361e4a0d424af5f,0000000000000000,0000000000000000,0,0
1322,1322,0,0000050,00,2,2,3,a7c45ca360810df7,0,0,2,3f562637f9fce172,3,1,bad346087d96220a,0000000000000000,0000000000000000,0,0
1323,1323,0,0000054,00,2,2,3,294fd1f6ee0a9a09,0,0,2,b203a8bc74a96ff9,3,1,3458cb5df31d80a2,0000000000000000,0000000000000000,0,0
1324,1324,0,0000058,00,2,2,3,1c19ccaadb5c175c,0,0,2,25fd3b20e357fc65,3,1,a7c45ca360810df7,0000000000000000,0000000000000000,0,0
1325,1325,0,000005c,00,2,2,3,929241ff55d70a00,0,0,2,a8a8b5ab6e0272ee,3,1,294fd1f6ee0a9a09,0000000000000000,0000000000000000,0,0
1326,1326,0,0000060,00,2,2,3,010ed601c64b8755,0,0,2,60ac6845a606af00,3,1,1c19ccaadb5c175c,0000000000000000,0000000000000000,0,0
1327,1327,0,0000064,00,2,2,3,8f855b5448c010ab,0,0,2,edf9e6ce2b53218b,3,1,929241ff55d70a00,0000000000000000,0000000000000000,0,0
1328,1328,0,0000068,00,2,2,3,2637f9fce1729dfe,0,0,2,7a077552bcadb217,3,1,010ed601c64b8755,0000000000000000,0000000000000000,0,0
1329,1329,0,000006c,00,2,2,3,a8bc74a96ff93f56,0,0,2,f752fbd931f83c9c,3,1,8f855b5448c010ab,0000000000000000,0000000000000000,0,0
1330,1330,0,0000070,00,2,2,3,3b20e357fc65b203,0,0,2,55fa526b9350952e,3,1,2637f9fce1729dfe,0000000000000000,0000000000000000,0,0
1331,1331,0,0000074,00,2,2,3,b5ab6e0272ee25fd,0,0,2,d8afdce01e051ba5,3,1,a8bc74a96ff93f56,0000000000000000,0000000000000000,0,0
1332,1332,0,0000078,00,2,2,3,6845a606af00a8a8,0,0,2,4f514f7c89fb8839,3,1,3b20e357fc65b203,0000000000000000,0000000000000000,0,0
1333,1333,0,000007c,00,2,2,3,e6ce2b53218b60ac,0,0,2,c204c1f704ae06b2,3,1,b5ab6e0272ee25fd,0000000000000000,0000000000000000,0,0
1334,1334,0,0000080,00,2,2,3,7552bcadb217edf9,0,0,2,75e925d0b343e295,3,1,6845a606af00a8a8,0000000000000000,0000000000000000,0,0
1335,1335,0,0000084,00,2,2,3,fbd931f83c9c7a07,0,0,2,f8bcab5b3e166c1e,3,1,e6ce2b53218b60ac,0000000000000000,0000000000000000,0,0
1336,1336,0,0000088,00,2,2,3,526b9350952ef752,0,0,2,6f4238c7a9e8ff82,3,1,7552bcadb217edf9,0000000000000000,0000000000000000,0,0
1337,1337,0,000008c,00,2,2,3,dce01e051ba555fa,0,0,2,e217b64c24bd7109,3,1,fbd931f83c9c7a07,0000000000000000,0000000000000000,0,0
1338,1338,0,0000090,00,2,2,3,4f7c89fb8839d8af,0,0,2,40bf1ffe8615d8bb,3,1,526b9350952ef752,0000000000000000,0000000000000000,0,0
1339,1339,0,0000094,00,2,2,3,c1f704ae06b24f51,0,0,2,cdea91750b405630,3,1,dce01e051ba555fa,0000000000000000,0000000000000000,0,0
1340,1340,0,0000098,00,2,2,3,25d0b343e295c204,0,0,2,5a1402e99cbec5ac,3,1,4f7c89fb8839d8af,0000000000000000,0000000000000000,0,0
1341,1341,0,000009c,00,2,2,3,ab5b3e166c1e75e9,0,0,2,d7418c6211eb4b27,3,1,c1f704ae06b24f51,0000000000000000,0000000000000000,0,0
1342,1342,0,00000a0,00,2,2,3,38c7a9e8ff82f8bc,0,0,2,1f45518cd9ef96c9,3,1,25d0b343e295c204,0000000000000000,0000000000000000,0,0
1343,1343,0,00000a4,00,2,2,3,b64c24bd71096f42,0,0,2,9210df0754ba1842,3,1,ab5b3e166c1e75e9,0000000000000000,0000000000000000,0,0
1344,1344,0,00000a8,00,2,2,3,1ffe8615d8bbe217,0,0,2,05ee4c9bc3448bde,3,1,38c7a9e8ff82f8bc,0000000000000000,0000000000000000,0,0
1345,1345,0,00000ac,00,2,2,3,91750b40563040bf,0,0,2,88bbc2104e110555,3,1,b64c24bd71096f42,0000000000000000,0000000000000000,0,0
1346,1346,0,00000b0,00,2,2,3,02e99cbec5accdea,0,0,2,2a136ba2ecb9ace7,3,1,1ffe8615d8bbe217,0000000000000000,0000000000000000,0,0
1347,1347,0,00000b4,00,2,2,3,8c6211eb4b275a14,0,0,2,a746e52961ec226c,3,1,91750b40563040bf,0000000000000000,0000000000000000,0,0
1348,1348,0,00000b8,00,2,2,3,518cd9ef96c9d741,0,0,2,30b876b5f612b1f0,3,1,02e99cbec5accdea,0000000000000000,0000000000000000,0,0
1349,1349,0,00000bc,00,2,2,3,df0754ba18421f45,0,0,2,bdedf83e7b473f7b,3,1,8c6211eb4b275a14,0000000000000000,0000000000000000,0,0
1350,1350,0,00000c0,00,2,2,3,4c9bc3448bde9210,0,0,2,a0b1cd68661b0a2d,3,1,518cd9ef96c9d741,0000000000000000,0000000000000000,0,0
1351,1351,0,00000c4,00,2,2,3,c2104e11055505ee,0,0,2,2de443e3eb4e84a6,3,1,df0754ba18421f45,0000000000000000,0000000000000000,0,0
1352,1352,0,00000c8,00,2,2,3,6ba2ecb9ace788bb,0,0,2,ba1ad07f7cb0173a,3,1,4c9bc3448bde9210,0000000000000000,0000000000000000,0,0
1353,1353,0,00000cc,00,2,2,3,e52961ec226c2a13,0,0,2,374f5ef4f1e599b1,3,1,c2104e11055505ee,0000000000000000,0000000000000000,0,0
1354,1354,0,00000d0,00,2,2,3,76b5f612b1f0a746,0,0,2,95e7f746534d3003,3,1,6ba2ecb9ace788bb,0000000000000000,0000000000000000,0,0
1355,1355,0,00000d4,00,2,2,3,f83e7b473f7b30b8,0,0,2,18b279cdde18be88,3,1,e52961ec226c2a13,0000000000000000,0000000000000000,0,0
1356,1356,0,00000d8,00,2,2,3,cd68661b0a2dbded,0,0,2,8f4cea5149e62d14,3,1,76b5f612b1f0a746,0000000000000000,0000000000000000,0,0
1357,1357,0,00000dc,00,2,2,3,43e3eb4e84a6a0b1,0,0,2,021964dac4b3a39f,3,1,f83e7b473f7b30b8,0000000000000000,0000000000000000,0,0
1358,1358,0,00000e0,00,2,2,3,d07f7cb0173a2de4,0,0,2,ca1db9340cb77e71,3,1,cd68661b0a2dbded,0000000000000000,0000000000000000,0,0
1359,1359,0,00000e4,00,2,2,3,5ef4f1e599b1ba1a,0,0,2,474837bf81e2f0fa,3,1,43e3eb4e84a6a0b1,0000000000000000,0000000000000000,0,0
1360,1360,0,00000e8,00,2,2,3,f746534d3003374f,0,0,2,d0b6a423161c6366,3,1,d07f7cb0173a2de4,0000000000000000,0000000000000000,0,0
1361,1361,0,00000ec,00,2,2,3,79cdde18be8895e7,0,0,2,5de32aa89b49eded,3,1,5ef4f1e599b1ba1a,0000000000000000,0000000000000000,0,0
1362,1362,0,00000f0,00,2,2,3,ea5149e62d1418b2,0,0,2,ff4b831a39e1445f,3,1,f746534d3003374f,0000000000000000,0000000000000000,0,0
1363,1363,0,00000f4,00,2,2,3,64dac4b3a39f8f4c,0,0,2,721e0d91b4b4cad4,3,1,79cdde18be8895e7,0000000000000000,0000000000000000,0,0
1364,1364,0,00000f8,00,2,2,3,b9340cb77e710219,0,0,2,e5e09e0d234a5948,3,1,ea5149e62d1418b2,0000000000000000,0000000000000000,0,0
1365,1365,0,00000fc,00,2,2,3,37bf81e2f0faca1d,0,0,2,68b51086ae1fd7c3,3,1,64dac4b3a39f8f4c,0000000000000000,0000000000000000,0,0
1366,1366,0,0000100,00,2,2,3,a423161c63664748,0,0,2,8a3b56424c919107,3,1,b9340cb77e710219,0000000000000000,0000000000000000,0,0
1367,1367,0,0000104,00,2,2,3,2aa89b49ededd0b6,0,0,2,076ed8c9c1c41f8c,3,1,37bf81e2f0faca1d,0000000000000000,0000000000000000,0,0
1368,1368,0,0000108,00,2,2,3,831a39e1445f5de3,0,0,2,90904b55563a8c10,3,1,a423161c63664748,0000000000000000,0000000000000000,0,0
1369,1369,0,000010c,00,2,2,3,0d91b4b4cad4ff4b,0,0,2,1dc5c5dedb6f029b,3,1,2aa89b49ededd0b6,0000000000000000,0000000000000000,0,0
1370,1370,0,0000110,00,2,2,3,9e0d234a5948721e,0,0,2,bf6d6c6c79c7ab29,3,1,831a39e1445f5de3,0000000000000000,0000000000000000,0,0
1371,1371,0,0000114,00,2,2,3,1086ae1fd7c3e5e0,0,0,2,3238e2e7f49225a2,3,1,0d91b4b4cad4ff4b,0000000000000000,0000000000000000,0,0
1372,1372,0,0000118,00,2,2,3,56424c91910768b5,0,0,2,a5c6717b636cb63e,3,1,9e0d234a5948721e,0000000000000000,0000000000000000,0,0
1373,1373,0,000011c,00,2,2,3,d8c9c1c41f8c8a3b,0,0,2,2893fff0ee3938b5,3,1,1086ae1fd7c3e5e0,0000000000000000,0000000000000000,0,0
1374,1374,0,0000120,00,2,2,3,4b55563a8c10076e,0,0,2,e097221e263de55b,3,1,56424c91910768b5,0000000000000000,0000000000000000,0,0
1375,1375,0,0000124,00,2,2,3,c5dedb6f029b9090,0,0,2,6dc2ac95ab686bd0,3,1,d8c9c1c41f8c8a3b,0000000000000000,0000000000000000,0,0
1376,1376,0,0000128,00,2,2,3,6c6c79c7ab291dc5,0,0,2,fa3c3f093c96f84c,3,1,4b55563a8c10076e,0000000000000000,0000000000000000,0,0
1377,1377,0,000012c,00,2,2,3,e2e7f49225a2bf6d,0,0,2,7769b182b1c376c7,3,1,c5dedb6f029b9090,0000000000000000,0000000000000000,0,0
1378,1378,0,0000130,00,2,2,3,717b636cb63e3238,0,0,2,d5c11830136bdf75,3,1,6c6c79c7ab291dc5,0000000000000000,0000000000000000,0,0
1379,1379,0,0000134,00,2,2,3,fff0ee3938b5a5c6,0,0,2,589496bb9e3e51fe,3,1,e2e7f49225a2bf6d,0000000000000000,0000000000000000,0,0
1380,1380,0,0000138,00,2,2,3,221e263de55b2893,0,0,2,cf6a052709c0c262,3,1,717b636cb63e3238,0000000000000000,0000000000000000,0,0
1381,1381,0,000013c,00,2,2,3,ac95ab686bd0e097,0,0,2,423f8bac84954ce9,3,1,fff0ee3938b5a5c6,0000000000000000,0000000000000000,0,0
1382,1382,0,0000140,00,2,2,3,3f093c96f84c6dc2,0,0,2,5f63befa99c979bf,3,1,221e263de55b2893,0000000000000000,0000000000000000,0,0
1383,1383,0,0000144,00,2,2,3,b182b1c376c7fa3c,0,0,2,d2363071149cf734,3,1,ac95ab686bd0e097,0000000000000000,0000000000000000,0,0
1384,1384,0,0000148,00,2,2,3,1830136bdf757769,0,0,2,45c8a3ed836264a8,3,1,3f093c96f84c6dc2,0000000000000000,0000000000000000,0,0
1385,1385,0,000014c,00,2,2,3,96bb9e3e51fed5c1,0,0,2,c89d2d660e37ea23,3,1,b182b1c376c7fa3c,0000000000000000,0000000000000000,0,0
1386,1386,0,0000150,00,2,2,3,052709c0c2625894,0,0,2,6a3584d4ac9f4391,3,1,1830136bdf757769,0000000000000000,0000000000000000,0,0
1387,1387,0,0000154,00,2,2,3,8bac84954ce9cf6a,0,0,2,e7600a5f21cacd1a,3,1,96bb9e3e51fed5c1,0000000000000000,0000000000000000,0,0
1388,1388,0,0000158,00,2,2,3,befa99c979bf423f,0,0,2,709e99c3b6345e86,3,1,052709c0c2625894,0000000000000000,0000000000000000,0,0
1389,1389,0,000015c,00,2,2,3,3071149cf7345f63,0,0,2,fdcb17483b61d00d,3,1,8bac84954ce9cf6a,0000000000000000,0000000000000000,0,0
1390,1390,0,0000160,00,2,2,3,a3ed836264a8d236,0,0,2,35cfcaa6f3650de3,3,1,befa99c979bf423f,0000000000000000,0000000000000000,0,0
1391,1391,0,0000164,00,2,2,3,2d660e37ea2345c8,0,0,2,b89a442d7e308368,3,1,3071149cf7345f63,0000000000000000,0000000000000000,0,0
1392,1392,0,0000168,00,2,2,3,84d4ac9f4391c89d,0,0,2,2f64d7b1e9ce10f4,3,1,a3ed836264a8d236,0000000000000000,0000000000000000,0,0
1393,1393,0,000016c,00,2,2,3,0a5f21cacd1a6a35,0,0,2,a231593a649b9e7f,3,1,2d660e37ea2345c8,0000000000000000,0000000000000000,0,0
1394,1394,0,0000170,00,2,2,3,99c3b6345e86e760,0,0,2,0099f088c63337cd,3,1,84d4ac9f4391c89d,0000000000000000,0000000000000000,0,0
1395,1395,0,0000174,00,2,2,3,17483b61d00d709e,0,0,2,8dcc7e034b66b946,3,1,0a5f21cacd1a6a35,0000000000000000,0000000000000000,0,0
1396,1396,0,0000178,00,2,2,3,caa6f3650de3fdcb,0,0,2,1a32ed9fdc982ada,3,1,99c3b6345e86e760,0000000000000000,0000000000000000,0,0
1397,1397,0,000017c,00,2,2,3,442d7e30836835cf,0,0,2,9767631451cda451,3,1,17483b61d00d709e,0000000000000000,0000000000000000,0,0
1398,1398,0,0000180,00,2,2,3,d7b1e9ce10f4b89a,0,0,2,208a8733e6204076,3,1,caa6f3650de3fdcb,0000000000000000,0000000000000000,0,0
1399,1399,0,0000184,00,2,2,3,593a649b9e7f2f64,0,0,2,addf09b86b75cefd,3,1,442d7e30836835cf,0000000000000000,0000000000000000,0,0
1400,1400,0,0000188,00,2,2,3,f088c63337cda231,0,0,2,3a219a24fc8b5d61,3,1,d7b1e9ce10f4b89a,0000000000000000,0000000000000000,0,0
1401,1401,0,000018c,00,2,2,3,7e034b66b9460099,0,0,2,b77414af71ded3ea,3,1,593a649b9e7f2f64,0000000000000000,0000000000000000,0,0
1402,1402,0,0000190,00,2,2,3,ed9fdc982ada8dcc,0,0,2,15dcbd1dd3767a58,3,1,f088c63337cda231,0000000000000000,0000000000000000,0,0
1403,1403,0,0000194,00,2,2,3,631451cda4511a32,0,0,2,988933965e23f4d3,3,1,7e034b66b9460099,0000000000000000,0000000000000000,0,0
1404,1404,0,0000198,00,2,2,3,8733e62040769767,0,0,2,0f77a00ac9dd674f,3,1,ed9fdc982ada8dcc,0000000000000000,0000000000000000,0,0
1405,1405,0,000019c,00,2,2,3,09b86b75cefd208a,0,0,2,82222e814488e9c4,3,1,631451cda4511a32,0000000000000000,0000000000000000,0,0
1406,1406,0,00001a0,00,2,2,3,9a24fc8b5d61addf,0,0,2,4a26f36f8c8c342a,3,1,8733e62040769767,0000000000000000,0000000000000000,0,0
1407,1407,0,00001a4,00,2,2,3,14af71ded3ea3a21,0,0,2,c7737de401d9baa1,3,1,09b86b75cefd208a,0000000000000000,0000000000000000,0,0
1408,1408,0,00001a8,00,2,2,3,bd1dd3767a58b774,0,0,2,508dee789627293d,3,1,9a24fc8b5d61addf,0000000000000000,0000000000000000,0,0
1409,1409,0,00001ac,00,2,2,3,33965e23f4d315dc,0,0,2,ddd860f31b72a7b6,3,1,14af71ded3ea3a21,0000000000000000,0000000000000000,0,0
1410,1410,0,00001b0,00,2,2,3,a00ac9dd674f9889,0,0,2,7f70c941b9da0e04,3,1,bd1dd3767a58b774,0000000000000000,0000000000000000,0,0
1411,1411,0,00001b4,00,2,2,3,2e814488e9c40f77,0,0,2,f22547ca348f808f,3,1,33965e23f4d315dc,0000000000000000,0000000000000000,0,0
1412,1412,0,00001b8,00,2,2,3,f36f8c8c342a8222,0,0,2,65dbd456a3711313,3,1,a00ac9dd674f9889,0000000000000000,0000000000000000,0,0
1413,1413,0,00001bc,00,2,2,3,7de401d9baa14a26,0,0,2,e88e5add2e249d98,3,1,2e814488e9c40f77,0000000000000000,0000000000000000,0,0
1414,1414,0,00001c0,00,2,2,3,ee789627293dc773,0,0,2,f5d26f8b3378a8ce,3,1,f36f8c8c342a8222,0000000000000000,0000000000000000,0,0
1415,1415,0,00001c4,00,2,2,3,60f31b72a7b6508d,0,0,2,7887e100be2d2645,3,1,7de401d9baa14a26,0000000000000000,0000000000000000,0,0
1416,1416,0,00001c8,00,2,2,3,c941b9da0e04ddd8,0,0,2,ef79729c29d3b5d9,3,1,ee789627293dc773,0000000000000000,0000000000000000,0,0
1417,1417,0,00001cc,00,2,2,3,47ca348f808f7f70,0,0,2,622cfc17a4863b52,3,1,60f31b72a7b6508d,0000000000000000,0000000000000000,0,0
1418,1418,0,00001d0,00,2,2,3,d456a3711313f225,0,0,2,c08455a5062e92e0,3,1,c941b9da0e04ddd8,0000000000000000,0000000000000000,0,0
1419,1419,0,00001d4,00,2,2,3,5add2e249d9865db,0,0,2,4dd1db2e8b7b1c6b,3,1,47ca348f808f7f70,0000000000000000,0000000000000000,0,0
1420,1420,0,00001d8,00,2,2,3,6f8b3378a8cee88e,0,0,2,da2f48b21c858ff7,3,1,d456a3711313f225,0000000000000000,0000000000000000,0,0
1421,1421,0,00001dc,00,2,2,3,e100be2d2645f5d2,0,0,2,577ac63991d0017c,3,1,5add2e249d9865db,0000000000000000,0000000000000000,0,0
1422,1422,0,00001e0,00,2,2,3,729c29d3b5d97887,0,0,2,9f7e1bd759d4dc92,3,1,6f8b3378a8cee88e,0000000000000000,0000000000000000,0,0
1423,1423,0,00001e4,00,2,2,3,fc17a4863b52ef79,0,0,2,122b955cd4815219,3,1,e100be2d2645f5d2,0000000000000000,0000000000000000,0,0
1424,1424,0,00001e8,00,2,2,3,55a5062e92e0622c,0,0,2,85d506c0437fc185,3,1,729c29d3b5d97887,0000000000000000,0000000000000000,0,0
1425,1425,0,00001ec,00,2,2,3,db2e8b7b1c6bc084,0,0,2,0880884bce2a4f0e,3,1,fc17a4863b52ef79,0000000000000000,0000000000000000,0,0
1426,1426,0,00001f0,00,2,2,3,48b21c858ff74dd1,0,0,2,aa2821f96c82e6bc,3,1,55a5062e92e0622c,0000000000000000,0000000000000000,0,0
1427,1427,0,00001f4,00,2,2,3,c63991d0017cda2f,0,0,2,277daf72e1d76837,3,1,db2e8b7b1c6bc084,0000000000000000,0000000000000000,0,0
1428,1428,0,00001f8,00,2,2,3,1bd759d4dc92577a,0,0,2,b0833cee7629fbab,3,1,48b21c858ff74dd1,0000000000000000,0000000000000000,0,0
1429,1429,0,00001fc,00,2,2,3,955cd48152199f7e,0,0,2,3dd6b265fb7c7520,3,1,c63991d0017cda2f,0000000000000000,0000000000000000,0,0
1430,1430,0,0000200,00,2,2,3,06c0437fc185122b,0,0,2,759fb167b3357622,3,1,1bd759d4dc92577a,0000000000000000,0000000000000000,0,0
1431,1431,0,0000204,00,2,2,3,884bce2a4f0e85d5,0,0,2,f8ca3fec3e60f8a9,3,1,955cd48152199f7e,0000000000000000,0000000000000000,0,0
1432,1432,0,0000208,00,2,2,3,21f96c82e6bc0880,0,0,2,6f34ac70a99e6b35,3,1,06c0437fc185122b,0000000000000000,0000000000000000,0,0
1433,1433,0,000020c,00,2,2,3,af72e1d76837aa28,0,0,2,e26122fb24cbe5be,3,1,884bce2a4f0e85d5,0000000000000000,0000000000000000,0,0
1434,1434,0,0000210,00,2,2,3,3cee7629fbab277d,0,0,2,40c98b4986634c0c,3,1,21f96c82e6bc0880,0000000000000000,0000000000000000,0,0
1435,1435,0,0000214,00,2,2,3,b265fb7c7520b083,0,0,2,cd9c05c20b36c287,3,1,af72e1d76837aa28,0000000000000000,0000000000000000,0,0
1436,1436,0,0000218,00,2,2,3,b167b33576223dd6,0,0,2,5a62965e9cc8511b,3,1,3cee7629fbab277d,0000000000000000,0000000000000000,0,0
1437,1437,0,000021c,00,2,2,3,3fec3e60f8a9759f,0,0,2,d73718d5119ddf90,3,1,b265fb7c7520b083,0000000000000000,0000000000000000,0,0
1438,1438,0,0000220,00,2,2,3,ac70a99e6b35f8ca,0,0,2,1f33c53bd999027e,3,1,b167b33576223dd6,0000000000000000,0000000000000000,0,0
1439,1439,0,0000224,00,2,2,3,22fb24cbe5be6f34,0,0,2,92664bb054cc8cf5,3,1,3fec3e60f8a9759f,0000000000000000,0000000000000000,0,0
1440,1440,0,0000228,00,2,2,3,8b4986634c0ce261,0,0,2,0598d82cc3321f69,3,1,ac70a99e6b35f8ca,0000000000000000,0000000000000000,0,0
1441,1441,0,000022c,00,2,2,3,05c20b36c28740c9,0,0,2,88cd56a74e6791e2,3,1,22fb24cbe5be6f34,0000000000000000,0000000000000000,0,0
1442,1442,0,0000230,00,2,2,3,965e9cc8511bcd9c,0,0,2,2a65ff15eccf3850,3,1,8b4986634c0ce261,0000000000000000,0000000000000000,0,0
1443,1443,0,0000234,00,2,2,3,18d5119ddf905a62,0,0,2,a730719e619ab6db,3,1,05c20b36c28740c9,0000000000000000,0000000000000000,0,0
1444,1444,0,0000238,00,2,2,3,c53bd999027ed737,0,0,2,30cee202f6642547,3,1,965e9cc8511bcd9c,0000000000000000,0000000000000000,0,0
1445,1445,0,000023c,00,2,2,3,4bb054cc8cf51f33,0,0,2,bd9b6c897b31abcc,3,1,18d5119ddf905a62,0000000000000000,0000000000000000,0,0
1446,1446,0,0000240,00,2,2,3,d82cc3321f699266,0,0,2,a0c759df666d9e9a,3,1,c53bd999027ed737,0000000000000000,0000000000000000,0,0
1447,1447,0,0000244,00,2,2,3,56a74e6791e20598,0,0,2,2d92d754eb381011,3,1,4bb054cc8cf51f33,0000000000000000,0000000000000000,0,0
1448,1448,0,0000248,00,2,2,3,ff15eccf385088cd,0,0,2,ba6c44c87cc6838d,3,1,d82cc3321f699266,0000000000000000,0000000000000000,0,0
1449,1449,0,000024c,00,2,2,3,719e619ab6db2a65,0,0,2,3739ca43f1930d06,3,1,56a74e6791e20598,0000000000000000,0000000000000000,0,0
1450,1450,0,0000250,00,2,2,3,e202f6642547a730,0,0,2,959163f1533ba4b4,3,1,ff15eccf385088cd,0000000000000000,0000000000000000,0,0
1451,1451,0,0000254,00,2,2,3,6c897b31abcc30ce,0,0,2,18c4ed7ade6e2a3f,3,1,719e619ab6db2a65,0000000000000000,0000000000000000,0,0
1452,1452,0,0000258,00,2,2,3,59df666d9e9abd9b,0,0,2,8f3a7ee64990b9a3,3,1,e202f6642547a730,0000000000000000,0000000000000000,0,0
1453,1453,0,000025c,00,2,2,3,d754eb381011a0c7,0,0,2,026ff06dc4c53728,3,1,6c897b31abcc30ce,0000000000000000,0000000000000000,0,0
1454,1454,0,0000260,00,2,2,3,44c87cc6838d2d92,0,0,2,ca6b2d830cc1eac6,3,1,59df666d9e9abd9b,0000000000000000,0000000000000000,0,0
1455,1455,0,0000264,00,2,2,3,ca43f1930d06ba6c,0,0,2,473ea3088194644d,3,1,d754eb381011a0c7,0000000000000000,0000000000000000,0,0
1456,1456,0,0000268,00,2,2,3,63f1533ba4b43739,0,0,2,d0c03094166af7d1,3,1,44c87cc6838d2d92,0000000000000000,0000000000000000,0,0
1457,1457,0,000026c,00,2,2,3,ed7ade6e2a3f9591,0,0,2,5d95be1f9b3f795a,3,1,ca43f1930d06ba6c,0000000000000000,0000000000000000,0,0
1458,1458,0,0000270,00,2,2,3,7ee64990b9a318c4,0,0,2,ff3d17ad3997d0e8,3,1,63f1533ba4b43739,0000000000000000,0000000000000000,0,0
1459,1459,0,0000274,00,2,2,3,f06dc4c537288f3a,0,0,2,72689926b4c25e63,3,1,ed7ade6e2a3f9591,0000000000000000,0000000000000000,0,0
1460,1460,0,0000278,00,2,2,3,2d830cc1eac6026f,0,0,2,e5960aba233ccdff,3,1,7ee64990b9a318c4,0000000000000000,0000000000000000,0,0
1461,1461,0,000027c,00,2,2,3,a3088194644dca6b,0,0,2,68c38431ae694374,3,1,f06dc4c537288f3a,0000000000000000,0000000000000000,0,0
1462,1462,0,0000280,00,2,2,3,3094166af7d1473e,0,0,2,df2e60161984a753,3,1,2d830cc1eac6026f,0000000000000000,0000000000000000,0,0
1463,1463,0,0000284,00,2,2,3,be1f9b3f795ad0c0,0,0,2,527bee9d94d129d8,3,1,a3088194644dca6b,0000000000000000,0000000000000000,0,0
1464,1464,0,0000288,00,2,2,3,17ad3997d0e85d95,0,0,2,c5857d01032fba44,3,1,3094166af7d1473e,0000000000000000,0000000000000000,0,0
1465,1465,0,000028c,00,2,2,3,9926b4c25e63ff3d,0,0,2,48d0f38a8e7a34cf,3,1,be1f9b3f795ad0c0,0000000000000000,0000000000000000,0,0
1466,1466,0,0000290,00,2,2,3,0aba233ccdff7268,0,0,2,ea785a382cd29d7d,3,1,17ad3997d0e85d95,0000000000000000,0000000000000000,0,0
1467,1467,0,0000294,00,2,2,3,8431ae694374e596,0,0,2,672dd4b3a18713f6,3,1,9926b4c25e63ff3d,0000000000000000,0000000000000000,0,0
1468,1468,0,0000298,00,2,2,3,60161984a75368c3,0,0,2,f0d3472f3679806a,3,1,0aba233ccdff7268,0000000000000000,0000000000000000,0,0
1469,1469,0,000029c,00,2,2,3,ee9d94d129d8df2e,0,0,2,7d86c9a4bb2c0ee1,3,1,8431ae694374e596,0000000000000000,0000000000000000,0,0
1470,1470,0,00002a0,00,2,2,3,7d01032fba44527b,0,0,2,b582144a7328d30f,3,1,60161984a75368c3,0000000000000000,0000000000000000,0,0
1471,1471,0,00002a4,00,2,2,3,f38a8e7a34cfc585,0,0,2,38d79ac1fe7d5d84,3,1,ee9d94d129d8df2e,0000000000000000,0000000000000000,0,0
1472,1472,0,00002a8,00,2,2,3,5a382cd29d7d48d0,0,0,2,af29095d6983ce18,3,1,7d01032fba44527b,0000000000000000,0000000000000000,0,0
1473,1473,0,00002ac,00,2,2,3,d4b3a18713f6ea78,0,0,2,227c87d6e4d64093,3,1,f38a8e7a34cfc585,0000000000000000,0000000000000000,0,0
1474,1474,0,00002b0,00,2,2,3,472f3679806a672d,0,0,2,80d42e64467ee921,3,1,5a382cd29d7d48d0,0000000000000000,0000000000000000,0,0
1475,1475,0,00002b4,00,2,2,3,c9a4bb2c0ee1f0d3,0,0,2,0d81a0efcb2b67aa,3,1,d4b3a18713f6ea78,0000000000000000,0000000000000000,0,0
1476,1476,0,00002b8,00,2,2,3,144a7328d30f7d86,0,0,2,9a7f33735cd5f436,3,1,472f3679806a672d,0000000000000000,0000000000000000,0,0
1477,1477,0,00002bc,00,2,2,3,9ac1fe7d5d84b582,0,0,2,172abdf8d1807abd,3,1,c9a4bb2c0ee1f0d3,0000000000000000,0000000000000000,0,0
1478,1478,0,00002c0,00,2,2,3,095d6983ce1838d7,0,0,2,0a7688aeccdc4feb,3,1,144a7328d30f7d86,0000000000000000,0000000000000000,0,0
1479,1479,0,00002c4,00,2,2,3,87d6e4d64093af29,0,0,2,872306254189c160,3,1,9ac1fe7d5d84b582,0000000000000000,0000000000000000,0,0
1480,1480,0,00002c8,00,2,2,3,2e64467ee921227c,0,0,2,10dd95b9d67752fc,3,1,095d6983ce1838d7,0000000000000000,0000000000000000,0,0
1481,1481,0,00002cc,00,2,2,3,a0efcb2b67aa80d4,0,0,2,9d881b325b22dc77,3,1,87d6e4d64093af29,0000000000000000,0000000000000000,0,0
1482,1482,0,00002d0,00,2,2,3,33735cd5f4360d81,0,0,2,3f20b280f98a75c5,3,1,2e64467ee921227c,0000000000000000,0000000000000000,0,0
1483,1483,0,00002d4,00,2,2,3,bdf8d1807abd9a7f,0,0,2,b2753c0b74dffb4e,3,1,a0efcb2b67aa80d4,0000000000000000,0000000000000000,0,0
1484,1484,0,00002d8,00,2,2,3,88aeccdc4feb172a,0,0,2,258baf97e32168d2,3,1,33735cd5f4360d81,0000000000000000,0000000000000000,0,0
1485,1485,0,00002dc,00,2,2,3,06254189c1600a76,0,0,2,a8de211c6e74e659,3,1,bdf8d1807abd9a7f,0000000000000000,0000000000000000,0,0
1486,1486,0,00002e0,00,2,2,3,95b9d67752fc8723,0,0,2,60dafcf2a6703bb7,3,1,88aeccdc4feb172a,0000000000000000,0000000000000000,0,0
1487,1487,0,00002e4,00,2,2,3,1b325b22dc7710dd,0,0,2,ed8f72792b25b53c,3,1,06254189c1600a76,0000000000000000,0000000000000000,0,0
1488,1488,0,00002e8,00,2,2,3,b280f98a75c59d88,0,0,2,7a71e1e5bcdb26a0,3,1,95b9d67752fc8723,0000000000000000,0000000000000000,0,0
1489,1489,0,00002ec,00,2,2,3,3c0b74dffb4e3f20,0,0,2,f7246f6e318ea82b,3,1,1b325b22dc7710dd,0000000000000000,0000000000000000,0,0
1490,1490,0,00002f0,00,2,2,3,af97e32168d2b275,0,0,2,558cc6dc93260199,3,1,b280f98a75c59d88,0000000000000000,0000000000000000,0,0
1491,1491,0,00002f4,00,2,2,3,211c6e74e659258b,0,0,2,d8d948571e738f12,3,1,3c0b74dffb4e3f20,0000000000000000,0000000000000000,0,0
1492,1492,0,00002f8,00,2,2,3,fcf2a6703bb7a8de,0,0,2,4f27dbcb898d1c8e,3,1,af97e32168d2b275,0000000000000000,0000000000000000,0,0
1493,1493,0,00002fc,00,2,2,3,72792b25b53c60da,0,0,2,c272554004d89205,3,1,211c6e74e659258b,0000000000000000,0000000000000000,0,0
1494,1494,0,0000300,00,2,2,3,e1e5bcdb26a0ed8f,0,0,2,20fc1384e656d4c1,3,1,fcf2a6703bb7a8de,0000000000000000,0000000000000000,0,0
1495,1495,0,0000304,00,2,2,3,6f6e318ea82b7a71,0,0,2,ada99d0f6b035a4a,3,1,72792b25b53c60da,0000000000000000,0000000000000000,0,0
1496,1496,0,0000308,00,2,2,3,c6dc93260199f724,0,0,2,3a570e93fcfdc9d6,3,1,e1e5bcdb26a0ed8f,0000000000000000,0000000000000000,0,0
1497,1497,0,000030c,00,2,2,3,48571e738f12558c,0,0,2,b702801871a8475d,3,1,6f6e318ea82b7a71,0000000000000000,0000000000000000,0,0
1498,1498,0,0000310,00,2,2,3,dbcb898d1c8ed8d9,0,0,2,15aa29aad300eeef,3,1,c6dc93260199f724,0000000000000000,0000000000000000,0,0
1499,1499,0,0000314,00,2,2,3,554004d892054f27,0,0,2,98ffa7215e556064,3,1,48571e738f12558c,0000000000000000,0000000000000000,0,0
1500,1500,0,0000318,00,2,2,3,1384e656d4c1c272,0,0,2,0f0134bdc9abf3f8,3,1,dbcb898d1c8ed8d9,0000000000000000,0000000000000000,0,0
1501,1501,0,000031c,00,2,2,3,9d0f6b035a4a20fc,0,0,2,8254ba3644fe7d73,3,1,554004d892054f27,0000000000000000,0000000000000000,0,0
1502,1502,0,0000320,00,2,2,3,0e93fcfdc9d6ada9,0,0,2,4a5067d88cfaa09d,3,1,1384e656d4c1c272,0000000000000000,0000000000000000,0,0
1503,1503,0,0000324,00,2,2,3,801871a8475d3a57,0,0,2,c705e95301af2e16,3,1,9d0f6b035a4a20fc,0000000000000000,0000000000000000,0,0
1504,1504,0,0000328,00,2,2,3,29aad300eeefb702,0,0,2,50fb7acf9651bd8a,3,1,0e93fcfdc9d6ada9,0000000000000000,0000000000000000,0,0
1505,1505,0,000032c,00,2,2,3,a7215e55606415aa,0,0,2,ddaef4441b043301,3,1,801871a8475d3a57,0000000000000000,0000000000000000,0,0
1506,1506,0,0000330,00,2,2,3,34bdc9abf3f898ff,0,0,2,7f065df6b9ac9ab3,3,1,29aad300eeefb702,0000000000000000,0000000000000000,0,0
1507,1507,0,0000334,00,2,2,3,ba3644fe7d730f01,0,0,2,f253d37d34f91438,3,1,a7215e55606415aa,0000000000000000,0000000000000000,0,0
1508,1508,0,0000338,00,2,2,3,67d88cfaa09d8254,0,0,2,65ad40e1a30787a4,3,1,34bdc9abf3f898ff,0000000000000000,0000000000000000,0,0
1509,1509,0,000033c,00,2,2,3,e95301af2e164a50,0,0,2,e8f8ce6a2e52092f,3,1,ba3644fe7d730f01,0000000000000000,0000000000000000,0,0
1510,1510,0,0000340,00,2,2,3,7acf9651bd8ac705,0,0,2,f5a4fb3c330e3c79,3,1,67d88cfaa09d8254,0000000000000000,0000000000000000,0,0
1511,1511,0,0000344,00,2,2,3,f4441b04330150fb,0,0,2,78f175b7be5bb2f2,3,1,e95301af2e164a50,0000000000000000,0000000000000000,0,0
1512,1512,0,0000348,00,2,2,3,5df6b9ac9ab3ddae,0,0,2,ef0fe62b29a5216e,3,1,7acf9651bd8ac705,0000000000000000,0000000000000000,0,0
1513,1513,0,000034c,00,2,2,3,d37d34f914387f06,0,0,2,625a68a0a4f0afe5,3,1,f4441b04330150fb,0000000000000000,0000000000000000,0,0
1514,1514,0,0000350,00,2,2,3,40e1a30787a4f253,0,0,2,c0f2c11206580657,3,1,5df6b9ac9ab3ddae,0000000000000000,0000000000000000,0,0
1515,1515,0,0000354,00,2,2,3,ce6a2e52092f65ad,0,0,2,4da74f998b0d88dc,3,1,d37d34f914387f06,0000000000000000,0000000000000000,0,0
1516,1516,0,0000358,00,2,2,3,fb3c330e3c79e8f8,0,0,2,da59dc051cf31b40,3,1,40e1a30787a4f253,0000000000000000,0000000000000000,0,0
1517,1517,0,000035c,00,2,2,3,75b7be5bb2f2f5a4,0,0,2,570c528e91a695cb,3,1,ce6a2e52092f65ad,0000000000000000,0000000000000000,0,0
1518,1518,0,0000360,00,2,2,3,e62b29a5216e78f1,0,0,2,9f088f6059a24825,3,1,fb3c330e3c79e8f8,0000000000000000,0000000000000000,0,0
1519,1519,0,0000364,00,2,2,3,68a0a4f0afe5ef0f,0,0,2,125d01ebd4f7c6ae,3,1,75b7be5bb2f2f5a4,0000000000000000,0000000000000000,0,0
1520,1520,0,0000368,00,2,2,3,c11206580657625a,0,0,2,85a3927743095532,3,1,e62b29a5216e78f1,0000000000000000,0000000000000000,0,0
1521,1521,0,000036c,00,2,2,3,4f998b0d88dcc0f2,0,0,2,08f61cfcce5cdbb9,3,1,68a0a4f0afe5ef0f,0000000000000000,0000000000000000,0,0
1522,1522,0,0000370,00,2,2,3,dc051cf31b404da7,0,0,2,aa5eb54e6cf4720b,3,1,c11206580657625a,0000000000000000,0000000000000000,0,0
1523,1523,0,0000374,00,2,2,3,528e91a695cbda59,0,0,2,270b3bc5e1a1fc80,3,1,4f998b0d88dcc0f2,0000000000000000,0000000000000000,0,0
1524,1524,0,0000378,00,2,2,3,8f6059a24825570c,0,0,2,b0f5a859765f6f1c,3,1,dc051cf31b404da7,0000000000000000,0000000000000000,0,0
1525,1525,0,000037c,00,2,2,3,01ebd4f7c6ae9f08,0,0,2,3da026d2fb0ae197,3,1,528e91a695cbda59,0000000000000000,0000000000000000,0,0
1526,1526,0,0000380,00,2,2,3,927743095532125d,0,0,2,8a4dc2f54ce705b0,3,1,8f6059a24825570c,0000000000000000,0000000000000000,0,0
1527,1527,0,0000384,00,2,2,3,1cfcce5cdbb985a3,0,0,2,07184c7ec1b28b3b,3,1,01ebd4f7c6ae9f08,0000000000000000,0000000000000000,0,0
1528,1528,0,0000388,00,2,2,3,b54e6cf4720b08f6,0,0,2,90e6dfe2564c18a7,3,1,927743095532125d,0000000000000000,0000000000000000,0,0
1529,1529,0,000038c,00,2,2,3,3bc5e1a1fc80aa5e,0,0,2,1db35169db19962c,3,1,1cfcce5cdbb985a3,0000000000000000,0000000000000000,0,0
1530,1530,0,0000390,00,2,2,3,a859765f6f1c270b,0,0,2,bf1bf8db79b13f9e,3,1,b54e6cf4720b08f6,0000000000000000,0000000000000000,0,0
1531,1531,0,0000394,00,2,2,3,26d2fb0ae197b0f5,0,0,2,324e7650f4e4b115,3,1,3bc5e1a1fc80aa5e,0000000000000000,0000000000000000,0,0
1532,1532,0,0000398,00,2,2,3,c2f54ce705b03da0,0,0,2,a5b0e5cc631a2289,3,1,a859765f6f1c270b,0000000000000000,0000000000000000,0,0
1533,1533,0,000039c,00,2,2,3,4c7ec1b28b3b8a4d,0,0,2,28e56b47ee4fac02,3,1,26d2fb0ae197b0f5,0000000000000000,0000000000000000,0,0
1534,1534,0,00003a0,00,2,2,3,dfe2564c18a70718,0,0,2,e0e1b6a9264b71ec,3,1,c2f54ce705b03da0,0000000000000000,0000000000000000,0,0
1535,1535,0,00003a4,00,2,2,3,5169db19962c90e6,0,0,2,6db43822ab1eff67,3,1,4c7ec1b28b3b8a4d,0000000000000000,0000000000000000,0,0
1536,1536,0,00003a8,00,2,2,3,f8db79b13f9e1db3,0,0,2,fa4aabbe3ce06cfb,3,1,dfe2564c18a70718,0000000000000000,0000000000000000,0,0
1537,1537,0,00003ac,00,2,2,3,7650f4e4b115bf1b,0,0,2,771f2535b1b5e270,3,1,5169db19962c90e6,0000000000000000,0000000000000000,0,0
1538,1538,0,00003b0,00,2,2,3,e5cc631a2289324e,0,0,2,d5b78c87131d4bc2,3,1,f8db79b13f9e1db3,0000000000000000,0000000000000000,0,0
1539,1539,0,00003b4,00,2,2,3,6b47ee4fac02a5b0,0,0,2,58e2020c9e48c549,3,1,7650f4e4b115bf1b,0000000000000000,0000000000000000,0,0
1540,1540,0,00003b8,00,2,2,3,b6a9264b71ec28e5,0,0,2,cf1c919009b656d5,3,1,e5cc631a2289324e,0000000000000000,0000000000000000,0,0
1541,1541,0,00003bc,00,2,2,3,3822ab1eff67e0e1,0,0,2,42491f1b84e3d85e,3,1,6b47ee4fac02a5b0,0000000000000000,0000000000000000,0,0
1542,1542,0,00003c0,00,2,2,3,abbe3ce06cfb6db4,0,0,2,5f152a4d99bfed08,3,1,b6a9264b71ec28e5,0000000000000000,0000000000000000,0,0
1543,1543,0,00003c4,00,2,2,3,2535b1b5e270fa4a,0,0,2,d240a4c614ea6383,3,1,3822ab1eff67e0e1,0000000000000000,0000000000000000,0,0
1544,1544,0,00003c8,00,2,2,3,8c87131d4bc2771f,0,0,2,45be375a8314f01f,3,1,abbe3ce06cfb6db4,0000000000000000,0000000000000000,0,0
1545,1545,0,00003cc,00,2,2,3,020c9e48c549d5b7,0,0,2,c8ebb9d10e417e94,3,1,2535b1b5e270fa4a,0000000000000000,0000000000000000,0,0
1546,1546,0,00003d0,00,2,2,3,919009b656d558e2,0,0,2,6a431063ace9d726,3,1,8c87131d4bc2771f,0000000000000000,0000000000000000,0,0
1547,1547,0,00003d4,00,2,2,3,1f1b84e3d85ecf1c,0,0,2,e7169ee821bc59ad,3,1,020c9e48c549d5b7,0000000000000000,0000000000000000,0,0
1548,1548,0,00003d8,00,2,2,3,2a4d99bfed084249,0,0,2,70e80d74b642ca31,3,1,919009b656d558e2,0000000000000000,0000000000000000,0,0
1549,1549,0,00003dc,00,2,2,3,a4c614ea63835f15,0,0,2,fdbd83ff3b1744ba,3,1,1f1b84e3d85ecf1c,0000000000000000,0000000000000000,0,0
1550,1550,0,00003e0,00,2,2,3,375a8314f01fd240,0,0,2,35b95e11f3139954,3,1,2a4d99bfed084249,0000000000000000,0000000000000000,0,0
1551,1551,0,00003e4,00,2,2,3,b9d10e417e9445be,0,0,2,b8ecd09a7e4617df,3,1,a4c614ea63835f15,0000000000000000,0000000000000000,0,0
1552,1552,0,00003e8,00,2,2,3,1063ace9d726c8eb,0,0,2,2f124306e9b88443,3,1,375a8314f01fd240,0000000000000000,0000000000000000,0,0
1553,1553,0,00003ec,00,2,2,3,9ee821bc59ad6a43,0,0,2,a247cd8d64ed0ac8,3,1,b9d10e417e9445be,0000000000000000,0000000000000000,0,0
1554,1554,0,00003f0,00,2,2,3,0d74b642ca31e716,0,0,2,00ef643fc645a37a,3,1,1063ace9d726c8eb,0000000000000000,0000000000000000,0,0
1555,1555,0,00003f4,00,2,2,3,83ff3b1744ba70e8,0,0,2,8dbaeab44b102df1,3,1,9ee821bc59ad6a43,0000000000000000,0000000000000000,0,0
1556,1556,0,00003f8,00,2,2,3,5e11f3139954fdbd,0,0,2,1a447928dceebe6d,3,1,0d74b642ca31e716,0000000000000000,0000000000000000,0,0
1557,1557,0,00003fc,00,2,2,3,d09a7e4617df35b9,0,0,2,9711f7a351bb30e6,3,1,83ff3b1744ba70e8,0000000000000000,0000000000000000,0,0
1558,1558,0,0000000,00,2,2,3,4306e9b88443b8ec,0,0,2,df58f4a119f233e4,3,1,5e11f3139954fdbd,0000000000000000,0000000000000000,0,0
1559,1559,0,0000004,00,2,2,3,cd8d64ed0ac82f12,0,0,2,520d7a2a94a7bd6f,3,1,d09a7e4617df35b9,0000000000000000,0000000000000000,0,0
1560,1560,0,0000008,00,2,2,3,643fc645a37aa247,0,0,2,c5f3e9b603592ef3,3,1,4306e9b88443b8ec,0000000000000000,0000000000000000,0,0
1561,1561,0,000000c,00,2,2,3,eab44b102df100ef,0,0,2,48a6673d8e0ca078,3,1,cd8d64ed0ac82f12,0000000000000000,0000000000000000,0,0
1562,1562,0,0000010,00,2,2,3,7928dceebe6d8dba,0,0,2,ea0ece8f2ca409ca,3,1,643fc645a37aa247,0000000000000000,0000000000000000,0,0
1563,1563,0,0000014,00,2,2,3,f7a351bb30e61a44,0,0,2,675b4004a1f18741,3,1,eab44b102df100ef,0000000000000000,0000000000000000,0,0
1564,1564,0,0000018,00,2,2,3,f4a119f233e49711,0,0,2,f0a5d398360f14dd,3,1,7928dceebe6d8dba,0000000000000000,0000000000000000,0,0
1565,1565,0,000001c,00,2,2,3,7a2a94a7bd6fdf58,0,0,2,7df05d13bb5a9a56,3,1,f7a351bb30e61a44,0000000000000000,0000000000000000,0,0
1566,1566,0,0000020,00,2,2,3,e9b603592ef3520d,0,0,2,b5f480fd735e47b8,3,1,f4a119f233e49711,0000000000000000,0000000000000000,0,0
1567,1567,0,0000024,00,2,2,3,673d8e0ca078c5f3,0,0,2,38a10e76fe0bc933,3,1,7a2a94a7bd6fdf58,0000000000000000,0000000000000000,0,0
1568,1568,0,0000028,00,2,2,3,ce8f2ca409ca48a6,0,0,2,af5f9dea69f55aaf,3,1,e9b603592ef3520d,0000000000000000,0000000000000000,0,0
1569,1569,0,000002c,00,2,2,3,4004a1f18741ea0e,0,0,2,220a1361e4a0d424,3,1,673d8e0ca078c5f3,0000000000000000,0000000000000000,0,0
1570,1570,0,0000030,00,2,2,3,d398360f14dd675b,0,0,2,80a2bad346087d96,3,1,ce8f2ca409ca48a6,0000000000000000,0000000000000000,0,0
1571,1571,0,0000034,00,2,2,3,5d13bb5a9a56f0a5,0,0,2,0df73458cb5df31d,3,1,4004a1f18741ea0e,0000000000000000,0000000000000000,0,0
1572,1572,0,0000038,00,2,2,3,80fd735e47b87df0,0,0,2,9a09a7c45ca36081,3,1,d398360f14dd675b,0000000000000000,0000000000000000,0,0
1573,1573,0,000003c,00,2,2,3,0e76fe0bc933b5f4,0,0,2,175c294fd1f6ee0a,3,1,5d13bb5a9a56f0a5,0000000000000000,0000000000000000,0,0
1574,1574,0,0000040,00,2,2,3,9dea69f55aaf38a1,0,0,2,0a001c19ccaadb5c,3,1,80fd735e47b87df0,0000000000000000,0000000000000000,0,0
1575,1575,0,0000044,00,2,2,3,1361e4a0d424af5f,0,0,2,8755929241ff55d7,3,1,0e76fe0bc933b5f4,0000000000000000,0000000000000000,0,0
1576,1576,0,0000048,00,2,2,3,bad346087d96220a,0,0,2,10ab010ed601c64b,3,1,9dea69f55aaf38a1,0000000000000000,0000000000000000,0,0
1577,1577,0,000004c,00,2,2,3,3458cb5df31d80a2,0,0,2,9dfe8f855b5448c0,3,1,1361e4a0d424af5f,0000000000000000,0000000000000000,0,0
1578,1578,0,0000050,00,2,2,3,a7c45ca360810df7,0,0,2,3f562637f9fce172,3,1,bad346087d96220a,0000000000000000,0000000000000000,0,0
1579,1579,0,0000054,00,2,2,3,294fd1f6ee0a9a09,0,0,2,b203a8bc74a96ff9,3,1,3458cb5df31d80a2,0000000000000000,0000000000000000,0,0
1580,1580,0,0000058,00,2,2,3,1c19ccaadb5c175c,0,0,2,25fd3b20e357fc65,3,1,a7c45ca360810df7,0000000000000000,0000000000000000,0,0
1581,1581,0,000005c,00,2,2,3,929241ff55d70a00,0,0,2,a8a8b5ab6e0272ee,3,1,294fd1f6ee0a9a09,0000000000000000,0000000000000000,0,0
1582,1582,0,0000060,00,2,2,3,010ed601c64b8755,0,0,2,60ac6845a606af00,3,1,1c19ccaadb5c175c,0000000000000000,0000000000000000,0,0
1583,1583,0,0000064,00,2,2,3,8f855b5448c010ab,0,0,2,edf9e6ce2b53218b,3,1,929241ff55d70a00,0000000000000000,0000000000000000,0,0
1584,1584,0,0000068,00,2,2,3,2637f9fce1729dfe,0,0,2,7a077552bcadb217,3,1,010ed601c64b8755,0000000000000000,0000000000000000,0,0
1585,1585,0,000006c,00,2,2,3,a8bc74a96ff93f56,0,0,2,f752fbd931f83c9c,3,1,8f855b5448c010ab,0000000000000000,0000000000000000,0,0
1586,1586,0,0000070,00,2,2,3,3b20e357fc65b203,0,0,2,55fa526b9350952e,3,1,2637f9fce1729dfe,0000000000000000,0000000000000000,0,0
1587,1587,0,0000074,00,2,2,3,b5ab6e0272ee25fd,0,0,2,d8afdce01e051ba5,3,1,a8bc74a96ff93f56,0000000000000000,0000000000000000,0,0
1588,1588,0,0000078,00,2,2,3,6845a606af00a8a8,0,0,2,4f514f7c89fb8839,3,1,3b20e357fc65b203,0000000000000000,0000000000000000,0,0
1589,1589,0,000007c,00,2,2,3,e6ce2b53218b60ac,0,0,2,c204c1f704ae06b2,3,1,b5ab6e0272ee25fd,0000000000000000,0000000000000000,0,0
1590,1590,0,0000080,00,2,2,3,7552bcadb217edf9,0,0,2,75e925d0b343e295,3,1,6845a606af00a8a8,0000000000000000,0000000000000000,0,0
1591,1591,0,0000084,00,2,2,3,fbd931f83c9c7a07,0,0,2,f8bcab5b3e166c1e,3,1,e6ce2b53218b60ac,0000000000000000,0000000000000000,0,0
1592,1592,0,0000088,00,2,2,3,526b9350952ef752,0,0,2,6f4238c7a9e8ff82,3,1,7552bcadb217edf9,0000000000000000,0000000000000000,0,0
1593,1593,0,000008c,00,2,2,3,dce01e051ba555fa,0,0,2,e217b64c24bd7109,3,1,fbd931f83c9c7a07,0000000000000000,0000000000000000,0,0
1594,1594,0,0000090,00,2,2,3,4f7c89fb8839d8af,0,0,2,40bf1ffe8615d8bb,3,1,526b9350952ef752,0000000000000000,0000000000000000,0,0
1595,1595,0,0000094,00,2,2,3,c1f704ae06b24f51,0,0,2,cdea91750b405630,3,1,dce01e051ba555fa,0000000000000000,0000000000000000,0,0
1596,1596,0,0000098,00,2,2,3,25d0b343e295c204,0,0,2,5a1402e99cbec5ac,3,1,4f7c89fb8839d8af,0000000000000000,0000000000000000,0,0
1597,1597,0,000009c,00,2,2,3,ab5b3e166c1e75e9,0,0,2,d7418c6211eb4b27,3,1,c1f704ae06b24f51,0000000000000000,0000000000000000,0,0
1598,1598,0,00000a0,00,2,2,3,38c7a9e8ff82f8bc,0,0,2,1f45518cd9ef96c9,3,1,25d0b343e295c204,0000000000000000,0000000000000000,0,0
1599,1599,0,00000a4,00,2,2,3,b64c24bd71096f42,0,0,2,9210df0754ba1842,3,1,ab5b3e166c1e75e9,0000000000000000,0000000000000000,0,0
1600,1600,0,00000a8,00,2,2,3,1ffe8615d8bbe217,0,0,2,05ee4c9bc3448bde,3,1,38c7a9e8ff82f8bc,0000000000000000,0000000000000000,0,0
1601,1601,0,00000ac,00,2,2,3,91750b40563040bf,0,0,2,88bbc2104e110555,3,1,b64c24bd71096f42,0000000000000000,0000000000000000,0,0
1602,1602,0,00000b0,00,2,2,3,02e99cbec5accdea,0,0,2,2a136ba2ecb9ace7,3,1,1ffe8615d8bbe217,0000000000000000,0000000000000000,0,0
1603,1603,0,00000b4,00,2,2,3,8c6211eb4b275a14,0,0,2,a746e52961ec226c,3,1,91750b40563040bf,0000000000000000,0000000000000000,0,0
1604,1604,0,00000b8,00,2,2,3,518cd9ef96c9d741,0,0,2,30b876b5f612b1f0,3,1,02e99cbec5accdea,0000000000000000,0000000000000000,0,0
1605,1605,0,00000bc,00,2,2,3,df0754ba18421f45,0,0,2,bdedf83e7b473f7b,3,1,8c6211eb4b275a14,0000000000000000,0000000000000000,0,0
1606,1606,0,00000c0,00,2,2,3,4c9bc3448bde9210,0,0,2,a0b1cd68661b0a2d,3,1,518cd9ef96c9d741,0000000000000000,0000000000000000,0,0
1607,1607,0,00000c4,00,2,2,3,c2104e11055505ee,0,0,2,2de443e3eb4e84a6,3,1,df0754ba18421f45,0000000000000000,0000000000000000,0,0
1608,1608,0,00000c8,00,2,2,3,6ba2ecb9ace788bb,0,0,2,ba1ad07f7cb0173a,3,1,4c9bc3448bde9210,0000000000000000,0000000000000000,0,0
1609,1609,0,00000cc,00,2,2,3,e52961ec226c2a13,0,0,2,374f5ef4f1e599b1,3,1,c2104e11055505ee,0000000000000000,0000000000000000,0,0
1610,1610,0,00000d0,00,2,2,3,76b5f612b1f0a746,0,0,2,95e7f746534d3003,3,1,6ba2ecb9ace788bb,0000000000000000,0000000000000000,0,0
1611,1611,0,00000d4,00,2,2,3,f83e7b473f7b30b8,0,0,2,18b279cdde18be88,3,1,e52961ec226c2a13,0000000000000000,0000000000000000,0,0
1612,1612,0,00000d8,00,2,2,3,cd68661b0a2dbded,0,0,2,8f4cea5149e62d14,3,1,76b5f612b1f0a746,0000000000000000,0000000000000000,0,0
1613,1613,0,00000dc,00,2,2,3,43e3eb4e84a6a0b1,0,0,2,021964dac4b3a39f,3,1,f83e7b473f7b30b8,0000000000000000,0000000000000000,0,0
1614,1614,0,00000e0,00,2,2,3,d07f7cb0173a2de4,0,0,2,ca1db9340cb77e71,3,1,cd68661b0a2dbded,0000000000000000,0000000000000000,0,0
1615,1615,0,00000e4,00,2,2,3,5ef4f1e599b1ba1a,0,0,2,474837bf81e2f0fa,3,1,43e3eb4e84a6a0b1,0000000000000000,0000000000000000,0,0
1616,1616,0,00000e8,00,2,2,3,f746534d3003374f,0,0,2,d0b6a423161c6366,3,1,d07f7cb0173a2de4,0000000000000000,0000000000000000,0,0
1617,1617,0,00000ec,00,2,2,3,79cdde18be8895e7,0,0,2,5de32aa89b49eded,3,1,5ef4f1e599b1ba1a,0000000000000000,0000000000000000,0,0
1618,1618,0,00000f0,00,2,2,3,ea5149e62d1418b2,0,0,2,ff4b831a39e1445f,3,1,f746534d3003374f,0000000000000000,0000000000000000,0,0
1619,1619,0,00000f4,00,2,2,3,64dac4b3a39f8f4c,0,0,2,721e0d91b4b4cad4,3,1,79cdde18be8895e7,0000000000000000,0000000000000000,0,0
1620,1620,0,00000f8,00,2,2,3,b9340cb77e710219,0,0,2,e5e09e0d234a5948,3,1,ea5149e62d1418b2,0000000000000000,0000000000000000,0,0
1621,1621,0,00000fc,00,2,2,3,37bf81e2f0faca1d,0,0,2,68b51086ae1fd7c3,3,1,64dac4b3a39f8f4c,0000000000000000,0000000000000000,0,0
1622,1622,0,0000100,00,2,2,3,a423161c63664748,0,0,2,8a3b56424c919107,3,1,b9340cb77e710219,0000000000000000,0000000000000000,0,0
1623,1623,0,0000104,00,2,2,3,2aa89b49ededd0b6,0,0,2,076ed8c9c1c41f8c,3,1,37bf81e2f0faca1d,0000000000000000,0000000000000000,0,0
1624,1624,0,0000108,00,2,2,3,831a39e1445f5de3,0,0,2,90904b55563a8c10,3,1,a423161c63664748,0000000000000000,0000000000000000,0,0
1625,1625,0,000010c,00,2,2,3,0d91b4b4cad4ff4b,0,0,2,1dc5c5dedb6f029b,3,1,2aa89b49ededd0b6,0000000000000000,0000000000000000,0,0
1626,1626,0,0000110,00,2,2,3,9e0d234a5948721e,0,0,2,bf6d6c6c79c7ab29,3,1,831a39e1445f5de3,0000000000000000,0000000000000000,0,0
1627,1627,0,0000114,00,2,2,3,1086ae1fd7c3e5e0,0,0,2,3238e2e7f49225a2,3,1,0d91b4b4cad4ff4b,0000000000000000,0000000000000000,0,0
1628,1628,0,0000118,00,2,2,3,56424c91910768b5,0,0,2,a5c6717b636cb63e,3,1,9e0d234a5948721e,0000000000000000,0000000000000000,0,0
1629,1629,0,000011c,00,2,2,3,d8c9c1c41f8c8a3b,0,0,2,2893fff0ee3938b5,3,1,1086ae1fd7c3e5e0,0000000000000000,0000000000000000,0,0
1630,1630,0,0000120,00,2,2,3,4b55563a8c10076e,0,0,2,e097221e263de55b,3,1,56424c91910768b5,0000000000000000,0000000000000000,0,0
1631,1631,0,0000124,00,2,2,3,c5dedb6f029b9090,0,0,2,6dc2ac95ab686bd0,3,1,d8c9c1c41f8c8a3b,0000000000000000,0000000000000000,0,0
1632,1632,0,0000128,00,2,2,3,6c6c79c7ab291dc5,0,0,2,fa3c3f093c96f84c,3,1,4b55563a8c10076e,0000000000000000,0000000000000000,0,0
1633,1633,0,000012c,00,2,2,3,e2e7f49225a2bf6d,0,0,2,7769b182b1c376c7,3,1,c5dedb6f029b9090,0000000000000000,0000000000000000,0,0
1634,1634,0,0000130,00,2,2,3,717b636cb63e3238,0,0,2,d5c11830136bdf75,3,1,6c6c79c7ab291dc5,0000000000000000,0000000000000000,0,0
1635,1635,0,0000134,00,2,2,3,fff0ee3938b5a5c6,0,0,2,589496bb9e3e51fe,3,1,e2e7f49225a2bf6d,0000000000000000,0000000000000000,0,0
1636,1636,0,0000138,00,2,2,3,221e263de55b2893,0,0,2,cf6a052709c0c262,3,1,717b636cb63e3238,0000000000000000,0000000000000000,0,0
1637,1637,0,000013c,00,2,2,3,ac95ab686bd0e097,0,0,2,423f8bac84954ce9,3,1,fff0ee3938b5a5c6,0000000000000000,0000000000000000,0,0
1638,1638,0,0000140,00,2,2,3,3f093c96f84c6dc2,0,0,2,5f63befa99c979bf,3,1,221e263de55b2893,0000000000000000,0000000000000000,0,0
1639,1639,0,0000144,00,2,2,3,b182b1c376c7fa3c,0,0,2,d2363071149cf734,3,1,ac95ab686bd0e097,0000000000000000,0000000000000000,0,0
1640,1640,0,0000148,00,2,2,3,1830136bdf757769,0,0,2,45c8a3ed836264a8,3,1,3f093c96f84c6dc2,0000000000000000,0000000000000000,0,0
1641,1641,0,000014c,00,2,2,3,96bb9e3e51fed5c1,0,0,2,c89d2d660e37ea23,3,1,b182b1c376c7fa3c,0000000000000000,0000000000000000,0,0
1642,1642,0,0000150,00,2,2,3,052709c0c2625894,0,0,2,6a3584d4ac9f4391,3,1,1830136bdf757769,0000000000000000,0000000000000000,0,0
1643,1643,0,0000154,00,2,2,3,8bac84954ce9cf6a,0,0,2,e7600a5f21cacd1a,3,1,96bb9e3e51fed5c1,0000000000000000,0000000000000000,0,0
1644,1644,0,0000158,00,2,2,3,befa99c979bf423f,0,0,2,709e99c3b6345e86,3,1,052709c0c2625894,0000000000000000,0000000000000000,0,0
1645,1645,0,000015c,00,2,2,3,3071149cf7345f63,0,0,2,fdcb17483b61d00d,3,1,8bac84954ce9cf6a,0000000000000000,0000000000000000,0,0
1646,1646,0,0000160,00,2,2,3,a3ed836264a8d236,0,0,2,35cfcaa6f3650de3,3,1,befa99c979bf423f,0000000000000000,0000000000000000,0,0
1647,1647,0,0000164,00,2,2,3,2d660e37ea2345c8,0,0,2,b89a442d7e308368,3,1,3071149cf7345f63,0000000000000000,0000000000000000,0,0
1648,1648,0,0000168,00,2,2,3,84d4ac9f4391c89d,0,0,2,2f64d7b1e9ce10f4,3,1,a3ed836264a8d236,0000000000000000,0000000000000000,0,0
1649,1649,0,000016c,00,2,2,3,0a5f21cacd1a6a35,0,0,2,a231593a649b9e7f,3,1,2d660e37ea2345c8,0000000000000000,0000000000000000,0,0
1650,1650,0,0000170,00,2,2,3,99c3b6345e86e760,0,0,2,0099f088c63337cd,3,1,84d4ac9f4391c89d,0000000000000000,0000000000000000,0,0
1651,1651,0,0000174,00,2,2,3,17483b61d00d709e,0,0,2,8dcc7e034b66b946,3,1,0a5f21cacd1a6a35,0000000000000000,0000000000000000,0,0
1652,1652,0,0000178,00,2,2,3,caa6f3650de3fdcb,0,0,2,1a32ed9fdc982ada,3,1,99c3b6345e86e760,0000000000000000,0000000000000000,0,0
1653,1653,0,000017c,00,2,2,3,442d7e30836835cf,0,0,2,9767631451cda451,3,1,17483b61d00d709e,0000000000000000,0000000000000000,0,0
1654,1654,0,0000180,00,2,2,3,d7b1e9ce10f4b89a,0,0,2,208a8733e6204076,3,1,caa6f3650de3fdcb,0000000000000000,0000000000000000,0,0
1655,1655,0,0000184,00,2,2,3,593a649b9e7f2f64,0,0,2,addf09b86b75cefd,3,1,442d7e30836835cf,0000000000000000,0000000000000000,0,0
1656,1656,0,0000188,00,2,2,3,f088c63337cda231,0,0,2,3a219a24fc8b5d61,3,1,d7b1e9ce10f4b89a,0000000000000000,0000000000000000,0,0
1657,1657,0,000018c,00,2,2,3,7e034b66b9460099,0,0,2,b77414af71ded3ea,3,1,593a649b9e7f2f64,0000000000000000,0000000000000000,0,0
1658,1658,0,0000190,00,2,2,3,ed9fdc982ada8dcc,0,0,2,15dcbd1dd3767a58,3,1,f088c63337cda231,0000000000000000,0000000000000000,0,0
1659,1659,0,0000194,00,2,2,3,631451cda4511a32,0,0,2,988933965e23f4d3,3,1,7e034b66b9460099,0000000000000000,0000000000000000,0,0
1660,1660,0,0000198,00,2,2,3,8733e62040769767,0,0,2,0f77a00ac9dd674f,3,1,ed9fdc982ada8dcc,0000000000000000,0000000000000000,0,0
1661,1661,0,000019c,00,2,2,3,09b86b75cefd208a,0,0,2,82222e814488e9c4,3,1,631451cda4511a32,0000000000000000,0000000000000000,0,0
1662,1662,0,00001a0,00,2,2,3,9a24fc8b5d61addf,0,0,2,4a26f36f8c8c342a,3,1,8733e62040769767,0000000000000000,0000000000000000,0,0
1663,1663,0,00001a4,00,2,2,3,14af71ded3ea3a21,0,0,2,c7737de401d9baa1,3,1,09b86b75cefd208a,0000000000000000,0000000000000000,0,0
1664,1664,0,00001a8,00,2,2,3,bd1dd3767a58b774,0,0,2,508dee789627293d,3,1,9a24fc8b5d61addf,0000000000000000,0000000000000000,0,0
1665,1665,0,00001ac,00,2,2,3,33965e23f4d315dc,0,0,2,ddd860f31b72a7b6,3,1,14af71ded3ea3a21,0000000000000000,0000000000000000,0,0
1666,1666,0,00001b0,00,2,2,3,a00ac9dd674f9889,0,0,2,7f70c941b9da0e04,3,1,bd1dd3767a58b774,0000000000000000,0000000000000000,0,0
1667,1667,0,00001b4,00,2,2,3,2e814488e9c40f77,0,0,2,f22547ca348f808f,3,1,33965e23f4d315dc,0000000000000000,0000000000000000,0,0
1668,1668,0,00001b8,00,2,2,3,f36f8c8c342a8222,0,0,2,65dbd456a3711313,3,1,a00ac9dd674f9889,0000000000000000,0000000000000000,0,0
1669,1669,0,00001bc,00,2,2,3,7de401d9baa14a26,0,0,2,e88e5add2e249d98,3,1,2e814488e9c40f77,0000000000000000,0000000000000000,0,0
1670,1670,0,00001c0,00,2,2,3,ee789627293dc773,0,0,2,f5d26f8b3378a8ce,3,1,f36f8c8c342a8222,0000000000000000,0000000000000000,0,0
1671,1671,0,00001c4,00,2,2,3,60f31b72a7b6508d,0,0,2,7887e100be2d2645,3,1,7de401d9baa14a26,0000000000000000,0000000000000000,0,0
1672,1672,0,00001c8,00,2,2,3,c941b9da0e04ddd8,0,0,2,ef79729c29d3b5d9,3,1,ee789627293dc773,0000000000000000,0000000000000000,0,0
1673,1673,0,00001cc,00,2,2,3,47ca348f808f7f70,0,0,2,622cfc17a4863b52,3,1,60f31b72a7b6508d,0000000000000000,0000000000000000,0,0
1674,1674,0,00001d0,00,2,2,3,d456a3711313f225,0,0,2,c08455a5062e92e0,3,1,c941b9da0e04ddd8,0000000000000000,0000000000000000,0,0
1675,1675,0,00001d4,00,2,2,3,5add2e249d9865db,0,0,2,4dd1db2e8b7b1c6b,3,1,47ca348f808f7f70,0000000000000000,0000000000000000,0,0
1676,1676,0,00001d8,00,2,2,3,6f8b3378a8cee88e,0,0,2,da2f48b21c858ff7,3,1,d456a3711313f225,0000000000000000,0000000000000000,0,0
1677,1677,0,0000000,00,3,3,3,e100be2d2645f5d2,0,0,3,fdcb17483b61d00d,0,1,5add2e249d9865db,0000000000000000,0000000000000000,0,0
1678,1678,0,0000000,00,3,3,3,729c29d3b5d97887,0,0,3,fdcb17483b61d00d,0,1,6f8b3378a8cee88e,0000000000000000,0000000000000000,0,0
1679,1679,0,0000000,00,3,3,3,fc17a4863b52ef79,0,0,3,fdcb17483b61d00d,0,1,e100be2d2645f5d2,0000000000000000,0000000000000000,0,0
1680,1680,0,0000000,00,3,3,3,55a5062e92e0622c,0,0,3,fdcb17483b61d00d,0,1,729c29d3b5d97887,0000000000000000,0000000000000000,0,0
1681,1681,0,0000000,00,3,3,3,db2e8b7b1c6bc084,0,0,3,fdcb17483b61d00d,0,1,fc17a4863b52ef79,0000000000000000,0000000000000000,0,0
1682,1682,0,0000000,00,3,2,2,48b21c858ff74dd1,0,0,2,fdcb17483b61d00d,0,1,55a5062e92e0622c,0000000000000000,0000000000000000,0,0
1683,1683,0,0000000,00,3,3,3,17483b61d00dda2f,0,0,3,fdcb17483b61d00d,0,1,db2e8b7b1c6bc084,0000000000000000,0000000000000000,0,0
1684,1684,0,0000000,00,3,3,3,0000000000001600,0,0,3,fdcb17483b61d00d,0,1,48b21c858ff74dd1,0000000000000000,0000000000000000,0,0
1685,1685,0,0000000,00,3,3,3,0000000000000000,0,0,3,fdcb17483b61d00d,0,1,17483b61d00dda2f,0000000000000000,0000000000000000,0,0
1686,1686,0,0000000,00,2,2,2,0000000000000000,0,0,3,fdcb17483b61d00d,0,1,0000000000001600,0000000000000000,0000000000000000,0,0
1687,1687,0,0000000,00,3,3,3,0000000000000000,0,0,3,fdcb17483b61d00d,0,1,0000000000000000,0000000000000000,0000000000000000,0,0
1688,1688,0,0000000,00,3,3,3,0000000000000000,0,0,3,fdcb17483b61d00d,0,1,0000000000000000,0000000000000000,0000000000000000,0,0
1689,1689,0,0000000,00,3,3,3,0000000000000000,0,0,3,fdcb17483b61d00d,0,1,0000000000000000,0000000000000000,0000000000000000,0,0
1690,1690,0,0000000,00,3,3,3,0000000000000000,0,0,3,fdcb17483b61d00d,0,1,0000000000000000,0000000000000000,0000000000000000,0,0
1691,1691,0,0000000,00,3,3,3,0000000000000000,0,0,3,fdcb17483b61d00d,0,1,0000000000000000,0000000000000000,0000000000000000,0,0
1692,1692,0,0000000,00,3,3,3,0000000000000000,0,0,3,fdcb17483b61d00d,0,1,0000000000000000,0000000000000000,0000000000000000,0,0
1693,1693,0,0000000,00,3,3,3,0000000000000000,0,0,3,fdcb17483b61d00d,0,1,0000000000000000,0000000000000000,0000000000000000,0,0
1694,1694,0,0000000,00,3,3,3,0000000000000000,0,0,3,fdcb17483b61d00d,0,1,0000000000000000,0000000000000000,0000000000000000,0,0
1695,1695,0,0000000,00,3,3,3,0000000000000000,0,0,3,fdcb17483b61d00d,0,1,0000000000000000,0000000000000000,0000000000000000,0,0
1696,1696,0,0000000,00,3,3,3,0000000000000000,0,0,3,fdcb17483b61d00d,0,1,0000000000000000,0000000000000000,0000000000000000,0,0
1697,1697,0,0000000,00,3,3,3,0000000000000000,0,0,3,fdcb17483b61d00d,0,1,0000000000000000,0000000000000000,0000000000000000,0,0
1698,1698,0,0000000,00,3,3,3,0000000000000000,0,0,3,fdcb17483b61d00d,0,1,0000000000000000,0000000000000000,0000000000000000,0,0
1699,1699,0,0000000,00,3,3,3,0000000000000000,0,0,3,fdcb17483b61d00d,0,1,0000000000000000,0000000000000000,0000000000000000,0,0
1700,1700,0,0000000,00,3,3,3,0000000000000000,0,0,3,fdcb17483b61d00d,0,1,0000000000000000,0000000000000000,0000000000000000,0,0
1701,1701,0,0000000,04,3,2,2,0000000000000000,0,0,3,fdcb17483b61d00d,0,1,0000000000000000,0000000000000000,0000000000000000,0,0
1702,1702,0,0000000,00,3,3,3,0000000000000000,0,0,3,fdcb17483b61d00d,0,1,0000000000000000,0000000000000000,0000000000000000,0,0
1703,1703,0,0000000,00,3,3,3,0000000000000000,0,0,3,fdcb17483b61d00d,0,1,0000000000000000,0000000000000000,0000000000000000,0,0
1704,1704,0,0000000,00,3,3,3,0000000000000000,0,0,3,fdcb17483b61d00d,0,1,0000000000000000,0000000000000000,0000000000000000,0,0
1705,1705,0,0000000,00,3,3,3,0000000000000000,0,0,3,fdcb17483b61d00d,0,1,0000000000000000,0000000000000000,0000000000000000,0,0
1706,1706,0,00002c0,04,2,2,3,0000000000000000,0,0,3,fdcb17483b61d00d,0,1,0000000000000000,0000000000000000,0000000000000000,0,0
1707,1707,0,00002c4,04,2,2,3,0000000000000000,3,0,3,fdcb17483b61d00d,0,1,0000000000000000,0000000000000000,0000000000000000,0,0
1708,1708,0,00002c8,04,2,2,3,0000000000000000,3,0,3,fdcb17483b61d00d,0,1,0000000000000000,0000000000000000,0000000000000000,0,0
1709,1709,0,00002cc,04,2,2,3,0000000000000000,3,0,3,fdcb17483b61d00d,0,1,0000000000000000,0000000000000000,0000000000000000,0,0
1710,1710,0,00002d0,04,2,2,3,0000000000000000,3,0,3,fdcb17483b61d00d,0,1,0000000000000000,0000000000000000,0000000000000000,0,0
1711,1711,0,00002d4,04,2,2,3,0000000000000000,3,0,3,fdcb17483b61d00d,0,1,0000000000000000,0000000000000000,0000000000000000,0,0
1712,1712,0,00002d8,04,2,2,3,0000000000000000,3,0,3,fdcb17483b61d00d,0,1,0000000000000000,0000000000000000,0000000000000000,0,0
1713,1713,0,00002dc,04,2,2,3,5c4ca69b9ae661de,3,0,3,fdcb17483b61d00d,0,1,0000000000000000,0000000000000000,0000000000000000,0,0
1714,1714,0,00002e0,04,2,2,3,d119281017b3ef55,3,0,3,fdcb17483b61d00d,0,1,0000000000000000,0000000000000000,0000000000000000,0,0
1715,1715,0,00002e4,04,2,2,3,46e7bb8c804d7cc9,3,3,3,fdcb17483b61d00d,0,1,5c4ca69b9ae661de,0000000000000000,0000000000000000,0,0
1716,1716,0,00002e8,04,2,2,3,cbb235070d18f242,3,3,3,fdcb17483b61d00d,0,1,d119281017b3ef55,0000000000000000,0000000000000000,0,0
1717,1717,0,00002ec,04,2,2,3,691a9cb5afb05bf0,3,3,3,fdcb17483b61d00d,0,1,46e7bb8c804d7cc9,0000000000000000,0000000000000000,0,0
1718,1718,0,00002f0,04,2,2,3,e44f123e22e5d57b,3,3,3,fdcb17483b61d00d,0,1,cbb235070d18f242,0000000000000000,0000000000000000,0,0
1719,1719,0,00002f4,04,2,2,3,73b181a2b51b46e7,3,3,3,fdcb17483b61d00d,0,1,691a9cb5afb05bf0,0000000000000000,0000000000000000,0,0
1720,1720,0,00002f8,04,2,2,3,fee40f29384ec86c,3,3,3,fdcb17483b61d00d,0,1,e44f123e22e5d57b,0000000000000000,0000000000000000,0,0
1721,1721,0,00002fc,04,2,2,3,36e0d2c7f04a1582,3,3,3,fdcb17483b61d00d,0,1,73b181a2b51b46e7,0000000000000000,0000000000000000,0,0
1722,1722,0,0000300,04,2,2,3,bbb55c4c7d1f9b09,3,3,3,fdcb17483b61d00d,0,1,fee40f29384ec86c,0000000000000000,0000000000000000,0,0
1723,1723,0,0000304,04,2,2,3,2c4bcfd0eae10895,3,3,3,fdcb17483b61d00d,0,1,36e0d2c7f04a1582,0000000000000000,0000000000000000,0,0
1724,1724,0,0000308,04,2,2,3,a11e415b67b4861e,3,3,3,fdcb17483b61d00d,0,1,bbb55c4c7d1f9b09,0000000000000000,0000000000000000,0,0
1725,1725,0,000030c,04,2,2,3,03b6e8e9c51c2fac,3,3,3,fdcb17483b61d00d,0,1,2c4bcfd0eae10895,0000000000000000,0000000000000000,0,0
1726,1726,0,0000310,04,2,2,3,8ee366624849a127,3,3,3,fdcb17483b61d00d,0,1,a11e415b67b4861e,0000000000000000,0000000000000000,0,0
1727,1727,0,0000314,04,2,2,3,191df5fedfb732bb,3,3,3,fdcb17483b61d00d,0,1,03b6e8e9c51c2fac,0000000000000000,0000000000000000,0,0
1728,1728,0,0000318,04,2,2,3,94487b7552e2bc30,3,3,3,fdcb17483b61d00d,0,1,8ee366624849a127,0000000000000000,0000000000000000,0,0
1729,1729,0,000031c,04,2,2,3,76c63db1b06cfaf4,3,3,3,fdcb17483b61d00d,0,1,191df5fedfb732bb,0000000000000000,0000000000000000,0,0
1730,1730,0,0000320,04,2,2,3,fb93b33a3d39747f,3,3,3,fdcb17483b61d00d,0,1,94487b7552e2bc30,0000000000000000,0000000000000000,0,0
1731,1731,0,0000324,04,2,2,3,6c6d20a6aac7e7e3,3,3,3,fdcb17483b61d00d,0,1,76c63db1b06cfaf4,0000000000000000,0000000000000000,0,0
1732,1732,0,0000328,04,2,2,3,e138ae2d27926968,3,3,3,fdcb17483b61d00d,0,1,fb93b33a3d39747f,0000000000000000,0000000000000000,0,0
1733,1733,0,000032c,04,2,2,3,4390079f853ac0da,3,3,3,fdcb17483b61d00d,0,1,6c6d20a6aac7e7e3,0000000000000000,0000000000000000,0,0
1734,1734,0,0000330,04,2,2,3,cec58914086f4e51,3,3,3,fdcb17483b61d00d,0,1,e138ae2d27926968,0000000000000000,0000000000000000,0,0
1735,1735,0,0000334,04,2,2,3,593b1a889f91ddcd,3,3,3,fdcb17483b61d00d,0,1,4390079f853ac0da,0000000000000000,0000000000000000,0,0
1736,1736,0,0000338,04,2,2,3,d46e940312c45346,3,3,3,fdcb17483b61d00d,0,1,cec58914086f4e51,0000000000000000,0000000000000000,0,0
1737,1737,0,000033c,04,2,2,3,1c6a49eddac08ea8,3,3,3,fdcb17483b61d00d,0,1,593b1a889f91ddcd,0000000000000000,0000000000000000,0,0
1738,1738,0,0000340,04,2,2,3,913fc76657950023,3,3,3,fdcb17483b61d00d,0,1,d46e940312c45346,0000000000000000,0000000000000000,0,0
1739,1739,0,0000344,04,2,2,3,06c154fac06b93bf,3,3,3,fdcb17483b61d00d,0,1,1c6a49eddac08ea8,0000000000000000,0000000000000000,0,0
1740,1740,0,0000348,04,2,2,3,8b94da714d3e1d34,3,3,3,fdcb17483b61d00d,0,1,913fc76657950023,0000000000000000,0000000000000000,0,0
1741,1741,0,000034c,04,2,2,3,293c73c3ef96b486,3,3,3,fdcb17483b61d00d,0,1,06c154fac06b93bf,0000000000000000,0000000000000000,0,0
1742,1742,0,0000350,04,2,2,3,a469fd4862c33a0d,3,3,3,fdcb17483b61d00d,0,1,8b94da714d3e1d34,0000000000000000,0000000000000000,0,0
1743,1743,0,0000354,04,2,2,3,33976ed4f53da991,3,3,3,fdcb17483b61d00d,0,1,293c73c3ef96b486,0000000000000000,0000000000000000,0,0
1744,1744,0,0000358,04,2,2,3,bec2e05f7868271a,3,3,3,fdcb17483b61d00d,0,1,a469fd4862c33a0d,0000000000000000,0000000000000000,0,0
1745,1745,0,000035c,04,2,2,3,a39ed5096534124c,3,3,3,fdcb17483b61d00d,0,1,33976ed4f53da991,0000000000000000,0000000000000000,0,0
1746,1746,0,0000360,04,2,2,3,2ecb5b82e8619cc7,3,3,3,fdcb17483b61d00d,0,1,bec2e05f7868271a,0000000000000000,0000000000000000,0,0
1747,1747,0,0000364,04,2,2,3,b935c81e7f9f0f5b,3,3,3,fdcb17483b61d00d,0,1,a39ed5096534124c,0000000000000000,0000000000000000,0,0
1748,1748,0,0000368,04,2,2,3,34604695f2ca81d0,3,3,3,fdcb17483b61d00d,0,1,2ecb5b82e8619cc7,0000000000000000,0000000000000000,0,0
1749,1749,0,000036c,04,2,2,3,96c8ef2750622862,3,3,3,fdcb17483b61d00d,0,1,b935c81e7f9f0f5b,0000000000000000,0000000000000000,0,0
1750,1750,0,0000370,04,2,2,3,1b9d61acdd37a6e9,3,3,3,fdcb17483b61d00d,0,1,34604695f2ca81d0,0000000000000000,0000000000000000,0,0
1751,1751,0,0000374,04,2,2,3,8c63f2304ac93575,3,3,3,fdcb17483b61d00d,0,1,96c8ef2750622862,0000000000000000,0000000000000000,0,0
1752,1752,0,0000378,04,2,2,3,01367cbbc79cbbfe,3,3,3,fdcb17483b61d00d,0,1,1b9d61acdd37a6e9,0000000000000000,0000000000000000,0,0
1753,1753,0,000037c,04,2,2,3,c932a1550f986610,3,3,3,fdcb17483b61d00d,0,1,8c63f2304ac93575,0000000000000000,0000000000000000,0,0
1754,1754,0,0000380,04,2,2,3,44672fde82cde89b,3,3,3,fdcb17483b61d00d,0,1,01367cbbc79cbbfe,0000000000000000,0000000000000000,0,0
1755,1755,0,0000384,04,2,2,3,d399bc4215337b07,3,3,3,fdcb17483b61d00d,0,1,c932a1550f986610,0000000000000000,0000000000000000,0,0
1756,1756,0,0000388,04,2,2,3,5ecc32c99866f58c,3,3,3,fdcb17483b61d00d,0,1,44672fde82cde89b,0000000000000000,0000000000000000,0,0
1757,1757,0,000038c,04,2,2,3,fc649b7b3ace5c3e,3,3,3,fdcb17483b61d00d,0,1,d399bc4215337b07,0000000000000000,0000000000000000,0,0
1758,1758,0,0000390,04,2,2,3,713115f0b79bd2b5,3,3,3,fdcb17483b61d00d,0,1,5ecc32c99866f58c,0000000000000000,0000000000000000,0,0
1759,1759,0,0000394,04,2,2,3,e6cf866c20654129,3,3,3,fdcb17483b61d00d,0,1,fc649b7b3ace5c3e,0000000000000000,0000000000000000,0,0
1760,1760,0,0000398,04,2,2,3,6b9a08e7ad30cfa2,3,3,3,fdcb17483b61d00d,0,1,713115f0b79bd2b5,0000000000000000,0000000000000000,0,0
1761,1761,0,000039c,04,2,2,3,dc77ecc01add2b85,3,3,3,fdcb17483b61d00d,0,1,e6cf866c20654129,0000000000000000,0000000000000000,0,0
1762,1762,0,00003a0,04,2,2,3,5122624b9788a50e,3,3,3,fdcb17483b61d00d,0,1,6b9a08e7ad30cfa2,0000000000000000,0000000000000000,0,0
1763,1763,0,00003a4,04,2,2,3,c6dcf1d700763692,3,3,3,fdcb17483b61d00d,0,1,dc77ecc01add2b85,0000000000000000,0000000000000000,0,0
1764,1764,0,00003a8,04,2,2,3,4b897f5c8d23b819,3,3,3,fdcb17483b61d00d,0,1,5122624b9788a50e,0000000000000000,0000000000000000,0,0
1765,1765,0,00003ac,04,2,2,3,e921d6ee2f8b11ab,3,3,3,fdcb17483b61d00d,0,1,c6dcf1d700763692,0000000000000000,0000000000000000,0,0
1766,1766,0,00003b0,04,2,2,3,64745865a2de9f20,3,3,3,fdcb17483b61d00d,0,1,4b897f5c8d23b819,0000000000000000,0000000000000000,0,0
1767,1767,0,00003b4,04,2,2,3,f38acbf935200cbc,3,3,3,fdcb17483b61d00d,0,1,e921d6ee2f8b11ab,0000000000000000,0000000000000000,0,0
1768,1768,0,00003b8,04,2,2,3,7edf4572b8758237,3,3,3,fdcb17483b61d00d,0,1,64745865a2de9f20,0000000000000000,0000000000000000,0,0
1769,1769,0,00003bc,04,2,2,3,b6db989c70715fd9,3,3,3,fdcb17483b61d00d,0,1,f38acbf935200cbc,0000000000000000,0000000000000000,0,0
1770,1770,0,00003c0,04,2,2,3,3b8e1617fd24d152,3,3,3,fdcb17483b61d00d,0,1,7edf4572b8758237,0000000000000000,0000000000000000,0,0
1771,1771,0,00003c4,04,2,2,3,ac70858b6ada42ce,3,3,3,fdcb17483b61d00d,0,1,b6db989c70715fd9,0000000000000000,0000000000000000,0,0
1772,1772,0,00003c8,04,2,2,3,21250b00e78fcc45,3,3,3,fdcb17483b61d00d,0,1,3b8e1617fd24d152,0000000000000000,0000000000000000,0,0
1773,1773,0,00003cc,04,2,2,3,838da2b2452765f7,3,3,3,fdcb17483b61d00d,0,1,ac70858b6ada42ce,0000000000000000,0000000000000000,0,0
1774,1774,0,00003d0,04,2,2,3,0ed82c39c872eb7c,3,3,3,fdcb17483b61d00d,0,1,21250b00e78fcc45,0000000000000000,0000000000000000,0,0
1775,1775,0,00003d4,04,2,2,3,9926bfa55f8c78e0,3,3,3,fdcb17483b61d00d,0,1,838da2b2452765f7,0000000000000000,0000000000000000,0,0
1776,1776,0,00003d8,04,2,2,3,1473312ed2d9f66b,3,3,3,fdcb17483b61d00d,0,1,0ed82c39c872eb7c,0000000000000000,0000000000000000,0,0
1777,1777,0,00003dc,04,2,2,3,092f0478cf85c33d,3,3,3,fdcb17483b61d00d,0,1,9926bfa55f8c78e0,0000000000000000,0000000000000000,0,0
1778,1778,0,00003e0,04,2,2,3,847a8af342d04db6,3,3,3,fdcb17483b61d00d,0,1,1473312ed2d9f66b,0000000000000000,0000000000000000,0,0
1779,1779,0,00003e4,04,2,2,3,1384196fd52ede2a,3,3,3,fdcb17483b61d00d,0,1,092f0478cf85c33d,0000000000000000,0000000000000000,0,0
1780,1780,0,00003e8,04,2,2,3,9ed197e4587b50a1,3,3,3,fdcb17483b61d00d,0,1,847a8af342d04db6,0000000000000000,0000000000000000,0,0
1781,1781,0,00003ec,04,2,2,3,3c793e56fad3f913,3,3,3,fdcb17483b61d00d,0,1,1384196fd52ede2a,0000000000000000,0000000000000000,0,0
1782,1782,0,00003f0,04,2,2,3,b12cb0dd77867798,3,3,3,fdcb17483b61d00d,0,1,9ed197e4587b50a1,0000000000000000,0000000000000000,0,0
1783,1783,0,00003f4,04,2,2,3,26d22341e078e404,3,3,3,fdcb17483b61d00d,0,1,3c793e56fad3f913,0000000000000000,0000000000000000,0,0
1784,1784,0,00003f8,04,2,2,3,ab87adca6d2d6a8f,3,3,3,fdcb17483b61d00d,0,1,b12cb0dd77867798,0000000000000000,0000000000000000,0,0
1785,1785,0,00003fc,04,2,2,3,63837024a529b761,3,3,3,fdcb17483b61d00d,0,1,26d22341e078e404,0000000000000000,0000000000000000,0,0
1786,1786,0,0000000,04,2,2,3,eed6feaf287c39ea,3,3,3,fdcb17483b61d00d,0,1,ab87adca6d2d6a8f,0000000000000000,0000000000000000,0,0
1787,1787,0,0000004,04,2,2,3,79286d33bf82aa76,3,3,3,fdcb17483b61d00d,0,1,63837024a529b761,0000000000000000,0000000000000000,0,0
1788,1788,0,0000008,04,2,2,3,f47de3b832d724fd,3,3,3,fdcb17483b61d00d,0,1,eed6feaf287c39ea,0000000000000000,0000000000000000,0,0
1789,1789,0,000000c,04,2,2,3,56d54a0a907f8d4f,3,3,3,fdcb17483b61d00d,0,1,79286d33bf82aa76,0000000000000000,0000000000000000,0,0
1790,1790,0,0000010,04,2,2,3,db80c4811d2a03c4,3,3,3,fdcb17483b61d00d,0,1,f47de3b832d724fd,0000000000000000,0000000000000000,0,0
1791,1791,0,0000014,04,2,2,3,4c7e571d8ad49058,3,3,3,fdcb17483b61d00d,0,1,56d54a0a907f8d4f,0000000000000000,0000000000000000,0,0
1792,1792,0,0000018,04,2,2,3,c12bd99607811ed3,3,3,3,fdcb17483b61d00d,0,1,db80c4811d2a03c4,0000000000000000,0000000000000000,0,0
1793,1793,0,000001c,04,2,2,3,8962da944fc81dd1,3,3,3,fdcb17483b61d00d,0,1,4c7e571d8ad49058,0000000000000000,0000000000000000,0,0
1794,1794,0,0000020,04,2,2,3,0437541fc29d935a,3,3,3,fdcb17483b61d00d,0,1,c12bd99607811ed3,0000000000000000,0000000000000000,0,0
1795,1795,0,0000024,04,2,2,3,93c9c783556300c6,3,3,3,fdcb17483b61d00d,0,1,8962da944fc81dd1,0000000000000000,0000000000000000,0,0
1796,1796,0,0000028,04,2,2,3,1e9c4908d8368e4d,3,3,3,fdcb17483b61d00d,0,1,0437541fc29d935a,0000000000000000,0000000000000000,0,0
1797,1797,0,000002c,04,2,2,3,bc34e0ba7a9e27ff,3,3,3,fdcb17483b61d00d,0,1,93c9c783556300c6,0000000000000000,0000000000000000,0,0
1798,1798,0,0000030,04,2,2,3,31616e31f7cba974,3,3,3,fdcb17483b61d00d,0,1,1e9c4908d8368e4d,0000000000000000,0000000000000000,0,0
1799,1799,0,0000034,04,2,2,3,a69ffdad60353ae8,3,3,3,fdcb17483b61d00d,0,1,bc34e0ba7a9e27ff,0000000000000000,0000000000000000,0,0
1800,1800,0,0000038,04,2,2,3,2bca7326ed60b463,3,3,3,fdcb17483b61d00d,0,1,31616e31f7cba974,0000000000000000,0000000000000000,0,0
1801,1801,0,000003c,04,2,2,3,e3ceaec82564698d,3,3,3,fdcb17483b61d00d,0,1,a69ffdad60353ae8,0000000000000000,0000000000000000,0,0
1802,1802,0,0000040,04,2,2,3,6e9b2043a831e706,3,3,3,fdcb17483b61d00d,0,1,2bca7326ed60b463,0000000000000000,0000000000000000,0,0
1803,1803,0,0000044,04,2,2,3,f965b3df3fcf749a,3,3,3,fdcb17483b61d00d,0,1,e3ceaec82564698d,0000000000000000,0000000000000000,0,0
1804,1804,0,0000048,04,2,2,3,74303d54b29afa11,3,3,3,fdcb17483b61d00d,0,1,6e9b2043a831e706,0000000000000000,0000000000000000,0,0
1805,1805,0,000004c,04,2,2,3,d69894e6103253a3,3,3,3,fdcb17483b61d00d,0,1,f965b3df3fcf749a,0000000000000000,0000000000000000,0,0
1806,1806,0,0000050,04,2,2,3,5bcd1a6d9d67dd28,3,3,3,fdcb17483b61d00d,0,1,74303d54b29afa11,0000000000000000,0000000000000000,0,0
1807,1807,0,0000054,04,2,2,3,cc3389f10a994eb4,3,3,3,fdcb17483b61d00d,0,1,d69894e6103253a3,0000000000000000,0000000000000000,0,0
1808,1808,0,0000058,04,2,2,3,4166077a87ccc03f,3,3,3,fdcb17483b61d00d,0,1,5bcd1a6d9d67dd28,0000000000000000,0000000000000000,0,0
1809,1809,0,000005c,04,2,2,3,5c3a322c9a90f569,3,3,3,fdcb17483b61d00d,0,1,cc3389f10a994eb4,0000000000000000,0000000000000000,0,0
1810,1810,0,0000060,04,2,2,3,d16fbca717c57be2,3,3,3,fdcb17483b61d00d,0,1,4166077a87ccc03f,0000000000000000,0000000000000000,0,0
1811,1811,0,0000064,04,2,2,3,46912f3b803be87e,3,3,3,fdcb17483b61d00d,0,1,5c3a322c9a90f569,0000000000000000,0000000000000000,0,0
1812,1812,0,0000068,04,2,2,3,cbc4a1b00d6e66f5,3,3,3,fdcb17483b61d00d,0,1,d16fbca717c57be2,0000000000000000,0000000000000000,0,0
1813,1813,0,000006c,04,2,2,3,696c0802afc6cf47,3,3,3,fdcb17483b61d00d,0,1,46912f3b803be87e,0000000000000000,0000000000000000,0,0
1814,1814,0,0000070,04,2,2,3,e4398689229341cc,3,3,3,fdcb17483b61d00d,0,1,cbc4a1b00d6e66f5,0000000000000000,0000000000000000,0,0
1815,1815,0,0000074,04,2,2,3,73c71515b56dd250,3,3,3,fdcb17483b61d00d,0,1,696c0802afc6cf47,0000000000000000,0000000000000000,0,0
1816,1816,0,0000078,04,2,2,3,fe929b9e38385cdb,3,3,3,fdcb17483b61d00d,0,1,e4398689229341cc,0000000000000000,0000000000000000,0,0
1817,1817,0,000007c,04,2,2,3,36964670f03c8135,3,3,3,fdcb17483b61d00d,0,1,73c71515b56dd250,0000000000000000,0000000000000000,0,0
1818,1818,0,0000080,04,2,2,3,bbc3c8fb7d690fbe,3,3,3,fdcb17483b61d00d,0,1,fe929b9e38385cdb,0000000000000000,0000000000000000,0,0
1819,1819,0,0000084,04,2,2,3,2c3d5b67ea979c22,3,3,3,fdcb17483b61d00d,0,1,36964670f03c8135,0000000000000000,0000000000000000,0,0
1820,1820,0,0000088,04,2,2,3,a168d5ec67c212a9,3,3,3,fdcb17483b61d00d,0,1,bbc3c8fb7d690fbe,0000000000000000,0000000000000000,0,0
1821,1821,0,000008c,04,2,2,3,03c07c5ec56abb1b,3,3,3,fdcb17483b61d00d,0,1,2c3d5b67ea979c22,0000000000000000,0000000000000000,0,0
1822,1822,0,0000090,04,2,2,3,8e95f2d5483f3590,3,3,3,fdcb17483b61d00d,0,1,a168d5ec67c212a9,0000000000000000,0000000000000000,0,0
1823,1823,0,0000094,04,2,2,3,196b6149dfc1a60c,3,3,3,fdcb17483b61d00d,0,1,03c07c5ec56abb1b,0000000000000000,0000000000000000,0,0
1824,1824,0,0000098,04,2,2,3,943eefc252942887,3,3,3,fdcb17483b61d00d,0,1,8e95f2d5483f3590,0000000000000000,0000000000000000,0,0
1825,1825,0,000009c,04,2,2,3,23d30be5e579cca0,3,3,3,fdcb17483b61d00d,0,1,196b6149dfc1a60c,0000000000000000,0000000000000000,0,0
1826,1826,0,00000a0,04,2,2,3,ae86856e682c422b,3,3,3,fdcb17483b61d00d,0,1,943eefc252942887,0000000000000000,0000000000000000,0,0
1827,1827,0,00000a4,04,2,2,3,397816f2ffd2d1b7,3,3,3,fdcb17483b61d00d,0,1,23d30be5e579cca0,0000000000000000,0000000000000000,0,0
1828,1828,0,00000a8,04,2,2,3,b42d987972875f3c,3,3,3,fdcb17483b61d00d,0,1,ae86856e682c422b,0000000000000000,0000000000000000,0,0
1829,1829,0,00000ac,04,2,2,3,168531cbd02ff68e,3,3,3,fdcb17483b61d00d,0,1,397816f2ffd2d1b7,0000000000000000,0000000000000000,0,0
1830,1830,0,00000b0,04,2,2,3,9bd0bf405d7a7805,3,3,3,fdcb17483b61d00d,0,1,b42d987972875f3c,0000000000000000,0000000000000000,0,0
1831,1831,0,00000b4,04,2,2,3,0c2e2cdcca84eb99,3,3,3,fdcb17483b61d00d,0,1,168531cbd02ff68e,0000000000000000,0000000000000000,0,0
1832,1832,0,00000b8,04,2,2,3,817ba25747d16512,3,3,3,fdcb17483b61d00d,0,1,9bd0bf405d7a7805,0000000000000000,0000000000000000,0,0
1833,1833,0,00000bc,04,2,2,3,497f7fb98fd5b8fc,3,3,3,fdcb17483b61d00d,0,1,0c2e2cdcca84eb99,0000000000000000,0000000000000000,0,0
1834,1834,0,00000c0,04,2,2,3,c42af13202803677,3,3,3,fdcb17483b61d00d,0,1,817ba25747d16512,0000000000000000,0000000000000000,0,0
1835,1835,0,00000c4,04,2,2,3,53d462ae957ea5eb,3,3,3,fdcb17483b61d00d,0,1,497f7fb98fd5b8fc,0000000000000000,0000000000000000,0,0
1836,1836,0,00000c8,04,2,2,3,de81ec25182b2b60,3,3,3,fdcb17483b61d00d,0,1,c42af13202803677,0000000000000000,0000000000000000,0,0
1837,1837,0,00000cc,04,2,2,3,7c294597ba8382d2,3,3,3,fdcb17483b61d00d,0,1,53d462ae957ea5eb,0000000000000000,0000000000000000,0,0
1838,1838,0,00000d0,04,2,2,3,f17ccb1c37d60c59,3,3,3,fdcb17483b61d00d,0,1,de81ec25182b2b60,0000000000000000,0000000000000000,0,0
1839,1839,0,00000d4,04,2,2,3,66825880a0289fc5,3,3,3,fdcb17483b61d00d,0,1,7c294597ba8382d2,0000000000000000,0000000000000000,0,0
1840,1840,0,00000d8,04,2,2,3,ebd7d60b2d7d114e,3,3,3,fdcb17483b61d00d,0,1,f17ccb1c37d60c59,0000000000000000,0000000000000000,0,0
1841,1841,0,00000dc,04,2,2,3,f68be35d30212418,3,3,3,fdcb17483b61d00d,0,1,66825880a0289fc5,0000000000000000,0000000000000000,0,0
1842,1842,0,00000e0,04,2,2,3,7bde6dd6bd74aa93,3,3,3,fdcb17483b61d00d,0,1,ebd7d60b2d7d114e,0000000000000000,0000000000000000,0,0
1843,1843,0,00000e4,04,2,2,3,ec20fe4a2a8a390f,3,3,3,fdcb17483b61d00d,0,1,f68be35d30212418,0000000000000000,0000000000000000,0,0
1844,1844,0,00000e8,04,2,2,3,617570c1a7dfb784,3,3,3,fdcb17483b61d00d,0,1,7bde6dd6bd74aa93,0000000000000000,0000000000000000,0,0
1845,1845,0,00000ec,04,2,2,3,c3ddd97305771e36,3,3,3,fdcb17483b61d00d,0,1,ec20fe4a2a8a390f,0000000000000000,0000000000000000,0,0
1846,1846,0,00000f0,04,2,2,3,4e8857f8882290bd,3,3,3,fdcb17483b61d00d,0,1,617570c1a7dfb784,0000000000000000,0000000000000000,0,0
1847,1847,0,00000f4,04,2,2,3,d976c4641fdc0321,3,3,3,fdcb17483b61d00d,0,1,c3ddd97305771e36,0000000000000000,0000000000000000,0,0
1848,1848,0,00000f8,04,2,2,3,54234aef92898daa,3,3,3,fdcb17483b61d00d,0,1,4e8857f8882290bd,0000000000000000,0000000000000000,0,0
1849,1849,0,00000fc,04,2,2,3,9c2797015a8d5044,3,3,3,fdcb17483b61d00d,0,1,d976c4641fdc0321,0000000000000000,0000000000000000,0,0
1850,1850,0,0000100,04,2,2,3,1172198ad7d8decf,3,3,3,fdcb17483b61d00d,0,1,54234aef92898daa,0000000000000000,0000000000000000,0,0
1851,1851,0,0000104,04,2,2,3,868c8a1640264d53,3,3,3,fdcb17483b61d00d,0,1,9c2797015a8d5044,0000000000000000,0000000000000000,0,0
1852,1852,0,0000108,04,2,2,3,0bd9049dcd73c3d8,3,3,3,fdcb17483b61d00d,0,1,1172198ad7d8decf,0000000000000000,0000000000000000,0,0
1853,1853,0,000010c,04,2,2,3,a971ad2f6fdb6a6a,3,3,3,fdcb17483b61d00d,0,1,868c8a1640264d53,0000000000000000,0000000000000000,0,0
1854,1854,0,0000110,04,2,2,3,242423a4e28ee4e1,3,3,3,fdcb17483b61d00d,0,1,0bd9049dcd73c3d8,0000000000000000,0000000000000000,0,0
1855,1855,0,0000114,04,2,2,3,b3dab0387570777d,3,3,3,fdcb17483b61d00d,0,1,a971ad2f6fdb6a6a,0000000000000000,0000000000000000,0,0
1856,1856,0,0000118,04,2,2,3,3e8f3eb3f825f9f6,3,3,3,fdcb17483b61d00d,0,1,242423a4e28ee4e1,0000000000000000,0000000000000000,0,0
1857,1857,0,000011c,04,2,2,3,dc0178771aabbf32,3,3,3,fdcb17483b61d00d,0,1,b3dab0387570777d,0000000000000000,0000000000000000,0,0
1858,1858,0,0000120,04,2,2,3,5154f6fc97fe31b9,3,3,3,fdcb17483b61d00d,0,1,3e8f3eb3f825f9f6,0000000000000000,0000000000000000,0,0
1859,1859,0,0000124,04,2,2,3,c6aa65600000a225,3,3,3,fdcb17483b61d00d,0,1,dc0178771aabbf32,0000000000000000,0000000000000000,0,0
1860,1860,0,0000128,04,2,2,3,4bffebeb8d552cae,3,3,3,fdcb17483b61d00d,0,1,5154f6fc97fe31b9,0000000000000000,0000000000000000,0,0
1861,1861,0,000012c,04,2,2,3,e95742592ffd851c,3,3,3,fdcb17483b61d00d,0,1,c6aa65600000a225,0000000000000000,0000000000000000,0,0
1862,1862,0,0000130,04,2,2,3,6402ccd2a2a80b97,3,3,3,fdcb17483b61d00d,0,1,4bffebeb8d552cae,0000000000000000,0000000000000000,0,0
1863,1863,0,0000134,04,2,2,3,f3fc5f4e3556980b,3,3,3,fdcb17483b61d00d,0,1,e95742592ffd851c,0000000000000000,0000000000000000,0,0
1864,1864,0,0000138,04,2,2,3,7ea9d1c5b8031680,3,3,3,fdcb17483b61d00d,0,1,6402ccd2a2a80b97,0000000000000000,0000000000000000,0,0
1865,1865,0,000013c,04,2,2,3,b6ad0c2b7007cb6e,3,3,3,fdcb17483b61d00d,0,1,f3fc5f4e3556980b,0000000000000000,0000000000000000,0,0
1866,1866,0,0000140,04,2,2,3,3bf882a0fd5245e5,3,3,3,fdcb17483b61d00d,0,1,7ea9d1c5b8031680,0000000000000000,0000000000000000,0,0
1867,1867,0,0000144,04,2,2,3,ac06113c6aacd679,3,3,3,fdcb17483b61d00d,0,1,b6ad0c2b7007cb6e,0000000000000000,0000000000000000,0,0
1868,1868,0,0000148,04,2,2,3,21539fb7e7f958f2,3,3,3,fdcb17483b61d00d,0,1,3bf882a0fd5245e5,0000000000000000,0000000000000000,0,0
1869,1869,0,000014c,04,2,2,3,83fb36054551f140,3,3,3,fdcb17483b61d00d,0,1,ac06113c6aacd679,0000000000000000,0000000000000000,0,0
1870,1870,0,0000150,04,2,2,3,0eaeb88ec8047fcb,3,3,3,fdcb17483b61d00d,0,1,21539fb7e7f958f2,0000000000000000,0000000000000000,0,0
1871,1871,0,0000154,04,2,2,3,99502b125ffaec57,3,3,3,fdcb17483b61d00d,0,1,83fb36054551f140,0000000000000000,0000000000000000,0,0
1872,1872,0,0000158,04,2,2,3,1405a599d2af62dc,3,3,3,fdcb17483b61d00d,0,1,0eaeb88ec8047fcb,0000000000000000,0000000000000000,0,0
1873,1873,0,000015c,04,2,2,3,095990cfcff3578a,3,3,3,fdcb17483b61d00d,0,1,99502b125ffaec57,0000000000000000,0000000000000000,0,0
1874,1874,0,0000160,04,2,2,3,840c1e4442a6d901,3,3,3,fdcb17483b61d00d,0,1,1405a599d2af62dc,0000000000000000,0000000000000000,0,0
1875,1875,0,0000164,04,2,2,3,13f28dd8d5584a9d,3,3,3,fdcb17483b61d00d,0,1,095990cfcff3578a,0000000000000000,0000000000000000,0,0
1876,1876,0,0000168,04,2,2,3,9ea70353580dc416,3,3,3,fdcb17483b61d00d,0,1,840c1e4442a6d901,0000000000000000,0000000000000000,0,0
1877,1877,0,000016c,04,2,2,3,3c0faae1faa56da4,3,3,3,fdcb17483b61d00d,0,1,13f28dd8d5584a9d,0000000000000000,0000000000000000,0,0
1878,1878,0,0000170,04,2,2,3,b15a246a77f0e32f,3,3,3,fdcb17483b61d00d,0,1,9ea70353580dc416,0000000000000000,0000000000000000,0,0
1879,1879,0,0000174,04,2,2,3,26a4b7f6e00e70b3,3,3,3,fdcb17483b61d00d,0,1,3c0faae1faa56da4,0000000000000000,0000000000000000,0,0
1880,1880,0,0000178,04,2,2,3,abf1397d6d5bfe38,3,3,3,fdcb17483b61d00d,0,1,b15a246a77f0e32f,0000000000000000,0000000000000000,0,0
1881,1881,0,000017c,04,2,2,3,63f5e493a55f23d6,3,3,3,fdcb17483b61d00d,0,1,26a4b7f6e00e70b3,0000000000000000,0000000000000000,0,0
1882,1882,0,0000180,04,2,2,3,eea06a18280aad5d,3,3,3,fdcb17483b61d00d,0,1,abf1397d6d5bfe38,0000000000000000,0000000000000000,0,0
1883,1883,0,0000184,04,2,2,3,795ef984bff43ec1,3,3,3,fdcb17483b61d00d,0,1,63f5e493a55f23d6,0000000000000000,0000000000000000,0,0
1884,1884,0,0000188,04,2,2,3,f40b770f32a1b04a,3,3,3,fdcb17483b61d00d,0,1,eea06a18280aad5d,0000000000000000,0000000000000000,0,0
1885,1885,0,000018c,04,2,2,3,56a3debd900919f8,3,3,3,fdcb17483b61d00d,0,1,795ef984bff43ec1,0000000000000000,0000000000000000,0,0
1886,1886,0,0000190,04,2,2,3,dbf650361d5c9773,3,3,3,fdcb17483b61d00d,0,1,f40b770f32a1b04a,0000000000000000,0000000000000000,0,0
1887,1887,0,0000194,04,2,2,3,4c08c3aa8aa204ef,3,3,3,fdcb17483b61d00d,0,1,56a3debd900919f8,0000000000000000,0000000000000000,0,0
1888,1888,0,0000198,04,2,2,3,c15d4d2107f78a64,3,3,3,fdcb17483b61d00d,0,1,dbf650361d5c9773,0000000000000000,0000000000000000,0,0
1889,1889,0,000019c,04,2,2,3,76b0a906b01a6e43,3,3,3,fdcb17483b61d00d,0,1,4c08c3aa8aa204ef,0000000000000000,0000000000000000,0,0
1890,1890,0,00001a0,04,2,2,3,fbe5278d3d4fe0c8,3,3,3,fdcb17483b61d00d,0,1,c15d4d2107f78a64,0000000000000000,0000000000000000,0,0
1891,1891,0,00001a4,04,2,2,3,6c1bb411aab17354,3,3,3,fdcb17483b61d00d,0,1,76b0a906b01a6e43,0000000000000000,0000000000000000,0,0
1892,1892,0,00001a8,04,2,2,3,e14e3a9a27e4fddf,3,3,3,fdcb17483b61d00d,0,1,fbe5278d3d4fe0c8,0000000000000000,0000000000000000,0,0
1893,1893,0,00001ac,04,2,2,3,43e69328854c546d,3,3,3,fdcb17483b61d00d,0,1,6c1bb411aab17354,0000000000000000,0000000000000000,0,0
1894,1894,0,00001b0,04,2,2,3,ceb31da30819dae6,3,3,3,fdcb17483b61d00d,0,1,e14e3a9a27e4fddf,0000000000000000,0000000000000000,0,0
1895,1895,0,00001b4,04,2,2,3,594d8e3f9fe7497a,3,3,3,fdcb17483b61d00d,0,1,43e69328854c546d,0000000000000000,0000000000000000,0,0
1896,1896,0,00001b8,04,2,2,3,d41800b412b2c7f1,3,3,3,fdcb17483b61d00d,0,1,ceb31da30819dae6,0000000000000000,0000000000000000,0,0
1897,1897,0,00001bc,04,2,2,3,1c1cdd5adab61a1f,3,3,3,fdcb17483b61d00d,0,1,594d8e3f9fe7497a,0000000000000000,0000000000000000,0,0
1898,1898,0,00001c0,04,2,2,3,914953d157e39494,3,3,3,fdcb17483b61d00d,0,1,d41800b412b2c7f1,0000000000000000,0000000000000000,0,0
1899,1899,0,00001c4,04,2,2,3,06b7c04dc01d0708,3,3,3,fdcb17483b61d00d,0,1,1c1cdd5adab61a1f,0000000000000000,0000000000000000,0,0
1900,1900,0,00001c8,04,2,2,3,8be24ec64d488983,3,3,3,fdcb17483b61d00d,0,1,914953d157e39494,0000000000000000,0000000000000000,0,0
1901,1901,0,00001cc,04,2,2,3,294ae774efe02031,3,3,3,fdcb17483b61d00d,0,1,06b7c04dc01d0708,0000000000000000,0000000000000000,0,0
1902,1902,0,00001d0,04,2,2,3,a41f69ff62b5aeba,3,3,3,fdcb17483b61d00d,0,1,8be24ec64d488983,0000000000000000,0000000000000000,0,0
1903,1903,0,00001d4,04,2,2,3,33e1fa63f54b3d26,3,3,3,fdcb17483b61d00d,0,1,294ae774efe02031,0000000000000000,0000000000000000,0,0
1904,1904,0,00001d8,04,2,2,3,beb474e8781eb3ad,3,3,3,fdcb17483b61d00d,0,1,a41f69ff62b5aeba,0000000000000000,0000000000000000,0,0
1905,1905,0,00001dc,04,2,2,3,a3e841be654286fb,3,3,3,fdcb17483b61d00d,0,1,33e1fa63f54b3d26,0000000000000000,0000000000000000,0,0
1906,1906,0,00001e0,04,2,2,3,2ebdcf35e8170870,3,3,3,fdcb17483b61d00d,0,1,beb474e8781eb3ad,0000000000000000,0000000000000000,0,0
1907,1907,0,00001e4,04,2,2,3,b9435ca97fe99bec,3,3,3,fdcb17483b61d00d,0,1,a3e841be654286fb,0000000000000000,0000000000000000,0,0
1908,1908,0,00001e8,04,2,2,3,3416d222f2bc1567,3,3,3,fdcb17483b61d00d,0,1,2ebdcf35e8170870,0000000000000000,0000000000000000,0,0
1909,1909,0,00001ec,04,2,2,3,96be7b905014bcd5,3,3,3,fdcb17483b61d00d,0,1,b9435ca97fe99bec,0000000000000000,0000000000000000,0,0
1910,1910,0,00001f0,04,2,2,3,1bebf51bdd41325e,3,3,3,fdcb17483b61d00d,0,1,3416d222f2bc1567,0000000000000000,0000000000000000,0,0
1911,1911,0,00001f4,04,2,2,3,8c1566874abfa1c2,3,3,3,fdcb17483b61d00d,0,1,96be7b905014bcd5,0000000000000000,0000000000000000,0,0
1912,1912,0,00001f8,04,2,2,3,0140e80cc7ea2f49,3,3,3,fdcb17483b61d00d,0,1,1bebf51bdd41325e,0000000000000000,0000000000000000,0,0
1913,1913,0,00001fc,04,2,2,3,c94435e20feef2a7,3,3,3,fdcb17483b61d00d,0,1,8c1566874abfa1c2,0000000000000000,0000000000000000,0,0
1914,1914,0,0000200,04,2,2,3,4411bb6982bb7c2c,3,3,3,fdcb17483b61d00d,0,1,0140e80cc7ea2f49,0000000000000000,0000000000000000,0,0
1915,1915,0,0000204,04,2,2,3,d3ef28f51545efb0,3,3,3,fdcb17483b61d00d,0,1,c94435e20feef2a7,0000000000000000,0000000000000000,0,0
1916,1916,0,0000208,04,2,2,3,5ebaa67e9810613b,3,3,3,fdcb17483b61d00d,0,1,4411bb6982bb7c2c,0000000000000000,0000000000000000,0,0
1917,1917,0,000020c,04,2,2,3,fc120fcc3ab8c889,3,3,3,fdcb17483b61d00d,0,1,d3ef28f51545efb0,0000000000000000,0000000000000000,0,0
1918,1918,0,0000210,04,2,2,3,71478147b7ed4602,3,3,3,fdcb17483b61d00d,0,1,5ebaa67e9810613b,0000000000000000,0000000000000000,0,0
1919,1919,0,0000214,04,2,2,3,e6b912db2013d59e,3,3,3,fdcb17483b61d00d,0,1,fc120fcc3ab8c889,0000000000000000,0000000000000000,0,0
1920,1920,0,0000218,04,2,2,3,6bec9c50ad465b15,3,3,3,fdcb17483b61d00d,0,1,71478147b7ed4602,0000000000000000,0000000000000000,0,0
1921,1921,0,000021c,04,2,2,3,23a59f52e50f5817,3,3,3,fdcb17483b61d00d,0,1,e6b912db2013d59e,0000000000000000,0000000000000000,0,0
1922,1922,0,0000220,04,2,2,3,aef011d9685ad69c,3,3,3,fdcb17483b61d00d,0,1,6bec9c50ad465b15,0000000000000000,0000000000000000,0,0
1923,1923,0,0000224,04,2,2,3,390e8245ffa44500,3,3,3,fdcb17483b61d00d,0,1,23a59f52e50f5817,0000000000000000,0000000000000000,0,0
1924,1924,0,0000228,04,2,2,3,b45b0cce72f1cb8b,3,3,3,fdcb17483b61d00d,0,1,aef011d9685ad69c,0000000000000000,0000000000000000,0,0
1925,1925,0,000022c,04,2,2,3,16f3a57cd0596239,3,3,3,fdcb17483b61d00d,0,1,390e8245ffa44500,0000000000000000,0000000000000000,0,0
1926,1926,0,0000230,04,2,2,3,9ba62bf75d0cecb2,3,3,3,fdcb17483b61d00d,0,1,b45b0cce72f1cb8b,0000000000000000,0000000000000000,0,0
1927,1927,0,0000234,04,2,2,3,0c58b86bcaf27f2e,3,3,3,fdcb17483b61d00d,0,1,16f3a57cd0596239,0000000000000000,0000000000000000,0,0
1928,1928,0,0000238,04,2,2,3,810d36e047a7f1a5,3,3,3,fdcb17483b61d00d,0,1,9ba62bf75d0cecb2,0000000000000000,0000000000000000,0,0
1929,1929,0,000023c,04,2,2,3,4909eb0e8fa32c4b,3,3,3,fdcb17483b61d00d,0,1,0c58b86bcaf27f2e,0000000000000000,0000000000000000,0,0
1930,1930,0,0000240,04,2,2,3,c45c658502f6a2c0,3,3,3,fdcb17483b61d00d,0,1,810d36e047a7f1a5,0000000000000000,0000000000000000,0,0
1931,1931,0,0000244,04,2,2,3,53a2f6199508315c,3,3,3,fdcb17483b61d00d,0,1,4909eb0e8fa32c4b,0000000000000000,0000000000000000,0,0
1932,1932,0,0000248,04,2,2,3,def77892185dbfd7,3,3,3,fdcb17483b61d00d,0,1,c45c658502f6a2c0,0000000000000000,0000000000000000,0,0
1933,1933,0,000024c,04,2,2,3,7c5fd120baf51665,3,3,3,fdcb17483b61d00d,0,1,53a2f6199508315c,0000000000000000,0000000000000000,0,0
1934,1934,0,0000250,04,2,2,3,f10a5fab37a098ee,3,3,3,fdcb17483b61d00d,0,1,def77892185dbfd7,0000000000000000,0000000000000000,0,0
1935,1935,0,0000254,04,2,2,3,66f4cc37a05e0b72,3,3,3,fdcb17483b61d00d,0,1,7c5fd120baf51665,0000000000000000,0000000000000000,0,0
1936,1936,0,0000258,04,2,2,3,eba142bc2d0b85f9,3,3,3,fdcb17483b61d00d,0,1,f10a5fab37a098ee,0000000000000000,0000000000000000,0,0
1937,1937,0,000025c,04,2,2,3,f6fd77ea3057b0af,3,3,3,fdcb17483b61d00d,0,1,66f4cc37a05e0b72,0000000000000000,0000000000000000,0,0
1938,1938,0,0000260,04,2,2,3,7ba8f961bd023e24,3,3,3,fdcb17483b61d00d,0,1,eba142bc2d0b85f9,0000000000000000,0000000000000000,0,0
1939,1939,0,0000264,04,2,2,3,ec566afd2afcadb8,3,3,3,fdcb17483b61d00d,0,1,f6fd77ea3057b0af,0000000000000000,0000000000000000,0,0
1940,1940,0,0000268,04,2,2,3,6103e476a7a92333,3,3,3,fdcb17483b61d00d,0,1,7ba8f961bd023e24,0000000000000000,0000000000000000,0,0
1941,1941,0,000026c,04,2,2,3,c3ab4dc405018a81,3,3,3,fdcb17483b61d00d,0,1,ec566afd2afcadb8,0000000000000000,0000000000000000,0,0
1942,1942,0,0000270,04,2,2,3,4efec34f8854040a,3,3,3,fdcb17483b61d00d,0,1,6103e476a7a92333,0000000000000000,0000000000000000,0,0
1943,1943,0,0000274,04,2,2,3,d90050d31faa9796,3,3,3,fdcb17483b61d00d,0,1,c3ab4dc405018a81,0000000000000000,0000000000000000,0,0
1944,1944,0,0000278,04,2,2,3,5455de5892ff191d,3,3,3,fdcb17483b61d00d,0,1,4efec34f8854040a,0000000000000000,0000000000000000,0,0
1945,1945,0,000027c,04,2,2,3,9c5103b65afbc4f3,3,3,3,fdcb17483b61d00d,0,1,d90050d31faa9796,0000000000000000,0000000000000000,0,0
1946,1946,0,0000280,04,2,2,3,11048d3dd7ae4a78,3,3,3,fdcb17483b61d00d,0,1,5455de5892ff191d,0000000000000000,0000000000000000,0,0
1947,1947,0,0000284,04,2,2,3,86fa1ea14050d9e4,3,3,3,fdcb17483b61d00d,0,1,9c5103b65afbc4f3,0000000000000000,0000000000000000,0,0
1948,1948,0,0000288,04,2,2,3,0baf902acd05576f,3,3,3,fdcb17483b61d00d,0,1,11048d3dd7ae4a78,0000000000000000,0000000000000000,0,0
1949,1949,0,000028c,04,2,2,3,a90739986fadfedd,3,3,3,fdcb17483b61d00d,0,1,86fa1ea14050d9e4,0000000000000000,0000000000000000,0,0
1950,1950,0,0000290,04,2,2,3,2452b713e2f87056,3,3,3,fdcb17483b61d00d,0,1,0baf902acd05576f,0000000000000000,0000000000000000,0,0
1951,1951,0,0000294,04,2,2,3,b3ac248f7506e3ca,3,3,3,fdcb17483b61d00d,0,1,a90739986fadfedd,0000000000000000,0000000000000000,0,0
1952,1952,0,0000298,04,2,2,3,3ef9aa04f8536d41,3,3,3,fdcb17483b61d00d,0,1,2452b713e2f87056,0000000000000000,0000000000000000,0,0
1953,1953,0,000029c,04,2,2,3,89144e234fbe8966,3,3,3,fdcb17483b61d00d,0,1,b3ac248f7506e3ca,0000000000000000,0000000000000000,0,0
1954,1954,0,00002a0,04,2,2,3,0441c0a8c2eb07ed,3,3,3,fdcb17483b61d00d,0,1,3ef9aa04f8536d41,0000000000000000,0000000000000000,0,0
1955,1955,0,00002a4,04,2,2,3,93bf533455159471,3,3,3,fdcb17483b61d00d,0,1,89144e234fbe8966,0000000000000000,0000000000000000,0,0
1956,1956,0,00002a8,04,2,2,3,1eeaddbfd8401afa,3,3,3,fdcb17483b61d00d,0,1,0441c0a8c2eb07ed,0000000000000000,0000000000000000,0,0
1957,1957,0,00002ac,04,2,2,3,bc42740d7ae8b348,3,3,3,fdcb17483b61d00d,0,1,93bf533455159471,0000000000000000,0000000000000000,0,0
1958,1958,0,00002b0,04,2,2,3,3117fa86f7bd3dc3,3,3,3,fdcb17483b61d00d,0,1,1eeaddbfd8401afa,0000000000000000,0000000000000000,0,0
1959,1959,0,00002b4,04,2,2,3,a6e9691a6043ae5f,3,3,3,fdcb17483b61d00d,0,1,bc42740d7ae8b348,0000000000000000,0000000000000000,0,0
1960,1960,0,00002b8,04,2,2,3,2bbce791ed1620d4,3,3,3,fdcb17483b61d00d,0,1,3117fa86f7bd3dc3,0000000000000000,0000000000000000,0,0
1961,1961,0,00002bc,04,2,2,3,e3b83a7f2512fd3a,3,3,3,fdcb17483b61d00d,0,1,a6e9691a6043ae5f,0000000000000000,0000000000000000,0,0
1962,1962,0,00002c0,04,2,2,3,6eedb4f4a84773b1,3,3,3,fdcb17483b61d00d,0,1,2bbce791ed1620d4,0000000000000000,0000000000000000,0,0
1963,1963,0,00002c4,04,2,2,3,f91327683fb9e02d,3,3,3,fdcb17483b61d00d,0,1,e3b83a7f2512fd3a,0000000000000000,0000000000000000,0,0
1964,1964,0,00002c8,04,2,2,3,7446a9e3b2ec6ea6,3,3,3,fdcb17483b61d00d,0,1,6eedb4f4a84773b1,0000000000000000,0000000000000000,0,0
1965,1965,0,00002cc,04,2,2,3,d6ee00511044c714,3,3,3,fdcb17483b61d00d,0,1,f91327683fb9e02d,0000000000000000,0000000000000000,0,0
1966,1966,0,00002d0,04,2,2,3,5bbb8eda9d11499f,3,3,3,fdcb17483b61d00d,0,1,7446a9e3b2ec6ea6,0000000000000000,0000000000000000,0,0
1967,1967,0,00002d4,04,2,2,3,cc451d460aefda03,3,3,3,fdcb17483b61d00d,0,1,d6ee00511044c714,0000000000000000,0000000000000000,0,0
1968,1968,0,00002d8,04,2,2,3,411093cd87ba5488,3,3,3,fdcb17483b61d00d,0,1,5bbb8eda9d11499f,0000000000000000,0000000000000000,0,0
1969,1969,0,00002dc,04,2,2,3,5c4ca69b9ae661de,3,3,3,fdcb17483b61d00d,0,1,cc451d460aefda03,0000000000000000,0000000000000000,0,0
1970,1970,0,00002e0,04,2,2,3,d119281017b3ef55,3,3,3,fdcb17483b61d00d,0,1,411093cd87ba5488,0000000000000000,0000000000000000,0,0
1971,1971,0,00002e4,04,2,2,3,46e7bb8c804d7cc9,3,3,3,fdcb17483b61d00d,0,1,5c4ca69b9ae661de,0000000000000000,0000000000000000,0,0
1972,1972,0,00002e8,04,2,2,3,cbb235070d18f242,3,3,3,fdcb17483b61d00d,0,1,d119281017b3ef55,0000000000000000,0000000000000000,0,0
1973,1973,0,00002ec,04,2,2,3,691a9cb5afb05bf0,3,3,3,fdcb17483b61d00d,0,1,46e7bb8c804d7cc9,0000000000000000,0000000000000000,0,0
1974,1974,0,00002f0,04,2,2,3,e44f123e22e5d57b,3,3,3,fdcb17483b61d00d,0,1,cbb235070d18f242,0000000000000000,0000000000000000,0,0
1975,1975,0,00002f4,04,2,2,3,73b181a2b51b46e7,3,3,3,fdcb17483b61d00d,0,1,691a9cb5afb05bf0,0000000000000000,0000000000000000,0,0
1976,1976,0,00002f8,04,2,2,3,fee40f29384ec86c,3,3,3,fdcb17483b61d00d,0,1,e44f123e22e5d57b,0000000000000000,0000000000000000,0,0
1977,1977,0,00002fc,04,2,2,3,36e0d2c7f04a1582,3,3,3,fdcb17483b61d00d,0,1,73b181a2b51b46e7,0000000000000000,0000000000000000,0,0
1978,1978,0,0000300,04,2,2,3,bbb55c4c7d1f9b09,3,3,3,fdcb17483b61d00d,0,1,fee40f29384ec86c,0000000000000000,0000000000000000,0,0
1979,1979,0,0000304,04,2,2,3,2c4bcfd0eae10895,3,3,3,fdcb17483b61d00d,0,1,36e0d2c7f04a1582,0000000000000000,0000000000000000,0,0
1980,1980,0,0000308,04,2,2,3,a11e415b67b4861e,3,3,3,fdcb17483b61d00d,0,1,bbb55c4c7d1f9b09,0000000000000000,0000000000000000,0,0
1981,1981,0,000030c,04,2,2,3,03b6e8e9c51c2fac,3,3,3,fdcb17483b61d00d,0,1,2c4bcfd0eae10895,0000000000000000,0000000000000000,0,0
1982,1982,0,0000310,04,2,2,3,8ee366624849a127,3,3,3,fdcb17483b61d00d,0,1,a11e415b67b4861e,0000000000000000,0000000000000000,0,0
1983,1983,0,0000314,04,2,2,3,191df5fedfb732bb,3,3,3,fdcb17483b61d00d,0,1,03b6e8e9c51c2fac,0000000000000000,0000000000000000,0,0
1984,1984,0,0000318,04,2,2,3,94487b7552e2bc30,3,3,3,fdcb17483b61d00d,0,1,8ee366624849a127,0000000000000000,0000000000000000,0,0
1985,1985,0,000031c,04,2,2,3,76c63db1b06cfaf4,3,3,3,fdcb17483b61d00d,0,1,191df5fedfb732bb,0000000000000000,0000000000000000,0,0
1986,1986,0,0000320,04,2,2,3,fb93b33a3d39747f,3,3,3,fdcb17483b61d00d,0,1,94487b7552e2bc30,0000000000000000,0000000000000000,0,0
1987,1987,0,0000324,04,2,2,3,6c6d20a6aac7e7e3,3,3,3,fdcb17483b61d00d,0,1,76c63db1b06cfaf4,0000000000000000,0000000000000000,0,0
1988,1988,0,0000328,04,2,2,3,e138ae2d27926968,3,3,3,fdcb17483b61d00d,0,1,fb93b33a3d39747f,0000000000000000,0000000000000000,0,0
1989,1989,0,000032c,04,2,2,3,4390079f853ac0da,3,3,3,fdcb17483b61d00d,0,1,6c6d20a6aac7e7e3,0000000000000000,0000000000000000,0,0
1990,1990,0,0000330,04,2,2,3,cec58914086f4e51,3,3,3,fdcb17483b61d00d,0,1,e138ae2d27926968,0000000000000000,0000000000000000,0,0
1991,1991,0,0000334,04,2,2,3,593b1a889f91ddcd,3,3,3,fdcb17483b61d00d,0,1,4390079f853ac0da,0000000000000000,0000000000000000,0,0
1992,1992,0,0000338,04,2,2,3,d46e940312c45346,3,3,3,fdcb17483b61d00d,0,1,cec58914086f4e51,0000000000000000,0000000000000000,0,0
1993,1993,0,000033c,04,2,2,3,1c6a49eddac08ea8,3,3,3,fdcb17483b61d00d,0,1,593b1a889f91ddcd,0000000000000000,0000000000000000,0,0
1994,1994,0,0000340,04,2,2,3,913fc76657950023,3,3,3,fdcb17483b61d00d,0,1,d46e940312c45346,0000000000000000,0000000000000000,0,0
1995,1995,0,0000344,04,2,2,3,06c154fac06b93bf,3,3,3,fdcb17483b61d00d,0,1,1c6a49eddac08ea8,0000000000000000,0000000000000000,0,0
1996,1996,0,0000348,04,2,2,3,8b94da714d3e1d34,3,3,3,fdcb17483b61d00d,0,1,913fc76657950023,0000000000000000,0000000000000000,0,0
1997,1997,0,000034c,04,2,2,3,293c73c3ef96b486,3,3,3,fdcb17483b61d00d,0,1,06c154fac06b93bf,0000000000000000,0000000000000000,0,0
1998,1998,0,0000350,04,2,2,3,a469fd4862c33a0d,3,3,3,fdcb17483b61d00d,0,1,8b94da714d3e1d34,0000000000000000,0000000000000000,0,0
1999,1999,0,0000354,04,2,2,3,33976ed4f53da991,3,3,3,fdcb17483b61d00d,0,1,293c73c3ef96b486,0000000000000000,0000000000000000,0,0
2000,2000,0,0000358,04,2,2,3,bec2e05f7868271a,3,3,3,fdcb17483b61d00d,0,1,a469fd4862c33a0d,0000000000000000,0000000000000000,0,0
2001,2001,0,000035c,04,2,2,3,a39ed5096534124c,3,3,3,fdcb17483b61d00d,0,1,33976ed4f53da991,0000000000000000,0000000000000000,0,0
2002,2002,0,0000360,04,2,2,3,2ecb5b82e8619cc7,3,3,3,fdcb17483b61d00d,0,1,bec2e05f7868271a,0000000000000000,0000000000000000,0,0
2003,2003,0,0000364,04,2,2,3,b935c81e7f9f0f5b,3,3,3,fdcb17483b61d00d,0,1,a39ed5096534124c,0000000000000000,0000000000000000,0,0
2004,2004,0,0000368,04,2,2,3,34604695f2ca81d0,3,3,3,fdcb17483b61d00d,0,1,2ecb5b82e8619cc7,0000000000000000,0000000000000000,0,0
2005,2005,0,000036c,04,2,2,3,96c8ef2750622862,3,3,3,fdcb17483b61d00d,0,1,b935c81e7f9f0f5b,0000000000000000,0000000000000000,0,0
2006,2006,0,0000370,04,2,2,3,1b9d61acdd37a6e9,3,3,3,fdcb17483b61d00d,0,1,34604695f2ca81d0,0000000000000000,0000000000000000,0,0
2007,2007,0,0000374,04,2,2,3,8c63f2304ac93575,3,3,3,fdcb17483b61d00d,0,1,96c8ef2750622862,0000000000000000,0000000000000000,0,0
2008,2008,0,0000378,04,2,2,3,01367cbbc79cbbfe,3,3,3,fdcb17483b61d00d,0,1,1b9d61acdd37a6e9,0000000000000000,0000000000000000,0,0
2009,2009,0,000037c,04,2,2,3,c932a1550f986610,3,3,3,fdcb17483b61d00d,0,1,8c63f2304ac93575,0000000000000000,0000000000000000,0,0
2010,2010,0,0000380,04,2,2,3,44672fde82cde89b,3,3,3,fdcb17483b61d00d,0,1,01367cbbc79cbbfe,0000000000000000,0000000000000000,0,0
2011,2011,0,0000384,04,2,2,3,d399bc4215337b07,3,3,3,fdcb17483b61d00d,0,1,c932a1550f986610,0000000000000000,0000000000000000,0,0
2012,2012,0,0000388,04,2,2,3,5ecc32c99866f58c,3,3,3,fdcb17483b61d00d,0,1,44672fde82cde89b,0000000000000000,0000000000000000,0,0
2013,2013,0,000038c,04,2,2,3,fc649b7b3ace5c3e,3,3,3,fdcb17483b61d00d,0,1,d399bc4215337b07,0000000000000000,0000000000000000,0,0
2014,2014,0,0000390,04,2,2,3,713115f0b79bd2b5,3,3,3,fdcb17483b61d00d,0,1,5ecc32c99866f58c,0000000000000000,0000000000000000,0,0
2015,2015,0,0000394,04,2,2,3,e6cf866c20654129,3,3,3,fdcb17483b61d00d,0,1,fc649b7b3ace5c3e,0000000000000000,0000000000000000,0,0
2016,2016,0,0000398,04,2,2,3,6b9a08e7ad30cfa2,3,3,3,fdcb17483b61d00d,0,1,713115f0b79bd2b5,0000000000000000,0000000000000000,0,0
2017,2017,0,000039c,04,2,2,3,dc77ecc01add2b85,3,3,3,fdcb17483b61d00d,0,1,e6cf866c20654129,0000000000000000,0000000000000000,0,0
2018,2018,0,00003a0,04,2,2,3,5122624b9788a50e,3,3,3,fdcb17483b61d00d,0,1,6b9a08e7ad30cfa2,0000000000000000,0000000000000000,0,0
2019,2019,0,00003a4,04,2,2,3,c6dcf1d700763692,3,3,3,fdcb17483b61d00d,0,1,dc77ecc01add2b85,0000000000000000,0000000000000000,0,0
2020,2020,0,00003a8,04,2,2,3,4b897f5c8d23b819,3,3,3,fdcb17483b61d00d,0,1,5122624b9788a50e,0000000000000000,0000000000000000,0,0
2021,2021,0,00003ac,04,2,2,3,e921d6ee2f8b11ab,3,3,3,fdcb17483b61d00d,0,1,c6dcf1d700763692,0000000000000000,0000000000000000,0,0
2022,2022,0,00003b0,04,2,2,3,64745865a2de9f20,3,3,3,fdcb17483b61d00d,0,1,4b897f5c8d23b819,0000000000000000,0000000000000000,0,0
2023,2023,0,00003b4,04,2,2,3,f38acbf935200cbc,3,3,3,fdcb17483b61d00d,0,1,e921d6ee2f8b11ab,0000000000000000,0000000000000000,0,0
2024,2024,0,00003b8,04,2,2,3,7edf4572b8758237,3,3,3,fdcb17483b61d00d,0,1,64745865a2de9f20,0000000000000000,0000000000000000,0,0
2025,2025,0,00003bc,04,2,2,3,b6db989c70715fd9,3,3,3,fdcb17483b61d00d,0,1,f38acbf935200cbc,0000000000000000,0000000000000000,0,0
2026,2026,0,00003c0,04,2,2,3,3b8e1617fd24d152,3,3,3,fdcb17483b61d00d,0,1,7edf4572b8758237,0000000000000000,0000000000000000,0,0
2027,2027,0,00003c4,04,2,2,3,ac70858b6ada42ce,3,3,3,fdcb17483b61d00d,0,1,b6db989c70715fd9,0000000000000000,0000000000000000,0,0
2028,2028,0,00003c8,04,2,2,3,21250b00e78fcc45,3,3,3,fdcb17483b61d00d,0,1,3b8e1617fd24d152,0000000000000000,0000000000000000,0,0
2029,2029,0,00003cc,04,2,2,3,838da2b2452765f7,3,3,3,fdcb17483b61d00d,0,1,ac70858b6ada42ce,0000000000000000,0000000000000000,0,0
2030,2030,0,00003d0,04,2,2,3,0ed82c39c872eb7c,3,3,3,fdcb17483b61d00d,0,1,21250b00e78fcc45,0000000000000000,0000000000000000,0,0
2031,2031,0,00003d4,04,2,2,3,9926bfa55f8c78e0,3,3,3,fdcb17483b61d00d,0,1,838da2b2452765f7,0000000000000000,0000000000000000,0,0
2032,2032,0,00003d8,04,2,2,3,1473312ed2d9f66b,3,3,3,fdcb17483b61d00d,0,1,0ed82c39c872eb7c,0000000000000000,0000000000000000,0,0
2033,2033,0,00003dc,04,2,2,3,092f0478cf85c33d,3,3,3,fdcb17483b61d00d,0,1,9926bfa55f8c78e0,0000000000000000,0000000000000000,0,0
2034,2034,0,00003e0,04,2,2,3,847a8af342d04db6,3,3,3,fdcb17483b61d00d,0,1,1473312ed2d9f66b,0000000000000000,0000000000000000,0,0
2035,2035,0,00003e4,04,2,2,3,1384196fd52ede2a,3,3,3,fdcb17483b61d00d,0,1,092f0478cf85c33d,0000000000000000,0000000000000000,0,0
2036,2036,0,00003e8,04,2,2,3,9ed197e4587b50a1,3,3,3,fdcb17483b61d00d,0,1,847a8af342d04db6,0000000000000000,0000000000000000,0,0
2037,2037,0,00003ec,04,2,2,3,3c793e56fad3f913,3,3,3,fdcb17483b61d00d,0,1,1384196fd52ede2a,0000000000000000,0000000000000000,0,0
2038,2038,0,00003f0,04,2,2,3,b12cb0dd77867798,3,3,3,fdcb17483b61d00d,0,1,9ed197e4587b50a1,0000000000000000,0000000000000000,0,0
2039,2039,0,00003f4,04,2,2,3,26d22341e078e404,3,3,3,577ac63991d0017c,0,1,3c793e56fad3f913,0000000000000000,0000000000000000,0,0
2040,2040,0,00003f8,04,2,2,3,ab87adca6d2d6a8f,3,3,3,577ac63991d0017c,0,1,b12cb0dd77867798,0000000000000000,0000000000000000,0,0
2041,2041,0,00003fc,04,2,2,3,63837024a529b761,3,3,3,577ac63991d0017c,0,1,26d22341e078e404,0000000000000000,0000000000000000,0,0
2042,2042,0,0000000,00,3,2,2,eed6feaf287c39ea,3,3,3,577ac63991d0017c,0,1,ab87adca6d2d6a8f,0000000000000000,0000000000000000,0,0
2043,2043,0,0000000,00,3,3,3,79286d33bf82aa76,0,3,3,577ac63991d0017c,0,1,63837024a529b761,0000000000000000,0000000000000000,0,0
2044,2044,0,0000000,00,3,3,3,f47de3b832d724fd,0,3,3,577ac63991d0017c,0,1,eed6feaf287c39ea,0000000000000000,0000000000000000,0,0
2045,2045,0,0000000,00,3,3,3,56d54a0a907f8d4f,0,3,3,577ac63991d0017c,0,1,79286d33bf82aa76,0000000000000000,0000000000000000,0,0
2046,2046,0,0000000,00,3,3,3,db80c4811d2a03c4,0,3,3,577ac63991d0017c,0,1,f47de3b832d724fd,0000000000000000,0000000000000000,0,0
2047,2047,0,0000000,00,3,3,3,4c7e571d8ad49058,0,3,3,577ac63991d0017c,0,1,56d54a0a907f8d4f,0000000000000000,0000000000000000,0,0
2048,2048,1,00001dc,00,2,2,3,c12bd99607811ed3,0,3,2,577ac63991d0017c,3,1,db80c4811d2a03c4,0000000000000000,0000000000000000,0,0
2049,2049,0,00001e0,00,2,2,3,000000000000c12b,0,3,2,9f7e1bd759d4dc92,3,1,4c7e571d8ad49058,0000000000000000,0000000000000000,0,0
2050,2050,0,00001e4,00,2,2,3,0000000000000000,0,3,2,122b955cd4815219,3,1,c12bd99607811ed3,0000000000000000,0000000000000000,0,0
2051,2051,0,00001e8,00,2,2,3,0000000000000000,0,0,2,85d506c0437fc185,3,1,000000000000c12b,0000000000000000,0000000000000000,0,0
2052,2052,0,00001ec,00,2,2,3,0000000000000000,0,0,2,0880884bce2a4f0e,3,1,0000000000000000,0000000000000000,0000000000000000,0,0
2053,2053,0,00001f0,00,2,2,3,0010000000000000,0,0,2,aa2821f96c82e6bc,3,1,0000000000000000,0000000000000000,0000000000000000,0,0
2054,2054,0,00001f4,00,2,2,3,c63991d0017c577a,0,0,2,277daf72e1d76837,3,1,0000000000000000,0000000000000000,0000000000000000,0,0
2055,2055,0,00001f8,00,2,2,3,1bd759d4dc92577a,0,0,2,b0833cee7629fbab,3,1,0010000000000000,0000000000000000,0000000000000000,0,0
2056,2056,0,00001fc,00,2,2,3,955cd48152199f7e,0,0,2,3dd6b265fb7c7520,3,1,c63991d0017c577a,0000000000000000,0000000000000000,0,0
2057,2057,0,0000200,00,2,2,3,06c0437fc185122b,0,0,2,759fb167b3357622,3,1,1bd759d4dc92577a,0000000000000000,0000000000000000,0,0
2058,2058,0,0000204,00,2,2,3,884bce2a4f0e85d5,0,0,2,f8ca3fec3e60f8a9,3,1,955cd48152199f7e,0000000000000000,0000000000000000,0,0
2059,2059,0,0000208,00,2,2,3,21f96c82e6bc0880,0,0,2,6f34ac70a99e6b35,3,1,06c0437fc185122b,0000000000000000,0000000000000000,0,0
2060,2060,0,000020c,00,2,2,3,af72e1d76837aa28,0,0,2,e26122fb24cbe5be,3,1,884bce2a4f0e85d5,0000000000000000,0000000000000000,0,0
2061,2061,0,0000210,00,2,2,3,3cee7629fbab277d,0,0,2,40c98b4986634c0c,3,1,21f96c82e6bc0880,0000000000000000,0000000000000000,0,0
2062,2062,0,0000214,00,2,2,3,b265fb7c7520b083,0,0,2,cd9c05c20b36c287,3,1,af72e1d76837aa28,0000000000000000,0000000000000000,0,0
2063,2063,0,0000218,00,2,2,3,b167b33576223dd6,0,0,2,5a62965e9cc8511b,3,1,3cee7629fbab277d,0000000000000000,0000000000000000,0,0
2064,2064,0,000021c,00,2,2,3,3fec3e60f8a9759f,0,0,2,d73718d5119ddf90,3,1,b265fb7c7520b083,0000000000000000,0000000000000000,0,0
2065,2065,0,0000220,00,2,2,3,ac70a99e6b35f8ca,0,0,2,1f33c53bd999027e,3,1,b167b33576223dd6,0000000000000000,0000000000000000,0,0
2066,2066,0,0000224,00,2,2,3,22fb24cbe5be6f34,0,0,2,92664bb054cc8cf5,3,1,3fec3e60f8a9759f,0000000000000000,0000000000000000,0,0
2067,2067,0,0000228,00,2,2,3,8b4986634c0ce261,0,0,2,0598d82cc3321f69,3,1,ac70a99e6b35f8ca,0000000000000000,0000000000000000,0,0
2068,2068,0,000022c,00,2,2,3,05c20b36c28740c9,0,0,2,88cd56a74e6791e2,3,1,22fb24cbe5be6f34,0000000000000000,0000000000000000,0,0
2069,2069,0,0000230,00,2,2,3,965e9cc8511bcd9c,0,0,2,2a65ff15eccf3850,3,1,8b4986634c0ce261,0000000000000000,0000000000000000,0,0
2070,2070,0,0000234,00,2,2,3,18d5119ddf905a62,0,0,2,a730719e619ab6db,3,1,05c20b36c28740c9,0000000000000000,0000000000000000,0,0
2071,2071,0,0000238,00,2,2,3,c53bd999027ed737,0,0,2,30cee202f6642547,3,1,965e9cc8511bcd9c,0000000000000000,0000000000000000,0,0
2072,2072,0,000023c,00,2,2,3,4bb054cc8cf51f33,0,0,2,bd9b6c897b31abcc,3,1,18d5119ddf905a62,0000000000000000,0000000000000000,0,0
2073,2073,0,0000240,00,2,2,3,d82cc3321f699266,0,0,2,a0c759df666d9e9a,3,1,c53bd999027ed737,0000000000000000,0000000000000000,0,0
2074,2074,0,0000244,00,2,2,3,56a74e6791e20598,0,0,2,2d92d754eb381011,3,1,4bb054cc8cf51f33,0000000000000000,0000000000000000,0,0
2075,2075,0,0000248,00,2,2,3,ff15eccf385088cd,0,0,2,ba6c44c87cc6838d,3,1,d82cc3321f699266,0000000000000000,0000000000000000,0,0
2076,2076,0,000024c,00,2,2,3,719e619ab6db2a65,0,0,2,3739ca43f1930d06,3,1,56a74e6791e20598,0000000000000000,0000000000000000,0,0
2077,2077,0,0000250,00,2,2,3,e202f6642547a730,0,0,2,959163f1533ba4b4,3,1,ff15eccf385088cd,0000000000000000,0000000000000000,0,0
2078,2078,0,0000254,00,2,2,3,6c897b31abcc30ce,0,0,2,18c4ed7ade6e2a3f,3,1,719e619ab6db2a65,0000000000000000,0000000000000000,0,0
2079,2079,0,0000258,00,2,2,3,59df666d9e9abd9b,0,0,2,8f3a7ee64990b9a3,3,1,e202f6642547a730,0000000000000000,0000000000000000,0,0
2080,2080,0,000025c,00,2,2,3,d754eb381011a0c7,0,0,2,026ff06dc4c53728,3,1,6c897b31abcc30ce,0000000000000000,0000000000000000,0,0
2081,2081,0,0000260,00,2,2,3,44c87cc6838d2d92,0,0,2,ca6b2d830cc1eac6,3,1,59df666d9e9abd9b,0000000000000000,0000000000000000,0,0
2082,2082,0,0000264,00,2,2,3,ca43f1930d06ba6c,0,0,2,473ea3088194644d,3,1,d754eb381011a0c7,0000000000000000,0000000000000000,0,0
2083,2083,0,0000268,00,2,2,3,63f1533ba4b43739,0,0,2,d0c03094166af7d1,3,1,44c87cc6838d2d92,0000000000000000,0000000000000000,0,0
2084,2084,0,000026c,00,2,2,3,ed7ade6e2a3f9591,0,0,2,5d95be1f9b3f795a,3,1,ca43f1930d06ba6c,0000000000000000,0000000000000000,0,0
2085,2085,0,0000270,00,2,2,3,7ee64990b9a318c4,0,0,2,ff3d17ad3997d0e8,3,1,63f1533ba4b43739,0000000000000000,0000000000000000,0,0
2086,2086,0,0000274,00,2,2,3,f06dc4c537288f3a,0,0,2,72689926b4c25e63,3,1,ed7ade6e2a3f9591,0000000000000000,0000000000000000,0,0
2087,2087,0,0000278,00,2,2,3,2d830cc1eac6026f,0,0,2,e5960aba233ccdff,3,1,7ee64990b9a318c4,0000000000000000,0000000000000000,0,0
2088,2088,0,000027c,00,2,2,3,a3088194644dca6b,0,0,2,68c38431ae694374,3,1,f06dc4c537288f3a,0000000000000000,0000000000000000,0,0
2089,2089,0,0000280,00,2,2,3,3094166af7d1473e,0,0,2,df2e60161984a753,3,1,2d830cc1eac6026f,0000000000000000,0000000000000000,0,0
2090,2090,0,0000284,00,2,2,3,be1f9b3f795ad0c0,0,0,2,527bee9d94d129d8,3,1,a3088194644dca6b,0000000000000000,0000000000000000,0,0
2091,2091,0,0000288,00,2,2,3,17ad3997d0e85d95,0,0,2,c5857d01032fba44,3,1,3094166af7d1473e,0000000000000000,0000000000000000,0,0
2092,2092,0,000028c,00,2,2,3,9926b4c25e63ff3d,0,0,2,48d0f38a8e7a34cf,3,1,be1f9b3f795ad0c0,0000000000000000,0000000000000000,0,0
2093,2093,0,0000290,00,2,2,3,0aba233ccdff7268,0,0,2,ea785a382cd29d7d,3,1,17ad3997d0e85d95,0000000000000000,0000000000000000,0,0
2094,2094,0,0000294,00,2,2,3,8431ae694374e596,0,0,2,672dd4b3a18713f6,3,1,9926b4c25e63ff3d,0000000000000000,0000000000000000,0,0
2095,2095,0,0000298,00,2,2,3,60161984a75368c3,0,0,2,f0d3472f3679806a,3,1,0aba233ccdff7268,0000000000000000,0000000000000000,0,0
2096,2096,0,000029c,00,2,2,3,ee9d94d129d8df2e,0,0,2,7d86c9a4bb2c0ee1,3,1,8431ae694374e596,0000000000000000,0000000000000000,0,0
2097,2097,0,00002a0,00,2,2,3,7d01032fba44527b,0,0,2,b582144a7328d30f,3,1,60161984a75368c3,0000000000000000,0000000000000000,0,0
2098,2098,0,00002a4,00,2,2,3,f38a8e7a34cfc585,0,0,2,38d79ac1fe7d5d84,3,1,ee9d94d129d8df2e,0000000000000000,0000000000000000,0,0
2099,2099,0,00002a8,00,2,2,3,5a382cd29d7d48d0,0,0,2,af29095d6983ce18,3,1,7d01032fba44527b,0000000000000000,0000000000000000,0,0
2100,2100,0,00002ac,00,2,2,3,d4b3a18713f6ea78,0,0,2,227c87d6e4d64093,3,1,f38a8e7a34cfc585,0000000000000000,0000000000000000,0,0
2101,2101,0,00002b0,00,2,2,3,472f3679806a672d,0,0,2,80d42e64467ee921,3,1,5a382cd29d7d48d0,0000000000000000,0000000000000000,0,0
2102,2102,0,00002b4,00,2,2,3,c9a4bb2c0ee1f0d3,0,0,2,0d81a0efcb2b67aa,3,1,d4b3a18713f6ea78,0000000000000000,0000000000000000,0,0
2103,2103,0,00002b8,00,2,2,3,144a7328d30f7d86,0,0,2,9a7f33735cd5f436,3,1,472f3679806a672d,0000000000000000,0000000000000000,0,0
2104,2104,0,00002bc,00,2,2,3,9ac1fe7d5d84b582,0,0,2,172abdf8d1807abd,3,1,c9a4bb2c0ee1f0d3,0000000000000000,0000000000000000,0,0
2105,2105,0,00002c0,00,2,2,3,095d6983ce1838d7,0,0,2,0a7688aeccdc4feb,3,1,144a7328d30f7d86,0000000000000000,0000000000000000,0,0
2106,2106,0,00002c4,00,2,2,3,87d6e4d64093af29,0,0,2,872306254189c160,3,1,9ac1fe7d5d84b582,0000000000000000,0000000000000000,0,0
2107,2107,0,00002c8,00,2,2,3,2e64467ee921227c,0,0,2,10dd95b9d67752fc,3,1,095d6983ce1838d7,0000000000000000,0000000000000000,0,0
2108,2108,0,00002cc,00,2,2,3,a0efcb2b67aa80d4,0,0,2,9d881b325b22dc77,3,1,87d6e4d64093af29,0000000000000000,0000000000000000,0,0
2109,2109,0,00002d0,00,2,2,3,33735cd5f4360d81,0,0,2,3f20b280f98a75c5,3,1,2e64467ee921227c,0000000000000000,0000000000000000,0,0
2110,2110,0,00002d4,00,2,2,3,bdf8d1807abd9a7f,0,0,2,b2753c0b74dffb4e,3,1,a0efcb2b67aa80d4,0000000000000000,0000000000000000,0,0
2111,2111,0,00002d8,00,2,2,3,88aeccdc4feb172a,0,0,2,258baf97e32168d2,3,1,33735cd5f4360d81,0000000000000000,0000000000000000,0,0
2112,2112,0,00002dc,00,2,2,3,06254189c1600a76,0,0,2,a8de211c6e74e659,3,1,bdf8d1807abd9a7f,0000000000000000,0000000000000000,0,0
2113,2113,0,00002e0,00,2,2,3,95b9d67752fc8723,0,0,2,60dafcf2a6703bb7,3,1,88aeccdc4feb172a,0000000000000000,0000000000000000,0,0
2114,2114,0,00002e4,00,2,2,3,1b325b22dc7710dd,0,0,2,ed8f72792b25b53c,3,1,06254189c1600a76,0000000000000000,0000000000000000,0,0
2115,2115,0,00002e8,00,2,2,3,b280f98a75c59d88,0,0,2,7a71e1e5bcdb26a0,3,1,95b9d67752fc8723,0000000000000000,0000000000000000,0,0
2116,2116,0,00002ec,00,2,2,3,3c0b74dffb4e3f20,0,0,2,f7246f6e318ea82b,3,1,1b325b22dc7710dd,0000000000000000,0000000000000000,0,0
2117,2117,0,00002f0,00,2,2,3,af97e32168d2b275,0,0,2,558cc6dc93260199,3,1,b280f98a75c59d88,0000000000000000,0000000000000000,0,0
2118,2118,0,00002f4,00,2,2,3,211c6e74e659258b,0,0,2,d8d948571e738f12,3,1,3c0b74dffb4e3f20,0000000000000000,0000000000000000,0,0
2119,2119,0,00002f8,00,2,2,3,fcf2a6703bb7a8de,0,0,2,4f27dbcb898d1c8e,3,1,af97e32168d2b275,0000000000000000,0000000000000000,0,0
2120,2120,0,00002fc,00,2,2,3,72792b25b53c60da,0,0,2,c272554004d89205,3,1,211c6e74e659258b,0000000000000000,0000000000000000,0,0
2121,2121,0,0000300,00,2,2,3,e1e5bcdb26a0ed8f,0,0,2,20fc1384e656d4c1,3,1,fcf2a6703bb7a8de,0000000000000000,0000000000000000,0,0
2122,2122,0,0000304,00,2,2,3,6f6e318ea82b7a71,0,0,2,ada99d0f6b035a4a,3,1,72792b25b53c60da,0000000000000000,0000000000000000,0,0
2123,2123,0,0000308,00,2,2,3,c6dc93260199f724,0,0,2,3a570e93fcfdc9d6,3,1,e1e5bcdb26a0ed8f,0000000000000000,0000000000000000,0,0
2124,2124,0,000030c,00,2,2,3,48571e738f12558c,0,0,2,b702801871a8475d,3,1,6f6e318ea82b7a71,0000000000000000,0000000000000000,0,0
2125,2125,0,0000310,00,2,2,3,dbcb898d1c8ed8d9,0,0,2,15aa29aad300eeef,3,1,c6dc93260199f724,0000000000000000,0000000000000000,0,0
2126,2126,0,0000314,00,2,2,3,554004d892054f27,0,0,2,98ffa7215e556064,3,1,48571e738f12558c,0000000000000000,0000000000000000,0,0
2127,2127,0,0000318,00,2,2,3,1384e656d4c1c272,0,0,2,0f0134bdc9abf3f8,3,1,dbcb898d1c8ed8d9,0000000000000000,0000000000000000,0,0
2128,2128,0,000031c,00,2,2,3,9d0f6b035a4a20fc,0,0,2,8254ba3644fe7d73,3,1,554004d892054f27,0000000000000000,0000000000000000,0,0
2129,2129,0,0000320,00,2,2,3,0e93fcfdc9d6ada9,0,0,2,4a5067d88cfaa09d,3,1,1384e656d4c1c272,0000000000000000,0000000000000000,0,0
2130,2130,0,0000324,00,2,2,3,801871a8475d3a57,0,0,2,c705e95301af2e16,3,1,9d0f6b035a4a20fc,0000000000000000,0000000000000000,0,0
2131,2131,0,0000328,00,2,2,3,29aad300eeefb702,0,0,2,50fb7acf9651bd8a,3,1,0e93fcfdc9d6ada9,0000000000000000,0000000000000000,0,0
2132,2132,0,000032c,00,2,2,3,a7215e55606415aa,0,0,2,ddaef4441b043301,3,1,801871a8475d3a57,0000000000000000,0000000000000000,0,0
2133,2133,0,0000330,00,2,2,3,34bdc9abf3f898ff,0,0,2,7f065df6b9ac9ab3,3,1,29aad300eeefb702,0000000000000000,0000000000000000,0,0
2134,2134,0,0000334,00,2,2,3,ba3644fe7d730f01,0,0,2,f253d37d34f91438,3,1,a7215e55606415aa,0000000000000000,0000000000000000,0,0
2135,2135,0,0000338,00,2,2,3,67d88cfaa09d8254,0,0,2,65ad40e1a30787a4,3,1,34bdc9abf3f898ff,0000000000000000,0000000000000000,0,0
2136,2136,0,000033c,00,2,2,3,e95301af2e164a50,0,0,2,e8f8ce6a2e52092f,3,1,ba3644fe7d730f01,0000000000000000,0000000000000000,0,0
2137,2137,0,0000340,00,2,2,3,7acf9651bd8ac705,0,0,2,f5a4fb3c330e3c79,3,1,67d88cfaa09d8254,0000000000000000,0000000000000000,0,0
2138,2138,0,0000344,00,2,2,3,f4441b04330150fb,0,0,2,78f175b7be5bb2f2,3,1,e95301af2e164a50,0000000000000000,0000000000000000,0,0
2139,2139,0,0000348,00,2,2,3,5df6b9ac9ab3ddae,0,0,2,ef0fe62b29a5216e,3,1,7acf9651bd8ac705,0000000000000000,0000000000000000,0,0
2140,2140,0,000034c,00,2,2,3,d37d34f914387f06,0,0,2,625a68a0a4f0afe5,3,1,f4441b04330150fb,0000000000000000,0000000000000000,0,0
2141,2141,0,0000350,00,2,2,3,40e1a30787a4f253,0,0,2,c0f2c11206580657,3,1,5df6b9ac9ab3ddae,0000000000000000,0000000000000000,0,0
2142,2142,0,0000354,00,2,2,3,ce6a2e52092f65ad,0,0,2,4da74f998b0d88dc,3,1,d37d34f914387f06,0000000000000000,0000000000000000,0,0
2143,2143,0,0000358,00,2,2,3,fb3c330e3c79e8f8,0,0,2,da59dc051cf31b40,3,1,40e1a30787a4f253,0000000000000000,0000000000000000,0,0
2144,2144,0,000035c,00,2,2,3,75b7be5bb2f2f5a4,0,0,2,570c528e91a695cb,3,1,ce6a2e52092f65ad,0000000000000000,0000000000000000,0,0
2145,2145,0,0000360,00,2,2,3,e62b29a5216e78f1,0,0,2,9f088f6059a24825,3,1,fb3c330e3c79e8f8,0000000000000000,0000000000000000,0,0
2146,2146,0,0000364,00,2,2,3,68a0a4f0afe5ef0f,0,0,2,125d01ebd4f7c6ae,3,1,75b7be5bb2f2f5a4,0000000000000000,0000000000000000,0,0
2147,2147,0,0000368,00,2,2,3,c11206580657625a,0,0,2,85a3927743095532,3,1,e62b29a5216e78f1,0000000000000000,0000000000000000,0,0
2148,2148,0,000036c,00,2,2,3,4f998b0d88dcc0f2,0,0,2,08f61cfcce5cdbb9,3,1,68a0a4f0afe5ef0f,0000000000000000,0000000000000000,0,0
2149,2149,0,0000370,00,2,2,3,dc051cf31b404da7,0,0,2,aa5eb54e6cf4720b,3,1,c11206580657625a,0000000000000000,0000000000000000,0,0
2150,2150,0,0000374,00,2,2,3,528e91a695cbda59,0,0,2,270b3bc5e1a1fc80,3,1,4f998b0d88dcc0f2,0000000000000000,0000000000000000,0,0
2151,2151,0,0000378,00,2,2,3,8f6059a24825570c,0,0,2,b0f5a859765f6f1c,3,1,dc051cf31b404da7,0000000000000000,0000000000000000,0,0
2152,2152,0,000037c,00,2,2,3,01ebd4f7c6ae9f08,0,0,2,3da026d2fb0ae197,3,1,528e91a695cbda59,0000000000000000,0000000000000000,0,0
2153,2153,0,0000380,00,2,2,3,927743095532125d,0,0,2,8a4dc2f54ce705b0,3,1,8f6059a24825570c,0000000000000000,0000000000000000,0,0
2154,2154,0,0000384,00,2,2,3,1cfcce5cdbb985a3,0,0,2,07184c7ec1b28b3b,3,1,01ebd4f7c6ae9f08,0000000000000000,0000000000000000,0,0
2155,2155,0,0000388,00,2,2,3,b54e6cf4720b08f6,0,0,2,90e6dfe2564c18a7,3,1,927743095532125d,0000000000000000,0000000000000000,0,0
2156,2156,0,000038c,00,2,2,3,3bc5e1a1fc80aa5e,0,0,2,1db35169db19962c,3,1,1cfcce5cdbb985a3,0000000000000000,0000000000000000,0,0
2157,2157,0,0000390,00,2,2,3,a859765f6f1c270b,0,0,2,bf1bf8db79b13f9e,3,1,b54e6cf4720b08f6,0000000000000000,0000000000000000,0,0
2158,2158,0,0000394,00,2,2,3,26d2fb0ae197b0f5,0,0,2,324e7650f4e4b115,3,1,3bc5e1a1fc80aa5e,0000000000000000,0000000000000000,0,0
2159,2159,0,0000398,00,2,2,3,c2f54ce705b03da0,0,0,2,a5b0e5cc631a2289,3,1,a859765f6f1c270b,0000000000000000,0000000000000000,0,0
2160,2160,0,000039c,00,2,2,3,4c7ec1b28b3b8a4d,0,0,2,28e56b47ee4fac02,3,1,26d2fb0ae197b0f5,0000000000000000,0000000000000000,0,0
2161,2161,0,00003a0,00,2,2,3,dfe2564c18a70718,0,0,2,e0e1b6a9264b71ec,3,1,c2f54ce705b03da0,0000000000000000,0000000000000000,0,0
2162,2162,0,00003a4,00,2,2,3,5169db19962c90e6,0,0,2,6db43822ab1eff67,3,1,4c7ec1b28b3b8a4d,0000000000000000,0000000000000000,0,0
2163,2163,0,00003a8,00,2,2,3,f8db79b13f9e1db3,0,0,2,fa4aabbe3ce06cfb,3,1,dfe2564c18a70718,0000000000000000,0000000000000000,0,0
2164,2164,0,00003ac,00,2,2,3,7650f4e4b115bf1b,0,0,2,771f2535b1b5e270,3,1,5169db19962c90e6,0000000000000000,0000000000000000,0,0
2165,2165,0,00003b0,00,2,2,3,e5cc631a2289324e,0,0,2,d5b78c87131d4bc2,3,1,f8db79b13f9e1db3,0000000000000000,0000000000000000,0,0
2166,2166,0,00003b4,00,2,2,3,6b47ee4fac02a5b0,0,0,2,58e2020c9e48c549,3,1,7650f4e4b115bf1b,0000000000000000,0000000000000000,0,0
2167,2167,0,00003b8,00,2,2,3,b6a9264b71ec28e5,0,0,2,cf1c919009b656d5,3,1,e5cc631a2289324e,0000000000000000,0000000000000000,0,0
2168,2168,0,00003bc,00,2,2,3,3822ab1eff67e0e1,0,0,2,42491f1b84e3d85e,3,1,6b47ee4fac02a5b0,0000000000000000,0000000000000000,0,0
2169,2169,0,00003c0,00,2,2,3,abbe3ce06cfb6db4,0,0,2,5f152a4d99bfed08,3,1,b6a9264b71ec28e5,0000000000000000,0000000000000000,0,0
2170,2170,0,00003c4,00,2,2,3,2535b1b5e270fa4a,0,0,2,d240a4c614ea6383,3,1,3822ab1eff67e0e1,0000000000000000,0000000000000000,0,0
2171,2171,0,00003c8,00,2,2,3,8c87131d4bc2771f,0,0,2,45be375a8314f01f,3,1,abbe3ce06cfb6db4,0000000000000000,0000000000000000,0,0
2172,2172,0,00003cc,00,2,2,3,020c9e48c549d5b7,0,0,2,c8ebb9d10e417e94,3,1,2535b1b5e270fa4a,0000000000000000,0000000000000000,0,0
2173,2173,0,00003d0,00,2,2,3,919009b656d558e2,0,0,2,6a431063ace9d726,3,1,8c87131d4bc2771f,0000000000000000,0000000000000000,0,0
2174,2174,0,00003d4,00,2,2,3,1f1b84e3d85ecf1c,0,0,2,e7169ee821bc59ad,3,1,020c9e48c549d5b7,0000000000000000,0000000000000000,0,0
2175,2175,0,00003d8,00,2,2,3,2a4d99bfed084249,0,0,2,70e80d74b642ca31,3,1,919009b656d558e2,0000000000000000,0000000000000000,0,0
2176,2176,0,00003dc,00,2,2,3,a4c614ea63835f15,0,0,2,fdbd83ff3b1744ba,3,1,1f1b84e3d85ecf1c,0000000000000000,0000000000000000,0,0
2177,2177,0,00003e0,00,2,2,3,375a8314f01fd240,0,0,2,35b95e11f3139954,3,1,2a4d99bfed084249,0000000000000000,0000000000000000,0,0
2178,2178,0,00003e4,00,2,2,3,b9d10e417e9445be,0,0,2,b8ecd09a7e4617df,3,1,a4c614ea63835f15,0000000000000000,0000000000000000,0,0
2179,2179,0,00003e8,00,2,2,3,1063ace9d726c8eb,0,0,2,2f124306e9b88443,3,1,375a8314f01fd240,0000000000000000,0000000000000000,0,0
2180,2180,0,00003ec,00,2,2,3,9ee821bc59ad6a43,0,0,2,a247cd8d64ed0ac8,3,1,b9d10e417e9445be,0000000000000000,0000000000000000,0,0
2181,2181,0,00003f0,00,2,2,3,0d74b642ca31e716,0,0,2,00ef643fc645a37a,3,1,1063ace9d726c8eb,0000000000000000,0000000000000000,0,0
2182,2182,0,00003f4,00,2,2,3,83ff3b1744ba70e8,0,0,2,8dbaeab44b102df1,3,1,9ee821bc59ad6a43,0000000000000000,0000000000000000,0,0
2183,2183,0,00003f8,00,2,2,3,5e11f3139954fdbd,0,0,2,1a447928dceebe6d,3,1,0d74b642ca31e716,0000000000000000,0000000000000000,0,0
2184,2184,0,00003fc,00,2,2,3,d09a7e4617df35b9,0,0,2,9711f7a351bb30e6,3,1,83ff3b1744ba70e8,0000000000000000,0000000000000000,0,0
2185,2185,0,0000000,00,3,3,3,4306e9b88443b8ec,0,0,3,8a4dc2f54ce705b0,0,1,5e11f3139954fdbd,0000000000000000,0000000000000000,0,0
2186,2186,0,0000000,00,3,3,3,cd8d64ed0ac82f12,0,0,3,8a4dc2f54ce705b0,0,1,d09a7e4617df35b9,0000000000000000,0000000000000000,0,0
2187,2187,0,0000000,00,3,3,3,643fc645a37aa247,0,0,3,8a4dc2f54ce705b0,0,1,4306e9b88443b8ec,0000000000000000,0000000000000000,0,0
2188,2188,0,0000000,00,3,3,3,eab44b102df100ef,0,0,3,8a4dc2f54ce705b0,0,1,cd8d64ed0ac82f12,0000000000000000,0000000000000000,0,0
2189,2189,0,0000000,00,3,3,3,7928dceebe6d8dba,0,0,3,8a4dc2f54ce705b0,0,1,643fc645a37aa247,0000000000000000,0000000000000000,0,0
2190,2190,0,0000000,00,3,3,3,f7a351bb30e61a44,0,0,3,8a4dc2f54ce705b0,0,1,eab44b102df100ef,0000000000000000,0000000000000000,0,0
2191,2191,0,0000000,00,3,3,3,c2f54ce705b09711,0,0,3,8a4dc2f54ce705b0,0,1,7928dceebe6d8dba,0000000000000000,0000000000000000,0,0
2192,2192,0,0000000,00,3,3,3,0000000000004200,0,0,3,8a4dc2f54ce705b0,0,1,f7a351bb30e61a44,0000000000000000,0000000000000000,0,0
2193,2193,0,0000000,00,3,3,3,0000000000000000,0,0,3,8a4dc2f54ce705b0,0,1,c2f54ce705b09711,0000000000000000,0000000000000000,0,0
2194,2194,0,0000000,00,3,3,3,0000000000000000,0,0,3,8a4dc2f54ce705b0,0,1,0000000000004200,0000000000000000,0000000000000000,0,0
2195,2195,0,0000000,00,3,3,3,0000000000000000,0,0,3,8a4dc2f54ce705b0,0,1,0000000000000000,0000000000000000,0000000000000000,0,0
2196,2196,0,0000000,00,3,3,3,0000000000000000,0,0,3,8a4dc2f54ce705b0,0,1,0000000000000000,0000000000000000,0000000000000000,0,0
2197,2197,0,0000000,00,3,3,3,0000000000000000,0,0,3,8a4dc2f54ce705b0,0,1,0000000000000000,0000000000000000,0000000000000000,0,0
2198,2198,0,0000000,00,3,3,3,0000000000000000,0,0,3,8a4dc2f54ce705b0,0,1,0000000000000000,0000000000000000,0000000000000000,0,0
2199,2199,0,0000000,00,3,3,3,0000000000000000,0,0,3,8a4dc2f54ce705b0,0,1,0000000000000000,0000000000000000,0000000000000000,0,0
2200,2200,0,0000000,00,3,3,3,0000000000000000,0,0,3,8a4dc2f54ce705b0,0,1,0000000000000000,0000000000000000,0000000000000000,0,0
2201,2201,0,0000000,00,3,3,3,0000000000000000,0,0,3,8a4dc2f54ce705b0,0,1,0000000000000000,0000000000000000,0000000000000000,0,0
2202,2202,0,0000000,00,3,3,3,0000000000000000,0,0,3,8a4dc2f54ce705b0,0,1,0000000000000000,0000000000000000,0000000000000000,0,0
2203,2203,0,0000000,00,3,3,3,0000000000000000,0,0,3,8a4dc2f54ce705b0,0,1,0000000000000000,0000000000000000,0000000000000000,0,0
2204,2204,0,0000000,00,3,3,3,0000000000000000,0,0,3,8a4dc2f54ce705b0,0,1,0000000000000000,0000000000000000,0000000000000000,0,0
2205,2205,0,0000000,00,3,3,3,0000000000000000,0,0,3,8a4dc2f54ce705b0,0,1,0000000000000000,0000000000000000,0000000000000000,0,0
2206,2206,0,0000000,00,3,3,3,0000000000000000,0,0,3,8a4dc2f54ce705b0,0,1,0000000000000000,0000000000000000,0000000000000000,0,0
2207,2207,0,0000000,00,3,3,3,0000000000000000,0,0,3,8a4dc2f54ce705b0,0,1,0000000000000000,0000000000000000,0000000000000000,0,0
2208,2208,0,0000000,00,3,3,3,0000000000000000,0,0,3,8a4dc2f54ce705b0,0,1,0000000000000000,0000000000000000,0000000000000000,0,0
2209,2209,0,0000000,00,3,3,3,0000000000000000,0,0,3,8a4dc2f54ce705b0,0,1,0000000000000000,0000000000000000,0000000000000000,0,0
2210,2210,0,0000000,00,3,3,3,0000000000000000,0,0,3,8a4dc2f54ce705b0,0,1,0000000000000000,0000000000000000,0000000000000000,0,0
2211,2211,0,0000000,00,3,3,3,0000000000000000,0,0,3,8a4dc2f54ce705b0,0,1,0000000000000000,0000000000000000,0000000000000000,0,0
2212,2212,0,0000000,00,3,3,3,0000000000000000,0,0,3,8a4dc2f54ce705b0,0,1,0000000000000000,0000000000000000,0000000000000000,0,0
2213,2213,0,0000000,00,3,3,3,0000000000000000,0,0,3,8a4dc2f54ce705b0,0,1,0000000000000000,0000000000000000,0000000000000000,0,0
2214,2214,0,0000000,00,3,3,3,0000000000000000,0,0,3,8a4dc2f54ce705b0,0,1,0000000000000000,0000000000000000,0000000000000000,0,0
2215,2215,0,0000000,00,3,3,3,0000000000000000,0,0,3,8a4dc2f54ce705b0,0,1,0000000000000000,0000000000000000,0000000000000000,0,0
2216,2216,0,0000000,00,3,3,3,0000000000000000,0,0,3,8a4dc2f54ce705b0,0,1,0000000000000000,0000000000000000,0000000000000000,0,0
2217,2217,0,0000000,00,3,3,3,0000000000000000,0,0,3,8a4dc2f54ce705b0,0,1,0000000000000000,0000000000000000,0000000000000000,0,0
2218,2218,0,0000000,00,3,3,3,0000000000000000,0,0,3,8a4dc2f54ce705b0,0,1,0000000000000000,0000000000000000,0000000000000000,0,0
2219,2219,0,0000000,00,3,3,3,0000000000000000,0,0,3,8a4dc2f54ce705b0,0,1,0000000000000000,0000000000000000,0000000000000000,0,0
2220,2220,0,0000000,00,3,3,3,0000000000000000,0,0,3,8a4dc2f54ce705b0,0,1,0000000000000000,0000000000000000,0000000000000000,0,0
2221,2221,0,0000000,00,3,3,3,0000000000000000,0,0,3,8a4dc2f54ce705b0,0,1,0000000000000000,0000000000000000,0000000000000000,0,0
2222,2222,0,0000000,00,3,3,3,0000000000000000,0,0,3,8a4dc2f54ce705b0,0,1,0000000000000000,0000000000000000,0000000000000000,0,0
2223,2223,0,0000000,00,3,3,3,0000000000000000,0,0,3,8a4dc2f54ce705b0,0,1,0000000000000000,0000000000000000,0000000000000000,0,0
2224,2224,0,0000000,00,3,3,3,0000000000000000,0,0,3,8a4dc2f54ce705b0,0,1,0000000000000000,0000000000000000,0000000000000000,0,0
2225,2225,0,0000000,00,3,3,3,0000000000000000,0,0,3,8a4dc2f54ce705b0,0,1,0000000000000000,0000000000000000,0000000000000000,0,0
2226,2226,0,0000000,00,3,3,3,0000000000000000,0,0,3,8a4dc2f54ce705b0,0,1,0000000000000000,0000000000000000,0000000000000000,0,0
2227,2227,0,0000000,00,3,3,3,0000000000000000,0,0,3,8a4dc2f54ce705b0,0,1,0000000000000000,0000000000000000,0000000000000000,0,0
2228,2228,0,0000000,00,3,3,3,0000000000000000,0,0,3,8a4dc2f54ce705b0,0,1,0000000000000000,0000000000000000,0000000000000000,0,0
2229,2229,0,0000000,00,3,3,3,0000000000000000,0,0,3,8a4dc2f54ce705b0,0,1,0000000000000000,0000000000000000,0000000000000000,0,0
2230,2230,0,0000000,00,3,3,3,0000000000000000,0,0,3,8a4dc2f54ce705b0,0,1,0000000000000000,0000000000000000,0000000000000000,0,0
2231,2231,0,0000000,00,3,3,3,0000000000000000,0,0,3,8a4dc2f54ce705b0,0,1,0000000000000000,0000000000000000,0000000000000000,0,0
2232,2232,0,0000000,00,3,3,3,0000000000000000,0,0,3,8a4dc2f54ce705b0,0,1,0000000000000000,0000000000000000,0000000000000000,0,0
2233,2233,0,0000000,00,3,3,3,0000000000000000,0,0,3,8a4dc2f54ce705b0,0,1,0000000000000000,0000000000000000,0000000000000000,0,0
2234,2234,0,0000000,00,3,3,3,0000000000000000,0,0,3,8a4dc2f54ce705b0,0,1,0000000000000000,0000000000000000,0000000000000000,0,0
2235,2235,0,0000000,00,3,3,3,0000000000000000,0,0,3,8a4dc2f54ce705b0,0,1,0000000000000000,0000000000000000,0000000000000000,0,0
2236,2236,0,0000000,00,3,3,3,0000000000000000,0,0,3,8a4dc2f54ce705b0,0,1,0000000000000000,0000000000000000,0000000000000000,0,0
2237,2237,0,0000000,00,3,3,3,0000000000000000,0,0,3,8a4dc2f54ce705b0,0,1,0000000000000000,0000000000000000,0000000000000000,0,0
2238,2238,0,0000000,00,3,3,3,0000000000000000,0,0,3,8a4dc2f54ce705b0,0,1,0000000000000000,0000000000000000,0000000000000000,0,0
2239,2239,0,0000000,00,3,3,3,0000000000000000,0,0,3,8a4dc2f54ce705b0,0,1,0000000000000000,0000000000000000,0000000000000000,0,0
2240,2240,0,0000000,00,3,3,3,0000000000000000,0,0,3,8a4dc2f54ce705b0,0,1,0000000000000000,0000000000000000,0000000000000000,0,0
2241,2241,0,0000000,00,3,3,3,0000000000000000,0,0,3,8a4dc2f54ce705b0,0,1,0000000000000000,0000000000000000,0000000000000000,0,0
2242,2242,0,0000000,00,3,3,3,0000000000000000,0,0,3,8a4dc2f54ce705b0,0,1,0000000000000000,0000000000000000,0000000000000000,0,0
2243,2243,0,0000000,00,3,3,3,0000000000000000,0,0,3,8a4dc2f54ce705b0,0,1,0000000000000000,0000000000000000,0000000000000000,0,0
2244,2244,0,0000000,00,3,3,3,0000000000000000,0,0,3,8a4dc2f54ce705b0,0,1,0000000000000000,0000000000000000,0000000000000000,0,0
2245,2245,0,0000000,00,3,3,3,0000000000000000,0,0,3,8a4dc2f54ce705b0,0,1,0000000000000000,0000000000000000,0000000000000000,0,0
2246,2246,0,0000000,00,3,3,3,0000000000000000,0,0,3,8a4dc2f54ce705b0,0,1,0000000000000000,0000000000000000,0000000000000000,0,0
2247,2247,0,0000000,00,3,3,3,0000000000000000,0,0,3,8a4dc2f54ce705b0,0,1,0000000000000000,0000000000000000,0000000000000000,0,0
2248,2248,0,0000000,00,3,3,3,0000000000000000,0,0,3,8a4dc2f54ce705b0,0,1,0000000000000000,0000000000000000,0000000000000000,0,0
2249,2249,0,0000000,00,3,3,3,0000000000000000,0,0,3,8a4dc2f54ce705b0,0,1,0000000000000000,0000000000000000,0000000000000000,0,0
2250,2250,0,0000000,00,3,3,3,0000000000000000,0,0,3,8a4dc2f54ce705b0,0,1,0000000000000000,0000000000000000,0000000000000000,0,0
2251,2251,0,0000000,00,3,3,3,0000000000000000,0,0,3,8a4dc2f54ce705b0,0,1,0000000000000000,0000000000000000,0000000000000000,0,0
2252,2252,0,0000000,00,3,3,3,0000000000000000,0,0,3,8a4dc2f54ce705b0,0,1,0000000000000000,0000000000000000,0000000000000000,0,0
2253,2253,0,0000000,00,3,3,3,0000000000000000,0,0,3,8a4dc2f54ce705b0,0,1,0000000000000000,0000000000000000,0000000000000000,0,0
2254,2254,0,0000000,00,3,3,3,0000000000000000,0,0,3,8a4dc2f54ce705b0,0,1,0000000000000000,0000000000000000,0000000000000000,0,0
2255,2255,0,0000000,00,3,3,3,0000000000000000,0,0,3,8a4dc2f54ce705b0,0,1,0000000000000000,0000000000000000,0000000000000000,0,0
2256,2256,0,0000000,00,3,3,3,0000000000000000,0,0,3,8a4dc2f54ce705b0,0,1,0000000000000000,0000000000000000,0000000000000000,0,0
2257,2257,0,0000000,00,3,3,3,0000000000000000,0,0,3,8a4dc2f54ce705b0,0,1,0000000000000000,0000000000000000,0000000000000000,0,0
2258,2258,0,0000000,00,3,3,3,0000000000000000,0,0,3,8a4dc2f54ce705b0,0,1,0000000000000000,0000000000000000,0000000000000000,0,0
2259,2259,0,0000000,00,3,3,3,0000000000000000,0,0,3,8a4dc2f54ce705b0,0,1,0000000000000000,0000000000000000,0000000000000000,0,0
2260,2260,0,0000000,00,3,3,3,0000000000000000,0,0,3,8a4dc2f54ce705b0,0,1,0000000000000000,0000000000000000,0000000000000000,0,0
2261,2261,0,0000000,00,3,3,3,0000000000000000,0,0,3,8a4dc2f54ce705b0,0,1,0000000000000000,0000000000000000,0000000000000000,0,0
2262,2262,0,0000000,00,3,3,3,0000000000000000,0,0,3,8a4dc2f54ce705b0,0,1,0000000000000000,0000000000000000,0000000000000000,0,0
2263,2263,0,0000000,00,3,2,2,0000000000000000,0,0,2,8a4dc2f54ce705b0,0,1,0000000000000000,0000000000000000,0000000000000000,0,0
2264,2264,0,0000000,04,3,2,2,0000000000000000,0,0,2,8a4dc2f54ce705b0,0,1,0000000000000000,0000000000000000,0000000000000000,0,0
2265,2265,0,0000000,00,3,3,3,0000000000000000,0,0,3,8a4dc2f54ce705b0,0,1,0000000000000000,0000000000000000,0000000000000000,0,0
2266,2266,0,0000000,00,3,3,3,0000000000000000,0,0,3,8a4dc2f54ce705b0,0,1,0000000000000000,0000000000000000,0000000000000000,0,0
2267,2267,0,0000000,00,3,3,3,0000000000000000,0,0,3,8a4dc2f54ce705b0,0,1,0000000000000000,0000000000000000,0000000000000000,0,0
2268,2268,0,0000000,00,2,2,2,0000000000000000,0,0,3,8a4dc2f54ce705b0,0,1,0000000000000000,0000000000000000,0000000000000000,0,0
2269,2269,0,0000000,00,3,3,3,0000000000000000,0,0,3,8a4dc2f54ce705b0,0,1,0000000000000000,0000000000000000,0000000000000000,0,0
2270,2270,0,0000000,00,3,3,3,0000000000000000,0,0,3,8a4dc2f54ce705b0,0,1,0000000000000000,0000000000000000,0000000000000000,0,0
2271,2271,0,0000000,00,3,3,3,0000000000000000,0,0,3,8a4dc2f54ce705b0,0,1,0000000000000000,0000000000000000,0000000000000000,0,0
2272,2272,0,0000000,00,3,3,3,0000000000000000,0,0,3,8a4dc2f54ce705b0,0,1,0000000000000000,0000000000000000,0000000000000000,0,0
2273,2273,0,0000000,00,3,3,3,0000000000000000,0,0,3,8a4dc2f54ce705b0,0,1,0000000000000000,0000000000000000,0000000000000000,0,0
2274,2274,0,0000000,00,3,3,3,0000000000000000,0,0,3,8a4dc2f54ce705b0,0,1,0000000000000000,0000000000000000,0000000000000000,0,0
2275,2275,0,0000000,00,3,3,3,0000000000000000,0,0,3,8a4dc2f54ce705b0,0,1,0000000000000000,0000000000000000,0000000000000000,0,0
2276,2276,0,0000000,00,3,3,3,0000000000000000,0,0,3,8a4dc2f54ce705b0,0,1,0000000000000000,0000000000000000,0000000000000000,0,0
2277,2277,0,0000000,00,3,3,3,0000000000000000,0,0,3,8a4dc2f54ce705b0,0,1,0000000000000000,0000000000000000,0000000000000000,0,0
2278,2278,0,0000000,00,3,3,3,0000000000000000,0,0,3,8a4dc2f54ce705b0,0,1,0000000000000000,0000000000000000,0000000000000000,0,0
2279,2279,0,0000000,00,3,3,3,0000000000000000,0,0,3,8a4dc2f54ce705b0,0,1,0000000000000000,0000000000000000,0000000000000000,0,0
2280,2280,0,0000000,00,3,3,3,0000000000000000,0,0,3,8a4dc2f54ce705b0,0,1,0000000000000000,0000000000000000,0000000000000000,0,0
2281,2281,0,0000000,00,3,3,3,0000000000000000,0,0,3,8a4dc2f54ce705b0,0,1,0000000000000000,0000000000000000,0000000000000000,0,0
2282,2282,0,0000000,00,3,3,3,0000000000000000,0,0,3,8a4dc2f54ce705b0,0,1,0000000000000000,0000000000000000,0000000000000000,0,0
2283,2283,0,0000000,00,3,3,3,0000000000000000,0,0,3,8a4dc2f54ce705b0,0,1,0000000000000000,0000000000000000,0000000000000000,0,0
2284,2284,0,0000000,00,3,3,3,0000000000000000,0,0,3,8a4dc2f54ce705b0,0,1,0000000000000000,0000000000000000,0000000000000000,0,0
2285,2285,0,0000000,00,3,3,3,0000000000000000,0,0,3,8a4dc2f54ce705b0,0,1,0000000000000000,0000000000000000,0000000000000000,0,0
2286,2286,0,0000000,00,3,3,3,0000000000000000,0,0,3,8a4dc2f54ce705b0,0,1,0000000000000000,0000000000000000,0000000000000000,0,0
2287,2287,0,0000000,00,3,3,3,0000000000000000,0,0,3,8a4dc2f54ce705b0,0,1,0000000000000000,0000000000000000,0000000000000000,0,0
2288,2288,0,0000000,00,3,3,3,0000000000000000,0,0,3,8a4dc2f54ce705b0,0,1,0000000000000000,0000000000000000,0000000000000000,0,0
2289,2289,0,0000000,00,3,3,3,0000000000000000,0,0,3,8a4dc2f54ce705b0,0,1,0000000000000000,0000000000000000,0000000000000000,0,0
2290,2290,0,0000000,00,3,3,3,0000000000000000,0,0,3,8a4dc2f54ce705b0,0,1,0000000000000000,0000000000000000,0000000000000000,0,0
2291,2291,0,0000000,00,3,3,3,0000000000000000,0,0,3,8a4dc2f54ce705b0,0,1,0000000000000000,0000000000000000,0000000000000000,0,0
2292,2292,0,0000000,00,3,3,3,0000000000000000,0,0,3,8a4dc2f54ce705b0,0,1,0000000000000000,0000000000000000,0000000000000000,0,0
2293,2293,0,0000000,00,3,3,3,0000000000000000,0,0,3,8a4dc2f54ce705b0,0,1,0000000000000000,0000000000000000,0000000000000000,0,0
2294,2294,0,0000000,00,3,3,3,0000000000000000,0,0,3,8a4dc2f54ce705b0,0,1,0000000000000000,0000000000000000,0000000000000000,0,0
2295,2295,0,0000000,00,3,3,3,0000000000000000,0,0,3,8a4dc2f54ce705b0,0,1,0000000000000000,0000000000000000,0000000000000000,0,0
2296,2296,0,0000000,00,3,3,3,0000000000000000,0,0,3,8a4dc2f54ce705b0,0,1,0000000000000000,0000000000000000,0000000000000000,0,0
2297,2297,0,0000000,00,3,3,3,0000000000000000,0,0,3,8a4dc2f54ce705b0,0,1,0000000000000000,0000000000000000,0000000000000000,0,0
2298,2298,0,0000000,00,3,3,3,0000000000000000,0,0,3,8a4dc2f54ce705b0,0,1,0000000000000000,0000000000000000,0000000000000000,0,0
2299,2299,0,0000000,00,3,3,3,0000000000000000,0,0,3,8a4dc2f54ce705b0,0,1,0000000000000000,0000000000000000,0000000000000000,0,0
2300,2300,0,0000000,00,3,3,3,0000000000000000,0,0,3,8a4dc2f54ce705b0,0,1,0000000000000000,0000000000000000,0000000000000000,0,0
2301,2301,0,0000000,00,3,3,3,0000000000000000,0,0,3,8a4dc2f54ce705b0,0,1,0000000000000000,0000000000000000,0000000000000000,0,0
2302,2302,0,0000000,00,3,3,3,0000000000000000,0,0,3,8a4dc2f54ce705b0,0,1,0000000000000000,0000000000000000,0000000000000000,0,0
2303,2303,0,0000000,00,3,3,3,0000000000000000,0,0,3,8a4dc2f54ce705b0,0,1,0000000000000000,0000000000000000,0000000000000000,0,0
2304,2304,0,0000000,00,3,3,3,0000000000000000,0,0,3,8a4dc2f54ce705b0,0,1,0000000000000000,0000000000000000,0000000000000000,0,0
2305,2305,0,0000000,00,3,3,3,0000000000000000,0,0,3,8a4dc2f54ce705b0,0,1,0000000000000000,0000000000000000,0000000000000000,0,0
2306,2306,0,0000000,00,3,3,3,0000000000000000,0,0,3,8a4dc2f54ce705b0,0,1,0000000000000000,0000000000000000,0000000000000000,0,0
2307,2307,0,0000000,00,3,3,3,0000000000000000,0,0,3,8a4dc2f54ce705b0,0,1,0000000000000000,0000000000000000,0000000000000000,0,0
2308,2308,0,0000000,00,3,3,3,0000000000000000,0,0,3,8a4dc2f54ce705b0,0,1,0000000000000000,0000000000000000,0000000000000000,0,0
2309,2309,0,0000000,00,3,3,3,0000000000000000,0,0,3,8a4dc2f54ce705b0,0,1,0000000000000000,0000000000000000,0000000000000000,0,0
2310,2310,0,0000000,00,3,3,3,0000000000000000,0,0,3,8a4dc2f54ce705b0,0,1,0000000000000000,0000000000000000,0000000000000000,0,0
2311,2311,0,0000000,00,3,3,3,0000000000000000,0,0,3,8a4dc2f54ce705b0,0,1,0000000000000000,0000000000000000,0000000000000000,0,0
2312,2312,0,0000000,00,3,3,3,0000000000000000,0,0,3,8a4dc2f54ce705b0,0,1,0000000000000000,0000000000000000,0000000000000000,0,0
2313,2313,0,0000000,00,3,3,3,0000000000000000,0,0,3,8a4dc2f54ce705b0,0,1,0000000000000000,0000000000000000,0000000000000000,0,0
2314,2314,0,0000000,00,3,3,3,0000000000000000,0,0,3,8a4dc2f54ce705b0,0,1,0000000000000000,0000000000000000,0000000000000000,0,0
2315,2315,0,0000000,00,3,3,3,0000000000000000,0,0,3,8a4dc2f54ce705b0,0,1,0000000000000000,0000000000000000,0000000000000000,0,0
2316,2316,0,0000000,00,3,3,3,0000000000000000,0,0,3,8a4dc2f54ce705b0,0,1,0000000000000000,0000000000000000,0000000000000000,0,0
2317,2317,0,0000000,00,3,3,3,0000000000000000,0,0,3,8a4dc2f54ce705b0,0,1,0000000000000000,0000000000000000,0000000000000000,0,0
2318,2318,0,0000000,00,3,3,3,0000000000000000,0,0,3,8a4dc2f54ce705b0,0,1,0000000000000000,0000000000000000,0000000000000000,0,0
2319,2319,0,0000000,00,3,3,3,0000000000000000,0,0,3,8a4dc2f54ce705b0,0,1,0000000000000000,0000000000000000,0000000000000000,0,0
2320,2320,0,0000000,00,3,3,3,0000000000000000,0,0,3,8a4dc2f54ce705b0,0,1,0000000000000000,0000000000000000,0000000000000000,0,0
2321,2321,0,0000000,00,3,3,3,0000000000000000,0,0,3,8a4dc2f54ce705b0,0,1,0000000000000000,0000000000000000,0000000000000000,0,0
2322,2322,0,0000000,00,3,3,3,0000000000000000,0,0,3,8a4dc2f54ce705b0,0,1,0000000000000000,0000000000000000,0000000000000000,0,0
2323,2323,0,0000000,00,3,3,3,0000000000000000,0,0,3,8a4dc2f54ce705b0,0,1,0000000000000000,0000000000000000,0000000000000000,0,0
2324,2324,0,0000000,00,3,3,3,0000000000000000,0,0,3,8a4dc2f54ce705b0,0,1,0000000000000000,0000000000000000,0000000000000000,0,0
2325,2325,0,0000000,00,3,3,3,0000000000000000,0,0,3,8a4dc2f54ce705b0,0,1,0000000000000000,0000000000000000,0000000000000000,0,0
2326,2326,0,0000000,00,3,3,3,0000000000000000,0,0,3,8a4dc2f54ce705b0,0,1,0000000000000000,0000000000000000,0000000000000000,0,0
2327,2327,0,0000000,00,3,3,3,0000000000000000,0,0,3,8a4dc2f54ce705b0,0,1,0000000000000000,0000000000000000,0000000000000000,0,0
2328,2328,0,0000000,00,3,3,3,0000000000000000,0,0,3,8a4dc2f54ce705b0,0,1,0000000000000000,0000000000000000,0000000000000000,0,0
2329,2329,0,0000000,00,3,3,3,0000000000000000,0,0,3,8a4dc2f54ce705b0,0,1,0000000000000000,0000000000000000,0000000000000000,0,0
2330,2330,0,0000000,00,3,3,3,0000000000000000,0,0,3,8a4dc2f54ce705b0,0,1,0000000000000000,0000000000000000,0000000000000000,0,0
2331,2331,0,0000000,00,3,3,3,0000000000000000,0,0,3,8a4dc2f54ce705b0,0,1,0000000000000000,0000000000000000,0000000000000000,0,0
2332,2332,0,0000000,00,3,3,3,0000000000000000,0,0,3,8a4dc2f54ce705b0,0,1,0000000000000000,0000000000000000,0000000000000000,0,0
2333,2333,0,0000000,00,3,3,3,0000000000000000,0,0,3,8a4dc2f54ce705b0,0,1,0000000000000000,0000000000000000,0000000000000000,0,0
2334,2334,0,0000000,00,3,3,3,0000000000000000,0,0,3,8a4dc2f54ce705b0,0,1,0000000000000000,0000000000000000,0000000000000000,0,0
2335,2335,0,0000000,00,3,3,3,0000000000000000,0,0,3,8a4dc2f54ce705b0,0,1,0000000000000000,0000000000000000,0000000000000000,0,0
2336,2336,0,0000000,00,3,3,3,0000000000000000,0,0,3,8a4dc2f54ce705b0,0,1,0000000000000000,0000000000000000,0000000000000000,0,0
2337,2337,0,0000000,00,3,3,3,0000000000000000,0,0,3,8a4dc2f54ce705b0,0,1,0000000000000000,0000000000000000,0000000000000000,0,0
2338,2338,0,0000000,00,3,3,3,0000000000000000,0,0,3,8a4dc2f54ce705b0,0,1,0000000000000000,0000000000000000,0000000000000000,0,0
2339,2339,0,0000000,00,3,3,3,0000000000000000,0,0,3,8a4dc2f54ce705b0,0,1,0000000000000000,0000000000000000,0000000000000000,0,0
2340,2340,0,0000000,00,3,3,3,0000000000000000,0,0,3,8a4dc2f54ce705b0,0,1,0000000000000000,0000000000000000,0000000000000000,0,0
2341,2341,0,0000000,00,3,3,3,0000000000000000,0,0,3,8a4dc2f54ce705b0,0,1,0000000000000000,0000000000000000,0000000000000000,0,0
2342,2342,0,0000000,00,3,3,3,0000000000000000,0,0,3,8a4dc2f54ce705b0,0,1,0000000000000000,0000000000000000,0000000000000000,0,0
2343,2343,0,0000000,00,3,3,3,0000000000000000,0,0,3,8a4dc2f54ce705b0,0,1,0000000000000000,0000000000000000,0000000000000000,0,0
2344,2344,0,0000000,00,3,3,3,0000000000000000,0,0,3,8a4dc2f54ce705b0,0,1,0000000000000000,0000000000000000,0000000000000000,0,0
2345,2345,0,0000000,00,3,3,3,0000000000000000,0,0,3,8a4dc2f54ce705b0,0,1,0000000000000000,0000000000000000,0000000000000000,0,0
2346,2346,0,0000000,00,3,3,3,0000000000000000,0,0,3,8a4dc2f54ce705b0,0,1,0000000000000000,0000000000000000,0000000000000000,0,0
2347,2347,0,0000000,00,3,3,3,0000000000000000,0,0,3,8a4dc2f54ce705b0,0,1,0000000000000000,0000000000000000,0000000000000000,0,0
2348,2348,0,0000000,00,3,3,3,0000000000000000,0,0,3,8a4dc2f54ce705b0,0,1,0000000000000000,0000000000000000,0000000000000000,0,0
2349,2349,0,0000000,00,3,3,3,0000000000000000,0,0,3,8a4dc2f54ce705b0,0,1,0000000000000000,0000000000000000,0000000000000000,0,0
2350,2350,0,0000000,00,3,3,3,0000000000000000,0,0,3,8a4dc2f54ce705b0,0,1,0000000000000000,0000000000000000,0000000000000000,0,0
2351,2351,0,0000000,00,3,3,3,0000000000000000,0,0,3,8a4dc2f54ce705b0,0,1,0000000000000000,0000000000000000,0000000000000000,0,0
2352,2352,0,0000000,00,3,3,3,0000000000000000,0,0,3,8a4dc2f54ce705b0,0,1,0000000000000000,0000000000000000,0000000000000000,0,0
2353,2353,0,0000000,00,3,3,3,0000000000000000,0,0,3,8a4dc2f54ce705b0,0,1,0000000000000000,0000000000000000,0000000000000000,0,0
2354,2354,0,0000000,00,3,3,3,0000000000000000,0,0,3,8a4dc2f54ce705b0,0,1,0000000000000000,0000000000000000,0000000000000000,0,0
2355,2355,0,0000000,00,3,3,3,0000000000000000,0,0,3,8a4dc2f54ce705b0,0,1,0000000000000000,0000000000000000,0000000000000000,0,0
2356,2356,0,0000000,00,3,3,3,0000000000000000,0,0,3,8a4dc2f54ce705b0,0,1,0000000000000000,0000000000000000,0000000000000000,0,0
2357,2357,0,0000000,00,3,3,3,0000000000000000,0,0,3,8a4dc2f54ce705b0,0,1,0000000000000000,0000000000000000,0000000000000000,0,0
2358,2358,0,0000000,00,3,3,3,0000000000000000,0,0,3,8a4dc2f54ce705b0,0,1,0000000000000000,0000000000000000,0000000000000000,0,0
2359,2359,0,0000000,00,3,3,3,0000000000000000,0,0,3,8a4dc2f54ce705b0,0,1,0000000000000000,0000000000000000,0000000000000000,0,0
2360,2360,0,0000000,00,3,3,3,0000000000000000,0,0,3,8a4dc2f54ce705b0,0,1,0000000000000000,0000000000000000,0000000000000000,0,0
2361,2361,0,0000000,00,3,3,3,0000000000000000,0,0,3,8a4dc2f54ce705b0,0,1,0000000000000000,0000000000000000,0000000000000000,0,0
2362,2362,0,0000000,00,3,3,3,0000000000000000,0,0,3,8a4dc2f54ce705b0,0,1,0000000000000000,0000000000000000,0000000000000000,0,0
2363,2363,0,0000000,00,3,3,3,0000000000000000,0,0,3,8a4dc2f54ce705b0,0,1,0000000000000000,0000000000000000,0000000000000000,0,0
2364,2364,0,0000000,00,3,3,3,0000000000000000,0,0,3,8a4dc2f54ce705b0,0,1,0000000000000000,0000000000000000,0000000000000000,0,0
2365,2365,0,0000000,00,3,3,3,0000000000000000,0,0,3,8a4dc2f54ce705b0,0,1,0000000000000000,0000000000000000,0000000000000000,0,0
2366,2366,0,0000000,00,3,3,3,0000000000000000,0,0,3,8a4dc2f54ce705b0,0,1,0000000000000000,0000000000000000,0000000000000000,0,0
2367,2367,0,0000000,00,3,3,3,0000000000000000,0,0,3,8a4dc2f54ce705b0,0,1,0000000000000000,0000000000000000,0000000000000000,0,0
2368,2368,0,0000000,00,3,3,3,0000000000000000,0,0,3,8a4dc2f54ce705b0,0,1,0000000000000000,0000000000000000,0000000000000000,0,0
2369,2369,0,0000000,00,3,3,3,0000000000000000,0,0,3,8a4dc2f54ce705b0,0,1,0000000000000000,0000000000000000,0000000000000000,0,0
2370,2370,0,0000000,00,3,3,3,0000000000000000,0,0,3,8a4dc2f54ce705b0,0,1,0000000000000000,0000000000000000,0000000000000000,0,0
2371,2371,0,0000000,00,3,3,3,0000000000000000,0,0,3,8a4dc2f54ce705b0,0,1,0000000000000000,0000000000000000,0000000000000000,0,0
2372,2372,0,0000000,00,3,3,3,0000000000000000,0,0,3,8a4dc2f54ce705b0,0,1,0000000000000000,0000000000000000,0000000000000000,0,0
2373,2373,0,0000000,00,3,3,3,0000000000000000,0,0,3,8a4dc2f54ce705b0,0,1,0000000000000000,0000000000000000,0000000000000000,0,0
2374,2374,0,0000000,00,3,3,3,0000000000000000,0,0,3,8a4dc2f54ce705b0,0,1,0000000000000000,0000000000000000,0000000000000000,0,0
2375,2375,0,0000000,00,3,3,3,0000000000000000,0,0,3,8a4dc2f54ce705b0,0,1,0000000000000000,0000000000000000,0000000000000000,0,0
2376,2376,0,0000000,00,3,3,3,0000000000000000,0,0,3,8a4dc2f54ce705b0,0,1,0000000000000000,0000000000000000,0000000000000000,0,0
2377,2377,0,0000000,00,3,3,3,0000000000000000,0,0,3,8a4dc2f54ce705b0,0,1,0000000000000000,0000000000000000,0000000000000000,0,0
2378,2378,0,0000000,00,3,3,3,0000000000000000,0,0,3,8a4dc2f54ce705b0,0,1,0000000000000000,0000000000000000,0000000000000000,0,0
2379,2379,0,0000000,00,3,3,3,0000000000000000,0,0,3,8a4dc2f54ce705b0,0,1,0000000000000000,0000000000000000,0000000000000000,0,0
2380,2380,0,0000000,00,3,3,3,0000000000000000,0,0,3,8a4dc2f54ce705b0,0,1,0000000000000000,0000000000000000,0000000000000000,0,0
2381,2381,0,0000000,00,3,3,3,0000000000000000,0,0,3,8a4dc2f54ce705b0,0,1,0000000000000000,0000000000000000,0000000000000000,0,0
2382,2382,0,0000000,00,3,3,3,0000000000000000,0,0,3,8a4dc2f54ce705b0,0,1,0000000000000000,0000000000000000,0000000000000000,0,0
2383,2383,0,0000000,00,3,3,3,0000000000000000,0,0,3,8a4dc2f54ce705b0,0,1,0000000000000000,0000000000000000,0000000000000000,0,0
2384,2384,0,0000000,00,3,3,3,0000000000000000,0,0,3,8a4dc2f54ce705b0,0,1,0000000000000000,0000000000000000,0000000000000000,0,0
2385,2385,0,0000000,00,3,3,3,0000000000000000,0,0,3,8a4dc2f54ce705b0,0,1,0000000000000000,0000000000000000,0000000000000000,0,0
2386,2386,0,0000000,00,3,3,3,0000000000000000,0,0,3,8a4dc2f54ce705b0,0,1,0000000000000000,0000000000000000,0000000000000000,0,0
2387,2387,0,0000000,00,3,3,3,0000000000000000,0,0,3,8a4dc2f54ce705b0,0,1,0000000000000000,0000000000000000,0000000000000000,0,0
2388,2388,0,0000000,00,3,3,3,0000000000000000,0,0,3,8a4dc2f54ce705b0,0,1,0000000000000000,0000000000000000,0000000000000000,0,0
2389,2389,0,0000000,00,3,3,3,0000000000000000,0,0,3,8a4dc2f54ce705b0,0,1,0000000000000000,0000000000000000,0000000000000000,0,0
2390,2390,0,0000000,00,3,3,3,0000000000000000,0,0,3,8a4dc2f54ce705b0,0,1,0000000000000000,0000000000000000,0000000000000000,0,0
2391,2391,0,0000000,00,3,3,3,0000000000000000,0,0,3,8a4dc2f54ce705b0,0,1,0000000000000000,0000000000000000,0000000000000000,0,0
2392,2392,0,0000000,00,3,3,3,0000000000000000,0,0,3,8a4dc2f54ce705b0,0,1,0000000000000000,0000000000000000,0000000000000000,0,0
2393,2393,0,0000000,00,3,3,3,0000000000000000,0,0,3,8a4dc2f54ce705b0,0,1,0000000000000000,0000000000000000,0000000000000000,0,0
2394,2394,0,0000000,00,3,3,3,0000000000000000,0,0,3,8a4dc2f54ce705b0,0,1,0000000000000000,0000000000000000,0000000000000000,0,0
2395,2395,0,0000000,00,3,3,3,0000000000000000,0,0,3,8a4dc2f54ce705b0,0,1,0000000000000000,0000000000000000,0000000000000000,0,0
2396,2396,0,0000000,00,3,3,3,0000000000000000,0,0,3,8a4dc2f54ce705b0,0,1,0000000000000000,0000000000000000,0000000000000000,0,0
2397,2397,0,0000000,00,3,3,3,0000000000000000,0,0,3,8a4dc2f54ce705b0,0,1,0000000000000000,0000000000000000,0000000000000000,0,0
2398,2398,0,0000000,00,3,3,3,0000000000000000,0,0,3,8a4dc2f54ce705b0,0,1,0000000000000000,0000000000000000,0000000000000000,0,0
2399,2399,0,0000000,00,3,3,3,0000000000000000,0,0,3,8a4dc2f54ce705b0,0,1,0000000000000000,0000000000000000,0000000000000000,0,0
2400,2400,0,0000000,00,3,3,3,0000000000000000,0,0,3,8a4dc2f54ce705b0,0,1,0000000000000000,0000000000000000,0000000000000000,0,0
2401,2401,0,0000000,00,3,3,3,0000000000000000,0,0,3,8a4dc2f54ce705b0,0,1,0000000000000000,0000000000000000,0000000000000000,0,0
2402,2402,0,0000000,00,3,3,3,0000000000000000,0,0,3,8a4dc2f54ce705b0,0,1,0000000000000000,0000000000000000,0000000000000000,0,0
2403,2403,0,0000000,00,3,3,3,0000000000000000,0,0,3,8a4dc2f54ce705b0,0,1,0000000000000000,0000000000000000,0000000000000000,0,0
2404,2404,0,0000000,00,3,3,3,0000000000000000,0,0,3,8a4dc2f54ce705b0,0,1,0000000000000000,0000000000000000,0000000000000000,0,0
2405,2405,0,0000000,00,3,3,3,0000000000000000,0,0,3,8a4dc2f54ce705b0,0,1,0000000000000000,0000000000000000,0000000000000000,0,0
2406,2406,0,0000000,00,3,3,3,0000000000000000,0,0,3,8a4dc2f54ce705b0,0,1,0000000000000000,0000000000000000,0000000000000000,0,0
2407,2407,0,0000000,00,3,3,3,0000000000000000,0,0,3,8a4dc2f54ce705b0,0,1,0000000000000000,0000000000000000,0000000000000000,0,0
2408,2408,0,0000000,00,3,3,3,0000000000000000,0,0,3,8a4dc2f54ce705b0,0,1,0000000000000000,0000000000000000,0000000000000000,0,0
2409,2409,0,0000000,00,3,3,3,0000000000000000,0,0,3,8a4dc2f54ce705b0,0,1,0000000000000000,0000000000000000,0000000000000000,0,0
2410,2410,0,0000000,00,3,3,3,0000000000000000,0,0,3,8a4dc2f54ce705b0,0,1,0000000000000000,0000000000000000,0000000000000000,0,0
2411,2411,0,0000000,00,3,3,3,0000000000000000,0,0,3,8a4dc2f54ce705b0,0,1,0000000000000000,0000000000000000,0000000000000000,0,0
2412,2412,0,0000000,00,3,3,3,0000000000000000,0,0,3,8a4dc2f54ce705b0,0,1,0000000000000000,0000000000000000,0000000000000000,0,0
2413,2413,0,0000000,00,3,3,3,0000000000000000,0,0,3,8a4dc2f54ce705b0,0,1,0000000000000000,0000000000000000,0000000000000000,0,0
2414,2414,0,0000000,00,3,3,3,0000000000000000,0,0,3,8a4dc2f54ce705b0,0,1,0000000000000000,0000000000000000,0000000000000000,0,0
2415,2415,0,0000000,00,3,3,3,0000000000000000,0,0,3,8a4dc2f54ce705b0,0,1,0000000000000000,0000000000000000,0000000000000000,0,0
2416,2416,0,0000000,00,3,3,3,0000000000000000,0,0,3,8a4dc2f54ce705b0,0,1,0000000000000000,0000000000000000,0000000000000000,0,0
2417,2417,0,0000000,00,3,3,3,0000000000000000,0,0,3,8a4dc2f54ce705b0,0,1,0000000000000000,0000000000000000,0000000000000000,0,0
2418,2418,0,0000000,00,3,3,3,0000000000000000,0,0,3,8a4dc2f54ce705b0,0,1,0000000000000000,0000000000000000,0000000000000000,0,0
2419,2419,0,0000000,00,3,3,3,0000000000000000,0,0,3,8a4dc2f54ce705b0,0,1,0000000000000000,0000000000000000,0000000000000000,0,0
2420,2420,0,0000000,00,3,3,3,0000000000000000,0,0,3,8a4dc2f54ce705b0,0,1,0000000000000000,0000000000000000,0000000000000000,0,0
2421,2421,0,0000000,00,3,3,3,0000000000000000,0,0,3,8a4dc2f54ce705b0,0,1,0000000000000000,0000000000000000,0000000000000000,0,0
2422,2422,0,0000000,00,3,3,3,0000000000000000,0,0,3,8a4dc2f54ce705b0,0,1,0000000000000000,0000000000000000,0000000000000000,0,0
2423,2423,0,0000000,00,3,3,3,0000000000000000,0,0,3,8a4dc2f54ce705b0,0,1,0000000000000000,0000000000000000,0000000000000000,0,0
2424,2424,0,0000000,00,3,3,3,0000000000000000,0,0,3,8a4dc2f54ce705b0,0,1,0000000000000000,0000000000000000,0000000000000000,0,0
2425,2425,0,0000000,00,3,3,3,0000000000000000,0,0,3,8a4dc2f54ce705b0,0,1,0000000000000000,0000000000000000,0000000000000000,0,0
2426,2426,0,0000000,00,3,3,3,0000000000000000,0,0,3,8a4dc2f54ce705b0,0,1,0000000000000000,0000000000000000,0000000000000000,0,0
2427,2427,0,0000000,00,3,3,3,0000000000000000,0,0,3,8a4dc2f54ce705b0,0,1,0000000000000000,0000000000000000,0000000000000000,0,0
2428,2428,0,0000000,00,3,3,3,0000000000000000,0,0,3,8a4dc2f54ce705b0,0,1,0000000000000000,0000000000000000,0000000000000000,0,0
2429,2429,0,0000000,00,3,3,3,0000000000000000,0,0,3,8a4dc2f54ce705b0,0,1,0000000000000000,0000000000000000,0000000000000000,0,0
2430,2430,0,0000000,00,3,3,3,0000000000000000,0,0,3,8a4dc2f54ce705b0,0,1,0000000000000000,0000000000000000,0000000000000000,0,0
2431,2431,0,0000000,00,3,3,3,0000000000000000,0,0,3,8a4dc2f54ce705b0,0,1,0000000000000000,0000000000000000,0000000000000000,0,0
2432,2432,0,0000000,00,3,3,3,0000000000000000,0,0,3,8a4dc2f54ce705b0,0,1,0000000000000000,0000000000000000,0000000000000000,0,0
2433,2433,0,0000000,00,3,3,3,0000000000000000,0,0,3,8a4dc2f54ce705b0,0,1,0000000000000000,0000000000000000,0000000000000000,0,0
2434,2434,0,0000000,00,3,3,3,0000000000000000,0,0,3,8a4dc2f54ce705b0,0,1,0000000000000000,0000000000000000,0000000000000000,0,0
2435,2435,0,0000000,00,3,3,3,0000000000000000,0,0,3,8a4dc2f54ce705b0,0,1,0000000000000000,0000000000000000,0000000000000000,0,0
2436,2436,0,0000000,00,3,3,3,0000000000000000,0,0,3,8a4dc2f54ce705b0,0,1,0000000000000000,0000000000000000,0000000000000000,0,0
2437,2437,0,0000000,00,3,3,3,0000000000000000,0,0,3,8a4dc2f54ce705b0,0,1,0000000000000000,0000000000000000,0000000000000000,0,0
2438,2438,0,0000000,00,3,3,3,0000000000000000,0,0,3,8a4dc2f54ce705b0,0,1,0000000000000000,0000000000000000,0000000000000000,0,0
2439,2439,0,0000000,00,3,3,3,0000000000000000,0,0,3,8a4dc2f54ce705b0,0,1,0000000000000000,0000000000000000,0000000000000000,0,0
2440,2440,0,0000000,00,3,3,3,0000000000000000,0,0,3,8a4dc2f54ce705b0,0,1,0000000000000000,0000000000000000,0000000000000000,0,0
2441,2441,0,0000000,00,3,3,3,0000000000000000,0,0,3,8a4dc2f54ce705b0,0,1,0000000000000000,0000000000000000,0000000000000000,0,0
2442,2442,0,0000000,00,3,3,3,0000000000000000,0,0,3,8a4dc2f54ce705b0,0,1,0000000000000000,0000000000000000,0000000000000000,0,0
2443,2443,0,0000000,00,3,3,3,0000000000000000,0,0,3,8a4dc2f54ce705b0,0,1,0000000000000000,0000000000000000,0000000000000000,0,0
2444,2444,0,0000000,00,3,3,3,0000000000000000,0,0,3,8a4dc2f54ce705b0,0,1,0000000000000000,0000000000000000,0000000000000000,0,0
2445,2445,0,0000000,00,3,3,3,0000000000000000,0,0,3,8a4dc2f54ce705b0,0,1,0000000000000000,0000000000000000,0000000000000000,0,0
2446,2446,0,0000000,00,3,3,3,0000000000000000,0,0,3,8a4dc2f54ce705b0,0,1,0000000000000000,0000000000000000,0000000000000000,0,0
2447,2447,0,0000000,00,3,3,3,0000000000000000,0,0,3,8a4dc2f54ce705b0,0,1,0000000000000000,0000000000000000,0000000000000000,0,0
2448,2448,0,0000000,00,3,3,3,0000000000000000,0,0,3,8a4dc2f54ce705b0,0,1,0000000000000000,0000000000000000,0000000000000000,0,0
2449,2449,0,0000000,00,3,3,3,0000000000000000,0,0,3,8a4dc2f54ce705b0,0,1,0000000000000000,0000000000000000,0000000000000000,0,0
2450,2450,0,0000000,00,3,3,3,0000000000000000,0,0,3,8a4dc2f54ce705b0,0,1,0000000000000000,0000000000000000,0000000000000000,0,0
2451,2451,0,0000000,00,3,3,3,0000000000000000,0,0,3,8a4dc2f54ce705b0,0,1,0000000000000000,0000000000000000,0000000000000000,0,0
2452,2452,0,0000000,00,3,3,3,0000000000000000,0,0,3,8a4dc2f54ce705b0,0,1,0000000000000000,0000000000000000,0000000000000000,0,0
2453,2453,0,0000000,00,3,3,3,0000000000000000,0,0,3,8a4dc2f54ce705b0,0,1,0000000000000000,0000000000000000,0000000000000000,0,0
2454,2454,0,0000000,00,3,3,3,0000000000000000,0,0,3,8a4dc2f54ce705b0,0,1,0000000000000000,0000000000000000,0000000000000000,0,0
2455,2455,0,0000000,00,3,3,3,0000000000000000,0,0,3,8a4dc2f54ce705b0,0,1,0000000000000000,0000000000000000,0000000000000000,0,0
2456,2456,0,0000000,00,3,3,3,0000000000000000,0,0,3,8a4dc2f54ce705b0,0,1,0000000000000000,0000000000000000,0000000000000000,0,0
2457,2457,0,0000000,00,3,3,3,0000000000000000,0,0,3,8a4dc2f54ce705b0,0,1,0000000000000000,0000000000000000,0000000000000000,0,0
2458,2458,0,0000000,00,3,3,3,0000000000000000,0,0,3,8a4dc2f54ce705b0,0,1,0000000000000000,0000000000000000,0000000000000000,0,0
2459,2459,0,0000000,00,3,3,3,0000000000000000,0,0,3,8a4dc2f54ce705b0,0,1,0000000000000000,0000000000000000,0000000000000000,0,0
2460,2460,0,0000000,00,3,3,3,0000000000000000,0,0,3,8a4dc2f54ce705b0,0,1,0000000000000000,0000000000000000,0000000000000000,0,0
2461,2461,0,0000000,00,3,3,3,0000000000000000,0,0,3,8a4dc2f54ce705b0,0,1,0000000000000000,0000000000000000,0000000000000000,0,0
2462,2462,0,0000000,00,3,3,3,0000000000000000,0,0,3,8a4dc2f54ce705b0,0,1,0000000000000000,0000000000000000,0000000000000000,0,0
2463,2463,0,0000000,00,3,3,3,0000000000000000,0,0,3,8a4dc2f54ce705b0,0,1,0000000000000000,0000000000000000,0000000000000000,0,0
2464,2464,0,0000000,00,3,3,3,0000000000000000,0,0,3,8a4dc2f54ce705b0,0,1,0000000000000000,0000000000000000,0000000000000000,0,0
2465,2465,0,0000000,00,3,3,3,0000000000000000,0,0,3,8a4dc2f54ce705b0,0,1,0000000000000000,0000000000000000,0000000000000000,0,0
2466,2466,0,0000000,00,3,3,3,0000000000000000,0,0,3,8a4dc2f54ce705b0,0,1,0000000000000000,0000000000000000,0000000000000000,0,0
2467,2467,0,0000000,00,3,3,3,0000000000000000,0,0,3,8a4dc2f54ce705b0,0,1,0000000000000000,0000000000000000,0000000000000000,0,0
2468,2468,0,0000000,00,3,3,3,0000000000000000,0,0,3,8a4dc2f54ce705b0,0,1,0000000000000000,0000000000000000,0000000000000000,0,0
2469,2469,0,0000000,00,3,3,3,0000000000000000,0,0,3,8a4dc2f54ce705b0,0,1,0000000000000000,0000000000000000,0000000000000000,0,0
2470,2470,0,0000000,00,3,3,3,0000000000000000,0,0,3,8a4dc2f54ce705b0,0,1,0000000000000000,0000000000000000,0000000000000000,0,0
2471,2471,0,0000000,00,3,3,3,0000000000000000,0,0,3,8a4dc2f54ce705b0,0,1,0000000000000000,0000000000000000,0000000000000000,0,0
2472,2472,0,0000000,00,3,3,3,0000000000000000,0,0,3,8a4dc2f54ce705b0,0,1,0000000000000000,0000000000000000,0000000000000000,0,0
2473,2473,0,0000000,00,3,3,3,0000000000000000,0,0,3,8a4dc2f54ce705b0,0,1,0000000000000000,0000000000000000,0000000000000000,0,0
2474,2474,0,0000000,00,3,3,3,0000000000000000,0,0,3,8a4dc2f54ce705b0,0,1,0000000000000000,0000000000000000,0000000000000000,0,0
2475,2475,0,0000000,00,3,3,3,0000000000000000,0,0,3,8a4dc2f54ce705b0,0,1,0000000000000000,0000000000000000,0000000000000000,0,0
2476,2476,0,0000000,00,3,3,3,0000000000000000,0,0,3,8a4dc2f54ce705b0,0,1,0000000000000000,0000000000000000,0000000000000000,0,0
2477,2477,0,0000000,00,3,3,3,0000000000000000,0,0,3,8a4dc2f54ce705b0,0,1,0000000000000000,0000000000000000,0000000000000000,0,0
2478,2478,0,0000000,00,3,3,3,0000000000000000,0,0,3,8a4dc2f54ce705b0,0,1,0000000000000000,0000000000000000,0000000000000000,0,0
2479,2479,0,0000000,00,3,3,3,0000000000000000,0,0,3,8a4dc2f54ce705b0,0,1,0000000000000000,0000000000000000,0000000000000000,0,0
2480,2480,0,0000000,00,3,3,3,0000000000000000,0,0,3,8a4dc2f54ce705b0,0,1,0000000000000000,0000000000000000,0000000000000000,0,0
2481,2481,0,0000000,00,3,3,3,0000000000000000,0,0,3,8a4dc2f54ce705b0,0,1,0000000000000000,0000000000000000,0000000000000000,0,0
2482,2482,0,0000000,00,3,3,3,0000000000000000,0,0,3,8a4dc2f54ce705b0,0,1,0000000000000000,0000000000000000,0000000000000000,0,0
2483,2483,0,0000000,00,3,3,3,0000000000000000,0,0,3,8a4dc2f54ce705b0,0,1,0000000000000000,0000000000000000,0000000000000000,0,0
2484,2484,0,0000000,00,3,3,3,0000000000000000,0,0,3,8a4dc2f54ce705b0,0,1,0000000000000000,0000000000000000,0000000000000000,0,0
2485,2485,0,0000000,00,3,3,3,0000000000000000,0,0,3,8a4dc2f54ce705b0,0,1,0000000000000000,0000000000000000,0000000000000000,0,0
2486,2486,0,0000000,00,3,3,3,0000000000000000,0,0,3,8a4dc2f54ce705b0,0,1,0000000000000000,0000000000000000,0000000000000000,0,0
2487,2487,0,0000000,00,3,3,3,0000000000000000,0,0,3,8a4dc2f54ce705b0,0,1,0000000000000000,0000000000000000,0000000000000000,0,0
2488,2488,0,0000000,00,3,3,3,0000000000000000,0,0,3,8a4dc2f54ce705b0,0,1,0000000000000000,0000000000000000,0000000000000000,0,0
2489,2489,0,0000000,00,3,3,3,0000000000000000,0,0,3,8a4dc2f54ce705b0,0,1,0000000000000000,0000000000000000,0000000000000000,0,0
2490,2490,0,0000000,00,3,3,3,0000000000000000,0,0,3,8a4dc2f54ce705b0,0,1,0000000000000000,0000000000000000,0000000000000000,0,0
2491,2491,0,0000000,00,3,3,3,0000000000000000,0,0,3,8a4dc2f54ce705b0,0,1,0000000000000000,0000000000000000,0000000000000000,0,0
2492,2492,0,0000000,00,3,3,3,0000000000000000,0,0,3,8a4dc2f54ce705b0,0,1,0000000000000000,0000000000000000,0000000000000000,0,0
2493,2493,0,0000000,00,3,3,3,0000000000000000,0,0,3,8a4dc2f54ce705b0,0,1,0000000000000000,0000000000000000,0000000000000000,0,0
2494,2494,0,0000000,00,3,3,3,0000000000000000,0,0,3,8a4dc2f54ce705b0,0,1,0000000000000000,0000000000000000,0000000000000000,0,0
2495,2495,0,0000000,00,3,3,3,0000000000000000,0,0,3,8a4dc2f54ce705b0,0,1,0000000000000000,0000000000000000,0000000000000000,0,0
2496,2496,0,0000000,00,3,3,3,0000000000000000,0,0,3,8a4dc2f54ce705b0,0,1,0000000000000000,0000000000000000,0000000000000000,0,0
2497,2497,0,0000000,00,3,3,3,0000000000000000,0,0,3,8a4dc2f54ce705b0,0,1,0000000000000000,0000000000000000,0000000000000000,0,0
2498,2498,0,0000000,00,3,3,3,0000000000000000,0,0,3,8a4dc2f54ce705b0,0,1,0000000000000000,0000000000000000,0000000000000000,0,0
2499,2499,0,0000000,00,3,3,3,0000000000000000,0,0,3,8a4dc2f54ce705b0,0,1,0000000000000000,0000000000000000,0000000000000000,0,0
2500,2500,0,0000000,00,3,3,3,0000000000000000,0,0,3,8a4dc2f54ce705b0,0,1,0000000000000000,0000000000000000,0000000000000000,0,0
2501,2501,0,0000000,00,3,3,3,0000000000000000,0,0,3,8a4dc2f54ce705b0,0,1,0000000000000000,0000000000000000,0000000000000000,0,0
2502,2502,0,0000000,00,3,3,3,0000000000000000,0,0,3,8a4dc2f54ce705b0,0,1,0000000000000000,0000000000000000,0000000000000000,0,0
2503,2503,0,0000000,00,3,3,3,0000000000000000,0,0,3,8a4dc2f54ce705b0,0,1,0000000000000000,0000000000000000,0000000000000000,0,0
2504,2504,0,0000000,00,3,3,3,0000000000000000,0,0,3,8a4dc2f54ce705b0,0,1,0000000000000000,0000000000000000,0000000000000000,0,0
2505,2505,0,0000000,00,3,3,3,0000000000000000,0,0,3,8a4dc2f54ce705b0,0,1,0000000000000000,0000000000000000,0000000000000000,0,0
2506,2506,0,0000000,00,3,3,3,0000000000000000,0,0,3,8a4dc2f54ce705b0,0,1,0000000000000000,0000000000000000,0000000000000000,0,0
2507,2507,0,0000000,00,3,3,3,0000000000000000,0,0,3,8a4dc2f54ce705b0,0,1,0000000000000000,0000000000000000,0000000000000000,0,0
2508,2508,0,0000000,00,3,3,3,0000000000000000,0,0,3,8a4dc2f54ce705b0,0,1,0000000000000000,0000000000000000,0000000000000000,0,0
2509,2509,0,0000000,00,3,3,3,0000000000000000,0,0,3,8a4dc2f54ce705b0,0,1,0000000000000000,0000000000000000,0000000000000000,0,0
2510,2510,0,0000000,00,3,3,3,0000000000000000,0,0,3,8a4dc2f54ce705b0,0,1,0000000000000000,0000000000000000,0000000000000000,0,0
2511,2511,0,0000000,00,3,3,3,0000000000000000,0,0,3,8a4dc2f54ce705b0,0,1,0000000000000000,0000000000000000,0000000000000000,0,0
2512,2512,0,0000000,00,3,3,3,0000000000000000,0,0,3,8a4dc2f54ce705b0,0,1,0000000000000000,0000000000000000,0000000000000000,0,0
2513,2513,0,0000000,00,3,3,3,0000000000000000,0,0,3,8a4dc2f54ce705b0,0,1,0000000000000000,0000000000000000,0000000000000000,0,0
2514,2514,0,0000000,00,3,3,3,0000000000000000,0,0,3,8a4dc2f54ce705b0,0,1,0000000000000000,0000000000000000,0000000000000000,0,0
2515,2515,0,0000000,00,3,3,3,0000000000000000,0,0,3,8a4dc2f54ce705b0,0,1,0000000000000000,0000000000000000,0000000000000000,0,0
2516,2516,0,0000000,00,3,3,3,0000000000000000,0,0,3,8a4dc2f54ce705b0,0,1,0000000000000000,0000000000000000,0000000000000000,0,0
2517,2517,0,0000000,00,3,3,3,0000000000000000,0,0,3,8a4dc2f54ce705b0,0,1,0000000000000000,0000000000000000,0000000000000000,0,0
2518,2518,0,0000000,00,3,3,3,0000000000000000,0,0,3,8a4dc2f54ce705b0,0,1,0000000000000000,0000000000000000,0000000000000000,0,0
2519,2519,0,0000000,00,3,3,3,0000000000000000,0,0,3,8a4dc2f54ce705b0,0,1,0000000000000000,0000000000000000,0000000000000000,0,0
2520,2520,0,0000000,00,3,3,3,0000000000000000,0,0,3,8a4dc2f54ce705b0,0,1,0000000000000000,0000000000000000,0000000000000000,0,0
2521,2521,0,0000000,00,3,3,3,0000000000000000,0,0,3,8a4dc2f54ce705b0,0,1,0000000000000000,0000000000000000,0000000000000000,0,0
2522,2522,0,0000000,00,3,3,3,0000000000000000,0,0,3,8a4dc2f54ce705b0,0,1,0000000000000000,0000000000000000,0000000000000000,0,0
2523,2523,0,0000000,00,3,3,3,0000000000000000,0,0,3,8a4dc2f54ce705b0,0,1,0000000000000000,0000000000000000,0000000000000000,0,0
2524,2524,0,0000000,00,3,3,3,0000000000000000,0,0,3,8a4dc2f54ce705b0,0,1,0000000000000000,0000000000000000,0000000000000000,0,0
2525,2525,0,0000000,00,3,3,3,0000000000000000,0,0,3,8a4dc2f54ce705b0,0,1,0000000000000000,0000000000000000,0000000000000000,0,0
2526,2526,0,0000000,00,3,3,3,0000000000000000,0,0,3,8a4dc2f54ce705b0,0,1,0000000000000000,0000000000000000,0000000000000000,0,0
2527,2527,0,0000000,00,3,3,3,0000000000000000,0,0,3,8a4dc2f54ce705b0,0,1,0000000000000000,0000000000000000,0000000000000000,0,0
2528,2528,0,0000000,00,3,3,3,0000000000000000,0,0,3,8a4dc2f54ce705b0,0,1,0000000000000000,0000000000000000,0000000000000000,0,0
2529,2529,0,0000000,00,3,3,3,0000000000000000,0,0,3,8a4dc2f54ce705b0,0,1,0000000000000000,0000000000000000,0000000000000000,0,0
2530,2530,0,0000000,00,3,3,3,0000000000000000,0,0,3,8a4dc2f54ce705b0,0,1,0000000000000000,0000000000000000,0000000000000000,0,0
2531,2531,0,0000000,00,3,3,3,0000000000000000,0,0,3,8a4dc2f54ce705b0,0,1,0000000000000000,0000000000000000,0000000000000000,0,0
2532,2532,0,0000000,00,3,3,3,0000000000000000,0,0,3,8a4dc2f54ce705b0,0,1,0000000000000000,0000000000000000,0000000000000000,0,0
2533,2533,0,0000000,00,3,3,3,0000000000000000,0,0,3,8a4dc2f54ce705b0,0,1,0000000000000000,0000000000000000,0000000000000000,0,0
2534,2534,0,0000000,00,3,3,3,0000000000000000,0,0,3,8a4dc2f54ce705b0,0,1,0000000000000000,0000000000000000,0000000000000000,0,0
2535,2535,0,0000000,00,3,3,3,0000000000000000,0,0,3,8a4dc2f54ce705b0,0,1,0000000000000000,0000000000000000,0000000000000000,0,0
2536,2536,0,0000000,00,3,3,3,0000000000000000,0,0,3,8a4dc2f54ce705b0,0,1,0000000000000000,0000000000000000,0000000000000000,0,0
2537,2537,0,0000000,00,3,3,3,0000000000000000,0,0,3,8a4dc2f54ce705b0,0,1,0000000000000000,0000000000000000,0000000000000000,0,0
2538,2538,0,0000000,00,3,3,3,0000000000000000,0,0,3,8a4dc2f54ce705b0,0,1,0000000000000000,0000000000000000,0000000000000000,0,0
2539,2539,0,0000000,00,3,3,3,0000000000000000,0,0,3,8a4dc2f54ce705b0,0,1,0000000000000000,0000000000000000,0000000000000000,0,0
2540,2540,0,0000000,00,3,3,3,0000000000000000,0,0,3,8a4dc2f54ce705b0,0,1,0000000000000000,0000000000000000,0000000000000000,0,0
2541,2541,0,0000000,00,3,3,3,0000000000000000,0,0,3,8a4dc2f54ce705b0,0,1,0000000000000000,0000000000000000,0000000000000000,0,0
2542,2542,0,0000000,00,3,3,3,0000000000000000,0,0,3,8a4dc2f54ce705b0,0,1,0000000000000000,0000000000000000,0000000000000000,0,0
2543,2543,0,0000000,00,3,3,3,0000000000000000,0,0,3,8a4dc2f54ce705b0,0,1,0000000000000000,0000000000000000,0000000000000000,0,0
2544,2544,0,0000000,00,3,3,3,0000000000000000,0,0,3,8a4dc2f54ce705b0,0,1,0000000000000000,0000000000000000,0000000000000000,0,0
2545,2545,0,0000000,00,3,3,3,0000000000000000,0,0,3,8a4dc2f54ce705b0,0,1,0000000000000000,0000000000000000,0000000000000000,0,0
2546,2546,0,0000000,00,3,3,3,0000000000000000,0,0,3,8a4dc2f54ce705b0,0,1,0000000000000000,0000000000000000,0000000000000000,0,0
2547,2547,0,0000000,00,3,3,3,0000000000000000,0,0,3,8a4dc2f54ce705b0,0,1,0000000000000000,0000000000000000,0000000000000000,0,0
2548,2548,0,0000000,00,3,3,3,0000000000000000,0,0,3,8a4dc2f54ce705b0,0,1,0000000000000000,0000000000000000,0000000000000000,0,0
2549,2549,0,0000000,00,3,3,3,0000000000000000,0,0,3,8a4dc2f54ce705b0,0,1,0000000000000000,0000000000000000,0000000000000000,0,0
2550,2550,0,0000000,00,3,3,3,0000000000000000,0,0,3,8a4dc2f54ce705b0,0,1,0000000000000000,0000000000000000,0000000000000000,0,0
2551,2551,0,0000000,00,3,3,3,0000000000000000,0,0,3,8a4dc2f54ce705b0,0,1,0000000000000000,0000000000000000,0000000000000000,0,0
2552,2552,0,0000000,00,3,3,3,0000000000000000,0,0,3,8a4dc2f54ce705b0,0,1,0000000000000000,0000000000000000,0000000000000000,0,0
2553,2553,0,0000000,00,3,3,3,0000000000000000,0,0,3,8a4dc2f54ce705b0,0,1,0000000000000000,0000000000000000,0000000000000000,0,0
2554,2554,0,0000000,00,3,3,3,0000000000000000,0,0,3,8a4dc2f54ce705b0,0,1,0000000000000000,0000000000000000,0000000000000000,0,0
2555,2555,0,0000000,00,3,3,3,0000000000000000,0,0,3,8a4dc2f54ce705b0,0,1,0000000000000000,0000000000000000,0000000000000000,0,0
2556,2556,0,0000000,00,3,3,3,0000000000000000,0,0,3,8a4dc2f54ce705b0,0,1,0000000000000000,0000000000000000,0000000000000000,0,0
2557,2557,0,0000000,00,3,3,3,0000000000000000,0,0,3,8a4dc2f54ce705b0,0,1,0000000000000000,0000000000000000,0000000000000000,0,0
2558,2558,0,0000000,00,3,3,3,0000000000000000,0,0,3,8a4dc2f54ce705b0,0,1,0000000000000000,0000000000000000,0000000000000000,0,0
2559,2559,0,0000000,00,3,3,3,0000000000000000,0,0,3,8a4dc2f54ce705b0,0,1,0000000000000000,0000000000000000,0000000000000000,0,0
2560,2560,0,0000000,00,3,3,3,0000000000000000,0,0,3,8a4dc2f54ce705b0,0,1,0000000000000000,0000000000000000,0000000000000000,0,0
2561,2561,0,0000000,00,3,3,3,0000000000000000,0,0,3,8a4dc2f54ce705b0,0,1,0000000000000000,0000000000000000,0000000000000000,0,0
2562,2562,0,0000000,00,3,3,3,0000000000000000,0,0,3,8a4dc2f54ce705b0,0,1,0000000000000000,0000000000000000,0000000000000000,0,0
2563,2563,0,0000000,00,3,3,3,0000000000000000,0,0,3,8a4dc2f54ce705b0,0,1,0000000000000000,0000000000000000,0000000000000000,0,0
2564,2564,0,0000000,00,3,3,3,0000000000000000,0,0,3,8a4dc2f54ce705b0,0,1,0000000000000000,0000000000000000,0000000000000000,0,0
2565,2565,0,0000000,00,3,3,3,0000000000000000,0,0,3,8a4dc2f54ce705b0,0,1,0000000000000000,0000000000000000,0000000000000000,0,0
2566,2566,0,0000000,00,3,3,3,0000000000000000,0,0,3,8a4dc2f54ce705b0,0,1,0000000000000000,0000000000000000,0000000000000000,0,0
2567,2567,0,0000000,00,3,3,3,0000000000000000,0,0,3,8a4dc2f54ce705b0,0,1,0000000000000000,0000000000000000,0000000000000000,0,0
2568,2568,0,0000000,00,3,3,3,0000000000000000,0,0,3,8a4dc2f54ce705b0,0,1,0000000000000000,0000000000000000,0000000000000000,0,0
2569,2569,0,0000000,00,3,3,3,0000000000000000,0,0,3,8a4dc2f54ce705b0,0,1,0000000000000000,0000000000000000,0000000000000000,0,0
2570,2570,0,0000000,00,3,3,3,0000000000000000,0,0,3,8a4dc2f54ce705b0,0,1,0000000000000000,0000000000000000,0000000000000000,0,0
2571,2571,0,0000000,00,3,3,3,0000000000000000,0,0,3,8a4dc2f54ce705b0,0,1,0000000000000000,0000000000000000,0000000000000000,0,0
2572,2572,0,0000000,00,3,3,3,0000000000000000,0,0,3,8a4dc2f54ce705b0,0,1,0000000000000000,0000000000000000,0000000000000000,0,0
2573,2573,0,0000000,00,3,3,3,0000000000000000,0,0,3,8a4dc2f54ce705b0,0,1,0000000000000000,0000000000000000,0000000000000000,0,0
2574,2574,0,0000000,00,3,3,3,0000000000000000,0,0,3,8a4dc2f54ce705b0,0,1,0000000000000000,0000000000000000,0000000000000000,0,0
2575,2575,0,0000000,00,3,3,3,0000000000000000,0,0,3,8a4dc2f54ce705b0,0,1,0000000000000000,0000000000000000,0000000000000000,0,0
2576,2576,0,0000000,00,3,3,3,0000000000000000,0,0,3,8a4dc2f54ce705b0,0,1,0000000000000000,0000000000000000,0000000000000000,0,0
2577,2577,0,0000000,00,3,3,3,0000000000000000,0,0,3,8a4dc2f54ce705b0,0,1,0000000000000000,0000000000000000,0000000000000000,0,0
2578,2578,0,0000000,00,3,3,3,0000000000000000,0,0,3,8a4dc2f54ce705b0,0,1,0000000000000000,0000000000000000,0000000000000000,0,0
2579,2579,0,0000000,00,3,3,3,0000000000000000,0,0,3,8a4dc2f54ce705b0,0,1,0000000000000000,0000000000000000,0000000000000000,0,0
2580,2580,0,0000000,00,3,3,3,0000000000000000,0,0,3,8a4dc2f54ce705b0,0,1,0000000000000000,0000000000000000,0000000000000000,0,0
2581,2581,0,0000000,00,3,3,3,0000000000000000,0,0,3,8a4dc2f54ce705b0,0,1,0000000000000000,0000000000000000,0000000000000000,0,0
2582,2582,0,0000000,00,3,3,3,0000000000000000,0,0,3,8a4dc2f54ce705b0,0,1,0000000000000000,0000000000000000,0000000000000000,0,0
2583,2583,0,0000000,00,3,3,3,0000000000000000,0,0,3,8a4dc2f54ce705b0,0,1,0000000000000000,0000000000000000,0000000000000000,0,0
2584,2584,0,0000000,00,3,3,3,0000000000000000,0,0,3,8a4dc2f54ce705b0,0,1,0000000000000000,0000000000000000,0000000000000000,0,0
2585,2585,0,0000000,00,3,3,3,0000000000000000,0,0,3,8a4dc2f54ce705b0,0,1,0000000000000000,0000000000000000,0000000000000000,0,0
2586,2586,0,0000000,00,3,3,3,0000000000000000,0,0,3,8a4dc2f54ce705b0,0,1,0000000000000000,0000000000000000,0000000000000000,0,0
2587,2587,0,0000000,00,3,3,3,0000000000000000,0,0,3,8a4dc2f54ce705b0,0,1,0000000000000000,0000000000000000,0000000000000000,0,0
2588,2588,0,0000000,00,3,3,3,0000000000000000,0,0,3,8a4dc2f54ce705b0,0,1,0000000000000000,0000000000000000,0000000000000000,0,0
2589,2589,0,0000000,00,3,3,3,0000000000000000,0,0,3,8a4dc2f54ce705b0,0,1,0000000000000000,0000000000000000,0000000000000000,0,0
2590,2590,0,0000000,00,3,3,3,0000000000000000,0,0,3,8a4dc2f54ce705b0,0,1,0000000000000000,0000000000000000,0000000000000000,0,0
2591,2591,0,0000000,00,3,3,3,0000000000000000,0,0,3,8a4dc2f54ce705b0,0,1,0000000000000000,0000000000000000,0000000000000000,0,0
2592,2592,0,0000000,00,3,3,3,0000000000000000,0,0,3,8a4dc2f54ce705b0,0,1,0000000000000000,0000000000000000,0000000000000000,0,0
2593,2593,0,0000000,00,3,3,3,0000000000000000,0,0,3,8a4dc2f54ce705b0,0,1,0000000000000000,0000000000000000,0000000000000000,0,0
2594,2594,0,0000000,00,3,3,3,0000000000000000,0,0,3,8a4dc2f54ce705b0,0,1,0000000000000000,0000000000000000,0000000000000000,0,0
2595,2595,0,0000000,00,3,3,3,0000000000000000,0,0,3,8a4dc2f54ce705b0,0,1,0000000000000000,0000000000000000,0000000000000000,0,0
2596,2596,0,0000000,00,3,3,3,0000000000000000,0,0,3,8a4dc2f54ce705b0,0,1,0000000000000000,0000000000000000,0000000000000000,0,0
2597,2597,0,0000000,00,3,3,3,0000000000000000,0,0,3,8a4dc2f54ce705b0,0,1,0000000000000000,0000000000000000,0000000000000000,0,0
2598,2598,0,0000000,00,3,3,3,0000000000000000,0,0,3,8a4dc2f54ce705b0,0,1,0000000000000000,0000000000000000,0000000000000000,0,0
2599,2599,0,0000000,00,3,3,3,0000000000000000,0,0,3,8a4dc2f54ce705b0,0,1,0000000000000000,0000000000000000,0000000000000000,0,0
2600,2600,0,0000000,00,3,3,3,0000000000000000,0,0,3,8a4dc2f54ce705b0,0,1,0000000000000000,0000000000000000,0000000000000000,0,0
2601,2601,0,0000000,00,3,3,3,0000000000000000,0,0,3,8a4dc2f54ce705b0,0,1,0000000000000000,0000000000000000,0000000000000000,0,0
2602,2602,0,0000000,00,3,3,3,0000000000000000,0,0,3,8a4dc2f54ce705b0,0,1,0000000000000000,0000000000000000,0000000000000000,0,0
2603,2603,0,0000000,00,3,3,3,0000000000000000,0,0,3,8a4dc2f54ce705b0,0,1,0000000000000000,0000000000000000,0000000000000000,0,0
2604,2604,0,0000000,00,3,3,3,0000000000000000,0,0,3,8a4dc2f54ce705b0,0,1,0000000000000000,0000000000000000,0000000000000000,0,0
2605,2605,0,0000000,00,3,3,3,0000000000000000,0,0,3,8a4dc2f54ce705b0,0,1,0000000000000000,0000000000000000,0000000000000000,0,0
2606,2606,0,0000000,00,3,3,3,0000000000000000,0,0,3,8a4dc2f54ce705b0,0,1,0000000000000000,0000000000000000,0000000000000000,0,0
2607,2607,0,0000000,00,3,3,3,0000000000000000,0,0,3,8a4dc2f54ce705b0,0,1,0000000000000000,0000000000000000,0000000000000000,0,0
2608,2608,0,0000000,00,3,3,3,0000000000000000,0,0,3,8a4dc2f54ce705b0,0,1,0000000000000000,0000000000000000,0000000000000000,0,0
2609,2609,0,0000000,00,3,3,3,0000000000000000,0,0,3,8a4dc2f54ce705b0,0,1,0000000000000000,0000000000000000,0000000000000000,0,0
2610,2610,0,0000000,00,3,3,3,0000000000000000,0,0,3,8a4dc2f54ce705b0,0,1,0000000000000000,0000000000000000,0000000000000000,0,0
2611,2611,0,0000000,00,3,3,3,0000000000000000,0,0,3,8a4dc2f54ce705b0,0,1,0000000000000000,0000000000000000,0000000000000000,0,0
2612,2612,0,0000000,00,3,3,3,0000000000000000,0,0,3,8a4dc2f54ce705b0,0,1,0000000000000000,0000000000000000,0000000000000000,0,0
2613,2613,0,0000000,00,3,3,3,0000000000000000,0,0,3,8a4dc2f54ce705b0,0,1,0000000000000000,0000000000000000,0000000000000000,0,0
2614,2614,0,0000000,00,3,3,3,0000000000000000,0,0,3,8a4dc2f54ce705b0,0,1,0000000000000000,0000000000000000,0000000000000000,0,0
2615,2615,0,0000000,00,3,3,3,0000000000000000,0,0,3,8a4dc2f54ce705b0,0,1,0000000000000000,0000000000000000,0000000000000000,0,0
2616,2616,0,0000000,00,3,3,3,0000000000000000,0,0,3,8a4dc2f54ce705b0,0,1,0000000000000000,0000000000000000,0000000000000000,0,0
2617,2617,0,0000000,00,3,3,3,0000000000000000,0,0,3,8a4dc2f54ce705b0,0,1,0000000000000000,0000000000000000,0000000000000000,0,0
2618,2618,0,0000000,00,3,3,3,0000000000000000,0,0,3,8a4dc2f54ce705b0,0,1,0000000000000000,0000000000000000,0000000000000000,0,0
2619,2619,0,0000000,00,3,3,3,0000000000000000,0,0,3,8a4dc2f54ce705b0,0,1,0000000000000000,0000000000000000,0000000000000000,0,0
2620,2620,0,0000000,00,3,3,3,0000000000000000,0,0,3,8a4dc2f54ce705b0,0,1,0000000000000000,0000000000000000,0000000000000000,0,0
2621,2621,0,0000000,00,3,3,3,0000000000000000,0,0,3,8a4dc2f54ce705b0,0,1,0000000000000000,0000000000000000,0000000000000000,0,0
2622,2622,0,0000000,00,3,3,3,0000000000000000,0,0,3,8a4dc2f54ce705b0,0,1,0000000000000000,0000000000000000,0000000000000000,0,0
2623,2623,0,0000000,00,3,3,3,0000000000000000,0,0,3,8a4dc2f54ce705b0,0,1,0000000000000000,0000000000000000,0000000000000000,0,0
2624,2624,0,0000000,00,3,3,3,0000000000000000,0,0,3,8a4dc2f54ce705b0,0,1,0000000000000000,0000000000000000,0000000000000000,0,0
2625,2625,0,0000000,00,3,3,3,0000000000000000,0,0,3,8a4dc2f54ce705b0,0,1,0000000000000000,0000000000000000,0000000000000000,0,0
2626,2626,0,0000000,00,3,3,3,0000000000000000,0,0,3,8a4dc2f54ce705b0,0,1,0000000000000000,0000000000000000,0000000000000000,0,0
2627,2627,0,0000000,00,3,3,3,0000000000000000,0,0,3,8a4dc2f54ce705b0,0,1,0000000000000000,0000000000000000,0000000000000000,0,0
2628,2628,0,0000000,00,3,3,3,0000000000000000,0,0,3,8a4dc2f54ce705b0,0,1,0000000000000000,0000000000000000,0000000000000000,0,0
2629,2629,0,0000000,00,3,3,3,0000000000000000,0,0,3,8a4dc2f54ce705b0,0,1,0000000000000000,0000000000000000,0000000000000000,0,0
2630,2630,0,0000000,00,3,3,3,0000000000000000,0,0,3,8a4dc2f54ce705b0,0,1,0000000000000000,0000000000000000,0000000000000000,0,0
2631,2631,0,0000000,00,3,3,3,0000000000000000,0,0,3,8a4dc2f54ce705b0,0,1,0000000000000000,0000000000000000,0000000000000000,0,0
2632,2632,0,0000000,00,3,3,3,0000000000000000,0,0,3,8a4dc2f54ce705b0,0,1,0000000000000000,0000000000000000,0000000000000000,0,0
2633,2633,0,0000000,00,3,3,3,0000000000000000,0,0,3,8a4dc2f54ce705b0,0,1,0000000000000000,0000000000000000,0000000000000000,0,0
2634,2634,0,0000000,00,3,3,3,0000000000000000,0,0,3,8a4dc2f54ce705b0,0,1,0000000000000000,0000000000000000,0000000000000000,0,0
2635,2635,0,0000000,00,3,3,3,0000000000000000,0,0,3,8a4dc2f54ce705b0,0,1,0000000000000000,0000000000000000,0000000000000000,0,0
2636,2636,0,0000000,00,3,3,3,0000000000000000,0,0,3,8a4dc2f54ce705b0,0,1,0000000000000000,0000000000000000,0000000000000000,0,0
2637,2637,0,0000000,00,3,3,3,0000000000000000,0,0,3,8a4dc2f54ce705b0,0,1,0000000000000000,0000000000000000,0000000000000000,0,0
2638,2638,0,0000000,00,3,3,3,0000000000000000,0,0,3,8a4dc2f54ce705b0,0,1,0000000000000000,0000000000000000,0000000000000000,0,0
2639,2639,0,0000000,00,3,3,3,0000000000000000,0,0,3,8a4dc2f54ce705b0,0,1,0000000000000000,0000000000000000,0000000000000000,0,0
2640,2640,0,0000000,00,3,3,3,0000000000000000,0,0,3,8a4dc2f54ce705b0,0,1,0000000000000000,0000000000000000,0000000000000000,0,0
2641,2641,0,0000000,00,3,3,3,0000000000000000,0,0,3,8a4dc2f54ce705b0,0,1,0000000000000000,0000000000000000,0000000000000000,0,0
2642,2642,0,0000000,00,3,3,3,0000000000000000,0,0,3,8a4dc2f54ce705b0,0,1,0000000000000000,0000000000000000,0000000000000000,0,0
2643,2643,0,0000000,00,3,3,3,0000000000000000,0,0,3,8a4dc2f54ce705b0,0,1,0000000000000000,0000000000000000,0000000000000000,0,0
2644,2644,0,0000000,00,3,3,3,0000000000000000,0,0,3,8a4dc2f54ce705b0,0,1,0000000000000000,0000000000000000,0000000000000000,0,0
2645,2645,0,0000000,00,3,3,3,0000000000000000,0,0,3,8a4dc2f54ce705b0,0,1,0000000000000000,0000000000000000,0000000000000000,0,0
2646,2646,0,0000000,00,3,3,3,0000000000000000,0,0,3,8a4dc2f54ce705b0,0,1,0000000000000000,0000000000000000,0000000000000000,0,0
2647,2647,0,0000000,00,3,3,3,0000000000000000,0,0,3,8a4dc2f54ce705b0,0,1,0000000000000000,0000000000000000,0000000000000000,0,0
2648,2648,0,0000000,00,3,3,3,0000000000000000,0,0,3,8a4dc2f54ce705b0,0,1,0000000000000000,0000000000000000,0000000000000000,0,0
2649,2649,0,0000000,00,3,3,3,0000000000000000,0,0,3,8a4dc2f54ce705b0,0,1,0000000000000000,0000000000000000,0000000000000000,0,0
2650,2650,0,0000000,00,3,3,3,0000000000000000,0,0,3,8a4dc2f54ce705b0,0,1,0000000000000000,0000000000000000,0000000000000000,0,0
2651,2651,0,0000000,00,3,3,3,0000000000000000,0,0,3,8a4dc2f54ce705b0,0,1,0000000000000000,0000000000000000,0000000000000000,0,0
2652,2652,0,0000000,00,3,3,3,0000000000000000,0,0,3,8a4dc2f54ce705b0,0,1,0000000000000000,0000000000000000,0000000000000000,0,0
2653,2653,0,0000000,00,3,3,3,0000000000000000,0,0,3,8a4dc2f54ce705b0,0,1,0000000000000000,0000000000000000,0000000000000000,0,0
2654,2654,0,0000000,00,3,3,3,0000000000000000,0,0,3,8a4dc2f54ce705b0,0,1,0000000000000000,0000000000000000,0000000000000000,0,0
2655,2655,0,0000000,00,3,3,3,0000000000000000,0,0,3,8a4dc2f54ce705b0,0,1,0000000000000000,0000000000000000,0000000000000000,0,0
2656,2656,0,0000000,00,3,3,3,0000000000000000,0,0,3,8a4dc2f54ce705b0,0,1,0000000000000000,0000000000000000,0000000000000000,0,0
2657,2657,0,0000000,00,3,3,3,0000000000000000,0,0,3,8a4dc2f54ce705b0,0,1,0000000000000000,0000000000000000,0000000000000000,0,0
2658,2658,0,0000000,00,3,3,3,0000000000000000,0,0,3,8a4dc2f54ce705b0,0,1,0000000000000000,0000000000000000,0000000000000000,0,0
2659,2659,0,0000000,00,3,3,3,0000000000000000,0,0,3,8a4dc2f54ce705b0,0,1,0000000000000000,0000000000000000,0000000000000000,0,0
2660,2660,0,0000000,00,3,3,3,0000000000000000,0,0,3,8a4dc2f54ce705b0,0,1,0000000000000000,0000000000000000,0000000000000000,0,0
2661,2661,0,0000000,00,3,3,3,0000000000000000,0,0,3,8a4dc2f54ce705b0,0,1,0000000000000000,0000000000000000,0000000000000000,0,0
2662,2662,0,0000000,00,3,3,3,0000000000000000,0,0,3,8a4dc2f54ce705b0,0,1,0000000000000000,0000000000000000,0000000000000000,0,0
2663,2663,0,0000000,00,3,3,3,0000000000000000,0,0,3,8a4dc2f54ce705b0,0,1,0000000000000000,0000000000000000,0000000000000000,0,0
2664,2664,0,0000000,00,3,3,3,0000000000000000,0,0,3,8a4dc2f54ce705b0,0,1,0000000000000000,0000000000000000,0000000000000000,0,0
2665,2665,0,0000000,00,3,3,3,0000000000000000,0,0,3,8a4dc2f54ce705b0,0,1,0000000000000000,0000000000000000,0000000000000000,0,0
2666,2666,0,0000000,00,3,3,3,0000000000000000,0,0,3,8a4dc2f54ce705b0,0,1,0000000000000000,0000000000000000,0000000000000000,0,0
2667,2667,0,0000000,00,3,3,3,0000000000000000,0,0,3,8a4dc2f54ce705b0,0,1,0000000000000000,0000000000000000,0000000000000000,0,0
2668,2668,0,0000000,00,3,3,3,0000000000000000,0,0,3,8a4dc2f54ce705b0,0,1,0000000000000000,0000000000000000,0000000000000000,0,0
2669,2669,0,0000000,00,3,3,3,0000000000000000,0,0,3,8a4dc2f54ce705b0,0,1,0000000000000000,0000000000000000,0000000000000000,0,0
2670,2670,0,0000000,00,3,3,3,0000000000000000,0,0,3,8a4dc2f54ce705b0,0,1,0000000000000000,0000000000000000,0000000000000000,0,0
2671,2671,0,0000000,00,3,3,3,0000000000000000,0,0,3,8a4dc2f54ce705b0,0,1,0000000000000000,0000000000000000,0000000000000000,0,0
2672,2672,0,0000000,00,3,3,3,0000000000000000,0,0,3,8a4dc2f54ce705b0,0,1,0000000000000000,0000000000000000,0000000000000000,0,0
2673,2673,0,0000000,00,3,3,3,0000000000000000,0,0,3,8a4dc2f54ce705b0,0,1,0000000000000000,0000000000000000,0000000000000000,0,0
2674,2674,0,0000000,00,3,3,3,0000000000000000,0,0,3,8a4dc2f54ce705b0,0,1,0000000000000000,0000000000000000,0000000000000000,0,0
2675,2675,0,0000000,00,3,3,3,0000000000000000,0,0,3,8a4dc2f54ce705b0,0,1,0000000000000000,0000000000000000,0000000000000000,0,0
2676,2676,0,0000000,00,3,3,3,0000000000000000,0,0,3,8a4dc2f54ce705b0,0,1,0000000000000000,0000000000000000,0000000000000000,0,0
2677,2677,0,0000000,00,3,3,3,0000000000000000,0,0,3,8a4dc2f54ce705b0,0,1,0000000000000000,0000000000000000,0000000000000000,0,0
2678,2678,0,0000000,00,3,3,3,0000000000000000,0,0,3,8a4dc2f54ce705b0,0,1,0000000000000000,0000000000000000,0000000000000000,0,0
2679,2679,0,0000000,00,3,3,3,0000000000000000,0,0,3,8a4dc2f54ce705b0,0,1,0000000000000000,0000000000000000,0000000000000000,0,0
2680,2680,0,0000000,00,3,3,3,0000000000000000,0,0,3,8a4dc2f54ce705b0,0,1,0000000000000000,0000000000000000,0000000000000000,0,0
2681,2681,0,0000000,00,3,3,3,0000000000000000,0,0,3,8a4dc2f54ce705b0,0,1,0000000000000000,0000000000000000,0000000000000000,0,0
2682,2682,0,0000000,00,3,3,3,0000000000000000,0,0,3,8a4dc2f54ce705b0,0,1,0000000000000000,0000000000000000,0000000000000000,0,0
2683,2683,0,0000000,00,3,3,3,0000000000000000,0,0,3,8a4dc2f54ce705b0,0,1,0000000000000000,0000000000000000,0000000000000000,0,0
2684,2684,0,0000000,00,3,3,3,0000000000000000,0,0,3,8a4dc2f54ce705b0,0,1,0000000000000000,0000000000000000,0000000000000000,0,0
2685,2685,0,0000000,00,3,3,3,0000000000000000,0,0,3,8a4dc2f54ce705b0,0,1,0000000000000000,0000000000000000,0000000000000000,0,0
2686,2686,0,0000000,00,3,3,3,0000000000000000,0,0,3,8a4dc2f54ce705b0,0,1,0000000000000000,0000000000000000,0000000000000000,0,0
2687,2687,0,0000000,00,3,3,3,0000000000000000,0,0,3,8a4dc2f54ce705b0,0,1,0000000000000000,0000000000000000,0000000000000000,0,0
2688,2688,0,0000000,00,3,3,3,0000000000000000,0,0,3,8a4dc2f54ce705b0,0,1,0000000000000000,0000000000000000,0000000000000000,0,0
2689,2689,0,0000000,00,3,3,3,0000000000000000,0,0,3,8a4dc2f54ce705b0,0,1,0000000000000000,0000000000000000,0000000000000000,0,0
2690,2690,0,0000000,00,3,3,3,0000000000000000,0,0,3,8a4dc2f54ce705b0,0,1,0000000000000000,0000000000000000,0000000000000000,0,0
2691,2691,0,0000000,00,3,3,3,0000000000000000,0,0,3,8a4dc2f54ce705b0,0,1,0000000000000000,0000000000000000,0000000000000000,0,0
2692,2692,0,0000000,00,3,3,3,0000000000000000,0,0,3,8a4dc2f54ce705b0,0,1,0000000000000000,0000000000000000,0000000000000000,0,0
2693,2693,0,0000000,00,3,3,3,0000000000000000,0,0,3,8a4dc2f54ce705b0,0,1,0000000000000000,0000000000000000,0000000000000000,0,0
2694,2694,0,0000000,00,3,3,3,0000000000000000,0,0,3,8a4dc2f54ce705b0,0,1,0000000000000000,0000000000000000,0000000000000000,0,0
2695,2695,0,0000000,00,3,3,3,0000000000000000,0,0,3,8a4dc2f54ce705b0,0,1,0000000000000000,0000000000000000,0000000000000000,0,0
2696,2696,0,0000000,00,3,3,3,0000000000000000,0,0,3,8a4dc2f54ce705b0,0,1,0000000000000000,0000000000000000,0000000000000000,0,0
2697,2697,0,0000000,00,3,3,3,0000000000000000,0,0,3,8a4dc2f54ce705b0,0,1,0000000000000000,0000000000000000,0000000000000000,0,0
2698,2698,0,0000000,00,3,3,3,0000000000000000,0,0,3,8a4dc2f54ce705b0,0,1,0000000000000000,0000000000000000,0000000000000000,0,0
2699,2699,0,0000000,00,3,3,3,0000000000000000,0,0,3,8a4dc2f54ce705b0,0,1,0000000000000000,0000000000000000,0000000000000000,0,0
2700,2700,0,0000000,00,3,3,3,0000000000000000,0,0,3,8a4dc2f54ce705b0,0,1,0000000000000000,0000000000000000,0000000000000000,0,0
2701,2701,0,0000000,00,3,3,3,0000000000000000,0,0,3,8a4dc2f54ce705b0,0,1,0000000000000000,0000000000000000,0000000000000000,0,0
2702,2702,0,0000000,00,3,3,3,0000000000000000,0,0,3,8a4dc2f54ce705b0,0,1,0000000000000000,0000000000000000,0000000000000000,0,0
2703,2703,0,0000000,00,3,3,3,0000000000000000,0,0,3,8a4dc2f54ce705b0,0,1,0000000000000000,0000000000000000,0000000000000000,0,0
2704,2704,0,0000000,00,3,3,3,0000000000000000,0,0,3,8a4dc2f54ce705b0,0,1,0000000000000000,0000000000000000,0000000000000000,0,0
2705,2705,0,0000000,00,3,3,3,0000000000000000,0,0,3,8a4dc2f54ce705b0,0,1,0000000000000000,0000000000000000,0000000000000000,0,0
2706,2706,0,0000000,00,3,3,3,0000000000000000,0,0,3,8a4dc2f54ce705b0,0,1,0000000000000000,0000000000000000,0000000000000000,0,0
2707,2707,0,0000000,00,3,3,3,0000000000000000,0,0,3,8a4dc2f54ce705b0,0,1,0000000000000000,0000000000000000,0000000000000000,0,0
2708,2708,0,0000000,00,3,3,3,0000000000000000,0,0,3,8a4dc2f54ce705b0,0,1,0000000000000000,0000000000000000,0000000000000000,0,0
2709,2709,0,0000000,00,3,3,3,0000000000000000,0,0,3,8a4dc2f54ce705b0,0,1,0000000000000000,0000000000000000,0000000000000000,0,0
2710,2710,0,0000000,00,3,3,3,0000000000000000,0,0,3,8a4dc2f54ce705b0,0,1,0000000000000000,0000000000000000,0000000000000000,0,0
2711,2711,0,0000000,00,3,3,3,0000000000000000,0,0,3,8a4dc2f54ce705b0,0,1,0000000000000000,0000000000000000,0000000000000000,0,0
2712,2712,0,0000000,00,3,3,3,0000000000000000,0,0,3,8a4dc2f54ce705b0,0,1,0000000000000000,0000000000000000,0000000000000000,0,0
2713,2713,0,0000000,00,3,3,3,0000000000000000,0,0,3,8a4dc2f54ce705b0,0,1,0000000000000000,0000000000000000,0000000000000000,0,0
2714,2714,0,0000000,00,3,3,3,0000000000000000,0,0,3,8a4dc2f54ce705b0,0,1,0000000000000000,0000000000000000,0000000000000000,0,0
2715,2715,0,0000000,00,3,3,3,0000000000000000,0,0,3,8a4dc2f54ce705b0,0,1,0000000000000000,0000000000000000,0000000000000000,0,0
2716,2716,0,0000000,00,3,3,3,0000000000000000,0,0,3,8a4dc2f54ce705b0,0,1,0000000000000000,0000000000000000,0000000000000000,0,0
2717,2717,0,0000000,00,3,3,3,0000000000000000,0,0,3,8a4dc2f54ce705b0,0,1,0000000000000000,0000000000000000,0000000000000000,0,0
2718,2718,0,0000000,00,3,3,3,0000000000000000,0,0,3,8a4dc2f54ce705b0,0,1,0000000000000000,0000000000000000,0000000000000000,0,0
2719,2719,0,0000000,00,3,3,3,0000000000000000,0,0,3,8a4dc2f54ce705b0,0,1,0000000000000000,0000000000000000,0000000000000000,0,0
2720,2720,0,0000000,00,3,3,3,0000000000000000,0,0,3,8a4dc2f54ce705b0,0,1,0000000000000000,0000000000000000,0000000000000000,0,0
2721,2721,0,0000000,00,3,3,3,0000000000000000,0,0,3,8a4dc2f54ce705b0,0,1,0000000000000000,0000000000000000,0000000000000000,0,0
2722,2722,0,0000000,00,3,3,3,0000000000000000,0,0,3,8a4dc2f54ce705b0,0,1,0000000000000000,0000000000000000,0000000000000000,0,0
2723,2723,0,0000000,00,3,3,3,0000000000000000,0,0,3,8a4dc2f54ce705b0,0,1,0000000000000000,0000000000000000,0000000000000000,0,0
2724,2724,0,0000000,00,3,3,3,0000000000000000,0,0,3,8a4dc2f54ce705b0,0,1,0000000000000000,0000000000000000,0000000000000000,0,0
2725,2725,0,0000000,00,3,3,3,0000000000000000,0,0,3,8a4dc2f54ce705b0,0,1,0000000000000000,0000000000000000,0000000000000000,0,0
2726,2726,0,0000000,00,3,3,3,0000000000000000,0,0,3,8a4dc2f54ce705b0,0,1,0000000000000000,0000000000000000,0000000000000000,0,0
2727,2727,0,0000000,00,3,3,3,0000000000000000,0,0,3,8a4dc2f54ce705b0,0,1,0000000000000000,0000000000000000,0000000000000000,0,0
2728,2728,0,0000000,00,3,3,3,0000000000000000,0,0,3,8a4dc2f54ce705b0,0,1,0000000000000000,0000000000000000,0000000000000000,0,0
2729,2729,0,0000000,00,3,3,3,0000000000000000,0,0,3,8a4dc2f54ce705b0,0,1,0000000000000000,0000000000000000,0000000000000000,0,0
2730,2730,0,0000000,00,3,3,3,0000000000000000,0,0,3,8a4dc2f54ce705b0,0,1,0000000000000000,0000000000000000,0000000000000000,0,0
2731,2731,0,0000000,00,3,3,3,0000000000000000,0,0,3,8a4dc2f54ce705b0,0,1,0000000000000000,0000000000000000,0000000000000000,0,0
2732,2732,0,0000000,00,3,3,3,0000000000000000,0,0,3,8a4dc2f54ce705b0,0,1,0000000000000000,0000000000000000,0000000000000000,0,0
2733,2733,0,0000000,00,3,3,3,0000000000000000,0,0,3,8a4dc2f54ce705b0,0,1,0000000000000000,0000000000000000,0000000000000000,0,0
2734,2734,0,0000000,00,3,3,3,0000000000000000,0,0,3,8a4dc2f54ce705b0,0,1,0000000000000000,0000000000000000,0000000000000000,0,0
2735,2735,0,0000000,00,3,3,3,0000000000000000,0,0,3,8a4dc2f54ce705b0,0,1,0000000000000000,0000000000000000,0000000000000000,0,0
2736,2736,0,0000000,00,3,3,3,0000000000000000,0,0,3,8a4dc2f54ce705b0,0,1,0000000000000000,0000000000000000,0000000000000000,0,0
2737,2737,0,0000000,00,3,3,3,0000000000000000,0,0,3,8a4dc2f54ce705b0,0,1,0000000000000000,0000000000000000,0000000000000000,0,0
2738,2738,0,0000000,00,3,3,3,0000000000000000,0,0,3,8a4dc2f54ce705b0,0,1,0000000000000000,0000000000000000,0000000000000000,0,0
2739,2739,0,0000000,00,3,3,3,0000000000000000,0,0,3,8a4dc2f54ce705b0,0,1,0000000000000000,0000000000000000,0000000000000000,0,0
2740,2740,0,0000000,00,3,3,3,0000000000000000,0,0,3,8a4dc2f54ce705b0,0,1,0000000000000000,0000000000000000,0000000000000000,0,0
2741,2741,0,0000000,00,3,3,3,0000000000000000,0,0,3,8a4dc2f54ce705b0,0,1,0000000000000000,0000000000000000,0000000000000000,0,0
2742,2742,0,0000000,00,3,3,3,0000000000000000,0,0,3,8a4dc2f54ce705b0,0,1,0000000000000000,0000000000000000,0000000000000000,0,0
2743,2743,0,0000000,00,3,3,3,0000000000000000,0,0,3,8a4dc2f54ce705b0,0,1,0000000000000000,0000000000000000,0000000000000000,0,0
2744,2744,0,0000000,00,3,3,3,0000000000000000,0,0,3,8a4dc2f54ce705b0,0,1,0000000000000000,0000000000000000,0000000000000000,0,0
2745,2745,0,0000000,00,3,3,3,0000000000000000,0,0,3,8a4dc2f54ce705b0,0,1,0000000000000000,0000000000000000,0000000000000000,0,0
2746,2746,0,0000000,00,3,3,3,0000000000000000,0,0,3,8a4dc2f54ce705b0,0,1,0000000000000000,0000000000000000,0000000000000000,0,0
2747,2747,0,0000000,00,3,3,3,0000000000000000,0,0,3,8a4dc2f54ce705b0,0,1,0000000000000000,0000000000000000,0000000000000000,0,0
2748,2748,0,0000000,00,3,3,3,0000000000000000,0,0,3,8a4dc2f54ce705b0,0,1,0000000000000000,0000000000000000,0000000000000000,0,0
2749,2749,0,0000000,00,3,3,3,0000000000000000,0,0,3,8a4dc2f54ce705b0,0,1,0000000000000000,0000000000000000,0000000000000000,0,0
2750,2750,0,0000000,00,3,3,3,0000000000000000,0,0,3,8a4dc2f54ce705b0,0,1,0000000000000000,0000000000000000,0000000000000000,0,0
2751,2751,0,0000000,00,3,3,3,0000000000000000,0,0,3,8a4dc2f54ce705b0,0,1,0000000000000000,0000000000000000,0000000000000000,0,0
2752,2752,0,0000000,00,3,3,3,0000000000000000,0,0,3,8a4dc2f54ce705b0,0,1,0000000000000000,0000000000000000,0000000000000000,0,0
2753,2753,0,0000000,00,3,3,3,0000000000000000,0,0,3,8a4dc2f54ce705b0,0,1,0000000000000000,0000000000000000,0000000000000000,0,0
2754,2754,0,0000000,00,3,3,3,0000000000000000,0,0,3,8a4dc2f54ce705b0,0,1,0000000000000000,0000000000000000,0000000000000000,0,0
2755,2755,0,0000000,00,3,3,3,0000000000000000,0,0,3,8a4dc2f54ce705b0,0,1,0000000000000000,0000000000000000,0000000000000000,0,0
2756,2756,0,0000000,00,3,3,3,0000000000000000,0,0,3,8a4dc2f54ce705b0,0,1,0000000000000000,0000000000000000,0000000000000000,0,0
2757,2757,0,0000000,00,3,3,3,0000000000000000,0,0,3,8a4dc2f54ce705b0,0,1,0000000000000000,0000000000000000,0000000000000000,0,0
2758,2758,0,0000000,00,3,3,3,0000000000000000,0,0,3,8a4dc2f54ce705b0,0,1,0000000000000000,0000000000000000,0000000000000000,0,0
2759,2759,0,0000000,00,3,3,3,0000000000000000,0,0,3,8a4dc2f54ce705b0,0,1,0000000000000000,0000000000000000,0000000000000000,0,0
2760,2760,0,0000000,00,3,3,3,0000000000000000,0,0,3,8a4dc2f54ce705b0,0,1,0000000000000000,0000000000000000,0000000000000000,0,0
2761,2761,0,0000000,00,3,3,3,0000000000000000,0,0,3,8a4dc2f54ce705b0,0,1,0000000000000000,0000000000000000,0000000000000000,0,0
2762,2762,0,0000000,00,3,3,3,0000000000000000,0,0,3,8a4dc2f54ce705b0,0,1,0000000000000000,0000000000000000,0000000000000000,0,0
2763,2763,0,0000000,00,3,3,3,0000000000000000,0,0,3,8a4dc2f54ce705b0,0,1,0000000000000000,0000000000000000,0000000000000000,0,0
2764,2764,0,0000000,00,3,3,3,0000000000000000,0,0,3,8a4dc2f54ce705b0,0,1,0000000000000000,0000000000000000,0000000000000000,0,0
2765,2765,0,0000000,00,3,3,3,0000000000000000,0,0,3,8a4dc2f54ce705b0,0,1,0000000000000000,0000000000000000,0000000000000000,0,0
2766,2766,0,0000000,00,3,3,3,0000000000000000,0,0,3,8a4dc2f54ce705b0,0,1,0000000000000000,0000000000000000,0000000000000000,0,0
2767,2767,0,0000000,00,3,3,3,0000000000000000,0,0,3,8a4dc2f54ce705b0,0,1,0000000000000000,0000000000000000,0000000000000000,0,0
2768,2768,0,0000000,00,3,3,3,0000000000000000,0,0,3,8a4dc2f54ce705b0,0,1,0000000000000000,0000000000000000,0000000000000000,0,0
2769,2769,0,0000000,00,3,3,3,0000000000000000,0,0,3,8a4dc2f54ce705b0,0,1,0000000000000000,0000000000000000,0000000000000000,0,0
2770,2770,0,0000000,00,3,3,3,0000000000000000,0,0,3,8a4dc2f54ce705b0,0,1,0000000000000000,0000000000000000,0000000000000000,0,0
2771,2771,0,0000000,00,3,3,3,0000000000000000,0,0,3,8a4dc2f54ce705b0,0,1,0000000000000000,0000000000000000,0000000000000000,0,0
2772,2772,0,0000000,00,3,3,3,0000000000000000,0,0,3,8a4dc2f54ce705b0,0,1,0000000000000000,0000000000000000,0000000000000000,0,0
2773,2773,0,0000000,00,3,3,3,0000000000000000,0,0,3,8a4dc2f54ce705b0,0,1,0000000000000000,0000000000000000,0000000000000000,0,0
2774,2774,0,0000000,00,3,3,3,0000000000000000,0,0,3,8a4dc2f54ce705b0,0,1,0000000000000000,0000000000000000,0000000000000000,0,0
2775,2775,0,0000000,00,3,3,3,0000000000000000,0,0,3,8a4dc2f54ce705b0,0,1,0000000000000000,0000000000000000,0000000000000000,0,0
2776,2776,0,0000000,00,3,3,3,0000000000000000,0,0,3,8a4dc2f54ce705b0,0,1,0000000000000000,0000000000000000,0000000000000000,0,0
2777,2777,0,0000000,00,3,3,3,0000000000000000,0,0,3,8a4dc2f54ce705b0,0,1,0000000000000000,0000000000000000,0000000000000000,0,0
2778,2778,0,0000000,00,3,3,3,0000000000000000,0,0,3,8a4dc2f54ce705b0,0,1,0000000000000000,0000000000000000,0000000000000000,0,0
2779,2779,0,0000000,00,3,3,3,0000000000000000,0,0,3,8a4dc2f54ce705b0,0,1,0000000000000000,0000000000000000,0000000000000000,0,0
2780,2780,0,0000000,00,3,3,3,0000000000000000,0,0,3,8a4dc2f54ce705b0,0,1,0000000000000000,0000000000000000,0000000000000000,0,0
2781,2781,0,0000000,00,3,3,3,0000000000000000,0,0,3,8a4dc2f54ce705b0,0,1,0000000000000000,0000000000000000,0000000000000000,0,0
2782,2782,0,0000000,00,3,3,3,0000000000000000,0,0,3,8a4dc2f54ce705b0,0,1,0000000000000000,0000000000000000,0000000000000000,0,0
2783,2783,0,0000000,00,3,3,3,0000000000000000,0,0,3,8a4dc2f54ce705b0,0,1,0000000000000000,0000000000000000,0000000000000000,0,0
2784,2784,0,0000000,00,3,3,3,0000000000000000,0,0,3,8a4dc2f54ce705b0,0,1,0000000000000000,0000000000000000,0000000000000000,0,0
2785,2785,0,0000000,00,3,3,3,0000000000000000,0,0,3,8a4dc2f54ce705b0,0,1,0000000000000000,0000000000000000,0000000000000000,0,0
2786,2786,0,0000000,00,3,3,3,0000000000000000,0,0,3,8a4dc2f54ce705b0,0,1,0000000000000000,0000000000000000,0000000000000000,0,0
2787,2787,0,0000000,00,3,3,3,0000000000000000,0,0,3,8a4dc2f54ce705b0,0,1,0000000000000000,0000000000000000,0000000000000000,0,0
2788,2788,0,0000000,00,3,3,3,0000000000000000,0,0,3,8a4dc2f54ce705b0,0,1,0000000000000000,0000000000000000,0000000000000000,0,0
2789,2789,0,0000000,00,3,3,3,0000000000000000,0,0,3,8a4dc2f54ce705b0,0,1,0000000000000000,0000000000000000,0000000000000000,0,0
2790,2790,0,0000000,00,3,3,3,0000000000000000,0,0,3,8a4dc2f54ce705b0,0,1,0000000000000000,0000000000000000,0000000000000000,0,0
2791,2791,0,0000000,00,3,3,3,0000000000000000,0,0,3,8a4dc2f54ce705b0,0,1,0000000000000000,0000000000000000,0000000000000000,0,0
2792,2792,0,0000000,00,3,3,3,0000000000000000,0,0,3,8a4dc2f54ce705b0,0,1,0000000000000000,0000000000000000,0000000000000000,0,0
2793,2793,0,0000000,00,3,3,3,0000000000000000,0,0,3,8a4dc2f54ce705b0,0,1,0000000000000000,0000000000000000,0000000000000000,0,0
2794,2794,0,0000000,00,3,3,3,0000000000000000,0,0,3,8a4dc2f54ce705b0,0,1,0000000000000000,0000000000000000,0000000000000000,0,0
2795,2795,0,0000000,00,3,3,3,0000000000000000,0,0,3,8a4dc2f54ce705b0,0,1,0000000000000000,0000000000000000,0000000000000000,0,0
2796,2796,0,0000000,00,3,3,3,0000000000000000,0,0,3,8a4dc2f54ce705b0,0,1,0000000000000000,0000000000000000,0000000000000000,0,0
2797,2797,0,0000000,00,3,3,3,0000000000000000,0,0,3,8a4dc2f54ce705b0,0,1,0000000000000000,0000000000000000,0000000000000000,0,0
2798,2798,0,0000000,00,3,3,3,0000000000000000,0,0,3,8a4dc2f54ce705b0,0,1,0000000000000000,0000000000000000,0000000000000000,0,0
2799,2799,0,0000000,00,3,3,3,0000000000000000,0,0,3,8a4dc2f54ce705b0,0,1,0000000000000000,0000000000000000,0000000000000000,0,0
2800,2800,0,0000000,00,3,3,3,0000000000000000,0,0,3,8a4dc2f54ce705b0,0,1,0000000000000000,0000000000000000,0000000000000000,0,0
2801,2801,0,0000000,00,3,3,3,0000000000000000,0,0,3,8a4dc2f54ce705b0,0,1,0000000000000000,0000000000000000,0000000000000000,0,0
2802,2802,0,0000000,00,3,3,3,0000000000000000,0,0,3,8a4dc2f54ce705b0,0,1,0000000000000000,0000000000000000,0000000000000000,0,0
2803,2803,0,0000000,00,3,3,3,0000000000000000,0,0,3,8a4dc2f54ce705b0,0,1,0000000000000000,0000000000000000,0000000000000000,0,0
2804,2804,0,0000000,00,3,3,3,0000000000000000,0,0,3,8a4dc2f54ce705b0,0,1,0000000000000000,0000000000000000,0000000000000000,0,0
2805,2805,0,0000000,00,3,3,3,0000000000000000,0,0,3,8a4dc2f54ce705b0,0,1,0000000000000000,0000000000000000,0000000000000000,0,0
2806,2806,0,0000000,00,3,3,3,0000000000000000,0,0,3,8a4dc2f54ce705b0,0,1,0000000000000000,0000000000000000,0000000000000000,0,0
2807,2807,0,0000000,00,3,3,3,0000000000000000,0,0,3,8a4dc2f54ce705b0,0,1,0000000000000000,0000000000000000,0000000000000000,0,0
2808,2808,0,0000000,00,3,3,3,0000000000000000,0,0,3,8a4dc2f54ce705b0,0,1,0000000000000000,0000000000000000,0000000000000000,0,0
2809,2809,0,0000000,00,3,3,3,0000000000000000,0,0,3,8a4dc2f54ce705b0,0,1,0000000000000000,0000000000000000,0000000000000000,0,0
2810,2810,0,0000000,00,3,3,3,0000000000000000,0,0,3,8a4dc2f54ce705b0,0,1,0000000000000000,0000000000000000,0000000000000000,0,0
2811,2811,0,0000000,00,3,3,3,0000000000000000,0,0,3,8a4dc2f54ce705b0,0,1,0000000000000000,0000000000000000,0000000000000000,0,0
2812,2812,0,0000000,00,3,3,3,0000000000000000,0,0,3,8a4dc2f54ce705b0,0,1,0000000000000000,0000000000000000,0000000000000000,0,0
2813,2813,0,0000000,00,3,3,3,0000000000000000,0,0,3,8a4dc2f54ce705b0,0,1,0000000000000000,0000000000000000,0000000000000000,0,0
2814,2814,0,0000000,00,3,3,3,0000000000000000,0,0,3,8a4dc2f54ce705b0,0,1,0000000000000000,0000000000000000,0000000000000000,0,0
2815,2815,0,0000000,00,3,3,3,0000000000000000,0,0,3,8a4dc2f54ce705b0,0,1,0000000000000000,0000000000000000,0000000000000000,0,0
2816,2816,0,0000000,00,3,3,3,0000000000000000,0,0,3,8a4dc2f54ce705b0,0,1,0000000000000000,0000000000000000,0000000000000000,0,0
2817,2817,0,0000000,00,3,3,3,0000000000000000,0,0,3,8a4dc2f54ce705b0,0,1,0000000000000000,0000000000000000,0000000000000000,0,0
2818,2818,0,0000000,00,3,3,3,0000000000000000,0,0,3,8a4dc2f54ce705b0,0,1,0000000000000000,0000000000000000,0000000000000000,0,0
2819,2819,0,0000000,00,3,3,3,0000000000000000,0,0,3,8a4dc2f54ce705b0,0,1,0000000000000000,0000000000000000,0000000000000000,0,0
2820,2820,0,0000000,00,3,3,3,0000000000000000,0,0,3,8a4dc2f54ce705b0,0,1,0000000000000000,0000000000000000,0000000000000000,0,0
2821,2821,0,0000000,00,3,3,3,0000000000000000,0,0,3,8a4dc2f54ce705b0,0,1,0000000000000000,0000000000000000,0000000000000000,0,0
2822,2822,0,0000000,00,3,3,3,0000000000000000,0,0,3,8a4dc2f54ce705b0,0,1,0000000000000000,0000000000000000,0000000000000000,0,0
2823,2823,0,0000000,00,3,3,3,0000000000000000,0,0,3,8a4dc2f54ce705b0,0,1,0000000000000000,0000000000000000,0000000000000000,0,0
2824,2824,0,0000000,00,3,3,3,0000000000000000,0,0,3,8a4dc2f54ce705b0,0,1,0000000000000000,0000000000000000,0000000000000000,0,0
2825,2825,0,0000000,00,3,3,3,0000000000000000,0,0,3,8a4dc2f54ce705b0,0,1,0000000000000000,0000000000000000,0000000000000000,0,0
2826,2826,0,0000000,00,3,3,3,0000000000000000,0,0,3,8a4dc2f54ce705b0,0,1,0000000000000000,0000000000000000,0000000000000000,0,0
2827,2827,0,0000000,00,3,3,3,0000000000000000,0,0,3,8a4dc2f54ce705b0,0,1,0000000000000000,0000000000000000,0000000000000000,0,0
2828,2828,0,0000000,00,3,3,3,0000000000000000,0,0,3,8a4dc2f54ce705b0,0,1,0000000000000000,0000000000000000,0000000000000000,0,0
2829,2829,0,0000000,00,3,3,3,0000000000000000,0,0,3,8a4dc2f54ce705b0,0,1,0000000000000000,0000000000000000,0000000000000000,0,0
2830,2830,0,0000000,00,3,3,3,0000000000000000,0,0,3,8a4dc2f54ce705b0,0,1,0000000000000000,0000000000000000,0000000000000000,0,0
2831,2831,0,0000000,00,3,3,3,0000000000000000,0,0,3,8a4dc2f54ce705b0,0,1,0000000000000000,0000000000000000,0000000000000000,0,0
2832,2832,0,0000000,00,3,3,3,0000000000000000,0,0,3,8a4dc2f54ce705b0,0,1,0000000000000000,0000000000000000,0000000000000000,0,0
2833,2833,0,0000000,00,3,3,3,0000000000000000,0,0,3,8a4dc2f54ce705b0,0,1,0000000000000000,0000000000000000,0000000000000000,0,0
2834,2834,0,0000000,00,3,3,3,0000000000000000,0,0,3,8a4dc2f54ce705b0,0,1,0000000000000000,0000000000000000,0000000000000000,0,0
2835,2835,0,0000000,00,3,3,3,0000000000000000,0,0,3,8a4dc2f54ce705b0,0,1,0000000000000000,0000000000000000,0000000000000000,0,0
2836,2836,0,0000000,00,3,3,3,0000000000000000,0,0,3,8a4dc2f54ce705b0,0,1,0000000000000000,0000000000000000,0000000000000000,0,0
2837,2837,0,0000000,00,3,3,3,0000000000000000,0,0,3,8a4dc2f54ce705b0,0,1,0000000000000000,0000000000000000,0000000000000000,0,0
2838,2838,0,0000000,00,3,3,3,0000000000000000,0,0,3,8a4dc2f54ce705b0,0,1,0000000000000000,0000000000000000,0000000000000000,0,0
2839,2839,0,0000000,00,3,3,3,0000000000000000,0,0,3,8a4dc2f54ce705b0,0,1,0000000000000000,0000000000000000,0000000000000000,0,0
2840,2840,0,0000000,00,3,3,3,0000000000000000,0,0,3,8a4dc2f54ce705b0,0,1,0000000000000000,0000000000000000,0000000000000000,0,0
2841,2841,0,0000000,00,3,3,3,0000000000000000,0,0,3,8a4dc2f54ce705b0,0,1,0000000000000000,0000000000000000,0000000000000000,0,0
2842,2842,0,0000000,00,3,3,3,0000000000000000,0,0,3,8a4dc2f54ce705b0,0,1,0000000000000000,0000000000000000,0000000000000000,0,0
2843,2843,0,0000000,00,3,3,3,0000000000000000,0,0,3,8a4dc2f54ce705b0,0,1,0000000000000000,0000000000000000,0000000000000000,0,0
2844,2844,0,0000000,00,3,3,3,0000000000000000,0,0,3,8a4dc2f54ce705b0,0,1,0000000000000000,0000000000000000,0000000000000000,0,0
2845,2845,0,0000000,00,3,3,3,0000000000000000,0,0,3,8a4dc2f54ce705b0,0,1,0000000000000000,0000000000000000,0000000000000000,0,0
2846,2846,0,0000000,00,3,3,3,0000000000000000,0,0,3,8a4dc2f54ce705b0,0,1,0000000000000000,0000000000000000,0000000000000000,0,0
2847,2847,0,0000000,00,3,3,3,0000000000000000,0,0,3,8a4dc2f54ce705b0,0,1,0000000000000000,0000000000000000,0000000000000000,0,0
2848,2848,0,0000000,00,3,3,3,0000000000000000,0,0,3,8a4dc2f54ce705b0,0,1,0000000000000000,0000000000000000,0000000000000000,0,0
2849,2849,0,0000000,00,2,2,2,0000000000000000,0,0,3,8a4dc2f54ce705b0,0,1,0000000000000000,0000000000000000,0000000000000000,0,0
2850,2850,0,0000000,00,3,3,3,0000000000000000,0,0,3,8a4dc2f54ce705b0,0,1,0000000000000000,0000000000000000,0000000000000000,0,0
2851,2851,0,0000000,00,3,3,3,0000000000000000,0,0,3,8a4dc2f54ce705b0,0,1,0000000000000000,0000000000000000,0000000000000000,0,0
2852,2852,0,0000000,00,3,3,3,0000000000000000,0,0,3,8a4dc2f54ce705b0,0,1,0000000000000000,0000000000000000,0000000000000000,0,0
2853,2853,0,0000000,00,3,3,3,0000000000000000,0,0,3,8a4dc2f54ce705b0,0,1,0000000000000000,0000000000000000,0000000000000000,0,0
2854,2854,0,0000000,00,3,3,3,0000000000000000,0,0,3,8a4dc2f54ce705b0,0,1,0000000000000000,0000000000000000,0000000000000000,0,0
2855,2855,0,0000000,00,3,3,3,0000000000000000,0,0,3,8a4dc2f54ce705b0,0,1,0000000000000000,0000000000000000,0000000000000000,0,0
2856,2856,0,0000000,00,3,3,3,0000000000000000,0,0,3,8a4dc2f54ce705b0,0,1,0000000000000000,0000000000000000,0000000000000000,0,0
2857,2857,0,0000000,00,3,3,3,0000000000000000,0,0,3,8a4dc2f54ce705b0,0,1,0000000000000000,0000000000000000,0000000000000000,0,0
2858,2858,0,0000000,00,3,3,3,0000000000000000,0,0,3,8a4dc2f54ce705b0,0,1,0000000000000000,0000000000000000,0000000000000000,0,0
2859,2859,0,0000000,00,3,3,3,0000000000000000,0,0,3,8a4dc2f54ce705b0,0,1,0000000000000000,0000000000000000,0000000000000000,0,0
2860,2860,0,0000000,00,3,3,3,0000000000000000,0,0,3,8a4dc2f54ce705b0,0,1,0000000000000000,0000000000000000,0000000000000000,0,0
2861,2861,0,0000000,00,3,3,3,0000000000000000,0,0,3,8a4dc2f54ce705b0,0,1,0000000000000000,0000000000000000,0000000000000000,0,0
2862,2862,0,0000000,00,3,3,3,0000000000000000,0,0,3,8a4dc2f54ce705b0,0,1,0000000000000000,0000000000000000,0000000000000000,0,0
2863,2863,0,0000000,00,3,3,3,0000000000000000,0,0,3,8a4dc2f54ce705b0,0,1,0000000000000000,0000000000000000,0000000000000000,0,0
2864,2864,0,0000000,00,3,3,3,0000000000000000,0,0,3,8a4dc2f54ce705b0,0,1,0000000000000000,0000000000000000,0000000000000000,0,0
2865,2865,0,0000000,00,3,3,3,0000000000000000,0,0,3,8a4dc2f54ce705b0,0,1,0000000000000000,0000000000000000,0000000000000000,0,0
2866,2866,0,0000000,00,3,3,3,0000000000000000,0,0,3,8a4dc2f54ce705b0,0,1,0000000000000000,0000000000000000,0000000000000000,0,0
2867,2867,0,0000000,00,3,3,3,0000000000000000,0,0,3,8a4dc2f54ce705b0,0,1,0000000000000000,0000000000000000,0000000000000000,0,0
2868,2868,0,0000000,00,3,3,3,0000000000000000,0,0,3,8a4dc2f54ce705b0,0,1,0000000000000000,0000000000000000,0000000000000000,0,0
2869,2869,0,0000000,00,3,3,3,0000000000000000,0,0,3,8a4dc2f54ce705b0,0,1,0000000000000000,0000000000000000,0000000000000000,0,0
2870,2870,0,0000000,00,3,3,3,0000000000000000,0,0,3,8a4dc2f54ce705b0,0,1,0000000000000000,0000000000000000,0000000000000000,0,0
2871,2871,0,0000000,00,3,3,3,0000000000000000,0,0,3,8a4dc2f54ce705b0,0,1,0000000000000000,0000000000000000,0000000000000000,0,0
2872,2872,0,0000000,00,3,3,3,0000000000000000,0,0,3,8a4dc2f54ce705b0,0,1,0000000000000000,0000000000000000,0000000000000000,0,0
2873,2873,0,0000000,00,3,3,3,0000000000000000,0,0,3,8a4dc2f54ce705b0,0,1,0000000000000000,0000000000000000,0000000000000000,0,0
2874,2874,0,0000000,00,3,3,3,0000000000000000,0,0,3,8a4dc2f54ce705b0,0,1,0000000000000000,0000000000000000,0000000000000000,0,0
2875,2875,0,0000000,00,3,3,3,0000000000000000,0,0,3,8a4dc2f54ce705b0,0,1,0000000000000000,0000000000000000,0000000000000000,0,0
2876,2876,0,0000000,00,3,3,3,0000000000000000,0,0,3,8a4dc2f54ce705b0,0,1,0000000000000000,0000000000000000,0000000000000000,0,0
2877,2877,0,0000000,00,3,3,3,0000000000000000,0,0,3,8a4dc2f54ce705b0,0,1,0000000000000000,0000000000000000,0000000000000000,0,0
2878,2878,0,0000000,00,3,3,3,0000000000000000,0,0,3,8a4dc2f54ce705b0,0,1,0000000000000000,0000000000000000,0000000000000000,0,0
2879,2879,0,0000000,00,3,3,3,0000000000000000,0,0,3,8a4dc2f54ce705b0,0,1,0000000000000000,0000000000000000,0000000000000000,0,0
2880,2880,0,0000000,00,3,3,3,0000000000000000,0,0,3,8a4dc2f54ce705b0,0,1,0000000000000000,0000000000000000,0000000000000000,0,0
2881,2881,0,0000000,00,3,3,3,0000000000000000,0,0,3,8a4dc2f54ce705b0,0,1,0000000000000000,0000000000000000,0000000000000000,0,0
2882,2882,0,0000000,00,3,3,3,0000000000000000,0,0,3,8a4dc2f54ce705b0,0,1,0000000000000000,0000000000000000,0000000000000000,0,0
2883,2883,0,0000000,00,3,3,3,0000000000000000,0,0,3,8a4dc2f54ce705b0,0,1,0000000000000000,0000000000000000,0000000000000000,0,0
2884,2884,0,0000000,00,3,3,3,0000000000000000,0,0,3,8a4dc2f54ce705b0,0,1,0000000000000000,0000000000000000,0000000000000000,0,0
2885,2885,0,0000000,00,3,3,3,0000000000000000,0,0,3,8a4dc2f54ce705b0,0,1,0000000000000000,0000000000000000,0000000000000000,0,0
2886,2886,0,0000000,00,3,3,3,0000000000000000,0,0,3,8a4dc2f54ce705b0,0,1,0000000000000000,0000000000000000,0000000000000000,0,0
2887,2887,0,0000000,00,3,3,3,0000000000000000,0,0,3,8a4dc2f54ce705b0,0,1,0000000000000000,0000000000000000,0000000000000000,0,0
2888,2888,0,0000000,00,3,3,3,0000000000000000,0,0,3,8a4dc2f54ce705b0,0,1,0000000000000000,0000000000000000,0000000000000000,0,0
2889,2889,0,0000000,00,3,3,3,0000000000000000,0,0,3,8a4dc2f54ce705b0,0,1,0000000000000000,0000000000000000,0000000000000000,0,0
2890,2890,0,0000000,00,3,3,3,0000000000000000,0,0,3,8a4dc2f54ce705b0,0,1,0000000000000000,0000000000000000,0000000000000000,0,0
2891,2891,0,0000000,00,3,3,3,0000000000000000,0,0,3,8a4dc2f54ce705b0,0,1,0000000000000000,0000000000000000,0000000000000000,0,0
2892,2892,0,0000000,00,3,3,3,0000000000000000,0,0,3,8a4dc2f54ce705b0,0,1,0000000000000000,0000000000000000,0000000000000000,0,0
2893,2893,0,0000000,00,3,3,3,0000000000000000,0,0,3,8a4dc2f54ce705b0,0,1,0000000000000000,0000000000000000,0000000000000000,0,0
2894,2894,0,0000000,00,3,3,3,0000000000000000,0,0,3,8a4dc2f54ce705b0,0,1,0000000000000000,0000000000000000,0000000000000000,0,0
2895,2895,0,0000000,00,3,3,3,0000000000000000,0,0,3,8a4dc2f54ce705b0,0,1,0000000000000000,0000000000000000,0000000000000000,0,0
2896,2896,0,0000000,00,3,3,3,0000000000000000,0,0,3,8a4dc2f54ce705b0,0,1,0000000000000000,0000000000000000,0000000000000000,0,0
2897,2897,0,0000000,00,3,3,3,0000000000000000,0,0,3,8a4dc2f54ce705b0,0,1,0000000000000000,0000000000000000,0000000000000000,0,0
2898,2898,0,0000000,00,3,3,3,0000000000000000,0,0,3,8a4dc2f54ce705b0,0,1,0000000000000000,0000000000000000,0000000000000000,0,0
2899,2899,0,0000000,00,3,3,3,0000000000000000,0,0,3,8a4dc2f54ce705b0,0,1,0000000000000000,0000000000000000,0000000000000000,0,0
2900,2900,0,0000000,00,3,3,3,0000000000000000,0,0,3,8a4dc2f54ce705b0,0,1,0000000000000000,0000000000000000,0000000000000000,0,0
2901,2901,0,0000000,00,3,3,3,0000000000000000,0,0,3,8a4dc2f54ce705b0,0,1,0000000000000000,0000000000000000,0000000000000000,0,0
2902,2902,0,0000000,00,3,3,3,0000000000000000,0,0,3,8a4dc2f54ce705b0,0,1,0000000000000000,0000000000000000,0000000000000000,0,0
2903,2903,0,0000000,00,3,3,3,0000000000000000,0,0,3,8a4dc2f54ce705b0,0,1,0000000000000000,0000000000000000,0000000000000000,0,0
2904,2904,0,0000000,00,3,3,3,0000000000000000,0,0,3,8a4dc2f54ce705b0,0,1,0000000000000000,0000000000000000,0000000000000000,0,0
2905,2905,0,0000000,00,3,3,3,0000000000000000,0,0,3,8a4dc2f54ce705b0,0,1,0000000000000000,0000000000000000,0000000000000000,0,0
2906,2906,0,0000000,00,3,3,3,0000000000000000,0,0,3,8a4dc2f54ce705b0,0,1,0000000000000000,0000000000000000,0000000000000000,0,0
2907,2907,0,0000000,00,3,3,3,0000000000000000,0,0,3,8a4dc2f54ce705b0,0,1,0000000000000000,0000000000000000,0000000000000000,0,0
2908,2908,0,0000000,00,3,3,3,0000000000000000,0,0,3,8a4dc2f54ce705b0,0,1,0000000000000000,0000000000000000,0000000000000000,0,0
2909,2909,0,0000000,00,3,3,3,0000000000000000,0,0,3,8a4dc2f54ce705b0,0,1,0000000000000000,0000000000000000,0000000000000000,0,0
2910,2910,0,0000000,00,3,3,3,0000000000000000,0,0,3,8a4dc2f54ce705b0,0,1,0000000000000000,0000000000000000,0000000000000000,0,0
2911,2911,0,0000000,00,3,3,3,0000000000000000,0,0,3,8a4dc2f54ce705b0,0,1,0000000000000000,0000000000000000,0000000000000000,0,0
2912,2912,0,0000000,00,3,3,3,0000000000000000,0,0,3,8a4dc2f54ce705b0,0,1,0000000000000000,0000000000000000,0000000000000000,0,0
2913,2913,0,0000000,00,3,3,3,0000000000000000,0,0,3,8a4dc2f54ce705b0,0,1,0000000000000000,0000000000000000,0000000000000000,0,0
2914,2914,0,0000000,00,3,3,3,0000000000000000,0,0,3,8a4dc2f54ce705b0,0,1,0000000000000000,0000000000000000,0000000000000000,0,0
2915,2915,0,0000000,00,3,3,3,0000000000000000,0,0,3,8a4dc2f54ce705b0,0,1,0000000000000000,0000000000000000,0000000000000000,0,0
2916,2916,0,0000000,00,3,3,3,0000000000000000,0,0,3,8a4dc2f54ce705b0,0,1,0000000000000000,0000000000000000,0000000000000000,0,0
2917,2917,0,0000000,00,3,3,3,0000000000000000,0,0,3,8a4dc2f54ce705b0,0,1,0000000000000000,0000000000000000,0000000000000000,0,0
2918,2918,0,0000000,00,3,3,3,0000000000000000,0,0,3,8a4dc2f54ce705b0,0,1,0000000000000000,0000000000000000,0000000000000000,0,0
2919,2919,0,0000000,00,3,3,3,0000000000000000,0,0,3,8a4dc2f54ce705b0,0,1,0000000000000000,0000000000000000,0000000000000000,0,0
2920,2920,0,0000000,00,3,3,3,0000000000000000,0,0,3,8a4dc2f54ce705b0,0,1,0000000000000000,0000000000000000,0000000000000000,0,0
2921,2921,0,0000000,00,3,3,3,0000000000000000,0,0,3,8a4dc2f54ce705b0,0,1,0000000000000000,0000000000000000,0000000000000000,0,0
2922,2922,0,0000000,00,3,3,3,0000000000000000,0,0,3,8a4dc2f54ce705b0,0,1,0000000000000000,0000000000000000,0000000000000000,0,0
2923,2923,0,0000000,00,3,3,3,0000000000000000,0,0,3,8a4dc2f54ce705b0,0,1,0000000000000000,0000000000000000,0000000000000000,0,0
2924,2924,0,0000000,00,3,3,3,0000000000000000,0,0,3,8a4dc2f54ce705b0,0,1,0000000000000000,0000000000000000,0000000000000000,0,0
2925,2925,0,0000000,00,3,3,3,0000000000000000,0,0,3,8a4dc2f54ce705b0,0,1,0000000000000000,0000000000000000,0000000000000000,0,0
2926,2926,0,0000000,00,3,3,3,0000000000000000,0,0,3,8a4dc2f54ce705b0,0,1,0000000000000000,0000000000000000,0000000000000000,0,0
2927,2927,0,0000000,00,3,3,3,0000000000000000,0,0,3,8a4dc2f54ce705b0,0,1,0000000000000000,0000000000000000,0000000000000000,0,0
2928,2928,0,0000000,00,3,3,3,0000000000000000,0,0,3,8a4dc2f54ce705b0,0,1,0000000000000000,0000000000000000,0000000000000000,0,0
2929,2929,0,0000000,00,3,3,3,0000000000000000,0,0,3,8a4dc2f54ce705b0,0,1,0000000000000000,0000000000000000,0000000000000000,0,0
2930,2930,0,0000000,00,3,3,3,0000000000000000,0,0,3,8a4dc2f54ce705b0,0,1,0000000000000000,0000000000000000,0000000000000000,0,0
2931,2931,0,0000000,00,3,3,3,0000000000000000,0,0,3,8a4dc2f54ce705b0,0,1,0000000000000000,0000000000000000,0000000000000000,0,0
2932,2932,0,0000000,00,3,3,3,0000000000000000,0,0,3,8a4dc2f54ce705b0,0,1,0000000000000000,0000000000000000,0000000000000000,0,0
2933,2933,0,0000000,00,3,3,3,0000000000000000,0,0,3,8a4dc2f54ce705b0,0,1,0000000000000000,0000000000000000,0000000000000000,0,0
2934,2934,0,0000000,00,3,3,3,0000000000000000,0,0,3,8a4dc2f54ce705b0,0,1,0000000000000000,0000000000000000,0000000000000000,0,0
2935,2935,0,0000000,00,3,3,3,0000000000000000,0,0,3,8a4dc2f54ce705b0,0,1,0000000000000000,0000000000000000,0000000000000000,0,0
2936,2936,0,0000000,00,3,3,3,0000000000000000,0,0,3,8a4dc2f54ce705b0,0,1,0000000000000000,0000000000000000,0000000000000000,0,0
2937,2937,0,0000000,00,3,3,3,0000000000000000,0,0,3,8a4dc2f54ce705b0,0,1,0000000000000000,0000000000000000,0000000000000000,0,0
2938,2938,0,0000000,00,3,3,3,0000000000000000,0,0,3,8a4dc2f54ce705b0,0,1,0000000000000000,0000000000000000,0000000000000000,0,0
2939,2939,0,0000000,00,3,3,3,0000000000000000,0,0,3,8a4dc2f54ce705b0,0,1,0000000000000000,0000000000000000,0000000000000000,0,0
2940,2940,0,0000000,00,3,3,3,0000000000000000,0,0,3,8a4dc2f54ce705b0,0,1,0000000000000000,0000000000000000,0000000000000000,0,0
2941,2941,0,0000000,00,3,3,3,0000000000000000,0,0,3,8a4dc2f54ce705b0,0,1,0000000000000000,0000000000000000,0000000000000000,0,0
2942,2942,0,0000000,00,3,3,3,0000000000000000,0,0,3,8a4dc2f54ce705b0,0,1,0000000000000000,0000000000000000,0000000000000000,0,0
2943,2943,0,0000000,00,3,3,3,0000000000000000,0,0,3,8a4dc2f54ce705b0,0,1,0000000000000000,0000000000000000,0000000000000000,0,0
2944,2944,0,0000000,00,3,3,3,0000000000000000,0,0,3,8a4dc2f54ce705b0,0,1,0000000000000000,0000000000000000,0000000000000000,0,0
2945,2945,0,0000000,00,3,3,3,0000000000000000,0,0,3,8a4dc2f54ce705b0,0,1,0000000000000000,0000000000000000,0000000000000000,0,0
2946,2946,0,0000000,00,3,3,3,0000000000000000,0,0,3,8a4dc2f54ce705b0,0,1,0000000000000000,0000000000000000,0000000000000000,0,0
2947,2947,0,0000000,00,3,3,3,0000000000000000,0,0,3,8a4dc2f54ce705b0,0,1,0000000000000000,0000000000000000,0000000000000000,0,0
2948,2948,0,0000000,00,3,3,3,0000000000000000,0,0,3,8a4dc2f54ce705b0,0,1,0000000000000000,0000000000000000,0000000000000000,0,0
2949,2949,0,0000000,00,3,3,3,0000000000000000,0,0,3,8a4dc2f54ce705b0,0,1,0000000000000000,0000000000000000,0000000000000000,0,0
2950,2950,0,0000000,00,3,3,3,0000000000000000,0,0,3,8a4dc2f54ce705b0,0,1,0000000000000000,0000000000000000,0000000000000000,0,0
2951,2951,0,0000000,00,3,3,3,0000000000000000,0,0,3,8a4dc2f54ce705b0,0,1,0000000000000000,0000000000000000,0000000000000000,0,0
2952,2952,0,0000000,00,3,3,3,0000000000000000,0,0,3,8a4dc2f54ce705b0,0,1,0000000000000000,0000000000000000,0000000000000000,0,0
2953,2953,0,0000000,00,3,3,3,0000000000000000,0,0,3,8a4dc2f54ce705b0,0,1,0000000000000000,0000000000000000,0000000000000000,0,0
2954,2954,0,0000000,00,3,3,3,0000000000000000,0,0,3,8a4dc2f54ce705b0,0,1,0000000000000000,0000000000000000,0000000000000000,0,0
2955,2955,0,0000000,00,3,3,3,0000000000000000,0,0,3,8a4dc2f54ce705b0,0,1,0000000000000000,0000000000000000,0000000000000000,0,0
2956,2956,0,0000000,00,3,3,3,0000000000000000,0,0,3,8a4dc2f54ce705b0,0,1,0000000000000000,0000000000000000,0000000000000000,0,0
2957,2957,0,0000000,00,3,3,3,0000000000000000,0,0,3,8a4dc2f54ce705b0,0,1,0000000000000000,0000000000000000,0000000000000000,0,0
2958,2958,0,0000000,00,3,3,3,0000000000000000,0,0,3,8a4dc2f54ce705b0,0,1,0000000000000000,0000000000000000,0000000000000000,0,0
2959,2959,0,0000000,00,3,3,3,0000000000000000,0,0,3,8a4dc2f54ce705b0,0,1,0000000000000000,0000000000000000,0000000000000000,0,0
2960,2960,0,0000000,00,3,3,3,0000000000000000,0,0,3,8a4dc2f54ce705b0,0,1,0000000000000000,0000000000000000,0000000000000000,0,0
2961,2961,0,0000000,00,3,3,3,0000000000000000,0,0,3,8a4dc2f54ce705b0,0,1,0000000000000000,0000000000000000,0000000000000000,0,0
2962,2962,0,0000000,00,3,3,3,0000000000000000,0,0,3,8a4dc2f54ce705b0,0,1,0000000000000000,0000000000000000,0000000000000000,0,0
2963,2963,0,0000000,00,3,3,3,0000000000000000,0,0,3,8a4dc2f54ce705b0,0,1,0000000000000000,0000000000000000,0000000000000000,0,0
2964,2964,0,0000000,00,3,3,3,0000000000000000,0,0,3,8a4dc2f54ce705b0,0,1,0000000000000000,0000000000000000,0000000000000000,0,0
2965,2965,0,0000000,00,3,3,3,0000000000000000,0,0,3,8a4dc2f54ce705b0,0,1,0000000000000000,0000000000000000,0000000000000000,0,0
2966,2966,0,0000000,00,3,3,3,0000000000000000,0,0,3,8a4dc2f54ce705b0,0,1,0000000000000000,0000000000000000,0000000000000000,0,0
2967,2967,0,0000000,00,3,3,3,0000000000000000,0,0,3,8a4dc2f54ce705b0,0,1,0000000000000000,0000000000000000,0000000000000000,0,0
2968,2968,0,0000000,00,3,3,3,0000000000000000,0,0,3,8a4dc2f54ce705b0,0,1,0000000000000000,0000000000000000,0000000000000000,0,0
2969,2969,0,0000000,00,3,3,3,0000000000000000,0,0,3,8a4dc2f54ce705b0,0,1,0000000000000000,0000000000000000,0000000000000000,0,0
2970,2970,0,0000000,00,3,3,3,0000000000000000,0,0,3,8a4dc2f54ce705b0,0,1,0000000000000000,0000000000000000,0000000000000000,0,0
2971,2971,0,0000000,00,3,3,3,0000000000000000,0,0,3,8a4dc2f54ce705b0,0,1,0000000000000000,0000000000000000,0000000000000000,0,0
2972,2972,0,0000000,00,3,3,3,0000000000000000,0,0,3,8a4dc2f54ce705b0,0,1,0000000000000000,0000000000000000,0000000000000000,0,0
2973,2973,0,0000000,00,3,3,3,0000000000000000,0,0,3,8a4dc2f54ce705b0,0,1,0000000000000000,0000000000000000,0000000000000000,0,0
2974,2974,0,0000000,00,3,3,3,0000000000000000,0,0,3,8a4dc2f54ce705b0,0,1,0000000000000000,0000000000000000,0000000000000000,0,0
2975,2975,0,0000000,00,3,3,3,0000000000000000,0,0,3,8a4dc2f54ce705b0,0,1,0000000000000000,0000000000000000,0000000000000000,0,0
2976,2976,0,0000000,00,3,3,3,0000000000000000,0,0,3,8a4dc2f54ce705b0,0,1,0000000000000000,0000000000000000,0000000000000000,0,0
2977,2977,0,0000000,00,3,3,3,0000000000000000,0,0,3,8a4dc2f54ce705b0,0,1,0000000000000000,0000000000000000,0000000000000000,0,0
2978,2978,0,0000000,00,3,3,3,0000000000000000,0,0,3,8a4dc2f54ce705b0,0,1,0000000000000000,0000000000000000,0000000000000000,0,0
2979,2979,0,0000000,00,3,3,3,0000000000000000,0,0,3,8a4dc2f54ce705b0,0,1,0000000000000000,0000000000000000,0000000000000000,0,0
2980,2980,0,0000000,00,3,3,3,0000000000000000,0,0,3,8a4dc2f54ce705b0,0,1,0000000000000000,0000000000000000,0000000000000000,0,0
2981,2981,0,0000000,00,3,3,3,0000000000000000,0,0,3,8a4dc2f54ce705b0,0,1,0000000000000000,0000000000000000,0000000000000000,0,0
2982,2982,0,0000000,00,3,3,3,0000000000000000,0,0,3,8a4dc2f54ce705b0,0,1,0000000000000000,0000000000000000,0000000000000000,0,0
2983,2983,0,0000000,00,3,3,3,0000000000000000,0,0,3,8a4dc2f54ce705b0,0,1,0000000000000000,0000000000000000,0000000000000000,0,0
2984,2984,0,0000000,00,3,3,3,0000000000000000,0,0,3,8a4dc2f54ce705b0,0,1,0000000000000000,0000000000000000,0000000000000000,0,0
2985,2985,0,0000000,00,3,3,3,0000000000000000,0,0,3,8a4dc2f54ce705b0,0,1,0000000000000000,0000000000000000,0000000000000000,0,0
2986,2986,0,0000000,00,3,3,3,0000000000000000,0,0,3,8a4dc2f54ce705b0,0,1,0000000000000000,0000000000000000,0000000000000000,0,0
2987,2987,0,0000000,00,3,3,3,0000000000000000,0,0,3,8a4dc2f54ce705b0,0,1,0000000000000000,0000000000000000,0000000000000000,0,0
2988,2988,0,0000000,00,3,3,3,0000000000000000,0,0,3,8a4dc2f54ce705b0,0,1,0000000000000000,0000000000000000,0000000000000000,0,0
2989,2989,0,0000000,00,3,3,3,0000000000000000,0,0,3,8a4dc2f54ce705b0,0,1,0000000000000000,0000000000000000,0000000000000000,0,0
2990,2990,0,0000000,00,3,3,3,0000000000000000,0,0,3,8a4dc2f54ce705b0,0,1,0000000000000000,0000000000000000,0000000000000000,0,0
2991,2991,0,0000000,00,3,3,3,0000000000000000,0,0,3,8a4dc2f54ce705b0,0,1,0000000000000000,0000000000000000,0000000000000000,0,0
2992,2992,0,0000000,00,3,3,3,0000000000000000,0,0,3,8a4dc2f54ce705b0,0,1,0000000000000000,0000000000000000,0000000000000000,0,0
2993,2993,0,0000000,00,3,3,3,0000000000000000,0,0,3,8a4dc2f54ce705b0,0,1,0000000000000000,0000000000000000,0000000000000000,0,0
2994,2994,0,0000000,00,3,3,3,0000000000000000,0,0,3,8a4dc2f54ce705b0,0,1,0000000000000000,0000000000000000,0000000000000000,0,0
2995,2995,0,0000000,00,3,3,3,0000000000000000,0,0,3,8a4dc2f54ce705b0,0,1,0000000000000000,0000000000000000,0000000000000000,0,0
2996,2996,0,0000000,00,3,3,3,0000000000000000,0,0,3,8a4dc2f54ce705b0,0,1,0000000000000000,0000000000000000,0000000000000000,0,0
2997,2997,0,0000000,00,3,3,3,0000000000000000,0,0,3,8a4dc2f54ce705b0,0,1,0000000000000000,0000000000000000,0000000000000000,0,0
2998,2998,0,0000000,00,3,3,3,0000000000000000,0,0,3,8a4dc2f54ce705b0,0,1,0000000000000000,0000000000000000,0000000000000000,0,0
2999,2999,0,0000000,00,3,3,3,0000000000000000,0,0,3,8a4dc2f54ce705b0,0,1,0000000000000000,0000000000000000,0000000000000000,0,0
3000,3000,0,0000000,00,3,3,3,0000000000000000,0,0,3,8a4dc2f54ce705b0,0,1,0000000000000000,0000000000000000,0000000000000000,0,0
3001,3001,0,0000000,00,3,3,3,0000000000000000,0,0,3,8a4dc2f54ce705b0,0,1,0000000000000000,0000000000000000,0000000000000000,0,0
3002,3002,0,0000000,00,3,3,3,0000000000000000,0,0,3,8a4dc2f54ce705b0,0,1,0000000000000000,0000000000000000,0000000000000000,0,0
3003,3003,0,0000000,00,3,3,3,0000000000000000,0,0,3,8a4dc2f54ce705b0,0,1,0000000000000000,0000000000000000,0000000000000000,0,0
3004,3004,0,0000000,00,3,3,3,0000000000000000,0,0,3,8a4dc2f54ce705b0,0,1,0000000000000000,0000000000000000,0000000000000000,0,0
3005,3005,0,0000000,00,3,3,3,0000000000000000,0,0,3,8a4dc2f54ce705b0,0,1,0000000000000000,0000000000000000,0000000000000000,0,0
3006,3006,0,0000000,00,3,3,3,0000000000000000,0,0,3,8a4dc2f54ce705b0,0,1,0000000000000000,0000000000000000,0000000000000000,0,0
3007,3007,0,0000000,00,3,3,3,0000000000000000,0,0,3,8a4dc2f54ce705b0,0,1,0000000000000000,0000000000000000,0000000000000000,0,0
3008,3008,0,0000000,00,3,3,3,0000000000000000,0,0,3,8a4dc2f54ce705b0,0,1,0000000000000000,0000000000000000,0000000000000000,0,0
3009,3009,0,0000000,00,3,3,3,0000000000000000,0,0,3,8a4dc2f54ce705b0,0,1,0000000000000000,0000000000000000,0000000000000000,0,0
3010,3010,0,0000000,00,3,3,3,0000000000000000,0,0,3,8a4dc2f54ce705b0,0,1,0000000000000000,0000000000000000,0000000000000000,0,0
3011,3011,0,0000000,00,3,3,3,0000000000000000,0,0,3,8a4dc2f54ce705b0,0,1,0000000000000000,0000000000000000,0000000000000000,0,0
3012,3012,0,0000000,00,3,3,3,0000000000000000,0,0,3,8a4dc2f54ce705b0,0,1,0000000000000000,0000000000000000,0000000000000000,0,0
3013,3013,0,0000000,00,3,3,3,0000000000000000,0,0,3,8a4dc2f54ce705b0,0,1,0000000000000000,0000000000000000,0000000000000000,0,0
3014,3014,0,0000000,00,3,3,3,0000000000000000,0,0,3,8a4dc2f54ce705b0,0,1,0000000000000000,0000000000000000,0000000000000000,0,0
3015,3015,0,0000000,00,3,3,3,0000000000000000,0,0,3,8a4dc2f54ce705b0,0,1,0000000000000000,0000000000000000,0000000000000000,0,0
3016,3016,0,0000000,00,3,3,3,0000000000000000,0,0,3,8a4dc2f54ce705b0,0,1,0000000000000000,0000000000000000,0000000000000000,0,0
3017,3017,0,0000000,00,3,3,3,0000000000000000,0,0,3,8a4dc2f54ce705b0,0,1,0000000000000000,0000000000000000,0000000000000000,0,0
3018,3018,0,0000000,00,3,3,3,0000000000000000,0,0,3,8a4dc2f54ce705b0,0,1,0000000000000000,0000000000000000,0000000000000000,0,0
3019,3019,0,0000000,00,3,3,3,0000000000000000,0,0,3,8a4dc2f54ce705b0,0,1,0000000000000000,0000000000000000,0000000000000000,0,0
3020,3020,0,0000000,00,3,3,3,0000000000000000,0,0,3,8a4dc2f54ce705b0,0,1,0000000000000000,0000000000000000,0000000000000000,0,0
3021,3021,0,0000000,00,3,3,3,0000000000000000,0,0,3,8a4dc2f54ce705b0,0,1,0000000000000000,0000000000000000,0000000000000000,0,0
3022,3022,0,0000000,00,3,3,3,0000000000000000,0,0,3,8a4dc2f54ce705b0,0,1,0000000000000000,0000000000000000,0000000000000000,0,0
3023,3023,0,0000000,00,3,3,3,0000000000000000,0,0,3,8a4dc2f54ce705b0,0,1,0000000000000000,0000000000000000,0000000000000000,0,0
3024,3024,0,0000000,00,3,3,3,0000000000000000,0,0,3,8a4dc2f54ce705b0,0,1,0000000000000000,0000000000000000,0000000000000000,0,0
3025,3025,0,0000000,00,3,3,3,0000000000000000,0,0,3,8a4dc2f54ce705b0,0,1,0000000000000000,0000000000000000,0000000000000000,0,0
3026,3026,0,0000000,00,3,3,3,0000000000000000,0,0,3,8a4dc2f54ce705b0,0,1,0000000000000000,0000000000000000,0000000000000000,0,0
3027,3027,0,0000000,00,3,3,3,0000000000000000,0,0,3,8a4dc2f54ce705b0,0,1,0000000000000000,0000000000000000,0000000000000000,0,0
3028,3028,0,0000000,00,3,3,3,0000000000000000,0,0,3,8a4dc2f54ce705b0,0,1,0000000000000000,0000000000000000,0000000000000000,0,0
3029,3029,0,0000000,00,3,3,3,0000000000000000,0,0,3,8a4dc2f54ce705b0,0,1,0000000000000000,0000000000000000,0000000000000000,0,0
3030,3030,0,0000000,00,3,3,3,0000000000000000,0,0,3,8a4dc2f54ce705b0,0,1,0000000000000000,0000000000000000,0000000000000000,0,0
3031,3031,0,0000000,00,3,3,3,0000000000000000,0,0,3,8a4dc2f54ce705b0,0,1,0000000000000000,0000000000000000,0000000000000000,0,0
3032,3032,0,0000000,00,3,3,3,0000000000000000,0,0,3,8a4dc2f54ce705b0,0,1,0000000000000000,0000000000000000,0000000000000000,0,0
3033,3033,0,0000000,00,3,3,3,0000000000000000,0,0,3,8a4dc2f54ce705b0,0,1,0000000000000000,0000000000000000,0000000000000000,0,0
3034,3034,0,0000000,00,3,3,3,0000000000000000,0,0,3,8a4dc2f54ce705b0,0,1,0000000000000000,0000000000000000,0000000000000000,0,0
3035,3035,0,0000000,00,3,3,3,0000000000000000,0,0,3,8a4dc2f54ce705b0,0,1,0000000000000000,0000000000000000,0000000000000000,0,0
3036,3036,0,0000000,00,3,3,3,0000000000000000,0,0,3,8a4dc2f54ce705b0,0,1,0000000000000000,0000000000000000,0000000000000000,0,0
3037,3037,0,0000000,00,3,3,3,0000000000000000,0,0,3,8a4dc2f54ce705b0,0,1,0000000000000000,0000000000000000,0000000000000000,0,0
3038,3038,0,0000000,00,3,3,3,0000000000000000,0,0,3,8a4dc2f54ce705b0,0,1,0000000000000000,0000000000000000,0000000000000000,0,0
3039,3039,0,0000000,00,3,3,3,0000000000000000,0,0,3,8a4dc2f54ce705b0,0,1,0000000000000000,0000000000000000,0000000000000000,0,0
3040,3040,0,0000000,00,3,3,3,0000000000000000,0,0,3,8a4dc2f54ce705b0,0,1,0000000000000000,0000000000000000,0000000000000000,0,0
3041,3041,0,0000000,00,3,3,3,0000000000000000,0,0,3,8a4dc2f54ce705b0,0,1,0000000000000000,0000000000000000,0000000000000000,0,0
3042,3042,0,0000000,00,3,3,3,0000000000000000,0,0,3,8a4dc2f54ce705b0,0,1,0000000000000000,0000000000000000,0000000000000000,0,0
3043,3043,0,0000000,00,3,3,3,0000000000000000,0,0,3,8a4dc2f54ce705b0,0,1,0000000000000000,0000000000000000,0000000000000000,0,0
3044,3044,0,0000000,00,3,3,3,0000000000000000,0,0,3,8a4dc2f54ce705b0,0,1,0000000000000000,0000000000000000,0000000000000000,0,0
3045,3045,0,0000000,00,3,3,3,0000000000000000,0,0,3,8a4dc2f54ce705b0,0,1,0000000000000000,0000000000000000,0000000000000000,0,0
3046,3046,0,0000000,00,3,3,3,0000000000000000,0,0,3,8a4dc2f54ce705b0,0,1,0000000000000000,0000000000000000,0000000000000000,0,0
3047,3047,0,0000000,00,3,3,3,0000000000000000,0,0,3,8a4dc2f54ce705b0,0,1,0000000000000000,0000000000000000,0000000000000000,0,0
3048,3048,0,0000000,00,3,3,3,0000000000000000,0,0,3,8a4dc2f54ce705b0,0,1,0000000000000000,0000000000000000,0000000000000000,0,0
3049,3049,0,0000000,00,3,3,3,0000000000000000,0,0,3,8a4dc2f54ce705b0,0,1,0000000000000000,0000000000000000,0000000000000000,0,0
3050,3050,0,0000000,00,3,3,3,0000000000000000,0,0,3,8a4dc2f54ce705b0,0,1,0000000000000000,0000000000000000,0000000000000000,0,0
3051,3051,0,0000000,00,3,3,3,0000000000000000,0,0,3,8a4dc2f54ce705b0,0,1,0000000000000000,0000000000000000,0000000000000000,0,0
3052,3052,0,0000000,00,3,3,3,0000000000000000,0,0,3,8a4dc2f54ce705b0,0,1,0000000000000000,0000000000000000,0000000000000000,0,0
3053,3053,0,0000000,00,3,3,3,0000000000000000,0,0,3,8a4dc2f54ce705b0,0,1,0000000000000000,0000000000000000,0000000000000000,0,0
3054,3054,0,0000000,00,3,3,3,0000000000000000,0,0,3,8a4dc2f54ce705b0,0,1,0000000000000000,0000000000000000,0000000000000000,0,0
3055,3055,0,0000000,00,3,3,3,0000000000000000,0,0,3,8a4dc2f54ce705b0,0,1,0000000000000000,0000000000000000,0000000000000000,0,0
3056,3056,0,0000000,00,3,3,3,0000000000000000,0,0,3,8a4dc2f54ce705b0,0,1,0000000000000000,0000000000000000,0000000000000000,0,0
3057,3057,0,0000000,00,3,3,3,0000000000000000,0,0,3,8a4dc2f54ce705b0,0,1,0000000000000000,0000000000000000,0000000000000000,0,0
3058,3058,0,0000000,00,3,3,3,0000000000000000,0,0,3,8a4dc2f54ce705b0,0,1,0000000000000000,0000000000000000,0000000000000000,0,0
3059,3059,0,0000000,00,3,3,3,0000000000000000,0,0,3,8a4dc2f54ce705b0,0,1,0000000000000000,0000000000000000,0000000000000000,0,0
3060,3060,0,0000000,00,3,3,3,0000000000000000,0,0,3,8a4dc2f54ce705b0,0,1,0000000000000000,0000000000000000,0000000000000000,0,0
3061,3061,0,0000000,00,3,3,3,0000000000000000,0,0,3,8a4dc2f54ce705b0,0,1,0000000000000000,0000000000000000,0000000000000000,0,0
3062,3062,0,0000000,00,3,3,3,0000000000000000,0,0,3,8a4dc2f54ce705b0,0,1,0000000000000000,0000000000000000,0000000000000000,0,0
3063,3063,0,0000000,00,3,3,3,0000000000000000,0,0,3,8a4dc2f54ce705b0,0,1,0000000000000000,0000000000000000,0000000000000000,0,0
3064,3064,0,0000000,00,3,3,3,0000000000000000,0,0,3,8a4dc2f54ce705b0,0,1,0000000000000000,0000000000000000,0000000000000000,0,0
3065,3065,0,0000000,00,3,3,3,0000000000000000,0,0,3,8a4dc2f54ce705b0,0,1,0000000000000000,0000000000000000,0000000000000000,0,0
3066,3066,0,0000000,00,3,3,3,0000000000000000,0,0,3,8a4dc2f54ce705b0,0,1,0000000000000000,0000000000000000,0000000000000000,0,0
3067,3067,0,0000000,00,3,3,3,0000000000000000,0,0,3,8a4dc2f54ce705b0,0,1,0000000000000000,0000000000000000,0000000000000000,0,0
3068,3068,0,0000000,00,3,3,3,0000000000000000,0,0,3,8a4dc2f54ce705b0,0,1,0000000000000000,0000000000000000,0000000000000000,0,0
3069,3069,0,0000000,00,3,3,3,0000000000000000,0,0,3,8a4dc2f54ce705b0,0,1,0000000000000000,0000000000000000,0000000000000000,0,0
3070,3070,0,0000000,00,3,3,3,0000000000000000,0,0,3,8a4dc2f54ce705b0,0,1,0000000000000000,0000000000000000,0000000000000000,0,0
3071,3071,0,0000000,00,3,3,3,0000000000000000,0,0,3,8a4dc2f54ce705b0,0,1,0000000000000000,0000000000000000,0000000000000000,0,0
3072,3072,0,0000000,00,3,3,3,0000000000000000,0,0,3,8a4dc2f54ce705b0,0,1,0000000000000000,0000000000000000,0000000000000000,0,0
3073,3073,0,0000000,00,3,3,3,0000000000000000,0,0,3,8a4dc2f54ce705b0,0,1,0000000000000000,0000000000000000,0000000000000000,0,0
3074,3074,0,0000000,00,3,3,3,0000000000000000,0,0,3,8a4dc2f54ce705b0,0,1,0000000000000000,0000000000000000,0000000000000000,0,0
3075,3075,0,0000000,00,3,3,3,0000000000000000,0,0,3,8a4dc2f54ce705b0,0,1,0000000000000000,0000000000000000,0000000000000000,0,0
3076,3076,0,0000000,00,3,3,3,0000000000000000,0,0,3,8a4dc2f54ce705b0,0,1,0000000000000000,0000000000000000,0000000000000000,0,0
3077,3077,0,0000000,00,3,3,3,0000000000000000,0,0,3,8a4dc2f54ce705b0,0,1,0000000000000000,0000000000000000,0000000000000000,0,0
3078,3078,0,0000000,00,3,3,3,0000000000000000,0,0,3,8a4dc2f54ce705b0,0,1,0000000000000000,0000000000000000,0000000000000000,0,0
3079,3079,0,0000000,00,3,3,3,0000000000000000,0,0,3,8a4dc2f54ce705b0,0,1,0000000000000000,0000000000000000,0000000000000000,0,0
3080,3080,0,0000000,00,3,3,3,0000000000000000,0,0,3,8a4dc2f54ce705b0,0,1,0000000000000000,0000000000000000,0000000000000000,0,0
3081,3081,0,0000000,00,3,3,3,0000000000000000,0,0,3,8a4dc2f54ce705b0,0,1,0000000000000000,0000000000000000,0000000000000000,0,0
3082,3082,0,0000000,00,3,3,3,0000000000000000,0,0,3,8a4dc2f54ce705b0,0,1,0000000000000000,0000000000000000,0000000000000000,0,0
3083,3083,0,0000000,00,3,3,3,0000000000000000,0,0,3,8a4dc2f54ce705b0,0,1,0000000000000000,0000000000000000,0000000000000000,0,0
3084,3084,0,0000000,00,3,3,3,0000000000000000,0,0,3,8a4dc2f54ce705b0,0,1,0000000000000000,0000000000000000,0000000000000000,0,0
3085,3085,0,0000000,00,3,3,3,0000000000000000,0,0,3,8a4dc2f54ce705b0,0,1,0000000000000000,0000000000000000,0000000000000000,0,0
3086,3086,0,0000000,00,3,3,3,0000000000000000,0,0,3,8a4dc2f54ce705b0,0,1,0000000000000000,0000000000000000,0000000000000000,0,0
3087,3087,0,0000000,00,3,3,3,0000000000000000,0,0,3,8a4dc2f54ce705b0,0,1,0000000000000000,0000000000000000,0000000000000000,0,0
3088,3088,0,0000000,00,3,3,3,0000000000000000,0,0,3,8a4dc2f54ce705b0,0,1,0000000000000000,0000000000000000,0000000000000000,0,0
3089,3089,0,0000000,00,3,3,3,0000000000000000,0,0,3,8a4dc2f54ce705b0,0,1,0000000000000000,0000000000000000,0000000000000000,0,0
3090,3090,0,0000000,00,3,3,3,0000000000000000,0,0,3,8a4dc2f54ce705b0,0,1,0000000000000000,0000000000000000,0000000000000000,0,0
3091,3091,0,0000000,00,3,3,3,0000000000000000,0,0,3,8a4dc2f54ce705b0,0,1,0000000000000000,0000000000000000,0000000000000000,0,0
3092,3092,0,0000000,00,3,3,3,0000000000000000,0,0,3,8a4dc2f54ce705b0,0,1,0000000000000000,0000000000000000,0000000000000000,0,0
3093,3093,0,0000000,00,3,3,3,0000000000000000,0,0,3,8a4dc2f54ce705b0,0,1,0000000000000000,0000000000000000,0000000000000000,0,0
3094,3094,0,0000000,00,3,3,3,0000000000000000,0,0,3,8a4dc2f54ce705b0,0,1,0000000000000000,0000000000000000,0000000000000000,0,0
3095,3095,0,0000000,00,3,3,3,0000000000000000,0,0,3,8a4dc2f54ce705b0,0,1,0000000000000000,0000000000000000,0000000000000000,0,0
3096,3096,0,0000000,00,3,3,3,0000000000000000,0,0,3,8a4dc2f54ce705b0,0,1,0000000000000000,0000000000000000,0000000000000000,0,0
3097,3097,0,0000000,00,3,3,3,0000000000000000,0,0,3,8a4dc2f54ce705b0,0,1,0000000000000000,0000000000000000,0000000000000000,0,0
3098,3098,0,0000000,00,3,3,3,0000000000000000,0,0,3,8a4dc2f54ce705b0,0,1,0000000000000000,0000000000000000,0000000000000000,0,0
3099,3099,0,0000000,00,3,3,3,0000000000000000,0,0,3,8a4dc2f54ce705b0,0,1,0000000000000000,0000000000000000,0000000000000000,0,0
3100,3100,0,0000000,00,3,3,3,0000000000000000,0,0,3,8a4dc2f54ce705b0,0,1,0000000000000000,0000000000000000,0000000000000000,0,0
3101,3101,0,0000000,00,3,3,3,0000000000000000,0,0,3,8a4dc2f54ce705b0,0,1,0000000000000000,0000000000000000,0000000000000000,0,0
3102,3102,0,0000000,00,3,3,3,0000000000000000,0,0,3,8a4dc2f54ce705b0,0,1,0000000000000000,0000000000000000,0000000000000000,0,0
3103,3103,0,0000000,00,3,3,3,0000000000000000,0,0,3,8a4dc2f54ce705b0,0,1,0000000000000000,0000000000000000,0000000000000000,0,0
3104,3104,0,0000000,00,3,3,3,0000000000000000,0,0,3,8a4dc2f54ce705b0,0,1,0000000000000000,0000000000000000,0000000000000000,0,0
3105,3105,0,0000000,00,3,3,3,0000000000000000,0,0,3,8a4dc2f54ce705b0,0,1,0000000000000000,0000000000000000,0000000000000000,0,0
3106,3106,0,0000000,00,3,3,3,0000000000000000,0,0,3,8a4dc2f54ce705b0,0,1,0000000000000000,0000000000000000,0000000000000000,0,0
3107,3107,0,0000000,00,3,3,3,0000000000000000,0,0,3,8a4dc2f54ce705b0,0,1,0000000000000000,0000000000000000,0000000000000000,0,0
3108,3108,0,0000000,00,3,3,3,0000000000000000,0,0,3,8a4dc2f54ce705b0,0,1,0000000000000000,0000000000000000,0000000000000000,0,0
3109,3109,0,0000000,00,3,3,3,0000000000000000,0,0,3,8a4dc2f54ce705b0,0,1,0000000000000000,0000000000000000,0000000000000000,0,0
3110,3110,0,0000000,00,3,3,3,0000000000000000,0,0,3,8a4dc2f54ce705b0,0,1,0000000000000000,0000000000000000,0000000000000000,0,0
3111,3111,0,0000000,00,3,3,3,0000000000000000,0,0,3,8a4dc2f54ce705b0,0,1,0000000000000000,0000000000000000,0000000000000000,0,0
3112,3112,0,0000000,00,3,3,3,0000000000000000,0,0,3,8a4dc2f54ce705b0,0,1,0000000000000000,0000000000000000,0000000000000000,0,0
3113,3113,0,0000000,00,3,3,3,0000000000000000,0,0,3,8a4dc2f54ce705b0,0,1,0000000000000000,0000000000000000,0000000000000000,0,0
3114,3114,0,0000000,00,3,3,3,0000000000000000,0,0,3,8a4dc2f54ce705b0,0,1,0000000000000000,0000000000000000,0000000000000000,0,0
3115,3115,0,0000000,00,3,3,3,0000000000000000,0,0,3,8a4dc2f54ce705b0,0,1,0000000000000000,0000000000000000,0000000000000000,0,0
3116,3116,0,0000000,00,3,3,3,0000000000000000,0,0,3,8a4dc2f54ce705b0,0,1,0000000000000000,0000000000000000,0000000000000000,0,0
3117,3117,0,0000000,00,3,3,3,0000000000000000,0,0,3,8a4dc2f54ce705b0,0,1,0000000000000000,0000000000000000,0000000000000000,0,0
3118,3118,0,0000000,00,3,3,3,0000000000000000,0,0,3,8a4dc2f54ce705b0,0,1,0000000000000000,0000000000000000,0000000000000000,0,0
3119,3119,0,0000000,00,3,3,3,0000000000000000,0,0,3,8a4dc2f54ce705b0,0,1,0000000000000000,0000000000000000,0000000000000000,0,0
3120,3120,0,0000000,00,3,3,3,0000000000000000,0,0,3,8a4dc2f54ce705b0,0,1,0000000000000000,0000000000000000,0000000000000000,0,0
3121,3121,0,0000000,00,3,3,3,0000000000000000,0,0,3,8a4dc2f54ce705b0,0,1,0000000000000000,0000000000000000,0000000000000000,0,0
3122,3122,0,0000000,00,3,3,3,0000000000000000,0,0,3,8a4dc2f54ce705b0,0,1,0000000000000000,0000000000000000,0000000000000000,0,0
3123,3123,0,0000000,00,3,3,3,0000000000000000,0,0,3,8a4dc2f54ce705b0,0,1,0000000000000000,0000000000000000,0000000000000000,0,0
3124,3124,0,0000000,00,3,3,3,0000000000000000,0,0,3,8a4dc2f54ce705b0,0,1,0000000000000000,0000000000000000,0000000000000000,0,0
3125,3125,0,0000000,00,3,3,3,0000000000000000,0,0,3,8a4dc2f54ce705b0,0,1,0000000000000000,0000000000000000,0000000000000000,0,0
3126,3126,0,0000000,00,3,3,3,0000000000000000,0,0,3,8a4dc2f54ce705b0,0,1,0000000000000000,0000000000000000,0000000000000000,0,0
3127,3127,0,0000000,00,3,3,3,0000000000000000,0,0,3,8a4dc2f54ce705b0,0,1,0000000000000000,0000000000000000,0000000000000000,0,0
3128,3128,0,0000000,00,3,3,3,0000000000000000,0,0,3,8a4dc2f54ce705b0,0,1,0000000000000000,0000000000000000,0000000000000000,0,0
3129,3129,0,0000000,00,3,3,3,0000000000000000,0,0,3,8a4dc2f54ce705b0,0,1,0000000000000000,0000000000000000,0000000000000000,0,0
3130,3130,0,0000000,00,3,3,3,0000000000000000,0,0,3,8a4dc2f54ce705b0,0,1,0000000000000000,0000000000000000,0000000000000000,0,0
3131,3131,0,0000000,00,3,3,3,0000000000000000,0,0,3,8a4dc2f54ce705b0,0,1,0000000000000000,0000000000000000,0000000000000000,0,0
3132,3132,0,0000000,00,3,3,3,0000000000000000,0,0,3,8a4dc2f54ce705b0,0,1,0000000000000000,0000000000000000,0000000000000000,0,0
3133,3133,0,0000000,00,3,3,3,0000000000000000,0,0,3,8a4dc2f54ce705b0,0,1,0000000000000000,0000000000000000,0000000000000000,0,0
3134,3134,0,0000000,00,3,3,3,0000000000000000,0,0,3,8a4dc2f54ce705b0,0,1,0000000000000000,0000000000000000,0000000000000000,0,0
3135,3135,0,0000000,00,3,3,3,0000000000000000,0,0,3,8a4dc2f54ce705b0,0,1,0000000000000000,0000000000000000,0000000000000000,0,0
3136,3136,0,0000000,00,3,3,3,0000000000000000,0,0,3,8a4dc2f54ce705b0,0,1,0000000000000000,0000000000000000,0000000000000000,0,0
3137,3137,0,0000000,00,3,3,3,0000000000000000,0,0,3,8a4dc2f54ce705b0,0,1,0000000000000000,0000000000000000,0000000000000000,0,0
3138,3138,0,0000000,00,3,3,3,0000000000000000,0,0,3,8a4dc2f54ce705b0,0,1,0000000000000000,0000000000000000,0000000000000000,0,0
3139,3139,0,0000000,00,3,3,3,0000000000000000,0,0,3,8a4dc2f54ce705b0,0,1,0000000000000000,0000000000000000,0000000000000000,0,0
3140,3140,0,0000000,00,3,3,3,0000000000000000,0,0,3,8a4dc2f54ce705b0,0,1,0000000000000000,0000000000000000,0000000000000000,0,0
3141,3141,0,0000000,00,3,3,3,0000000000000000,0,0,3,8a4dc2f54ce705b0,0,1,0000000000000000,0000000000000000,0000000000000000,0,0
3142,3142,0,0000000,00,3,3,3,0000000000000000,0,0,3,8a4dc2f54ce705b0,0,1,0000000000000000,0000000000000000,0000000000000000,0,0
3143,3143,0,0000000,00,3,3,3,0000000000000000,0,0,3,8a4dc2f54ce705b0,0,1,0000000000000000,0000000000000000,0000000000000000,0,0
3144,3144,0,0000000,00,3,3,3,0000000000000000,0,0,3,8a4dc2f54ce705b0,0,1,0000000000000000,0000000000000000,0000000000000000,0,0
3145,3145,0,0000000,00,3,3,3,0000000000000000,0,0,3,8a4dc2f54ce705b0,0,1,0000000000000000,0000000000000000,0000000000000000,0,0
3146,3146,0,0000000,00,3,3,3,0000000000000000,0,0,3,8a4dc2f54ce705b0,0,1,0000000000000000,0000000000000000,0000000000000000,0,0
3147,3147,0,0000000,00,3,3,3,0000000000000000,0,0,3,8a4dc2f54ce705b0,0,1,0000000000000000,0000000000000000,0000000000000000,0,0
3148,3148,0,0000000,00,3,3,3,0000000000000000,0,0,3,8a4dc2f54ce705b0,0,1,0000000000000000,0000000000000000,0000000000000000,0,0
3149,3149,0,0000000,00,3,3,3,0000000000000000,0,0,3,8a4dc2f54ce705b0,0,1,0000000000000000,0000000000000000,0000000000000000,0,0
3150,3150,0,0000000,00,3,3,3,0000000000000000,0,0,3,8a4dc2f54ce705b0,0,1,0000000000000000,0000000000000000,0000000000000000,0,0
3151,3151,0,0000000,00,3,3,3,0000000000000000,0,0,3,8a4dc2f54ce705b0,0,1,0000000000000000,0000000000000000,0000000000000000,0,0
3152,3152,0,0000000,00,3,3,3,0000000000000000,0,0,3,8a4dc2f54ce705b0,0,1,0000000000000000,0000000000000000,0000000000000000,0,0
3153,3153,0,0000000,00,3,3,3,0000000000000000,0,0,3,8a4dc2f54ce705b0,0,1,0000000000000000,0000000000000000,0000000000000000,0,0
3154,3154,0,0000000,00,3,3,3,0000000000000000,0,0,3,8a4dc2f54ce705b0,0,1,0000000000000000,0000000000000000,0000000000000000,0,0
3155,3155,0,0000000,00,3,3,3,0000000000000000,0,0,3,8a4dc2f54ce705b0,0,1,0000000000000000,0000000000000000,0000000000000000,0,0
3156,3156,0,0000000,00,3,3,3,0000000000000000,0,0,3,8a4dc2f54ce705b0,0,1,0000000000000000,0000000000000000,0000000000000000,0,0
3157,3157,0,0000000,00,3,3,3,0000000000000000,0,0,3,8a4dc2f54ce705b0,0,1,0000000000000000,0000000000000000,0000000000000000,0,0
3158,3158,0,0000000,00,3,3,3,0000000000000000,0,0,3,8a4dc2f54ce705b0,0,1,0000000000000000,0000000000000000,0000000000000000,0,0
3159,3159,0,0000000,00,3,3,3,0000000000000000,0,0,3,8a4dc2f54ce705b0,0,1,0000000000000000,0000000000000000,0000000000000000,0,0
3160,3160,0,0000000,00,3,3,3,0000000000000000,0,0,3,8a4dc2f54ce705b0,0,1,0000000000000000,0000000000000000,0000000000000000,0,0
3161,3161,0,0000000,00,3,3,3,0000000000000000,0,0,3,8a4dc2f54ce705b0,0,1,0000000000000000,0000000000000000,0000000000000000,0,0
3162,3162,0,0000000,00,3,3,3,0000000000000000,0,0,3,8a4dc2f54ce705b0,0,1,0000000000000000,0000000000000000,0000000000000000,0,0
3163,3163,0,0000000,00,3,3,3,0000000000000000,0,0,3,8a4dc2f54ce705b0,0,1,0000000000000000,0000000000000000,0000000000000000,0,0
3164,3164,0,0000000,00,3,3,3,0000000000000000,0,0,3,8a4dc2f54ce705b0,0,1,0000000000000000,0000000000000000,0000000000000000,0,0
3165,3165,0,0000000,00,3,3,3,0000000000000000,0,0,3,8a4dc2f54ce705b0,0,1,0000000000000000,0000000000000000,0000000000000000,0,0
3166,3166,0,0000000,00,3,3,3,0000000000000000,0,0,3,8a4dc2f54ce705b0,0,1,0000000000000000,0000000000000000,0000000000000000,0,0
3167,3167,0,0000000,00,3,3,3,0000000000000000,0,0,3,8a4dc2f54ce705b0,0,1,0000000000000000,0000000000000000,0000000000000000,0,0
3168,3168,0,0000000,00,3,3,3,0000000000000000,0,0,3,8a4dc2f54ce705b0,0,1,0000000000000000,0000000000000000,0000000000000000,0,0
3169,3169,0,0000000,00,3,3,3,0000000000000000,0,0,3,8a4dc2f54ce705b0,0,1,0000000000000000,0000000000000000,0000000000000000,0,0
3170,3170,0,0000000,00,3,3,3,0000000000000000,0,0,3,8a4dc2f54ce705b0,0,1,0000000000000000,0000000000000000,0000000000000000,0,0
3171,3171,0,0000000,00,3,3,3,0000000000000000,0,0,3,8a4dc2f54ce705b0,0,1,0000000000000000,0000000000000000,0000000000000000,0,0
3172,3172,0,0000000,00,3,3,3,0000000000000000,0,0,3,8a4dc2f54ce705b0,0,1,0000000000000000,0000000000000000,0000000000000000,0,0
3173,3173,0,0000000,00,3,3,3,0000000000000000,0,0,3,8a4dc2f54ce705b0,0,1,0000000000000000,0000000000000000,0000000000000000,0,0
3174,3174,0,0000000,00,3,3,3,0000000000000000,0,0,3,8a4dc2f54ce705b0,0,1,0000000000000000,0000000000000000,0000000000000000,0,0
3175,3175,0,0000000,00,3,3,3,0000000000000000,0,0,3,8a4dc2f54ce705b0,0,1,0000000000000000,0000000000000000,0000000000000000,0,0
3176,3176,0,0000000,00,3,3,3,0000000000000000,0,0,3,8a4dc2f54ce705b0,0,1,0000000000000000,0000000000000000,0000000000000000,0,0
3177,3177,0,0000000,00,3,3,3,0000000000000000,0,0,3,8a4dc2f54ce705b0,0,1,0000000000000000,0000000000000000,0000000000000000,0,0
3178,3178,0,0000000,00,3,3,3,0000000000000000,0,0,3,8a4dc2f54ce705b0,0,1,0000000000000000,0000000000000000,0000000000000000,0,0
3179,3179,0,0000000,00,3,3,3,0000000000000000,0,0,3,8a4dc2f54ce705b0,0,1,0000000000000000,0000000000000000,0000000000000000,0,0
3180,3180,0,0000000,00,3,3,3,0000000000000000,0,0,3,8a4dc2f54ce705b0,0,1,0000000000000000,0000000000000000,0000000000000000,0,0
3181,3181,0,0000000,00,3,3,3,0000000000000000,0,0,3,8a4dc2f54ce705b0,0,1,0000000000000000,0000000000000000,0000000000000000,0,0
3182,3182,0,0000000,00,3,3,3,0000000000000000,0,0,3,8a4dc2f54ce705b0,0,1,0000000000000000,0000000000000000,0000000000000000,0,0
3183,3183,0,0000000,00,3,3,3,0000000000000000,0,0,3,8a4dc2f54ce705b0,0,1,0000000000000000,0000000000000000,0000000000000000,0,0
3184,3184,0,0000000,00,3,3,3,0000000000000000,0,0,3,8a4dc2f54ce705b0,0,1,0000000000000000,0000000000000000,0000000000000000,0,0
3185,3185,0,0000000,00,3,3,3,0000000000000000,0,0,3,8a4dc2f54ce705b0,0,1,0000000000000000,0000000000000000,0000000000000000,0,0
3186,3186,0,0000000,00,3,3,3,0000000000000000,0,0,3,8a4dc2f54ce705b0,0,1,0000000000000000,0000000000000000,0000000000000000,0,0
3187,3187,0,0000000,00,3,3,3,0000000000000000,0,0,3,8a4dc2f54ce705b0,0,1,0000000000000000,0000000000000000,0000000000000000,0,0
3188,3188,0,0000000,00,3,3,3,0000000000000000,0,0,3,8a4dc2f54ce705b0,0,1,0000000000000000,0000000000000000,0000000000000000,0,0
3189,3189,0,0000000,00,3,3,3,0000000000000000,0,0,3,8a4dc2f54ce705b0,0,1,0000000000000000,0000000000000000,0000000000000000,0,0
3190,3190,0,0000000,00,3,3,3,0000000000000000,0,0,3,8a4dc2f54ce705b0,0,1,0000000000000000,0000000000000000,0000000000000000,0,0
3191,3191,0,0000000,00,3,3,3,0000000000000000,0,0,3,8a4dc2f54ce705b0,0,1,0000000000000000,0000000000000000,0000000000000000,0,0
3192,3192,0,0000000,00,3,3,3,0000000000000000,0,0,3,8a4dc2f54ce705b0,0,1,0000000000000000,0000000000000000,0000000000000000,0,0
3193,3193,0,0000000,00,3,3,3,0000000000000000,0,0,3,8a4dc2f54ce705b0,0,1,0000000000000000,0000000000000000,0000000000000000,0,0
3194,3194,0,0000000,00,3,3,3,0000000000000000,0,0,3,8a4dc2f54ce705b0,0,1,0000000000000000,0000000000000000,0000000000000000,0,0
3195,3195,0,0000000,00,3,3,3,0000000000000000,0,0,3,8a4dc2f54ce705b0,0,1,0000000000000000,0000000000000000,0000000000000000,0,0
3196,3196,0,0000000,00,3,3,3,0000000000000000,0,0,3,8a4dc2f54ce705b0,0,1,0000000000000000,0000000000000000,0000000000000000,0,0
3197,3197,0,0000000,00,3,3,3,0000000000000000,0,0,3,8a4dc2f54ce705b0,0,1,0000000000000000,0000000000000000,0000000000000000,0,0
3198,3198,0,0000000,00,3,3,3,0000000000000000,0,0,3,8a4dc2f54ce705b0,0,1,0000000000000000,0000000000000000,0000000000000000,0,0
3199,3199,0,0000000,00,3,3,3,0000000000000000,0,0,3,8a4dc2f54ce705b0,0,1,0000000000000000,0000000000000000,0000000000000000,0,0
3200,3200,0,0000000,00,3,3,3,0000000000000000,0,0,3,8a4dc2f54ce705b0,0,1,0000000000000000,0000000000000000,0000000000000000,0,0
3201,3201,0,0000000,00,3,3,3,0000000000000000,0,0,3,8a4dc2f54ce705b0,0,1,0000000000000000,0000000000000000,0000000000000000,0,0
3202,3202,0,0000000,00,3,3,3,0000000000000000,0,0,3,8a4dc2f54ce705b0,0,1,0000000000000000,0000000000000000,0000000000000000,0,0
3203,3203,0,0000000,00,3,3,3,0000000000000000,0,0,3,8a4dc2f54ce705b0,0,1,0000000000000000,0000000000000000,0000000000000000,0,0
3204,3204,0,0000000,00,3,3,3,0000000000000000,0,0,3,8a4dc2f54ce705b0,0,1,0000000000000000,0000000000000000,0000000000000000,0,0
3205,3205,0,0000000,00,3,3,3,0000000000000000,0,0,3,8a4dc2f54ce705b0,0,1,0000000000000000,0000000000000000,0000000000000000,0,0
3206,3206,0,0000000,00,3,3,3,0000000000000000,0,0,3,8a4dc2f54ce705b0,0,1,0000000000000000,0000000000000000,0000000000000000,0,0
3207,3207,0,0000000,00,3,3,3,0000000000000000,0,0,3,8a4dc2f54ce705b0,0,1,0000000000000000,0000000000000000,0000000000000000,0,0
3208,3208,0,0000000,00,3,3,3,0000000000000000,0,0,3,8a4dc2f54ce705b0,0,1,0000000000000000,0000000000000000,0000000000000000,0,0
3209,3209,0,0000000,00,3,3,3,0000000000000000,0,0,3,8a4dc2f54ce705b0,0,1,0000000000000000,0000000000000000,0000000000000000,0,0
3210,3210,0,0000000,00,3,3,3,0000000000000000,0,0,3,8a4dc2f54ce705b0,0,1,0000000000000000,0000000000000000,0000000000000000,0,0
3211,3211,0,0000000,00,3,3,3,0000000000000000,0,0,3,8a4dc2f54ce705b0,0,1,0000000000000000,0000000000000000,0000000000000000,0,0
3212,3212,0,0000000,00,3,3,3,0000000000000000,0,0,3,8a4dc2f54ce705b0,0,1,0000000000000000,0000000000000000,0000000000000000,0,0
3213,3213,0,0000000,00,3,3,3,0000000000000000,0,0,3,8a4dc2f54ce705b0,0,1,0000000000000000,0000000000000000,0000000000000000,0,0
3214,3214,0,0000000,00,3,3,3,0000000000000000,0,0,3,8a4dc2f54ce705b0,0,1,0000000000000000,0000000000000000,0000000000000000,0,0
3215,3215,0,0000000,00,3,3,3,0000000000000000,0,0,3,8a4dc2f54ce705b0,0,1,0000000000000000,0000000000000000,0000000000000000,0,0
3216,3216,0,0000000,00,3,3,3,0000000000000000,0,0,3,8a4dc2f54ce705b0,0,1,0000000000000000,0000000000000000,0000000000000000,0,0
3217,3217,0,0000000,00,3,3,3,0000000000000000,0,0,3,8a4dc2f54ce705b0,0,1,0000000000000000,0000000000000000,0000000000000000,0,0
3218,3218,0,0000000,00,3,3,3,0000000000000000,0,0,3,8a4dc2f54ce705b0,0,1,0000000000000000,0000000000000000,0000000000000000,0,0
3219,3219,0,0000000,00,3,3,3,0000000000000000,0,0,3,8a4dc2f54ce705b0,0,1,0000000000000000,0000000000000000,0000000000000000,0,0
3220,3220,0,0000000,00,3,3,3,0000000000000000,0,0,3,8a4dc2f54ce705b0,0,1,0000000000000000,0000000000000000,0000000000000000,0,0
3221,3221,0,0000000,00,3,3,3,0000000000000000,0,0,3,8a4dc2f54ce705b0,0,1,0000000000000000,0000000000000000,0000000000000000,0,0
3222,3222,0,0000000,00,3,3,3,0000000000000000,0,0,3,8a4dc2f54ce705b0,0,1,0000000000000000,0000000000000000,0000000000000000,0,0
3223,3223,0,0000000,00,3,3,3,0000000000000000,0,0,3,8a4dc2f54ce705b0,0,1,0000000000000000,0000000000000000,0000000000000000,0,0
3224,3224,0,0000000,00,3,3,3,0000000000000000,0,0,3,8a4dc2f54ce705b0,0,1,0000000000000000,0000000000000000,0000000000000000,0,0
3225,3225,0,0000000,00,3,3,3,0000000000000000,0,0,3,8a4dc2f54ce705b0,0,1,0000000000000000,0000000000000000,0000000000000000,0,0
3226,3226,0,0000000,00,3,3,3,0000000000000000,0,0,3,8a4dc2f54ce705b0,0,1,0000000000000000,0000000000000000,0000000000000000,0,0
3227,3227,0,0000000,00,3,3,3,0000000000000000,0,0,3,8a4dc2f54ce705b0,0,1,0000000000000000,0000000000000000,0000000000000000,0,0
3228,3228,0,0000000,00,3,3,3,0000000000000000,0,0,3,8a4dc2f54ce705b0,0,1,0000000000000000,0000000000000000,0000000000000000,0,0
3229,3229,0,0000000,00,3,3,3,0000000000000000,0,0,3,8a4dc2f54ce705b0,0,1,0000000000000000,0000000000000000,0000000000000000,0,0
3230,3230,0,0000000,00,3,3,3,0000000000000000,0,0,3,8a4dc2f54ce705b0,0,1,0000000000000000,0000000000000000,0000000000000000,0,0
3231,3231,0,0000000,00,3,3,3,0000000000000000,0,0,3,8a4dc2f54ce705b0,0,1,0000000000000000,0000000000000000,0000000000000000,0,0
3232,3232,0,0000000,00,3,3,3,0000000000000000,0,0,3,8a4dc2f54ce705b0,0,1,0000000000000000,0000000000000000,0000000000000000,0,0
3233,3233,0,0000000,00,3,3,3,0000000000000000,0,0,3,8a4dc2f54ce705b0,0,1,0000000000000000,0000000000000000,0000000000000000,0,0
3234,3234,0,0000000,00,3,3,3,0000000000000000,0,0,3,8a4dc2f54ce705b0,0,1,0000000000000000,0000000000000000,0000000000000000,0,0
3235,3235,0,0000000,00,3,3,3,0000000000000000,0,0,3,8a4dc2f54ce705b0,0,1,0000000000000000,0000000000000000,0000000000000000,0,0
3236,3236,0,0000000,00,3,3,3,0000000000000000,0,0,3,8a4dc2f54ce705b0,0,1,0000000000000000,0000000000000000,0000000000000000,0,0
3237,3237,0,0000000,00,3,3,3,0000000000000000,0,0,3,8a4dc2f54ce705b0,0,1,0000000000000000,0000000000000000,0000000000000000,0,0
3238,3238,0,0000000,00,3,3,3,0000000000000000,0,0,3,8a4dc2f54ce705b0,0,1,0000000000000000,0000000000000000,0000000000000000,0,0
3239,3239,0,0000000,00,3,3,3,0000000000000000,0,0,3,8a4dc2f54ce705b0,0,1,0000000000000000,0000000000000000,0000000000000000,0,0
3240,3240,0,0000000,00,3,3,3,0000000000000000,0,0,3,8a4dc2f54ce705b0,0,1,0000000000000000,0000000000000000,0000000000000000,0,0
3241,3241,0,0000000,00,3,3,3,0000000000000000,0,0,3,8a4dc2f54ce705b0,0,1,0000000000000000,0000000000000000,0000000000000000,0,0
3242,3242,0,0000000,00,3,3,3,0000000000000000,0,0,3,8a4dc2f54ce705b0,0,1,0000000000000000,0000000000000000,0000000000000000,0,0
3243,3243,0,0000000,00,3,3,3,0000000000000000,0,0,3,8a4dc2f54ce705b0,0,1,0000000000000000,0000000000000000,0000000000000000,0,0
3244,3244,0,0000000,00,3,3,3,0000000000000000,0,0,3,8a4dc2f54ce705b0,0,1,0000000000000000,0000000000000000,0000000000000000,0,0
3245,3245,0,0000000,00,3,3,3,0000000000000000,0,0,3,8a4dc2f54ce705b0,0,1,0000000000000000,0000000000000000,0000000000000000,0,0
3246,3246,0,0000000,00,3,3,3,0000000000000000,0,0,3,8a4dc2f54ce705b0,0,1,0000000000000000,0000000000000000,0000000000000000,0,0
3247,3247,0,0000000,00,3,3,3,0000000000000000,0,0,3,8a4dc2f54ce705b0,0,1,0000000000000000,0000000000000000,0000000000000000,0,0
3248,3248,0,0000000,00,3,3,3,0000000000000000,0,0,3,8a4dc2f54ce705b0,0,1,0000000000000000,0000000000000000,0000000000000000,0,0
3249,3249,0,0000000,00,3,3,3,0000000000000000,0,0,3,8a4dc2f54ce705b0,0,1,0000000000000000,0000000000000000,0000000000000000,0,0
3250,3250,0,0000000,00,3,3,3,0000000000000000,0,0,3,8a4dc2f54ce705b0,0,1,0000000000000000,0000000000000000,0000000000000000,0,0
3251,3251,0,0000000,00,3,3,3,0000000000000000,0,0,3,8a4dc2f54ce705b0,0,1,0000000000000000,0000000000000000,0000000000000000,0,0
3252,3252,0,0000000,00,3,3,3,0000000000000000,0,0,3,8a4dc2f54ce705b0,0,1,0000000000000000,0000000000000000,0000000000000000,0,0
3253,3253,0,0000000,00,3,3,3,0000000000000000,0,0,3,8a4dc2f54ce705b0,0,1,0000000000000000,0000000000000000,0000000000000000,0,0
3254,3254,0,0000000,00,3,3,3,0000000000000000,0,0,3,8a4dc2f54ce705b0,0,1,0000000000000000,0000000000000000,0000000000000000,0,0
3255,3255,0,0000000,00,3,3,3,0000000000000000,0,0,3,8a4dc2f54ce705b0,0,1,0000000000000000,0000000000000000,0000000000000000,0,0
3256,3256,0,0000000,00,3,3,3,0000000000000000,0,0,3,8a4dc2f54ce705b0,0,1,0000000000000000,0000000000000000,0000000000000000,0,0
3257,3257,0,0000000,00,3,3,3,0000000000000000,0,0,3,8a4dc2f54ce705b0,0,1,0000000000000000,0000000000000000,0000000000000000,0,0
3258,3258,0,0000000,00,3,3,3,0000000000000000,0,0,3,8a4dc2f54ce705b0,0,1,0000000000000000,0000000000000000,0000000000000000,0,0
3259,3259,0,0000000,00,3,3,3,0000000000000000,0,0,3,8a4dc2f54ce705b0,0,1,0000000000000000,0000000000000000,0000000000000000,0,0
3260,3260,0,0000000,00,3,3,3,0000000000000000,0,0,3,8a4dc2f54ce705b0,0,1,0000000000000000,0000000000000000,0000000000000000,0,0
3261,3261,0,0000000,00,3,3,3,0000000000000000,0,0,3,8a4dc2f54ce705b0,0,1,0000000000000000,0000000000000000,0000000000000000,0,0
3262,3262,0,0000000,00,3,3,3,0000000000000000,0,0,3,8a4dc2f54ce705b0,0,1,0000000000000000,0000000000000000,0000000000000000,0,0
3263,3263,0,0000000,00,3,3,3,0000000000000000,0,0,3,8a4dc2f54ce705b0,0,1,0000000000000000,0000000000000000,0000000000000000,0,0
3264,3264,0,0000000,00,3,3,3,0000000000000000,0,0,3,8a4dc2f54ce705b0,0,1,0000000000000000,0000000000000000,0000000000000000,0,0
3265,3265,0,0000000,00,3,3,3,0000000000000000,0,0,3,8a4dc2f54ce705b0,0,1,0000000000000000,0000000000000000,0000000000000000,0,0
3266,3266,0,0000000,00,3,3,3,0000000000000000,0,0,3,8a4dc2f54ce705b0,0,1,0000000000000000,0000000000000000,0000000000000000,0,0
3267,3267,0,0000000,00,3,3,3,0000000000000000,0,0,3,8a4dc2f54ce705b0,0,1,0000000000000000,0000000000000000,0000000000000000,0,0
3268,3268,0,0000000,00,3,3,3,0000000000000000,0,0,3,8a4dc2f54ce705b0,0,1,0000000000000000,0000000000000000,0000000000000000,0,0
3269,3269,0,0000000,00,3,3,3,0000000000000000,0,0,3,8a4dc2f54ce705b0,0,1,0000000000000000,0000000000000000,0000000000000000,0,0
3270,3270,0,0000000,00,3,3,3,0000000000000000,0,0,3,8a4dc2f54ce705b0,0,1,0000000000000000,0000000000000000,0000000000000000,0,0
3271,3271,0,0000000,00,3,3,3,0000000000000000,0,0,3,8a4dc2f54ce705b0,0,1,0000000000000000,0000000000000000,0000000000000000,0,0
3272,3272,0,0000000,00,3,3,3,0000000000000000,0,0,3,8a4dc2f54ce705b0,0,1,0000000000000000,0000000000000000,0000000000000000,0,0
3273,3273,0,0000000,00,3,3,3,0000000000000000,0,0,3,8a4dc2f54ce705b0,0,1,0000000000000000,0000000000000000,0000000000000000,0,0
3274,3274,0,0000000,00,3,3,3,0000000000000000,0,0,3,8a4dc2f54ce705b0,0,1,0000000000000000,0000000000000000,0000000000000000,0,0
3275,3275,0,0000000,00,3,3,3,0000000000000000,0,0,3,8a4dc2f54ce705b0,0,1,0000000000000000,0000000000000000,0000000000000000,0,0
3276,3276,0,0000000,00,3,3,3,0000000000000000,0,0,3,8a4dc2f54ce705b0,0,1,0000000000000000,0000000000000000,0000000000000000,0,0
3277,3277,0,0000000,00,3,3,3,0000000000000000,0,0,3,8a4dc2f54ce705b0,0,1,0000000000000000,0000000000000000,0000000000000000,0,0
3278,3278,0,0000000,00,3,3,3,0000000000000000,0,0,3,8a4dc2f54ce705b0,0,1,0000000000000000,0000000000000000,0000000000000000,0,0
3279,3279,0,0000000,00,3,3,3,0000000000000000,0,0,3,8a4dc2f54ce705b0,0,1,0000000000000000,0000000000000000,0000000000000000,0,0
3280,3280,0,0000000,00,3,3,3,0000000000000000,0,0,3,8a4dc2f54ce705b0,0,1,0000000000000000,0000000000000000,0000000000000000,0,0
3281,3281,0,0000000,00,3,3,3,0000000000000000,0,0,3,8a4dc2f54ce705b0,0,1,0000000000000000,0000000000000000,0000000000000000,0,0
3282,3282,0,0000000,00,3,3,3,0000000000000000,0,0,3,8a4dc2f54ce705b0,0,1,0000000000000000,0000000000000000,0000000000000000,0,0
3283,3283,0,0000000,00,3,3,3,0000000000000000,0,0,3,8a4dc2f54ce705b0,0,1,0000000000000000,0000000000000000,0000000000000000,0,0
3284,3284,0,0000000,00,3,3,3,0000000000000000,0,0,3,8a4dc2f54ce705b0,0,1,0000000000000000,0000000000000000,0000000000000000,0,0
3285,3285,0,0000000,00,3,3,3,0000000000000000,0,0,3,8a4dc2f54ce705b0,0,1,0000000000000000,0000000000000000,0000000000000000,0,0
3286,3286,0,0000000,00,3,3,3,0000000000000000,0,0,3,8a4dc2f54ce705b0,0,1,0000000000000000,0000000000000000,0000000000000000,0,0
3287,3287,0,0000000,00,3,3,3,0000000000000000,0,0,3,8a4dc2f54ce705b0,0,1,0000000000000000,0000000000000000,0000000000000000,0,0
3288,3288,0,0000000,00,3,3,3,0000000000000000,0,0,3,8a4dc2f54ce705b0,0,1,0000000000000000,0000000000000000,0000000000000000,0,0
3289,3289,0,0000000,00,3,3,3,0000000000000000,0,0,3,8a4dc2f54ce705b0,0,1,0000000000000000,0000000000000000,0000000000000000,0,0
3290,3290,0,0000000,00,3,3,3,0000000000000000,0,0,3,8a4dc2f54ce705b0,0,1,0000000000000000,0000000000000000,0000000000000000,0,0
3291,3291,0,0000000,00,3,3,3,0000000000000000,0,0,3,8a4dc2f54ce705b0,0,1,0000000000000000,0000000000000000,0000000000000000,0,0
3292,3292,0,0000000,00,3,3,3,0000000000000000,0,0,3,8a4dc2f54ce705b0,0,1,0000000000000000,0000000000000000,0000000000000000,0,0
3293,3293,0,0000000,00,3,3,3,0000000000000000,0,0,3,8a4dc2f54ce705b0,0,1,0000000000000000,0000000000000000,0000000000000000,0,0
3294,3294,0,0000000,00,3,3,3,0000000000000000,0,0,3,8a4dc2f54ce705b0,0,1,0000000000000000,0000000000000000,0000000000000000,0,0
3295,3295,0,0000000,00,3,3,3,0000000000000000,0,0,3,8a4dc2f54ce705b0,0,1,0000000000000000,0000000000000000,0000000000000000,0,0
3296,3296,0,0000000,00,3,3,3,0000000000000000,0,0,3,8a4dc2f54ce705b0,0,1,0000000000000000,0000000000000000,0000000000000000,0,0
3297,3297,0,0000000,00,3,3,3,0000000000000000,0,0,3,8a4dc2f54ce705b0,0,1,0000000000000000,0000000000000000,0000000000000000,0,0
3298,3298,0,0000000,00,3,3,3,0000000000000000,0,0,3,8a4dc2f54ce705b0,0,1,0000000000000000,0000000000000000,0000000000000000,0,0
3299,3299,0,0000000,00,3,3,3,0000000000000000,0,0,3,8a4dc2f54ce705b0,0,1,0000000000000000,0000000000000000,0000000000000000,0,0
3300,3300,0,0000000,00,3,3,3,0000000000000000,0,0,3,8a4dc2f54ce705b0,0,1,0000000000000000,0000000000000000,0000000000000000,0,0
3301,3301,0,0000000,00,3,3,3,0000000000000000,0,0,3,8a4dc2f54ce705b0,0,1,0000000000000000,0000000000000000,0000000000000000,0,0
3302,3302,0,0000000,00,3,3,3,0000000000000000,0,0,3,8a4dc2f54ce705b0,0,1,0000000000000000,0000000000000000,0000000000000000,0,0
3303,3303,0,0000000,00,3,3,3,0000000000000000,0,0,3,8a4dc2f54ce705b0,0,1,0000000000000000,0000000000000000,0000000000000000,0,0
3304,3304,0,0000000,00,3,3,3,0000000000000000,0,0,3,8a4dc2f54ce705b0,0,1,0000000000000000,0000000000000000,0000000000000000,0,0
3305,3305,0,0000000,00,3,3,3,0000000000000000,0,0,3,8a4dc2f54ce705b0,0,1,0000000000000000,0000000000000000,0000000000000000,0,0
3306,3306,0,0000000,00,3,3,3,0000000000000000,0,0,3,8a4dc2f54ce705b0,0,1,0000000000000000,0000000000000000,0000000000000000,0,0
3307,3307,0,0000000,00,3,3,3,0000000000000000,0,0,3,8a4dc2f54ce705b0,0,1,0000000000000000,0000000000000000,0000000000000000,0,0
3308,3308,0,0000000,00,3,3,3,0000000000000000,0,0,3,8a4dc2f54ce705b0,0,1,0000000000000000,0000000000000000,0000000000000000,0,0
3309,3309,0,0000000,00,3,3,3,0000000000000000,0,0,3,8a4dc2f54ce705b0,0,1,0000000000000000,0000000000000000,0000000000000000,0,0
3310,3310,0,0000000,00,3,3,3,0000000000000000,0,0,3,8a4dc2f54ce705b0,0,1,0000000000000000,0000000000000000,0000000000000000,0,0
3311,3311,0,0000000,00,3,3,3,0000000000000000,0,0,3,8a4dc2f54ce705b0,0,1,0000000000000000,0000000000000000,0000000000000000,0,0
3312,3312,0,0000000,00,3,3,3,0000000000000000,0,0,3,8a4dc2f54ce705b0,0,1,0000000000000000,0000000000000000,0000000000000000,0,0
3313,3313,0,0000000,00,3,3,3,0000000000000000,0,0,3,8a4dc2f54ce705b0,0,1,0000000000000000,0000000000000000,0000000000000000,0,0
3314,3314,0,0000000,00,3,3,3,0000000000000000,0,0,3,8a4dc2f54ce705b0,0,1,0000000000000000,0000000000000000,0000000000000000,0,0
3315,3315,0,0000000,00,3,3,3,0000000000000000,0,0,3,8a4dc2f54ce705b0,0,1,0000000000000000,0000000000000000,0000000000000000,0,0
3316,3316,0,0000000,00,3,3,3,0000000000000000,0,0,3,8a4dc2f54ce705b0,0,1,0000000000000000,0000000000000000,0000000000000000,0,0
3317,3317,0,0000000,00,3,3,3,0000000000000000,0,0,3,8a4dc2f54ce705b0,0,1,0000000000000000,0000000000000000,0000000000000000,0,0
3318,3318,0,0000000,00,3,3,3,0000000000000000,0,0,3,8a4dc2f54ce705b0,0,1,0000000000000000,0000000000000000,0000000000000000,0,0
3319,3319,0,0000000,00,3,3,3,0000000000000000,0,0,3,8a4dc2f54ce705b0,0,1,0000000000000000,0000000000000000,0000000000000000,0,0
3320,3320,0,0000000,00,3,3,3,0000000000000000,0,0,3,8a4dc2f54ce705b0,0,1,0000000000000000,0000000000000000,0000000000000000,0,0
3321,3321,0,0000000,00,3,3,3,0000000000000000,0,0,3,8a4dc2f54ce705b0,0,1,0000000000000000,0000000000000000,0000000000000000,0,0
3322,3322,0,0000000,00,3,3,3,0000000000000000,0,0,3,8a4dc2f54ce705b0,0,1,0000000000000000,0000000000000000,0000000000000000,0,0
3323,3323,0,0000000,00,3,3,3,0000000000000000,0,0,3,8a4dc2f54ce705b0,0,1,0000000000000000,0000000000000000,0000000000000000,0,0
3324,3324,0,0000000,00,3,3,3,0000000000000000,0,0,3,8a4dc2f54ce705b0,0,1,0000000000000000,0000000000000000,0000000000000000,0,0
3325,3325,0,0000000,00,3,3,3,0000000000000000,0,0,3,8a4dc2f54ce705b0,0,1,0000000000000000,0000000000000000,0000000000000000,0,0
3326,3326,0,0000000,00,3,3,3,0000000000000000,0,0,3,8a4dc2f54ce705b0,0,1,0000000000000000,0000000000000000,0000000000000000,0,0
3327,3327,0,0000000,00,3,3,3,0000000000000000,0,0,3,8a4dc2f54ce705b0,0,1,0000000000000000,0000000000000000,0000000000000000,0,0
3328,3328,0,0000000,00,3,3,3,0000000000000000,0,0,3,8a4dc2f54ce705b0,0,1,0000000000000000,0000000000000000,0000000000000000,0,0
3329,3329,0,0000000,00,3,3,3,0000000000000000,0,0,3,8a4dc2f54ce705b0,0,1,0000000000000000,0000000000000000,0000000000000000,0,0
3330,3330,0,0000000,00,3,3,3,0000000000000000,0,0,3,8a4dc2f54ce705b0,0,1,0000000000000000,0000000000000000,0000000000000000,0,0
3331,3331,0,0000000,00,3,3,3,0000000000000000,0,0,3,8a4dc2f54ce705b0,0,1,0000000000000000,0000000000000000,0000000000000000,0,0
3332,3332,0,0000000,00,3,3,3,0000000000000000,0,0,3,8a4dc2f54ce705b0,0,1,0000000000000000,0000000000000000,0000000000000000,0,0
3333,3333,0,0000000,00,3,3,3,0000000000000000,0,0,3,8a4dc2f54ce705b0,0,1,0000000000000000,0000000000000000,0000000000000000,0,0
3334,3334,0,0000000,00,3,3,3,0000000000000000,0,0,3,8a4dc2f54ce705b0,0,1,0000000000000000,0000000000000000,0000000000000000,0,0
3335,3335,0,0000000,00,3,3,3,0000000000000000,0,0,3,8a4dc2f54ce705b0,0,1,0000000000000000,0000000000000000,0000000000000000,0,0
3336,3336,0,0000000,00,3,3,3,0000000000000000,0,0,3,8a4dc2f54ce705b0,0,1,0000000000000000,0000000000000000,0000000000000000,0,0
3337,3337,0,0000000,00,3,3,3,0000000000000000,0,0,3,8a4dc2f54ce705b0,0,1,0000000000000000,0000000000000000,0000000000000000,0,0
3338,3338,0,0000000,00,3,3,3,0000000000000000,0,0,3,8a4dc2f54ce705b0,0,1,0000000000000000,0000000000000000,0000000000000000,0,0
3339,3339,0,0000000,00,3,3,3,0000000000000000,0,0,3,8a4dc2f54ce705b0,0,1,0000000000000000,0000000000000000,0000000000000000,0,0
3340,3340,0,0000000,00,3,3,3,0000000000000000,0,0,3,8a4dc2f54ce705b0,0,1,0000000000000000,0000000000000000,0000000000000000,0,0
3341,3341,0,0000000,00,3,3,3,0000000000000000,0,0,3,8a4dc2f54ce705b0,0,1,0000000000000000,0000000000000000,0000000000000000,0,0
3342,3342,0,0000000,00,3,3,3,0000000000000000,0,0,3,8a4dc2f54ce705b0,0,1,0000000000000000,0000000000000000,0000000000000000,0,0
3343,3343,0,0000000,00,3,3,3,0000000000000000,0,0,3,8a4dc2f54ce705b0,0,1,0000000000000000,0000000000000000,0000000000000000,0,0
3344,3344,0,0000000,00,3,3,3,0000000000000000,0,0,3,8a4dc2f54ce705b0,0,1,0000000000000000,0000000000000000,0000000000000000,0,0
3345,3345,0,0000000,00,3,3,3,0000000000000000,0,0,3,8a4dc2f54ce705b0,0,1,0000000000000000,0000000000000000,0000000000000000,0,0
3346,3346,0,0000000,00,3,3,3,0000000000000000,0,0,3,8a4dc2f54ce705b0,0,1,0000000000000000,0000000000000000,0000000000000000,0,0
3347,3347,0,0000000,00,3,3,3,0000000000000000,0,0,3,8a4dc2f54ce705b0,0,1,0000000000000000,0000000000000000,0000000000000000,0,0
3348,3348,0,0000000,00,3,3,3,0000000000000000,0,0,3,8a4dc2f54ce705b0,0,1,0000000000000000,0000000000000000,0000000000000000,0,0
3349,3349,0,0000000,00,3,3,3,0000000000000000,0,0,3,8a4dc2f54ce705b0,0,1,0000000000000000,0000000000000000,0000000000000000,0,0
3350,3350,0,0000000,00,3,3,3,0000000000000000,0,0,3,8a4dc2f54ce705b0,0,1,0000000000000000,0000000000000000,0000000000000000,0,0
3351,3351,0,0000000,00,3,3,3,0000000000000000,0,0,3,8a4dc2f54ce705b0,0,1,0000000000000000,0000000000000000,0000000000000000,0,0
3352,3352,0,0000000,00,3,3,3,0000000000000000,0,0,3,8a4dc2f54ce705b0,0,1,0000000000000000,0000000000000000,0000000000000000,0,0
3353,3353,0,0000000,00,3,3,3,0000000000000000,0,0,3,8a4dc2f54ce705b0,0,1,0000000000000000,0000000000000000,0000000000000000,0,0
3354,3354,0,0000000,00,3,3,3,0000000000000000,0,0,3,8a4dc2f54ce705b0,0,1,0000000000000000,0000000000000000,0000000000000000,0,0
3355,3355,0,0000000,00,3,3,3,0000000000000000,0,0,3,8a4dc2f54ce705b0,0,1,0000000000000000,0000000000000000,0000000000000000,0,0
3356,3356,0,0000000,00,3,3,3,0000000000000000,0,0,3,8a4dc2f54ce705b0,0,1,0000000000000000,0000000000000000,0000000000000000,0,0
3357,3357,0,0000000,00,3,3,3,0000000000000000,0,0,3,8a4dc2f54ce705b0,0,1,0000000000000000,0000000000000000,0000000000000000,0,0
3358,3358,0,0000000,00,3,3,3,0000000000000000,0,0,3,8a4dc2f54ce705b0,0,1,0000000000000000,0000000000000000,0000000000000000,0,0
3359,3359,0,0000000,00,3,3,3,0000000000000000,0,0,3,8a4dc2f54ce705b0,0,1,0000000000000000,0000000000000000,0000000000000000,0,0
3360,3360,0,0000000,00,3,3,3,0000000000000000,0,0,3,8a4dc2f54ce705b0,0,1,0000000000000000,0000000000000000,0000000000000000,0,0
3361,3361,0,0000000,00,3,3,3,0000000000000000,0,0,3,8a4dc2f54ce705b0,0,1,0000000000000000,0000000000000000,0000000000000000,0,0
3362,3362,0,0000000,00,3,3,3,0000000000000000,0,0,3,8a4dc2f54ce705b0,0,1,0000000000000000,0000000000000000,0000000000000000,0,0
3363,3363,0,0000000,00,3,3,3,0000000000000000,0,0,3,8a4dc2f54ce705b0,0,1,0000000000000000,0000000000000000,0000000000000000,0,0
3364,3364,0,0000000,00,3,3,3,0000000000000000,0,0,3,8a4dc2f54ce705b0,0,1,0000000000000000,0000000000000000,0000000000000000,0,0
3365,3365,0,0000000,00,3,3,3,0000000000000000,0,0,3,8a4dc2f54ce705b0,0,1,0000000000000000,0000000000000000,0000000000000000,0,0
3366,3366,0,0000000,00,3,3,3,0000000000000000,0,0,3,8a4dc2f54ce705b0,0,1,0000000000000000,0000000000000000,0000000000000000,0,0
3367,3367,0,0000000,00,3,3,3,0000000000000000,0,0,3,8a4dc2f54ce705b0,0,1,0000000000000000,0000000000000000,0000000000000000,0,0
3368,3368,0,0000000,00,3,3,3,0000000000000000,0,0,3,8a4dc2f54ce705b0,0,1,0000000000000000,0000000000000000,0000000000000000,0,0
3369,3369,0,0000000,00,3,3,3,0000000000000000,0,0,3,8a4dc2f54ce705b0,0,1,0000000000000000,0000000000000000,0000000000000000,0,0
3370,3370,0,0000000,00,3,3,3,0000000000000000,0,0,3,8a4dc2f54ce705b0,0,1,0000000000000000,0000000000000000,0000000000000000,0,0
3371,3371,0,0000000,00,3,3,3,0000000000000000,0,0,3,8a4dc2f54ce705b0,0,1,0000000000000000,0000000000000000,0000000000000000,0,0
3372,3372,0,0000000,00,3,3,3,0000000000000000,0,0,3,8a4dc2f54ce705b0,0,1,0000000000000000,0000000000000000,0000000000000000,0,0
3373,3373,0,0000000,00,3,3,3,0000000000000000,0,0,3,8a4dc2f54ce705b0,0,1,0000000000000000,0000000000000000,0000000000000000,0,0
3374,3374,0,0000000,00,3,3,3,0000000000000000,0,0,3,8a4dc2f54ce705b0,0,1,0000000000000000,0000000000000000,0000000000000000,0,0
3375,3375,0,0000000,00,3,3,3,0000000000000000,0,0,3,8a4dc2f54ce705b0,0,1,0000000000000000,0000000000000000,0000000000000000,0,0
3376,3376,0,0000000,00,3,3,3,0000000000000000,0,0,3,8a4dc2f54ce705b0,0,1,0000000000000000,0000000000000000,0000000000000000,0,0
3377,3377,0,0000000,00,3,3,3,0000000000000000,0,0,3,8a4dc2f54ce705b0,0,1,0000000000000000,0000000000000000,0000000000000000,0,0
3378,3378,0,0000000,00,3,3,3,0000000000000000,0,0,3,8a4dc2f54ce705b0,0,1,0000000000000000,0000000000000000,0000000000000000,0,0
3379,3379,0,0000000,00,3,3,3,0000000000000000,0,0,3,8a4dc2f54ce705b0,0,1,0000000000000000,0000000000000000,0000000000000000,0,0
3380,3380,0,0000000,00,3,3,3,0000000000000000,0,0,3,8a4dc2f54ce705b0,0,1,0000000000000000,0000000000000000,0000000000000000,0,0
3381,3381,0,0000000,00,3,3,3,0000000000000000,0,0,3,8a4dc2f54ce705b0,0,1,0000000000000000,0000000000000000,0000000000000000,0,0
3382,3382,0,0000000,00,3,3,3,0000000000000000,0,0,3,8a4dc2f54ce705b0,0,1,0000000000000000,0000000000000000,0000000000000000,0,0
3383,3383,0,0000000,00,3,3,3,0000000000000000,0,0,3,8a4dc2f54ce705b0,0,1,0000000000000000,0000000000000000,0000000000000000,0,0
3384,3384,0,0000000,00,3,3,3,0000000000000000,0,0,3,8a4dc2f54ce705b0,0,1,0000000000000000,0000000000000000,0000000000000000,0,0
3385,3385,0,0000000,00,3,3,3,0000000000000000,0,0,3,8a4dc2f54ce705b0,0,1,0000000000000000,0000000000000000,0000000000000000,0,0
3386,3386,0,0000000,00,3,3,3,0000000000000000,0,0,3,8a4dc2f54ce705b0,0,1,0000000000000000,0000000000000000,0000000000000000,0,0
3387,3387,0,0000000,00,3,3,3,0000000000000000,0,0,3,8a4dc2f54ce705b0,0,1,0000000000000000,0000000000000000,0000000000000000,0,0
3388,3388,0,0000000,00,3,3,3,0000000000000000,0,0,3,8a4dc2f54ce705b0,0,1,0000000000000000,0000000000000000,0000000000000000,0,0
3389,3389,0,0000000,00,3,3,3,0000000000000000,0,0,3,8a4dc2f54ce705b0,0,1,0000000000000000,0000000000000000,0000000000000000,0,0
3390,3390,0,0000000,00,3,3,3,0000000000000000,0,0,3,8a4dc2f54ce705b0,0,1,0000000000000000,0000000000000000,0000000000000000,0,0
3391,3391,0,0000000,00,3,3,3,0000000000000000,0,0,3,8a4dc2f54ce705b0,0,1,0000000000000000,0000000000000000,0000000000000000,0,0
3392,3392,0,0000000,00,3,3,3,0000000000000000,0,0,3,8a4dc2f54ce705b0,0,1,0000000000000000,0000000000000000,0000000000000000,0,0
3393,3393,0,0000000,00,3,3,3,0000000000000000,0,0,3,8a4dc2f54ce705b0,0,1,0000000000000000,0000000000000000,0000000000000000,0,0
3394,3394,0,0000000,00,3,3,3,0000000000000000,0,0,3,8a4dc2f54ce705b0,0,1,0000000000000000,0000000000000000,0000000000000000,0,0
3395,3395,0,0000000,00,3,3,3,0000000000000000,0,0,3,8a4dc2f54ce705b0,0,1,0000000000000000,0000000000000000,0000000000000000,0,0
3396,3396,0,0000000,00,3,3,3,0000000000000000,0,0,3,8a4dc2f54ce705b0,0,1,0000000000000000,0000000000000000,0000000000000000,0,0
3397,3397,0,0000000,00,3,3,3,0000000000000000,0,0,3,8a4dc2f54ce705b0,0,1,0000000000000000,0000000000000000,0000000000000000,0,0
3398,3398,0,0000000,00,3,3,3,0000000000000000,0,0,3,8a4dc2f54ce705b0,0,1,0000000000000000,0000000000000000,0000000000000000,0,0
3399,3399,0,0000000,00,3,3,3,0000000000000000,0,0,3,8a4dc2f54ce705b0,0,1,0000000000000000,0000000000000000,0000000000000000,0,0
3400,3400,0,0000000,00,3,3,3,0000000000000000,0,0,3,8a4dc2f54ce705b0,0,1,0000000000000000,0000000000000000,0000000000000000,0,0
3401,3401,0,0000000,00,3,3,3,0000000000000000,0,0,3,8a4dc2f54ce705b0,0,1,0000000000000000,0000000000000000,0000000000000000,0,0
3402,3402,0,0000000,00,3,3,3,0000000000000000,0,0,3,8a4dc2f54ce705b0,0,1,0000000000000000,0000000000000000,0000000000000000,0,0
3403,3403,0,0000000,00,3,3,3,0000000000000000,0,0,3,8a4dc2f54ce705b0,0,1,0000000000000000,0000000000000000,0000000000000000,0,0
3404,3404,0,0000000,00,3,3,3,0000000000000000,0,0,3,8a4dc2f54ce705b0,0,1,0000000000000000,0000000000000000,0000000000000000,0,0
3405,3405,0,0000000,00,3,3,3,0000000000000000,0,0,3,8a4dc2f54ce705b0,0,1,0000000000000000,0000000000000000,0000000000000000,0,0
3406,3406,0,0000000,00,3,3,3,0000000000000000,0,0,3,8a4dc2f54ce705b0,0,1,0000000000000000,0000000000000000,0000000000000000,0,0
3407,3407,0,0000000,00,3,3,3,0000000000000000,0,0,3,8a4dc2f54ce705b0,0,1,0000000000000000,0000000000000000,0000000000000000,0,0
3408,3408,0,0000000,00,3,3,3,0000000000000000,0,0,3,8a4dc2f54ce705b0,0,1,0000000000000000,0000000000000000,0000000000000000,0,0
3409,3409,0,0000000,00,3,3,3,0000000000000000,0,0,3,8a4dc2f54ce705b0,0,1,0000000000000000,0000000000000000,0000000000000000,0,0
3410,3410,0,0000000,00,3,3,3,0000000000000000,0,0,3,8a4dc2f54ce705b0,0,1,0000000000000000,0000000000000000,0000000000000000,0,0
3411,3411,0,0000000,00,3,3,3,0000000000000000,0,0,3,8a4dc2f54ce705b0,0,1,0000000000000000,0000000000000000,0000000000000000,0,0
3412,3412,0,0000000,00,3,3,3,0000000000000000,0,0,3,8a4dc2f54ce705b0,0,1,0000000000000000,0000000000000000,0000000000000000,0,0
3413,3413,0,0000000,00,3,3,3,0000000000000000,0,0,3,8a4dc2f54ce705b0,0,1,0000000000000000,0000000000000000,0000000000000000,0,0
3414,3414,0,0000000,00,3,3,3,0000000000000000,0,0,3,8a4dc2f54ce705b0,0,1,0000000000000000,0000000000000000,0000000000000000,0,0
3415,3415,0,0000000,00,3,3,3,0000000000000000,0,0,3,8a4dc2f54ce705b0,0,1,0000000000000000,0000000000000000,0000000000000000,0,0
3416,3416,0,0000000,00,3,3,3,0000000000000000,0,0,3,8a4dc2f54ce705b0,0,1,0000000000000000,0000000000000000,0000000000000000,0,0
3417,3417,0,0000000,00,3,3,3,0000000000000000,0,0,3,8a4dc2f54ce705b0,0,1,0000000000000000,0000000000000000,0000000000000000,0,0
3418,3418,0,0000000,00,3,3,3,0000000000000000,0,0,3,8a4dc2f54ce705b0,0,1,0000000000000000,0000000000000000,0000000000000000,0,0
3419,3419,0,0000000,00,3,3,3,0000000000000000,0,0,3,8a4dc2f54ce705b0,0,1,0000000000000000,0000000000000000,0000000000000000,0,0
3420,3420,0,0000000,00,3,3,3,0000000000000000,0,0,3,8a4dc2f54ce705b0,0,1,0000000000000000,0000000000000000,0000000000000000,0,0
3421,3421,0,0000000,00,3,3,3,0000000000000000,0,0,3,8a4dc2f54ce705b0,0,1,0000000000000000,0000000000000000,0000000000000000,0,0
3422,3422,0,0000000,00,3,3,3,0000000000000000,0,0,3,8a4dc2f54ce705b0,0,1,0000000000000000,0000000000000000,0000000000000000,0,0
3423,3423,0,0000000,00,3,3,3,0000000000000000,0,0,3,8a4dc2f54ce705b0,0,1,0000000000000000,0000000000000000,0000000000000000,0,0
3424,3424,0,0000000,00,3,3,3,0000000000000000,0,0,3,8a4dc2f54ce705b0,0,1,0000000000000000,0000000000000000,0000000000000000,0,0
3425,3425,0,0000000,00,3,3,3,0000000000000000,0,0,3,8a4dc2f54ce705b0,0,1,0000000000000000,0000000000000000,0000000000000000,0,0
3426,3426,0,0000000,00,3,3,3,0000000000000000,0,0,3,8a4dc2f54ce705b0,0,1,0000000000000000,0000000000000000,0000000000000000,0,0
3427,3427,0,0000000,00,3,3,3,0000000000000000,0,0,3,8a4dc2f54ce705b0,0,1,0000000000000000,0000000000000000,0000000000000000,0,0
3428,3428,0,0000000,00,3,3,3,0000000000000000,0,0,3,8a4dc2f54ce705b0,0,1,0000000000000000,0000000000000000,0000000000000000,0,0
3429,3429,0,0000000,00,3,3,3,0000000000000000,0,0,3,8a4dc2f54ce705b0,0,1,0000000000000000,0000000000000000,0000000000000000,0,0
3430,3430,0,0000000,00,3,3,3,0000000000000000,0,0,3,8a4dc2f54ce705b0,0,1,0000000000000000,0000000000000000,0000000000000000,0,0
3431,3431,0,0000000,00,3,3,3,0000000000000000,0,0,3,8a4dc2f54ce705b0,0,1,0000000000000000,0000000000000000,0000000000000000,0,0
3432,3432,0,0000000,00,3,3,3,0000000000000000,0,0,3,8a4dc2f54ce705b0,0,1,0000000000000000,0000000000000000,0000000000000000,0,0
3433,3433,0,0000000,00,3,3,3,0000000000000000,0,0,3,8a4dc2f54ce705b0,0,1,0000000000000000,0000000000000000,0000000000000000,0,0
3434,3434,0,0000000,00,3,3,3,0000000000000000,0,0,3,8a4dc2f54ce705b0,0,1,0000000000000000,0000000000000000,0000000000000000,0,0
3435,3435,0,0000000,00,2,2,2,0000000000000000,0,0,3,8a4dc2f54ce705b0,0,1,0000000000000000,0000000000000000,0000000000000000,0,0
3436,3436,0,0000000,00,3,3,3,0000000000000000,0,0,3,8a4dc2f54ce705b0,0,1,0000000000000000,0000000000000000,0000000000000000,0,0
3437,3437,0,0000000,00,3,3,3,0000000000000000,0,0,3,8a4dc2f54ce705b0,0,1,0000000000000000,0000000000000000,0000000000000000,0,0
3438,3438,0,0000000,00,3,3,3,0000000000000000,0,0,3,8a4dc2f54ce705b0,0,1,0000000000000000,0000000000000000,0000000000000000,0,0
3439,3439,0,0000000,00,3,3,3,0000000000000000,0,0,3,8a4dc2f54ce705b0,0,1,0000000000000000,0000000000000000,0000000000000000,0,0
3440,3440,0,0000000,00,3,3,3,0000000000000000,0,0,3,8a4dc2f54ce705b0,0,1,0000000000000000,0000000000000000,0000000000000000,0,0
3441,3441,0,0000000,00,3,3,3,0000000000000000,0,0,3,8a4dc2f54ce705b0,0,1,0000000000000000,0000000000000000,0000000000000000,0,0
3442,3442,0,0000000,00,3,3,3,0000000000000000,0,0,3,8a4dc2f54ce705b0,0,1,0000000000000000,0000000000000000,0000000000000000,0,0
3443,3443,0,0000000,00,3,3,3,0000000000000000,0,0,3,8a4dc2f54ce705b0,0,1,0000000000000000,0000000000000000,0000000000000000,0,0
3444,3444,0,0000000,00,3,3,3,0000000000000000,0,0,3,8a4dc2f54ce705b0,0,1,0000000000000000,0000000000000000,0000000000000000,0,0
3445,3445,0,0000000,00,3,3,3,0000000000000000,0,0,3,8a4dc2f54ce705b0,0,1,0000000000000000,0000000000000000,0000000000000000,0,0
3446,3446,0,0000000,00,3,3,3,0000000000000000,0,0,3,8a4dc2f54ce705b0,0,1,0000000000000000,0000000000000000,0000000000000000,0,0
3447,3447,0,0000000,00,3,3,3,0000000000000000,0,0,3,8a4dc2f54ce705b0,0,1,0000000000000000,0000000000000000,0000000000000000,0,0
3448,3448,0,0000000,00,3,3,3,0000000000000000,0,0,3,8a4dc2f54ce705b0,0,1,0000000000000000,0000000000000000,0000000000000000,0,0
3449,3449,0,0000000,00,3,3,3,0000000000000000,0,0,3,8a4dc2f54ce705b0,0,1,0000000000000000,0000000000000000,0000000000000000,0,0
3450,3450,0,0000000,00,3,3,3,0000000000000000,0,0,3,8a4dc2f54ce705b0,0,1,0000000000000000,0000000000000000,0000000000000000,0,0
3451,3451,0,0000000,00,3,3,3,0000000000000000,0,0,3,8a4dc2f54ce705b0,0,1,0000000000000000,0000000000000000,0000000000000000,0,0
3452,3452,0,0000000,00,3,3,3,0000000000000000,0,0,3,8a4dc2f54ce705b0,0,1,0000000000000000,0000000000000000,0000000000000000,0,0
3453,3453,0,0000000,00,3,3,3,0000000000000000,0,0,3,8a4dc2f54ce705b0,0,1,0000000000000000,0000000000000000,0000000000000000,0,0
3454,3454,0,0000000,00,3,3,3,0000000000000000,0,0,3,8a4dc2f54ce705b0,0,1,0000000000000000,0000000000000000,0000000000000000,0,0
3455,3455,0,0000000,00,3,3,3,0000000000000000,0,0,3,8a4dc2f54ce705b0,0,1,0000000000000000,0000000000000000,0000000000000000,0,0
3456,3456,0,0000000,00,3,3,3,0000000000000000,0,0,3,8a4dc2f54ce705b0,0,1,0000000000000000,0000000000000000,0000000000000000,0,0
3457,3457,0,0000000,00,3,3,3,0000000000000000,0,0,3,8a4dc2f54ce705b0,0,1,0000000000000000,0000000000000000,0000000000000000,0,0
3458,3458,0,0000000,00,3,3,3,0000000000000000,0,0,3,8a4dc2f54ce705b0,0,1,0000000000000000,0000000000000000,0000000000000000,0,0
3459,3459,0,0000000,00,3,3,3,0000000000000000,0,0,3,8a4dc2f54ce705b0,0,1,0000000000000000,0000000000000000,0000000000000000,0,0
3460,3460,0,0000000,00,3,3,3,0000000000000000,0,0,3,8a4dc2f54ce705b0,0,1,0000000000000000,0000000000000000,0000000000000000,0,0
3461,3461,0,0000000,00,3,3,3,0000000000000000,0,0,3,8a4dc2f54ce705b0,0,1,0000000000000000,0000000000000000,0000000000000000,0,0
3462,3462,0,0000000,00,3,3,3,0000000000000000,0,0,3,8a4dc2f54ce705b0,0,1,0000000000000000,0000000000000000,0000000000000000,0,0
3463,3463,0,0000000,00,3,3,3,0000000000000000,0,0,3,8a4dc2f54ce705b0,0,1,0000000000000000,0000000000000000,0000000000000000,0,0
3464,3464,0,0000000,00,3,3,3,0000000000000000,0,0,3,8a4dc2f54ce705b0,0,1,0000000000000000,0000000000000000,0000000000000000,0,0
3465,3465,0,0000000,00,3,3,3,0000000000000000,0,0,3,8a4dc2f54ce705b0,0,1,0000000000000000,0000000000000000,0000000000000000,0,0
3466,3466,0,0000000,00,3,3,3,0000000000000000,0,0,3,8a4dc2f54ce705b0,0,1,0000000000000000,0000000000000000,0000000000000000,0,0
3467,3467,0,0000000,00,3,3,3,0000000000000000,0,0,3,8a4dc2f54ce705b0,0,1,0000000000000000,0000000000000000,0000000000000000,0,0
3468,3468,0,0000000,00,3,3,3,0000000000000000,0,0,3,8a4dc2f54ce705b0,0,1,0000000000000000,0000000000000000,0000000000000000,0,0
3469,3469,0,0000000,00,3,3,3,0000000000000000,0,0,3,8a4dc2f54ce705b0,0,1,0000000000000000,0000000000000000,0000000000000000,0,0
3470,3470,0,0000000,00,3,3,3,0000000000000000,0,0,3,8a4dc2f54ce705b0,0,1,0000000000000000,0000000000000000,0000000000000000,0,0
3471,3471,0,0000000,00,3,3,3,0000000000000000,0,0,3,8a4dc2f54ce705b0,0,1,0000000000000000,0000000000000000,0000000000000000,0,0
3472,3472,0,0000000,00,3,3,3,0000000000000000,0,0,3,8a4dc2f54ce705b0,0,1,0000000000000000,0000000000000000,0000000000000000,0,0
3473,3473,0,0000000,00,3,3,3,0000000000000000,0,0,3,8a4dc2f54ce705b0,0,1,0000000000000000,0000000000000000,0000000000000000,0,0
3474,3474,0,0000000,00,3,3,3,0000000000000000,0,0,3,8a4dc2f54ce705b0,0,1,0000000000000000,0000000000000000,0000000000000000,0,0
3475,3475,0,0000000,00,3,3,3,0000000000000000,0,0,3,8a4dc2f54ce705b0,0,1,0000000000000000,0000000000000000,0000000000000000,0,0
3476,3476,0,0000000,00,3,3,3,0000000000000000,0,0,3,8a4dc2f54ce705b0,0,1,0000000000000000,0000000000000000,0000000000000000,0,0
3477,3477,0,0000000,00,3,3,3,0000000000000000,0,0,3,8a4dc2f54ce705b0,0,1,0000000000000000,0000000000000000,0000000000000000,0,0
3478,3478,0,0000000,00,3,3,3,0000000000000000,0,0,3,8a4dc2f54ce705b0,0,1,0000000000000000,0000000000000000,0000000000000000,0,0
3479,3479,0,0000000,00,3,3,3,0000000000000000,0,0,3,8a4dc2f54ce705b0,0,1,0000000000000000,0000000000000000,0000000000000000,0,0
3480,3480,0,0000000,00,3,3,3,0000000000000000,0,0,3,8a4dc2f54ce705b0,0,1,0000000000000000,0000000000000000,0000000000000000,0,0
3481,3481,0,0000000,00,3,3,3,0000000000000000,0,0,3,8a4dc2f54ce705b0,0,1,0000000000000000,0000000000000000,0000000000000000,0,0
3482,3482,0,0000000,00,3,3,3,0000000000000000,0,0,3,8a4dc2f54ce705b0,0,1,0000000000000000,0000000000000000,0000000000000000,0,0
3483,3483,0,0000000,00,3,3,3,0000000000000000,0,0,3,8a4dc2f54ce705b0,0,1,0000000000000000,0000000000000000,0000000000000000,0,0
3484,3484,0,0000000,00,3,3,3,0000000000000000,0,0,3,8a4dc2f54ce705b0,0,1,0000000000000000,0000000000000000,0000000000000000,0,0
3485,3485,0,0000000,00,3,3,3,0000000000000000,0,0,3,8a4dc2f54ce705b0,0,1,0000000000000000,0000000000000000,0000000000000000,0,0
3486,3486,0,0000000,00,3,3,3,0000000000000000,0,0,3,8a4dc2f54ce705b0,0,1,0000000000000000,0000000000000000,0000000000000000,0,0
3487,3487,0,0000000,00,3,3,3,0000000000000000,0,0,3,8a4dc2f54ce705b0,0,1,0000000000000000,0000000000000000,0000000000000000,0,0
3488,3488,0,0000000,00,3,3,3,0000000000000000,0,0,3,8a4dc2f54ce705b0,0,1,0000000000000000,0000000000000000,0000000000000000,0,0
3489,3489,0,0000000,00,3,3,3,0000000000000000,0,0,3,8a4dc2f54ce705b0,0,1,0000000000000000,0000000000000000,0000000000000000,0,0
3490,3490,0,0000000,00,3,3,3,0000000000000000,0,0,3,8a4dc2f54ce705b0,0,1,0000000000000000,0000000000000000,0000000000000000,0,0
3491,3491,0,0000000,00,3,3,3,0000000000000000,0,0,3,8a4dc2f54ce705b0,0,1,0000000000000000,0000000000000000,0000000000000000,0,0
3492,3492,0,0000000,00,3,3,3,0000000000000000,0,0,3,8a4dc2f54ce705b0,0,1,0000000000000000,0000000000000000,0000000000000000,0,0
3493,3493,0,0000000,00,3,3,3,0000000000000000,0,0,3,8a4dc2f54ce705b0,0,1,0000000000000000,0000000000000000,0000000000000000,0,0
3494,3494,0,0000000,00,3,3,3,0000000000000000,0,0,3,8a4dc2f54ce705b0,0,1,0000000000000000,0000000000000000,0000000000000000,0,0
3495,3495,0,0000000,00,3,3,3,0000000000000000,0,0,3,8a4dc2f54ce705b0,0,1,0000000000000000,0000000000000000,0000000000000000,0,0
3496,3496,0,0000000,00,3,3,3,0000000000000000,0,0,3,8a4dc2f54ce705b0,0,1,0000000000000000,0000000000000000,0000000000000000,0,0
3497,3497,0,0000000,00,3,3,3,0000000000000000,0,0,3,8a4dc2f54ce705b0,0,1,0000000000000000,0000000000000000,0000000000000000,0,0
3498,3498,0,0000000,00,3,3,3,0000000000000000,0,0,3,8a4dc2f54ce705b0,0,1,0000000000000000,0000000000000000,0000000000000000,0,0
3499,3499,0,0000000,00,3,3,3,0000000000000000,0,0,3,8a4dc2f54ce705b0,0,1,0000000000000000,0000000000000000,0000000000000000,0,0
3500,3500,0,0000000,00,3,3,3,0000000000000000,0,0,3,8a4dc2f54ce705b0,0,1,0000000000000000,0000000000000000,0000000000000000,0,0
3501,3501,0,0000000,00,3,3,3,0000000000000000,0,0,3,8a4dc2f54ce705b0,0,1,0000000000000000,0000000000000000,0000000000000000,0,0
3502,3502,0,0000000,00,3,3,3,0000000000000000,0,0,3,8a4dc2f54ce705b0,0,1,0000000000000000,0000000000000000,0000000000000000,0,0
3503,3503,0,0000000,00,3,3,3,0000000000000000,0,0,3,8a4dc2f54ce705b0,0,1,0000000000000000,0000000000000000,0000000000000000,0,0
3504,3504,0,0000000,00,3,3,3,0000000000000000,0,0,3,8a4dc2f54ce705b0,0,1,0000000000000000,0000000000000000,0000000000000000,0,0
3505,3505,0,0000000,00,3,3,3,0000000000000000,0,0,3,8a4dc2f54ce705b0,0,1,0000000000000000,0000000000000000,0000000000000000,0,0
3506,3506,0,0000000,00,3,3,3,0000000000000000,0,0,3,8a4dc2f54ce705b0,0,1,0000000000000000,0000000000000000,0000000000000000,0,0
3507,3507,0,0000000,00,3,3,3,0000000000000000,0,0,3,8a4dc2f54ce705b0,0,1,0000000000000000,0000000000000000,0000000000000000,0,0
3508,3508,0,0000000,00,3,3,3,0000000000000000,0,0,3,8a4dc2f54ce705b0,0,1,0000000000000000,0000000000000000,0000000000000000,0,0
3509,3509,0,0000000,00,3,3,3,0000000000000000,0,0,3,8a4dc2f54ce705b0,0,1,0000000000000000,0000000000000000,0000000000000000,0,0
3510,3510,0,0000000,00,3,3,3,0000000000000000,0,0,3,8a4dc2f54ce705b0,0,1,0000000000000000,0000000000000000,0000000000000000,0,0
3511,3511,0,0000000,00,3,3,3,0000000000000000,0,0,3,8a4dc2f54ce705b0,0,1,0000000000000000,0000000000000000,0000000000000000,0,0
3512,3512,0,0000000,00,3,3,3,0000000000000000,0,0,3,8a4dc2f54ce705b0,0,1,0000000000000000,0000000000000000,0000000000000000,0,0
3513,3513,0,0000000,00,3,3,3,0000000000000000,0,0,3,8a4dc2f54ce705b0,0,1,0000000000000000,0000000000000000,0000000000000000,0,0
3514,3514,0,0000000,00,3,3,3,0000000000000000,0,0,3,8a4dc2f54ce705b0,0,1,0000000000000000,0000000000000000,0000000000000000,0,0
3515,3515,0,0000000,00,3,3,3,0000000000000000,0,0,3,8a4dc2f54ce705b0,0,1,0000000000000000,0000000000000000,0000000000000000,0,0
3516,3516,0,0000000,00,3,3,3,0000000000000000,0,0,3,8a4dc2f54ce705b0,0,1,0000000000000000,0000000000000000,0000000000000000,0,0
3517,3517,0,0000000,00,3,3,3,0000000000000000,0,0,3,8a4dc2f54ce705b0,0,1,0000000000000000,0000000000000000,0000000000000000,0,0
3518,3518,0,0000000,00,3,3,3,0000000000000000,0,0,3,8a4dc2f54ce705b0,0,1,0000000000000000,0000000000000000,0000000000000000,0,0
3519,3519,0,0000000,00,3,3,3,0000000000000000,0,0,3,8a4dc2f54ce705b0,0,1,0000000000000000,0000000000000000,0000000000000000,0,0
3520,3520,0,0000000,00,3,3,3,0000000000000000,0,0,3,8a4dc2f54ce705b0,0,1,0000000000000000,0000000000000000,0000000000000000,0,0
3521,3521,0,0000000,00,3,3,3,0000000000000000,0,0,3,8a4dc2f54ce705b0,0,1,0000000000000000,0000000000000000,0000000000000000,0,0
3522,3522,0,0000000,00,3,3,3,0000000000000000,0,0,3,8a4dc2f54ce705b0,0,1,0000000000000000,0000000000000000,0000000000000000,0,0
3523,3523,0,0000000,00,3,3,3,0000000000000000,0,0,3,8a4dc2f54ce705b0,0,1,0000000000000000,0000000000000000,0000000000000000,0,0
3524,3524,0,0000000,00,3,3,3,0000000000000000,0,0,3,8a4dc2f54ce705b0,0,1,0000000000000000,0000000000000000,0000000000000000,0,0
3525,3525,0,0000000,00,3,3,3,0000000000000000,0,0,3,8a4dc2f54ce705b0,0,1,0000000000000000,0000000000000000,0000000000000000,0,0
3526,3526,0,0000000,00,3,3,3,0000000000000000,0,0,3,8a4dc2f54ce705b0,0,1,0000000000000000,0000000000000000,0000000000000000,0,0
3527,3527,0,0000000,00,3,3,3,0000000000000000,0,0,3,8a4dc2f54ce705b0,0,1,0000000000000000,0000000000000000,0000000000000000,0,0
3528,3528,0,0000000,00,3,3,3,0000000000000000,0,0,3,8a4dc2f54ce705b0,0,1,0000000000000000,0000000000000000,0000000000000000,0,0
3529,3529,0,0000000,00,3,3,3,0000000000000000,0,0,3,8a4dc2f54ce705b0,0,1,0000000000000000,0000000000000000,0000000000000000,0,0
3530,3530,0,0000000,00,3,3,3,0000000000000000,0,0,3,8a4dc2f54ce705b0,0,1,0000000000000000,0000000000000000,0000000000000000,0,0
3531,3531,0,0000000,00,3,3,3,0000000000000000,0,0,3,8a4dc2f54ce705b0,0,1,0000000000000000,0000000000000000,0000000000000000,0,0
3532,3532,0,0000000,00,3,3,3,0000000000000000,0,0,3,8a4dc2f54ce705b0,0,1,0000000000000000,0000000000000000,0000000000000000,0,0
3533,3533,0,0000000,00,3,3,3,0000000000000000,0,0,3,8a4dc2f54ce705b0,0,1,0000000000000000,0000000000000000,0000000000000000,0,0
3534,3534,0,0000000,00,3,3,3,0000000000000000,0,0,3,8a4dc2f54ce705b0,0,1,0000000000000000,0000000000000000,0000000000000000,0,0
3535,3535,0,0000000,00,3,3,3,0000000000000000,0,0,3,8a4dc2f54ce705b0,0,1,0000000000000000,0000000000000000,0000000000000000,0,0
3536,3536,0,0000000,00,3,3,3,0000000000000000,0,0,3,8a4dc2f54ce705b0,0,1,0000000000000000,0000000000000000,0000000000000000,0,0
3537,3537,0,0000000,00,3,3,3,0000000000000000,0,0,3,8a4dc2f54ce705b0,0,1,0000000000000000,0000000000000000,0000000000000000,0,0
3538,3538,0,0000000,00,3,3,3,0000000000000000,0,0,3,8a4dc2f54ce705b0,0,1,0000000000000000,0000000000000000,0000000000000000,0,0
3539,3539,0,0000000,00,3,3,3,0000000000000000,0,0,3,8a4dc2f54ce705b0,0,1,0000000000000000,0000000000000000,0000000000000000,0,0
3540,3540,0,0000000,00,3,3,3,0000000000000000,0,0,3,8a4dc2f54ce705b0,0,1,0000000000000000,0000000000000000,0000000000000000,0,0
3541,3541,0,0000000,00,3,3,3,0000000000000000,0,0,3,8a4dc2f54ce705b0,0,1,0000000000000000,0000000000000000,0000000000000000,0,0
3542,3542,0,0000000,00,3,3,3,0000000000000000,0,0,3,8a4dc2f54ce705b0,0,1,0000000000000000,0000000000000000,0000000000000000,0,0
3543,3543,0,0000000,00,3,3,3,0000000000000000,0,0,3,8a4dc2f54ce705b0,0,1,0000000000000000,0000000000000000,0000000000000000,0,0
3544,3544,0,0000000,00,3,3,3,0000000000000000,0,0,3,8a4dc2f54ce705b0,0,1,0000000000000000,0000000000000000,0000000000000000,0,0
3545,3545,0,0000000,00,3,3,3,0000000000000000,0,0,3,8a4dc2f54ce705b0,0,1,0000000000000000,0000000000000000,0000000000000000,0,0
3546,3546,0,0000000,00,3,3,3,0000000000000000,0,0,3,8a4dc2f54ce705b0,0,1,0000000000000000,0000000000000000,0000000000000000,0,0
3547,3547,0,0000000,00,3,3,3,0000000000000000,0,0,3,8a4dc2f54ce705b0,0,1,0000000000000000,0000000000000000,0000000000000000,0,0
3548,3548,0,0000000,00,3,3,3,0000000000000000,0,0,3,8a4dc2f54ce705b0,0,1,0000000000000000,0000000000000000,0000000000000000,0,0
3549,3549,0,0000000,00,3,3,3,0000000000000000,0,0,3,8a4dc2f54ce705b0,0,1,0000000000000000,0000000000000000,0000000000000000,0,0
3550,3550,0,0000000,00,3,3,3,0000000000000000,0,0,3,8a4dc2f54ce705b0,0,1,0000000000000000,0000000000000000,0000000000000000,0,0
3551,3551,0,0000000,00,3,3,3,0000000000000000,0,0,3,8a4dc2f54ce705b0,0,1,0000000000000000,0000000000000000,0000000000000000,0,0
3552,3552,0,0000000,00,3,3,3,0000000000000000,0,0,3,8a4dc2f54ce705b0,0,1,0000000000000000,0000000000000000,0000000000000000,0,0
3553,3553,0,0000000,00,3,3,3,0000000000000000,0,0,3,8a4dc2f54ce705b0,0,1,0000000000000000,0000000000000000,0000000000000000,0,0
3554,3554,0,0000000,00,3,3,3,0000000000000000,0,0,3,8a4dc2f54ce705b0,0,1,0000000000000000,0000000000000000,0000000000000000,0,0
3555,3555,0,0000000,00,3,3,3,0000000000000000,0,0,3,8a4dc2f54ce705b0,0,1,0000000000000000,0000000000000000,0000000000000000,0,0
3556,3556,0,0000000,00,3,3,3,0000000000000000,0,0,3,8a4dc2f54ce705b0,0,1,0000000000000000,0000000000000000,0000000000000000,0,0
3557,3557,0,0000000,00,3,3,3,0000000000000000,0,0,3,8a4dc2f54ce705b0,0,1,0000000000000000,0000000000000000,0000000000000000,0,0
3558,3558,0,0000000,00,3,3,3,0000000000000000,0,0,3,8a4dc2f54ce705b0,0,1,0000000000000000,0000000000000000,0000000000000000,0,0
3559,3559,0,0000000,00,3,3,3,0000000000000000,0,0,3,8a4dc2f54ce705b0,0,1,0000000000000000,0000000000000000,0000000000000000,0,0
3560,3560,0,0000000,00,3,3,3,0000000000000000,0,0,3,8a4dc2f54ce705b0,0,1,0000000000000000,0000000000000000,0000000000000000,0,0
3561,3561,0,0000000,00,3,3,3,0000000000000000,0,0,3,8a4dc2f54ce705b0,0,1,0000000000000000,0000000000000000,0000000000000000,0,0
3562,3562,0,0000000,00,3,3,3,0000000000000000,0,0,3,8a4dc2f54ce705b0,0,1,0000000000000000,0000000000000000,0000000000000000,0,0
3563,3563,0,0000000,00,3,3,3,0000000000000000,0,0,3,8a4dc2f54ce705b0,0,1,0000000000000000,0000000000000000,0000000000000000,0,0
3564,3564,0,0000000,00,3,3,3,0000000000000000,0,0,3,8a4dc2f54ce705b0,0,1,0000000000000000,0000000000000000,0000000000000000,0,0
3565,3565,0,0000000,00,3,3,3,0000000000000000,0,0,3,8a4dc2f54ce705b0,0,1,0000000000000000,0000000000000000,0000000000000000,0,0
3566,3566,0,0000000,00,3,3,3,0000000000000000,0,0,3,8a4dc2f54ce705b0,0,1,0000000000000000,0000000000000000,0000000000000000,0,0
3567,3567,0,0000000,00,3,3,3,0000000000000000,0,0,3,8a4dc2f54ce705b0,0,1,0000000000000000,0000000000000000,0000000000000000,0,0
3568,3568,0,0000000,00,3,3,3,0000000000000000,0,0,3,8a4dc2f54ce705b0,0,1,0000000000000000,0000000000000000,0000000000000000,0,0
3569,3569,0,0000000,00,3,3,3,0000000000000000,0,0,3,8a4dc2f54ce705b0,0,1,0000000000000000,0000000000000000,0000000000000000,0,0
3570,3570,0,0000000,00,3,3,3,0000000000000000,0,0,3,8a4dc2f54ce705b0,0,1,0000000000000000,0000000000000000,0000000000000000,0,0
3571,3571,0,0000000,00,3,3,3,0000000000000000,0,0,3,8a4dc2f54ce705b0,0,1,0000000000000000,0000000000000000,0000000000000000,0,0
3572,3572,0,0000000,00,3,3,3,0000000000000000,0,0,3,8a4dc2f54ce705b0,0,1,0000000000000000,0000000000000000,0000000000000000,0,0
3573,3573,0,0000000,00,3,3,3,0000000000000000,0,0,3,8a4dc2f54ce705b0,0,1,0000000000000000,0000000000000000,0000000000000000,0,0
3574,3574,0,0000000,00,3,3,3,0000000000000000,0,0,3,8a4dc2f54ce705b0,0,1,0000000000000000,0000000000000000,0000000000000000,0,0
3575,3575,0,0000000,00,3,3,3,0000000000000000,0,0,3,8a4dc2f54ce705b0,0,1,0000000000000000,0000000000000000,0000000000000000,0,0
3576,3576,0,0000000,00,3,3,3,0000000000000000,0,0,3,8a4dc2f54ce705b0,0,1,0000000000000000,0000000000000000,0000000000000000,0,0
3577,3577,0,0000000,00,3,3,3,0000000000000000,0,0,3,8a4dc2f54ce705b0,0,1,0000000000000000,0000000000000000,0000000000000000,0,0
3578,3578,0,0000000,00,3,3,3,0000000000000000,0,0,3,8a4dc2f54ce705b0,0,1,0000000000000000,0000000000000000,0000000000000000,0,0
3579,3579,0,0000000,00,3,3,3,0000000000000000,0,0,3,8a4dc2f54ce705b0,0,1,0000000000000000,0000000000000000,0000000000000000,0,0
3580,3580,0,0000000,00,3,3,3,0000000000000000,0,0,3,8a4dc2f54ce705b0,0,1,0000000000000000,0000000000000000,0000000000000000,0,0
3581,3581,0,0000000,00,3,3,3,0000000000000000,0,0,3,8a4dc2f54ce705b0,0,1,0000000000000000,0000000000000000,0000000000000000,0,0
3582,3582,0,0000000,00,3,3,3,0000000000000000,0,0,3,8a4dc2f54ce705b0,0,1,0000000000000000,0000000000000000,0000000000000000,0,0
3583,3583,0,0000000,00,3,3,3,0000000000000000,0,0,3,8a4dc2f54ce705b0,0,1,0000000000000000,0000000000000000,0000000000000000,0,0
3584,3584,0,0000000,00,3,3,3,0000000000000000,0,0,3,8a4dc2f54ce705b0,0,1,0000000000000000,0000000000000000,0000000000000000,0,0
3585,3585,0,0000000,00,3,3,3,0000000000000000,0,0,3,8a4dc2f54ce705b0,0,1,0000000000000000,0000000000000000,0000000000000000,0,0
3586,3586,0,0000000,00,3,3,3,0000000000000000,0,0,3,8a4dc2f54ce705b0,0,1,0000000000000000,0000000000000000,0000000000000000,0,0
3587,3587,0,0000000,00,3,3,3,0000000000000000,0,0,3,8a4dc2f54ce705b0,0,1,0000000000000000,0000000000000000,0000000000000000,0,0
3588,3588,0,0000000,00,3,3,3,0000000000000000,0,0,3,8a4dc2f54ce705b0,0,1,0000000000000000,0000000000000000,0000000000000000,0,0
3589,3589,0,0000000,00,3,3,3,0000000000000000,0,0,3,8a4dc2f54ce705b0,0,1,0000000000000000,0000000000000000,0000000000000000,0,0
3590,3590,0,0000000,00,3,3,3,0000000000000000,0,0,3,8a4dc2f54ce705b0,0,1,0000000000000000,0000000000000000,0000000000000000,0,0
3591,3591,0,0000000,00,3,3,3,0000000000000000,0,0,3,8a4dc2f54ce705b0,0,1,0000000000000000,0000000000000000,0000000000000000,0,0
3592,3592,0,0000000,00,3,3,3,0000000000000000,0,0,3,8a4dc2f54ce705b0,0,1,0000000000000000,0000000000000000,0000000000000000,0,0
3593,3593,0,0000000,00,3,3,3,0000000000000000,0,0,3,8a4dc2f54ce705b0,0,1,0000000000000000,0000000000000000,0000000000000000,0,0
3594,3594,0,0000000,00,3,3,3,0000000000000000,0,0,3,8a4dc2f54ce705b0,0,1,0000000000000000,0000000000000000,0000000000000000,0,0
3595,3595,0,0000000,00,3,3,3,0000000000000000,0,0,3,8a4dc2f54ce705b0,0,1,0000000000000000,0000000000000000,0000000000000000,0,0
3596,3596,0,0000000,00,3,3,3,0000000000000000,0,0,3,8a4dc2f54ce705b0,0,1,0000000000000000,0000000000000000,0000000000000000,0,0
3597,3597,0,0000000,00,3,3,3,0000000000000000,0,0,3,8a4dc2f54ce705b0,0,1,0000000000000000,0000000000000000,0000000000000000,0,0
3598,3598,0,0000000,00,3,3,3,0000000000000000,0,0,3,8a4dc2f54ce705b0,0,1,0000000000000000,0000000000000000,0000000000000000,0,0
3599,3599,0,0000000,00,3,3,3,0000000000000000,0,0,3,8a4dc2f54ce705b0,0,1,0000000000000000,0000000000000000,0000000000000000,0,0
3600,3600,0,0000000,00,3,3,3,0000000000000000,0,0,3,8a4dc2f54ce705b0,0,1,0000000000000000,0000000000000000,0000000000000000,0,0
3601,3601,0,0000000,00,3,3,3,0000000000000000,0,0,3,8a4dc2f54ce705b0,0,1,0000000000000000,0000000000000000,0000000000000000,0,0
3602,3602,0,0000000,00,3,3,3,0000000000000000,0,0,3,8a4dc2f54ce705b0,0,1,0000000000000000,0000000000000000,0000000000000000,0,0
3603,3603,0,0000000,00,3,3,3,0000000000000000,0,0,3,8a4dc2f54ce705b0,0,1,0000000000000000,0000000000000000,0000000000000000,0,0
3604,3604,0,0000000,00,3,3,3,0000000000000000,0,0,3,8a4dc2f54ce705b0,0,1,0000000000000000,0000000000000000,0000000000000000,0,0
3605,3605,0,0000000,00,3,3,3,0000000000000000,0,0,3,8a4dc2f54ce705b0,0,1,0000000000000000,0000000000000000,0000000000000000,0,0
3606,3606,0,0000000,00,3,3,3,0000000000000000,0,0,3,8a4dc2f54ce705b0,0,1,0000000000000000,0000000000000000,0000000000000000,0,0
3607,3607,0,0000000,00,3,3,3,0000000000000000,0,0,3,8a4dc2f54ce705b0,0,1,0000000000000000,0000000000000000,0000000000000000,0,0
3608,3608,0,0000000,00,3,3,3,0000000000000000,0,0,3,8a4dc2f54ce705b0,0,1,0000000000000000,0000000000000000,0000000000000000,0,0
3609,3609,0,0000000,00,3,3,3,0000000000000000,0,0,3,8a4dc2f54ce705b0,0,1,0000000000000000,0000000000000000,0000000000000000,0,0
3610,3610,0,0000000,00,3,3,3,0000000000000000,0,0,3,8a4dc2f54ce705b0,0,1,0000000000000000,0000000000000000,0000000000000000,0,0
3611,3611,0,0000000,00,3,3,3,0000000000000000,0,0,3,8a4dc2f54ce705b0,0,1,0000000000000000,0000000000000000,0000000000000000,0,0
3612,3612,0,0000000,00,3,3,3,0000000000000000,0,0,3,8a4dc2f54ce705b0,0,1,0000000000000000,0000000000000000,0000000000000000,0,0
3613,3613,0,0000000,00,3,3,3,0000000000000000,0,0,3,8a4dc2f54ce705b0,0,1,0000000000000000,0000000000000000,0000000000000000,0,0
3614,3614,0,0000000,00,3,3,3,0000000000000000,0,0,3,8a4dc2f54ce705b0,0,1,0000000000000000,0000000000000000,0000000000000000,0,0
3615,3615,0,0000000,00,3,3,3,0000000000000000,0,0,3,8a4dc2f54ce705b0,0,1,0000000000000000,0000000000000000,0000000000000000,0,0
3616,3616,0,0000000,00,3,3,3,0000000000000000,0,0,3,8a4dc2f54ce705b0,0,1,0000000000000000,0000000000000000,0000000000000000,0,0
3617,3617,0,0000000,00,3,3,3,0000000000000000,0,0,3,8a4dc2f54ce705b0,0,1,0000000000000000,0000000000000000,0000000000000000,0,0
3618,3618,0,0000000,00,3,3,3,0000000000000000,0,0,3,8a4dc2f54ce705b0,0,1,0000000000000000,0000000000000000,0000000000000000,0,0
3619,3619,0,0000000,00,3,3,3,0000000000000000,0,0,3,8a4dc2f54ce705b0,0,1,0000000000000000,0000000000000000,0000000000000000,0,0
3620,3620,0,0000000,00,3,3,3,0000000000000000,0,0,3,8a4dc2f54ce705b0,0,1,0000000000000000,0000000000000000,0000000000000000,0,0
3621,3621,0,0000000,00,3,3,3,0000000000000000,0,0,3,8a4dc2f54ce705b0,0,1,0000000000000000,0000000000000000,0000000000000000,0,0
3622,3622,0,0000000,00,3,3,3,0000000000000000,0,0,3,8a4dc2f54ce705b0,0,1,0000000000000000,0000000000000000,0000000000000000,0,0
3623,3623,0,0000000,00,3,3,3,0000000000000000,0,0,3,8a4dc2f54ce705b0,0,1,0000000000000000,0000000000000000,0000000000000000,0,0
3624,3624,0,0000000,00,3,3,3,0000000000000000,0,0,3,8a4dc2f54ce705b0,0,1,0000000000000000,0000000000000000,0000000000000000,0,0
3625,3625,0,0000000,00,3,3,3,0000000000000000,0,0,3,8a4dc2f54ce705b0,0,1,0000000000000000,0000000000000000,0000000000000000,0,0
3626,3626,0,0000000,00,3,3,3,0000000000000000,0,0,3,8a4dc2f54ce705b0,0,1,0000000000000000,0000000000000000,0000000000000000,0,0
3627,3627,0,0000000,00,3,3,3,0000000000000000,0,0,3,8a4dc2f54ce705b0,0,1,0000000000000000,0000000000000000,0000000000000000,0,0
3628,3628,0,0000000,00,3,3,3,0000000000000000,0,0,3,8a4dc2f54ce705b0,0,1,0000000000000000,0000000000000000,0000000000000000,0,0
3629,3629,0,0000000,00,3,3,3,0000000000000000,0,0,3,8a4dc2f54ce705b0,0,1,0000000000000000,0000000000000000,0000000000000000,0,0
3630,3630,0,0000000,00,3,3,3,0000000000000000,0,0,3,8a4dc2f54ce705b0,0,1,0000000000000000,0000000000000000,0000000000000000,0,0
3631,3631,0,0000000,00,3,3,3,0000000000000000,0,0,3,8a4dc2f54ce705b0,0,1,0000000000000000,0000000000000000,0000000000000000,0,0
3632,3632,0,0000000,00,3,3,3,0000000000000000,0,0,3,8a4dc2f54ce705b0,0,1,0000000000000000,0000000000000000,0000000000000000,0,0
3633,3633,0,0000000,00,3,3,3,0000000000000000,0,0,3,8a4dc2f54ce705b0,0,1,0000000000000000,0000000000000000,0000000000000000,0,0
3634,3634,0,0000000,00,3,3,3,0000000000000000,0,0,3,8a4dc2f54ce705b0,0,1,0000000000000000,0000000000000000,0000000000000000,0,0
3635,3635,0,0000000,00,3,3,3,0000000000000000,0,0,3,8a4dc2f54ce705b0,0,1,0000000000000000,0000000000000000,0000000000000000,0,0
3636,3636,0,0000000,00,3,3,3,0000000000000000,0,0,3,8a4dc2f54ce705b0,0,1,0000000000000000,0000000000000000,0000000000000000,0,0
3637,3637,0,0000000,00,3,3,3,0000000000000000,0,0,3,8a4dc2f54ce705b0,0,1,0000000000000000,0000000000000000,0000000000000000,0,0
3638,3638,0,0000000,00,3,3,3,0000000000000000,0,0,3,8a4dc2f54ce705b0,0,1,0000000000000000,0000000000000000,0000000000000000,0,0
3639,3639,0,0000000,00,3,3,3,0000000000000000,0,0,3,8a4dc2f54ce705b0,0,1,0000000000000000,0000000000000000,0000000000000000,0,0
3640,3640,0,0000000,00,3,3,3,0000000000000000,0,0,3,8a4dc2f54ce705b0,0,1,0000000000000000,0000000000000000,0000000000000000,0,0
3641,3641,0,0000000,00,3,3,3,0000000000000000,0,0,3,8a4dc2f54ce705b0,0,1,0000000000000000,0000000000000000,0000000000000000,0,0
3642,3642,0,0000000,00,3,3,3,0000000000000000,0,0,3,8a4dc2f54ce705b0,0,1,0000000000000000,0000000000000000,0000000000000000,0,0
3643,3643,0,0000000,00,3,3,3,0000000000000000,0,0,3,8a4dc2f54ce705b0,0,1,0000000000000000,0000000000000000,0000000000000000,0,0
3644,3644,0,0000000,00,3,3,3,0000000000000000,0,0,3,8a4dc2f54ce705b0,0,1,0000000000000000,0000000000000000,0000000000000000,0,0
3645,3645,0,0000000,00,3,3,3,0000000000000000,0,0,3,8a4dc2f54ce705b0,0,1,0000000000000000,0000000000000000,0000000000000000,0,0
3646,3646,0,0000000,00,3,3,3,0000000000000000,0,0,3,8a4dc2f54ce705b0,0,1,0000000000000000,0000000000000000,0000000000000000,0,0
3647,3647,0,0000000,00,3,3,3,0000000000000000,0,0,3,8a4dc2f54ce705b0,0,1,0000000000000000,0000000000000000,0000000000000000,0,0
3648,3648,0,0000000,00,3,3,3,0000000000000000,0,0,3,8a4dc2f54ce705b0,0,1,0000000000000000,0000000000000000,0000000000000000,0,0
3649,3649,0,0000000,00,3,3,3,0000000000000000,0,0,3,8a4dc2f54ce705b0,0,1,0000000000000000,0000000000000000,0000000000000000,0,0
3650,3650,0,0000000,00,3,3,3,0000000000000000,0,0,3,8a4dc2f54ce705b0,0,1,0000000000000000,0000000000000000,0000000000000000,0,0
3651,3651,0,0000000,00,3,3,3,0000000000000000,0,0,3,8a4dc2f54ce705b0,0,1,0000000000000000,0000000000000000,0000000000000000,0,0
3652,3652,0,0000000,00,3,3,3,0000000000000000,0,0,3,8a4dc2f54ce705b0,0,1,0000000000000000,0000000000000000,0000000000000000,0,0
3653,3653,0,0000000,00,3,3,3,0000000000000000,0,0,3,8a4dc2f54ce705b0,0,1,0000000000000000,0000000000000000,0000000000000000,0,0
3654,3654,0,0000000,00,3,3,3,0000000000000000,0,0,3,8a4dc2f54ce705b0,0,1,0000000000000000,0000000000000000,0000000000000000,0,0
3655,3655,0,0000000,00,3,3,3,0000000000000000,0,0,3,8a4dc2f54ce705b0,0,1,0000000000000000,0000000000000000,0000000000000000,0,0
3656,3656,0,0000000,00,3,3,3,0000000000000000,0,0,3,8a4dc2f54ce705b0,0,1,0000000000000000,0000000000000000,0000000000000000,0,0
3657,3657,0,0000000,00,3,3,3,0000000000000000,0,0,3,8a4dc2f54ce705b0,0,1,0000000000000000,0000000000000000,0000000000000000,0,0
3658,3658,0,0000000,00,3,3,3,0000000000000000,0,0,3,8a4dc2f54ce705b0,0,1,0000000000000000,0000000000000000,0000000000000000,0,0
3659,3659,0,0000000,00,3,3,3,0000000000000000,0,0,3,8a4dc2f54ce705b0,0,1,0000000000000000,0000000000000000,0000000000000000,0,0
3660,3660,0,0000000,00,3,3,3,0000000000000000,0,0,3,8a4dc2f54ce705b0,0,1,0000000000000000,0000000000000000,0000000000000000,0,0
3661,3661,0,0000000,00,3,3,3,0000000000000000,0,0,3,8a4dc2f54ce705b0,0,1,0000000000000000,0000000000000000,0000000000000000,0,0
3662,3662,0,0000000,00,3,3,3,0000000000000000,0,0,3,8a4dc2f54ce705b0,0,1,0000000000000000,0000000000000000,0000000000000000,0,0
3663,3663,0,0000000,00,3,3,3,0000000000000000,0,0,3,8a4dc2f54ce705b0,0,1,0000000000000000,0000000000000000,0000000000000000,0,0
3664,3664,0,0000000,00,3,3,3,0000000000000000,0,0,3,8a4dc2f54ce705b0,0,1,0000000000000000,0000000000000000,0000000000000000,0,0
3665,3665,0,0000000,00,3,3,3,0000000000000000,0,0,3,8a4dc2f54ce705b0,0,1,0000000000000000,0000000000000000,0000000000000000,0,0
3666,3666,0,0000000,00,3,3,3,0000000000000000,0,0,3,8a4dc2f54ce705b0,0,1,0000000000000000,0000000000000000,0000000000000000,0,0
3667,3667,0,0000000,00,3,3,3,0000000000000000,0,0,3,8a4dc2f54ce705b0,0,1,0000000000000000,0000000000000000,0000000000000000,0,0
3668,3668,0,0000000,00,3,3,3,0000000000000000,0,0,3,8a4dc2f54ce705b0,0,1,0000000000000000,0000000000000000,0000000000000000,0,0
3669,3669,0,0000000,00,3,3,3,0000000000000000,0,0,3,8a4dc2f54ce705b0,0,1,0000000000000000,0000000000000000,0000000000000000,0,0
3670,3670,0,0000000,00,3,3,3,0000000000000000,0,0,3,8a4dc2f54ce705b0,0,1,0000000000000000,0000000000000000,0000000000000000,0,0
3671,3671,0,0000000,00,3,3,3,0000000000000000,0,0,3,8a4dc2f54ce705b0,0,1,0000000000000000,0000000000000000,0000000000000000,0,0
3672,3672,0,0000000,00,3,3,3,0000000000000000,0,0,3,8a4dc2f54ce705b0,0,1,0000000000000000,0000000000000000,0000000000000000,0,0
3673,3673,0,0000000,00,3,3,3,0000000000000000,0,0,3,8a4dc2f54ce705b0,0,1,0000000000000000,0000000000000000,0000000000000000,0,0
3674,3674,0,0000000,00,3,3,3,0000000000000000,0,0,3,8a4dc2f54ce705b0,0,1,0000000000000000,0000000000000000,0000000000000000,0,0
3675,3675,0,0000000,00,3,3,3,0000000000000000,0,0,3,8a4dc2f54ce705b0,0,1,0000000000000000,0000000000000000,0000000000000000,0,0
3676,3676,0,0000000,00,3,3,3,0000000000000000,0,0,3,8a4dc2f54ce705b0,0,1,0000000000000000,0000000000000000,0000000000000000,0,0
3677,3677,0,0000000,00,3,3,3,0000000000000000,0,0,3,8a4dc2f54ce705b0,0,1,0000000000000000,0000000000000000,0000000000000000,0,0
3678,3678,0,0000000,00,3,3,3,0000000000000000,0,0,3,8a4dc2f54ce705b0,0,1,0000000000000000,0000000000000000,0000000000000000,0,0
3679,3679,0,0000000,00,3,3,3,0000000000000000,0,0,3,8a4dc2f54ce705b0,0,1,0000000000000000,0000000000000000,0000000000000000,0,0
3680,3680,0,0000000,00,3,3,3,0000000000000000,0,0,3,8a4dc2f54ce705b0,0,1,0000000000000000,0000000000000000,0000000000000000,0,0
3681,3681,0,0000000,00,3,3,3,0000000000000000,0,0,3,8a4dc2f54ce705b0,0,1,0000000000000000,0000000000000000,0000000000000000,0,0
3682,3682,0,0000000,00,3,3,3,0000000000000000,0,0,3,8a4dc2f54ce705b0,0,1,0000000000000000,0000000000000000,0000000000000000,0,0
3683,3683,0,0000000,00,3,3,3,0000000000000000,0,0,3,8a4dc2f54ce705b0,0,1,0000000000000000,0000000000000000,0000000000000000,0,0
3684,3684,0,0000000,00,3,3,3,0000000000000000,0,0,3,8a4dc2f54ce705b0,0,1,0000000000000000,0000000000000000,0000000000000000,0,0
3685,3685,0,0000000,00,3,3,3,0000000000000000,0,0,3,8a4dc2f54ce705b0,0,1,0000000000000000,0000000000000000,0000000000000000,0,0
3686,3686,0,0000000,00,3,3,3,0000000000000000,0,0,3,8a4dc2f54ce705b0,0,1,0000000000000000,0000000000000000,0000000000000000,0,0
3687,3687,0,0000000,00,3,3,3,0000000000000000,0,0,3,8a4dc2f54ce705b0,0,1,0000000000000000,0000000000000000,0000000000000000,0,0
3688,3688,0,0000000,00,3,3,3,0000000000000000,0,0,3,8a4dc2f54ce705b0,0,1,0000000000000000,0000000000000000,0000000000000000,0,0
3689,3689,0,0000000,00,3,3,3,0000000000000000,0,0,3,8a4dc2f54ce705b0,0,1,0000000000000000,0000000000000000,0000000000000000,0,0
3690,3690,0,0000000,00,3,3,3,0000000000000000,0,0,3,8a4dc2f54ce705b0,0,1,0000000000000000,0000000000000000,0000000000000000,0,0
3691,3691,0,0000000,00,3,3,3,0000000000000000,0,0,3,8a4dc2f54ce705b0,0,1,0000000000000000,0000000000000000,0000000000000000,0,0
3692,3692,0,0000000,00,3,3,3,0000000000000000,0,0,3,8a4dc2f54ce705b0,0,1,0000000000000000,0000000000000000,0000000000000000,0,0
3693,3693,0,0000000,00,3,3,3,0000000000000000,0,0,3,8a4dc2f54ce705b0,0,1,0000000000000000,0000000000000000,0000000000000000,0,0
3694,3694,0,0000000,00,3,3,3,0000000000000000,0,0,3,8a4dc2f54ce705b0,0,1,0000000000000000,0000000000000000,0000000000000000,0,0
3695,3695,0,0000000,00,3,3,3,0000000000000000,0,0,3,8a4dc2f54ce705b0,0,1,0000000000000000,0000000000000000,0000000000000000,0,0
3696,3696,0,0000000,00,3,3,3,0000000000000000,0,0,3,8a4dc2f54ce705b0,0,1,0000000000000000,0000000000000000,0000000000000000,0,0
3697,3697,0,0000000,00,3,3,3,0000000000000000,0,0,3,8a4dc2f54ce705b0,0,1,0000000000000000,0000000000000000,0000000000000000,0,0
3698,3698,0,0000000,00,3,3,3,0000000000000000,0,0,3,8a4dc2f54ce705b0,0,1,0000000000000000,0000000000000000,0000000000000000,0,0
3699,3699,0,0000000,00,3,3,3,0000000000000000,0,0,3,8a4dc2f54ce705b0,0,1,0000000000000000,0000000000000000,0000000000000000,0,0
3700,3700,0,0000000,00,3,3,3,0000000000000000,0,0,3,8a4dc2f54ce705b0,0,1,0000000000000000,0000000000000000,0000000000000000,0,0
3701,3701,0,0000000,00,3,3,3,0000000000000000,0,0,3,8a4dc2f54ce705b0,0,1,0000000000000000,0000000000000000,0000000000000000,0,0
3702,3702,0,0000000,00,3,3,3,0000000000000000,0,0,3,8a4dc2f54ce705b0,0,1,0000000000000000,0000000000000000,0000000000000000,0,0
3703,3703,0,0000000,00,3,3,3,0000000000000000,0,0,3,8a4dc2f54ce705b0,0,1,0000000000000000,0000000000000000,0000000000000000,0,0
3704,3704,0,0000000,00,3,3,3,0000000000000000,0,0,3,8a4dc2f54ce705b0,0,1,0000000000000000,0000000000000000,0000000000000000,0,0
3705,3705,0,0000000,00,3,3,3,0000000000000000,0,0,3,8a4dc2f54ce705b0,0,1,0000000000000000,0000000000000000,0000000000000000,0,0
3706,3706,0,0000000,00,3,3,3,0000000000000000,0,0,3,8a4dc2f54ce705b0,0,1,0000000000000000,0000000000000000,0000000000000000,0,0
3707,3707,0,0000000,00,3,3,3,0000000000000000,0,0,3,8a4dc2f54ce705b0,0,1,0000000000000000,0000000000000000,0000000000000000,0,0
3708,3708,0,0000000,00,3,3,3,0000000000000000,0,0,3,8a4dc2f54ce705b0,0,1,0000000000000000,0000000000000000,0000000000000000,0,0
3709,3709,0,0000000,00,3,3,3,0000000000000000,0,0,3,8a4dc2f54ce705b0,0,1,0000000000000000,0000000000000000,0000000000000000,0,0
3710,3710,0,0000000,00,3,3,3,0000000000000000,0,0,3,8a4dc2f54ce705b0,0,1,0000000000000000,0000000000000000,0000000000000000,0,0
3711,3711,0,0000000,00,3,3,3,0000000000000000,0,0,3,8a4dc2f54ce705b0,0,1,0000000000000000,0000000000000000,0000000000000000,0,0
3712,3712,0,0000000,00,3,3,3,0000000000000000,0,0,3,8a4dc2f54ce705b0,0,1,0000000000000000,0000000000000000,0000000000000000,0,0
3713,3713,0,0000000,00,3,3,3,0000000000000000,0,0,3,8a4dc2f54ce705b0,0,1,0000000000000000,0000000000000000,0000000000000000,0,0
3714,3714,0,0000000,00,3,3,3,0000000000000000,0,0,3,8a4dc2f54ce705b0,0,1,0000000000000000,0000000000000000,0000000000000000,0,0
3715,3715,0,0000000,00,3,3,3,0000000000000000,0,0,3,8a4dc2f54ce705b0,0,1,0000000000000000,0000000000000000,0000000000000000,0,0
3716,3716,0,0000000,00,3,3,3,0000000000000000,0,0,3,8a4dc2f54ce705b0,0,1,0000000000000000,0000000000000000,0000000000000000,0,0
3717,3717,0,0000000,00,3,3,3,0000000000000000,0,0,3,8a4dc2f54ce705b0,0,1,0000000000000000,0000000000000000,0000000000000000,0,0
3718,3718,0,0000000,00,3,3,3,0000000000000000,0,0,3,8a4dc2f54ce705b0,0,1,0000000000000000,0000000000000000,0000000000000000,0,0
3719,3719,0,0000000,00,3,3,3,0000000000000000,0,0,3,8a4dc2f54ce705b0,0,1,0000000000000000,0000000000000000,0000000000000000,0,0
3720,3720,0,0000000,00,3,3,3,0000000000000000,0,0,3,8a4dc2f54ce705b0,0,1,0000000000000000,0000000000000000,0000000000000000,0,0
3721,3721,0,0000000,00,3,3,3,0000000000000000,0,0,3,8a4dc2f54ce705b0,0,1,0000000000000000,0000000000000000,0000000000000000,0,0
3722,3722,0,0000000,00,3,3,3,0000000000000000,0,0,3,8a4dc2f54ce705b0,0,1,0000000000000000,0000000000000000,0000000000000000,0,0
3723,3723,0,0000000,00,3,3,3,0000000000000000,0,0,3,8a4dc2f54ce705b0,0,1,0000000000000000,0000000000000000,0000000000000000,0,0
3724,3724,0,0000000,00,3,3,3,0000000000000000,0,0,3,8a4dc2f54ce705b0,0,1,0000000000000000,0000000000000000,0000000000000000,0,0
3725,3725,0,0000000,00,3,3,3,0000000000000000,0,0,3,8a4dc2f54ce705b0,0,1,0000000000000000,0000000000000000,0000000000000000,0,0
3726,3726,0,0000000,00,3,3,3,0000000000000000,0,0,3,8a4dc2f54ce705b0,0,1,0000000000000000,0000000000000000,0000000000000000,0,0
3727,3727,0,0000000,00,3,3,3,0000000000000000,0,0,3,8a4dc2f54ce705b0,0,1,0000000000000000,0000000000000000,0000000000000000,0,0
3728,3728,0,0000000,00,3,3,3,0000000000000000,0,0,3,8a4dc2f54ce705b0,0,1,0000000000000000,0000000000000000,0000000000000000,0,0
3729,3729,0,0000000,00,3,3,3,0000000000000000,0,0,3,8a4dc2f54ce705b0,0,1,0000000000000000,0000000000000000,0000000000000000,0,0
3730,3730,0,0000000,00,3,3,3,0000000000000000,0,0,3,8a4dc2f54ce705b0,0,1,0000000000000000,0000000000000000,0000000000000000,0,0
3731,3731,0,0000000,00,3,3,3,0000000000000000,0,0,3,8a4dc2f54ce705b0,0,1,0000000000000000,0000000000000000,0000000000000000,0,0
3732,3732,0,0000000,00,3,3,3,0000000000000000,0,0,3,8a4dc2f54ce705b0,0,1,0000000000000000,0000000000000000,0000000000000000,0,0
3733,3733,0,0000000,00,3,3,3,0000000000000000,0,0,3,8a4dc2f54ce705b0,0,1,0000000000000000,0000000000000000,0000000000000000,0,0
3734,3734,0,0000000,00,3,3,3,0000000000000000,0,0,3,8a4dc2f54ce705b0,0,1,0000000000000000,0000000000000000,0000000000000000,0,0
3735,3735,0,0000000,00,3,3,3,0000000000000000,0,0,3,8a4dc2f54ce705b0,0,1,0000000000000000,0000000000000000,0000000000000000,0,0
3736,3736,0,0000000,00,3,3,3,0000000000000000,0,0,3,8a4dc2f54ce705b0,0,1,0000000000000000,0000000000000000,0000000000000000,0,0
3737,3737,0,0000000,00,3,3,3,0000000000000000,0,0,3,8a4dc2f54ce705b0,0,1,0000000000000000,0000000000000000,0000000000000000,0,0
3738,3738,0,0000000,00,3,3,3,0000000000000000,0,0,3,8a4dc2f54ce705b0,0,1,0000000000000000,0000000000000000,0000000000000000,0,0
3739,3739,0,0000000,00,3,3,3,0000000000000000,0,0,3,8a4dc2f54ce705b0,0,1,0000000000000000,0000000000000000,0000000000000000,0,0
3740,3740,0,0000000,00,3,3,3,0000000000000000,0,0,3,8a4dc2f54ce705b0,0,1,0000000000000000,0000000000000000,0000000000000000,0,0
3741,3741,0,0000000,00,3,3,3,0000000000000000,0,0,3,8a4dc2f54ce705b0,0,1,0000000000000000,0000000000000000,0000000000000000,0,0
3742,3742,0,0000000,00,3,3,3,0000000000000000,0,0,3,8a4dc2f54ce705b0,0,1,0000000000000000,0000000000000000,0000000000000000,0,0
3743,3743,0,0000000,00,3,3,3,0000000000000000,0,0,3,8a4dc2f54ce705b0,0,1,0000000000000000,0000000000000000,0000000000000000,0,0
3744,3744,0,0000000,00,3,3,3,0000000000000000,0,0,3,8a4dc2f54ce705b0,0,1,0000000000000000,0000000000000000,0000000000000000,0,0
3745,3745,0,0000000,00,3,3,3,0000000000000000,0,0,3,8a4dc2f54ce705b0,0,1,0000000000000000,0000000000000000,0000000000000000,0,0
3746,3746,0,0000000,00,3,3,3,0000000000000000,0,0,3,8a4dc2f54ce705b0,0,1,0000000000000000,0000000000000000,0000000000000000,0,0
3747,3747,0,0000000,00,3,3,3,0000000000000000,0,0,3,8a4dc2f54ce705b0,0,1,0000000000000000,0000000000000000,0000000000000000,0,0
3748,3748,0,0000000,00,3,3,3,0000000000000000,0,0,3,8a4dc2f54ce705b0,0,1,0000000000000000,0000000000000000,0000000000000000,0,0
3749,3749,0,0000000,00,3,3,3,0000000000000000,0,0,3,8a4dc2f54ce705b0,0,1,0000000000000000,0000000000000000,0000000000000000,0,0
3750,3750,0,0000000,00,3,3,3,0000000000000000,0,0,3,8a4dc2f54ce705b0,0,1,0000000000000000,0000000000000000,0000000000000000,0,0
3751,3751,0,0000000,00,3,3,3,0000000000000000,0,0,3,8a4dc2f54ce705b0,0,1,0000000000000000,0000000000000000,0000000000000000,0,0
3752,3752,0,0000000,00,3,3,3,0000000000000000,0,0,3,8a4dc2f54ce705b0,0,1,0000000000000000,0000000000000000,0000000000000000,0,0
3753,3753,0,0000000,00,3,3,3,0000000000000000,0,0,3,8a4dc2f54ce705b0,0,1,0000000000000000,0000000000000000,0000000000000000,0,0
3754,3754,0,0000000,00,3,3,3,0000000000000000,0,0,3,8a4dc2f54ce705b0,0,1,0000000000000000,0000000000000000,0000000000000000,0,0
3755,3755,0,0000000,00,3,3,3,0000000000000000,0,0,3,8a4dc2f54ce705b0,0,1,0000000000000000,0000000000000000,0000000000000000,0,0
3756,3756,0,0000000,00,3,3,3,0000000000000000,0,0,3,8a4dc2f54ce705b0,0,1,0000000000000000,0000000000000000,0000000000000000,0,0
3757,3757,0,0000000,00,3,3,3,0000000000000000,0,0,3,8a4dc2f54ce705b0,0,1,0000000000000000,0000000000000000,0000000000000000,0,0
3758,3758,0,0000000,00,3,3,3,0000000000000000,0,0,3,8a4dc2f54ce705b0,0,1,0000000000000000,0000000000000000,0000000000000000,0,0
3759,3759,0,0000000,00,3,3,3,0000000000000000,0,0,3,8a4dc2f54ce705b0,0,1,0000000000000000,0000000000000000,0000000000000000,0,0
3760,3760,0,0000000,00,3,3,3,0000000000000000,0,0,3,8a4dc2f54ce705b0,0,1,0000000000000000,0000000000000000,0000000000000000,0,0
3761,3761,0,0000000,00,3,3,3,0000000000000000,0,0,3,8a4dc2f54ce705b0,0,1,0000000000000000,0000000000000000,0000000000000000,0,0
3762,3762,0,0000000,00,3,3,3,0000000000000000,0,0,3,8a4dc2f54ce705b0,0,1,0000000000000000,0000000000000000,0000000000000000,0,0
3763,3763,0,0000000,00,3,3,3,0000000000000000,0,0,3,8a4dc2f54ce705b0,0,1,0000000000000000,0000000000000000,0000000000000000,0,0
3764,3764,0,0000000,00,3,3,3,0000000000000000,0,0,3,8a4dc2f54ce705b0,0,1,0000000000000000,0000000000000000,0000000000000000,0,0
3765,3765,0,0000000,00,3,3,3,0000000000000000,0,0,3,8a4dc2f54ce705b0,0,1,0000000000000000,0000000000000000,0000000000000000,0,0
3766,3766,0,0000000,00,3,3,3,0000000000000000,0,0,3,8a4dc2f54ce705b0,0,1,0000000000000000,0000000000000000,0000000000000000,0,0
3767,3767,0,0000000,00,3,3,3,0000000000000000,0,0,3,8a4dc2f54ce705b0,0,1,0000000000000000,0000000000000000,0000000000000000,0,0
3768,3768,0,0000000,00,3,3,3,0000000000000000,0,0,3,8a4dc2f54ce705b0,0,1,0000000000000000,0000000000000000,0000000000000000,0,0
3769,3769,0,0000000,00,3,3,3,0000000000000000,0,0,3,8a4dc2f54ce705b0,0,1,0000000000000000,0000000000000000,0000000000000000,0,0
3770,3770,0,0000000,00,3,3,3,0000000000000000,0,0,3,8a4dc2f54ce705b0,0,1,0000000000000000,0000000000000000,0000000000000000,0,0
3771,3771,0,0000000,00,3,3,3,0000000000000000,0,0,3,8a4dc2f54ce705b0,0,1,0000000000000000,0000000000000000,0000000000000000,0,0
3772,3772,0,0000000,00,3,3,3,0000000000000000,0,0,3,8a4dc2f54ce705b0,0,1,0000000000000000,0000000000000000,0000000000000000,0,0
3773,3773,0,0000000,00,3,3,3,0000000000000000,0,0,3,8a4dc2f54ce705b0,0,1,0000000000000000,0000000000000000,0000000000000000,0,0
3774,3774,0,0000000,00,3,3,3,0000000000000000,0,0,3,8a4dc2f54ce705b0,0,1,0000000000000000,0000000000000000,0000000000000000,0,0
3775,3775,0,0000000,00,3,3,3,0000000000000000,0,0,3,8a4dc2f54ce705b0,0,1,0000000000000000,0000000000000000,0000000000000000,0,0
3776,3776,0,0000000,00,3,3,3,0000000000000000,0,0,3,8a4dc2f54ce705b0,0,1,0000000000000000,0000000000000000,0000000000000000,0,0
3777,3777,0,0000000,00,3,3,3,0000000000000000,0,0,3,8a4dc2f54ce705b0,0,1,0000000000000000,0000000000000000,0000000000000000,0,0
3778,3778,0,0000000,00,3,3,3,0000000000000000,0,0,3,8a4dc2f54ce705b0,0,1,0000000000000000,0000000000000000,0000000000000000,0,0
3779,3779,0,0000000,00,3,3,3,0000000000000000,0,0,3,8a4dc2f54ce705b0,0,1,0000000000000000,0000000000000000,0000000000000000,0,0
3780,3780,0,0000000,00,3,3,3,0000000000000000,0,0,3,8a4dc2f54ce705b0,0,1,0000000000000000,0000000000000000,0000000000000000,0,0
3781,3781,0,0000000,00,3,3,3,0000000000000000,0,0,3,8a4dc2f54ce705b0,0,1,0000000000000000,0000000000000000,0000000000000000,0,0
3782,3782,0,0000000,00,3,3,3,0000000000000000,0,0,3,8a4dc2f54ce705b0,0,1,0000000000000000,0000000000000000,0000000000000000,0,0
3783,3783,0,0000000,00,3,3,3,0000000000000000,0,0,3,8a4dc2f54ce705b0,0,1,0000000000000000,0000000000000000,0000000000000000,0,0
3784,3784,0,0000000,00,3,3,3,0000000000000000,0,0,3,8a4dc2f54ce705b0,0,1,0000000000000000,0000000000000000,0000000000000000,0,0
3785,3785,0,0000000,00,3,3,3,0000000000000000,0,0,3,8a4dc2f54ce705b0,0,1,0000000000000000,0000000000000000,0000000000000000,0,0
3786,3786,0,0000000,00,3,3,3,0000000000000000,0,0,3,8a4dc2f54ce705b0,0,1,0000000000000000,0000000000000000,0000000000000000,0,0
3787,3787,0,0000000,00,3,3,3,0000000000000000,0,0,3,8a4dc2f54ce705b0,0,1,0000000000000000,0000000000000000,0000000000000000,0,0
3788,3788,0,0000000,00,3,3,3,0000000000000000,0,0,3,8a4dc2f54ce705b0,0,1,0000000000000000,0000000000000000,0000000000000000,0,0
3789,3789,0,0000000,00,3,3,3,0000000000000000,0,0,3,8a4dc2f54ce705b0,0,1,0000000000000000,0000000000000000,0000000000000000,0,0
3790,3790,0,0000000,00,3,3,3,0000000000000000,0,0,3,8a4dc2f54ce705b0,0,1,0000000000000000,0000000000000000,0000000000000000,0,0
3791,3791,0,0000000,00,3,3,3,0000000000000000,0,0,3,8a4dc2f54ce705b0,0,1,0000000000000000,0000000000000000,0000000000000000,0,0
3792,3792,0,0000000,00,3,3,3,0000000000000000,0,0,3,8a4dc2f54ce705b0,0,1,0000000000000000,0000000000000000,0000000000000000,0,0
3793,3793,0,0000000,00,3,3,3,0000000000000000,0,0,3,8a4dc2f54ce705b0,0,1,0000000000000000,0000000000000000,0000000000000000,0,0
3794,3794,0,0000000,00,3,3,3,0000000000000000,0,0,3,8a4dc2f54ce705b0,0,1,0000000000000000,0000000000000000,0000000000000000,0,0
3795,3795,0,0000000,00,3,3,3,0000000000000000,0,0,3,8a4dc2f54ce705b0,0,1,0000000000000000,0000000000000000,0000000000000000,0,0
3796,3796,0,0000000,00,3,3,3,0000000000000000,0,0,3,8a4dc2f54ce705b0,0,1,0000000000000000,0000000000000000,0000000000000000,0,0
3797,3797,0,0000000,00,3,3,3,0000000000000000,0,0,3,8a4dc2f54ce705b0,0,1,0000000000000000,0000000000000000,0000000000000000,0,0
3798,3798,0,0000000,00,3,3,3,0000000000000000,0,0,3,8a4dc2f54ce705b0,0,1,0000000000000000,0000000000000000,0000000000000000,0,0
3799,3799,0,0000000,00,3,3,3,0000000000000000,0,0,3,8a4dc2f54ce705b0,0,1,0000000000000000,0000000000000000,0000000000000000,0,0
3800,3800,0,0000000,00,3,3,3,0000000000000000,0,0,3,8a4dc2f54ce705b0,0,1,0000000000000000,0000000000000000,0000000000000000,0,0
3801,3801,0,0000000,00,3,3,3,0000000000000000,0,0,3,8a4dc2f54ce705b0,0,1,0000000000000000,0000000000000000,0000000000000000,0,0
3802,3802,0,0000000,00,3,3,3,0000000000000000,0,0,3,8a4dc2f54ce705b0,0,1,0000000000000000,0000000000000000,0000000000000000,0,0
3803,3803,0,0000000,00,3,3,3,0000000000000000,0,0,3,8a4dc2f54ce705b0,0,1,0000000000000000,0000000000000000,0000000000000000,0,0
3804,3804,0,0000000,00,3,3,3,0000000000000000,0,0,3,8a4dc2f54ce705b0,0,1,0000000000000000,0000000000000000,0000000000000000,0,0
3805,3805,0,0000000,00,3,3,3,0000000000000000,0,0,3,8a4dc2f54ce705b0,0,1,0000000000000000,0000000000000000,0000000000000000,0,0
3806,3806,0,0000000,00,3,3,3,0000000000000000,0,0,3,8a4dc2f54ce705b0,0,1,0000000000000000,0000000000000000,0000000000000000,0,0
3807,3807,0,0000000,00,3,3,3,0000000000000000,0,0,3,8a4dc2f54ce705b0,0,1,0000000000000000,0000000000000000,0000000000000000,0,0
3808,3808,0,0000000,00,3,3,3,0000000000000000,0,0,3,8a4dc2f54ce705b0,0,1,0000000000000000,0000000000000000,0000000000000000,0,0
3809,3809,0,0000000,00,3,3,3,0000000000000000,0,0,3,8a4dc2f54ce705b0,0,1,0000000000000000,0000000000000000,0000000000000000,0,0
3810,3810,0,0000000,00,3,3,3,0000000000000000,0,0,3,8a4dc2f54ce705b0,0,1,0000000000000000,0000000000000000,0000000000000000,0,0
3811,3811,0,0000000,00,3,3,3,0000000000000000,0,0,3,8a4dc2f54ce705b0,0,1,0000000000000000,0000000000000000,0000000000000000,0,0
3812,3812,0,0000000,00,3,3,3,0000000000000000,0,0,3,8a4dc2f54ce705b0,0,1,0000000000000000,0000000000000000,0000000000000000,0,0
3813,3813,0,0000000,00,3,3,3,0000000000000000,0,0,3,8a4dc2f54ce705b0,0,1,0000000000000000,0000000000000000,0000000000000000,0,0
3814,3814,0,0000000,00,3,3,3,0000000000000000,0,0,3,8a4dc2f54ce705b0,0,1,0000000000000000,0000000000000000,0000000000000000,0,0
3815,3815,0,0000000,00,3,3,3,0000000000000000,0,0,3,8a4dc2f54ce705b0,0,1,0000000000000000,0000000000000000,0000000000000000,0,0
3816,3816,0,0000000,00,3,3,3,0000000000000000,0,0,3,8a4dc2f54ce705b0,0,1,0000000000000000,0000000000000000,0000000000000000,0,0
3817,3817,0,0000000,00,3,3,3,0000000000000000,0,0,3,8a4dc2f54ce705b0,0,1,0000000000000000,0000000000000000,0000000000000000,0,0
3818,3818,0,0000000,00,3,3,3,0000000000000000,0,0,3,8a4dc2f54ce705b0,0,1,0000000000000000,0000000000000000,0000000000000000,0,0
3819,3819,0,0000000,00,3,3,3,0000000000000000,0,0,3,8a4dc2f54ce705b0,0,1,0000000000000000,0000000000000000,0000000000000000,0,0
3820,3820,0,0000000,00,3,3,3,0000000000000000,0,0,3,8a4dc2f54ce705b0,0,1,0000000000000000,0000000000000000,0000000000000000,0,0
3821,3821,0,0000000,00,3,3,3,0000000000000000,0,0,3,8a4dc2f54ce705b0,0,1,0000000000000000,0000000000000000,0000000000000000,0,0
3822,3822,0,0000000,00,3,3,3,0000000000000000,0,0,3,8a4dc2f54ce705b0,0,1,0000000000000000,0000000000000000,0000000000000000,0,0
3823,3823,0,0000000,00,3,3,3,0000000000000000,0,0,3,8a4dc2f54ce705b0,0,1,0000000000000000,0000000000000000,0000000000000000,0,0
3824,3824,0,0000000,00,3,3,3,0000000000000000,0,0,3,8a4dc2f54ce705b0,0,1,0000000000000000,0000000000000000,0000000000000000,0,0
3825,3825,0,0000000,00,3,3,3,0000000000000000,0,0,3,8a4dc2f54ce705b0,0,1,0000000000000000,0000000000000000,0000000000000000,0,0
3826,3826,0,0000000,00,3,3,3,0000000000000000,0,0,3,8a4dc2f54ce705b0,0,1,0000000000000000,0000000000000000,0000000000000000,0,0
3827,3827,0,0000000,00,3,3,3,0000000000000000,0,0,3,8a4dc2f54ce705b0,0,1,0000000000000000,0000000000000000,0000000000000000,0,0
3828,3828,0,0000000,00,3,3,3,0000000000000000,0,0,3,8a4dc2f54ce705b0,0,1,0000000000000000,0000000000000000,0000000000000000,0,0
3829,3829,0,0000000,00,3,3,3,0000000000000000,0,0,3,8a4dc2f54ce705b0,0,1,0000000000000000,0000000000000000,0000000000000000,0,0
3830,3830,0,0000000,00,3,3,3,0000000000000000,0,0,3,8a4dc2f54ce705b0,0,1,0000000000000000,0000000000000000,0000000000000000,0,0
3831,3831,0,0000000,00,3,3,3,0000000000000000,0,0,3,8a4dc2f54ce705b0,0,1,0000000000000000,0000000000000000,0000000000000000,0,0
3832,3832,0,0000000,00,3,3,3,0000000000000000,0,0,3,8a4dc2f54ce705b0,0,1,0000000000000000,0000000000000000,0000000000000000,0,0
3833,3833,0,0000000,00,3,3,3,0000000000000000,0,0,3,8a4dc2f54ce705b0,0,1,0000000000000000,0000000000000000,0000000000000000,0,0
3834,3834,0,0000000,00,3,3,3,0000000000000000,0,0,3,8a4dc2f54ce705b0,0,1,0000000000000000,0000000000000000,0000000000000000,0,0
3835,3835,0,0000000,00,3,3,3,0000000000000000,0,0,3,8a4dc2f54ce705b0,0,1,0000000000000000,0000000000000000,0000000000000000,0,0
3836,3836,0,0000000,00,3,3,3,0000000000000000,0,0,3,8a4dc2f54ce705b0,0,1,0000000000000000,0000000000000000,0000000000000000,0,0
3837,3837,0,0000000,00,3,3,3,0000000000000000,0,0,3,8a4dc2f54ce705b0,0,1,0000000000000000,0000000000000000,0000000000000000,0,0
3838,3838,0,0000000,00,3,3,3,0000000000000000,0,0,3,8a4dc2f54ce705b0,0,1,0000000000000000,0000000000000000,0000000000000000,0,0
3839,3839,0,0000000,00,3,3,3,0000000000000000,0,0,3,8a4dc2f54ce705b0,0,1,0000000000000000,0000000000000000,0000000000000000,0,0
3840,3840,0,0000000,00,3,3,3,0000000000000000,0,0,3,8a4dc2f54ce705b0,0,1,0000000000000000,0000000000000000,0000000000000000,0,0
3841,3841,0,0000000,00,3,3,3,0000000000000000,0,0,3,8a4dc2f54ce705b0,0,1,0000000000000000,0000000000000000,0000000000000000,0,0
3842,3842,0,0000000,00,3,3,3,0000000000000000,0,0,3,8a4dc2f54ce705b0,0,1,0000000000000000,0000000000000000,0000000000000000,0,0
3843,3843,0,0000000,00,3,3,3,0000000000000000,0,0,3,8a4dc2f54ce705b0,0,1,0000000000000000,0000000000000000,0000000000000000,0,0
3844,3844,0,0000000,00,3,3,3,0000000000000000,0,0,3,8a4dc2f54ce705b0,0,1,0000000000000000,0000000000000000,0000000000000000,0,0
3845,3845,0,0000000,00,3,3,3,0000000000000000,0,0,3,8a4dc2f54ce705b0,0,1,0000000000000000,0000000000000000,0000000000000000,0,0
3846,3846,0,0000000,00,3,3,3,0000000000000000,0,0,3,8a4dc2f54ce705b0,0,1,0000000000000000,0000000000000000,0000000000000000,0,0
3847,3847,0,0000000,00,3,3,3,0000000000000000,0,0,3,8a4dc2f54ce705b0,0,1,0000000000000000,0000000000000000,0000000000000000,0,0
3848,3848,0,0000000,00,3,3,3,0000000000000000,0,0,3,8a4dc2f54ce705b0,0,1,0000000000000000,0000000000000000,0000000000000000,0,0
3849,3849,0,0000000,00,3,3,3,0000000000000000,0,0,3,8a4dc2f54ce705b0,0,1,0000000000000000,0000000000000000,0000000000000000,0,0
3850,3850,0,0000000,00,3,3,3,0000000000000000,0,0,3,8a4dc2f54ce705b0,0,1,0000000000000000,0000000000000000,0000000000000000,0,0
3851,3851,0,0000000,00,3,3,3,0000000000000000,0,0,3,8a4dc2f54ce705b0,0,1,0000000000000000,0000000000000000,0000000000000000,0,0
3852,3852,0,0000000,00,3,3,3,0000000000000000,0,0,3,8a4dc2f54ce705b0,0,1,0000000000000000,0000000000000000,0000000000000000,0,0
3853,3853,0,0000000,00,3,3,3,0000000000000000,0,0,3,8a4dc2f54ce705b0,0,1,0000000000000000,0000000000000000,0000000000000000,0,0
3854,3854,0,0000000,00,3,3,3,0000000000000000,0,0,3,8a4dc2f54ce705b0,0,1,0000000000000000,0000000000000000,0000000000000000,0,0
3855,3855,0,0000000,00,3,3,3,0000000000000000,0,0,3,8a4dc2f54ce705b0,0,1,0000000000000000,0000000000000000,0000000000000000,0,0
3856,3856,0,0000000,00,3,3,3,0000000000000000,0,0,3,8a4dc2f54ce705b0,0,1,0000000000000000,0000000000000000,0000000000000000,0,0
3857,3857,0,0000000,00,3,3,3,0000000000000000,0,0,3,8a4dc2f54ce705b0,0,1,0000000000000000,0000000000000000,0000000000000000,0,0
3858,3858,0,0000000,00,3,3,3,0000000000000000,0,0,3,8a4dc2f54ce705b0,0,1,0000000000000000,0000000000000000,0000000000000000,0,0
3859,3859,0,0000000,00,3,3,3,0000000000000000,0,0,3,8a4dc2f54ce705b0,0,1,0000000000000000,0000000000000000,0000000000000000,0,0
3860,3860,0,0000000,00,3,3,3,0000000000000000,0,0,3,8a4dc2f54ce705b0,0,1,0000000000000000,0000000000000000,0000000000000000,0,0
3861,3861,0,0000000,00,3,3,3,0000000000000000,0,0,3,8a4dc2f54ce705b0,0,1,0000000000000000,0000000000000000,0000000000000000,0,0
3862,3862,0,0000000,00,3,3,3,0000000000000000,0,0,3,8a4dc2f54ce705b0,0,1,0000000000000000,0000000000000000,0000000000000000,0,0
3863,3863,0,0000000,00,3,3,3,0000000000000000,0,0,3,8a4dc2f54ce705b0,0,1,0000000000000000,0000000000000000,0000000000000000,0,0
3864,3864,0,0000000,00,3,3,3,0000000000000000,0,0,3,8a4dc2f54ce705b0,0,1,0000000000000000,0000000000000000,0000000000000000,0,0
3865,3865,0,0000000,00,3,3,3,0000000000000000,0,0,3,8a4dc2f54ce705b0,0,1,0000000000000000,0000000000000000,0000000000000000,0,0
3866,3866,0,0000000,00,3,3,3,0000000000000000,0,0,3,8a4dc2f54ce705b0,0,1,0000000000000000,0000000000000000,0000000000000000,0,0
3867,3867,0,0000000,00,3,3,3,0000000000000000,0,0,3,8a4dc2f54ce705b0,0,1,0000000000000000,0000000000000000,0000000000000000,0,0
3868,3868,0,0000000,00,3,3,3,0000000000000000,0,0,3,8a4dc2f54ce705b0,0,1,0000000000000000,0000000000000000,0000000000000000,0,0
3869,3869,0,0000000,00,3,3,3,0000000000000000,0,0,3,8a4dc2f54ce705b0,0,1,0000000000000000,0000000000000000,0000000000000000,0,0
3870,3870,0,0000000,00,3,3,3,0000000000000000,0,0,3,8a4dc2f54ce705b0,0,1,0000000000000000,0000000000000000,0000000000000000,0,0
3871,3871,0,0000000,00,3,3,3,0000000000000000,0,0,3,8a4dc2f54ce705b0,0,1,0000000000000000,0000000000000000,0000000000000000,0,0
3872,3872,0,0000000,00,3,3,3,0000000000000000,0,0,3,8a4dc2f54ce705b0,0,1,0000000000000000,0000000000000000,0000000000000000,0,0
3873,3873,0,0000000,00,3,3,3,0000000000000000,0,0,3,8a4dc2f54ce705b0,0,1,0000000000000000,0000000000000000,0000000000000000,0,0
3874,3874,0,0000000,00,3,3,3,0000000000000000,0,0,3,8a4dc2f54ce705b0,0,1,0000000000000000,0000000000000000,0000000000000000,0,0
3875,3875,0,0000000,00,3,3,3,0000000000000000,0,0,3,8a4dc2f54ce705b0,0,1,0000000000000000,0000000000000000,0000000000000000,0,0
3876,3876,0,0000000,00,3,3,3,0000000000000000,0,0,3,8a4dc2f54ce705b0,0,1,0000000000000000,0000000000000000,0000000000000000,0,0
3877,3877,0,0000000,00,3,3,3,0000000000000000,0,0,3,8a4dc2f54ce705b0,0,1,0000000000000000,0000000000000000,0000000000000000,0,0
3878,3878,0,0000000,00,3,3,3,0000000000000000,0,0,3,8a4dc2f54ce705b0,0,1,0000000000000000,0000000000000000,0000000000000000,0,0
3879,3879,0,0000000,00,3,3,3,0000000000000000,0,0,3,8a4dc2f54ce705b0,0,1,0000000000000000,0000000000000000,0000000000000000,0,0
3880,3880,0,0000000,00,3,3,3,0000000000000000,0,0,3,8a4dc2f54ce705b0,0,1,0000000000000000,0000000000000000,0000000000000000,0,0
3881,3881,0,0000000,00,3,3,3,0000000000000000,0,0,3,8a4dc2f54ce705b0,0,1,0000000000000000,0000000000000000,0000000000000000,0,0
3882,3882,0,0000000,00,3,3,3,0000000000000000,0,0,3,8a4dc2f54ce705b0,0,1,0000000000000000,0000000000000000,0000000000000000,0,0
3883,3883,0,0000000,00,3,3,3,0000000000000000,0,0,3,8a4dc2f54ce705b0,0,1,0000000000000000,0000000000000000,0000000000000000,0,0
3884,3884,0,0000000,00,3,3,3,0000000000000000,0,0,3,8a4dc2f54ce705b0,0,1,0000000000000000,0000000000000000,0000000000000000,0,0
3885,3885,0,0000000,00,3,3,3,0000000000000000,0,0,3,8a4dc2f54ce705b0,0,1,0000000000000000,0000000000000000,0000000000000000,0,0
3886,3886,0,0000000,00,3,3,3,0000000000000000,0,0,3,8a4dc2f54ce705b0,0,1,0000000000000000,0000000000000000,0000000000000000,0,0
3887,3887,0,0000000,00,3,3,3,0000000000000000,0,0,3,8a4dc2f54ce705b0,0,1,0000000000000000,0000000000000000,0000000000000000,0,0
3888,3888,0,0000000,00,3,3,3,0000000000000000,0,0,3,8a4dc2f54ce705b0,0,1,0000000000000000,0000000000000000,0000000000000000,0,0
3889,3889,0,0000000,00,3,3,3,0000000000000000,0,0,3,8a4dc2f54ce705b0,0,1,0000000000000000,0000000000000000,0000000000000000,0,0
3890,3890,0,0000000,00,3,3,3,0000000000000000,0,0,3,8a4dc2f54ce705b0,0,1,0000000000000000,0000000000000000,0000000000000000,0,0
3891,3891,0,0000000,00,3,3,3,0000000000000000,0,0,3,8a4dc2f54ce705b0,0,1,0000000000000000,0000000000000000,0000000000000000,0,0
3892,3892,0,0000000,00,3,3,3,0000000000000000,0,0,3,8a4dc2f54ce705b0,0,1,0000000000000000,0000000000000000,0000000000000000,0,0
3893,3893,0,0000000,00,3,3,3,0000000000000000,0,0,3,8a4dc2f54ce705b0,0,1,0000000000000000,0000000000000000,0000000000000000,0,0
3894,3894,0,0000000,00,3,3,3,0000000000000000,0,0,3,8a4dc2f54ce705b0,0,1,0000000000000000,0000000000000000,0000000000000000,0,0
3895,3895,0,0000000,00,3,3,3,0000000000000000,0,0,3,8a4dc2f54ce705b0,0,1,0000000000000000,0000000000000000,0000000000000000,0,0
3896,3896,0,0000000,00,3,3,3,0000000000000000,0,0,3,8a4dc2f54ce705b0,0,1,0000000000000000,0000000000000000,0000000000000000,0,0
3897,3897,0,0000000,00,3,3,3,0000000000000000,0,0,3,8a4dc2f54ce705b0,0,1,0000000000000000,0000000000000000,0000000000000000,0,0
3898,3898,0,0000000,00,3,3,3,0000000000000000,0,0,3,8a4dc2f54ce705b0,0,1,0000000000000000,0000000000000000,0000000000000000,0,0
3899,3899,0,0000000,00,3,3,3,0000000000000000,0,0,3,8a4dc2f54ce705b0,0,1,0000000000000000,0000000000000000,0000000000000000,0,0
3900,3900,0,0000000,00,3,3,3,0000000000000000,0,0,3,8a4dc2f54ce705b0,0,1,0000000000000000,0000000000000000,0000000000000000,0,0
3901,3901,0,0000000,00,3,3,3,0000000000000000,0,0,3,8a4dc2f54ce705b0,0,1,0000000000000000,0000000000000000,0000000000000000,0,0
3902,3902,0,0000000,00,3,3,3,0000000000000000,0,0,3,8a4dc2f54ce705b0,0,1,0000000000000000,0000000000000000,0000000000000000,0,0
3903,3903,0,0000000,00,3,3,3,0000000000000000,0,0,3,8a4dc2f54ce705b0,0,1,0000000000000000,0000000000000000,0000000000000000,0,0
3904,3904,0,0000000,00,3,3,3,0000000000000000,0,0,3,8a4dc2f54ce705b0,0,1,0000000000000000,0000000000000000,0000000000000000,0,0
3905,3905,0,0000000,00,3,3,3,0000000000000000,0,0,3,8a4dc2f54ce705b0,0,1,0000000000000000,0000000000000000,0000000000000000,0,0
3906,3906,0,0000000,00,3,3,3,0000000000000000,0,0,3,8a4dc2f54ce705b0,0,1,0000000000000000,0000000000000000,0000000000000000,0,0
3907,3907,0,0000000,00,3,3,3,0000000000000000,0,0,3,8a4dc2f54ce705b0,0,1,0000000000000000,0000000000000000,0000000000000000,0,0
3908,3908,0,0000000,00,3,3,3,0000000000000000,0,0,3,8a4dc2f54ce705b0,0,1,0000000000000000,0000000000000000,0000000000000000,0,0
3909,3909,0,0000000,00,3,3,3,0000000000000000,0,0,3,8a4dc2f54ce705b0,0,1,0000000000000000,0000000000000000,0000000000000000,0,0
3910,3910,0,0000000,00,3,3,3,0000000000000000,0,0,3,8a4dc2f54ce705b0,0,1,0000000000000000,0000000000000000,0000000000000000,0,0
3911,3911,0,0000000,00,3,3,3,0000000000000000,0,0,3,8a4dc2f54ce705b0,0,1,0000000000000000,0000000000000000,0000000000000000,0,0
3912,3912,0,0000000,00,3,3,3,0000000000000000,0,0,3,8a4dc2f54ce705b0,0,1,0000000000000000,0000000000000000,0000000000000000,0,0
3913,3913,0,0000000,00,3,3,3,0000000000000000,0,0,3,8a4dc2f54ce705b0,0,1,0000000000000000,0000000000000000,0000000000000000,0,0
3914,3914,0,0000000,00,3,3,3,0000000000000000,0,0,3,8a4dc2f54ce705b0,0,1,0000000000000000,0000000000000000,0000000000000000,0,0
3915,3915,0,0000000,00,3,3,3,0000000000000000,0,0,3,8a4dc2f54ce705b0,0,1,0000000000000000,0000000000000000,0000000000000000,0,0
3916,3916,0,0000000,00,3,3,3,0000000000000000,0,0,3,8a4dc2f54ce705b0,0,1,0000000000000000,0000000000000000,0000000000000000,0,0
3917,3917,0,0000000,00,3,3,3,0000000000000000,0,0,3,8a4dc2f54ce705b0,0,1,0000000000000000,0000000000000000,0000000000000000,0,0
3918,3918,0,0000000,00,3,3,3,0000000000000000,0,0,3,8a4dc2f54ce705b0,0,1,0000000000000000,0000000000000000,0000000000000000,0,0
3919,3919,0,0000000,00,3,3,3,0000000000000000,0,0,3,8a4dc2f54ce705b0,0,1,0000000000000000,0000000000000000,0000000000000000,0,0
3920,3920,0,0000000,00,3,3,3,0000000000000000,0,0,3,8a4dc2f54ce705b0,0,1,0000000000000000,0000000000000000,0000000000000000,0,0
3921,3921,0,0000000,00,3,3,3,0000000000000000,0,0,3,8a4dc2f54ce705b0,0,1,0000000000000000,0000000000000000,0000000000000000,0,0
3922,3922,0,0000000,00,3,3,3,0000000000000000,0,0,3,8a4dc2f54ce705b0,0,1,0000000000000000,0000000000000000,0000000000000000,0,0
3923,3923,0,0000000,00,3,3,3,0000000000000000,0,0,3,8a4dc2f54ce705b0,0,1,0000000000000000,0000000000000000,0000000000000000,0,0
3924,3924,0,0000000,00,3,3,3,0000000000000000,0,0,3,8a4dc2f54ce705b0,0,1,0000000000000000,0000000000000000,0000000000000000,0,0
3925,3925,0,0000000,00,3,3,3,0000000000000000,0,0,3,8a4dc2f54ce705b0,0,1,0000000000000000,0000000000000000,0000000000000000,0,0
3926,3926,0,0000000,00,3,3,3,0000000000000000,0,0,3,8a4dc2f54ce705b0,0,1,0000000000000000,0000000000000000,0000000000000000,0,0
3927,3927,0,0000000,00,3,3,3,0000000000000000,0,0,3,8a4dc2f54ce705b0,0,1,0000000000000000,0000000000000000,0000000000000000,0,0
3928,3928,0,0000000,00,3,3,3,0000000000000000,0,0,3,8a4dc2f54ce705b0,0,1,0000000000000000,0000000000000000,0000000000000000,0,0
3929,3929,0,0000000,00,3,3,3,0000000000000000,0,0,3,8a4dc2f54ce705b0,0,1,0000000000000000,0000000000000000,0000000000000000,0,0
3930,3930,0,0000000,00,3,3,3,0000000000000000,0,0,3,8a4dc2f54ce705b0,0,1,0000000000000000,0000000000000000,0000000000000000,0,0
3931,3931,0,0000000,00,3,3,3,0000000000000000,0,0,3,8a4dc2f54ce705b0,0,1,0000000000000000,0000000000000000,0000000000000000,0,0
3932,3932,0,0000000,00,3,3,3,0000000000000000,0,0,3,8a4dc2f54ce705b0,0,1,0000000000000000,0000000000000000,0000000000000000,0,0
3933,3933,0,0000000,00,3,3,3,0000000000000000,0,0,3,8a4dc2f54ce705b0,0,1,0000000000000000,0000000000000000,0000000000000000,0,0
3934,3934,0,0000000,00,3,3,3,0000000000000000,0,0,3,8a4dc2f54ce705b0,0,1,0000000000000000,0000000000000000,0000000000000000,0,0
3935,3935,0,0000000,00,3,3,3,0000000000000000,0,0,3,8a4dc2f54ce705b0,0,1,0000000000000000,0000000000000000,0000000000000000,0,0
3936,3936,0,0000000,00,3,3,3,0000000000000000,0,0,3,8a4dc2f54ce705b0,0,1,0000000000000000,0000000000000000,0000000000000000,0,0
3937,3937,0,0000000,00,3,3,3,0000000000000000,0,0,3,8a4dc2f54ce705b0,0,1,0000000000000000,0000000000000000,0000000000000000,0,0
3938,3938,0,0000000,00,3,3,3,0000000000000000,0,0,3,8a4dc2f54ce705b0,0,1,0000000000000000,0000000000000000,0000000000000000,0,0
3939,3939,0,0000000,00,3,3,3,0000000000000000,0,0,3,8a4dc2f54ce705b0,0,1,0000000000000000,0000000000000000,0000000000000000,0,0
3940,3940,0,0000000,00,3,3,3,0000000000000000,0,0,3,8a4dc2f54ce705b0,0,1,0000000000000000,0000000000000000,0000000000000000,0,0
3941,3941,0,0000000,00,3,3,3,0000000000000000,0,0,3,8a4dc2f54ce705b0,0,1,0000000000000000,0000000000000000,0000000000000000,0,0
3942,3942,0,0000000,00,3,3,3,0000000000000000,0,0,3,8a4dc2f54ce705b0,0,1,0000000000000000,0000000000000000,0000000000000000,0,0
3943,3943,0,0000000,00,3,3,3,0000000000000000,0,0,3,8a4dc2f54ce705b0,0,1,0000000000000000,0000000000000000,0000000000000000,0,0
3944,3944,0,0000000,00,3,3,3,0000000000000000,0,0,3,8a4dc2f54ce705b0,0,1,0000000000000000,0000000000000000,0000000000000000,0,0
3945,3945,0,0000000,00,3,3,3,0000000000000000,0,0,3,8a4dc2f54ce705b0,0,1,0000000000000000,0000000000000000,0000000000000000,0,0
3946,3946,0,0000000,00,3,3,3,0000000000000000,0,0,3,8a4dc2f54ce705b0,0,1,0000000000000000,0000000000000000,0000000000000000,0,0
3947,3947,0,0000000,00,3,3,3,0000000000000000,0,0,3,8a4dc2f54ce705b0,0,1,0000000000000000,0000000000000000,0000000000000000,0,0
3948,3948,0,0000000,00,3,3,3,0000000000000000,0,0,3,8a4dc2f54ce705b0,0,1,0000000000000000,0000000000000000,0000000000000000,0,0
3949,3949,0,0000000,00,3,3,3,0000000000000000,0,0,3,8a4dc2f54ce705b0,0,1,0000000000000000,0000000000000000,0000000000000000,0,0
3950,3950,0,0000000,00,3,3,3,0000000000000000,0,0,3,8a4dc2f54ce705b0,0,1,0000000000000000,0000000000000000,0000000000000000,0,0
3951,3951,0,0000000,00,3,3,3,0000000000000000,0,0,3,8a4dc2f54ce705b0,0,1,0000000000000000,0000000000000000,0000000000000000,0,0
3952,3952,0,0000000,00,3,3,3,0000000000000000,0,0,3,8a4dc2f54ce705b0,0,1,0000000000000000,0000000000000000,0000000000000000,0,0
3953,3953,0,0000000,00,3,3,3,0000000000000000,0,0,3,8a4dc2f54ce705b0,0,1,0000000000000000,0000000000000000,0000000000000000,0,0
3954,3954,0,0000000,00,3,3,3,0000000000000000,0,0,3,8a4dc2f54ce705b0,0,1,0000000000000000,0000000000000000,0000000000000000,0,0
3955,3955,0,0000000,00,3,3,3,0000000000000000,0,0,3,8a4dc2f54ce705b0,0,1,0000000000000000,0000000000000000,0000000000000000,0,0
3956,3956,0,0000000,00,3,3,3,0000000000000000,0,0,3,8a4dc2f54ce705b0,0,1,0000000000000000,0000000000000000,0000000000000000,0,0
3957,3957,0,0000000,00,3,3,3,0000000000000000,0,0,3,8a4dc2f54ce705b0,0,1,0000000000000000,0000000000000000,0000000000000000,0,0
3958,3958,0,0000000,00,3,3,3,0000000000000000,0,0,3,8a4dc2f54ce705b0,0,1,0000000000000000,0000000000000000,0000000000000000,0,0
3959,3959,0,0000000,00,3,3,3,0000000000000000,0,0,3,8a4dc2f54ce705b0,0,1,0000000000000000,0000000000000000,0000000000000000,0,0
3960,3960,0,0000000,00,3,3,3,0000000000000000,0,0,3,8a4dc2f54ce705b0,0,1,0000000000000000,0000000000000000,0000000000000000,0,0
3961,3961,0,0000000,00,3,3,3,0000000000000000,0,0,3,8a4dc2f54ce705b0,0,1,0000000000000000,0000000000000000,0000000000000000,0,0
3962,3962,0,0000000,00,3,3,3,0000000000000000,0,0,3,8a4dc2f54ce705b0,0,1,0000000000000000,0000000000000000,0000000000000000,0,0
3963,3963,0,0000000,00,3,3,3,0000000000000000,0,0,3,8a4dc2f54ce705b0,0,1,0000000000000000,0000000000000000,0000000000000000,0,0
3964,3964,0,0000000,00,3,3,3,0000000000000000,0,0,3,8a4dc2f54ce705b0,0,1,0000000000000000,0000000000000000,0000000000000000,0,0
3965,3965,0,0000000,00,3,3,3,0000000000000000,0,0,3,8a4dc2f54ce705b0,0,1,0000000000000000,0000000000000000,0000000000000000,0,0
3966,3966,0,0000000,00,3,3,3,0000000000000000,0,0,3,8a4dc2f54ce705b0,0,1,0000000000000000,0000000000000000,0000000000000000,0,0
3967,3967,0,0000000,00,3,3,3,0000000000000000,0,0,3,8a4dc2f54ce705b0,0,1,0000000000000000,0000000000000000,0000000000000000,0,0
3968,3968,0,0000000,00,3,3,3,0000000000000000,0,0,3,8a4dc2f54ce705b0,0,1,0000000000000000,0000000000000000,0000000000000000,0,0
3969,3969,0,0000000,00,3,3,3,0000000000000000,0,0,3,8a4dc2f54ce705b0,0,1,0000000000000000,0000000000000000,0000000000000000,0,0
3970,3970,0,0000000,00,3,3,3,0000000000000000,0,0,3,8a4dc2f54ce705b0,0,1,0000000000000000,0000000000000000,0000000000000000,0,0
3971,3971,0,0000000,00,3,3,3,0000000000000000,0,0,3,8a4dc2f54ce705b0,0,1,0000000000000000,0000000000000000,0000000000000000,0,0
3972,3972,0,0000000,00,3,3,3,0000000000000000,0,0,3,8a4dc2f54ce705b0,0,1,0000000000000000,0000000000000000,0000000000000000,0,0
3973,3973,0,0000000,00,3,3,3,0000000000000000,0,0,3,8a4dc2f54ce705b0,0,1,0000000000000000,0000000000000000,0000000000000000,0,0
3974,3974,0,0000000,00,3,3,3,0000000000000000,0,0,3,8a4dc2f54ce705b0,0,1,0000000000000000,0000000000000000,0000000000000000,0,0
3975,3975,0,0000000,00,3,3,3,0000000000000000,0,0,3,8a4dc2f54ce705b0,0,1,0000000000000000,0000000000000000,0000000000000000,0,0
3976,3976,0,0000000,00,3,3,3,0000000000000000,0,0,3,8a4dc2f54ce705b0,0,1,0000000000000000,0000000000000000,0000000000000000,0,0
3977,3977,0,0000000,00,3,3,3,0000000000000000,0,0,3,8a4dc2f54ce705b0,0,1,0000000000000000,0000000000000000,0000000000000000,0,0
3978,3978,0,0000000,00,3,3,3,0000000000000000,0,0,3,8a4dc2f54ce705b0,0,1,0000000000000000,0000000000000000,0000000000000000,0,0
3979,3979,0,0000000,00,3,3,3,0000000000000000,0,0,3,8a4dc2f54ce705b0,0,1,0000000000000000,0000000000000000,0000000000000000,0,0
3980,3980,0,0000000,00,3,3,3,0000000000000000,0,0,3,8a4dc2f54ce705b0,0,1,0000000000000000,0000000000000000,0000000000000000,0,0
3981,3981,0,0000000,00,3,3,3,0000000000000000,0,0,3,8a4dc2f54ce705b0,0,1,0000000000000000,0000000000000000,0000000000000000,0,0
3982,3982,0,0000000,00,3,3,3,0000000000000000,0,0,3,8a4dc2f54ce705b0,0,1,0000000000000000,0000000000000000,0000000000000000,0,0
3983,3983,0,0000000,00,3,3,3,0000000000000000,0,0,3,8a4dc2f54ce705b0,0,1,0000000000000000,0000000000000000,0000000000000000,0,0
3984,3984,0,0000000,00,3,3,3,0000000000000000,0,0,3,8a4dc2f54ce705b0,0,1,0000000000000000,0000000000000000,0000000000000000,0,0
3985,3985,0,0000000,00,3,3,3,0000000000000000,0,0,3,8a4dc2f54ce705b0,0,1,0000000000000000,0000000000000000,0000000000000000,0,0
3986,3986,0,0000000,00,3,3,3,0000000000000000,0,0,3,8a4dc2f54ce705b0,0,1,0000000000000000,0000000000000000,0000000000000000,0,0
3987,3987,0,0000000,00,3,3,3,0000000000000000,0,0,3,8a4dc2f54ce705b0,0,1,0000000000000000,0000000000000000,0000000000000000,0,0
3988,3988,0,0000000,00,3,3,3,0000000000000000,0,0,3,8a4dc2f54ce705b0,0,1,0000000000000000,0000000000000000,0000000000000000,0,0
3989,3989,0,0000000,00,3,3,3,0000000000000000,0,0,3,8a4dc2f54ce705b0,0,1,0000000000000000,0000000000000000,0000000000000000,0,0
3990,3990,0,0000000,00,3,3,3,0000000000000000,0,0,3,8a4dc2f54ce705b0,0,1,0000000000000000,0000000000000000,0000000000000000,0,0
3991,3991,0,0000000,00,3,3,3,0000000000000000,0,0,3,8a4dc2f54ce705b0,0,1,0000000000000000,0000000000000000,0000000000000000,0,0
3992,3992,0,0000000,00,3,3,3,0000000000000000,0,0,3,8a4dc2f54ce705b0,0,1,0000000000000000,0000000000000000,0000000000000000,0,0
3993,3993,0,0000000,00,3,3,3,0000000000000000,0,0,3,8a4dc2f54ce705b0,0,1,0000000000000000,0000000000000000,0000000000000000,0,0
3994,3994,0,0000000,00,3,3,3,0000000000000000,0,0,3,8a4dc2f54ce705b0,0,1,0000000000000000,0000000000000000,0000000000000000,0,0
3995,3995,0,0000000,00,3,3,3,0000000000000000,0,0,3,8a4dc2f54ce705b0,0,1,0000000000000000,0000000000000000,0000000000000000,0,0
3996,3996,0,0000000,00,3,3,3,0000000000000000,0,0,3,8a4dc2f54ce705b0,0,1,0000000000000000,0000000000000000,0000000000000000,0,0
3997,3997,0,0000000,00,3,3,3,0000000000000000,0,0,3,8a4dc2f54ce705b0,0,1,0000000000000000,0000000000000000,0000000000000000,0,0
3998,3998,0,0000000,00,3,3,3,0000000000000000,0,0,3,8a4dc2f54ce705b0,0,1,0000000000000000,0000000000000000,0000000000000000,0,0
3999,3999,0,0000000,00,3,3,3,0000000000000000,0,0,3,8a4dc2f54ce705b0,0,1,0000000000000000,0000000000000000,0000000000000000,0,0
4000,4000,0,0000000,00,3,3,3,0000000000000000,0,0,3,8a4dc2f54ce705b0,0,1,0000000000000000,0000000000000000,0000000000000000,0,0
4001,4001,0,0000000,00,3,3,3,0000000000000000,0,0,3,8a4dc2f54ce705b0,0,1,0000000000000000,0000000000000000,0000000000000000,0,0
4002,4002,0,0000000,00,3,3,3,0000000000000000,0,0,3,8a4dc2f54ce705b0,0,1,0000000000000000,0000000000000000,0000000000000000,0,0
4003,4003,0,0000000,00,3,3,3,0000000000000000,0,0,3,8a4dc2f54ce705b0,0,1,0000000000000000,0000000000000000,0000000000000000,0,0
4004,4004,0,0000000,00,3,3,3,0000000000000000,0,0,3,8a4dc2f54ce705b0,0,1,0000000000000000,0000000000000000,0000000000000000,0,0
4005,4005,0,0000000,00,3,3,3,0000000000000000,0,0,3,8a4dc2f54ce705b0,0,1,0000000000000000,0000000000000000,0000000000000000,0,0
4006,4006,0,0000000,00,3,3,3,0000000000000000,0,0,3,8a4dc2f54ce705b0,0,1,0000000000000000,0000000000000000,0000000000000000,0,0
4007,4007,0,0000000,00,3,3,3,0000000000000000,0,0,3,8a4dc2f54ce705b0,0,1,0000000000000000,0000000000000000,0000000000000000,0,0
4008,4008,0,0000000,00,3,3,3,0000000000000000,0,0,3,8a4dc2f54ce705b0,0,1,0000000000000000,0000000000000000,0000000000000000,0,0
4009,4009,0,0000000,00,3,3,3,0000000000000000,0,0,3,8a4dc2f54ce705b0,0,1,0000000000000000,0000000000000000,0000000000000000,0,0
4010,4010,0,0000000,00,3,3,3,0000000000000000,0,0,3,8a4dc2f54ce705b0,0,1,0000000000000000,0000000000000000,0000000000000000,0,0
4011,4011,0,0000000,00,3,3,3,0000000000000000,0,0,3,8a4dc2f54ce705b0,0,1,0000000000000000,0000000000000000,0000000000000000,0,0
4012,4012,0,0000000,00,3,3,3,0000000000000000,0,0,3,8a4dc2f54ce705b0,0,1,0000000000000000,0000000000000000,0000000000000000,0,0
4013,4013,0,0000000,00,3,3,3,0000000000000000,0,0,3,8a4dc2f54ce705b0,0,1,0000000000000000,0000000000000000,0000000000000000,0,0
4014,4014,0,0000000,00,3,3,3,0000000000000000,0,0,3,8a4dc2f54ce705b0,0,1,0000000000000000,0000000000000000,0000000000000000,0,0
4015,4015,0,0000000,00,3,3,3,0000000000000000,0,0,3,8a4dc2f54ce705b0,0,1,0000000000000000,0000000000000000,0000000000000000,0,0
4016,4016,0,0000000,00,3,3,3,0000000000000000,0,0,3,8a4dc2f54ce705b0,0,1,0000000000000000,0000000000000000,0000000000000000,0,0
4017,4017,0,0000000,00,3,3,3,0000000000000000,0,0,3,8a4dc2f54ce705b0,0,1,0000000000000000,0000000000000000,0000000000000000,0,0
4018,4018,0,0000000,00,3,3,3,0000000000000000,0,0,3,8a4dc2f54ce705b0,0,1,0000000000000000,0000000000000000,0000000000000000,0,0
4019,4019,0,0000000,00,3,3,3,0000000000000000,0,0,3,8a4dc2f54ce705b0,0,1,0000000000000000,0000000000000000,0000000000000000,0,0
4020,4020,0,0000000,00,3,3,3,0000000000000000,0,0,3,8a4dc2f54ce705b0,0,1,0000000000000000,0000000000000000,0000000000000000,0,0
4021,4021,0,0000000,00,2,2,2,0000000000000000,0,0,3,8a4dc2f54ce705b0,0,1,0000000000000000,0000000000000000,0000000000000000,0,0
4022,4022,0,0000000,00,3,3,3,0000000000000000,0,0,3,8a4dc2f54ce705b0,0,1,0000000000000000,0000000000000000,0000000000000000,0,0
4023,4023,0,0000000,00,3,3,3,0000000000000000,0,0,3,8a4dc2f54ce705b0,0,1,0000000000000000,0000000000000000,0000000000000000,0,0
4024,4024,0,0000000,00,3,3,3,0000000000000000,0,0,3,8a4dc2f54ce705b0,0,1,0000000000000000,0000000000000000,0000000000000000,0,0
4025,4025,0,0000000,00,3,3,3,0000000000000000,0,0,3,8a4dc2f54ce705b0,0,1,0000000000000000,0000000000000000,0000000000000000,0,0
4026,4026,0,0000000,00,3,3,3,0000000000000000,0,0,3,8a4dc2f54ce705b0,0,1,0000000000000000,0000000000000000,0000000000000000,0,0
4027,4027,0,0000000,00,3,3,3,0000000000000000,0,0,3,8a4dc2f54ce705b0,0,1,0000000000000000,0000000000000000,0000000000000000,0,0
4028,4028,0,0000000,00,3,3,3,0000000000000000,0,0,3,8a4dc2f54ce705b0,0,1,0000000000000000,0000000000000000,0000000000000000,0,0
4029,4029,0,0000000,00,3,3,3,0000000000000000,0,0,3,8a4dc2f54ce705b0,0,1,0000000000000000,0000000000000000,0000000000000000,0,0
4030,4030,0,0000000,00,3,3,3,0000000000000000,0,0,3,8a4dc2f54ce705b0,0,1,0000000000000000,0000000000000000,0000000000000000,0,0
4031,4031,0,0000000,00,3,3,3,0000000000000000,0,0,3,8a4dc2f54ce705b0,0,1,0000000000000000,0000000000000000,0000000000000000,0,0
4032,4032,0,0000000,00,3,3,3,0000000000000000,0,0,3,8a4dc2f54ce705b0,0,1,0000000000000000,0000000000000000,0000000000000000,0,0
4033,4033,0,0000000,00,3,3,3,0000000000000000,0,0,3,8a4dc2f54ce705b0,0,1,0000000000000000,0000000000000000,0000000000000000,0,0
4034,4034,0,0000000,00,3,3,3,0000000000000000,0,0,3,8a4dc2f54ce705b0,0,1,0000000000000000,0000000000000000,0000000000000000,0,0
4035,4035,0,0000000,00,3,3,3,0000000000000000,0,0,3,8a4dc2f54ce705b0,0,1,0000000000000000,0000000000000000,0000000000000000,0,0
4036,4036,0,0000000,00,3,3,3,0000000000000000,0,0,3,8a4dc2f54ce705b0,0,1,0000000000000000,0000000000000000,0000000000000000,0,0
4037,4037,0,0000000,00,3,3,3,0000000000000000,0,0,3,8a4dc2f54ce705b0,0,1,0000000000000000,0000000000000000,0000000000000000,0,0
4038,4038,0,0000000,00,3,3,3,0000000000000000,0,0,3,8a4dc2f54ce705b0,0,1,0000000000000000,0000000000000000,0000000000000000,0,0
4039,4039,0,0000000,00,3,3,3,0000000000000000,0,0,3,8a4dc2f54ce705b0,0,1,0000000000000000,0000000000000000,0000000000000000,0,0
4040,4040,0,0000000,00,3,3,3,0000000000000000,0,0,3,8a4dc2f54ce705b0,0,1,0000000000000000,0000000000000000,0000000000000000,0,0
4041,4041,0,0000000,00,3,3,3,0000000000000000,0,0,3,8a4dc2f54ce705b0,0,1,0000000000000000,0000000000000000,0000000000000000,0,0
4042,4042,0,0000000,00,3,3,3,0000000000000000,0,0,3,8a4dc2f54ce705b0,0,1,0000000000000000,0000000000000000,0000000000000000,0,0
4043,4043,0,0000000,00,3,3,3,0000000000000000,0,0,3,8a4dc2f54ce705b0,0,1,0000000000000000,0000000000000000,0000000000000000,0,0
4044,4044,0,0000000,00,3,3,3,0000000000000000,0,0,3,8a4dc2f54ce705b0,0,1,0000000000000000,0000000000000000,0000000000000000,0,0
4045,4045,0,0000000,00,3,3,3,0000000000000000,0,0,3,8a4dc2f54ce705b0,0,1,0000000000000000,0000000000000000,0000000000000000,0,0
4046,4046,0,0000000,00,3,3,3,0000000000000000,0,0,3,8a4dc2f54ce705b0,0,1,0000000000000000,0000000000000000,0000000000000000,0,0
4047,4047,0,0000000,00,3,3,3,0000000000000000,0,0,3,8a4dc2f54ce705b0,0,1,0000000000000000,0000000000000000,0000000000000000,0,0
4048,4048,0,0000000,00,3,3,3,0000000000000000,0,0,3,8a4dc2f54ce705b0,0,1,0000000000000000,0000000000000000,0000000000000000,0,0
4049,4049,0,0000000,00,3,3,3,0000000000000000,0,0,3,8a4dc2f54ce705b0,0,1,0000000000000000,0000000000000000,0000000000000000,0,0
4050,4050,0,0000000,00,3,3,3,0000000000000000,0,0,3,8a4dc2f54ce705b0,0,1,0000000000000000,0000000000000000,0000000000000000,0,0
4051,4051,0,0000000,00,3,3,3,0000000000000000,0,0,3,8a4dc2f54ce705b0,0,1,0000000000000000,0000000000000000,0000000000000000,0,0
4052,4052,0,0000000,00,3,3,3,0000000000000000,0,0,3,8a4dc2f54ce705b0,0,1,0000000000000000,0000000000000000,0000000000000000,0,0
4053,4053,0,0000000,00,3,3,3,0000000000000000,0,0,3,8a4dc2f54ce705b0,0,1,0000000000000000,0000000000000000,0000000000000000,0,0
4054,4054,0,0000000,00,3,3,3,0000000000000000,0,0,3,8a4dc2f54ce705b0,0,1,0000000000000000,0000000000000000,0000000000000000,0,0
4055,4055,0,0000000,00,3,3,3,0000000000000000,0,0,3,8a4dc2f54ce705b0,0,1,0000000000000000,0000000000000000,0000000000000000,0,0
4056,4056,0,0000000,00,3,3,3,0000000000000000,0,0,3,8a4dc2f54ce705b0,0,1,0000000000000000,0000000000000000,0000000000000000,0,0
4057,4057,0,0000000,00,3,3,3,0000000000000000,0,0,3,8a4dc2f54ce705b0,0,1,0000000000000000,0000000000000000,0000000000000000,0,0
4058,4058,0,0000000,00,3,3,3,0000000000000000,0,0,3,8a4dc2f54ce705b0,0,1,0000000000000000,0000000000000000,0000000000000000,0,0
4059,4059,0,0000000,00,3,3,3,0000000000000000,0,0,3,8a4dc2f54ce705b0,0,1,0000000000000000,0000000000000000,0000000000000000,0,0
4060,4060,0,0000000,00,3,3,3,0000000000000000,0,0,3,8a4dc2f54ce705b0,0,1,0000000000000000,0000000000000000,0000000000000000,0,0
4061,4061,0,0000000,00,3,3,3,0000000000000000,0,0,3,8a4dc2f54ce705b0,0,1,0000000000000000,0000000000000000,0000000000000000,0,0
4062,4062,0,0000000,00,3,3,3,0000000000000000,0,0,3,8a4dc2f54ce705b0,0,1,0000000000000000,0000000000000000,0000000000000000,0,0
4063,4063,0,0000000,00,3,3,3,0000000000000000,0,0,3,8a4dc2f54ce705b0,0,1,0000000000000000,0000000000000000,0000000000000000,0,0
4064,4064,0,0000000,00,3,3,3,0000000000000000,0,0,3,8a4dc2f54ce705b0,0,1,0000000000000000,0000000000000000,0000000000000000,0,0
4065,4065,0,0000000,00,3,3,3,0000000000000000,0,0,3,8a4dc2f54ce705b0,0,1,0000000000000000,0000000000000000,0000000000000000,0,0
4066,4066,0,0000000,00,3,3,3,0000000000000000,0,0,3,8a4dc2f54ce705b0,0,1,0000000000000000,0000000000000000,0000000000000000,0,0
4067,4067,0,0000000,00,3,3,3,0000000000000000,0,0,3,8a4dc2f54ce705b0,0,1,0000000000000000,0000000000000000,0000000000000000,0,0
4068,4068,0,0000000,00,3,3,3,0000000000000000,0,0,3,8a4dc2f54ce705b0,0,1,0000000000000000,0000000000000000,0000000000000000,0,0
4069,4069,0,0000000,00,3,3,3,0000000000000000,0,0,3,8a4dc2f54ce705b0,0,1,0000000000000000,0000000000000000,0000000000000000,0,0
4070,4070,0,0000000,00,3,3,3,0000000000000000,0,0,3,8a4dc2f54ce705b0,0,1,0000000000000000,0000000000000000,0000000000000000,0,0
4071,4071,0,0000000,00,3,3,3,0000000000000000,0,0,3,8a4dc2f54ce705b0,0,1,0000000000000000,0000000000000000,0000000000000000,0,0
4072,4072,0,0000000,00,3,3,3,0000000000000000,0,0,3,8a4dc2f54ce705b0,0,1,0000000000000000,0000000000000000,0000000000000000,0,0
4073,4073,0,0000000,00,3,3,3,0000000000000000,0,0,3,8a4dc2f54ce705b0,0,1,0000000000000000,0000000000000000,0000000000000000,0,0
4074,4074,0,0000000,00,3,3,3,0000000000000000,0,0,3,8a4dc2f54ce705b0,0,1,0000000000000000,0000000000000000,0000000000000000,0,0
4075,4075,0,0000000,00,3,3,3,0000000000000000,0,0,3,8a4dc2f54ce705b0,0,1,0000000000000000,0000000000000000,0000000000000000,0,0
4076,4076,0,0000000,00,3,3,3,0000000000000000,0,0,3,8a4dc2f54ce705b0,0,1,0000000000000000,0000000000000000,0000000000000000,0,0
4077,4077,0,0000000,00,3,3,3,0000000000000000,0,0,3,8a4dc2f54ce705b0,0,1,0000000000000000,0000000000000000,0000000000000000,0,0
4078,4078,0,0000000,00,3,3,3,0000000000000000,0,0,3,8a4dc2f54ce705b0,0,1,0000000000000000,0000000000000000,0000000000000000,0,0
4079,4079,0,0000000,00,3,3,3,0000000000000000,0,0,3,8a4dc2f54ce705b0,0,1,0000000000000000,0000000000000000,0000000000000000,0,0
4080,4080,0,0000000,00,3,3,3,0000000000000000,0,0,3,8a4dc2f54ce705b0,0,1,0000000000000000,0000000000000000,0000000000000000,0,0
4081,4081,0,0000000,00,3,3,3,0000000000000000,0,0,3,8a4dc2f54ce705b0,0,1,0000000000000000,0000000000000000,0000000000000000,0,0
4082,4082,0,0000000,00,3,3,3,0000000000000000,0,0,3,8a4dc2f54ce705b0,0,1,0000000000000000,0000000000000000,0000000000000000,0,0
4083,4083,0,0000000,00,3,3,3,0000000000000000,0,0,3,8a4dc2f54ce705b0,0,1,0000000000000000,0000000000000000,0000000000000000,0,0
4084,4084,0,0000000,00,3,3,3,0000000000000000,0,0,3,8a4dc2f54ce705b0,0,1,0000000000000000,0000000000000000,0000000000000000,0,0
4085,4085,0,0000000,00,3,3,3,0000000000000000,0,0,3,8a4dc2f54ce705b0,0,1,0000000000000000,0000000000000000,0000000000000000,0,0
4086,4086,0,0000000,00,3,3,3,0000000000000000,0,0,3,8a4dc2f54ce705b0,0,1,0000000000000000,0000000000000000,0000000000000000,0,0
4087,4087,0,0000000,00,3,3,3,0000000000000000,0,0,3,8a4dc2f54ce705b0,0,1,0000000000000000,0000000000000000,0000000000000000,0,0
4088,4088,0,0000000,00,3,3,3,0000000000000000,0,0,3,8a4dc2f54ce705b0,0,1,0000000000000000,0000000000000000,0000000000000000,0,0
4089,4089,0,0000000,00,3,3,3,0000000000000000,0,0,3,8a4dc2f54ce705b0,0,1,0000000000000000,0000000000000000,0000000000000000,0,0
4090,4090,0,0000000,00,3,3,3,0000000000000000,0,0,3,8a4dc2f54ce705b0,0,1,0000000000000000,0000000000000000,0000000000000000,0,0
4091,4091,0,0000000,00,3,3,3,0000000000000000,0,0,3,8a4dc2f54ce705b0,0,1,0000000000000000,0000000000000000,0000000000000000,0,0
4092,4092,0,0000000,00,3,3,3,0000000000000000,0,0,3,8a4dc2f54ce705b0,0,1,0000000000000000,0000000000000000,0000000000000000,0,0
4093,4093,0,0000000,00,3,3,3,0000000000000000,0,0,3,8a4dc2f54ce705b0,0,1,0000000000000000,0000000000000000,0000000000000000,0,0
4094,4094,0,0000000,00,3,3,3,0000000000000000,0,0,3,8a4dc2f54ce705b0,0,1,0000000000000000,0000000000000000,0000000000000000,0,0
4095,4095,0,0000000,00,3,3,3,0000000000000000,0,0,3,8a4dc2f54ce705b0,0,1,0000000000000000,0000000000000000,0000000000000000,0,0
