Sample in Buffer,Sample in Window,TRIGGER,w_dfi_address[25:0],w_dfi_bank[5:0],w_dfi_cas_n[1:0],w_dfi_cs_n[1:0],w_dfi_ras_n[1:0],w_dfi_rddata[63:0],w_dfi_rddata_en[1:0],w_dfi_rddata_valid[1:0],w_dfi_we_n[1:0],w_dfi_wrdata[63:0],w_dfi_wrdata_en[1:0],w_idelay_rdy,u_harness/w_dfi_rddata_dly[63:0],u_harness/w_rd_dbg_actual[63:0],u_harness/w_rd_dbg_expected[63:0],u_harness/w_rd_dbg_mismatch,u_harness/w_rd_dbg_valid
Radix - UNSIGNED,UNSIGNED,UNSIGNED,HEX,HEX,HEX,HEX,HEX,HEX,HEX,HEX,HEX,HEX,HEX,HEX,HEX,HEX,HEX,HEX,HEX
0,0,0,0000000,00,3,3,3,0000000000000000,0,0,3,70afe43db6052378,0,1,0000000000000000,c7dddaf301771db6,c7dddaf301771db6,0,0
1,1,0,0000000,00,3,3,3,0000000000000000,0,0,3,70afe43db6052378,0,1,0000000000000000,c7dddaf301771db6,c7dddaf301771db6,0,0
2,2,0,0000000,00,3,3,3,0000000000000000,0,0,3,70afe43db6052378,0,1,0000000000000000,c7dddaf301771db6,c7dddaf301771db6,0,0
3,3,0,0000000,00,3,3,3,0000000000000000,0,0,3,70afe43db6052378,0,1,0000000000000000,c7dddaf301771db6,c7dddaf301771db6,0,0
4,4,0,0000000,00,3,3,3,0000000000000000,0,0,3,70afe43db6052378,0,1,0000000000000000,c7dddaf301771db6,c7dddaf301771db6,0,0
5,5,0,0000000,00,3,3,3,0000000000000000,0,0,3,70afe43db6052378,0,1,0000000000000000,c7dddaf301771db6,c7dddaf301771db6,0,0
6,6,0,0000000,00,3,3,3,0000000000000000,0,0,3,70afe43db6052378,0,1,0000000000000000,c7dddaf301771db6,c7dddaf301771db6,0,0
7,7,0,0000000,00,3,3,3,0000000000000000,0,0,3,70afe43db6052378,0,1,0000000000000000,c7dddaf301771db6,c7dddaf301771db6,0,0
8,8,0,0000000,00,3,3,3,0000000000000000,0,0,3,70afe43db6052378,0,1,0000000000000000,c7dddaf301771db6,c7dddaf301771db6,0,0
9,9,0,0000000,00,3,3,3,0000000000000000,0,0,3,70afe43db6052378,0,1,0000000000000000,c7dddaf301771db6,c7dddaf301771db6,0,0
10,10,0,0000000,00,3,3,3,0000000000000000,0,0,3,70afe43db6052378,0,1,0000000000000000,c7dddaf301771db6,c7dddaf301771db6,0,0
11,11,0,0000000,00,3,3,3,0000000000000000,0,0,3,70afe43db6052378,0,1,0000000000000000,c7dddaf301771db6,c7dddaf301771db6,0,0
12,12,0,0000000,00,3,3,3,0000000000000000,0,0,3,70afe43db6052378,0,1,0000000000000000,c7dddaf301771db6,c7dddaf301771db6,0,0
13,13,0,0000000,00,3,3,3,0000000000000000,0,0,3,70afe43db6052378,0,1,0000000000000000,c7dddaf301771db6,c7dddaf301771db6,0,0
14,14,0,0000000,00,3,3,3,0000000000000000,0,0,3,70afe43db6052378,0,1,0000000000000000,c7dddaf301771db6,c7dddaf301771db6,0,0
15,15,0,0000000,00,3,3,3,0000000000000000,0,0,3,70afe43db6052378,0,1,0000000000000000,c7dddaf301771db6,c7dddaf301771db6,0,0
16,16,0,0000000,00,3,3,3,0000000000000000,0,0,3,70afe43db6052378,0,1,0000000000000000,c7dddaf301771db6,c7dddaf301771db6,0,0
17,17,0,0000000,00,3,3,3,0000000000000000,0,0,3,70afe43db6052378,0,1,0000000000000000,c7dddaf301771db6,c7dddaf301771db6,0,0
18,18,0,0000000,00,3,3,3,0000000000000000,0,0,3,70afe43db6052378,0,1,0000000000000000,c7dddaf301771db6,c7dddaf301771db6,0,0
19,19,0,0000000,00,3,3,3,0000000000000000,0,0,3,70afe43db6052378,0,1,0000000000000000,c7dddaf301771db6,c7dddaf301771db6,0,0
20,20,0,0000000,00,3,3,3,0000000000000000,0,0,3,70afe43db6052378,0,1,0000000000000000,c7dddaf301771db6,c7dddaf301771db6,0,0
21,21,0,0000000,00,3,3,3,0000000000000000,0,0,3,70afe43db6052378,0,1,0000000000000000,c7dddaf301771db6,c7dddaf301771db6,0,0
22,22,0,0000000,00,3,3,3,0000000000000000,0,0,3,70afe43db6052378,0,1,0000000000000000,c7dddaf301771db6,c7dddaf301771db6,0,0
23,23,0,0000000,00,3,3,3,0000000000000000,0,0,3,70afe43db6052378,0,1,0000000000000000,c7dddaf301771db6,c7dddaf301771db6,0,0
24,24,0,0000000,00,3,3,3,0000000000000000,0,0,3,70afe43db6052378,0,1,0000000000000000,c7dddaf301771db6,c7dddaf301771db6,0,0
25,25,0,0000000,00,3,3,3,0000000000000000,0,0,3,70afe43db6052378,0,1,0000000000000000,c7dddaf301771db6,c7dddaf301771db6,0,0
26,26,0,0000000,00,3,3,3,0000000000000000,0,0,3,70afe43db6052378,0,1,0000000000000000,c7dddaf301771db6,c7dddaf301771db6,0,0
27,27,0,0000000,00,3,3,3,0000000000000000,0,0,3,70afe43db6052378,0,1,0000000000000000,c7dddaf301771db6,c7dddaf301771db6,0,0
28,28,0,0000000,00,3,3,3,0000000000000000,0,0,3,70afe43db6052378,0,1,0000000000000000,c7dddaf301771db6,c7dddaf301771db6,0,0
29,29,0,0000000,00,3,3,3,0000000000000000,0,0,3,70afe43db6052378,0,1,0000000000000000,c7dddaf301771db6,c7dddaf301771db6,0,0
30,30,0,0000000,00,3,3,3,0000000000000000,0,0,3,70afe43db6052378,0,1,0000000000000000,c7dddaf301771db6,c7dddaf301771db6,0,0
31,31,0,0000000,00,3,3,3,0000000000000000,0,0,3,70afe43db6052378,0,1,0000000000000000,c7dddaf301771db6,c7dddaf301771db6,0,0
32,32,0,0000000,00,3,3,3,0000000000000000,0,0,3,70afe43db6052378,0,1,0000000000000000,c7dddaf301771db6,c7dddaf301771db6,0,0
33,33,0,0000000,00,3,3,3,0000000000000000,0,0,3,70afe43db6052378,0,1,0000000000000000,c7dddaf301771db6,c7dddaf301771db6,0,0
34,34,0,0000000,00,3,3,3,0000000000000000,0,0,3,70afe43db6052378,0,1,0000000000000000,c7dddaf301771db6,c7dddaf301771db6,0,0
35,35,0,0000000,00,3,3,3,0000000000000000,0,0,3,70afe43db6052378,0,1,0000000000000000,c7dddaf301771db6,c7dddaf301771db6,0,0
36,36,0,0000000,00,3,3,3,0000000000000000,0,0,3,70afe43db6052378,0,1,0000000000000000,c7dddaf301771db6,c7dddaf301771db6,0,0
37,37,0,0000000,00,3,3,3,0000000000000000,0,0,3,70afe43db6052378,0,1,0000000000000000,c7dddaf301771db6,c7dddaf301771db6,0,0
38,38,0,0000000,00,3,3,3,0000000000000000,0,0,3,70afe43db6052378,0,1,0000000000000000,c7dddaf301771db6,c7dddaf301771db6,0,0
39,39,0,0000000,00,3,3,3,0000000000000000,0,0,3,70afe43db6052378,0,1,0000000000000000,c7dddaf301771db6,c7dddaf301771db6,0,0
40,40,0,0000000,00,3,3,3,0000000000000000,0,0,3,70afe43db6052378,0,1,0000000000000000,c7dddaf301771db6,c7dddaf301771db6,0,0
41,41,0,0000000,00,3,3,3,0000000000000000,0,0,3,70afe43db6052378,0,1,0000000000000000,c7dddaf301771db6,c7dddaf301771db6,0,0
42,42,0,0000000,00,3,3,3,0000000000000000,0,0,3,70afe43db6052378,0,1,0000000000000000,c7dddaf301771db6,c7dddaf301771db6,0,0
43,43,0,0000000,00,3,3,3,0000000000000000,0,0,3,70afe43db6052378,0,1,0000000000000000,c7dddaf301771db6,c7dddaf301771db6,0,0
44,44,0,0000000,00,3,3,3,0000000000000000,0,0,3,70afe43db6052378,0,1,0000000000000000,c7dddaf301771db6,c7dddaf301771db6,0,0
45,45,0,0000000,00,3,3,3,0000000000000000,0,0,3,70afe43db6052378,0,1,0000000000000000,c7dddaf301771db6,c7dddaf301771db6,0,0
46,46,0,0000000,00,3,3,3,0000000000000000,0,0,3,70afe43db6052378,0,1,0000000000000000,c7dddaf301771db6,c7dddaf301771db6,0,0
47,47,0,0000000,00,3,3,3,0000000000000000,0,0,3,70afe43db6052378,0,1,0000000000000000,c7dddaf301771db6,c7dddaf301771db6,0,0
48,48,0,0000000,00,3,3,3,0000000000000000,0,0,3,70afe43db6052378,0,1,0000000000000000,c7dddaf301771db6,c7dddaf301771db6,0,0
49,49,0,0000000,00,3,3,3,0000000000000000,0,0,3,70afe43db6052378,0,1,0000000000000000,c7dddaf301771db6,c7dddaf301771db6,0,0
50,50,0,0000000,00,3,3,3,0000000000000000,0,0,3,70afe43db6052378,0,1,0000000000000000,c7dddaf301771db6,c7dddaf301771db6,0,0
51,51,0,0000000,00,3,3,3,0000000000000000,0,0,3,70afe43db6052378,0,1,0000000000000000,c7dddaf301771db6,c7dddaf301771db6,0,0
52,52,0,0000000,00,3,3,3,0000000000000000,0,0,3,70afe43db6052378,0,1,0000000000000000,c7dddaf301771db6,c7dddaf301771db6,0,0
53,53,0,0000000,00,3,3,3,0000000000000000,0,0,3,70afe43db6052378,0,1,0000000000000000,c7dddaf301771db6,c7dddaf301771db6,0,0
54,54,0,0000000,00,3,3,3,0000000000000000,0,0,3,70afe43db6052378,0,1,0000000000000000,c7dddaf301771db6,c7dddaf301771db6,0,0
55,55,0,0000000,00,3,3,3,0000000000000000,0,0,3,70afe43db6052378,0,1,0000000000000000,c7dddaf301771db6,c7dddaf301771db6,0,0
56,56,0,0000000,00,3,3,3,0000000000000000,0,0,3,70afe43db6052378,0,1,0000000000000000,c7dddaf301771db6,c7dddaf301771db6,0,0
57,57,0,0000000,00,3,3,3,0000000000000000,0,0,3,70afe43db6052378,0,1,0000000000000000,c7dddaf301771db6,c7dddaf301771db6,0,0
58,58,0,0000000,00,3,3,3,0000000000000000,0,0,3,70afe43db6052378,0,1,0000000000000000,c7dddaf301771db6,c7dddaf301771db6,0,0
59,59,0,0000000,00,3,3,3,0000000000000000,0,0,3,70afe43db6052378,0,1,0000000000000000,c7dddaf301771db6,c7dddaf301771db6,0,0
60,60,0,0000000,00,3,3,3,0000000000000000,0,0,3,70afe43db6052378,0,1,0000000000000000,c7dddaf301771db6,c7dddaf301771db6,0,0
61,61,0,0000000,00,3,3,3,0000000000000000,0,0,3,70afe43db6052378,0,1,0000000000000000,c7dddaf301771db6,c7dddaf301771db6,0,0
62,62,0,0000000,00,3,3,3,0000000000000000,0,0,3,70afe43db6052378,0,1,0000000000000000,c7dddaf301771db6,c7dddaf301771db6,0,0
63,63,0,0000000,00,3,3,3,0000000000000000,0,0,3,70afe43db6052378,0,1,0000000000000000,c7dddaf301771db6,c7dddaf301771db6,0,0
64,64,0,0000000,00,3,3,3,0000000000000000,0,0,3,70afe43db6052378,0,1,0000000000000000,c7dddaf301771db6,c7dddaf301771db6,0,0
65,65,0,0000000,00,3,3,3,0000000000000000,0,0,3,70afe43db6052378,0,1,0000000000000000,c7dddaf301771db6,c7dddaf301771db6,0,0
66,66,0,0000000,00,3,3,3,0000000000000000,0,0,3,70afe43db6052378,0,1,0000000000000000,c7dddaf301771db6,c7dddaf301771db6,0,0
67,67,0,0000000,00,3,3,3,0000000000000000,0,0,3,70afe43db6052378,0,1,0000000000000000,c7dddaf301771db6,c7dddaf301771db6,0,0
68,68,0,0000000,00,3,3,3,0000000000000000,0,0,3,70afe43db6052378,0,1,0000000000000000,c7dddaf301771db6,c7dddaf301771db6,0,0
69,69,0,0000000,00,3,3,3,0000000000000000,0,0,3,70afe43db6052378,0,1,0000000000000000,c7dddaf301771db6,c7dddaf301771db6,0,0
70,70,0,0000000,00,3,3,3,0000000000000000,0,0,3,70afe43db6052378,0,1,0000000000000000,c7dddaf301771db6,c7dddaf301771db6,0,0
71,71,0,0000000,00,3,3,3,0000000000000000,0,0,3,70afe43db6052378,0,1,0000000000000000,c7dddaf301771db6,c7dddaf301771db6,0,0
72,72,0,0000000,00,3,3,3,0000000000000000,0,0,3,70afe43db6052378,0,1,0000000000000000,c7dddaf301771db6,c7dddaf301771db6,0,0
73,73,0,0000000,00,3,3,3,0000000000000000,0,0,3,70afe43db6052378,0,1,0000000000000000,c7dddaf301771db6,c7dddaf301771db6,0,0
74,74,0,0000000,00,3,3,3,0000000000000000,0,0,3,70afe43db6052378,0,1,0000000000000000,c7dddaf301771db6,c7dddaf301771db6,0,0
75,75,0,0000000,00,3,3,3,0000000000000000,0,0,3,70afe43db6052378,0,1,0000000000000000,c7dddaf301771db6,c7dddaf301771db6,0,0
76,76,0,0000000,00,3,3,3,0000000000000000,0,0,3,70afe43db6052378,0,1,0000000000000000,c7dddaf301771db6,c7dddaf301771db6,0,0
77,77,0,0000000,00,3,3,3,0000000000000000,0,0,3,70afe43db6052378,0,1,0000000000000000,c7dddaf301771db6,c7dddaf301771db6,0,0
78,78,0,0000000,00,3,3,3,0000000000000000,0,0,3,70afe43db6052378,0,1,0000000000000000,c7dddaf301771db6,c7dddaf301771db6,0,0
79,79,0,0000000,00,3,3,3,0000000000000000,0,0,3,70afe43db6052378,0,1,0000000000000000,c7dddaf301771db6,c7dddaf301771db6,0,0
80,80,0,0000000,00,3,3,3,0000000000000000,0,0,3,70afe43db6052378,0,1,0000000000000000,c7dddaf301771db6,c7dddaf301771db6,0,0
81,81,0,0000000,00,3,3,3,0000000000000000,0,0,3,70afe43db6052378,0,1,0000000000000000,c7dddaf301771db6,c7dddaf301771db6,0,0
82,82,0,0000000,00,3,3,3,0000000000000000,0,0,3,70afe43db6052378,0,1,0000000000000000,c7dddaf301771db6,c7dddaf301771db6,0,0
83,83,0,0000000,00,3,3,3,0000000000000000,0,0,3,70afe43db6052378,0,1,0000000000000000,c7dddaf301771db6,c7dddaf301771db6,0,0
84,84,0,0000000,00,3,3,3,0000000000000000,0,0,3,70afe43db6052378,0,1,0000000000000000,c7dddaf301771db6,c7dddaf301771db6,0,0
85,85,0,0000000,00,3,3,3,0000000000000000,0,0,3,70afe43db6052378,0,1,0000000000000000,c7dddaf301771db6,c7dddaf301771db6,0,0
86,86,0,0000000,00,3,3,3,0000000000000000,0,0,3,70afe43db6052378,0,1,0000000000000000,c7dddaf301771db6,c7dddaf301771db6,0,0
87,87,0,0000000,00,3,3,3,0000000000000000,0,0,3,70afe43db6052378,0,1,0000000000000000,c7dddaf301771db6,c7dddaf301771db6,0,0
88,88,0,0000000,00,3,3,3,0000000000000000,0,0,3,70afe43db6052378,0,1,0000000000000000,c7dddaf301771db6,c7dddaf301771db6,0,0
89,89,0,0000000,00,3,3,3,0000000000000000,0,0,3,70afe43db6052378,0,1,0000000000000000,c7dddaf301771db6,c7dddaf301771db6,0,0
90,90,0,0000000,00,3,3,3,0000000000000000,0,0,3,70afe43db6052378,0,1,0000000000000000,c7dddaf301771db6,c7dddaf301771db6,0,0
91,91,0,0000000,00,3,3,3,0000000000000000,0,0,3,70afe43db6052378,0,1,0000000000000000,c7dddaf301771db6,c7dddaf301771db6,0,0
92,92,0,0000000,00,3,3,3,0000000000000000,0,0,3,70afe43db6052378,0,1,0000000000000000,c7dddaf301771db6,c7dddaf301771db6,0,0
93,93,0,0000000,00,3,3,3,0000000000000000,0,0,3,70afe43db6052378,0,1,0000000000000000,c7dddaf301771db6,c7dddaf301771db6,0,0
94,94,0,0000000,00,3,3,3,0000000000000000,0,0,3,70afe43db6052378,0,1,0000000000000000,c7dddaf301771db6,c7dddaf301771db6,0,0
95,95,0,0000000,00,3,3,3,0000000000000000,0,0,3,70afe43db6052378,0,1,0000000000000000,c7dddaf301771db6,c7dddaf301771db6,0,0
96,96,0,0000000,00,3,3,3,0000000000000000,0,0,3,70afe43db6052378,0,1,0000000000000000,c7dddaf301771db6,c7dddaf301771db6,0,0
97,97,0,0000000,00,3,3,3,0000000000000000,0,0,3,70afe43db6052378,0,1,0000000000000000,c7dddaf301771db6,c7dddaf301771db6,0,0
98,98,0,0000000,00,3,3,3,0000000000000000,0,0,3,70afe43db6052378,0,1,0000000000000000,c7dddaf301771db6,c7dddaf301771db6,0,0
99,99,0,0000000,00,3,3,3,0000000000000000,0,0,3,70afe43db6052378,0,1,0000000000000000,c7dddaf301771db6,c7dddaf301771db6,0,0
100,100,0,0000000,00,3,3,3,0000000000000000,0,0,3,70afe43db6052378,0,1,0000000000000000,c7dddaf301771db6,c7dddaf301771db6,0,0
101,101,0,0000000,00,3,3,3,0000000000000000,0,0,3,70afe43db6052378,0,1,0000000000000000,c7dddaf301771db6,c7dddaf301771db6,0,0
102,102,0,0000000,00,3,3,3,0000000000000000,0,0,3,70afe43db6052378,0,1,0000000000000000,c7dddaf301771db6,c7dddaf301771db6,0,0
103,103,0,0000000,00,3,3,3,0000000000000000,0,0,3,70afe43db6052378,0,1,0000000000000000,c7dddaf301771db6,c7dddaf301771db6,0,0
104,104,0,0000000,00,3,3,3,0000000000000000,0,0,3,70afe43db6052378,0,1,0000000000000000,c7dddaf301771db6,c7dddaf301771db6,0,0
105,105,0,0000000,00,3,3,3,0000000000000000,0,0,3,70afe43db6052378,0,1,0000000000000000,c7dddaf301771db6,c7dddaf301771db6,0,0
106,106,0,0000000,00,3,3,3,0000000000000000,0,0,3,70afe43db6052378,0,1,0000000000000000,c7dddaf301771db6,c7dddaf301771db6,0,0
107,107,0,0000000,00,3,3,3,0000000000000000,0,0,3,70afe43db6052378,0,1,0000000000000000,c7dddaf301771db6,c7dddaf301771db6,0,0
108,108,0,0000000,00,3,3,3,0000000000000000,0,0,3,70afe43db6052378,0,1,0000000000000000,c7dddaf301771db6,c7dddaf301771db6,0,0
109,109,0,0000000,00,3,3,3,0000000000000000,0,0,3,70afe43db6052378,0,1,0000000000000000,c7dddaf301771db6,c7dddaf301771db6,0,0
110,110,0,0000000,00,3,3,3,0000000000000000,0,0,3,70afe43db6052378,0,1,0000000000000000,c7dddaf301771db6,c7dddaf301771db6,0,0
111,111,0,0000000,00,3,3,3,0000000000000000,0,0,3,70afe43db6052378,0,1,0000000000000000,c7dddaf301771db6,c7dddaf301771db6,0,0
112,112,0,0000000,00,3,3,3,0000000000000000,0,0,3,70afe43db6052378,0,1,0000000000000000,c7dddaf301771db6,c7dddaf301771db6,0,0
113,113,0,0000000,00,3,3,3,0000000000000000,0,0,3,70afe43db6052378,0,1,0000000000000000,c7dddaf301771db6,c7dddaf301771db6,0,0
114,114,0,0000000,00,3,3,3,0000000000000000,0,0,3,70afe43db6052378,0,1,0000000000000000,c7dddaf301771db6,c7dddaf301771db6,0,0
115,115,0,0000000,00,3,3,3,0000000000000000,0,0,3,70afe43db6052378,0,1,0000000000000000,c7dddaf301771db6,c7dddaf301771db6,0,0
116,116,0,0000000,00,3,3,3,0000000000000000,0,0,3,70afe43db6052378,0,1,0000000000000000,c7dddaf301771db6,c7dddaf301771db6,0,0
117,117,0,0000000,00,3,3,3,0000000000000000,0,0,3,70afe43db6052378,0,1,0000000000000000,c7dddaf301771db6,c7dddaf301771db6,0,0
118,118,0,0000000,00,3,3,3,0000000000000000,0,0,3,70afe43db6052378,0,1,0000000000000000,c7dddaf301771db6,c7dddaf301771db6,0,0
119,119,0,0000000,00,3,3,3,0000000000000000,0,0,3,70afe43db6052378,0,1,0000000000000000,c7dddaf301771db6,c7dddaf301771db6,0,0
120,120,0,0000000,00,3,3,3,0000000000000000,0,0,3,70afe43db6052378,0,1,0000000000000000,c7dddaf301771db6,c7dddaf301771db6,0,0
121,121,0,0000000,00,3,3,3,0000000000000000,0,0,3,70afe43db6052378,0,1,0000000000000000,c7dddaf301771db6,c7dddaf301771db6,0,0
122,122,0,0000000,00,3,3,3,0000000000000000,0,0,3,70afe43db6052378,0,1,0000000000000000,c7dddaf301771db6,c7dddaf301771db6,0,0
123,123,0,0000000,00,3,3,3,0000000000000000,0,0,3,70afe43db6052378,0,1,0000000000000000,c7dddaf301771db6,c7dddaf301771db6,0,0
124,124,0,0000000,00,3,3,3,0000000000000000,0,0,3,70afe43db6052378,0,1,0000000000000000,c7dddaf301771db6,c7dddaf301771db6,0,0
125,125,0,0000000,00,3,3,3,0000000000000000,0,0,3,70afe43db6052378,0,1,0000000000000000,c7dddaf301771db6,c7dddaf301771db6,0,0
126,126,0,0000000,00,3,3,3,0000000000000000,0,0,3,70afe43db6052378,0,1,0000000000000000,c7dddaf301771db6,c7dddaf301771db6,0,0
127,127,0,0000000,00,3,3,3,0000000000000000,0,0,3,70afe43db6052378,0,1,0000000000000000,c7dddaf301771db6,c7dddaf301771db6,0,0
128,128,0,0000000,00,3,3,3,0000000000000000,0,0,3,70afe43db6052378,0,1,0000000000000000,c7dddaf301771db6,c7dddaf301771db6,0,0
129,129,0,0000000,00,3,3,3,0000000000000000,0,0,3,70afe43db6052378,0,1,0000000000000000,c7dddaf301771db6,c7dddaf301771db6,0,0
130,130,0,0000000,00,3,3,3,0000000000000000,0,0,3,70afe43db6052378,0,1,0000000000000000,c7dddaf301771db6,c7dddaf301771db6,0,0
131,131,0,0000000,00,3,3,3,0000000000000000,0,0,3,70afe43db6052378,0,1,0000000000000000,c7dddaf301771db6,c7dddaf301771db6,0,0
132,132,0,0000000,00,3,3,3,0000000000000000,0,0,3,70afe43db6052378,0,1,0000000000000000,c7dddaf301771db6,c7dddaf301771db6,0,0
133,133,0,0000000,00,3,3,3,0000000000000000,0,0,3,70afe43db6052378,0,1,0000000000000000,c7dddaf301771db6,c7dddaf301771db6,0,0
134,134,0,0000000,00,3,3,3,0000000000000000,0,0,3,70afe43db6052378,0,1,0000000000000000,c7dddaf301771db6,c7dddaf301771db6,0,0
135,135,0,0000000,00,3,3,3,0000000000000000,0,0,3,70afe43db6052378,0,1,0000000000000000,c7dddaf301771db6,c7dddaf301771db6,0,0
136,136,0,0000000,00,3,3,3,0000000000000000,0,0,3,70afe43db6052378,0,1,0000000000000000,c7dddaf301771db6,c7dddaf301771db6,0,0
137,137,0,0000000,00,3,3,3,0000000000000000,0,0,3,70afe43db6052378,0,1,0000000000000000,c7dddaf301771db6,c7dddaf301771db6,0,0
138,138,0,0000000,00,3,3,3,0000000000000000,0,0,3,70afe43db6052378,0,1,0000000000000000,c7dddaf301771db6,c7dddaf301771db6,0,0
139,139,0,0000000,00,3,3,3,0000000000000000,0,0,3,70afe43db6052378,0,1,0000000000000000,c7dddaf301771db6,c7dddaf301771db6,0,0
140,140,0,0000000,00,3,3,3,0000000000000000,0,0,3,70afe43db6052378,0,1,0000000000000000,c7dddaf301771db6,c7dddaf301771db6,0,0
141,141,0,0000000,00,3,3,3,0000000000000000,0,0,3,70afe43db6052378,0,1,0000000000000000,c7dddaf301771db6,c7dddaf301771db6,0,0
142,142,0,0000000,00,3,3,3,0000000000000000,0,0,3,70afe43db6052378,0,1,0000000000000000,c7dddaf301771db6,c7dddaf301771db6,0,0
143,143,0,0000000,00,3,3,3,0000000000000000,0,0,3,70afe43db6052378,0,1,0000000000000000,c7dddaf301771db6,c7dddaf301771db6,0,0
144,144,0,0000000,00,3,3,3,0000000000000000,0,0,3,70afe43db6052378,0,1,0000000000000000,c7dddaf301771db6,c7dddaf301771db6,0,0
145,145,0,0000000,00,3,3,3,0000000000000000,0,0,3,70afe43db6052378,0,1,0000000000000000,c7dddaf301771db6,c7dddaf301771db6,0,0
146,146,0,0000000,00,3,3,3,0000000000000000,0,0,3,70afe43db6052378,0,1,0000000000000000,c7dddaf301771db6,c7dddaf301771db6,0,0
147,147,0,0000000,00,3,3,3,0000000000000000,0,0,3,70afe43db6052378,0,1,0000000000000000,c7dddaf301771db6,c7dddaf301771db6,0,0
148,148,0,0000000,00,3,3,3,0000000000000000,0,0,3,70afe43db6052378,0,1,0000000000000000,c7dddaf301771db6,c7dddaf301771db6,0,0
149,149,0,0000000,00,3,3,3,0000000000000000,0,0,3,70afe43db6052378,0,1,0000000000000000,c7dddaf301771db6,c7dddaf301771db6,0,0
150,150,0,0000000,00,3,3,3,0000000000000000,0,0,3,70afe43db6052378,0,1,0000000000000000,c7dddaf301771db6,c7dddaf301771db6,0,0
151,151,0,0000000,00,3,3,3,0000000000000000,0,0,3,70afe43db6052378,0,1,0000000000000000,c7dddaf301771db6,c7dddaf301771db6,0,0
152,152,0,0000000,00,3,3,3,0000000000000000,0,0,3,70afe43db6052378,0,1,0000000000000000,c7dddaf301771db6,c7dddaf301771db6,0,0
153,153,0,0000000,00,3,3,3,0000000000000000,0,0,3,70afe43db6052378,0,1,0000000000000000,c7dddaf301771db6,c7dddaf301771db6,0,0
154,154,0,0000000,00,3,3,3,0000000000000000,0,0,3,70afe43db6052378,0,1,0000000000000000,c7dddaf301771db6,c7dddaf301771db6,0,0
155,155,0,0000000,00,3,3,3,0000000000000000,0,0,3,70afe43db6052378,0,1,0000000000000000,c7dddaf301771db6,c7dddaf301771db6,0,0
156,156,0,0000000,00,3,3,3,0000000000000000,0,0,3,70afe43db6052378,0,1,0000000000000000,c7dddaf301771db6,c7dddaf301771db6,0,0
157,157,0,0000000,00,3,3,3,0000000000000000,0,0,3,70afe43db6052378,0,1,0000000000000000,c7dddaf301771db6,c7dddaf301771db6,0,0
158,158,0,0000000,00,3,3,3,0000000000000000,0,0,3,70afe43db6052378,0,1,0000000000000000,c7dddaf301771db6,c7dddaf301771db6,0,0
159,159,0,0000000,00,3,3,3,0000000000000000,0,0,3,70afe43db6052378,0,1,0000000000000000,c7dddaf301771db6,c7dddaf301771db6,0,0
160,160,0,0000000,00,3,3,3,0000000000000000,0,0,3,70afe43db6052378,0,1,0000000000000000,c7dddaf301771db6,c7dddaf301771db6,0,0
161,161,0,0000000,00,3,3,3,0000000000000000,0,0,3,70afe43db6052378,0,1,0000000000000000,c7dddaf301771db6,c7dddaf301771db6,0,0
162,162,0,0000000,00,3,3,3,0000000000000000,0,0,3,70afe43db6052378,0,1,0000000000000000,c7dddaf301771db6,c7dddaf301771db6,0,0
163,163,0,0000000,00,3,3,3,0000000000000000,0,0,3,70afe43db6052378,0,1,0000000000000000,c7dddaf301771db6,c7dddaf301771db6,0,0
164,164,0,0000000,00,3,3,3,0000000000000000,0,0,3,70afe43db6052378,0,1,0000000000000000,c7dddaf301771db6,c7dddaf301771db6,0,0
165,165,0,0000000,00,3,3,3,0000000000000000,0,0,3,70afe43db6052378,0,1,0000000000000000,c7dddaf301771db6,c7dddaf301771db6,0,0
166,166,0,0000000,00,3,3,3,0000000000000000,0,0,3,70afe43db6052378,0,1,0000000000000000,c7dddaf301771db6,c7dddaf301771db6,0,0
167,167,0,0000000,00,3,3,3,0000000000000000,0,0,3,70afe43db6052378,0,1,0000000000000000,c7dddaf301771db6,c7dddaf301771db6,0,0
168,168,0,0000000,00,3,3,3,0000000000000000,0,0,3,70afe43db6052378,0,1,0000000000000000,c7dddaf301771db6,c7dddaf301771db6,0,0
169,169,0,0000000,00,3,3,3,0000000000000000,0,0,3,70afe43db6052378,0,1,0000000000000000,c7dddaf301771db6,c7dddaf301771db6,0,0
170,170,0,0000000,00,3,3,3,0000000000000000,0,0,3,70afe43db6052378,0,1,0000000000000000,c7dddaf301771db6,c7dddaf301771db6,0,0
171,171,0,0000000,00,3,3,3,0000000000000000,0,0,3,70afe43db6052378,0,1,0000000000000000,c7dddaf301771db6,c7dddaf301771db6,0,0
172,172,0,0000000,00,3,3,3,0000000000000000,0,0,3,70afe43db6052378,0,1,0000000000000000,c7dddaf301771db6,c7dddaf301771db6,0,0
173,173,0,0000000,00,3,3,3,0000000000000000,0,0,3,70afe43db6052378,0,1,0000000000000000,c7dddaf301771db6,c7dddaf301771db6,0,0
174,174,0,0000000,00,3,3,3,0000000000000000,0,0,3,70afe43db6052378,0,1,0000000000000000,c7dddaf301771db6,c7dddaf301771db6,0,0
175,175,0,0000000,00,3,3,3,0000000000000000,0,0,3,70afe43db6052378,0,1,0000000000000000,c7dddaf301771db6,c7dddaf301771db6,0,0
176,176,0,0000000,00,3,3,3,0000000000000000,0,0,3,70afe43db6052378,0,1,0000000000000000,c7dddaf301771db6,c7dddaf301771db6,0,0
177,177,0,0000000,00,3,3,3,0000000000000000,0,0,3,70afe43db6052378,0,1,0000000000000000,c7dddaf301771db6,c7dddaf301771db6,0,0
178,178,0,0000000,00,3,3,3,0000000000000000,0,0,3,70afe43db6052378,0,1,0000000000000000,c7dddaf301771db6,c7dddaf301771db6,0,0
179,179,0,0000000,00,3,3,3,0000000000000000,0,0,3,70afe43db6052378,0,1,0000000000000000,c7dddaf301771db6,c7dddaf301771db6,0,0
180,180,0,0000000,00,3,3,3,0000000000000000,0,0,3,70afe43db6052378,0,1,0000000000000000,c7dddaf301771db6,c7dddaf301771db6,0,0
181,181,0,0000000,00,3,3,3,0000000000000000,0,0,3,70afe43db6052378,0,1,0000000000000000,c7dddaf301771db6,c7dddaf301771db6,0,0
182,182,0,0000000,00,3,3,3,0000000000000000,0,0,3,70afe43db6052378,0,1,0000000000000000,c7dddaf301771db6,c7dddaf301771db6,0,0
183,183,0,0000000,00,3,3,3,0000000000000000,0,0,3,70afe43db6052378,0,1,0000000000000000,c7dddaf301771db6,c7dddaf301771db6,0,0
184,184,0,0000000,00,3,3,3,0000000000000000,0,0,3,70afe43db6052378,0,1,0000000000000000,c7dddaf301771db6,c7dddaf301771db6,0,0
185,185,0,0000000,00,3,3,3,0000000000000000,0,0,3,70afe43db6052378,0,1,0000000000000000,c7dddaf301771db6,c7dddaf301771db6,0,0
186,186,0,0000000,00,3,3,3,0000000000000000,0,0,3,70afe43db6052378,0,1,0000000000000000,c7dddaf301771db6,c7dddaf301771db6,0,0
187,187,0,0000000,00,3,3,3,0000000000000000,0,0,3,70afe43db6052378,0,1,0000000000000000,c7dddaf301771db6,c7dddaf301771db6,0,0
188,188,0,0000000,00,3,3,3,0000000000000000,0,0,3,70afe43db6052378,0,1,0000000000000000,c7dddaf301771db6,c7dddaf301771db6,0,0
189,189,0,0000000,00,3,3,3,0000000000000000,0,0,3,70afe43db6052378,0,1,0000000000000000,c7dddaf301771db6,c7dddaf301771db6,0,0
190,190,0,0000000,00,3,3,3,0000000000000000,0,0,3,70afe43db6052378,0,1,0000000000000000,c7dddaf301771db6,c7dddaf301771db6,0,0
191,191,0,0000000,00,3,3,3,0000000000000000,0,0,3,70afe43db6052378,0,1,0000000000000000,c7dddaf301771db6,c7dddaf301771db6,0,0
192,192,0,0000000,00,3,3,3,0000000000000000,0,0,3,70afe43db6052378,0,1,0000000000000000,c7dddaf301771db6,c7dddaf301771db6,0,0
193,193,0,0000000,00,3,3,3,0000000000000000,0,0,3,70afe43db6052378,0,1,0000000000000000,c7dddaf301771db6,c7dddaf301771db6,0,0
194,194,0,0000000,00,3,3,3,0000000000000000,0,0,3,70afe43db6052378,0,1,0000000000000000,c7dddaf301771db6,c7dddaf301771db6,0,0
195,195,0,0000000,00,3,3,3,0000000000000000,0,0,3,70afe43db6052378,0,1,0000000000000000,c7dddaf301771db6,c7dddaf301771db6,0,0
196,196,0,0000000,00,3,3,3,0000000000000000,0,0,3,70afe43db6052378,0,1,0000000000000000,c7dddaf301771db6,c7dddaf301771db6,0,0
197,197,0,0000000,00,3,3,3,0000000000000000,0,0,3,70afe43db6052378,0,1,0000000000000000,c7dddaf301771db6,c7dddaf301771db6,0,0
198,198,0,0000000,00,3,3,3,0000000000000000,0,0,3,70afe43db6052378,0,1,0000000000000000,c7dddaf301771db6,c7dddaf301771db6,0,0
199,199,0,0000000,00,3,3,3,0000000000000000,0,0,3,70afe43db6052378,0,1,0000000000000000,c7dddaf301771db6,c7dddaf301771db6,0,0
200,200,0,0000000,00,3,3,3,0000000000000000,0,0,3,70afe43db6052378,0,1,0000000000000000,c7dddaf301771db6,c7dddaf301771db6,0,0
201,201,0,0000000,00,3,3,3,0000000000000000,0,0,3,70afe43db6052378,0,1,0000000000000000,c7dddaf301771db6,c7dddaf301771db6,0,0
202,202,0,0000000,00,3,3,3,0000000000000000,0,0,3,70afe43db6052378,0,1,0000000000000000,c7dddaf301771db6,c7dddaf301771db6,0,0
203,203,0,0000000,00,3,3,3,0000000000000000,0,0,3,70afe43db6052378,0,1,0000000000000000,c7dddaf301771db6,c7dddaf301771db6,0,0
204,204,0,0000000,00,3,3,3,0000000000000000,0,0,3,70afe43db6052378,0,1,0000000000000000,c7dddaf301771db6,c7dddaf301771db6,0,0
205,205,0,0000000,00,3,3,3,0000000000000000,0,0,3,70afe43db6052378,0,1,0000000000000000,c7dddaf301771db6,c7dddaf301771db6,0,0
206,206,0,0000000,00,3,3,3,0000000000000000,0,0,3,70afe43db6052378,0,1,0000000000000000,c7dddaf301771db6,c7dddaf301771db6,0,0
207,207,0,0000000,00,3,3,3,0000000000000000,0,0,3,70afe43db6052378,0,1,0000000000000000,c7dddaf301771db6,c7dddaf301771db6,0,0
208,208,0,0000000,00,3,3,3,0000000000000000,0,0,3,70afe43db6052378,0,1,0000000000000000,c7dddaf301771db6,c7dddaf301771db6,0,0
209,209,0,0000000,00,3,3,3,0000000000000000,0,0,3,70afe43db6052378,0,1,0000000000000000,c7dddaf301771db6,c7dddaf301771db6,0,0
210,210,0,0000000,00,3,3,3,0000000000000000,0,0,3,70afe43db6052378,0,1,0000000000000000,c7dddaf301771db6,c7dddaf301771db6,0,0
211,211,0,0000000,00,3,3,3,0000000000000000,0,0,3,70afe43db6052378,0,1,0000000000000000,c7dddaf301771db6,c7dddaf301771db6,0,0
212,212,0,0000000,00,3,3,3,0000000000000000,0,0,3,70afe43db6052378,0,1,0000000000000000,c7dddaf301771db6,c7dddaf301771db6,0,0
213,213,0,0000000,00,3,3,3,0000000000000000,0,0,3,70afe43db6052378,0,1,0000000000000000,c7dddaf301771db6,c7dddaf301771db6,0,0
214,214,0,0000000,00,3,3,3,0000000000000000,0,0,3,70afe43db6052378,0,1,0000000000000000,c7dddaf301771db6,c7dddaf301771db6,0,0
215,215,0,0000000,00,3,3,3,0000000000000000,0,0,3,70afe43db6052378,0,1,0000000000000000,c7dddaf301771db6,c7dddaf301771db6,0,0
216,216,0,0000000,00,3,3,3,0000000000000000,0,0,3,70afe43db6052378,0,1,0000000000000000,c7dddaf301771db6,c7dddaf301771db6,0,0
217,217,0,0000000,00,3,3,3,0000000000000000,0,0,3,70afe43db6052378,0,1,0000000000000000,c7dddaf301771db6,c7dddaf301771db6,0,0
218,218,0,0000000,00,3,3,3,0000000000000000,0,0,3,70afe43db6052378,0,1,0000000000000000,c7dddaf301771db6,c7dddaf301771db6,0,0
219,219,0,0000000,00,3,3,3,0000000000000000,0,0,3,70afe43db6052378,0,1,0000000000000000,c7dddaf301771db6,c7dddaf301771db6,0,0
220,220,0,0000000,00,3,3,3,0000000000000000,0,0,3,70afe43db6052378,0,1,0000000000000000,c7dddaf301771db6,c7dddaf301771db6,0,0
221,221,0,0000000,00,3,3,3,0000000000000000,0,0,3,70afe43db6052378,0,1,0000000000000000,c7dddaf301771db6,c7dddaf301771db6,0,0
222,222,0,0000000,00,3,3,3,0000000000000000,0,0,3,70afe43db6052378,0,1,0000000000000000,c7dddaf301771db6,c7dddaf301771db6,0,0
223,223,0,0000000,00,3,3,3,0000000000000000,0,0,3,70afe43db6052378,0,1,0000000000000000,c7dddaf301771db6,c7dddaf301771db6,0,0
224,224,0,0000000,00,3,3,3,0000000000000000,0,0,3,70afe43db6052378,0,1,0000000000000000,c7dddaf301771db6,c7dddaf301771db6,0,0
225,225,0,0000000,00,3,3,3,0000000000000000,0,0,3,70afe43db6052378,0,1,0000000000000000,c7dddaf301771db6,c7dddaf301771db6,0,0
226,226,0,0000000,00,3,3,3,0000000000000000,0,0,3,70afe43db6052378,0,1,0000000000000000,c7dddaf301771db6,c7dddaf301771db6,0,0
227,227,0,0000000,00,3,3,3,0000000000000000,0,0,3,70afe43db6052378,0,1,0000000000000000,c7dddaf301771db6,c7dddaf301771db6,0,0
228,228,0,0000000,00,3,3,3,0000000000000000,0,0,3,70afe43db6052378,0,1,0000000000000000,c7dddaf301771db6,c7dddaf301771db6,0,0
229,229,0,0000000,00,3,3,3,0000000000000000,0,0,3,70afe43db6052378,0,1,0000000000000000,c7dddaf301771db6,c7dddaf301771db6,0,0
230,230,0,0000000,00,3,3,3,0000000000000000,0,0,3,70afe43db6052378,0,1,0000000000000000,c7dddaf301771db6,c7dddaf301771db6,0,0
231,231,0,0000000,00,3,3,3,0000000000000000,0,0,3,70afe43db6052378,0,1,0000000000000000,c7dddaf301771db6,c7dddaf301771db6,0,0
232,232,0,0000000,00,3,3,3,0000000000000000,0,0,3,70afe43db6052378,0,1,0000000000000000,c7dddaf301771db6,c7dddaf301771db6,0,0
233,233,0,0000000,00,3,3,3,0000000000000000,0,0,3,70afe43db6052378,0,1,0000000000000000,c7dddaf301771db6,c7dddaf301771db6,0,0
234,234,0,0000000,00,3,3,3,0000000000000000,0,0,3,70afe43db6052378,0,1,0000000000000000,c7dddaf301771db6,c7dddaf301771db6,0,0
235,235,0,0000000,00,3,3,3,0000000000000000,0,0,3,70afe43db6052378,0,1,0000000000000000,c7dddaf301771db6,c7dddaf301771db6,0,0
236,236,0,0000000,00,3,3,3,0000000000000000,0,0,3,70afe43db6052378,0,1,0000000000000000,c7dddaf301771db6,c7dddaf301771db6,0,0
237,237,0,0000000,00,3,3,3,0000000000000000,0,0,3,70afe43db6052378,0,1,0000000000000000,c7dddaf301771db6,c7dddaf301771db6,0,0
238,238,0,0000000,00,3,3,3,0000000000000000,0,0,3,70afe43db6052378,0,1,0000000000000000,c7dddaf301771db6,c7dddaf301771db6,0,0
239,239,0,0000000,00,3,3,3,0000000000000000,0,0,3,70afe43db6052378,0,1,0000000000000000,c7dddaf301771db6,c7dddaf301771db6,0,0
240,240,0,0000000,00,3,3,3,0000000000000000,0,0,3,70afe43db6052378,0,1,0000000000000000,c7dddaf301771db6,c7dddaf301771db6,0,0
241,241,0,0000000,00,3,3,3,0000000000000000,0,0,3,70afe43db6052378,0,1,0000000000000000,c7dddaf301771db6,c7dddaf301771db6,0,0
242,242,0,0000000,00,3,3,3,0000000000000000,0,0,3,70afe43db6052378,0,1,0000000000000000,c7dddaf301771db6,c7dddaf301771db6,0,0
243,243,0,0000000,00,3,3,3,0000000000000000,0,0,3,70afe43db6052378,0,1,0000000000000000,c7dddaf301771db6,c7dddaf301771db6,0,0
244,244,0,0000000,00,3,3,3,0000000000000000,0,0,3,70afe43db6052378,0,1,0000000000000000,c7dddaf301771db6,c7dddaf301771db6,0,0
245,245,0,0000000,00,3,3,3,0000000000000000,0,0,3,70afe43db6052378,0,1,0000000000000000,c7dddaf301771db6,c7dddaf301771db6,0,0
246,246,0,0000000,00,3,3,3,0000000000000000,0,0,3,70afe43db6052378,0,1,0000000000000000,c7dddaf301771db6,c7dddaf301771db6,0,0
247,247,0,0000000,00,3,3,3,0000000000000000,0,0,3,70afe43db6052378,0,1,0000000000000000,c7dddaf301771db6,c7dddaf301771db6,0,0
248,248,0,0000000,00,3,3,3,0000000000000000,0,0,3,70afe43db6052378,0,1,0000000000000000,c7dddaf301771db6,c7dddaf301771db6,0,0
249,249,0,0000000,00,3,3,3,0000000000000000,0,0,3,70afe43db6052378,0,1,0000000000000000,c7dddaf301771db6,c7dddaf301771db6,0,0
250,250,0,0000000,00,3,3,3,0000000000000000,0,0,3,70afe43db6052378,0,1,0000000000000000,c7dddaf301771db6,c7dddaf301771db6,0,0
251,251,0,0000000,00,3,3,3,0000000000000000,0,0,3,70afe43db6052378,0,1,0000000000000000,c7dddaf301771db6,c7dddaf301771db6,0,0
252,252,0,0000000,00,3,3,3,0000000000000000,0,0,3,70afe43db6052378,0,1,0000000000000000,c7dddaf301771db6,c7dddaf301771db6,0,0
253,253,0,0000000,00,3,3,3,0000000000000000,0,0,3,70afe43db6052378,0,1,0000000000000000,c7dddaf301771db6,c7dddaf301771db6,0,0
254,254,0,0000000,00,3,3,3,0000000000000000,0,0,3,70afe43db6052378,0,1,0000000000000000,c7dddaf301771db6,c7dddaf301771db6,0,0
255,255,0,0000000,00,3,3,3,0000000000000000,0,0,3,70afe43db6052378,0,1,0000000000000000,c7dddaf301771db6,c7dddaf301771db6,0,0
256,256,0,0000000,00,3,3,3,0000000000000000,0,0,3,70afe43db6052378,0,1,0000000000000000,c7dddaf301771db6,c7dddaf301771db6,0,0
257,257,0,0000000,00,3,3,3,0000000000000000,0,0,3,70afe43db6052378,0,1,0000000000000000,c7dddaf301771db6,c7dddaf301771db6,0,0
258,258,0,0000000,00,3,3,3,0000000000000000,0,0,3,70afe43db6052378,0,1,0000000000000000,c7dddaf301771db6,c7dddaf301771db6,0,0
259,259,0,0000000,00,3,3,3,0000000000000000,0,0,3,70afe43db6052378,0,1,0000000000000000,c7dddaf301771db6,c7dddaf301771db6,0,0
260,260,0,0000000,00,3,3,3,0000000000000000,0,0,3,70afe43db6052378,0,1,0000000000000000,c7dddaf301771db6,c7dddaf301771db6,0,0
261,261,0,0000000,00,3,3,3,0000000000000000,0,0,3,70afe43db6052378,0,1,0000000000000000,c7dddaf301771db6,c7dddaf301771db6,0,0
262,262,0,0000000,00,3,3,3,0000000000000000,0,0,3,70afe43db6052378,0,1,0000000000000000,c7dddaf301771db6,c7dddaf301771db6,0,0
263,263,0,0000000,00,3,3,3,0000000000000000,0,0,3,70afe43db6052378,0,1,0000000000000000,c7dddaf301771db6,c7dddaf301771db6,0,0
264,264,0,0000000,00,3,3,3,0000000000000000,0,0,3,70afe43db6052378,0,1,0000000000000000,c7dddaf301771db6,c7dddaf301771db6,0,0
265,265,0,0000000,00,3,3,3,0000000000000000,0,0,3,70afe43db6052378,0,1,0000000000000000,c7dddaf301771db6,c7dddaf301771db6,0,0
266,266,0,0000000,00,3,3,3,0000000000000000,0,0,3,70afe43db6052378,0,1,0000000000000000,c7dddaf301771db6,c7dddaf301771db6,0,0
267,267,0,0000000,00,3,3,3,0000000000000000,0,0,3,70afe43db6052378,0,1,0000000000000000,c7dddaf301771db6,c7dddaf301771db6,0,0
268,268,0,0000000,00,3,3,3,0000000000000000,0,0,3,70afe43db6052378,0,1,0000000000000000,c7dddaf301771db6,c7dddaf301771db6,0,0
269,269,0,0000000,00,3,3,3,0000000000000000,0,0,3,70afe43db6052378,0,1,0000000000000000,c7dddaf301771db6,c7dddaf301771db6,0,0
270,270,0,0000000,00,3,3,3,0000000000000000,0,0,3,70afe43db6052378,0,1,0000000000000000,c7dddaf301771db6,c7dddaf301771db6,0,0
271,271,0,0000000,00,3,3,3,0000000000000000,0,0,3,70afe43db6052378,0,1,0000000000000000,c7dddaf301771db6,c7dddaf301771db6,0,0
272,272,0,0000000,00,3,3,3,0000000000000000,0,0,3,70afe43db6052378,0,1,0000000000000000,c7dddaf301771db6,c7dddaf301771db6,0,0
273,273,0,0000000,00,3,3,3,0000000000000000,0,0,3,70afe43db6052378,0,1,0000000000000000,c7dddaf301771db6,c7dddaf301771db6,0,0
274,274,0,0000000,00,3,3,3,0000000000000000,0,0,3,70afe43db6052378,0,1,0000000000000000,c7dddaf301771db6,c7dddaf301771db6,0,0
275,275,0,0000000,00,3,3,3,0000000000000000,0,0,3,70afe43db6052378,0,1,0000000000000000,c7dddaf301771db6,c7dddaf301771db6,0,0
276,276,0,0000000,00,3,3,3,0000000000000000,0,0,3,70afe43db6052378,0,1,0000000000000000,c7dddaf301771db6,c7dddaf301771db6,0,0
277,277,0,0000000,00,3,3,3,0000000000000000,0,0,3,70afe43db6052378,0,1,0000000000000000,c7dddaf301771db6,c7dddaf301771db6,0,0
278,278,0,0000000,00,3,3,3,0000000000000000,0,0,3,70afe43db6052378,0,1,0000000000000000,c7dddaf301771db6,c7dddaf301771db6,0,0
279,279,0,0000000,00,3,3,3,0000000000000000,0,0,3,70afe43db6052378,0,1,0000000000000000,c7dddaf301771db6,c7dddaf301771db6,0,0
280,280,0,0000000,00,3,3,3,0000000000000000,0,0,3,70afe43db6052378,0,1,0000000000000000,c7dddaf301771db6,c7dddaf301771db6,0,0
281,281,0,0000000,00,3,3,3,0000000000000000,0,0,3,70afe43db6052378,0,1,0000000000000000,c7dddaf301771db6,c7dddaf301771db6,0,0
282,282,0,0000000,00,3,3,3,0000000000000000,0,0,3,70afe43db6052378,0,1,0000000000000000,c7dddaf301771db6,c7dddaf301771db6,0,0
283,283,0,0000000,00,3,3,3,0000000000000000,0,0,3,70afe43db6052378,0,1,0000000000000000,c7dddaf301771db6,c7dddaf301771db6,0,0
284,284,0,0000000,00,3,3,3,0000000000000000,0,0,3,70afe43db6052378,0,1,0000000000000000,c7dddaf301771db6,c7dddaf301771db6,0,0
285,285,0,0000000,00,3,3,3,0000000000000000,0,0,3,70afe43db6052378,0,1,0000000000000000,c7dddaf301771db6,c7dddaf301771db6,0,0
286,286,0,0000000,00,3,3,3,0000000000000000,0,0,3,70afe43db6052378,0,1,0000000000000000,c7dddaf301771db6,c7dddaf301771db6,0,0
287,287,0,0000000,00,3,3,3,0000000000000000,0,0,3,70afe43db6052378,0,1,0000000000000000,c7dddaf301771db6,c7dddaf301771db6,0,0
288,288,0,0000000,00,3,3,3,0000000000000000,0,0,3,70afe43db6052378,0,1,0000000000000000,c7dddaf301771db6,c7dddaf301771db6,0,0
289,289,0,0000000,00,3,3,3,0000000000000000,0,0,3,70afe43db6052378,0,1,0000000000000000,c7dddaf301771db6,c7dddaf301771db6,0,0
290,290,0,0000000,00,3,3,3,0000000000000000,0,0,3,70afe43db6052378,0,1,0000000000000000,c7dddaf301771db6,c7dddaf301771db6,0,0
291,291,0,0000000,00,3,3,3,0000000000000000,0,0,3,70afe43db6052378,0,1,0000000000000000,c7dddaf301771db6,c7dddaf301771db6,0,0
292,292,0,0000000,00,3,3,3,0000000000000000,0,0,3,70afe43db6052378,0,1,0000000000000000,c7dddaf301771db6,c7dddaf301771db6,0,0
293,293,0,0000000,00,3,3,3,0000000000000000,0,0,3,70afe43db6052378,0,1,0000000000000000,c7dddaf301771db6,c7dddaf301771db6,0,0
294,294,0,0000000,00,3,3,3,0000000000000000,0,0,3,70afe43db6052378,0,1,0000000000000000,c7dddaf301771db6,c7dddaf301771db6,0,0
295,295,0,0000000,00,3,3,3,0000000000000000,0,0,3,70afe43db6052378,0,1,0000000000000000,c7dddaf301771db6,c7dddaf301771db6,0,0
296,296,0,0000000,00,3,3,3,0000000000000000,0,0,3,70afe43db6052378,0,1,0000000000000000,c7dddaf301771db6,c7dddaf301771db6,0,0
297,297,0,0000000,00,3,3,3,0000000000000000,0,0,3,70afe43db6052378,0,1,0000000000000000,c7dddaf301771db6,c7dddaf301771db6,0,0
298,298,0,0000000,00,3,3,3,0000000000000000,0,0,3,70afe43db6052378,0,1,0000000000000000,c7dddaf301771db6,c7dddaf301771db6,0,0
299,299,0,0000000,00,3,3,3,0000000000000000,0,0,3,70afe43db6052378,0,1,0000000000000000,c7dddaf301771db6,c7dddaf301771db6,0,0
300,300,0,0000000,00,3,3,3,0000000000000000,0,0,3,70afe43db6052378,0,1,0000000000000000,c7dddaf301771db6,c7dddaf301771db6,0,0
301,301,0,0000000,00,3,3,3,0000000000000000,0,0,3,70afe43db6052378,0,1,0000000000000000,c7dddaf301771db6,c7dddaf301771db6,0,0
302,302,0,0000000,00,3,3,3,0000000000000000,0,0,3,70afe43db6052378,0,1,0000000000000000,c7dddaf301771db6,c7dddaf301771db6,0,0
303,303,0,0000000,00,3,3,3,0000000000000000,0,0,3,70afe43db6052378,0,1,0000000000000000,c7dddaf301771db6,c7dddaf301771db6,0,0
304,304,0,0000000,00,3,3,3,0000000000000000,0,0,3,70afe43db6052378,0,1,0000000000000000,c7dddaf301771db6,c7dddaf301771db6,0,0
305,305,0,0000000,00,3,3,3,0000000000000000,0,0,3,70afe43db6052378,0,1,0000000000000000,c7dddaf301771db6,c7dddaf301771db6,0,0
306,306,0,0000000,00,3,3,3,0000000000000000,0,0,3,70afe43db6052378,0,1,0000000000000000,c7dddaf301771db6,c7dddaf301771db6,0,0
307,307,0,0000000,00,3,3,3,0000000000000000,0,0,3,70afe43db6052378,0,1,0000000000000000,c7dddaf301771db6,c7dddaf301771db6,0,0
308,308,0,0000000,00,3,3,3,0000000000000000,0,0,3,70afe43db6052378,0,1,0000000000000000,c7dddaf301771db6,c7dddaf301771db6,0,0
309,309,0,0000000,00,3,3,3,0000000000000000,0,0,3,70afe43db6052378,0,1,0000000000000000,c7dddaf301771db6,c7dddaf301771db6,0,0
310,310,0,0000000,00,3,3,3,0000000000000000,0,0,3,70afe43db6052378,0,1,0000000000000000,c7dddaf301771db6,c7dddaf301771db6,0,0
311,311,0,0000000,00,3,3,3,0000000000000000,0,0,3,70afe43db6052378,0,1,0000000000000000,c7dddaf301771db6,c7dddaf301771db6,0,0
312,312,0,0000000,00,3,3,3,0000000000000000,0,0,3,70afe43db6052378,0,1,0000000000000000,c7dddaf301771db6,c7dddaf301771db6,0,0
313,313,0,0000000,00,3,3,3,0000000000000000,0,0,3,70afe43db6052378,0,1,0000000000000000,c7dddaf301771db6,c7dddaf301771db6,0,0
314,314,0,0000000,00,3,3,3,0000000000000000,0,0,3,70afe43db6052378,0,1,0000000000000000,c7dddaf301771db6,c7dddaf301771db6,0,0
315,315,0,0000000,00,3,3,3,0000000000000000,0,0,3,70afe43db6052378,0,1,0000000000000000,c7dddaf301771db6,c7dddaf301771db6,0,0
316,316,0,0000000,00,3,3,3,0000000000000000,0,0,3,70afe43db6052378,0,1,0000000000000000,c7dddaf301771db6,c7dddaf301771db6,0,0
317,317,0,0000000,00,3,3,3,0000000000000000,0,0,3,70afe43db6052378,0,1,0000000000000000,c7dddaf301771db6,c7dddaf301771db6,0,0
318,318,0,0000000,00,3,3,3,0000000000000000,0,0,3,70afe43db6052378,0,1,0000000000000000,c7dddaf301771db6,c7dddaf301771db6,0,0
319,319,0,0000000,00,3,3,3,0000000000000000,0,0,3,70afe43db6052378,0,1,0000000000000000,c7dddaf301771db6,c7dddaf301771db6,0,0
320,320,0,0000000,00,3,3,3,0000000000000000,0,0,3,70afe43db6052378,0,1,0000000000000000,c7dddaf301771db6,c7dddaf301771db6,0,0
321,321,0,0000000,00,3,3,3,0000000000000000,0,0,3,70afe43db6052378,0,1,0000000000000000,c7dddaf301771db6,c7dddaf301771db6,0,0
322,322,0,0000000,00,3,3,3,0000000000000000,0,0,3,70afe43db6052378,0,1,0000000000000000,c7dddaf301771db6,c7dddaf301771db6,0,0
323,323,0,0000000,00,3,3,3,0000000000000000,0,0,3,70afe43db6052378,0,1,0000000000000000,c7dddaf301771db6,c7dddaf301771db6,0,0
324,324,0,0000000,00,3,3,3,0000000000000000,0,0,3,70afe43db6052378,0,1,0000000000000000,c7dddaf301771db6,c7dddaf301771db6,0,0
325,325,0,0000000,00,3,3,3,0000000000000000,0,0,3,70afe43db6052378,0,1,0000000000000000,c7dddaf301771db6,c7dddaf301771db6,0,0
326,326,0,0000000,00,3,3,3,0000000000000000,0,0,3,70afe43db6052378,0,1,0000000000000000,c7dddaf301771db6,c7dddaf301771db6,0,0
327,327,0,0000000,00,3,3,3,0000000000000000,0,0,3,70afe43db6052378,0,1,0000000000000000,c7dddaf301771db6,c7dddaf301771db6,0,0
328,328,0,0000000,00,3,3,3,0000000000000000,0,0,3,70afe43db6052378,0,1,0000000000000000,c7dddaf301771db6,c7dddaf301771db6,0,0
329,329,0,0000000,00,3,3,3,0000000000000000,0,0,3,70afe43db6052378,0,1,0000000000000000,c7dddaf301771db6,c7dddaf301771db6,0,0
330,330,0,0000000,00,3,3,3,0000000000000000,0,0,3,70afe43db6052378,0,1,0000000000000000,c7dddaf301771db6,c7dddaf301771db6,0,0
331,331,0,0000000,00,3,3,3,0000000000000000,0,0,3,70afe43db6052378,0,1,0000000000000000,c7dddaf301771db6,c7dddaf301771db6,0,0
332,332,0,0000000,00,3,3,3,0000000000000000,0,0,3,70afe43db6052378,0,1,0000000000000000,c7dddaf301771db6,c7dddaf301771db6,0,0
333,333,0,0000000,00,3,3,3,0000000000000000,0,0,3,70afe43db6052378,0,1,0000000000000000,c7dddaf301771db6,c7dddaf301771db6,0,0
334,334,0,0000000,00,3,3,3,0000000000000000,0,0,3,70afe43db6052378,0,1,0000000000000000,c7dddaf301771db6,c7dddaf301771db6,0,0
335,335,0,0000000,00,3,3,3,0000000000000000,0,0,3,70afe43db6052378,0,1,0000000000000000,c7dddaf301771db6,c7dddaf301771db6,0,0
336,336,0,0000000,00,3,3,3,0000000000000000,0,0,3,70afe43db6052378,0,1,0000000000000000,c7dddaf301771db6,c7dddaf301771db6,0,0
337,337,0,0000000,00,3,3,3,0000000000000000,0,0,3,70afe43db6052378,0,1,0000000000000000,c7dddaf301771db6,c7dddaf301771db6,0,0
338,338,0,0000000,00,3,3,3,0000000000000000,0,0,3,70afe43db6052378,0,1,0000000000000000,c7dddaf301771db6,c7dddaf301771db6,0,0
339,339,0,0000000,00,3,3,3,0000000000000000,0,0,3,70afe43db6052378,0,1,0000000000000000,c7dddaf301771db6,c7dddaf301771db6,0,0
340,340,0,0000000,00,3,3,3,0000000000000000,0,0,3,70afe43db6052378,0,1,0000000000000000,c7dddaf301771db6,c7dddaf301771db6,0,0
341,341,0,0000000,00,3,3,3,0000000000000000,0,0,3,70afe43db6052378,0,1,0000000000000000,c7dddaf301771db6,c7dddaf301771db6,0,0
342,342,0,0000000,00,3,3,3,0000000000000000,0,0,3,70afe43db6052378,0,1,0000000000000000,c7dddaf301771db6,c7dddaf301771db6,0,0
343,343,0,0000000,00,3,3,3,0000000000000000,0,0,3,70afe43db6052378,0,1,0000000000000000,c7dddaf301771db6,c7dddaf301771db6,0,0
344,344,0,0000000,00,3,3,3,0000000000000000,0,0,3,70afe43db6052378,0,1,0000000000000000,c7dddaf301771db6,c7dddaf301771db6,0,0
345,345,0,0000000,00,3,3,3,0000000000000000,0,0,3,70afe43db6052378,0,1,0000000000000000,c7dddaf301771db6,c7dddaf301771db6,0,0
346,346,0,0000000,00,3,3,3,0000000000000000,0,0,3,70afe43db6052378,0,1,0000000000000000,c7dddaf301771db6,c7dddaf301771db6,0,0
347,347,0,0000000,00,3,3,3,0000000000000000,0,0,3,70afe43db6052378,0,1,0000000000000000,c7dddaf301771db6,c7dddaf301771db6,0,0
348,348,0,0000000,00,3,3,3,0000000000000000,0,0,3,70afe43db6052378,0,1,0000000000000000,c7dddaf301771db6,c7dddaf301771db6,0,0
349,349,0,0000000,00,3,3,3,0000000000000000,0,0,3,70afe43db6052378,0,1,0000000000000000,c7dddaf301771db6,c7dddaf301771db6,0,0
350,350,0,0000000,00,3,3,3,0000000000000000,0,0,3,70afe43db6052378,0,1,0000000000000000,c7dddaf301771db6,c7dddaf301771db6,0,0
351,351,0,0000000,00,3,3,3,0000000000000000,0,0,3,70afe43db6052378,0,1,0000000000000000,c7dddaf301771db6,c7dddaf301771db6,0,0
352,352,0,0000000,00,3,3,3,0000000000000000,0,0,3,70afe43db6052378,0,1,0000000000000000,c7dddaf301771db6,c7dddaf301771db6,0,0
353,353,0,0000000,00,3,3,3,0000000000000000,0,0,3,70afe43db6052378,0,1,0000000000000000,c7dddaf301771db6,c7dddaf301771db6,0,0
354,354,0,0000000,00,3,3,3,0000000000000000,0,0,3,70afe43db6052378,0,1,0000000000000000,c7dddaf301771db6,c7dddaf301771db6,0,0
355,355,0,0000000,00,3,3,3,0000000000000000,0,0,3,70afe43db6052378,0,1,0000000000000000,c7dddaf301771db6,c7dddaf301771db6,0,0
356,356,0,0000000,00,3,3,3,0000000000000000,0,0,3,70afe43db6052378,0,1,0000000000000000,c7dddaf301771db6,c7dddaf301771db6,0,0
357,357,0,0000000,00,3,3,3,0000000000000000,0,0,3,70afe43db6052378,0,1,0000000000000000,c7dddaf301771db6,c7dddaf301771db6,0,0
358,358,0,0000000,00,3,3,3,0000000000000000,0,0,3,70afe43db6052378,0,1,0000000000000000,c7dddaf301771db6,c7dddaf301771db6,0,0
359,359,0,0000000,00,3,3,3,0000000000000000,0,0,3,70afe43db6052378,0,1,0000000000000000,c7dddaf301771db6,c7dddaf301771db6,0,0
360,360,0,0000000,00,3,3,3,0000000000000000,0,0,3,70afe43db6052378,0,1,0000000000000000,c7dddaf301771db6,c7dddaf301771db6,0,0
361,361,0,0000000,00,3,3,3,0000000000000000,0,0,3,70afe43db6052378,0,1,0000000000000000,c7dddaf301771db6,c7dddaf301771db6,0,0
362,362,0,0000000,00,3,3,3,0000000000000000,0,0,3,70afe43db6052378,0,1,0000000000000000,c7dddaf301771db6,c7dddaf301771db6,0,0
363,363,0,0000000,00,3,3,3,0000000000000000,0,0,3,70afe43db6052378,0,1,0000000000000000,c7dddaf301771db6,c7dddaf301771db6,0,0
364,364,0,0000000,00,3,3,3,0000000000000000,0,0,3,70afe43db6052378,0,1,0000000000000000,c7dddaf301771db6,c7dddaf301771db6,0,0
365,365,0,0000000,00,3,3,3,0000000000000000,0,0,3,70afe43db6052378,0,1,0000000000000000,c7dddaf301771db6,c7dddaf301771db6,0,0
366,366,0,0000000,00,3,3,3,0000000000000000,0,0,3,70afe43db6052378,0,1,0000000000000000,c7dddaf301771db6,c7dddaf301771db6,0,0
367,367,0,0000000,00,3,3,3,0000000000000000,0,0,3,70afe43db6052378,0,1,0000000000000000,c7dddaf301771db6,c7dddaf301771db6,0,0
368,368,0,0000000,00,3,3,3,0000000000000000,0,0,3,70afe43db6052378,0,1,0000000000000000,c7dddaf301771db6,c7dddaf301771db6,0,0
369,369,0,0000000,00,3,3,3,0000000000000000,0,0,3,70afe43db6052378,0,1,0000000000000000,c7dddaf301771db6,c7dddaf301771db6,0,0
370,370,0,0000000,00,3,3,3,0000000000000000,0,0,3,70afe43db6052378,0,1,0000000000000000,c7dddaf301771db6,c7dddaf301771db6,0,0
371,371,0,0000000,00,3,3,3,0000000000000000,0,0,3,70afe43db6052378,0,1,0000000000000000,c7dddaf301771db6,c7dddaf301771db6,0,0
372,372,0,0000000,00,3,3,3,0000000000000000,0,0,3,70afe43db6052378,0,1,0000000000000000,c7dddaf301771db6,c7dddaf301771db6,0,0
373,373,0,0000000,00,3,3,3,0000000000000000,0,0,3,70afe43db6052378,0,1,0000000000000000,c7dddaf301771db6,c7dddaf301771db6,0,0
374,374,0,0000000,00,3,3,3,0000000000000000,0,0,3,70afe43db6052378,0,1,0000000000000000,c7dddaf301771db6,c7dddaf301771db6,0,0
375,375,0,0000000,00,3,3,3,0000000000000000,0,0,3,70afe43db6052378,0,1,0000000000000000,c7dddaf301771db6,c7dddaf301771db6,0,0
376,376,0,0000000,00,3,3,3,0000000000000000,0,0,3,70afe43db6052378,0,1,0000000000000000,c7dddaf301771db6,c7dddaf301771db6,0,0
377,377,0,0000000,00,3,3,3,0000000000000000,0,0,3,70afe43db6052378,0,1,0000000000000000,c7dddaf301771db6,c7dddaf301771db6,0,0
378,378,0,0000000,00,3,3,3,0000000000000000,0,0,3,70afe43db6052378,0,1,0000000000000000,c7dddaf301771db6,c7dddaf301771db6,0,0
379,379,0,0000000,00,3,3,3,0000000000000000,0,0,3,70afe43db6052378,0,1,0000000000000000,c7dddaf301771db6,c7dddaf301771db6,0,0
380,380,0,0000000,00,3,3,3,0000000000000000,0,0,3,70afe43db6052378,0,1,0000000000000000,c7dddaf301771db6,c7dddaf301771db6,0,0
381,381,0,0000000,00,3,3,3,0000000000000000,0,0,3,70afe43db6052378,0,1,0000000000000000,c7dddaf301771db6,c7dddaf301771db6,0,0
382,382,0,0000000,00,3,3,3,0000000000000000,0,0,3,70afe43db6052378,0,1,0000000000000000,c7dddaf301771db6,c7dddaf301771db6,0,0
383,383,0,0000000,00,3,3,3,0000000000000000,0,0,3,70afe43db6052378,0,1,0000000000000000,c7dddaf301771db6,c7dddaf301771db6,0,0
384,384,0,0000000,00,3,3,3,0000000000000000,0,0,3,70afe43db6052378,0,1,0000000000000000,c7dddaf301771db6,c7dddaf301771db6,0,0
385,385,0,0000000,00,3,3,3,0000000000000000,0,0,3,70afe43db6052378,0,1,0000000000000000,c7dddaf301771db6,c7dddaf301771db6,0,0
386,386,0,0000000,00,3,3,3,0000000000000000,0,0,3,70afe43db6052378,0,1,0000000000000000,c7dddaf301771db6,c7dddaf301771db6,0,0
387,387,0,0000000,00,3,3,3,0000000000000000,0,0,3,70afe43db6052378,0,1,0000000000000000,c7dddaf301771db6,c7dddaf301771db6,0,0
388,388,0,0000000,00,3,3,3,0000000000000000,0,0,3,70afe43db6052378,0,1,0000000000000000,c7dddaf301771db6,c7dddaf301771db6,0,0
389,389,0,0000000,00,3,3,3,0000000000000000,0,0,3,70afe43db6052378,0,1,0000000000000000,c7dddaf301771db6,c7dddaf301771db6,0,0
390,390,0,0000000,00,3,3,3,0000000000000000,0,0,3,70afe43db6052378,0,1,0000000000000000,c7dddaf301771db6,c7dddaf301771db6,0,0
391,391,0,0000000,00,3,3,3,0000000000000000,0,0,3,70afe43db6052378,0,1,0000000000000000,c7dddaf301771db6,c7dddaf301771db6,0,0
392,392,0,0000000,00,3,3,3,0000000000000000,0,0,3,70afe43db6052378,0,1,0000000000000000,c7dddaf301771db6,c7dddaf301771db6,0,0
393,393,0,0000000,00,3,3,3,0000000000000000,0,0,3,70afe43db6052378,0,1,0000000000000000,c7dddaf301771db6,c7dddaf301771db6,0,0
394,394,0,0000000,00,3,3,3,0000000000000000,0,0,3,70afe43db6052378,0,1,0000000000000000,c7dddaf301771db6,c7dddaf301771db6,0,0
395,395,0,0000000,00,3,3,3,0000000000000000,0,0,3,70afe43db6052378,0,1,0000000000000000,c7dddaf301771db6,c7dddaf301771db6,0,0
396,396,0,0000000,00,3,3,3,0000000000000000,0,0,3,70afe43db6052378,0,1,0000000000000000,c7dddaf301771db6,c7dddaf301771db6,0,0
397,397,0,0000000,00,3,3,3,0000000000000000,0,0,3,70afe43db6052378,0,1,0000000000000000,c7dddaf301771db6,c7dddaf301771db6,0,0
398,398,0,0000000,00,3,3,3,0000000000000000,0,0,3,70afe43db6052378,0,1,0000000000000000,c7dddaf301771db6,c7dddaf301771db6,0,0
399,399,0,0000000,00,3,3,3,0000000000000000,0,0,3,70afe43db6052378,0,1,0000000000000000,c7dddaf301771db6,c7dddaf301771db6,0,0
400,400,0,0000000,00,3,3,3,0000000000000000,0,0,3,70afe43db6052378,0,1,0000000000000000,c7dddaf301771db6,c7dddaf301771db6,0,0
401,401,0,0000000,00,3,3,3,0000000000000000,0,0,3,70afe43db6052378,0,1,0000000000000000,c7dddaf301771db6,c7dddaf301771db6,0,0
402,402,0,0000000,00,3,3,3,0000000000000000,0,0,3,70afe43db6052378,0,1,0000000000000000,c7dddaf301771db6,c7dddaf301771db6,0,0
403,403,0,0000000,00,3,3,3,0000000000000000,0,0,3,70afe43db6052378,0,1,0000000000000000,c7dddaf301771db6,c7dddaf301771db6,0,0
404,404,0,0000000,00,3,3,3,0000000000000000,0,0,3,70afe43db6052378,0,1,0000000000000000,c7dddaf301771db6,c7dddaf301771db6,0,0
405,405,0,0000000,00,3,3,3,0000000000000000,0,0,3,70afe43db6052378,0,1,0000000000000000,c7dddaf301771db6,c7dddaf301771db6,0,0
406,406,0,0000000,00,3,3,3,0000000000000000,0,0,3,70afe43db6052378,0,1,0000000000000000,c7dddaf301771db6,c7dddaf301771db6,0,0
407,407,0,0000000,00,3,3,3,0000000000000000,0,0,3,70afe43db6052378,0,1,0000000000000000,c7dddaf301771db6,c7dddaf301771db6,0,0
408,408,0,0000000,00,3,3,3,0000000000000000,0,0,3,70afe43db6052378,0,1,0000000000000000,c7dddaf301771db6,c7dddaf301771db6,0,0
409,409,0,0000000,00,3,3,3,0000000000000000,0,0,3,70afe43db6052378,0,1,0000000000000000,c7dddaf301771db6,c7dddaf301771db6,0,0
410,410,0,0000000,00,3,3,3,0000000000000000,0,0,3,70afe43db6052378,0,1,0000000000000000,c7dddaf301771db6,c7dddaf301771db6,0,0
411,411,0,0000000,00,3,3,3,0000000000000000,0,0,3,70afe43db6052378,0,1,0000000000000000,c7dddaf301771db6,c7dddaf301771db6,0,0
412,412,0,0000000,00,3,3,3,0000000000000000,0,0,3,70afe43db6052378,0,1,0000000000000000,c7dddaf301771db6,c7dddaf301771db6,0,0
413,413,0,0000000,00,3,3,3,0000000000000000,0,0,3,70afe43db6052378,0,1,0000000000000000,c7dddaf301771db6,c7dddaf301771db6,0,0
414,414,0,0000000,00,3,3,3,0000000000000000,0,0,3,70afe43db6052378,0,1,0000000000000000,c7dddaf301771db6,c7dddaf301771db6,0,0
415,415,0,0000000,00,3,3,3,0000000000000000,0,0,3,70afe43db6052378,0,1,0000000000000000,c7dddaf301771db6,c7dddaf301771db6,0,0
416,416,0,0000000,00,3,3,3,0000000000000000,0,0,3,70afe43db6052378,0,1,0000000000000000,c7dddaf301771db6,c7dddaf301771db6,0,0
417,417,0,0000000,00,3,3,3,0000000000000000,0,0,3,70afe43db6052378,0,1,0000000000000000,c7dddaf301771db6,c7dddaf301771db6,0,0
418,418,0,0000000,00,3,3,3,0000000000000000,0,0,3,70afe43db6052378,0,1,0000000000000000,c7dddaf301771db6,c7dddaf301771db6,0,0
419,419,0,0000000,00,3,3,3,0000000000000000,0,0,3,70afe43db6052378,0,1,0000000000000000,c7dddaf301771db6,c7dddaf301771db6,0,0
420,420,0,0000000,00,3,3,3,0000000000000000,0,0,3,70afe43db6052378,0,1,0000000000000000,c7dddaf301771db6,c7dddaf301771db6,0,0
421,421,0,0000000,00,3,3,3,0000000000000000,0,0,3,70afe43db6052378,0,1,0000000000000000,c7dddaf301771db6,c7dddaf301771db6,0,0
422,422,0,0000000,00,3,3,3,0000000000000000,0,0,3,70afe43db6052378,0,1,0000000000000000,c7dddaf301771db6,c7dddaf301771db6,0,0
423,423,0,0000000,00,3,3,3,0000000000000000,0,0,3,70afe43db6052378,0,1,0000000000000000,c7dddaf301771db6,c7dddaf301771db6,0,0
424,424,0,0000000,00,3,3,3,0000000000000000,0,0,3,70afe43db6052378,0,1,0000000000000000,c7dddaf301771db6,c7dddaf301771db6,0,0
425,425,0,0000000,00,3,3,3,0000000000000000,0,0,3,70afe43db6052378,0,1,0000000000000000,c7dddaf301771db6,c7dddaf301771db6,0,0
426,426,0,0000000,00,3,3,3,0000000000000000,0,0,3,70afe43db6052378,0,1,0000000000000000,c7dddaf301771db6,c7dddaf301771db6,0,0
427,427,0,0000000,00,3,3,3,0000000000000000,0,0,3,70afe43db6052378,0,1,0000000000000000,c7dddaf301771db6,c7dddaf301771db6,0,0
428,428,0,0000000,00,3,3,3,0000000000000000,0,0,3,70afe43db6052378,0,1,0000000000000000,c7dddaf301771db6,c7dddaf301771db6,0,0
429,429,0,0000000,00,3,3,3,0000000000000000,0,0,3,70afe43db6052378,0,1,0000000000000000,c7dddaf301771db6,c7dddaf301771db6,0,0
430,430,0,0000000,00,3,3,3,0000000000000000,0,0,3,70afe43db6052378,0,1,0000000000000000,c7dddaf301771db6,c7dddaf301771db6,0,0
431,431,0,0000000,00,3,3,3,0000000000000000,0,0,3,70afe43db6052378,0,1,0000000000000000,c7dddaf301771db6,c7dddaf301771db6,0,0
432,432,0,0000000,00,3,3,3,0000000000000000,0,0,3,70afe43db6052378,0,1,0000000000000000,c7dddaf301771db6,c7dddaf301771db6,0,0
433,433,0,0000000,00,3,3,3,0000000000000000,0,0,3,70afe43db6052378,0,1,0000000000000000,c7dddaf301771db6,c7dddaf301771db6,0,0
434,434,0,0000000,00,3,3,3,0000000000000000,0,0,3,70afe43db6052378,0,1,0000000000000000,c7dddaf301771db6,c7dddaf301771db6,0,0
435,435,0,0000000,00,3,3,3,0000000000000000,0,0,3,70afe43db6052378,0,1,0000000000000000,c7dddaf301771db6,c7dddaf301771db6,0,0
436,436,0,0000000,00,3,3,3,0000000000000000,0,0,3,70afe43db6052378,0,1,0000000000000000,c7dddaf301771db6,c7dddaf301771db6,0,0
437,437,0,0000000,00,3,3,3,0000000000000000,0,0,3,70afe43db6052378,0,1,0000000000000000,c7dddaf301771db6,c7dddaf301771db6,0,0
438,438,0,0000000,00,3,3,3,0000000000000000,0,0,3,70afe43db6052378,0,1,0000000000000000,c7dddaf301771db6,c7dddaf301771db6,0,0
439,439,0,0000000,00,3,3,3,0000000000000000,0,0,3,70afe43db6052378,0,1,0000000000000000,c7dddaf301771db6,c7dddaf301771db6,0,0
440,440,0,0000000,00,3,3,3,0000000000000000,0,0,3,70afe43db6052378,0,1,0000000000000000,c7dddaf301771db6,c7dddaf301771db6,0,0
441,441,0,0000000,00,3,3,3,0000000000000000,0,0,3,70afe43db6052378,0,1,0000000000000000,c7dddaf301771db6,c7dddaf301771db6,0,0
442,442,0,0000000,00,3,3,3,0000000000000000,0,0,3,70afe43db6052378,0,1,0000000000000000,c7dddaf301771db6,c7dddaf301771db6,0,0
443,443,0,0000000,00,3,3,3,0000000000000000,0,0,3,70afe43db6052378,0,1,0000000000000000,c7dddaf301771db6,c7dddaf301771db6,0,0
444,444,0,0000000,00,3,3,3,0000000000000000,0,0,3,70afe43db6052378,0,1,0000000000000000,c7dddaf301771db6,c7dddaf301771db6,0,0
445,445,0,0000000,00,3,3,3,0000000000000000,0,0,3,70afe43db6052378,0,1,0000000000000000,c7dddaf301771db6,c7dddaf301771db6,0,0
446,446,0,0000000,00,3,3,3,0000000000000000,0,0,3,70afe43db6052378,0,1,0000000000000000,c7dddaf301771db6,c7dddaf301771db6,0,0
447,447,0,0000000,00,3,3,3,0000000000000000,0,0,3,70afe43db6052378,0,1,0000000000000000,c7dddaf301771db6,c7dddaf301771db6,0,0
448,448,0,0000000,00,3,3,3,0000000000000000,0,0,3,70afe43db6052378,0,1,0000000000000000,c7dddaf301771db6,c7dddaf301771db6,0,0
449,449,0,0000000,00,3,3,3,0000000000000000,0,0,3,70afe43db6052378,0,1,0000000000000000,c7dddaf301771db6,c7dddaf301771db6,0,0
450,450,0,0000000,00,3,3,3,0000000000000000,0,0,3,70afe43db6052378,0,1,0000000000000000,c7dddaf301771db6,c7dddaf301771db6,0,0
451,451,0,0000000,00,3,3,3,0000000000000000,0,0,3,70afe43db6052378,0,1,0000000000000000,c7dddaf301771db6,c7dddaf301771db6,0,0
452,452,0,0000000,00,3,3,3,0000000000000000,0,0,3,70afe43db6052378,0,1,0000000000000000,c7dddaf301771db6,c7dddaf301771db6,0,0
453,453,0,0000000,00,3,3,3,0000000000000000,0,0,3,70afe43db6052378,0,1,0000000000000000,c7dddaf301771db6,c7dddaf301771db6,0,0
454,454,0,0000000,00,3,3,3,0000000000000000,0,0,3,70afe43db6052378,0,1,0000000000000000,c7dddaf301771db6,c7dddaf301771db6,0,0
455,455,0,0000000,00,3,3,3,0000000000000000,0,0,3,70afe43db6052378,0,1,0000000000000000,c7dddaf301771db6,c7dddaf301771db6,0,0
456,456,0,0000000,00,3,3,3,0000000000000000,0,0,3,70afe43db6052378,0,1,0000000000000000,c7dddaf301771db6,c7dddaf301771db6,0,0
457,457,0,0000000,00,3,3,3,0000000000000000,0,0,3,70afe43db6052378,0,1,0000000000000000,c7dddaf301771db6,c7dddaf301771db6,0,0
458,458,0,0000000,00,3,3,3,0000000000000000,0,0,3,70afe43db6052378,0,1,0000000000000000,c7dddaf301771db6,c7dddaf301771db6,0,0
459,459,0,0000000,00,3,3,3,0000000000000000,0,0,3,70afe43db6052378,0,1,0000000000000000,c7dddaf301771db6,c7dddaf301771db6,0,0
460,460,0,0000000,00,3,3,3,0000000000000000,0,0,3,70afe43db6052378,0,1,0000000000000000,c7dddaf301771db6,c7dddaf301771db6,0,0
461,461,0,0000000,00,3,3,3,0000000000000000,0,0,3,70afe43db6052378,0,1,0000000000000000,c7dddaf301771db6,c7dddaf301771db6,0,0
462,462,0,0000000,00,3,3,3,0000000000000000,0,0,3,70afe43db6052378,0,1,0000000000000000,c7dddaf301771db6,c7dddaf301771db6,0,0
463,463,0,0000000,00,3,3,3,0000000000000000,0,0,3,70afe43db6052378,0,1,0000000000000000,c7dddaf301771db6,c7dddaf301771db6,0,0
464,464,0,0000000,00,3,3,3,0000000000000000,0,0,3,70afe43db6052378,0,1,0000000000000000,c7dddaf301771db6,c7dddaf301771db6,0,0
465,465,0,0000000,00,3,3,3,0000000000000000,0,0,3,70afe43db6052378,0,1,0000000000000000,c7dddaf301771db6,c7dddaf301771db6,0,0
466,466,0,0000000,00,3,3,3,0000000000000000,0,0,3,70afe43db6052378,0,1,0000000000000000,c7dddaf301771db6,c7dddaf301771db6,0,0
467,467,0,0000000,00,3,3,3,0000000000000000,0,0,3,70afe43db6052378,0,1,0000000000000000,c7dddaf301771db6,c7dddaf301771db6,0,0
468,468,0,0000000,00,3,3,3,0000000000000000,0,0,3,70afe43db6052378,0,1,0000000000000000,c7dddaf301771db6,c7dddaf301771db6,0,0
469,469,0,0000000,00,3,3,3,0000000000000000,0,0,3,70afe43db6052378,0,1,0000000000000000,c7dddaf301771db6,c7dddaf301771db6,0,0
470,470,0,0000000,00,3,3,3,0000000000000000,0,0,3,70afe43db6052378,0,1,0000000000000000,c7dddaf301771db6,c7dddaf301771db6,0,0
471,471,0,0000000,00,3,3,3,0000000000000000,0,0,3,70afe43db6052378,0,1,0000000000000000,c7dddaf301771db6,c7dddaf301771db6,0,0
472,472,0,0000000,00,3,3,3,0000000000000000,0,0,3,70afe43db6052378,0,1,0000000000000000,c7dddaf301771db6,c7dddaf301771db6,0,0
473,473,0,0000000,00,3,3,3,0000000000000000,0,0,3,70afe43db6052378,0,1,0000000000000000,c7dddaf301771db6,c7dddaf301771db6,0,0
474,474,0,0000000,00,3,3,3,0000000000000000,0,0,3,70afe43db6052378,0,1,0000000000000000,c7dddaf301771db6,c7dddaf301771db6,0,0
475,475,0,0000000,00,3,3,3,0000000000000000,0,0,3,70afe43db6052378,0,1,0000000000000000,c7dddaf301771db6,c7dddaf301771db6,0,0
476,476,0,0000000,00,3,3,3,0000000000000000,0,0,3,70afe43db6052378,0,1,0000000000000000,c7dddaf301771db6,c7dddaf301771db6,0,0
477,477,0,0000000,00,3,3,3,0000000000000000,0,0,3,70afe43db6052378,0,1,0000000000000000,c7dddaf301771db6,c7dddaf301771db6,0,0
478,478,0,0000000,00,3,3,3,0000000000000000,0,0,3,70afe43db6052378,0,1,0000000000000000,c7dddaf301771db6,c7dddaf301771db6,0,0
479,479,0,0000000,00,3,3,3,0000000000000000,0,0,3,70afe43db6052378,0,1,0000000000000000,c7dddaf301771db6,c7dddaf301771db6,0,0
480,480,0,0000000,00,3,3,3,0000000000000000,0,0,3,70afe43db6052378,0,1,0000000000000000,c7dddaf301771db6,c7dddaf301771db6,0,0
481,481,0,0000000,00,3,3,3,0000000000000000,0,0,3,70afe43db6052378,0,1,0000000000000000,c7dddaf301771db6,c7dddaf301771db6,0,0
482,482,0,0000000,00,3,3,3,0000000000000000,0,0,3,70afe43db6052378,0,1,0000000000000000,c7dddaf301771db6,c7dddaf301771db6,0,0
483,483,0,0000000,00,3,3,3,0000000000000000,0,0,3,70afe43db6052378,0,1,0000000000000000,c7dddaf301771db6,c7dddaf301771db6,0,0
484,484,0,0000000,00,3,3,3,0000000000000000,0,0,3,70afe43db6052378,0,1,0000000000000000,c7dddaf301771db6,c7dddaf301771db6,0,0
485,485,0,0000000,00,3,3,3,0000000000000000,0,0,3,70afe43db6052378,0,1,0000000000000000,c7dddaf301771db6,c7dddaf301771db6,0,0
486,486,0,0000000,00,3,3,3,0000000000000000,0,0,3,70afe43db6052378,0,1,0000000000000000,c7dddaf301771db6,c7dddaf301771db6,0,0
487,487,0,0000000,00,3,3,3,0000000000000000,0,0,3,70afe43db6052378,0,1,0000000000000000,c7dddaf301771db6,c7dddaf301771db6,0,0
488,488,0,0000000,00,3,3,3,0000000000000000,0,0,3,70afe43db6052378,0,1,0000000000000000,c7dddaf301771db6,c7dddaf301771db6,0,0
489,489,0,0000000,00,3,3,3,0000000000000000,0,0,3,70afe43db6052378,0,1,0000000000000000,c7dddaf301771db6,c7dddaf301771db6,0,0
490,490,0,0000000,00,3,3,3,0000000000000000,0,0,3,70afe43db6052378,0,1,0000000000000000,c7dddaf301771db6,c7dddaf301771db6,0,0
491,491,0,0000000,00,3,3,3,0000000000000000,0,0,3,70afe43db6052378,0,1,0000000000000000,c7dddaf301771db6,c7dddaf301771db6,0,0
492,492,0,0000000,00,3,3,3,0000000000000000,0,0,3,70afe43db6052378,0,1,0000000000000000,c7dddaf301771db6,c7dddaf301771db6,0,0
493,493,0,0000000,00,3,3,3,0000000000000000,0,0,3,70afe43db6052378,0,1,0000000000000000,c7dddaf301771db6,c7dddaf301771db6,0,0
494,494,0,0000000,00,3,3,3,0000000000000000,0,0,3,70afe43db6052378,0,1,0000000000000000,c7dddaf301771db6,c7dddaf301771db6,0,0
495,495,0,0000000,00,3,3,3,0000000000000000,0,0,3,70afe43db6052378,0,1,0000000000000000,c7dddaf301771db6,c7dddaf301771db6,0,0
496,496,0,0000000,00,3,3,3,0000000000000000,0,0,3,70afe43db6052378,0,1,0000000000000000,c7dddaf301771db6,c7dddaf301771db6,0,0
497,497,0,0000000,00,3,3,3,0000000000000000,0,0,3,70afe43db6052378,0,1,0000000000000000,c7dddaf301771db6,c7dddaf301771db6,0,0
498,498,0,0000000,00,3,3,3,0000000000000000,0,0,3,70afe43db6052378,0,1,0000000000000000,c7dddaf301771db6,c7dddaf301771db6,0,0
499,499,0,0000000,00,3,3,3,0000000000000000,0,0,3,70afe43db6052378,0,1,0000000000000000,c7dddaf301771db6,c7dddaf301771db6,0,0
500,500,0,0000000,00,3,3,3,0000000000000000,0,0,3,70afe43db6052378,0,1,0000000000000000,c7dddaf301771db6,c7dddaf301771db6,0,0
501,501,0,0000000,00,3,3,3,0000000000000000,0,0,3,70afe43db6052378,0,1,0000000000000000,c7dddaf301771db6,c7dddaf301771db6,0,0
502,502,0,0000000,00,3,3,3,0000000000000000,0,0,3,70afe43db6052378,0,1,0000000000000000,c7dddaf301771db6,c7dddaf301771db6,0,0
503,503,0,0000000,00,3,3,3,0000000000000000,0,0,3,70afe43db6052378,0,1,0000000000000000,c7dddaf301771db6,c7dddaf301771db6,0,0
504,504,0,0000000,00,3,3,3,0000000000000000,0,0,3,70afe43db6052378,0,1,0000000000000000,c7dddaf301771db6,c7dddaf301771db6,0,0
505,505,0,0000000,00,3,3,3,0000000000000000,0,0,3,70afe43db6052378,0,1,0000000000000000,c7dddaf301771db6,c7dddaf301771db6,0,0
506,506,0,0000000,00,3,3,3,0000000000000000,0,0,3,70afe43db6052378,0,1,0000000000000000,c7dddaf301771db6,c7dddaf301771db6,0,0
507,507,0,0000000,00,3,3,3,0000000000000000,0,0,3,70afe43db6052378,0,1,0000000000000000,c7dddaf301771db6,c7dddaf301771db6,0,0
508,508,0,0000000,00,3,3,3,0000000000000000,0,0,3,70afe43db6052378,0,1,0000000000000000,c7dddaf301771db6,c7dddaf301771db6,0,0
509,509,0,0000000,00,3,3,3,0000000000000000,0,0,3,70afe43db6052378,0,1,0000000000000000,c7dddaf301771db6,c7dddaf301771db6,0,0
510,510,0,0000000,00,3,3,3,0000000000000000,0,0,3,70afe43db6052378,0,1,0000000000000000,c7dddaf301771db6,c7dddaf301771db6,0,0
511,511,0,0000000,00,3,3,3,0000000000000000,0,0,3,70afe43db6052378,0,1,0000000000000000,c7dddaf301771db6,c7dddaf301771db6,0,0
512,512,0,0000000,00,3,3,3,0000000000000000,0,0,3,70afe43db6052378,0,1,0000000000000000,c7dddaf301771db6,c7dddaf301771db6,0,0
513,513,0,0000000,00,3,3,3,0000000000000000,0,0,3,70afe43db6052378,0,1,0000000000000000,c7dddaf301771db6,c7dddaf301771db6,0,0
514,514,0,0000000,00,3,3,3,0000000000000000,0,0,3,70afe43db6052378,0,1,0000000000000000,c7dddaf301771db6,c7dddaf301771db6,0,0
515,515,0,0000000,00,3,3,3,0000000000000000,0,0,3,70afe43db6052378,0,1,0000000000000000,c7dddaf301771db6,c7dddaf301771db6,0,0
516,516,0,0000000,00,3,3,3,0000000000000000,0,0,3,70afe43db6052378,0,1,0000000000000000,c7dddaf301771db6,c7dddaf301771db6,0,0
517,517,0,0000000,00,3,3,3,0000000000000000,0,0,3,70afe43db6052378,0,1,0000000000000000,c7dddaf301771db6,c7dddaf301771db6,0,0
518,518,0,0000000,00,3,3,3,0000000000000000,0,0,3,70afe43db6052378,0,1,0000000000000000,c7dddaf301771db6,c7dddaf301771db6,0,0
519,519,0,0000000,00,3,3,3,0000000000000000,0,0,3,70afe43db6052378,0,1,0000000000000000,c7dddaf301771db6,c7dddaf301771db6,0,0
520,520,0,0000000,00,2,2,2,0000000000000000,0,0,3,70afe43db6052378,0,1,0000000000000000,c7dddaf301771db6,c7dddaf301771db6,0,0
521,521,0,0000000,00,3,3,3,0000000000000000,0,0,3,70afe43db6052378,0,1,0000000000000000,c7dddaf301771db6,c7dddaf301771db6,0,0
522,522,0,0000000,00,3,3,3,0000000000000000,0,0,3,70afe43db6052378,0,1,0000000000000000,c7dddaf301771db6,c7dddaf301771db6,0,0
523,523,0,0000000,00,3,3,3,0000000000000000,0,0,3,70afe43db6052378,0,1,0000000000000000,c7dddaf301771db6,c7dddaf301771db6,0,0
524,524,0,0000000,00,3,3,3,0000000000000000,0,0,3,70afe43db6052378,0,1,0000000000000000,c7dddaf301771db6,c7dddaf301771db6,0,0
525,525,0,0000000,00,3,3,3,0000000000000000,0,0,3,70afe43db6052378,0,1,0000000000000000,c7dddaf301771db6,c7dddaf301771db6,0,0
526,526,0,0000000,00,3,3,3,0000000000000000,0,0,3,70afe43db6052378,0,1,0000000000000000,c7dddaf301771db6,c7dddaf301771db6,0,0
527,527,0,0000000,00,3,3,3,0000000000000000,0,0,3,70afe43db6052378,0,1,0000000000000000,c7dddaf301771db6,c7dddaf301771db6,0,0
528,528,0,0000000,00,3,3,3,0000000000000000,0,0,3,70afe43db6052378,0,1,0000000000000000,c7dddaf301771db6,c7dddaf301771db6,0,0
529,529,0,0000000,00,3,3,3,0000000000000000,0,0,3,70afe43db6052378,0,1,0000000000000000,c7dddaf301771db6,c7dddaf301771db6,0,0
530,530,0,0000000,00,3,3,3,0000000000000000,0,0,3,70afe43db6052378,0,1,0000000000000000,c7dddaf301771db6,c7dddaf301771db6,0,0
531,531,0,0000000,00,3,3,3,0000000000000000,0,0,3,70afe43db6052378,0,1,0000000000000000,c7dddaf301771db6,c7dddaf301771db6,0,0
532,532,0,0000000,00,3,3,3,0000000000000000,0,0,3,70afe43db6052378,0,1,0000000000000000,c7dddaf301771db6,c7dddaf301771db6,0,0
533,533,0,0000000,00,3,3,3,0000000000000000,0,0,3,70afe43db6052378,0,1,0000000000000000,c7dddaf301771db6,c7dddaf301771db6,0,0
534,534,0,0000000,00,3,3,3,0000000000000000,0,0,3,70afe43db6052378,0,1,0000000000000000,c7dddaf301771db6,c7dddaf301771db6,0,0
535,535,0,0000000,00,3,3,3,0000000000000000,0,0,3,70afe43db6052378,0,1,0000000000000000,c7dddaf301771db6,c7dddaf301771db6,0,0
536,536,0,0000000,00,3,3,3,0000000000000000,0,0,3,70afe43db6052378,0,1,0000000000000000,c7dddaf301771db6,c7dddaf301771db6,0,0
537,537,0,0000000,00,3,3,3,0000000000000000,0,0,3,70afe43db6052378,0,1,0000000000000000,c7dddaf301771db6,c7dddaf301771db6,0,0
538,538,0,0000000,00,3,3,3,0000000000000000,0,0,3,70afe43db6052378,0,1,0000000000000000,c7dddaf301771db6,c7dddaf301771db6,0,0
539,539,0,0000000,00,3,3,3,0000000000000000,0,0,3,70afe43db6052378,0,1,0000000000000000,c7dddaf301771db6,c7dddaf301771db6,0,0
540,540,0,0000000,00,3,3,3,0000000000000000,0,0,3,70afe43db6052378,0,1,0000000000000000,c7dddaf301771db6,c7dddaf301771db6,0,0
541,541,0,0000000,00,3,3,3,0000000000000000,0,0,3,70afe43db6052378,0,1,0000000000000000,c7dddaf301771db6,c7dddaf301771db6,0,0
542,542,0,0000000,00,3,3,3,0000000000000000,0,0,3,70afe43db6052378,0,1,0000000000000000,c7dddaf301771db6,c7dddaf301771db6,0,0
543,543,0,0000000,00,3,3,3,0000000000000000,0,0,3,70afe43db6052378,0,1,0000000000000000,c7dddaf301771db6,c7dddaf301771db6,0,0
544,544,0,0000000,00,3,3,3,0000000000000000,0,0,3,70afe43db6052378,0,1,0000000000000000,c7dddaf301771db6,c7dddaf301771db6,0,0
545,545,0,0000000,00,3,3,3,0000000000000000,0,0,3,70afe43db6052378,0,1,0000000000000000,c7dddaf301771db6,c7dddaf301771db6,0,0
546,546,0,0000000,00,3,3,3,0000000000000000,0,0,3,70afe43db6052378,0,1,0000000000000000,c7dddaf301771db6,c7dddaf301771db6,0,0
547,547,0,0000000,00,3,3,3,0000000000000000,0,0,3,70afe43db6052378,0,1,0000000000000000,c7dddaf301771db6,c7dddaf301771db6,0,0
548,548,0,0000000,00,3,3,3,0000000000000000,0,0,3,70afe43db6052378,0,1,0000000000000000,c7dddaf301771db6,c7dddaf301771db6,0,0
549,549,0,0000000,00,3,3,3,0000000000000000,0,0,3,70afe43db6052378,0,1,0000000000000000,c7dddaf301771db6,c7dddaf301771db6,0,0
550,550,0,0000000,00,3,3,3,0000000000000000,0,0,3,70afe43db6052378,0,1,0000000000000000,c7dddaf301771db6,c7dddaf301771db6,0,0
551,551,0,0000000,00,3,3,3,0000000000000000,0,0,3,70afe43db6052378,0,1,0000000000000000,c7dddaf301771db6,c7dddaf301771db6,0,0
552,552,0,0000000,00,3,3,3,0000000000000000,0,0,3,70afe43db6052378,0,1,0000000000000000,c7dddaf301771db6,c7dddaf301771db6,0,0
553,553,0,0000000,00,3,3,3,0000000000000000,0,0,3,70afe43db6052378,0,1,0000000000000000,c7dddaf301771db6,c7dddaf301771db6,0,0
554,554,0,0000000,00,3,3,3,0000000000000000,0,0,3,70afe43db6052378,0,1,0000000000000000,c7dddaf301771db6,c7dddaf301771db6,0,0
555,555,0,0000000,00,3,3,3,0000000000000000,0,0,3,70afe43db6052378,0,1,0000000000000000,c7dddaf301771db6,c7dddaf301771db6,0,0
556,556,0,0000000,00,3,3,3,0000000000000000,0,0,3,70afe43db6052378,0,1,0000000000000000,c7dddaf301771db6,c7dddaf301771db6,0,0
557,557,0,0000000,00,3,3,3,0000000000000000,0,0,3,70afe43db6052378,0,1,0000000000000000,c7dddaf301771db6,c7dddaf301771db6,0,0
558,558,0,0000000,00,3,3,3,0000000000000000,0,0,3,70afe43db6052378,0,1,0000000000000000,c7dddaf301771db6,c7dddaf301771db6,0,0
559,559,0,0000000,00,3,3,3,0000000000000000,0,0,3,70afe43db6052378,0,1,0000000000000000,c7dddaf301771db6,c7dddaf301771db6,0,0
560,560,0,0000000,00,3,3,3,0000000000000000,0,0,3,70afe43db6052378,0,1,0000000000000000,c7dddaf301771db6,c7dddaf301771db6,0,0
561,561,0,0000000,00,3,3,3,0000000000000000,0,0,3,70afe43db6052378,0,1,0000000000000000,c7dddaf301771db6,c7dddaf301771db6,0,0
562,562,0,0000000,00,3,3,3,0000000000000000,0,0,3,70afe43db6052378,0,1,0000000000000000,c7dddaf301771db6,c7dddaf301771db6,0,0
563,563,0,0000000,00,3,3,3,0000000000000000,0,0,3,70afe43db6052378,0,1,0000000000000000,c7dddaf301771db6,c7dddaf301771db6,0,0
564,564,0,0000000,00,3,3,3,0000000000000000,0,0,3,70afe43db6052378,0,1,0000000000000000,c7dddaf301771db6,c7dddaf301771db6,0,0
565,565,0,0000000,00,3,3,3,0000000000000000,0,0,3,70afe43db6052378,0,1,0000000000000000,c7dddaf301771db6,c7dddaf301771db6,0,0
566,566,0,0000000,00,3,3,3,0000000000000000,0,0,3,70afe43db6052378,0,1,0000000000000000,c7dddaf301771db6,c7dddaf301771db6,0,0
567,567,0,0000000,00,3,3,3,0000000000000000,0,0,3,70afe43db6052378,0,1,0000000000000000,c7dddaf301771db6,c7dddaf301771db6,0,0
568,568,0,0000000,00,3,3,3,0000000000000000,0,0,3,70afe43db6052378,0,1,0000000000000000,c7dddaf301771db6,c7dddaf301771db6,0,0
569,569,0,0000000,00,3,3,3,0000000000000000,0,0,3,70afe43db6052378,0,1,0000000000000000,c7dddaf301771db6,c7dddaf301771db6,0,0
570,570,0,0000000,00,3,3,3,0000000000000000,0,0,3,70afe43db6052378,0,1,0000000000000000,c7dddaf301771db6,c7dddaf301771db6,0,0
571,571,0,0000000,00,3,3,3,0000000000000000,0,0,3,70afe43db6052378,0,1,0000000000000000,c7dddaf301771db6,c7dddaf301771db6,0,0
572,572,0,0000000,00,3,3,3,0000000000000000,0,0,3,70afe43db6052378,0,1,0000000000000000,c7dddaf301771db6,c7dddaf301771db6,0,0
573,573,0,0000000,00,3,3,3,0000000000000000,0,0,3,70afe43db6052378,0,1,0000000000000000,c7dddaf301771db6,c7dddaf301771db6,0,0
574,574,0,0000000,00,3,3,3,0000000000000000,0,0,3,70afe43db6052378,0,1,0000000000000000,c7dddaf301771db6,c7dddaf301771db6,0,0
575,575,0,0000000,00,3,3,3,0000000000000000,0,0,3,70afe43db6052378,0,1,0000000000000000,c7dddaf301771db6,c7dddaf301771db6,0,0
576,576,0,0000000,00,3,3,3,0000000000000000,0,0,3,70afe43db6052378,0,1,0000000000000000,c7dddaf301771db6,c7dddaf301771db6,0,0
577,577,0,0000000,00,3,3,3,0000000000000000,0,0,3,70afe43db6052378,0,1,0000000000000000,c7dddaf301771db6,c7dddaf301771db6,0,0
578,578,0,0000000,00,3,3,3,0000000000000000,0,0,3,70afe43db6052378,0,1,0000000000000000,c7dddaf301771db6,c7dddaf301771db6,0,0
579,579,0,0000000,00,3,3,3,0000000000000000,0,0,3,70afe43db6052378,0,1,0000000000000000,c7dddaf301771db6,c7dddaf301771db6,0,0
580,580,0,0000000,00,3,3,3,0000000000000000,0,0,3,70afe43db6052378,0,1,0000000000000000,c7dddaf301771db6,c7dddaf301771db6,0,0
581,581,0,0000000,00,3,3,3,0000000000000000,0,0,3,70afe43db6052378,0,1,0000000000000000,c7dddaf301771db6,c7dddaf301771db6,0,0
582,582,0,0000000,00,3,3,3,0000000000000000,0,0,3,70afe43db6052378,0,1,0000000000000000,c7dddaf301771db6,c7dddaf301771db6,0,0
583,583,0,0000000,00,3,3,3,0000000000000000,0,0,3,70afe43db6052378,0,1,0000000000000000,c7dddaf301771db6,c7dddaf301771db6,0,0
584,584,0,0000000,00,3,3,3,0000000000000000,0,0,3,70afe43db6052378,0,1,0000000000000000,c7dddaf301771db6,c7dddaf301771db6,0,0
585,585,0,0000000,00,3,3,3,0000000000000000,0,0,3,70afe43db6052378,0,1,0000000000000000,c7dddaf301771db6,c7dddaf301771db6,0,0
586,586,0,0000000,00,3,3,3,0000000000000000,0,0,3,70afe43db6052378,0,1,0000000000000000,c7dddaf301771db6,c7dddaf301771db6,0,0
587,587,0,0000000,00,3,3,3,0000000000000000,0,0,3,70afe43db6052378,0,1,0000000000000000,c7dddaf301771db6,c7dddaf301771db6,0,0
588,588,0,0000000,00,3,3,3,0000000000000000,0,0,3,70afe43db6052378,0,1,0000000000000000,c7dddaf301771db6,c7dddaf301771db6,0,0
589,589,0,0000000,00,3,3,3,0000000000000000,0,0,3,70afe43db6052378,0,1,0000000000000000,c7dddaf301771db6,c7dddaf301771db6,0,0
590,590,0,0000000,00,3,3,3,0000000000000000,0,0,3,70afe43db6052378,0,1,0000000000000000,c7dddaf301771db6,c7dddaf301771db6,0,0
591,591,0,0000000,00,3,3,3,0000000000000000,0,0,3,70afe43db6052378,0,1,0000000000000000,c7dddaf301771db6,c7dddaf301771db6,0,0
592,592,0,0000000,00,3,3,3,0000000000000000,0,0,3,70afe43db6052378,0,1,0000000000000000,c7dddaf301771db6,c7dddaf301771db6,0,0
593,593,0,0000000,00,3,3,3,0000000000000000,0,0,3,70afe43db6052378,0,1,0000000000000000,c7dddaf301771db6,c7dddaf301771db6,0,0
594,594,0,0000000,00,3,3,3,0000000000000000,0,0,3,70afe43db6052378,0,1,0000000000000000,c7dddaf301771db6,c7dddaf301771db6,0,0
595,595,0,0000000,00,3,3,3,0000000000000000,0,0,3,70afe43db6052378,0,1,0000000000000000,c7dddaf301771db6,c7dddaf301771db6,0,0
596,596,0,0000000,00,3,3,3,0000000000000000,0,0,3,70afe43db6052378,0,1,0000000000000000,c7dddaf301771db6,c7dddaf301771db6,0,0
597,597,0,0000000,00,3,3,3,0000000000000000,0,0,3,70afe43db6052378,0,1,0000000000000000,c7dddaf301771db6,c7dddaf301771db6,0,0
598,598,0,0000000,00,3,3,3,0000000000000000,0,0,3,70afe43db6052378,0,1,0000000000000000,c7dddaf301771db6,c7dddaf301771db6,0,0
599,599,0,0000000,00,3,3,3,0000000000000000,0,0,3,70afe43db6052378,0,1,0000000000000000,c7dddaf301771db6,c7dddaf301771db6,0,0
600,600,0,0000000,00,3,3,3,0000000000000000,0,0,3,70afe43db6052378,0,1,0000000000000000,c7dddaf301771db6,c7dddaf301771db6,0,0
601,601,0,0000000,00,3,3,3,0000000000000000,0,0,3,70afe43db6052378,0,1,0000000000000000,c7dddaf301771db6,c7dddaf301771db6,0,0
602,602,0,0000000,00,3,3,3,0000000000000000,0,0,3,70afe43db6052378,0,1,0000000000000000,c7dddaf301771db6,c7dddaf301771db6,0,0
603,603,0,0000000,00,3,3,3,0000000000000000,0,0,3,70afe43db6052378,0,1,0000000000000000,c7dddaf301771db6,c7dddaf301771db6,0,0
604,604,0,0000000,00,3,3,3,0000000000000000,0,0,3,70afe43db6052378,0,1,0000000000000000,c7dddaf301771db6,c7dddaf301771db6,0,0
605,605,0,0000000,00,3,3,3,0000000000000000,0,0,3,70afe43db6052378,0,1,0000000000000000,c7dddaf301771db6,c7dddaf301771db6,0,0
606,606,0,0000000,00,3,3,3,0000000000000000,0,0,3,70afe43db6052378,0,1,0000000000000000,c7dddaf301771db6,c7dddaf301771db6,0,0
607,607,0,0000000,00,3,3,3,0000000000000000,0,0,3,70afe43db6052378,0,1,0000000000000000,c7dddaf301771db6,c7dddaf301771db6,0,0
608,608,0,0000000,00,3,3,3,0000000000000000,0,0,3,70afe43db6052378,0,1,0000000000000000,c7dddaf301771db6,c7dddaf301771db6,0,0
609,609,0,0000000,00,3,3,3,0000000000000000,0,0,3,70afe43db6052378,0,1,0000000000000000,c7dddaf301771db6,c7dddaf301771db6,0,0
610,610,0,0000000,00,3,3,3,0000000000000000,0,0,3,70afe43db6052378,0,1,0000000000000000,c7dddaf301771db6,c7dddaf301771db6,0,0
611,611,0,0000000,00,3,3,3,0000000000000000,0,0,3,70afe43db6052378,0,1,0000000000000000,c7dddaf301771db6,c7dddaf301771db6,0,0
612,612,0,0000000,00,3,3,3,0000000000000000,0,0,3,70afe43db6052378,0,1,0000000000000000,c7dddaf301771db6,c7dddaf301771db6,0,0
613,613,0,0000000,00,3,3,3,0000000000000000,0,0,3,70afe43db6052378,0,1,0000000000000000,c7dddaf301771db6,c7dddaf301771db6,0,0
614,614,0,0000000,00,3,3,3,0000000000000000,0,0,3,70afe43db6052378,0,1,0000000000000000,c7dddaf301771db6,c7dddaf301771db6,0,0
615,615,0,0000000,00,3,3,3,0000000000000000,0,0,3,70afe43db6052378,0,1,0000000000000000,c7dddaf301771db6,c7dddaf301771db6,0,0
616,616,0,0000000,00,3,3,3,0000000000000000,0,0,3,70afe43db6052378,0,1,0000000000000000,c7dddaf301771db6,c7dddaf301771db6,0,0
617,617,0,0000000,00,3,3,3,0000000000000000,0,0,3,70afe43db6052378,0,1,0000000000000000,c7dddaf301771db6,c7dddaf301771db6,0,0
618,618,0,0000000,00,3,3,3,0000000000000000,0,0,3,70afe43db6052378,0,1,0000000000000000,c7dddaf301771db6,c7dddaf301771db6,0,0
619,619,0,0000000,00,3,3,3,0000000000000000,0,0,3,70afe43db6052378,0,1,0000000000000000,c7dddaf301771db6,c7dddaf301771db6,0,0
620,620,0,0000000,00,3,3,3,0000000000000000,0,0,3,70afe43db6052378,0,1,0000000000000000,c7dddaf301771db6,c7dddaf301771db6,0,0
621,621,0,0000000,00,3,3,3,0000000000000000,0,0,3,70afe43db6052378,0,1,0000000000000000,c7dddaf301771db6,c7dddaf301771db6,0,0
622,622,0,0000000,00,3,3,3,0000000000000000,0,0,3,70afe43db6052378,0,1,0000000000000000,c7dddaf301771db6,c7dddaf301771db6,0,0
623,623,0,0000000,00,3,3,3,0000000000000000,0,0,3,70afe43db6052378,0,1,0000000000000000,c7dddaf301771db6,c7dddaf301771db6,0,0
624,624,0,0000000,00,3,3,3,0000000000000000,0,0,3,70afe43db6052378,0,1,0000000000000000,c7dddaf301771db6,c7dddaf301771db6,0,0
625,625,0,0000000,00,3,3,3,0000000000000000,0,0,3,70afe43db6052378,0,1,0000000000000000,c7dddaf301771db6,c7dddaf301771db6,0,0
626,626,0,0000000,00,3,3,3,0000000000000000,0,0,3,70afe43db6052378,0,1,0000000000000000,c7dddaf301771db6,c7dddaf301771db6,0,0
627,627,0,0000000,00,3,3,3,0000000000000000,0,0,3,70afe43db6052378,0,1,0000000000000000,c7dddaf301771db6,c7dddaf301771db6,0,0
628,628,0,0000000,00,3,3,3,0000000000000000,0,0,3,70afe43db6052378,0,1,0000000000000000,c7dddaf301771db6,c7dddaf301771db6,0,0
629,629,0,0000000,00,3,3,3,0000000000000000,0,0,3,70afe43db6052378,0,1,0000000000000000,c7dddaf301771db6,c7dddaf301771db6,0,0
630,630,0,0000000,00,3,3,3,0000000000000000,0,0,3,70afe43db6052378,0,1,0000000000000000,c7dddaf301771db6,c7dddaf301771db6,0,0
631,631,0,0000000,00,3,3,3,0000000000000000,0,0,3,70afe43db6052378,0,1,0000000000000000,c7dddaf301771db6,c7dddaf301771db6,0,0
632,632,0,0000000,00,3,3,3,0000000000000000,0,0,3,70afe43db6052378,0,1,0000000000000000,c7dddaf301771db6,c7dddaf301771db6,0,0
633,633,0,0000000,00,3,3,3,0000000000000000,0,0,3,70afe43db6052378,0,1,0000000000000000,c7dddaf301771db6,c7dddaf301771db6,0,0
634,634,0,0000000,00,3,3,3,0000000000000000,0,0,3,70afe43db6052378,0,1,0000000000000000,c7dddaf301771db6,c7dddaf301771db6,0,0
635,635,0,0000000,00,3,3,3,0000000000000000,0,0,3,70afe43db6052378,0,1,0000000000000000,c7dddaf301771db6,c7dddaf301771db6,0,0
636,636,0,0000000,00,3,3,3,0000000000000000,0,0,3,70afe43db6052378,0,1,0000000000000000,c7dddaf301771db6,c7dddaf301771db6,0,0
637,637,0,0000000,00,3,3,3,0000000000000000,0,0,3,70afe43db6052378,0,1,0000000000000000,c7dddaf301771db6,c7dddaf301771db6,0,0
638,638,0,0000000,00,3,3,3,0000000000000000,0,0,3,70afe43db6052378,0,1,0000000000000000,c7dddaf301771db6,c7dddaf301771db6,0,0
639,639,0,0000000,00,3,3,3,0000000000000000,0,0,3,70afe43db6052378,0,1,0000000000000000,c7dddaf301771db6,c7dddaf301771db6,0,0
640,640,0,0000000,00,3,3,3,0000000000000000,0,0,3,70afe43db6052378,0,1,0000000000000000,c7dddaf301771db6,c7dddaf301771db6,0,0
641,641,0,0000000,00,3,3,3,0000000000000000,0,0,3,70afe43db6052378,0,1,0000000000000000,c7dddaf301771db6,c7dddaf301771db6,0,0
642,642,0,0000000,00,3,3,3,0000000000000000,0,0,3,70afe43db6052378,0,1,0000000000000000,c7dddaf301771db6,c7dddaf301771db6,0,0
643,643,0,0000000,00,3,3,3,0000000000000000,0,0,3,70afe43db6052378,0,1,0000000000000000,c7dddaf301771db6,c7dddaf301771db6,0,0
644,644,0,0000000,00,3,3,3,0000000000000000,0,0,3,70afe43db6052378,0,1,0000000000000000,c7dddaf301771db6,c7dddaf301771db6,0,0
645,645,0,0000000,00,3,3,3,0000000000000000,0,0,3,70afe43db6052378,0,1,0000000000000000,c7dddaf301771db6,c7dddaf301771db6,0,0
646,646,0,0000000,00,3,3,3,0000000000000000,0,0,3,70afe43db6052378,0,1,0000000000000000,c7dddaf301771db6,c7dddaf301771db6,0,0
647,647,0,0000000,00,3,3,3,0000000000000000,0,0,3,70afe43db6052378,0,1,0000000000000000,c7dddaf301771db6,c7dddaf301771db6,0,0
648,648,0,0000000,00,3,3,3,0000000000000000,0,0,3,70afe43db6052378,0,1,0000000000000000,c7dddaf301771db6,c7dddaf301771db6,0,0
649,649,0,0000000,00,3,3,3,0000000000000000,0,0,3,70afe43db6052378,0,1,0000000000000000,c7dddaf301771db6,c7dddaf301771db6,0,0
650,650,0,0000000,00,3,3,3,0000000000000000,0,0,3,70afe43db6052378,0,1,0000000000000000,c7dddaf301771db6,c7dddaf301771db6,0,0
651,651,0,0000000,00,3,3,3,0000000000000000,0,0,3,70afe43db6052378,0,1,0000000000000000,c7dddaf301771db6,c7dddaf301771db6,0,0
652,652,0,0000000,00,3,3,3,0000000000000000,0,0,3,70afe43db6052378,0,1,0000000000000000,c7dddaf301771db6,c7dddaf301771db6,0,0
653,653,0,0000000,00,3,3,3,0000000000000000,0,0,3,70afe43db6052378,0,1,0000000000000000,c7dddaf301771db6,c7dddaf301771db6,0,0
654,654,0,0000000,00,3,3,3,0000000000000000,0,0,3,70afe43db6052378,0,1,0000000000000000,c7dddaf301771db6,c7dddaf301771db6,0,0
655,655,0,0000000,00,3,3,3,0000000000000000,0,0,3,70afe43db6052378,0,1,0000000000000000,c7dddaf301771db6,c7dddaf301771db6,0,0
656,656,0,0000000,00,3,3,3,0000000000000000,0,0,3,70afe43db6052378,0,1,0000000000000000,c7dddaf301771db6,c7dddaf301771db6,0,0
657,657,0,0000000,00,3,3,3,0000000000000000,0,0,3,70afe43db6052378,0,1,0000000000000000,c7dddaf301771db6,c7dddaf301771db6,0,0
658,658,0,0000000,00,3,3,3,0000000000000000,0,0,3,70afe43db6052378,0,1,0000000000000000,c7dddaf301771db6,c7dddaf301771db6,0,0
659,659,0,0000000,00,3,3,3,0000000000000000,0,0,3,70afe43db6052378,0,1,0000000000000000,c7dddaf301771db6,c7dddaf301771db6,0,0
660,660,0,0000000,00,3,3,3,0000000000000000,0,0,3,70afe43db6052378,0,1,0000000000000000,c7dddaf301771db6,c7dddaf301771db6,0,0
661,661,0,0000000,00,3,3,3,0000000000000000,0,0,3,70afe43db6052378,0,1,0000000000000000,c7dddaf301771db6,c7dddaf301771db6,0,0
662,662,0,0000000,00,3,3,3,0000000000000000,0,0,3,70afe43db6052378,0,1,0000000000000000,c7dddaf301771db6,c7dddaf301771db6,0,0
663,663,0,0000000,00,3,3,3,0000000000000000,0,0,3,70afe43db6052378,0,1,0000000000000000,c7dddaf301771db6,c7dddaf301771db6,0,0
664,664,0,0000000,00,3,3,3,0000000000000000,0,0,3,70afe43db6052378,0,1,0000000000000000,c7dddaf301771db6,c7dddaf301771db6,0,0
665,665,0,0000000,00,3,3,3,0000000000000000,0,0,3,70afe43db6052378,0,1,0000000000000000,c7dddaf301771db6,c7dddaf301771db6,0,0
666,666,0,0000000,00,3,3,3,0000000000000000,0,0,3,70afe43db6052378,0,1,0000000000000000,c7dddaf301771db6,c7dddaf301771db6,0,0
667,667,0,0000000,00,3,3,3,0000000000000000,0,0,3,70afe43db6052378,0,1,0000000000000000,c7dddaf301771db6,c7dddaf301771db6,0,0
668,668,0,0000000,00,3,3,3,0000000000000000,0,0,3,70afe43db6052378,0,1,0000000000000000,c7dddaf301771db6,c7dddaf301771db6,0,0
669,669,0,0000000,00,3,3,3,0000000000000000,0,0,3,70afe43db6052378,0,1,0000000000000000,c7dddaf301771db6,c7dddaf301771db6,0,0
670,670,0,0000000,00,3,3,3,0000000000000000,0,0,3,70afe43db6052378,0,1,0000000000000000,c7dddaf301771db6,c7dddaf301771db6,0,0
671,671,0,0000000,00,3,3,3,0000000000000000,0,0,3,70afe43db6052378,0,1,0000000000000000,c7dddaf301771db6,c7dddaf301771db6,0,0
672,672,0,0000000,00,3,3,3,0000000000000000,0,0,3,70afe43db6052378,0,1,0000000000000000,c7dddaf301771db6,c7dddaf301771db6,0,0
673,673,0,0000000,00,3,3,3,0000000000000000,0,0,3,70afe43db6052378,0,1,0000000000000000,c7dddaf301771db6,c7dddaf301771db6,0,0
674,674,0,0000000,00,3,3,3,0000000000000000,0,0,3,70afe43db6052378,0,1,0000000000000000,c7dddaf301771db6,c7dddaf301771db6,0,0
675,675,0,0000000,00,3,3,3,0000000000000000,0,0,3,70afe43db6052378,0,1,0000000000000000,c7dddaf301771db6,c7dddaf301771db6,0,0
676,676,0,0000000,00,3,3,3,0000000000000000,0,0,3,70afe43db6052378,0,1,0000000000000000,c7dddaf301771db6,c7dddaf301771db6,0,0
677,677,0,0000000,00,3,3,3,0000000000000000,0,0,3,70afe43db6052378,0,1,0000000000000000,c7dddaf301771db6,c7dddaf301771db6,0,0
678,678,0,0000000,00,3,3,3,0000000000000000,0,0,3,70afe43db6052378,0,1,0000000000000000,c7dddaf301771db6,c7dddaf301771db6,0,0
679,679,0,0000000,00,3,3,3,0000000000000000,0,0,3,70afe43db6052378,0,1,0000000000000000,c7dddaf301771db6,c7dddaf301771db6,0,0
680,680,0,0000000,00,3,3,3,0000000000000000,0,0,3,70afe43db6052378,0,1,0000000000000000,c7dddaf301771db6,c7dddaf301771db6,0,0
681,681,0,0000000,00,3,3,3,0000000000000000,0,0,3,70afe43db6052378,0,1,0000000000000000,c7dddaf301771db6,c7dddaf301771db6,0,0
682,682,0,0000000,00,3,3,3,0000000000000000,0,0,3,70afe43db6052378,0,1,0000000000000000,c7dddaf301771db6,c7dddaf301771db6,0,0
683,683,0,0000000,00,3,3,3,0000000000000000,0,0,3,70afe43db6052378,0,1,0000000000000000,c7dddaf301771db6,c7dddaf301771db6,0,0
684,684,0,0000000,00,3,3,3,0000000000000000,0,0,3,70afe43db6052378,0,1,0000000000000000,c7dddaf301771db6,c7dddaf301771db6,0,0
685,685,0,0000000,00,3,3,3,0000000000000000,0,0,3,70afe43db6052378,0,1,0000000000000000,c7dddaf301771db6,c7dddaf301771db6,0,0
686,686,0,0000000,00,3,3,3,0000000000000000,0,0,3,70afe43db6052378,0,1,0000000000000000,c7dddaf301771db6,c7dddaf301771db6,0,0
687,687,0,0000000,00,3,3,3,0000000000000000,0,0,3,70afe43db6052378,0,1,0000000000000000,c7dddaf301771db6,c7dddaf301771db6,0,0
688,688,0,0000000,00,3,3,3,0000000000000000,0,0,3,70afe43db6052378,0,1,0000000000000000,c7dddaf301771db6,c7dddaf301771db6,0,0
689,689,0,0000000,00,3,3,3,0000000000000000,0,0,3,70afe43db6052378,0,1,0000000000000000,c7dddaf301771db6,c7dddaf301771db6,0,0
690,690,0,0000000,00,3,3,3,0000000000000000,0,0,3,70afe43db6052378,0,1,0000000000000000,c7dddaf301771db6,c7dddaf301771db6,0,0
691,691,0,0000000,00,3,3,3,0000000000000000,0,0,3,70afe43db6052378,0,1,0000000000000000,c7dddaf301771db6,c7dddaf301771db6,0,0
692,692,0,0000000,00,3,3,3,0000000000000000,0,0,3,70afe43db6052378,0,1,0000000000000000,c7dddaf301771db6,c7dddaf301771db6,0,0
693,693,0,0000000,00,3,3,3,0000000000000000,0,0,3,70afe43db6052378,0,1,0000000000000000,c7dddaf301771db6,c7dddaf301771db6,0,0
694,694,0,0000000,00,3,3,3,0000000000000000,0,0,3,70afe43db6052378,0,1,0000000000000000,c7dddaf301771db6,c7dddaf301771db6,0,0
695,695,0,0000000,00,3,3,3,0000000000000000,0,0,3,70afe43db6052378,0,1,0000000000000000,c7dddaf301771db6,c7dddaf301771db6,0,0
696,696,0,0000000,00,3,3,3,0000000000000000,0,0,3,70afe43db6052378,0,1,0000000000000000,c7dddaf301771db6,c7dddaf301771db6,0,0
697,697,0,0000000,00,3,3,3,0000000000000000,0,0,3,70afe43db6052378,0,1,0000000000000000,c7dddaf301771db6,c7dddaf301771db6,0,0
698,698,0,0000000,00,3,3,3,0000000000000000,0,0,3,70afe43db6052378,0,1,0000000000000000,c7dddaf301771db6,c7dddaf301771db6,0,0
699,699,0,0000000,00,3,3,3,0000000000000000,0,0,3,70afe43db6052378,0,1,0000000000000000,c7dddaf301771db6,c7dddaf301771db6,0,0
700,700,0,0000000,00,3,3,3,0000000000000000,0,0,3,70afe43db6052378,0,1,0000000000000000,c7dddaf301771db6,c7dddaf301771db6,0,0
701,701,0,0000000,00,3,3,3,0000000000000000,0,0,3,70afe43db6052378,0,1,0000000000000000,c7dddaf301771db6,c7dddaf301771db6,0,0
702,702,0,0000000,00,3,3,3,0000000000000000,0,0,3,70afe43db6052378,0,1,0000000000000000,c7dddaf301771db6,c7dddaf301771db6,0,0
703,703,0,0000000,00,3,3,3,0000000000000000,0,0,3,70afe43db6052378,0,1,0000000000000000,c7dddaf301771db6,c7dddaf301771db6,0,0
704,704,0,0000000,00,3,3,3,0000000000000000,0,0,3,70afe43db6052378,0,1,0000000000000000,c7dddaf301771db6,c7dddaf301771db6,0,0
705,705,0,0000000,00,3,3,3,0000000000000000,0,0,3,70afe43db6052378,0,1,0000000000000000,c7dddaf301771db6,c7dddaf301771db6,0,0
706,706,0,0000000,00,3,3,3,0000000000000000,0,0,3,70afe43db6052378,0,1,0000000000000000,c7dddaf301771db6,c7dddaf301771db6,0,0
707,707,0,0000000,00,3,3,3,0000000000000000,0,0,3,70afe43db6052378,0,1,0000000000000000,c7dddaf301771db6,c7dddaf301771db6,0,0
708,708,0,0000000,00,3,3,3,0000000000000000,0,0,3,70afe43db6052378,0,1,0000000000000000,c7dddaf301771db6,c7dddaf301771db6,0,0
709,709,0,0000000,00,3,3,3,0000000000000000,0,0,3,70afe43db6052378,0,1,0000000000000000,c7dddaf301771db6,c7dddaf301771db6,0,0
710,710,0,0000000,00,3,3,3,0000000000000000,0,0,3,70afe43db6052378,0,1,0000000000000000,c7dddaf301771db6,c7dddaf301771db6,0,0
711,711,0,0000000,00,3,3,3,0000000000000000,0,0,3,70afe43db6052378,0,1,0000000000000000,c7dddaf301771db6,c7dddaf301771db6,0,0
712,712,0,0000000,00,3,3,3,0000000000000000,0,0,3,70afe43db6052378,0,1,0000000000000000,c7dddaf301771db6,c7dddaf301771db6,0,0
713,713,0,0000000,00,3,3,3,0000000000000000,0,0,3,70afe43db6052378,0,1,0000000000000000,c7dddaf301771db6,c7dddaf301771db6,0,0
714,714,0,0000000,00,3,3,3,0000000000000000,0,0,3,70afe43db6052378,0,1,0000000000000000,c7dddaf301771db6,c7dddaf301771db6,0,0
715,715,0,0000000,00,3,3,3,0000000000000000,0,0,3,70afe43db6052378,0,1,0000000000000000,c7dddaf301771db6,c7dddaf301771db6,0,0
716,716,0,0000000,00,3,3,3,0000000000000000,0,0,3,70afe43db6052378,0,1,0000000000000000,c7dddaf301771db6,c7dddaf301771db6,0,0
717,717,0,0000000,00,3,3,3,0000000000000000,0,0,3,70afe43db6052378,0,1,0000000000000000,c7dddaf301771db6,c7dddaf301771db6,0,0
718,718,0,0000000,00,3,3,3,0000000000000000,0,0,3,70afe43db6052378,0,1,0000000000000000,c7dddaf301771db6,c7dddaf301771db6,0,0
719,719,0,0000000,00,3,3,3,0000000000000000,0,0,3,70afe43db6052378,0,1,0000000000000000,c7dddaf301771db6,c7dddaf301771db6,0,0
720,720,0,0000000,00,3,3,3,0000000000000000,0,0,3,70afe43db6052378,0,1,0000000000000000,c7dddaf301771db6,c7dddaf301771db6,0,0
721,721,0,0000000,00,3,3,3,0000000000000000,0,0,3,70afe43db6052378,0,1,0000000000000000,c7dddaf301771db6,c7dddaf301771db6,0,0
722,722,0,0000000,00,3,3,3,0000000000000000,0,0,3,70afe43db6052378,0,1,0000000000000000,c7dddaf301771db6,c7dddaf301771db6,0,0
723,723,0,0000000,00,3,3,3,0000000000000000,0,0,3,70afe43db6052378,0,1,0000000000000000,c7dddaf301771db6,c7dddaf301771db6,0,0
724,724,0,0000000,00,3,3,3,0000000000000000,0,0,3,70afe43db6052378,0,1,0000000000000000,c7dddaf301771db6,c7dddaf301771db6,0,0
725,725,0,0000000,00,3,3,3,0000000000000000,0,0,3,70afe43db6052378,0,1,0000000000000000,c7dddaf301771db6,c7dddaf301771db6,0,0
726,726,0,0000000,00,3,3,3,0000000000000000,0,0,3,70afe43db6052378,0,1,0000000000000000,c7dddaf301771db6,c7dddaf301771db6,0,0
727,727,0,0000000,00,3,3,3,0000000000000000,0,0,3,70afe43db6052378,0,1,0000000000000000,c7dddaf301771db6,c7dddaf301771db6,0,0
728,728,0,0000000,00,3,3,3,0000000000000000,0,0,3,70afe43db6052378,0,1,0000000000000000,c7dddaf301771db6,c7dddaf301771db6,0,0
729,729,0,0000000,00,3,3,3,0000000000000000,0,0,3,70afe43db6052378,0,1,0000000000000000,c7dddaf301771db6,c7dddaf301771db6,0,0
730,730,0,0000000,00,3,3,3,0000000000000000,0,0,3,70afe43db6052378,0,1,0000000000000000,c7dddaf301771db6,c7dddaf301771db6,0,0
731,731,0,0000000,00,3,3,3,0000000000000000,0,0,3,70afe43db6052378,0,1,0000000000000000,c7dddaf301771db6,c7dddaf301771db6,0,0
732,732,0,0000000,00,3,3,3,0000000000000000,0,0,3,70afe43db6052378,0,1,0000000000000000,c7dddaf301771db6,c7dddaf301771db6,0,0
733,733,0,0000000,00,3,3,3,0000000000000000,0,0,3,70afe43db6052378,0,1,0000000000000000,c7dddaf301771db6,c7dddaf301771db6,0,0
734,734,0,0000000,00,3,3,3,0000000000000000,0,0,3,70afe43db6052378,0,1,0000000000000000,c7dddaf301771db6,c7dddaf301771db6,0,0
735,735,0,0000000,00,3,3,3,0000000000000000,0,0,3,70afe43db6052378,0,1,0000000000000000,c7dddaf301771db6,c7dddaf301771db6,0,0
736,736,0,0000000,00,3,3,3,0000000000000000,0,0,3,70afe43db6052378,0,1,0000000000000000,c7dddaf301771db6,c7dddaf301771db6,0,0
737,737,0,0000000,00,3,3,3,0000000000000000,0,0,3,70afe43db6052378,0,1,0000000000000000,c7dddaf301771db6,c7dddaf301771db6,0,0
738,738,0,0000000,00,3,3,3,0000000000000000,0,0,3,70afe43db6052378,0,1,0000000000000000,c7dddaf301771db6,c7dddaf301771db6,0,0
739,739,0,0000000,00,3,3,3,0000000000000000,0,0,3,70afe43db6052378,0,1,0000000000000000,c7dddaf301771db6,c7dddaf301771db6,0,0
740,740,0,0000000,00,3,3,3,0000000000000000,0,0,3,70afe43db6052378,0,1,0000000000000000,c7dddaf301771db6,c7dddaf301771db6,0,0
741,741,0,0000000,00,3,3,3,0000000000000000,0,0,3,70afe43db6052378,0,1,0000000000000000,c7dddaf301771db6,c7dddaf301771db6,0,0
742,742,0,0000000,00,3,3,3,0000000000000000,0,0,3,70afe43db6052378,0,1,0000000000000000,c7dddaf301771db6,c7dddaf301771db6,0,0
743,743,0,0000000,00,3,3,3,0000000000000000,0,0,3,70afe43db6052378,0,1,0000000000000000,c7dddaf301771db6,c7dddaf301771db6,0,0
744,744,0,0000000,00,3,3,3,0000000000000000,0,0,3,70afe43db6052378,0,1,0000000000000000,c7dddaf301771db6,c7dddaf301771db6,0,0
745,745,0,0000000,00,3,3,3,0000000000000000,0,0,3,70afe43db6052378,0,1,0000000000000000,c7dddaf301771db6,c7dddaf301771db6,0,0
746,746,0,0000000,00,3,3,3,0000000000000000,0,0,3,70afe43db6052378,0,1,0000000000000000,c7dddaf301771db6,c7dddaf301771db6,0,0
747,747,0,0000000,00,3,3,3,0000000000000000,0,0,3,70afe43db6052378,0,1,0000000000000000,c7dddaf301771db6,c7dddaf301771db6,0,0
748,748,0,0000000,00,3,3,3,0000000000000000,0,0,3,70afe43db6052378,0,1,0000000000000000,c7dddaf301771db6,c7dddaf301771db6,0,0
749,749,0,0000000,00,3,3,3,0000000000000000,0,0,3,70afe43db6052378,0,1,0000000000000000,c7dddaf301771db6,c7dddaf301771db6,0,0
750,750,0,0000000,00,3,3,3,0000000000000000,0,0,3,70afe43db6052378,0,1,0000000000000000,c7dddaf301771db6,c7dddaf301771db6,0,0
751,751,0,0000000,00,3,3,3,0000000000000000,0,0,3,70afe43db6052378,0,1,0000000000000000,c7dddaf301771db6,c7dddaf301771db6,0,0
752,752,0,0000000,00,3,3,3,0000000000000000,0,0,3,70afe43db6052378,0,1,0000000000000000,c7dddaf301771db6,c7dddaf301771db6,0,0
753,753,0,0000000,00,3,3,3,0000000000000000,0,0,3,70afe43db6052378,0,1,0000000000000000,c7dddaf301771db6,c7dddaf301771db6,0,0
754,754,0,0000000,00,3,3,3,0000000000000000,0,0,3,70afe43db6052378,0,1,0000000000000000,c7dddaf301771db6,c7dddaf301771db6,0,0
755,755,0,0000000,00,3,3,3,0000000000000000,0,0,3,70afe43db6052378,0,1,0000000000000000,c7dddaf301771db6,c7dddaf301771db6,0,0
756,756,0,0000000,00,3,3,3,0000000000000000,0,0,3,70afe43db6052378,0,1,0000000000000000,c7dddaf301771db6,c7dddaf301771db6,0,0
757,757,0,0000000,00,3,3,3,0000000000000000,0,0,3,70afe43db6052378,0,1,0000000000000000,c7dddaf301771db6,c7dddaf301771db6,0,0
758,758,0,0000000,00,3,3,3,0000000000000000,0,0,3,70afe43db6052378,0,1,0000000000000000,c7dddaf301771db6,c7dddaf301771db6,0,0
759,759,0,0000000,00,3,3,3,0000000000000000,0,0,3,70afe43db6052378,0,1,0000000000000000,c7dddaf301771db6,c7dddaf301771db6,0,0
760,760,0,0000000,00,3,3,3,0000000000000000,0,0,3,70afe43db6052378,0,1,0000000000000000,c7dddaf301771db6,c7dddaf301771db6,0,0
761,761,0,0000000,00,3,3,3,0000000000000000,0,0,3,70afe43db6052378,0,1,0000000000000000,c7dddaf301771db6,c7dddaf301771db6,0,0
762,762,0,0000000,00,3,3,3,0000000000000000,0,0,3,70afe43db6052378,0,1,0000000000000000,c7dddaf301771db6,c7dddaf301771db6,0,0
763,763,0,0000000,00,3,3,3,0000000000000000,0,0,3,70afe43db6052378,0,1,0000000000000000,c7dddaf301771db6,c7dddaf301771db6,0,0
764,764,0,0000000,00,3,3,3,0000000000000000,0,0,3,70afe43db6052378,0,1,0000000000000000,c7dddaf301771db6,c7dddaf301771db6,0,0
765,765,0,0000000,00,3,3,3,0000000000000000,0,0,3,70afe43db6052378,0,1,0000000000000000,c7dddaf301771db6,c7dddaf301771db6,0,0
766,766,0,0000000,00,3,3,3,0000000000000000,0,0,3,70afe43db6052378,0,1,0000000000000000,c7dddaf301771db6,c7dddaf301771db6,0,0
767,767,0,0000000,00,3,3,3,0000000000000000,0,0,3,70afe43db6052378,0,1,0000000000000000,c7dddaf301771db6,c7dddaf301771db6,0,0
768,768,0,0000000,00,3,3,3,0000000000000000,0,0,3,70afe43db6052378,0,1,0000000000000000,c7dddaf301771db6,c7dddaf301771db6,0,0
769,769,0,0000000,00,3,3,3,0000000000000000,0,0,3,70afe43db6052378,0,1,0000000000000000,c7dddaf301771db6,c7dddaf301771db6,0,0
770,770,0,0000000,00,3,3,3,0000000000000000,0,0,3,70afe43db6052378,0,1,0000000000000000,c7dddaf301771db6,c7dddaf301771db6,0,0
771,771,0,0000000,00,3,3,3,0000000000000000,0,0,3,70afe43db6052378,0,1,0000000000000000,c7dddaf301771db6,c7dddaf301771db6,0,0
772,772,0,0000000,00,3,3,3,0000000000000000,0,0,3,70afe43db6052378,0,1,0000000000000000,c7dddaf301771db6,c7dddaf301771db6,0,0
773,773,0,0000000,00,3,3,3,0000000000000000,0,0,3,70afe43db6052378,0,1,0000000000000000,c7dddaf301771db6,c7dddaf301771db6,0,0
774,774,0,0000000,00,3,3,3,0000000000000000,0,0,3,70afe43db6052378,0,1,0000000000000000,c7dddaf301771db6,c7dddaf301771db6,0,0
775,775,0,0000000,00,3,3,3,0000000000000000,0,0,3,70afe43db6052378,0,1,0000000000000000,c7dddaf301771db6,c7dddaf301771db6,0,0
776,776,0,0000000,00,3,3,3,0000000000000000,0,0,3,70afe43db6052378,0,1,0000000000000000,c7dddaf301771db6,c7dddaf301771db6,0,0
777,777,0,0000000,00,3,3,3,0000000000000000,0,0,3,70afe43db6052378,0,1,0000000000000000,c7dddaf301771db6,c7dddaf301771db6,0,0
778,778,0,0000000,00,3,3,3,0000000000000000,0,0,3,70afe43db6052378,0,1,0000000000000000,c7dddaf301771db6,c7dddaf301771db6,0,0
779,779,0,0000000,00,3,3,3,0000000000000000,0,0,3,70afe43db6052378,0,1,0000000000000000,c7dddaf301771db6,c7dddaf301771db6,0,0
780,780,0,0000000,00,3,3,3,0000000000000000,0,0,3,70afe43db6052378,0,1,0000000000000000,c7dddaf301771db6,c7dddaf301771db6,0,0
781,781,0,0000000,00,3,3,3,0000000000000000,0,0,3,70afe43db6052378,0,1,0000000000000000,c7dddaf301771db6,c7dddaf301771db6,0,0
782,782,0,0000000,00,3,3,3,0000000000000000,0,0,3,70afe43db6052378,0,1,0000000000000000,c7dddaf301771db6,c7dddaf301771db6,0,0
783,783,0,0000000,00,3,3,3,0000000000000000,0,0,3,70afe43db6052378,0,1,0000000000000000,c7dddaf301771db6,c7dddaf301771db6,0,0
784,784,0,0000000,00,3,3,3,0000000000000000,0,0,3,70afe43db6052378,0,1,0000000000000000,c7dddaf301771db6,c7dddaf301771db6,0,0
785,785,0,0000000,00,3,3,3,0000000000000000,0,0,3,70afe43db6052378,0,1,0000000000000000,c7dddaf301771db6,c7dddaf301771db6,0,0
786,786,0,0000000,00,3,3,3,0000000000000000,0,0,3,70afe43db6052378,0,1,0000000000000000,c7dddaf301771db6,c7dddaf301771db6,0,0
787,787,0,0000000,00,3,3,3,0000000000000000,0,0,3,70afe43db6052378,0,1,0000000000000000,c7dddaf301771db6,c7dddaf301771db6,0,0
788,788,0,0000000,00,3,3,3,0000000000000000,0,0,3,70afe43db6052378,0,1,0000000000000000,c7dddaf301771db6,c7dddaf301771db6,0,0
789,789,0,0000000,00,3,3,3,0000000000000000,0,0,3,70afe43db6052378,0,1,0000000000000000,c7dddaf301771db6,c7dddaf301771db6,0,0
790,790,0,0000000,00,3,3,3,0000000000000000,0,0,3,70afe43db6052378,0,1,0000000000000000,c7dddaf301771db6,c7dddaf301771db6,0,0
791,791,0,0000000,00,3,3,3,0000000000000000,0,0,3,70afe43db6052378,0,1,0000000000000000,c7dddaf301771db6,c7dddaf301771db6,0,0
792,792,0,0000000,00,3,3,3,0000000000000000,0,0,3,70afe43db6052378,0,1,0000000000000000,c7dddaf301771db6,c7dddaf301771db6,0,0
793,793,0,0000000,00,3,3,3,0000000000000000,0,0,3,70afe43db6052378,0,1,0000000000000000,c7dddaf301771db6,c7dddaf301771db6,0,0
794,794,0,0000000,00,3,3,3,0000000000000000,0,0,3,70afe43db6052378,0,1,0000000000000000,c7dddaf301771db6,c7dddaf301771db6,0,0
795,795,0,0000000,00,3,3,3,0000000000000000,0,0,3,70afe43db6052378,0,1,0000000000000000,c7dddaf301771db6,c7dddaf301771db6,0,0
796,796,0,0000000,00,3,3,3,0000000000000000,0,0,3,70afe43db6052378,0,1,0000000000000000,c7dddaf301771db6,c7dddaf301771db6,0,0
797,797,0,0000000,00,3,3,3,0000000000000000,0,0,3,70afe43db6052378,0,1,0000000000000000,c7dddaf301771db6,c7dddaf301771db6,0,0
798,798,0,0000000,00,3,3,3,0000000000000000,0,0,3,70afe43db6052378,0,1,0000000000000000,c7dddaf301771db6,c7dddaf301771db6,0,0
799,799,0,0000000,00,3,3,3,0000000000000000,0,0,3,70afe43db6052378,0,1,0000000000000000,c7dddaf301771db6,c7dddaf301771db6,0,0
800,800,0,0000000,00,3,3,3,0000000000000000,0,0,3,70afe43db6052378,0,1,0000000000000000,c7dddaf301771db6,c7dddaf301771db6,0,0
801,801,0,0000000,00,3,3,3,0000000000000000,0,0,3,70afe43db6052378,0,1,0000000000000000,c7dddaf301771db6,c7dddaf301771db6,0,0
802,802,0,0000000,00,3,3,3,0000000000000000,0,0,3,70afe43db6052378,0,1,0000000000000000,c7dddaf301771db6,c7dddaf301771db6,0,0
803,803,0,0000000,00,3,3,3,0000000000000000,0,0,3,70afe43db6052378,0,1,0000000000000000,c7dddaf301771db6,c7dddaf301771db6,0,0
804,804,0,0000000,00,3,3,3,0000000000000000,0,0,3,70afe43db6052378,0,1,0000000000000000,c7dddaf301771db6,c7dddaf301771db6,0,0
805,805,0,0000000,00,3,3,3,0000000000000000,0,0,3,70afe43db6052378,0,1,0000000000000000,c7dddaf301771db6,c7dddaf301771db6,0,0
806,806,0,0000000,00,3,3,3,0000000000000000,0,0,3,70afe43db6052378,0,1,0000000000000000,c7dddaf301771db6,c7dddaf301771db6,0,0
807,807,0,0000000,00,3,3,3,0000000000000000,0,0,3,70afe43db6052378,0,1,0000000000000000,c7dddaf301771db6,c7dddaf301771db6,0,0
808,808,0,0000000,00,3,3,3,0000000000000000,0,0,3,70afe43db6052378,0,1,0000000000000000,c7dddaf301771db6,c7dddaf301771db6,0,0
809,809,0,0000000,00,3,3,3,0000000000000000,0,0,3,70afe43db6052378,0,1,0000000000000000,c7dddaf301771db6,c7dddaf301771db6,0,0
810,810,0,0000000,00,3,3,3,0000000000000000,0,0,3,70afe43db6052378,0,1,0000000000000000,c7dddaf301771db6,c7dddaf301771db6,0,0
811,811,0,0000000,00,3,3,3,0000000000000000,0,0,3,70afe43db6052378,0,1,0000000000000000,c7dddaf301771db6,c7dddaf301771db6,0,0
812,812,0,0000000,00,3,3,3,0000000000000000,0,0,3,70afe43db6052378,0,1,0000000000000000,c7dddaf301771db6,c7dddaf301771db6,0,0
813,813,0,0000000,00,3,3,3,0000000000000000,0,0,3,70afe43db6052378,0,1,0000000000000000,c7dddaf301771db6,c7dddaf301771db6,0,0
814,814,0,0000000,00,3,3,3,0000000000000000,0,0,3,70afe43db6052378,0,1,0000000000000000,c7dddaf301771db6,c7dddaf301771db6,0,0
815,815,0,0000000,00,3,3,3,0000000000000000,0,0,3,70afe43db6052378,0,1,0000000000000000,c7dddaf301771db6,c7dddaf301771db6,0,0
816,816,0,0000000,00,3,3,3,0000000000000000,0,0,3,70afe43db6052378,0,1,0000000000000000,c7dddaf301771db6,c7dddaf301771db6,0,0
817,817,0,0000000,00,3,3,3,0000000000000000,0,0,3,70afe43db6052378,0,1,0000000000000000,c7dddaf301771db6,c7dddaf301771db6,0,0
818,818,0,0000000,00,3,3,3,0000000000000000,0,0,3,70afe43db6052378,0,1,0000000000000000,c7dddaf301771db6,c7dddaf301771db6,0,0
819,819,0,0000000,00,3,3,3,0000000000000000,0,0,3,70afe43db6052378,0,1,0000000000000000,c7dddaf301771db6,c7dddaf301771db6,0,0
820,820,0,0000000,00,3,3,3,0000000000000000,0,0,3,70afe43db6052378,0,1,0000000000000000,c7dddaf301771db6,c7dddaf301771db6,0,0
821,821,0,0000000,00,3,3,3,0000000000000000,0,0,3,70afe43db6052378,0,1,0000000000000000,c7dddaf301771db6,c7dddaf301771db6,0,0
822,822,0,0000000,00,3,3,3,0000000000000000,0,0,3,70afe43db6052378,0,1,0000000000000000,c7dddaf301771db6,c7dddaf301771db6,0,0
823,823,0,0000000,00,3,3,3,0000000000000000,0,0,3,70afe43db6052378,0,1,0000000000000000,c7dddaf301771db6,c7dddaf301771db6,0,0
824,824,0,0000000,00,3,3,3,0000000000000000,0,0,3,70afe43db6052378,0,1,0000000000000000,c7dddaf301771db6,c7dddaf301771db6,0,0
825,825,0,0000000,00,3,3,3,0000000000000000,0,0,3,70afe43db6052378,0,1,0000000000000000,c7dddaf301771db6,c7dddaf301771db6,0,0
826,826,0,0000000,00,3,3,3,0000000000000000,0,0,3,70afe43db6052378,0,1,0000000000000000,c7dddaf301771db6,c7dddaf301771db6,0,0
827,827,0,0000000,00,3,3,3,0000000000000000,0,0,3,70afe43db6052378,0,1,0000000000000000,c7dddaf301771db6,c7dddaf301771db6,0,0
828,828,0,0000000,00,3,3,3,0000000000000000,0,0,3,70afe43db6052378,0,1,0000000000000000,c7dddaf301771db6,c7dddaf301771db6,0,0
829,829,0,0000000,00,3,3,3,0000000000000000,0,0,3,70afe43db6052378,0,1,0000000000000000,c7dddaf301771db6,c7dddaf301771db6,0,0
830,830,0,0000000,00,3,3,3,0000000000000000,0,0,3,70afe43db6052378,0,1,0000000000000000,c7dddaf301771db6,c7dddaf301771db6,0,0
831,831,0,0000000,00,3,3,3,0000000000000000,0,0,3,70afe43db6052378,0,1,0000000000000000,c7dddaf301771db6,c7dddaf301771db6,0,0
832,832,0,0000000,00,3,3,3,0000000000000000,0,0,3,70afe43db6052378,0,1,0000000000000000,c7dddaf301771db6,c7dddaf301771db6,0,0
833,833,0,0000000,00,3,3,3,0000000000000000,0,0,3,70afe43db6052378,0,1,0000000000000000,c7dddaf301771db6,c7dddaf301771db6,0,0
834,834,0,0000000,00,3,3,3,0000000000000000,0,0,3,70afe43db6052378,0,1,0000000000000000,c7dddaf301771db6,c7dddaf301771db6,0,0
835,835,0,0000000,00,3,3,3,0000000000000000,0,0,3,70afe43db6052378,0,1,0000000000000000,c7dddaf301771db6,c7dddaf301771db6,0,0
836,836,0,0000000,00,3,3,3,0000000000000000,0,0,3,70afe43db6052378,0,1,0000000000000000,c7dddaf301771db6,c7dddaf301771db6,0,0
837,837,0,0000000,00,3,3,3,0000000000000000,0,0,3,70afe43db6052378,0,1,0000000000000000,c7dddaf301771db6,c7dddaf301771db6,0,0
838,838,0,0000000,00,3,3,3,0000000000000000,0,0,3,70afe43db6052378,0,1,0000000000000000,c7dddaf301771db6,c7dddaf301771db6,0,0
839,839,0,0000000,00,3,3,3,0000000000000000,0,0,3,70afe43db6052378,0,1,0000000000000000,c7dddaf301771db6,c7dddaf301771db6,0,0
840,840,0,0000000,00,3,3,3,0000000000000000,0,0,3,70afe43db6052378,0,1,0000000000000000,c7dddaf301771db6,c7dddaf301771db6,0,0
841,841,0,0000000,00,3,3,3,0000000000000000,0,0,3,70afe43db6052378,0,1,0000000000000000,c7dddaf301771db6,c7dddaf301771db6,0,0
842,842,0,0000000,00,3,3,3,0000000000000000,0,0,3,70afe43db6052378,0,1,0000000000000000,c7dddaf301771db6,c7dddaf301771db6,0,0
843,843,0,0000000,00,3,3,3,0000000000000000,0,0,3,70afe43db6052378,0,1,0000000000000000,c7dddaf301771db6,c7dddaf301771db6,0,0
844,844,0,0000000,00,3,3,3,0000000000000000,0,0,3,70afe43db6052378,0,1,0000000000000000,c7dddaf301771db6,c7dddaf301771db6,0,0
845,845,0,0000000,00,3,3,3,0000000000000000,0,0,3,70afe43db6052378,0,1,0000000000000000,c7dddaf301771db6,c7dddaf301771db6,0,0
846,846,0,0000000,00,3,3,3,0000000000000000,0,0,3,70afe43db6052378,0,1,0000000000000000,c7dddaf301771db6,c7dddaf301771db6,0,0
847,847,0,0000000,00,3,3,3,0000000000000000,0,0,3,70afe43db6052378,0,1,0000000000000000,c7dddaf301771db6,c7dddaf301771db6,0,0
848,848,0,0000000,00,3,3,3,0000000000000000,0,0,3,70afe43db6052378,0,1,0000000000000000,c7dddaf301771db6,c7dddaf301771db6,0,0
849,849,0,0000000,00,3,3,3,0000000000000000,0,0,3,70afe43db6052378,0,1,0000000000000000,c7dddaf301771db6,c7dddaf301771db6,0,0
850,850,0,0000000,00,3,3,3,0000000000000000,0,0,3,70afe43db6052378,0,1,0000000000000000,c7dddaf301771db6,c7dddaf301771db6,0,0
851,851,0,0000000,00,3,3,3,0000000000000000,0,0,3,70afe43db6052378,0,1,0000000000000000,c7dddaf301771db6,c7dddaf301771db6,0,0
852,852,0,0000000,00,3,3,3,0000000000000000,0,0,3,70afe43db6052378,0,1,0000000000000000,c7dddaf301771db6,c7dddaf301771db6,0,0
853,853,0,0000000,00,3,3,3,0000000000000000,0,0,3,70afe43db6052378,0,1,0000000000000000,c7dddaf301771db6,c7dddaf301771db6,0,0
854,854,0,0000000,00,3,3,3,0000000000000000,0,0,3,70afe43db6052378,0,1,0000000000000000,c7dddaf301771db6,c7dddaf301771db6,0,0
855,855,0,0000000,00,3,3,3,0000000000000000,0,0,3,70afe43db6052378,0,1,0000000000000000,c7dddaf301771db6,c7dddaf301771db6,0,0
856,856,0,0000000,00,3,3,3,0000000000000000,0,0,3,70afe43db6052378,0,1,0000000000000000,c7dddaf301771db6,c7dddaf301771db6,0,0
857,857,0,0000000,00,3,3,3,0000000000000000,0,0,3,70afe43db6052378,0,1,0000000000000000,c7dddaf301771db6,c7dddaf301771db6,0,0
858,858,0,0000000,00,3,3,3,0000000000000000,0,0,3,70afe43db6052378,0,1,0000000000000000,c7dddaf301771db6,c7dddaf301771db6,0,0
859,859,0,0000000,00,3,3,3,0000000000000000,0,0,3,70afe43db6052378,0,1,0000000000000000,c7dddaf301771db6,c7dddaf301771db6,0,0
860,860,0,0000000,00,3,3,3,0000000000000000,0,0,3,70afe43db6052378,0,1,0000000000000000,c7dddaf301771db6,c7dddaf301771db6,0,0
861,861,0,0000000,00,3,3,3,0000000000000000,0,0,3,70afe43db6052378,0,1,0000000000000000,c7dddaf301771db6,c7dddaf301771db6,0,0
862,862,0,0000000,00,3,3,3,0000000000000000,0,0,3,70afe43db6052378,0,1,0000000000000000,c7dddaf301771db6,c7dddaf301771db6,0,0
863,863,0,0000000,00,3,3,3,0000000000000000,0,0,3,70afe43db6052378,0,1,0000000000000000,c7dddaf301771db6,c7dddaf301771db6,0,0
864,864,0,0000000,00,3,3,3,0000000000000000,0,0,3,70afe43db6052378,0,1,0000000000000000,c7dddaf301771db6,c7dddaf301771db6,0,0
865,865,0,0000000,00,3,3,3,0000000000000000,0,0,3,70afe43db6052378,0,1,0000000000000000,c7dddaf301771db6,c7dddaf301771db6,0,0
866,866,0,0000000,00,3,3,3,0000000000000000,0,0,3,70afe43db6052378,0,1,0000000000000000,c7dddaf301771db6,c7dddaf301771db6,0,0
867,867,0,0000000,00,3,3,3,0000000000000000,0,0,3,70afe43db6052378,0,1,0000000000000000,c7dddaf301771db6,c7dddaf301771db6,0,0
868,868,0,0000000,00,3,3,3,0000000000000000,0,0,3,70afe43db6052378,0,1,0000000000000000,c7dddaf301771db6,c7dddaf301771db6,0,0
869,869,0,0000000,00,3,3,3,0000000000000000,0,0,3,70afe43db6052378,0,1,0000000000000000,c7dddaf301771db6,c7dddaf301771db6,0,0
870,870,0,0000000,00,3,3,3,0000000000000000,0,0,3,70afe43db6052378,0,1,0000000000000000,c7dddaf301771db6,c7dddaf301771db6,0,0
871,871,0,0000000,00,3,3,3,0000000000000000,0,0,3,70afe43db6052378,0,1,0000000000000000,c7dddaf301771db6,c7dddaf301771db6,0,0
872,872,0,0000000,00,3,3,3,0000000000000000,0,0,3,70afe43db6052378,0,1,0000000000000000,c7dddaf301771db6,c7dddaf301771db6,0,0
873,873,0,0000000,00,3,3,3,0000000000000000,0,0,3,70afe43db6052378,0,1,0000000000000000,c7dddaf301771db6,c7dddaf301771db6,0,0
874,874,0,0000000,00,3,3,3,0000000000000000,0,0,3,70afe43db6052378,0,1,0000000000000000,c7dddaf301771db6,c7dddaf301771db6,0,0
875,875,0,0000000,00,3,3,3,0000000000000000,0,0,3,70afe43db6052378,0,1,0000000000000000,c7dddaf301771db6,c7dddaf301771db6,0,0
876,876,0,0000000,00,3,3,3,0000000000000000,0,0,3,70afe43db6052378,0,1,0000000000000000,c7dddaf301771db6,c7dddaf301771db6,0,0
877,877,0,0000000,00,3,3,3,0000000000000000,0,0,3,70afe43db6052378,0,1,0000000000000000,c7dddaf301771db6,c7dddaf301771db6,0,0
878,878,0,0000000,00,3,3,3,0000000000000000,0,0,3,70afe43db6052378,0,1,0000000000000000,c7dddaf301771db6,c7dddaf301771db6,0,0
879,879,0,0000000,00,3,3,3,0000000000000000,0,0,3,70afe43db6052378,0,1,0000000000000000,c7dddaf301771db6,c7dddaf301771db6,0,0
880,880,0,0000000,00,3,3,3,0000000000000000,0,0,3,70afe43db6052378,0,1,0000000000000000,c7dddaf301771db6,c7dddaf301771db6,0,0
881,881,0,0000000,00,3,3,3,0000000000000000,0,0,3,70afe43db6052378,0,1,0000000000000000,c7dddaf301771db6,c7dddaf301771db6,0,0
882,882,0,0000000,00,3,3,3,0000000000000000,0,0,3,70afe43db6052378,0,1,0000000000000000,c7dddaf301771db6,c7dddaf301771db6,0,0
883,883,0,0000000,00,3,3,3,0000000000000000,0,0,3,70afe43db6052378,0,1,0000000000000000,c7dddaf301771db6,c7dddaf301771db6,0,0
884,884,0,0000000,00,3,3,3,0000000000000000,0,0,3,70afe43db6052378,0,1,0000000000000000,c7dddaf301771db6,c7dddaf301771db6,0,0
885,885,0,0000000,00,3,3,3,0000000000000000,0,0,3,70afe43db6052378,0,1,0000000000000000,c7dddaf301771db6,c7dddaf301771db6,0,0
886,886,0,0000000,00,3,3,3,0000000000000000,0,0,3,70afe43db6052378,0,1,0000000000000000,c7dddaf301771db6,c7dddaf301771db6,0,0
887,887,0,0000000,00,3,3,3,0000000000000000,0,0,3,70afe43db6052378,0,1,0000000000000000,c7dddaf301771db6,c7dddaf301771db6,0,0
888,888,0,0000000,00,3,3,3,0000000000000000,0,0,3,70afe43db6052378,0,1,0000000000000000,c7dddaf301771db6,c7dddaf301771db6,0,0
889,889,0,0000000,00,3,3,3,0000000000000000,0,0,3,70afe43db6052378,0,1,0000000000000000,c7dddaf301771db6,c7dddaf301771db6,0,0
890,890,0,0000000,00,3,3,3,0000000000000000,0,0,3,70afe43db6052378,0,1,0000000000000000,c7dddaf301771db6,c7dddaf301771db6,0,0
891,891,0,0000000,00,3,3,3,0000000000000000,0,0,3,70afe43db6052378,0,1,0000000000000000,c7dddaf301771db6,c7dddaf301771db6,0,0
892,892,0,0000000,00,3,3,3,0000000000000000,0,0,3,70afe43db6052378,0,1,0000000000000000,c7dddaf301771db6,c7dddaf301771db6,0,0
893,893,0,0000000,00,3,3,3,0000000000000000,0,0,3,70afe43db6052378,0,1,0000000000000000,c7dddaf301771db6,c7dddaf301771db6,0,0
894,894,0,0000000,00,3,3,3,0000000000000000,0,0,3,70afe43db6052378,0,1,0000000000000000,c7dddaf301771db6,c7dddaf301771db6,0,0
895,895,0,0000000,00,3,3,3,0000000000000000,0,0,3,70afe43db6052378,0,1,0000000000000000,c7dddaf301771db6,c7dddaf301771db6,0,0
896,896,0,0000000,00,3,3,3,0000000000000000,0,0,3,70afe43db6052378,0,1,0000000000000000,c7dddaf301771db6,c7dddaf301771db6,0,0
897,897,0,0000000,00,3,3,3,0000000000000000,0,0,3,70afe43db6052378,0,1,0000000000000000,c7dddaf301771db6,c7dddaf301771db6,0,0
898,898,0,0000000,00,3,3,3,0000000000000000,0,0,3,70afe43db6052378,0,1,0000000000000000,c7dddaf301771db6,c7dddaf301771db6,0,0
899,899,0,0000000,00,3,3,3,0000000000000000,0,0,3,70afe43db6052378,0,1,0000000000000000,c7dddaf301771db6,c7dddaf301771db6,0,0
900,900,0,0000000,00,3,3,3,0000000000000000,0,0,3,70afe43db6052378,0,1,0000000000000000,c7dddaf301771db6,c7dddaf301771db6,0,0
901,901,0,0000000,00,3,3,3,0000000000000000,0,0,3,70afe43db6052378,0,1,0000000000000000,c7dddaf301771db6,c7dddaf301771db6,0,0
902,902,0,0000000,00,3,3,3,0000000000000000,0,0,3,70afe43db6052378,0,1,0000000000000000,c7dddaf301771db6,c7dddaf301771db6,0,0
903,903,0,0000000,00,3,3,3,0000000000000000,0,0,3,70afe43db6052378,0,1,0000000000000000,c7dddaf301771db6,c7dddaf301771db6,0,0
904,904,0,0000000,00,3,3,3,0000000000000000,0,0,3,70afe43db6052378,0,1,0000000000000000,c7dddaf301771db6,c7dddaf301771db6,0,0
905,905,0,0000000,00,3,3,3,0000000000000000,0,0,3,70afe43db6052378,0,1,0000000000000000,c7dddaf301771db6,c7dddaf301771db6,0,0
906,906,0,0000000,00,3,3,3,0000000000000000,0,0,3,70afe43db6052378,0,1,0000000000000000,c7dddaf301771db6,c7dddaf301771db6,0,0
907,907,0,0000000,00,3,3,3,0000000000000000,0,0,3,70afe43db6052378,0,1,0000000000000000,c7dddaf301771db6,c7dddaf301771db6,0,0
908,908,0,0000000,00,3,3,3,0000000000000000,0,0,3,70afe43db6052378,0,1,0000000000000000,c7dddaf301771db6,c7dddaf301771db6,0,0
909,909,0,0000000,00,3,3,3,0000000000000000,0,0,3,70afe43db6052378,0,1,0000000000000000,c7dddaf301771db6,c7dddaf301771db6,0,0
910,910,0,0000000,00,3,3,3,0000000000000000,0,0,3,70afe43db6052378,0,1,0000000000000000,c7dddaf301771db6,c7dddaf301771db6,0,0
911,911,0,0000000,00,3,3,3,0000000000000000,0,0,3,70afe43db6052378,0,1,0000000000000000,c7dddaf301771db6,c7dddaf301771db6,0,0
912,912,0,0000000,00,3,3,3,0000000000000000,0,0,3,70afe43db6052378,0,1,0000000000000000,c7dddaf301771db6,c7dddaf301771db6,0,0
913,913,0,0000000,00,3,3,3,0000000000000000,0,0,3,70afe43db6052378,0,1,0000000000000000,c7dddaf301771db6,c7dddaf301771db6,0,0
914,914,0,0000000,00,3,3,3,0000000000000000,0,0,3,70afe43db6052378,0,1,0000000000000000,c7dddaf301771db6,c7dddaf301771db6,0,0
915,915,0,0000000,00,3,3,3,0000000000000000,0,0,3,70afe43db6052378,0,1,0000000000000000,c7dddaf301771db6,c7dddaf301771db6,0,0
916,916,0,0000000,00,3,3,3,0000000000000000,0,0,3,70afe43db6052378,0,1,0000000000000000,c7dddaf301771db6,c7dddaf301771db6,0,0
917,917,0,0000000,00,3,3,3,0000000000000000,0,0,3,70afe43db6052378,0,1,0000000000000000,c7dddaf301771db6,c7dddaf301771db6,0,0
918,918,0,0000000,00,3,3,3,0000000000000000,0,0,3,70afe43db6052378,0,1,0000000000000000,c7dddaf301771db6,c7dddaf301771db6,0,0
919,919,0,0000000,00,3,3,3,0000000000000000,0,0,3,70afe43db6052378,0,1,0000000000000000,c7dddaf301771db6,c7dddaf301771db6,0,0
920,920,0,0000000,00,3,3,3,0000000000000000,0,0,3,70afe43db6052378,0,1,0000000000000000,c7dddaf301771db6,c7dddaf301771db6,0,0
921,921,0,0000000,00,3,3,3,0000000000000000,0,0,3,70afe43db6052378,0,1,0000000000000000,c7dddaf301771db6,c7dddaf301771db6,0,0
922,922,0,0000000,00,3,3,3,0000000000000000,0,0,3,70afe43db6052378,0,1,0000000000000000,c7dddaf301771db6,c7dddaf301771db6,0,0
923,923,0,0000000,00,3,3,3,0000000000000000,0,0,3,70afe43db6052378,0,1,0000000000000000,c7dddaf301771db6,c7dddaf301771db6,0,0
924,924,0,0000000,00,3,3,3,0000000000000000,0,0,3,70afe43db6052378,0,1,0000000000000000,c7dddaf301771db6,c7dddaf301771db6,0,0
925,925,0,0000000,00,3,3,3,0000000000000000,0,0,3,70afe43db6052378,0,1,0000000000000000,c7dddaf301771db6,c7dddaf301771db6,0,0
926,926,0,0000000,00,3,3,3,0000000000000000,0,0,3,70afe43db6052378,0,1,0000000000000000,c7dddaf301771db6,c7dddaf301771db6,0,0
927,927,0,0000000,00,3,3,3,0000000000000000,0,0,3,70afe43db6052378,0,1,0000000000000000,c7dddaf301771db6,c7dddaf301771db6,0,0
928,928,0,0000000,00,3,3,3,0000000000000000,0,0,3,70afe43db6052378,0,1,0000000000000000,c7dddaf301771db6,c7dddaf301771db6,0,0
929,929,0,0000000,00,3,3,3,0000000000000000,0,0,3,70afe43db6052378,0,1,0000000000000000,c7dddaf301771db6,c7dddaf301771db6,0,0
930,930,0,0000000,00,3,3,3,0000000000000000,0,0,3,70afe43db6052378,0,1,0000000000000000,c7dddaf301771db6,c7dddaf301771db6,0,0
931,931,0,0000000,00,3,3,3,0000000000000000,0,0,3,70afe43db6052378,0,1,0000000000000000,c7dddaf301771db6,c7dddaf301771db6,0,0
932,932,0,0000000,00,3,3,3,0000000000000000,0,0,3,70afe43db6052378,0,1,0000000000000000,c7dddaf301771db6,c7dddaf301771db6,0,0
933,933,0,0000000,00,3,3,3,0000000000000000,0,0,3,70afe43db6052378,0,1,0000000000000000,c7dddaf301771db6,c7dddaf301771db6,0,0
934,934,0,0000000,00,3,3,3,0000000000000000,0,0,3,70afe43db6052378,0,1,0000000000000000,c7dddaf301771db6,c7dddaf301771db6,0,0
935,935,0,0000000,00,3,3,3,0000000000000000,0,0,3,70afe43db6052378,0,1,0000000000000000,c7dddaf301771db6,c7dddaf301771db6,0,0
936,936,0,0000000,00,3,3,3,0000000000000000,0,0,3,70afe43db6052378,0,1,0000000000000000,c7dddaf301771db6,c7dddaf301771db6,0,0
937,937,0,0000000,00,3,3,3,0000000000000000,0,0,3,70afe43db6052378,0,1,0000000000000000,c7dddaf301771db6,c7dddaf301771db6,0,0
938,938,0,0000000,00,3,3,3,0000000000000000,0,0,3,70afe43db6052378,0,1,0000000000000000,c7dddaf301771db6,c7dddaf301771db6,0,0
939,939,0,0000000,00,3,3,3,0000000000000000,0,0,3,70afe43db6052378,0,1,0000000000000000,c7dddaf301771db6,c7dddaf301771db6,0,0
940,940,0,0000000,00,3,3,3,0000000000000000,0,0,3,70afe43db6052378,0,1,0000000000000000,c7dddaf301771db6,c7dddaf301771db6,0,0
941,941,0,0000000,00,3,3,3,0000000000000000,0,0,3,70afe43db6052378,0,1,0000000000000000,c7dddaf301771db6,c7dddaf301771db6,0,0
942,942,0,0000000,00,3,3,3,0000000000000000,0,0,3,70afe43db6052378,0,1,0000000000000000,c7dddaf301771db6,c7dddaf301771db6,0,0
943,943,0,0000000,00,3,3,3,0000000000000000,0,0,3,70afe43db6052378,0,1,0000000000000000,c7dddaf301771db6,c7dddaf301771db6,0,0
944,944,0,0000000,00,3,3,3,0000000000000000,0,0,3,70afe43db6052378,0,1,0000000000000000,c7dddaf301771db6,c7dddaf301771db6,0,0
945,945,0,0000000,00,3,3,3,0000000000000000,0,0,3,70afe43db6052378,0,1,0000000000000000,c7dddaf301771db6,c7dddaf301771db6,0,0
946,946,0,0000000,00,3,3,3,0000000000000000,0,0,3,70afe43db6052378,0,1,0000000000000000,c7dddaf301771db6,c7dddaf301771db6,0,0
947,947,0,0000000,00,3,3,3,0000000000000000,0,0,3,70afe43db6052378,0,1,0000000000000000,c7dddaf301771db6,c7dddaf301771db6,0,0
948,948,0,0000000,00,3,3,3,0000000000000000,0,0,3,70afe43db6052378,0,1,0000000000000000,c7dddaf301771db6,c7dddaf301771db6,0,0
949,949,0,0000000,00,3,3,3,0000000000000000,0,0,3,70afe43db6052378,0,1,0000000000000000,c7dddaf301771db6,c7dddaf301771db6,0,0
950,950,0,0000000,00,3,3,3,0000000000000000,0,0,3,70afe43db6052378,0,1,0000000000000000,c7dddaf301771db6,c7dddaf301771db6,0,0
951,951,0,0000000,00,3,3,3,0000000000000000,0,0,3,70afe43db6052378,0,1,0000000000000000,c7dddaf301771db6,c7dddaf301771db6,0,0
952,952,0,0000000,00,3,3,3,0000000000000000,0,0,3,70afe43db6052378,0,1,0000000000000000,c7dddaf301771db6,c7dddaf301771db6,0,0
953,953,0,0000000,00,3,3,3,0000000000000000,0,0,3,70afe43db6052378,0,1,0000000000000000,c7dddaf301771db6,c7dddaf301771db6,0,0
954,954,0,0000000,00,3,3,3,0000000000000000,0,0,3,70afe43db6052378,0,1,0000000000000000,c7dddaf301771db6,c7dddaf301771db6,0,0
955,955,0,0000000,00,3,3,3,0000000000000000,0,0,3,70afe43db6052378,0,1,0000000000000000,c7dddaf301771db6,c7dddaf301771db6,0,0
956,956,0,0000000,00,3,3,3,0000000000000000,0,0,3,70afe43db6052378,0,1,0000000000000000,c7dddaf301771db6,c7dddaf301771db6,0,0
957,957,0,0000000,00,3,3,3,0000000000000000,0,0,3,70afe43db6052378,0,1,0000000000000000,c7dddaf301771db6,c7dddaf301771db6,0,0
958,958,0,0000000,00,3,3,3,0000000000000000,0,0,3,70afe43db6052378,0,1,0000000000000000,c7dddaf301771db6,c7dddaf301771db6,0,0
959,959,0,0000000,00,3,3,3,0000000000000000,0,0,3,70afe43db6052378,0,1,0000000000000000,c7dddaf301771db6,c7dddaf301771db6,0,0
960,960,0,0000000,00,3,3,3,0000000000000000,0,0,3,70afe43db6052378,0,1,0000000000000000,c7dddaf301771db6,c7dddaf301771db6,0,0
961,961,0,0000000,00,3,3,3,0000000000000000,0,0,3,70afe43db6052378,0,1,0000000000000000,c7dddaf301771db6,c7dddaf301771db6,0,0
962,962,0,0000000,00,3,3,3,0000000000000000,0,0,3,70afe43db6052378,0,1,0000000000000000,c7dddaf301771db6,c7dddaf301771db6,0,0
963,963,0,0000000,00,3,3,3,0000000000000000,0,0,3,70afe43db6052378,0,1,0000000000000000,c7dddaf301771db6,c7dddaf301771db6,0,0
964,964,0,0000000,00,3,3,3,0000000000000000,0,0,3,70afe43db6052378,0,1,0000000000000000,c7dddaf301771db6,c7dddaf301771db6,0,0
965,965,0,0000000,00,3,3,3,0000000000000000,0,0,3,70afe43db6052378,0,1,0000000000000000,c7dddaf301771db6,c7dddaf301771db6,0,0
966,966,0,0000000,00,3,3,3,0000000000000000,0,0,3,70afe43db6052378,0,1,0000000000000000,c7dddaf301771db6,c7dddaf301771db6,0,0
967,967,0,0000000,00,3,3,3,0000000000000000,0,0,3,70afe43db6052378,0,1,0000000000000000,c7dddaf301771db6,c7dddaf301771db6,0,0
968,968,0,0000000,00,3,3,3,0000000000000000,0,0,3,70afe43db6052378,0,1,0000000000000000,c7dddaf301771db6,c7dddaf301771db6,0,0
969,969,0,0000000,00,3,3,3,0000000000000000,0,0,3,70afe43db6052378,0,1,0000000000000000,c7dddaf301771db6,c7dddaf301771db6,0,0
970,970,0,0000000,00,3,3,3,0000000000000000,0,0,3,70afe43db6052378,0,1,0000000000000000,c7dddaf301771db6,c7dddaf301771db6,0,0
971,971,0,0000000,00,3,3,3,0000000000000000,0,0,3,70afe43db6052378,0,1,0000000000000000,c7dddaf301771db6,c7dddaf301771db6,0,0
972,972,0,0000000,00,3,3,3,0000000000000000,0,0,3,70afe43db6052378,0,1,0000000000000000,c7dddaf301771db6,c7dddaf301771db6,0,0
973,973,0,0000000,00,3,3,3,0000000000000000,0,0,3,70afe43db6052378,0,1,0000000000000000,c7dddaf301771db6,c7dddaf301771db6,0,0
974,974,0,0000000,00,3,3,3,0000000000000000,0,0,3,70afe43db6052378,0,1,0000000000000000,c7dddaf301771db6,c7dddaf301771db6,0,0
975,975,0,0000000,00,3,3,3,0000000000000000,0,0,3,70afe43db6052378,0,1,0000000000000000,c7dddaf301771db6,c7dddaf301771db6,0,0
976,976,0,0000000,00,3,3,3,0000000000000000,0,0,3,70afe43db6052378,0,1,0000000000000000,c7dddaf301771db6,c7dddaf301771db6,0,0
977,977,0,0000000,00,3,3,3,0000000000000000,0,0,3,70afe43db6052378,0,1,0000000000000000,c7dddaf301771db6,c7dddaf301771db6,0,0
978,978,0,0000000,00,3,3,3,0000000000000000,0,0,3,70afe43db6052378,0,1,0000000000000000,c7dddaf301771db6,c7dddaf301771db6,0,0
979,979,0,0000000,00,3,3,3,0000000000000000,0,0,3,70afe43db6052378,0,1,0000000000000000,c7dddaf301771db6,c7dddaf301771db6,0,0
980,980,0,0000000,00,3,3,3,0000000000000000,0,0,3,70afe43db6052378,0,1,0000000000000000,c7dddaf301771db6,c7dddaf301771db6,0,0
981,981,0,0000000,00,3,3,3,0000000000000000,0,0,3,70afe43db6052378,0,1,0000000000000000,c7dddaf301771db6,c7dddaf301771db6,0,0
982,982,0,0000000,00,3,3,3,0000000000000000,0,0,3,70afe43db6052378,0,1,0000000000000000,c7dddaf301771db6,c7dddaf301771db6,0,0
983,983,0,0000000,00,3,3,3,0000000000000000,0,0,3,70afe43db6052378,0,1,0000000000000000,c7dddaf301771db6,c7dddaf301771db6,0,0
984,984,0,0000000,00,3,3,3,0000000000000000,0,0,3,70afe43db6052378,0,1,0000000000000000,c7dddaf301771db6,c7dddaf301771db6,0,0
985,985,0,0000000,00,3,3,3,0000000000000000,0,0,3,70afe43db6052378,0,1,0000000000000000,c7dddaf301771db6,c7dddaf301771db6,0,0
986,986,0,0000000,00,3,3,3,0000000000000000,0,0,3,70afe43db6052378,0,1,0000000000000000,c7dddaf301771db6,c7dddaf301771db6,0,0
987,987,0,0000000,00,3,3,3,0000000000000000,0,0,3,70afe43db6052378,0,1,0000000000000000,c7dddaf301771db6,c7dddaf301771db6,0,0
988,988,0,0000000,00,3,3,3,0000000000000000,0,0,3,70afe43db6052378,0,1,0000000000000000,c7dddaf301771db6,c7dddaf301771db6,0,0
989,989,0,0000000,00,3,3,3,0000000000000000,0,0,3,70afe43db6052378,0,1,0000000000000000,c7dddaf301771db6,c7dddaf301771db6,0,0
990,990,0,0000000,00,3,3,3,0000000000000000,0,0,3,70afe43db6052378,0,1,0000000000000000,c7dddaf301771db6,c7dddaf301771db6,0,0
991,991,0,0000000,00,3,3,3,0000000000000000,0,0,3,70afe43db6052378,0,1,0000000000000000,c7dddaf301771db6,c7dddaf301771db6,0,0
992,992,0,0000000,00,3,3,3,0000000000000000,0,0,3,70afe43db6052378,0,1,0000000000000000,c7dddaf301771db6,c7dddaf301771db6,0,0
993,993,0,0000000,00,3,3,3,0000000000000000,0,0,3,70afe43db6052378,0,1,0000000000000000,c7dddaf301771db6,c7dddaf301771db6,0,0
994,994,0,0000000,00,3,3,3,0000000000000000,0,0,3,70afe43db6052378,0,1,0000000000000000,c7dddaf301771db6,c7dddaf301771db6,0,0
995,995,0,0000000,00,3,3,3,0000000000000000,0,0,3,70afe43db6052378,0,1,0000000000000000,c7dddaf301771db6,c7dddaf301771db6,0,0
996,996,0,0000000,00,3,3,3,0000000000000000,0,0,3,70afe43db6052378,0,1,0000000000000000,c7dddaf301771db6,c7dddaf301771db6,0,0
997,997,0,0000000,00,3,3,3,0000000000000000,0,0,3,70afe43db6052378,0,1,0000000000000000,c7dddaf301771db6,c7dddaf301771db6,0,0
998,998,0,0000000,00,3,3,3,0000000000000000,0,0,3,70afe43db6052378,0,1,0000000000000000,c7dddaf301771db6,c7dddaf301771db6,0,0
999,999,0,0000000,00,3,3,3,0000000000000000,0,0,3,70afe43db6052378,0,1,0000000000000000,c7dddaf301771db6,c7dddaf301771db6,0,0
1000,1000,0,0000000,00,3,3,3,0000000000000000,0,0,3,70afe43db6052378,0,1,0000000000000000,c7dddaf301771db6,c7dddaf301771db6,0,0
1001,1001,0,0000000,00,3,3,3,0000000000000000,0,0,3,70afe43db6052378,0,1,0000000000000000,c7dddaf301771db6,c7dddaf301771db6,0,0
1002,1002,0,0000000,00,3,3,3,0000000000000000,0,0,3,70afe43db6052378,0,1,0000000000000000,c7dddaf301771db6,c7dddaf301771db6,0,0
1003,1003,0,0000000,00,3,3,3,0000000000000000,0,0,3,70afe43db6052378,0,1,0000000000000000,c7dddaf301771db6,c7dddaf301771db6,0,0
1004,1004,0,0000000,00,3,3,3,0000000000000000,0,0,3,70afe43db6052378,0,1,0000000000000000,c7dddaf301771db6,c7dddaf301771db6,0,0
1005,1005,0,0000000,00,3,3,3,0000000000000000,0,0,3,70afe43db6052378,0,1,0000000000000000,c7dddaf301771db6,c7dddaf301771db6,0,0
1006,1006,0,0000000,00,3,3,3,0000000000000000,0,0,3,70afe43db6052378,0,1,0000000000000000,c7dddaf301771db6,c7dddaf301771db6,0,0
1007,1007,0,0000000,00,3,3,3,0000000000000000,0,0,3,70afe43db6052378,0,1,0000000000000000,c7dddaf301771db6,c7dddaf301771db6,0,0
1008,1008,0,0000000,00,3,3,3,0000000000000000,0,0,3,70afe43db6052378,0,1,0000000000000000,c7dddaf301771db6,c7dddaf301771db6,0,0
1009,1009,0,0000000,00,3,3,3,0000000000000000,0,0,3,70afe43db6052378,0,1,0000000000000000,c7dddaf301771db6,c7dddaf301771db6,0,0
1010,1010,0,0000000,00,3,3,3,0000000000000000,0,0,3,70afe43db6052378,0,1,0000000000000000,c7dddaf301771db6,c7dddaf301771db6,0,0
1011,1011,0,0000000,00,3,3,3,0000000000000000,0,0,3,70afe43db6052378,0,1,0000000000000000,c7dddaf301771db6,c7dddaf301771db6,0,0
1012,1012,0,0000000,00,3,3,3,0000000000000000,0,0,3,70afe43db6052378,0,1,0000000000000000,c7dddaf301771db6,c7dddaf301771db6,0,0
1013,1013,0,0000000,00,3,3,3,0000000000000000,0,0,3,70afe43db6052378,0,1,0000000000000000,c7dddaf301771db6,c7dddaf301771db6,0,0
1014,1014,0,0000000,00,3,3,3,0000000000000000,0,0,3,70afe43db6052378,0,1,0000000000000000,c7dddaf301771db6,c7dddaf301771db6,0,0
1015,1015,0,0000000,00,3,3,3,0000000000000000,0,0,3,70afe43db6052378,0,1,0000000000000000,c7dddaf301771db6,c7dddaf301771db6,0,0
1016,1016,0,0000000,00,3,3,3,0000000000000000,0,0,3,70afe43db6052378,0,1,0000000000000000,c7dddaf301771db6,c7dddaf301771db6,0,0
1017,1017,0,0000000,00,3,3,3,0000000000000000,0,0,3,70afe43db6052378,0,1,0000000000000000,c7dddaf301771db6,c7dddaf301771db6,0,0
1018,1018,0,0000000,00,3,3,3,0000000000000000,0,0,3,70afe43db6052378,0,1,0000000000000000,c7dddaf301771db6,c7dddaf301771db6,0,0
1019,1019,0,0000000,00,3,3,3,0000000000000000,0,0,3,70afe43db6052378,0,1,0000000000000000,c7dddaf301771db6,c7dddaf301771db6,0,0
1020,1020,0,0000000,00,3,3,3,0000000000000000,0,0,3,70afe43db6052378,0,1,0000000000000000,c7dddaf301771db6,c7dddaf301771db6,0,0
1021,1021,0,0000000,00,3,3,3,0000000000000000,0,0,3,70afe43db6052378,0,1,0000000000000000,c7dddaf301771db6,c7dddaf301771db6,0,0
1022,1022,0,0000000,00,3,3,3,0000000000000000,0,0,3,70afe43db6052378,0,1,0000000000000000,c7dddaf301771db6,c7dddaf301771db6,0,0
1023,1023,0,0000000,00,3,3,3,0000000000000000,0,0,3,70afe43db6052378,0,1,0000000000000000,c7dddaf301771db6,c7dddaf301771db6,0,0
1024,1024,0,0000000,00,3,3,3,0000000000000000,0,0,3,70afe43db6052378,0,1,0000000000000000,c7dddaf301771db6,c7dddaf301771db6,0,0
1025,1025,0,0000000,00,3,3,3,0000000000000000,0,0,3,70afe43db6052378,0,1,0000000000000000,c7dddaf301771db6,c7dddaf301771db6,0,0
1026,1026,0,0000000,00,3,3,3,0000000000000000,0,0,3,70afe43db6052378,0,1,0000000000000000,c7dddaf301771db6,c7dddaf301771db6,0,0
1027,1027,0,0000000,00,3,3,3,0000000000000000,0,0,3,70afe43db6052378,0,1,0000000000000000,c7dddaf301771db6,c7dddaf301771db6,0,0
1028,1028,0,0000000,00,3,3,3,0000000000000000,0,0,3,70afe43db6052378,0,1,0000000000000000,c7dddaf301771db6,c7dddaf301771db6,0,0
1029,1029,0,0000000,00,3,3,3,0000000000000000,0,0,3,70afe43db6052378,0,1,0000000000000000,c7dddaf301771db6,c7dddaf301771db6,0,0
1030,1030,0,0000000,00,3,3,3,0000000000000000,0,0,3,70afe43db6052378,0,1,0000000000000000,c7dddaf301771db6,c7dddaf301771db6,0,0
1031,1031,0,0000000,00,3,3,3,0000000000000000,0,0,3,70afe43db6052378,0,1,0000000000000000,c7dddaf301771db6,c7dddaf301771db6,0,0
1032,1032,0,0000000,00,3,3,3,0000000000000000,0,0,3,70afe43db6052378,0,1,0000000000000000,c7dddaf301771db6,c7dddaf301771db6,0,0
1033,1033,0,0000000,00,3,3,3,0000000000000000,0,0,3,70afe43db6052378,0,1,0000000000000000,c7dddaf301771db6,c7dddaf301771db6,0,0
1034,1034,0,0000000,00,3,3,3,0000000000000000,0,0,3,70afe43db6052378,0,1,0000000000000000,c7dddaf301771db6,c7dddaf301771db6,0,0
1035,1035,0,0000000,00,3,3,3,0000000000000000,0,0,3,70afe43db6052378,0,1,0000000000000000,c7dddaf301771db6,c7dddaf301771db6,0,0
1036,1036,0,0000000,00,3,3,3,0000000000000000,0,0,3,70afe43db6052378,0,1,0000000000000000,c7dddaf301771db6,c7dddaf301771db6,0,0
1037,1037,0,0000000,00,3,3,3,0000000000000000,0,0,3,70afe43db6052378,0,1,0000000000000000,c7dddaf301771db6,c7dddaf301771db6,0,0
1038,1038,0,0000000,00,3,3,3,0000000000000000,0,0,3,70afe43db6052378,0,1,0000000000000000,c7dddaf301771db6,c7dddaf301771db6,0,0
1039,1039,0,0000000,00,3,3,3,0000000000000000,0,0,3,70afe43db6052378,0,1,0000000000000000,c7dddaf301771db6,c7dddaf301771db6,0,0
1040,1040,0,0000000,00,3,3,3,0000000000000000,0,0,3,70afe43db6052378,0,1,0000000000000000,c7dddaf301771db6,c7dddaf301771db6,0,0
1041,1041,0,0000000,00,3,3,3,0000000000000000,0,0,3,70afe43db6052378,0,1,0000000000000000,c7dddaf301771db6,c7dddaf301771db6,0,0
1042,1042,0,0000000,00,3,3,3,0000000000000000,0,0,3,70afe43db6052378,0,1,0000000000000000,c7dddaf301771db6,c7dddaf301771db6,0,0
1043,1043,0,0000000,00,3,3,3,0000000000000000,0,0,3,70afe43db6052378,0,1,0000000000000000,c7dddaf301771db6,c7dddaf301771db6,0,0
1044,1044,0,0000000,00,3,3,3,0000000000000000,0,0,3,70afe43db6052378,0,1,0000000000000000,c7dddaf301771db6,c7dddaf301771db6,0,0
1045,1045,0,0000000,00,3,3,3,0000000000000000,0,0,3,70afe43db6052378,0,1,0000000000000000,c7dddaf301771db6,c7dddaf301771db6,0,0
1046,1046,0,0000000,00,3,3,3,0000000000000000,0,0,3,70afe43db6052378,0,1,0000000000000000,c7dddaf301771db6,c7dddaf301771db6,0,0
1047,1047,0,0000000,00,3,3,3,0000000000000000,0,0,3,70afe43db6052378,0,1,0000000000000000,c7dddaf301771db6,c7dddaf301771db6,0,0
1048,1048,0,0000000,00,3,3,3,0000000000000000,0,0,3,70afe43db6052378,0,1,0000000000000000,c7dddaf301771db6,c7dddaf301771db6,0,0
1049,1049,0,0000000,00,3,3,3,0000000000000000,0,0,3,70afe43db6052378,0,1,0000000000000000,c7dddaf301771db6,c7dddaf301771db6,0,0
1050,1050,0,0000000,00,3,3,3,0000000000000000,0,0,3,70afe43db6052378,0,1,0000000000000000,c7dddaf301771db6,c7dddaf301771db6,0,0
1051,1051,0,0000000,00,3,3,3,0000000000000000,0,0,3,70afe43db6052378,0,1,0000000000000000,c7dddaf301771db6,c7dddaf301771db6,0,0
1052,1052,0,0000000,00,3,3,3,0000000000000000,0,0,3,70afe43db6052378,0,1,0000000000000000,c7dddaf301771db6,c7dddaf301771db6,0,0
1053,1053,0,0000000,00,3,3,3,0000000000000000,0,0,3,70afe43db6052378,0,1,0000000000000000,c7dddaf301771db6,c7dddaf301771db6,0,0
1054,1054,0,0000000,00,3,3,3,0000000000000000,0,0,3,70afe43db6052378,0,1,0000000000000000,c7dddaf301771db6,c7dddaf301771db6,0,0
1055,1055,0,0000000,00,3,3,3,0000000000000000,0,0,3,70afe43db6052378,0,1,0000000000000000,c7dddaf301771db6,c7dddaf301771db6,0,0
1056,1056,0,0000000,00,3,3,3,0000000000000000,0,0,3,70afe43db6052378,0,1,0000000000000000,c7dddaf301771db6,c7dddaf301771db6,0,0
1057,1057,0,0000000,00,3,3,3,0000000000000000,0,0,3,70afe43db6052378,0,1,0000000000000000,c7dddaf301771db6,c7dddaf301771db6,0,0
1058,1058,0,0000000,00,3,3,3,0000000000000000,0,0,3,70afe43db6052378,0,1,0000000000000000,c7dddaf301771db6,c7dddaf301771db6,0,0
1059,1059,0,0000000,00,3,3,3,0000000000000000,0,0,3,70afe43db6052378,0,1,0000000000000000,c7dddaf301771db6,c7dddaf301771db6,0,0
1060,1060,0,0000000,00,3,3,3,0000000000000000,0,0,3,70afe43db6052378,0,1,0000000000000000,c7dddaf301771db6,c7dddaf301771db6,0,0
1061,1061,0,0000000,00,3,3,3,0000000000000000,0,0,3,70afe43db6052378,0,1,0000000000000000,c7dddaf301771db6,c7dddaf301771db6,0,0
1062,1062,0,0000000,00,3,3,3,0000000000000000,0,0,3,70afe43db6052378,0,1,0000000000000000,c7dddaf301771db6,c7dddaf301771db6,0,0
1063,1063,0,0000000,00,3,3,3,0000000000000000,0,0,3,70afe43db6052378,0,1,0000000000000000,c7dddaf301771db6,c7dddaf301771db6,0,0
1064,1064,0,0000000,00,3,3,3,0000000000000000,0,0,3,70afe43db6052378,0,1,0000000000000000,c7dddaf301771db6,c7dddaf301771db6,0,0
1065,1065,0,0000000,00,3,3,3,0000000000000000,0,0,3,70afe43db6052378,0,1,0000000000000000,c7dddaf301771db6,c7dddaf301771db6,0,0
1066,1066,0,0000000,00,3,3,3,0000000000000000,0,0,3,70afe43db6052378,0,1,0000000000000000,c7dddaf301771db6,c7dddaf301771db6,0,0
1067,1067,0,0000000,00,3,3,3,0000000000000000,0,0,3,70afe43db6052378,0,1,0000000000000000,c7dddaf301771db6,c7dddaf301771db6,0,0
1068,1068,0,0000000,00,3,3,3,0000000000000000,0,0,3,70afe43db6052378,0,1,0000000000000000,c7dddaf301771db6,c7dddaf301771db6,0,0
1069,1069,0,0000000,00,3,3,3,0000000000000000,0,0,3,70afe43db6052378,0,1,0000000000000000,c7dddaf301771db6,c7dddaf301771db6,0,0
1070,1070,0,0000000,00,3,3,3,0000000000000000,0,0,3,70afe43db6052378,0,1,0000000000000000,c7dddaf301771db6,c7dddaf301771db6,0,0
1071,1071,0,0000000,00,3,3,3,0000000000000000,0,0,3,70afe43db6052378,0,1,0000000000000000,c7dddaf301771db6,c7dddaf301771db6,0,0
1072,1072,0,0000000,00,3,3,3,0000000000000000,0,0,3,70afe43db6052378,0,1,0000000000000000,c7dddaf301771db6,c7dddaf301771db6,0,0
1073,1073,0,0000000,00,3,3,3,0000000000000000,0,0,3,70afe43db6052378,0,1,0000000000000000,c7dddaf301771db6,c7dddaf301771db6,0,0
1074,1074,0,0000000,00,3,3,3,0000000000000000,0,0,3,70afe43db6052378,0,1,0000000000000000,c7dddaf301771db6,c7dddaf301771db6,0,0
1075,1075,0,0000000,00,3,3,3,0000000000000000,0,0,3,70afe43db6052378,0,1,0000000000000000,c7dddaf301771db6,c7dddaf301771db6,0,0
1076,1076,0,0000000,00,3,3,3,0000000000000000,0,0,3,70afe43db6052378,0,1,0000000000000000,c7dddaf301771db6,c7dddaf301771db6,0,0
1077,1077,0,0000000,00,3,3,3,0000000000000000,0,0,3,70afe43db6052378,0,1,0000000000000000,c7dddaf301771db6,c7dddaf301771db6,0,0
1078,1078,0,0000000,00,3,3,3,0000000000000000,0,0,3,70afe43db6052378,0,1,0000000000000000,c7dddaf301771db6,c7dddaf301771db6,0,0
1079,1079,0,0000000,00,3,3,3,0000000000000000,0,0,3,70afe43db6052378,0,1,0000000000000000,c7dddaf301771db6,c7dddaf301771db6,0,0
1080,1080,0,0000000,00,3,3,3,0000000000000000,0,0,3,70afe43db6052378,0,1,0000000000000000,c7dddaf301771db6,c7dddaf301771db6,0,0
1081,1081,0,0000000,00,3,3,3,0000000000000000,0,0,3,70afe43db6052378,0,1,0000000000000000,c7dddaf301771db6,c7dddaf301771db6,0,0
1082,1082,0,0000000,00,3,3,3,0000000000000000,0,0,3,70afe43db6052378,0,1,0000000000000000,c7dddaf301771db6,c7dddaf301771db6,0,0
1083,1083,0,0000000,00,3,3,3,0000000000000000,0,0,3,70afe43db6052378,0,1,0000000000000000,c7dddaf301771db6,c7dddaf301771db6,0,0
1084,1084,0,0000000,00,3,3,3,0000000000000000,0,0,3,70afe43db6052378,0,1,0000000000000000,c7dddaf301771db6,c7dddaf301771db6,0,0
1085,1085,0,0000000,00,3,3,3,0000000000000000,0,0,3,70afe43db6052378,0,1,0000000000000000,c7dddaf301771db6,c7dddaf301771db6,0,0
1086,1086,0,0000000,00,3,3,3,0000000000000000,0,0,3,70afe43db6052378,0,1,0000000000000000,c7dddaf301771db6,c7dddaf301771db6,0,0
1087,1087,0,0000000,00,3,3,3,0000000000000000,0,0,3,70afe43db6052378,0,1,0000000000000000,c7dddaf301771db6,c7dddaf301771db6,0,0
1088,1088,0,0000000,00,3,3,3,0000000000000000,0,0,3,70afe43db6052378,0,1,0000000000000000,c7dddaf301771db6,c7dddaf301771db6,0,0
1089,1089,0,0000000,00,3,3,3,0000000000000000,0,0,3,70afe43db6052378,0,1,0000000000000000,c7dddaf301771db6,c7dddaf301771db6,0,0
1090,1090,0,0000000,00,3,3,3,0000000000000000,0,0,3,70afe43db6052378,0,1,0000000000000000,c7dddaf301771db6,c7dddaf301771db6,0,0
1091,1091,0,0000000,00,3,3,3,0000000000000000,0,0,3,70afe43db6052378,0,1,0000000000000000,c7dddaf301771db6,c7dddaf301771db6,0,0
1092,1092,0,0000000,00,3,3,3,0000000000000000,0,0,3,70afe43db6052378,0,1,0000000000000000,c7dddaf301771db6,c7dddaf301771db6,0,0
1093,1093,0,0000000,00,3,3,3,0000000000000000,0,0,3,70afe43db6052378,0,1,0000000000000000,c7dddaf301771db6,c7dddaf301771db6,0,0
1094,1094,0,0000000,00,3,3,3,0000000000000000,0,0,3,70afe43db6052378,0,1,0000000000000000,c7dddaf301771db6,c7dddaf301771db6,0,0
1095,1095,0,0000000,00,3,3,3,0000000000000000,0,0,3,70afe43db6052378,0,1,0000000000000000,c7dddaf301771db6,c7dddaf301771db6,0,0
1096,1096,0,0000000,00,3,3,3,0000000000000000,0,0,3,70afe43db6052378,0,1,0000000000000000,c7dddaf301771db6,c7dddaf301771db6,0,0
1097,1097,0,0000000,00,3,3,3,0000000000000000,0,0,3,70afe43db6052378,0,1,0000000000000000,c7dddaf301771db6,c7dddaf301771db6,0,0
1098,1098,0,0000000,00,3,3,3,0000000000000000,0,0,3,70afe43db6052378,0,1,0000000000000000,c7dddaf301771db6,c7dddaf301771db6,0,0
1099,1099,0,0000000,00,3,3,3,0000000000000000,0,0,3,70afe43db6052378,0,1,0000000000000000,c7dddaf301771db6,c7dddaf301771db6,0,0
1100,1100,0,0000000,00,3,3,3,0000000000000000,0,0,3,70afe43db6052378,0,1,0000000000000000,c7dddaf301771db6,c7dddaf301771db6,0,0
1101,1101,0,0000000,00,3,3,3,0000000000000000,0,0,3,70afe43db6052378,0,1,0000000000000000,c7dddaf301771db6,c7dddaf301771db6,0,0
1102,1102,0,0000000,00,3,3,3,0000000000000000,0,0,3,70afe43db6052378,0,1,0000000000000000,c7dddaf301771db6,c7dddaf301771db6,0,0
1103,1103,0,0000000,00,3,3,3,0000000000000000,0,0,3,70afe43db6052378,0,1,0000000000000000,c7dddaf301771db6,c7dddaf301771db6,0,0
1104,1104,0,0000000,00,3,3,3,0000000000000000,0,0,3,70afe43db6052378,0,1,0000000000000000,c7dddaf301771db6,c7dddaf301771db6,0,0
1105,1105,0,0000000,00,3,3,3,0000000000000000,0,0,3,70afe43db6052378,0,1,0000000000000000,c7dddaf301771db6,c7dddaf301771db6,0,0
1106,1106,0,0000000,00,2,2,2,0000000000000000,0,0,3,70afe43db6052378,0,1,0000000000000000,c7dddaf301771db6,c7dddaf301771db6,0,0
1107,1107,0,0000000,00,3,3,3,0000000000000000,0,0,3,70afe43db6052378,0,1,0000000000000000,c7dddaf301771db6,c7dddaf301771db6,0,0
1108,1108,0,0000000,00,3,3,3,0000000000000000,0,0,3,70afe43db6052378,0,1,0000000000000000,c7dddaf301771db6,c7dddaf301771db6,0,0
1109,1109,0,0000000,00,3,3,3,0000000000000000,0,0,3,70afe43db6052378,0,1,0000000000000000,c7dddaf301771db6,c7dddaf301771db6,0,0
1110,1110,0,0000000,00,3,3,3,0000000000000000,0,0,3,70afe43db6052378,0,1,0000000000000000,c7dddaf301771db6,c7dddaf301771db6,0,0
1111,1111,0,0000000,00,3,3,3,0000000000000000,0,0,3,70afe43db6052378,0,1,0000000000000000,c7dddaf301771db6,c7dddaf301771db6,0,0
1112,1112,0,0000000,00,3,3,3,0000000000000000,0,0,3,70afe43db6052378,0,1,0000000000000000,c7dddaf301771db6,c7dddaf301771db6,0,0
1113,1113,0,0000000,00,3,3,3,0000000000000000,0,0,3,70afe43db6052378,0,1,0000000000000000,c7dddaf301771db6,c7dddaf301771db6,0,0
1114,1114,0,0000000,00,3,3,3,0000000000000000,0,0,3,70afe43db6052378,0,1,0000000000000000,c7dddaf301771db6,c7dddaf301771db6,0,0
1115,1115,0,0000000,00,3,3,3,0000000000000000,0,0,3,70afe43db6052378,0,1,0000000000000000,c7dddaf301771db6,c7dddaf301771db6,0,0
1116,1116,0,0000000,00,3,3,3,0000000000000000,0,0,3,70afe43db6052378,0,1,0000000000000000,c7dddaf301771db6,c7dddaf301771db6,0,0
1117,1117,0,0000000,00,3,3,3,0000000000000000,0,0,3,70afe43db6052378,0,1,0000000000000000,c7dddaf301771db6,c7dddaf301771db6,0,0
1118,1118,0,0000000,00,3,3,3,0000000000000000,0,0,3,70afe43db6052378,0,1,0000000000000000,c7dddaf301771db6,c7dddaf301771db6,0,0
1119,1119,0,0000000,00,3,3,3,0000000000000000,0,0,3,70afe43db6052378,0,1,0000000000000000,c7dddaf301771db6,c7dddaf301771db6,0,0
1120,1120,0,0000000,00,3,3,3,0000000000000000,0,0,3,70afe43db6052378,0,1,0000000000000000,c7dddaf301771db6,c7dddaf301771db6,0,0
1121,1121,0,0000000,00,3,3,3,0000000000000000,0,0,3,70afe43db6052378,0,1,0000000000000000,c7dddaf301771db6,c7dddaf301771db6,0,0
1122,1122,0,0000000,00,3,3,3,0000000000000000,0,0,3,70afe43db6052378,0,1,0000000000000000,c7dddaf301771db6,c7dddaf301771db6,0,0
1123,1123,0,0000000,00,3,3,3,0000000000000000,0,0,3,70afe43db6052378,0,1,0000000000000000,c7dddaf301771db6,c7dddaf301771db6,0,0
1124,1124,0,0000000,00,3,3,3,0000000000000000,0,0,3,70afe43db6052378,0,1,0000000000000000,c7dddaf301771db6,c7dddaf301771db6,0,0
1125,1125,0,0000000,00,3,3,3,0000000000000000,0,0,3,70afe43db6052378,0,1,0000000000000000,c7dddaf301771db6,c7dddaf301771db6,0,0
1126,1126,0,0000000,00,3,3,3,0000000000000000,0,0,3,70afe43db6052378,0,1,0000000000000000,c7dddaf301771db6,c7dddaf301771db6,0,0
1127,1127,0,0000000,00,3,3,3,0000000000000000,0,0,3,70afe43db6052378,0,1,0000000000000000,c7dddaf301771db6,c7dddaf301771db6,0,0
1128,1128,0,0000000,00,3,3,3,0000000000000000,0,0,3,70afe43db6052378,0,1,0000000000000000,c7dddaf301771db6,c7dddaf301771db6,0,0
1129,1129,0,0000000,00,3,3,3,0000000000000000,0,0,3,70afe43db6052378,0,1,0000000000000000,c7dddaf301771db6,c7dddaf301771db6,0,0
1130,1130,0,0000000,00,3,3,3,0000000000000000,0,0,3,70afe43db6052378,0,1,0000000000000000,c7dddaf301771db6,c7dddaf301771db6,0,0
1131,1131,0,0000000,00,3,3,3,0000000000000000,0,0,3,70afe43db6052378,0,1,0000000000000000,c7dddaf301771db6,c7dddaf301771db6,0,0
1132,1132,0,0000000,00,3,3,3,0000000000000000,0,0,3,70afe43db6052378,0,1,0000000000000000,c7dddaf301771db6,c7dddaf301771db6,0,0
1133,1133,0,0000000,00,3,3,3,0000000000000000,0,0,3,70afe43db6052378,0,1,0000000000000000,c7dddaf301771db6,c7dddaf301771db6,0,0
1134,1134,0,0000000,00,3,3,3,0000000000000000,0,0,3,70afe43db6052378,0,1,0000000000000000,c7dddaf301771db6,c7dddaf301771db6,0,0
1135,1135,0,0000000,00,3,3,3,0000000000000000,0,0,3,70afe43db6052378,0,1,0000000000000000,c7dddaf301771db6,c7dddaf301771db6,0,0
1136,1136,0,0000000,00,3,3,3,0000000000000000,0,0,3,70afe43db6052378,0,1,0000000000000000,c7dddaf301771db6,c7dddaf301771db6,0,0
1137,1137,0,0000000,00,3,3,3,0000000000000000,0,0,3,70afe43db6052378,0,1,0000000000000000,c7dddaf301771db6,c7dddaf301771db6,0,0
1138,1138,0,0000000,00,3,3,3,0000000000000000,0,0,3,70afe43db6052378,0,1,0000000000000000,c7dddaf301771db6,c7dddaf301771db6,0,0
1139,1139,0,0000000,00,3,3,3,0000000000000000,0,0,3,70afe43db6052378,0,1,0000000000000000,c7dddaf301771db6,c7dddaf301771db6,0,0
1140,1140,0,0000000,00,3,3,3,0000000000000000,0,0,3,70afe43db6052378,0,1,0000000000000000,c7dddaf301771db6,c7dddaf301771db6,0,0
1141,1141,0,0000000,00,3,3,3,0000000000000000,0,0,3,70afe43db6052378,0,1,0000000000000000,c7dddaf301771db6,c7dddaf301771db6,0,0
1142,1142,0,0000000,00,3,3,3,0000000000000000,0,0,3,70afe43db6052378,0,1,0000000000000000,c7dddaf301771db6,c7dddaf301771db6,0,0
1143,1143,0,0000000,00,3,3,3,0000000000000000,0,0,3,70afe43db6052378,0,1,0000000000000000,c7dddaf301771db6,c7dddaf301771db6,0,0
1144,1144,0,0000000,00,3,3,3,0000000000000000,0,0,3,70afe43db6052378,0,1,0000000000000000,c7dddaf301771db6,c7dddaf301771db6,0,0
1145,1145,0,0000000,00,3,3,3,0000000000000000,0,0,3,70afe43db6052378,0,1,0000000000000000,c7dddaf301771db6,c7dddaf301771db6,0,0
1146,1146,0,0000000,00,3,3,3,0000000000000000,0,0,3,70afe43db6052378,0,1,0000000000000000,c7dddaf301771db6,c7dddaf301771db6,0,0
1147,1147,0,0000000,00,3,3,3,0000000000000000,0,0,3,70afe43db6052378,0,1,0000000000000000,c7dddaf301771db6,c7dddaf301771db6,0,0
1148,1148,0,0000000,00,3,3,3,0000000000000000,0,0,3,70afe43db6052378,0,1,0000000000000000,c7dddaf301771db6,c7dddaf301771db6,0,0
1149,1149,0,0000000,00,3,3,3,0000000000000000,0,0,3,70afe43db6052378,0,1,0000000000000000,c7dddaf301771db6,c7dddaf301771db6,0,0
1150,1150,0,0000000,00,3,3,3,0000000000000000,0,0,3,70afe43db6052378,0,1,0000000000000000,c7dddaf301771db6,c7dddaf301771db6,0,0
1151,1151,0,0000000,00,3,3,3,0000000000000000,0,0,3,70afe43db6052378,0,1,0000000000000000,c7dddaf301771db6,c7dddaf301771db6,0,0
1152,1152,0,0000000,00,3,3,3,0000000000000000,0,0,3,70afe43db6052378,0,1,0000000000000000,c7dddaf301771db6,c7dddaf301771db6,0,0
1153,1153,0,0000000,00,3,3,3,0000000000000000,0,0,3,70afe43db6052378,0,1,0000000000000000,c7dddaf301771db6,c7dddaf301771db6,0,0
1154,1154,0,0000000,00,3,3,3,0000000000000000,0,0,3,70afe43db6052378,0,1,0000000000000000,c7dddaf301771db6,c7dddaf301771db6,0,0
1155,1155,0,0000000,00,3,3,3,0000000000000000,0,0,3,70afe43db6052378,0,1,0000000000000000,c7dddaf301771db6,c7dddaf301771db6,0,0
1156,1156,0,0000000,00,3,3,3,0000000000000000,0,0,3,70afe43db6052378,0,1,0000000000000000,c7dddaf301771db6,c7dddaf301771db6,0,0
1157,1157,0,0000000,00,3,3,3,0000000000000000,0,0,3,70afe43db6052378,0,1,0000000000000000,c7dddaf301771db6,c7dddaf301771db6,0,0
1158,1158,0,0000000,00,3,3,3,0000000000000000,0,0,3,70afe43db6052378,0,1,0000000000000000,c7dddaf301771db6,c7dddaf301771db6,0,0
1159,1159,0,0000000,00,3,3,3,0000000000000000,0,0,3,70afe43db6052378,0,1,0000000000000000,c7dddaf301771db6,c7dddaf301771db6,0,0
1160,1160,0,0000000,00,3,3,3,0000000000000000,0,0,3,70afe43db6052378,0,1,0000000000000000,c7dddaf301771db6,c7dddaf301771db6,0,0
1161,1161,0,0000000,00,3,3,3,0000000000000000,0,0,3,70afe43db6052378,0,1,0000000000000000,c7dddaf301771db6,c7dddaf301771db6,0,0
1162,1162,0,0000000,00,3,3,3,0000000000000000,0,0,3,70afe43db6052378,0,1,0000000000000000,c7dddaf301771db6,c7dddaf301771db6,0,0
1163,1163,0,0000000,00,3,3,3,0000000000000000,0,0,3,70afe43db6052378,0,1,0000000000000000,c7dddaf301771db6,c7dddaf301771db6,0,0
1164,1164,0,0000000,00,3,3,3,0000000000000000,0,0,3,70afe43db6052378,0,1,0000000000000000,c7dddaf301771db6,c7dddaf301771db6,0,0
1165,1165,0,0000000,00,3,3,3,0000000000000000,0,0,3,70afe43db6052378,0,1,0000000000000000,c7dddaf301771db6,c7dddaf301771db6,0,0
1166,1166,0,0000000,00,3,3,3,0000000000000000,0,0,3,70afe43db6052378,0,1,0000000000000000,c7dddaf301771db6,c7dddaf301771db6,0,0
1167,1167,0,0000000,00,3,3,3,0000000000000000,0,0,3,70afe43db6052378,0,1,0000000000000000,c7dddaf301771db6,c7dddaf301771db6,0,0
1168,1168,0,0000000,00,3,3,3,0000000000000000,0,0,3,70afe43db6052378,0,1,0000000000000000,c7dddaf301771db6,c7dddaf301771db6,0,0
1169,1169,0,0000000,00,3,3,3,0000000000000000,0,0,3,70afe43db6052378,0,1,0000000000000000,c7dddaf301771db6,c7dddaf301771db6,0,0
1170,1170,0,0000000,00,3,3,3,0000000000000000,0,0,3,70afe43db6052378,0,1,0000000000000000,c7dddaf301771db6,c7dddaf301771db6,0,0
1171,1171,0,0000000,00,3,3,3,0000000000000000,0,0,3,70afe43db6052378,0,1,0000000000000000,c7dddaf301771db6,c7dddaf301771db6,0,0
1172,1172,0,0000000,00,3,3,3,0000000000000000,0,0,3,70afe43db6052378,0,1,0000000000000000,c7dddaf301771db6,c7dddaf301771db6,0,0
1173,1173,0,0000000,00,3,3,3,0000000000000000,0,0,3,70afe43db6052378,0,1,0000000000000000,c7dddaf301771db6,c7dddaf301771db6,0,0
1174,1174,0,0000000,00,3,3,3,0000000000000000,0,0,3,70afe43db6052378,0,1,0000000000000000,c7dddaf301771db6,c7dddaf301771db6,0,0
1175,1175,0,0000000,00,3,3,3,0000000000000000,0,0,3,70afe43db6052378,0,1,0000000000000000,c7dddaf301771db6,c7dddaf301771db6,0,0
1176,1176,0,0000000,00,3,3,3,0000000000000000,0,0,3,70afe43db6052378,0,1,0000000000000000,c7dddaf301771db6,c7dddaf301771db6,0,0
1177,1177,0,0000000,00,3,3,3,0000000000000000,0,0,3,70afe43db6052378,0,1,0000000000000000,c7dddaf301771db6,c7dddaf301771db6,0,0
1178,1178,0,0000000,00,3,3,3,0000000000000000,0,0,3,70afe43db6052378,0,1,0000000000000000,c7dddaf301771db6,c7dddaf301771db6,0,0
1179,1179,0,0000000,00,3,3,3,0000000000000000,0,0,3,70afe43db6052378,0,1,0000000000000000,c7dddaf301771db6,c7dddaf301771db6,0,0
1180,1180,0,0000000,00,3,3,3,0000000000000000,0,0,3,70afe43db6052378,0,1,0000000000000000,c7dddaf301771db6,c7dddaf301771db6,0,0
1181,1181,0,0000000,00,3,3,3,0000000000000000,0,0,3,70afe43db6052378,0,1,0000000000000000,c7dddaf301771db6,c7dddaf301771db6,0,0
1182,1182,0,0000000,00,3,3,3,0000000000000000,0,0,3,70afe43db6052378,0,1,0000000000000000,c7dddaf301771db6,c7dddaf301771db6,0,0
1183,1183,0,0000000,00,3,3,3,0000000000000000,0,0,3,70afe43db6052378,0,1,0000000000000000,c7dddaf301771db6,c7dddaf301771db6,0,0
1184,1184,0,0000000,00,3,3,3,0000000000000000,0,0,3,70afe43db6052378,0,1,0000000000000000,c7dddaf301771db6,c7dddaf301771db6,0,0
1185,1185,0,0000000,00,3,3,3,0000000000000000,0,0,3,70afe43db6052378,0,1,0000000000000000,c7dddaf301771db6,c7dddaf301771db6,0,0
1186,1186,0,0000000,00,3,3,3,0000000000000000,0,0,3,70afe43db6052378,0,1,0000000000000000,c7dddaf301771db6,c7dddaf301771db6,0,0
1187,1187,0,0000000,00,3,3,3,0000000000000000,0,0,3,70afe43db6052378,0,1,0000000000000000,c7dddaf301771db6,c7dddaf301771db6,0,0
1188,1188,0,0000000,00,3,3,3,0000000000000000,0,0,3,70afe43db6052378,0,1,0000000000000000,c7dddaf301771db6,c7dddaf301771db6,0,0
1189,1189,0,0000000,00,3,3,3,0000000000000000,0,0,3,70afe43db6052378,0,1,0000000000000000,c7dddaf301771db6,c7dddaf301771db6,0,0
1190,1190,0,0000000,00,3,3,3,0000000000000000,0,0,3,70afe43db6052378,0,1,0000000000000000,c7dddaf301771db6,c7dddaf301771db6,0,0
1191,1191,0,0000000,00,3,3,3,0000000000000000,0,0,3,70afe43db6052378,0,1,0000000000000000,c7dddaf301771db6,c7dddaf301771db6,0,0
1192,1192,0,0000000,00,3,3,3,0000000000000000,0,0,3,70afe43db6052378,0,1,0000000000000000,c7dddaf301771db6,c7dddaf301771db6,0,0
1193,1193,0,0000000,00,3,3,3,0000000000000000,0,0,3,70afe43db6052378,0,1,0000000000000000,c7dddaf301771db6,c7dddaf301771db6,0,0
1194,1194,0,0000000,00,3,3,3,0000000000000000,0,0,3,70afe43db6052378,0,1,0000000000000000,c7dddaf301771db6,c7dddaf301771db6,0,0
1195,1195,0,0000000,00,3,3,3,0000000000000000,0,0,3,70afe43db6052378,0,1,0000000000000000,c7dddaf301771db6,c7dddaf301771db6,0,0
1196,1196,0,0000000,00,3,3,3,0000000000000000,0,0,3,70afe43db6052378,0,1,0000000000000000,c7dddaf301771db6,c7dddaf301771db6,0,0
1197,1197,0,0000000,00,3,3,3,0000000000000000,0,0,3,70afe43db6052378,0,1,0000000000000000,c7dddaf301771db6,c7dddaf301771db6,0,0
1198,1198,0,0000000,00,3,3,3,0000000000000000,0,0,3,70afe43db6052378,0,1,0000000000000000,c7dddaf301771db6,c7dddaf301771db6,0,0
1199,1199,0,0000000,00,3,3,3,0000000000000000,0,0,3,70afe43db6052378,0,1,0000000000000000,c7dddaf301771db6,c7dddaf301771db6,0,0
1200,1200,0,0000000,00,3,3,3,0000000000000000,0,0,3,70afe43db6052378,0,1,0000000000000000,c7dddaf301771db6,c7dddaf301771db6,0,0
1201,1201,0,0000000,00,3,3,3,0000000000000000,0,0,3,70afe43db6052378,0,1,0000000000000000,c7dddaf301771db6,c7dddaf301771db6,0,0
1202,1202,0,0000000,00,3,3,3,0000000000000000,0,0,3,70afe43db6052378,0,1,0000000000000000,c7dddaf301771db6,c7dddaf301771db6,0,0
1203,1203,0,0000000,00,3,3,3,0000000000000000,0,0,3,70afe43db6052378,0,1,0000000000000000,c7dddaf301771db6,c7dddaf301771db6,0,0
1204,1204,0,0000000,00,3,3,3,0000000000000000,0,0,3,70afe43db6052378,0,1,0000000000000000,c7dddaf301771db6,c7dddaf301771db6,0,0
1205,1205,0,0000000,00,3,3,3,0000000000000000,0,0,3,70afe43db6052378,0,1,0000000000000000,c7dddaf301771db6,c7dddaf301771db6,0,0
1206,1206,0,0000000,00,3,3,3,0000000000000000,0,0,3,70afe43db6052378,0,1,0000000000000000,c7dddaf301771db6,c7dddaf301771db6,0,0
1207,1207,0,0000000,00,3,3,3,0000000000000000,0,0,3,70afe43db6052378,0,1,0000000000000000,c7dddaf301771db6,c7dddaf301771db6,0,0
1208,1208,0,0000000,00,3,3,3,0000000000000000,0,0,3,70afe43db6052378,0,1,0000000000000000,c7dddaf301771db6,c7dddaf301771db6,0,0
1209,1209,0,0000000,00,3,3,3,0000000000000000,0,0,3,70afe43db6052378,0,1,0000000000000000,c7dddaf301771db6,c7dddaf301771db6,0,0
1210,1210,0,0000000,00,3,3,3,0000000000000000,0,0,3,70afe43db6052378,0,1,0000000000000000,c7dddaf301771db6,c7dddaf301771db6,0,0
1211,1211,0,0000000,00,3,3,3,0000000000000000,0,0,3,70afe43db6052378,0,1,0000000000000000,c7dddaf301771db6,c7dddaf301771db6,0,0
1212,1212,0,0000000,00,3,3,3,0000000000000000,0,0,3,70afe43db6052378,0,1,0000000000000000,c7dddaf301771db6,c7dddaf301771db6,0,0
1213,1213,0,0000000,00,3,3,3,0000000000000000,0,0,3,70afe43db6052378,0,1,0000000000000000,c7dddaf301771db6,c7dddaf301771db6,0,0
1214,1214,0,0000000,00,3,3,3,0000000000000000,0,0,3,70afe43db6052378,0,1,0000000000000000,c7dddaf301771db6,c7dddaf301771db6,0,0
1215,1215,0,0000000,00,3,3,3,0000000000000000,0,0,3,70afe43db6052378,0,1,0000000000000000,c7dddaf301771db6,c7dddaf301771db6,0,0
1216,1216,0,0000000,00,3,3,3,0000000000000000,0,0,3,70afe43db6052378,0,1,0000000000000000,c7dddaf301771db6,c7dddaf301771db6,0,0
1217,1217,0,0000000,00,3,3,3,0000000000000000,0,0,3,70afe43db6052378,0,1,0000000000000000,c7dddaf301771db6,c7dddaf301771db6,0,0
1218,1218,0,0000000,00,3,3,3,0000000000000000,0,0,3,70afe43db6052378,0,1,0000000000000000,c7dddaf301771db6,c7dddaf301771db6,0,0
1219,1219,0,0000000,00,3,3,3,0000000000000000,0,0,3,70afe43db6052378,0,1,0000000000000000,c7dddaf301771db6,c7dddaf301771db6,0,0
1220,1220,0,0000000,00,3,3,3,0000000000000000,0,0,3,70afe43db6052378,0,1,0000000000000000,c7dddaf301771db6,c7dddaf301771db6,0,0
1221,1221,0,0000000,00,3,3,3,0000000000000000,0,0,3,70afe43db6052378,0,1,0000000000000000,c7dddaf301771db6,c7dddaf301771db6,0,0
1222,1222,0,0000000,00,3,3,3,0000000000000000,0,0,3,70afe43db6052378,0,1,0000000000000000,c7dddaf301771db6,c7dddaf301771db6,0,0
1223,1223,0,0000000,00,3,3,3,0000000000000000,0,0,3,70afe43db6052378,0,1,0000000000000000,c7dddaf301771db6,c7dddaf301771db6,0,0
1224,1224,0,0000000,00,3,3,3,0000000000000000,0,0,3,70afe43db6052378,0,1,0000000000000000,c7dddaf301771db6,c7dddaf301771db6,0,0
1225,1225,0,0000000,00,3,3,3,0000000000000000,0,0,3,70afe43db6052378,0,1,0000000000000000,c7dddaf301771db6,c7dddaf301771db6,0,0
1226,1226,0,0000000,00,3,3,3,0000000000000000,0,0,3,70afe43db6052378,0,1,0000000000000000,c7dddaf301771db6,c7dddaf301771db6,0,0
1227,1227,0,0000000,00,3,3,3,0000000000000000,0,0,3,70afe43db6052378,0,1,0000000000000000,c7dddaf301771db6,c7dddaf301771db6,0,0
1228,1228,0,0000000,00,3,3,3,0000000000000000,0,0,3,70afe43db6052378,0,1,0000000000000000,c7dddaf301771db6,c7dddaf301771db6,0,0
1229,1229,0,0000000,00,3,3,3,0000000000000000,0,0,3,70afe43db6052378,0,1,0000000000000000,c7dddaf301771db6,c7dddaf301771db6,0,0
1230,1230,0,0000000,00,3,3,3,0000000000000000,0,0,3,70afe43db6052378,0,1,0000000000000000,c7dddaf301771db6,c7dddaf301771db6,0,0
1231,1231,0,0000000,00,3,3,3,0000000000000000,0,0,3,70afe43db6052378,0,1,0000000000000000,c7dddaf301771db6,c7dddaf301771db6,0,0
1232,1232,0,0000000,00,3,3,3,0000000000000000,0,0,3,70afe43db6052378,0,1,0000000000000000,c7dddaf301771db6,c7dddaf301771db6,0,0
1233,1233,0,0000000,00,3,3,3,0000000000000000,0,0,3,70afe43db6052378,0,1,0000000000000000,c7dddaf301771db6,c7dddaf301771db6,0,0
1234,1234,0,0000000,00,3,3,3,0000000000000000,0,0,3,70afe43db6052378,0,1,0000000000000000,c7dddaf301771db6,c7dddaf301771db6,0,0
1235,1235,0,0000000,00,3,3,3,0000000000000000,0,0,3,70afe43db6052378,0,1,0000000000000000,c7dddaf301771db6,c7dddaf301771db6,0,0
1236,1236,0,0000000,00,3,3,3,0000000000000000,0,0,3,70afe43db6052378,0,1,0000000000000000,c7dddaf301771db6,c7dddaf301771db6,0,0
1237,1237,0,0000000,00,3,3,3,0000000000000000,0,0,3,70afe43db6052378,0,1,0000000000000000,c7dddaf301771db6,c7dddaf301771db6,0,0
1238,1238,0,0000000,00,3,3,3,0000000000000000,0,0,3,70afe43db6052378,0,1,0000000000000000,c7dddaf301771db6,c7dddaf301771db6,0,0
1239,1239,0,0000000,00,3,3,3,0000000000000000,0,0,3,70afe43db6052378,0,1,0000000000000000,c7dddaf301771db6,c7dddaf301771db6,0,0
1240,1240,0,0000000,00,3,3,3,0000000000000000,0,0,3,70afe43db6052378,0,1,0000000000000000,c7dddaf301771db6,c7dddaf301771db6,0,0
1241,1241,0,0000000,00,3,3,3,0000000000000000,0,0,3,70afe43db6052378,0,1,0000000000000000,c7dddaf301771db6,c7dddaf301771db6,0,0
1242,1242,0,0000000,00,3,3,3,0000000000000000,0,0,3,70afe43db6052378,0,1,0000000000000000,c7dddaf301771db6,c7dddaf301771db6,0,0
1243,1243,0,0000000,00,3,3,3,0000000000000000,0,0,3,70afe43db6052378,0,1,0000000000000000,c7dddaf301771db6,c7dddaf301771db6,0,0
1244,1244,0,0000000,00,3,3,3,0000000000000000,0,0,3,70afe43db6052378,0,1,0000000000000000,c7dddaf301771db6,c7dddaf301771db6,0,0
1245,1245,0,0000000,00,3,3,3,0000000000000000,0,0,3,70afe43db6052378,0,1,0000000000000000,c7dddaf301771db6,c7dddaf301771db6,0,0
1246,1246,0,0000000,00,3,3,3,0000000000000000,0,0,3,70afe43db6052378,0,1,0000000000000000,c7dddaf301771db6,c7dddaf301771db6,0,0
1247,1247,0,0000000,00,3,3,3,0000000000000000,0,0,3,70afe43db6052378,0,1,0000000000000000,c7dddaf301771db6,c7dddaf301771db6,0,0
1248,1248,0,0000000,00,3,3,3,0000000000000000,0,0,3,70afe43db6052378,0,1,0000000000000000,c7dddaf301771db6,c7dddaf301771db6,0,0
1249,1249,0,0000000,00,3,3,3,0000000000000000,0,0,3,70afe43db6052378,0,1,0000000000000000,c7dddaf301771db6,c7dddaf301771db6,0,0
1250,1250,0,0000000,00,3,3,3,0000000000000000,0,0,3,70afe43db6052378,0,1,0000000000000000,c7dddaf301771db6,c7dddaf301771db6,0,0
1251,1251,0,0000000,00,3,3,3,0000000000000000,0,0,3,70afe43db6052378,0,1,0000000000000000,c7dddaf301771db6,c7dddaf301771db6,0,0
1252,1252,0,0000000,00,3,3,3,0000000000000000,0,0,3,70afe43db6052378,0,1,0000000000000000,c7dddaf301771db6,c7dddaf301771db6,0,0
1253,1253,0,0000000,00,3,3,3,0000000000000000,0,0,3,70afe43db6052378,0,1,0000000000000000,c7dddaf301771db6,c7dddaf301771db6,0,0
1254,1254,0,0000000,00,3,3,3,0000000000000000,0,0,3,70afe43db6052378,0,1,0000000000000000,c7dddaf301771db6,c7dddaf301771db6,0,0
1255,1255,0,0000000,00,3,3,3,0000000000000000,0,0,3,70afe43db6052378,0,1,0000000000000000,c7dddaf301771db6,c7dddaf301771db6,0,0
1256,1256,0,0000000,00,3,3,3,0000000000000000,0,0,3,70afe43db6052378,0,1,0000000000000000,c7dddaf301771db6,c7dddaf301771db6,0,0
1257,1257,0,0000000,00,3,3,3,0000000000000000,0,0,3,70afe43db6052378,0,1,0000000000000000,c7dddaf301771db6,c7dddaf301771db6,0,0
1258,1258,0,0000000,00,3,3,3,0000000000000000,0,0,3,70afe43db6052378,0,1,0000000000000000,c7dddaf301771db6,c7dddaf301771db6,0,0
1259,1259,0,0000000,00,3,3,3,0000000000000000,0,0,3,70afe43db6052378,0,1,0000000000000000,c7dddaf301771db6,c7dddaf301771db6,0,0
1260,1260,0,0000000,00,3,3,3,0000000000000000,0,0,3,70afe43db6052378,0,1,0000000000000000,c7dddaf301771db6,c7dddaf301771db6,0,0
1261,1261,0,0000000,00,3,3,3,0000000000000000,0,0,3,70afe43db6052378,0,1,0000000000000000,c7dddaf301771db6,c7dddaf301771db6,0,0
1262,1262,0,0000000,00,3,3,3,0000000000000000,0,0,3,70afe43db6052378,0,1,0000000000000000,c7dddaf301771db6,c7dddaf301771db6,0,0
1263,1263,0,0000000,00,3,3,3,0000000000000000,0,0,3,70afe43db6052378,0,1,0000000000000000,c7dddaf301771db6,c7dddaf301771db6,0,0
1264,1264,0,0000000,00,3,3,3,0000000000000000,0,0,3,70afe43db6052378,0,1,0000000000000000,c7dddaf301771db6,c7dddaf301771db6,0,0
1265,1265,0,0000000,00,3,3,3,0000000000000000,0,0,3,70afe43db6052378,0,1,0000000000000000,c7dddaf301771db6,c7dddaf301771db6,0,0
1266,1266,0,0000000,00,3,3,3,0000000000000000,0,0,3,70afe43db6052378,0,1,0000000000000000,c7dddaf301771db6,c7dddaf301771db6,0,0
1267,1267,0,0000000,00,3,3,3,0000000000000000,0,0,3,70afe43db6052378,0,1,0000000000000000,c7dddaf301771db6,c7dddaf301771db6,0,0
1268,1268,0,0000000,00,3,3,3,0000000000000000,0,0,3,70afe43db6052378,0,1,0000000000000000,c7dddaf301771db6,c7dddaf301771db6,0,0
1269,1269,0,0000000,00,3,3,3,0000000000000000,0,0,3,70afe43db6052378,0,1,0000000000000000,c7dddaf301771db6,c7dddaf301771db6,0,0
1270,1270,0,0000000,00,3,3,3,0000000000000000,0,0,3,70afe43db6052378,0,1,0000000000000000,c7dddaf301771db6,c7dddaf301771db6,0,0
1271,1271,0,0000000,00,3,3,3,0000000000000000,0,0,3,70afe43db6052378,0,1,0000000000000000,c7dddaf301771db6,c7dddaf301771db6,0,0
1272,1272,0,0000000,00,3,3,3,0000000000000000,0,0,3,70afe43db6052378,0,1,0000000000000000,c7dddaf301771db6,c7dddaf301771db6,0,0
1273,1273,0,0000000,00,3,3,3,0000000000000000,0,0,3,70afe43db6052378,0,1,0000000000000000,c7dddaf301771db6,c7dddaf301771db6,0,0
1274,1274,0,0000000,00,3,3,3,0000000000000000,0,0,3,70afe43db6052378,0,1,0000000000000000,c7dddaf301771db6,c7dddaf301771db6,0,0
1275,1275,0,0000000,00,3,3,3,0000000000000000,0,0,3,70afe43db6052378,0,1,0000000000000000,c7dddaf301771db6,c7dddaf301771db6,0,0
1276,1276,0,0000000,00,3,3,3,0000000000000000,0,0,3,70afe43db6052378,0,1,0000000000000000,c7dddaf301771db6,c7dddaf301771db6,0,0
1277,1277,0,0000000,00,3,3,3,0000000000000000,0,0,3,70afe43db6052378,0,1,0000000000000000,c7dddaf301771db6,c7dddaf301771db6,0,0
1278,1278,0,0000000,00,3,3,3,0000000000000000,0,0,3,70afe43db6052378,0,1,0000000000000000,c7dddaf301771db6,c7dddaf301771db6,0,0
1279,1279,0,0000000,00,3,3,3,0000000000000000,0,0,3,70afe43db6052378,0,1,0000000000000000,c7dddaf301771db6,c7dddaf301771db6,0,0
1280,1280,0,0000000,00,3,3,3,0000000000000000,0,0,3,70afe43db6052378,0,1,0000000000000000,c7dddaf301771db6,c7dddaf301771db6,0,0
1281,1281,0,0000000,00,3,3,3,0000000000000000,0,0,3,70afe43db6052378,0,1,0000000000000000,c7dddaf301771db6,c7dddaf301771db6,0,0
1282,1282,0,0000000,00,3,3,3,0000000000000000,0,0,3,70afe43db6052378,0,1,0000000000000000,c7dddaf301771db6,c7dddaf301771db6,0,0
1283,1283,0,0000000,00,3,3,3,0000000000000000,0,0,3,70afe43db6052378,0,1,0000000000000000,c7dddaf301771db6,c7dddaf301771db6,0,0
1284,1284,0,0000000,00,3,3,3,0000000000000000,0,0,3,70afe43db6052378,0,1,0000000000000000,c7dddaf301771db6,c7dddaf301771db6,0,0
1285,1285,0,0000000,00,3,3,3,0000000000000000,0,0,3,70afe43db6052378,0,1,0000000000000000,c7dddaf301771db6,c7dddaf301771db6,0,0
1286,1286,0,0000000,00,3,3,3,0000000000000000,0,0,3,70afe43db6052378,0,1,0000000000000000,c7dddaf301771db6,c7dddaf301771db6,0,0
1287,1287,0,0000000,00,3,3,3,0000000000000000,0,0,3,70afe43db6052378,0,1,0000000000000000,c7dddaf301771db6,c7dddaf301771db6,0,0
1288,1288,0,0000000,00,3,3,3,0000000000000000,0,0,3,70afe43db6052378,0,1,0000000000000000,c7dddaf301771db6,c7dddaf301771db6,0,0
1289,1289,0,0000000,00,3,3,3,0000000000000000,0,0,3,70afe43db6052378,0,1,0000000000000000,c7dddaf301771db6,c7dddaf301771db6,0,0
1290,1290,0,0000000,00,3,3,3,0000000000000000,0,0,3,70afe43db6052378,0,1,0000000000000000,c7dddaf301771db6,c7dddaf301771db6,0,0
1291,1291,0,0000000,00,3,3,3,0000000000000000,0,0,3,70afe43db6052378,0,1,0000000000000000,c7dddaf301771db6,c7dddaf301771db6,0,0
1292,1292,0,0000000,00,3,3,3,0000000000000000,0,0,3,70afe43db6052378,0,1,0000000000000000,c7dddaf301771db6,c7dddaf301771db6,0,0
1293,1293,0,0000000,00,3,3,3,0000000000000000,0,0,3,70afe43db6052378,0,1,0000000000000000,c7dddaf301771db6,c7dddaf301771db6,0,0
1294,1294,0,0000000,00,3,3,3,0000000000000000,0,0,3,70afe43db6052378,0,1,0000000000000000,c7dddaf301771db6,c7dddaf301771db6,0,0
1295,1295,0,0000000,00,3,3,3,0000000000000000,0,0,3,70afe43db6052378,0,1,0000000000000000,c7dddaf301771db6,c7dddaf301771db6,0,0
1296,1296,0,0000000,00,3,3,3,0000000000000000,0,0,3,70afe43db6052378,0,1,0000000000000000,c7dddaf301771db6,c7dddaf301771db6,0,0
1297,1297,0,0000000,00,3,3,3,0000000000000000,0,0,3,70afe43db6052378,0,1,0000000000000000,c7dddaf301771db6,c7dddaf301771db6,0,0
1298,1298,0,0000000,00,3,3,3,0000000000000000,0,0,3,70afe43db6052378,0,1,0000000000000000,c7dddaf301771db6,c7dddaf301771db6,0,0
1299,1299,0,0000000,00,3,3,3,0000000000000000,0,0,3,70afe43db6052378,0,1,0000000000000000,c7dddaf301771db6,c7dddaf301771db6,0,0
1300,1300,0,0000000,00,3,3,3,0000000000000000,0,0,3,70afe43db6052378,0,1,0000000000000000,c7dddaf301771db6,c7dddaf301771db6,0,0
1301,1301,0,0000000,00,3,3,3,0000000000000000,0,0,3,70afe43db6052378,0,1,0000000000000000,c7dddaf301771db6,c7dddaf301771db6,0,0
1302,1302,0,0000000,00,3,3,3,0000000000000000,0,0,3,70afe43db6052378,0,1,0000000000000000,c7dddaf301771db6,c7dddaf301771db6,0,0
1303,1303,0,0000000,00,3,3,3,0000000000000000,0,0,3,70afe43db6052378,0,1,0000000000000000,c7dddaf301771db6,c7dddaf301771db6,0,0
1304,1304,0,0000000,00,3,3,3,0000000000000000,0,0,3,70afe43db6052378,0,1,0000000000000000,c7dddaf301771db6,c7dddaf301771db6,0,0
1305,1305,0,0000000,00,3,3,3,0000000000000000,0,0,3,70afe43db6052378,0,1,0000000000000000,c7dddaf301771db6,c7dddaf301771db6,0,0
1306,1306,0,0000000,00,3,3,3,0000000000000000,0,0,3,70afe43db6052378,0,1,0000000000000000,c7dddaf301771db6,c7dddaf301771db6,0,0
1307,1307,0,0000000,00,3,3,3,0000000000000000,0,0,3,70afe43db6052378,0,1,0000000000000000,c7dddaf301771db6,c7dddaf301771db6,0,0
1308,1308,0,0000000,00,3,3,3,0000000000000000,0,0,3,70afe43db6052378,0,1,0000000000000000,c7dddaf301771db6,c7dddaf301771db6,0,0
1309,1309,0,0000000,00,3,3,3,0000000000000000,0,0,3,70afe43db6052378,0,1,0000000000000000,c7dddaf301771db6,c7dddaf301771db6,0,0
1310,1310,0,0000000,00,3,3,3,0000000000000000,0,0,3,70afe43db6052378,0,1,0000000000000000,c7dddaf301771db6,c7dddaf301771db6,0,0
1311,1311,0,0000000,00,3,3,3,0000000000000000,0,0,3,70afe43db6052378,0,1,0000000000000000,c7dddaf301771db6,c7dddaf301771db6,0,0
1312,1312,0,0000000,00,3,3,3,0000000000000000,0,0,3,70afe43db6052378,0,1,0000000000000000,c7dddaf301771db6,c7dddaf301771db6,0,0
1313,1313,0,0000000,00,3,3,3,0000000000000000,0,0,3,70afe43db6052378,0,1,0000000000000000,c7dddaf301771db6,c7dddaf301771db6,0,0
1314,1314,0,0000000,00,3,3,3,0000000000000000,0,0,3,70afe43db6052378,0,1,0000000000000000,c7dddaf301771db6,c7dddaf301771db6,0,0
1315,1315,0,0000000,00,3,3,3,0000000000000000,0,0,3,70afe43db6052378,0,1,0000000000000000,c7dddaf301771db6,c7dddaf301771db6,0,0
1316,1316,0,0000000,00,3,3,3,0000000000000000,0,0,3,70afe43db6052378,0,1,0000000000000000,c7dddaf301771db6,c7dddaf301771db6,0,0
1317,1317,0,0000000,00,3,3,3,0000000000000000,0,0,3,70afe43db6052378,0,1,0000000000000000,c7dddaf301771db6,c7dddaf301771db6,0,0
1318,1318,0,0000000,00,3,3,3,0000000000000000,0,0,3,70afe43db6052378,0,1,0000000000000000,c7dddaf301771db6,c7dddaf301771db6,0,0
1319,1319,0,0000000,00,3,3,3,0000000000000000,0,0,3,70afe43db6052378,0,1,0000000000000000,c7dddaf301771db6,c7dddaf301771db6,0,0
1320,1320,0,0000000,00,3,3,3,0000000000000000,0,0,3,70afe43db6052378,0,1,0000000000000000,c7dddaf301771db6,c7dddaf301771db6,0,0
1321,1321,0,0000000,00,3,3,3,0000000000000000,0,0,3,70afe43db6052378,0,1,0000000000000000,c7dddaf301771db6,c7dddaf301771db6,0,0
1322,1322,0,0000000,00,3,3,3,0000000000000000,0,0,3,70afe43db6052378,0,1,0000000000000000,c7dddaf301771db6,c7dddaf301771db6,0,0
1323,1323,0,0000000,00,3,3,3,0000000000000000,0,0,3,70afe43db6052378,0,1,0000000000000000,c7dddaf301771db6,c7dddaf301771db6,0,0
1324,1324,0,0000000,00,3,3,3,0000000000000000,0,0,3,70afe43db6052378,0,1,0000000000000000,c7dddaf301771db6,c7dddaf301771db6,0,0
1325,1325,0,0000000,00,3,3,3,0000000000000000,0,0,3,70afe43db6052378,0,1,0000000000000000,c7dddaf301771db6,c7dddaf301771db6,0,0
1326,1326,0,0000000,00,3,3,3,0000000000000000,0,0,3,70afe43db6052378,0,1,0000000000000000,c7dddaf301771db6,c7dddaf301771db6,0,0
1327,1327,0,0000000,00,3,3,3,0000000000000000,0,0,3,70afe43db6052378,0,1,0000000000000000,c7dddaf301771db6,c7dddaf301771db6,0,0
1328,1328,0,0000000,00,3,3,3,0000000000000000,0,0,3,70afe43db6052378,0,1,0000000000000000,c7dddaf301771db6,c7dddaf301771db6,0,0
1329,1329,0,0000000,00,3,3,3,0000000000000000,0,0,3,70afe43db6052378,0,1,0000000000000000,c7dddaf301771db6,c7dddaf301771db6,0,0
1330,1330,0,0000000,00,3,3,3,0000000000000000,0,0,3,70afe43db6052378,0,1,0000000000000000,c7dddaf301771db6,c7dddaf301771db6,0,0
1331,1331,0,0000000,00,3,3,3,0000000000000000,0,0,3,70afe43db6052378,0,1,0000000000000000,c7dddaf301771db6,c7dddaf301771db6,0,0
1332,1332,0,0000000,00,3,3,3,0000000000000000,0,0,3,70afe43db6052378,0,1,0000000000000000,c7dddaf301771db6,c7dddaf301771db6,0,0
1333,1333,0,0000000,00,3,3,3,0000000000000000,0,0,3,70afe43db6052378,0,1,0000000000000000,c7dddaf301771db6,c7dddaf301771db6,0,0
1334,1334,0,0000000,00,3,3,3,0000000000000000,0,0,3,70afe43db6052378,0,1,0000000000000000,c7dddaf301771db6,c7dddaf301771db6,0,0
1335,1335,0,0000000,00,3,3,3,0000000000000000,0,0,3,70afe43db6052378,0,1,0000000000000000,c7dddaf301771db6,c7dddaf301771db6,0,0
1336,1336,0,0000000,00,3,3,3,0000000000000000,0,0,3,70afe43db6052378,0,1,0000000000000000,c7dddaf301771db6,c7dddaf301771db6,0,0
1337,1337,0,0000000,00,3,3,3,0000000000000000,0,0,3,70afe43db6052378,0,1,0000000000000000,c7dddaf301771db6,c7dddaf301771db6,0,0
1338,1338,0,0000000,00,3,3,3,0000000000000000,0,0,3,70afe43db6052378,0,1,0000000000000000,c7dddaf301771db6,c7dddaf301771db6,0,0
1339,1339,0,0000000,00,3,3,3,0000000000000000,0,0,3,70afe43db6052378,0,1,0000000000000000,c7dddaf301771db6,c7dddaf301771db6,0,0
1340,1340,0,0000000,00,3,3,3,0000000000000000,0,0,3,70afe43db6052378,0,1,0000000000000000,c7dddaf301771db6,c7dddaf301771db6,0,0
1341,1341,0,0000000,00,3,3,3,0000000000000000,0,0,3,70afe43db6052378,0,1,0000000000000000,c7dddaf301771db6,c7dddaf301771db6,0,0
1342,1342,0,0000000,00,3,3,3,0000000000000000,0,0,3,70afe43db6052378,0,1,0000000000000000,c7dddaf301771db6,c7dddaf301771db6,0,0
1343,1343,0,0000000,00,3,3,3,0000000000000000,0,0,3,70afe43db6052378,0,1,0000000000000000,c7dddaf301771db6,c7dddaf301771db6,0,0
1344,1344,0,0000000,00,3,3,3,0000000000000000,0,0,3,70afe43db6052378,0,1,0000000000000000,c7dddaf301771db6,c7dddaf301771db6,0,0
1345,1345,0,0000000,00,3,3,3,0000000000000000,0,0,3,70afe43db6052378,0,1,0000000000000000,c7dddaf301771db6,c7dddaf301771db6,0,0
1346,1346,0,0000000,00,3,3,3,0000000000000000,0,0,3,70afe43db6052378,0,1,0000000000000000,c7dddaf301771db6,c7dddaf301771db6,0,0
1347,1347,0,0000000,00,3,3,3,0000000000000000,0,0,3,70afe43db6052378,0,1,0000000000000000,c7dddaf301771db6,c7dddaf301771db6,0,0
1348,1348,0,0000000,00,3,3,3,0000000000000000,0,0,3,70afe43db6052378,0,1,0000000000000000,c7dddaf301771db6,c7dddaf301771db6,0,0
1349,1349,0,0000000,00,3,3,3,0000000000000000,0,0,3,70afe43db6052378,0,1,0000000000000000,c7dddaf301771db6,c7dddaf301771db6,0,0
1350,1350,0,0000000,00,3,3,3,0000000000000000,0,0,3,70afe43db6052378,0,1,0000000000000000,c7dddaf301771db6,c7dddaf301771db6,0,0
1351,1351,0,0000000,00,3,3,3,0000000000000000,0,0,3,70afe43db6052378,0,1,0000000000000000,c7dddaf301771db6,c7dddaf301771db6,0,0
1352,1352,0,0000000,00,3,3,3,0000000000000000,0,0,3,70afe43db6052378,0,1,0000000000000000,c7dddaf301771db6,c7dddaf301771db6,0,0
1353,1353,0,0000000,00,3,3,3,0000000000000000,0,0,3,70afe43db6052378,0,1,0000000000000000,c7dddaf301771db6,c7dddaf301771db6,0,0
1354,1354,0,0000000,00,3,3,3,0000000000000000,0,0,3,70afe43db6052378,0,1,0000000000000000,c7dddaf301771db6,c7dddaf301771db6,0,0
1355,1355,0,0000000,00,3,3,3,0000000000000000,0,0,3,70afe43db6052378,0,1,0000000000000000,c7dddaf301771db6,c7dddaf301771db6,0,0
1356,1356,0,0000000,00,3,3,3,0000000000000000,0,0,3,70afe43db6052378,0,1,0000000000000000,c7dddaf301771db6,c7dddaf301771db6,0,0
1357,1357,0,0000000,00,3,3,3,0000000000000000,0,0,3,70afe43db6052378,0,1,0000000000000000,c7dddaf301771db6,c7dddaf301771db6,0,0
1358,1358,0,0000000,00,3,3,3,0000000000000000,0,0,3,70afe43db6052378,0,1,0000000000000000,c7dddaf301771db6,c7dddaf301771db6,0,0
1359,1359,0,0000000,00,3,3,3,0000000000000000,0,0,3,70afe43db6052378,0,1,0000000000000000,c7dddaf301771db6,c7dddaf301771db6,0,0
1360,1360,0,0000000,00,3,3,3,0000000000000000,0,0,3,70afe43db6052378,0,1,0000000000000000,c7dddaf301771db6,c7dddaf301771db6,0,0
1361,1361,0,0000000,00,3,3,3,0000000000000000,0,0,3,70afe43db6052378,0,1,0000000000000000,c7dddaf301771db6,c7dddaf301771db6,0,0
1362,1362,0,0000000,00,3,3,3,0000000000000000,0,0,3,70afe43db6052378,0,1,0000000000000000,c7dddaf301771db6,c7dddaf301771db6,0,0
1363,1363,0,0000000,00,3,3,3,0000000000000000,0,0,3,70afe43db6052378,0,1,0000000000000000,c7dddaf301771db6,c7dddaf301771db6,0,0
1364,1364,0,0000000,00,3,3,3,0000000000000000,0,0,3,70afe43db6052378,0,1,0000000000000000,c7dddaf301771db6,c7dddaf301771db6,0,0
1365,1365,0,0000000,00,3,3,3,0000000000000000,0,0,3,70afe43db6052378,0,1,0000000000000000,c7dddaf301771db6,c7dddaf301771db6,0,0
1366,1366,0,0000000,00,3,3,3,0000000000000000,0,0,3,70afe43db6052378,0,1,0000000000000000,c7dddaf301771db6,c7dddaf301771db6,0,0
1367,1367,0,0000000,00,3,3,3,0000000000000000,0,0,3,70afe43db6052378,0,1,0000000000000000,c7dddaf301771db6,c7dddaf301771db6,0,0
1368,1368,0,0000000,00,3,3,3,0000000000000000,0,0,3,70afe43db6052378,0,1,0000000000000000,c7dddaf301771db6,c7dddaf301771db6,0,0
1369,1369,0,0000000,00,3,3,3,0000000000000000,0,0,3,70afe43db6052378,0,1,0000000000000000,c7dddaf301771db6,c7dddaf301771db6,0,0
1370,1370,0,0000000,00,3,3,3,0000000000000000,0,0,3,70afe43db6052378,0,1,0000000000000000,c7dddaf301771db6,c7dddaf301771db6,0,0
1371,1371,0,0000000,00,3,3,3,0000000000000000,0,0,3,70afe43db6052378,0,1,0000000000000000,c7dddaf301771db6,c7dddaf301771db6,0,0
1372,1372,0,0000000,00,3,3,3,0000000000000000,0,0,3,70afe43db6052378,0,1,0000000000000000,c7dddaf301771db6,c7dddaf301771db6,0,0
1373,1373,0,0000000,00,3,3,3,0000000000000000,0,0,3,70afe43db6052378,0,1,0000000000000000,c7dddaf301771db6,c7dddaf301771db6,0,0
1374,1374,0,0000000,00,3,3,3,0000000000000000,0,0,3,70afe43db6052378,0,1,0000000000000000,c7dddaf301771db6,c7dddaf301771db6,0,0
1375,1375,0,0000000,00,3,3,3,0000000000000000,0,0,3,70afe43db6052378,0,1,0000000000000000,c7dddaf301771db6,c7dddaf301771db6,0,0
1376,1376,0,0000000,00,3,3,3,0000000000000000,0,0,3,70afe43db6052378,0,1,0000000000000000,c7dddaf301771db6,c7dddaf301771db6,0,0
1377,1377,0,0000000,00,3,3,3,0000000000000000,0,0,3,70afe43db6052378,0,1,0000000000000000,c7dddaf301771db6,c7dddaf301771db6,0,0
1378,1378,0,0000000,00,3,3,3,0000000000000000,0,0,3,70afe43db6052378,0,1,0000000000000000,c7dddaf301771db6,c7dddaf301771db6,0,0
1379,1379,0,0000000,00,3,3,3,0000000000000000,0,0,3,70afe43db6052378,0,1,0000000000000000,c7dddaf301771db6,c7dddaf301771db6,0,0
1380,1380,0,0000000,00,3,3,3,0000000000000000,0,0,3,70afe43db6052378,0,1,0000000000000000,c7dddaf301771db6,c7dddaf301771db6,0,0
1381,1381,0,0000000,00,3,3,3,0000000000000000,0,0,3,70afe43db6052378,0,1,0000000000000000,c7dddaf301771db6,c7dddaf301771db6,0,0
1382,1382,0,0000000,00,3,3,3,0000000000000000,0,0,3,70afe43db6052378,0,1,0000000000000000,c7dddaf301771db6,c7dddaf301771db6,0,0
1383,1383,0,0000000,00,3,3,3,0000000000000000,0,0,3,70afe43db6052378,0,1,0000000000000000,c7dddaf301771db6,c7dddaf301771db6,0,0
1384,1384,0,0000000,00,3,3,3,0000000000000000,0,0,3,70afe43db6052378,0,1,0000000000000000,c7dddaf301771db6,c7dddaf301771db6,0,0
1385,1385,0,0000000,00,3,3,3,0000000000000000,0,0,3,70afe43db6052378,0,1,0000000000000000,c7dddaf301771db6,c7dddaf301771db6,0,0
1386,1386,0,0000000,00,3,3,3,0000000000000000,0,0,3,70afe43db6052378,0,1,0000000000000000,c7dddaf301771db6,c7dddaf301771db6,0,0
1387,1387,0,0000000,00,3,3,3,0000000000000000,0,0,3,70afe43db6052378,0,1,0000000000000000,c7dddaf301771db6,c7dddaf301771db6,0,0
1388,1388,0,0000000,00,3,3,3,0000000000000000,0,0,3,70afe43db6052378,0,1,0000000000000000,c7dddaf301771db6,c7dddaf301771db6,0,0
1389,1389,0,0000000,00,3,3,3,0000000000000000,0,0,3,70afe43db6052378,0,1,0000000000000000,c7dddaf301771db6,c7dddaf301771db6,0,0
1390,1390,0,0000000,00,3,3,3,0000000000000000,0,0,3,70afe43db6052378,0,1,0000000000000000,c7dddaf301771db6,c7dddaf301771db6,0,0
1391,1391,0,0000000,00,3,3,3,0000000000000000,0,0,3,70afe43db6052378,0,1,0000000000000000,c7dddaf301771db6,c7dddaf301771db6,0,0
1392,1392,0,0000000,00,3,3,3,0000000000000000,0,0,3,70afe43db6052378,0,1,0000000000000000,c7dddaf301771db6,c7dddaf301771db6,0,0
1393,1393,0,0000000,00,3,3,3,0000000000000000,0,0,3,70afe43db6052378,0,1,0000000000000000,c7dddaf301771db6,c7dddaf301771db6,0,0
1394,1394,0,0000000,00,3,3,3,0000000000000000,0,0,3,70afe43db6052378,0,1,0000000000000000,c7dddaf301771db6,c7dddaf301771db6,0,0
1395,1395,0,0000000,00,3,3,3,0000000000000000,0,0,3,70afe43db6052378,0,1,0000000000000000,c7dddaf301771db6,c7dddaf301771db6,0,0
1396,1396,0,0000000,00,3,3,3,0000000000000000,0,0,3,70afe43db6052378,0,1,0000000000000000,c7dddaf301771db6,c7dddaf301771db6,0,0
1397,1397,0,0000000,00,3,3,3,0000000000000000,0,0,3,70afe43db6052378,0,1,0000000000000000,c7dddaf301771db6,c7dddaf301771db6,0,0
1398,1398,0,0000000,00,3,3,3,0000000000000000,0,0,3,70afe43db6052378,0,1,0000000000000000,c7dddaf301771db6,c7dddaf301771db6,0,0
1399,1399,0,0000000,00,3,3,3,0000000000000000,0,0,3,70afe43db6052378,0,1,0000000000000000,c7dddaf301771db6,c7dddaf301771db6,0,0
1400,1400,0,0000000,00,3,3,3,0000000000000000,0,0,3,70afe43db6052378,0,1,0000000000000000,c7dddaf301771db6,c7dddaf301771db6,0,0
1401,1401,0,0000000,00,3,3,3,0000000000000000,0,0,3,70afe43db6052378,0,1,0000000000000000,c7dddaf301771db6,c7dddaf301771db6,0,0
1402,1402,0,0000000,00,3,3,3,0000000000000000,0,0,3,70afe43db6052378,0,1,0000000000000000,c7dddaf301771db6,c7dddaf301771db6,0,0
1403,1403,0,0000000,00,3,3,3,0000000000000000,0,0,3,70afe43db6052378,0,1,0000000000000000,c7dddaf301771db6,c7dddaf301771db6,0,0
1404,1404,0,0000000,00,3,3,3,0000000000000000,0,0,3,70afe43db6052378,0,1,0000000000000000,c7dddaf301771db6,c7dddaf301771db6,0,0
1405,1405,0,0000000,00,3,3,3,0000000000000000,0,0,3,70afe43db6052378,0,1,0000000000000000,c7dddaf301771db6,c7dddaf301771db6,0,0
1406,1406,0,0000000,00,3,3,3,0000000000000000,0,0,3,70afe43db6052378,0,1,0000000000000000,c7dddaf301771db6,c7dddaf301771db6,0,0
1407,1407,0,0000000,00,3,3,3,0000000000000000,0,0,3,70afe43db6052378,0,1,0000000000000000,c7dddaf301771db6,c7dddaf301771db6,0,0
1408,1408,0,0000000,00,3,3,3,0000000000000000,0,0,3,70afe43db6052378,0,1,0000000000000000,c7dddaf301771db6,c7dddaf301771db6,0,0
1409,1409,0,0000000,00,3,3,3,0000000000000000,0,0,3,70afe43db6052378,0,1,0000000000000000,c7dddaf301771db6,c7dddaf301771db6,0,0
1410,1410,0,0000000,00,3,3,3,0000000000000000,0,0,3,70afe43db6052378,0,1,0000000000000000,c7dddaf301771db6,c7dddaf301771db6,0,0
1411,1411,0,0000000,00,3,3,3,0000000000000000,0,0,3,70afe43db6052378,0,1,0000000000000000,c7dddaf301771db6,c7dddaf301771db6,0,0
1412,1412,0,0000000,00,3,3,3,0000000000000000,0,0,3,70afe43db6052378,0,1,0000000000000000,c7dddaf301771db6,c7dddaf301771db6,0,0
1413,1413,0,0000000,00,3,3,3,0000000000000000,0,0,3,70afe43db6052378,0,1,0000000000000000,c7dddaf301771db6,c7dddaf301771db6,0,0
1414,1414,0,0000000,00,3,3,3,0000000000000000,0,0,3,70afe43db6052378,0,1,0000000000000000,c7dddaf301771db6,c7dddaf301771db6,0,0
1415,1415,0,0000000,00,3,3,3,0000000000000000,0,0,3,70afe43db6052378,0,1,0000000000000000,c7dddaf301771db6,c7dddaf301771db6,0,0
1416,1416,0,0000000,00,3,3,3,0000000000000000,0,0,3,70afe43db6052378,0,1,0000000000000000,c7dddaf301771db6,c7dddaf301771db6,0,0
1417,1417,0,0000000,00,3,3,3,0000000000000000,0,0,3,70afe43db6052378,0,1,0000000000000000,c7dddaf301771db6,c7dddaf301771db6,0,0
1418,1418,0,0000000,00,3,3,3,0000000000000000,0,0,3,70afe43db6052378,0,1,0000000000000000,c7dddaf301771db6,c7dddaf301771db6,0,0
1419,1419,0,0000000,00,3,3,3,0000000000000000,0,0,3,70afe43db6052378,0,1,0000000000000000,c7dddaf301771db6,c7dddaf301771db6,0,0
1420,1420,0,0000000,00,3,3,3,0000000000000000,0,0,3,70afe43db6052378,0,1,0000000000000000,c7dddaf301771db6,c7dddaf301771db6,0,0
1421,1421,0,0000000,00,3,3,3,0000000000000000,0,0,3,70afe43db6052378,0,1,0000000000000000,c7dddaf301771db6,c7dddaf301771db6,0,0
1422,1422,0,0000000,00,3,3,3,0000000000000000,0,0,3,70afe43db6052378,0,1,0000000000000000,c7dddaf301771db6,c7dddaf301771db6,0,0
1423,1423,0,0000000,00,3,3,3,0000000000000000,0,0,3,70afe43db6052378,0,1,0000000000000000,c7dddaf301771db6,c7dddaf301771db6,0,0
1424,1424,0,0000000,00,3,3,3,0000000000000000,0,0,3,70afe43db6052378,0,1,0000000000000000,c7dddaf301771db6,c7dddaf301771db6,0,0
1425,1425,0,0000000,00,3,3,3,0000000000000000,0,0,3,70afe43db6052378,0,1,0000000000000000,c7dddaf301771db6,c7dddaf301771db6,0,0
1426,1426,0,0000000,00,3,3,3,0000000000000000,0,0,3,70afe43db6052378,0,1,0000000000000000,c7dddaf301771db6,c7dddaf301771db6,0,0
1427,1427,0,0000000,00,3,3,3,0000000000000000,0,0,3,70afe43db6052378,0,1,0000000000000000,c7dddaf301771db6,c7dddaf301771db6,0,0
1428,1428,0,0000000,00,3,3,3,0000000000000000,0,0,3,70afe43db6052378,0,1,0000000000000000,c7dddaf301771db6,c7dddaf301771db6,0,0
1429,1429,0,0000000,00,3,3,3,0000000000000000,0,0,3,70afe43db6052378,0,1,0000000000000000,c7dddaf301771db6,c7dddaf301771db6,0,0
1430,1430,0,0000000,00,3,3,3,0000000000000000,0,0,3,70afe43db6052378,0,1,0000000000000000,c7dddaf301771db6,c7dddaf301771db6,0,0
1431,1431,0,0000000,00,3,3,3,0000000000000000,0,0,3,70afe43db6052378,0,1,0000000000000000,c7dddaf301771db6,c7dddaf301771db6,0,0
1432,1432,0,0000000,00,3,3,3,0000000000000000,0,0,3,70afe43db6052378,0,1,0000000000000000,c7dddaf301771db6,c7dddaf301771db6,0,0
1433,1433,0,0000000,00,3,3,3,0000000000000000,0,0,3,70afe43db6052378,0,1,0000000000000000,c7dddaf301771db6,c7dddaf301771db6,0,0
1434,1434,0,0000000,00,3,3,3,0000000000000000,0,0,3,70afe43db6052378,0,1,0000000000000000,c7dddaf301771db6,c7dddaf301771db6,0,0
1435,1435,0,0000000,00,3,3,3,0000000000000000,0,0,3,70afe43db6052378,0,1,0000000000000000,c7dddaf301771db6,c7dddaf301771db6,0,0
1436,1436,0,0000000,00,3,3,3,0000000000000000,0,0,3,70afe43db6052378,0,1,0000000000000000,c7dddaf301771db6,c7dddaf301771db6,0,0
1437,1437,0,0000000,00,3,3,3,0000000000000000,0,0,3,70afe43db6052378,0,1,0000000000000000,c7dddaf301771db6,c7dddaf301771db6,0,0
1438,1438,0,0000000,00,3,3,3,0000000000000000,0,0,3,70afe43db6052378,0,1,0000000000000000,c7dddaf301771db6,c7dddaf301771db6,0,0
1439,1439,0,0000000,00,3,3,3,0000000000000000,0,0,3,70afe43db6052378,0,1,0000000000000000,c7dddaf301771db6,c7dddaf301771db6,0,0
1440,1440,0,0000000,00,3,3,3,0000000000000000,0,0,3,70afe43db6052378,0,1,0000000000000000,c7dddaf301771db6,c7dddaf301771db6,0,0
1441,1441,0,0000000,00,3,3,3,0000000000000000,0,0,3,70afe43db6052378,0,1,0000000000000000,c7dddaf301771db6,c7dddaf301771db6,0,0
1442,1442,0,0000000,00,3,3,3,0000000000000000,0,0,3,70afe43db6052378,0,1,0000000000000000,c7dddaf301771db6,c7dddaf301771db6,0,0
1443,1443,0,0000000,00,3,3,3,0000000000000000,0,0,3,70afe43db6052378,0,1,0000000000000000,c7dddaf301771db6,c7dddaf301771db6,0,0
1444,1444,0,0000000,00,3,3,3,0000000000000000,0,0,3,70afe43db6052378,0,1,0000000000000000,c7dddaf301771db6,c7dddaf301771db6,0,0
1445,1445,0,0000000,00,3,3,3,0000000000000000,0,0,3,70afe43db6052378,0,1,0000000000000000,c7dddaf301771db6,c7dddaf301771db6,0,0
1446,1446,0,0000000,00,3,3,3,0000000000000000,0,0,3,70afe43db6052378,0,1,0000000000000000,c7dddaf301771db6,c7dddaf301771db6,0,0
1447,1447,0,0000000,00,3,3,3,0000000000000000,0,0,3,70afe43db6052378,0,1,0000000000000000,c7dddaf301771db6,c7dddaf301771db6,0,0
1448,1448,0,0000000,00,3,3,3,0000000000000000,0,0,3,70afe43db6052378,0,1,0000000000000000,c7dddaf301771db6,c7dddaf301771db6,0,0
1449,1449,0,0000000,00,3,3,3,0000000000000000,0,0,3,70afe43db6052378,0,1,0000000000000000,c7dddaf301771db6,c7dddaf301771db6,0,0
1450,1450,0,0000000,00,3,3,3,0000000000000000,0,0,3,70afe43db6052378,0,1,0000000000000000,c7dddaf301771db6,c7dddaf301771db6,0,0
1451,1451,0,0000000,00,3,3,3,0000000000000000,0,0,3,70afe43db6052378,0,1,0000000000000000,c7dddaf301771db6,c7dddaf301771db6,0,0
1452,1452,0,0000000,00,3,3,3,0000000000000000,0,0,3,70afe43db6052378,0,1,0000000000000000,c7dddaf301771db6,c7dddaf301771db6,0,0
1453,1453,0,0000000,00,3,3,3,0000000000000000,0,0,3,70afe43db6052378,0,1,0000000000000000,c7dddaf301771db6,c7dddaf301771db6,0,0
1454,1454,0,0000000,00,3,3,3,0000000000000000,0,0,3,70afe43db6052378,0,1,0000000000000000,c7dddaf301771db6,c7dddaf301771db6,0,0
1455,1455,0,0000000,00,3,3,3,0000000000000000,0,0,3,70afe43db6052378,0,1,0000000000000000,c7dddaf301771db6,c7dddaf301771db6,0,0
1456,1456,0,0000000,00,3,3,3,0000000000000000,0,0,3,70afe43db6052378,0,1,0000000000000000,c7dddaf301771db6,c7dddaf301771db6,0,0
1457,1457,0,0000000,00,3,3,3,0000000000000000,0,0,3,70afe43db6052378,0,1,0000000000000000,c7dddaf301771db6,c7dddaf301771db6,0,0
1458,1458,0,0000000,00,3,3,3,0000000000000000,0,0,3,70afe43db6052378,0,1,0000000000000000,c7dddaf301771db6,c7dddaf301771db6,0,0
1459,1459,0,0000000,00,3,3,3,0000000000000000,0,0,3,70afe43db6052378,0,1,0000000000000000,c7dddaf301771db6,c7dddaf301771db6,0,0
1460,1460,0,0000000,00,3,3,3,0000000000000000,0,0,3,70afe43db6052378,0,1,0000000000000000,c7dddaf301771db6,c7dddaf301771db6,0,0
1461,1461,0,0000000,00,3,3,3,0000000000000000,0,0,3,70afe43db6052378,0,1,0000000000000000,c7dddaf301771db6,c7dddaf301771db6,0,0
1462,1462,0,0000000,00,3,3,3,0000000000000000,0,0,3,70afe43db6052378,0,1,0000000000000000,c7dddaf301771db6,c7dddaf301771db6,0,0
1463,1463,0,0000000,00,3,3,3,0000000000000000,0,0,3,70afe43db6052378,0,1,0000000000000000,c7dddaf301771db6,c7dddaf301771db6,0,0
1464,1464,0,0000000,00,3,3,3,0000000000000000,0,0,3,70afe43db6052378,0,1,0000000000000000,c7dddaf301771db6,c7dddaf301771db6,0,0
1465,1465,0,0000000,00,3,3,3,0000000000000000,0,0,3,70afe43db6052378,0,1,0000000000000000,c7dddaf301771db6,c7dddaf301771db6,0,0
1466,1466,0,0000000,00,3,3,3,0000000000000000,0,0,3,70afe43db6052378,0,1,0000000000000000,c7dddaf301771db6,c7dddaf301771db6,0,0
1467,1467,0,0000000,00,3,3,3,0000000000000000,0,0,3,70afe43db6052378,0,1,0000000000000000,c7dddaf301771db6,c7dddaf301771db6,0,0
1468,1468,0,0000000,00,3,3,3,0000000000000000,0,0,3,70afe43db6052378,0,1,0000000000000000,c7dddaf301771db6,c7dddaf301771db6,0,0
1469,1469,0,0000000,00,3,3,3,0000000000000000,0,0,3,70afe43db6052378,0,1,0000000000000000,c7dddaf301771db6,c7dddaf301771db6,0,0
1470,1470,0,0000000,00,3,3,3,0000000000000000,0,0,3,70afe43db6052378,0,1,0000000000000000,c7dddaf301771db6,c7dddaf301771db6,0,0
1471,1471,0,0000000,00,3,3,3,0000000000000000,0,0,3,70afe43db6052378,0,1,0000000000000000,c7dddaf301771db6,c7dddaf301771db6,0,0
1472,1472,0,0000000,00,3,3,3,0000000000000000,0,0,3,70afe43db6052378,0,1,0000000000000000,c7dddaf301771db6,c7dddaf301771db6,0,0
1473,1473,0,0000000,00,3,3,3,0000000000000000,0,0,3,70afe43db6052378,0,1,0000000000000000,c7dddaf301771db6,c7dddaf301771db6,0,0
1474,1474,0,0000000,00,3,3,3,0000000000000000,0,0,3,70afe43db6052378,0,1,0000000000000000,c7dddaf301771db6,c7dddaf301771db6,0,0
1475,1475,0,0000000,00,3,3,3,0000000000000000,0,0,3,70afe43db6052378,0,1,0000000000000000,c7dddaf301771db6,c7dddaf301771db6,0,0
1476,1476,0,0000000,00,3,3,3,0000000000000000,0,0,3,70afe43db6052378,0,1,0000000000000000,c7dddaf301771db6,c7dddaf301771db6,0,0
1477,1477,0,0000000,00,3,3,3,0000000000000000,0,0,3,70afe43db6052378,0,1,0000000000000000,c7dddaf301771db6,c7dddaf301771db6,0,0
1478,1478,0,0000000,00,3,3,3,0000000000000000,0,0,3,70afe43db6052378,0,1,0000000000000000,c7dddaf301771db6,c7dddaf301771db6,0,0
1479,1479,0,0000000,00,3,3,3,0000000000000000,0,0,3,70afe43db6052378,0,1,0000000000000000,c7dddaf301771db6,c7dddaf301771db6,0,0
1480,1480,0,0000000,00,3,3,3,0000000000000000,0,0,3,70afe43db6052378,0,1,0000000000000000,c7dddaf301771db6,c7dddaf301771db6,0,0
1481,1481,0,0000000,00,3,3,3,0000000000000000,0,0,3,70afe43db6052378,0,1,0000000000000000,c7dddaf301771db6,c7dddaf301771db6,0,0
1482,1482,0,0000000,00,3,3,3,0000000000000000,0,0,3,70afe43db6052378,0,1,0000000000000000,c7dddaf301771db6,c7dddaf301771db6,0,0
1483,1483,0,0000000,00,3,3,3,0000000000000000,0,0,3,70afe43db6052378,0,1,0000000000000000,c7dddaf301771db6,c7dddaf301771db6,0,0
1484,1484,0,0000000,00,3,3,3,0000000000000000,0,0,3,70afe43db6052378,0,1,0000000000000000,c7dddaf301771db6,c7dddaf301771db6,0,0
1485,1485,0,0000000,00,3,3,3,0000000000000000,0,0,3,70afe43db6052378,0,1,0000000000000000,c7dddaf301771db6,c7dddaf301771db6,0,0
1486,1486,0,0000000,00,3,3,3,0000000000000000,0,0,3,70afe43db6052378,0,1,0000000000000000,c7dddaf301771db6,c7dddaf301771db6,0,0
1487,1487,0,0000000,00,3,3,3,0000000000000000,0,0,3,70afe43db6052378,0,1,0000000000000000,c7dddaf301771db6,c7dddaf301771db6,0,0
1488,1488,0,0000000,00,3,3,3,0000000000000000,0,0,3,70afe43db6052378,0,1,0000000000000000,c7dddaf301771db6,c7dddaf301771db6,0,0
1489,1489,0,0000000,00,3,3,3,0000000000000000,0,0,3,70afe43db6052378,0,1,0000000000000000,c7dddaf301771db6,c7dddaf301771db6,0,0
1490,1490,0,0000000,00,3,3,3,0000000000000000,0,0,3,70afe43db6052378,0,1,0000000000000000,c7dddaf301771db6,c7dddaf301771db6,0,0
1491,1491,0,0000000,00,3,3,3,0000000000000000,0,0,3,70afe43db6052378,0,1,0000000000000000,c7dddaf301771db6,c7dddaf301771db6,0,0
1492,1492,0,0000000,00,3,3,3,0000000000000000,0,0,3,70afe43db6052378,0,1,0000000000000000,c7dddaf301771db6,c7dddaf301771db6,0,0
1493,1493,0,0000000,00,3,3,3,0000000000000000,0,0,3,70afe43db6052378,0,1,0000000000000000,c7dddaf301771db6,c7dddaf301771db6,0,0
1494,1494,0,0000000,00,3,3,3,0000000000000000,0,0,3,70afe43db6052378,0,1,0000000000000000,c7dddaf301771db6,c7dddaf301771db6,0,0
1495,1495,0,0000000,00,3,3,3,0000000000000000,0,0,3,70afe43db6052378,0,1,0000000000000000,c7dddaf301771db6,c7dddaf301771db6,0,0
1496,1496,0,0000000,00,3,3,3,0000000000000000,0,0,3,70afe43db6052378,0,1,0000000000000000,c7dddaf301771db6,c7dddaf301771db6,0,0
1497,1497,0,0000000,00,3,3,3,0000000000000000,0,0,3,70afe43db6052378,0,1,0000000000000000,c7dddaf301771db6,c7dddaf301771db6,0,0
1498,1498,0,0000000,00,3,3,3,0000000000000000,0,0,3,70afe43db6052378,0,1,0000000000000000,c7dddaf301771db6,c7dddaf301771db6,0,0
1499,1499,0,0000000,00,3,3,3,0000000000000000,0,0,3,70afe43db6052378,0,1,0000000000000000,c7dddaf301771db6,c7dddaf301771db6,0,0
1500,1500,0,0000000,00,3,3,3,0000000000000000,0,0,3,70afe43db6052378,0,1,0000000000000000,c7dddaf301771db6,c7dddaf301771db6,0,0
1501,1501,0,0000000,00,3,3,3,0000000000000000,0,0,3,70afe43db6052378,0,1,0000000000000000,c7dddaf301771db6,c7dddaf301771db6,0,0
1502,1502,0,0000000,00,3,3,3,0000000000000000,0,0,3,70afe43db6052378,0,1,0000000000000000,c7dddaf301771db6,c7dddaf301771db6,0,0
1503,1503,0,0000000,00,3,3,3,0000000000000000,0,0,3,70afe43db6052378,0,1,0000000000000000,c7dddaf301771db6,c7dddaf301771db6,0,0
1504,1504,0,0000000,00,3,3,3,0000000000000000,0,0,3,70afe43db6052378,0,1,0000000000000000,c7dddaf301771db6,c7dddaf301771db6,0,0
1505,1505,0,0000000,00,3,3,3,0000000000000000,0,0,3,70afe43db6052378,0,1,0000000000000000,c7dddaf301771db6,c7dddaf301771db6,0,0
1506,1506,0,0000000,00,3,3,3,0000000000000000,0,0,3,70afe43db6052378,0,1,0000000000000000,c7dddaf301771db6,c7dddaf301771db6,0,0
1507,1507,0,0000000,00,3,3,3,0000000000000000,0,0,3,70afe43db6052378,0,1,0000000000000000,c7dddaf301771db6,c7dddaf301771db6,0,0
1508,1508,0,0000000,00,3,3,3,0000000000000000,0,0,3,70afe43db6052378,0,1,0000000000000000,c7dddaf301771db6,c7dddaf301771db6,0,0
1509,1509,0,0000000,00,3,3,3,0000000000000000,0,0,3,70afe43db6052378,0,1,0000000000000000,c7dddaf301771db6,c7dddaf301771db6,0,0
1510,1510,0,0000000,00,3,3,3,0000000000000000,0,0,3,70afe43db6052378,0,1,0000000000000000,c7dddaf301771db6,c7dddaf301771db6,0,0
1511,1511,0,0000000,00,3,3,3,0000000000000000,0,0,3,70afe43db6052378,0,1,0000000000000000,c7dddaf301771db6,c7dddaf301771db6,0,0
1512,1512,0,0000000,00,3,3,3,0000000000000000,0,0,3,70afe43db6052378,0,1,0000000000000000,c7dddaf301771db6,c7dddaf301771db6,0,0
1513,1513,0,0000000,00,3,3,3,0000000000000000,0,0,3,70afe43db6052378,0,1,0000000000000000,c7dddaf301771db6,c7dddaf301771db6,0,0
1514,1514,0,0000000,00,3,3,3,0000000000000000,0,0,3,70afe43db6052378,0,1,0000000000000000,c7dddaf301771db6,c7dddaf301771db6,0,0
1515,1515,0,0000000,00,3,3,3,0000000000000000,0,0,3,70afe43db6052378,0,1,0000000000000000,c7dddaf301771db6,c7dddaf301771db6,0,0
1516,1516,0,0000000,00,3,3,3,0000000000000000,0,0,3,70afe43db6052378,0,1,0000000000000000,c7dddaf301771db6,c7dddaf301771db6,0,0
1517,1517,0,0000000,00,3,3,3,0000000000000000,0,0,3,70afe43db6052378,0,1,0000000000000000,c7dddaf301771db6,c7dddaf301771db6,0,0
1518,1518,0,0000000,00,3,3,3,0000000000000000,0,0,3,70afe43db6052378,0,1,0000000000000000,c7dddaf301771db6,c7dddaf301771db6,0,0
1519,1519,0,0000000,00,3,3,3,0000000000000000,0,0,3,70afe43db6052378,0,1,0000000000000000,c7dddaf301771db6,c7dddaf301771db6,0,0
1520,1520,0,0000000,00,3,3,3,0000000000000000,0,0,3,70afe43db6052378,0,1,0000000000000000,c7dddaf301771db6,c7dddaf301771db6,0,0
1521,1521,0,0000000,00,3,3,3,0000000000000000,0,0,3,70afe43db6052378,0,1,0000000000000000,c7dddaf301771db6,c7dddaf301771db6,0,0
1522,1522,0,0000000,00,3,3,3,0000000000000000,0,0,3,70afe43db6052378,0,1,0000000000000000,c7dddaf301771db6,c7dddaf301771db6,0,0
1523,1523,0,0000000,00,3,3,3,0000000000000000,0,0,3,70afe43db6052378,0,1,0000000000000000,c7dddaf301771db6,c7dddaf301771db6,0,0
1524,1524,0,0000000,00,3,3,3,0000000000000000,0,0,3,70afe43db6052378,0,1,0000000000000000,c7dddaf301771db6,c7dddaf301771db6,0,0
1525,1525,0,0000000,00,3,3,3,0000000000000000,0,0,3,70afe43db6052378,0,1,0000000000000000,c7dddaf301771db6,c7dddaf301771db6,0,0
1526,1526,0,0000000,00,3,3,3,0000000000000000,0,0,3,70afe43db6052378,0,1,0000000000000000,c7dddaf301771db6,c7dddaf301771db6,0,0
1527,1527,0,0000000,00,3,3,3,0000000000000000,0,0,3,70afe43db6052378,0,1,0000000000000000,c7dddaf301771db6,c7dddaf301771db6,0,0
1528,1528,0,0000000,00,3,3,3,0000000000000000,0,0,3,70afe43db6052378,0,1,0000000000000000,c7dddaf301771db6,c7dddaf301771db6,0,0
1529,1529,0,0000000,00,3,3,3,0000000000000000,0,0,3,70afe43db6052378,0,1,0000000000000000,c7dddaf301771db6,c7dddaf301771db6,0,0
1530,1530,0,0000000,00,3,3,3,0000000000000000,0,0,3,70afe43db6052378,0,1,0000000000000000,c7dddaf301771db6,c7dddaf301771db6,0,0
1531,1531,0,0000000,00,3,3,3,0000000000000000,0,0,3,70afe43db6052378,0,1,0000000000000000,c7dddaf301771db6,c7dddaf301771db6,0,0
1532,1532,0,0000000,00,3,3,3,0000000000000000,0,0,3,70afe43db6052378,0,1,0000000000000000,c7dddaf301771db6,c7dddaf301771db6,0,0
1533,1533,0,0000000,00,3,3,3,0000000000000000,0,0,3,70afe43db6052378,0,1,0000000000000000,c7dddaf301771db6,c7dddaf301771db6,0,0
1534,1534,0,0000000,00,3,3,3,0000000000000000,0,0,3,70afe43db6052378,0,1,0000000000000000,c7dddaf301771db6,c7dddaf301771db6,0,0
1535,1535,0,0000000,00,3,3,3,0000000000000000,0,0,3,70afe43db6052378,0,1,0000000000000000,c7dddaf301771db6,c7dddaf301771db6,0,0
1536,1536,0,0000000,00,3,3,3,0000000000000000,0,0,3,70afe43db6052378,0,1,0000000000000000,c7dddaf301771db6,c7dddaf301771db6,0,0
1537,1537,0,0000000,00,3,3,3,0000000000000000,0,0,3,70afe43db6052378,0,1,0000000000000000,c7dddaf301771db6,c7dddaf301771db6,0,0
1538,1538,0,0000000,00,3,3,3,0000000000000000,0,0,3,70afe43db6052378,0,1,0000000000000000,c7dddaf301771db6,c7dddaf301771db6,0,0
1539,1539,0,0000000,00,3,3,3,0000000000000000,0,0,3,70afe43db6052378,0,1,0000000000000000,c7dddaf301771db6,c7dddaf301771db6,0,0
1540,1540,0,0000000,00,3,3,3,0000000000000000,0,0,3,70afe43db6052378,0,1,0000000000000000,c7dddaf301771db6,c7dddaf301771db6,0,0
1541,1541,0,0000000,00,3,3,3,0000000000000000,0,0,3,70afe43db6052378,0,1,0000000000000000,c7dddaf301771db6,c7dddaf301771db6,0,0
1542,1542,0,0000000,00,3,3,3,0000000000000000,0,0,3,70afe43db6052378,0,1,0000000000000000,c7dddaf301771db6,c7dddaf301771db6,0,0
1543,1543,0,0000000,00,3,3,3,0000000000000000,0,0,3,70afe43db6052378,0,1,0000000000000000,c7dddaf301771db6,c7dddaf301771db6,0,0
1544,1544,0,0000000,00,3,3,3,0000000000000000,0,0,3,70afe43db6052378,0,1,0000000000000000,c7dddaf301771db6,c7dddaf301771db6,0,0
1545,1545,0,0000000,00,3,3,3,0000000000000000,0,0,3,70afe43db6052378,0,1,0000000000000000,c7dddaf301771db6,c7dddaf301771db6,0,0
1546,1546,0,0000000,00,3,3,3,0000000000000000,0,0,3,70afe43db6052378,0,1,0000000000000000,c7dddaf301771db6,c7dddaf301771db6,0,0
1547,1547,0,0000000,00,3,3,3,0000000000000000,0,0,3,70afe43db6052378,0,1,0000000000000000,c7dddaf301771db6,c7dddaf301771db6,0,0
1548,1548,0,0000000,00,3,3,3,0000000000000000,0,0,3,70afe43db6052378,0,1,0000000000000000,c7dddaf301771db6,c7dddaf301771db6,0,0
1549,1549,0,0000000,00,3,3,3,0000000000000000,0,0,3,70afe43db6052378,0,1,0000000000000000,c7dddaf301771db6,c7dddaf301771db6,0,0
1550,1550,0,0000000,00,3,3,3,0000000000000000,0,0,3,70afe43db6052378,0,1,0000000000000000,c7dddaf301771db6,c7dddaf301771db6,0,0
1551,1551,0,0000000,00,3,3,3,0000000000000000,0,0,3,70afe43db6052378,0,1,0000000000000000,c7dddaf301771db6,c7dddaf301771db6,0,0
1552,1552,0,0000000,00,3,3,3,0000000000000000,0,0,3,70afe43db6052378,0,1,0000000000000000,c7dddaf301771db6,c7dddaf301771db6,0,0
1553,1553,0,0000000,00,3,3,3,0000000000000000,0,0,3,70afe43db6052378,0,1,0000000000000000,c7dddaf301771db6,c7dddaf301771db6,0,0
1554,1554,0,0000000,00,3,3,3,0000000000000000,0,0,3,70afe43db6052378,0,1,0000000000000000,c7dddaf301771db6,c7dddaf301771db6,0,0
1555,1555,0,0000000,00,3,3,3,0000000000000000,0,0,3,70afe43db6052378,0,1,0000000000000000,c7dddaf301771db6,c7dddaf301771db6,0,0
1556,1556,0,0000000,00,3,3,3,0000000000000000,0,0,3,70afe43db6052378,0,1,0000000000000000,c7dddaf301771db6,c7dddaf301771db6,0,0
1557,1557,0,0000000,00,3,3,3,0000000000000000,0,0,3,70afe43db6052378,0,1,0000000000000000,c7dddaf301771db6,c7dddaf301771db6,0,0
1558,1558,0,0000000,00,3,3,3,0000000000000000,0,0,3,70afe43db6052378,0,1,0000000000000000,c7dddaf301771db6,c7dddaf301771db6,0,0
1559,1559,0,0000000,00,3,3,3,0000000000000000,0,0,3,70afe43db6052378,0,1,0000000000000000,c7dddaf301771db6,c7dddaf301771db6,0,0
1560,1560,0,0000000,00,3,3,3,0000000000000000,0,0,3,70afe43db6052378,0,1,0000000000000000,c7dddaf301771db6,c7dddaf301771db6,0,0
1561,1561,0,0000000,00,3,3,3,0000000000000000,0,0,3,70afe43db6052378,0,1,0000000000000000,c7dddaf301771db6,c7dddaf301771db6,0,0
1562,1562,0,0000000,00,3,3,3,0000000000000000,0,0,3,70afe43db6052378,0,1,0000000000000000,c7dddaf301771db6,c7dddaf301771db6,0,0
1563,1563,0,0000000,00,3,3,3,0000000000000000,0,0,3,70afe43db6052378,0,1,0000000000000000,c7dddaf301771db6,c7dddaf301771db6,0,0
1564,1564,0,0000000,00,3,3,3,0000000000000000,0,0,3,70afe43db6052378,0,1,0000000000000000,c7dddaf301771db6,c7dddaf301771db6,0,0
1565,1565,0,0000000,00,3,3,3,0000000000000000,0,0,3,70afe43db6052378,0,1,0000000000000000,c7dddaf301771db6,c7dddaf301771db6,0,0
1566,1566,0,0000000,00,3,3,3,0000000000000000,0,0,3,70afe43db6052378,0,1,0000000000000000,c7dddaf301771db6,c7dddaf301771db6,0,0
1567,1567,0,0000000,00,3,3,3,0000000000000000,0,0,3,70afe43db6052378,0,1,0000000000000000,c7dddaf301771db6,c7dddaf301771db6,0,0
1568,1568,0,0000000,00,3,3,3,0000000000000000,0,0,3,70afe43db6052378,0,1,0000000000000000,c7dddaf301771db6,c7dddaf301771db6,0,0
1569,1569,0,0000000,00,3,3,3,0000000000000000,0,0,3,70afe43db6052378,0,1,0000000000000000,c7dddaf301771db6,c7dddaf301771db6,0,0
1570,1570,0,0000000,00,3,3,3,0000000000000000,0,0,3,70afe43db6052378,0,1,0000000000000000,c7dddaf301771db6,c7dddaf301771db6,0,0
1571,1571,0,0000000,00,3,3,3,0000000000000000,0,0,3,70afe43db6052378,0,1,0000000000000000,c7dddaf301771db6,c7dddaf301771db6,0,0
1572,1572,0,0000000,00,3,3,3,0000000000000000,0,0,3,70afe43db6052378,0,1,0000000000000000,c7dddaf301771db6,c7dddaf301771db6,0,0
1573,1573,0,0000000,00,3,3,3,0000000000000000,0,0,3,70afe43db6052378,0,1,0000000000000000,c7dddaf301771db6,c7dddaf301771db6,0,0
1574,1574,0,0000000,00,3,3,3,0000000000000000,0,0,3,70afe43db6052378,0,1,0000000000000000,c7dddaf301771db6,c7dddaf301771db6,0,0
1575,1575,0,0000000,00,3,3,3,0000000000000000,0,0,3,70afe43db6052378,0,1,0000000000000000,c7dddaf301771db6,c7dddaf301771db6,0,0
1576,1576,0,0000000,00,3,3,3,0000000000000000,0,0,3,70afe43db6052378,0,1,0000000000000000,c7dddaf301771db6,c7dddaf301771db6,0,0
1577,1577,0,0000000,00,3,3,3,0000000000000000,0,0,3,70afe43db6052378,0,1,0000000000000000,c7dddaf301771db6,c7dddaf301771db6,0,0
1578,1578,0,0000000,00,3,3,3,0000000000000000,0,0,3,70afe43db6052378,0,1,0000000000000000,c7dddaf301771db6,c7dddaf301771db6,0,0
1579,1579,0,0000000,00,3,3,3,0000000000000000,0,0,3,70afe43db6052378,0,1,0000000000000000,c7dddaf301771db6,c7dddaf301771db6,0,0
1580,1580,0,0000000,00,3,3,3,0000000000000000,0,0,3,70afe43db6052378,0,1,0000000000000000,c7dddaf301771db6,c7dddaf301771db6,0,0
1581,1581,0,0000000,00,3,3,3,0000000000000000,0,0,3,70afe43db6052378,0,1,0000000000000000,c7dddaf301771db6,c7dddaf301771db6,0,0
1582,1582,0,0000000,00,3,3,3,0000000000000000,0,0,3,70afe43db6052378,0,1,0000000000000000,c7dddaf301771db6,c7dddaf301771db6,0,0
1583,1583,0,0000000,00,3,3,3,0000000000000000,0,0,3,70afe43db6052378,0,1,0000000000000000,c7dddaf301771db6,c7dddaf301771db6,0,0
1584,1584,0,0000000,00,3,3,3,0000000000000000,0,0,3,70afe43db6052378,0,1,0000000000000000,c7dddaf301771db6,c7dddaf301771db6,0,0
1585,1585,0,0000000,00,3,3,3,0000000000000000,0,0,3,70afe43db6052378,0,1,0000000000000000,c7dddaf301771db6,c7dddaf301771db6,0,0
1586,1586,0,0000000,00,3,3,3,0000000000000000,0,0,3,70afe43db6052378,0,1,0000000000000000,c7dddaf301771db6,c7dddaf301771db6,0,0
1587,1587,0,0000000,00,3,3,3,0000000000000000,0,0,3,70afe43db6052378,0,1,0000000000000000,c7dddaf301771db6,c7dddaf301771db6,0,0
1588,1588,0,0000000,00,3,3,3,0000000000000000,0,0,3,70afe43db6052378,0,1,0000000000000000,c7dddaf301771db6,c7dddaf301771db6,0,0
1589,1589,0,0000000,00,3,3,3,0000000000000000,0,0,3,70afe43db6052378,0,1,0000000000000000,c7dddaf301771db6,c7dddaf301771db6,0,0
1590,1590,0,0000000,00,3,3,3,0000000000000000,0,0,3,70afe43db6052378,0,1,0000000000000000,c7dddaf301771db6,c7dddaf301771db6,0,0
1591,1591,0,0000000,00,3,3,3,0000000000000000,0,0,3,70afe43db6052378,0,1,0000000000000000,c7dddaf301771db6,c7dddaf301771db6,0,0
1592,1592,0,0000000,00,3,3,3,0000000000000000,0,0,3,70afe43db6052378,0,1,0000000000000000,c7dddaf301771db6,c7dddaf301771db6,0,0
1593,1593,0,0000000,00,3,3,3,0000000000000000,0,0,3,70afe43db6052378,0,1,0000000000000000,c7dddaf301771db6,c7dddaf301771db6,0,0
1594,1594,0,0000000,00,3,3,3,0000000000000000,0,0,3,70afe43db6052378,0,1,0000000000000000,c7dddaf301771db6,c7dddaf301771db6,0,0
1595,1595,0,0000000,00,3,3,3,0000000000000000,0,0,3,70afe43db6052378,0,1,0000000000000000,c7dddaf301771db6,c7dddaf301771db6,0,0
1596,1596,0,0000000,00,3,3,3,0000000000000000,0,0,3,70afe43db6052378,0,1,0000000000000000,c7dddaf301771db6,c7dddaf301771db6,0,0
1597,1597,0,0000000,00,3,3,3,0000000000000000,0,0,3,70afe43db6052378,0,1,0000000000000000,c7dddaf301771db6,c7dddaf301771db6,0,0
1598,1598,0,0000000,00,3,3,3,0000000000000000,0,0,3,70afe43db6052378,0,1,0000000000000000,c7dddaf301771db6,c7dddaf301771db6,0,0
1599,1599,0,0000000,00,3,3,3,0000000000000000,0,0,3,70afe43db6052378,0,1,0000000000000000,c7dddaf301771db6,c7dddaf301771db6,0,0
1600,1600,0,0000000,00,3,3,3,0000000000000000,0,0,3,70afe43db6052378,0,1,0000000000000000,c7dddaf301771db6,c7dddaf301771db6,0,0
1601,1601,0,0000000,00,3,3,3,0000000000000000,0,0,3,70afe43db6052378,0,1,0000000000000000,c7dddaf301771db6,c7dddaf301771db6,0,0
1602,1602,0,0000000,00,3,3,3,0000000000000000,0,0,3,70afe43db6052378,0,1,0000000000000000,c7dddaf301771db6,c7dddaf301771db6,0,0
1603,1603,0,0000000,00,3,3,3,0000000000000000,0,0,3,70afe43db6052378,0,1,0000000000000000,c7dddaf301771db6,c7dddaf301771db6,0,0
1604,1604,0,0000000,00,3,3,3,0000000000000000,0,0,3,70afe43db6052378,0,1,0000000000000000,c7dddaf301771db6,c7dddaf301771db6,0,0
1605,1605,0,0000000,00,3,3,3,0000000000000000,0,0,3,70afe43db6052378,0,1,0000000000000000,c7dddaf301771db6,c7dddaf301771db6,0,0
1606,1606,0,0000000,00,3,3,3,0000000000000000,0,0,3,70afe43db6052378,0,1,0000000000000000,c7dddaf301771db6,c7dddaf301771db6,0,0
1607,1607,0,0000000,00,3,3,3,0000000000000000,0,0,3,70afe43db6052378,0,1,0000000000000000,c7dddaf301771db6,c7dddaf301771db6,0,0
1608,1608,0,0000000,00,3,3,3,0000000000000000,0,0,3,70afe43db6052378,0,1,0000000000000000,c7dddaf301771db6,c7dddaf301771db6,0,0
1609,1609,0,0000000,00,3,3,3,0000000000000000,0,0,3,70afe43db6052378,0,1,0000000000000000,c7dddaf301771db6,c7dddaf301771db6,0,0
1610,1610,0,0000000,00,3,3,3,0000000000000000,0,0,3,70afe43db6052378,0,1,0000000000000000,c7dddaf301771db6,c7dddaf301771db6,0,0
1611,1611,0,0000000,00,3,3,3,0000000000000000,0,0,3,70afe43db6052378,0,1,0000000000000000,c7dddaf301771db6,c7dddaf301771db6,0,0
1612,1612,0,0000000,00,3,3,3,0000000000000000,0,0,3,70afe43db6052378,0,1,0000000000000000,c7dddaf301771db6,c7dddaf301771db6,0,0
1613,1613,0,0000000,00,3,3,3,0000000000000000,0,0,3,70afe43db6052378,0,1,0000000000000000,c7dddaf301771db6,c7dddaf301771db6,0,0
1614,1614,0,0000000,00,3,3,3,0000000000000000,0,0,3,70afe43db6052378,0,1,0000000000000000,c7dddaf301771db6,c7dddaf301771db6,0,0
1615,1615,0,0000000,00,3,3,3,0000000000000000,0,0,3,70afe43db6052378,0,1,0000000000000000,c7dddaf301771db6,c7dddaf301771db6,0,0
1616,1616,0,0000000,00,3,3,3,0000000000000000,0,0,3,70afe43db6052378,0,1,0000000000000000,c7dddaf301771db6,c7dddaf301771db6,0,0
1617,1617,0,0000000,00,3,3,3,0000000000000000,0,0,3,70afe43db6052378,0,1,0000000000000000,c7dddaf301771db6,c7dddaf301771db6,0,0
1618,1618,0,0000000,00,3,3,3,0000000000000000,0,0,3,70afe43db6052378,0,1,0000000000000000,c7dddaf301771db6,c7dddaf301771db6,0,0
1619,1619,0,0000000,00,3,3,3,0000000000000000,0,0,3,70afe43db6052378,0,1,0000000000000000,c7dddaf301771db6,c7dddaf301771db6,0,0
1620,1620,0,0000000,00,3,3,3,0000000000000000,0,0,3,70afe43db6052378,0,1,0000000000000000,c7dddaf301771db6,c7dddaf301771db6,0,0
1621,1621,0,0000000,00,3,3,3,0000000000000000,0,0,3,70afe43db6052378,0,1,0000000000000000,c7dddaf301771db6,c7dddaf301771db6,0,0
1622,1622,0,0000000,00,3,3,3,0000000000000000,0,0,3,70afe43db6052378,0,1,0000000000000000,c7dddaf301771db6,c7dddaf301771db6,0,0
1623,1623,0,0000000,00,3,3,3,0000000000000000,0,0,3,70afe43db6052378,0,1,0000000000000000,c7dddaf301771db6,c7dddaf301771db6,0,0
1624,1624,0,0000000,00,3,3,3,0000000000000000,0,0,3,70afe43db6052378,0,1,0000000000000000,c7dddaf301771db6,c7dddaf301771db6,0,0
1625,1625,0,0000000,00,3,3,3,0000000000000000,0,0,3,70afe43db6052378,0,1,0000000000000000,c7dddaf301771db6,c7dddaf301771db6,0,0
1626,1626,0,0000000,00,3,3,3,0000000000000000,0,0,3,70afe43db6052378,0,1,0000000000000000,c7dddaf301771db6,c7dddaf301771db6,0,0
1627,1627,0,0000000,00,3,3,3,0000000000000000,0,0,3,70afe43db6052378,0,1,0000000000000000,c7dddaf301771db6,c7dddaf301771db6,0,0
1628,1628,0,0000000,00,3,3,3,0000000000000000,0,0,3,70afe43db6052378,0,1,0000000000000000,c7dddaf301771db6,c7dddaf301771db6,0,0
1629,1629,0,0000000,00,3,3,3,0000000000000000,0,0,3,70afe43db6052378,0,1,0000000000000000,c7dddaf301771db6,c7dddaf301771db6,0,0
1630,1630,0,0000000,00,3,3,3,0000000000000000,0,0,3,70afe43db6052378,0,1,0000000000000000,c7dddaf301771db6,c7dddaf301771db6,0,0
1631,1631,0,0000000,00,3,3,3,0000000000000000,0,0,3,70afe43db6052378,0,1,0000000000000000,c7dddaf301771db6,c7dddaf301771db6,0,0
1632,1632,0,0000000,04,3,2,2,0000000000000000,0,0,3,70afe43db6052378,0,1,0000000000000000,c7dddaf301771db6,c7dddaf301771db6,0,0
1633,1633,0,0000000,00,3,2,2,0000000000000000,0,0,3,70afe43db6052378,0,1,0000000000000000,c7dddaf301771db6,c7dddaf301771db6,0,0
1634,1634,0,0000000,00,3,3,3,0000000000000000,0,0,3,70afe43db6052378,0,1,0000000000000000,c7dddaf301771db6,c7dddaf301771db6,0,0
1635,1635,0,0000000,00,3,3,3,0000000000000000,0,0,3,70afe43db6052378,0,1,0000000000000000,c7dddaf301771db6,c7dddaf301771db6,0,0
1636,1636,0,0000000,00,3,3,3,0000000000000000,0,0,3,70afe43db6052378,0,1,0000000000000000,c7dddaf301771db6,c7dddaf301771db6,0,0
1637,1637,0,0000000,00,3,3,3,0000000000000000,0,0,3,70afe43db6052378,0,1,0000000000000000,c7dddaf301771db6,c7dddaf301771db6,0,0
1638,1638,0,0000000,00,3,3,3,0000000000000000,0,0,3,70afe43db6052378,0,1,0000000000000000,c7dddaf301771db6,c7dddaf301771db6,0,0
1639,1639,0,0000000,04,2,2,3,0000000000000000,0,0,3,70afe43db6052378,0,1,0000000000000000,c7dddaf301771db6,c7dddaf301771db6,0,0
1640,1640,0,0000004,04,2,2,3,0000000000000000,0,0,3,70afe43db6052378,0,1,0000000000000000,c7dddaf301771db6,c7dddaf301771db6,0,0
1641,1641,0,0000008,04,2,2,3,0000000000000000,0,0,3,70afe43db6052378,0,1,0000000000000000,c7dddaf301771db6,c7dddaf301771db6,0,0
1642,1642,0,000000c,04,2,2,3,0000000000000000,0,0,3,70afe43db6052378,0,1,0000000000000000,c7dddaf301771db6,c7dddaf301771db6,0,0
1643,1643,0,0000010,04,2,2,3,0000000000000000,0,0,3,70afe43db6052378,0,1,0000000000000000,c7dddaf301771db6,c7dddaf301771db6,0,0
1644,1644,0,0000014,04,2,2,3,0000000000000000,0,0,3,70afe43db6052378,0,1,0000000000000000,c7dddaf301771db6,c7dddaf301771db6,0,0
1645,1645,0,0000018,04,2,2,3,0000000000000000,3,0,3,70afe43db6052378,0,1,0000000000000000,c7dddaf301771db6,c7dddaf301771db6,0,0
1646,1646,0,000001c,04,2,2,3,3981b65dff2b7118,3,0,3,70afe43db6052378,0,1,0000000000000000,c7dddaf301771db6,c7dddaf301771db6,0,0
1647,1647,0,0000020,04,2,2,3,b4d438d6727eff93,3,0,3,70afe43db6052378,0,1,0000000000000000,c7dddaf301771db6,c7dddaf301771db6,0,0
1648,1648,0,0000024,04,2,2,3,232aab4ae5806c0f,3,0,3,70afe43db6052378,0,1,0000000000000000,c7dddaf301771db6,c7dddaf301771db6,0,0
1649,1649,0,0000028,04,2,2,3,ae7f25c168d5e284,3,0,3,70afe43db6052378,0,1,0000000000000000,c7dddaf301771db6,c7dddaf301771db6,0,0
1650,1650,0,000002c,04,2,2,3,0cd78c73ca7d4b36,3,0,3,70afe43db6052378,0,1,0000000000000000,c7dddaf301771db6,c7dddaf301771db6,0,0
1651,1651,0,0000030,04,2,2,3,818202f84728c5bd,3,0,3,70afe43db6052378,0,1,0000000000000000,c7dddaf301771db6,c7dddaf301771db6,0,0
1652,1652,0,0000034,04,2,2,3,167c9164d0d65621,3,0,3,70afe43db6052378,0,1,0000000000000000,c7dddaf301771db6,c7dddaf301771db6,0,0
1653,1653,0,0000038,04,2,2,3,9b291fef5d83d8aa,3,3,3,70afe43db6052378,0,1,3981b65dff2b7118,c7dddaf301771db6,c7dddaf301771db6,0,0
1654,1654,0,000003c,04,2,2,3,532dc20195870544,3,3,3,70afe43db6052378,0,1,b4d438d6727eff93,c7dddaf301771db6,c7dddaf301771db6,0,0
1655,1655,0,0000040,04,2,2,3,de784c8a18d28bcf,3,3,3,70afe43db6052378,0,1,232aab4ae5806c0f,c7dddaf301771db6,c7dddaf301771db6,0,0
1656,1656,0,0000044,04,2,2,3,4986df168f2c1853,3,3,3,70afe43db6052378,0,1,ae7f25c168d5e284,c7dddaf301771db6,c7dddaf301771db6,0,0
1657,1657,0,0000048,04,2,2,3,c4d3519d027996d8,3,3,3,70afe43db6052378,0,1,0cd78c73ca7d4b36,c7dddaf301771db6,c7dddaf301771db6,0,0
1658,1658,0,000004c,04,2,2,3,667bf82fa0d13f6a,3,3,3,70afe43db6052378,0,1,818202f84728c5bd,c7dddaf301771db6,c7dddaf301771db6,0,0
1659,1659,0,0000050,04,2,2,3,eb2e76a42d84b1e1,3,3,3,70afe43db6052378,0,1,167c9164d0d65621,c7dddaf301771db6,c7dddaf301771db6,0,0
1660,1660,0,0000054,04,2,2,3,7cd0e538ba7a227d,3,3,3,70afe43db6052378,0,1,9b291fef5d83d8aa,c7dddaf301771db6,c7dddaf301771db6,0,0
1661,1661,0,0000058,04,2,2,3,f1856bb3372facf6,3,3,3,70afe43db6052378,0,1,532dc20195870544,c7dddaf301771db6,c7dddaf301771db6,0,0
1662,1662,0,000005c,04,2,2,3,ecd95ee52a7399a0,3,3,3,70afe43db6052378,0,1,de784c8a18d28bcf,c7dddaf301771db6,c7dddaf301771db6,0,0
1663,1663,0,0000060,04,2,2,3,618cd06ea726172b,3,3,3,70afe43db6052378,0,1,4986df168f2c1853,c7dddaf301771db6,c7dddaf301771db6,0,0
1664,1664,0,0000064,04,2,2,3,f67243f230d884b7,3,3,3,70afe43db6052378,0,1,c4d3519d027996d8,c7dddaf301771db6,c7dddaf301771db6,0,0
1665,1665,0,0000068,04,2,2,3,7b27cd79bd8d0a3c,3,3,3,70afe43db6052378,0,1,667bf82fa0d13f6a,3981b65dff2b7118,3981b65dff2b7118,0,1
1666,1666,0,000006c,04,2,2,3,d98f64cb1f25a38e,3,3,3,70afe43db6052378,0,1,eb2e76a42d84b1e1,b4d438d6727eff93,b4d438d6727eff93,0,1
1667,1667,0,0000070,04,2,2,3,54daea4092702d05,3,3,3,70afe43db6052378,0,1,7cd0e538ba7a227d,232aab4ae5806c0f,232aab4ae5806c0f,0,1
1668,1668,0,0000074,04,2,2,3,c32479dc058ebe99,3,3,3,70afe43db6052378,0,1,f1856bb3372facf6,ae7f25c168d5e284,ae7f25c168d5e284,0,1
1669,1669,0,0000078,04,2,2,3,4e71f75788db3012,3,3,3,70afe43db6052378,0,1,ecd95ee52a7399a0,0cd78c73ca7d4b36,0cd78c73ca7d4b36,0,1
1670,1670,0,000007c,04,2,2,3,86752ab940dfedfc,3,3,3,70afe43db6052378,0,1,618cd06ea726172b,818202f84728c5bd,818202f84728c5bd,0,1
1671,1671,0,0000080,04,2,2,3,0b20a432cd8a6377,3,3,3,70afe43db6052378,0,1,f67243f230d884b7,167c9164d0d65621,167c9164d0d65621,0,1
1672,1672,0,0000084,04,2,2,3,9cde37ae5a74f0eb,3,3,3,70afe43db6052378,0,1,7b27cd79bd8d0a3c,9b291fef5d83d8aa,9b291fef5d83d8aa,0,1
1673,1673,0,0000088,04,2,2,3,118bb925d7217e60,3,3,3,70afe43db6052378,0,1,d98f64cb1f25a38e,ad71aeaf6bdb69ea,ad71aeaf6bdb69ea,0,0
1674,1674,0,000008c,04,2,2,3,b32310977589d7d2,3,3,3,70afe43db6052378,0,1,54daea4092702d05,ad71aeaf6bdb69ea,ad71aeaf6bdb69ea,0,0
1675,1675,0,0000090,04,2,2,3,3e769e1cf8dc5959,3,3,3,70afe43db6052378,0,1,c32479dc058ebe99,ad71aeaf6bdb69ea,ad71aeaf6bdb69ea,0,0
1676,1676,0,0000094,04,2,2,3,a9880d806f22cac5,3,3,3,70afe43db6052378,0,1,4e71f75788db3012,ad71aeaf6bdb69ea,ad71aeaf6bdb69ea,0,0
1677,1677,0,0000098,04,2,2,3,24dd830be277444e,3,3,3,70afe43db6052378,0,1,86752ab940dfedfc,ad71aeaf6bdb69ea,ad71aeaf6bdb69ea,0,0
1678,1678,0,000009c,04,2,2,3,9330672c559aa069,3,3,3,70afe43db6052378,0,1,0b20a432cd8a6377,ad71aeaf6bdb69ea,ad71aeaf6bdb69ea,0,0
1679,1679,0,00000a0,04,2,2,3,1e65e9a7d8cf2ee2,3,3,3,70afe43db6052378,0,1,9cde37ae5a74f0eb,ad71aeaf6bdb69ea,ad71aeaf6bdb69ea,0,0
1680,1680,0,00000a4,04,2,2,3,899b7a3b4f31bd7e,3,3,3,70afe43db6052378,0,1,118bb925d7217e60,ad71aeaf6bdb69ea,ad71aeaf6bdb69ea,0,0
1681,1681,0,00000a8,04,2,2,3,04cef4b0c26433f5,3,3,3,70afe43db6052378,0,1,b32310977589d7d2,ad71aeaf6bdb69ea,ad71aeaf6bdb69ea,0,0
1682,1682,0,00000ac,04,2,2,3,a6665d0260cc9a47,3,3,3,70afe43db6052378,0,1,3e769e1cf8dc5959,ad71aeaf6bdb69ea,ad71aeaf6bdb69ea,0,0
1683,1683,0,00000b0,04,2,2,3,2b33d389ed9914cc,3,3,3,70afe43db6052378,0,1,a9880d806f22cac5,ad71aeaf6bdb69ea,ad71aeaf6bdb69ea,0,0
1684,1684,0,00000b4,04,2,2,3,bccd40157a678750,3,3,3,70afe43db6052378,0,1,24dd830be277444e,ad71aeaf6bdb69ea,ad71aeaf6bdb69ea,0,0
1685,1685,0,00000b8,04,2,2,3,3198ce9ef73209db,3,3,3,70afe43db6052378,0,1,9330672c559aa069,ad71aeaf6bdb69ea,ad71aeaf6bdb69ea,0,0
1686,1686,0,00000bc,04,2,2,3,f99c13703f36d435,3,3,3,70afe43db6052378,0,1,1e65e9a7d8cf2ee2,532dc20195870544,532dc20195870544,0,1
1687,1687,0,00000c0,04,2,2,3,74c99dfbb2635abe,3,3,3,70afe43db6052378,0,1,899b7a3b4f31bd7e,de784c8a18d28bcf,de784c8a18d28bcf,0,1
1688,1688,0,00000c4,04,2,2,3,e3370e67259dc922,3,3,3,70afe43db6052378,0,1,04cef4b0c26433f5,4986df168f2c1853,4986df168f2c1853,0,1
1689,1689,0,00000c8,04,2,2,3,6e6280eca8c847a9,3,3,3,70afe43db6052378,0,1,a6665d0260cc9a47,c4d3519d027996d8,c4d3519d027996d8,0,1
1690,1690,0,00000cc,04,2,2,3,ccca295e0a60ee1b,3,3,3,70afe43db6052378,0,1,2b33d389ed9914cc,667bf82fa0d13f6a,667bf82fa0d13f6a,0,1
1691,1691,0,00000d0,04,2,2,3,419fa7d587356090,3,3,3,70afe43db6052378,0,1,bccd40157a678750,eb2e76a42d84b1e1,eb2e76a42d84b1e1,0,1
1692,1692,0,0000000,00,3,2,2,d661344910cbf30c,3,3,2,70afe43db6052378,0,1,3198ce9ef73209db,7cd0e538ba7a227d,7cd0e538ba7a227d,0,1
1693,1693,0,0000000,00,3,3,3,5b34bac29d9e7d87,3,3,3,70afe43db6052378,0,1,f99c13703f36d435,f1856bb3372facf6,f1856bb3372facf6,0,1
1694,1694,0,0000000,00,3,3,3,46688f9480c248d1,3,3,3,70afe43db6052378,0,1,74c99dfbb2635abe,3981b65dff2b7118,3981b65dff2b7118,0,0
1695,1695,0,0000000,00,3,3,3,cb3d011f0d97c65a,3,3,3,70afe43db6052378,0,1,e3370e67259dc922,3981b65dff2b7118,3981b65dff2b7118,0,0
1696,1696,0,0000000,04,3,2,2,5cc392839a6955c6,3,3,2,70afe43db6052378,0,1,6e6280eca8c847a9,3981b65dff2b7118,3981b65dff2b7118,0,0
1697,1697,0,0000000,00,3,3,3,d1961c08173cdb4d,3,3,3,70afe43db6052378,0,1,ccca295e0a60ee1b,3981b65dff2b7118,3981b65dff2b7118,0,0
1698,1698,0,0000000,00,3,3,3,733eb5bab59472ff,0,3,3,70afe43db6052378,0,1,419fa7d587356090,3981b65dff2b7118,3981b65dff2b7118,0,0
1699,1699,0,0000000,00,3,3,3,000000000000733e,0,3,3,70afe43db6052378,0,1,d661344910cbf30c,3981b65dff2b7118,3981b65dff2b7118,0,0
1700,1700,0,0000000,00,2,2,2,0000000000000000,0,3,3,70afe43db6052378,0,1,5b34bac29d9e7d87,3981b65dff2b7118,3981b65dff2b7118,0,0
1701,1701,0,0000000,00,3,3,3,0000000000000000,0,3,3,70afe43db6052378,0,1,46688f9480c248d1,3981b65dff2b7118,3981b65dff2b7118,0,0
1702,1702,0,0000000,00,3,3,3,0000000000000000,0,3,3,70afe43db6052378,0,1,cb3d011f0d97c65a,3981b65dff2b7118,3981b65dff2b7118,0,0
1703,1703,0,0000000,00,3,3,3,0000000000000000,0,3,3,70afe43db6052378,0,1,5cc392839a6955c6,3981b65dff2b7118,3981b65dff2b7118,0,0
1704,1704,0,0000000,00,3,3,3,0000000000000000,0,3,3,70afe43db6052378,0,1,d1961c08173cdb4d,3981b65dff2b7118,3981b65dff2b7118,0,0
1705,1705,0,0000000,00,3,3,3,0000000000000000,0,3,3,70afe43db6052378,0,1,733eb5bab59472ff,3981b65dff2b7118,3981b65dff2b7118,0,0
1706,1706,0,0000000,00,3,3,3,0000000000000000,0,0,3,70afe43db6052378,0,1,000000000000733e,3981b65dff2b7118,3981b65dff2b7118,0,0
1707,1707,0,0000000,00,3,3,3,0000000000000000,0,0,3,70afe43db6052378,0,1,0000000000000000,ecd95ee52a7399a0,ecd95ee52a7399a0,0,1
1708,1708,0,0000000,00,3,3,3,0000000000000000,0,0,3,70afe43db6052378,0,1,0000000000000000,618cd06ea726172b,618cd06ea726172b,0,1
1709,1709,0,0000000,00,3,3,3,0000000000000000,0,0,3,70afe43db6052378,0,1,0000000000000000,f67243f230d884b7,f67243f230d884b7,0,1
1710,1710,0,0000000,00,3,3,3,0000000000000000,0,0,3,70afe43db6052378,0,1,0000000000000000,7b27cd79bd8d0a3c,7b27cd79bd8d0a3c,0,1
1711,1711,0,0000000,00,3,3,3,0000000000000000,0,0,3,70afe43db6052378,0,1,0000000000000000,d98f64cb1f25a38e,d98f64cb1f25a38e,0,1
1712,1712,0,0000000,00,3,3,3,0000000000000000,0,0,3,70afe43db6052378,0,1,0000000000000000,54daea4092702d05,54daea4092702d05,0,1
1713,1713,0,0000000,00,3,3,3,0000000000000000,0,0,3,70afe43db6052378,0,1,0000000000000000,c32479dc058ebe99,c32479dc058ebe99,0,1
1714,1714,0,0000000,00,3,3,3,0000000000000000,0,0,3,70afe43db6052378,0,1,0000000000000000,4e71f75788db3012,4e71f75788db3012,0,1
1715,1715,0,0000000,04,3,2,2,0000000000000000,0,0,3,70afe43db6052378,0,1,0000000000000000,532dc20195870544,532dc20195870544,0,0
1716,1716,0,0000000,00,3,3,3,0000000000000000,0,0,3,70afe43db6052378,0,1,0000000000000000,532dc20195870544,532dc20195870544,0,0
1717,1717,0,0000000,00,3,3,3,0000000000000000,0,0,3,70afe43db6052378,0,1,0000000000000000,532dc20195870544,532dc20195870544,0,0
1718,1718,0,0000000,00,3,3,3,0000000000000000,0,0,3,70afe43db6052378,0,1,0000000000000000,532dc20195870544,532dc20195870544,0,0
1719,1719,0,0000000,00,3,3,3,0000000000000000,0,0,3,70afe43db6052378,0,1,0000000000000000,532dc20195870544,532dc20195870544,0,0
1720,1720,0,0000000,00,3,3,3,0000000000000000,0,0,3,70afe43db6052378,0,1,0000000000000000,532dc20195870544,532dc20195870544,0,0
1721,1721,0,0000000,00,3,3,3,0000000000000000,0,0,3,70afe43db6052378,0,1,0000000000000000,532dc20195870544,532dc20195870544,0,0
1722,1722,0,00000d4,04,2,2,3,0000000000000000,0,0,3,70afe43db6052378,0,1,0000000000000000,532dc20195870544,532dc20195870544,0,0
1723,1723,0,00000d8,04,2,2,3,0000000000000000,0,0,3,70afe43db6052378,0,1,0000000000000000,532dc20195870544,532dc20195870544,0,0
1724,1724,0,00000dc,04,2,2,3,0000000000000000,0,0,3,70afe43db6052378,0,1,0000000000000000,532dc20195870544,532dc20195870544,0,0
1725,1725,0,00000e0,04,2,2,3,0000000000000000,0,0,3,70afe43db6052378,0,1,0000000000000000,532dc20195870544,532dc20195870544,0,0
1726,1726,0,00000e4,04,2,2,3,0000000000000000,0,0,3,70afe43db6052378,0,1,0000000000000000,532dc20195870544,532dc20195870544,0,0
1727,1727,0,00000e8,04,2,2,3,0000000000000000,0,0,3,70afe43db6052378,0,1,0000000000000000,532dc20195870544,532dc20195870544,0,0
1728,1728,0,00000ec,04,2,2,3,0000000000000000,3,0,3,70afe43db6052378,0,1,0000000000000000,86752ab940dfedfc,86752ab940dfedfc,0,1
1729,1729,0,00000f0,04,2,2,3,fe6b3b3138c1fc74,3,0,3,70afe43db6052378,0,1,0000000000000000,0b20a432cd8a6377,0b20a432cd8a6377,0,1
1730,1730,0,00000f4,04,2,2,3,6995a8adaf3f6fe8,3,0,3,70afe43db6052378,0,1,0000000000000000,9cde37ae5a74f0eb,9cde37ae5a74f0eb,0,1
1731,1731,0,00000f8,04,2,2,3,e4c02626226ae163,3,0,3,70afe43db6052378,0,1,0000000000000000,118bb925d7217e60,118bb925d7217e60,0,1
1732,1732,0,00000fc,04,2,2,3,2cc4fbc8ea6e3c8d,3,0,3,70afe43db6052378,0,1,0000000000000000,b32310977589d7d2,b32310977589d7d2,0,1
1733,1733,0,0000100,04,2,2,3,a1917543673bb206,3,0,3,70afe43db6052378,0,1,0000000000000000,3e769e1cf8dc5959,3e769e1cf8dc5959,0,1
1734,1734,0,0000104,04,2,2,3,366fe6dff0c5219a,3,0,3,70afe43db6052378,0,1,0000000000000000,a9880d806f22cac5,a9880d806f22cac5,0,1
1735,1735,0,0000108,04,2,2,3,bb3a68547d90af11,3,0,3,70afe43db6052378,0,1,0000000000000000,24dd830be277444e,24dd830be277444e,0,1
1736,1736,0,000010c,04,2,2,3,1992c1e6df3806a3,3,3,3,70afe43db6052378,0,1,fe6b3b3138c1fc74,ecd95ee52a7399a0,ecd95ee52a7399a0,0,0
1737,1737,0,0000110,04,2,2,3,94c74f6d526d8828,3,3,3,70afe43db6052378,0,1,6995a8adaf3f6fe8,ecd95ee52a7399a0,ecd95ee52a7399a0,0,0
1738,1738,0,0000114,04,2,2,3,0339dcf1c5931bb4,3,3,3,70afe43db6052378,0,1,e4c02626226ae163,ecd95ee52a7399a0,ecd95ee52a7399a0,0,0
1739,1739,0,0000118,04,2,2,3,8e6c527a48c6953f,3,3,3,70afe43db6052378,0,1,2cc4fbc8ea6e3c8d,ecd95ee52a7399a0,ecd95ee52a7399a0,0,0
1740,1740,0,000011c,04,2,2,3,6ce214beaa48d3fb,3,3,3,70afe43db6052378,0,1,a1917543673bb206,ecd95ee52a7399a0,ecd95ee52a7399a0,0,0
1741,1741,0,0000120,04,2,2,3,e1b79a35271d5d70,3,3,3,70afe43db6052378,0,1,366fe6dff0c5219a,ecd95ee52a7399a0,ecd95ee52a7399a0,0,0
1742,1742,0,0000124,04,2,2,3,764909a9b0e3ceec,3,3,3,70afe43db6052378,0,1,bb3a68547d90af11,ecd95ee52a7399a0,ecd95ee52a7399a0,0,0
1743,1743,0,0000128,04,2,2,3,fb1c87223db64067,3,3,3,70afe43db6052378,0,1,1992c1e6df3806a3,ecd95ee52a7399a0,ecd95ee52a7399a0,0,0
1744,1744,0,000012c,04,2,2,3,59b42e909f1ee9d5,3,3,3,70afe43db6052378,0,1,94c74f6d526d8828,ecd95ee52a7399a0,ecd95ee52a7399a0,0,0
1745,1745,0,0000130,04,2,2,3,d4e1a01b124b675e,3,3,3,70afe43db6052378,0,1,0339dcf1c5931bb4,ecd95ee52a7399a0,ecd95ee52a7399a0,0,0
1746,1746,0,0000134,04,2,2,3,431f338785b5f4c2,3,3,3,70afe43db6052378,0,1,8e6c527a48c6953f,ecd95ee52a7399a0,ecd95ee52a7399a0,0,0
1747,1747,0,0000138,04,2,2,3,ce4abd0c08e07a49,3,3,3,70afe43db6052378,0,1,6ce214beaa48d3fb,ecd95ee52a7399a0,ecd95ee52a7399a0,0,0
1748,1748,0,000013c,04,2,2,3,064e60e2c0e4a7a7,3,3,3,70afe43db6052378,0,1,e1b79a35271d5d70,ecd95ee52a7399a0,ecd95ee52a7399a0,0,0
1749,1749,0,0000140,04,2,2,3,8b1bee694db1292c,3,3,3,70afe43db6052378,0,1,764909a9b0e3ceec,9330672c559aa069,9330672c559aa069,0,1
1750,1750,0,0000144,04,2,2,3,1ce57df5da4fbab0,3,3,3,70afe43db6052378,0,1,fb1c87223db64067,1e65e9a7d8cf2ee2,1e65e9a7d8cf2ee2,0,1
1751,1751,0,0000148,04,2,2,3,91b0f37e571a343b,3,3,3,70afe43db6052378,0,1,59b42e909f1ee9d5,899b7a3b4f31bd7e,899b7a3b4f31bd7e,0,1
1752,1752,0,000014c,04,2,2,3,33185accf5b29d89,3,3,3,70afe43db6052378,0,1,d4e1a01b124b675e,04cef4b0c26433f5,04cef4b0c26433f5,0,1
1753,1753,0,0000150,04,2,2,3,be4dd44778e71302,3,3,3,70afe43db6052378,0,1,431f338785b5f4c2,a6665d0260cc9a47,a6665d0260cc9a47,0,1
1754,1754,0,0000154,04,2,2,3,29b347dbef19809e,3,3,3,70afe43db6052378,0,1,ce4abd0c08e07a49,2b33d389ed9914cc,2b33d389ed9914cc,0,1
1755,1755,0,0000158,04,2,2,3,a4e6c950624c0e15,3,3,3,70afe43db6052378,0,1,064e60e2c0e4a7a7,bccd40157a678750,bccd40157a678750,0,1
1756,1756,0,000015c,04,2,2,3,b9bafc067f103b43,3,3,3,70afe43db6052378,0,1,8b1bee694db1292c,3198ce9ef73209db,3198ce9ef73209db,0,1
1757,1757,0,0000160,04,2,2,3,34ef728df245b5c8,3,3,3,70afe43db6052378,0,1,1ce57df5da4fbab0,86752ab940dfedfc,86752ab940dfedfc,0,0
1758,1758,0,0000164,04,2,2,3,a311e11165bb2654,3,3,3,70afe43db6052378,0,1,91b0f37e571a343b,86752ab940dfedfc,86752ab940dfedfc,0,0
1759,1759,0,0000168,04,2,2,3,2e446f9ae8eea8df,3,3,3,70afe43db6052378,0,1,33185accf5b29d89,86752ab940dfedfc,86752ab940dfedfc,0,0
1760,1760,0,000016c,04,2,2,3,8cecc6284a46016d,3,3,3,70afe43db6052378,0,1,be4dd44778e71302,86752ab940dfedfc,86752ab940dfedfc,0,0
1761,1761,0,0000170,04,2,2,3,01b948a3c7138fe6,3,3,3,70afe43db6052378,0,1,29b347dbef19809e,86752ab940dfedfc,86752ab940dfedfc,0,0
1762,1762,0,0000174,04,2,2,3,9647db3f50ed1c7a,3,3,3,70afe43db6052378,0,1,a4e6c950624c0e15,86752ab940dfedfc,86752ab940dfedfc,0,0
1763,1763,0,0000178,04,2,2,3,1b1255b4ddb892f1,3,3,3,70afe43db6052378,0,1,b9bafc067f103b43,86752ab940dfedfc,86752ab940dfedfc,0,0
1764,1764,0,000017c,04,2,2,3,d316885a15bc4f1f,3,3,3,70afe43db6052378,0,1,34ef728df245b5c8,86752ab940dfedfc,86752ab940dfedfc,0,0
1765,1765,0,0000180,04,2,2,3,5e4306d198e9c194,3,3,3,70afe43db6052378,0,1,a311e11165bb2654,86752ab940dfedfc,86752ab940dfedfc,0,0
1766,1766,0,0000184,04,2,2,3,c9bd954d0f175208,3,3,3,70afe43db6052378,0,1,2e446f9ae8eea8df,86752ab940dfedfc,86752ab940dfedfc,0,0
1767,1767,0,0000188,04,2,2,3,44e81bc68242dc83,3,3,3,70afe43db6052378,0,1,8cecc6284a46016d,86752ab940dfedfc,86752ab940dfedfc,0,0
1768,1768,0,000018c,04,2,2,3,e640b27420ea7531,3,3,3,70afe43db6052378,0,1,01b948a3c7138fe6,86752ab940dfedfc,86752ab940dfedfc,0,0
1769,1769,0,0000190,04,2,2,3,6b153cffadbffbba,3,3,3,70afe43db6052378,0,1,9647db3f50ed1c7a,86752ab940dfedfc,86752ab940dfedfc,0,0
1770,1770,0,0000194,04,2,2,3,fcebaf633a416826,3,3,3,70afe43db6052378,0,1,1b1255b4ddb892f1,f99c13703f36d435,f99c13703f36d435,0,1
1771,1771,0,0000198,04,2,2,3,71be21e8b714e6ad,3,3,3,70afe43db6052378,0,1,d316885a15bc4f1f,74c99dfbb2635abe,74c99dfbb2635abe,0,1
1772,1772,0,000019c,04,2,2,3,c653c5cf00f9028a,3,3,3,70afe43db6052378,0,1,5e4306d198e9c194,e3370e67259dc922,e3370e67259dc922,0,1
1773,1773,0,00001a0,04,2,2,3,4b064b448dac8c01,3,3,3,70afe43db6052378,0,1,c9bd954d0f175208,6e6280eca8c847a9,6e6280eca8c847a9,0,1
1774,1774,0,00001a4,04,2,2,3,dcf8d8d81a521f9d,3,3,3,70afe43db6052378,0,1,44e81bc68242dc83,ccca295e0a60ee1b,ccca295e0a60ee1b,0,1
1775,1775,0,00001a8,04,2,2,3,51ad565397079116,3,3,3,70afe43db6052378,0,1,e640b27420ea7531,419fa7d587356090,419fa7d587356090,0,1
1776,1776,0,00001ac,04,2,2,3,f305ffe135af38a4,3,3,3,70afe43db6052378,0,1,6b153cffadbffbba,d661344910cbf30c,d661344910cbf30c,0,1
1777,1777,0,00001b0,04,2,2,3,7e50716ab8fab62f,3,3,3,70afe43db6052378,0,1,fcebaf633a416826,5b34bac29d9e7d87,5b34bac29d9e7d87,0,1
1778,1778,0,00001b4,04,2,2,3,e9aee2f62f0425b3,3,3,3,70afe43db6052378,0,1,71be21e8b714e6ad,9330672c559aa069,9330672c559aa069,0,0
1779,1779,0,00001b8,04,2,2,3,64fb6c7da251ab38,3,3,3,70afe43db6052378,0,1,c653c5cf00f9028a,9330672c559aa069,9330672c559aa069,0,0
1780,1780,0,00001bc,04,2,2,3,acffb1936a5576d6,3,3,3,70afe43db6052378,0,1,4b064b448dac8c01,9330672c559aa069,9330672c559aa069,0,0
1781,1781,0,00001c0,04,2,2,3,21aa3f18e700f85d,3,3,3,70afe43db6052378,0,1,dcf8d8d81a521f9d,9330672c559aa069,9330672c559aa069,0,0
1782,1782,0,00001c4,04,2,2,3,b654ac8470fe6bc1,3,3,3,70afe43db6052378,0,1,51ad565397079116,9330672c559aa069,9330672c559aa069,0,0
1783,1783,0,00001c8,04,2,2,3,3b01220ffdabe54a,3,3,3,70afe43db6052378,0,1,f305ffe135af38a4,9330672c559aa069,9330672c559aa069,0,0
1784,1784,0,00001cc,04,2,2,3,99a98bbd5f034cf8,3,3,3,70afe43db6052378,0,1,7e50716ab8fab62f,9330672c559aa069,9330672c559aa069,0,0
1785,1785,0,00001d0,04,2,2,3,14fc0536d256c273,3,3,3,70afe43db6052378,0,1,e9aee2f62f0425b3,9330672c559aa069,9330672c559aa069,0,0
1786,1786,0,00001d4,04,2,2,3,830296aa45a851ef,3,3,3,70afe43db6052378,0,1,64fb6c7da251ab38,9330672c559aa069,9330672c559aa069,0,0
1787,1787,0,00001d8,04,2,2,3,0e571821c8fddf64,3,3,3,70afe43db6052378,0,1,acffb1936a5576d6,9330672c559aa069,9330672c559aa069,0,0
1788,1788,0,00001dc,04,2,2,3,130b2d77d5a1ea32,3,3,3,70afe43db6052378,0,1,21aa3f18e700f85d,9330672c559aa069,9330672c559aa069,0,0
1789,1789,0,00001e0,04,2,2,3,9e5ea3fc58f464b9,3,3,3,70afe43db6052378,0,1,b654ac8470fe6bc1,9330672c559aa069,9330672c559aa069,0,0
1790,1790,0,00001e4,04,2,2,3,09a03060cf0af725,3,3,3,70afe43db6052378,0,1,3b01220ffdabe54a,9330672c559aa069,9330672c559aa069,0,0
1791,1791,0,00001e8,04,2,2,3,84f5beeb425f79ae,3,3,3,70afe43db6052378,0,1,99a98bbd5f034cf8,46688f9480c248d1,46688f9480c248d1,0,1
1792,1792,0,00001ec,04,2,2,3,265d1759e0f7d01c,3,3,3,70afe43db6052378,0,1,14fc0536d256c273,cb3d011f0d97c65a,cb3d011f0d97c65a,0,1
1793,1793,0,00001f0,04,2,2,3,ab0899d26da25e97,3,3,3,70afe43db6052378,0,1,830296aa45a851ef,5cc392839a6955c6,5cc392839a6955c6,0,1
1794,1794,0,00001f4,04,2,2,3,3cf60a4efa5ccd0b,3,3,3,70afe43db6052378,0,1,0e571821c8fddf64,d1961c08173cdb4d,d1961c08173cdb4d,0,1
1795,1795,0,00001f8,04,2,2,3,b1a384c577094380,3,3,3,70afe43db6052378,0,1,130b2d77d5a1ea32,733eb5bab59472ff,733eb5bab59472ff,0,1
1796,1796,0,00001fc,04,2,2,3,79a7592bbf0d9e6e,3,3,3,70afe43db6052378,0,1,9e5ea3fc58f464b9,fe6b3b3138c1fc74,fe6b3b3138c1fc74,0,1
1797,1797,0,0000200,04,2,2,3,f4f2d7a0325810e5,3,3,3,70afe43db6052378,0,1,09a03060cf0af725,6995a8adaf3f6fe8,6995a8adaf3f6fe8,0,1
1798,1798,0,0000204,04,2,2,3,630c443ca5a68379,3,3,3,70afe43db6052378,0,1,84f5beeb425f79ae,e4c02626226ae163,e4c02626226ae163,0,1
1799,1799,0,0000208,04,2,2,3,ee59cab728f30df2,3,3,3,70afe43db6052378,0,1,265d1759e0f7d01c,f99c13703f36d435,f99c13703f36d435,0,0
1800,1800,0,000020c,04,2,2,3,4cf163058a5ba440,3,3,3,70afe43db6052378,0,1,ab0899d26da25e97,f99c13703f36d435,f99c13703f36d435,0,0
1801,1801,0,0000210,04,2,2,3,c1a4ed8e070e2acb,3,3,3,70afe43db6052378,0,1,3cf60a4efa5ccd0b,f99c13703f36d435,f99c13703f36d435,0,0
1802,1802,0,0000214,04,2,2,3,565a7e1290f0b957,3,3,3,70afe43db6052378,0,1,b1a384c577094380,f99c13703f36d435,f99c13703f36d435,0,0
1803,1803,0,0000218,04,2,2,3,db0ff0991da537dc,3,3,3,70afe43db6052378,0,1,79a7592bbf0d9e6e,f99c13703f36d435,f99c13703f36d435,0,0
1804,1804,0,000021c,04,2,2,3,9346f39b55ec34de,3,3,3,70afe43db6052378,0,1,f4f2d7a0325810e5,f99c13703f36d435,f99c13703f36d435,0,0
1805,1805,0,0000220,04,2,2,3,1e137d10d8b9ba55,3,3,3,70afe43db6052378,0,1,630c443ca5a68379,f99c13703f36d435,f99c13703f36d435,0,0
1806,1806,0,0000224,04,2,2,3,89edee8c4f4729c9,3,3,3,70afe43db6052378,0,1,ee59cab728f30df2,f99c13703f36d435,f99c13703f36d435,0,0
1807,1807,0,0000228,04,2,2,3,04b86007c212a742,3,3,3,70afe43db6052378,0,1,4cf163058a5ba440,f99c13703f36d435,f99c13703f36d435,0,0
1808,1808,0,000022c,04,2,2,3,a610c9b560ba0ef0,3,3,3,70afe43db6052378,0,1,c1a4ed8e070e2acb,f99c13703f36d435,f99c13703f36d435,0,0
1809,1809,0,0000000,00,3,2,2,2b45473eedef807b,3,3,3,70afe43db6052378,0,1,565a7e1290f0b957,f99c13703f36d435,f99c13703f36d435,0,0
1810,1810,0,0000000,00,3,3,3,bcbbd4a27a1113e7,3,3,3,70afe43db6052378,0,1,db0ff0991da537dc,f99c13703f36d435,f99c13703f36d435,0,0
1811,1811,0,0000000,00,3,3,3,31ee5a29f7449d6c,3,3,3,70afe43db6052378,0,1,9346f39b55ec34de,f99c13703f36d435,f99c13703f36d435,0,0
1812,1812,0,0000230,04,2,2,3,f9ea87c73f404082,3,3,3,70afe43db6052378,0,1,1e137d10d8b9ba55,2cc4fbc8ea6e3c8d,2cc4fbc8ea6e3c8d,0,1
1813,1813,0,0000234,04,2,2,3,74bf094cb215ce09,3,3,3,70afe43db6052378,0,1,89edee8c4f4729c9,a1917543673bb206,a1917543673bb206,0,1
1814,1814,0,0000238,04,2,2,3,e3419ad025eb5d95,3,3,3,70afe43db6052378,0,1,04b86007c212a742,366fe6dff0c5219a,366fe6dff0c5219a,0,1
1815,1815,0,000023c,04,2,2,3,6e14145ba8bed31e,0,3,3,70afe43db6052378,0,1,a610c9b560ba0ef0,bb3a68547d90af11,bb3a68547d90af11,0,1
1816,1816,0,0000240,04,2,2,3,0000000000006e14,0,3,3,70afe43db6052378,0,1,2b45473eedef807b,1992c1e6df3806a3,1992c1e6df3806a3,0,1
1817,1817,0,0000244,04,2,2,3,0000000000000000,0,3,3,70afe43db6052378,0,1,bcbbd4a27a1113e7,94c74f6d526d8828,94c74f6d526d8828,0,1
1818,1818,0,0000248,04,2,2,3,0000000000000000,3,3,3,70afe43db6052378,0,1,31ee5a29f7449d6c,0339dcf1c5931bb4,0339dcf1c5931bb4,0,1
1819,1819,0,000024c,04,2,2,3,ccbcbde90a167aac,3,3,3,70afe43db6052378,0,1,f9ea87c73f404082,8e6c527a48c6953f,8e6c527a48c6953f,0,1
1820,1820,0,0000000,00,3,3,3,41e933628743f427,3,3,3,70afe43db6052378,0,1,74bf094cb215ce09,46688f9480c248d1,46688f9480c248d1,0,0
1821,1821,0,0000000,00,3,3,3,d617a0fe10bd67bb,3,3,3,70afe43db6052378,0,1,e3419ad025eb5d95,46688f9480c248d1,46688f9480c248d1,0,0
1822,1822,0,0000000,00,3,3,3,5b422e759de8e930,3,3,3,70afe43db6052378,0,1,6e14145ba8bed31e,46688f9480c248d1,46688f9480c248d1,0,0
1823,1823,0,0000000,00,3,3,3,461e1b2380b4dc66,3,0,3,6fbb9868a9115f2d,0,1,0000000000006e14,46688f9480c248d1,46688f9480c248d1,0,0
1824,1824,0,0000000,00,3,3,3,cb4b95a80de152ed,3,0,3,6fbb9868a9115f2d,0,1,0000000000000000,46688f9480c248d1,46688f9480c248d1,0,0
1825,1825,0,0000000,00,3,3,3,5cb506349a1fc171,3,0,3,6fbb9868a9115f2d,0,1,0000000000000000,46688f9480c248d1,46688f9480c248d1,0,0
1826,1826,0,0000000,00,3,3,3,d1e088bf174a4ffa,0,3,3,6fbb9868a9115f2d,0,1,ccbcbde90a167aac,46688f9480c248d1,46688f9480c248d1,0,0
1827,1827,0,0000000,00,3,3,3,000000000000d1e0,0,3,3,6fbb9868a9115f2d,0,1,41e933628743f427,46688f9480c248d1,46688f9480c248d1,0,0
1828,1828,0,0000000,00,3,3,3,0000000000000000,0,3,3,6fbb9868a9115f2d,0,1,d617a0fe10bd67bb,46688f9480c248d1,46688f9480c248d1,0,0
1829,1829,0,0000000,00,3,3,3,0000000000000000,0,3,3,6fbb9868a9115f2d,0,1,5b422e759de8e930,46688f9480c248d1,46688f9480c248d1,0,0
1830,1830,0,0000000,00,3,3,3,0000000000000000,0,3,3,6fbb9868a9115f2d,0,1,461e1b2380b4dc66,46688f9480c248d1,46688f9480c248d1,0,0
1831,1831,0,0000000,00,3,3,3,0000000000000000,0,3,3,6fbb9868a9115f2d,0,1,cb4b95a80de152ed,46688f9480c248d1,46688f9480c248d1,0,0
1832,1832,0,0000000,00,2,2,3,0000000000000000,0,3,2,6fbb9868a9115f2d,3,1,5cb506349a1fc171,46688f9480c248d1,46688f9480c248d1,0,0
1833,1833,0,0000250,04,2,2,3,0000000000000000,0,3,3,e2ee16e32444d1a6,0,1,d1e088bf174a4ffa,6ce214beaa48d3fb,6ce214beaa48d3fb,0,1
1834,1834,0,0000254,04,2,2,3,0000000000000000,0,0,3,e2ee16e32444d1a6,0,1,000000000000d1e0,e1b79a35271d5d70,e1b79a35271d5d70,0,1
1835,1835,0,0000258,04,2,2,3,0000000000000000,0,0,3,e2ee16e32444d1a6,0,1,0000000000000000,764909a9b0e3ceec,764909a9b0e3ceec,0,1
1836,1836,0,0000004,00,2,2,3,0000000000000000,0,0,2,e2ee16e32444d1a6,3,1,0000000000000000,fb1c87223db64067,fb1c87223db64067,0,1
1837,1837,0,0000000,00,3,3,3,0000000000000000,0,0,3,6a04f92aacae3e6f,0,1,0000000000000000,59b42e909f1ee9d5,59b42e909f1ee9d5,0,1
1838,1838,0,0000000,00,3,3,3,9868a9115f2d6fbb,0,0,3,6a04f92aacae3e6f,0,1,0000000000000000,d4e1a01b124b675e,d4e1a01b124b675e,0,1
1839,1839,0,0000000,00,3,3,3,16e32444d1a66fbb,3,0,3,6a04f92aacae3e6f,0,1,0000000000000000,431f338785b5f4c2,431f338785b5f4c2,0,1
1840,1840,0,0000000,00,3,3,3,7348210db5e2e648,3,0,3,6a04f92aacae3e6f,0,1,0000000000000000,ce4abd0c08e07a49,ce4abd0c08e07a49,0,1
1841,1841,0,0000000,00,3,3,3,ffffffffffffffff,3,0,3,6a04f92aacae3e6f,0,1,0000000000000000,2cc4fbc8ea6e3c8d,2cc4fbc8ea6e3c8d,0,0
1842,1842,0,0000000,00,3,3,3,16e32444d1a6e2ee,0,0,3,6a04f92aacae3e6f,0,1,0000000000000000,2cc4fbc8ea6e3c8d,2cc4fbc8ea6e3c8d,0,0
1843,1843,0,0000000,00,3,3,3,f92aacae3e6fe2ee,0,0,3,6a04f92aacae3e6f,0,1,0000000000000000,2cc4fbc8ea6e3c8d,2cc4fbc8ea6e3c8d,0,0
1844,1844,0,0000000,00,3,3,3,000000000000002a,0,0,3,6a04f92aacae3e6f,0,1,0000000000000000,2cc4fbc8ea6e3c8d,2cc4fbc8ea6e3c8d,0,0
1845,1845,0,000025c,04,2,2,3,0000000000000000,0,0,3,6a04f92aacae3e6f,0,1,9868a9115f2d6fbb,2cc4fbc8ea6e3c8d,2cc4fbc8ea6e3c8d,0,0
1846,1846,0,0000260,04,2,2,3,0000000000000000,0,0,3,6a04f92aacae3e6f,0,1,16e32444d1a66fbb,2cc4fbc8ea6e3c8d,2cc4fbc8ea6e3c8d,0,0
1847,1847,0,0000264,04,2,2,3,0000000000000000,0,3,3,6a04f92aacae3e6f,0,1,7348210db5e2e648,2cc4fbc8ea6e3c8d,2cc4fbc8ea6e3c8d,0,0
1848,1848,0,0000268,04,2,2,3,0000000000000000,0,3,3,6a04f92aacae3e6f,0,1,ffffffffffffffff,2cc4fbc8ea6e3c8d,2cc4fbc8ea6e3c8d,0,0
1849,1849,0,000026c,04,2,2,3,0000000000000000,0,3,3,6a04f92aacae3e6f,0,1,16e32444d1a6e2ee,2cc4fbc8ea6e3c8d,2cc4fbc8ea6e3c8d,0,0
1850,1850,0,0000000,00,3,3,3,0000000000000000,0,0,3,6a04f92aacae3e6f,0,1,f92aacae3e6fe2ee,2cc4fbc8ea6e3c8d,2cc4fbc8ea6e3c8d,0,0
1851,1851,0,0000000,00,3,3,3,0000000000000000,3,0,3,6a04f92aacae3e6f,0,1,000000000000002a,2cc4fbc8ea6e3c8d,2cc4fbc8ea6e3c8d,0,0
1852,1852,0,0000000,00,3,3,3,e4b6b291221c75d4,3,0,3,6a04f92aacae3e6f,0,1,0000000000000000,2cc4fbc8ea6e3c8d,2cc4fbc8ea6e3c8d,0,0
1853,1853,0,0000000,00,3,3,3,2cb26f7fea18a83a,3,0,3,6a04f92aacae3e6f,0,1,0000000000000000,2cc4fbc8ea6e3c8d,2cc4fbc8ea6e3c8d,0,0
1854,1854,0,0000270,04,2,2,3,a1e7e1f4674d26b1,3,0,3,6a04f92aacae3e6f,0,1,0000000000000000,064e60e2c0e4a7a7,064e60e2c0e4a7a7,0,1
1855,1855,0,0000274,04,2,2,3,36197268f0b3b52d,3,0,3,6a04f92aacae3e6f,0,1,0000000000000000,8b1bee694db1292c,8b1bee694db1292c,0,1
1856,1856,0,0000278,04,2,2,3,bb4cfce37de63ba6,0,0,3,6a04f92aacae3e6f,0,1,0000000000000000,1ce57df5da4fbab0,1ce57df5da4fbab0,0,1
1857,1857,0,000027c,04,2,2,3,000000000000bb4c,0,0,3,6a04f92aacae3e6f,0,1,0000000000000000,91b0f37e571a343b,91b0f37e571a343b,0,1
1858,1858,0,0000280,04,2,2,3,0000000000000000,0,0,3,6a04f92aacae3e6f,0,1,0000000000000000,33185accf5b29d89,33185accf5b29d89,0,1
1859,1859,0,0000284,04,2,2,3,0000000000000000,0,3,3,6a04f92aacae3e6f,0,1,e4b6b291221c75d4,be4dd44778e71302,be4dd44778e71302,0,1
1860,1860,0,0000288,04,2,2,3,0000000000000000,3,3,3,6a04f92aacae3e6f,0,1,2cb26f7fea18a83a,29b347dbef19809e,29b347dbef19809e,0,1
1861,1861,0,000028c,04,2,2,3,19e45551df4e9214,3,3,3,6a04f92aacae3e6f,0,1,a1e7e1f4674d26b1,a4e6c950624c0e15,a4e6c950624c0e15,0,1
1862,1862,0,0000000,00,3,3,3,94b1dbda521b1c9f,3,3,3,6a04f92aacae3e6f,0,1,36197268f0b3b52d,6ce214beaa48d3fb,6ce214beaa48d3fb,0,0
1863,1863,0,0000000,00,3,3,3,034f4846c5e58f03,3,3,3,6a04f92aacae3e6f,0,1,bb4cfce37de63ba6,6ce214beaa48d3fb,6ce214beaa48d3fb,0,0
1864,1864,0,0000000,00,3,3,3,8e1ac6cd48b00188,3,0,3,6a04f92aacae3e6f,0,1,000000000000bb4c,6ce214beaa48d3fb,6ce214beaa48d3fb,0,0
1865,1865,0,0000000,00,3,3,3,39f722eaff5de5af,3,0,3,7510857fb3ba423a,0,1,0000000000000000,6ce214beaa48d3fb,6ce214beaa48d3fb,0,0
1866,1866,0,0000000,00,3,3,3,b4a2ac6172086b24,3,0,3,7510857fb3ba423a,0,1,0000000000000000,6ce214beaa48d3fb,6ce214beaa48d3fb,0,0
1867,1867,0,0000000,00,3,3,3,235c3ffde5f6f8b8,3,0,3,7510857fb3ba423a,0,1,0000000000000000,6ce214beaa48d3fb,6ce214beaa48d3fb,0,0
1868,1868,0,0000000,00,3,3,3,ae09b17668a37633,0,3,3,7510857fb3ba423a,0,1,19e45551df4e9214,6ce214beaa48d3fb,6ce214beaa48d3fb,0,0
1869,1869,0,0000000,00,3,3,3,000000000000ae09,0,3,3,7510857fb3ba423a,0,1,94b1dbda521b1c9f,6ce214beaa48d3fb,6ce214beaa48d3fb,0,0
1870,1870,0,0000000,00,3,3,3,0000000000000000,0,3,3,7510857fb3ba423a,0,1,034f4846c5e58f03,6ce214beaa48d3fb,6ce214beaa48d3fb,0,0
1871,1871,0,0000000,00,3,3,3,0000000000000000,0,3,3,7510857fb3ba423a,0,1,8e1ac6cd48b00188,6ce214beaa48d3fb,6ce214beaa48d3fb,0,0
1872,1872,0,0000000,00,3,3,3,0000000000000000,0,3,3,7510857fb3ba423a,0,1,39f722eaff5de5af,6ce214beaa48d3fb,6ce214beaa48d3fb,0,0
1873,1873,0,0000000,00,3,3,3,0000000000000000,0,3,3,7510857fb3ba423a,0,1,b4a2ac6172086b24,6ce214beaa48d3fb,6ce214beaa48d3fb,0,0
1874,1874,0,0000008,00,2,2,3,0000000000000000,0,3,2,7510857fb3ba423a,3,1,235c3ffde5f6f8b8,6ce214beaa48d3fb,6ce214beaa48d3fb,0,0
1875,1875,0,0000290,04,2,2,3,0000000000000000,0,3,3,f8450bf43eefccb1,0,1,ae09b17668a37633,b9bafc067f103b43,b9bafc067f103b43,0,1
1876,1876,0,0000294,04,2,2,3,0000000000000000,0,0,3,f8450bf43eefccb1,0,1,000000000000ae09,34ef728df245b5c8,34ef728df245b5c8,0,1
1877,1877,0,0000298,04,2,2,3,0000000000000000,0,0,3,f8450bf43eefccb1,0,1,0000000000000000,a311e11165bb2654,a311e11165bb2654,0,1
1878,1878,0,000000c,00,2,2,3,0000000000000000,0,0,2,f8450bf43eefccb1,3,1,0000000000000000,2e446f9ae8eea8df,2e446f9ae8eea8df,0,1
1879,1879,0,0000000,00,3,3,3,0000000000000000,0,0,3,45f9de1383531956,0,1,0000000000000000,8cecc6284a46016d,8cecc6284a46016d,0,1
1880,1880,0,0000000,00,3,3,3,857fb3ba423a7510,0,0,3,45f9de1383531956,0,1,0000000000000000,01b948a3c7138fe6,01b948a3c7138fe6,0,1
1881,1881,0,0000000,00,3,3,3,0bf43eefccb17510,3,0,3,45f9de1383531956,0,1,0000000000000000,9647db3f50ed1c7a,9647db3f50ed1c7a,0,1
1882,1882,0,0000000,00,3,3,3,0ca118c4ca0bdf81,3,0,3,45f9de1383531956,0,1,0000000000000000,1b1255b4ddb892f1,1b1255b4ddb892f1,0,1
1883,1883,0,0000000,00,3,3,3,ffffffffffffffff,3,0,3,45f9de1383531956,0,1,0000000000000000,064e60e2c0e4a7a7,064e60e2c0e4a7a7,0,0
1884,1884,0,0000000,00,3,3,3,0bf43eefccb1f845,0,0,3,45f9de1383531956,0,1,0000000000000000,064e60e2c0e4a7a7,064e60e2c0e4a7a7,0,0
1885,1885,0,0000000,00,3,3,3,de1383531956f845,0,0,3,45f9de1383531956,0,1,0000000000000000,064e60e2c0e4a7a7,064e60e2c0e4a7a7,0,0
1886,1886,0,0000000,00,3,3,3,0000000000000013,0,0,3,45f9de1383531956,0,1,0000000000000000,064e60e2c0e4a7a7,064e60e2c0e4a7a7,0,0
1887,1887,0,000029c,04,2,2,3,0000000000000000,0,0,3,45f9de1383531956,0,1,857fb3ba423a7510,064e60e2c0e4a7a7,064e60e2c0e4a7a7,0,0
1888,1888,0,00002a0,04,2,2,3,0000000000000000,0,0,3,45f9de1383531956,0,1,0bf43eefccb17510,064e60e2c0e4a7a7,064e60e2c0e4a7a7,0,0
1889,1889,0,00002a4,04,2,2,3,0000000000000000,0,3,3,45f9de1383531956,0,1,0ca118c4ca0bdf81,064e60e2c0e4a7a7,064e60e2c0e4a7a7,0,0
1890,1890,0,00002a8,04,2,2,3,0000000000000000,0,3,3,45f9de1383531956,0,1,ffffffffffffffff,064e60e2c0e4a7a7,064e60e2c0e4a7a7,0,0
1891,1891,0,00002ac,04,2,2,3,0000000000000000,0,3,3,45f9de1383531956,0,1,0bf43eefccb1f845,064e60e2c0e4a7a7,064e60e2c0e4a7a7,0,0
1892,1892,0,0000000,00,3,3,3,0000000000000000,0,0,3,45f9de1383531956,0,1,de1383531956f845,064e60e2c0e4a7a7,064e60e2c0e4a7a7,0,0
1893,1893,0,0000000,00,3,3,3,0000000000000000,3,0,3,45f9de1383531956,0,1,0000000000000013,064e60e2c0e4a7a7,064e60e2c0e4a7a7,0,0
1894,1894,0,0000000,00,3,3,3,9b5f8b585df54c1d,3,0,3,45f9de1383531956,0,1,0000000000000000,064e60e2c0e4a7a7,064e60e2c0e4a7a7,0,0
1895,1895,0,0000000,00,3,3,3,535b56b695f191f3,3,0,3,45f9de1383531956,0,1,0000000000000000,064e60e2c0e4a7a7,064e60e2c0e4a7a7,0,0
1896,1896,0,00002b0,04,2,2,3,de0ed83d18a41f78,3,0,3,45f9de1383531956,0,1,0000000000000000,d316885a15bc4f1f,d316885a15bc4f1f,0,1
1897,1897,0,00002b4,04,2,2,3,49f04ba18f5a8ce4,3,0,3,45f9de1383531956,0,1,0000000000000000,5e4306d198e9c194,5e4306d198e9c194,0,1
1898,1898,0,00002b8,04,2,2,3,c4a5c52a020f026f,0,0,3,45f9de1383531956,0,1,0000000000000000,c9bd954d0f175208,c9bd954d0f175208,0,1
1899,1899,0,00002bc,04,2,2,3,000000000000c4a5,0,0,3,45f9de1383531956,0,1,0000000000000000,44e81bc68242dc83,44e81bc68242dc83,0,1
1900,1900,0,00002c0,04,2,2,3,0000000000000000,0,0,3,45f9de1383531956,0,1,0000000000000000,e640b27420ea7531,e640b27420ea7531,0,1
1901,1901,0,00002c4,04,2,2,3,0000000000000000,0,3,3,45f9de1383531956,0,1,9b5f8b585df54c1d,6b153cffadbffbba,6b153cffadbffbba,0,1
1902,1902,0,00002c8,04,2,2,3,0000000000000000,3,3,3,45f9de1383531956,0,1,535b56b695f191f3,fcebaf633a416826,fcebaf633a416826,0,1
1903,1903,0,00002cc,04,2,2,3,660d6c98a0a7abdd,3,3,3,45f9de1383531956,0,1,de0ed83d18a41f78,71be21e8b714e6ad,71be21e8b714e6ad,0,1
1904,1904,0,0000000,00,3,3,3,eb58e2132df22556,3,3,3,45f9de1383531956,0,1,49f04ba18f5a8ce4,b9bafc067f103b43,b9bafc067f103b43,0,0
1905,1905,0,0000000,00,3,3,3,7ca6718fba0cb6ca,3,3,3,45f9de1383531956,0,1,c4a5c52a020f026f,b9bafc067f103b43,b9bafc067f103b43,0,0
1906,1906,0,0000000,00,3,3,3,f1f3ff0437593841,3,0,3,45f9de1383531956,0,1,000000000000c4a5,b9bafc067f103b43,b9bafc067f103b43,0,0
1907,1907,0,0000000,00,3,3,3,ecafca522a050d17,3,0,3,5aeda2469c476503,0,1,0000000000000000,b9bafc067f103b43,b9bafc067f103b43,0,0
1908,1908,0,0000000,00,3,3,3,61fa44d9a750839c,3,0,3,5aeda2469c476503,0,1,0000000000000000,b9bafc067f103b43,b9bafc067f103b43,0,0
1909,1909,0,0000000,00,3,3,3,f604d74530ae1000,3,0,3,5aeda2469c476503,0,1,0000000000000000,b9bafc067f103b43,b9bafc067f103b43,0,0
1910,1910,0,0000000,00,3,3,3,7b5159cebdfb9e8b,0,3,3,5aeda2469c476503,0,1,660d6c98a0a7abdd,b9bafc067f103b43,b9bafc067f103b43,0,0
1911,1911,0,0000000,00,3,3,3,0000000000007b51,0,3,3,5aeda2469c476503,0,1,eb58e2132df22556,b9bafc067f103b43,b9bafc067f103b43,0,0
1912,1912,0,0000000,00,3,3,3,0000000000000000,0,3,3,5aeda2469c476503,0,1,7ca6718fba0cb6ca,b9bafc067f103b43,b9bafc067f103b43,0,0
1913,1913,0,0000000,00,3,3,3,0000000000000000,0,3,3,5aeda2469c476503,0,1,f1f3ff0437593841,b9bafc067f103b43,b9bafc067f103b43,0,0
1914,1914,0,0000000,00,3,3,3,0000000000000000,0,3,3,5aeda2469c476503,0,1,ecafca522a050d17,b9bafc067f103b43,b9bafc067f103b43,0,0
1915,1915,0,0000000,00,3,3,3,0000000000000000,0,3,3,5aeda2469c476503,0,1,61fa44d9a750839c,b9bafc067f103b43,b9bafc067f103b43,0,0
1916,1916,0,0000010,00,2,2,3,0000000000000000,0,3,2,5aeda2469c476503,3,1,f604d74530ae1000,b9bafc067f103b43,b9bafc067f103b43,0,0
1917,1917,0,00002d0,04,2,2,3,0000000000000000,0,3,3,d7b82ccd1112eb88,0,1,7b5159cebdfb9e8b,c653c5cf00f9028a,c653c5cf00f9028a,0,1
1918,1918,0,00002d4,04,2,2,3,0000000000000000,0,0,3,d7b82ccd1112eb88,0,1,0000000000007b51,4b064b448dac8c01,4b064b448dac8c01,0,1
1919,1919,0,00002d8,04,2,2,3,0000000000000000,0,0,3,d7b82ccd1112eb88,0,1,0000000000000000,dcf8d8d81a521f9d,dcf8d8d81a521f9d,0,1
1920,1920,0,0000014,00,2,2,3,0000000000000000,0,0,2,d7b82ccd1112eb88,3,1,0000000000000000,51ad565397079116,51ad565397079116,0,1
1921,1921,0,0000000,00,3,3,3,0000000000000000,0,0,3,5f52c30499f80441,0,1,0000000000000000,f305ffe135af38a4,f305ffe135af38a4,0,1
1922,1922,0,0000000,00,3,3,3,a2469c4765035aed,0,0,3,5f52c30499f80441,0,1,0000000000000000,7e50716ab8fab62f,7e50716ab8fab62f,0,1
1923,1923,0,0000000,00,3,3,3,2ccd1112eb885aed,3,0,3,5f52c30499f80441,0,1,0000000000000000,e9aee2f62f0425b3,e9aee2f62f0425b3,0,1
1924,1924,0,0000000,00,3,3,3,d9f9f07c1f533739,3,0,3,5f52c30499f80441,0,1,0000000000000000,64fb6c7da251ab38,64fb6c7da251ab38,0,1
1925,1925,0,0000000,00,3,3,3,ffffffffffffffff,3,0,3,5f52c30499f80441,0,1,0000000000000000,d316885a15bc4f1f,d316885a15bc4f1f,0,0
1926,1926,0,0000000,00,3,3,3,2ccd1112eb88d7b8,0,0,3,5f52c30499f80441,0,1,0000000000000000,d316885a15bc4f1f,d316885a15bc4f1f,0,0
1927,1927,0,0000000,00,3,3,3,c30499f80441d7b8,0,0,3,5f52c30499f80441,0,1,0000000000000000,d316885a15bc4f1f,d316885a15bc4f1f,0,0
1928,1928,0,0000000,00,3,3,3,0000000000000004,0,0,3,5f52c30499f80441,0,1,0000000000000000,d316885a15bc4f1f,d316885a15bc4f1f,0,0
1929,1929,0,00002dc,04,2,2,3,0000000000000000,0,0,3,5f52c30499f80441,0,1,a2469c4765035aed,d316885a15bc4f1f,d316885a15bc4f1f,0,0
1930,1930,0,00002e0,04,2,2,3,0000000000000000,0,0,3,5f52c30499f80441,0,1,2ccd1112eb885aed,d316885a15bc4f1f,d316885a15bc4f1f,0,0
1931,1931,0,00002e4,04,2,2,3,0000000000000000,0,3,3,5f52c30499f80441,0,1,d9f9f07c1f533739,d316885a15bc4f1f,d316885a15bc4f1f,0,0
1932,1932,0,00002e8,04,2,2,3,0000000000000000,0,3,3,5f52c30499f80441,0,1,ffffffffffffffff,d316885a15bc4f1f,d316885a15bc4f1f,0,0
1933,1933,0,00002ec,04,2,2,3,0000000000000000,0,3,3,5f52c30499f80441,0,1,2ccd1112eb88d7b8,d316885a15bc4f1f,d316885a15bc4f1f,0,0
1934,1934,0,0000000,00,3,3,3,0000000000000000,0,0,3,5f52c30499f80441,0,1,c30499f80441d7b8,d316885a15bc4f1f,d316885a15bc4f1f,0,0
1935,1935,0,0000000,00,3,3,3,0000000000000000,3,0,3,5f52c30499f80441,0,1,0000000000000004,d316885a15bc4f1f,d316885a15bc4f1f,0,0
1936,1936,0,0000000,00,3,3,3,4e0763e088ada4a5,3,0,3,5f52c30499f80441,0,1,0000000000000000,d316885a15bc4f1f,d316885a15bc4f1f,0,0
1937,1937,0,0000000,00,3,3,3,8603be0e40a9794b,3,0,3,5f52c30499f80441,0,1,0000000000000000,d316885a15bc4f1f,d316885a15bc4f1f,0,0
1938,1938,0,00002f0,04,2,2,3,0b563085cdfcf7c0,3,0,3,5f52c30499f80441,0,1,0000000000000000,acffb1936a5576d6,acffb1936a5576d6,0,1
1939,1939,0,00002f4,04,2,2,3,9ca8a3195a02645c,3,0,3,5f52c30499f80441,0,1,0000000000000000,21aa3f18e700f85d,21aa3f18e700f85d,0,1
1940,1940,0,00002f8,04,2,2,3,11fd2d92d757ead7,0,0,3,5f52c30499f80441,0,1,0000000000000000,b654ac8470fe6bc1,b654ac8470fe6bc1,0,1
1941,1941,0,00002fc,04,2,2,3,00000000000011fd,0,0,3,5f52c30499f80441,0,1,0000000000000000,3b01220ffdabe54a,3b01220ffdabe54a,0,1
1942,1942,0,0000300,04,2,2,3,0000000000000000,0,0,3,5f52c30499f80441,0,1,0000000000000000,99a98bbd5f034cf8,99a98bbd5f034cf8,0,1
1943,1943,0,0000304,04,2,2,3,0000000000000000,0,3,3,5f52c30499f80441,0,1,4e0763e088ada4a5,14fc0536d256c273,14fc0536d256c273,0,1
1944,1944,0,0000308,04,2,2,3,0000000000000000,3,3,3,5f52c30499f80441,0,1,8603be0e40a9794b,830296aa45a851ef,830296aa45a851ef,0,1
1945,1945,0,000030c,04,2,2,3,b355842075ff4365,3,3,3,5f52c30499f80441,0,1,0b563085cdfcf7c0,0e571821c8fddf64,0e571821c8fddf64,0,1
1946,1946,0,0000000,00,3,3,3,3e000aabf8aacdee,3,3,3,5f52c30499f80441,0,1,9ca8a3195a02645c,c653c5cf00f9028a,c653c5cf00f9028a,0,0
1947,1947,0,0000000,00,3,3,3,a9fe99376f545e72,3,3,3,5f52c30499f80441,0,1,11fd2d92d757ead7,c653c5cf00f9028a,c653c5cf00f9028a,0,0
1948,1948,0,0000000,00,3,3,3,24ab17bce201d0f9,3,0,3,5f52c30499f80441,0,1,00000000000011fd,c653c5cf00f9028a,c653c5cf00f9028a,0,0
1949,1949,0,0000000,00,3,3,3,c6255178008f963d,3,0,3,4046bf5186ec7814,0,1,0000000000000000,c653c5cf00f9028a,c653c5cf00f9028a,0,0
1950,1950,0,0000000,00,3,3,3,4b70dff38dda18b6,3,0,3,4046bf5186ec7814,0,1,0000000000000000,c653c5cf00f9028a,c653c5cf00f9028a,0,0
1951,1951,0,0000000,00,3,3,3,dc8e4c6f1a248b2a,3,0,3,4046bf5186ec7814,0,1,0000000000000000,c653c5cf00f9028a,c653c5cf00f9028a,0,0
1952,1952,0,0000000,00,3,3,3,51dbc2e4977105a1,0,3,3,4046bf5186ec7814,0,1,b355842075ff4365,c653c5cf00f9028a,c653c5cf00f9028a,0,0
1953,1953,0,0000000,00,3,3,3,00000000000051db,0,3,3,4046bf5186ec7814,0,1,3e000aabf8aacdee,c653c5cf00f9028a,c653c5cf00f9028a,0,0
1954,1954,0,0000000,00,3,3,3,0000000000000000,0,3,3,4046bf5186ec7814,0,1,a9fe99376f545e72,c653c5cf00f9028a,c653c5cf00f9028a,0,0
1955,1955,0,0000000,00,3,3,3,0000000000000000,0,3,3,4046bf5186ec7814,0,1,24ab17bce201d0f9,c653c5cf00f9028a,c653c5cf00f9028a,0,0
1956,1956,0,0000000,00,3,3,3,0000000000000000,0,3,3,4046bf5186ec7814,0,1,c6255178008f963d,c653c5cf00f9028a,c653c5cf00f9028a,0,0
1957,1957,0,0000000,00,3,3,3,0000000000000000,0,3,3,4046bf5186ec7814,0,1,4b70dff38dda18b6,c653c5cf00f9028a,c653c5cf00f9028a,0,0
1958,1958,0,0000018,00,2,2,3,0000000000000000,0,3,2,4046bf5186ec7814,3,1,dc8e4c6f1a248b2a,c653c5cf00f9028a,c653c5cf00f9028a,0,0
1959,1959,0,0000310,04,2,2,3,0000000000000000,0,3,3,cd1331da0bb9f69f,0,1,51dbc2e4977105a1,130b2d77d5a1ea32,130b2d77d5a1ea32,0,1
1960,1960,0,0000314,04,2,2,3,0000000000000000,0,0,3,cd1331da0bb9f69f,0,1,00000000000051db,9e5ea3fc58f464b9,9e5ea3fc58f464b9,0,1
1961,1961,0,0000318,04,2,2,3,0000000000000000,0,0,3,cd1331da0bb9f69f,0,1,0000000000000000,09a03060cf0af725,09a03060cf0af725,0,1
1962,1962,0,000001c,00,2,2,3,0000000000000000,0,0,2,cd1331da0bb9f69f,3,1,0000000000000000,84f5beeb425f79ae,84f5beeb425f79ae,0,1
1963,1963,0,0000000,00,3,3,3,0000000000000000,0,0,3,1a039061dca95724,0,1,0000000000000000,265d1759e0f7d01c,265d1759e0f7d01c,0,1
1964,1964,0,0000000,00,3,3,3,bf5186ec78144046,0,0,3,1a039061dca95724,0,1,0000000000000000,ab0899d26da25e97,ab0899d26da25e97,0,1
1965,1965,0,0000000,00,3,3,3,31da0bb9f69f4046,3,0,3,1a039061dca95724,0,1,0000000000000000,3cf60a4efa5ccd0b,3cf60a4efa5ccd0b,0,1
1966,1966,0,0000000,00,3,3,3,f3736b5635d9ac13,3,0,3,1a039061dca95724,0,1,0000000000000000,b1a384c577094380,b1a384c577094380,0,1
1967,1967,0,0000000,00,3,3,3,ffffffffffffffff,3,0,3,1a039061dca95724,0,1,0000000000000000,acffb1936a5576d6,acffb1936a5576d6,0,0
1968,1968,0,0000000,00,3,3,3,31da0bb9f69fcd13,0,0,3,1a039061dca95724,0,1,0000000000000000,acffb1936a5576d6,acffb1936a5576d6,0,0
1969,1969,0,0000000,00,3,3,3,9061dca95724cd13,0,0,3,1a039061dca95724,0,1,0000000000000000,acffb1936a5576d6,acffb1936a5576d6,0,0
1970,1970,0,0000000,00,3,3,3,0000000000000041,0,0,3,1a039061dca95724,0,1,0000000000000000,acffb1936a5576d6,acffb1936a5576d6,0,0
1971,1971,0,000031c,04,2,2,3,0000000000000000,0,0,3,1a039061dca95724,0,1,bf5186ec78144046,acffb1936a5576d6,acffb1936a5576d6,0,0
1972,1972,0,0000320,04,2,2,3,0000000000000000,0,0,3,1a039061dca95724,0,1,31da0bb9f69f4046,acffb1936a5576d6,acffb1936a5576d6,0,0
1973,1973,0,0000324,04,2,2,3,0000000000000000,0,3,3,1a039061dca95724,0,1,f3736b5635d9ac13,acffb1936a5576d6,acffb1936a5576d6,0,0
1974,1974,0,0000328,04,2,2,3,0000000000000000,0,3,3,1a039061dca95724,0,1,ffffffffffffffff,acffb1936a5576d6,acffb1936a5576d6,0,0
1975,1975,0,000032c,04,2,2,3,0000000000000000,0,3,3,1a039061dca95724,0,1,31da0bb9f69fcd13,acffb1936a5576d6,acffb1936a5576d6,0,0
1976,1976,0,0000000,00,3,3,3,0000000000000000,0,0,3,1a039061dca95724,0,1,9061dca95724cd13,acffb1936a5576d6,acffb1936a5576d6,0,0
1977,1977,0,0000000,00,3,3,3,0000000000000000,3,0,3,1a039061dca95724,0,1,0000000000000041,acffb1936a5576d6,acffb1936a5576d6,0,0
1978,1978,0,0000000,00,3,3,3,648df8caa2273f8f,3,0,3,1a039061dca95724,0,1,0000000000000000,acffb1936a5576d6,acffb1936a5576d6,0,0
1979,1979,0,0000000,00,3,3,3,ac8925246a23e261,3,0,3,1a039061dca95724,0,1,0000000000000000,acffb1936a5576d6,acffb1936a5576d6,0,0
1980,1980,0,0000330,04,2,2,3,21dcabafe7766cea,3,0,3,1a039061dca95724,0,1,0000000000000000,79a7592bbf0d9e6e,79a7592bbf0d9e6e,0,1
1981,1981,0,0000334,04,2,2,3,b62238337088ff76,3,0,3,1a039061dca95724,0,1,0000000000000000,f4f2d7a0325810e5,f4f2d7a0325810e5,0,1
1982,1982,0,0000338,04,2,2,3,3b77b6b8fddd71fd,0,0,3,1a039061dca95724,0,1,0000000000000000,630c443ca5a68379,630c443ca5a68379,0,1
1983,1983,0,000033c,04,2,2,3,0000000000003b77,0,0,3,1a039061dca95724,0,1,0000000000000000,ee59cab728f30df2,ee59cab728f30df2,0,1
1984,1984,0,0000340,04,2,2,3,0000000000000000,0,0,3,1a039061dca95724,0,1,0000000000000000,4cf163058a5ba440,4cf163058a5ba440,0,1
1985,1985,0,0000344,04,2,2,3,0000000000000000,0,3,3,1a039061dca95724,0,1,648df8caa2273f8f,c1a4ed8e070e2acb,c1a4ed8e070e2acb,0,1
1986,1986,0,0000348,04,2,2,3,0000000000000000,3,3,3,1a039061dca95724,0,1,ac8925246a23e261,565a7e1290f0b957,565a7e1290f0b957,0,1
1987,1987,0,000034c,04,2,2,3,99df1f0a5f75d84f,3,3,3,1a039061dca95724,0,1,21dcabafe7766cea,db0ff0991da537dc,db0ff0991da537dc,0,1
1988,1988,0,0000000,00,3,3,3,148a9181d22056c4,3,3,3,1a039061dca95724,0,1,b62238337088ff76,130b2d77d5a1ea32,130b2d77d5a1ea32,0,0
1989,1989,0,0000000,00,3,3,3,8374021d45dec558,3,3,3,1a039061dca95724,0,1,3b77b6b8fddd71fd,130b2d77d5a1ea32,130b2d77d5a1ea32,0,0
1990,1990,0,0000000,00,3,3,3,0e218c96c88b4bd3,3,0,3,1a039061dca95724,0,1,0000000000003b77,130b2d77d5a1ea32,130b2d77d5a1ea32,0,0
1991,1991,0,0000000,00,3,3,3,137db9c0d5d77e85,3,0,3,0517ec34c3bd2b71,0,1,0000000000000000,130b2d77d5a1ea32,130b2d77d5a1ea32,0,0
1992,1992,0,0000000,00,3,3,3,9e28374b5882f00e,3,0,3,0517ec34c3bd2b71,0,1,0000000000000000,130b2d77d5a1ea32,130b2d77d5a1ea32,0,0
1993,1993,0,0000000,00,3,3,3,09d6a4d7cf7c6392,3,0,3,0517ec34c3bd2b71,0,1,0000000000000000,130b2d77d5a1ea32,130b2d77d5a1ea32,0,0
1994,1994,0,0000000,00,3,3,3,84832a5c4229ed19,0,3,3,0517ec34c3bd2b71,0,1,99df1f0a5f75d84f,130b2d77d5a1ea32,130b2d77d5a1ea32,0,0
1995,1995,0,0000000,00,3,3,3,0000000000008483,0,3,3,0517ec34c3bd2b71,0,1,148a9181d22056c4,130b2d77d5a1ea32,130b2d77d5a1ea32,0,0
1996,1996,0,0000000,00,3,3,3,0000000000000000,0,3,3,0517ec34c3bd2b71,0,1,8374021d45dec558,130b2d77d5a1ea32,130b2d77d5a1ea32,0,0
1997,1997,0,0000000,00,3,3,3,0000000000000000,0,3,3,0517ec34c3bd2b71,0,1,0e218c96c88b4bd3,130b2d77d5a1ea32,130b2d77d5a1ea32,0,0
1998,1998,0,0000000,00,3,3,3,0000000000000000,0,3,3,0517ec34c3bd2b71,0,1,137db9c0d5d77e85,130b2d77d5a1ea32,130b2d77d5a1ea32,0,0
1999,1999,0,0000000,00,3,3,3,0000000000000000,0,3,3,0517ec34c3bd2b71,0,1,9e28374b5882f00e,130b2d77d5a1ea32,130b2d77d5a1ea32,0,0
2000,2000,0,0000020,00,2,2,3,0000000000000000,0,3,2,0517ec34c3bd2b71,3,1,09d6a4d7cf7c6392,130b2d77d5a1ea32,130b2d77d5a1ea32,0,0
2001,2001,0,0000350,04,2,2,3,0000000000000000,0,3,3,884262bf4ee8a5fa,0,1,84832a5c4229ed19,9346f39b55ec34de,9346f39b55ec34de,0,1
2002,2002,0,0000354,04,2,2,3,0000000000000000,0,0,3,884262bf4ee8a5fa,0,1,0000000000008483,1e137d10d8b9ba55,1e137d10d8b9ba55,0,1
2003,2003,0,0000358,04,2,2,3,0000000000000000,0,0,3,884262bf4ee8a5fa,0,1,0000000000000000,89edee8c4f4729c9,89edee8c4f4729c9,0,1
2004,2004,0,0000024,00,2,2,3,0000000000000000,0,0,2,884262bf4ee8a5fa,3,1,0000000000000000,04b86007c212a742,04b86007c212a742,0,1
2005,2005,0,0000000,00,3,3,3,0000000000000000,0,0,3,00a88d76c6024a33,0,1,0000000000000000,a610c9b560ba0ef0,a610c9b560ba0ef0,0,1
2006,2006,0,0000000,00,3,3,3,ec34c3bd2b710517,0,0,3,00a88d76c6024a33,0,1,0000000000000000,2b45473eedef807b,2b45473eedef807b,0,1
2007,2007,0,0000000,00,3,3,3,62bf4ee8a5fa0517,3,0,3,00a88d76c6024a33,0,1,0000000000000000,bcbbd4a27a1113e7,bcbbd4a27a1113e7,0,1
2008,2008,0,0000000,00,3,3,3,262b83eee08144ab,3,0,3,00a88d76c6024a33,0,1,0000000000000000,31ee5a29f7449d6c,31ee5a29f7449d6c,0,1
2009,2009,0,0000000,00,3,3,3,ffffffffffffffff,3,0,3,00a88d76c6024a33,0,1,0000000000000000,79a7592bbf0d9e6e,79a7592bbf0d9e6e,0,0
2010,2010,0,0000000,00,3,3,3,62bf4ee8a5fa8842,0,0,3,00a88d76c6024a33,0,1,0000000000000000,79a7592bbf0d9e6e,79a7592bbf0d9e6e,0,0
2011,2011,0,0000000,00,3,3,3,8d76c6024a338842,0,0,3,00a88d76c6024a33,0,1,0000000000000000,79a7592bbf0d9e6e,79a7592bbf0d9e6e,0,0
2012,2012,0,0000000,00,3,3,3,0000000000000056,0,0,3,00a88d76c6024a33,0,1,0000000000000000,79a7592bbf0d9e6e,79a7592bbf0d9e6e,0,0
2013,2013,0,000035c,04,2,2,3,0000000000000000,0,0,3,00a88d76c6024a33,0,1,ec34c3bd2b710517,79a7592bbf0d9e6e,79a7592bbf0d9e6e,0,0
2014,2014,0,0000360,04,2,2,3,0000000000000000,0,0,3,00a88d76c6024a33,0,1,62bf4ee8a5fa0517,79a7592bbf0d9e6e,79a7592bbf0d9e6e,0,0
2015,2015,0,0000364,04,2,2,3,0000000000000000,0,3,3,00a88d76c6024a33,0,1,262b83eee08144ab,79a7592bbf0d9e6e,79a7592bbf0d9e6e,0,0
2016,2016,0,0000368,04,2,2,3,0000000000000000,0,3,3,00a88d76c6024a33,0,1,ffffffffffffffff,79a7592bbf0d9e6e,79a7592bbf0d9e6e,0,0
2017,2017,0,000036c,04,2,2,3,0000000000000000,0,3,3,00a88d76c6024a33,0,1,62bf4ee8a5fa8842,79a7592bbf0d9e6e,79a7592bbf0d9e6e,0,0
2018,2018,0,0000000,00,3,3,3,0000000000000000,0,0,3,00a88d76c6024a33,0,1,8d76c6024a338842,79a7592bbf0d9e6e,79a7592bbf0d9e6e,0,0
2019,2019,0,0000000,00,3,3,3,0000000000000000,3,0,3,00a88d76c6024a33,0,1,0000000000000056,79a7592bbf0d9e6e,79a7592bbf0d9e6e,0,0
2020,2020,0,0000000,00,3,3,3,b1d51072777fd737,3,0,3,00a88d76c6024a33,0,1,0000000000000000,79a7592bbf0d9e6e,79a7592bbf0d9e6e,0,0
2021,2021,0,0000000,00,3,3,3,79d1cd9cbf7b0ad9,3,0,3,00a88d76c6024a33,0,1,0000000000000000,79a7592bbf0d9e6e,79a7592bbf0d9e6e,0,0
2022,2022,0,0000370,04,2,2,3,f4844317322e8452,3,0,3,00a88d76c6024a33,0,1,0000000000000000,f9ea87c73f404082,f9ea87c73f404082,0,1
2023,2023,0,0000374,04,2,2,3,637ad08ba5d017ce,3,0,3,00a88d76c6024a33,0,1,0000000000000000,74bf094cb215ce09,74bf094cb215ce09,0,1
2024,2024,0,0000378,04,2,2,3,ee2f5e0028859945,0,0,3,00a88d76c6024a33,0,1,0000000000000000,e3419ad025eb5d95,e3419ad025eb5d95,0,1
2025,2025,0,000037c,04,2,2,3,000000000000ee2f,0,0,3,00a88d76c6024a33,0,1,0000000000000000,6e14145ba8bed31e,6e14145ba8bed31e,0,1
2026,2026,0,0000380,04,2,2,3,0000000000000000,0,0,3,00a88d76c6024a33,0,1,0000000000000000,ccbcbde90a167aac,ccbcbde90a167aac,0,1
2027,2027,0,0000384,04,2,2,3,0000000000000000,0,3,3,00a88d76c6024a33,0,1,b1d51072777fd737,41e933628743f427,41e933628743f427,0,1
2028,2028,0,0000388,04,2,2,3,0000000000000000,3,3,3,00a88d76c6024a33,0,1,79d1cd9cbf7b0ad9,d617a0fe10bd67bb,d617a0fe10bd67bb,0,1
2029,2029,0,000038c,04,2,2,3,4c87f7b28a2d30f7,3,3,3,00a88d76c6024a33,0,1,f4844317322e8452,5b422e759de8e930,5b422e759de8e930,0,1
2030,2030,0,0000000,00,3,3,3,c1d279390778be7c,3,3,3,00a88d76c6024a33,0,1,637ad08ba5d017ce,9346f39b55ec34de,9346f39b55ec34de,0,0
2031,2031,0,0000000,00,3,3,3,562ceaa590862de0,3,3,3,00a88d76c6024a33,0,1,ee2f5e0028859945,9346f39b55ec34de,9346f39b55ec34de,0,0
2032,2032,0,0000000,00,3,3,3,db79642e1dd3a36b,3,0,3,00a88d76c6024a33,0,1,000000000000ee2f,9346f39b55ec34de,9346f39b55ec34de,0,0
2033,2033,0,0000000,00,3,3,3,6c948009aa3e474c,3,0,3,1fbcf123d9163666,0,1,0000000000000000,9346f39b55ec34de,9346f39b55ec34de,0,0
2034,2034,0,0000000,00,3,3,3,e1c10e82276bc9c7,3,0,3,1fbcf123d9163666,0,1,0000000000000000,9346f39b55ec34de,9346f39b55ec34de,0,0
2035,2035,0,0000000,00,3,3,3,763f9d1eb0955a5b,3,0,3,1fbcf123d9163666,0,1,0000000000000000,9346f39b55ec34de,9346f39b55ec34de,0,0
2036,2036,0,0000000,00,3,3,3,fb6a13953dc0d4d0,0,3,3,1fbcf123d9163666,0,1,4c87f7b28a2d30f7,9346f39b55ec34de,9346f39b55ec34de,0,0
2037,2037,0,0000000,00,3,3,3,000000000000fb6a,0,3,3,1fbcf123d9163666,0,1,c1d279390778be7c,9346f39b55ec34de,9346f39b55ec34de,0,0
2038,2038,0,0000000,00,3,3,3,0000000000000000,0,3,3,1fbcf123d9163666,0,1,562ceaa590862de0,9346f39b55ec34de,9346f39b55ec34de,0,0
2039,2039,0,0000000,00,3,3,3,0000000000000000,0,3,3,1fbcf123d9163666,0,1,db79642e1dd3a36b,9346f39b55ec34de,9346f39b55ec34de,0,0
2040,2040,0,0000000,00,3,3,3,0000000000000000,0,3,3,1fbcf123d9163666,0,1,6c948009aa3e474c,9346f39b55ec34de,9346f39b55ec34de,0,0
2041,2041,0,0000000,00,3,3,3,0000000000000000,0,3,3,1fbcf123d9163666,0,1,e1c10e82276bc9c7,9346f39b55ec34de,9346f39b55ec34de,0,0
2042,2042,0,0000028,00,2,2,3,0000000000000000,0,3,2,1fbcf123d9163666,3,1,763f9d1eb0955a5b,9346f39b55ec34de,9346f39b55ec34de,0,0
2043,2043,0,0000390,04,2,2,3,0000000000000000,0,3,3,92e97fa85443b8ed,0,1,fb6a13953dc0d4d0,461e1b2380b4dc66,461e1b2380b4dc66,0,1
2044,2044,0,0000394,04,2,2,3,0000000000000000,0,0,3,92e97fa85443b8ed,0,1,000000000000fb6a,cb4b95a80de152ed,cb4b95a80de152ed,0,1
2045,2045,0,0000398,04,2,2,3,0000000000000000,0,0,3,92e97fa85443b8ed,0,1,0000000000000000,5cb506349a1fc171,5cb506349a1fc171,0,1
2046,2046,0,000002c,00,2,2,3,0000000000000000,0,0,2,92e97fa85443b8ed,3,1,0000000000000000,d1e088bf174a4ffa,d1e088bf174a4ffa,0,1
2047,2047,0,0000000,00,3,3,3,0000000000000000,0,0,3,2f55aa4fe9ff6d0a,0,1,0000000000000000,7348210db5e2e648,7348210db5e2e648,0,1
2048,2048,1,0000000,00,3,3,3,f123d91636661fbc,0,0,3,2f55aa4fe9ff6d0a,0,1,0000000000000000,ffffffffffffffff,fe1daf8638b768c3,1,1
2049,2049,0,0000000,00,3,3,3,7fa85443b8ed1fbc,3,0,3,2f55aa4fe9ff6d0a,0,1,0000000000000000,16e32444d1a6e2ee,69e33c1aaf49fb5f,1,1
2050,2050,0,0000000,00,3,3,3,59c2ba279f687d62,3,0,3,2f55aa4fe9ff6d0a,0,1,0000000000000000,e4b6b291221c75d4,e4b6b291221c75d4,0,1
2051,2051,0,0000000,00,3,3,3,ffffffffffffffff,3,0,3,2f55aa4fe9ff6d0a,0,1,0000000000000000,f9ea87c73f404082,f9ea87c73f404082,0,0
2052,2052,0,0000000,00,3,3,3,7fa85443b8ed92e9,0,0,3,2f55aa4fe9ff6d0a,0,1,0000000000000000,f9ea87c73f404082,f9ea87c73f404082,0,0
2053,2053,0,0000000,00,3,3,3,aa4fe9ff6d0a92e9,0,0,3,2f55aa4fe9ff6d0a,0,1,0000000000000000,f9ea87c73f404082,f9ea87c73f404082,0,0
2054,2054,0,0000000,00,3,3,3,000000000000004d,0,0,3,2f55aa4fe9ff6d0a,0,1,0000000000000000,f9ea87c73f404082,f9ea87c73f404082,0,0
2055,2055,0,000039c,04,2,2,3,0000000000000000,0,0,3,2f55aa4fe9ff6d0a,0,1,f123d91636661fbc,f9ea87c73f404082,f9ea87c73f404082,0,0
2056,2056,0,00003a0,04,2,2,3,0000000000000000,0,0,3,2f55aa4fe9ff6d0a,0,1,7fa85443b8ed1fbc,f9ea87c73f404082,f9ea87c73f404082,0,0
2057,2057,0,00003a4,04,2,2,3,0000000000000000,0,3,3,2f55aa4fe9ff6d0a,0,1,59c2ba279f687d62,f9ea87c73f404082,f9ea87c73f404082,0,0
2058,2058,0,00003a8,04,2,2,3,0000000000000000,0,3,3,2f55aa4fe9ff6d0a,0,1,ffffffffffffffff,f9ea87c73f404082,f9ea87c73f404082,0,0
2059,2059,0,00003ac,04,2,2,3,0000000000000000,0,3,3,2f55aa4fe9ff6d0a,0,1,7fa85443b8ed92e9,f9ea87c73f404082,f9ea87c73f404082,0,0
2060,2060,0,0000000,00,3,3,3,0000000000000000,0,0,3,2f55aa4fe9ff6d0a,0,1,aa4fe9ff6d0a92e9,f9ea87c73f404082,f9ea87c73f404082,0,0
2061,2061,0,0000000,00,3,3,3,0000000000000000,3,0,3,2f55aa4fe9ff6d0a,0,1,000000000000004d,f9ea87c73f404082,f9ea87c73f404082,0,0
2062,2062,0,0000000,00,3,3,3,ce3c29bb0896eefe,3,0,3,2f55aa4fe9ff6d0a,0,1,0000000000000000,f9ea87c73f404082,f9ea87c73f404082,0,0
2063,2063,0,0000000,00,3,3,3,0638f455c0923310,3,0,3,2f55aa4fe9ff6d0a,0,1,0000000000000000,f9ea87c73f404082,f9ea87c73f404082,0,0
2064,2064,0,00003b0,04,2,2,3,8b6d7ade4dc7bd9b,3,0,3,2f55aa4fe9ff6d0a,0,1,0000000000000000,2cb26f7fea18a83a,2cb26f7fea18a83a,0,1
2065,2065,0,00003b4,04,2,2,3,1c93e942da392e07,3,0,3,2f55aa4fe9ff6d0a,0,1,0000000000000000,a1e7e1f4674d26b1,a1e7e1f4674d26b1,0,1
2066,2066,0,00003b8,04,2,2,3,91c667c9576ca08c,0,0,3,2f55aa4fe9ff6d0a,0,1,0000000000000000,36197268f0b3b52d,36197268f0b3b52d,0,1
2067,2067,0,00003bc,04,2,2,3,00000000000091c6,0,0,3,2f55aa4fe9ff6d0a,0,1,0000000000000000,bb4cfce37de63ba6,bb4cfce37de63ba6,0,1
2068,2068,0,00003c0,04,2,2,3,0000000000000000,0,0,3,2f55aa4fe9ff6d0a,0,1,0000000000000000,19e45551df4e9214,19e45551df4e9214,0,1
2069,2069,0,00003c4,04,2,2,3,0000000000000000,0,3,3,2f55aa4fe9ff6d0a,0,1,ce3c29bb0896eefe,94b1dbda521b1c9f,94b1dbda521b1c9f,0,1
2070,2070,0,00003c8,04,2,2,3,0000000000000000,3,3,3,2f55aa4fe9ff6d0a,0,1,0638f455c0923310,034f4846c5e58f03,034f4846c5e58f03,0,1
2071,2071,0,00003cc,04,2,2,3,336ece7bf5c4093e,3,3,3,2f55aa4fe9ff6d0a,0,1,8b6d7ade4dc7bd9b,8e1ac6cd48b00188,8e1ac6cd48b00188,0,1
2072,2072,0,0000000,00,3,3,3,be3b40f0789187b5,3,3,3,2f55aa4fe9ff6d0a,0,1,1c93e942da392e07,461e1b2380b4dc66,461e1b2380b4dc66,0,0
2073,2073,0,0000000,00,3,3,3,29c5d36cef6f1429,3,3,3,2f55aa4fe9ff6d0a,0,1,91c667c9576ca08c,461e1b2380b4dc66,461e1b2380b4dc66,0,0
2074,2074,0,0000000,00,3,3,3,a4905de7623a9aa2,3,0,3,2f55aa4fe9ff6d0a,0,1,00000000000091c6,461e1b2380b4dc66,461e1b2380b4dc66,0,0
2075,2075,0,0000000,00,3,3,3,b9cc68b17f66aff4,3,0,3,3041d61af6eb115f,0,1,0000000000000000,461e1b2380b4dc66,461e1b2380b4dc66,0,0
2076,2076,0,0000000,00,3,3,3,3499e63af233217f,3,0,3,3041d61af6eb115f,0,1,0000000000000000,461e1b2380b4dc66,461e1b2380b4dc66,0,0
2077,2077,0,0000000,00,3,3,3,a36775a665cdb2e3,3,0,3,3041d61af6eb115f,0,1,0000000000000000,461e1b2380b4dc66,461e1b2380b4dc66,0,0
2078,2078,0,0000000,00,3,3,3,2e32fb2de8983c68,0,3,3,3041d61af6eb115f,0,1,336ece7bf5c4093e,461e1b2380b4dc66,461e1b2380b4dc66,0,0
2079,2079,0,0000000,00,3,3,3,0000000000002e32,0,3,3,3041d61af6eb115f,0,1,be3b40f0789187b5,461e1b2380b4dc66,461e1b2380b4dc66,0,0
2080,2080,0,0000000,00,3,3,3,0000000000000000,0,3,3,3041d61af6eb115f,0,1,29c5d36cef6f1429,461e1b2380b4dc66,461e1b2380b4dc66,0,0
2081,2081,0,0000000,00,3,3,3,0000000000000000,0,3,3,3041d61af6eb115f,0,1,a4905de7623a9aa2,461e1b2380b4dc66,461e1b2380b4dc66,0,0
2082,2082,0,0000000,00,3,3,3,0000000000000000,0,3,3,3041d61af6eb115f,0,1,b9cc68b17f66aff4,461e1b2380b4dc66,461e1b2380b4dc66,0,0
2083,2083,0,0000000,00,3,3,3,0000000000000000,0,3,3,3041d61af6eb115f,0,1,3499e63af233217f,461e1b2380b4dc66,461e1b2380b4dc66,0,0
2084,2084,0,0000030,00,2,2,3,0000000000000000,0,3,2,3041d61af6eb115f,3,1,a36775a665cdb2e3,461e1b2380b4dc66,461e1b2380b4dc66,0,0
2085,2085,0,00003d0,04,2,2,3,0000000000000000,0,3,3,bd1458917bbe9fd4,0,1,2e32fb2de8983c68,39f722eaff5de5af,39f722eaff5de5af,0,1
2086,2086,0,00003d4,04,2,2,3,0000000000000000,0,0,3,bd1458917bbe9fd4,0,1,0000000000002e32,b4a2ac6172086b24,b4a2ac6172086b24,0,1
2087,2087,0,00003d8,04,2,2,3,0000000000000000,0,0,3,bd1458917bbe9fd4,0,1,0000000000000000,235c3ffde5f6f8b8,235c3ffde5f6f8b8,0,1
2088,2088,0,0000034,00,2,2,3,0000000000000000,0,0,2,bd1458917bbe9fd4,3,1,0000000000000000,ae09b17668a37633,ae09b17668a37633,0,1
2089,2089,0,0000000,00,3,3,3,0000000000000000,0,0,3,35feb758f354701d,0,1,0000000000000000,0ca118c4ca0bdf81,0ca118c4ca0bdf81,0,1
2090,2090,0,0000000,00,3,3,3,d61af6eb115f3041,0,0,3,35feb758f354701d,0,1,0000000000000000,ffffffffffffffff,81f4964f475e510a,1,1
2091,2091,0,0000000,00,3,3,3,58917bbe9fd43041,3,0,3,35feb758f354701d,0,1,0000000000000000,0bf43eefccb1f845,160a05d3d0a0c296,1,1
2092,2092,0,0000000,00,3,3,3,8c9a529f4a3095da,3,0,3,35feb758f354701d,0,1,0000000000000000,9b5f8b585df54c1d,9b5f8b585df54c1d,0,1
2093,2093,0,0000000,00,3,3,3,ffffffffffffffff,3,0,3,35feb758f354701d,0,1,0000000000000000,2cb26f7fea18a83a,2cb26f7fea18a83a,0,0
2094,2094,0,0000000,00,3,3,3,58917bbe9fd4bd14,0,0,3,35feb758f354701d,0,1,0000000000000000,2cb26f7fea18a83a,2cb26f7fea18a83a,0,0
2095,2095,0,0000000,00,3,3,3,b758f354701dbd14,0,0,3,35feb758f354701d,0,1,0000000000000000,2cb26f7fea18a83a,2cb26f7fea18a83a,0,0
2096,2096,0,0000000,00,3,3,3,0000000000000058,0,0,3,35feb758f354701d,0,1,0000000000000000,2cb26f7fea18a83a,2cb26f7fea18a83a,0,0
2097,2097,0,00003dc,04,2,2,3,0000000000000000,0,0,3,35feb758f354701d,0,1,d61af6eb115f3041,2cb26f7fea18a83a,2cb26f7fea18a83a,0,0
2098,2098,0,00003e0,04,2,2,3,0000000000000000,0,0,3,35feb758f354701d,0,1,58917bbe9fd43041,2cb26f7fea18a83a,2cb26f7fea18a83a,0,0
2099,2099,0,00003e4,04,2,2,3,0000000000000000,0,3,3,35feb758f354701d,0,1,8c9a529f4a3095da,2cb26f7fea18a83a,2cb26f7fea18a83a,0,0
2100,2100,0,00003e8,04,2,2,3,0000000000000000,0,3,3,35feb758f354701d,0,1,ffffffffffffffff,2cb26f7fea18a83a,2cb26f7fea18a83a,0,0
2101,2101,0,00003ec,04,2,2,3,0000000000000000,0,3,3,35feb758f354701d,0,1,58917bbe9fd4bd14,2cb26f7fea18a83a,2cb26f7fea18a83a,0,0
2102,2102,0,0000000,00,3,3,3,0000000000000000,0,0,3,35feb758f354701d,0,1,b758f354701dbd14,2cb26f7fea18a83a,2cb26f7fea18a83a,0,0
2103,2103,0,0000000,00,3,3,3,0000000000000000,3,0,3,35feb758f354701d,0,1,0000000000000058,2cb26f7fea18a83a,2cb26f7fea18a83a,0,0
2104,2104,0,0000000,00,3,3,3,1b64c103ddce0646,3,0,3,35feb758f354701d,0,1,0000000000000000,2cb26f7fea18a83a,2cb26f7fea18a83a,0,0
2105,2105,0,0000000,00,3,3,3,d3601ced15cadba8,3,0,3,35feb758f354701d,0,1,0000000000000000,2cb26f7fea18a83a,2cb26f7fea18a83a,0,0
2106,2106,0,00003f0,04,2,2,3,5e359266989f5523,3,0,3,35feb758f354701d,0,1,0000000000000000,535b56b695f191f3,535b56b695f191f3,0,1
2107,2107,0,00003f4,04,2,2,3,c9cb01fa0f61c6bf,3,0,3,35feb758f354701d,0,1,0000000000000000,de0ed83d18a41f78,de0ed83d18a41f78,0,1
2108,2108,0,00003f8,04,2,2,3,449e8f7182344834,0,0,3,35feb758f354701d,0,1,0000000000000000,49f04ba18f5a8ce4,49f04ba18f5a8ce4,0,1
2109,2109,0,00003fc,04,2,2,3,000000000000449e,0,0,3,35feb758f354701d,0,1,0000000000000000,c4a5c52a020f026f,c4a5c52a020f026f,0,1
2110,2110,0,0000000,05,3,2,2,0000000000000000,0,0,3,35feb758f354701d,0,1,0000000000000000,660d6c98a0a7abdd,660d6c98a0a7abdd,0,1
2111,2111,0,0000000,00,3,3,3,0000000000000000,0,3,3,35feb758f354701d,0,1,1b64c103ddce0646,eb58e2132df22556,eb58e2132df22556,0,1
2112,2112,0,0000000,00,3,3,3,0000000000000000,3,3,3,35feb758f354701d,0,1,d3601ced15cadba8,7ca6718fba0cb6ca,7ca6718fba0cb6ca,0,1
2113,2113,0,0000000,00,3,3,3,e63626c3209ce186,3,3,3,35feb758f354701d,0,1,5e359266989f5523,f1f3ff0437593841,f1f3ff0437593841,0,1
2114,2114,0,0000000,00,3,3,3,6b63a848adc96f0d,3,3,3,35feb758f354701d,0,1,c9cb01fa0f61c6bf,39f722eaff5de5af,39f722eaff5de5af,0,0
2115,2115,0,0000000,00,3,3,3,fc9d3bd43a37fc91,3,3,3,35feb758f354701d,0,1,449e8f7182344834,39f722eaff5de5af,39f722eaff5de5af,0,0
2116,2116,0,0000000,00,3,3,3,71c8b55fb762721a,0,0,3,35feb758f354701d,0,1,000000000000449e,39f722eaff5de5af,39f722eaff5de5af,0,0
2117,2117,0,0000000,05,2,2,3,00000000000071c8,0,0,3,35feb758f354701d,0,1,0000000000000000,39f722eaff5de5af,39f722eaff5de5af,0,0
2118,2118,0,0000004,05,2,2,3,0000000000000000,0,0,3,35feb758f354701d,0,1,0000000000000000,39f722eaff5de5af,39f722eaff5de5af,0,0
2119,2119,0,0000008,05,2,2,3,0000000000000000,0,0,3,35feb758f354701d,0,1,0000000000000000,39f722eaff5de5af,39f722eaff5de5af,0,0
2120,2120,0,000000c,05,2,2,3,0000000000000000,0,3,3,35feb758f354701d,0,1,e63626c3209ce186,39f722eaff5de5af,39f722eaff5de5af,0,0
2121,2121,0,0000000,00,3,3,3,0000000000000000,0,3,3,35feb758f354701d,0,1,6b63a848adc96f0d,39f722eaff5de5af,39f722eaff5de5af,0,0
2122,2122,0,0000000,00,3,3,3,0000000000000000,0,3,3,35feb758f354701d,0,1,fc9d3bd43a37fc91,39f722eaff5de5af,39f722eaff5de5af,0,0
2123,2123,0,0000000,00,3,3,3,0000000000000000,3,3,3,35feb758f354701d,0,1,71c8b55fb762721a,39f722eaff5de5af,39f722eaff5de5af,0,0
2124,2124,0,0000000,00,3,3,3,6c0f3dd0aaa5fa95,3,0,3,35feb758f354701d,0,1,00000000000071c8,39f722eaff5de5af,39f722eaff5de5af,0,0
2125,2125,0,0000000,00,3,3,3,e15ab35b27f0741e,3,0,3,35feb758f354701d,0,1,0000000000000000,39f722eaff5de5af,39f722eaff5de5af,0,0
2126,2126,0,0000000,00,3,3,3,76a420c7b00ee782,3,0,3,35feb758f354701d,0,1,0000000000000000,39f722eaff5de5af,39f722eaff5de5af,0,0
2127,2127,0,0000010,05,2,2,3,fbf1ae4c3d5b6909,0,0,3,35feb758f354701d,0,1,0000000000000000,ecafca522a050d17,ecafca522a050d17,0,1
2128,2128,0,0000014,05,2,2,3,000000000000fbf1,0,0,3,35feb758f354701d,0,1,0000000000000000,61fa44d9a750839c,61fa44d9a750839c,0,1
2129,2129,0,0000018,05,2,2,3,0000000000000000,0,0,3,35feb758f354701d,0,1,0000000000000000,f604d74530ae1000,f604d74530ae1000,0,1
2130,2130,0,000001c,05,2,2,3,0000000000000000,0,0,3,35feb758f354701d,0,1,0000000000000000,7b5159cebdfb9e8b,7b5159cebdfb9e8b,0,1
2131,2131,0,0000020,05,2,2,3,0000000000000000,0,3,3,35feb758f354701d,0,1,6c0f3dd0aaa5fa95,d9f9f07c1f533739,d9f9f07c1f533739,0,1
2132,2132,0,0000024,05,2,2,3,0000000000000000,0,3,3,35feb758f354701d,0,1,e15ab35b27f0741e,ffffffffffffffff,54ac7ef79206b9b2,1,1
2133,2133,0,0000028,05,2,2,3,0000000000000000,3,3,3,35feb758f354701d,0,1,76a420c7b00ee782,2ccd1112eb88d7b8,c352ed6b05f82a2e,1,1
2134,2134,0,000002c,05,2,2,3,595907fe9ff3c0bb,3,3,3,35feb758f354701d,0,1,fbf1ae4c3d5b6909,4e0763e088ada4a5,4e0763e088ada4a5,0,1
2135,2135,0,0000000,00,3,3,3,d40c897512a64e30,3,0,3,35feb758f354701d,0,1,000000000000fbf1,535b56b695f191f3,535b56b695f191f3,0,0
2136,2136,0,0000000,00,3,3,3,43f21ae98558ddac,3,0,3,35feb758f354701d,0,1,0000000000000000,535b56b695f191f3,535b56b695f191f3,0,0
2137,2137,0,0000000,00,3,3,3,cea79462080d5327,3,0,3,35feb758f354701d,0,1,0000000000000000,535b56b695f191f3,535b56b695f191f3,0,0
2138,2138,0,0000000,00,3,3,3,06a3498cc0098ec9,3,0,3,2aeacb0dec400c48,0,1,0000000000000000,535b56b695f191f3,535b56b695f191f3,0,0
2139,2139,0,0000000,00,3,3,3,8bf6c7074d5c0042,3,0,3,2aeacb0dec400c48,0,1,0000000000000000,535b56b695f191f3,535b56b695f191f3,0,0
2140,2140,0,0000000,00,3,3,3,1c08549bdaa293de,3,0,3,2aeacb0dec400c48,0,1,0000000000000000,535b56b695f191f3,535b56b695f191f3,0,0
2141,2141,0,0000000,00,3,3,3,915dda1057f71d55,0,3,3,2aeacb0dec400c48,0,1,595907fe9ff3c0bb,535b56b695f191f3,535b56b695f191f3,0,0
2142,2142,0,0000000,00,3,3,3,000000000000915d,0,3,3,2aeacb0dec400c48,0,1,d40c897512a64e30,535b56b695f191f3,535b56b695f191f3,0,0
2143,2143,0,0000000,00,3,3,3,0000000000000000,0,3,3,2aeacb0dec400c48,0,1,43f21ae98558ddac,535b56b695f191f3,535b56b695f191f3,0,0
2144,2144,0,0000000,00,3,3,3,0000000000000000,0,3,3,2aeacb0dec400c48,0,1,cea79462080d5327,535b56b695f191f3,535b56b695f191f3,0,0
2145,2145,0,0000000,00,3,3,3,0000000000000000,0,3,3,2aeacb0dec400c48,0,1,06a3498cc0098ec9,535b56b695f191f3,535b56b695f191f3,0,0
2146,2146,0,0000000,00,3,3,3,0000000000000000,0,3,3,2aeacb0dec400c48,0,1,8bf6c7074d5c0042,535b56b695f191f3,535b56b695f191f3,0,0
2147,2147,0,0000038,00,2,2,3,0000000000000000,0,3,2,2aeacb0dec400c48,3,1,1c08549bdaa293de,535b56b695f191f3,535b56b695f191f3,0,0
2148,2148,0,0000030,05,2,2,3,0000000000000000,0,3,3,a7bf4586611582c3,0,1,915dda1057f71d55,8603be0e40a9794b,8603be0e40a9794b,0,1
2149,2149,0,0000034,05,2,2,3,0000000000000000,0,0,3,a7bf4586611582c3,0,1,000000000000915d,0b563085cdfcf7c0,0b563085cdfcf7c0,0,1
2150,2150,0,0000038,05,2,2,3,0000000000000000,0,0,3,a7bf4586611582c3,0,1,0000000000000000,9ca8a3195a02645c,9ca8a3195a02645c,0,1
2151,2151,0,000003c,00,2,2,3,0000000000000000,0,0,2,a7bf4586611582c3,3,1,0000000000000000,11fd2d92d757ead7,11fd2d92d757ead7,0,1
2152,2152,0,0000000,00,3,3,3,0000000000000000,0,0,3,a5f70c85635dcbc0,0,1,0000000000000000,b355842075ff4365,b355842075ff4365,0,1
2153,2153,0,0000000,00,3,3,3,cb0dec400c482aea,0,0,3,a5f70c85635dcbc0,0,1,0000000000000000,3e000aabf8aacdee,3e000aabf8aacdee,0,1
2154,2154,0,0000000,00,3,3,3,4586611582c32aea,3,0,3,a5f70c85635dcbc0,0,1,0000000000000000,a9fe99376f545e72,a9fe99376f545e72,0,1
2155,2155,0,0000000,00,3,3,3,33f573a2f55fb4e7,3,0,3,a5f70c85635dcbc0,0,1,0000000000000000,24ab17bce201d0f9,24ab17bce201d0f9,0,1
2156,2156,0,0000000,00,3,3,3,ffffffffffffffff,3,0,3,a5f70c85635dcbc0,0,1,0000000000000000,ecafca522a050d17,ecafca522a050d17,0,0
2157,2157,0,0000000,00,3,3,3,4586611582c3a7bf,0,0,3,a5f70c85635dcbc0,0,1,0000000000000000,ecafca522a050d17,ecafca522a050d17,0,0
2158,2158,0,0000000,00,3,3,3,0c85635dcbc0a7bf,0,0,3,a5f70c85635dcbc0,0,1,0000000000000000,ecafca522a050d17,ecafca522a050d17,0,0
2159,2159,0,0000000,00,3,3,3,0000000000000005,0,0,3,a5f70c85635dcbc0,0,1,0000000000000000,ecafca522a050d17,ecafca522a050d17,0,0
2160,2160,0,000003c,05,2,2,3,0000000000000000,0,0,3,a5f70c85635dcbc0,0,1,cb0dec400c482aea,ecafca522a050d17,ecafca522a050d17,0,0
2161,2161,0,0000040,05,2,2,3,0000000000000000,0,0,3,a5f70c85635dcbc0,0,1,4586611582c32aea,ecafca522a050d17,ecafca522a050d17,0,0
2162,2162,0,0000044,05,2,2,3,0000000000000000,0,3,3,a5f70c85635dcbc0,0,1,33f573a2f55fb4e7,ecafca522a050d17,ecafca522a050d17,0,0
2163,2163,0,0000048,05,2,2,3,0000000000000000,0,3,3,a5f70c85635dcbc0,0,1,ffffffffffffffff,ecafca522a050d17,ecafca522a050d17,0,0
2164,2164,0,000004c,05,2,2,3,0000000000000000,0,3,3,a5f70c85635dcbc0,0,1,4586611582c3a7bf,ecafca522a050d17,ecafca522a050d17,0,0
2165,2165,0,0000000,00,3,3,3,0000000000000000,0,0,3,a5f70c85635dcbc0,0,1,0c85635dcbc0a7bf,ecafca522a050d17,ecafca522a050d17,0,0
2166,2166,0,0000000,00,3,3,3,0000000000000000,3,0,3,a5f70c85635dcbc0,0,1,0000000000000005,ecafca522a050d17,ecafca522a050d17,0,0
2167,2167,0,0000000,00,3,3,3,a40be03e62a1277b,3,0,3,a5f70c85635dcbc0,0,1,0000000000000000,ecafca522a050d17,ecafca522a050d17,0,0
2168,2168,0,0000000,00,3,3,3,b957d5687ffd122d,3,0,3,a5f70c85635dcbc0,0,1,0000000000000000,ecafca522a050d17,ecafca522a050d17,0,0
2169,2169,0,0000050,05,2,2,3,34025be3f2a89ca6,3,0,3,a5f70c85635dcbc0,0,1,0000000000000000,c6255178008f963d,c6255178008f963d,0,1
2170,2170,0,0000054,05,2,2,3,a3fcc87f65560f3a,3,0,3,a5f70c85635dcbc0,0,1,0000000000000000,4b70dff38dda18b6,4b70dff38dda18b6,0,1
2171,2171,0,0000058,05,2,2,3,2ea946f4e80381b1,0,0,3,a5f70c85635dcbc0,0,1,0000000000000000,dc8e4c6f1a248b2a,dc8e4c6f1a248b2a,0,1
2172,2172,0,000005c,05,2,2,3,0000000000002ea9,0,0,3,a5f70c85635dcbc0,0,1,0000000000000000,51dbc2e4977105a1,51dbc2e4977105a1,0,1
2173,2173,0,0000060,05,2,2,3,0000000000000000,0,0,3,a5f70c85635dcbc0,0,1,0000000000000000,f3736b5635d9ac13,f3736b5635d9ac13,0,1
2174,2174,0,0000064,05,2,2,3,0000000000000000,0,3,3,a5f70c85635dcbc0,0,1,a40be03e62a1277b,ffffffffffffffff,7e26e5ddb88c2298,1,1
2175,2175,0,0000068,05,2,2,3,0000000000000000,3,3,3,a5f70c85635dcbc0,0,1,b957d5687ffd122d,31da0bb9f69fcd13,e9d876412f72b104,1,1
2176,2176,0,000006c,05,2,2,3,8c01ef464aab2803,3,3,3,a5f70c85635dcbc0,0,1,34025be3f2a89ca6,648df8caa2273f8f,648df8caa2273f8f,0,1
2177,2177,0,0000000,00,3,3,3,015461cdc7fea688,3,3,3,a5f70c85635dcbc0,0,1,a3fcc87f65560f3a,8603be0e40a9794b,8603be0e40a9794b,0,0
2178,2178,0,0000000,00,3,3,3,96aaf25150003514,3,3,3,a5f70c85635dcbc0,0,1,2ea946f4e80381b1,8603be0e40a9794b,8603be0e40a9794b,0,0
2179,2179,0,0000000,00,3,3,3,1bff7cdadd55bb9f,3,0,3,a5f70c85635dcbc0,0,1,0000000000002ea9,8603be0e40a9794b,8603be0e40a9794b,0,0
2180,2180,0,0000000,00,3,3,3,d3fba13415516671,3,0,3,bae370d07c49b795,0,1,0000000000000000,8603be0e40a9794b,8603be0e40a9794b,0,0
2181,2181,0,0000000,00,3,3,3,5eae2fbf9804e8fa,3,0,3,bae370d07c49b795,0,1,0000000000000000,8603be0e40a9794b,8603be0e40a9794b,0,0
2182,2182,0,0000000,00,3,3,3,c950bc230ffa7b66,3,0,3,bae370d07c49b795,0,1,0000000000000000,8603be0e40a9794b,8603be0e40a9794b,0,0
2183,2183,0,0000000,00,3,3,3,440532a882aff5ed,0,3,3,bae370d07c49b795,0,1,8c01ef464aab2803,8603be0e40a9794b,8603be0e40a9794b,0,0
2184,2184,0,0000000,00,3,3,3,0000000000004405,0,3,3,bae370d07c49b795,0,1,015461cdc7fea688,8603be0e40a9794b,8603be0e40a9794b,0,0
2185,2185,0,0000000,00,3,3,3,0000000000000000,0,3,3,bae370d07c49b795,0,1,96aaf25150003514,8603be0e40a9794b,8603be0e40a9794b,0,0
2186,2186,0,0000000,00,3,3,3,0000000000000000,0,3,3,bae370d07c49b795,0,1,1bff7cdadd55bb9f,8603be0e40a9794b,8603be0e40a9794b,0,0
2187,2187,0,0000000,00,3,3,3,0000000000000000,0,3,3,bae370d07c49b795,0,1,d3fba13415516671,8603be0e40a9794b,8603be0e40a9794b,0,0
2188,2188,0,0000000,00,3,3,3,0000000000000000,0,3,3,bae370d07c49b795,0,1,5eae2fbf9804e8fa,8603be0e40a9794b,8603be0e40a9794b,0,0
2189,2189,0,0000040,00,2,2,3,0000000000000000,0,3,2,bae370d07c49b795,3,1,c950bc230ffa7b66,8603be0e40a9794b,8603be0e40a9794b,0,0
2190,2190,0,0000070,05,2,2,3,0000000000000000,0,3,3,37b6fe5bf11c391e,0,1,440532a882aff5ed,ac8925246a23e261,ac8925246a23e261,0,1
2191,2191,0,0000074,05,2,2,3,0000000000000000,0,0,3,37b6fe5bf11c391e,0,1,0000000000004405,21dcabafe7766cea,21dcabafe7766cea,0,1
2192,2192,0,0000078,05,2,2,3,0000000000000000,0,0,3,37b6fe5bf11c391e,0,1,0000000000000000,b62238337088ff76,b62238337088ff76,0,1
2193,2193,0,0000044,00,2,2,3,0000000000000000,0,0,2,37b6fe5bf11c391e,3,1,0000000000000000,3b77b6b8fddd71fd,3b77b6b8fddd71fd,0,1
2194,2194,0,0000000,00,3,3,3,0000000000000000,0,0,3,bf5c119279f6d6d7,0,1,0000000000000000,99df1f0a5f75d84f,99df1f0a5f75d84f,0,1
2195,2195,0,0000000,00,3,3,3,70d07c49b795bae3,0,0,3,bf5c119279f6d6d7,0,1,0000000000000000,148a9181d22056c4,148a9181d22056c4,0,1
2196,2196,0,0000000,00,3,3,3,fe5bf11c391ebae3,3,0,3,bf5c119279f6d6d7,0,1,0000000000000000,8374021d45dec558,8374021d45dec558,0,1
2197,2197,0,0000000,00,3,3,3,e6ad9b1a20075c5f,3,0,3,bf5c119279f6d6d7,0,1,0000000000000000,0e218c96c88b4bd3,0e218c96c88b4bd3,0,1
2198,2198,0,0000000,00,3,3,3,ffffffffffffffff,3,0,3,bf5c119279f6d6d7,0,1,0000000000000000,c6255178008f963d,c6255178008f963d,0,0
2199,2199,0,0000000,00,3,3,3,fe5bf11c391e37b6,0,0,3,bf5c119279f6d6d7,0,1,0000000000000000,c6255178008f963d,c6255178008f963d,0,0
2200,2200,0,0000000,00,3,3,3,119279f6d6d737b6,0,0,3,bf5c119279f6d6d7,0,1,0000000000000000,c6255178008f963d,c6255178008f963d,0,0
2201,2201,0,0000000,00,3,3,3,0000000000000012,0,0,3,bf5c119279f6d6d7,0,1,0000000000000000,c6255178008f963d,c6255178008f963d,0,0
2202,2202,0,000007c,05,2,2,3,0000000000000000,0,0,3,bf5c119279f6d6d7,0,1,70d07c49b795bae3,c6255178008f963d,c6255178008f963d,0,0
2203,2203,0,0000080,05,2,2,3,0000000000000000,0,0,3,bf5c119279f6d6d7,0,1,fe5bf11c391ebae3,c6255178008f963d,c6255178008f963d,0,0
2204,2204,0,0000084,05,2,2,3,0000000000000000,0,3,3,bf5c119279f6d6d7,0,1,e6ad9b1a20075c5f,c6255178008f963d,c6255178008f963d,0,0
2205,2205,0,0000088,05,2,2,3,0000000000000000,0,3,3,bf5c119279f6d6d7,0,1,ffffffffffffffff,c6255178008f963d,c6255178008f963d,0,0
2206,2206,0,000008c,05,2,2,3,0000000000000000,0,3,3,bf5c119279f6d6d7,0,1,fe5bf11c391e37b6,c6255178008f963d,c6255178008f963d,0,0
2207,2207,0,0000000,00,3,3,3,0000000000000000,0,0,3,bf5c119279f6d6d7,0,1,119279f6d6d737b6,c6255178008f963d,c6255178008f963d,0,0
2208,2208,0,0000000,00,3,3,3,0000000000000000,3,0,3,bf5c119279f6d6d7,0,1,0000000000000012,c6255178008f963d,c6255178008f963d,0,0
2209,2209,0,0000000,00,3,3,3,71530886b7f9cfc3,3,0,3,bf5c119279f6d6d7,0,1,0000000000000000,c6255178008f963d,c6255178008f963d,0,0
2210,2210,0,0000000,00,3,3,3,c6beeca100142be4,3,0,3,bf5c119279f6d6d7,0,1,0000000000000000,c6255178008f963d,c6255178008f963d,0,0
2211,2211,0,0000090,05,2,2,3,4beb622a8d41a56f,3,0,3,bf5c119279f6d6d7,0,1,0000000000000000,137db9c0d5d77e85,137db9c0d5d77e85,0,1
2212,2212,0,0000094,05,2,2,3,dc15f1b61abf36f3,3,0,3,bf5c119279f6d6d7,0,1,0000000000000000,9e28374b5882f00e,9e28374b5882f00e,0,1
2213,2213,0,0000098,05,2,2,3,51407f3d97eab878,0,0,3,bf5c119279f6d6d7,0,1,0000000000000000,09d6a4d7cf7c6392,09d6a4d7cf7c6392,0,1
2214,2214,0,000009c,05,2,2,3,0000000000005140,0,0,3,bf5c119279f6d6d7,0,1,0000000000000000,84832a5c4229ed19,84832a5c4229ed19,0,1
2215,2215,0,00000a0,05,2,2,3,0000000000000000,0,0,3,bf5c119279f6d6d7,0,1,0000000000000000,262b83eee08144ab,262b83eee08144ab,0,1
2216,2216,0,00000a4,05,2,2,3,0000000000000000,0,3,3,bf5c119279f6d6d7,0,1,71530886b7f9cfc3,ffffffffffffffff,ab7e0d656dd4ca20,1,1
2217,2217,0,00000a8,05,2,2,3,0000000000000000,3,3,3,bf5c119279f6d6d7,0,1,c6beeca100142be4,62bf4ee8a5fa8842,3c809ef9fa2a59bc,1,1
2218,2218,0,00000ac,05,2,2,3,f3e8d68f354211ca,3,3,3,bf5c119279f6d6d7,0,1,4beb622a8d41a56f,b1d51072777fd737,b1d51072777fd737,0,1
2219,2219,0,0000000,00,3,3,3,7ebd5804b8179f41,3,3,3,bf5c119279f6d6d7,0,1,dc15f1b61abf36f3,ac8925246a23e261,ac8925246a23e261,0,0
2220,2220,0,0000000,00,3,3,3,e943cb982fe90cdd,3,3,3,bf5c119279f6d6d7,0,1,51407f3d97eab878,ac8925246a23e261,ac8925246a23e261,0,0
2221,2221,0,0000000,00,3,3,3,64164513a2bc8256,3,0,3,bf5c119279f6d6d7,0,1,0000000000005140,ac8925246a23e261,ac8925246a23e261,0,0
2222,2222,0,0000000,00,3,3,3,ac1298fd6ab85fb8,3,0,3,a0486dc766e2aa82,0,1,0000000000000000,ac8925246a23e261,ac8925246a23e261,0,0
2223,2223,0,0000000,00,3,3,3,21471676e7edd133,3,0,3,a0486dc766e2aa82,0,1,0000000000000000,ac8925246a23e261,ac8925246a23e261,0,0
2224,2224,0,0000000,00,3,3,3,b6b985ea701342af,3,0,3,a0486dc766e2aa82,0,1,0000000000000000,ac8925246a23e261,ac8925246a23e261,0,0
2225,2225,0,0000000,00,3,3,3,3bec0b61fd46cc24,0,3,3,a0486dc766e2aa82,0,1,f3e8d68f354211ca,ac8925246a23e261,ac8925246a23e261,0,0
2226,2226,0,0000000,00,3,3,3,0000000000003bec,0,3,3,a0486dc766e2aa82,0,1,7ebd5804b8179f41,ac8925246a23e261,ac8925246a23e261,0,0
2227,2227,0,0000000,00,3,3,3,0000000000000000,0,3,3,a0486dc766e2aa82,0,1,e943cb982fe90cdd,ac8925246a23e261,ac8925246a23e261,0,0
2228,2228,0,0000000,00,3,3,3,0000000000000000,0,3,3,a0486dc766e2aa82,0,1,64164513a2bc8256,ac8925246a23e261,ac8925246a23e261,0,0
2229,2229,0,0000000,00,3,3,3,0000000000000000,0,3,3,a0486dc766e2aa82,0,1,ac1298fd6ab85fb8,ac8925246a23e261,ac8925246a23e261,0,0
2230,2230,0,0000000,00,3,3,3,0000000000000000,0,3,3,a0486dc766e2aa82,0,1,21471676e7edd133,ac8925246a23e261,ac8925246a23e261,0,0
2231,2231,0,0000048,00,2,2,3,0000000000000000,0,3,2,a0486dc766e2aa82,3,1,b6b985ea701342af,ac8925246a23e261,ac8925246a23e261,0,0
2232,2232,0,00000b0,05,2,2,3,0000000000000000,0,3,3,2d1de34cebb72409,0,1,3bec0b61fd46cc24,79d1cd9cbf7b0ad9,79d1cd9cbf7b0ad9,0,1
2233,2233,0,00000b4,05,2,2,3,0000000000000000,0,0,3,2d1de34cebb72409,0,1,0000000000003bec,f4844317322e8452,f4844317322e8452,0,1
2234,2234,0,00000b8,05,2,2,3,0000000000000000,0,0,3,2d1de34cebb72409,0,1,0000000000000000,637ad08ba5d017ce,637ad08ba5d017ce,0,1
2235,2235,0,000004c,00,2,2,3,0000000000000000,0,0,2,2d1de34cebb72409,3,1,0000000000000000,ee2f5e0028859945,ee2f5e0028859945,0,1
2236,2236,0,0000000,00,3,3,3,0000000000000000,0,0,3,90a136ab560bf1ee,0,1,0000000000000000,4c87f7b28a2d30f7,4c87f7b28a2d30f7,0,1
2237,2237,0,0000000,00,3,3,3,6dc766e2aa82a048,0,0,3,90a136ab560bf1ee,0,1,0000000000000000,c1d279390778be7c,c1d279390778be7c,0,1
2238,2238,0,0000000,00,3,3,3,e34cebb72409a048,3,0,3,90a136ab560bf1ee,0,1,0000000000000000,562ceaa590862de0,562ceaa590862de0,0,1
2239,2239,0,0000000,00,3,3,3,9944a2d35fee6596,3,0,3,90a136ab560bf1ee,0,1,0000000000000000,db79642e1dd3a36b,db79642e1dd3a36b,0,1
2240,2240,0,0000000,00,3,3,3,ffffffffffffffff,3,0,3,90a136ab560bf1ee,0,1,0000000000000000,137db9c0d5d77e85,137db9c0d5d77e85,0,0
2241,2241,0,0000000,00,3,3,3,e34cebb724092d1d,0,0,3,90a136ab560bf1ee,0,1,0000000000000000,137db9c0d5d77e85,137db9c0d5d77e85,0,0
2242,2242,0,0000000,00,3,3,3,36ab560bf1ee2d1d,0,0,3,90a136ab560bf1ee,0,1,0000000000000000,137db9c0d5d77e85,137db9c0d5d77e85,0,0
2243,2243,0,0000000,00,3,3,3,0000000000000009,0,0,3,90a136ab560bf1ee,0,1,0000000000000000,137db9c0d5d77e85,137db9c0d5d77e85,0,0
2244,2244,0,00000bc,05,2,2,3,0000000000000000,0,0,3,90a136ab560bf1ee,0,1,6dc766e2aa82a048,137db9c0d5d77e85,137db9c0d5d77e85,0,0
2245,2245,0,00000c0,05,2,2,3,0000000000000000,0,0,3,90a136ab560bf1ee,0,1,e34cebb72409a048,137db9c0d5d77e85,137db9c0d5d77e85,0,0
2246,2246,0,00000c4,05,2,2,3,0000000000000000,0,3,3,90a136ab560bf1ee,0,1,9944a2d35fee6596,137db9c0d5d77e85,137db9c0d5d77e85,0,0
2247,2247,0,00000c8,05,2,2,3,0000000000000000,0,3,3,90a136ab560bf1ee,0,1,ffffffffffffffff,137db9c0d5d77e85,137db9c0d5d77e85,0,0
2248,2248,0,00000cc,05,2,2,3,0000000000000000,0,3,3,90a136ab560bf1ee,0,1,e34cebb724092d1d,137db9c0d5d77e85,137db9c0d5d77e85,0,0
2249,2249,0,0000000,00,3,3,3,0000000000000000,0,0,3,90a136ab560bf1ee,0,1,36ab560bf1ee2d1d,137db9c0d5d77e85,137db9c0d5d77e85,0,0
2250,2250,0,0000000,00,3,3,3,0000000000000000,3,0,3,90a136ab560bf1ee,0,1,0000000000000009,137db9c0d5d77e85,137db9c0d5d77e85,0,0
2251,2251,0,0000000,00,3,3,3,0eba314fc810f60a,3,0,3,90a136ab560bf1ee,0,1,0000000000000000,137db9c0d5d77e85,137db9c0d5d77e85,0,0
2252,2252,0,0000000,00,3,3,3,13e60419d54cc35c,3,0,3,90a136ab560bf1ee,0,1,0000000000000000,137db9c0d5d77e85,137db9c0d5d77e85,0,0
2253,2253,0,00000d0,05,2,2,3,9eb38a9258194dd7,3,0,3,90a136ab560bf1ee,0,1,0000000000000000,6c948009aa3e474c,6c948009aa3e474c,0,1
2254,2254,0,00000d4,05,2,2,3,094d190ecfe7de4b,3,0,3,90a136ab560bf1ee,0,1,0000000000000000,e1c10e82276bc9c7,e1c10e82276bc9c7,0,1
2255,2255,0,00000d8,05,2,2,3,8418978542b250c0,0,0,3,90a136ab560bf1ee,0,1,0000000000000000,763f9d1eb0955a5b,763f9d1eb0955a5b,0,1
2256,2256,0,00000dc,05,2,2,3,0000000000008418,0,0,3,90a136ab560bf1ee,0,1,0000000000000000,fb6a13953dc0d4d0,fb6a13953dc0d4d0,0,1
2257,2257,0,00000e0,05,2,2,3,0000000000000000,0,0,3,90a136ab560bf1ee,0,1,0000000000000000,59c2ba279f687d62,59c2ba279f687d62,0,1
2258,2258,0,00000e4,05,2,2,3,0000000000000000,0,3,3,90a136ab560bf1ee,0,1,0eba314fc810f60a,ffffffffffffffff,d49734ac123df3e9,1,1
2259,2259,0,00000e8,05,2,2,3,0000000000000000,3,3,3,90a136ab560bf1ee,0,1,13e60419d54cc35c,7fa85443b8ed92e9,4369a73085c36075,1,1
2260,2260,0,00000ec,05,2,2,3,26b03e37e01af972,3,3,3,90a136ab560bf1ee,0,1,9eb38a9258194dd7,ce3c29bb0896eefe,ce3c29bb0896eefe,0,1
2261,2261,0,0000000,00,3,3,3,abe5b0bc6d4f77f9,3,3,3,90a136ab560bf1ee,0,1,094d190ecfe7de4b,79d1cd9cbf7b0ad9,79d1cd9cbf7b0ad9,0,0
2262,2262,0,0000000,00,3,3,3,3c1b2320fab1e465,3,3,3,90a136ab560bf1ee,0,1,8418978542b250c0,79d1cd9cbf7b0ad9,79d1cd9cbf7b0ad9,0,0
2263,2263,0,0000000,00,3,3,3,b14eadab77e46aee,3,0,3,90a136ab560bf1ee,0,1,0000000000008418,79d1cd9cbf7b0ad9,79d1cd9cbf7b0ad9,0,0
2264,2264,0,0000000,00,3,3,3,794a7045bfe0b700,3,0,3,8fb54afe491f8dbb,0,1,0000000000000000,79d1cd9cbf7b0ad9,79d1cd9cbf7b0ad9,0,0
2265,2265,0,0000000,00,3,3,3,f41ffece32b5398b,3,0,3,8fb54afe491f8dbb,0,1,0000000000000000,79d1cd9cbf7b0ad9,79d1cd9cbf7b0ad9,0,0
2266,2266,0,0000000,00,3,3,3,63e16d52a54baa17,3,0,3,8fb54afe491f8dbb,0,1,0000000000000000,79d1cd9cbf7b0ad9,79d1cd9cbf7b0ad9,0,0
2267,2267,0,0000000,00,3,3,3,eeb4e3d9281e249c,0,3,3,8fb54afe491f8dbb,0,1,26b03e37e01af972,79d1cd9cbf7b0ad9,79d1cd9cbf7b0ad9,0,0
2268,2268,0,0000000,00,3,3,3,000000000000eeb4,0,3,3,8fb54afe491f8dbb,0,1,abe5b0bc6d4f77f9,79d1cd9cbf7b0ad9,79d1cd9cbf7b0ad9,0,0
2269,2269,0,0000000,00,3,3,3,0000000000000000,0,3,3,8fb54afe491f8dbb,0,1,3c1b2320fab1e465,79d1cd9cbf7b0ad9,79d1cd9cbf7b0ad9,0,0
2270,2270,0,0000000,00,3,3,3,0000000000000000,0,3,3,8fb54afe491f8dbb,0,1,b14eadab77e46aee,79d1cd9cbf7b0ad9,79d1cd9cbf7b0ad9,0,0
2271,2271,0,0000000,00,3,3,3,0000000000000000,0,3,3,8fb54afe491f8dbb,0,1,794a7045bfe0b700,79d1cd9cbf7b0ad9,79d1cd9cbf7b0ad9,0,0
2272,2272,0,0000000,00,3,3,3,0000000000000000,0,3,3,8fb54afe491f8dbb,0,1,f41ffece32b5398b,79d1cd9cbf7b0ad9,79d1cd9cbf7b0ad9,0,0
2273,2273,0,0000050,00,2,2,3,0000000000000000,0,3,2,8fb54afe491f8dbb,3,1,63e16d52a54baa17,79d1cd9cbf7b0ad9,79d1cd9cbf7b0ad9,0,0
2274,2274,0,00000f0,05,2,2,3,0000000000000000,0,3,3,02e0c475c44a0330,0,1,eeb4e3d9281e249c,0638f455c0923310,0638f455c0923310,0,1
2275,2275,0,00000f4,05,2,2,3,0000000000000000,0,0,3,02e0c475c44a0330,0,1,000000000000eeb4,8b6d7ade4dc7bd9b,8b6d7ade4dc7bd9b,0,1
2276,2276,0,00000f8,05,2,2,3,0000000000000000,0,0,3,02e0c475c44a0330,0,1,0000000000000000,1c93e942da392e07,1c93e942da392e07,0,1
2277,2277,0,0000054,00,2,2,3,0000000000000000,0,0,2,02e0c475c44a0330,3,1,0000000000000000,91c667c9576ca08c,91c667c9576ca08c,0,1
2278,2278,0,0000000,04,3,2,2,0000000000000000,0,0,2,8a0a2bbc4ca0ecf9,0,1,0000000000000000,336ece7bf5c4093e,336ece7bf5c4093e,0,1
2279,2279,0,0000000,00,3,3,3,4afe491f8dbb8fb5,0,0,3,8a0a2bbc4ca0ecf9,0,1,0000000000000000,be3b40f0789187b5,be3b40f0789187b5,0,1
2280,2280,0,0000000,00,3,3,3,c475c44a03308fb5,3,0,3,8a0a2bbc4ca0ecf9,0,1,0000000000000000,29c5d36cef6f1429,29c5d36cef6f1429,0,1
2281,2281,0,0000000,05,3,2,2,4c1c4a6b8ab68d2e,3,0,2,8a0a2bbc4ca0ecf9,0,1,0000000000000000,a4905de7623a9aa2,a4905de7623a9aa2,0,1
2282,2282,0,0000000,00,3,3,3,ffffffffffffffff,3,0,3,8a0a2bbc4ca0ecf9,0,1,0000000000000000,6c948009aa3e474c,6c948009aa3e474c,0,0
2283,2283,0,0000000,00,3,3,3,c475c44a033002e0,0,0,3,8a0a2bbc4ca0ecf9,0,1,0000000000000000,6c948009aa3e474c,6c948009aa3e474c,0,0
2284,2284,0,0000000,00,3,2,2,2bbc4ca0ecf902e0,0,0,2,8a0a2bbc4ca0ecf9,0,1,0000000000000000,6c948009aa3e474c,6c948009aa3e474c,0,0
2285,2285,0,0000000,00,3,3,3,000000000000001c,0,0,3,8a0a2bbc4ca0ecf9,0,1,0000000000000000,6c948009aa3e474c,6c948009aa3e474c,0,0
2286,2286,0,0000000,00,3,3,3,0000000000000000,0,0,3,8a0a2bbc4ca0ecf9,0,1,4afe491f8dbb8fb5,6c948009aa3e474c,6c948009aa3e474c,0,0
2287,2287,0,0000000,00,3,3,3,0000000000000000,0,0,3,8a0a2bbc4ca0ecf9,0,1,c475c44a03308fb5,6c948009aa3e474c,6c948009aa3e474c,0,0
2288,2288,0,0000000,00,2,2,2,0000000000000000,0,3,3,8a0a2bbc4ca0ecf9,0,1,4c1c4a6b8ab68d2e,6c948009aa3e474c,6c948009aa3e474c,0,0
2289,2289,0,0000000,00,3,3,3,0000000000000000,0,3,3,8a0a2bbc4ca0ecf9,0,1,ffffffffffffffff,6c948009aa3e474c,6c948009aa3e474c,0,0
2290,2290,0,0000000,00,3,3,3,0000000000000000,0,3,3,8a0a2bbc4ca0ecf9,0,1,c475c44a033002e0,6c948009aa3e474c,6c948009aa3e474c,0,0
2291,2291,0,0000000,00,3,3,3,0000000000000000,0,0,3,8a0a2bbc4ca0ecf9,0,1,2bbc4ca0ecf902e0,6c948009aa3e474c,6c948009aa3e474c,0,0
2292,2292,0,0000000,00,3,3,3,0000000000000000,0,0,3,8a0a2bbc4ca0ecf9,0,1,000000000000001c,6c948009aa3e474c,6c948009aa3e474c,0,0
2293,2293,0,0000000,00,3,3,3,0000000000000000,0,0,3,8a0a2bbc4ca0ecf9,0,1,0000000000000000,6c948009aa3e474c,6c948009aa3e474c,0,0
2294,2294,0,0000000,00,3,3,3,0000000000000000,0,0,3,8a0a2bbc4ca0ecf9,0,1,0000000000000000,6c948009aa3e474c,6c948009aa3e474c,0,0
2295,2295,0,0000000,00,3,3,3,0000000000000000,0,0,3,8a0a2bbc4ca0ecf9,0,1,0000000000000000,b9cc68b17f66aff4,b9cc68b17f66aff4,0,1
2296,2296,0,0000000,00,3,3,3,0000000000000000,0,0,3,8a0a2bbc4ca0ecf9,0,1,0000000000000000,3499e63af233217f,3499e63af233217f,0,1
2297,2297,0,0000000,00,3,3,3,0000000000000000,0,0,3,8a0a2bbc4ca0ecf9,0,1,0000000000000000,a36775a665cdb2e3,a36775a665cdb2e3,0,1
2298,2298,0,0000000,00,3,3,3,0000000000000000,0,0,3,8a0a2bbc4ca0ecf9,0,1,0000000000000000,2e32fb2de8983c68,2e32fb2de8983c68,0,1
2299,2299,0,0000000,00,3,3,3,0000000000000000,0,0,3,8a0a2bbc4ca0ecf9,0,1,0000000000000000,8c9a529f4a3095da,8c9a529f4a3095da,0,1
2300,2300,0,0000000,00,3,3,3,0000000000000000,0,0,3,8a0a2bbc4ca0ecf9,0,1,0000000000000000,ffffffffffffffff,01cfdc14c7651b51,1,1
2301,2301,0,0000000,00,3,3,3,0000000000000000,0,0,3,8a0a2bbc4ca0ecf9,0,1,0000000000000000,58917bbe9fd4bd14,96314f88509b88cd,1,1
2302,2302,0,0000000,00,3,3,3,0000000000000000,0,0,3,8a0a2bbc4ca0ecf9,0,1,0000000000000000,1b64c103ddce0646,1b64c103ddce0646,0,1
2303,2303,0,0000000,05,3,2,2,0000000000000000,0,0,3,8a0a2bbc4ca0ecf9,0,1,0000000000000000,0638f455c0923310,0638f455c0923310,0,0
2304,2304,0,0000000,00,3,3,3,0000000000000000,0,0,3,8a0a2bbc4ca0ecf9,0,1,0000000000000000,0638f455c0923310,0638f455c0923310,0,0
2305,2305,0,0000000,00,3,3,3,0000000000000000,0,0,3,8a0a2bbc4ca0ecf9,0,1,0000000000000000,0638f455c0923310,0638f455c0923310,0,0
2306,2306,0,0000000,00,3,3,3,0000000000000000,0,0,3,8a0a2bbc4ca0ecf9,0,1,0000000000000000,0638f455c0923310,0638f455c0923310,0,0
2307,2307,0,0000000,00,3,3,3,0000000000000000,0,0,3,8a0a2bbc4ca0ecf9,0,1,0000000000000000,0638f455c0923310,0638f455c0923310,0,0
2308,2308,0,0000000,00,3,3,3,0000000000000000,0,0,3,8a0a2bbc4ca0ecf9,0,1,0000000000000000,0638f455c0923310,0638f455c0923310,0,0
2309,2309,0,0000000,00,3,3,3,0000000000000000,0,0,3,8a0a2bbc4ca0ecf9,0,1,0000000000000000,0638f455c0923310,0638f455c0923310,0,0
2310,2310,0,00000fc,05,2,2,3,0000000000000000,0,0,3,8a0a2bbc4ca0ecf9,0,1,0000000000000000,0638f455c0923310,0638f455c0923310,0,0
2311,2311,0,0000100,05,2,2,3,0000000000000000,0,0,3,8a0a2bbc4ca0ecf9,0,1,0000000000000000,0638f455c0923310,0638f455c0923310,0,0
2312,2312,0,0000104,05,2,2,3,0000000000000000,0,0,3,8a0a2bbc4ca0ecf9,0,1,0000000000000000,0638f455c0923310,0638f455c0923310,0,0
2313,2313,0,0000108,05,2,2,3,0000000000000000,0,0,3,8a0a2bbc4ca0ecf9,0,1,0000000000000000,0638f455c0923310,0638f455c0923310,0,0
2314,2314,0,000010c,05,2,2,3,0000000000000000,0,0,3,8a0a2bbc4ca0ecf9,0,1,0000000000000000,0638f455c0923310,0638f455c0923310,0,0
2315,2315,0,0000110,05,2,2,3,0000000000000000,0,0,3,8a0a2bbc4ca0ecf9,0,1,0000000000000000,0638f455c0923310,0638f455c0923310,0,0
2316,2316,0,0000114,05,2,2,3,0000000000000000,3,0,3,8a0a2bbc4ca0ecf9,0,1,0000000000000000,d3601ced15cadba8,d3601ced15cadba8,0,1
2317,2317,0,0000118,05,2,2,3,dbe2d9f71d481eb2,3,0,3,8a0a2bbc4ca0ecf9,0,1,0000000000000000,5e359266989f5523,5e359266989f5523,0,1
2318,2318,0,000011c,05,2,2,3,396c9f33ffc65876,3,0,3,8a0a2bbc4ca0ecf9,0,1,0000000000000000,c9cb01fa0f61c6bf,c9cb01fa0f61c6bf,0,1
2319,2319,0,0000120,05,2,2,3,b43911b87293d6fd,3,0,3,8a0a2bbc4ca0ecf9,0,1,0000000000000000,449e8f7182344834,449e8f7182344834,0,1
2320,2320,0,0000124,05,2,2,3,23c78224e56d4561,3,0,3,8a0a2bbc4ca0ecf9,0,1,0000000000000000,e63626c3209ce186,e63626c3209ce186,0,1
2321,2321,0,0000128,05,2,2,3,ae920caf6838cbea,3,0,3,8a0a2bbc4ca0ecf9,0,1,0000000000000000,6b63a848adc96f0d,6b63a848adc96f0d,0,1
2322,2322,0,000012c,05,2,2,3,0c3aa51dca906258,3,0,3,8a0a2bbc4ca0ecf9,0,1,0000000000000000,fc9d3bd43a37fc91,fc9d3bd43a37fc91,0,1
2323,2323,0,0000130,05,2,2,3,816f2b9647c5ecd3,3,0,3,8a0a2bbc4ca0ecf9,0,1,0000000000000000,71c8b55fb762721a,71c8b55fb762721a,0,1
2324,2324,0,0000134,05,2,2,3,1691b80ad03b7f4f,3,3,3,8a0a2bbc4ca0ecf9,0,1,dbe2d9f71d481eb2,b9cc68b17f66aff4,b9cc68b17f66aff4,0,0
2325,2325,0,0000138,05,2,2,3,9bc436815d6ef1c4,3,3,3,8a0a2bbc4ca0ecf9,0,1,396c9f33ffc65876,b9cc68b17f66aff4,b9cc68b17f66aff4,0,0
2326,2326,0,000013c,05,2,2,3,53c0eb6f956a2c2a,3,3,3,8a0a2bbc4ca0ecf9,0,1,b43911b87293d6fd,b9cc68b17f66aff4,b9cc68b17f66aff4,0,0
2327,2327,0,0000140,05,2,2,3,de9565e4183fa2a1,3,3,3,8a0a2bbc4ca0ecf9,0,1,23c78224e56d4561,b9cc68b17f66aff4,b9cc68b17f66aff4,0,0
2328,2328,0,0000144,05,2,2,3,496bf6788fc1313d,3,3,3,8a0a2bbc4ca0ecf9,0,1,ae920caf6838cbea,b9cc68b17f66aff4,b9cc68b17f66aff4,0,0
2329,2329,0,0000148,05,2,2,3,c43e78f30294bfb6,3,3,3,8a0a2bbc4ca0ecf9,0,1,0c3aa51dca906258,b9cc68b17f66aff4,b9cc68b17f66aff4,0,0
2330,2330,0,000014c,05,2,2,3,6696d141a03c1604,3,3,3,8a0a2bbc4ca0ecf9,0,1,816f2b9647c5ecd3,b9cc68b17f66aff4,b9cc68b17f66aff4,0,0
2331,2331,0,0000000,00,3,2,2,ebc35fca2d69988f,3,3,3,8a0a2bbc4ca0ecf9,0,1,1691b80ad03b7f4f,b9cc68b17f66aff4,b9cc68b17f66aff4,0,0
2332,2332,0,0000000,00,3,3,3,7c3dcc56ba970b13,3,3,3,8a0a2bbc4ca0ecf9,0,1,9bc436815d6ef1c4,b9cc68b17f66aff4,b9cc68b17f66aff4,0,0
2333,2333,0,0000000,00,3,3,3,f16842dd37c28598,3,3,3,8a0a2bbc4ca0ecf9,0,1,53c0eb6f956a2c2a,b9cc68b17f66aff4,b9cc68b17f66aff4,0,0
2334,2334,0,0000000,00,3,3,3,ec34778b2a9eb0ce,3,3,3,8a0a2bbc4ca0ecf9,0,1,de9565e4183fa2a1,b9cc68b17f66aff4,b9cc68b17f66aff4,0,0
2335,2335,0,0000000,00,3,3,3,6161f900a7cb3e45,3,3,3,8a0a2bbc4ca0ecf9,0,1,496bf6788fc1313d,b9cc68b17f66aff4,b9cc68b17f66aff4,0,0
2336,2336,0,0000000,00,3,3,3,f69f6a9c3035add9,3,3,3,8a0a2bbc4ca0ecf9,0,1,c43e78f30294bfb6,b9cc68b17f66aff4,b9cc68b17f66aff4,0,0
2337,2337,0,0000150,05,2,2,3,7bcae417bd602352,0,3,3,8a0a2bbc4ca0ecf9,0,1,6696d141a03c1604,6c0f3dd0aaa5fa95,6c0f3dd0aaa5fa95,0,1
2338,2338,0,0000154,05,2,2,3,0000000000007bca,0,3,3,8a0a2bbc4ca0ecf9,0,1,ebc35fca2d69988f,e15ab35b27f0741e,e15ab35b27f0741e,0,1
2339,2339,0,0000158,05,2,2,3,0000000000000000,0,3,3,8a0a2bbc4ca0ecf9,0,1,7c3dcc56ba970b13,76a420c7b00ee782,76a420c7b00ee782,0,1
2340,2340,0,000015c,05,2,2,3,0000000000000000,0,3,3,8a0a2bbc4ca0ecf9,0,1,f16842dd37c28598,fbf1ae4c3d5b6909,fbf1ae4c3d5b6909,0,1
2341,2341,0,0000160,05,2,2,3,0000000000000000,0,3,3,8a0a2bbc4ca0ecf9,0,1,ec34778b2a9eb0ce,595907fe9ff3c0bb,595907fe9ff3c0bb,0,1
2342,2342,0,0000164,05,2,2,3,0000000000000000,0,3,3,8a0a2bbc4ca0ecf9,0,1,6161f900a7cb3e45,d40c897512a64e30,d40c897512a64e30,0,1
2343,2343,0,0000168,05,2,2,3,0000000000000000,3,3,3,8a0a2bbc4ca0ecf9,0,1,f69f6a9c3035add9,43f21ae98558ddac,43f21ae98558ddac,0,1
2344,2344,0,000016c,05,2,2,3,d9624da51fc88ae0,3,3,3,8a0a2bbc4ca0ecf9,0,1,7bcae417bd602352,cea79462080d5327,cea79462080d5327,0,1
2345,2345,0,0000000,00,3,3,3,5437c32e929d046b,3,0,3,8a0a2bbc4ca0ecf9,0,1,0000000000007bca,d3601ced15cadba8,d3601ced15cadba8,0,0
2346,2346,0,0000000,00,3,3,3,c3c950b2056397f7,3,0,3,8a0a2bbc4ca0ecf9,0,1,0000000000000000,d3601ced15cadba8,d3601ced15cadba8,0,0
2347,2347,0,0000000,00,3,3,3,4e9cde398836197c,3,0,3,8a0a2bbc4ca0ecf9,0,1,0000000000000000,d3601ced15cadba8,d3601ced15cadba8,0,0
2348,2348,0,0000000,00,3,3,3,869803d74032c492,3,0,3,951e57e953b490ac,0,1,0000000000000000,d3601ced15cadba8,d3601ced15cadba8,0,0
2349,2349,0,0000000,00,3,3,3,0bcd8d5ccd674a19,3,0,3,951e57e953b490ac,0,1,0000000000000000,d3601ced15cadba8,d3601ced15cadba8,0,0
2350,2350,0,0000000,00,3,3,3,9c331ec05a99d985,3,0,3,951e57e953b490ac,0,1,0000000000000000,d3601ced15cadba8,d3601ced15cadba8,0,0
2351,2351,0,0000000,00,3,3,3,1166904bd7cc570e,0,3,3,951e57e953b490ac,0,1,d9624da51fc88ae0,d3601ced15cadba8,d3601ced15cadba8,0,0
2352,2352,0,0000000,00,3,3,3,0000000000001166,0,3,3,951e57e953b490ac,0,1,5437c32e929d046b,d3601ced15cadba8,d3601ced15cadba8,0,0
2353,2353,0,0000000,00,3,3,3,0000000000000000,0,3,3,951e57e953b490ac,0,1,c3c950b2056397f7,d3601ced15cadba8,d3601ced15cadba8,0,0
2354,2354,0,0000000,00,3,3,3,0000000000000000,0,3,3,951e57e953b490ac,0,1,4e9cde398836197c,d3601ced15cadba8,d3601ced15cadba8,0,0
2355,2355,0,0000000,00,3,3,3,0000000000000000,0,3,3,951e57e953b490ac,0,1,869803d74032c492,d3601ced15cadba8,d3601ced15cadba8,0,0
2356,2356,0,0000000,00,3,3,3,0000000000000000,0,3,3,951e57e953b490ac,0,1,0bcd8d5ccd674a19,d3601ced15cadba8,d3601ced15cadba8,0,0
2357,2357,0,0000058,00,2,2,3,0000000000000000,0,3,2,951e57e953b490ac,3,1,9c331ec05a99d985,d3601ced15cadba8,d3601ced15cadba8,0,0
2358,2358,0,0000170,05,2,2,3,0000000000000000,0,3,3,184bd962dee11e27,0,1,1166904bd7cc570e,06a3498cc0098ec9,06a3498cc0098ec9,0,1
2359,2359,0,0000174,05,2,2,3,0000000000000000,0,0,3,184bd962dee11e27,0,1,0000000000001166,8bf6c7074d5c0042,8bf6c7074d5c0042,0,1
2360,2360,0,0000178,05,2,2,3,0000000000000000,0,0,3,184bd962dee11e27,0,1,0000000000000000,1c08549bdaa293de,1c08549bdaa293de,0,1
2361,2361,0,000005c,00,2,2,3,0000000000000000,0,0,2,184bd962dee11e27,3,1,0000000000000000,915dda1057f71d55,915dda1057f71d55,0,1
2362,2362,0,0000000,00,3,3,3,0000000000000000,0,0,3,cf5b78d909f1bf9c,0,1,0000000000000000,33f573a2f55fb4e7,33f573a2f55fb4e7,0,1
2363,2363,0,0000000,00,3,3,3,57e953b490ac951e,0,0,3,cf5b78d909f1bf9c,0,1,0000000000000000,ffffffffffffffff,bea0fd29780a3a6c,1,1
2364,2364,0,0000000,00,3,3,3,d962dee11e27951e,3,0,3,cf5b78d909f1bf9c,0,1,0000000000000000,4586611582c3a7bf,295e6eb5eff4a9f0,1,1
2365,2365,0,0000000,00,3,3,3,b3ce39f97564febc,3,0,3,cf5b78d909f1bf9c,0,1,0000000000000000,a40be03e62a1277b,a40be03e62a1277b,0,1
2366,2366,0,0000000,00,3,3,3,ffffffffffffffff,3,0,3,cf5b78d909f1bf9c,0,1,0000000000000000,6c0f3dd0aaa5fa95,6c0f3dd0aaa5fa95,0,0
2367,2367,0,0000000,00,3,3,3,d962dee11e27184b,0,0,3,cf5b78d909f1bf9c,0,1,0000000000000000,6c0f3dd0aaa5fa95,6c0f3dd0aaa5fa95,0,0
2368,2368,0,0000000,00,3,3,3,78d909f1bf9c184b,0,0,3,cf5b78d909f1bf9c,0,1,0000000000000000,6c0f3dd0aaa5fa95,6c0f3dd0aaa5fa95,0,0
2369,2369,0,0000000,00,3,3,3,0000000000000059,0,0,3,cf5b78d909f1bf9c,0,1,0000000000000000,6c0f3dd0aaa5fa95,6c0f3dd0aaa5fa95,0,0
2370,2370,0,000017c,05,2,2,3,0000000000000000,0,0,3,cf5b78d909f1bf9c,0,1,57e953b490ac951e,6c0f3dd0aaa5fa95,6c0f3dd0aaa5fa95,0,0
2371,2371,0,0000180,05,2,2,3,0000000000000000,0,0,3,cf5b78d909f1bf9c,0,1,d962dee11e27951e,6c0f3dd0aaa5fa95,6c0f3dd0aaa5fa95,0,0
2372,2372,0,0000184,05,2,2,3,0000000000000000,0,3,3,cf5b78d909f1bf9c,0,1,b3ce39f97564febc,6c0f3dd0aaa5fa95,6c0f3dd0aaa5fa95,0,0
2373,2373,0,0000188,05,2,2,3,0000000000000000,0,3,3,cf5b78d909f1bf9c,0,1,ffffffffffffffff,6c0f3dd0aaa5fa95,6c0f3dd0aaa5fa95,0,0
2374,2374,0,000018c,05,2,2,3,0000000000000000,0,3,3,cf5b78d909f1bf9c,0,1,d962dee11e27184b,6c0f3dd0aaa5fa95,6c0f3dd0aaa5fa95,0,0
2375,2375,0,0000000,00,3,3,3,0000000000000000,0,0,3,cf5b78d909f1bf9c,0,1,78d909f1bf9c184b,6c0f3dd0aaa5fa95,6c0f3dd0aaa5fa95,0,0
2376,2376,0,0000000,00,3,3,3,0000000000000000,3,0,3,cf5b78d909f1bf9c,0,1,0000000000000059,6c0f3dd0aaa5fa95,6c0f3dd0aaa5fa95,0,0
2377,2377,0,0000000,00,3,3,3,2430aa65e29a6d20,3,0,3,cf5b78d909f1bf9c,0,1,0000000000000000,6c0f3dd0aaa5fa95,6c0f3dd0aaa5fa95,0,0
2378,2378,0,0000000,00,3,3,3,93dd4e4255778907,3,0,3,cf5b78d909f1bf9c,0,1,0000000000000000,6c0f3dd0aaa5fa95,6c0f3dd0aaa5fa95,0,0
2379,2379,0,0000190,05,2,2,3,1e88c0c9d822078c,3,0,3,cf5b78d909f1bf9c,0,1,0000000000000000,b957d5687ffd122d,b957d5687ffd122d,0,1
2380,2380,0,0000194,05,2,2,3,897653554fdc9410,3,0,3,cf5b78d909f1bf9c,0,1,0000000000000000,34025be3f2a89ca6,34025be3f2a89ca6,0,1
2381,2381,0,0000198,05,2,2,3,0423dddec2891a9b,0,0,3,cf5b78d909f1bf9c,0,1,0000000000000000,a3fcc87f65560f3a,a3fcc87f65560f3a,0,1
2382,2382,0,000019c,05,2,2,3,0000000000000423,0,0,3,cf5b78d909f1bf9c,0,1,0000000000000000,2ea946f4e80381b1,2ea946f4e80381b1,0,1
2383,2383,0,00001a0,05,2,2,3,0000000000000000,0,0,3,cf5b78d909f1bf9c,0,1,0000000000000000,8c01ef464aab2803,8c01ef464aab2803,0,1
2384,2384,0,00001a4,05,2,2,3,0000000000000000,0,3,3,cf5b78d909f1bf9c,0,1,2430aa65e29a6d20,015461cdc7fea688,015461cdc7fea688,0,1
2385,2385,0,00001a8,05,2,2,3,0000000000000000,3,3,3,cf5b78d909f1bf9c,0,1,93dd4e4255778907,96aaf25150003514,96aaf25150003514,0,1
2386,2386,0,00001ac,05,2,2,3,a68b746c6021b329,3,3,3,cf5b78d909f1bf9c,0,1,1e88c0c9d822078c,1bff7cdadd55bb9f,1bff7cdadd55bb9f,0,1
2387,2387,0,0000000,00,3,3,3,2bdefae7ed743da2,3,3,3,cf5b78d909f1bf9c,0,1,897653554fdc9410,06a3498cc0098ec9,06a3498cc0098ec9,0,0
2388,2388,0,0000000,00,3,3,3,bc20697b7a8aae3e,3,3,3,cf5b78d909f1bf9c,0,1,0423dddec2891a9b,06a3498cc0098ec9,06a3498cc0098ec9,0,0
2389,2389,0,0000000,00,3,3,3,3175e7f0f7df20b5,3,0,3,cf5b78d909f1bf9c,0,1,0000000000000423,06a3498cc0098ec9,06a3498cc0098ec9,0,0
2390,2390,0,0000000,00,3,3,3,f9713a1e3fdbfd5b,3,0,3,d04f048c16e5c3c9,0,1,0000000000000000,06a3498cc0098ec9,06a3498cc0098ec9,0,0
2391,2391,0,0000000,00,3,3,3,7424b495b28e73d0,3,0,3,d04f048c16e5c3c9,0,1,0000000000000000,06a3498cc0098ec9,06a3498cc0098ec9,0,0
2392,2392,0,0000000,00,3,3,3,e3da27092570e04c,3,0,3,d04f048c16e5c3c9,0,1,0000000000000000,06a3498cc0098ec9,06a3498cc0098ec9,0,0
2393,2393,0,0000000,00,3,3,3,6e8fa982a8256ec7,0,3,3,d04f048c16e5c3c9,0,1,a68b746c6021b329,06a3498cc0098ec9,06a3498cc0098ec9,0,0
2394,2394,0,0000000,00,3,3,3,0000000000006e8f,0,3,3,d04f048c16e5c3c9,0,1,2bdefae7ed743da2,06a3498cc0098ec9,06a3498cc0098ec9,0,0
2395,2395,0,0000000,00,3,3,3,0000000000000000,0,3,3,d04f048c16e5c3c9,0,1,bc20697b7a8aae3e,06a3498cc0098ec9,06a3498cc0098ec9,0,0
2396,2396,0,0000000,00,3,3,3,0000000000000000,0,3,3,d04f048c16e5c3c9,0,1,3175e7f0f7df20b5,06a3498cc0098ec9,06a3498cc0098ec9,0,0
2397,2397,0,0000000,00,3,3,3,0000000000000000,0,3,3,d04f048c16e5c3c9,0,1,f9713a1e3fdbfd5b,06a3498cc0098ec9,06a3498cc0098ec9,0,0
2398,2398,0,0000000,00,3,3,3,0000000000000000,0,3,3,d04f048c16e5c3c9,0,1,7424b495b28e73d0,06a3498cc0098ec9,06a3498cc0098ec9,0,0
2399,2399,0,0000060,00,2,2,3,0000000000000000,0,3,2,d04f048c16e5c3c9,3,1,e3da27092570e04c,06a3498cc0098ec9,06a3498cc0098ec9,0,0
2400,2400,0,00001b0,05,2,2,3,0000000000000000,0,3,3,5d1a8a079bb04d42,0,1,6e8fa982a8256ec7,d3fba13415516671,d3fba13415516671,0,1
2401,2401,0,00001b4,05,2,2,3,0000000000000000,0,0,3,5d1a8a079bb04d42,0,1,0000000000006e8f,5eae2fbf9804e8fa,5eae2fbf9804e8fa,0,1
2402,2402,0,00001b8,05,2,2,3,0000000000000000,0,0,3,5d1a8a079bb04d42,0,1,0000000000000000,c950bc230ffa7b66,c950bc230ffa7b66,0,1
2403,2403,0,0000064,00,2,2,3,0000000000000000,0,0,2,5d1a8a079bb04d42,3,1,0000000000000000,440532a882aff5ed,440532a882aff5ed,0,1
2404,2404,0,0000000,00,3,3,3,0000000000000000,0,0,3,d5f065ce135aa28b,0,1,0000000000000000,e6ad9b1a20075c5f,e6ad9b1a20075c5f,0,1
2405,2405,0,0000000,00,3,3,3,048c16e5c3c9d04f,0,0,3,d5f065ce135aa28b,0,1,0000000000000000,ffffffffffffffff,6bf81591ad52d2d4,1,1
2406,2406,0,0000000,00,3,3,3,8a079bb04d42d04f,3,0,3,d5f065ce135aa28b,0,1,0000000000000000,fe5bf11c391e37b6,fc06860d3aac4148,1,1
2407,2407,0,0000000,00,3,3,3,cc2700300a8dc775,3,0,3,d5f065ce135aa28b,0,1,0000000000000000,71530886b7f9cfc3,71530886b7f9cfc3,0,1
2408,2408,0,0000000,00,3,3,3,ffffffffffffffff,3,0,3,d5f065ce135aa28b,0,1,0000000000000000,b957d5687ffd122d,b957d5687ffd122d,0,0
2409,2409,0,0000000,00,3,3,3,8a079bb04d425d1a,0,0,3,d5f065ce135aa28b,0,1,0000000000000000,b957d5687ffd122d,b957d5687ffd122d,0,0
2410,2410,0,0000000,00,3,3,3,65ce135aa28b5d1a,0,0,3,d5f065ce135aa28b,0,1,0000000000000000,b957d5687ffd122d,b957d5687ffd122d,0,0
2411,2411,0,0000000,00,3,3,3,000000000000004c,0,0,3,d5f065ce135aa28b,0,1,0000000000000000,b957d5687ffd122d,b957d5687ffd122d,0,0
2412,2412,0,00001bc,05,2,2,3,0000000000000000,0,0,3,d5f065ce135aa28b,0,1,048c16e5c3c9d04f,b957d5687ffd122d,b957d5687ffd122d,0,0
2413,2413,0,00001c0,05,2,2,3,0000000000000000,0,0,3,d5f065ce135aa28b,0,1,8a079bb04d42d04f,b957d5687ffd122d,b957d5687ffd122d,0,0
2414,2414,0,00001c4,05,2,2,3,0000000000000000,0,3,3,d5f065ce135aa28b,0,1,cc2700300a8dc775,b957d5687ffd122d,b957d5687ffd122d,0,0
2415,2415,0,00001c8,05,2,2,3,0000000000000000,0,3,3,d5f065ce135aa28b,0,1,ffffffffffffffff,b957d5687ffd122d,b957d5687ffd122d,0,0
2416,2416,0,00001cc,05,2,2,3,0000000000000000,0,3,3,d5f065ce135aa28b,0,1,8a079bb04d425d1a,b957d5687ffd122d,b957d5687ffd122d,0,0
2417,2417,0,0000000,00,3,3,3,0000000000000000,0,0,3,d5f065ce135aa28b,0,1,65ce135aa28b5d1a,b957d5687ffd122d,b957d5687ffd122d,0,0
2418,2418,0,0000000,00,3,3,3,0000000000000000,3,0,3,d5f065ce135aa28b,0,1,000000000000004c,b957d5687ffd122d,b957d5687ffd122d,0,0
2419,2419,0,0000000,00,3,3,3,5bd993ac9d7354e9,3,0,3,d5f065ce135aa28b,0,1,0000000000000000,b957d5687ffd122d,b957d5687ffd122d,0,0
2420,2420,0,0000000,00,3,3,3,4685a6fa802f61bf,3,0,3,d5f065ce135aa28b,0,1,0000000000000000,b957d5687ffd122d,b957d5687ffd122d,0,0
2421,2421,0,00001d0,05,2,2,3,cbd028710d7aef34,3,0,3,d5f065ce135aa28b,0,1,0000000000000000,c6beeca100142be4,c6beeca100142be4,0,1
2422,2422,0,00001d4,05,2,2,3,5c2ebbed9a847ca8,3,0,3,d5f065ce135aa28b,0,1,0000000000000000,4beb622a8d41a56f,4beb622a8d41a56f,0,1
2423,2423,0,00001d8,05,2,2,3,d17b356617d1f223,0,0,3,d5f065ce135aa28b,0,1,0000000000000000,dc15f1b61abf36f3,dc15f1b61abf36f3,0,1
2424,2424,0,00001dc,05,2,2,3,000000000000d17b,0,0,3,d5f065ce135aa28b,0,1,0000000000000000,51407f3d97eab878,51407f3d97eab878,0,1
2425,2425,0,00001e0,05,2,2,3,0000000000000000,0,0,3,d5f065ce135aa28b,0,1,0000000000000000,f3e8d68f354211ca,f3e8d68f354211ca,0,1
2426,2426,0,00001e4,05,2,2,3,0000000000000000,0,3,3,d5f065ce135aa28b,0,1,5bd993ac9d7354e9,7ebd5804b8179f41,7ebd5804b8179f41,0,1
2427,2427,0,00001e8,05,2,2,3,0000000000000000,3,3,3,d5f065ce135aa28b,0,1,4685a6fa802f61bf,e943cb982fe90cdd,e943cb982fe90cdd,0,1
2428,2428,0,00001ec,05,2,2,3,73d39cd4b5795b91,3,3,3,d5f065ce135aa28b,0,1,cbd028710d7aef34,64164513a2bc8256,64164513a2bc8256,0,1
2429,2429,0,0000000,00,3,3,3,fe86125f382cd51a,3,3,3,d5f065ce135aa28b,0,1,5c2ebbed9a847ca8,d3fba13415516671,d3fba13415516671,0,0
2430,2430,0,0000000,00,3,3,3,697881c3afd24686,3,3,3,d5f065ce135aa28b,0,1,d17b356617d1f223,d3fba13415516671,d3fba13415516671,0,0
2431,2431,0,0000000,00,3,3,3,e42d0f482287c80d,3,0,3,d5f065ce135aa28b,0,1,000000000000d17b,d3fba13415516671,d3fba13415516671,0,0
2432,2432,0,0000000,00,3,3,3,2c29d2a6ea8315e3,3,0,3,cae4199b0c4edede,0,1,0000000000000000,d3fba13415516671,d3fba13415516671,0,0
2433,2433,0,0000000,00,3,3,3,a17c5c2d67d69b68,3,0,3,cae4199b0c4edede,0,1,0000000000000000,d3fba13415516671,d3fba13415516671,0,0
2434,2434,0,0000000,00,3,3,3,3682cfb1f02808f4,3,0,3,cae4199b0c4edede,0,1,0000000000000000,d3fba13415516671,d3fba13415516671,0,0
2435,2435,0,0000000,00,3,3,3,bbd7413a7d7d867f,0,3,3,cae4199b0c4edede,0,1,73d39cd4b5795b91,d3fba13415516671,d3fba13415516671,0,0
2436,2436,0,0000000,00,3,3,3,000000000000bbd7,0,3,3,cae4199b0c4edede,0,1,fe86125f382cd51a,d3fba13415516671,d3fba13415516671,0,0
2437,2437,0,0000000,00,3,3,3,0000000000000000,0,3,3,cae4199b0c4edede,0,1,697881c3afd24686,d3fba13415516671,d3fba13415516671,0,0
2438,2438,0,0000000,00,3,3,3,0000000000000000,0,3,3,cae4199b0c4edede,0,1,e42d0f482287c80d,d3fba13415516671,d3fba13415516671,0,0
2439,2439,0,0000000,00,3,3,3,0000000000000000,0,3,3,cae4199b0c4edede,0,1,2c29d2a6ea8315e3,d3fba13415516671,d3fba13415516671,0,0
2440,2440,0,0000000,00,3,3,3,0000000000000000,0,3,3,cae4199b0c4edede,0,1,a17c5c2d67d69b68,d3fba13415516671,d3fba13415516671,0,0
2441,2441,0,0000068,00,2,2,3,0000000000000000,0,3,2,cae4199b0c4edede,3,1,3682cfb1f02808f4,d3fba13415516671,d3fba13415516671,0,0
2442,2442,0,00001f0,05,2,2,3,0000000000000000,0,3,3,47b19710811b5055,0,1,bbd7413a7d7d867f,ac1298fd6ab85fb8,ac1298fd6ab85fb8,0,1
2443,2443,0,00001f4,05,2,2,3,0000000000000000,0,0,3,47b19710811b5055,0,1,000000000000bbd7,21471676e7edd133,21471676e7edd133,0,1
2444,2444,0,00001f8,05,2,2,3,0000000000000000,0,0,3,47b19710811b5055,0,1,0000000000000000,b6b985ea701342af,b6b985ea701342af,0,1
2445,2445,0,000006c,00,2,2,3,0000000000000000,0,0,2,47b19710811b5055,3,1,0000000000000000,3bec0b61fd46cc24,3bec0b61fd46cc24,0,1
2446,2446,0,0000000,00,3,3,3,0000000000000000,0,0,3,fa0d42f73ca785b2,0,1,0000000000000000,9944a2d35fee6596,9944a2d35fee6596,0,1
2447,2447,0,0000000,00,3,3,3,199b0c4ededecae4,0,0,3,fa0d42f73ca785b2,0,1,0000000000000000,ffffffffffffffff,14112c58d2bbeb1d,1,1
2448,2448,0,0000000,00,3,3,3,9710811b5055cae4,3,0,3,fa0d42f73ca785b2,0,1,0000000000000000,e34cebb724092d1d,83efbfc445457881,1,1
2449,2449,0,0000000,00,3,3,3,197fe888dfd52fcd,3,0,3,fa0d42f73ca785b2,0,1,0000000000000000,0eba314fc810f60a,0eba314fc810f60a,0,1
2450,2450,0,0000000,00,3,3,3,ffffffffffffffff,3,0,3,fa0d42f73ca785b2,0,1,0000000000000000,c6beeca100142be4,c6beeca100142be4,0,0
2451,2451,0,0000000,00,3,3,3,9710811b505547b1,0,0,3,fa0d42f73ca785b2,0,1,0000000000000000,c6beeca100142be4,c6beeca100142be4,0,0
2452,2452,0,0000000,00,3,3,3,42f73ca785b247b1,0,0,3,fa0d42f73ca785b2,0,1,0000000000000000,c6beeca100142be4,c6beeca100142be4,0,0
2453,2453,0,0000000,00,3,3,3,0000000000000057,0,0,3,fa0d42f73ca785b2,0,1,0000000000000000,c6beeca100142be4,c6beeca100142be4,0,0
2454,2454,0,00001fc,05,2,2,3,0000000000000000,0,0,3,fa0d42f73ca785b2,0,1,199b0c4ededecae4,c6beeca100142be4,c6beeca100142be4,0,0
2455,2455,0,0000200,05,2,2,3,0000000000000000,0,0,3,fa0d42f73ca785b2,0,1,9710811b5055cae4,c6beeca100142be4,c6beeca100142be4,0,0
2456,2456,0,0000204,05,2,2,3,0000000000000000,0,3,3,fa0d42f73ca785b2,0,1,197fe888dfd52fcd,c6beeca100142be4,c6beeca100142be4,0,0
2457,2457,0,0000208,05,2,2,3,0000000000000000,0,3,3,fa0d42f73ca785b2,0,1,ffffffffffffffff,c6beeca100142be4,c6beeca100142be4,0,0
2458,2458,0,000020c,05,2,2,3,0000000000000000,0,3,3,fa0d42f73ca785b2,0,1,9710811b505547b1,c6beeca100142be4,c6beeca100142be4,0,0
2459,2459,0,0000000,00,3,3,3,0000000000000000,0,0,3,fa0d42f73ca785b2,0,1,42f73ca785b247b1,c6beeca100142be4,c6beeca100142be4,0,0
2460,2460,0,0000000,00,3,3,3,0000000000000000,3,0,3,fa0d42f73ca785b2,0,1,0000000000000057,c6beeca100142be4,c6beeca100142be4,0,0
2461,2461,0,0000000,00,3,3,3,8e817b14482bbc51,3,0,3,fa0d42f73ca785b2,0,1,0000000000000000,c6beeca100142be4,c6beeca100142be4,0,0
2462,2462,0,0000000,00,3,3,3,c6c878160062bf53,3,0,3,fa0d42f73ca785b2,0,1,0000000000000000,c6beeca100142be4,c6beeca100142be4,0,0
2463,2463,0,0000210,05,2,2,3,4b9df69d8d3731d8,3,0,3,fa0d42f73ca785b2,0,1,0000000000000000,13e60419d54cc35c,13e60419d54cc35c,0,1
2464,2464,0,0000214,05,2,2,3,dc6365011ac9a244,3,0,3,fa0d42f73ca785b2,0,1,0000000000000000,9eb38a9258194dd7,9eb38a9258194dd7,0,1
2465,2465,0,0000218,05,2,2,3,5136eb8a979c2ccf,0,0,3,fa0d42f73ca785b2,0,1,0000000000000000,094d190ecfe7de4b,094d190ecfe7de4b,0,1
2466,2466,0,000021c,05,2,2,3,0000000000005136,0,0,3,fa0d42f73ca785b2,0,1,0000000000000000,8418978542b250c0,8418978542b250c0,0,1
2467,2467,0,0000220,05,2,2,3,0000000000000000,0,0,3,fa0d42f73ca785b2,0,1,0000000000000000,26b03e37e01af972,26b03e37e01af972,0,1
2468,2468,0,0000224,05,2,2,3,0000000000000000,0,3,3,fa0d42f73ca785b2,0,1,8e817b14482bbc51,abe5b0bc6d4f77f9,abe5b0bc6d4f77f9,0,1
2469,2469,0,0000228,05,2,2,3,0000000000000000,3,3,3,fa0d42f73ca785b2,0,1,c6c878160062bf53,3c1b2320fab1e465,3c1b2320fab1e465,0,1
2470,2470,0,000022c,05,2,2,3,f39e42383534857d,3,3,3,fa0d42f73ca785b2,0,1,4b9df69d8d3731d8,b14eadab77e46aee,b14eadab77e46aee,0,1
2471,2471,0,0000000,00,3,3,3,7ecbccb3b8610bf6,3,3,3,fa0d42f73ca785b2,0,1,dc6365011ac9a244,ac1298fd6ab85fb8,ac1298fd6ab85fb8,0,0
2472,2472,0,0000000,00,3,3,3,e9355f2f2f9f986a,3,3,3,fa0d42f73ca785b2,0,1,5136eb8a979c2ccf,ac1298fd6ab85fb8,ac1298fd6ab85fb8,0,0
2473,2473,0,0000000,00,3,3,3,6460d1a4a2ca16e1,3,0,3,fa0d42f73ca785b2,0,1,0000000000005136,ac1298fd6ab85fb8,ac1298fd6ab85fb8,0,0
2474,2474,0,0000000,00,3,3,3,ac640c4a6acecb0f,3,0,3,e5193ea223b3f9e7,0,1,0000000000000000,ac1298fd6ab85fb8,ac1298fd6ab85fb8,0,0
2475,2475,0,0000000,00,3,3,3,213182c1e79b4584,3,0,3,e5193ea223b3f9e7,0,1,0000000000000000,ac1298fd6ab85fb8,ac1298fd6ab85fb8,0,0
2476,2476,0,0000000,00,3,3,3,b6cf115d7065d618,3,0,3,e5193ea223b3f9e7,0,1,0000000000000000,ac1298fd6ab85fb8,ac1298fd6ab85fb8,0,0
2477,2477,0,0000000,00,3,3,3,3b9a9fd6fd305893,0,3,3,e5193ea223b3f9e7,0,1,f39e42383534857d,ac1298fd6ab85fb8,ac1298fd6ab85fb8,0,0
2478,2478,0,0000000,00,3,3,3,0000000000003b9a,0,3,3,e5193ea223b3f9e7,0,1,7ecbccb3b8610bf6,ac1298fd6ab85fb8,ac1298fd6ab85fb8,0,0
2479,2479,0,0000000,00,3,3,3,0000000000000000,0,3,3,e5193ea223b3f9e7,0,1,e9355f2f2f9f986a,ac1298fd6ab85fb8,ac1298fd6ab85fb8,0,0
2480,2480,0,0000000,00,3,3,3,0000000000000000,0,3,3,e5193ea223b3f9e7,0,1,6460d1a4a2ca16e1,ac1298fd6ab85fb8,ac1298fd6ab85fb8,0,0
2481,2481,0,0000000,00,3,3,3,0000000000000000,0,3,3,e5193ea223b3f9e7,0,1,ac640c4a6acecb0f,ac1298fd6ab85fb8,ac1298fd6ab85fb8,0,0
2482,2482,0,0000000,00,3,3,3,0000000000000000,0,3,3,e5193ea223b3f9e7,0,1,213182c1e79b4584,ac1298fd6ab85fb8,ac1298fd6ab85fb8,0,0
2483,2483,0,0000070,00,2,2,3,0000000000000000,0,3,2,e5193ea223b3f9e7,3,1,b6cf115d7065d618,ac1298fd6ab85fb8,ac1298fd6ab85fb8,0,0
2484,2484,0,0000230,05,2,2,3,0000000000000000,0,3,3,684cb029aee6776c,0,1,3b9a9fd6fd305893,794a7045bfe0b700,794a7045bfe0b700,0,1
2485,2485,0,0000234,05,2,2,3,0000000000000000,0,0,3,684cb029aee6776c,0,1,0000000000003b9a,f41ffece32b5398b,f41ffece32b5398b,0,1
2486,2486,0,0000238,05,2,2,3,0000000000000000,0,0,3,684cb029aee6776c,0,1,0000000000000000,63e16d52a54baa17,63e16d52a54baa17,0,1
2487,2487,0,0000074,00,2,2,3,0000000000000000,0,0,2,684cb029aee6776c,3,1,0000000000000000,eeb4e3d9281e249c,eeb4e3d9281e249c,0,1
2488,2488,0,0000000,00,3,3,3,0000000000000000,0,0,3,e0a65fe0260c98a5,0,1,0000000000000000,4c1c4a6b8ab68d2e,4c1c4a6b8ab68d2e,0,1
2489,2489,0,0000000,00,3,3,3,3ea223b3f9e7e519,0,0,3,e0a65fe0260c98a5,0,1,0000000000000000,ffffffffffffffff,c149c4e007e303a5,1,1
2490,2490,0,0000000,00,3,3,3,b029aee6776ce519,3,0,3,e0a65fe0260c98a5,0,1,0000000000000000,c475c44a033002e0,56b7577c901d9039,1,1
2491,2491,0,0000000,00,3,3,3,993236645f98f121,3,0,3,e0a65fe0260c98a5,0,1,0000000000000000,dbe2d9f71d481eb2,dbe2d9f71d481eb2,0,1
2492,2492,0,0000000,00,3,3,3,ffffffffffffffff,3,0,3,e0a65fe0260c98a5,0,1,0000000000000000,13e60419d54cc35c,13e60419d54cc35c,0,0
2493,2493,0,0000000,00,3,3,3,b029aee6776c684c,0,0,3,e0a65fe0260c98a5,0,1,0000000000000000,13e60419d54cc35c,13e60419d54cc35c,0,0
2494,2494,0,0000000,00,3,3,3,5fe0260c98a5684c,0,0,3,e0a65fe0260c98a5,0,1,0000000000000000,13e60419d54cc35c,13e60419d54cc35c,0,0
2495,2495,0,0000000,00,3,3,3,0000000000000040,0,0,3,e0a65fe0260c98a5,0,1,0000000000000000,13e60419d54cc35c,13e60419d54cc35c,0,0
2496,2496,0,000023c,05,2,2,3,0000000000000000,0,0,3,e0a65fe0260c98a5,0,1,3ea223b3f9e7e519,13e60419d54cc35c,13e60419d54cc35c,0,0
2497,2497,0,0000240,05,2,2,3,0000000000000000,0,0,3,e0a65fe0260c98a5,0,1,b029aee6776ce519,13e60419d54cc35c,13e60419d54cc35c,0,0
2498,2498,0,0000244,05,2,2,3,0000000000000000,0,3,3,e0a65fe0260c98a5,0,1,993236645f98f121,13e60419d54cc35c,13e60419d54cc35c,0,0
2499,2499,0,0000248,05,2,2,3,0000000000000000,0,3,3,e0a65fe0260c98a5,0,1,ffffffffffffffff,13e60419d54cc35c,13e60419d54cc35c,0,0
2500,2500,0,000024c,05,2,2,3,0000000000000000,0,3,3,e0a65fe0260c98a5,0,1,b029aee6776c684c,13e60419d54cc35c,13e60419d54cc35c,0,0
2501,2501,0,0000000,00,3,3,3,0000000000000000,0,0,3,e0a65fe0260c98a5,0,1,5fe0260c98a5684c,13e60419d54cc35c,13e60419d54cc35c,0,0
2502,2502,0,0000000,00,3,3,3,0000000000000000,3,0,3,e0a65fe0260c98a5,0,1,0000000000000040,13e60419d54cc35c,13e60419d54cc35c,0,0
2503,2503,0,0000000,00,3,3,3,0ecca5f8c86662bd,3,0,3,e0a65fe0260c98a5,0,1,0000000000000000,13e60419d54cc35c,13e60419d54cc35c,0,0
2504,2504,0,0000000,00,3,3,3,139090aed53a57eb,3,0,3,e0a65fe0260c98a5,0,1,0000000000000000,13e60419d54cc35c,13e60419d54cc35c,0,0
2505,2505,0,0000250,05,2,2,3,9ec51e25586fd960,3,0,3,e0a65fe0260c98a5,0,1,0000000000000000,396c9f33ffc65876,396c9f33ffc65876,0,1
2506,2506,0,0000254,05,2,2,3,093b8db9cf914afc,3,0,3,e0a65fe0260c98a5,0,1,0000000000000000,b43911b87293d6fd,b43911b87293d6fd,0,1
2507,2507,0,0000258,05,2,2,3,846e033242c4c477,0,0,3,e0a65fe0260c98a5,0,1,0000000000000000,23c78224e56d4561,23c78224e56d4561,0,1
2508,2508,0,000025c,05,2,2,3,000000000000846e,0,0,3,e0a65fe0260c98a5,0,1,0000000000000000,ae920caf6838cbea,ae920caf6838cbea,0,1
2509,2509,0,0000260,05,2,2,3,0000000000000000,0,0,3,e0a65fe0260c98a5,0,1,0000000000000000,0c3aa51dca906258,0c3aa51dca906258,0,1
2510,2510,0,0000264,05,2,2,3,0000000000000000,0,3,3,e0a65fe0260c98a5,0,1,0ecca5f8c86662bd,816f2b9647c5ecd3,816f2b9647c5ecd3,0,1
2511,2511,0,0000268,05,2,2,3,0000000000000000,3,3,3,e0a65fe0260c98a5,0,1,139090aed53a57eb,1691b80ad03b7f4f,1691b80ad03b7f4f,0,1
2512,2512,0,000026c,05,2,2,3,26c6aa80e06c6dc5,3,3,3,e0a65fe0260c98a5,0,1,9ec51e25586fd960,9bc436815d6ef1c4,9bc436815d6ef1c4,0,1
2513,2513,0,0000000,00,3,3,3,ab93240b6d39e34e,3,3,3,e0a65fe0260c98a5,0,1,093b8db9cf914afc,794a7045bfe0b700,794a7045bfe0b700,0,0
2514,2514,0,0000000,00,3,3,3,3c6db797fac770d2,3,3,3,e0a65fe0260c98a5,0,1,846e033242c4c477,794a7045bfe0b700,794a7045bfe0b700,0,0
2515,2515,0,0000000,00,3,3,3,b138391c7792fe59,3,0,3,e0a65fe0260c98a5,0,1,000000000000846e,794a7045bfe0b700,794a7045bfe0b700,0,0
2516,2516,0,0000000,00,3,3,3,793ce4f2bf9623b7,3,0,3,ffb223b53918e4f0,0,1,0000000000000000,794a7045bfe0b700,794a7045bfe0b700,0,0
2517,2517,0,0000000,00,3,3,3,f4696a7932c3ad3c,3,0,3,ffb223b53918e4f0,0,1,0000000000000000,794a7045bfe0b700,794a7045bfe0b700,0,0
2518,2518,0,0000000,00,3,3,3,6397f9e5a53d3ea0,3,0,3,ffb223b53918e4f0,0,1,0000000000000000,794a7045bfe0b700,794a7045bfe0b700,0,0
2519,2519,0,0000000,00,3,3,3,eec2776e2868b02b,0,3,3,ffb223b53918e4f0,0,1,26c6aa80e06c6dc5,794a7045bfe0b700,794a7045bfe0b700,0,0
2520,2520,0,0000000,00,3,3,3,000000000000eec2,0,3,3,ffb223b53918e4f0,0,1,ab93240b6d39e34e,794a7045bfe0b700,794a7045bfe0b700,0,0
2521,2521,0,0000000,00,3,3,3,0000000000000000,0,3,3,ffb223b53918e4f0,0,1,3c6db797fac770d2,794a7045bfe0b700,794a7045bfe0b700,0,0
2522,2522,0,0000000,00,3,3,3,0000000000000000,0,3,3,ffb223b53918e4f0,0,1,b138391c7792fe59,794a7045bfe0b700,794a7045bfe0b700,0,0
2523,2523,0,0000000,00,3,3,3,0000000000000000,0,3,3,ffb223b53918e4f0,0,1,793ce4f2bf9623b7,794a7045bfe0b700,794a7045bfe0b700,0,0
2524,2524,0,0000000,00,3,3,3,0000000000000000,0,3,3,ffb223b53918e4f0,0,1,f4696a7932c3ad3c,794a7045bfe0b700,794a7045bfe0b700,0,0
2525,2525,0,0000078,00,2,2,3,0000000000000000,0,3,2,ffb223b53918e4f0,3,1,6397f9e5a53d3ea0,794a7045bfe0b700,794a7045bfe0b700,0,0
2526,2526,0,0000270,05,2,2,3,0000000000000000,0,3,3,72e7ad3eb44d6a7b,0,1,eec2776e2868b02b,53c0eb6f956a2c2a,53c0eb6f956a2c2a,0,1
2527,2527,0,0000274,05,2,2,3,0000000000000000,0,0,3,72e7ad3eb44d6a7b,0,1,000000000000eec2,de9565e4183fa2a1,de9565e4183fa2a1,0,1
2528,2528,0,0000278,05,2,2,3,0000000000000000,0,0,3,72e7ad3eb44d6a7b,0,1,0000000000000000,496bf6788fc1313d,496bf6788fc1313d,0,1
2529,2529,0,000007c,00,2,2,3,0000000000000000,0,0,2,72e7ad3eb44d6a7b,3,1,0000000000000000,c43e78f30294bfb6,c43e78f30294bfb6,0,1
2530,2530,0,0000000,00,3,3,3,0000000000000000,0,0,3,6fbb9868a9115f2d,0,1,0000000000000000,6696d141a03c1604,6696d141a03c1604,0,1
2531,2531,0,0000000,00,3,3,3,23b53918e4f0ffb2,0,0,3,6fbb9868a9115f2d,0,1,0000000000000000,ebc35fca2d69988f,ebc35fca2d69988f,0,1
2532,2532,0,0000000,00,3,3,3,ad3eb44d6a7bffb2,3,0,3,6fbb9868a9115f2d,0,1,0000000000000000,7c3dcc56ba970b13,7c3dcc56ba970b13,0,1
2533,2533,0,0000000,00,3,3,3,4c6adedc8ac01999,3,0,3,6fbb9868a9115f2d,0,1,0000000000000000,f16842dd37c28598,f16842dd37c28598,0,1
2534,2534,0,0000000,00,3,3,3,ffffffffffffffff,3,0,3,6fbb9868a9115f2d,0,1,0000000000000000,396c9f33ffc65876,396c9f33ffc65876,0,0
2535,2535,0,0000000,00,3,3,3,ad3eb44d6a7b72e7,0,0,3,6fbb9868a9115f2d,0,1,0000000000000000,396c9f33ffc65876,396c9f33ffc65876,0,0
2536,2536,0,0000000,00,3,3,3,9868a9115f2d72e7,0,0,3,6fbb9868a9115f2d,0,1,0000000000000000,396c9f33ffc65876,396c9f33ffc65876,0,0
2537,2537,0,0000000,00,3,3,3,0000000000000048,0,0,3,6fbb9868a9115f2d,0,1,0000000000000000,396c9f33ffc65876,396c9f33ffc65876,0,0
2538,2538,0,000027c,05,2,2,3,0000000000000000,0,0,3,6fbb9868a9115f2d,0,1,23b53918e4f0ffb2,396c9f33ffc65876,396c9f33ffc65876,0,0
2539,2539,0,0000280,05,2,2,3,0000000000000000,0,0,3,6fbb9868a9115f2d,0,1,ad3eb44d6a7bffb2,396c9f33ffc65876,396c9f33ffc65876,0,0
2540,2540,0,0000284,05,2,2,3,0000000000000000,0,3,3,6fbb9868a9115f2d,0,1,4c6adedc8ac01999,396c9f33ffc65876,396c9f33ffc65876,0,0
2541,2541,0,0000288,05,2,2,3,0000000000000000,0,3,3,6fbb9868a9115f2d,0,1,ffffffffffffffff,396c9f33ffc65876,396c9f33ffc65876,0,0
2542,2542,0,000028c,05,2,2,3,0000000000000000,0,3,3,6fbb9868a9115f2d,0,1,ad3eb44d6a7b72e7,396c9f33ffc65876,396c9f33ffc65876,0,0
2543,2543,0,0000000,00,3,3,3,0000000000000000,0,0,3,6fbb9868a9115f2d,0,1,9868a9115f2d72e7,396c9f33ffc65876,396c9f33ffc65876,0,0
2544,2544,0,0000000,00,3,3,3,0000000000000000,3,0,3,6fbb9868a9115f2d,0,1,0000000000000048,396c9f33ffc65876,396c9f33ffc65876,0,0
2545,2545,0,0000000,00,3,3,3,db944d401d3e8a05,3,0,3,6fbb9868a9115f2d,0,1,0000000000000000,396c9f33ffc65876,396c9f33ffc65876,0,0
2546,2546,0,0000000,00,3,3,3,6c79a967aad36e22,3,0,3,6fbb9868a9115f2d,0,1,0000000000000000,396c9f33ffc65876,396c9f33ffc65876,0,0
2547,2547,0,0000290,05,2,2,3,e12c27ec2786e0a9,3,0,3,6fbb9868a9115f2d,0,1,0000000000000000,ec34778b2a9eb0ce,ec34778b2a9eb0ce,0,1
2548,2548,0,0000294,05,2,2,3,76d2b470b0787335,3,0,3,6fbb9868a9115f2d,0,1,0000000000000000,6161f900a7cb3e45,6161f900a7cb3e45,0,1
2549,2549,0,0000298,05,2,2,3,fb873afb3d2dfdbe,0,0,3,6fbb9868a9115f2d,0,1,0000000000000000,f69f6a9c3035add9,f69f6a9c3035add9,0,1
2550,2550,0,000029c,05,2,2,3,000000000000fb87,0,0,3,6fbb9868a9115f2d,0,1,0000000000000000,7bcae417bd602352,7bcae417bd602352,0,1
2551,2551,0,00002a0,05,2,2,3,0000000000000000,0,0,3,6fbb9868a9115f2d,0,1,0000000000000000,d9624da51fc88ae0,d9624da51fc88ae0,0,1
2552,2552,0,00002a4,05,2,2,3,0000000000000000,0,3,3,6fbb9868a9115f2d,0,1,db944d401d3e8a05,5437c32e929d046b,5437c32e929d046b,0,1
2553,2553,0,00002a8,05,2,2,3,0000000000000000,3,3,3,6fbb9868a9115f2d,0,1,6c79a967aad36e22,c3c950b2056397f7,c3c950b2056397f7,0,1
2554,2554,0,00002ac,05,2,2,3,592f93499f85540c,3,3,3,6fbb9868a9115f2d,0,1,e12c27ec2786e0a9,4e9cde398836197c,4e9cde398836197c,0,1
2555,2555,0,0000000,00,3,3,3,d47a1dc212d0da87,3,3,3,6fbb9868a9115f2d,0,1,76d2b470b0787335,53c0eb6f956a2c2a,53c0eb6f956a2c2a,0,0
2556,2556,0,0000000,00,3,3,3,43848e5e852e491b,3,3,3,6fbb9868a9115f2d,0,1,fb873afb3d2dfdbe,53c0eb6f956a2c2a,53c0eb6f956a2c2a,0,0
2557,2557,0,0000000,00,3,3,3,ced100d5087bc790,3,0,3,6fbb9868a9115f2d,0,1,000000000000fb87,53c0eb6f956a2c2a,53c0eb6f956a2c2a,0,0
2558,2558,0,0000000,00,3,3,3,06d5dd3bc07f1a7e,3,0,3,c50a491903a08e5c,0,1,0000000000000000,53c0eb6f956a2c2a,53c0eb6f956a2c2a,0,0
2559,2559,0,0000000,00,3,3,3,8b8053b04d2a94f5,3,0,3,c50a491903a08e5c,0,1,0000000000000000,53c0eb6f956a2c2a,53c0eb6f956a2c2a,0,0
2560,2560,0,0000000,00,3,3,3,1c7ec02cdad40769,3,0,3,c50a491903a08e5c,0,1,0000000000000000,53c0eb6f956a2c2a,53c0eb6f956a2c2a,0,0
2561,2561,0,0000000,00,3,3,3,912b4ea7578189e2,0,3,3,c50a491903a08e5c,0,1,592f93499f85540c,53c0eb6f956a2c2a,53c0eb6f956a2c2a,0,0
2562,2562,0,0000000,00,3,3,3,000000000000912b,0,3,3,c50a491903a08e5c,0,1,d47a1dc212d0da87,53c0eb6f956a2c2a,53c0eb6f956a2c2a,0,0
2563,2563,0,0000000,00,3,3,3,0000000000000000,0,3,3,c50a491903a08e5c,0,1,43848e5e852e491b,53c0eb6f956a2c2a,53c0eb6f956a2c2a,0,0
2564,2564,0,0000000,00,3,3,3,0000000000000000,0,3,3,c50a491903a08e5c,0,1,ced100d5087bc790,53c0eb6f956a2c2a,53c0eb6f956a2c2a,0,0
2565,2565,0,0000000,00,3,3,3,0000000000000000,0,3,3,c50a491903a08e5c,0,1,06d5dd3bc07f1a7e,53c0eb6f956a2c2a,53c0eb6f956a2c2a,0,0
2566,2566,0,0000000,00,3,3,3,0000000000000000,0,3,3,c50a491903a08e5c,0,1,8b8053b04d2a94f5,53c0eb6f956a2c2a,53c0eb6f956a2c2a,0,0
2567,2567,0,0000080,00,2,2,3,0000000000000000,0,3,2,c50a491903a08e5c,3,1,1c7ec02cdad40769,53c0eb6f956a2c2a,53c0eb6f956a2c2a,0,0
2568,2568,0,00002b0,05,2,2,3,0000000000000000,0,3,3,485fc7928ef500d7,0,1,912b4ea7578189e2,869803d74032c492,869803d74032c492,0,1
2569,2569,0,00002b4,05,2,2,3,0000000000000000,0,0,3,485fc7928ef500d7,0,1,000000000000912b,0bcd8d5ccd674a19,0bcd8d5ccd674a19,0,1
2570,2570,0,00002b8,05,2,2,3,0000000000000000,0,0,3,485fc7928ef500d7,0,1,0000000000000000,9c331ec05a99d985,9c331ec05a99d985,0,1
2571,2571,0,0000084,00,2,2,3,0000000000000000,0,0,2,485fc7928ef500d7,3,1,0000000000000000,1166904bd7cc570e,1166904bd7cc570e,0,1
2572,2572,0,0000000,00,3,3,3,0000000000000000,0,0,3,7510857fb3ba423a,0,1,0000000000000000,b3ce39f97564febc,b3ce39f97564febc,0,1
2573,2573,0,0000000,00,3,3,3,491903a08e5cc50a,0,0,3,7510857fb3ba423a,0,1,0000000000000000,ffffffffffffffff,3e9bb772f8317037,1,1
2574,2574,0,0000000,00,3,3,3,c7928ef500d7c50a,3,0,3,7510857fb3ba423a,0,1,0000000000000000,d962dee11e27184b,a96524ee6fcfe3ab,1,1
2575,2575,0,0000000,00,3,3,3,3383e715f5292050,3,0,3,7510857fb3ba423a,0,1,0000000000000000,2430aa65e29a6d20,2430aa65e29a6d20,0,1
2576,2576,0,0000000,00,3,3,3,ffffffffffffffff,3,0,3,7510857fb3ba423a,0,1,0000000000000000,ec34778b2a9eb0ce,ec34778b2a9eb0ce,0,0
2577,2577,0,0000000,00,3,3,3,c7928ef500d7485f,0,0,3,7510857fb3ba423a,0,1,0000000000000000,ec34778b2a9eb0ce,ec34778b2a9eb0ce,0,0
2578,2578,0,0000000,00,3,3,3,857fb3ba423a485f,0,0,3,7510857fb3ba423a,0,1,0000000000000000,ec34778b2a9eb0ce,ec34778b2a9eb0ce,0,0
2579,2579,0,0000000,00,3,3,3,000000000000005d,0,0,3,7510857fb3ba423a,0,1,0000000000000000,ec34778b2a9eb0ce,ec34778b2a9eb0ce,0,0
2580,2580,0,00002bc,05,2,2,3,0000000000000000,0,0,3,7510857fb3ba423a,0,1,491903a08e5cc50a,ec34778b2a9eb0ce,ec34778b2a9eb0ce,0,0
2581,2581,0,00002c0,05,2,2,3,0000000000000000,0,0,3,7510857fb3ba423a,0,1,c7928ef500d7c50a,ec34778b2a9eb0ce,ec34778b2a9eb0ce,0,0
2582,2582,0,00002c4,05,2,2,3,0000000000000000,0,3,3,7510857fb3ba423a,0,1,3383e715f5292050,ec34778b2a9eb0ce,ec34778b2a9eb0ce,0,0
2583,2583,0,00002c8,05,2,2,3,0000000000000000,0,3,3,7510857fb3ba423a,0,1,ffffffffffffffff,ec34778b2a9eb0ce,ec34778b2a9eb0ce,0,0
2584,2584,0,00002cc,05,2,2,3,0000000000000000,0,3,3,7510857fb3ba423a,0,1,c7928ef500d7485f,ec34778b2a9eb0ce,ec34778b2a9eb0ce,0,0
2585,2585,0,0000000,00,3,3,3,0000000000000000,0,0,3,7510857fb3ba423a,0,1,857fb3ba423a485f,ec34778b2a9eb0ce,ec34778b2a9eb0ce,0,0
2586,2586,0,0000000,00,3,3,3,0000000000000000,3,0,3,7510857fb3ba423a,0,1,000000000000005d,ec34778b2a9eb0ce,ec34778b2a9eb0ce,0,0
2587,2587,0,0000000,00,3,3,3,a47d748962d7b3cc,3,0,3,7510857fb3ba423a,0,1,0000000000000000,ec34778b2a9eb0ce,ec34778b2a9eb0ce,0,0
2588,2588,0,0000000,00,3,3,3,b92141df7f8b869a,3,0,3,7510857fb3ba423a,0,1,0000000000000000,ec34778b2a9eb0ce,ec34778b2a9eb0ce,0,0
2589,2589,0,00002d0,05,2,2,3,3474cf54f2de0811,3,0,3,7510857fb3ba423a,0,1,0000000000000000,93dd4e4255778907,93dd4e4255778907,0,1
2590,2590,0,00002d4,05,2,2,3,a38a5cc865209b8d,3,0,3,7510857fb3ba423a,0,1,0000000000000000,1e88c0c9d822078c,1e88c0c9d822078c,0,1
2591,2591,0,00002d8,05,2,2,3,2edfd243e8751506,0,0,3,7510857fb3ba423a,0,1,0000000000000000,897653554fdc9410,897653554fdc9410,0,1
2592,2592,0,00002dc,05,2,2,3,0000000000002edf,0,0,3,7510857fb3ba423a,0,1,0000000000000000,0423dddec2891a9b,0423dddec2891a9b,0,1
2593,2593,0,00002e0,05,2,2,3,0000000000000000,0,0,3,7510857fb3ba423a,0,1,0000000000000000,a68b746c6021b329,a68b746c6021b329,0,1
2594,2594,0,00002e4,05,2,2,3,0000000000000000,0,3,3,7510857fb3ba423a,0,1,a47d748962d7b3cc,2bdefae7ed743da2,2bdefae7ed743da2,0,1
2595,2595,0,00002e8,05,2,2,3,0000000000000000,3,3,3,7510857fb3ba423a,0,1,b92141df7f8b869a,bc20697b7a8aae3e,bc20697b7a8aae3e,0,1
2596,2596,0,00002ec,05,2,2,3,8c777bf14addbcb4,3,3,3,7510857fb3ba423a,0,1,3474cf54f2de0811,3175e7f0f7df20b5,3175e7f0f7df20b5,0,1
2597,2597,0,0000000,00,3,3,3,0122f57ac788323f,3,3,3,7510857fb3ba423a,0,1,a38a5cc865209b8d,869803d74032c492,869803d74032c492,0,0
2598,2598,0,0000000,00,3,3,3,96dc66e65076a1a3,3,3,3,7510857fb3ba423a,0,1,2edfd243e8751506,869803d74032c492,869803d74032c492,0,0
2599,2599,0,0000000,00,3,3,3,1b89e86ddd232f28,3,0,3,7510857fb3ba423a,0,1,0000000000002edf,869803d74032c492,869803d74032c492,0,0
2600,2600,0,0000000,00,3,3,3,d38d35831527f2c6,3,0,3,dfa1540e190b934b,0,1,0000000000000000,869803d74032c492,869803d74032c492,0,0
2601,2601,0,0000000,00,3,3,3,5ed8bb0898727c4d,3,0,3,dfa1540e190b934b,0,1,0000000000000000,869803d74032c492,869803d74032c492,0,0
2602,2602,0,0000000,00,3,3,3,c92628940f8cefd1,3,0,3,dfa1540e190b934b,0,1,0000000000000000,869803d74032c492,869803d74032c492,0,0
2603,2603,0,0000000,00,3,3,3,4473a61f82d9615a,0,3,3,dfa1540e190b934b,0,1,8c777bf14addbcb4,869803d74032c492,869803d74032c492,0,0
2604,2604,0,0000000,00,3,3,3,0000000000004473,0,3,3,dfa1540e190b934b,0,1,0122f57ac788323f,869803d74032c492,869803d74032c492,0,0
2605,2605,0,0000000,00,3,3,3,0000000000000000,0,3,3,dfa1540e190b934b,0,1,96dc66e65076a1a3,869803d74032c492,869803d74032c492,0,0
2606,2606,0,0000000,00,3,3,3,0000000000000000,0,3,3,dfa1540e190b934b,0,1,1b89e86ddd232f28,869803d74032c492,869803d74032c492,0,0
2607,2607,0,0000000,00,3,3,3,0000000000000000,0,3,3,dfa1540e190b934b,0,1,d38d35831527f2c6,869803d74032c492,869803d74032c492,0,0
2608,2608,0,0000000,00,3,3,3,0000000000000000,0,3,3,dfa1540e190b934b,0,1,5ed8bb0898727c4d,869803d74032c492,869803d74032c492,0,0
2609,2609,0,0000088,00,2,2,3,0000000000000000,0,3,2,dfa1540e190b934b,3,1,c92628940f8cefd1,869803d74032c492,869803d74032c492,0,0
2610,2610,0,00002f0,05,2,2,3,0000000000000000,0,3,3,52f4da85945e1dc0,0,1,4473a61f82d9615a,f9713a1e3fdbfd5b,f9713a1e3fdbfd5b,0,1
2611,2611,0,00002f4,05,2,2,3,0000000000000000,0,0,3,52f4da85945e1dc0,0,1,0000000000004473,7424b495b28e73d0,7424b495b28e73d0,0,1
2612,2612,0,00002f8,05,2,2,3,0000000000000000,0,0,3,52f4da85945e1dc0,0,1,0000000000000000,e3da27092570e04c,e3da27092570e04c,0,1
2613,2613,0,000008c,00,2,2,3,0000000000000000,0,0,2,52f4da85945e1dc0,3,1,0000000000000000,6e8fa982a8256ec7,6e8fa982a8256ec7,0,1
2614,2614,0,0000000,00,3,3,3,0000000000000000,0,0,3,5aeda2469c476503,0,1,0000000000000000,cc2700300a8dc775,cc2700300a8dc775,0,1
2615,2615,0,0000000,00,3,3,3,540e190b934bdfa1,0,0,3,5aeda2469c476503,0,1,0000000000000000,ffffffffffffffff,41728ebb87d849fe,1,1
2616,2616,0,0000000,00,3,3,3,da85945e1dc0dfa1,3,0,3,5aeda2469c476503,0,1,0000000000000000,8a079bb04d425d1a,d68c1d271026da62,1,1
2617,2617,0,0000000,00,3,3,3,e6db0fad2071c8e8,3,0,3,5aeda2469c476503,0,1,0000000000000000,5bd993ac9d7354e9,5bd993ac9d7354e9,0,1
2618,2618,0,0000000,00,3,3,3,ffffffffffffffff,3,0,3,5aeda2469c476503,0,1,0000000000000000,93dd4e4255778907,93dd4e4255778907,0,0
2619,2619,0,0000000,00,3,3,3,da85945e1dc052f4,0,0,3,5aeda2469c476503,0,1,0000000000000000,93dd4e4255778907,93dd4e4255778907,0,0
2620,2620,0,0000000,00,3,3,3,a2469c47650352f4,0,0,3,5aeda2469c476503,0,1,0000000000000000,93dd4e4255778907,93dd4e4255778907,0,0
2621,2621,0,0000000,00,3,3,3,0000000000000046,0,0,3,5aeda2469c476503,0,1,0000000000000000,93dd4e4255778907,93dd4e4255778907,0,0
2622,2622,0,00002fc,05,2,2,3,0000000000000000,0,0,3,5aeda2469c476503,0,1,540e190b934bdfa1,93dd4e4255778907,93dd4e4255778907,0,0
2623,2623,0,0000300,05,2,2,3,0000000000000000,0,0,3,5aeda2469c476503,0,1,da85945e1dc0dfa1,93dd4e4255778907,93dd4e4255778907,0,0
2624,2624,0,0000304,05,2,2,3,0000000000000000,0,3,3,5aeda2469c476503,0,1,e6db0fad2071c8e8,93dd4e4255778907,93dd4e4255778907,0,0
2625,2625,0,0000308,05,2,2,3,0000000000000000,0,3,3,5aeda2469c476503,0,1,ffffffffffffffff,93dd4e4255778907,93dd4e4255778907,0,0
2626,2626,0,000030c,05,2,2,3,0000000000000000,0,3,3,5aeda2469c476503,0,1,da85945e1dc052f4,93dd4e4255778907,93dd4e4255778907,0,0
2627,2627,0,0000000,00,3,3,3,0000000000000000,0,0,3,5aeda2469c476503,0,1,a2469c47650352f4,93dd4e4255778907,93dd4e4255778907,0,0
2628,2628,0,0000000,00,3,3,3,0000000000000000,3,0,3,5aeda2469c476503,0,1,0000000000000046,93dd4e4255778907,93dd4e4255778907,0,0
2629,2629,0,0000000,00,3,3,3,71259c31b78f5b74,3,0,3,5aeda2469c476503,0,1,0000000000000000,93dd4e4255778907,93dd4e4255778907,0,0
2630,2630,0,0000000,00,3,3,3,93abdaf555011db0,3,0,3,5aeda2469c476503,0,1,0000000000000000,93dd4e4255778907,93dd4e4255778907,0,0
2631,2631,0,0000310,05,2,2,3,1efe547ed854933b,3,0,3,5aeda2469c476503,0,1,0000000000000000,4685a6fa802f61bf,4685a6fa802f61bf,0,1
2632,2632,0,0000314,05,2,2,3,8900c7e24faa00a7,3,0,3,5aeda2469c476503,0,1,0000000000000000,cbd028710d7aef34,cbd028710d7aef34,0,1
2633,2633,0,0000318,05,2,2,3,04554969c2ff8e2c,0,0,3,5aeda2469c476503,0,1,0000000000000000,5c2ebbed9a847ca8,5c2ebbed9a847ca8,0,1
2634,2634,0,000031c,05,2,2,3,0000000000000455,0,0,3,5aeda2469c476503,0,1,0000000000000000,d17b356617d1f223,d17b356617d1f223,0,1
2635,2635,0,0000320,05,2,2,3,0000000000000000,0,0,3,5aeda2469c476503,0,1,0000000000000000,73d39cd4b5795b91,73d39cd4b5795b91,0,1
2636,2636,0,0000324,05,2,2,3,0000000000000000,0,3,3,5aeda2469c476503,0,1,71259c31b78f5b74,fe86125f382cd51a,fe86125f382cd51a,0,1
2637,2637,0,0000328,05,2,2,3,0000000000000000,3,3,3,5aeda2469c476503,0,1,93abdaf555011db0,697881c3afd24686,697881c3afd24686,0,1
2638,2638,0,000032c,05,2,2,3,a6fde0db6057279e,3,3,3,5aeda2469c476503,0,1,1efe547ed854933b,e42d0f482287c80d,e42d0f482287c80d,0,1
2639,2639,0,0000000,00,3,3,3,2ba86e50ed02a915,3,3,3,5aeda2469c476503,0,1,8900c7e24faa00a7,f9713a1e3fdbfd5b,f9713a1e3fdbfd5b,0,0
2640,2640,0,0000000,00,3,3,3,bc56fdcc7afc3a89,3,3,3,5aeda2469c476503,0,1,04554969c2ff8e2c,f9713a1e3fdbfd5b,f9713a1e3fdbfd5b,0,0
2641,2641,0,0000000,00,3,3,3,31037347f7a9b402,3,0,3,5aeda2469c476503,0,1,0000000000000455,f9713a1e3fdbfd5b,f9713a1e3fdbfd5b,0,0
2642,2642,0,0000000,00,3,3,3,f907aea93fad69ec,3,0,3,f05c733736f6b472,0,1,0000000000000000,f9713a1e3fdbfd5b,f9713a1e3fdbfd5b,0,0
2643,2643,0,0000000,00,3,3,3,74522022b2f8e767,3,0,3,f05c733736f6b472,0,1,0000000000000000,f9713a1e3fdbfd5b,f9713a1e3fdbfd5b,0,0
2644,2644,0,0000000,00,3,3,3,e3acb3be250674fb,3,0,3,f05c733736f6b472,0,1,0000000000000000,f9713a1e3fdbfd5b,f9713a1e3fdbfd5b,0,0
2645,2645,0,0000000,00,3,3,3,6ef93d35a853fa70,0,3,3,f05c733736f6b472,0,1,a6fde0db6057279e,f9713a1e3fdbfd5b,f9713a1e3fdbfd5b,0,0
2646,2646,0,0000000,00,3,3,3,0000000000006ef9,0,3,3,f05c733736f6b472,0,1,2ba86e50ed02a915,f9713a1e3fdbfd5b,f9713a1e3fdbfd5b,0,0
2647,2647,0,0000000,00,3,3,3,0000000000000000,0,3,3,f05c733736f6b472,0,1,bc56fdcc7afc3a89,f9713a1e3fdbfd5b,f9713a1e3fdbfd5b,0,0
2648,2648,0,0000000,00,3,3,3,0000000000000000,0,3,3,f05c733736f6b472,0,1,31037347f7a9b402,f9713a1e3fdbfd5b,f9713a1e3fdbfd5b,0,0
2649,2649,0,0000000,00,3,3,3,0000000000000000,0,3,3,f05c733736f6b472,0,1,f907aea93fad69ec,f9713a1e3fdbfd5b,f9713a1e3fdbfd5b,0,0
2650,2650,0,0000000,00,3,3,3,0000000000000000,0,3,3,f05c733736f6b472,0,1,74522022b2f8e767,f9713a1e3fdbfd5b,f9713a1e3fdbfd5b,0,0
2651,2651,0,0000090,00,2,2,3,0000000000000000,0,3,2,f05c733736f6b472,3,1,e3acb3be250674fb,f9713a1e3fdbfd5b,f9713a1e3fdbfd5b,0,0
2652,2652,0,0000330,05,2,2,3,0000000000000000,0,3,3,7d09fdbcbba33af9,0,1,6ef93d35a853fa70,2c29d2a6ea8315e3,2c29d2a6ea8315e3,0,1
2653,2653,0,0000334,05,2,2,3,0000000000000000,0,0,3,7d09fdbcbba33af9,0,1,0000000000006ef9,a17c5c2d67d69b68,a17c5c2d67d69b68,0,1
2654,2654,0,0000338,05,2,2,3,0000000000000000,0,0,3,7d09fdbcbba33af9,0,1,0000000000000000,3682cfb1f02808f4,3682cfb1f02808f4,0,1
2655,2655,0,0000094,00,2,2,3,0000000000000000,0,0,2,7d09fdbcbba33af9,3,1,0000000000000000,bbd7413a7d7d867f,bbd7413a7d7d867f,0,1
2656,2656,0,0000000,00,3,3,3,0000000000000000,0,0,3,4046bf5186ec7814,0,1,0000000000000000,197fe888dfd52fcd,197fe888dfd52fcd,0,1
2657,2657,0,0000000,00,3,3,3,733736f6b472f05c,0,0,3,4046bf5186ec7814,0,1,0000000000000000,ffffffffffffffff,942a66035280a146,1,1
2658,2658,0,0000000,00,3,3,3,fdbcbba33af9f05c,3,0,3,4046bf5186ec7814,0,1,0000000000000000,9710811b505547b1,03d4f59fc57e32da,1,1
2659,2659,0,0000000,00,3,3,3,cc5194870afb53c2,3,0,3,4046bf5186ec7814,0,1,0000000000000000,8e817b14482bbc51,8e817b14482bbc51,0,1
2660,2660,0,0000000,00,3,3,3,ffffffffffffffff,3,0,3,4046bf5186ec7814,0,1,0000000000000000,4685a6fa802f61bf,4685a6fa802f61bf,0,0
2661,2661,0,0000000,00,3,3,3,fdbcbba33af97d09,0,0,3,4046bf5186ec7814,0,1,0000000000000000,4685a6fa802f61bf,4685a6fa802f61bf,0,0
2662,2662,0,0000000,00,3,3,3,bf5186ec78147d09,0,0,3,4046bf5186ec7814,0,1,0000000000000000,4685a6fa802f61bf,4685a6fa802f61bf,0,0
2663,2663,0,0000000,00,3,3,3,0000000000000051,0,0,3,4046bf5186ec7814,0,1,0000000000000000,4685a6fa802f61bf,4685a6fa802f61bf,0,0
2664,2664,0,000033c,05,2,2,3,0000000000000000,0,0,3,4046bf5186ec7814,0,1,733736f6b472f05c,4685a6fa802f61bf,4685a6fa802f61bf,0,0
2665,2665,0,0000340,05,2,2,3,0000000000000000,0,0,3,4046bf5186ec7814,0,1,fdbcbba33af9f05c,4685a6fa802f61bf,4685a6fa802f61bf,0,0
2666,2666,0,0000344,05,2,2,3,0000000000000000,0,3,3,4046bf5186ec7814,0,1,cc5194870afb53c2,4685a6fa802f61bf,4685a6fa802f61bf,0,0
2667,2667,0,0000348,05,2,2,3,0000000000000000,0,3,3,4046bf5186ec7814,0,1,ffffffffffffffff,4685a6fa802f61bf,4685a6fa802f61bf,0,0
2668,2668,0,000034c,05,2,2,3,0000000000000000,0,3,3,4046bf5186ec7814,0,1,fdbcbba33af97d09,4685a6fa802f61bf,4685a6fa802f61bf,0,0
2669,2669,0,0000000,00,3,3,3,0000000000000000,0,0,3,4046bf5186ec7814,0,1,bf5186ec78147d09,4685a6fa802f61bf,4685a6fa802f61bf,0,0
2670,2670,0,0000000,00,3,3,3,0000000000000000,3,0,3,4046bf5186ec7814,0,1,0000000000000051,4685a6fa802f61bf,4685a6fa802f61bf,0,0
2671,2671,0,0000000,00,3,3,3,5baf071b9d05c05e,3,0,3,4046bf5186ec7814,0,1,0000000000000000,4685a6fa802f61bf,4685a6fa802f61bf,0,0
2672,2672,0,0000000,00,3,3,3,46f3324d8059f508,3,0,3,4046bf5186ec7814,0,1,0000000000000000,4685a6fa802f61bf,4685a6fa802f61bf,0,0
2673,2673,0,0000350,05,2,2,3,cba6bcc60d0c7b83,3,0,3,4046bf5186ec7814,0,1,0000000000000000,c6c878160062bf53,c6c878160062bf53,0,1
2674,2674,0,0000354,05,2,2,3,5c582f5a9af2e81f,3,0,3,4046bf5186ec7814,0,1,0000000000000000,4b9df69d8d3731d8,4b9df69d8d3731d8,0,1
2675,2675,0,0000358,05,2,2,3,d10da1d117a76694,0,0,3,4046bf5186ec7814,0,1,0000000000000000,dc6365011ac9a244,dc6365011ac9a244,0,1
2676,2676,0,000035c,05,2,2,3,000000000000d10d,0,0,3,4046bf5186ec7814,0,1,0000000000000000,5136eb8a979c2ccf,5136eb8a979c2ccf,0,1
2677,2677,0,0000360,05,2,2,3,0000000000000000,0,0,3,4046bf5186ec7814,0,1,0000000000000000,f39e42383534857d,f39e42383534857d,0,1
2678,2678,0,0000364,05,2,2,3,0000000000000000,0,3,3,4046bf5186ec7814,0,1,5baf071b9d05c05e,7ecbccb3b8610bf6,7ecbccb3b8610bf6,0,1
2679,2679,0,0000368,05,2,2,3,0000000000000000,3,3,3,4046bf5186ec7814,0,1,46f3324d8059f508,e9355f2f2f9f986a,e9355f2f2f9f986a,0,1
2680,2680,0,000036c,05,2,2,3,73a50863b50fcf26,3,3,3,4046bf5186ec7814,0,1,cba6bcc60d0c7b83,6460d1a4a2ca16e1,6460d1a4a2ca16e1,0,1
2681,2681,0,0000000,00,3,3,3,fef086e8385a41ad,3,3,3,4046bf5186ec7814,0,1,5c582f5a9af2e81f,2c29d2a6ea8315e3,2c29d2a6ea8315e3,0,0
2682,2682,0,0000000,00,3,3,3,690e1574afa4d231,3,3,3,4046bf5186ec7814,0,1,d10da1d117a76694,2c29d2a6ea8315e3,2c29d2a6ea8315e3,0,0
2683,2683,0,0000000,00,3,3,3,e45b9bff22f15cba,3,0,3,4046bf5186ec7814,0,1,000000000000d10d,2c29d2a6ea8315e3,2c29d2a6ea8315e3,0,0
2684,2684,0,0000000,00,3,3,3,2c5f4611eaf58154,3,0,3,eaf76e202c5da965,0,1,0000000000000000,2c29d2a6ea8315e3,2c29d2a6ea8315e3,0,0
2685,2685,0,0000000,00,3,3,3,a10ac89a67a00fdf,3,0,3,eaf76e202c5da965,0,1,0000000000000000,2c29d2a6ea8315e3,2c29d2a6ea8315e3,0,0
2686,2686,0,0000000,00,3,3,3,36f45b06f05e9c43,3,0,3,eaf76e202c5da965,0,1,0000000000000000,2c29d2a6ea8315e3,2c29d2a6ea8315e3,0,0
2687,2687,0,0000000,00,3,3,3,bba1d58d7d0b12c8,0,3,3,eaf76e202c5da965,0,1,73a50863b50fcf26,2c29d2a6ea8315e3,2c29d2a6ea8315e3,0,0
2688,2688,0,0000000,00,3,3,3,000000000000bba1,0,3,3,eaf76e202c5da965,0,1,fef086e8385a41ad,2c29d2a6ea8315e3,2c29d2a6ea8315e3,0,0
2689,2689,0,0000000,00,3,3,3,0000000000000000,0,3,3,eaf76e202c5da965,0,1,690e1574afa4d231,2c29d2a6ea8315e3,2c29d2a6ea8315e3,0,0
2690,2690,0,0000000,00,3,3,3,0000000000000000,0,3,3,eaf76e202c5da965,0,1,e45b9bff22f15cba,2c29d2a6ea8315e3,2c29d2a6ea8315e3,0,0
2691,2691,0,0000000,00,3,3,3,0000000000000000,0,3,3,eaf76e202c5da965,0,1,2c5f4611eaf58154,2c29d2a6ea8315e3,2c29d2a6ea8315e3,0,0
2692,2692,0,0000000,00,3,3,3,0000000000000000,0,3,3,eaf76e202c5da965,0,1,a10ac89a67a00fdf,2c29d2a6ea8315e3,2c29d2a6ea8315e3,0,0
2693,2693,0,0000098,00,2,2,3,0000000000000000,0,3,2,eaf76e202c5da965,3,1,36f45b06f05e9c43,2c29d2a6ea8315e3,2c29d2a6ea8315e3,0,0
2694,2694,0,0000370,05,2,2,3,0000000000000000,0,3,3,67a2e0aba10827ee,0,1,bba1d58d7d0b12c8,ac640c4a6acecb0f,ac640c4a6acecb0f,0,1
2695,2695,0,0000374,05,2,2,3,0000000000000000,0,0,3,67a2e0aba10827ee,0,1,000000000000bba1,213182c1e79b4584,213182c1e79b4584,0,1
2696,2696,0,0000378,05,2,2,3,0000000000000000,0,0,3,67a2e0aba10827ee,0,1,0000000000000000,b6cf115d7065d618,b6cf115d7065d618,0,1
2697,2697,0,000009c,00,2,2,3,0000000000000000,0,0,2,67a2e0aba10827ee,3,1,0000000000000000,3b9a9fd6fd305893,3b9a9fd6fd305893,0,1
2698,2698,0,0000000,00,3,3,3,0000000000000000,0,0,3,0517ec34c3bd2b71,0,1,0000000000000000,993236645f98f121,993236645f98f121,0,1
2699,2699,0,0000000,00,3,3,3,6e202c5da965eaf7,0,0,3,0517ec34c3bd2b71,0,1,0000000000000000,ffffffffffffffff,1467b8efd2cd7faa,1,1
2700,2700,0,0000000,00,3,3,3,e0aba10827eeeaf7,3,0,3,0517ec34c3bd2b71,0,1,0000000000000000,b029aee6776c684c,83992b734533ec36,1,1
2701,2701,0,0000000,00,3,3,3,19097c3fdfa3bb7a,3,0,3,0517ec34c3bd2b71,0,1,0000000000000000,0ecca5f8c86662bd,0ecca5f8c86662bd,0,1
2702,2702,0,0000000,00,3,3,3,ffffffffffffffff,3,0,3,0517ec34c3bd2b71,0,1,0000000000000000,c6c878160062bf53,c6c878160062bf53,0,0
2703,2703,0,0000000,00,3,3,3,e0aba10827ee67a2,0,0,3,0517ec34c3bd2b71,0,1,0000000000000000,c6c878160062bf53,c6c878160062bf53,0,0
2704,2704,0,0000000,00,3,3,3,ec34c3bd2b7167a2,0,0,3,0517ec34c3bd2b71,0,1,0000000000000000,c6c878160062bf53,c6c878160062bf53,0,0
2705,2705,0,0000000,00,3,3,3,0000000000000014,0,0,3,0517ec34c3bd2b71,0,1,0000000000000000,c6c878160062bf53,c6c878160062bf53,0,0
2706,2706,0,000037c,05,2,2,3,0000000000000000,0,0,3,0517ec34c3bd2b71,0,1,6e202c5da965eaf7,c6c878160062bf53,c6c878160062bf53,0,0
2707,2707,0,0000380,05,2,2,3,0000000000000000,0,0,3,0517ec34c3bd2b71,0,1,e0aba10827eeeaf7,c6c878160062bf53,c6c878160062bf53,0,0
2708,2708,0,0000384,05,2,2,3,0000000000000000,0,3,3,0517ec34c3bd2b71,0,1,19097c3fdfa3bb7a,c6c878160062bf53,c6c878160062bf53,0,0
2709,2709,0,0000388,05,2,2,3,0000000000000000,0,3,3,0517ec34c3bd2b71,0,1,ffffffffffffffff,c6c878160062bf53,c6c878160062bf53,0,0
2710,2710,0,000038c,05,2,2,3,0000000000000000,0,3,3,0517ec34c3bd2b71,0,1,e0aba10827ee67a2,c6c878160062bf53,c6c878160062bf53,0,0
2711,2711,0,0000000,00,3,3,3,0000000000000000,0,0,3,0517ec34c3bd2b71,0,1,ec34c3bd2b7167a2,c6c878160062bf53,c6c878160062bf53,0,0
2712,2712,0,0000000,00,3,3,3,0000000000000000,3,0,3,0517ec34c3bd2b71,0,1,0000000000000014,c6c878160062bf53,c6c878160062bf53,0,0
2713,2713,0,0000000,00,3,3,3,8ef7efa3485d28e6,3,0,3,0517ec34c3bd2b71,0,1,0000000000000000,c6c878160062bf53,c6c878160062bf53,0,0
2714,2714,0,0000000,00,3,3,3,391a0b84ffb0ccc1,3,0,3,0517ec34c3bd2b71,0,1,0000000000000000,c6c878160062bf53,c6c878160062bf53,0,0
2715,2715,0,0000390,05,2,2,3,b44f850f72e5424a,3,0,3,0517ec34c3bd2b71,0,1,0000000000000000,139090aed53a57eb,139090aed53a57eb,0,1
2716,2716,0,0000394,05,2,2,3,23b11693e51bd1d6,3,0,3,0517ec34c3bd2b71,0,1,0000000000000000,9ec51e25586fd960,9ec51e25586fd960,0,1
2717,2717,0,0000398,05,2,2,3,aee49818684e5f5d,0,0,3,0517ec34c3bd2b71,0,1,0000000000000000,093b8db9cf914afc,093b8db9cf914afc,0,1
2718,2718,0,000039c,05,2,2,3,000000000000aee4,0,0,3,0517ec34c3bd2b71,0,1,0000000000000000,846e033242c4c477,846e033242c4c477,0,1
2719,2719,0,00003a0,05,2,2,3,0000000000000000,0,0,3,0517ec34c3bd2b71,0,1,0000000000000000,26c6aa80e06c6dc5,26c6aa80e06c6dc5,0,1
2720,2720,0,00003a4,05,2,2,3,0000000000000000,0,3,3,0517ec34c3bd2b71,0,1,8ef7efa3485d28e6,ab93240b6d39e34e,ab93240b6d39e34e,0,1
2721,2721,0,00003a8,05,2,2,3,0000000000000000,3,3,3,0517ec34c3bd2b71,0,1,391a0b84ffb0ccc1,3c6db797fac770d2,3c6db797fac770d2,0,1
2722,2722,0,00003ac,05,2,2,3,0c4c31aacae6f6ef,3,3,3,0517ec34c3bd2b71,0,1,b44f850f72e5424a,b138391c7792fe59,b138391c7792fe59,0,1
2723,2723,0,0000000,00,3,3,3,8119bf2147b37864,3,3,3,0517ec34c3bd2b71,0,1,23b11693e51bd1d6,ac640c4a6acecb0f,ac640c4a6acecb0f,0,0
2724,2724,0,0000000,00,3,3,3,16e72cbdd04debf8,3,3,3,0517ec34c3bd2b71,0,1,aee49818684e5f5d,ac640c4a6acecb0f,ac640c4a6acecb0f,0,0
2725,2725,0,0000000,00,3,3,3,9bb2a2365d186573,3,0,3,0517ec34c3bd2b71,0,1,000000000000aee4,ac640c4a6acecb0f,ac640c4a6acecb0f,0,0
2726,2726,0,0000000,00,3,3,3,53b67fd8951cb89d,3,0,3,afa63d45690cfa00,0,1,0000000000000000,ac640c4a6acecb0f,ac640c4a6acecb0f,0,0
2727,2727,0,0000000,00,3,3,3,dee3f15318493616,3,0,3,afa63d45690cfa00,0,1,0000000000000000,ac640c4a6acecb0f,ac640c4a6acecb0f,0,0
2728,2728,0,0000000,00,3,3,3,491d62cf8fb7a58a,3,0,3,afa63d45690cfa00,0,1,0000000000000000,ac640c4a6acecb0f,ac640c4a6acecb0f,0,0
2729,2729,0,0000000,00,3,3,3,c448ec4402e22b01,0,3,3,afa63d45690cfa00,0,1,0c4c31aacae6f6ef,ac640c4a6acecb0f,ac640c4a6acecb0f,0,0
2730,2730,0,0000000,00,3,3,3,000000000000c448,0,3,3,afa63d45690cfa00,0,1,8119bf2147b37864,ac640c4a6acecb0f,ac640c4a6acecb0f,0,0
2731,2731,0,0000000,00,3,3,3,0000000000000000,0,3,3,afa63d45690cfa00,0,1,16e72cbdd04debf8,ac640c4a6acecb0f,ac640c4a6acecb0f,0,0
2732,2732,0,0000000,00,3,3,3,0000000000000000,0,3,3,afa63d45690cfa00,0,1,9bb2a2365d186573,ac640c4a6acecb0f,ac640c4a6acecb0f,0,0
2733,2733,0,0000000,00,3,3,3,0000000000000000,0,3,3,afa63d45690cfa00,0,1,53b67fd8951cb89d,ac640c4a6acecb0f,ac640c4a6acecb0f,0,0
2734,2734,0,0000000,00,3,3,3,0000000000000000,0,3,3,afa63d45690cfa00,0,1,dee3f15318493616,ac640c4a6acecb0f,ac640c4a6acecb0f,0,0
2735,2735,0,00000a0,00,2,2,3,0000000000000000,0,3,2,afa63d45690cfa00,3,1,491d62cf8fb7a58a,ac640c4a6acecb0f,ac640c4a6acecb0f,0,0
2736,2736,0,00003b0,05,2,2,3,0000000000000000,0,3,3,22f3b3cee459748b,0,1,c448ec4402e22b01,793ce4f2bf9623b7,793ce4f2bf9623b7,0,1
2737,2737,0,00003b4,05,2,2,3,0000000000000000,0,0,3,22f3b3cee459748b,0,1,000000000000c448,f4696a7932c3ad3c,f4696a7932c3ad3c,0,1
2738,2738,0,00003b8,05,2,2,3,0000000000000000,0,0,3,22f3b3cee459748b,0,1,0000000000000000,6397f9e5a53d3ea0,6397f9e5a53d3ea0,0,1
2739,2739,0,00000a4,00,2,2,3,0000000000000000,0,0,2,22f3b3cee459748b,3,1,0000000000000000,eec2776e2868b02b,eec2776e2868b02b,0,1
2740,2740,0,0000000,00,3,3,3,0000000000000000,0,0,3,1fbcf123d9163666,0,1,0000000000000000,4c6adedc8ac01999,4c6adedc8ac01999,0,1
2741,2741,0,0000000,00,3,3,3,3d45690cfa00afa6,0,0,3,1fbcf123d9163666,0,1,0000000000000000,ffffffffffffffff,c13f505707959712,1,1
2742,2742,0,0000000,00,3,3,3,b3cee459748bafa6,3,0,3,1fbcf123d9163666,0,1,0000000000000000,ad3eb44d6a7b72e7,56c1c3cb906b048e,1,1
2743,2743,0,0000000,00,3,3,3,66e045f6a04a82b3,3,0,3,1fbcf123d9163666,0,1,0000000000000000,db944d401d3e8a05,db944d401d3e8a05,0,1
2744,2744,0,0000000,00,3,3,3,ffffffffffffffff,3,0,3,1fbcf123d9163666,0,1,0000000000000000,139090aed53a57eb,139090aed53a57eb,0,0
2745,2745,0,0000000,00,3,3,3,b3cee459748b22f3,0,0,3,1fbcf123d9163666,0,1,0000000000000000,139090aed53a57eb,139090aed53a57eb,0,0
2746,2746,0,0000000,00,3,3,3,f123d916366622f3,0,0,3,1fbcf123d9163666,0,1,0000000000000000,139090aed53a57eb,139090aed53a57eb,0,0
2747,2747,0,0000000,00,3,3,3,0000000000000001,0,0,3,1fbcf123d9163666,0,1,0000000000000000,139090aed53a57eb,139090aed53a57eb,0,0
2748,2748,0,00003bc,05,2,2,3,0000000000000000,0,0,3,1fbcf123d9163666,0,1,3d45690cfa00afa6,139090aed53a57eb,139090aed53a57eb,0,0
2749,2749,0,00003c0,05,2,2,3,0000000000000000,0,0,3,1fbcf123d9163666,0,1,b3cee459748bafa6,139090aed53a57eb,139090aed53a57eb,0,0
2750,2750,0,00003c4,05,2,2,3,0000000000000000,0,3,3,1fbcf123d9163666,0,1,66e045f6a04a82b3,139090aed53a57eb,139090aed53a57eb,0,0
2751,2751,0,00003c8,05,2,2,3,0000000000000000,0,3,3,1fbcf123d9163666,0,1,ffffffffffffffff,139090aed53a57eb,139090aed53a57eb,0,0
2752,2752,0,00003cc,05,2,2,3,0000000000000000,0,3,3,1fbcf123d9163666,0,1,b3cee459748b22f3,139090aed53a57eb,139090aed53a57eb,0,0
2753,2753,0,0000000,00,3,3,3,0000000000000000,0,0,3,1fbcf123d9163666,0,1,f123d916366622f3,139090aed53a57eb,139090aed53a57eb,0,0
2754,2754,0,0000000,00,3,3,3,0000000000000000,3,0,3,1fbcf123d9163666,0,1,0000000000000001,139090aed53a57eb,139090aed53a57eb,0,0
2755,2755,0,0000000,00,3,3,3,f11ed66a37b4112f,3,0,3,1fbcf123d9163666,0,1,0000000000000000,139090aed53a57eb,139090aed53a57eb,0,0
2756,2756,0,0000000,00,3,3,3,ec42e33c2ae82479,3,0,3,1fbcf123d9163666,0,1,0000000000000000,139090aed53a57eb,139090aed53a57eb,0,0
2757,2757,0,00003d0,05,2,2,3,61176db7a7bdaaf2,3,0,3,1fbcf123d9163666,0,1,0000000000000000,6c79a967aad36e22,6c79a967aad36e22,0,1
2758,2758,0,00003d4,05,2,2,3,f6e9fe2b3043396e,3,0,3,1fbcf123d9163666,0,1,0000000000000000,e12c27ec2786e0a9,e12c27ec2786e0a9,0,1
2759,2759,0,00003d8,05,2,2,3,7bbc70a0bd16b7e5,0,0,3,1fbcf123d9163666,0,1,0000000000000000,76d2b470b0787335,76d2b470b0787335,0,1
2760,2760,0,00003dc,05,2,2,3,0000000000007bbc,0,0,3,1fbcf123d9163666,0,1,0000000000000000,fb873afb3d2dfdbe,fb873afb3d2dfdbe,0,1
2761,2761,0,00003e0,05,2,2,3,0000000000000000,0,0,3,1fbcf123d9163666,0,1,0000000000000000,592f93499f85540c,592f93499f85540c,0,1
2762,2762,0,00003e4,05,2,2,3,0000000000000000,0,3,3,1fbcf123d9163666,0,1,f11ed66a37b4112f,d47a1dc212d0da87,d47a1dc212d0da87,0,1
2763,2763,0,00003e8,05,2,2,3,0000000000000000,3,3,3,1fbcf123d9163666,0,1,ec42e33c2ae82479,43848e5e852e491b,43848e5e852e491b,0,1
2764,2764,0,00003ec,05,2,2,3,d914d9121fbe1e57,3,3,3,1fbcf123d9163666,0,1,61176db7a7bdaaf2,ced100d5087bc790,ced100d5087bc790,0,1
2765,2765,0,0000000,00,3,3,3,5441579992eb90dc,3,3,3,1fbcf123d9163666,0,1,f6e9fe2b3043396e,793ce4f2bf9623b7,793ce4f2bf9623b7,0,0
2766,2766,0,0000000,00,3,3,3,c3bfc40505150340,3,3,3,1fbcf123d9163666,0,1,7bbc70a0bd16b7e5,793ce4f2bf9623b7,793ce4f2bf9623b7,0,0
2767,2767,0,0000000,00,3,3,3,4eea4a8e88408dcb,3,0,3,1fbcf123d9163666,0,1,0000000000007bbc,793ce4f2bf9623b7,793ce4f2bf9623b7,0,0
2768,2768,0,0000000,00,3,3,3,86ee976040445025,3,0,3,b50d205273a7e717,0,1,0000000000000000,793ce4f2bf9623b7,793ce4f2bf9623b7,0,0
2769,2769,0,0000000,00,3,3,3,0bbb19ebcd11deae,3,0,3,b50d205273a7e717,0,1,0000000000000000,793ce4f2bf9623b7,793ce4f2bf9623b7,0,0
2770,2770,0,0000000,00,3,3,3,9c458a775aef4d32,3,0,3,b50d205273a7e717,0,1,0000000000000000,793ce4f2bf9623b7,793ce4f2bf9623b7,0,0
2771,2771,0,0000000,00,3,3,3,111004fcd7bac3b9,0,3,3,b50d205273a7e717,0,1,d914d9121fbe1e57,793ce4f2bf9623b7,793ce4f2bf9623b7,0,0
2772,2772,0,0000000,00,3,3,3,0000000000001110,0,3,3,b50d205273a7e717,0,1,5441579992eb90dc,793ce4f2bf9623b7,793ce4f2bf9623b7,0,0
2773,2773,0,0000000,00,3,3,3,0000000000000000,0,3,3,b50d205273a7e717,0,1,c3bfc40505150340,793ce4f2bf9623b7,793ce4f2bf9623b7,0,0
2774,2774,0,0000000,00,3,3,3,0000000000000000,0,3,3,b50d205273a7e717,0,1,4eea4a8e88408dcb,793ce4f2bf9623b7,793ce4f2bf9623b7,0,0
2775,2775,0,0000000,00,3,3,3,0000000000000000,0,3,3,b50d205273a7e717,0,1,86ee976040445025,793ce4f2bf9623b7,793ce4f2bf9623b7,0,0
2776,2776,0,0000000,00,3,3,3,0000000000000000,0,3,3,b50d205273a7e717,0,1,0bbb19ebcd11deae,793ce4f2bf9623b7,793ce4f2bf9623b7,0,0
2777,2777,0,00000a8,00,2,2,3,0000000000000000,0,3,2,b50d205273a7e717,3,1,9c458a775aef4d32,793ce4f2bf9623b7,793ce4f2bf9623b7,0,0
2778,2778,0,00003f0,05,2,2,3,0000000000000000,0,3,3,3858aed9fef2699c,0,1,111004fcd7bac3b9,06d5dd3bc07f1a7e,06d5dd3bc07f1a7e,0,1
2779,2779,0,00003f4,05,2,2,3,0000000000000000,0,0,3,3858aed9fef2699c,0,1,0000000000001110,8b8053b04d2a94f5,8b8053b04d2a94f5,0,1
2780,2780,0,00003f8,05,2,2,3,0000000000000000,0,0,3,3858aed9fef2699c,0,1,0000000000000000,1c7ec02cdad40769,1c7ec02cdad40769,0,1
2781,2781,0,00000ac,00,2,2,3,0000000000000000,0,0,2,3858aed9fef2699c,3,1,0000000000000000,912b4ea7578189e2,912b4ea7578189e2,0,1
2782,2782,0,0000000,06,3,2,2,0000000000000000,0,0,3,3041d61af6eb115f,0,1,0000000000000000,3383e715f5292050,3383e715f5292050,0,1
2783,2783,0,0000000,00,3,3,3,205273a7e717b50d,0,0,3,3041d61af6eb115f,0,1,0000000000000000,ffffffffffffffff,bed6699e787caedb,1,1
2784,2784,0,0000000,00,3,3,3,aed9fef2699cb50d,3,0,3,3041d61af6eb115f,0,1,0000000000000000,c7928ef500d7485f,2928fa02ef823d47,1,1
2785,2785,0,0000000,00,3,3,3,b3b8ad4e75126a0b,3,0,3,3041d61af6eb115f,0,1,0000000000000000,a47d748962d7b3cc,a47d748962d7b3cc,0,1
2786,2786,0,0000000,00,3,3,3,ffffffffffffffff,3,0,3,3041d61af6eb115f,0,1,0000000000000000,6c79a967aad36e22,6c79a967aad36e22,0,0
2787,2787,0,0000000,00,3,3,3,aed9fef2699c3858,0,0,3,3041d61af6eb115f,0,1,0000000000000000,6c79a967aad36e22,6c79a967aad36e22,0,0
2788,2788,0,0000000,00,3,3,3,d61af6eb115f3858,0,0,3,3041d61af6eb115f,0,1,0000000000000000,6c79a967aad36e22,6c79a967aad36e22,0,0
2789,2789,0,0000000,00,3,3,3,000000000000001a,0,0,3,3041d61af6eb115f,0,1,0000000000000000,6c79a967aad36e22,6c79a967aad36e22,0,0
2790,2790,0,00003fc,05,2,2,3,0000000000000000,0,0,3,3041d61af6eb115f,0,1,205273a7e717b50d,6c79a967aad36e22,6c79a967aad36e22,0,0
2791,2791,0,0000000,06,2,2,3,0000000000000000,0,0,3,3041d61af6eb115f,0,1,aed9fef2699cb50d,6c79a967aad36e22,6c79a967aad36e22,0,0
2792,2792,0,0000004,06,2,2,3,0000000000000000,0,3,3,3041d61af6eb115f,0,1,b3b8ad4e75126a0b,6c79a967aad36e22,6c79a967aad36e22,0,0
2793,2793,0,0000008,06,2,2,3,0000000000000000,0,3,3,3041d61af6eb115f,0,1,ffffffffffffffff,6c79a967aad36e22,6c79a967aad36e22,0,0
2794,2794,0,000000c,06,2,2,3,0000000000000000,0,3,3,3041d61af6eb115f,0,1,aed9fef2699c3858,6c79a967aad36e22,6c79a967aad36e22,0,0
2795,2795,0,0000000,00,3,3,3,0000000000000000,0,0,3,3041d61af6eb115f,0,1,d61af6eb115f3858,6c79a967aad36e22,6c79a967aad36e22,0,0
2796,2796,0,0000000,00,3,3,3,0000000000000000,3,0,3,3041d61af6eb115f,0,1,000000000000001a,6c79a967aad36e22,6c79a967aad36e22,0,0
2797,2797,0,0000000,00,3,3,3,24463ed2e2ecf997,3,0,3,3041d61af6eb115f,0,1,0000000000000000,6c79a967aad36e22,6c79a967aad36e22,0,0
2798,2798,0,0000000,00,3,3,3,929ca14754366602,3,0,3,3041d61af6eb115f,0,1,0000000000000000,6c79a967aad36e22,6c79a967aad36e22,0,0
2799,2799,0,0000010,06,2,2,3,1fc92fccd963e889,3,0,3,3041d61af6eb115f,0,1,0000000000000000,b92141df7f8b869a,b92141df7f8b869a,0,1
2800,2800,0,0000014,06,2,2,3,8837bc504e9d7b15,3,0,3,3041d61af6eb115f,0,1,0000000000000000,3474cf54f2de0811,3474cf54f2de0811,0,1
2801,2801,0,0000018,06,2,2,3,056232dbc3c8f59e,0,0,3,3041d61af6eb115f,0,1,0000000000000000,a38a5cc865209b8d,a38a5cc865209b8d,0,1
2802,2802,0,000001c,06,2,2,3,0000000000000562,0,0,3,3041d61af6eb115f,0,1,0000000000000000,2edfd243e8751506,2edfd243e8751506,0,1
2803,2803,0,0000020,06,2,2,3,0000000000000000,0,0,3,3041d61af6eb115f,0,1,0000000000000000,8c777bf14addbcb4,8c777bf14addbcb4,0,1
2804,2804,0,0000024,06,2,2,3,0000000000000000,0,3,3,3041d61af6eb115f,0,1,24463ed2e2ecf997,0122f57ac788323f,0122f57ac788323f,0,1
2805,2805,0,0000028,06,2,2,3,0000000000000000,3,3,3,3041d61af6eb115f,0,1,929ca14754366602,96dc66e65076a1a3,96dc66e65076a1a3,0,1
2806,2806,0,000002c,06,2,2,3,a7ca9b6961605c2c,3,3,3,3041d61af6eb115f,0,1,1fc92fccd963e889,1b89e86ddd232f28,1b89e86ddd232f28,0,1
2807,2807,0,0000000,00,3,3,3,2a9f15e2ec35d2a7,3,3,3,3041d61af6eb115f,0,1,8837bc504e9d7b15,06d5dd3bc07f1a7e,06d5dd3bc07f1a7e,0,0
2808,2808,0,0000000,00,3,3,3,bd61867e7bcb413b,3,3,3,3041d61af6eb115f,0,1,056232dbc3c8f59e,06d5dd3bc07f1a7e,06d5dd3bc07f1a7e,0,0
2809,2809,0,0000000,00,3,3,3,303408f5f69ecfb0,3,0,3,3041d61af6eb115f,0,1,0000000000000562,06d5dd3bc07f1a7e,06d5dd3bc07f1a7e,0,0
2810,2810,0,0000000,00,3,3,3,f830d51b3e9a125e,3,0,3,9af0076b5c5ac02e,0,1,0000000000000000,06d5dd3bc07f1a7e,06d5dd3bc07f1a7e,0,0
2811,2811,0,0000000,00,3,3,3,75655b90b3cf9cd5,3,0,3,9af0076b5c5ac02e,0,1,0000000000000000,06d5dd3bc07f1a7e,06d5dd3bc07f1a7e,0,0
2812,2812,0,0000000,00,3,3,3,e29bc80c24310f49,3,0,3,9af0076b5c5ac02e,0,1,0000000000000000,06d5dd3bc07f1a7e,06d5dd3bc07f1a7e,0,0
2813,2813,0,0000000,00,3,3,3,6fce4687a96481c2,0,3,3,9af0076b5c5ac02e,0,1,a7ca9b6961605c2c,06d5dd3bc07f1a7e,06d5dd3bc07f1a7e,0,0
2814,2814,0,0000000,00,3,3,3,0000000000006fce,0,3,3,9af0076b5c5ac02e,0,1,2a9f15e2ec35d2a7,06d5dd3bc07f1a7e,06d5dd3bc07f1a7e,0,0
2815,2815,0,0000000,00,3,3,3,0000000000000000,0,3,3,9af0076b5c5ac02e,0,1,bd61867e7bcb413b,06d5dd3bc07f1a7e,06d5dd3bc07f1a7e,0,0
2816,2816,0,0000000,00,3,3,3,0000000000000000,0,3,3,9af0076b5c5ac02e,0,1,303408f5f69ecfb0,06d5dd3bc07f1a7e,06d5dd3bc07f1a7e,0,0
2817,2817,0,0000000,00,3,3,3,0000000000000000,0,3,3,9af0076b5c5ac02e,0,1,f830d51b3e9a125e,06d5dd3bc07f1a7e,06d5dd3bc07f1a7e,0,0
2818,2818,0,0000000,00,3,3,3,0000000000000000,0,3,3,9af0076b5c5ac02e,0,1,75655b90b3cf9cd5,06d5dd3bc07f1a7e,06d5dd3bc07f1a7e,0,0
2819,2819,0,00000b0,00,2,2,3,0000000000000000,0,3,2,9af0076b5c5ac02e,3,1,e29bc80c24310f49,06d5dd3bc07f1a7e,06d5dd3bc07f1a7e,0,0
2820,2820,0,0000030,06,2,2,3,0000000000000000,0,3,3,17a589e0d10f4ea5,0,1,6fce4687a96481c2,d38d35831527f2c6,d38d35831527f2c6,0,1
2821,2821,0,0000034,06,2,2,3,0000000000000000,0,0,3,17a589e0d10f4ea5,0,1,0000000000006fce,5ed8bb0898727c4d,5ed8bb0898727c4d,0,1
2822,2822,0,0000038,06,2,2,3,0000000000000000,0,0,3,17a589e0d10f4ea5,0,1,0000000000000000,c92628940f8cefd1,c92628940f8cefd1,0,1
2823,2823,0,00000b4,00,2,2,3,0000000000000000,0,0,2,17a589e0d10f4ea5,3,1,0000000000000000,4473a61f82d9615a,4473a61f82d9615a,0,1
2824,2824,0,0000000,00,3,3,3,0000000000000000,0,0,3,2aeacb0dec400c48,0,1,0000000000000000,e6db0fad2071c8e8,e6db0fad2071c8e8,0,1
2825,2825,0,0000000,00,3,3,3,076b5c5ac02e9af0,0,0,3,2aeacb0dec400c48,0,1,0000000000000000,ffffffffffffffff,6b8e8126ad244663,1,1
2826,2826,0,0000000,00,3,3,3,89e0d10f4ea59af0,3,0,3,2aeacb0dec400c48,0,1,0000000000000000,da85945e1dc052f4,fc7012ba3adad5ff,1,1
2827,2827,0,0000000,00,3,3,3,cd66ef350bcc2870,3,0,3,2aeacb0dec400c48,0,1,0000000000000000,71259c31b78f5b74,71259c31b78f5b74,0,1
2828,2828,0,0000000,00,3,3,3,ffffffffffffffff,3,0,3,2aeacb0dec400c48,0,1,0000000000000000,b92141df7f8b869a,b92141df7f8b869a,0,0
2829,2829,0,0000000,00,3,3,3,89e0d10f4ea517a5,0,0,3,2aeacb0dec400c48,0,1,0000000000000000,b92141df7f8b869a,b92141df7f8b869a,0,0
2830,2830,0,0000000,00,3,3,3,cb0dec400c4817a5,0,0,3,2aeacb0dec400c48,0,1,0000000000000000,b92141df7f8b869a,b92141df7f8b869a,0,0
2831,2831,0,0000000,00,3,3,3,000000000000000d,0,0,3,2aeacb0dec400c48,0,1,0000000000000000,b92141df7f8b869a,b92141df7f8b869a,0,0
2832,2832,0,000003c,06,2,2,3,0000000000000000,0,0,3,2aeacb0dec400c48,0,1,076b5c5ac02e9af0,b92141df7f8b869a,b92141df7f8b869a,0,0
2833,2833,0,0000040,06,2,2,3,0000000000000000,0,0,3,2aeacb0dec400c48,0,1,89e0d10f4ea59af0,b92141df7f8b869a,b92141df7f8b869a,0,0
2834,2834,0,0000044,06,2,2,3,0000000000000000,0,3,3,2aeacb0dec400c48,0,1,cd66ef350bcc2870,b92141df7f8b869a,b92141df7f8b869a,0,0
2835,2835,0,0000048,06,2,2,3,0000000000000000,0,3,3,2aeacb0dec400c48,0,1,ffffffffffffffff,b92141df7f8b869a,b92141df7f8b869a,0,0
2836,2836,0,000004c,06,2,2,3,0000000000000000,0,3,3,2aeacb0dec400c48,0,1,89e0d10f4ea517a5,b92141df7f8b869a,b92141df7f8b869a,0,0
2837,2837,0,0000000,00,3,3,3,0000000000000000,0,0,3,2aeacb0dec400c48,0,1,cb0dec400c4817a5,b92141df7f8b869a,b92141df7f8b869a,0,0
2838,2838,0,0000000,00,3,3,3,0000000000000000,3,0,3,2aeacb0dec400c48,0,1,000000000000000d,b92141df7f8b869a,b92141df7f8b869a,0,0
2839,2839,0,0000000,00,3,3,3,5a987ca99c32bbec,3,0,3,2aeacb0dec400c48,0,1,0000000000000000,b92141df7f8b869a,b92141df7f8b869a,0,0
2840,2840,0,0000000,00,3,3,3,47c449ff816e8eba,3,0,3,2aeacb0dec400c48,0,1,0000000000000000,b92141df7f8b869a,b92141df7f8b869a,0,0
2841,2841,0,0000050,06,2,2,3,ca91c7740c3b0031,3,0,3,2aeacb0dec400c48,0,1,0000000000000000,93abdaf555011db0,93abdaf555011db0,0,1
2842,2842,0,0000054,06,2,2,3,5d6f54e89bc593ad,3,0,3,2aeacb0dec400c48,0,1,0000000000000000,1efe547ed854933b,1efe547ed854933b,0,1
2843,2843,0,0000058,06,2,2,3,d03ada6316901d26,0,0,3,2aeacb0dec400c48,0,1,0000000000000000,8900c7e24faa00a7,8900c7e24faa00a7,0,1
2844,2844,0,000005c,06,2,2,3,000000000000d03a,0,0,3,2aeacb0dec400c48,0,1,0000000000000000,04554969c2ff8e2c,04554969c2ff8e2c,0,1
2845,2845,0,0000060,06,2,2,3,0000000000000000,0,0,3,2aeacb0dec400c48,0,1,0000000000000000,a6fde0db6057279e,a6fde0db6057279e,0,1
2846,2846,0,0000064,06,2,2,3,0000000000000000,0,3,3,2aeacb0dec400c48,0,1,5a987ca99c32bbec,2ba86e50ed02a915,2ba86e50ed02a915,0,1
2847,2847,0,0000068,06,2,2,3,0000000000000000,3,3,3,2aeacb0dec400c48,0,1,47c449ff816e8eba,bc56fdcc7afc3a89,bc56fdcc7afc3a89,0,1
2848,2848,0,000006c,06,2,2,3,729273d1b438b494,3,3,3,2aeacb0dec400c48,0,1,ca91c7740c3b0031,31037347f7a9b402,31037347f7a9b402,0,1
2849,2849,0,0000000,00,3,3,3,ffc7fd5a396d3a1f,3,3,3,2aeacb0dec400c48,0,1,5d6f54e89bc593ad,d38d35831527f2c6,d38d35831527f2c6,0,0
2850,2850,0,0000000,00,3,3,3,68396ec6ae93a983,3,3,3,2aeacb0dec400c48,0,1,d03ada6316901d26,d38d35831527f2c6,d38d35831527f2c6,0,0
2851,2851,0,0000000,00,3,3,3,e56ce04d23c62708,3,0,3,2aeacb0dec400c48,0,1,000000000000d03a,d38d35831527f2c6,d38d35831527f2c6,0,0
2852,2852,0,0000000,00,3,3,3,2d683da3ebc2fae6,3,0,3,805b1a7c46f1dd39,0,1,0000000000000000,d38d35831527f2c6,d38d35831527f2c6,0,0
2853,2853,0,0000000,00,3,3,3,a03db3286697746d,3,0,3,805b1a7c46f1dd39,0,1,0000000000000000,d38d35831527f2c6,d38d35831527f2c6,0,0
2854,2854,0,0000000,00,3,3,3,37c320b4f169e7f1,3,0,3,805b1a7c46f1dd39,0,1,0000000000000000,d38d35831527f2c6,d38d35831527f2c6,0,0
2855,2855,0,0000000,00,3,3,3,ba96ae3f7c3c697a,0,3,3,805b1a7c46f1dd39,0,1,729273d1b438b494,d38d35831527f2c6,d38d35831527f2c6,0,0
2856,2856,0,0000000,00,3,3,3,000000000000ba96,0,3,3,805b1a7c46f1dd39,0,1,ffc7fd5a396d3a1f,d38d35831527f2c6,d38d35831527f2c6,0,0
2857,2857,0,0000000,00,3,3,3,0000000000000000,0,3,3,805b1a7c46f1dd39,0,1,68396ec6ae93a983,d38d35831527f2c6,d38d35831527f2c6,0,0
2858,2858,0,0000000,00,3,3,3,0000000000000000,0,3,3,805b1a7c46f1dd39,0,1,e56ce04d23c62708,d38d35831527f2c6,d38d35831527f2c6,0,0
2859,2859,0,0000000,00,3,3,3,0000000000000000,0,3,3,805b1a7c46f1dd39,0,1,2d683da3ebc2fae6,d38d35831527f2c6,d38d35831527f2c6,0,0
2860,2860,0,0000000,00,3,3,3,0000000000000000,0,3,3,805b1a7c46f1dd39,0,1,a03db3286697746d,d38d35831527f2c6,d38d35831527f2c6,0,0
2861,2861,0,00000b8,00,2,2,3,0000000000000000,0,3,2,805b1a7c46f1dd39,3,1,37c320b4f169e7f1,d38d35831527f2c6,d38d35831527f2c6,0,0
2862,2862,0,0000070,06,2,2,3,0000000000000000,0,3,3,a7bf4586611582c3,0,1,ba96ae3f7c3c697a,f907aea93fad69ec,f907aea93fad69ec,0,1
2863,2863,0,0000074,06,2,2,3,0000000000000000,0,0,3,a7bf4586611582c3,0,1,000000000000ba96,74522022b2f8e767,74522022b2f8e767,0,1
2864,2864,0,0000000,05,3,2,2,0000000000000000,0,0,2,a7bf4586611582c3,0,1,0000000000000000,e3acb3be250674fb,e3acb3be250674fb,0,1
2865,2865,0,0000000,00,3,3,3,0000000000000000,0,0,3,a7bf4586611582c3,0,1,0000000000000000,6ef93d35a853fa70,6ef93d35a853fa70,0,1
2866,2866,0,0000000,00,3,3,3,0000000000000000,0,0,3,a7bf4586611582c3,0,1,0000000000000000,cc5194870afb53c2,cc5194870afb53c2,0,1
2867,2867,0,0000000,00,3,3,3,1a7c46f1dd39805b,0,0,3,a7bf4586611582c3,0,1,0000000000000000,ffffffffffffffff,41041a0c87aedd49,1,1
2868,2868,0,0000000,00,3,2,2,4586611582c3805b,3,0,2,a7bf4586611582c3,0,1,0000000000000000,fdbcbba33af97d09,d6fa899010504ed5,1,1
2869,2869,0,0000000,06,3,2,2,183e078dde94c0c8,3,0,2,a7bf4586611582c3,0,1,0000000000000000,5baf071b9d05c05e,5baf071b9d05c05e,0,1
2870,2870,0,0000000,00,3,3,3,ffffffffffffffff,0,0,3,a7bf4586611582c3,0,1,0000000000000000,93abdaf555011db0,93abdaf555011db0,0,0
2871,2871,0,0000000,00,3,3,3,000000000000ffff,0,0,3,a7bf4586611582c3,0,1,0000000000000000,93abdaf555011db0,93abdaf555011db0,0,0
2872,2872,0,0000000,00,3,3,3,0000000000000000,0,0,3,a7bf4586611582c3,0,1,0000000000000000,93abdaf555011db0,93abdaf555011db0,0,0
2873,2873,0,0000000,00,2,2,2,0000000000000000,0,0,3,a7bf4586611582c3,0,1,0000000000000000,93abdaf555011db0,93abdaf555011db0,0,0
2874,2874,0,0000000,00,3,3,3,0000000000000000,0,0,3,a7bf4586611582c3,0,1,1a7c46f1dd39805b,93abdaf555011db0,93abdaf555011db0,0,0
2875,2875,0,0000000,00,3,3,3,0000000000000000,0,0,3,a7bf4586611582c3,0,1,4586611582c3805b,93abdaf555011db0,93abdaf555011db0,0,0
2876,2876,0,0000000,00,3,3,3,0000000000000000,0,3,3,a7bf4586611582c3,0,1,183e078dde94c0c8,93abdaf555011db0,93abdaf555011db0,0,0
2877,2877,0,0000000,00,3,3,3,0000000000000000,0,3,3,a7bf4586611582c3,0,1,ffffffffffffffff,93abdaf555011db0,93abdaf555011db0,0,0
2878,2878,0,0000000,00,3,3,3,0000000000000000,0,0,3,a7bf4586611582c3,0,1,000000000000ffff,93abdaf555011db0,93abdaf555011db0,0,0
2879,2879,0,0000000,00,3,3,3,0000000000000000,0,0,3,a7bf4586611582c3,0,1,0000000000000000,93abdaf555011db0,93abdaf555011db0,0,0
2880,2880,0,0000000,00,3,3,3,0000000000000000,0,0,3,a7bf4586611582c3,0,1,0000000000000000,93abdaf555011db0,93abdaf555011db0,0,0
2881,2881,0,0000000,00,3,3,3,0000000000000000,0,0,3,a7bf4586611582c3,0,1,0000000000000000,93abdaf555011db0,93abdaf555011db0,0,0
2882,2882,0,0000000,00,3,3,3,0000000000000000,0,0,3,a7bf4586611582c3,0,1,0000000000000000,93abdaf555011db0,93abdaf555011db0,0,0
2883,2883,0,0000000,00,3,3,3,0000000000000000,0,0,3,a7bf4586611582c3,0,1,0000000000000000,46f3324d8059f508,46f3324d8059f508,0,1
2884,2884,0,0000000,00,3,3,3,0000000000000000,0,0,3,a7bf4586611582c3,0,1,0000000000000000,cba6bcc60d0c7b83,cba6bcc60d0c7b83,0,1
2885,2885,0,0000000,00,3,3,3,0000000000000000,0,0,3,a7bf4586611582c3,0,1,0000000000000000,5c582f5a9af2e81f,5c582f5a9af2e81f,0,1
2886,2886,0,0000000,00,3,3,3,0000000000000000,0,0,3,a7bf4586611582c3,0,1,0000000000000000,d10da1d117a76694,d10da1d117a76694,0,1
2887,2887,0,0000000,00,3,3,3,0000000000000000,0,0,3,a7bf4586611582c3,0,1,0000000000000000,73a50863b50fcf26,73a50863b50fcf26,0,1
2888,2888,0,0000000,06,3,2,2,0000000000000000,0,0,3,a7bf4586611582c3,0,1,0000000000000000,fef086e8385a41ad,fef086e8385a41ad,0,1
2889,2889,0,0000000,00,3,3,3,0000000000000000,0,0,3,a7bf4586611582c3,0,1,0000000000000000,690e1574afa4d231,690e1574afa4d231,0,1
2890,2890,0,0000000,00,3,3,3,0000000000000000,0,0,3,a7bf4586611582c3,0,1,0000000000000000,e45b9bff22f15cba,e45b9bff22f15cba,0,1
2891,2891,0,0000000,00,3,3,3,0000000000000000,0,0,3,a7bf4586611582c3,0,1,0000000000000000,f907aea93fad69ec,f907aea93fad69ec,0,0
2892,2892,0,0000000,00,3,3,3,0000000000000000,0,0,3,a7bf4586611582c3,0,1,0000000000000000,f907aea93fad69ec,f907aea93fad69ec,0,0
2893,2893,0,0000000,00,3,3,3,0000000000000000,0,0,3,a7bf4586611582c3,0,1,0000000000000000,f907aea93fad69ec,f907aea93fad69ec,0,0
2894,2894,0,0000000,00,3,3,3,0000000000000000,0,0,3,a7bf4586611582c3,0,1,0000000000000000,f907aea93fad69ec,f907aea93fad69ec,0,0
2895,2895,0,0000078,06,2,2,3,0000000000000000,0,0,3,a7bf4586611582c3,0,1,0000000000000000,f907aea93fad69ec,f907aea93fad69ec,0,0
2896,2896,0,000007c,06,2,2,3,0000000000000000,0,0,3,a7bf4586611582c3,0,1,0000000000000000,f907aea93fad69ec,f907aea93fad69ec,0,0
2897,2897,0,0000080,06,2,2,3,0000000000000000,0,0,3,a7bf4586611582c3,0,1,0000000000000000,f907aea93fad69ec,f907aea93fad69ec,0,0
2898,2898,0,0000084,06,2,2,3,0000000000000000,0,0,3,a7bf4586611582c3,0,1,0000000000000000,f907aea93fad69ec,f907aea93fad69ec,0,0
2899,2899,0,0000088,06,2,2,3,0000000000000000,0,0,3,a7bf4586611582c3,0,1,0000000000000000,f907aea93fad69ec,f907aea93fad69ec,0,0
2900,2900,0,000008c,06,2,2,3,0000000000000000,0,0,3,a7bf4586611582c3,0,1,0000000000000000,f907aea93fad69ec,f907aea93fad69ec,0,0
2901,2901,0,0000090,06,2,2,3,0000000000000000,3,0,3,a7bf4586611582c3,0,1,0000000000000000,f907aea93fad69ec,f907aea93fad69ec,0,0
2902,2902,0,0000094,06,2,2,3,02951a9ac43fdddf,3,0,3,a7bf4586611582c3,0,1,0000000000000000,f907aea93fad69ec,f907aea93fad69ec,0,0
2903,2903,0,0000098,06,2,2,3,8fc09411496a5354,3,0,3,a7bf4586611582c3,0,1,0000000000000000,f907aea93fad69ec,f907aea93fad69ec,0,0
2904,2904,0,000009c,06,2,2,3,382d7036fe87b773,3,0,3,a7bf4586611582c3,0,1,0000000000000000,2c5f4611eaf58154,2c5f4611eaf58154,0,1
2905,2905,0,00000a0,06,2,2,3,b578febd73d239f8,3,0,3,a7bf4586611582c3,0,1,0000000000000000,a10ac89a67a00fdf,a10ac89a67a00fdf,0,1
2906,2906,0,00000a4,06,2,2,3,22866d21e42caa64,3,0,3,a7bf4586611582c3,0,1,0000000000000000,36f45b06f05e9c43,36f45b06f05e9c43,0,1
2907,2907,0,00000a8,06,2,2,3,afd3e3aa697924ef,3,0,3,a7bf4586611582c3,0,1,0000000000000000,bba1d58d7d0b12c8,bba1d58d7d0b12c8,0,1
2908,2908,0,00000ac,06,2,2,3,0d7b4a18cbd18d5d,3,0,3,a7bf4586611582c3,0,1,0000000000000000,19097c3fdfa3bb7a,19097c3fdfa3bb7a,0,1
2909,2909,0,00000b0,06,2,2,3,802ec493468403d6,3,3,3,a7bf4586611582c3,0,1,02951a9ac43fdddf,ffffffffffffffff,945cf2b452f635f1,1,1
2910,2910,0,00000b4,06,2,2,3,17d0570fd17a904a,3,3,3,a7bf4586611582c3,0,1,8fc09411496a5354,e0aba10827ee67a2,03a26128c508a66d,1,1
2911,2911,0,00000b8,06,2,2,3,9a85d9845c2f1ec1,3,3,3,a7bf4586611582c3,0,1,382d7036fe87b773,8ef7efa3485d28e6,8ef7efa3485d28e6,0,1
2912,2912,0,00000bc,06,2,2,3,5281046a942bc32f,3,3,3,a7bf4586611582c3,0,1,b578febd73d239f8,46f3324d8059f508,46f3324d8059f508,0,0
2913,2913,0,00000c0,06,2,2,3,dfd48ae1197e4da4,3,3,3,a7bf4586611582c3,0,1,22866d21e42caa64,46f3324d8059f508,46f3324d8059f508,0,0
2914,2914,0,00000c4,06,2,2,3,482a197d8e80de38,3,3,3,a7bf4586611582c3,0,1,afd3e3aa697924ef,46f3324d8059f508,46f3324d8059f508,0,0
2915,2915,0,00000c8,06,2,2,3,c57f97f603d550b3,3,3,3,a7bf4586611582c3,0,1,0d7b4a18cbd18d5d,46f3324d8059f508,46f3324d8059f508,0,0
2916,2916,0,00000cc,06,2,2,3,67d73e44a17df901,3,3,3,a7bf4586611582c3,0,1,802ec493468403d6,46f3324d8059f508,46f3324d8059f508,0,0
2917,2917,0,0000000,00,3,3,3,ea82b0cf2c28778a,3,3,3,a7bf4586611582c3,0,1,17d0570fd17a904a,46f3324d8059f508,46f3324d8059f508,0,0
2918,2918,0,0000000,00,3,3,3,7d7c2353bbd6e416,3,3,3,a7bf4586611582c3,0,1,9a85d9845c2f1ec1,46f3324d8059f508,46f3324d8059f508,0,0
2919,2919,0,0000000,00,3,2,2,f029add836836a9d,3,3,3,a7bf4586611582c3,0,1,5281046a942bc32f,46f3324d8059f508,46f3324d8059f508,0,0
2920,2920,0,0000000,00,3,3,3,ed75988e2bdf5fcb,3,3,3,a7bf4586611582c3,0,1,dfd48ae1197e4da4,46f3324d8059f508,46f3324d8059f508,0,0
2921,2921,0,0000000,00,3,3,3,60201605a68ad140,3,3,3,a7bf4586611582c3,0,1,482a197d8e80de38,46f3324d8059f508,46f3324d8059f508,0,0
2922,2922,0,0000000,00,3,3,3,f7de8599317442dc,3,3,3,a7bf4586611582c3,0,1,c57f97f603d550b3,46f3324d8059f508,46f3324d8059f508,0,0
2923,2923,0,0000000,00,3,3,3,7a8b0b12bc21cc57,0,3,3,a7bf4586611582c3,0,1,67d73e44a17df901,46f3324d8059f508,46f3324d8059f508,0,0
2924,2924,0,0000000,00,3,3,3,0000000000007a8b,0,3,3,a7bf4586611582c3,0,1,ea82b0cf2c28778a,46f3324d8059f508,46f3324d8059f508,0,0
2925,2925,0,00000d0,06,2,2,3,0000000000000000,0,3,3,a7bf4586611582c3,0,1,7d7c2353bbd6e416,391a0b84ffb0ccc1,391a0b84ffb0ccc1,0,1
2926,2926,0,00000d4,06,2,2,3,0000000000000000,0,3,3,a7bf4586611582c3,0,1,f029add836836a9d,b44f850f72e5424a,b44f850f72e5424a,0,1
2927,2927,0,00000d8,06,2,2,3,0000000000000000,0,3,3,a7bf4586611582c3,0,1,ed75988e2bdf5fcb,23b11693e51bd1d6,23b11693e51bd1d6,0,1
2928,2928,0,00000dc,06,2,2,3,0000000000000000,0,3,3,a7bf4586611582c3,0,1,60201605a68ad140,aee49818684e5f5d,aee49818684e5f5d,0,1
2929,2929,0,00000e0,06,2,2,3,0000000000000000,0,3,3,a7bf4586611582c3,0,1,f7de8599317442dc,0c4c31aacae6f6ef,0c4c31aacae6f6ef,0,1
2930,2930,0,00000e4,06,2,2,3,0000000000000000,0,3,3,a7bf4586611582c3,0,1,7a8b0b12bc21cc57,8119bf2147b37864,8119bf2147b37864,0,1
2931,2931,0,00000e8,06,2,2,3,0000000000000000,3,0,3,a7bf4586611582c3,0,1,0000000000007a8b,16e72cbdd04debf8,16e72cbdd04debf8,0,1
2932,2932,0,00000ec,06,2,2,3,d823a2a01e8965e5,3,0,3,a7bf4586611582c3,0,1,0000000000000000,9bb2a2365d186573,9bb2a2365d186573,0,1
2933,2933,0,0000000,00,3,3,3,55762c2b93dceb6e,3,0,3,a7bf4586611582c3,0,1,0000000000000000,2c5f4611eaf58154,2c5f4611eaf58154,0,0
2934,2934,0,0000000,00,3,3,3,c288bfb7042278f2,3,0,3,a7bf4586611582c3,0,1,0000000000000000,2c5f4611eaf58154,2c5f4611eaf58154,0,0
2935,2935,0,0000000,00,3,3,3,4fdd313c8977f679,3,0,3,a7bf4586611582c3,0,1,0000000000000000,2c5f4611eaf58154,2c5f4611eaf58154,0,0
2936,2936,0,0000000,00,3,3,3,87d9ecd241732b97,3,0,3,0d0e94f7cba453b2,0,1,0000000000000000,2c5f4611eaf58154,2c5f4611eaf58154,0,0
2937,2937,0,0000000,00,3,3,3,0a8c6259cc26a51c,3,0,3,0d0e94f7cba453b2,0,1,0000000000000000,2c5f4611eaf58154,2c5f4611eaf58154,0,0
2938,2938,0,0000000,00,3,3,3,9d72f1c55bd83680,3,0,3,0d0e94f7cba453b2,0,1,0000000000000000,2c5f4611eaf58154,2c5f4611eaf58154,0,0
2939,2939,0,0000000,00,3,3,3,10277f4ed68db80b,0,3,3,0d0e94f7cba453b2,0,1,d823a2a01e8965e5,2c5f4611eaf58154,2c5f4611eaf58154,0,0
2940,2940,0,0000000,00,3,3,3,0000000000001027,0,3,3,0d0e94f7cba453b2,0,1,55762c2b93dceb6e,2c5f4611eaf58154,2c5f4611eaf58154,0,0
2941,2941,0,0000000,00,3,3,3,0000000000000000,0,3,3,0d0e94f7cba453b2,0,1,c288bfb7042278f2,2c5f4611eaf58154,2c5f4611eaf58154,0,0
2942,2942,0,0000000,00,3,3,3,0000000000000000,0,3,3,0d0e94f7cba453b2,0,1,4fdd313c8977f679,2c5f4611eaf58154,2c5f4611eaf58154,0,0
2943,2943,0,0000000,00,3,3,3,0000000000000000,0,3,3,0d0e94f7cba453b2,0,1,87d9ecd241732b97,2c5f4611eaf58154,2c5f4611eaf58154,0,0
2944,2944,0,0000000,00,3,3,3,0000000000000000,0,3,3,0d0e94f7cba453b2,0,1,0a8c6259cc26a51c,2c5f4611eaf58154,2c5f4611eaf58154,0,0
2945,2945,0,00000bc,00,2,2,3,0000000000000000,0,3,2,0d0e94f7cba453b2,3,1,9d72f1c55bd83680,2c5f4611eaf58154,2c5f4611eaf58154,0,0
2946,2946,0,00000f0,06,2,2,3,0000000000000000,0,3,3,1052a1a1d6f866e4,0,1,10277f4ed68db80b,53b67fd8951cb89d,53b67fd8951cb89d,0,1
2947,2947,0,00000f4,06,2,2,3,0000000000000000,0,0,3,1052a1a1d6f866e4,0,1,0000000000001027,dee3f15318493616,dee3f15318493616,0,1
2948,2948,0,00000f8,06,2,2,3,0000000000000000,0,0,3,1052a1a1d6f866e4,0,1,0000000000000000,491d62cf8fb7a58a,491d62cf8fb7a58a,0,1
2949,2949,0,00000c0,00,2,2,3,0000000000000000,0,0,2,1052a1a1d6f866e4,3,1,0000000000000000,c448ec4402e22b01,c448ec4402e22b01,0,1
2950,2950,0,0000000,00,3,3,3,0000000000000000,0,0,3,37b6fe5bf11c391e,0,1,0000000000000000,66e045f6a04a82b3,66e045f6a04a82b3,0,1
2951,2951,0,0000000,00,3,3,3,94f7cba453b20d0e,0,0,3,37b6fe5bf11c391e,0,1,0000000000000000,ffffffffffffffff,ebb5cb7d2d1f0c38,1,1
2952,2952,0,0000000,00,3,3,3,a1a1d6f866e40d0e,3,0,3,37b6fe5bf11c391e,0,1,0000000000000000,b3cee459748b22f3,7c4b58e1bae19fa4,1,1
2953,2953,0,0000000,00,3,3,3,b28fd6fc742511b9,3,0,3,37b6fe5bf11c391e,0,1,0000000000000000,f11ed66a37b4112f,f11ed66a37b4112f,0,1
2954,2954,0,0000000,00,3,3,3,ffffffffffffffff,3,0,3,37b6fe5bf11c391e,0,1,0000000000000000,391a0b84ffb0ccc1,391a0b84ffb0ccc1,0,0
2955,2955,0,0000000,00,3,3,3,a1a1d6f866e41052,0,0,3,37b6fe5bf11c391e,0,1,0000000000000000,391a0b84ffb0ccc1,391a0b84ffb0ccc1,0,0
2956,2956,0,0000000,00,3,3,3,fe5bf11c391e1052,0,0,3,37b6fe5bf11c391e,0,1,0000000000000000,391a0b84ffb0ccc1,391a0b84ffb0ccc1,0,0
2957,2957,0,0000000,00,3,3,3,0000000000000059,0,0,3,37b6fe5bf11c391e,0,1,0000000000000000,391a0b84ffb0ccc1,391a0b84ffb0ccc1,0,0
2958,2958,0,00000fc,06,2,2,3,0000000000000000,0,0,3,37b6fe5bf11c391e,0,1,94f7cba453b20d0e,391a0b84ffb0ccc1,391a0b84ffb0ccc1,0,0
2959,2959,0,0000100,06,2,2,3,0000000000000000,0,0,3,37b6fe5bf11c391e,0,1,a1a1d6f866e40d0e,391a0b84ffb0ccc1,391a0b84ffb0ccc1,0,0
2960,2960,0,0000104,06,2,2,3,0000000000000000,0,3,3,37b6fe5bf11c391e,0,1,b28fd6fc742511b9,391a0b84ffb0ccc1,391a0b84ffb0ccc1,0,0
2961,2961,0,0000108,06,2,2,3,0000000000000000,0,3,3,37b6fe5bf11c391e,0,1,ffffffffffffffff,391a0b84ffb0ccc1,391a0b84ffb0ccc1,0,0
2962,2962,0,000010c,06,2,2,3,0000000000000000,0,3,3,37b6fe5bf11c391e,0,1,a1a1d6f866e41052,391a0b84ffb0ccc1,391a0b84ffb0ccc1,0,0
2963,2963,0,0000000,00,3,3,3,0000000000000000,0,0,3,37b6fe5bf11c391e,0,1,fe5bf11c391e1052,391a0b84ffb0ccc1,391a0b84ffb0ccc1,0,0
2964,2964,0,0000000,00,3,3,3,0000000000000000,3,0,3,37b6fe5bf11c391e,0,1,0000000000000059,391a0b84ffb0ccc1,391a0b84ffb0ccc1,0,0
2965,2965,0,0000000,00,3,3,3,25714560e3db8225,3,0,3,37b6fe5bf11c391e,0,1,0000000000000000,391a0b84ffb0ccc1,391a0b84ffb0ccc1,0,0
2966,2966,0,0000000,00,3,3,3,c7ff03a40155c4e1,3,0,3,37b6fe5bf11c391e,0,1,0000000000000000,391a0b84ffb0ccc1,391a0b84ffb0ccc1,0,0
2967,2967,0,0000110,06,2,2,3,4aaa8d2f8c004a6a,3,0,3,37b6fe5bf11c391e,0,1,0000000000000000,ec42e33c2ae82479,ec42e33c2ae82479,0,1
2968,2968,0,0000114,06,2,2,3,dd541eb31bfed9f6,3,0,3,37b6fe5bf11c391e,0,1,0000000000000000,61176db7a7bdaaf2,61176db7a7bdaaf2,0,1
2969,2969,0,0000118,06,2,2,3,5001903896ab577d,0,0,3,37b6fe5bf11c391e,0,1,0000000000000000,f6e9fe2b3043396e,f6e9fe2b3043396e,0,1
2970,2970,0,000011c,06,2,2,3,0000000000005001,0,0,3,37b6fe5bf11c391e,0,1,0000000000000000,7bbc70a0bd16b7e5,7bbc70a0bd16b7e5,0,1
2971,2971,0,0000120,06,2,2,3,0000000000000000,0,0,3,37b6fe5bf11c391e,0,1,0000000000000000,d914d9121fbe1e57,d914d9121fbe1e57,0,1
2972,2972,0,0000124,06,2,2,3,0000000000000000,0,3,3,37b6fe5bf11c391e,0,1,25714560e3db8225,5441579992eb90dc,5441579992eb90dc,0,1
2973,2973,0,0000128,06,2,2,3,0000000000000000,3,3,3,37b6fe5bf11c391e,0,1,c7ff03a40155c4e1,c3bfc40505150340,c3bfc40505150340,0,1
2974,2974,0,000012c,06,2,2,3,f2a9398a3403fecf,3,3,3,37b6fe5bf11c391e,0,1,4aaa8d2f8c004a6a,4eea4a8e88408dcb,4eea4a8e88408dcb,0,1
2975,2975,0,0000000,00,3,3,3,7ffcb701b9567044,3,3,3,37b6fe5bf11c391e,0,1,dd541eb31bfed9f6,53b67fd8951cb89d,53b67fd8951cb89d,0,0
2976,2976,0,0000000,00,3,3,3,e802249d2ea8e3d8,3,3,3,37b6fe5bf11c391e,0,1,5001903896ab577d,53b67fd8951cb89d,53b67fd8951cb89d,0,0
2977,2977,0,0000000,00,3,3,3,6557aa16a3fd6d53,3,0,3,37b6fe5bf11c391e,0,1,0000000000005001,53b67fd8951cb89d,53b67fd8951cb89d,0,0
2978,2978,0,0000000,00,3,3,3,ad5377f86bf9b0bd,3,0,3,9d072f2a5bade86f,0,1,0000000000000000,53b67fd8951cb89d,53b67fd8951cb89d,0,0
2979,2979,0,0000000,00,3,3,3,2006f973e6ac3e36,3,0,3,9d072f2a5bade86f,0,1,0000000000000000,53b67fd8951cb89d,53b67fd8951cb89d,0,0
2980,2980,0,0000000,00,3,3,3,b7f86aef7152adaa,3,0,3,9d072f2a5bade86f,0,1,0000000000000000,53b67fd8951cb89d,53b67fd8951cb89d,0,0
2981,2981,0,0000000,00,3,3,3,3aade464fc072321,0,3,3,9d072f2a5bade86f,0,1,f2a9398a3403fecf,53b67fd8951cb89d,53b67fd8951cb89d,0,0
2982,2982,0,0000000,00,3,3,3,0000000000003aad,0,3,3,9d072f2a5bade86f,0,1,7ffcb701b9567044,53b67fd8951cb89d,53b67fd8951cb89d,0,0
2983,2983,0,0000000,00,3,3,3,0000000000000000,0,3,3,9d072f2a5bade86f,0,1,e802249d2ea8e3d8,53b67fd8951cb89d,53b67fd8951cb89d,0,0
2984,2984,0,0000000,00,3,3,3,0000000000000000,0,3,3,9d072f2a5bade86f,0,1,6557aa16a3fd6d53,53b67fd8951cb89d,53b67fd8951cb89d,0,0
2985,2985,0,0000000,00,3,3,3,0000000000000000,0,3,3,9d072f2a5bade86f,0,1,ad5377f86bf9b0bd,53b67fd8951cb89d,53b67fd8951cb89d,0,0
2986,2986,0,0000000,00,3,3,3,0000000000000000,0,3,3,9d072f2a5bade86f,0,1,2006f973e6ac3e36,53b67fd8951cb89d,53b67fd8951cb89d,0,0
2987,2987,0,00000c4,00,2,2,3,0000000000000000,0,3,2,9d072f2a5bade86f,3,1,b7f86aef7152adaa,53b67fd8951cb89d,53b67fd8951cb89d,0,0
2988,2988,0,0000130,06,2,2,3,0000000000000000,0,3,3,0af9bcb6cc537bf3,0,1,3aade464fc072321,86ee976040445025,86ee976040445025,0,1
2989,2989,0,0000134,06,2,2,3,0000000000000000,0,0,3,0af9bcb6cc537bf3,0,1,0000000000003aad,0bbb19ebcd11deae,0bbb19ebcd11deae,0,1
2990,2990,0,0000138,06,2,2,3,0000000000000000,0,0,3,0af9bcb6cc537bf3,0,1,0000000000000000,9c458a775aef4d32,9c458a775aef4d32,0,1
2991,2991,0,00000c8,00,2,2,3,0000000000000000,0,0,2,0af9bcb6cc537bf3,3,1,0000000000000000,111004fcd7bac3b9,111004fcd7bac3b9,0,1
2992,2992,0,0000000,00,3,3,3,0000000000000000,0,0,3,2d1de34cebb72409,0,1,0000000000000000,b3b8ad4e75126a0b,b3b8ad4e75126a0b,0,1
2993,2993,0,0000000,00,3,3,3,2f2a5bade86f9d07,0,0,3,2d1de34cebb72409,0,1,0000000000000000,ffffffffffffffff,3eed23c5f847e480,1,1
2994,2994,0,0000000,00,3,3,3,bcb6cc537bf39d07,3,0,3,2d1de34cebb72409,0,1,0000000000000000,aed9fef2699c3858,a913b0596fb9771c,1,1
2995,2995,0,0000000,00,3,3,3,98054dd65eaf8a93,3,0,3,2d1de34cebb72409,0,1,0000000000000000,24463ed2e2ecf997,24463ed2e2ecf997,0,1
2996,2996,0,0000000,00,3,3,3,ffffffffffffffff,3,0,3,2d1de34cebb72409,0,1,0000000000000000,ec42e33c2ae82479,ec42e33c2ae82479,0,0
2997,2997,0,0000000,00,3,3,3,bcb6cc537bf30af9,0,0,3,2d1de34cebb72409,0,1,0000000000000000,ec42e33c2ae82479,ec42e33c2ae82479,0,0
2998,2998,0,0000000,00,3,3,3,e34cebb724090af9,0,0,3,2d1de34cebb72409,0,1,0000000000000000,ec42e33c2ae82479,ec42e33c2ae82479,0,0
2999,2999,0,0000000,00,3,3,3,000000000000004c,0,0,3,2d1de34cebb72409,0,1,0000000000000000,ec42e33c2ae82479,ec42e33c2ae82479,0,0
3000,3000,0,000013c,06,2,2,3,0000000000000000,0,0,3,2d1de34cebb72409,0,1,2f2a5bade86f9d07,ec42e33c2ae82479,ec42e33c2ae82479,0,0
3001,3001,0,0000140,06,2,2,3,0000000000000000,0,0,3,2d1de34cebb72409,0,1,bcb6cc537bf39d07,ec42e33c2ae82479,ec42e33c2ae82479,0,0
3002,3002,0,0000144,06,2,2,3,0000000000000000,0,3,3,2d1de34cebb72409,0,1,98054dd65eaf8a93,ec42e33c2ae82479,ec42e33c2ae82479,0,0
3003,3003,0,0000148,06,2,2,3,0000000000000000,0,3,3,2d1de34cebb72409,0,1,ffffffffffffffff,ec42e33c2ae82479,ec42e33c2ae82479,0,0
3004,3004,0,000014c,06,2,2,3,0000000000000000,0,3,3,2d1de34cebb72409,0,1,bcb6cc537bf30af9,ec42e33c2ae82479,ec42e33c2ae82479,0,0
3005,3005,0,0000000,00,3,3,3,0000000000000000,0,0,3,2d1de34cebb72409,0,1,e34cebb724090af9,ec42e33c2ae82479,ec42e33c2ae82479,0,0
3006,3006,0,0000000,00,3,3,3,0000000000000000,3,0,3,2d1de34cebb72409,0,1,000000000000004c,ec42e33c2ae82479,ec42e33c2ae82479,0,0
3007,3007,0,0000000,00,3,3,3,0ffbde4ac951190f,3,0,3,2d1de34cebb72409,0,1,0000000000000000,ec42e33c2ae82479,ec42e33c2ae82479,0,0
3008,3008,0,0000000,00,3,3,3,12a7eb1cd40d2c59,3,0,3,2d1de34cebb72409,0,1,0000000000000000,ec42e33c2ae82479,ec42e33c2ae82479,0,0
3009,3009,0,0000150,06,2,2,3,9ff265975958a2d2,3,0,3,2d1de34cebb72409,0,1,0000000000000000,929ca14754366602,929ca14754366602,0,1
3010,3010,0,0000154,06,2,2,3,080cf60bcea6314e,3,0,3,2d1de34cebb72409,0,1,0000000000000000,1fc92fccd963e889,1fc92fccd963e889,0,1
3011,3011,0,0000158,06,2,2,3,8559788043f3bfc5,0,0,3,2d1de34cebb72409,0,1,0000000000000000,8837bc504e9d7b15,8837bc504e9d7b15,0,1
3012,3012,0,000015c,06,2,2,3,0000000000008559,0,0,3,2d1de34cebb72409,0,1,0000000000000000,056232dbc3c8f59e,056232dbc3c8f59e,0,1
3013,3013,0,0000160,06,2,2,3,0000000000000000,0,0,3,2d1de34cebb72409,0,1,0000000000000000,a7ca9b6961605c2c,a7ca9b6961605c2c,0,1
3014,3014,0,0000164,06,2,2,3,0000000000000000,0,3,3,2d1de34cebb72409,0,1,0ffbde4ac951190f,2a9f15e2ec35d2a7,2a9f15e2ec35d2a7,0,1
3015,3015,0,0000168,06,2,2,3,0000000000000000,3,3,3,2d1de34cebb72409,0,1,12a7eb1cd40d2c59,bd61867e7bcb413b,bd61867e7bcb413b,0,1
3016,3016,0,000016c,06,2,2,3,27f1d132e15b1677,3,3,3,2d1de34cebb72409,0,1,9ff265975958a2d2,303408f5f69ecfb0,303408f5f69ecfb0,0,1
3017,3017,0,0000000,00,3,3,3,aaa45fb96c0e98fc,3,3,3,2d1de34cebb72409,0,1,080cf60bcea6314e,86ee976040445025,86ee976040445025,0,0
3018,3018,0,0000000,00,3,3,3,3d5acc25fbf00b60,3,3,3,2d1de34cebb72409,0,1,8559788043f3bfc5,86ee976040445025,86ee976040445025,0,0
3019,3019,0,0000000,00,3,3,3,b00f42ae76a585eb,3,0,3,2d1de34cebb72409,0,1,0000000000008559,86ee976040445025,86ee976040445025,0,0
3020,3020,0,0000000,00,3,3,3,780b9f40bea15805,3,0,3,87ac323d4106f578,0,1,0000000000000000,86ee976040445025,86ee976040445025,0,0
3021,3021,0,0000000,00,3,3,3,f55e11cb33f4d68e,3,0,3,87ac323d4106f578,0,1,0000000000000000,86ee976040445025,86ee976040445025,0,0
3022,3022,0,0000000,00,3,3,3,62a08257a40a4512,3,0,3,87ac323d4106f578,0,1,0000000000000000,86ee976040445025,86ee976040445025,0,0
3023,3023,0,0000000,00,3,3,3,eff50cdc295fcb99,0,3,3,87ac323d4106f578,0,1,27f1d132e15b1677,86ee976040445025,86ee976040445025,0,0
3024,3024,0,0000000,00,3,3,3,000000000000eff5,0,3,3,87ac323d4106f578,0,1,aaa45fb96c0e98fc,86ee976040445025,86ee976040445025,0,0
3025,3025,0,0000000,00,3,3,3,0000000000000000,0,3,3,87ac323d4106f578,0,1,3d5acc25fbf00b60,86ee976040445025,86ee976040445025,0,0
3026,3026,0,0000000,00,3,3,3,0000000000000000,0,3,3,87ac323d4106f578,0,1,b00f42ae76a585eb,86ee976040445025,86ee976040445025,0,0
3027,3027,0,0000000,00,3,3,3,0000000000000000,0,3,3,87ac323d4106f578,0,1,780b9f40bea15805,86ee976040445025,86ee976040445025,0,0
3028,3028,0,0000000,00,3,3,3,0000000000000000,0,3,3,87ac323d4106f578,0,1,f55e11cb33f4d68e,86ee976040445025,86ee976040445025,0,0
3029,3029,0,00000cc,00,2,2,3,0000000000000000,0,3,2,87ac323d4106f578,3,1,62a08257a40a4512,86ee976040445025,86ee976040445025,0,0
3030,3030,0,0000170,06,2,2,3,0000000000000000,0,3,3,25049b8fe3ae5cca,0,1,eff50cdc295fcb99,f830d51b3e9a125e,f830d51b3e9a125e,0,1
3031,3031,0,0000174,06,2,2,3,0000000000000000,0,0,3,25049b8fe3ae5cca,0,1,000000000000eff5,75655b90b3cf9cd5,75655b90b3cf9cd5,0,1
3032,3032,0,0000178,06,2,2,3,0000000000000000,0,0,3,25049b8fe3ae5cca,0,1,0000000000000000,e29bc80c24310f49,e29bc80c24310f49,0,1
3033,3033,0,00000d0,00,2,2,3,0000000000000000,0,0,2,25049b8fe3ae5cca,3,1,0000000000000000,6fce4687a96481c2,6fce4687a96481c2,0,1
3034,3034,0,0000000,00,3,3,3,0000000000000000,0,0,3,02e0c475c44a0330,0,1,0000000000000000,cd66ef350bcc2870,cd66ef350bcc2870,0,1
3035,3035,0,0000000,00,3,3,3,323d4106f57887ac,0,0,3,02e0c475c44a0330,0,1,0000000000000000,ffffffffffffffff,403361be8699a6fb,1,1
3036,3036,0,0000000,00,3,3,3,9b8fe3ae5cca87ac,3,0,3,02e0c475c44a0330,0,1,0000000000000000,89e0d10f4ea517a5,d7cdf22211673567,1,1
3037,3037,0,0000000,00,3,3,3,4d5da56e8bf7622b,3,0,3,02e0c475c44a0330,0,1,0000000000000000,5a987ca99c32bbec,5a987ca99c32bbec,0,1
3038,3038,0,0000000,00,3,3,3,ffffffffffffffff,3,0,3,02e0c475c44a0330,0,1,0000000000000000,929ca14754366602,929ca14754366602,0,0
3039,3039,0,0000000,00,3,3,3,9b8fe3ae5cca2504,0,0,3,02e0c475c44a0330,0,1,0000000000000000,929ca14754366602,929ca14754366602,0,0
3040,3040,0,0000000,00,3,3,3,c475c44a03302504,0,0,3,02e0c475c44a0330,0,1,0000000000000000,929ca14754366602,929ca14754366602,0,0
3041,3041,0,0000000,00,3,3,3,0000000000000055,0,0,3,02e0c475c44a0330,0,1,0000000000000000,929ca14754366602,929ca14754366602,0,0
3042,3042,0,000017c,06,2,2,3,0000000000000000,0,0,3,02e0c475c44a0330,0,1,323d4106f57887ac,929ca14754366602,929ca14754366602,0,0
3043,3043,0,0000180,06,2,2,3,0000000000000000,0,0,3,02e0c475c44a0330,0,1,9b8fe3ae5cca87ac,929ca14754366602,929ca14754366602,0,0
3044,3044,0,0000184,06,2,2,3,0000000000000000,0,3,3,02e0c475c44a0330,0,1,4d5da56e8bf7622b,929ca14754366602,929ca14754366602,0,0
3045,3045,0,0000188,06,2,2,3,0000000000000000,0,3,3,02e0c475c44a0330,0,1,ffffffffffffffff,929ca14754366602,929ca14754366602,0,0
3046,3046,0,000018c,06,2,2,3,0000000000000000,0,3,3,02e0c475c44a0330,0,1,9b8fe3ae5cca2504,929ca14754366602,929ca14754366602,0,0
3047,3047,0,0000000,00,3,3,3,0000000000000000,0,0,3,02e0c475c44a0330,0,1,c475c44a03302504,929ca14754366602,929ca14754366602,0,0
3048,3048,0,0000000,00,3,3,3,0000000000000000,3,0,3,02e0c475c44a0330,0,1,0000000000000055,929ca14754366602,929ca14754366602,0,0
3049,3049,0,0000000,00,3,3,3,daa336f21c09f1b7,3,0,3,02e0c475c44a0330,0,1,0000000000000000,929ca14754366602,929ca14754366602,0,0
3050,3050,0,0000000,00,3,3,3,6d4ed2d5abe41590,3,0,3,02e0c475c44a0330,0,1,0000000000000000,929ca14754366602,929ca14754366602,0,0
3051,3051,0,0000190,06,2,2,3,e01b5c5e26b19b1b,3,0,3,02e0c475c44a0330,0,1,0000000000000000,47c449ff816e8eba,47c449ff816e8eba,0,1
3052,3052,0,0000194,06,2,2,3,77e5cfc2b14f0887,3,0,3,02e0c475c44a0330,0,1,0000000000000000,ca91c7740c3b0031,ca91c7740c3b0031,0,1
3053,3053,0,0000198,06,2,2,3,fab041493c1a860c,0,0,3,02e0c475c44a0330,0,1,0000000000000000,5d6f54e89bc593ad,5d6f54e89bc593ad,0,1
3054,3054,0,000019c,06,2,2,3,000000000000fab0,0,0,3,02e0c475c44a0330,0,1,0000000000000000,d03ada6316901d26,d03ada6316901d26,0,1
3055,3055,0,00001a0,06,2,2,3,0000000000000000,0,0,3,02e0c475c44a0330,0,1,0000000000000000,729273d1b438b494,729273d1b438b494,0,1
3056,3056,0,00001a4,06,2,2,3,0000000000000000,0,3,3,02e0c475c44a0330,0,1,daa336f21c09f1b7,ffc7fd5a396d3a1f,ffc7fd5a396d3a1f,0,1
3057,3057,0,00001a8,06,2,2,3,0000000000000000,3,3,3,02e0c475c44a0330,0,1,6d4ed2d5abe41590,68396ec6ae93a983,68396ec6ae93a983,0,1
3058,3058,0,00001ac,06,2,2,3,5818e8fb9eb22fbe,3,3,3,02e0c475c44a0330,0,1,e01b5c5e26b19b1b,e56ce04d23c62708,e56ce04d23c62708,0,1
3059,3059,0,0000000,00,3,3,3,d54d667013e7a135,3,3,3,02e0c475c44a0330,0,1,77e5cfc2b14f0887,f830d51b3e9a125e,f830d51b3e9a125e,0,0
3060,3060,0,0000000,00,3,3,3,42b3f5ec841932a9,3,3,3,02e0c475c44a0330,0,1,fab041493c1a860c,f830d51b3e9a125e,f830d51b3e9a125e,0,0
3061,3061,0,0000000,00,3,3,3,cfe67b67094cbc22,3,0,3,02e0c475c44a0330,0,1,000000000000fab0,f830d51b3e9a125e,f830d51b3e9a125e,0,0
3062,3062,0,0000000,00,3,3,3,07e2a689c14861cc,3,0,3,a85115046efbd241,0,1,0000000000000000,f830d51b3e9a125e,f830d51b3e9a125e,0,0
3063,3063,0,0000000,00,3,3,3,8ab728024c1def47,3,0,3,a85115046efbd241,0,1,0000000000000000,f830d51b3e9a125e,f830d51b3e9a125e,0,0
3064,3064,0,0000000,00,3,3,3,1d49bb9edbe37cdb,3,0,3,a85115046efbd241,0,1,0000000000000000,f830d51b3e9a125e,f830d51b3e9a125e,0,0
3065,3065,0,0000000,00,3,3,3,901c351556b6f250,0,3,3,a85115046efbd241,0,1,5818e8fb9eb22fbe,f830d51b3e9a125e,f830d51b3e9a125e,0,0
3066,3066,0,0000000,00,3,3,3,000000000000901c,0,3,3,a85115046efbd241,0,1,d54d667013e7a135,f830d51b3e9a125e,f830d51b3e9a125e,0,0
3067,3067,0,0000000,00,3,3,3,0000000000000000,0,3,3,a85115046efbd241,0,1,42b3f5ec841932a9,f830d51b3e9a125e,f830d51b3e9a125e,0,0
3068,3068,0,0000000,00,3,3,3,0000000000000000,0,3,3,a85115046efbd241,0,1,cfe67b67094cbc22,f830d51b3e9a125e,f830d51b3e9a125e,0,0
3069,3069,0,0000000,00,3,3,3,0000000000000000,0,3,3,a85115046efbd241,0,1,07e2a689c14861cc,f830d51b3e9a125e,f830d51b3e9a125e,0,0
3070,3070,0,0000000,00,3,3,3,0000000000000000,0,3,3,a85115046efbd241,0,1,8ab728024c1def47,f830d51b3e9a125e,f830d51b3e9a125e,0,0
3071,3071,0,00000d4,00,2,2,3,0000000000000000,0,3,2,a85115046efbd241,3,1,1d49bb9edbe37cdb,f830d51b3e9a125e,f830d51b3e9a125e,0,0
3072,3072,0,00001b0,06,2,2,3,0000000000000000,0,3,3,3faf8698f90541dd,0,1,901c351556b6f250,2d683da3ebc2fae6,2d683da3ebc2fae6,0,1
3073,3073,0,00001b4,06,2,2,3,0000000000000000,0,0,3,3faf8698f90541dd,0,1,000000000000901c,a03db3286697746d,a03db3286697746d,0,1
3074,3074,0,00001b8,06,2,2,3,0000000000000000,0,0,3,3faf8698f90541dd,0,1,0000000000000000,37c320b4f169e7f1,37c320b4f169e7f1,0,1
3075,3075,0,00000d8,00,2,2,3,0000000000000000,0,0,2,3faf8698f90541dd,3,1,0000000000000000,ba96ae3f7c3c697a,ba96ae3f7c3c697a,0,1
3076,3076,0,0000000,00,3,3,3,0000000000000000,0,0,3,184bd962dee11e27,0,1,0000000000000000,183e078dde94c0c8,183e078dde94c0c8,0,1
3077,3077,0,0000000,00,3,3,3,15046efbd241a851,0,0,3,184bd962dee11e27,0,1,0000000000000000,ffffffffffffffff,956b890653c14e43,1,1
3078,3078,0,0000000,00,3,3,3,8698f90541dda851,3,0,3,184bd962dee11e27,0,1,0000000000000000,02951a9ac43fdddf,02951a9ac43fdddf,0,1
3079,3079,0,0000000,00,3,3,3,32b49ca7f41e5be2,3,0,3,184bd962dee11e27,0,1,0000000000000000,8fc09411496a5354,8fc09411496a5354,0,1
3080,3080,0,0000000,00,3,3,3,ffffffffffffffff,3,0,3,184bd962dee11e27,0,1,0000000000000000,47c449ff816e8eba,47c449ff816e8eba,0,0
3081,3081,0,0000000,00,3,3,3,8698f90541dd3faf,0,0,3,184bd962dee11e27,0,1,0000000000000000,47c449ff816e8eba,47c449ff816e8eba,0,0
3082,3082,0,0000000,00,3,3,3,d962dee11e273faf,0,0,3,184bd962dee11e27,0,1,0000000000000000,47c449ff816e8eba,47c449ff816e8eba,0,0
3083,3083,0,0000000,00,3,3,3,0000000000000040,0,0,3,184bd962dee11e27,0,1,0000000000000000,47c449ff816e8eba,47c449ff816e8eba,0,0
3084,3084,0,00001bc,06,2,2,3,0000000000000000,0,0,3,184bd962dee11e27,0,1,15046efbd241a851,47c449ff816e8eba,47c449ff816e8eba,0,0
3085,3085,0,00001c0,06,2,2,3,0000000000000000,0,0,3,184bd962dee11e27,0,1,8698f90541dda851,47c449ff816e8eba,47c449ff816e8eba,0,0
3086,3086,0,00001c4,06,2,2,3,0000000000000000,0,3,3,184bd962dee11e27,0,1,32b49ca7f41e5be2,47c449ff816e8eba,47c449ff816e8eba,0,0
3087,3087,0,00001c8,06,2,2,3,0000000000000000,0,3,3,184bd962dee11e27,0,1,ffffffffffffffff,47c449ff816e8eba,47c449ff816e8eba,0,0
3088,3088,0,00001cc,06,2,2,3,0000000000000000,0,3,3,184bd962dee11e27,0,1,8698f90541dd3faf,47c449ff816e8eba,47c449ff816e8eba,0,0
3089,3089,0,0000000,00,3,3,3,0000000000000000,0,0,3,184bd962dee11e27,0,1,d962dee11e273faf,47c449ff816e8eba,47c449ff816e8eba,0,0
3090,3090,0,0000000,00,3,3,3,0000000000000000,3,0,3,184bd962dee11e27,0,1,0000000000000040,47c449ff816e8eba,47c449ff816e8eba,0,0
3091,3091,0,0000000,00,3,3,3,a54a0f3b63e0c87e,3,0,3,184bd962dee11e27,0,1,0000000000000000,47c449ff816e8eba,47c449ff816e8eba,0,0
3092,3092,0,0000000,00,3,3,3,b8163a6d7ebcfd28,3,0,3,184bd962dee11e27,0,1,0000000000000000,47c449ff816e8eba,47c449ff816e8eba,0,0
3093,3093,0,00001d0,06,2,2,3,3543b4e6f3e973a3,3,0,3,184bd962dee11e27,0,1,0000000000000000,382d7036fe87b773,382d7036fe87b773,0,1
3094,3094,0,00001d4,06,2,2,3,a2bd277a6417e03f,3,0,3,184bd962dee11e27,0,1,0000000000000000,b578febd73d239f8,b578febd73d239f8,0,1
3095,3095,0,00001d8,06,2,2,3,2fe8a9f1e9426eb4,0,0,3,184bd962dee11e27,0,1,0000000000000000,22866d21e42caa64,22866d21e42caa64,0,1
3096,3096,0,00001dc,06,2,2,3,0000000000002fe8,0,0,3,184bd962dee11e27,0,1,0000000000000000,afd3e3aa697924ef,afd3e3aa697924ef,0,1
3097,3097,0,00001e0,06,2,2,3,0000000000000000,0,0,3,184bd962dee11e27,0,1,0000000000000000,0d7b4a18cbd18d5d,0d7b4a18cbd18d5d,0,1
3098,3098,0,00001e4,06,2,2,3,0000000000000000,0,3,3,184bd962dee11e27,0,1,a54a0f3b63e0c87e,802ec493468403d6,802ec493468403d6,0,1
3099,3099,0,00001e8,06,2,2,3,0000000000000000,3,3,3,184bd962dee11e27,0,1,b8163a6d7ebcfd28,17d0570fd17a904a,17d0570fd17a904a,0,1
3100,3100,0,00001ec,06,2,2,3,8d4000434beac706,3,3,3,184bd962dee11e27,0,1,3543b4e6f3e973a3,9a85d9845c2f1ec1,9a85d9845c2f1ec1,0,1
3101,3101,0,0000000,00,3,3,3,00158ec8c6bf498d,3,3,3,184bd962dee11e27,0,1,a2bd277a6417e03f,2d683da3ebc2fae6,2d683da3ebc2fae6,0,0
3102,3102,0,0000000,00,3,3,3,97eb1d545141da11,3,3,3,184bd962dee11e27,0,1,2fe8a9f1e9426eb4,2d683da3ebc2fae6,2d683da3ebc2fae6,0,0
3103,3103,0,0000000,00,3,3,3,1abe93dfdc14549a,3,0,3,184bd962dee11e27,0,1,0000000000002fe8,2d683da3ebc2fae6,2d683da3ebc2fae6,0,0
3104,3104,0,0000000,00,3,3,3,d2ba4e3114108974,3,0,3,b2fa08137450cf56,0,1,0000000000000000,2d683da3ebc2fae6,2d683da3ebc2fae6,0,0
3105,3105,0,0000000,00,3,3,3,5fefc0ba994507ff,3,0,3,b2fa08137450cf56,0,1,0000000000000000,2d683da3ebc2fae6,2d683da3ebc2fae6,0,0
3106,3106,0,0000000,00,3,3,3,c81153260ebb9463,3,0,3,b2fa08137450cf56,0,1,0000000000000000,2d683da3ebc2fae6,2d683da3ebc2fae6,0,0
3107,3107,0,0000000,00,3,3,3,4544ddad83ee1ae8,0,3,3,b2fa08137450cf56,0,1,8d4000434beac706,2d683da3ebc2fae6,2d683da3ebc2fae6,0,0
3108,3108,0,0000000,00,3,3,3,0000000000004544,0,3,3,b2fa08137450cf56,0,1,00158ec8c6bf498d,2d683da3ebc2fae6,2d683da3ebc2fae6,0,0
3109,3109,0,0000000,00,3,3,3,0000000000000000,0,3,3,b2fa08137450cf56,0,1,97eb1d545141da11,2d683da3ebc2fae6,2d683da3ebc2fae6,0,0
3110,3110,0,0000000,00,3,3,3,0000000000000000,0,3,3,b2fa08137450cf56,0,1,1abe93dfdc14549a,2d683da3ebc2fae6,2d683da3ebc2fae6,0,0
3111,3111,0,0000000,00,3,3,3,0000000000000000,0,3,3,b2fa08137450cf56,0,1,d2ba4e3114108974,2d683da3ebc2fae6,2d683da3ebc2fae6,0,0
3112,3112,0,0000000,00,3,3,3,0000000000000000,0,3,3,b2fa08137450cf56,0,1,5fefc0ba994507ff,2d683da3ebc2fae6,2d683da3ebc2fae6,0,0
3113,3113,0,00000dc,00,2,2,3,0000000000000000,0,3,2,b2fa08137450cf56,3,1,c81153260ebb9463,2d683da3ebc2fae6,2d683da3ebc2fae6,0,0
3114,3114,0,00001f0,06,2,2,3,0000000000000000,0,3,3,7afed5fdbc5412b8,0,1,4544ddad83ee1ae8,5281046a942bc32f,5281046a942bc32f,0,1
3115,3115,0,00001f4,06,2,2,3,0000000000000000,0,0,3,7afed5fdbc5412b8,0,1,0000000000004544,dfd48ae1197e4da4,dfd48ae1197e4da4,0,1
3116,3116,0,00001f8,06,2,2,3,0000000000000000,0,0,3,7afed5fdbc5412b8,0,1,0000000000000000,482a197d8e80de38,482a197d8e80de38,0,1
3117,3117,0,00000e0,00,2,2,3,0000000000000000,0,0,2,7afed5fdbc5412b8,3,1,0000000000000000,c57f97f603d550b3,c57f97f603d550b3,0,1
3118,3118,0,0000000,00,3,3,3,0000000000000000,0,0,3,5d1a8a079bb04d42,0,1,0000000000000000,67d73e44a17df901,67d73e44a17df901,0,1
3119,3119,0,0000000,00,3,3,3,08137450cf56b2fa,0,0,3,5d1a8a079bb04d42,0,1,0000000000000000,ea82b0cf2c28778a,ea82b0cf2c28778a,0,1
3120,3120,0,0000000,00,3,3,3,d5fdbc5412b8b2fa,3,0,3,5d1a8a079bb04d42,0,1,0000000000000000,7d7c2353bbd6e416,7d7c2353bbd6e416,0,1
3121,3121,0,0000000,00,3,3,3,e7ec741f2146b35a,3,0,3,5d1a8a079bb04d42,0,1,0000000000000000,f029add836836a9d,f029add836836a9d,0,1
3122,3122,0,0000000,00,3,3,3,ffffffffffffffff,3,0,3,5d1a8a079bb04d42,0,1,0000000000000000,382d7036fe87b773,382d7036fe87b773,0,0
3123,3123,0,0000000,00,3,3,3,d5fdbc5412b87afe,0,0,3,5d1a8a079bb04d42,0,1,0000000000000000,382d7036fe87b773,382d7036fe87b773,0,0
3124,3124,0,0000000,00,3,3,3,8a079bb04d427afe,0,0,3,5d1a8a079bb04d42,0,1,0000000000000000,382d7036fe87b773,382d7036fe87b773,0,0
3125,3125,0,0000000,00,3,3,3,0000000000000005,0,0,3,5d1a8a079bb04d42,0,1,0000000000000000,382d7036fe87b773,382d7036fe87b773,0,0
3126,3126,0,00001fc,06,2,2,3,0000000000000000,0,0,3,5d1a8a079bb04d42,0,1,08137450cf56b2fa,382d7036fe87b773,382d7036fe87b773,0,0
3127,3127,0,0000200,06,2,2,3,0000000000000000,0,0,3,5d1a8a079bb04d42,0,1,d5fdbc5412b8b2fa,382d7036fe87b773,382d7036fe87b773,0,0
3128,3128,0,0000204,06,2,2,3,0000000000000000,0,3,3,5d1a8a079bb04d42,0,1,e7ec741f2146b35a,382d7036fe87b773,382d7036fe87b773,0,0
3129,3129,0,0000208,06,2,2,3,0000000000000000,0,3,3,5d1a8a079bb04d42,0,1,ffffffffffffffff,382d7036fe87b773,382d7036fe87b773,0,0
3130,3130,0,000020c,06,2,2,3,0000000000000000,0,3,3,5d1a8a079bb04d42,0,1,d5fdbc5412b87afe,382d7036fe87b773,382d7036fe87b773,0,0
3131,3131,0,0000000,00,3,3,3,0000000000000000,0,0,3,5d1a8a079bb04d42,0,1,8a079bb04d427afe,382d7036fe87b773,382d7036fe87b773,0,0
3132,3132,0,0000000,00,3,3,3,0000000000000000,3,0,3,5d1a8a079bb04d42,0,1,0000000000000005,382d7036fe87b773,382d7036fe87b773,0,0
3133,3133,0,0000000,00,3,3,3,7012e783b6b820c6,3,0,3,5d1a8a079bb04d42,0,1,0000000000000000,382d7036fe87b773,382d7036fe87b773,0,0
3134,3134,0,0000000,00,3,3,3,385be481fef123c4,3,0,3,5d1a8a079bb04d42,0,1,0000000000000000,382d7036fe87b773,382d7036fe87b773,0,0
3135,3135,0,0000210,06,2,2,3,b50e6a0a73a4ad4f,3,0,3,5d1a8a079bb04d42,0,1,0000000000000000,ed75988e2bdf5fcb,ed75988e2bdf5fcb,0,1
3136,3136,0,0000214,06,2,2,3,22f0f996e45a3ed3,3,0,3,5d1a8a079bb04d42,0,1,0000000000000000,60201605a68ad140,60201605a68ad140,0,1
3137,3137,0,0000218,06,2,2,3,afa5771d690fb058,0,0,3,5d1a8a079bb04d42,0,1,0000000000000000,f7de8599317442dc,f7de8599317442dc,0,1
3138,3138,0,000021c,06,2,2,3,000000000000afa5,0,0,3,5d1a8a079bb04d42,0,1,0000000000000000,7a8b0b12bc21cc57,7a8b0b12bc21cc57,0,1
3139,3139,0,0000220,06,2,2,3,0000000000000000,0,0,3,5d1a8a079bb04d42,0,1,0000000000000000,d823a2a01e8965e5,d823a2a01e8965e5,0,1
3140,3140,0,0000224,06,2,2,3,0000000000000000,0,3,3,5d1a8a079bb04d42,0,1,7012e783b6b820c6,55762c2b93dceb6e,55762c2b93dceb6e,0,1
3141,3141,0,0000228,06,2,2,3,0000000000000000,3,3,3,5d1a8a079bb04d42,0,1,385be481fef123c4,c288bfb7042278f2,c288bfb7042278f2,0,1
3142,3142,0,000022c,06,2,2,3,0d0ddeafcba719ea,3,3,3,5d1a8a079bb04d42,0,1,b50e6a0a73a4ad4f,4fdd313c8977f679,4fdd313c8977f679,0,1
3143,3143,0,0000000,00,3,3,3,8058502446f29761,3,3,3,5d1a8a079bb04d42,0,1,22f0f996e45a3ed3,5281046a942bc32f,5281046a942bc32f,0,0
3144,3144,0,0000000,00,3,3,3,17a6c3b8d10c04fd,3,3,3,5d1a8a079bb04d42,0,1,afa5771d690fb058,5281046a942bc32f,5281046a942bc32f,0,0
3145,3145,0,0000000,00,3,3,3,9af34d335c598a76,3,0,3,5d1a8a079bb04d42,0,1,000000000000afa5,5281046a942bc32f,5281046a942bc32f,0,0
3146,3146,0,0000000,00,3,3,3,52f790dd945d5798,3,0,3,f7ab5b7631019c33,0,1,0000000000000000,5281046a942bc32f,5281046a942bc32f,0,0
3147,3147,0,0000000,00,3,3,3,dfa21e561908d913,3,0,3,f7ab5b7631019c33,0,1,0000000000000000,5281046a942bc32f,5281046a942bc32f,0,0
3148,3148,0,0000000,00,3,3,3,485c8dca8ef64a8f,3,0,3,f7ab5b7631019c33,0,1,0000000000000000,5281046a942bc32f,5281046a942bc32f,0,0
3149,3149,0,0000000,00,3,3,3,c509034103a3c404,0,3,3,f7ab5b7631019c33,0,1,0d0ddeafcba719ea,5281046a942bc32f,5281046a942bc32f,0,0
3150,3150,0,0000000,00,3,3,3,000000000000c509,0,3,3,f7ab5b7631019c33,0,1,8058502446f29761,5281046a942bc32f,5281046a942bc32f,0,0
3151,3151,0,0000000,00,3,3,3,0000000000000000,0,3,3,f7ab5b7631019c33,0,1,17a6c3b8d10c04fd,5281046a942bc32f,5281046a942bc32f,0,0
3152,3152,0,0000000,00,3,3,3,0000000000000000,0,3,3,f7ab5b7631019c33,0,1,9af34d335c598a76,5281046a942bc32f,5281046a942bc32f,0,0
3153,3153,0,0000000,00,3,3,3,0000000000000000,0,3,3,f7ab5b7631019c33,0,1,52f790dd945d5798,5281046a942bc32f,5281046a942bc32f,0,0
3154,3154,0,0000000,00,3,3,3,0000000000000000,0,3,3,f7ab5b7631019c33,0,1,dfa21e561908d913,5281046a942bc32f,5281046a942bc32f,0,0
3155,3155,0,00000e4,00,2,2,3,0000000000000000,0,3,2,f7ab5b7631019c33,3,1,485c8dca8ef64a8f,5281046a942bc32f,5281046a942bc32f,0,0
3156,3156,0,0000230,06,2,2,3,0000000000000000,0,3,3,6055c8eaa6ff0faf,0,1,c509034103a3c404,87d9ecd241732b97,87d9ecd241732b97,0,1
3157,3157,0,0000234,06,2,2,3,0000000000000000,0,0,3,6055c8eaa6ff0faf,0,1,000000000000c509,0a8c6259cc26a51c,0a8c6259cc26a51c,0,1
3158,3158,0,0000238,06,2,2,3,0000000000000000,0,0,3,6055c8eaa6ff0faf,0,1,0000000000000000,9d72f1c55bd83680,9d72f1c55bd83680,0,1
3159,3159,0,00000e8,00,2,2,3,0000000000000000,0,0,2,6055c8eaa6ff0faf,3,1,0000000000000000,10277f4ed68db80b,10277f4ed68db80b,0,1
3160,3160,0,0000000,00,3,3,3,0000000000000000,0,0,3,47b19710811b5055,0,1,0000000000000000,b28fd6fc742511b9,b28fd6fc742511b9,0,1
3161,3161,0,0000000,00,3,3,3,5b7631019c33f7ab,0,0,3,47b19710811b5055,0,1,0000000000000000,ffffffffffffffff,3fda5877f9709f32,1,1
3162,3162,0,0000000,00,3,3,3,c8eaa6ff0faff7ab,3,0,3,47b19710811b5055,0,1,0000000000000000,a1a1d6f866e41052,a824cbeb6e8e0cae,1,1
3163,3163,0,0000000,00,3,3,3,67a1aaf3a10b6db6,3,0,3,47b19710811b5055,0,1,0000000000000000,25714560e3db8225,25714560e3db8225,0,1
3164,3164,0,0000000,00,3,3,3,ffffffffffffffff,3,0,3,47b19710811b5055,0,1,0000000000000000,ed75988e2bdf5fcb,ed75988e2bdf5fcb,0,0
3165,3165,0,0000000,00,3,3,3,c8eaa6ff0faf6055,0,0,3,47b19710811b5055,0,1,0000000000000000,ed75988e2bdf5fcb,ed75988e2bdf5fcb,0,0
3166,3166,0,0000000,00,3,3,3,9710811b50556055,0,0,3,47b19710811b5055,0,1,0000000000000000,ed75988e2bdf5fcb,ed75988e2bdf5fcb,0,0
3167,3167,0,0000000,00,3,3,3,0000000000000010,0,0,3,47b19710811b5055,0,1,0000000000000000,ed75988e2bdf5fcb,ed75988e2bdf5fcb,0,0
3168,3168,0,000023c,06,2,2,3,0000000000000000,0,0,3,47b19710811b5055,0,1,5b7631019c33f7ab,ed75988e2bdf5fcb,ed75988e2bdf5fcb,0,0
3169,3169,0,0000240,06,2,2,3,0000000000000000,0,0,3,47b19710811b5055,0,1,c8eaa6ff0faff7ab,ed75988e2bdf5fcb,ed75988e2bdf5fcb,0,0
3170,3170,0,0000244,06,2,2,3,0000000000000000,0,3,3,47b19710811b5055,0,1,67a1aaf3a10b6db6,ed75988e2bdf5fcb,ed75988e2bdf5fcb,0,0
3171,3171,0,0000248,06,2,2,3,0000000000000000,0,3,3,47b19710811b5055,0,1,ffffffffffffffff,ed75988e2bdf5fcb,ed75988e2bdf5fcb,0,0
3172,3172,0,000024c,06,2,2,3,0000000000000000,0,3,3,47b19710811b5055,0,1,c8eaa6ff0faf6055,ed75988e2bdf5fcb,ed75988e2bdf5fcb,0,0
3173,3173,0,0000000,00,3,3,3,0000000000000000,0,0,3,47b19710811b5055,0,1,9710811b50556055,ed75988e2bdf5fcb,ed75988e2bdf5fcb,0,0
3174,3174,0,0000000,00,3,3,3,0000000000000000,3,0,3,47b19710811b5055,0,1,0000000000000010,ed75988e2bdf5fcb,ed75988e2bdf5fcb,0,0
3175,3175,0,0000000,00,3,3,3,f05f396f36f5fe2a,3,0,3,47b19710811b5055,0,1,0000000000000000,ed75988e2bdf5fcb,ed75988e2bdf5fcb,0,0
3176,3176,0,0000000,00,3,3,3,ed030c392ba9cb7c,3,0,3,47b19710811b5055,0,1,0000000000000000,ed75988e2bdf5fcb,ed75988e2bdf5fcb,0,0
3177,3177,0,0000250,06,2,2,3,605682b2a6fc45f7,3,0,3,47b19710811b5055,0,1,0000000000000000,c7ff03a40155c4e1,c7ff03a40155c4e1,0,1
3178,3178,0,0000254,06,2,2,3,f7a8112e3102d66b,3,0,3,47b19710811b5055,0,1,0000000000000000,4aaa8d2f8c004a6a,4aaa8d2f8c004a6a,0,1
3179,3179,0,0000258,06,2,2,3,7afd9fa5bc5758e0,0,0,3,47b19710811b5055,0,1,0000000000000000,dd541eb31bfed9f6,dd541eb31bfed9f6,0,1
3180,3180,0,000025c,06,2,2,3,0000000000007afd,0,0,3,47b19710811b5055,0,1,0000000000000000,5001903896ab577d,5001903896ab577d,0,1
3181,3181,0,0000260,06,2,2,3,0000000000000000,0,0,3,47b19710811b5055,0,1,0000000000000000,f2a9398a3403fecf,f2a9398a3403fecf,0,1
3182,3182,0,0000264,06,2,2,3,0000000000000000,0,3,3,47b19710811b5055,0,1,f05f396f36f5fe2a,7ffcb701b9567044,7ffcb701b9567044,0,1
3183,3183,0,0000268,06,2,2,3,0000000000000000,3,3,3,47b19710811b5055,0,1,ed030c392ba9cb7c,e802249d2ea8e3d8,e802249d2ea8e3d8,0,1
3184,3184,0,000026c,06,2,2,3,d85536171efff152,3,3,3,47b19710811b5055,0,1,605682b2a6fc45f7,6557aa16a3fd6d53,6557aa16a3fd6d53,0,1
3185,3185,0,0000000,00,3,3,3,5500b89c93aa7fd9,3,3,3,47b19710811b5055,0,1,f7a8112e3102d66b,87d9ecd241732b97,87d9ecd241732b97,0,0
3186,3186,0,0000000,00,3,3,3,c2fe2b000454ec45,3,3,3,47b19710811b5055,0,1,7afd9fa5bc5758e0,87d9ecd241732b97,87d9ecd241732b97,0,0
3187,3187,0,0000000,00,3,3,3,4faba58b890162ce,3,0,3,47b19710811b5055,0,1,0000000000007afd,87d9ecd241732b97,87d9ecd241732b97,0,0
3188,3188,0,0000000,00,3,3,3,87af78654105bf20,3,0,3,ed0046612baa8124,0,1,0000000000000000,87d9ecd241732b97,87d9ecd241732b97,0,0
3189,3189,0,0000000,00,3,3,3,0afaf6eecc5031ab,3,0,3,ed0046612baa8124,0,1,0000000000000000,87d9ecd241732b97,87d9ecd241732b97,0,0
3190,3190,0,0000000,00,3,3,3,9d0465725baea237,3,0,3,ed0046612baa8124,0,1,0000000000000000,87d9ecd241732b97,87d9ecd241732b97,0,0
3191,3191,0,0000000,00,3,3,3,1051ebf9d6fb2cbc,0,3,3,ed0046612baa8124,0,1,d85536171efff152,87d9ecd241732b97,87d9ecd241732b97,0,0
3192,3192,0,0000000,00,3,3,3,0000000000001051,0,3,3,ed0046612baa8124,0,1,5500b89c93aa7fd9,87d9ecd241732b97,87d9ecd241732b97,0,0
3193,3193,0,0000000,00,3,3,3,0000000000000000,0,3,3,ed0046612baa8124,0,1,c2fe2b000454ec45,87d9ecd241732b97,87d9ecd241732b97,0,0
3194,3194,0,0000000,00,3,3,3,0000000000000000,0,3,3,ed0046612baa8124,0,1,4faba58b890162ce,87d9ecd241732b97,87d9ecd241732b97,0,0
3195,3195,0,0000000,00,3,3,3,0000000000000000,0,3,3,ed0046612baa8124,0,1,87af78654105bf20,87d9ecd241732b97,87d9ecd241732b97,0,0
3196,3196,0,0000000,00,3,3,3,0000000000000000,0,3,3,ed0046612baa8124,0,1,0afaf6eecc5031ab,87d9ecd241732b97,87d9ecd241732b97,0,0
3197,3197,0,00000ec,00,2,2,3,0000000000000000,0,3,2,ed0046612baa8124,3,1,9d0465725baea237,87d9ecd241732b97,87d9ecd241732b97,0,0
3198,3198,0,0000270,06,2,2,3,0000000000000000,0,3,3,4fa8efd389022896,0,1,1051ebf9d6fb2cbc,ad5377f86bf9b0bd,ad5377f86bf9b0bd,0,1
3199,3199,0,0000274,06,2,2,3,0000000000000000,0,0,3,4fa8efd389022896,0,1,0000000000001051,2006f973e6ac3e36,2006f973e6ac3e36,0,1
3200,3200,0,0000278,06,2,2,3,0000000000000000,0,0,3,4fa8efd389022896,0,1,0000000000000000,b7f86aef7152adaa,b7f86aef7152adaa,0,1
3201,3201,0,00000f0,00,2,2,3,0000000000000000,0,0,2,4fa8efd389022896,3,1,0000000000000000,3aade464fc072321,3aade464fc072321,0,1
3202,3202,0,0000000,00,3,3,3,0000000000000000,0,0,3,684cb029aee6776c,0,1,0000000000000000,98054dd65eaf8a93,98054dd65eaf8a93,0,1
3203,3203,0,0000000,00,3,3,3,46612baa8124ed00,0,0,3,684cb029aee6776c,0,1,0000000000000000,ffffffffffffffff,1550c35dd3fa0418,1,1
3204,3204,0,0000000,00,3,3,3,efd389022896ed00,3,0,3,684cb029aee6776c,0,1,0000000000000000,bcb6cc537bf30af9,82ae50c144049784,1,1
3205,3205,0,0000000,00,3,3,3,b2f9424b7453850e,3,0,3,684cb029aee6776c,0,1,0000000000000000,0ffbde4ac951190f,0ffbde4ac951190f,0,1
3206,3206,0,0000000,00,3,3,3,ffffffffffffffff,3,0,3,684cb029aee6776c,0,1,0000000000000000,c7ff03a40155c4e1,c7ff03a40155c4e1,0,0
3207,3207,0,0000000,00,3,3,3,efd3890228964fa8,0,0,3,684cb029aee6776c,0,1,0000000000000000,c7ff03a40155c4e1,c7ff03a40155c4e1,0,0
3208,3208,0,0000000,00,3,3,3,b029aee6776c4fa8,0,0,3,684cb029aee6776c,0,1,0000000000000000,c7ff03a40155c4e1,c7ff03a40155c4e1,0,0
3209,3209,0,0000000,00,3,3,3,0000000000000029,0,0,3,684cb029aee6776c,0,1,0000000000000000,c7ff03a40155c4e1,c7ff03a40155c4e1,0,0
3210,3210,0,000027c,06,2,2,3,0000000000000000,0,0,3,684cb029aee6776c,0,1,46612baa8124ed00,c7ff03a40155c4e1,c7ff03a40155c4e1,0,0
3211,3211,0,0000280,06,2,2,3,0000000000000000,0,0,3,684cb029aee6776c,0,1,efd389022896ed00,c7ff03a40155c4e1,c7ff03a40155c4e1,0,0
3212,3212,0,0000284,06,2,2,3,0000000000000000,0,3,3,684cb029aee6776c,0,1,b2f9424b7453850e,c7ff03a40155c4e1,c7ff03a40155c4e1,0,0
3213,3213,0,0000288,06,2,2,3,0000000000000000,0,3,3,684cb029aee6776c,0,1,ffffffffffffffff,c7ff03a40155c4e1,c7ff03a40155c4e1,0,0
3214,3214,0,000028c,06,2,2,3,0000000000000000,0,3,3,684cb029aee6776c,0,1,efd3890228964fa8,c7ff03a40155c4e1,c7ff03a40155c4e1,0,0
3215,3215,0,0000000,00,3,3,3,0000000000000000,0,0,3,684cb029aee6776c,0,1,b029aee6776c4fa8,c7ff03a40155c4e1,c7ff03a40155c4e1,0,0
3216,3216,0,0000000,00,3,3,3,0000000000000000,3,0,3,684cb029aee6776c,0,1,0000000000000029,c7ff03a40155c4e1,c7ff03a40155c4e1,0,0
3217,3217,0,0000000,00,3,3,3,2507d1d7e3ad1692,3,0,3,684cb029aee6776c,0,1,0000000000000000,c7ff03a40155c4e1,c7ff03a40155c4e1,0,0
3218,3218,0,0000000,00,3,3,3,92ea35f05440f2b5,3,0,3,684cb029aee6776c,0,1,0000000000000000,c7ff03a40155c4e1,c7ff03a40155c4e1,0,0
3219,3219,0,0000290,06,2,2,3,1fbfbb7bd9157c3e,3,0,3,684cb029aee6776c,0,1,0000000000000000,12a7eb1cd40d2c59,12a7eb1cd40d2c59,0,1
3220,3220,0,0000294,06,2,2,3,884128e74eebefa2,3,0,3,684cb029aee6776c,0,1,0000000000000000,9ff265975958a2d2,9ff265975958a2d2,0,1
3221,3221,0,0000298,06,2,2,3,0514a66cc3be6129,0,0,3,684cb029aee6776c,0,1,0000000000000000,080cf60bcea6314e,080cf60bcea6314e,0,1
3222,3222,0,000029c,06,2,2,3,0000000000000514,0,0,3,684cb029aee6776c,0,1,0000000000000000,8559788043f3bfc5,8559788043f3bfc5,0,1
3223,3223,0,00002a0,06,2,2,3,0000000000000000,0,0,3,684cb029aee6776c,0,1,0000000000000000,27f1d132e15b1677,27f1d132e15b1677,0,1
3224,3224,0,00002a4,06,2,2,3,0000000000000000,0,3,3,684cb029aee6776c,0,1,2507d1d7e3ad1692,aaa45fb96c0e98fc,aaa45fb96c0e98fc,0,1
3225,3225,0,00002a8,06,2,2,3,0000000000000000,3,3,3,684cb029aee6776c,0,1,92ea35f05440f2b5,3d5acc25fbf00b60,3d5acc25fbf00b60,0,1
3226,3226,0,00002ac,06,2,2,3,a7bc0fde6116c89b,3,3,3,684cb029aee6776c,0,1,1fbfbb7bd9157c3e,b00f42ae76a585eb,b00f42ae76a585eb,0,1
3227,3227,0,0000000,00,3,3,3,2ae98155ec434610,3,3,3,684cb029aee6776c,0,1,884128e74eebefa2,ad5377f86bf9b0bd,ad5377f86bf9b0bd,0,0
3228,3228,0,0000000,00,3,3,3,bd1712c97bbdd58c,3,3,3,684cb029aee6776c,0,1,0514a66cc3be6129,ad5377f86bf9b0bd,ad5377f86bf9b0bd,0,0
3229,3229,0,0000000,00,3,3,3,30429c42f6e85b07,3,0,3,684cb029aee6776c,0,1,0000000000000514,ad5377f86bf9b0bd,ad5377f86bf9b0bd,0,0
3230,3230,0,0000000,00,3,3,3,f84641ac3eec86e9,3,0,3,c2fd61580457a61d,0,1,0000000000000000,ad5377f86bf9b0bd,ad5377f86bf9b0bd,0,0
3231,3231,0,0000000,00,3,3,3,7513cf27b3b90862,3,0,3,c2fd61580457a61d,0,1,0000000000000000,ad5377f86bf9b0bd,ad5377f86bf9b0bd,0,0
3232,3232,0,0000000,00,3,3,3,e2ed5cbb24479bfe,3,0,3,c2fd61580457a61d,0,1,0000000000000000,ad5377f86bf9b0bd,ad5377f86bf9b0bd,0,0
3233,3233,0,0000000,00,3,3,3,6fb8d230a9121575,0,3,3,c2fd61580457a61d,0,1,a7bc0fde6116c89b,ad5377f86bf9b0bd,ad5377f86bf9b0bd,0,0
3234,3234,0,0000000,00,3,3,3,0000000000006fb8,0,3,3,c2fd61580457a61d,0,1,2ae98155ec434610,ad5377f86bf9b0bd,ad5377f86bf9b0bd,0,0
3235,3235,0,0000000,00,3,3,3,0000000000000000,0,3,3,c2fd61580457a61d,0,1,bd1712c97bbdd58c,ad5377f86bf9b0bd,ad5377f86bf9b0bd,0,0
3236,3236,0,0000000,00,3,3,3,0000000000000000,0,3,3,c2fd61580457a61d,0,1,30429c42f6e85b07,ad5377f86bf9b0bd,ad5377f86bf9b0bd,0,0
3237,3237,0,0000000,00,3,3,3,0000000000000000,0,3,3,c2fd61580457a61d,0,1,f84641ac3eec86e9,ad5377f86bf9b0bd,ad5377f86bf9b0bd,0,0
3238,3238,0,0000000,00,3,3,3,0000000000000000,0,3,3,c2fd61580457a61d,0,1,7513cf27b3b90862,ad5377f86bf9b0bd,ad5377f86bf9b0bd,0,0
3239,3239,0,00000f4,00,2,2,3,0000000000000000,0,3,2,c2fd61580457a61d,3,1,e2ed5cbb24479bfe,ad5377f86bf9b0bd,ad5377f86bf9b0bd,0,0
3240,3240,0,00002b0,06,2,2,3,0000000000000000,0,3,3,5503f2c493a93581,0,1,6fb8d230a9121575,780b9f40bea15805,780b9f40bea15805,0,1
3241,3241,0,00002b4,06,2,2,3,0000000000000000,0,0,3,5503f2c493a93581,0,1,0000000000006fb8,f55e11cb33f4d68e,f55e11cb33f4d68e,0,1
3242,3242,0,00002b8,06,2,2,3,0000000000000000,0,0,3,5503f2c493a93581,0,1,0000000000000000,62a08257a40a4512,62a08257a40a4512,0,1
3243,3243,0,00000f8,00,2,2,3,0000000000000000,0,0,2,5503f2c493a93581,3,1,0000000000000000,eff50cdc295fcb99,eff50cdc295fcb99,0,1
3244,3244,0,0000000,00,3,3,3,0000000000000000,0,0,3,72e7ad3eb44d6a7b,0,1,0000000000000000,4d5da56e8bf7622b,4d5da56e8bf7622b,0,1
3245,3245,0,0000000,00,3,3,3,61580457a61dc2fd,0,0,3,72e7ad3eb44d6a7b,0,1,0000000000000000,ffffffffffffffff,c0082be506a2eca0,1,1
3246,3246,0,0000000,00,3,3,3,f2c493a93581c2fd,3,0,3,72e7ad3eb44d6a7b,0,1,0000000000000000,9b8fe3ae5cca2504,57f6b879915c7f3c,1,1
3247,3247,0,0000000,00,3,3,3,cd107b820bbabcc7,3,0,3,72e7ad3eb44d6a7b,0,1,0000000000000000,daa336f21c09f1b7,daa336f21c09f1b7,0,1
3248,3248,0,0000000,00,3,3,3,ffffffffffffffff,3,0,3,72e7ad3eb44d6a7b,0,1,0000000000000000,12a7eb1cd40d2c59,12a7eb1cd40d2c59,0,0
3249,3249,0,0000000,00,3,3,3,f2c493a935815503,0,0,3,72e7ad3eb44d6a7b,0,1,0000000000000000,12a7eb1cd40d2c59,12a7eb1cd40d2c59,0,0
3250,3250,0,0000000,00,3,3,3,ad3eb44d6a7b5503,0,0,3,72e7ad3eb44d6a7b,0,1,0000000000000000,12a7eb1cd40d2c59,12a7eb1cd40d2c59,0,0
3251,3251,0,0000000,00,3,3,3,000000000000001e,0,0,3,72e7ad3eb44d6a7b,0,1,0000000000000000,12a7eb1cd40d2c59,12a7eb1cd40d2c59,0,0
3252,3252,0,00002bc,06,2,2,3,0000000000000000,0,0,3,72e7ad3eb44d6a7b,0,1,61580457a61dc2fd,12a7eb1cd40d2c59,12a7eb1cd40d2c59,0,0
3253,3253,0,00002c0,06,2,2,3,0000000000000000,0,0,3,72e7ad3eb44d6a7b,0,1,f2c493a93581c2fd,12a7eb1cd40d2c59,12a7eb1cd40d2c59,0,0
3254,3254,0,00002c4,06,2,2,3,0000000000000000,0,3,3,72e7ad3eb44d6a7b,0,1,cd107b820bbabcc7,12a7eb1cd40d2c59,12a7eb1cd40d2c59,0,0
3255,3255,0,00002c8,06,2,2,3,0000000000000000,0,3,3,72e7ad3eb44d6a7b,0,1,ffffffffffffffff,12a7eb1cd40d2c59,12a7eb1cd40d2c59,0,0
3256,3256,0,00002cc,06,2,2,3,0000000000000000,0,3,3,72e7ad3eb44d6a7b,0,1,f2c493a935815503,12a7eb1cd40d2c59,12a7eb1cd40d2c59,0,0
3257,3257,0,0000000,00,3,3,3,0000000000000000,0,0,3,72e7ad3eb44d6a7b,0,1,ad3eb44d6a7b5503,12a7eb1cd40d2c59,12a7eb1cd40d2c59,0,0
3258,3258,0,0000000,00,3,3,3,0000000000000000,3,0,3,72e7ad3eb44d6a7b,0,1,000000000000001e,12a7eb1cd40d2c59,12a7eb1cd40d2c59,0,0
3259,3259,0,0000000,00,3,3,3,5aeee81e9c442f5b,3,0,3,72e7ad3eb44d6a7b,0,1,0000000000000000,12a7eb1cd40d2c59,12a7eb1cd40d2c59,0,0
3260,3260,0,0000000,00,3,3,3,47b2dd4881181a0d,3,0,3,72e7ad3eb44d6a7b,0,1,0000000000000000,12a7eb1cd40d2c59,12a7eb1cd40d2c59,0,0
3261,3261,0,00002d0,06,2,2,3,cae753c30c4d9486,3,0,3,72e7ad3eb44d6a7b,0,1,0000000000000000,6d4ed2d5abe41590,6d4ed2d5abe41590,0,1
3262,3262,0,00002d4,06,2,2,3,5d19c05f9bb3071a,3,0,3,72e7ad3eb44d6a7b,0,1,0000000000000000,e01b5c5e26b19b1b,e01b5c5e26b19b1b,0,1
3263,3263,0,00002d8,06,2,2,3,d04c4ed416e68991,0,0,3,72e7ad3eb44d6a7b,0,1,0000000000000000,77e5cfc2b14f0887,77e5cfc2b14f0887,0,1
3264,3264,0,00002dc,06,2,2,3,000000000000d04c,0,0,3,72e7ad3eb44d6a7b,0,1,0000000000000000,fab041493c1a860c,fab041493c1a860c,0,1
3265,3265,0,00002e0,06,2,2,3,0000000000000000,0,0,3,72e7ad3eb44d6a7b,0,1,0000000000000000,5818e8fb9eb22fbe,5818e8fb9eb22fbe,0,1
3266,3266,0,00002e4,06,2,2,3,0000000000000000,0,3,3,72e7ad3eb44d6a7b,0,1,5aeee81e9c442f5b,d54d667013e7a135,d54d667013e7a135,0,1
3267,3267,0,00002e8,06,2,2,3,0000000000000000,3,3,3,72e7ad3eb44d6a7b,0,1,47b2dd4881181a0d,42b3f5ec841932a9,42b3f5ec841932a9,0,1
3268,3268,0,00002ec,06,2,2,3,72e4e766b44e2023,3,3,3,72e7ad3eb44d6a7b,0,1,cae753c30c4d9486,cfe67b67094cbc22,cfe67b67094cbc22,0,1
3269,3269,0,0000000,00,3,3,3,ffb169ed391baea8,3,3,3,72e7ad3eb44d6a7b,0,1,5d19c05f9bb3071a,780b9f40bea15805,780b9f40bea15805,0,0
3270,3270,0,0000000,00,3,3,3,684ffa71aee53d34,3,3,3,72e7ad3eb44d6a7b,0,1,d04c4ed416e68991,780b9f40bea15805,780b9f40bea15805,0,0
3271,3271,0,0000000,00,3,3,3,e51a74fa23b0b3bf,3,0,3,72e7ad3eb44d6a7b,0,1,000000000000d04c,780b9f40bea15805,780b9f40bea15805,0,0
3272,3272,0,0000000,00,3,3,3,2d1ea914ebb46e51,3,0,3,d8567c4f1efcbb0a,0,1,0000000000000000,780b9f40bea15805,780b9f40bea15805,0,0
3273,3273,0,0000000,00,3,3,3,a04b279f66e1e0da,3,0,3,d8567c4f1efcbb0a,0,1,0000000000000000,780b9f40bea15805,780b9f40bea15805,0,0
3274,3274,0,0000000,00,3,3,3,37b5b403f11f7346,3,0,3,d8567c4f1efcbb0a,0,1,0000000000000000,780b9f40bea15805,780b9f40bea15805,0,0
3275,3275,0,0000000,00,3,3,3,bae03a887c4afdcd,0,3,3,d8567c4f1efcbb0a,0,1,72e4e766b44e2023,780b9f40bea15805,780b9f40bea15805,0,0
3276,3276,0,0000000,00,3,3,3,000000000000bae0,0,3,3,d8567c4f1efcbb0a,0,1,ffb169ed391baea8,780b9f40bea15805,780b9f40bea15805,0,0
3277,3277,0,0000000,00,3,3,3,0000000000000000,0,3,3,d8567c4f1efcbb0a,0,1,684ffa71aee53d34,780b9f40bea15805,780b9f40bea15805,0,0
3278,3278,0,0000000,00,3,3,3,0000000000000000,0,3,3,d8567c4f1efcbb0a,0,1,e51a74fa23b0b3bf,780b9f40bea15805,780b9f40bea15805,0,0
3279,3279,0,0000000,00,3,3,3,0000000000000000,0,3,3,d8567c4f1efcbb0a,0,1,2d1ea914ebb46e51,780b9f40bea15805,780b9f40bea15805,0,0
3280,3280,0,0000000,00,3,3,3,0000000000000000,0,3,3,d8567c4f1efcbb0a,0,1,a04b279f66e1e0da,780b9f40bea15805,780b9f40bea15805,0,0
3281,3281,0,00000fc,00,2,2,3,0000000000000000,0,3,2,d8567c4f1efcbb0a,3,1,37b5b403f11f7346,780b9f40bea15805,780b9f40bea15805,0,0
3282,3282,0,00002f0,06,2,2,3,0000000000000000,0,3,3,3ad83a8bfc72fdce,0,1,bae03a887c4afdcd,07e2a689c14861cc,07e2a689c14861cc,0,1
3283,3283,0,00002f4,06,2,2,3,0000000000000000,0,0,3,3ad83a8bfc72fdce,0,1,000000000000bae0,8ab728024c1def47,8ab728024c1def47,0,1
3284,3284,0,00002f8,06,2,2,3,0000000000000000,0,0,3,3ad83a8bfc72fdce,0,1,0000000000000000,1d49bb9edbe37cdb,1d49bb9edbe37cdb,0,1
3285,3285,0,0000100,00,2,2,3,0000000000000000,0,0,2,3ad83a8bfc72fdce,3,1,0000000000000000,901c351556b6f250,901c351556b6f250,0,1
3286,3286,0,0000000,00,3,3,3,0000000000000000,0,0,3,485fc7928ef500d7,0,1,0000000000000000,32b49ca7f41e5be2,32b49ca7f41e5be2,0,1
3287,3287,0,0000000,00,3,3,3,7c4f1efcbb0ad856,0,0,3,485fc7928ef500d7,0,1,0000000000000000,ffffffffffffffff,bfe1122c794bd569,1,1
3288,3288,0,0000000,00,3,3,3,3a8bfc72fdced856,3,0,3,485fc7928ef500d7,0,1,0000000000000000,8698f90541dd3faf,281f81b0eeb546f5,1,1
3289,3289,0,0000000,00,3,3,3,1848933adee2547f,3,0,3,485fc7928ef500d7,0,1,0000000000000000,a54a0f3b63e0c87e,a54a0f3b63e0c87e,0,1
3290,3290,0,0000000,00,3,3,3,ffffffffffffffff,3,0,3,485fc7928ef500d7,0,1,0000000000000000,6d4ed2d5abe41590,6d4ed2d5abe41590,0,0
3291,3291,0,0000000,00,3,3,3,3a8bfc72fdce3ad8,0,0,3,485fc7928ef500d7,0,1,0000000000000000,6d4ed2d5abe41590,6d4ed2d5abe41590,0,0
3292,3292,0,0000000,00,3,3,3,c7928ef500d73ad8,0,0,3,485fc7928ef500d7,0,1,0000000000000000,6d4ed2d5abe41590,6d4ed2d5abe41590,0,0
3293,3293,0,0000000,00,3,3,3,0000000000000092,0,0,3,485fc7928ef500d7,0,1,0000000000000000,6d4ed2d5abe41590,6d4ed2d5abe41590,0,0
3294,3294,0,00002fc,06,2,2,3,0000000000000000,0,0,3,485fc7928ef500d7,0,1,7c4f1efcbb0ad856,6d4ed2d5abe41590,6d4ed2d5abe41590,0,0
3295,3295,0,0000300,06,2,2,3,0000000000000000,0,0,3,485fc7928ef500d7,0,1,3a8bfc72fdced856,6d4ed2d5abe41590,6d4ed2d5abe41590,0,0
3296,3296,0,0000304,06,2,2,3,0000000000000000,0,3,3,485fc7928ef500d7,0,1,1848933adee2547f,6d4ed2d5abe41590,6d4ed2d5abe41590,0,0
3297,3297,0,0000308,06,2,2,3,0000000000000000,0,3,3,485fc7928ef500d7,0,1,ffffffffffffffff,6d4ed2d5abe41590,6d4ed2d5abe41590,0,0
3298,3298,0,000030c,06,2,2,3,0000000000000000,0,3,3,485fc7928ef500d7,0,1,3a8bfc72fdce3ad8,6d4ed2d5abe41590,6d4ed2d5abe41590,0,0
3299,3299,0,0000000,00,3,3,3,0000000000000000,0,0,3,485fc7928ef500d7,0,1,c7928ef500d73ad8,6d4ed2d5abe41590,6d4ed2d5abe41590,0,0
3300,3300,0,0000000,00,3,3,3,0000000000000000,3,0,3,485fc7928ef500d7,0,1,0000000000000092,6d4ed2d5abe41590,6d4ed2d5abe41590,0,0
3301,3301,0,0000000,00,3,3,3,8fb600a6491cc7e3,3,0,3,485fc7928ef500d7,0,1,0000000000000000,6d4ed2d5abe41590,6d4ed2d5abe41590,0,0
3302,3302,0,0000000,00,3,3,3,6d384662ab928127,3,0,3,485fc7928ef500d7,0,1,0000000000000000,6d4ed2d5abe41590,6d4ed2d5abe41590,0,0
3303,3303,0,0000310,06,2,2,3,e06dc8e926c70fac,3,0,3,485fc7928ef500d7,0,1,0000000000000000,b8163a6d7ebcfd28,b8163a6d7ebcfd28,0,1
3304,3304,0,0000314,06,2,2,3,77935b75b1399c30,3,0,3,485fc7928ef500d7,0,1,0000000000000000,3543b4e6f3e973a3,3543b4e6f3e973a3,0,1
3305,3305,0,0000318,06,2,2,3,fac6d5fe3c6c12bb,0,0,3,485fc7928ef500d7,0,1,0000000000000000,a2bd277a6417e03f,a2bd277a6417e03f,0,1
3306,3306,0,000031c,06,2,2,3,000000000000fac6,0,0,3,485fc7928ef500d7,0,1,0000000000000000,2fe8a9f1e9426eb4,2fe8a9f1e9426eb4,0,1
3307,3307,0,0000320,06,2,2,3,0000000000000000,0,0,3,485fc7928ef500d7,0,1,0000000000000000,8d4000434beac706,8d4000434beac706,0,1
3308,3308,0,0000324,06,2,2,3,0000000000000000,0,3,3,485fc7928ef500d7,0,1,8fb600a6491cc7e3,00158ec8c6bf498d,00158ec8c6bf498d,0,1
3309,3309,0,0000328,06,2,2,3,0000000000000000,3,3,3,485fc7928ef500d7,0,1,6d384662ab928127,97eb1d545141da11,97eb1d545141da11,0,1
3310,3310,0,000032c,06,2,2,3,586e7c4c9ec4bb09,3,3,3,485fc7928ef500d7,0,1,e06dc8e926c70fac,1abe93dfdc14549a,1abe93dfdc14549a,0,1
3311,3311,0,0000000,00,3,3,3,d53bf2c713913582,3,3,3,485fc7928ef500d7,0,1,77935b75b1399c30,07e2a689c14861cc,07e2a689c14861cc,0,0
3312,3312,0,0000000,00,3,3,3,42c5615b846fa61e,3,3,3,485fc7928ef500d7,0,1,fac6d5fe3c6c12bb,07e2a689c14861cc,07e2a689c14861cc,0,0
3313,3313,0,0000000,00,3,3,3,cf90efd0093a2895,3,0,3,485fc7928ef500d7,0,1,000000000000fac6,07e2a689c14861cc,07e2a689c14861cc,0,0
3314,3314,0,0000000,00,3,3,3,0794323ec13ef57b,3,0,3,b78db40071277345,0,1,0000000000000000,07e2a689c14861cc,07e2a689c14861cc,0,0
3315,3315,0,0000000,00,3,3,3,8ac1bcb54c6b7bf0,3,0,3,b78db40071277345,0,1,0000000000000000,07e2a689c14861cc,07e2a689c14861cc,0,0
3316,3316,0,0000000,00,3,3,3,1d3f2f29db95e86c,3,0,3,b78db40071277345,0,1,0000000000000000,07e2a689c14861cc,07e2a689c14861cc,0,0
3317,3317,0,0000000,00,3,3,3,906aa1a256c066e7,0,3,3,b78db40071277345,0,1,586e7c4c9ec4bb09,07e2a689c14861cc,07e2a689c14861cc,0,0
3318,3318,0,0000000,00,3,3,3,000000000000906a,0,3,3,b78db40071277345,0,1,d53bf2c713913582,07e2a689c14861cc,07e2a689c14861cc,0,0
3319,3319,0,0000000,00,3,3,3,0000000000000000,0,3,3,b78db40071277345,0,1,42c5615b846fa61e,07e2a689c14861cc,07e2a689c14861cc,0,0
3320,3320,0,0000000,00,3,3,3,0000000000000000,0,3,3,b78db40071277345,0,1,cf90efd0093a2895,07e2a689c14861cc,07e2a689c14861cc,0,0
3321,3321,0,0000000,00,3,3,3,0000000000000000,0,3,3,b78db40071277345,0,1,0794323ec13ef57b,07e2a689c14861cc,07e2a689c14861cc,0,0
3322,3322,0,0000000,00,3,3,3,0000000000000000,0,3,3,b78db40071277345,0,1,8ac1bcb54c6b7bf0,07e2a689c14861cc,07e2a689c14861cc,0,0
3323,3323,0,0000104,00,2,2,3,0000000000000000,0,3,2,b78db40071277345,3,1,1d3f2f29db95e86c,07e2a689c14861cc,07e2a689c14861cc,0,0
3324,3324,0,0000330,06,2,2,3,0000000000000000,0,3,3,2073279ce6d9e0d9,0,1,906aa1a256c066e7,d2ba4e3114108974,d2ba4e3114108974,0,1
3325,3325,0,0000334,06,2,2,3,0000000000000000,0,0,3,2073279ce6d9e0d9,0,1,000000000000906a,5fefc0ba994507ff,5fefc0ba994507ff,0,1
3326,3326,0,0000338,06,2,2,3,0000000000000000,0,0,3,2073279ce6d9e0d9,0,1,0000000000000000,c81153260ebb9463,c81153260ebb9463,0,1
3327,3327,0,0000108,00,2,2,3,0000000000000000,0,0,2,2073279ce6d9e0d9,3,1,0000000000000000,4544ddad83ee1ae8,4544ddad83ee1ae8,0,1
3328,3328,0,0000000,00,3,3,3,0000000000000000,0,0,3,52f4da85945e1dc0,0,1,0000000000000000,e7ec741f2146b35a,e7ec741f2146b35a,0,1
3329,3329,0,0000000,00,3,3,3,b40071277345b78d,0,0,3,52f4da85945e1dc0,0,1,0000000000000000,ffffffffffffffff,6ab9fa94ac133dd1,1,1
3330,3330,0,0000000,00,3,3,3,279ce6d9e0d9b78d,3,0,3,52f4da85945e1dc0,0,1,0000000000000000,d5fdbc5412b87afe,fd4769083bedae4d,1,1
3331,3331,0,0000000,00,3,3,3,32c20810f468cf55,3,0,3,52f4da85945e1dc0,0,1,0000000000000000,7012e783b6b820c6,7012e783b6b820c6,0,1
3332,3332,0,0000000,00,3,3,3,ffffffffffffffff,3,0,3,52f4da85945e1dc0,0,1,0000000000000000,b8163a6d7ebcfd28,b8163a6d7ebcfd28,0,0
3333,3333,0,0000000,00,3,3,3,279ce6d9e0d92073,0,0,3,52f4da85945e1dc0,0,1,0000000000000000,b8163a6d7ebcfd28,b8163a6d7ebcfd28,0,0
3334,3334,0,0000000,00,3,3,3,da85945e1dc02073,0,0,3,52f4da85945e1dc0,0,1,0000000000000000,b8163a6d7ebcfd28,b8163a6d7ebcfd28,0,0
3335,3335,0,0000000,00,3,3,3,0000000000000005,0,0,3,52f4da85945e1dc0,0,1,0000000000000000,b8163a6d7ebcfd28,b8163a6d7ebcfd28,0,0
3336,3336,0,000033c,06,2,2,3,0000000000000000,0,0,3,52f4da85945e1dc0,0,1,b40071277345b78d,b8163a6d7ebcfd28,b8163a6d7ebcfd28,0,0
3337,3337,0,0000340,06,2,2,3,0000000000000000,0,0,3,52f4da85945e1dc0,0,1,279ce6d9e0d9b78d,b8163a6d7ebcfd28,b8163a6d7ebcfd28,0,0
3338,3338,0,0000344,06,2,2,3,0000000000000000,0,3,3,52f4da85945e1dc0,0,1,32c20810f468cf55,b8163a6d7ebcfd28,b8163a6d7ebcfd28,0,0
3339,3339,0,0000348,06,2,2,3,0000000000000000,0,3,3,52f4da85945e1dc0,0,1,ffffffffffffffff,b8163a6d7ebcfd28,b8163a6d7ebcfd28,0,0
3340,3340,0,000034c,06,2,2,3,0000000000000000,0,3,3,52f4da85945e1dc0,0,1,279ce6d9e0d92073,b8163a6d7ebcfd28,b8163a6d7ebcfd28,0,0
3341,3341,0,0000000,00,3,3,3,0000000000000000,0,0,3,52f4da85945e1dc0,0,1,da85945e1dc02073,b8163a6d7ebcfd28,b8163a6d7ebcfd28,0,0
3342,3342,0,0000000,00,3,3,3,0000000000000000,3,0,3,52f4da85945e1dc0,0,1,0000000000000005,b8163a6d7ebcfd28,b8163a6d7ebcfd28,0,0
3343,3343,0,0000000,00,3,3,3,a53c9b8c63965cc9,3,0,3,52f4da85945e1dc0,0,1,0000000000000000,b8163a6d7ebcfd28,b8163a6d7ebcfd28,0,0
3344,3344,0,0000000,00,3,3,3,b860aeda7eca699f,3,0,3,52f4da85945e1dc0,0,1,0000000000000000,b8163a6d7ebcfd28,b8163a6d7ebcfd28,0,0
3345,3345,0,0000350,06,2,2,3,35352051f39fe714,3,0,3,52f4da85945e1dc0,0,1,0000000000000000,385be481fef123c4,385be481fef123c4,0,1
3346,3346,0,0000354,06,2,2,3,a2cbb3cd64617488,3,0,3,52f4da85945e1dc0,0,1,0000000000000000,b50e6a0a73a4ad4f,b50e6a0a73a4ad4f,0,1
3347,3347,0,0000358,06,2,2,3,2f9e3d46e934fa03,0,0,3,52f4da85945e1dc0,0,1,0000000000000000,22f0f996e45a3ed3,22f0f996e45a3ed3,0,1
3348,3348,0,000035c,06,2,2,3,0000000000002f9e,0,0,3,52f4da85945e1dc0,0,1,0000000000000000,afa5771d690fb058,afa5771d690fb058,0,1
3349,3349,0,0000360,06,2,2,3,0000000000000000,0,0,3,52f4da85945e1dc0,0,1,0000000000000000,0d0ddeafcba719ea,0d0ddeafcba719ea,0,1
3350,3350,0,0000364,06,2,2,3,0000000000000000,0,3,3,52f4da85945e1dc0,0,1,a53c9b8c63965cc9,8058502446f29761,8058502446f29761,0,1
3351,3351,0,0000368,06,2,2,3,0000000000000000,3,3,3,52f4da85945e1dc0,0,1,b860aeda7eca699f,17a6c3b8d10c04fd,17a6c3b8d10c04fd,0,1
3352,3352,0,000036c,06,2,2,3,8d3694f44b9c53b1,3,3,3,52f4da85945e1dc0,0,1,35352051f39fe714,9af34d335c598a76,9af34d335c598a76,0,1
3353,3353,0,0000000,00,3,3,3,00631a7fc6c9dd3a,3,3,3,52f4da85945e1dc0,0,1,a2cbb3cd64617488,d2ba4e3114108974,d2ba4e3114108974,0,0
3354,3354,0,0000000,00,3,3,3,979d89e351374ea6,3,3,3,52f4da85945e1dc0,0,1,2f9e3d46e934fa03,d2ba4e3114108974,d2ba4e3114108974,0,0
3355,3355,0,0000000,00,3,3,3,1ac80768dc62c02d,3,0,3,52f4da85945e1dc0,0,1,0000000000002f9e,d2ba4e3114108974,d2ba4e3114108974,0,0
3356,3356,0,0000000,00,3,3,3,d2ccda8614661dc3,3,0,3,ad26a9176b8c6e52,0,1,0000000000000000,d2ba4e3114108974,d2ba4e3114108974,0,0
3357,3357,0,0000000,00,3,3,3,5f99540d99339348,3,0,3,ad26a9176b8c6e52,0,1,0000000000000000,d2ba4e3114108974,d2ba4e3114108974,0,0
3358,3358,0,0000000,00,3,3,3,c867c7910ecd00d4,3,0,3,ad26a9176b8c6e52,0,1,0000000000000000,d2ba4e3114108974,d2ba4e3114108974,0,0
3359,3359,0,0000000,00,3,3,3,4532491a83988e5f,0,3,3,ad26a9176b8c6e52,0,1,8d3694f44b9c53b1,d2ba4e3114108974,d2ba4e3114108974,0,0
3360,3360,0,0000000,00,3,3,3,0000000000004532,0,3,3,ad26a9176b8c6e52,0,1,00631a7fc6c9dd3a,d2ba4e3114108974,d2ba4e3114108974,0,0
3361,3361,0,0000000,00,3,3,3,0000000000000000,0,3,3,ad26a9176b8c6e52,0,1,979d89e351374ea6,d2ba4e3114108974,d2ba4e3114108974,0,0
3362,3362,0,0000000,00,3,3,3,0000000000000000,0,3,3,ad26a9176b8c6e52,0,1,1ac80768dc62c02d,d2ba4e3114108974,d2ba4e3114108974,0,0
3363,3363,0,0000000,00,3,3,3,0000000000000000,0,3,3,ad26a9176b8c6e52,0,1,d2ccda8614661dc3,d2ba4e3114108974,d2ba4e3114108974,0,0
3364,3364,0,0000000,00,3,3,3,0000000000000000,0,3,3,ad26a9176b8c6e52,0,1,5f99540d99339348,d2ba4e3114108974,d2ba4e3114108974,0,0
3365,3365,0,000010c,00,2,2,3,0000000000000000,0,3,2,ad26a9176b8c6e52,3,1,c867c7910ecd00d4,d2ba4e3114108974,d2ba4e3114108974,0,0
3366,3366,0,0000370,06,2,2,3,0000000000000000,0,3,3,0f8e00a5c924c7e0,0,1,4532491a83988e5f,52f790dd945d5798,52f790dd945d5798,0,1
3367,3367,0,0000374,06,2,2,3,0000000000000000,0,0,3,0f8e00a5c924c7e0,0,1,0000000000004532,dfa21e561908d913,dfa21e561908d913,0,1
3368,3368,0,0000378,06,2,2,3,0000000000000000,0,0,3,0f8e00a5c924c7e0,0,1,0000000000000000,485c8dca8ef64a8f,485c8dca8ef64a8f,0,1
3369,3369,0,0000110,00,2,2,3,0000000000000000,0,0,2,0f8e00a5c924c7e0,3,1,0000000000000000,c509034103a3c404,c509034103a3c404,0,1
3370,3370,0,0000000,00,3,3,3,0000000000000000,0,0,3,7d09fdbcbba33af9,0,1,0000000000000000,67a1aaf3a10b6db6,67a1aaf3a10b6db6,0,1
3371,3371,0,0000000,00,3,3,3,a9176b8c6e52ad26,0,0,3,7d09fdbcbba33af9,0,1,0000000000000000,ffffffffffffffff,eaf424782c5ee33d,1,1
3372,3372,0,0000000,00,3,3,3,00a5c924c7e0ad26,3,0,3,7d09fdbcbba33af9,0,1,0000000000000000,c8eaa6ff0faf6055,7d0ab7e4bba070a1,1,1
3373,3373,0,0000000,00,3,3,3,e79ae0a8213027ed,3,0,3,7d09fdbcbba33af9,0,1,0000000000000000,f05f396f36f5fe2a,f05f396f36f5fe2a,0,1
3374,3374,0,0000000,00,3,3,3,ffffffffffffffff,3,0,3,7d09fdbcbba33af9,0,1,0000000000000000,385be481fef123c4,385be481fef123c4,0,0
3375,3375,0,0000000,00,3,3,3,00a5c924c7e00f8e,0,0,3,7d09fdbcbba33af9,0,1,0000000000000000,385be481fef123c4,385be481fef123c4,0,0
3376,3376,0,0000000,00,3,3,3,fdbcbba33af90f8e,0,0,3,7d09fdbcbba33af9,0,1,0000000000000000,385be481fef123c4,385be481fef123c4,0,0
3377,3377,0,0000000,00,3,3,3,000000000000001c,0,0,3,7d09fdbcbba33af9,0,1,0000000000000000,385be481fef123c4,385be481fef123c4,0,0
3378,3378,0,000037c,06,2,2,3,0000000000000000,0,0,3,7d09fdbcbba33af9,0,1,a9176b8c6e52ad26,385be481fef123c4,385be481fef123c4,0,0
3379,3379,0,0000380,06,2,2,3,0000000000000000,0,0,3,7d09fdbcbba33af9,0,1,00a5c924c7e0ad26,385be481fef123c4,385be481fef123c4,0,0
3380,3380,0,0000384,06,2,2,3,0000000000000000,0,3,3,7d09fdbcbba33af9,0,1,e79ae0a8213027ed,385be481fef123c4,385be481fef123c4,0,0
3381,3381,0,0000388,06,2,2,3,0000000000000000,0,3,3,7d09fdbcbba33af9,0,1,ffffffffffffffff,385be481fef123c4,385be481fef123c4,0,0
3382,3382,0,000038c,06,2,2,3,0000000000000000,0,3,3,7d09fdbcbba33af9,0,1,00a5c924c7e00f8e,385be481fef123c4,385be481fef123c4,0,0
3383,3383,0,0000000,00,3,3,3,0000000000000000,0,0,3,7d09fdbcbba33af9,0,1,fdbcbba33af90f8e,385be481fef123c4,385be481fef123c4,0,0
3384,3384,0,0000000,00,3,3,3,0000000000000000,3,0,3,7d09fdbcbba33af9,0,1,000000000000001c,385be481fef123c4,385be481fef123c4,0,0
3385,3385,0,0000000,00,3,3,3,70647334b6ceb471,3,0,3,7d09fdbcbba33af9,0,1,0000000000000000,385be481fef123c4,385be481fef123c4,0,0
3386,3386,0,0000000,00,3,3,3,c789971301235056,3,0,3,7d09fdbcbba33af9,0,1,0000000000000000,385be481fef123c4,385be481fef123c4,0,0
3387,3387,0,0000390,06,2,2,3,4adc19988c76dedd,3,0,3,7d09fdbcbba33af9,0,1,0000000000000000,ed030c392ba9cb7c,ed030c392ba9cb7c,0,1
3388,3388,0,0000394,06,2,2,3,dd228a041b884d41,3,0,3,7d09fdbcbba33af9,0,1,0000000000000000,605682b2a6fc45f7,605682b2a6fc45f7,0,1
3389,3389,0,0000398,06,2,2,3,5077048f96ddc3ca,0,0,3,7d09fdbcbba33af9,0,1,0000000000000000,f7a8112e3102d66b,f7a8112e3102d66b,0,1
3390,3390,0,000039c,06,2,2,3,0000000000005077,0,0,3,7d09fdbcbba33af9,0,1,0000000000000000,7afd9fa5bc5758e0,7afd9fa5bc5758e0,0,1
3391,3391,0,00003a0,06,2,2,3,0000000000000000,0,0,3,7d09fdbcbba33af9,0,1,0000000000000000,d85536171efff152,d85536171efff152,0,1
3392,3392,0,00003a4,06,2,2,3,0000000000000000,0,3,3,7d09fdbcbba33af9,0,1,70647334b6ceb471,5500b89c93aa7fd9,5500b89c93aa7fd9,0,1
3393,3393,0,00003a8,06,2,2,3,0000000000000000,3,3,3,7d09fdbcbba33af9,0,1,c789971301235056,c2fe2b000454ec45,c2fe2b000454ec45,0,1
3394,3394,0,00003ac,06,2,2,3,f2dfad3d34756a78,3,3,3,7d09fdbcbba33af9,0,1,4adc19988c76dedd,4faba58b890162ce,4faba58b890162ce,0,1
3395,3395,0,0000000,00,3,3,3,7f8a23b6b920e4f3,3,3,3,7d09fdbcbba33af9,0,1,dd228a041b884d41,52f790dd945d5798,52f790dd945d5798,0,0
3396,3396,0,0000000,00,3,3,3,e874b02a2ede776f,3,3,3,7d09fdbcbba33af9,0,1,5077048f96ddc3ca,52f790dd945d5798,52f790dd945d5798,0,0
3397,3397,0,0000000,00,3,3,3,65213ea1a38bf9e4,3,0,3,7d09fdbcbba33af9,0,1,0000000000005077,52f790dd945d5798,52f790dd945d5798,0,0
3398,3398,0,0000000,00,3,3,3,ad25e34f6b8f240a,3,0,3,82db8e2e4471496b,0,1,0000000000000000,52f790dd945d5798,52f790dd945d5798,0,0
3399,3399,0,0000000,00,3,3,3,20706dc4e6daaa81,3,0,3,82db8e2e4471496b,0,1,0000000000000000,52f790dd945d5798,52f790dd945d5798,0,0
3400,3400,0,0000000,00,3,3,3,b78efe587124391d,3,0,3,82db8e2e4471496b,0,1,0000000000000000,52f790dd945d5798,52f790dd945d5798,0,0
3401,3401,0,0000000,00,3,3,3,3adb70d3fc71b796,0,3,3,82db8e2e4471496b,0,1,f2dfad3d34756a78,52f790dd945d5798,52f790dd945d5798,0,0
3402,3402,0,0000000,00,3,3,3,0000000000003adb,0,3,3,82db8e2e4471496b,0,1,7f8a23b6b920e4f3,52f790dd945d5798,52f790dd945d5798,0,0
3403,3403,0,0000000,00,3,3,3,0000000000000000,0,3,3,82db8e2e4471496b,0,1,e874b02a2ede776f,52f790dd945d5798,52f790dd945d5798,0,0
3404,3404,0,0000000,00,3,3,3,0000000000000000,0,3,3,82db8e2e4471496b,0,1,65213ea1a38bf9e4,52f790dd945d5798,52f790dd945d5798,0,0
3405,3405,0,0000000,00,3,3,3,0000000000000000,0,3,3,82db8e2e4471496b,0,1,ad25e34f6b8f240a,52f790dd945d5798,52f790dd945d5798,0,0
3406,3406,0,0000000,00,3,3,3,0000000000000000,0,3,3,82db8e2e4471496b,0,1,20706dc4e6daaa81,52f790dd945d5798,52f790dd945d5798,0,0
3407,3407,0,0000114,00,2,2,3,0000000000000000,0,3,2,82db8e2e4471496b,3,1,b78efe587124391d,52f790dd945d5798,52f790dd945d5798,0,0
3408,3408,0,00003b0,06,2,2,3,0000000000000000,0,3,3,15251db2d38fdaf7,0,1,3adb70d3fc71b796,87af78654105bf20,87af78654105bf20,0,1
3409,3409,0,00003b4,06,2,2,3,0000000000000000,0,0,3,15251db2d38fdaf7,0,1,0000000000003adb,0afaf6eecc5031ab,0afaf6eecc5031ab,0,1
3410,3410,0,00003b8,06,2,2,3,0000000000000000,0,0,3,15251db2d38fdaf7,0,1,0000000000000000,9d0465725baea237,9d0465725baea237,0,1
3411,3411,0,0000118,00,2,2,3,0000000000000000,0,0,2,15251db2d38fdaf7,3,1,0000000000000000,1051ebf9d6fb2cbc,1051ebf9d6fb2cbc,0,1
3412,3412,0,0000000,00,3,3,3,0000000000000000,0,0,3,67a2e0aba10827ee,0,1,0000000000000000,b2f9424b7453850e,b2f9424b7453850e,0,1
3413,3413,0,0000000,00,3,3,3,8e2e4471496b82db,0,0,3,67a2e0aba10827ee,0,1,0000000000000000,ffffffffffffffff,3facccc0f9060b85,1,1
3414,3414,0,0000000,00,3,3,3,1db2d38fdaf782db,3,0,3,67a2e0aba10827ee,0,1,0000000000000000,efd3890228964fa8,a8525f5c6ef89819,1,1
3415,3415,0,0000000,00,3,3,3,9873d9615ed91e24,3,0,3,67a2e0aba10827ee,0,1,0000000000000000,2507d1d7e3ad1692,2507d1d7e3ad1692,0,1
3416,3416,0,0000000,00,3,3,3,ffffffffffffffff,3,0,3,67a2e0aba10827ee,0,1,0000000000000000,ed030c392ba9cb7c,ed030c392ba9cb7c,0,0
3417,3417,0,0000000,00,3,3,3,1db2d38fdaf71525,0,0,3,67a2e0aba10827ee,0,1,0000000000000000,ed030c392ba9cb7c,ed030c392ba9cb7c,0,0
3418,3418,0,0000000,00,3,3,3,e0aba10827ee1525,0,0,3,67a2e0aba10827ee,0,1,0000000000000000,ed030c392ba9cb7c,ed030c392ba9cb7c,0,0
3419,3419,0,0000000,00,3,3,3,0000000000000009,0,0,3,67a2e0aba10827ee,0,1,0000000000000000,ed030c392ba9cb7c,ed030c392ba9cb7c,0,0
3420,3420,0,00003bc,06,2,2,3,0000000000000000,0,0,3,67a2e0aba10827ee,0,1,8e2e4471496b82db,ed030c392ba9cb7c,ed030c392ba9cb7c,0,0
3421,3421,0,00003c0,06,2,2,3,0000000000000000,0,0,3,67a2e0aba10827ee,0,1,1db2d38fdaf782db,ed030c392ba9cb7c,ed030c392ba9cb7c,0,0
3422,3422,0,00003c4,06,2,2,3,0000000000000000,0,3,3,67a2e0aba10827ee,0,1,9873d9615ed91e24,ed030c392ba9cb7c,ed030c392ba9cb7c,0,0
3423,3423,0,00003c8,06,2,2,3,0000000000000000,0,3,3,67a2e0aba10827ee,0,1,ffffffffffffffff,ed030c392ba9cb7c,ed030c392ba9cb7c,0,0
3424,3424,0,00003cc,06,2,2,3,0000000000000000,0,3,3,67a2e0aba10827ee,0,1,1db2d38fdaf71525,ed030c392ba9cb7c,ed030c392ba9cb7c,0,0
3425,3425,0,0000000,00,3,3,3,0000000000000000,0,0,3,67a2e0aba10827ee,0,1,e0aba10827ee1525,ed030c392ba9cb7c,ed030c392ba9cb7c,0,0
3426,3426,0,0000000,00,3,3,3,0000000000000000,3,0,3,67a2e0aba10827ee,0,1,0000000000000009,ed030c392ba9cb7c,ed030c392ba9cb7c,0,0
3427,3427,0,0000000,00,3,3,3,0f8d4afdc9278db8,3,0,3,67a2e0aba10827ee,0,1,0000000000000000,ed030c392ba9cb7c,ed030c392ba9cb7c,0,0
3428,3428,0,0000000,00,3,3,3,12d17fabd47bb8ee,3,0,3,67a2e0aba10827ee,0,1,0000000000000000,ed030c392ba9cb7c,ed030c392ba9cb7c,0,0
3429,3429,0,00003d0,06,2,2,3,9f84f120592e3665,3,0,3,67a2e0aba10827ee,0,1,0000000000000000,92ea35f05440f2b5,92ea35f05440f2b5,0,1
3430,3430,0,00003d4,06,2,2,3,087a62bcced0a5f9,3,0,3,67a2e0aba10827ee,0,1,0000000000000000,1fbfbb7bd9157c3e,1fbfbb7bd9157c3e,0,1
3431,3431,0,00003d8,06,2,2,3,852fec3743852b72,0,0,3,67a2e0aba10827ee,0,1,0000000000000000,884128e74eebefa2,884128e74eebefa2,0,1
3432,3432,0,00003dc,06,2,2,3,000000000000852f,0,0,3,67a2e0aba10827ee,0,1,0000000000000000,0514a66cc3be6129,0514a66cc3be6129,0,1
3433,3433,0,00003e0,06,2,2,3,0000000000000000,0,0,3,67a2e0aba10827ee,0,1,0000000000000000,a7bc0fde6116c89b,a7bc0fde6116c89b,0,1
3434,3434,0,00003e4,06,2,2,3,0000000000000000,0,3,3,67a2e0aba10827ee,0,1,0f8d4afdc9278db8,2ae98155ec434610,2ae98155ec434610,0,1
3435,3435,0,00003e8,06,2,2,3,0000000000000000,3,3,3,67a2e0aba10827ee,0,1,12d17fabd47bb8ee,bd1712c97bbdd58c,bd1712c97bbdd58c,0,1
3436,3436,0,00003ec,06,2,2,3,27874585e12d82c0,3,3,3,67a2e0aba10827ee,0,1,9f84f120592e3665,30429c42f6e85b07,30429c42f6e85b07,0,1
3437,3437,0,0000000,00,3,3,3,aad2cb0e6c780c4b,3,3,3,67a2e0aba10827ee,0,1,087a62bcced0a5f9,87af78654105bf20,87af78654105bf20,0,0
3438,3438,0,0000000,00,3,3,3,3d2c5892fb869fd7,3,3,3,67a2e0aba10827ee,0,1,852fec3743852b72,87af78654105bf20,87af78654105bf20,0,0
3439,3439,0,0000000,00,3,3,3,b079d61976d3115c,3,0,3,67a2e0aba10827ee,0,1,000000000000852f,87af78654105bf20,87af78654105bf20,0,0
3440,3440,0,0000000,00,3,3,3,787d0bf7bed7ccb2,3,0,3,987093395eda547c,0,1,0000000000000000,87af78654105bf20,87af78654105bf20,0,0
3441,3441,0,0000000,00,3,3,3,f528857c33824239,3,0,3,987093395eda547c,0,1,0000000000000000,87af78654105bf20,87af78654105bf20,0,0
3442,3442,0,0000000,00,3,3,3,62d616e0a47cd1a5,3,0,3,987093395eda547c,0,1,0000000000000000,87af78654105bf20,87af78654105bf20,0,0
3443,3443,0,0000000,00,3,3,3,ef83986b29295f2e,0,3,3,987093395eda547c,0,1,27874585e12d82c0,87af78654105bf20,87af78654105bf20,0,0
3444,3444,0,0000000,00,3,3,3,000000000000ef83,0,3,3,987093395eda547c,0,1,aad2cb0e6c780c4b,87af78654105bf20,87af78654105bf20,0,0
3445,3445,0,0000000,00,3,3,3,0000000000000000,0,3,3,987093395eda547c,0,1,3d2c5892fb869fd7,87af78654105bf20,87af78654105bf20,0,0
3446,3446,0,0000000,00,3,3,3,0000000000000000,0,3,3,987093395eda547c,0,1,b079d61976d3115c,87af78654105bf20,87af78654105bf20,0,0
3447,3447,0,0000000,00,3,3,3,0000000000000000,0,3,3,987093395eda547c,0,1,787d0bf7bed7ccb2,87af78654105bf20,87af78654105bf20,0,0
3448,3448,0,0000000,00,3,3,3,0000000000000000,0,3,3,987093395eda547c,0,1,f528857c33824239,87af78654105bf20,87af78654105bf20,0,0
3449,3449,0,000011c,00,2,2,3,0000000000000000,0,3,2,987093395eda547c,3,1,62d616e0a47cd1a5,87af78654105bf20,87af78654105bf20,0,0
3450,3450,0,0000000,00,3,3,3,0000000000000000,0,3,3,afa63d45690cfa00,0,1,ef83986b29295f2e,f84641ac3eec86e9,f84641ac3eec86e9,0,1
3451,3451,0,0000000,00,3,3,3,0000000000000000,0,0,3,afa63d45690cfa00,0,1,000000000000ef83,7513cf27b3b90862,7513cf27b3b90862,0,1
3452,3452,0,0000000,06,3,2,2,0000000000000000,0,0,2,afa63d45690cfa00,0,1,0000000000000000,e2ed5cbb24479bfe,e2ed5cbb24479bfe,0,1
3453,3453,0,0000000,00,3,3,3,0000000000000000,0,0,3,afa63d45690cfa00,0,1,0000000000000000,6fb8d230a9121575,6fb8d230a9121575,0,1
3454,3454,0,0000000,00,3,3,3,0000000000000000,0,0,3,afa63d45690cfa00,0,1,0000000000000000,cd107b820bbabcc7,cd107b820bbabcc7,0,1
3455,3455,0,0000000,00,3,3,3,93395eda547c9870,0,0,3,afa63d45690cfa00,0,1,0000000000000000,ffffffffffffffff,4045f50986ef324c,1,1
3456,3456,0,0000000,00,3,2,2,3d45690cfa009870,0,0,2,afa63d45690cfa00,0,1,0000000000000000,f2c493a935815503,d7bb66951111a1d0,1,1
3457,3457,0,0000000,00,3,3,3,0000000000000045,0,0,3,afa63d45690cfa00,0,1,0000000000000000,5aeee81e9c442f5b,5aeee81e9c442f5b,0,1
3458,3458,0,0000000,00,3,3,3,0000000000000000,0,0,3,afa63d45690cfa00,0,1,0000000000000000,92ea35f05440f2b5,92ea35f05440f2b5,0,0
3459,3459,0,0000000,00,3,3,3,0000000000000000,0,0,3,afa63d45690cfa00,0,1,0000000000000000,92ea35f05440f2b5,92ea35f05440f2b5,0,0
3460,3460,0,0000000,00,2,2,2,0000000000000000,0,0,3,afa63d45690cfa00,0,1,0000000000000000,92ea35f05440f2b5,92ea35f05440f2b5,0,0
3461,3461,0,0000000,00,3,3,3,0000000000000000,0,0,3,afa63d45690cfa00,0,1,0000000000000000,92ea35f05440f2b5,92ea35f05440f2b5,0,0
3462,3462,0,0000000,00,3,3,3,0000000000000000,0,0,3,afa63d45690cfa00,0,1,93395eda547c9870,92ea35f05440f2b5,92ea35f05440f2b5,0,0
3463,3463,0,0000000,00,3,3,3,0000000000000000,0,0,3,afa63d45690cfa00,0,1,3d45690cfa009870,92ea35f05440f2b5,92ea35f05440f2b5,0,0
3464,3464,0,0000000,00,3,3,3,0000000000000000,0,0,3,afa63d45690cfa00,0,1,0000000000000045,92ea35f05440f2b5,92ea35f05440f2b5,0,0
3465,3465,0,0000000,00,3,3,3,0000000000000000,0,0,3,afa63d45690cfa00,0,1,0000000000000000,92ea35f05440f2b5,92ea35f05440f2b5,0,0
3466,3466,0,0000000,00,3,3,3,0000000000000000,0,0,3,afa63d45690cfa00,0,1,0000000000000000,92ea35f05440f2b5,92ea35f05440f2b5,0,0
3467,3467,0,0000000,00,3,3,3,0000000000000000,0,0,3,afa63d45690cfa00,0,1,0000000000000000,92ea35f05440f2b5,92ea35f05440f2b5,0,0
3468,3468,0,0000000,00,3,3,3,0000000000000000,0,0,3,afa63d45690cfa00,0,1,0000000000000000,92ea35f05440f2b5,92ea35f05440f2b5,0,0
3469,3469,0,0000000,00,3,3,3,0000000000000000,0,0,3,afa63d45690cfa00,0,1,0000000000000000,92ea35f05440f2b5,92ea35f05440f2b5,0,0
3470,3470,0,0000000,00,3,3,3,0000000000000000,0,0,3,afa63d45690cfa00,0,1,0000000000000000,92ea35f05440f2b5,92ea35f05440f2b5,0,0
3471,3471,0,0000000,00,3,3,3,0000000000000000,0,0,3,afa63d45690cfa00,0,1,0000000000000000,47b2dd4881181a0d,47b2dd4881181a0d,0,1
3472,3472,0,0000000,00,3,3,3,0000000000000000,0,0,3,afa63d45690cfa00,0,1,0000000000000000,cae753c30c4d9486,cae753c30c4d9486,0,1
3473,3473,0,0000000,00,3,3,3,0000000000000000,0,0,3,afa63d45690cfa00,0,1,0000000000000000,5d19c05f9bb3071a,5d19c05f9bb3071a,0,1
3474,3474,0,0000000,00,3,3,3,0000000000000000,0,0,3,afa63d45690cfa00,0,1,0000000000000000,d04c4ed416e68991,d04c4ed416e68991,0,1
3475,3475,0,0000000,06,3,2,2,0000000000000000,0,0,3,afa63d45690cfa00,0,1,0000000000000000,72e4e766b44e2023,72e4e766b44e2023,0,1
3476,3476,0,0000000,07,3,2,2,0000000000000000,0,0,3,afa63d45690cfa00,0,1,0000000000000000,ffb169ed391baea8,ffb169ed391baea8,0,1
3477,3477,0,0000000,00,3,3,3,0000000000000000,0,0,3,afa63d45690cfa00,0,1,0000000000000000,684ffa71aee53d34,684ffa71aee53d34,0,1
3478,3478,0,0000000,00,3,3,3,0000000000000000,0,0,3,afa63d45690cfa00,0,1,0000000000000000,e51a74fa23b0b3bf,e51a74fa23b0b3bf,0,1
3479,3479,0,0000000,00,3,3,3,0000000000000000,0,0,3,afa63d45690cfa00,0,1,0000000000000000,f84641ac3eec86e9,f84641ac3eec86e9,0,0
3480,3480,0,0000000,00,3,3,3,0000000000000000,0,0,3,afa63d45690cfa00,0,1,0000000000000000,f84641ac3eec86e9,f84641ac3eec86e9,0,0
3481,3481,0,0000000,00,3,3,3,0000000000000000,0,0,3,afa63d45690cfa00,0,1,0000000000000000,f84641ac3eec86e9,f84641ac3eec86e9,0,0
3482,3482,0,00003f0,06,2,2,3,0000000000000000,0,0,3,afa63d45690cfa00,0,1,0000000000000000,f84641ac3eec86e9,f84641ac3eec86e9,0,0
3483,3483,0,00003f4,06,2,2,3,0000000000000000,0,0,3,afa63d45690cfa00,0,1,0000000000000000,f84641ac3eec86e9,f84641ac3eec86e9,0,0
3484,3484,0,00003f8,06,2,2,3,0000000000000000,0,0,3,afa63d45690cfa00,0,1,0000000000000000,f84641ac3eec86e9,f84641ac3eec86e9,0,0
3485,3485,0,00003fc,06,2,2,3,0000000000000000,0,0,3,afa63d45690cfa00,0,1,0000000000000000,f84641ac3eec86e9,f84641ac3eec86e9,0,0
3486,3486,0,0000000,07,2,2,3,0000000000000000,0,0,3,afa63d45690cfa00,0,1,0000000000000000,f84641ac3eec86e9,f84641ac3eec86e9,0,0
3487,3487,0,0000004,07,2,2,3,0000000000000000,0,0,3,afa63d45690cfa00,0,1,0000000000000000,f84641ac3eec86e9,f84641ac3eec86e9,0,0
3488,3488,0,0000008,07,2,2,3,0000000000000000,3,0,3,afa63d45690cfa00,0,1,0000000000000000,f84641ac3eec86e9,f84641ac3eec86e9,0,0
3489,3489,0,000000c,07,2,2,3,4d2b31d98b81f69c,3,0,3,afa63d45690cfa00,0,1,0000000000000000,f84641ac3eec86e9,f84641ac3eec86e9,0,0
3490,3490,0,0000010,07,2,2,3,c07ebf5206d47817,3,0,3,afa63d45690cfa00,0,1,0000000000000000,f84641ac3eec86e9,f84641ac3eec86e9,0,0
3491,3491,0,0000014,07,2,2,3,57802cce912aeb8b,3,0,3,afa63d45690cfa00,0,1,0000000000000000,f84641ac3eec86e9,f84641ac3eec86e9,0,0
3492,3492,0,0000018,07,2,2,3,dad5a2451c7f6500,3,0,3,afa63d45690cfa00,0,1,0000000000000000,2d1ea914ebb46e51,2d1ea914ebb46e51,0,1
3493,3493,0,000001c,07,2,2,3,c7122aca01b8ed8f,3,0,3,afa63d45690cfa00,0,1,0000000000000000,a04b279f66e1e0da,a04b279f66e1e0da,0,1
3494,3494,0,0000020,07,2,2,3,4a47a4418ced6304,3,0,3,afa63d45690cfa00,0,1,0000000000000000,37b5b403f11f7346,37b5b403f11f7346,0,1
3495,3495,0,0000024,07,2,2,3,ddb937dd1b13f098,3,0,3,afa63d45690cfa00,0,1,0000000000000000,bae03a887c4afdcd,bae03a887c4afdcd,0,1
3496,3496,0,0000028,07,2,2,3,50ecb95696467e13,3,3,3,afa63d45690cfa00,0,1,4d2b31d98b81f69c,1848933adee2547f,1848933adee2547f,0,1
3497,3497,0,000002c,07,2,2,3,f24410e434eed7a1,3,3,3,afa63d45690cfa00,0,1,c07ebf5206d47817,ffffffffffffffff,951d1db153b7daf4,1,1
3498,3498,0,0000030,07,2,2,3,7f119e6fb9bb592a,3,3,3,afa63d45690cfa00,0,1,57802cce912aeb8b,3a8bfc72fdce3ad8,02e38e2dc4494968,1,1
3499,3499,0,0000034,07,2,2,3,e8ef0df32e45cab6,3,3,3,afa63d45690cfa00,0,1,dad5a2451c7f6500,8fb600a6491cc7e3,8fb600a6491cc7e3,0,1
3500,3500,0,0000038,07,2,2,3,65ba8378a310443d,3,3,3,afa63d45690cfa00,0,1,c7122aca01b8ed8f,47b2dd4881181a0d,47b2dd4881181a0d,0,0
3501,3501,0,000003c,07,2,2,3,adbe5e966b1499d3,3,3,3,afa63d45690cfa00,0,1,4a47a4418ced6304,47b2dd4881181a0d,47b2dd4881181a0d,0,0
3502,3502,0,0000040,07,2,2,3,20ebd01de6411758,3,3,3,afa63d45690cfa00,0,1,ddb937dd1b13f098,47b2dd4881181a0d,47b2dd4881181a0d,0,0
3503,3503,0,0000044,07,2,2,3,b715438171bf84c4,3,3,3,afa63d45690cfa00,0,1,50ecb95696467e13,47b2dd4881181a0d,47b2dd4881181a0d,0,0
3504,3504,0,0000048,07,2,2,3,3a40cd0afcea0a4f,3,3,3,afa63d45690cfa00,0,1,f24410e434eed7a1,47b2dd4881181a0d,47b2dd4881181a0d,0,0
3505,3505,0,000004c,07,2,2,3,98e864b85e42a3fd,3,3,3,afa63d45690cfa00,0,1,7f119e6fb9bb592a,47b2dd4881181a0d,47b2dd4881181a0d,0,0
3506,3506,0,0000000,00,3,3,3,15bdea33d3172d76,3,3,3,afa63d45690cfa00,0,1,e8ef0df32e45cab6,47b2dd4881181a0d,47b2dd4881181a0d,0,0
3507,3507,0,0000000,00,3,2,2,824379af44e9beea,3,3,3,afa63d45690cfa00,0,1,65ba8378a310443d,47b2dd4881181a0d,47b2dd4881181a0d,0,0
3508,3508,0,0000000,00,3,3,3,0f16f724c9bc3061,3,3,3,afa63d45690cfa00,0,1,adbe5e966b1499d3,47b2dd4881181a0d,47b2dd4881181a0d,0,0
3509,3509,0,0000000,00,3,3,3,124ac272d4e00537,3,3,3,afa63d45690cfa00,0,1,20ebd01de6411758,47b2dd4881181a0d,47b2dd4881181a0d,0,0
3510,3510,0,0000000,00,3,3,3,9f1f4cf959b58bbc,3,3,3,afa63d45690cfa00,0,1,b715438171bf84c4,47b2dd4881181a0d,47b2dd4881181a0d,0,0
3511,3511,0,0000000,00,3,3,3,08e1df65ce4b1820,3,3,3,afa63d45690cfa00,0,1,3a40cd0afcea0a4f,47b2dd4881181a0d,47b2dd4881181a0d,0,0
3512,3512,0,0000000,00,3,3,3,85b451ee431e96ab,0,3,3,afa63d45690cfa00,0,1,98e864b85e42a3fd,47b2dd4881181a0d,47b2dd4881181a0d,0,0
3513,3513,0,0000050,07,2,2,3,00000000000085b4,0,3,3,afa63d45690cfa00,0,1,15bdea33d3172d76,6d384662ab928127,6d384662ab928127,0,1
3514,3514,0,0000054,07,2,2,3,0000000000000000,0,3,3,afa63d45690cfa00,0,1,824379af44e9beea,e06dc8e926c70fac,e06dc8e926c70fac,0,1
3515,3515,0,0000058,07,2,2,3,0000000000000000,0,3,3,afa63d45690cfa00,0,1,0f16f724c9bc3061,77935b75b1399c30,77935b75b1399c30,0,1
3516,3516,0,000005c,07,2,2,3,0000000000000000,0,3,3,afa63d45690cfa00,0,1,124ac272d4e00537,fac6d5fe3c6c12bb,fac6d5fe3c6c12bb,0,1
3517,3517,0,0000060,07,2,2,3,0000000000000000,0,3,3,afa63d45690cfa00,0,1,9f1f4cf959b58bbc,586e7c4c9ec4bb09,586e7c4c9ec4bb09,0,1
3518,3518,0,0000064,07,2,2,3,0000000000000000,0,3,3,afa63d45690cfa00,0,1,08e1df65ce4b1820,d53bf2c713913582,d53bf2c713913582,0,1
3519,3519,0,0000068,07,2,2,3,0000000000000000,3,3,3,afa63d45690cfa00,0,1,85b451ee431e96ab,42c5615b846fa61e,42c5615b846fa61e,0,1
3520,3520,0,000006c,07,2,2,3,271cf85ce1b63f19,3,0,3,afa63d45690cfa00,0,1,00000000000085b4,cf90efd0093a2895,cf90efd0093a2895,0,1
3521,3521,0,0000000,00,3,3,3,aa4976d76ce3b192,3,0,3,afa63d45690cfa00,0,1,0000000000000000,2d1ea914ebb46e51,2d1ea914ebb46e51,0,0
3522,3522,0,0000000,00,3,3,3,3db7e54bfb1d220e,3,0,3,afa63d45690cfa00,0,1,0000000000000000,2d1ea914ebb46e51,2d1ea914ebb46e51,0,0
3523,3523,0,0000000,00,3,3,3,b0e26bc07648ac85,3,0,3,afa63d45690cfa00,0,1,0000000000000000,2d1ea914ebb46e51,2d1ea914ebb46e51,0,0
3524,3524,0,0000000,00,3,3,3,78e6b62ebe4c716b,3,0,3,50744ed796de8992,0,1,0000000000000000,2d1ea914ebb46e51,2d1ea914ebb46e51,0,0
3525,3525,0,0000000,00,3,3,3,f5b338a53319ffe0,3,0,3,50744ed796de8992,0,1,0000000000000000,2d1ea914ebb46e51,2d1ea914ebb46e51,0,0
3526,3526,0,0000000,00,3,3,3,624dab39a4e76c7c,3,0,3,50744ed796de8992,0,1,0000000000000000,2d1ea914ebb46e51,2d1ea914ebb46e51,0,0
3527,3527,0,0000000,00,3,3,3,ef1825b229b2e2f7,0,3,3,50744ed796de8992,0,1,271cf85ce1b63f19,2d1ea914ebb46e51,2d1ea914ebb46e51,0,0
3528,3528,0,0000000,00,3,3,3,000000000000ef18,0,3,3,50744ed796de8992,0,1,aa4976d76ce3b192,2d1ea914ebb46e51,2d1ea914ebb46e51,0,0
3529,3529,0,0000000,00,3,3,3,0000000000000000,0,3,3,50744ed796de8992,0,1,3db7e54bfb1d220e,2d1ea914ebb46e51,2d1ea914ebb46e51,0,0
3530,3530,0,0000000,00,3,3,3,0000000000000000,0,3,3,50744ed796de8992,0,1,b0e26bc07648ac85,2d1ea914ebb46e51,2d1ea914ebb46e51,0,0
3531,3531,0,0000000,00,3,3,3,0000000000000000,0,3,3,50744ed796de8992,0,1,78e6b62ebe4c716b,2d1ea914ebb46e51,2d1ea914ebb46e51,0,0
3532,3532,0,0000000,00,3,3,3,0000000000000000,0,3,3,50744ed796de8992,0,1,f5b338a53319ffe0,2d1ea914ebb46e51,2d1ea914ebb46e51,0,0
3533,3533,0,0000120,00,2,2,3,0000000000000000,0,3,2,50744ed796de8992,3,1,624dab39a4e76c7c,2d1ea914ebb46e51,2d1ea914ebb46e51,0,0
3534,3534,0,0000070,07,2,2,3,0000000000000000,0,3,3,dd21c05c1b8b0719,0,1,ef1825b229b2e2f7,0794323ec13ef57b,0794323ec13ef57b,0,1
3535,3535,0,0000074,07,2,2,3,0000000000000000,0,0,3,dd21c05c1b8b0719,0,1,000000000000ef18,8ac1bcb54c6b7bf0,8ac1bcb54c6b7bf0,0,1
3536,3536,0,0000078,07,2,2,3,0000000000000000,0,0,3,dd21c05c1b8b0719,0,1,0000000000000000,1d3f2f29db95e86c,1d3f2f29db95e86c,0,1
3537,3537,0,0000124,00,2,2,3,0000000000000000,0,0,2,dd21c05c1b8b0719,3,1,0000000000000000,906aa1a256c066e7,906aa1a256c066e7,0,1
3538,3538,0,0000000,00,3,3,3,0000000000000000,0,0,3,b50d205273a7e717,0,1,0000000000000000,32c20810f468cf55,32c20810f468cf55,0,1
3539,3539,0,0000000,00,3,3,3,4ed796de89925074,0,0,3,b50d205273a7e717,0,1,0000000000000000,ffffffffffffffff,bf97869b793d41de,1,1
3540,3540,0,0000000,00,3,3,3,c05c1b8b07195074,3,0,3,b50d205273a7e717,0,1,0000000000000000,279ce6d9e0d92073,28691507eec3d242,1,1
3541,3541,0,0000000,00,3,3,3,4db08c008b1a4b45,3,0,3,b50d205273a7e717,0,1,0000000000000000,a53c9b8c63965cc9,a53c9b8c63965cc9,0,1
3542,3542,0,0000000,00,3,3,3,ffffffffffffffff,3,0,3,b50d205273a7e717,0,1,0000000000000000,6d384662ab928127,6d384662ab928127,0,0
3543,3543,0,0000000,00,3,3,3,c05c1b8b0719dd21,0,0,3,b50d205273a7e717,0,1,0000000000000000,6d384662ab928127,6d384662ab928127,0,0
3544,3544,0,0000000,00,3,3,3,205273a7e717dd21,0,0,3,b50d205273a7e717,0,1,0000000000000000,6d384662ab928127,6d384662ab928127,0,0
3545,3545,0,0000000,00,3,3,3,0000000000000052,0,0,3,b50d205273a7e717,0,1,0000000000000000,6d384662ab928127,6d384662ab928127,0,0
3546,3546,0,000007c,07,2,2,3,0000000000000000,0,0,3,b50d205273a7e717,0,1,4ed796de89925074,6d384662ab928127,6d384662ab928127,0,0
3547,3547,0,0000080,07,2,2,3,0000000000000000,0,0,3,b50d205273a7e717,0,1,c05c1b8b07195074,6d384662ab928127,6d384662ab928127,0,0
3548,3548,0,0000084,07,2,2,3,0000000000000000,0,3,3,b50d205273a7e717,0,1,4db08c008b1a4b45,6d384662ab928127,6d384662ab928127,0,0
3549,3549,0,0000088,07,2,2,3,0000000000000000,0,3,3,b50d205273a7e717,0,1,ffffffffffffffff,6d384662ab928127,6d384662ab928127,0,0
3550,3550,0,000008c,07,2,2,3,0000000000000000,0,3,3,b50d205273a7e717,0,1,c05c1b8b0719dd21,6d384662ab928127,6d384662ab928127,0,0
3551,3551,0,0000000,00,3,3,3,0000000000000000,0,0,3,b50d205273a7e717,0,1,205273a7e717dd21,6d384662ab928127,6d384662ab928127,0,0
3552,3552,0,0000000,00,3,3,3,0000000000000000,3,0,3,b50d205273a7e717,0,1,0000000000000052,6d384662ab928127,6d384662ab928127,0,0
3553,3553,0,0000000,00,3,3,3,da4e1f9c1ce4d8d9,3,0,3,b50d205273a7e717,0,1,0000000000000000,6d384662ab928127,6d384662ab928127,0,0
3554,3554,0,0000000,00,3,3,3,6da3fbbbab093cfe,3,0,3,b50d205273a7e717,0,1,0000000000000000,6d384662ab928127,6d384662ab928127,0,0
3555,3555,0,0000090,07,2,2,3,e0f67530265cb275,3,0,3,b50d205273a7e717,0,1,0000000000000000,b860aeda7eca699f,b860aeda7eca699f,0,1
3556,3556,0,0000094,07,2,2,3,7708e6acb1a221e9,3,0,3,b50d205273a7e717,0,1,0000000000000000,35352051f39fe714,35352051f39fe714,0,1
3557,3557,0,0000098,07,2,2,3,fa5d68273cf7af62,0,0,3,b50d205273a7e717,0,1,0000000000000000,a2cbb3cd64617488,a2cbb3cd64617488,0,1
3558,3558,0,000009c,07,2,2,3,000000000000fa5d,0,0,3,b50d205273a7e717,0,1,0000000000000000,2f9e3d46e934fa03,2f9e3d46e934fa03,0,1
3559,3559,0,00000a0,07,2,2,3,0000000000000000,0,0,3,b50d205273a7e717,0,1,0000000000000000,8d3694f44b9c53b1,8d3694f44b9c53b1,0,1
3560,3560,0,00000a4,07,2,2,3,0000000000000000,0,3,3,b50d205273a7e717,0,1,da4e1f9c1ce4d8d9,00631a7fc6c9dd3a,00631a7fc6c9dd3a,0,1
3561,3561,0,00000a8,07,2,2,3,0000000000000000,3,3,3,b50d205273a7e717,0,1,6da3fbbbab093cfe,979d89e351374ea6,979d89e351374ea6,0,1
3562,3562,0,00000ac,07,2,2,3,58f5c1959e5f06d0,3,3,3,b50d205273a7e717,0,1,e0f67530265cb275,1ac80768dc62c02d,1ac80768dc62c02d,0,1
3563,3563,0,0000000,00,3,3,3,d5a04f1e130a885b,3,3,3,b50d205273a7e717,0,1,7708e6acb1a221e9,0794323ec13ef57b,0794323ec13ef57b,0,0
3564,3564,0,0000000,00,3,3,3,425edc8284f41bc7,3,3,3,b50d205273a7e717,0,1,fa5d68273cf7af62,0794323ec13ef57b,0794323ec13ef57b,0,0
3565,3565,0,0000000,00,3,3,3,cf0b520909a1954c,3,0,3,b50d205273a7e717,0,1,000000000000fa5d,0794323ec13ef57b,0794323ec13ef57b,0,0
3566,3566,0,0000000,00,3,3,3,070f8fe7c1a548a2,3,0,3,4adf53c08c759485,0,1,0000000000000000,0794323ec13ef57b,0794323ec13ef57b,0,0
3567,3567,0,0000000,00,3,3,3,8a5a016c4cf0c629,3,0,3,4adf53c08c759485,0,1,0000000000000000,0794323ec13ef57b,0794323ec13ef57b,0,0
3568,3568,0,0000000,00,3,3,3,1da492f0db0e55b5,3,0,3,4adf53c08c759485,0,1,0000000000000000,0794323ec13ef57b,0794323ec13ef57b,0,0
3569,3569,0,0000000,00,3,3,3,90f11c7b565bdb3e,0,3,3,4adf53c08c759485,0,1,58f5c1959e5f06d0,0794323ec13ef57b,0794323ec13ef57b,0,0
3570,3570,0,0000000,00,3,3,3,00000000000090f1,0,3,3,4adf53c08c759485,0,1,d5a04f1e130a885b,0794323ec13ef57b,0794323ec13ef57b,0,0
3571,3571,0,0000000,00,3,3,3,0000000000000000,0,3,3,4adf53c08c759485,0,1,425edc8284f41bc7,0794323ec13ef57b,0794323ec13ef57b,0,0
3572,3572,0,0000000,00,3,3,3,0000000000000000,0,3,3,4adf53c08c759485,0,1,cf0b520909a1954c,0794323ec13ef57b,0794323ec13ef57b,0,0
3573,3573,0,0000000,00,3,3,3,0000000000000000,0,3,3,4adf53c08c759485,0,1,070f8fe7c1a548a2,0794323ec13ef57b,0794323ec13ef57b,0,0
3574,3574,0,0000000,00,3,3,3,0000000000000000,0,3,3,4adf53c08c759485,0,1,8a5a016c4cf0c629,0794323ec13ef57b,0794323ec13ef57b,0,0
3575,3575,0,0000128,00,2,2,3,0000000000000000,0,3,2,4adf53c08c759485,3,1,1da492f0db0e55b5,0794323ec13ef57b,0794323ec13ef57b,0,0
3576,3576,0,00000b0,07,2,2,3,0000000000000000,0,3,3,c78add4b01201a0e,0,1,90f11c7b565bdb3e,d2ccda8614661dc3,d2ccda8614661dc3,0,1
3577,3577,0,00000b4,07,2,2,3,0000000000000000,0,0,3,c78add4b01201a0e,0,1,00000000000090f1,5f99540d99339348,5f99540d99339348,0,1
3578,3578,0,00000b8,07,2,2,3,0000000000000000,0,0,3,c78add4b01201a0e,0,1,0000000000000000,c867c7910ecd00d4,c867c7910ecd00d4,0,1
3579,3579,0,000012c,00,2,2,3,0000000000000000,0,0,2,c78add4b01201a0e,3,1,0000000000000000,4532491a83988e5f,4532491a83988e5f,0,1
3580,3580,0,0000000,00,3,3,3,0000000000000000,0,0,3,9af0076b5c5ac02e,0,1,0000000000000000,e79ae0a8213027ed,e79ae0a8213027ed,0,1
3581,3581,0,0000000,00,3,3,3,53c08c7594854adf,0,0,3,9af0076b5c5ac02e,0,1,0000000000000000,ffffffffffffffff,6acf6e23ac65a966,1,1
3582,3582,0,0000000,00,3,3,3,dd4b01201a0e4adf,3,0,3,9af0076b5c5ac02e,0,1,0000000000000000,00a5c924c7e00f8e,fd31fdbf3b9b3afa,1,1
3583,3583,0,0000000,00,3,3,3,3259b5c9f4f3728c,3,0,3,9af0076b5c5ac02e,0,1,0000000000000000,70647334b6ceb471,70647334b6ceb471,0,1
3584,3584,0,0000000,00,3,3,3,ffffffffffffffff,3,0,3,9af0076b5c5ac02e,0,1,0000000000000000,b860aeda7eca699f,b860aeda7eca699f,0,0
3585,3585,0,0000000,00,3,3,3,dd4b01201a0ec78a,0,0,3,9af0076b5c5ac02e,0,1,0000000000000000,b860aeda7eca699f,b860aeda7eca699f,0,0
3586,3586,0,0000000,00,3,3,3,076b5c5ac02ec78a,0,0,3,9af0076b5c5ac02e,0,1,0000000000000000,b860aeda7eca699f,b860aeda7eca699f,0,0
3587,3587,0,0000000,00,3,3,3,0000000000000049,0,0,3,9af0076b5c5ac02e,0,1,0000000000000000,b860aeda7eca699f,b860aeda7eca699f,0,0
3588,3588,0,00000bc,07,2,2,3,0000000000000000,0,0,3,9af0076b5c5ac02e,0,1,53c08c7594854adf,b860aeda7eca699f,b860aeda7eca699f,0,0
3589,3589,0,00000c0,07,2,2,3,0000000000000000,0,0,3,9af0076b5c5ac02e,0,1,dd4b01201a0e4adf,b860aeda7eca699f,b860aeda7eca699f,0,0
3590,3590,0,00000c4,07,2,2,3,0000000000000000,0,3,3,9af0076b5c5ac02e,0,1,3259b5c9f4f3728c,b860aeda7eca699f,b860aeda7eca699f,0,0
3591,3591,0,00000c8,07,2,2,3,0000000000000000,0,3,3,9af0076b5c5ac02e,0,1,ffffffffffffffff,b860aeda7eca699f,b860aeda7eca699f,0,0
3592,3592,0,00000cc,07,2,2,3,0000000000000000,0,3,3,9af0076b5c5ac02e,0,1,dd4b01201a0ec78a,b860aeda7eca699f,b860aeda7eca699f,0,0
3593,3593,0,0000000,00,3,3,3,0000000000000000,0,0,3,9af0076b5c5ac02e,0,1,076b5c5ac02ec78a,b860aeda7eca699f,b860aeda7eca699f,0,0
3594,3594,0,0000000,00,3,3,3,0000000000000000,3,0,3,9af0076b5c5ac02e,0,1,0000000000000049,b860aeda7eca699f,b860aeda7eca699f,0,0
3595,3595,0,0000000,00,3,3,3,a5a72655630de110,3,0,3,9af0076b5c5ac02e,0,1,0000000000000000,b860aeda7eca699f,b860aeda7eca699f,0,0
3596,3596,0,0000000,00,3,3,3,b8fb13037e51d446,3,0,3,9af0076b5c5ac02e,0,1,0000000000000000,b860aeda7eca699f,b860aeda7eca699f,0,0
3597,3597,0,00000d0,07,2,2,3,35ae9d88f3045acd,3,0,3,9af0076b5c5ac02e,0,1,0000000000000000,c789971301235056,c789971301235056,0,1
3598,3598,0,00000d4,07,2,2,3,a2500e1464fac951,3,0,3,9af0076b5c5ac02e,0,1,0000000000000000,4adc19988c76dedd,4adc19988c76dedd,0,1
3599,3599,0,00000d8,07,2,2,3,2f05809fe9af47da,0,0,3,9af0076b5c5ac02e,0,1,0000000000000000,dd228a041b884d41,dd228a041b884d41,0,1
3600,3600,0,00000dc,07,2,2,3,0000000000002f05,0,0,3,9af0076b5c5ac02e,0,1,0000000000000000,5077048f96ddc3ca,5077048f96ddc3ca,0,1
3601,3601,0,00000e0,07,2,2,3,0000000000000000,0,0,3,9af0076b5c5ac02e,0,1,0000000000000000,f2dfad3d34756a78,f2dfad3d34756a78,0,1
3602,3602,0,00000e4,07,2,2,3,0000000000000000,0,3,3,9af0076b5c5ac02e,0,1,a5a72655630de110,7f8a23b6b920e4f3,7f8a23b6b920e4f3,0,1
3603,3603,0,00000e8,07,2,2,3,0000000000000000,3,3,3,9af0076b5c5ac02e,0,1,b8fb13037e51d446,e874b02a2ede776f,e874b02a2ede776f,0,1
3604,3604,0,00000ec,07,2,2,3,8dad292d4b07ee68,3,3,3,9af0076b5c5ac02e,0,1,35ae9d88f3045acd,65213ea1a38bf9e4,65213ea1a38bf9e4,0,1
3605,3605,0,0000000,00,3,3,3,00f8a7a6c65260e3,3,3,3,9af0076b5c5ac02e,0,1,a2500e1464fac951,d2ccda8614661dc3,d2ccda8614661dc3,0,0
3606,3606,0,0000000,00,3,3,3,9706343a51acf37f,3,3,3,9af0076b5c5ac02e,0,1,2f05809fe9af47da,d2ccda8614661dc3,d2ccda8614661dc3,0,0
3607,3607,0,0000000,00,3,3,3,1a53bab1dcf97df4,3,0,3,9af0076b5c5ac02e,0,1,0000000000002f05,d2ccda8614661dc3,d2ccda8614661dc3,0,0
3608,3608,0,0000000,00,3,3,3,d257675f14fda01a,3,0,3,652274f9a388b3bc,0,1,0000000000000000,d2ccda8614661dc3,d2ccda8614661dc3,0,0
3609,3609,0,0000000,00,3,3,3,5f02e9d499a82e91,3,0,3,652274f9a388b3bc,0,1,0000000000000000,d2ccda8614661dc3,d2ccda8614661dc3,0,0
3610,3610,0,0000000,00,3,3,3,c8fc7a480e56bd0d,3,0,3,652274f9a388b3bc,0,1,0000000000000000,d2ccda8614661dc3,d2ccda8614661dc3,0,0
3611,3611,0,0000000,00,3,3,3,45a9f4c383033386,0,3,3,652274f9a388b3bc,0,1,8dad292d4b07ee68,d2ccda8614661dc3,d2ccda8614661dc3,0,0
3612,3612,0,0000000,00,3,3,3,00000000000045a9,0,3,3,652274f9a388b3bc,0,1,00f8a7a6c65260e3,d2ccda8614661dc3,d2ccda8614661dc3,0,0
3613,3613,0,0000000,00,3,3,3,0000000000000000,0,3,3,652274f9a388b3bc,0,1,9706343a51acf37f,d2ccda8614661dc3,d2ccda8614661dc3,0,0
3614,3614,0,0000000,00,3,3,3,0000000000000000,0,3,3,652274f9a388b3bc,0,1,1a53bab1dcf97df4,d2ccda8614661dc3,d2ccda8614661dc3,0,0
3615,3615,0,0000000,00,3,3,3,0000000000000000,0,3,3,652274f9a388b3bc,0,1,d257675f14fda01a,d2ccda8614661dc3,d2ccda8614661dc3,0,0
3616,3616,0,0000000,00,3,3,3,0000000000000000,0,3,3,652274f9a388b3bc,0,1,5f02e9d499a82e91,d2ccda8614661dc3,d2ccda8614661dc3,0,0
3617,3617,0,0000130,00,2,2,3,0000000000000000,0,3,2,652274f9a388b3bc,3,1,c8fc7a480e56bd0d,d2ccda8614661dc3,d2ccda8614661dc3,0,0
3618,3618,0,00000f0,07,2,2,3,0000000000000000,0,3,3,e877fa722edd3d37,0,1,45a9f4c383033386,ad25e34f6b8f240a,ad25e34f6b8f240a,0,1
3619,3619,0,00000f4,07,2,2,3,0000000000000000,0,0,3,e877fa722edd3d37,0,1,00000000000045a9,20706dc4e6daaa81,20706dc4e6daaa81,0,1
3620,3620,0,00000f8,07,2,2,3,0000000000000000,0,0,3,e877fa722edd3d37,0,1,0000000000000000,b78efe587124391d,b78efe587124391d,0,1
3621,3621,0,0000134,00,2,2,3,0000000000000000,0,0,2,e877fa722edd3d37,3,1,0000000000000000,3adb70d3fc71b796,3adb70d3fc71b796,0,1
3622,3622,0,0000000,00,3,3,3,0000000000000000,0,0,3,805b1a7c46f1dd39,0,1,0000000000000000,9873d9615ed91e24,9873d9615ed91e24,0,1
3623,3623,0,0000000,00,3,3,3,74f9a388b3bc6522,0,0,3,805b1a7c46f1dd39,0,1,0000000000000000,ffffffffffffffff,152657ead38c90af,1,1
3624,3624,0,0000000,00,3,3,3,fa722edd3d376522,3,0,3,805b1a7c46f1dd39,0,1,0000000000000000,1db2d38fdaf71525,82d8c47644720333,1,1
3625,3625,0,0000000,00,3,3,3,e7015d7121ab9a34,3,0,3,805b1a7c46f1dd39,0,1,0000000000000000,0f8d4afdc9278db8,0f8d4afdc9278db8,0,1
3626,3626,0,0000000,00,3,3,3,ffffffffffffffff,3,0,3,805b1a7c46f1dd39,0,1,0000000000000000,c789971301235056,c789971301235056,0,0
3627,3627,0,0000000,00,3,3,3,fa722edd3d37e877,0,0,3,805b1a7c46f1dd39,0,1,0000000000000000,c789971301235056,c789971301235056,0,0
3628,3628,0,0000000,00,3,3,3,1a7c46f1dd39e877,0,0,3,805b1a7c46f1dd39,0,1,0000000000000000,c789971301235056,c789971301235056,0,0
3629,3629,0,0000000,00,3,3,3,000000000000005c,0,0,3,805b1a7c46f1dd39,0,1,0000000000000000,c789971301235056,c789971301235056,0,0
3630,3630,0,00000fc,07,2,2,3,0000000000000000,0,0,3,805b1a7c46f1dd39,0,1,74f9a388b3bc6522,c789971301235056,c789971301235056,0,0
3631,3631,0,0000100,07,2,2,3,0000000000000000,0,0,3,805b1a7c46f1dd39,0,1,fa722edd3d376522,c789971301235056,c789971301235056,0,0
3632,3632,0,0000104,07,2,2,3,0000000000000000,0,3,3,805b1a7c46f1dd39,0,1,e7015d7121ab9a34,c789971301235056,c789971301235056,0,0
3633,3633,0,0000108,07,2,2,3,0000000000000000,0,3,3,805b1a7c46f1dd39,0,1,ffffffffffffffff,c789971301235056,c789971301235056,0,0
3634,3634,0,000010c,07,2,2,3,0000000000000000,0,3,3,805b1a7c46f1dd39,0,1,fa722edd3d37e877,c789971301235056,c789971301235056,0,0
3635,3635,0,0000000,00,3,3,3,0000000000000000,0,0,3,805b1a7c46f1dd39,0,1,1a7c46f1dd39e877,c789971301235056,c789971301235056,0,0
3636,3636,0,0000000,00,3,3,3,0000000000000000,3,0,3,805b1a7c46f1dd39,0,1,000000000000005c,c789971301235056,c789971301235056,0,0
3637,3637,0,0000000,00,3,3,3,70ffceedb65509a8,3,0,3,805b1a7c46f1dd39,0,1,0000000000000000,c789971301235056,c789971301235056,0,0
3638,3638,0,0000000,00,3,3,3,9271882954db4f6c,3,0,3,805b1a7c46f1dd39,0,1,0000000000000000,c789971301235056,c789971301235056,0,0
3639,3639,0,0000110,07,2,2,3,1f2406a2d98ec1e7,3,0,3,805b1a7c46f1dd39,0,1,0000000000000000,12d17fabd47bb8ee,12d17fabd47bb8ee,0,1
3640,3640,0,0000114,07,2,2,3,88da953e4e70527b,3,0,3,805b1a7c46f1dd39,0,1,0000000000000000,9f84f120592e3665,9f84f120592e3665,0,1
3641,3641,0,0000118,07,2,2,3,058f1bb5c325dcf0,0,0,3,805b1a7c46f1dd39,0,1,0000000000000000,087a62bcced0a5f9,087a62bcced0a5f9,0,1
3642,3642,0,000011c,07,2,2,3,000000000000058f,0,0,3,805b1a7c46f1dd39,0,1,0000000000000000,852fec3743852b72,852fec3743852b72,0,1
3643,3643,0,0000120,07,2,2,3,0000000000000000,0,0,3,805b1a7c46f1dd39,0,1,0000000000000000,27874585e12d82c0,27874585e12d82c0,0,1
3644,3644,0,0000124,07,2,2,3,0000000000000000,0,3,3,805b1a7c46f1dd39,0,1,70ffceedb65509a8,aad2cb0e6c780c4b,aad2cb0e6c780c4b,0,1
3645,3645,0,0000128,07,2,2,3,0000000000000000,3,3,3,805b1a7c46f1dd39,0,1,9271882954db4f6c,3d2c5892fb869fd7,3d2c5892fb869fd7,0,1
3646,3646,0,000012c,07,2,2,3,a727b207618d7542,3,3,3,805b1a7c46f1dd39,0,1,1f2406a2d98ec1e7,b079d61976d3115c,b079d61976d3115c,0,1
3647,3647,0,0000000,00,3,3,3,2a723c8cecd8fbc9,3,3,3,805b1a7c46f1dd39,0,1,88da953e4e70527b,ad25e34f6b8f240a,ad25e34f6b8f240a,0,0
3648,3648,0,0000000,00,3,3,3,bd8caf107b266855,3,3,3,805b1a7c46f1dd39,0,1,058f1bb5c325dcf0,ad25e34f6b8f240a,ad25e34f6b8f240a,0,0
3649,3649,0,0000000,00,3,3,3,30d9219bf673e6de,3,0,3,805b1a7c46f1dd39,0,1,000000000000058f,ad25e34f6b8f240a,ad25e34f6b8f240a,0,0
3650,3650,0,0000000,00,3,3,3,f8ddfc753e773b30,3,0,3,7f8969eeb923aeab,0,1,0000000000000000,ad25e34f6b8f240a,ad25e34f6b8f240a,0,0
3651,3651,0,0000000,00,3,3,3,758872feb322b5bb,3,0,3,7f8969eeb923aeab,0,1,0000000000000000,ad25e34f6b8f240a,ad25e34f6b8f240a,0,0
3652,3652,0,0000000,00,3,3,3,e276e16224dc2627,3,0,3,7f8969eeb923aeab,0,1,0000000000000000,ad25e34f6b8f240a,ad25e34f6b8f240a,0,0
3653,3653,0,0000000,00,3,3,3,6f236fe9a989a8ac,0,3,3,7f8969eeb923aeab,0,1,a727b207618d7542,ad25e34f6b8f240a,ad25e34f6b8f240a,0,0
3654,3654,0,0000000,00,3,3,3,0000000000006f23,0,3,3,7f8969eeb923aeab,0,1,2a723c8cecd8fbc9,ad25e34f6b8f240a,ad25e34f6b8f240a,0,0
3655,3655,0,0000000,00,3,3,3,0000000000000000,0,3,3,7f8969eeb923aeab,0,1,bd8caf107b266855,ad25e34f6b8f240a,ad25e34f6b8f240a,0,0
3656,3656,0,0000000,00,3,3,3,0000000000000000,0,3,3,7f8969eeb923aeab,0,1,30d9219bf673e6de,ad25e34f6b8f240a,ad25e34f6b8f240a,0,0
3657,3657,0,0000000,00,3,3,3,0000000000000000,0,3,3,7f8969eeb923aeab,0,1,f8ddfc753e773b30,ad25e34f6b8f240a,ad25e34f6b8f240a,0,0
3658,3658,0,0000000,00,3,3,3,0000000000000000,0,3,3,7f8969eeb923aeab,0,1,758872feb322b5bb,ad25e34f6b8f240a,ad25e34f6b8f240a,0,0
3659,3659,0,0000138,00,2,2,3,0000000000000000,0,3,2,7f8969eeb923aeab,3,1,e276e16224dc2627,ad25e34f6b8f240a,ad25e34f6b8f240a,0,0
3660,3660,0,0000130,07,2,2,3,0000000000000000,0,3,3,f2dce76534762020,0,1,6f236fe9a989a8ac,787d0bf7bed7ccb2,787d0bf7bed7ccb2,0,1
3661,3661,0,0000134,07,2,2,3,0000000000000000,0,0,3,f2dce76534762020,0,1,0000000000006f23,f528857c33824239,f528857c33824239,0,1
3662,3662,0,0000138,07,2,2,3,0000000000000000,0,0,3,f2dce76534762020,0,1,0000000000000000,62d616e0a47cd1a5,62d616e0a47cd1a5,0,1
3663,3663,0,000013c,00,2,2,3,0000000000000000,0,0,2,f2dce76534762020,3,1,0000000000000000,ef83986b29295f2e,ef83986b29295f2e,0,1
3664,3664,0,0000000,00,3,3,3,0000000000000000,0,0,3,1052a1a1d6f866e4,0,1,0000000000000000,4d2b31d98b81f69c,4d2b31d98b81f69c,0,1
3665,3665,0,0000000,00,3,3,3,69eeb923aeab7f89,0,0,3,1052a1a1d6f866e4,0,1,0000000000000000,c07ebf5206d47817,c07ebf5206d47817,0,1
3666,3666,0,0000000,00,3,3,3,e765347620207f89,3,0,3,1052a1a1d6f866e4,0,1,0000000000000000,57802cce912aeb8b,57802cce912aeb8b,0,1
3667,3667,0,0000000,00,3,3,3,cd8bc65b0b21011e,3,0,3,1052a1a1d6f866e4,0,1,0000000000000000,dad5a2451c7f6500,dad5a2451c7f6500,0,1
3668,3668,0,0000000,00,3,3,3,ffffffffffffffff,3,0,3,1052a1a1d6f866e4,0,1,0000000000000000,12d17fabd47bb8ee,12d17fabd47bb8ee,0,0
3669,3669,0,0000000,00,3,3,3,e76534762020f2dc,0,0,3,1052a1a1d6f866e4,0,1,0000000000000000,12d17fabd47bb8ee,12d17fabd47bb8ee,0,0
3670,3670,0,0000000,00,3,3,3,a1a1d6f866e4f2dc,0,0,3,1052a1a1d6f866e4,0,1,0000000000000000,12d17fabd47bb8ee,12d17fabd47bb8ee,0,0
3671,3671,0,0000000,00,3,3,3,0000000000000021,0,0,3,1052a1a1d6f866e4,0,1,0000000000000000,12d17fabd47bb8ee,12d17fabd47bb8ee,0,0
3672,3672,0,000013c,07,2,2,3,0000000000000000,0,0,3,1052a1a1d6f866e4,0,1,69eeb923aeab7f89,12d17fabd47bb8ee,12d17fabd47bb8ee,0,0
3673,3673,0,0000140,07,2,2,3,0000000000000000,0,0,3,1052a1a1d6f866e4,0,1,e765347620207f89,12d17fabd47bb8ee,12d17fabd47bb8ee,0,0
3674,3674,0,0000144,07,2,2,3,0000000000000000,0,3,3,1052a1a1d6f866e4,0,1,cd8bc65b0b21011e,12d17fabd47bb8ee,12d17fabd47bb8ee,0,0
3675,3675,0,0000148,07,2,2,3,0000000000000000,0,3,3,1052a1a1d6f866e4,0,1,ffffffffffffffff,12d17fabd47bb8ee,12d17fabd47bb8ee,0,0
3676,3676,0,000014c,07,2,2,3,0000000000000000,0,3,3,1052a1a1d6f866e4,0,1,e76534762020f2dc,12d17fabd47bb8ee,12d17fabd47bb8ee,0,0
3677,3677,0,0000000,00,3,3,3,0000000000000000,0,0,3,1052a1a1d6f866e4,0,1,a1a1d6f866e4f2dc,12d17fabd47bb8ee,12d17fabd47bb8ee,0,0
3678,3678,0,0000000,00,3,3,3,0000000000000000,3,0,3,1052a1a1d6f866e4,0,1,0000000000000021,12d17fabd47bb8ee,12d17fabd47bb8ee,0,0
3679,3679,0,0000000,00,3,3,3,5a7555c79cdf9282,3,0,3,1052a1a1d6f866e4,0,1,0000000000000000,12d17fabd47bb8ee,12d17fabd47bb8ee,0,0
3680,3680,0,0000000,00,3,3,3,472960918183a7d4,3,0,3,1052a1a1d6f866e4,0,1,0000000000000000,12d17fabd47bb8ee,12d17fabd47bb8ee,0,0
3681,3681,0,0000150,07,2,2,3,ca7cee1a0cd6295f,3,0,3,1052a1a1d6f866e4,0,1,0000000000000000,c7122aca01b8ed8f,c7122aca01b8ed8f,0,1
3682,3682,0,0000154,07,2,2,3,5d827d869b28bac3,3,0,3,1052a1a1d6f866e4,0,1,0000000000000000,4a47a4418ced6304,4a47a4418ced6304,0,1
3683,3683,0,0000158,07,2,2,3,d0d7f30d167d3448,0,0,3,1052a1a1d6f866e4,0,1,0000000000000000,ddb937dd1b13f098,ddb937dd1b13f098,0,1
3684,3684,0,000015c,07,2,2,3,000000000000d0d7,0,0,3,1052a1a1d6f866e4,0,1,0000000000000000,50ecb95696467e13,50ecb95696467e13,0,1
3685,3685,0,0000160,07,2,2,3,0000000000000000,0,0,3,1052a1a1d6f866e4,0,1,0000000000000000,f24410e434eed7a1,f24410e434eed7a1,0,1
3686,3686,0,0000164,07,2,2,3,0000000000000000,0,3,3,1052a1a1d6f866e4,0,1,5a7555c79cdf9282,7f119e6fb9bb592a,7f119e6fb9bb592a,0,1
3687,3687,0,0000168,07,2,2,3,0000000000000000,3,3,3,1052a1a1d6f866e4,0,1,472960918183a7d4,e8ef0df32e45cab6,e8ef0df32e45cab6,0,1
3688,3688,0,000016c,07,2,2,3,727f5abfb4d59dfa,3,3,3,1052a1a1d6f866e4,0,1,ca7cee1a0cd6295f,65ba8378a310443d,65ba8378a310443d,0,1
3689,3689,0,0000000,00,3,3,3,ff2ad43439801371,3,3,3,1052a1a1d6f866e4,0,1,5d827d869b28bac3,787d0bf7bed7ccb2,787d0bf7bed7ccb2,0,0
3690,3690,0,0000000,00,3,3,3,68d447a8ae7e80ed,3,3,3,1052a1a1d6f866e4,0,1,d0d7f30d167d3448,787d0bf7bed7ccb2,787d0bf7bed7ccb2,0,0
3691,3691,0,0000000,00,3,3,3,e581c923232b0e66,3,0,3,1052a1a1d6f866e4,0,1,000000000000d0d7,787d0bf7bed7ccb2,787d0bf7bed7ccb2,0,0
3692,3692,0,0000000,00,3,3,3,2d8514cdeb2fd388,3,0,3,ef80d233292a1576,0,1,0000000000000000,787d0bf7bed7ccb2,787d0bf7bed7ccb2,0,0
3693,3693,0,0000000,00,3,3,3,a0d09a46667a5d03,3,0,3,ef80d233292a1576,0,1,0000000000000000,787d0bf7bed7ccb2,787d0bf7bed7ccb2,0,0
3694,3694,0,0000000,00,3,3,3,372e09daf184ce9f,3,0,3,ef80d233292a1576,0,1,0000000000000000,787d0bf7bed7ccb2,787d0bf7bed7ccb2,0,0
3695,3695,0,0000000,00,3,3,3,ba7b87517cd14014,0,3,3,ef80d233292a1576,0,1,727f5abfb4d59dfa,787d0bf7bed7ccb2,787d0bf7bed7ccb2,0,0
3696,3696,0,0000000,00,3,3,3,000000000000ba7b,0,3,3,ef80d233292a1576,0,1,ff2ad43439801371,787d0bf7bed7ccb2,787d0bf7bed7ccb2,0,0
3697,3697,0,0000000,00,3,3,3,0000000000000000,0,3,3,ef80d233292a1576,0,1,68d447a8ae7e80ed,787d0bf7bed7ccb2,787d0bf7bed7ccb2,0,0
3698,3698,0,0000000,00,3,3,3,0000000000000000,0,3,3,ef80d233292a1576,0,1,e581c923232b0e66,787d0bf7bed7ccb2,787d0bf7bed7ccb2,0,0
3699,3699,0,0000000,00,3,3,3,0000000000000000,0,3,3,ef80d233292a1576,0,1,2d8514cdeb2fd388,787d0bf7bed7ccb2,787d0bf7bed7ccb2,0,0
3700,3700,0,0000000,00,3,3,3,0000000000000000,0,3,3,ef80d233292a1576,0,1,a0d09a46667a5d03,787d0bf7bed7ccb2,787d0bf7bed7ccb2,0,0
3701,3701,0,0000140,00,2,2,3,0000000000000000,0,3,2,ef80d233292a1576,3,1,372e09daf184ce9f,787d0bf7bed7ccb2,787d0bf7bed7ccb2,0,0
3702,3702,0,0000170,07,2,2,3,0000000000000000,0,3,3,62d55cb8a47f9bfd,0,1,ba7b87517cd14014,adbe5e966b1499d3,adbe5e966b1499d3,0,1
3703,3703,0,0000174,07,2,2,3,0000000000000000,0,0,3,62d55cb8a47f9bfd,0,1,000000000000ba7b,20ebd01de6411758,20ebd01de6411758,0,1
3704,3704,0,0000178,07,2,2,3,0000000000000000,0,0,3,62d55cb8a47f9bfd,0,1,0000000000000000,b715438171bf84c4,b715438171bf84c4,0,1
3705,3705,0,0000144,00,2,2,3,0000000000000000,0,0,2,62d55cb8a47f9bfd,3,1,0000000000000000,3a40cd0afcea0a4f,3a40cd0afcea0a4f,0,1
3706,3706,0,0000000,00,3,3,3,0000000000000000,0,0,3,0af9bcb6cc537bf3,0,1,0000000000000000,98e864b85e42a3fd,98e864b85e42a3fd,0,1
3707,3707,0,0000000,00,3,3,3,d233292a1576ef80,0,0,3,0af9bcb6cc537bf3,0,1,0000000000000000,15bdea33d3172d76,15bdea33d3172d76,0,1
3708,3708,0,0000000,00,3,3,3,5cb8a47f9bfdef80,3,0,3,0af9bcb6cc537bf3,0,1,0000000000000000,824379af44e9beea,824379af44e9beea,0,1
3709,3709,0,0000000,00,3,3,3,18d32ee3de79e9a6,3,0,3,0af9bcb6cc537bf3,0,1,0000000000000000,0f16f724c9bc3061,0f16f724c9bc3061,0,1
3710,3710,0,0000000,00,3,3,3,ffffffffffffffff,3,0,3,0af9bcb6cc537bf3,0,1,0000000000000000,c7122aca01b8ed8f,c7122aca01b8ed8f,0,0
3711,3711,0,0000000,00,3,3,3,5cb8a47f9bfd62d5,0,0,3,0af9bcb6cc537bf3,0,1,0000000000000000,c7122aca01b8ed8f,c7122aca01b8ed8f,0,0
3712,3712,0,0000000,00,3,3,3,bcb6cc537bf362d5,0,0,3,0af9bcb6cc537bf3,0,1,0000000000000000,c7122aca01b8ed8f,c7122aca01b8ed8f,0,0
3713,3713,0,0000000,00,3,3,3,0000000000000016,0,0,3,0af9bcb6cc537bf3,0,1,0000000000000000,c7122aca01b8ed8f,c7122aca01b8ed8f,0,0
3714,3714,0,000017c,07,2,2,3,0000000000000000,0,0,3,0af9bcb6cc537bf3,0,1,d233292a1576ef80,c7122aca01b8ed8f,c7122aca01b8ed8f,0,0
3715,3715,0,0000180,07,2,2,3,0000000000000000,0,0,3,0af9bcb6cc537bf3,0,1,5cb8a47f9bfdef80,c7122aca01b8ed8f,c7122aca01b8ed8f,0,0
3716,3716,0,0000184,07,2,2,3,0000000000000000,0,3,3,0af9bcb6cc537bf3,0,1,18d32ee3de79e9a6,c7122aca01b8ed8f,c7122aca01b8ed8f,0,0
3717,3717,0,0000188,07,2,2,3,0000000000000000,0,3,3,0af9bcb6cc537bf3,0,1,ffffffffffffffff,c7122aca01b8ed8f,c7122aca01b8ed8f,0,0
3718,3718,0,000018c,07,2,2,3,0000000000000000,0,3,3,0af9bcb6cc537bf3,0,1,5cb8a47f9bfd62d5,c7122aca01b8ed8f,c7122aca01b8ed8f,0,0
3719,3719,0,0000000,00,3,3,3,0000000000000000,0,0,3,0af9bcb6cc537bf3,0,1,bcb6cc537bf362d5,c7122aca01b8ed8f,c7122aca01b8ed8f,0,0
3720,3720,0,0000000,00,3,3,3,0000000000000000,3,0,3,0af9bcb6cc537bf3,0,1,0000000000000016,c7122aca01b8ed8f,c7122aca01b8ed8f,0,0
3721,3721,0,0000000,00,3,3,3,8f2dbd7f49877a3a,3,0,3,0af9bcb6cc537bf3,0,1,0000000000000000,c7122aca01b8ed8f,c7122aca01b8ed8f,0,0
3722,3722,0,0000000,00,3,3,3,38c05958fe6a9e1d,3,0,3,0af9bcb6cc537bf3,0,1,0000000000000000,c7122aca01b8ed8f,c7122aca01b8ed8f,0,0
3723,3723,0,0000190,07,2,2,3,b595d7d3733f1096,3,0,3,0af9bcb6cc537bf3,0,1,0000000000000000,124ac272d4e00537,124ac272d4e00537,0,1
3724,3724,0,0000194,07,2,2,3,226b444fe4c1830a,3,0,3,0af9bcb6cc537bf3,0,1,0000000000000000,9f1f4cf959b58bbc,9f1f4cf959b58bbc,0,1
3725,3725,0,0000198,07,2,2,3,af3ecac469940d81,0,0,3,0af9bcb6cc537bf3,0,1,0000000000000000,08e1df65ce4b1820,08e1df65ce4b1820,0,1
3726,3726,0,000019c,07,2,2,3,000000000000af3e,0,0,3,0af9bcb6cc537bf3,0,1,0000000000000000,85b451ee431e96ab,85b451ee431e96ab,0,1
3727,3727,0,00001a0,07,2,2,3,0000000000000000,0,0,3,0af9bcb6cc537bf3,0,1,0000000000000000,271cf85ce1b63f19,271cf85ce1b63f19,0,1
3728,3728,0,00001a4,07,2,2,3,0000000000000000,0,3,3,0af9bcb6cc537bf3,0,1,8f2dbd7f49877a3a,aa4976d76ce3b192,aa4976d76ce3b192,0,1
3729,3729,0,00001a8,07,2,2,3,0000000000000000,3,3,3,0af9bcb6cc537bf3,0,1,38c05958fe6a9e1d,3db7e54bfb1d220e,3db7e54bfb1d220e,0,1
3730,3730,0,00001ac,07,2,2,3,0d966376cb3ca433,3,3,3,0af9bcb6cc537bf3,0,1,b595d7d3733f1096,b0e26bc07648ac85,b0e26bc07648ac85,0,1
3731,3731,0,0000000,00,3,3,3,80c3edfd46692ab8,3,3,3,0af9bcb6cc537bf3,0,1,226b444fe4c1830a,adbe5e966b1499d3,adbe5e966b1499d3,0,0
3732,3732,0,0000000,00,3,3,3,173d7e61d197b924,3,3,3,0af9bcb6cc537bf3,0,1,af3ecac469940d81,adbe5e966b1499d3,adbe5e966b1499d3,0,0
3733,3733,0,0000000,00,3,3,3,9a68f0ea5cc237af,3,0,3,0af9bcb6cc537bf3,0,1,000000000000af3e,adbe5e966b1499d3,adbe5e966b1499d3,0,0
3734,3734,0,0000000,00,3,3,3,526c2d0494c6ea41,3,0,3,f52bcf2433810861,0,1,0000000000000000,adbe5e966b1499d3,adbe5e966b1499d3,0,0
3735,3735,0,0000000,00,3,3,3,df39a38f199364ca,3,0,3,f52bcf2433810861,0,1,0000000000000000,adbe5e966b1499d3,adbe5e966b1499d3,0,0
3736,3736,0,0000000,00,3,3,3,48c730138e6df756,3,0,3,f52bcf2433810861,0,1,0000000000000000,adbe5e966b1499d3,adbe5e966b1499d3,0,0
3737,3737,0,0000000,00,3,3,3,c592be98033879dd,0,3,3,f52bcf2433810861,0,1,0d966376cb3ca433,adbe5e966b1499d3,adbe5e966b1499d3,0,0
3738,3738,0,0000000,00,3,3,3,000000000000c592,0,3,3,f52bcf2433810861,0,1,80c3edfd46692ab8,adbe5e966b1499d3,adbe5e966b1499d3,0,0
3739,3739,0,0000000,00,3,3,3,0000000000000000,0,3,3,f52bcf2433810861,0,1,173d7e61d197b924,adbe5e966b1499d3,adbe5e966b1499d3,0,0
3740,3740,0,0000000,00,3,3,3,0000000000000000,0,3,3,f52bcf2433810861,0,1,9a68f0ea5cc237af,adbe5e966b1499d3,adbe5e966b1499d3,0,0
3741,3741,0,0000000,00,3,3,3,0000000000000000,0,3,3,f52bcf2433810861,0,1,526c2d0494c6ea41,adbe5e966b1499d3,adbe5e966b1499d3,0,0
3742,3742,0,0000000,00,3,3,3,0000000000000000,0,3,3,f52bcf2433810861,0,1,df39a38f199364ca,adbe5e966b1499d3,adbe5e966b1499d3,0,0
3743,3743,0,0000148,00,2,2,3,0000000000000000,0,3,2,f52bcf2433810861,3,1,48c730138e6df756,adbe5e966b1499d3,adbe5e966b1499d3,0,0
3744,3744,0,00001b0,07,2,2,3,0000000000000000,0,3,3,787e41afbed486ea,0,1,c592be98033879dd,78e6b62ebe4c716b,78e6b62ebe4c716b,0,1
3745,3745,0,00001b4,07,2,2,3,0000000000000000,0,0,3,787e41afbed486ea,0,1,000000000000c592,f5b338a53319ffe0,f5b338a53319ffe0,0,1
3746,3746,0,00001b8,07,2,2,3,0000000000000000,0,0,3,787e41afbed486ea,0,1,0000000000000000,624dab39a4e76c7c,624dab39a4e76c7c,0,1
3747,3747,0,000014c,00,2,2,3,0000000000000000,0,0,2,787e41afbed486ea,3,1,0000000000000000,ef1825b229b2e2f7,ef1825b229b2e2f7,0,1
3748,3748,0,0000000,00,3,3,3,0000000000000000,0,0,3,25049b8fe3ae5cca,0,1,0000000000000000,4db08c008b1a4b45,4db08c008b1a4b45,0,1
3749,3749,0,0000000,00,3,3,3,cf2433810861f52b,0,0,3,25049b8fe3ae5cca,0,1,0000000000000000,ffffffffffffffff,c0e5028b064fc5ce,1,1
3750,3750,0,0000000,00,3,3,3,41afbed486eaf52b,3,0,3,25049b8fe3ae5cca,0,1,0000000000000000,c05c1b8b0719dd21,571b911791b15652,1,1
3751,3751,0,0000000,00,3,3,3,673a172aa190d06f,3,0,3,25049b8fe3ae5cca,0,1,0000000000000000,da4e1f9c1ce4d8d9,da4e1f9c1ce4d8d9,0,1
3752,3752,0,0000000,00,3,3,3,ffffffffffffffff,3,0,3,25049b8fe3ae5cca,0,1,0000000000000000,124ac272d4e00537,124ac272d4e00537,0,0
3753,3753,0,0000000,00,3,3,3,41afbed486ea787e,0,0,3,25049b8fe3ae5cca,0,1,0000000000000000,124ac272d4e00537,124ac272d4e00537,0,0
3754,3754,0,0000000,00,3,3,3,9b8fe3ae5cca787e,0,0,3,25049b8fe3ae5cca,0,1,0000000000000000,124ac272d4e00537,124ac272d4e00537,0,0
3755,3755,0,0000000,00,3,3,3,000000000000000d,0,0,3,25049b8fe3ae5cca,0,1,0000000000000000,124ac272d4e00537,124ac272d4e00537,0,0
3756,3756,0,00001bc,07,2,2,3,0000000000000000,0,0,3,25049b8fe3ae5cca,0,1,cf2433810861f52b,124ac272d4e00537,124ac272d4e00537,0,0
3757,3757,0,00001c0,07,2,2,3,0000000000000000,0,0,3,25049b8fe3ae5cca,0,1,41afbed486eaf52b,124ac272d4e00537,124ac272d4e00537,0,0
3758,3758,0,00001c4,07,2,2,3,0000000000000000,0,3,3,25049b8fe3ae5cca,0,1,673a172aa190d06f,124ac272d4e00537,124ac272d4e00537,0,0
3759,3759,0,00001c8,07,2,2,3,0000000000000000,0,3,3,25049b8fe3ae5cca,0,1,ffffffffffffffff,124ac272d4e00537,124ac272d4e00537,0,0
3760,3760,0,00001cc,07,2,2,3,0000000000000000,0,3,3,25049b8fe3ae5cca,0,1,41afbed486ea787e,124ac272d4e00537,124ac272d4e00537,0,0
3761,3761,0,0000000,00,3,3,3,0000000000000000,0,0,3,25049b8fe3ae5cca,0,1,9b8fe3ae5cca787e,124ac272d4e00537,124ac272d4e00537,0,0
3762,3762,0,0000000,00,3,3,3,0000000000000000,3,0,3,25049b8fe3ae5cca,0,1,000000000000000d,124ac272d4e00537,124ac272d4e00537,0,0
3763,3763,0,0000000,00,3,3,3,f0c484b6366e43f3,3,0,3,25049b8fe3ae5cca,0,1,0000000000000000,124ac272d4e00537,124ac272d4e00537,0,0
3764,3764,0,0000000,00,3,3,3,ed98b1e02b3276a5,3,0,3,25049b8fe3ae5cca,0,1,0000000000000000,124ac272d4e00537,124ac272d4e00537,0,0
3765,3765,0,00001d0,07,2,2,3,60cd3f6ba667f82e,3,0,3,25049b8fe3ae5cca,0,1,0000000000000000,6da3fbbbab093cfe,6da3fbbbab093cfe,0,1
3766,3766,0,00001d4,07,2,2,3,f733acf731996bb2,3,0,3,25049b8fe3ae5cca,0,1,0000000000000000,e0f67530265cb275,e0f67530265cb275,0,1
3767,3767,0,00001d8,07,2,2,3,7a66227cbccce539,0,0,3,25049b8fe3ae5cca,0,1,0000000000000000,7708e6acb1a221e9,7708e6acb1a221e9,0,1
3768,3768,0,00001dc,07,2,2,3,0000000000007a66,0,0,3,25049b8fe3ae5cca,0,1,0000000000000000,fa5d68273cf7af62,fa5d68273cf7af62,0,1
3769,3769,0,00001e0,07,2,2,3,0000000000000000,0,0,3,25049b8fe3ae5cca,0,1,0000000000000000,58f5c1959e5f06d0,58f5c1959e5f06d0,0,1
3770,3770,0,00001e4,07,2,2,3,0000000000000000,0,3,3,25049b8fe3ae5cca,0,1,f0c484b6366e43f3,d5a04f1e130a885b,d5a04f1e130a885b,0,1
3771,3771,0,00001e8,07,2,2,3,0000000000000000,3,3,3,25049b8fe3ae5cca,0,1,ed98b1e02b3276a5,425edc8284f41bc7,425edc8284f41bc7,0,1
3772,3772,0,00001ec,07,2,2,3,d8ce8bce1e644c8b,3,3,3,25049b8fe3ae5cca,0,1,60cd3f6ba667f82e,cf0b520909a1954c,cf0b520909a1954c,0,1
3773,3773,0,0000000,00,3,3,3,559b05459331c200,3,3,3,25049b8fe3ae5cca,0,1,f733acf731996bb2,78e6b62ebe4c716b,78e6b62ebe4c716b,0,0
3774,3774,0,0000000,00,3,3,3,c26596d904cf519c,3,3,3,25049b8fe3ae5cca,0,1,7a66227cbccce539,78e6b62ebe4c716b,78e6b62ebe4c716b,0,0
3775,3775,0,0000000,00,3,3,3,4f301852899adf17,3,0,3,25049b8fe3ae5cca,0,1,0000000000007a66,78e6b62ebe4c716b,78e6b62ebe4c716b,0,0
3776,3776,0,0000000,00,3,3,3,8734c5bc419e02f9,3,0,3,dad6e81d1c7c2f58,0,1,0000000000000000,78e6b62ebe4c716b,78e6b62ebe4c716b,0,0
3777,3777,0,0000000,00,3,3,3,0a614b37cccb8c72,3,0,3,dad6e81d1c7c2f58,0,1,0000000000000000,78e6b62ebe4c716b,78e6b62ebe4c716b,0,0
3778,3778,0,0000000,00,3,3,3,9d9fd8ab5b351fee,3,0,3,dad6e81d1c7c2f58,0,1,0000000000000000,78e6b62ebe4c716b,78e6b62ebe4c716b,0,0
3779,3779,0,0000000,00,3,3,3,10ca5620d6609165,0,3,3,dad6e81d1c7c2f58,0,1,d8ce8bce1e644c8b,78e6b62ebe4c716b,78e6b62ebe4c716b,0,0
3780,3780,0,0000000,00,3,3,3,00000000000010ca,0,3,3,dad6e81d1c7c2f58,0,1,559b05459331c200,78e6b62ebe4c716b,78e6b62ebe4c716b,0,0
3781,3781,0,0000000,00,3,3,3,0000000000000000,0,3,3,dad6e81d1c7c2f58,0,1,c26596d904cf519c,78e6b62ebe4c716b,78e6b62ebe4c716b,0,0
3782,3782,0,0000000,00,3,3,3,0000000000000000,0,3,3,dad6e81d1c7c2f58,0,1,4f301852899adf17,78e6b62ebe4c716b,78e6b62ebe4c716b,0,0
3783,3783,0,0000000,00,3,3,3,0000000000000000,0,3,3,dad6e81d1c7c2f58,0,1,8734c5bc419e02f9,78e6b62ebe4c716b,78e6b62ebe4c716b,0,0
3784,3784,0,0000000,00,3,3,3,0000000000000000,0,3,3,dad6e81d1c7c2f58,0,1,0a614b37cccb8c72,78e6b62ebe4c716b,78e6b62ebe4c716b,0,0
3785,3785,0,0000150,00,2,2,3,0000000000000000,0,3,2,dad6e81d1c7c2f58,3,1,9d9fd8ab5b351fee,78e6b62ebe4c716b,78e6b62ebe4c716b,0,0
3786,3786,0,00001f0,07,2,2,3,0000000000000000,0,3,3,578366969129a1d3,0,1,10ca5620d6609165,070f8fe7c1a548a2,070f8fe7c1a548a2,0,1
3787,3787,0,00001f4,07,2,2,3,0000000000000000,0,0,3,578366969129a1d3,0,1,00000000000010ca,8a5a016c4cf0c629,8a5a016c4cf0c629,0,1
3788,3788,0,00001f8,07,2,2,3,0000000000000000,0,0,3,578366969129a1d3,0,1,0000000000000000,1da492f0db0e55b5,1da492f0db0e55b5,0,1
3789,3789,0,0000154,00,2,2,3,0000000000000000,0,0,2,578366969129a1d3,3,1,0000000000000000,90f11c7b565bdb3e,90f11c7b565bdb3e,0,1
3790,3790,0,0000000,00,3,3,3,0000000000000000,0,0,3,3faf8698f90541dd,0,1,0000000000000000,3259b5c9f4f3728c,3259b5c9f4f3728c,0,1
3791,3791,0,0000000,00,3,3,3,e81d1c7c2f58dad6,0,0,3,3faf8698f90541dd,0,1,0000000000000000,ffffffffffffffff,bf0c3b4279a6fc07,1,1
3792,3792,0,0000000,00,3,3,3,66969129a1d3dad6,3,0,3,3faf8698f90541dd,0,1,0000000000000000,dd4b01201a0ec78a,28f2a8deee586f9b,1,1
3793,3793,0,0000000,00,3,3,3,b262ff9274c838d7,3,0,3,3faf8698f90541dd,0,1,0000000000000000,a5a72655630de110,a5a72655630de110,0,1
3794,3794,0,0000000,00,3,3,3,ffffffffffffffff,3,0,3,3faf8698f90541dd,0,1,0000000000000000,6da3fbbbab093cfe,6da3fbbbab093cfe,0,0
3795,3795,0,0000000,00,3,3,3,66969129a1d35783,0,0,3,3faf8698f90541dd,0,1,0000000000000000,6da3fbbbab093cfe,6da3fbbbab093cfe,0,0
3796,3796,0,0000000,00,3,3,3,8698f90541dd5783,0,0,3,3faf8698f90541dd,0,1,0000000000000000,6da3fbbbab093cfe,6da3fbbbab093cfe,0,0
3797,3797,0,0000000,00,3,3,3,0000000000000098,0,0,3,3faf8698f90541dd,0,1,0000000000000000,6da3fbbbab093cfe,6da3fbbbab093cfe,0,0
3798,3798,0,00001fc,07,2,2,3,0000000000000000,0,0,3,3faf8698f90541dd,0,1,e81d1c7c2f58dad6,6da3fbbbab093cfe,6da3fbbbab093cfe,0,0
3799,3799,0,0000200,07,2,2,3,0000000000000000,0,0,3,3faf8698f90541dd,0,1,66969129a1d3dad6,6da3fbbbab093cfe,6da3fbbbab093cfe,0,0
3800,3800,0,0000204,07,2,2,3,0000000000000000,0,3,3,3faf8698f90541dd,0,1,b262ff9274c838d7,6da3fbbbab093cfe,6da3fbbbab093cfe,0,0
3801,3801,0,0000208,07,2,2,3,0000000000000000,0,3,3,3faf8698f90541dd,0,1,ffffffffffffffff,6da3fbbbab093cfe,6da3fbbbab093cfe,0,0
3802,3802,0,000020c,07,2,2,3,0000000000000000,0,3,3,3faf8698f90541dd,0,1,66969129a1d35783,6da3fbbbab093cfe,6da3fbbbab093cfe,0,0
3803,3803,0,0000000,00,3,3,3,0000000000000000,0,0,3,3faf8698f90541dd,0,1,8698f90541dd5783,6da3fbbbab093cfe,6da3fbbbab093cfe,0,0
3804,3804,0,0000000,00,3,3,3,0000000000000000,3,0,3,3faf8698f90541dd,0,1,0000000000000098,6da3fbbbab093cfe,6da3fbbbab093cfe,0,0
3805,3805,0,0000000,00,3,3,3,259c6c0ee336ab4b,3,0,3,3faf8698f90541dd,0,1,0000000000000000,6da3fbbbab093cfe,6da3fbbbab093cfe,0,0
3806,3806,0,0000000,00,3,3,3,6dd56f0cab7fa849,3,0,3,3faf8698f90541dd,0,1,0000000000000000,6da3fbbbab093cfe,6da3fbbbab093cfe,0,0
3807,3807,0,0000210,07,2,2,3,e080e187262a26c2,3,0,3,3faf8698f90541dd,0,1,0000000000000000,b8fb13037e51d446,b8fb13037e51d446,0,1
3808,3808,0,0000214,07,2,2,3,777e721bb1d4b55e,3,0,3,3faf8698f90541dd,0,1,0000000000000000,35ae9d88f3045acd,35ae9d88f3045acd,0,1
3809,3809,0,0000218,07,2,2,3,fa2bfc903c813bd5,0,0,3,3faf8698f90541dd,0,1,0000000000000000,a2500e1464fac951,a2500e1464fac951,0,1
3810,3810,0,000021c,07,2,2,3,000000000000fa2b,0,0,3,3faf8698f90541dd,0,1,0000000000000000,2f05809fe9af47da,2f05809fe9af47da,0,1
3811,3811,0,0000220,07,2,2,3,0000000000000000,0,0,3,3faf8698f90541dd,0,1,0000000000000000,8dad292d4b07ee68,8dad292d4b07ee68,0,1
3812,3812,0,0000224,07,2,2,3,0000000000000000,0,3,3,3faf8698f90541dd,0,1,259c6c0ee336ab4b,00f8a7a6c65260e3,00f8a7a6c65260e3,0,1
3813,3813,0,0000228,07,2,2,3,0000000000000000,3,3,3,3faf8698f90541dd,0,1,6dd56f0cab7fa849,9706343a51acf37f,9706343a51acf37f,0,1
3814,3814,0,000022c,07,2,2,3,588355229e299267,3,3,3,3faf8698f90541dd,0,1,e080e187262a26c2,1a53bab1dcf97df4,1a53bab1dcf97df4,0,1
3815,3815,0,0000000,00,3,3,3,d5d6dba9137c1cec,3,3,3,3faf8698f90541dd,0,1,777e721bb1d4b55e,070f8fe7c1a548a2,070f8fe7c1a548a2,0,0
3816,3816,0,0000000,00,3,3,3,4228483584828f70,3,3,3,3faf8698f90541dd,0,1,fa2bfc903c813bd5,070f8fe7c1a548a2,070f8fe7c1a548a2,0,0
3817,3817,0,0000000,00,3,3,3,cf7dc6be09d701fb,3,0,3,3faf8698f90541dd,0,1,000000000000fa2b,070f8fe7c1a548a2,070f8fe7c1a548a2,0,0
3818,3818,0,0000000,00,3,3,3,07791b50c1d3dc15,3,0,3,c07df50a06d7324f,0,1,0000000000000000,070f8fe7c1a548a2,070f8fe7c1a548a2,0,0
3819,3819,0,0000000,00,3,3,3,8a2c95db4c86529e,3,0,3,c07df50a06d7324f,0,1,0000000000000000,070f8fe7c1a548a2,070f8fe7c1a548a2,0,0
3820,3820,0,0000000,00,3,3,3,1dd20647db78c102,3,0,3,c07df50a06d7324f,0,1,0000000000000000,070f8fe7c1a548a2,070f8fe7c1a548a2,0,0
3821,3821,0,0000000,00,3,3,3,908788cc562d4f89,0,3,3,c07df50a06d7324f,0,1,588355229e299267,070f8fe7c1a548a2,070f8fe7c1a548a2,0,0
3822,3822,0,0000000,00,3,3,3,0000000000009087,0,3,3,c07df50a06d7324f,0,1,d5d6dba9137c1cec,070f8fe7c1a548a2,070f8fe7c1a548a2,0,0
3823,3823,0,0000000,00,3,3,3,0000000000000000,0,3,3,c07df50a06d7324f,0,1,4228483584828f70,070f8fe7c1a548a2,070f8fe7c1a548a2,0,0
3824,3824,0,0000000,00,3,3,3,0000000000000000,0,3,3,c07df50a06d7324f,0,1,cf7dc6be09d701fb,070f8fe7c1a548a2,070f8fe7c1a548a2,0,0
3825,3825,0,0000000,00,3,3,3,0000000000000000,0,3,3,c07df50a06d7324f,0,1,07791b50c1d3dc15,070f8fe7c1a548a2,070f8fe7c1a548a2,0,0
3826,3826,0,0000000,00,3,3,3,0000000000000000,0,3,3,c07df50a06d7324f,0,1,8a2c95db4c86529e,070f8fe7c1a548a2,070f8fe7c1a548a2,0,0
3827,3827,0,0000158,00,2,2,3,0000000000000000,0,3,2,c07df50a06d7324f,3,1,1dd20647db78c102,070f8fe7c1a548a2,070f8fe7c1a548a2,0,0
3828,3828,0,0000230,07,2,2,3,0000000000000000,0,3,3,4d287b818b82bcc4,0,1,908788cc562d4f89,d257675f14fda01a,d257675f14fda01a,0,1
3829,3829,0,0000234,07,2,2,3,0000000000000000,0,0,3,4d287b818b82bcc4,0,1,0000000000009087,5f02e9d499a82e91,5f02e9d499a82e91,0,1
3830,3830,0,0000238,07,2,2,3,0000000000000000,0,0,3,4d287b818b82bcc4,0,1,0000000000000000,c8fc7a480e56bd0d,c8fc7a480e56bd0d,0,1
3831,3831,0,000015c,00,2,2,3,0000000000000000,0,0,2,4d287b818b82bcc4,3,1,0000000000000000,45a9f4c383033386,45a9f4c383033386,0,1
3832,3832,0,0000000,00,3,3,3,0000000000000000,0,0,3,7afed5fdbc5412b8,0,1,0000000000000000,e7015d7121ab9a34,e7015d7121ab9a34,0,1
3833,3833,0,0000000,00,3,3,3,f50a06d7324fc07d,0,0,3,7afed5fdbc5412b8,0,1,0000000000000000,ffffffffffffffff,6a54d3faacfe14bf,1,1
3834,3834,0,0000000,00,3,3,3,7b818b82bcc4c07d,3,0,3,7afed5fdbc5412b8,0,1,0000000000000000,fa722edd3d37e877,fdaa40663b008723,1,1
3835,3835,0,0000000,00,3,3,3,322f217ef485e63b,3,0,3,7afed5fdbc5412b8,0,1,0000000000000000,70ffceedb65509a8,70ffceedb65509a8,0,1
3836,3836,0,0000000,00,3,3,3,ffffffffffffffff,3,0,3,7afed5fdbc5412b8,0,1,0000000000000000,b8fb13037e51d446,b8fb13037e51d446,0,0
3837,3837,0,0000000,00,3,3,3,7b818b82bcc44d28,0,0,3,7afed5fdbc5412b8,0,1,0000000000000000,b8fb13037e51d446,b8fb13037e51d446,0,0
3838,3838,0,0000000,00,3,3,3,d5fdbc5412b84d28,0,0,3,7afed5fdbc5412b8,0,1,0000000000000000,b8fb13037e51d446,b8fb13037e51d446,0,0
3839,3839,0,0000000,00,3,3,3,000000000000005d,0,0,3,7afed5fdbc5412b8,0,1,0000000000000000,b8fb13037e51d446,b8fb13037e51d446,0,0
3840,3840,0,000023c,07,2,2,3,0000000000000000,0,0,3,7afed5fdbc5412b8,0,1,f50a06d7324fc07d,b8fb13037e51d446,b8fb13037e51d446,0,0
3841,3841,0,0000240,07,2,2,3,0000000000000000,0,0,3,7afed5fdbc5412b8,0,1,7b818b82bcc4c07d,b8fb13037e51d446,b8fb13037e51d446,0,0
3842,3842,0,0000244,07,2,2,3,0000000000000000,0,3,3,7afed5fdbc5412b8,0,1,322f217ef485e63b,b8fb13037e51d446,b8fb13037e51d446,0,0
3843,3843,0,0000248,07,2,2,3,0000000000000000,0,3,3,7afed5fdbc5412b8,0,1,ffffffffffffffff,b8fb13037e51d446,b8fb13037e51d446,0,0
3844,3844,0,000024c,07,2,2,3,0000000000000000,0,3,3,7afed5fdbc5412b8,0,1,7b818b82bcc44d28,b8fb13037e51d446,b8fb13037e51d446,0,0
3845,3845,0,0000000,00,3,3,3,0000000000000000,0,0,3,7afed5fdbc5412b8,0,1,d5fdbc5412b84d28,b8fb13037e51d446,b8fb13037e51d446,0,0
3846,3846,0,0000000,00,3,3,3,0000000000000000,3,0,3,7afed5fdbc5412b8,0,1,000000000000005d,b8fb13037e51d446,b8fb13037e51d446,0,0
3847,3847,0,0000000,00,3,3,3,a5d1b2e2637b75a7,3,0,3,7afed5fdbc5412b8,0,1,0000000000000000,b8fb13037e51d446,b8fb13037e51d446,0,0
3848,3848,0,0000000,00,3,3,3,b88d87b47e2740f1,3,0,3,7afed5fdbc5412b8,0,1,0000000000000000,b8fb13037e51d446,b8fb13037e51d446,0,0
3849,3849,0,0000250,07,2,2,3,35d8093ff372ce7a,3,0,3,7afed5fdbc5412b8,0,1,0000000000000000,9271882954db4f6c,9271882954db4f6c,0,1
3850,3850,0,0000254,07,2,2,3,a2269aa3648c5de6,3,0,3,7afed5fdbc5412b8,0,1,0000000000000000,1f2406a2d98ec1e7,1f2406a2d98ec1e7,0,1
3851,3851,0,0000258,07,2,2,3,2f731428e9d9d36d,0,0,3,7afed5fdbc5412b8,0,1,0000000000000000,88da953e4e70527b,88da953e4e70527b,0,1
3852,3852,0,000025c,07,2,2,3,0000000000002f73,0,0,3,7afed5fdbc5412b8,0,1,0000000000000000,058f1bb5c325dcf0,058f1bb5c325dcf0,0,1
3853,3853,0,0000260,07,2,2,3,0000000000000000,0,0,3,7afed5fdbc5412b8,0,1,0000000000000000,a727b207618d7542,a727b207618d7542,0,1
3854,3854,0,0000264,07,2,2,3,0000000000000000,0,3,3,7afed5fdbc5412b8,0,1,a5d1b2e2637b75a7,2a723c8cecd8fbc9,2a723c8cecd8fbc9,0,1
3855,3855,0,0000268,07,2,2,3,0000000000000000,3,3,3,7afed5fdbc5412b8,0,1,b88d87b47e2740f1,bd8caf107b266855,bd8caf107b266855,0,1
3856,3856,0,000026c,07,2,2,3,8ddbbd9a4b717adf,3,3,3,7afed5fdbc5412b8,0,1,35d8093ff372ce7a,30d9219bf673e6de,30d9219bf673e6de,0,1
3857,3857,0,0000000,00,3,3,3,008e3311c624f454,3,3,3,7afed5fdbc5412b8,0,1,a2269aa3648c5de6,d257675f14fda01a,d257675f14fda01a,0,0
3858,3858,0,0000000,00,3,3,3,9770a08d51da67c8,3,3,3,7afed5fdbc5412b8,0,1,2f731428e9d9d36d,d257675f14fda01a,d257675f14fda01a,0,0
3859,3859,0,0000000,00,3,3,3,1a252e06dc8fe943,3,0,3,7afed5fdbc5412b8,0,1,0000000000002f73,d257675f14fda01a,d257675f14fda01a,0,0
3860,3860,0,0000000,00,3,3,3,d221f3e8148b34ad,3,0,3,852ca66f4386612a,0,1,0000000000000000,d257675f14fda01a,d257675f14fda01a,0,0
3861,3861,0,0000000,00,3,3,3,5f747d6399deba26,3,0,3,852ca66f4386612a,0,1,0000000000000000,d257675f14fda01a,d257675f14fda01a,0,0
3862,3862,0,0000000,00,3,3,3,c88aeeff0e2029ba,3,0,3,852ca66f4386612a,0,1,0000000000000000,d257675f14fda01a,d257675f14fda01a,0,0
3863,3863,0,0000000,00,3,3,3,45df60748375a731,0,3,3,852ca66f4386612a,0,1,8ddbbd9a4b717adf,d257675f14fda01a,d257675f14fda01a,0,0
3864,3864,0,0000000,00,3,3,3,00000000000045df,0,3,3,852ca66f4386612a,0,1,008e3311c624f454,d257675f14fda01a,d257675f14fda01a,0,0
3865,3865,0,0000000,00,3,3,3,0000000000000000,0,3,3,852ca66f4386612a,0,1,9770a08d51da67c8,d257675f14fda01a,d257675f14fda01a,0,0
3866,3866,0,0000000,00,3,3,3,0000000000000000,0,3,3,852ca66f4386612a,0,1,1a252e06dc8fe943,d257675f14fda01a,d257675f14fda01a,0,0
3867,3867,0,0000000,00,3,3,3,0000000000000000,0,3,3,852ca66f4386612a,0,1,d221f3e8148b34ad,d257675f14fda01a,d257675f14fda01a,0,0
3868,3868,0,0000000,00,3,3,3,0000000000000000,0,3,3,852ca66f4386612a,0,1,5f747d6399deba26,d257675f14fda01a,d257675f14fda01a,0,0
3869,3869,0,0000160,00,2,2,3,0000000000000000,0,3,2,852ca66f4386612a,3,1,c88aeeff0e2029ba,d257675f14fda01a,d257675f14fda01a,0,0
3870,3870,0,0000270,07,2,2,3,0000000000000000,0,3,3,087928e4ced3efa1,0,1,45df60748375a731,f8ddfc753e773b30,f8ddfc753e773b30,0,1
3871,3871,0,0000274,07,2,2,3,0000000000000000,0,0,3,087928e4ced3efa1,0,1,00000000000045df,758872feb322b5bb,758872feb322b5bb,0,1
3872,3872,0,0000278,07,2,2,3,0000000000000000,0,0,3,087928e4ced3efa1,0,1,0000000000000000,e276e16224dc2627,e276e16224dc2627,0,1
3873,3873,0,0000164,00,2,2,3,0000000000000000,0,0,2,087928e4ced3efa1,3,1,0000000000000000,6f236fe9a989a8ac,6f236fe9a989a8ac,0,1
3874,3874,0,0000000,00,3,3,3,0000000000000000,0,0,3,6055c8eaa6ff0faf,0,1,0000000000000000,cd8bc65b0b21011e,cd8bc65b0b21011e,0,1
3875,3875,0,0000000,00,3,3,3,a66f4386612a852c,0,0,3,6055c8eaa6ff0faf,0,1,0000000000000000,ffffffffffffffff,40de48d086748f95,1,1
3876,3876,0,0000000,00,3,3,3,28e4ced3efa1852c,3,0,3,6055c8eaa6ff0faf,0,1,0000000000000000,e76534762020f2dc,d720db4c118a1c09,1,1
3877,3877,0,0000000,00,3,3,3,e777c9c621dd0e83,3,0,3,6055c8eaa6ff0faf,0,1,0000000000000000,5a7555c79cdf9282,5a7555c79cdf9282,0,1
3878,3878,0,0000000,00,3,3,3,ffffffffffffffff,3,0,3,6055c8eaa6ff0faf,0,1,0000000000000000,9271882954db4f6c,9271882954db4f6c,0,0
3879,3879,0,0000000,00,3,3,3,28e4ced3efa10879,0,0,3,6055c8eaa6ff0faf,0,1,0000000000000000,9271882954db4f6c,9271882954db4f6c,0,0
3880,3880,0,0000000,00,3,3,3,c8eaa6ff0faf0879,0,0,3,6055c8eaa6ff0faf,0,1,0000000000000000,9271882954db4f6c,9271882954db4f6c,0,0
3881,3881,0,0000000,00,3,3,3,000000000000006a,0,0,3,6055c8eaa6ff0faf,0,1,0000000000000000,9271882954db4f6c,9271882954db4f6c,0,0
3882,3882,0,000027c,07,2,2,3,0000000000000000,0,0,3,6055c8eaa6ff0faf,0,1,a66f4386612a852c,9271882954db4f6c,9271882954db4f6c,0,0
3883,3883,0,0000280,07,2,2,3,0000000000000000,0,0,3,6055c8eaa6ff0faf,0,1,28e4ced3efa1852c,9271882954db4f6c,9271882954db4f6c,0,0
3884,3884,0,0000284,07,2,2,3,0000000000000000,0,3,3,6055c8eaa6ff0faf,0,1,e777c9c621dd0e83,9271882954db4f6c,9271882954db4f6c,0,0
3885,3885,0,0000288,07,2,2,3,0000000000000000,0,3,3,6055c8eaa6ff0faf,0,1,ffffffffffffffff,9271882954db4f6c,9271882954db4f6c,0,0
3886,3886,0,000028c,07,2,2,3,0000000000000000,0,3,3,6055c8eaa6ff0faf,0,1,28e4ced3efa10879,9271882954db4f6c,9271882954db4f6c,0,0
3887,3887,0,0000000,00,3,3,3,0000000000000000,0,0,3,6055c8eaa6ff0faf,0,1,c8eaa6ff0faf0879,9271882954db4f6c,9271882954db4f6c,0,0
3888,3888,0,0000000,00,3,3,3,0000000000000000,3,0,3,6055c8eaa6ff0faf,0,1,000000000000006a,9271882954db4f6c,9271882954db4f6c,0,0
3889,3889,0,0000000,00,3,3,3,70895a5ab6239d1f,3,0,3,6055c8eaa6ff0faf,0,1,0000000000000000,9271882954db4f6c,9271882954db4f6c,0,0
3890,3890,0,0000000,00,3,3,3,c764be7d01ce7938,3,0,3,6055c8eaa6ff0faf,0,1,0000000000000000,9271882954db4f6c,9271882954db4f6c,0,0
3891,3891,0,0000290,07,2,2,3,4a3130f68c9bf7b3,3,0,3,6055c8eaa6ff0faf,0,1,0000000000000000,472960918183a7d4,472960918183a7d4,0,1
3892,3892,0,0000294,07,2,2,3,ddcfa36a1b65642f,3,0,3,6055c8eaa6ff0faf,0,1,0000000000000000,ca7cee1a0cd6295f,ca7cee1a0cd6295f,0,1
3893,3893,0,0000298,07,2,2,3,509a2de19630eaa4,0,0,3,6055c8eaa6ff0faf,0,1,0000000000000000,5d827d869b28bac3,5d827d869b28bac3,0,1
3894,3894,0,000029c,07,2,2,3,000000000000509a,0,0,3,6055c8eaa6ff0faf,0,1,0000000000000000,d0d7f30d167d3448,d0d7f30d167d3448,0,1
3895,3895,0,00002a0,07,2,2,3,0000000000000000,0,0,3,6055c8eaa6ff0faf,0,1,0000000000000000,727f5abfb4d59dfa,727f5abfb4d59dfa,0,1
3896,3896,0,00002a4,07,2,2,3,0000000000000000,0,3,3,6055c8eaa6ff0faf,0,1,70895a5ab6239d1f,ff2ad43439801371,ff2ad43439801371,0,1
3897,3897,0,00002a8,07,2,2,3,0000000000000000,3,3,3,6055c8eaa6ff0faf,0,1,c764be7d01ce7938,68d447a8ae7e80ed,68d447a8ae7e80ed,0,1
3898,3898,0,00002ac,07,2,2,3,f232845334984316,3,3,3,6055c8eaa6ff0faf,0,1,4a3130f68c9bf7b3,e581c923232b0e66,e581c923232b0e66,0,1
3899,3899,0,0000000,00,3,3,3,7f670ad8b9cdcd9d,3,3,3,6055c8eaa6ff0faf,0,1,ddcfa36a1b65642f,f8ddfc753e773b30,f8ddfc753e773b30,0,0
3900,3900,0,0000000,00,3,3,3,e89999442e335e01,3,3,3,6055c8eaa6ff0faf,0,1,509a2de19630eaa4,f8ddfc753e773b30,f8ddfc753e773b30,0,0
3901,3901,0,0000000,00,3,3,3,65cc17cfa366d08a,3,0,3,6055c8eaa6ff0faf,0,1,000000000000509a,f8ddfc753e773b30,f8ddfc753e773b30,0,0
3902,3902,0,0000000,00,3,3,3,adc8ca216b620d64,3,0,3,9f87bb78592d7c3d,0,1,0000000000000000,f8ddfc753e773b30,f8ddfc753e773b30,0,0
3903,3903,0,0000000,00,3,3,3,209d44aae63783ef,3,0,3,9f87bb78592d7c3d,0,1,0000000000000000,f8ddfc753e773b30,f8ddfc753e773b30,0,0
3904,3904,0,0000000,00,3,3,3,b763d73671c91073,3,0,3,9f87bb78592d7c3d,0,1,0000000000000000,f8ddfc753e773b30,f8ddfc753e773b30,0,0
3905,3905,0,0000000,00,3,3,3,3a3659bdfc9c9ef8,0,3,3,9f87bb78592d7c3d,0,1,f232845334984316,f8ddfc753e773b30,f8ddfc753e773b30,0,0
3906,3906,0,0000000,00,3,3,3,0000000000003a36,0,3,3,9f87bb78592d7c3d,0,1,7f670ad8b9cdcd9d,f8ddfc753e773b30,f8ddfc753e773b30,0,0
3907,3907,0,0000000,00,3,3,3,0000000000000000,0,3,3,9f87bb78592d7c3d,0,1,e89999442e335e01,f8ddfc753e773b30,f8ddfc753e773b30,0,0
3908,3908,0,0000000,00,3,3,3,0000000000000000,0,3,3,9f87bb78592d7c3d,0,1,65cc17cfa366d08a,f8ddfc753e773b30,f8ddfc753e773b30,0,0
3909,3909,0,0000000,00,3,3,3,0000000000000000,0,3,3,9f87bb78592d7c3d,0,1,adc8ca216b620d64,f8ddfc753e773b30,f8ddfc753e773b30,0,0
3910,3910,0,0000000,00,3,3,3,0000000000000000,0,3,3,9f87bb78592d7c3d,0,1,209d44aae63783ef,f8ddfc753e773b30,f8ddfc753e773b30,0,0
3911,3911,0,0000168,00,2,2,3,0000000000000000,0,3,2,9f87bb78592d7c3d,3,1,b763d73671c91073,f8ddfc753e773b30,f8ddfc753e773b30,0,0
3912,3912,0,00002b0,07,2,2,3,0000000000000000,0,3,3,12d235f3d478f2b6,0,1,3a3659bdfc9c9ef8,2d8514cdeb2fd388,2d8514cdeb2fd388,0,1
3913,3913,0,00002b4,07,2,2,3,0000000000000000,0,0,3,12d235f3d478f2b6,0,1,0000000000003a36,a0d09a46667a5d03,a0d09a46667a5d03,0,1
3914,3914,0,00002b8,07,2,2,3,0000000000000000,0,0,3,12d235f3d478f2b6,0,1,0000000000000000,372e09daf184ce9f,372e09daf184ce9f,0,1
3915,3915,0,000016c,00,2,2,3,0000000000000000,0,0,2,12d235f3d478f2b6,3,1,0000000000000000,ba7b87517cd14014,ba7b87517cd14014,0,1
3916,3916,0,0000000,00,3,3,3,0000000000000000,0,0,3,4fa8efd389022896,0,1,0000000000000000,18d32ee3de79e9a6,18d32ee3de79e9a6,0,1
3917,3917,0,0000000,00,3,3,3,bb78592d7c3d9f87,0,0,3,4fa8efd389022896,0,1,0000000000000000,ffffffffffffffff,9586a068532c672d,1,1
3918,3918,0,0000000,00,3,3,3,35f3d478f2b69f87,3,0,3,4fa8efd389022896,0,1,0000000000000000,5cb8a47f9bfd62d5,027833f4c4d2f4b1,1,1
3919,3919,0,0000000,00,3,3,3,989ef00f5e34374a,3,0,3,4fa8efd389022896,0,1,0000000000000000,8f2dbd7f49877a3a,8f2dbd7f49877a3a,0,1
3920,3920,0,0000000,00,3,3,3,ffffffffffffffff,3,0,3,4fa8efd389022896,0,1,0000000000000000,472960918183a7d4,472960918183a7d4,0,0
3921,3921,0,0000000,00,3,3,3,35f3d478f2b612d2,0,0,3,4fa8efd389022896,0,1,0000000000000000,472960918183a7d4,472960918183a7d4,0,0
3922,3922,0,0000000,00,3,3,3,efd38902289612d2,0,0,3,4fa8efd389022896,0,1,0000000000000000,472960918183a7d4,472960918183a7d4,0,0
3923,3923,0,0000000,00,3,3,3,0000000000000053,0,0,3,4fa8efd389022896,0,1,0000000000000000,472960918183a7d4,472960918183a7d4,0,0
3924,3924,0,00002bc,07,2,2,3,0000000000000000,0,0,3,4fa8efd389022896,0,1,bb78592d7c3d9f87,472960918183a7d4,472960918183a7d4,0,0
3925,3925,0,00002c0,07,2,2,3,0000000000000000,0,0,3,4fa8efd389022896,0,1,35f3d478f2b69f87,472960918183a7d4,472960918183a7d4,0,0
3926,3926,0,00002c4,07,2,2,3,0000000000000000,0,3,3,4fa8efd389022896,0,1,989ef00f5e34374a,472960918183a7d4,472960918183a7d4,0,0
3927,3927,0,00002c8,07,2,2,3,0000000000000000,0,3,3,4fa8efd389022896,0,1,ffffffffffffffff,472960918183a7d4,472960918183a7d4,0,0
3928,3928,0,00002cc,07,2,2,3,0000000000000000,0,3,3,4fa8efd389022896,0,1,35f3d478f2b612d2,472960918183a7d4,472960918183a7d4,0,0
3929,3929,0,0000000,00,3,3,3,0000000000000000,0,0,3,4fa8efd389022896,0,1,efd38902289612d2,472960918183a7d4,472960918183a7d4,0,0
3930,3930,0,0000000,00,3,3,3,0000000000000000,3,0,3,4fa8efd389022896,0,1,0000000000000053,472960918183a7d4,472960918183a7d4,0,0
3931,3931,0,0000000,00,3,3,3,0f606393c9caa4d6,3,0,3,4fa8efd389022896,0,1,0000000000000000,472960918183a7d4,472960918183a7d4,0,0
3932,3932,0,0000000,00,3,3,3,123c56c5d4969180,3,0,3,4fa8efd389022896,0,1,0000000000000000,472960918183a7d4,472960918183a7d4,0,0
3933,3933,0,00002d0,07,2,2,3,9f69d84e59c31f0b,3,0,3,4fa8efd389022896,0,1,0000000000000000,38c05958fe6a9e1d,38c05958fe6a9e1d,0,1
3934,3934,0,00002d4,07,2,2,3,08974bd2ce3d8c97,3,0,3,4fa8efd389022896,0,1,0000000000000000,b595d7d3733f1096,b595d7d3733f1096,0,1
3935,3935,0,00002d8,07,2,2,3,85c2c5594368021c,0,0,3,4fa8efd389022896,0,1,0000000000000000,226b444fe4c1830a,226b444fe4c1830a,0,1
3936,3936,0,00002dc,07,2,2,3,00000000000085c2,0,0,3,4fa8efd389022896,0,1,0000000000000000,af3ecac469940d81,af3ecac469940d81,0,1
3937,3937,0,00002e0,07,2,2,3,0000000000000000,0,0,3,4fa8efd389022896,0,1,0000000000000000,0d966376cb3ca433,0d966376cb3ca433,0,1
3938,3938,0,00002e4,07,2,2,3,0000000000000000,0,3,3,4fa8efd389022896,0,1,0f606393c9caa4d6,80c3edfd46692ab8,80c3edfd46692ab8,0,1
3939,3939,0,00002e8,07,2,2,3,0000000000000000,3,3,3,4fa8efd389022896,0,1,123c56c5d4969180,173d7e61d197b924,173d7e61d197b924,0,1
3940,3940,0,00002ec,07,2,2,3,276a6cebe1c0abae,3,3,3,4fa8efd389022896,0,1,9f69d84e59c31f0b,9a68f0ea5cc237af,9a68f0ea5cc237af,0,1
3941,3941,0,0000000,00,3,3,3,aa3fe2606c952525,3,3,3,4fa8efd389022896,0,1,08974bd2ce3d8c97,2d8514cdeb2fd388,2d8514cdeb2fd388,0,0
3942,3942,0,0000000,00,3,3,3,3dc171fcfb6bb6b9,3,3,3,4fa8efd389022896,0,1,85c2c5594368021c,2d8514cdeb2fd388,2d8514cdeb2fd388,0,0
3943,3943,0,0000000,00,3,3,3,b094ff77763e3832,3,0,3,4fa8efd389022896,0,1,00000000000085c2,2d8514cdeb2fd388,2d8514cdeb2fd388,0,0
3944,3944,0,0000000,00,3,3,3,78902299be3ae5dc,3,0,3,b07a9c4176d05b04,0,1,0000000000000000,2d8514cdeb2fd388,2d8514cdeb2fd388,0,0
3945,3945,0,0000000,00,3,3,3,f5c5ac12336f6b57,3,0,3,b07a9c4176d05b04,0,1,0000000000000000,2d8514cdeb2fd388,2d8514cdeb2fd388,0,0
3946,3946,0,0000000,00,3,3,3,623b3f8ea491f8cb,3,0,3,b07a9c4176d05b04,0,1,0000000000000000,2d8514cdeb2fd388,2d8514cdeb2fd388,0,0
3947,3947,0,0000000,00,3,3,3,ef6eb10529c47640,0,3,3,b07a9c4176d05b04,0,1,276a6cebe1c0abae,2d8514cdeb2fd388,2d8514cdeb2fd388,0,0
3948,3948,0,0000000,00,3,3,3,000000000000ef6e,0,3,3,b07a9c4176d05b04,0,1,aa3fe2606c952525,2d8514cdeb2fd388,2d8514cdeb2fd388,0,0
3949,3949,0,0000000,00,3,3,3,0000000000000000,0,3,3,b07a9c4176d05b04,0,1,3dc171fcfb6bb6b9,2d8514cdeb2fd388,2d8514cdeb2fd388,0,0
3950,3950,0,0000000,00,3,3,3,0000000000000000,0,3,3,b07a9c4176d05b04,0,1,b094ff77763e3832,2d8514cdeb2fd388,2d8514cdeb2fd388,0,0
3951,3951,0,0000000,00,3,3,3,0000000000000000,0,3,3,b07a9c4176d05b04,0,1,78902299be3ae5dc,2d8514cdeb2fd388,2d8514cdeb2fd388,0,0
3952,3952,0,0000000,00,3,3,3,0000000000000000,0,3,3,b07a9c4176d05b04,0,1,f5c5ac12336f6b57,2d8514cdeb2fd388,2d8514cdeb2fd388,0,0
3953,3953,0,0000170,00,2,2,3,0000000000000000,0,3,2,b07a9c4176d05b04,3,1,623b3f8ea491f8cb,2d8514cdeb2fd388,2d8514cdeb2fd388,0,0
3954,3954,0,00002f0,07,2,2,3,0000000000000000,0,3,3,3d2f12cafb85d58f,0,1,ef6eb10529c47640,526c2d0494c6ea41,526c2d0494c6ea41,0,1
3955,3955,0,00002f4,07,2,2,3,0000000000000000,0,0,3,3d2f12cafb85d58f,0,1,000000000000ef6e,df39a38f199364ca,df39a38f199364ca,0,1
3956,3956,0,00002f8,07,2,2,3,0000000000000000,0,0,3,3d2f12cafb85d58f,0,1,0000000000000000,48c730138e6df756,48c730138e6df756,0,1
3957,3957,0,0000174,00,2,2,3,0000000000000000,0,0,2,3d2f12cafb85d58f,3,1,0000000000000000,c592be98033879dd,c592be98033879dd,0,1
3958,3958,0,0000000,00,3,3,3,0000000000000000,0,0,3,5503f2c493a93581,0,1,0000000000000000,673a172aa190d06f,673a172aa190d06f,0,1
3959,3959,0,0000000,00,3,3,3,9c4176d05b04b07a,0,0,3,5503f2c493a93581,0,1,0000000000000000,ffffffffffffffff,ea6f99a12cc55ee4,1,1
3960,3960,0,0000000,00,3,3,3,12cafb85d58fb07a,3,0,3,5503f2c493a93581,0,1,0000000000000000,41afbed486ea787e,7d910a3dbb3bcd78,1,1
3961,3961,0,0000000,00,3,3,3,4dc618b78b6cdff2,3,0,3,5503f2c493a93581,0,1,0000000000000000,f0c484b6366e43f3,f0c484b6366e43f3,0,1
3962,3962,0,0000000,00,3,3,3,ffffffffffffffff,3,0,3,5503f2c493a93581,0,1,0000000000000000,38c05958fe6a9e1d,38c05958fe6a9e1d,0,0
3963,3963,0,0000000,00,3,3,3,12cafb85d58f3d2f,0,0,3,5503f2c493a93581,0,1,0000000000000000,38c05958fe6a9e1d,38c05958fe6a9e1d,0,0
3964,3964,0,0000000,00,3,3,3,f2c493a935813d2f,0,0,3,5503f2c493a93581,0,1,0000000000000000,38c05958fe6a9e1d,38c05958fe6a9e1d,0,0
3965,3965,0,0000000,00,3,3,3,00000000000000c4,0,0,3,5503f2c493a93581,0,1,0000000000000000,38c05958fe6a9e1d,38c05958fe6a9e1d,0,0
3966,3966,0,00002fc,07,2,2,3,0000000000000000,0,0,3,5503f2c493a93581,0,1,9c4176d05b04b07a,38c05958fe6a9e1d,38c05958fe6a9e1d,0,0
3967,3967,0,0000300,07,2,2,3,0000000000000000,0,0,3,5503f2c493a93581,0,1,12cafb85d58fb07a,38c05958fe6a9e1d,38c05958fe6a9e1d,0,0
3968,3968,0,0000304,07,2,2,3,0000000000000000,0,3,3,5503f2c493a93581,0,1,4dc618b78b6cdff2,38c05958fe6a9e1d,38c05958fe6a9e1d,0,0
3969,3969,0,0000308,07,2,2,3,0000000000000000,0,3,3,5503f2c493a93581,0,1,ffffffffffffffff,38c05958fe6a9e1d,38c05958fe6a9e1d,0,0
3970,3970,0,000030c,07,2,2,3,0000000000000000,0,3,3,5503f2c493a93581,0,1,12cafb85d58f3d2f,38c05958fe6a9e1d,38c05958fe6a9e1d,0,0
3971,3971,0,0000000,00,3,3,3,0000000000000000,0,0,3,5503f2c493a93581,0,1,f2c493a935813d2f,38c05958fe6a9e1d,38c05958fe6a9e1d,0,0
3972,3972,0,0000000,00,3,3,3,0000000000000000,3,0,3,5503f2c493a93581,0,1,00000000000000c4,38c05958fe6a9e1d,38c05958fe6a9e1d,0,0
3973,3973,0,0000000,00,3,3,3,da388b2b1c924c6e,3,0,3,5503f2c493a93581,0,1,0000000000000000,38c05958fe6a9e1d,38c05958fe6a9e1d,0,0
3974,3974,0,0000000,00,3,3,3,38b6cdeffe1c0aaa,3,0,3,5503f2c493a93581,0,1,0000000000000000,38c05958fe6a9e1d,38c05958fe6a9e1d,0,0
3975,3975,0,0000310,07,2,2,3,b5e3436473498421,3,0,3,5503f2c493a93581,0,1,0000000000000000,ed98b1e02b3276a5,ed98b1e02b3276a5,0,1
3976,3976,0,0000314,07,2,2,3,221dd0f8e4b717bd,3,0,3,5503f2c493a93581,0,1,0000000000000000,60cd3f6ba667f82e,60cd3f6ba667f82e,0,1
3977,3977,0,0000318,07,2,2,3,af485e7369e29936,0,0,3,5503f2c493a93581,0,1,0000000000000000,f733acf731996bb2,f733acf731996bb2,0,1
3978,3978,0,000031c,07,2,2,3,000000000000af48,0,0,3,5503f2c493a93581,0,1,0000000000000000,7a66227cbccce539,7a66227cbccce539,0,1
3979,3979,0,0000320,07,2,2,3,0000000000000000,0,0,3,5503f2c493a93581,0,1,0000000000000000,d8ce8bce1e644c8b,d8ce8bce1e644c8b,0,1
3980,3980,0,0000324,07,2,2,3,0000000000000000,0,3,3,5503f2c493a93581,0,1,da388b2b1c924c6e,559b05459331c200,559b05459331c200,0,1
3981,3981,0,0000328,07,2,2,3,0000000000000000,3,3,3,5503f2c493a93581,0,1,38b6cdeffe1c0aaa,c26596d904cf519c,c26596d904cf519c,0,1
3982,3982,0,000032c,07,2,2,3,0de0f7c1cb4a3084,3,3,3,5503f2c493a93581,0,1,b5e3436473498421,4f301852899adf17,4f301852899adf17,0,1
3983,3983,0,0000000,00,3,3,3,80b5794a461fbe0f,3,3,3,5503f2c493a93581,0,1,221dd0f8e4b717bd,526c2d0494c6ea41,526c2d0494c6ea41,0,0
3984,3984,0,0000000,00,3,3,3,174bead6d1e12d93,3,3,3,5503f2c493a93581,0,1,af485e7369e29936,526c2d0494c6ea41,526c2d0494c6ea41,0,0
3985,3985,0,0000000,00,3,3,3,9a1e645d5cb4a318,3,0,3,5503f2c493a93581,0,1,000000000000af48,526c2d0494c6ea41,526c2d0494c6ea41,0,0
3986,3986,0,0000000,00,3,3,3,521ab9b394b07ef6,3,0,3,aad181566c7b4613,0,1,0000000000000000,526c2d0494c6ea41,526c2d0494c6ea41,0,0
3987,3987,0,0000000,00,3,3,3,df4f373819e5f07d,3,0,3,aad181566c7b4613,0,1,0000000000000000,526c2d0494c6ea41,526c2d0494c6ea41,0,0
3988,3988,0,0000000,00,3,3,3,48b1a4a48e1b63e1,3,0,3,aad181566c7b4613,0,1,0000000000000000,526c2d0494c6ea41,526c2d0494c6ea41,0,0
3989,3989,0,0000000,00,3,3,3,c5e42a2f034eed6a,0,3,3,aad181566c7b4613,0,1,0de0f7c1cb4a3084,526c2d0494c6ea41,526c2d0494c6ea41,0,0
3990,3990,0,0000000,00,3,3,3,000000000000c5e4,0,3,3,aad181566c7b4613,0,1,80b5794a461fbe0f,526c2d0494c6ea41,526c2d0494c6ea41,0,0
3991,3991,0,0000000,00,3,3,3,0000000000000000,0,3,3,aad181566c7b4613,0,1,174bead6d1e12d93,526c2d0494c6ea41,526c2d0494c6ea41,0,0
3992,3992,0,0000000,00,3,3,3,0000000000000000,0,3,3,aad181566c7b4613,0,1,9a1e645d5cb4a318,526c2d0494c6ea41,526c2d0494c6ea41,0,0
3993,3993,0,0000000,00,3,3,3,0000000000000000,0,3,3,aad181566c7b4613,0,1,521ab9b394b07ef6,526c2d0494c6ea41,526c2d0494c6ea41,0,0
3994,3994,0,0000000,00,3,3,3,0000000000000000,0,3,3,aad181566c7b4613,0,1,df4f373819e5f07d,526c2d0494c6ea41,526c2d0494c6ea41,0,0
3995,3995,0,0000178,00,2,2,3,0000000000000000,0,3,2,aad181566c7b4613,3,1,48b1a4a48e1b63e1,526c2d0494c6ea41,526c2d0494c6ea41,0,0
3996,3996,0,0000330,07,2,2,3,0000000000000000,0,3,3,27840fdde12ec898,0,1,c5e42a2f034eed6a,8734c5bc419e02f9,8734c5bc419e02f9,0,1
3997,3997,0,0000334,07,2,2,3,0000000000000000,0,0,3,27840fdde12ec898,0,1,000000000000c5e4,0a614b37cccb8c72,0a614b37cccb8c72,0,1
3998,3998,0,0000338,07,2,2,3,0000000000000000,0,0,3,27840fdde12ec898,0,1,0000000000000000,9d9fd8ab5b351fee,9d9fd8ab5b351fee,0,1
3999,3999,0,000017c,00,2,2,3,0000000000000000,0,0,2,27840fdde12ec898,3,1,0000000000000000,10ca5620d6609165,10ca5620d6609165,0,1
4000,4000,0,0000000,00,3,3,3,0000000000000000,0,0,3,3ad83a8bfc72fdce,0,1,0000000000000000,b262ff9274c838d7,b262ff9274c838d7,0,1
4001,4001,0,0000000,00,3,3,3,81566c7b4613aad1,0,0,3,3ad83a8bfc72fdce,0,1,0000000000000000,ffffffffffffffff,3f377119f99db65c,1,1
4002,4002,0,0000000,00,3,3,3,0fdde12ec898aad1,3,0,3,3ad83a8bfc72fdce,0,1,0000000000000000,66969129a1d35783,a8c9e2856e6325c0,1,1
4003,4003,0,0000000,00,3,3,3,674c839da1e644d8,3,0,3,3ad83a8bfc72fdce,0,1,0000000000000000,259c6c0ee336ab4b,259c6c0ee336ab4b,0,1
4004,4004,0,0000000,00,3,3,3,ffffffffffffffff,3,0,3,3ad83a8bfc72fdce,0,1,0000000000000000,ed98b1e02b3276a5,ed98b1e02b3276a5,0,0
4005,4005,0,0000000,00,3,3,3,0fdde12ec8982784,0,0,3,3ad83a8bfc72fdce,0,1,0000000000000000,ed98b1e02b3276a5,ed98b1e02b3276a5,0,0
4006,4006,0,0000000,00,3,3,3,3a8bfc72fdce2784,0,0,3,3ad83a8bfc72fdce,0,1,0000000000000000,ed98b1e02b3276a5,ed98b1e02b3276a5,0,0
4007,4007,0,0000000,00,3,3,3,000000000000000b,0,0,3,3ad83a8bfc72fdce,0,1,0000000000000000,ed98b1e02b3276a5,ed98b1e02b3276a5,0,0
4008,4008,0,000033c,07,2,2,3,0000000000000000,0,0,3,3ad83a8bfc72fdce,0,1,81566c7b4613aad1,ed98b1e02b3276a5,ed98b1e02b3276a5,0,0
4009,4009,0,0000340,07,2,2,3,0000000000000000,0,0,3,3ad83a8bfc72fdce,0,1,0fdde12ec898aad1,ed98b1e02b3276a5,ed98b1e02b3276a5,0,0
4010,4010,0,0000344,07,2,2,3,0000000000000000,0,3,3,3ad83a8bfc72fdce,0,1,674c839da1e644d8,ed98b1e02b3276a5,ed98b1e02b3276a5,0,0
4011,4011,0,0000348,07,2,2,3,0000000000000000,0,3,3,3ad83a8bfc72fdce,0,1,ffffffffffffffff,ed98b1e02b3276a5,ed98b1e02b3276a5,0,0
4012,4012,0,000034c,07,2,2,3,0000000000000000,0,3,3,3ad83a8bfc72fdce,0,1,0fdde12ec8982784,ed98b1e02b3276a5,ed98b1e02b3276a5,0,0
4013,4013,0,0000000,00,3,3,3,0000000000000000,0,0,3,3ad83a8bfc72fdce,0,1,3a8bfc72fdce2784,ed98b1e02b3276a5,ed98b1e02b3276a5,0,0
4014,4014,0,0000000,00,3,3,3,0000000000000000,3,0,3,3ad83a8bfc72fdce,0,1,000000000000000b,ed98b1e02b3276a5,ed98b1e02b3276a5,0,0
4015,4015,0,0000000,00,3,3,3,f0b210013618d744,3,0,3,3ad83a8bfc72fdce,0,1,0000000000000000,ed98b1e02b3276a5,ed98b1e02b3276a5,0,0
4016,4016,0,0000000,00,3,3,3,edee25572b44e212,3,0,3,3ad83a8bfc72fdce,0,1,0000000000000000,ed98b1e02b3276a5,ed98b1e02b3276a5,0,0
4017,4017,0,0000350,07,2,2,3,60bbabdca6116c99,3,0,3,3ad83a8bfc72fdce,0,1,0000000000000000,6dd56f0cab7fa849,6dd56f0cab7fa849,0,1
4018,4018,0,0000354,07,2,2,3,f745384031efff05,3,0,3,3ad83a8bfc72fdce,0,1,0000000000000000,e080e187262a26c2,e080e187262a26c2,0,1
4019,4019,0,0000358,07,2,2,3,7a10b6cbbcba718e,0,0,3,3ad83a8bfc72fdce,0,1,0000000000000000,777e721bb1d4b55e,777e721bb1d4b55e,0,1
4020,4020,0,000035c,07,2,2,3,0000000000007a10,0,0,3,3ad83a8bfc72fdce,0,1,0000000000000000,fa2bfc903c813bd5,fa2bfc903c813bd5,0,1
4021,4021,0,0000360,07,2,2,3,0000000000000000,0,0,3,3ad83a8bfc72fdce,0,1,0000000000000000,588355229e299267,588355229e299267,0,1
4022,4022,0,0000364,07,2,2,3,0000000000000000,0,3,3,3ad83a8bfc72fdce,0,1,f0b210013618d744,d5d6dba9137c1cec,d5d6dba9137c1cec,0,1
4023,4023,0,0000368,07,2,2,3,0000000000000000,3,3,3,3ad83a8bfc72fdce,0,1,edee25572b44e212,4228483584828f70,4228483584828f70,0,1
4024,4024,0,000036c,07,2,2,3,d8b81f791e12d83c,3,3,3,3ad83a8bfc72fdce,0,1,60bbabdca6116c99,cf7dc6be09d701fb,cf7dc6be09d701fb,0,1
4025,4025,0,0000000,00,3,3,3,55ed91f2934756b7,3,3,3,3ad83a8bfc72fdce,0,1,f745384031efff05,8734c5bc419e02f9,8734c5bc419e02f9,0,0
4026,4026,0,0000000,00,3,3,3,c213026e04b9c52b,3,3,3,3ad83a8bfc72fdce,0,1,7a10b6cbbcba718e,8734c5bc419e02f9,8734c5bc419e02f9,0,0
4027,4027,0,0000000,00,3,3,3,4f468ce589ec4ba0,3,0,3,3ad83a8bfc72fdce,0,1,0000000000007a10,8734c5bc419e02f9,8734c5bc419e02f9,0,0
4028,4028,0,0000000,00,3,3,3,8742510b41e8964e,3,0,3,3ad83a8bfc72fdce,0,1,0000000000000000,8734c5bc419e02f9,8734c5bc419e02f9,0,0
4029,4029,0,0000000,00,3,3,3,0a17df80ccbd18c5,3,0,3,3ad83a8bfc72fdce,0,1,0000000000000000,8734c5bc419e02f9,8734c5bc419e02f9,0,0
4030,4030,0,0000000,00,3,3,3,9de94c1c5b438b59,3,0,3,3ad83a8bfc72fdce,0,1,0000000000000000,8734c5bc419e02f9,8734c5bc419e02f9,0,0
4031,4031,0,0000000,00,3,3,3,10bcc297d61605d2,0,3,3,3ad83a8bfc72fdce,0,1,d8b81f791e12d83c,8734c5bc419e02f9,8734c5bc419e02f9,0,0
4032,4032,0,0000000,00,3,3,3,00000000000010bc,0,3,3,3ad83a8bfc72fdce,0,1,55ed91f2934756b7,8734c5bc419e02f9,8734c5bc419e02f9,0,0
4033,4033,0,0000000,00,3,3,3,0000000000000000,0,3,3,3ad83a8bfc72fdce,0,1,c213026e04b9c52b,8734c5bc419e02f9,8734c5bc419e02f9,0,0
4034,4034,0,0000000,00,3,3,3,0000000000000000,0,3,3,3ad83a8bfc72fdce,0,1,4f468ce589ec4ba0,8734c5bc419e02f9,8734c5bc419e02f9,0,0
4035,4035,0,0000000,00,3,3,3,0000000000000000,0,3,3,3ad83a8bfc72fdce,0,1,8742510b41e8964e,8734c5bc419e02f9,8734c5bc419e02f9,0,0
4036,4036,0,0000000,06,3,2,2,0000000000000000,0,3,2,3ad83a8bfc72fdce,0,1,0a17df80ccbd18c5,8734c5bc419e02f9,8734c5bc419e02f9,0,0
4037,4037,0,0000000,07,3,2,2,0000000000000000,0,3,2,3ad83a8bfc72fdce,0,1,9de94c1c5b438b59,8734c5bc419e02f9,8734c5bc419e02f9,0,0
4038,4038,0,0000000,00,3,2,2,0000000000000000,0,3,2,3ad83a8bfc72fdce,0,1,10bcc297d61605d2,07791b50c1d3dc15,07791b50c1d3dc15,0,1
4039,4039,0,0000000,00,3,3,3,0000000000000000,0,0,3,3ad83a8bfc72fdce,0,1,00000000000010bc,8a2c95db4c86529e,8a2c95db4c86529e,0,1
4040,4040,0,0000000,00,3,3,3,0000000000000000,0,0,3,3ad83a8bfc72fdce,0,1,0000000000000000,1dd20647db78c102,1dd20647db78c102,0,1
4041,4041,0,0000000,00,3,3,3,0000000000000000,0,0,3,3ad83a8bfc72fdce,0,1,0000000000000000,908788cc562d4f89,908788cc562d4f89,0,1
4042,4042,0,0000000,00,2,2,2,0000000000000000,0,0,3,3ad83a8bfc72fdce,0,1,0000000000000000,322f217ef485e63b,322f217ef485e63b,0,1
4043,4043,0,0000000,00,3,3,3,0000000000000000,0,0,3,3ad83a8bfc72fdce,0,1,0000000000000000,ffffffffffffffff,bf7aaff579d068b0,1,1
4044,4044,0,0000000,00,3,3,3,0000000000000000,0,0,3,3ad83a8bfc72fdce,0,1,0000000000000000,7b818b82bcc44d28,28843c69ee2efb2c,1,1
4045,4045,0,0000000,00,3,3,3,0000000000000000,0,0,3,3ad83a8bfc72fdce,0,1,0000000000000000,a5d1b2e2637b75a7,a5d1b2e2637b75a7,0,1
4046,4046,0,0000000,00,3,3,3,0000000000000000,0,0,3,3ad83a8bfc72fdce,0,1,0000000000000000,6dd56f0cab7fa849,6dd56f0cab7fa849,0,0
4047,4047,0,0000000,00,3,3,3,0000000000000000,0,0,3,3ad83a8bfc72fdce,0,1,0000000000000000,6dd56f0cab7fa849,6dd56f0cab7fa849,0,0
4048,4048,0,0000000,00,3,3,3,0000000000000000,0,0,3,3ad83a8bfc72fdce,0,1,0000000000000000,6dd56f0cab7fa849,6dd56f0cab7fa849,0,0
4049,4049,0,0000000,00,3,3,3,0000000000000000,0,0,3,3ad83a8bfc72fdce,0,1,0000000000000000,6dd56f0cab7fa849,6dd56f0cab7fa849,0,0
4050,4050,0,0000000,00,3,3,3,0000000000000000,0,0,3,3ad83a8bfc72fdce,0,1,0000000000000000,6dd56f0cab7fa849,6dd56f0cab7fa849,0,0
4051,4051,0,0000000,00,3,3,3,0000000000000000,0,0,3,3ad83a8bfc72fdce,0,1,0000000000000000,6dd56f0cab7fa849,6dd56f0cab7fa849,0,0
4052,4052,0,0000000,00,3,3,3,0000000000000000,0,0,3,3ad83a8bfc72fdce,0,1,0000000000000000,6dd56f0cab7fa849,6dd56f0cab7fa849,0,0
4053,4053,0,0000000,00,3,3,3,0000000000000000,0,0,3,3ad83a8bfc72fdce,0,1,0000000000000000,6dd56f0cab7fa849,6dd56f0cab7fa849,0,0
4054,4054,0,0000000,00,3,3,3,0000000000000000,0,0,3,3ad83a8bfc72fdce,0,1,0000000000000000,6dd56f0cab7fa849,6dd56f0cab7fa849,0,0
4055,4055,0,0000000,00,3,3,3,0000000000000000,0,0,3,3ad83a8bfc72fdce,0,1,0000000000000000,6dd56f0cab7fa849,6dd56f0cab7fa849,0,0
4056,4056,0,0000000,00,3,3,3,0000000000000000,0,0,3,3ad83a8bfc72fdce,0,1,0000000000000000,6dd56f0cab7fa849,6dd56f0cab7fa849,0,0
4057,4057,0,0000000,07,3,2,2,0000000000000000,0,0,3,3ad83a8bfc72fdce,0,1,0000000000000000,6dd56f0cab7fa849,6dd56f0cab7fa849,0,0
4058,4058,0,0000000,00,3,3,3,0000000000000000,0,0,3,3ad83a8bfc72fdce,0,1,0000000000000000,6dd56f0cab7fa849,6dd56f0cab7fa849,0,0
4059,4059,0,0000000,00,3,3,3,0000000000000000,0,0,3,3ad83a8bfc72fdce,0,1,0000000000000000,b88d87b47e2740f1,b88d87b47e2740f1,0,1
4060,4060,0,0000000,00,3,3,3,0000000000000000,0,0,3,3ad83a8bfc72fdce,0,1,0000000000000000,35d8093ff372ce7a,35d8093ff372ce7a,0,1
4061,4061,0,0000000,00,3,3,3,0000000000000000,0,0,3,3ad83a8bfc72fdce,0,1,0000000000000000,a2269aa3648c5de6,a2269aa3648c5de6,0,1
4062,4062,0,0000000,00,3,3,3,0000000000000000,0,0,3,3ad83a8bfc72fdce,0,1,0000000000000000,2f731428e9d9d36d,2f731428e9d9d36d,0,1
4063,4063,0,0000000,00,3,3,3,0000000000000000,0,0,3,3ad83a8bfc72fdce,0,1,0000000000000000,8ddbbd9a4b717adf,8ddbbd9a4b717adf,0,1
4064,4064,0,0000370,07,2,2,3,0000000000000000,0,0,3,3ad83a8bfc72fdce,0,1,0000000000000000,008e3311c624f454,008e3311c624f454,0,1
4065,4065,0,0000374,07,2,2,3,0000000000000000,0,0,3,3ad83a8bfc72fdce,0,1,0000000000000000,9770a08d51da67c8,9770a08d51da67c8,0,1
4066,4066,0,0000378,07,2,2,3,0000000000000000,0,0,3,3ad83a8bfc72fdce,0,1,0000000000000000,1a252e06dc8fe943,1a252e06dc8fe943,0,1
4067,4067,0,000037c,07,2,2,3,0000000000000000,0,0,3,3ad83a8bfc72fdce,0,1,0000000000000000,07791b50c1d3dc15,07791b50c1d3dc15,0,0
4068,4068,0,0000380,07,2,2,3,0000000000000000,0,0,3,3ad83a8bfc72fdce,0,1,0000000000000000,07791b50c1d3dc15,07791b50c1d3dc15,0,0
4069,4069,0,0000384,07,2,2,3,0000000000000000,0,0,3,3ad83a8bfc72fdce,0,1,0000000000000000,07791b50c1d3dc15,07791b50c1d3dc15,0,0
4070,4070,0,0000388,07,2,2,3,0000000000000000,3,0,3,3ad83a8bfc72fdce,0,1,0000000000000000,07791b50c1d3dc15,07791b50c1d3dc15,0,0
4071,4071,0,000038c,07,2,2,3,b2146b2574beac60,3,0,3,3ad83a8bfc72fdce,0,1,0000000000000000,07791b50c1d3dc15,07791b50c1d3dc15,0,0
4072,4072,0,0000390,07,2,2,3,3f41e5aef9eb22eb,3,0,3,3ad83a8bfc72fdce,0,1,0000000000000000,07791b50c1d3dc15,07791b50c1d3dc15,0,0
4073,4073,0,0000394,07,2,2,3,a8bf76326e15b177,3,0,3,3ad83a8bfc72fdce,0,1,0000000000000000,07791b50c1d3dc15,07791b50c1d3dc15,0,0
4074,4074,0,0000398,07,2,2,3,25eaf8b9e3403ffc,3,0,3,3ad83a8bfc72fdce,0,1,0000000000000000,07791b50c1d3dc15,07791b50c1d3dc15,0,0
4075,4075,0,000039c,07,2,2,3,92071c9e54addbdb,3,0,3,3ad83a8bfc72fdce,0,1,0000000000000000,07791b50c1d3dc15,07791b50c1d3dc15,0,0
4076,4076,0,00003a0,07,2,2,3,1f529215d9f85550,3,0,3,3ad83a8bfc72fdce,0,1,0000000000000000,07791b50c1d3dc15,07791b50c1d3dc15,0,0
4077,4077,0,00003a4,07,2,2,3,88ac01894e06c6cc,3,0,3,3ad83a8bfc72fdce,0,1,0000000000000000,07791b50c1d3dc15,07791b50c1d3dc15,0,0
4078,4078,0,00003a8,07,2,2,3,05f98f02c3534847,3,3,3,3ad83a8bfc72fdce,0,1,b2146b2574beac60,07791b50c1d3dc15,07791b50c1d3dc15,0,0
4079,4079,0,00003ac,07,2,2,3,a75126b061fbe1f5,3,3,3,3ad83a8bfc72fdce,0,1,3f41e5aef9eb22eb,07791b50c1d3dc15,07791b50c1d3dc15,0,0
4080,4080,0,00003b0,07,2,2,3,2a04a83becae6f7e,3,3,3,3ad83a8bfc72fdce,0,1,a8bf76326e15b177,d221f3e8148b34ad,d221f3e8148b34ad,0,1
4081,4081,0,00003b4,07,2,2,3,bdfa3ba77b50fce2,3,3,3,3ad83a8bfc72fdce,0,1,25eaf8b9e3403ffc,5f747d6399deba26,5f747d6399deba26,0,1
4082,4082,0,00003b8,07,2,2,3,30afb52cf6057269,3,3,3,3ad83a8bfc72fdce,0,1,92071c9e54addbdb,c88aeeff0e2029ba,c88aeeff0e2029ba,0,1
4083,4083,0,00003bc,07,2,2,3,f8ab68c23e01af87,3,3,3,3ad83a8bfc72fdce,0,1,1f529215d9f85550,45df60748375a731,45df60748375a731,0,1
4084,4084,0,00003c0,07,2,2,3,75fee649b354210c,3,3,3,3ad83a8bfc72fdce,0,1,88ac01894e06c6cc,e777c9c621dd0e83,e777c9c621dd0e83,0,1
4085,4085,0,00003c4,07,2,2,3,e20075d524aab290,3,3,3,3ad83a8bfc72fdce,0,1,05f98f02c3534847,ffffffffffffffff,6a22474dac888008,1,1
4086,4086,0,00003c8,07,2,2,3,6f55fb5ea9ff3c1b,3,3,3,3ad83a8bfc72fdce,0,1,a75126b061fbe1f5,28e4ced3efa10879,fddcd4d13b761394,1,1
4087,4087,0,00003cc,07,2,2,3,cdfd52ec0b5795a9,3,3,3,3ad83a8bfc72fdce,0,1,2a04a83becae6f7e,70895a5ab6239d1f,70895a5ab6239d1f,0,1
4088,4088,0,0000000,00,3,2,2,40a8dc6786021b22,3,3,3,3ad83a8bfc72fdce,0,1,bdfa3ba77b50fce2,b88d87b47e2740f1,b88d87b47e2740f1,0,0
4089,4089,0,0000000,00,3,3,3,d7564ffb11fc88be,3,3,3,3ad83a8bfc72fdce,0,1,30afb52cf6057269,b88d87b47e2740f1,b88d87b47e2740f1,0,0
4090,4090,0,0000000,00,3,3,3,5a03c1709ca90635,3,3,3,3ad83a8bfc72fdce,0,1,f8ab68c23e01af87,b88d87b47e2740f1,b88d87b47e2740f1,0,0
4091,4091,0,0000000,00,3,3,3,475ff42681f53363,3,3,3,9069ebfa56c32cbf,0,1,75fee649b354210c,b88d87b47e2740f1,b88d87b47e2740f1,0,0
4092,4092,0,0000000,00,3,3,3,ca0a7aad0ca0bde8,3,3,3,9069ebfa56c32cbf,0,1,e20075d524aab290,b88d87b47e2740f1,b88d87b47e2740f1,0,0
4093,4093,0,0000000,00,3,3,3,5df4e9319b5e2e74,3,3,3,9069ebfa56c32cbf,0,1,6f55fb5ea9ff3c1b,b88d87b47e2740f1,b88d87b47e2740f1,0,0
4094,4094,0,0000000,00,3,3,3,d0a167ba160ba0ff,0,3,3,9069ebfa56c32cbf,0,1,cdfd52ec0b5795a9,b88d87b47e2740f1,b88d87b47e2740f1,0,0
4095,4095,0,0000000,00,3,3,3,000000000000d0a1,0,3,3,9069ebfa56c32cbf,0,1,40a8dc6786021b22,b88d87b47e2740f1,b88d87b47e2740f1,0,0
