Sample in Buffer,Sample in Window,TRIGGER,w_dfi_address[25:0],w_dfi_bank[5:0],w_dfi_cas_n[1:0],w_dfi_cs_n[1:0],w_dfi_ras_n[1:0],w_dfi_rddata[63:0],w_dfi_rddata_en[1:0],w_dfi_rddata_valid[1:0],w_dfi_we_n[1:0],w_dfi_wrdata[63:0],w_dfi_wrdata_en[1:0],w_idelay_rdy,u_harness/w_dfi_rddata_dly[63:0],u_harness/w_rd_dbg_actual[63:0],u_harness/w_rd_dbg_expected[63:0],u_harness/w_rd_dbg_mismatch,u_harness/w_rd_dbg_valid
Radix - UNSIGNED,UNSIGNED,UNSIGNED,HEX,HEX,HEX,HEX,HEX,HEX,HEX,HEX,HEX,HEX,HEX,HEX,HEX,HEX,HEX,HEX,HEX
0,0,0,0000000,00,3,3,3,a171de4c663495b3,0,0,3,e5b446b1231e81f4,0,1,bc66c4e77b238f18,44fe4a7482548d31,44fe4a7482548d31,0,0
1,1,0,0000000,00,3,3,3,08c37ce4cf8618e6,0,0,3,e5b446b1231e81f4,0,1,2ffa5319e8bf024d,44fe4a7482548d31,44fe4a7482548d31,0,0
2,2,0,0000000,00,3,3,3,8648f1b1410dba4e,0,0,3,e5b446b1231e81f4,0,1,a171de4c663495b3,44fe4a7482548d31,44fe4a7482548d31,0,0
3,3,0,00001a0,06,2,2,3,15d4664fd291371b,0,0,2,e5b446b1231e81f4,3,1,08c37ce4cf8618e6,44fe4a7482548d31,44fe4a7482548d31,0,0
4,4,0,00001a4,06,2,2,3,9b5feb1a5c1aa0e5,0,0,2,68e1c83aae4b0f7f,3,1,8648f1b1410dba4e,44fe4a7482548d31,44fe4a7482548d31,0,0
5,5,0,00001a8,06,2,2,3,46b1231e81f42db0,0,0,2,ff1f5ba639b59ce3,3,1,15d4664fd291371b,44fe4a7482548d31,44fe4a7482548d31,0,0
6,6,0,00001ac,06,2,2,3,0000000000000000,0,0,2,724ad52db4e01268,3,1,9b5feb1a5c1aa0e5,44fe4a7482548d31,44fe4a7482548d31,0,0
7,7,0,00001b0,06,2,2,3,0000000000000000,0,0,2,d0e27c9f1648bbda,3,1,46b1231e81f42db0,44fe4a7482548d31,44fe4a7482548d31,0,0
8,8,0,00001b4,06,2,2,3,46b0000000000000,0,0,2,5db7f2149b1d3551,3,1,0000000000000000,44fe4a7482548d31,44fe4a7482548d31,0,0
9,9,0,00001b8,06,2,2,3,46b1231e81f4e5b4,0,0,2,ca4961880ce3a6cd,3,1,0000000000000000,44fe4a7482548d31,44fe4a7482548d31,0,0
10,10,0,00001bc,06,2,2,3,c83aae4b0f7fe5b4,0,0,2,471cef0381b62846,3,1,46b0000000000000,44fe4a7482548d31,44fe4a7482548d31,0,0
11,11,0,0000000,00,3,3,3,5ba639b59ce368e1,0,0,3,5a40da559cea1d10,0,1,46b1231e81f4e5b4,44fe4a7482548d31,44fe4a7482548d31,0,0
12,12,0,0000000,00,3,3,3,d52db4e01268ff1f,0,0,3,5a40da559cea1d10,0,1,c83aae4b0f7fe5b4,44fe4a7482548d31,44fe4a7482548d31,0,0
13,13,0,0000000,00,3,3,3,7c9f1648bbda724a,0,0,3,5a40da559cea1d10,0,1,5ba639b59ce368e1,44fe4a7482548d31,44fe4a7482548d31,0,0
14,14,0,0000000,00,3,3,3,f2149b1d3551d0e2,0,0,3,5a40da559cea1d10,0,1,d52db4e01268ff1f,44fe4a7482548d31,44fe4a7482548d31,0,0
15,15,0,00001c0,06,2,2,3,61880ce3a6cd5db7,0,0,2,5a40da559cea1d10,3,1,7c9f1648bbda724a,44fe4a7482548d31,44fe4a7482548d31,0,0
16,16,0,00001c4,06,2,2,3,ef0381b62846ca49,0,0,2,d71554de11bf939b,3,1,f2149b1d3551d0e2,44fe4a7482548d31,44fe4a7482548d31,0,0
17,17,0,00001c8,06,2,2,3,da559cea1d10471c,0,0,2,40ebc74286410007,3,1,61880ce3a6cd5db7,44fe4a7482548d31,44fe4a7482548d31,0,0
18,18,0,00001cc,06,2,2,3,0000000000000000,0,0,2,cdbe49c90b148e8c,3,1,ef0381b62846ca49,44fe4a7482548d31,44fe4a7482548d31,0,0
19,19,0,00001d0,06,2,2,3,0000000000000000,0,0,2,6f16e07ba9bc273e,3,1,da559cea1d10471c,44fe4a7482548d31,44fe4a7482548d31,0,0
20,20,0,00001d4,06,2,2,3,da10000000000000,0,0,2,e2436ef024e9a9b5,3,1,0000000000000000,44fe4a7482548d31,44fe4a7482548d31,0,0
21,21,0,00001d8,06,2,2,3,da559cea1d105a40,0,0,2,75bdfd6cb3173a29,3,1,0000000000000000,44fe4a7482548d31,44fe4a7482548d31,0,0
22,22,0,00001dc,06,2,2,3,54de11bf939b5a40,0,0,2,f8e873e73e42b4a2,3,1,da10000000000000,44fe4a7482548d31,44fe4a7482548d31,0,0
23,23,0,0000000,00,3,3,3,c74286410007d715,0,0,3,30ecae09f646694c,0,1,da559cea1d105a40,44fe4a7482548d31,44fe4a7482548d31,0,0
24,24,0,0000000,00,3,3,3,49c90b148e8c40eb,0,0,3,30ecae09f646694c,0,1,54de11bf939b5a40,44fe4a7482548d31,44fe4a7482548d31,0,0
25,25,0,0000000,00,3,3,3,e07ba9bc273ecdbe,0,0,3,30ecae09f646694c,0,1,c74286410007d715,44fe4a7482548d31,44fe4a7482548d31,0,0
26,26,0,0000000,00,3,3,3,6ef024e9a9b56f16,0,0,3,30ecae09f646694c,0,1,49c90b148e8c40eb,44fe4a7482548d31,44fe4a7482548d31,0,0
27,27,0,00001e0,06,2,2,3,fd6cb3173a29e243,0,0,2,30ecae09f646694c,3,1,e07ba9bc273ecdbe,44fe4a7482548d31,44fe4a7482548d31,0,0
28,28,0,00001e4,06,2,2,3,73e73e42b4a275bd,0,0,2,bdb920827b13e7c7,3,1,6ef024e9a9b56f16,44fe4a7482548d31,44fe4a7482548d31,0,0
29,29,0,00001e8,06,2,2,3,ae09f646694cf8e8,0,0,2,2a47b31eeced745b,3,1,fd6cb3173a29e243,44fe4a7482548d31,44fe4a7482548d31,0,0
30,30,0,00001ec,06,2,2,3,0000000000000000,0,0,2,a7123d9561b8fad0,3,1,73e73e42b4a275bd,44fe4a7482548d31,44fe4a7482548d31,0,0
31,31,0,00001f0,06,2,2,3,0000000000000000,0,0,2,05ba9427c3105362,3,1,ae09f646694cf8e8,44fe4a7482548d31,44fe4a7482548d31,0,0
32,32,0,00001f4,06,2,2,3,ae00000000000000,0,0,2,88ef1aac4e45dde9,3,1,0000000000000000,44fe4a7482548d31,44fe4a7482548d31,0,0
33,33,0,00001f8,06,2,2,3,ae09f646694c30ec,0,0,2,1f118930d9bb4e75,3,1,0000000000000000,44fe4a7482548d31,44fe4a7482548d31,0,0
34,34,0,00001fc,06,2,2,3,20827b13e7c730ec,0,0,2,924407bb54eec0fe,3,1,ae00000000000000,44fe4a7482548d31,44fe4a7482548d31,0,0
35,35,0,0000000,00,3,3,3,b31eeced745bbdb9,0,0,3,da0d04b91ca7c3fc,0,1,ae09f646694c30ec,44fe4a7482548d31,44fe4a7482548d31,0,0
36,36,0,0000000,00,3,3,3,3d9561b8fad02a47,0,0,3,da0d04b91ca7c3fc,0,1,20827b13e7c730ec,44fe4a7482548d31,44fe4a7482548d31,0,0
37,37,0,0000000,00,3,3,3,9427c3105362a712,0,0,3,da0d04b91ca7c3fc,0,1,b31eeced745bbdb9,44fe4a7482548d31,44fe4a7482548d31,0,0
38,38,0,0000000,00,3,3,3,1aac4e45dde905ba,0,0,3,da0d04b91ca7c3fc,0,1,3d9561b8fad02a47,44fe4a7482548d31,44fe4a7482548d31,0,0
39,39,0,0000200,06,2,2,3,8930d9bb4e7588ef,0,0,2,da0d04b91ca7c3fc,3,1,9427c3105362a712,44fe4a7482548d31,44fe4a7482548d31,0,0
40,40,0,0000204,06,2,2,3,07bb54eec0fe1f11,0,0,2,57588a3291f24d77,3,1,1aac4e45dde905ba,44fe4a7482548d31,44fe4a7482548d31,0,0
41,41,0,0000208,06,2,2,3,04b91ca7c3fc9244,0,0,2,c0a619ae060cdeeb,3,1,8930d9bb4e7588ef,44fe4a7482548d31,44fe4a7482548d31,0,0
42,42,0,000020c,06,2,2,3,0000000000000000,0,0,2,4df397258b595060,3,1,07bb54eec0fe1f11,44fe4a7482548d31,44fe4a7482548d31,0,0
43,43,0,0000210,06,2,2,3,0000000000000000,0,0,2,ef5b3e9729f1f9d2,3,1,04b91ca7c3fc9244,44fe4a7482548d31,44fe4a7482548d31,0,0
44,44,0,0000214,06,2,2,3,04b0000000000000,0,0,2,620eb01ca4a47759,3,1,0000000000000000,44fe4a7482548d31,44fe4a7482548d31,0,0
45,45,0,0000218,06,2,2,3,04b91ca7c3fcda0d,0,0,2,f5f02380335ae4c5,3,1,0000000000000000,44fe4a7482548d31,44fe4a7482548d31,0,0
46,46,0,000021c,06,2,2,3,8a3291f24d77da0d,0,0,2,78a5ad0bbe0f6a4e,3,1,04b0000000000000,44fe4a7482548d31,44fe4a7482548d31,0,0
47,47,0,0000000,00,3,3,3,19ae060cdeeb5758,0,0,3,b0a170e5760bb7a0,0,1,04b91ca7c3fcda0d,44fe4a7482548d31,44fe4a7482548d31,0,0
48,48,0,0000000,00,3,3,3,97258b595060c0a6,0,0,3,b0a170e5760bb7a0,0,1,8a3291f24d77da0d,44fe4a7482548d31,44fe4a7482548d31,0,0
49,49,0,0000000,00,3,3,3,3e9729f1f9d24df3,0,0,3,b0a170e5760bb7a0,0,1,19ae060cdeeb5758,44fe4a7482548d31,44fe4a7482548d31,0,0
50,50,0,0000000,00,3,3,3,b01ca4a47759ef5b,0,0,3,b0a170e5760bb7a0,0,1,97258b595060c0a6,44fe4a7482548d31,44fe4a7482548d31,0,0
51,51,0,0000220,06,2,2,3,2380335ae4c5620e,0,0,2,b0a170e5760bb7a0,3,1,3e9729f1f9d24df3,44fe4a7482548d31,44fe4a7482548d31,0,0
52,52,0,0000224,06,2,2,3,ad0bbe0f6a4ef5f0,0,0,2,3df4fe6efb5e392b,3,1,b01ca4a47759ef5b,44fe4a7482548d31,44fe4a7482548d31,0,0
53,53,0,0000228,06,2,2,3,70e5760bb7a078a5,0,0,2,aa0a6df26ca0aab7,3,1,2380335ae4c5620e,44fe4a7482548d31,44fe4a7482548d31,0,0
54,54,0,000022c,06,2,2,3,0000000000000000,0,0,2,275fe379e1f5243c,3,1,ad0bbe0f6a4ef5f0,44fe4a7482548d31,44fe4a7482548d31,0,0
55,55,0,0000230,06,2,2,3,0000000000000000,0,0,2,85f74acb435d8d8e,3,1,70e5760bb7a078a5,44fe4a7482548d31,44fe4a7482548d31,0,0
56,56,0,0000234,06,2,2,3,70a0000000000000,0,0,2,08a2c440ce080305,3,1,0000000000000000,44fe4a7482548d31,44fe4a7482548d31,0,0
57,57,0,0000238,06,2,2,3,70e5760bb7a0b0a1,0,0,2,9f5c57dc59f69099,3,1,0000000000000000,44fe4a7482548d31,44fe4a7482548d31,0,0
58,58,0,000023c,06,2,2,3,fe6efb5e392bb0a1,0,0,2,1209d957d4a31e12,3,1,70a0000000000000,44fe4a7482548d31,44fe4a7482548d31,0,0
59,59,0,0000000,00,3,3,3,6df26ca0aab73df4,0,0,3,0f55ec01c9ff2b44,0,1,70e5760bb7a0b0a1,44fe4a7482548d31,44fe4a7482548d31,0,0
60,60,0,0000000,00,3,3,3,e379e1f5243caa0a,0,0,3,0f55ec01c9ff2b44,0,1,fe6efb5e392bb0a1,44fe4a7482548d31,44fe4a7482548d31,0,0
61,61,0,0000000,00,3,3,3,4acb435d8d8e275f,0,0,3,0f55ec01c9ff2b44,0,1,6df26ca0aab73df4,44fe4a7482548d31,44fe4a7482548d31,0,0
62,62,0,0000000,00,3,3,3,c440ce08030585f7,0,0,3,0f55ec01c9ff2b44,0,1,e379e1f5243caa0a,44fe4a7482548d31,44fe4a7482548d31,0,0
63,63,0,0000240,06,2,2,3,57dc59f6909908a2,0,0,2,0f55ec01c9ff2b44,3,1,4acb435d8d8e275f,44fe4a7482548d31,44fe4a7482548d31,0,0
64,64,0,0000244,06,2,2,3,d957d4a31e129f5c,0,0,2,8200628a44aaa5cf,3,1,c440ce08030585f7,44fe4a7482548d31,44fe4a7482548d31,0,0
65,65,0,0000248,06,2,2,3,ec01c9ff2b441209,0,0,2,15fef116d3543653,3,1,57dc59f6909908a2,44fe4a7482548d31,44fe4a7482548d31,0,0
66,66,0,000024c,06,2,2,3,0000000000000000,0,0,2,98ab7f9d5e01b8d8,3,1,d957d4a31e129f5c,44fe4a7482548d31,44fe4a7482548d31,0,0
67,67,0,0000250,06,2,2,3,0000000000000000,0,0,2,3a03d62ffca9116a,3,1,ec01c9ff2b441209,44fe4a7482548d31,44fe4a7482548d31,0,0
68,68,0,0000254,06,2,2,3,ec00000000000000,0,0,2,b75658a471fc9fe1,3,1,0000000000000000,44fe4a7482548d31,44fe4a7482548d31,0,0
69,69,0,0000258,06,2,2,3,ec01c9ff2b440f55,0,0,2,20a8cb38e6020c7d,3,1,0000000000000000,44fe4a7482548d31,44fe4a7482548d31,0,0
70,70,0,000025c,06,2,2,3,628a44aaa5cf0f55,0,0,2,adfd45b36b5782f6,3,1,ec00000000000000,44fe4a7482548d31,44fe4a7482548d31,0,0
71,71,0,0000000,00,3,3,3,f116d35436538200,0,0,3,65f9985da3535f18,0,1,ec01c9ff2b440f55,44fe4a7482548d31,44fe4a7482548d31,0,0
72,72,0,0000000,00,3,3,3,7f9d5e01b8d815fe,0,0,3,65f9985da3535f18,0,1,628a44aaa5cf0f55,44fe4a7482548d31,44fe4a7482548d31,0,0
73,73,0,0000000,00,3,3,3,d62ffca9116a98ab,0,0,3,65f9985da3535f18,0,1,f116d35436538200,44fe4a7482548d31,44fe4a7482548d31,0,0
74,74,0,0000000,00,3,3,3,58a471fc9fe13a03,0,0,3,65f9985da3535f18,0,1,7f9d5e01b8d815fe,44fe4a7482548d31,44fe4a7482548d31,0,0
75,75,0,0000260,06,2,2,3,cb38e6020c7db756,0,0,2,65f9985da3535f18,3,1,d62ffca9116a98ab,44fe4a7482548d31,44fe4a7482548d31,0,0
76,76,0,0000264,06,2,2,3,45b36b5782f620a8,0,0,2,e8ac16d62e06d193,3,1,58a471fc9fe13a03,44fe4a7482548d31,44fe4a7482548d31,0,0
77,77,0,0000268,06,2,2,3,985da3535f18adfd,0,0,2,7f52854ab9f8420f,3,1,cb38e6020c7db756,44fe4a7482548d31,44fe4a7482548d31,0,0
78,78,0,000026c,06,2,2,3,0000000000000000,0,0,2,f2070bc134adcc84,3,1,45b36b5782f620a8,44fe4a7482548d31,44fe4a7482548d31,0,0
79,79,0,0000270,06,2,2,3,0000000000000000,0,0,2,50afa27396056536,3,1,985da3535f18adfd,44fe4a7482548d31,44fe4a7482548d31,0,0
80,80,0,0000274,06,2,2,3,9810000000000000,0,0,2,ddfa2cf81b50ebbd,3,1,0000000000000000,44fe4a7482548d31,44fe4a7482548d31,0,0
81,81,0,0000278,06,2,2,3,985da3535f1865f9,0,0,2,4a04bf648cae7821,3,1,0000000000000000,44fe4a7482548d31,44fe4a7482548d31,0,0
82,82,0,000027c,06,2,2,3,16d62e06d19365f9,0,0,2,c75131ef01fbf6aa,3,1,9810000000000000,44fe4a7482548d31,44fe4a7482548d31,0,0
83,83,0,0000000,00,3,3,3,854ab9f8420fe8ac,0,0,3,70bcd5c8b616128d,0,1,985da3535f1865f9,44fe4a7482548d31,44fe4a7482548d31,0,0
84,84,0,0000000,00,3,3,3,0bc134adcc847f52,0,0,3,70bcd5c8b616128d,0,1,16d62e06d19365f9,44fe4a7482548d31,44fe4a7482548d31,0,0
85,85,0,0000000,00,3,3,3,a27396056536f207,0,0,3,70bcd5c8b616128d,0,1,854ab9f8420fe8ac,44fe4a7482548d31,44fe4a7482548d31,0,0
86,86,0,0000000,00,3,3,3,2cf81b50ebbd50af,0,0,3,70bcd5c8b616128d,0,1,0bc134adcc847f52,44fe4a7482548d31,44fe4a7482548d31,0,0
87,87,0,0000280,06,2,2,3,bf648cae7821ddfa,0,0,2,70bcd5c8b616128d,3,1,a27396056536f207,44fe4a7482548d31,44fe4a7482548d31,0,0
88,88,0,0000284,06,2,2,3,31ef01fbf6aa4a04,0,0,2,fde95b433b439c06,3,1,2cf81b50ebbd50af,44fe4a7482548d31,44fe4a7482548d31,0,0
89,89,0,0000288,06,2,2,3,d5c8b616128dc751,0,0,2,6a17c8dfacbd0f9a,3,1,bf648cae7821ddfa,44fe4a7482548d31,44fe4a7482548d31,0,0
90,90,0,000028c,06,2,2,3,0000000000000000,0,0,2,e742465421e88111,3,1,31ef01fbf6aa4a04,44fe4a7482548d31,44fe4a7482548d31,0,0
91,91,0,0000290,06,2,2,3,0000000000000000,0,0,2,45eaefe6834028a3,3,1,d5c8b616128dc751,44fe4a7482548d31,44fe4a7482548d31,0,0
92,92,0,0000294,06,2,2,3,d580000000000000,0,0,2,c8bf616d0e15a628,3,1,0000000000000000,44fe4a7482548d31,44fe4a7482548d31,0,0
93,93,0,0000298,06,2,2,3,d5c8b616128d70bc,0,0,2,5f41f2f199eb35b4,3,1,0000000000000000,44fe4a7482548d31,44fe4a7482548d31,0,0
94,94,0,000029c,06,2,2,3,5b433b439c0670bc,0,0,2,d2147c7a14bebb3f,3,1,d580000000000000,44fe4a7482548d31,44fe4a7482548d31,0,0
95,95,0,0000000,00,3,3,3,c8dfacbd0f9afde9,0,0,3,1a10a194dcba66d1,0,1,d5c8b616128d70bc,44fe4a7482548d31,44fe4a7482548d31,0,0
96,96,0,0000000,00,3,3,3,465421e881116a17,0,0,3,1a10a194dcba66d1,0,1,5b433b439c0670bc,44fe4a7482548d31,44fe4a7482548d31,0,0
97,97,0,0000000,00,3,3,3,efe6834028a3e742,0,0,3,1a10a194dcba66d1,0,1,c8dfacbd0f9afde9,44fe4a7482548d31,44fe4a7482548d31,0,0
98,98,0,0000000,00,3,3,3,616d0e15a62845ea,0,0,3,1a10a194dcba66d1,0,1,465421e881116a17,44fe4a7482548d31,44fe4a7482548d31,0,0
99,99,0,00002a0,06,2,2,3,f2f199eb35b4c8bf,0,0,2,1a10a194dcba66d1,3,1,efe6834028a3e742,44fe4a7482548d31,44fe4a7482548d31,0,0
100,100,0,00002a4,06,2,2,3,7c7a14bebb3f5f41,0,0,2,97452f1f51efe85a,3,1,616d0e15a62845ea,44fe4a7482548d31,44fe4a7482548d31,0,0
101,101,0,00002a8,06,2,2,3,a194dcba66d1d214,0,0,2,00bbbc83c6117bc6,3,1,f2f199eb35b4c8bf,44fe4a7482548d31,44fe4a7482548d31,0,0
102,102,0,00002ac,06,2,2,3,0000000000000000,0,0,2,8dee32084b44f54d,3,1,7c7a14bebb3f5f41,44fe4a7482548d31,44fe4a7482548d31,0,0
103,103,0,00002b0,06,2,2,3,0000000000000000,0,0,2,2f469bbae9ec5cff,3,1,a194dcba66d1d214,44fe4a7482548d31,44fe4a7482548d31,0,0
104,104,0,00002b4,06,2,2,3,a190000000000000,0,0,2,a213153164b9d274,3,1,0000000000000000,44fe4a7482548d31,44fe4a7482548d31,0,0
105,105,0,00002b8,06,2,2,3,a194dcba66d11a10,0,0,2,35ed86adf34741e8,3,1,0000000000000000,44fe4a7482548d31,44fe4a7482548d31,0,0
106,106,0,00002bc,06,2,2,3,2f1f51efe85a1a10,0,0,2,b8b808267e12cf63,3,1,a190000000000000,44fe4a7482548d31,44fe4a7482548d31,0,0
107,107,0,0000000,00,3,3,3,bc83c6117bc69745,0,0,3,a5e43d70634efa35,0,1,a194dcba66d11a10,44fe4a7482548d31,44fe4a7482548d31,0,0
108,108,0,0000000,00,3,3,3,32084b44f54d00bb,0,0,3,a5e43d70634efa35,0,1,2f1f51efe85a1a10,44fe4a7482548d31,44fe4a7482548d31,0,0
109,109,0,0000000,00,3,3,3,9bbae9ec5cff8dee,0,0,3,a5e43d70634efa35,0,1,bc83c6117bc69745,44fe4a7482548d31,44fe4a7482548d31,0,0
110,110,0,0000000,00,3,3,3,153164b9d2742f46,0,0,3,a5e43d70634efa35,0,1,32084b44f54d00bb,44fe4a7482548d31,44fe4a7482548d31,0,0
111,111,0,00002c0,06,2,2,3,86adf34741e8a213,0,0,2,a5e43d70634efa35,3,1,9bbae9ec5cff8dee,44fe4a7482548d31,44fe4a7482548d31,0,0
112,112,0,00002c4,06,2,2,3,08267e12cf6335ed,0,0,2,28b1b3fbee1b74be,3,1,153164b9d2742f46,44fe4a7482548d31,44fe4a7482548d31,0,0
113,113,0,00002c8,06,2,2,3,3d70634efa35b8b8,0,0,2,bf4f206779e5e722,3,1,86adf34741e8a213,44fe4a7482548d31,44fe4a7482548d31,0,0
114,114,0,00002cc,06,2,2,3,0000000000000000,0,0,2,321aaeecf4b069a9,3,1,08267e12cf6335ed,44fe4a7482548d31,44fe4a7482548d31,0,0
115,115,0,00002d0,06,2,2,3,0000000000000000,0,0,2,90b2075e5618c01b,3,1,3d70634efa35b8b8,44fe4a7482548d31,44fe4a7482548d31,0,0
116,116,0,00002d4,06,2,2,3,3d30000000000000,0,0,2,1de789d5db4d4e90,3,1,0000000000000000,44fe4a7482548d31,44fe4a7482548d31,0,0
117,117,0,00002d8,06,2,2,3,3d70634efa35a5e4,0,0,2,8a191a494cb3dd0c,3,1,0000000000000000,44fe4a7482548d31,44fe4a7482548d31,0,0
118,118,0,00002dc,06,2,2,3,b3fbee1b74bea5e4,0,0,2,074c94c2c1e65387,3,1,3d30000000000000,44fe4a7482548d31,44fe4a7482548d31,0,0
119,119,0,0000000,00,3,3,3,206779e5e72228b1,0,0,3,cf48492c09e28e69,0,1,3d70634efa35a5e4,44fe4a7482548d31,44fe4a7482548d31,0,0
120,120,0,0000000,00,3,3,3,aeecf4b069a9bf4f,0,0,3,cf48492c09e28e69,0,1,b3fbee1b74bea5e4,44fe4a7482548d31,44fe4a7482548d31,0,0
121,121,0,0000000,00,3,3,3,075e5618c01b321a,0,0,3,cf48492c09e28e69,0,1,206779e5e72228b1,44fe4a7482548d31,44fe4a7482548d31,0,0
122,122,0,0000000,00,3,3,3,89d5db4d4e9090b2,0,0,3,cf48492c09e28e69,0,1,aeecf4b069a9bf4f,44fe4a7482548d31,44fe4a7482548d31,0,0
123,123,0,00002e0,06,2,2,3,1a494cb3dd0c1de7,0,0,2,cf48492c09e28e69,3,1,075e5618c01b321a,44fe4a7482548d31,44fe4a7482548d31,0,0
124,124,0,00002e4,06,2,2,3,94c2c1e653878a19,0,0,2,421dc7a784b700e2,3,1,89d5db4d4e9090b2,44fe4a7482548d31,44fe4a7482548d31,0,0
125,125,0,00002e8,06,2,2,3,492c09e28e69074c,0,0,2,d5e3543b1349937e,3,1,1a494cb3dd0c1de7,44fe4a7482548d31,44fe4a7482548d31,0,0
126,126,0,00002ec,06,2,2,3,0000000000000008,0,0,2,58b6dab09e1c1df5,3,1,94c2c1e653878a19,44fe4a7482548d31,44fe4a7482548d31,0,0
127,127,0,00002f0,06,2,2,3,0000000000000000,0,0,2,fa1e73023cb4b447,3,1,492c09e28e69074c,44fe4a7482548d31,44fe4a7482548d31,0,0
128,128,0,00002f4,06,2,2,3,4920000000000000,0,0,2,774bfd89b1e13acc,3,1,0000000000000008,44fe4a7482548d31,44fe4a7482548d31,0,0
129,129,0,00002f8,06,2,2,3,492c09e28e69cf48,0,0,2,e0b56e15261fa950,3,1,0000000000000000,44fe4a7482548d31,44fe4a7482548d31,0,0
130,130,0,00002fc,06,2,2,3,c7a784b700e2cf48,0,0,2,6de0e09eab4a27db,3,1,4920000000000000,44fe4a7482548d31,44fe4a7482548d31,0,0
131,131,0,0000000,00,3,3,3,543b1349937e421d,0,0,3,8f6ea65a49c4611f,0,1,492c09e28e69cf48,44fe4a7482548d31,44fe4a7482548d31,0,0
132,132,0,0000000,00,3,3,3,dab09e1c1df5d5e3,0,0,3,8f6ea65a49c4611f,0,1,c7a784b700e2cf48,44fe4a7482548d31,44fe4a7482548d31,0,0
133,133,0,0000000,00,3,3,3,73023cb4b44758b6,0,0,3,8f6ea65a49c4611f,0,1,543b1349937e421d,44fe4a7482548d31,44fe4a7482548d31,0,0
134,134,0,0000000,00,3,3,3,fd89b1e13accfa1e,0,0,3,8f6ea65a49c4611f,0,1,dab09e1c1df5d5e3,44fe4a7482548d31,44fe4a7482548d31,0,0
135,135,0,0000300,06,2,2,3,6e15261fa950774b,0,0,2,8f6ea65a49c4611f,3,1,73023cb4b44758b6,44fe4a7482548d31,44fe4a7482548d31,0,0
136,136,0,0000304,06,2,2,3,e09eab4a27dbe0b5,0,0,2,023b28d1c491ef94,3,1,fd89b1e13accfa1e,44fe4a7482548d31,44fe4a7482548d31,0,0
137,137,0,0000308,06,2,2,3,a65a49c4611f6de0,0,0,2,95c5bb4d536f7c08,3,1,6e15261fa950774b,44fe4a7482548d31,44fe4a7482548d31,0,0
138,138,0,000030c,06,2,2,3,0000000000000000,0,0,2,189035c6de3af283,3,1,e09eab4a27dbe0b5,44fe4a7482548d31,44fe4a7482548d31,0,0
139,139,0,0000310,06,2,2,3,0000000000000000,0,0,2,ba389c747c925b31,3,1,a65a49c4611f6de0,44fe4a7482548d31,44fe4a7482548d31,0,0
140,140,0,0000314,06,2,2,3,a610000000000000,0,0,2,376d12fff1c7d5ba,3,1,0000000000000000,44fe4a7482548d31,44fe4a7482548d31,0,0
141,141,0,0000318,06,2,2,3,a65a49c4611f8f6e,0,0,2,a093816366394626,3,1,0000000000000000,44fe4a7482548d31,44fe4a7482548d31,0,0
142,142,0,000031c,06,2,2,3,28d1c491ef948f6e,0,0,2,2dc60fe8eb6cc8ad,3,1,a610000000000000,44fe4a7482548d31,44fe4a7482548d31,0,0
143,143,0,0000000,00,3,3,3,bb4d536f7c08023b,0,0,3,e5c2d20623681543,0,1,a65a49c4611f8f6e,44fe4a7482548d31,44fe4a7482548d31,0,0
144,144,0,0000000,00,3,3,3,35c6de3af28395c5,0,0,3,e5c2d20623681543,0,1,28d1c491ef948f6e,44fe4a7482548d31,44fe4a7482548d31,0,0
145,145,0,0000000,00,3,3,3,9c747c925b311890,0,0,3,e5c2d20623681543,0,1,bb4d536f7c08023b,44fe4a7482548d31,44fe4a7482548d31,0,0
146,146,0,0000000,00,3,3,3,12fff1c7d5baba38,0,0,3,e5c2d20623681543,0,1,35c6de3af28395c5,44fe4a7482548d31,44fe4a7482548d31,0,0
147,147,0,0000320,06,2,2,3,816366394626376d,0,0,2,e5c2d20623681543,3,1,9c747c925b311890,44fe4a7482548d31,44fe4a7482548d31,0,0
148,148,0,0000324,06,2,2,3,0fe8eb6cc8ada093,0,0,2,68975c8dae3d9bc8,3,1,12fff1c7d5baba38,44fe4a7482548d31,44fe4a7482548d31,0,0
149,149,0,0000328,06,2,2,3,d206236815432dc6,0,0,2,ff69cf1139c30854,3,1,816366394626376d,44fe4a7482548d31,44fe4a7482548d31,0,0
150,150,0,000032c,06,2,2,3,0000000000000000,0,0,2,723c419ab49686df,3,1,0fe8eb6cc8ada093,44fe4a7482548d31,44fe4a7482548d31,0,0
151,151,0,0000330,06,2,2,3,0000000000000000,0,0,2,d094e828163e2f6d,3,1,d206236815432dc6,44fe4a7482548d31,44fe4a7482548d31,0,0
152,152,0,0000334,06,2,2,3,d200000000000000,0,0,2,5dc166a39b6ba1e6,3,1,0000000000000000,44fe4a7482548d31,44fe4a7482548d31,0,0
153,153,0,0000338,06,2,2,3,d20623681543e5c2,0,0,2,ca3ff53f0c95327a,3,1,0000000000000000,44fe4a7482548d31,44fe4a7482548d31,0,0
154,154,0,000033c,06,2,2,3,5c8dae3d9bc8e5c2,0,0,2,476a7bb481c0bcf1,3,1,d200000000000000,44fe4a7482548d31,44fe4a7482548d31,0,0
155,155,0,0000000,00,3,3,3,cf1139c308546897,0,0,3,5a364ee29c9c89a7,0,1,d20623681543e5c2,44fe4a7482548d31,44fe4a7482548d31,0,0
156,156,0,0000000,00,3,3,3,419ab49686dfff69,0,0,3,5a364ee29c9c89a7,0,1,5c8dae3d9bc8e5c2,44fe4a7482548d31,44fe4a7482548d31,0,0
157,157,0,0000000,00,3,3,3,e828163e2f6d723c,0,0,3,5a364ee29c9c89a7,0,1,cf1139c308546897,44fe4a7482548d31,44fe4a7482548d31,0,0
158,158,0,0000000,00,3,3,3,66a39b6ba1e6d094,0,0,3,5a364ee29c9c89a7,0,1,419ab49686dfff69,44fe4a7482548d31,44fe4a7482548d31,0,0
159,159,0,0000340,06,2,2,3,f53f0c95327a5dc1,0,0,2,5a364ee29c9c89a7,3,1,e828163e2f6d723c,44fe4a7482548d31,44fe4a7482548d31,0,0
160,160,0,0000344,06,2,2,3,7bb481c0bcf1ca3f,0,0,2,d763c06911c9072c,3,1,66a39b6ba1e6d094,44fe4a7482548d31,44fe4a7482548d31,0,0
161,161,0,0000348,06,2,2,3,4ee29c9c89a7476a,0,0,2,409d53f5863794b0,3,1,f53f0c95327a5dc1,44fe4a7482548d31,44fe4a7482548d31,0,0
162,162,0,000034c,06,2,2,3,0000000000000000,0,0,2,cdc8dd7e0b621a3b,3,1,7bb481c0bcf1ca3f,44fe4a7482548d31,44fe4a7482548d31,0,0
163,163,0,0000350,06,2,2,3,0000000000000000,0,0,2,6f6074cca9cab389,3,1,4ee29c9c89a7476a,44fe4a7482548d31,44fe4a7482548d31,0,0
164,164,0,0000354,06,2,2,3,4ea0000000000000,0,0,2,e235fa47249f3d02,3,1,0000000000000000,44fe4a7482548d31,44fe4a7482548d31,0,0
165,165,0,0000358,06,2,2,3,4ee29c9c89a75a36,0,0,2,75cb69dbb361ae9e,3,1,0000000000000000,44fe4a7482548d31,44fe4a7482548d31,0,0
166,166,0,000035c,06,2,2,3,c06911c9072c5a36,0,0,2,f89ee7503e342015,3,1,4ea0000000000000,44fe4a7482548d31,44fe4a7482548d31,0,0
167,167,0,0000000,00,3,3,3,53f5863794b0d763,0,0,3,309a3abef630fdfb,0,1,4ee29c9c89a75a36,44fe4a7482548d31,44fe4a7482548d31,0,0
168,168,0,0000000,00,3,3,3,dd7e0b621a3b409d,0,0,3,309a3abef630fdfb,0,1,c06911c9072c5a36,44fe4a7482548d31,44fe4a7482548d31,0,0
169,169,0,0000000,00,3,3,3,74cca9cab389cdc8,0,0,3,309a3abef630fdfb,0,1,53f5863794b0d763,44fe4a7482548d31,44fe4a7482548d31,0,0
170,170,0,0000000,00,3,3,3,fa47249f3d026f60,0,0,3,309a3abef630fdfb,0,1,dd7e0b621a3b409d,44fe4a7482548d31,44fe4a7482548d31,0,0
171,171,0,0000360,06,2,2,3,69dbb361ae9ee235,0,0,2,309a3abef630fdfb,3,1,74cca9cab389cdc8,44fe4a7482548d31,44fe4a7482548d31,0,0
172,172,0,0000364,06,2,2,3,e7503e34201575cb,0,0,2,bdcfb4357b657370,3,1,fa47249f3d026f60,44fe4a7482548d31,44fe4a7482548d31,0,0
173,173,0,0000368,06,2,2,3,3abef630fdfbf89e,0,0,2,2a3127a9ec9be0ec,3,1,69dbb361ae9ee235,44fe4a7482548d31,44fe4a7482548d31,0,0
174,174,0,000036c,06,2,2,3,0000000000000004,0,0,2,a764a92261ce6e67,3,1,e7503e34201575cb,44fe4a7482548d31,44fe4a7482548d31,0,0
175,175,0,0000370,06,2,2,3,0000000000000000,0,0,2,05cc0090c366c7d5,3,1,3abef630fdfbf89e,44fe4a7482548d31,44fe4a7482548d31,0,0
176,176,0,0000374,06,2,2,3,3ab0000000000000,0,0,2,88998e1b4e33495e,3,1,0000000000000004,44fe4a7482548d31,44fe4a7482548d31,0,0
177,177,0,0000378,06,2,2,3,3abef630fdfb309a,0,0,2,1f671d87d9cddac2,3,1,0000000000000000,44fe4a7482548d31,44fe4a7482548d31,0,0
178,178,0,000037c,06,2,2,3,b4357b657370309a,0,0,2,9232930c54985449,3,1,3ab0000000000000,44fe4a7482548d31,44fe4a7482548d31,0,0
179,179,0,0000000,00,3,3,3,27a9ec9be0ecbdcf,0,0,3,25df772be375b06e,0,1,3abef630fdfb309a,44fe4a7482548d31,44fe4a7482548d31,0,0
180,180,0,0000000,00,3,3,3,a92261ce6e672a31,0,0,3,25df772be375b06e,0,1,b4357b657370309a,44fe4a7482548d31,44fe4a7482548d31,0,0
181,181,0,0000000,00,3,3,3,0090c366c7d5a764,0,0,3,25df772be375b06e,0,1,27a9ec9be0ecbdcf,44fe4a7482548d31,44fe4a7482548d31,0,0
182,182,0,0000000,00,3,3,3,8e1b4e33495e05cc,0,0,3,25df772be375b06e,0,1,a92261ce6e672a31,44fe4a7482548d31,44fe4a7482548d31,0,0
183,183,0,0000380,06,2,2,3,1d87d9cddac28899,0,0,2,25df772be375b06e,3,1,0090c366c7d5a764,44fe4a7482548d31,44fe4a7482548d31,0,0
184,184,0,0000384,06,2,2,3,930c549854491f67,0,0,2,a88af9a06e203ee5,3,1,8e1b4e33495e05cc,44fe4a7482548d31,44fe4a7482548d31,0,0
185,185,0,0000388,06,2,2,3,772be375b06e9232,0,0,2,3f746a3cf9dead79,3,1,1d87d9cddac28899,44fe4a7482548d31,44fe4a7482548d31,0,0
186,186,0,000038c,06,2,2,3,0000000000000000,0,0,2,b221e4b7748b23f2,3,1,930c549854491f67,44fe4a7482548d31,44fe4a7482548d31,0,0
187,187,0,0000390,06,2,2,3,0000000000000000,0,0,2,10894d05d6238a40,3,1,772be375b06e9232,44fe4a7482548d31,44fe4a7482548d31,0,0
188,188,0,0000394,06,2,2,3,7720000000000000,0,0,2,9ddcc38e5b7604cb,3,1,0000000000000000,44fe4a7482548d31,44fe4a7482548d31,0,0
189,189,0,0000398,06,2,2,3,772be375b06e25df,0,0,2,0a225012cc889757,3,1,0000000000000000,44fe4a7482548d31,44fe4a7482548d31,0,0
190,190,0,000039c,06,2,2,3,f9a06e203ee525df,0,0,2,8777de9941dd19dc,3,1,7720000000000000,44fe4a7482548d31,44fe4a7482548d31,0,0
191,191,0,0000000,00,3,3,3,6a3cf9dead79a88a,0,0,3,4f73037789d9c432,0,1,772be375b06e25df,44fe4a7482548d31,44fe4a7482548d31,0,0
192,192,0,0000000,00,3,3,3,e4b7748b23f23f74,0,0,3,4f73037789d9c432,0,1,f9a06e203ee525df,44fe4a7482548d31,44fe4a7482548d31,0,0
193,193,0,0000000,00,3,3,3,4d05d6238a40b221,0,0,3,4f73037789d9c432,0,1,6a3cf9dead79a88a,44fe4a7482548d31,44fe4a7482548d31,0,0
194,194,0,0000000,00,3,3,3,c38e5b7604cb1089,0,0,3,4f73037789d9c432,0,1,e4b7748b23f23f74,44fe4a7482548d31,44fe4a7482548d31,0,0
195,195,0,00003a0,06,2,2,3,5012cc8897579ddc,0,0,2,4f73037789d9c432,3,1,4d05d6238a40b221,44fe4a7482548d31,44fe4a7482548d31,0,0
196,196,0,00003a4,06,2,2,3,de9941dd19dc0a22,0,0,2,c2268dfc048c4ab9,3,1,c38e5b7604cb1089,44fe4a7482548d31,44fe4a7482548d31,0,0
197,197,0,00003a8,06,2,2,3,037789d9c4328777,0,0,2,55d81e609372d925,3,1,5012cc8897579ddc,44fe4a7482548d31,44fe4a7482548d31,0,0
198,198,0,00003ac,06,2,2,3,0000000000000000,0,0,2,d88d90eb1e2757ae,3,1,de9941dd19dc0a22,44fe4a7482548d31,44fe4a7482548d31,0,0
199,199,0,00003b0,06,2,2,3,0000000000000000,0,0,2,7a253959bc8ffe1c,3,1,037789d9c4328777,44fe4a7482548d31,44fe4a7482548d31,0,0
200,200,0,00003b4,06,2,2,3,0330000000000000,0,0,2,f770b7d231da7097,3,1,0000000000000000,44fe4a7482548d31,44fe4a7482548d31,0,0
201,201,0,00003b8,06,2,2,3,037789d9c4324f73,0,0,2,608e244ea624e30b,3,1,0000000000000000,44fe4a7482548d31,44fe4a7482548d31,0,0
202,202,0,00003bc,06,2,2,3,8dfc048c4ab94f73,0,0,2,eddbaac52b716d80,3,1,0330000000000000,44fe4a7482548d31,44fe4a7482548d31,0,0
203,203,0,0000000,00,3,3,3,1e609372d925c226,0,0,3,f0879f93362d58d6,0,1,037789d9c4324f73,44fe4a7482548d31,44fe4a7482548d31,0,0
204,204,0,0000000,00,3,3,3,90eb1e2757ae55d8,0,0,3,f0879f93362d58d6,0,1,8dfc048c4ab94f73,44fe4a7482548d31,44fe4a7482548d31,0,0
205,205,0,0000000,00,3,3,3,3959bc8ffe1cd88d,0,0,3,f0879f93362d58d6,0,1,1e609372d925c226,44fe4a7482548d31,44fe4a7482548d31,0,0
206,206,0,0000000,00,3,3,3,b7d231da70977a25,0,0,3,f0879f93362d58d6,0,1,90eb1e2757ae55d8,44fe4a7482548d31,44fe4a7482548d31,0,0
207,207,0,00003c0,06,2,2,3,244ea624e30bf770,0,0,2,f0879f93362d58d6,3,1,3959bc8ffe1cd88d,44fe4a7482548d31,44fe4a7482548d31,0,0
208,208,0,00003c4,06,2,2,3,aac52b716d80608e,0,0,2,7dd21118bb78d65d,3,1,b7d231da70977a25,44fe4a7482548d31,44fe4a7482548d31,0,0
209,209,0,00003c8,06,2,2,3,9f93362d58d6eddb,0,0,2,ea2c82842c8645c1,3,1,244ea624e30bf770,44fe4a7482548d31,44fe4a7482548d31,0,0
210,210,0,00003cc,06,2,2,3,0000000000000000,0,0,2,67790c0fa1d3cb4a,3,1,aac52b716d80608e,44fe4a7482548d31,44fe4a7482548d31,0,0
211,211,0,00003d0,06,2,2,3,0000000000000000,0,0,2,c5d1a5bd037b62f8,3,1,9f93362d58d6eddb,44fe4a7482548d31,44fe4a7482548d31,0,0
212,212,0,00003d4,06,2,2,3,9f90000000000000,0,0,2,48842b368e2eec73,3,1,0000000000000000,44fe4a7482548d31,44fe4a7482548d31,0,0
213,213,0,00003d8,06,2,2,3,9f93362d58d6f087,0,0,2,df7ab8aa19d07fef,3,1,0000000000000000,44fe4a7482548d31,44fe4a7482548d31,0,0
214,214,0,00003dc,06,2,2,3,1118bb78d65df087,0,0,2,522f36219485f164,3,1,9f90000000000000,44fe4a7482548d31,44fe4a7482548d31,0,0
215,215,0,0000000,00,3,3,3,82842c8645c17dd2,0,0,3,9a2bebcf5c812c8a,0,1,9f93362d58d6f087,44fe4a7482548d31,44fe4a7482548d31,0,0
216,216,0,0000000,00,3,3,3,0c0fa1d3cb4aea2c,0,0,3,9a2bebcf5c812c8a,0,1,1118bb78d65df087,44fe4a7482548d31,44fe4a7482548d31,0,0
217,217,0,0000000,00,3,3,3,a5bd037b62f86779,0,0,3,9a2bebcf5c812c8a,0,1,82842c8645c17dd2,44fe4a7482548d31,44fe4a7482548d31,0,0
218,218,0,0000000,00,3,3,3,2b368e2eec73c5d1,0,0,3,9a2bebcf5c812c8a,0,1,0c0fa1d3cb4aea2c,44fe4a7482548d31,44fe4a7482548d31,0,0
219,219,0,00003e0,06,2,2,3,b8aa19d07fef4884,0,0,2,9a2bebcf5c812c8a,3,1,a5bd037b62f86779,44fe4a7482548d31,44fe4a7482548d31,0,0
220,220,0,00003e4,06,2,2,3,36219485f164df7a,0,0,2,177e6544d1d4a201,3,1,2b368e2eec73c5d1,44fe4a7482548d31,44fe4a7482548d31,0,0
221,221,0,00003e8,06,2,2,3,ebcf5c812c8a522f,0,0,2,8080f6d8462a319d,3,1,b8aa19d07fef4884,44fe4a7482548d31,44fe4a7482548d31,0,0
222,222,0,00003ec,06,2,2,3,0000000000000005,0,0,2,0dd57853cb7fbf16,3,1,36219485f164df7a,44fe4a7482548d31,44fe4a7482548d31,0,0
223,223,0,00003f0,06,2,2,3,0000000000000000,0,0,2,af7dd1e169d716a4,3,1,ebcf5c812c8a522f,44fe4a7482548d31,44fe4a7482548d31,0,0
224,224,0,00003f4,06,2,2,3,eb80000000000000,0,0,2,22285f6ae482982f,3,1,0000000000000005,44fe4a7482548d31,44fe4a7482548d31,0,0
225,225,0,00003f8,06,2,2,3,ebcf5c812c8a9a2b,0,0,2,b5d6ccf6737c0bb3,3,1,0000000000000000,44fe4a7482548d31,44fe4a7482548d31,0,0
226,226,0,00003fc,06,2,2,3,6544d1d4a2019a2b,0,0,2,3883427dfe298538,3,1,eb80000000000000,44fe4a7482548d31,44fe4a7482548d31,0,0
227,227,0,0000000,00,3,3,3,f6d8462a319d177e,0,0,3,25df772be375b06e,0,1,ebcf5c812c8a9a2b,44fe4a7482548d31,44fe4a7482548d31,0,0
228,228,0,0000000,00,3,3,3,7853cb7fbf168080,0,0,3,25df772be375b06e,0,1,6544d1d4a2019a2b,44fe4a7482548d31,44fe4a7482548d31,0,0
229,229,0,0000000,00,3,3,3,d1e169d716a40dd5,0,0,3,2544caf2e3ee0db7,0,1,f6d8462a319d177e,44fe4a7482548d31,44fe4a7482548d31,0,0
230,230,0,0000000,00,3,3,3,5f6ae482982faf7d,0,0,3,2544caf2e3ee0db7,0,1,7853cb7fbf168080,44fe4a7482548d31,44fe4a7482548d31,0,0
231,231,0,0000002,07,3,2,2,ccf6737c0bb32228,0,0,3,2544caf2e3ee0db7,0,1,d1e169d716a40dd5,44fe4a7482548d31,44fe4a7482548d31,0,0
232,232,0,0000000,00,3,3,3,427dfe298538b5d6,0,0,3,2544caf2e3ee0db7,0,1,5f6ae482982faf7d,44fe4a7482548d31,44fe4a7482548d31,0,0
233,233,0,0000000,00,3,3,3,772be375b06e3883,0,0,3,2544caf2e3ee0db7,0,1,ccf6737c0bb32228,44fe4a7482548d31,44fe4a7482548d31,0,0
234,234,0,0000000,00,3,3,3,0000000000000000,0,0,3,2544caf2e3ee0db7,0,1,427dfe298538b5d6,44fe4a7482548d31,44fe4a7482548d31,0,0
235,235,0,00000c0,00,2,2,3,0000000000000000,0,0,3,2544caf2e3ee0db7,0,1,772be375b06e3883,44fe4a7482548d31,44fe4a7482548d31,0,0
236,236,0,00000c4,00,2,2,3,0000000000000000,3,0,3,2544caf2e3ee0db7,0,1,0000000000000000,44fe4a7482548d31,44fe4a7482548d31,0,0
237,237,0,00000c8,00,2,2,3,0000000000000000,3,0,3,2544caf2e3ee0db7,0,1,0000000000000000,44fe4a7482548d31,44fe4a7482548d31,0,0
238,238,0,0000000,00,3,3,3,0000000000000000,3,0,3,2544caf2e3ee0db7,0,1,0000000000000000,44fe4a7482548d31,44fe4a7482548d31,0,0
239,239,0,0000000,00,3,3,3,0000000000000000,0,0,3,2544caf2e3ee0db7,0,1,0000000000000000,44fe4a7482548d31,44fe4a7482548d31,0,0
240,240,0,0000000,00,3,3,3,0000000000000000,0,0,3,2544caf2e3ee0db7,0,1,0000000000000000,44fe4a7482548d31,44fe4a7482548d31,0,0
241,241,0,0000000,00,3,3,3,0000000000000000,0,0,3,2544caf2e3ee0db7,0,1,0000000000000000,44fe4a7482548d31,44fe4a7482548d31,0,0
242,242,0,0000000,00,3,3,3,91a6a2cc570c6589,0,0,3,2544caf2e3ee0db7,0,1,0000000000000000,44fe4a7482548d31,44fe4a7482548d31,0,0
243,243,0,0000000,00,3,3,3,1cf32c47da59eb02,0,0,3,2544caf2e3ee0db7,0,1,0000000000000000,44fe4a7482548d31,44fe4a7482548d31,0,0
244,244,0,0000000,00,3,3,3,8b0dbfdb4da7789e,0,3,3,2544caf2e3ee0db7,0,1,91a6a2cc570c6589,44fe4a7482548d31,44fe4a7482548d31,0,0
245,245,0,0000000,00,3,3,3,0000000000008b0d,0,3,3,2544caf2e3ee0db7,0,1,1cf32c47da59eb02,44fe4a7482548d31,44fe4a7482548d31,0,0
246,246,0,0000000,00,3,3,3,0000000000000000,0,3,3,2544caf2e3ee0db7,0,1,8b0dbfdb4da7789e,44fe4a7482548d31,44fe4a7482548d31,0,0
247,247,0,0000000,00,3,3,3,0000000000000000,0,0,3,2544caf2e3ee0db7,0,1,0000000000008b0d,44fe4a7482548d31,44fe4a7482548d31,0,0
248,248,0,0000000,00,3,3,3,0000000000000000,0,0,3,2544caf2e3ee0db7,0,1,0000000000000000,44fe4a7482548d31,44fe4a7482548d31,0,0
249,249,0,0000000,00,3,3,3,0000000000000000,0,0,3,2544caf2e3ee0db7,0,1,0000000000000000,44fe4a7482548d31,44fe4a7482548d31,0,0
250,250,0,0000000,00,3,3,3,0000000000000000,0,0,3,2544caf2e3ee0db7,0,1,0000000000000000,44fe4a7482548d31,44fe4a7482548d31,0,0
251,251,0,0000000,00,3,3,3,0000000000000000,0,0,3,2544caf2e3ee0db7,0,1,0000000000000000,44fe4a7482548d31,44fe4a7482548d31,0,0
252,252,0,0000000,00,3,3,3,0000000000000000,0,0,3,2544caf2e3ee0db7,0,1,0000000000000000,44fe4a7482548d31,44fe4a7482548d31,0,0
253,253,0,0000000,00,3,3,3,0000000000000000,0,0,3,2544caf2e3ee0db7,0,1,0000000000000000,44fe4a7482548d31,44fe4a7482548d31,0,0
254,254,0,0000000,00,3,3,3,0000000000000000,0,0,3,2544caf2e3ee0db7,0,1,0000000000000000,44fe4a7482548d31,44fe4a7482548d31,0,0
255,255,0,0000000,00,3,3,3,0000000000000000,0,0,3,2544caf2e3ee0db7,0,1,0000000000000000,44fe4a7482548d31,44fe4a7482548d31,0,0
256,256,0,0000000,00,3,3,3,0000000000000000,0,0,3,2544caf2e3ee0db7,0,1,0000000000000000,91a6a2cc570c6589,91a6a2cc570c6589,0,1
257,257,0,0000000,07,2,2,3,0000000000000000,0,0,2,2544caf2e3ee0db7,3,1,0000000000000000,1cf32c47da59eb02,1cf32c47da59eb02,0,1
258,258,0,0000000,00,3,3,3,0000000000000000,0,0,3,a88af9a06e203ee5,0,1,0000000000000000,8b0dbfdb4da7789e,8b0dbfdb4da7789e,0,1
259,259,0,0000000,00,3,3,3,0000000000000000,0,0,3,a88af9a06e203ee5,0,1,0000000000000000,d300d9e815aa1ead,d300d9e815aa1ead,0,0
260,260,0,0000000,00,3,3,3,0000000000000000,0,0,3,a88af9a06e203ee5,0,1,0000000000000000,d300d9e815aa1ead,d300d9e815aa1ead,0,0
261,261,0,00000d0,00,2,2,3,0000000000000000,0,0,3,a88af9a06e203ee5,0,1,0000000000000000,d300d9e815aa1ead,d300d9e815aa1ead,0,0
262,262,0,00000d4,00,2,2,3,cab0000000000000,3,0,3,a88af9a06e203ee5,0,1,0000000000000000,d300d9e815aa1ead,d300d9e815aa1ead,0,0
263,263,0,00000cc,00,2,2,3,caf2e3ee0db72544,3,0,3,a88af9a06e203ee5,0,1,0000000000000000,d300d9e815aa1ead,d300d9e815aa1ead,0,0
264,264,0,00000d8,00,2,2,3,f9a06e203ee52544,3,0,3,a88af9a06e203ee5,0,1,cab0000000000000,d300d9e815aa1ead,d300d9e815aa1ead,0,0
265,265,0,00000dc,00,2,2,3,0000000000000000,3,0,3,a88af9a06e203ee5,0,1,caf2e3ee0db72544,d300d9e815aa1ead,d300d9e815aa1ead,0,0
266,266,0,00000e0,00,2,2,3,0000000000000000,3,0,3,a88af9a06e203ee5,0,1,f9a06e203ee52544,d300d9e815aa1ead,d300d9e815aa1ead,0,0
267,267,0,00000e4,00,2,2,3,0000000000000000,3,0,3,a88af9a06e203ee5,0,1,0000000000000000,d300d9e815aa1ead,d300d9e815aa1ead,0,0
268,268,0,00000e8,00,2,2,3,a4f098e2625a5fa7,3,0,3,a88af9a06e203ee5,0,1,0000000000000000,d300d9e815aa1ead,d300d9e815aa1ead,0,0
269,269,0,00000ec,00,2,2,3,29a51669ef0fd12c,3,0,3,a88af9a06e203ee5,0,1,0000000000000000,d300d9e815aa1ead,d300d9e815aa1ead,0,0
270,270,0,00000f0,00,2,2,3,06583150c0f2f615,3,3,3,a88af9a06e203ee5,0,1,a4f098e2625a5fa7,d300d9e815aa1ead,d300d9e815aa1ead,0,0
271,271,0,00000f4,00,2,2,3,be5b85f578f142b0,3,3,3,a88af9a06e203ee5,0,1,29a51669ef0fd12c,d300d9e815aa1ead,d300d9e815aa1ead,0,0
272,272,0,00000f8,00,2,2,3,330e0b7ef5a4cc3b,3,3,3,a88af9a06e203ee5,0,1,06583150c0f2f615,d300d9e815aa1ead,d300d9e815aa1ead,0,0
273,273,0,00000fc,00,2,2,3,fb0ad6903da011d5,3,3,3,a88af9a06e203ee5,0,1,be5b85f578f142b0,d300d9e815aa1ead,d300d9e815aa1ead,0,0
274,274,0,0000100,00,2,2,3,765f581bb0f59f5e,3,3,3,a88af9a06e203ee5,0,1,330e0b7ef5a4cc3b,d300d9e815aa1ead,d300d9e815aa1ead,0,0
275,275,0,0000104,00,2,2,3,e1a1cb87270b0cc2,3,3,3,a88af9a06e203ee5,0,1,fb0ad6903da011d5,d300d9e815aa1ead,d300d9e815aa1ead,0,0
276,276,0,0000108,00,2,2,3,6cf4450caa5e8249,3,3,3,a88af9a06e203ee5,0,1,765f581bb0f59f5e,d300d9e815aa1ead,d300d9e815aa1ead,0,0
277,277,0,000010c,00,2,2,3,ce5cecbe08f62bfb,3,3,3,a88af9a06e203ee5,0,1,e1a1cb87270b0cc2,d300d9e815aa1ead,d300d9e815aa1ead,0,0
278,278,0,0000110,00,2,2,3,4309623585a3a570,3,3,3,a88af9a06e203ee5,0,1,6cf4450caa5e8249,d300d9e815aa1ead,d300d9e815aa1ead,0,0
279,279,0,0000114,00,2,2,3,d4f7f1a9125d36ec,3,3,3,a88af9a06e203ee5,0,1,ce5cecbe08f62bfb,d300d9e815aa1ead,d300d9e815aa1ead,0,0
280,280,0,0000118,00,2,2,3,59a27f229f08b867,3,3,3,a88af9a06e203ee5,0,1,4309623585a3a570,d300d9e815aa1ead,d300d9e815aa1ead,0,0
281,281,0,000011c,00,2,2,3,bb2c39e67d86fea3,3,3,3,a88af9a06e203ee5,0,1,d4f7f1a9125d36ec,d300d9e815aa1ead,d300d9e815aa1ead,0,0
282,282,0,0000120,00,2,2,3,3679b76df0d37028,3,3,3,a88af9a06e203ee5,0,1,59a27f229f08b867,d300d9e815aa1ead,d300d9e815aa1ead,0,0
283,283,0,0000124,00,2,2,3,a18724f1672de3b4,3,3,3,a88af9a06e203ee5,0,1,bb2c39e67d86fea3,d300d9e815aa1ead,d300d9e815aa1ead,0,0
284,284,0,0000128,00,2,2,3,2cd2aa7aea786d3f,3,3,3,a88af9a06e203ee5,0,1,3679b76df0d37028,06583150c0f2f615,06583150c0f2f615,0,1
285,285,0,000012c,00,2,2,3,8e7a03c848d0c48d,3,3,3,a88af9a06e203ee5,0,1,a18724f1672de3b4,a4f098e2625a5fa7,a4f098e2625a5fa7,0,1
286,286,0,0000130,00,2,2,3,032f8d43c5854a06,3,3,3,a88af9a06e203ee5,0,1,2cd2aa7aea786d3f,29a51669ef0fd12c,29a51669ef0fd12c,0,1
287,287,0,0000134,00,2,2,3,94d11edf527bd99a,3,3,3,a88af9a06e203ee5,0,1,8e7a03c848d0c48d,be5b85f578f142b0,be5b85f578f142b0,0,1
288,288,0,0000138,00,2,2,3,19849054df2e5711,3,3,3,a88af9a06e203ee5,0,1,032f8d43c5854a06,330e0b7ef5a4cc3b,330e0b7ef5a4cc3b,0,1
289,289,0,000013c,00,2,2,3,d1804dba172a8aff,3,3,3,a88af9a06e203ee5,0,1,94d11edf527bd99a,2e523e28e8f8f96d,2e523e28e8f8f96d,0,0
290,290,0,0000140,00,2,2,3,5cd5c3319a7f0474,3,3,3,a88af9a06e203ee5,0,1,19849054df2e5711,2e523e28e8f8f96d,2e523e28e8f8f96d,0,0
291,291,0,0000144,00,2,2,3,cb2b50ad0d8197e8,3,3,3,a88af9a06e203ee5,0,1,d1804dba172a8aff,2e523e28e8f8f96d,2e523e28e8f8f96d,0,0
292,292,0,0000148,00,2,2,3,467ede2680d41963,3,3,3,a88af9a06e203ee5,0,1,5cd5c3319a7f0474,2e523e28e8f8f96d,2e523e28e8f8f96d,0,0
293,293,0,000014c,00,2,2,3,e4d67794227cb0d1,3,3,3,a88af9a06e203ee5,0,1,cb2b50ad0d8197e8,fb0ad6903da011d5,fb0ad6903da011d5,0,1
294,294,0,0000150,00,2,2,3,6983f91faf293e5a,3,3,3,a88af9a06e203ee5,0,1,467ede2680d41963,765f581bb0f59f5e,765f581bb0f59f5e,0,1
295,295,0,0000154,00,2,2,3,fe7d6a8338d7adc6,3,3,3,a88af9a06e203ee5,0,1,e4d67794227cb0d1,e1a1cb87270b0cc2,e1a1cb87270b0cc2,0,1
296,296,0,0000158,00,2,2,3,7328e408b582234d,3,3,3,a88af9a06e203ee5,0,1,6983f91faf293e5a,6cf4450caa5e8249,6cf4450caa5e8249,0,1
297,297,0,000015c,00,2,2,3,6e74d15ea8de161b,3,3,3,a88af9a06e203ee5,0,1,fe7d6a8338d7adc6,ce5cecbe08f62bfb,ce5cecbe08f62bfb,0,1
298,298,0,0000160,00,2,2,3,e3215fd5258b9890,3,3,3,a88af9a06e203ee5,0,1,7328e408b582234d,4309623585a3a570,4309623585a3a570,0,1
299,299,0,0000164,00,2,2,3,74dfcc49b2750b0c,3,3,3,a88af9a06e203ee5,0,1,6e74d15ea8de161b,d4f7f1a9125d36ec,d4f7f1a9125d36ec,0,1
300,300,0,0000168,00,2,2,3,f98a42c23f208587,3,3,3,a88af9a06e203ee5,0,1,e3215fd5258b9890,59a27f229f08b867,59a27f229f08b867,0,1
301,301,0,000016c,00,2,2,3,5b22eb709d882c35,3,3,3,a88af9a06e203ee5,0,1,74dfcc49b2750b0c,91a6a2cc570c6589,91a6a2cc570c6589,0,0
302,302,0,0000170,00,2,2,3,d67765fb10dda2be,3,3,3,a88af9a06e203ee5,0,1,f98a42c23f208587,91a6a2cc570c6589,91a6a2cc570c6589,0,0
303,303,0,0000174,00,2,2,3,4189f66787233122,3,3,3,a88af9a06e203ee5,0,1,5b22eb709d882c35,91a6a2cc570c6589,91a6a2cc570c6589,0,0
304,304,0,0000178,00,2,2,3,ccdc78ec0a76bfa9,3,3,3,a88af9a06e203ee5,0,1,d67765fb10dda2be,91a6a2cc570c6589,91a6a2cc570c6589,0,0
305,305,0,000017c,00,2,2,3,04d8a502c2726247,3,3,3,a88af9a06e203ee5,0,1,4189f66787233122,bb2c39e67d86fea3,bb2c39e67d86fea3,0,1
306,306,0,0000180,00,2,2,3,898d2b894f27eccc,3,3,3,a88af9a06e203ee5,0,1,ccdc78ec0a76bfa9,3679b76df0d37028,3679b76df0d37028,0,1
307,307,0,0000184,00,2,2,3,1e73b815d8d97f50,3,3,3,a88af9a06e203ee5,0,1,04d8a502c2726247,a18724f1672de3b4,a18724f1672de3b4,0,1
308,308,0,0000188,00,2,2,3,9326369e558cf1db,3,3,3,a88af9a06e203ee5,0,1,898d2b894f27eccc,2cd2aa7aea786d3f,2cd2aa7aea786d3f,0,1
309,309,0,000018c,00,2,2,3,318e9f2cf7245869,3,3,3,a88af9a06e203ee5,0,1,1e73b815d8d97f50,8e7a03c848d0c48d,8e7a03c848d0c48d,0,1
310,310,0,0000190,00,2,2,3,bcdb11a77a71d6e2,3,3,3,a88af9a06e203ee5,0,1,9326369e558cf1db,032f8d43c5854a06,032f8d43c5854a06,0,1
311,311,0,0000194,00,2,2,3,2b25823bed8f457e,3,3,3,a88af9a06e203ee5,0,1,318e9f2cf7245869,94d11edf527bd99a,94d11edf527bd99a,0,1
312,312,0,0000198,00,2,2,3,a6700cb060dacbf5,3,3,3,a88af9a06e203ee5,0,1,bcdb11a77a71d6e2,19849054df2e5711,19849054df2e5711,0,1
313,313,0,000019c,00,2,2,3,119de897d7372fd2,3,3,3,a88af9a06e203ee5,0,1,2b25823bed8f457e,fb0ad6903da011d5,fb0ad6903da011d5,0,0
314,314,0,00001a0,00,2,2,3,9cc8661c5a62a159,3,3,3,a88af9a06e203ee5,0,1,a6700cb060dacbf5,fb0ad6903da011d5,fb0ad6903da011d5,0,0
315,315,0,00001a4,00,2,2,3,0b36f580cd9c32c5,3,3,3,a88af9a06e203ee5,0,1,119de897d7372fd2,fb0ad6903da011d5,fb0ad6903da011d5,0,0
316,316,0,00001a8,00,2,2,3,86637b0b40c9bc4e,3,3,3,a88af9a06e203ee5,0,1,9cc8661c5a62a159,fb0ad6903da011d5,fb0ad6903da011d5,0,0
317,317,0,00001ac,00,2,2,3,24cbd2b9e26115fc,3,3,3,a88af9a06e203ee5,0,1,0b36f580cd9c32c5,d1804dba172a8aff,d1804dba172a8aff,0,1
318,318,0,00001b0,00,2,2,3,a99e5c326f349b77,3,3,3,a88af9a06e203ee5,0,1,86637b0b40c9bc4e,5cd5c3319a7f0474,5cd5c3319a7f0474,0,1
319,319,0,00001b4,00,2,2,3,3e60cfaef8ca08eb,3,3,3,a88af9a06e203ee5,0,1,24cbd2b9e26115fc,cb2b50ad0d8197e8,cb2b50ad0d8197e8,0,1
320,320,0,00001b8,00,2,2,3,b3354125759f8660,3,3,3,a88af9a06e203ee5,0,1,a99e5c326f349b77,467ede2680d41963,467ede2680d41963,0,1
321,321,0,00001bc,00,2,2,3,7b319ccbbd9b5b8e,3,3,3,a88af9a06e203ee5,0,1,3e60cfaef8ca08eb,e4d67794227cb0d1,e4d67794227cb0d1,0,1
322,322,0,00001c0,00,2,2,3,f664124030ced505,3,3,3,a88af9a06e203ee5,0,1,b3354125759f8660,6983f91faf293e5a,6983f91faf293e5a,0,1
323,323,0,00001c4,00,2,2,3,619a81dca7304699,3,3,3,a88af9a06e203ee5,0,1,7b319ccbbd9b5b8e,fe7d6a8338d7adc6,fe7d6a8338d7adc6,0,1
324,324,0,00001c8,00,2,2,3,eccf0f572a65c812,3,3,3,a88af9a06e203ee5,0,1,f664124030ced505,7328e408b582234d,7328e408b582234d,0,1
325,325,0,00001cc,00,2,2,3,4e67a6e588cd61a0,3,3,3,a88af9a06e203ee5,0,1,619a81dca7304699,bb2c39e67d86fea3,bb2c39e67d86fea3,0,0
326,326,0,00001d0,00,2,2,3,c332286e0598ef2b,3,3,3,a88af9a06e203ee5,0,1,eccf0f572a65c812,bb2c39e67d86fea3,bb2c39e67d86fea3,0,0
327,327,0,00001d4,00,2,2,3,54ccbbf292667cb7,3,3,3,a88af9a06e203ee5,0,1,4e67a6e588cd61a0,bb2c39e67d86fea3,bb2c39e67d86fea3,0,0
328,328,0,00001d8,00,2,2,3,d99935791f33f23c,3,3,3,a88af9a06e203ee5,0,1,c332286e0598ef2b,bb2c39e67d86fea3,bb2c39e67d86fea3,0,0
329,329,0,00001dc,00,2,2,3,c4c5002f026fc76a,3,3,3,a88af9a06e203ee5,0,1,54ccbbf292667cb7,6e74d15ea8de161b,6e74d15ea8de161b,0,1
330,330,0,00001e0,00,2,2,3,49908ea48f3a49e1,3,3,3,a88af9a06e203ee5,0,1,d99935791f33f23c,e3215fd5258b9890,e3215fd5258b9890,0,1
331,331,0,00001e4,00,2,2,3,de6e1d3818c4da7d,3,3,3,a88af9a06e203ee5,0,1,c4c5002f026fc76a,74dfcc49b2750b0c,74dfcc49b2750b0c,0,1
332,332,0,00001e8,00,2,2,3,533b93b3959154f6,3,3,3,a88af9a06e203ee5,0,1,49908ea48f3a49e1,f98a42c23f208587,f98a42c23f208587,0,1
333,333,0,00001ec,00,2,2,3,f1933a013739fd44,3,3,3,a88af9a06e203ee5,0,1,de6e1d3818c4da7d,5b22eb709d882c35,5b22eb709d882c35,0,1
334,334,0,00001f0,00,2,2,3,7cc6b48aba6c73cf,3,3,3,a88af9a06e203ee5,0,1,533b93b3959154f6,d67765fb10dda2be,d67765fb10dda2be,0,1
335,335,0,00001f4,00,2,2,3,eb3827162d92e053,3,3,3,a88af9a06e203ee5,0,1,f1933a013739fd44,4189f66787233122,4189f66787233122,0,1
336,336,0,00001f8,00,2,2,3,666da99da0c76ed8,3,3,3,a88af9a06e203ee5,0,1,7cc6b48aba6c73cf,ccdc78ec0a76bfa9,ccdc78ec0a76bfa9,0,1
337,337,0,00001fc,00,2,2,3,ae69747368c3b336,3,3,3,a88af9a06e203ee5,0,1,eb3827162d92e053,d1804dba172a8aff,d1804dba172a8aff,0,0
338,338,0,0000200,00,2,2,3,233cfaf8e5963dbd,3,3,3,a88af9a06e203ee5,0,1,666da99da0c76ed8,d1804dba172a8aff,d1804dba172a8aff,0,0
339,339,0,0000204,00,2,2,3,b4c269647268ae21,3,3,3,a88af9a06e203ee5,0,1,ae69747368c3b336,d1804dba172a8aff,d1804dba172a8aff,0,0
340,340,0,0000208,00,2,2,3,3997e7efff3d20aa,3,3,3,a88af9a06e203ee5,0,1,233cfaf8e5963dbd,d1804dba172a8aff,d1804dba172a8aff,0,0
341,341,0,000020c,00,2,2,3,9b3f4e5d5d958918,3,3,3,a88af9a06e203ee5,0,1,b4c269647268ae21,04d8a502c2726247,04d8a502c2726247,0,1
342,342,0,0000210,00,2,2,3,166ac0d6d0c00793,3,3,3,a88af9a06e203ee5,0,1,3997e7efff3d20aa,898d2b894f27eccc,898d2b894f27eccc,0,1
343,343,0,0000214,00,2,2,3,8194534a473e940f,3,3,3,a88af9a06e203ee5,0,1,9b3f4e5d5d958918,1e73b815d8d97f50,1e73b815d8d97f50,0,1
344,344,0,0000218,00,2,2,3,0cc1ddc1ca6b1a84,3,3,3,a88af9a06e203ee5,0,1,166ac0d6d0c00793,9326369e558cf1db,9326369e558cf1db,0,1
345,345,0,000021c,00,2,2,3,4488dec382221986,3,3,3,a88af9a06e203ee5,0,1,8194534a473e940f,318e9f2cf7245869,318e9f2cf7245869,0,1
346,346,0,0000220,00,2,2,3,c9dd50480f77970d,3,3,3,a88af9a06e203ee5,0,1,0cc1ddc1ca6b1a84,bcdb11a77a71d6e2,bcdb11a77a71d6e2,0,1
347,347,0,0000224,00,2,2,3,5e23c3d498890491,3,3,3,a88af9a06e203ee5,0,1,4488dec382221986,2b25823bed8f457e,2b25823bed8f457e,0,1
348,348,0,0000228,00,2,2,3,d3764d5f15dc8a1a,3,3,3,a88af9a06e203ee5,0,1,c9dd50480f77970d,a6700cb060dacbf5,a6700cb060dacbf5,0,1
349,349,0,000022c,00,2,2,3,71dee4edb77423a8,3,3,3,a88af9a06e203ee5,0,1,5e23c3d498890491,6e74d15ea8de161b,6e74d15ea8de161b,0,0
350,350,0,0000230,00,2,2,3,fc8b6a663a21ad23,3,3,3,a88af9a06e203ee5,0,1,d3764d5f15dc8a1a,6e74d15ea8de161b,6e74d15ea8de161b,0,0
351,351,0,0000234,00,2,2,3,6b75f9faaddf3ebf,3,3,3,a88af9a06e203ee5,0,1,71dee4edb77423a8,6e74d15ea8de161b,6e74d15ea8de161b,0,0
352,352,0,0000238,00,2,2,3,e6207771208ab034,3,3,3,a88af9a06e203ee5,0,1,fc8b6a663a21ad23,6e74d15ea8de161b,6e74d15ea8de161b,0,0
353,353,0,000023c,00,2,2,3,2e24aa9fe88e6dda,3,3,3,a88af9a06e203ee5,0,1,6b75f9faaddf3ebf,119de897d7372fd2,119de897d7372fd2,0,1
354,354,0,0000240,00,2,2,3,a371241465dbe351,3,3,3,a88af9a06e203ee5,0,1,e6207771208ab034,9cc8661c5a62a159,9cc8661c5a62a159,0,1
355,355,0,0000244,00,2,2,3,348fb788f22570cd,3,3,3,a88af9a06e203ee5,0,1,2e24aa9fe88e6dda,0b36f580cd9c32c5,0b36f580cd9c32c5,0,1
356,356,0,0000248,00,2,2,3,b9da39037f70fe46,3,3,3,a88af9a06e203ee5,0,1,a371241465dbe351,86637b0b40c9bc4e,86637b0b40c9bc4e,0,1
357,357,0,000024c,00,2,2,3,1b7290b1ddd857f4,3,3,3,a88af9a06e203ee5,0,1,348fb788f22570cd,24cbd2b9e26115fc,24cbd2b9e26115fc,0,1
358,358,0,0000250,00,2,2,3,96271e3a508dd97f,3,3,3,a88af9a06e203ee5,0,1,b9da39037f70fe46,a99e5c326f349b77,a99e5c326f349b77,0,1
359,359,0,0000254,00,2,2,3,01d98da6c7734ae3,3,3,3,a88af9a06e203ee5,0,1,1b7290b1ddd857f4,3e60cfaef8ca08eb,3e60cfaef8ca08eb,0,1
360,360,0,0000258,00,2,2,3,8c8c032d4a26c468,3,3,3,a88af9a06e203ee5,0,1,96271e3a508dd97f,b3354125759f8660,b3354125759f8660,0,1
361,361,0,000025c,00,2,2,3,91d0367b577af13e,3,3,3,a88af9a06e203ee5,0,1,01d98da6c7734ae3,04d8a502c2726247,04d8a502c2726247,0,0
362,362,0,0000260,00,2,2,3,1c85b8f0da2f7fb5,3,3,3,a88af9a06e203ee5,0,1,8c8c032d4a26c468,04d8a502c2726247,04d8a502c2726247,0,0
363,363,0,0000264,00,2,2,3,8b7b2b6c4dd1ec29,3,3,3,a88af9a06e203ee5,0,1,91d0367b577af13e,04d8a502c2726247,04d8a502c2726247,0,0
364,364,0,0000268,00,2,2,3,062ea5e7c08462a2,3,3,3,a88af9a06e203ee5,0,1,1c85b8f0da2f7fb5,04d8a502c2726247,04d8a502c2726247,0,0
365,365,0,000026c,00,2,2,3,a4860c55622ccb10,3,3,3,a88af9a06e203ee5,0,1,8b7b2b6c4dd1ec29,7b319ccbbd9b5b8e,7b319ccbbd9b5b8e,0,1
366,366,0,0000270,00,2,2,3,29d382deef79459b,3,3,3,a88af9a06e203ee5,0,1,062ea5e7c08462a2,f664124030ced505,f664124030ced505,0,1
367,367,0,0000274,00,2,2,3,be2d11427887d607,3,3,3,a88af9a06e203ee5,0,1,a4860c55622ccb10,619a81dca7304699,619a81dca7304699,0,1
368,368,0,0000278,00,2,2,3,33789fc9f5d2588c,3,3,3,a88af9a06e203ee5,0,1,29d382deef79459b,eccf0f572a65c812,eccf0f572a65c812,0,1
369,369,0,000027c,00,2,2,3,fb7c42273dd68562,3,3,3,a88af9a06e203ee5,0,1,be2d11427887d607,4e67a6e588cd61a0,4e67a6e588cd61a0,0,1
370,370,0,0000280,00,2,2,3,7629ccacb0830be9,3,3,3,a88af9a06e203ee5,0,1,33789fc9f5d2588c,c332286e0598ef2b,c332286e0598ef2b,0,1
371,371,0,0000284,00,2,2,3,e1d75f30277d9875,3,3,3,a88af9a06e203ee5,0,1,fb7c42273dd68562,54ccbbf292667cb7,54ccbbf292667cb7,0,1
372,372,0,0000288,00,2,2,3,6c82d1bbaa2816fe,3,3,3,a88af9a06e203ee5,0,1,7629ccacb0830be9,d99935791f33f23c,d99935791f33f23c,0,1
373,373,0,000028c,00,2,2,3,ce2a78090880bf4c,3,3,3,a88af9a06e203ee5,0,1,e1d75f30277d9875,119de897d7372fd2,119de897d7372fd2,0,0
374,374,0,0000290,00,2,2,3,437ff68285d531c7,3,3,3,a88af9a06e203ee5,0,1,6c82d1bbaa2816fe,119de897d7372fd2,119de897d7372fd2,0,0
375,375,0,0000294,00,2,2,3,d481651e122ba25b,3,3,3,a88af9a06e203ee5,0,1,ce2a78090880bf4c,119de897d7372fd2,119de897d7372fd2,0,0
376,376,0,0000298,00,2,2,3,59d4eb959f7e2cd0,3,3,3,a88af9a06e203ee5,0,1,437ff68285d531c7,119de897d7372fd2,119de897d7372fd2,0,0
377,377,0,000029c,00,2,2,3,ee390fb22893c8f7,3,3,3,a88af9a06e203ee5,0,1,d481651e122ba25b,c4c5002f026fc76a,c4c5002f026fc76a,0,1
378,378,0,00002a0,00,2,2,3,636c8139a5c6467c,3,3,3,a88af9a06e203ee5,0,1,59d4eb959f7e2cd0,49908ea48f3a49e1,49908ea48f3a49e1,0,1
379,379,0,00002a4,00,2,2,3,f49212a53238d5e0,3,3,3,a88af9a06e203ee5,0,1,ee390fb22893c8f7,de6e1d3818c4da7d,de6e1d3818c4da7d,0,1
380,380,0,00002a8,00,2,2,3,79c79c2ebf6d5b6b,3,3,3,a88af9a06e203ee5,0,1,636c8139a5c6467c,533b93b3959154f6,533b93b3959154f6,0,1
381,381,0,00002ac,00,2,2,3,db6f359c1dc5f2d9,3,3,3,a88af9a06e203ee5,0,1,f49212a53238d5e0,f1933a013739fd44,f1933a013739fd44,0,1
382,382,0,00002b0,00,2,2,3,563abb1790907c52,3,3,3,a88af9a06e203ee5,0,1,79c79c2ebf6d5b6b,7cc6b48aba6c73cf,7cc6b48aba6c73cf,0,1
383,383,0,00002b4,00,2,2,3,c1c4288b076eefce,3,3,3,a88af9a06e203ee5,0,1,db6f359c1dc5f2d9,eb3827162d92e053,eb3827162d92e053,0,1
384,384,0,00002b8,00,2,2,3,4c91a6008a3b6145,3,3,3,a88af9a06e203ee5,0,1,563abb1790907c52,666da99da0c76ed8,666da99da0c76ed8,0,1
385,385,0,00002bc,00,2,2,3,84957bee423fbcab,3,3,3,a88af9a06e203ee5,0,1,c1c4288b076eefce,7b319ccbbd9b5b8e,7b319ccbbd9b5b8e,0,0
386,386,0,00002c0,00,2,2,3,09c0f565cf6a3220,3,3,3,a88af9a06e203ee5,0,1,4c91a6008a3b6145,7b319ccbbd9b5b8e,7b319ccbbd9b5b8e,0,0
387,387,0,00002c4,00,2,2,3,9e3e66f95894a1bc,3,3,3,a88af9a06e203ee5,0,1,84957bee423fbcab,7b319ccbbd9b5b8e,7b319ccbbd9b5b8e,0,0
388,388,0,00002c8,00,2,2,3,136be872d5c12f37,3,3,3,a88af9a06e203ee5,0,1,09c0f565cf6a3220,7b319ccbbd9b5b8e,7b319ccbbd9b5b8e,0,0
389,389,0,00002cc,00,2,2,3,b1c341c077698685,3,3,3,a88af9a06e203ee5,0,1,9e3e66f95894a1bc,ae69747368c3b336,ae69747368c3b336,0,1
390,390,0,00002d0,00,2,2,3,3c96cf4bfa3c080e,3,3,3,a88af9a06e203ee5,0,1,136be872d5c12f37,233cfaf8e5963dbd,233cfaf8e5963dbd,0,1
391,391,0,00002d4,00,2,2,3,ab685cd76dc29b92,3,3,3,a88af9a06e203ee5,0,1,b1c341c077698685,b4c269647268ae21,b4c269647268ae21,0,1
392,392,0,00002d8,00,2,2,3,263dd25ce0971519,3,3,3,a88af9a06e203ee5,0,1,3c96cf4bfa3c080e,3997e7efff3d20aa,3997e7efff3d20aa,0,1
393,393,0,00002dc,00,2,2,3,3b61e70afdcb204f,3,3,3,a88af9a06e203ee5,0,1,ab685cd76dc29b92,9b3f4e5d5d958918,9b3f4e5d5d958918,0,1
394,394,0,00002e0,00,2,2,3,b6346981709eaec4,3,3,3,a88af9a06e203ee5,0,1,263dd25ce0971519,166ac0d6d0c00793,166ac0d6d0c00793,0,1
395,395,0,00002e4,00,2,2,3,21cafa1de7603d58,3,3,3,a88af9a06e203ee5,0,1,3b61e70afdcb204f,8194534a473e940f,8194534a473e940f,0,1
396,396,0,00002e8,00,2,2,3,ac9f74966a35b3d3,3,3,3,a88af9a06e203ee5,0,1,b6346981709eaec4,0cc1ddc1ca6b1a84,0cc1ddc1ca6b1a84,0,1
397,397,0,00002ec,00,2,2,3,0e37dd24c89d1a61,3,3,3,a88af9a06e203ee5,0,1,21cafa1de7603d58,c4c5002f026fc76a,c4c5002f026fc76a,0,0
398,398,0,00002f0,00,2,2,3,836253af45c894ea,3,3,3,a88af9a06e203ee5,0,1,ac9f74966a35b3d3,c4c5002f026fc76a,c4c5002f026fc76a,0,0
399,399,0,00002f4,00,2,2,3,149cc033d2360776,3,3,3,a88af9a06e203ee5,0,1,0e37dd24c89d1a61,c4c5002f026fc76a,c4c5002f026fc76a,0,0
400,400,0,00002f8,00,2,2,3,99c94eb85f6389fd,3,3,3,a88af9a06e203ee5,0,1,836253af45c894ea,c4c5002f026fc76a,c4c5002f026fc76a,0,0
401,401,0,00002fc,00,2,2,3,51cd935697675413,3,3,3,a88af9a06e203ee5,0,1,149cc033d2360776,4488dec382221986,4488dec382221986,0,1
402,402,0,0000300,00,2,2,3,dc981ddd1a32da98,3,3,3,a88af9a06e203ee5,0,1,99c94eb85f6389fd,c9dd50480f77970d,c9dd50480f77970d,0,1
403,403,0,0000304,00,2,2,3,4b668e418dcc4904,3,3,3,a88af9a06e203ee5,0,1,51cd935697675413,5e23c3d498890491,5e23c3d498890491,0,1
404,404,0,0000308,00,2,2,3,c63300ca0099c78f,3,3,3,a88af9a06e203ee5,0,1,dc981ddd1a32da98,d3764d5f15dc8a1a,d3764d5f15dc8a1a,0,1
405,405,0,000030c,00,2,2,3,649ba978a2316e3d,3,3,3,a88af9a06e203ee5,0,1,4b668e418dcc4904,71dee4edb77423a8,71dee4edb77423a8,0,1
406,406,0,0000310,00,2,2,3,e9ce27f32f64e0b6,3,3,3,a88af9a06e203ee5,0,1,c63300ca0099c78f,fc8b6a663a21ad23,fc8b6a663a21ad23,0,1
407,407,0,0000314,00,2,2,3,7e30b46fb89a732a,3,3,3,a88af9a06e203ee5,0,1,649ba978a2316e3d,6b75f9faaddf3ebf,6b75f9faaddf3ebf,0,1
408,408,0,0000318,00,2,2,3,f3653ae435cffda1,3,3,3,a88af9a06e203ee5,0,1,e9ce27f32f64e0b6,e6207771208ab034,e6207771208ab034,0,1
409,409,0,000031c,00,2,2,3,11eb7c20d741bb65,3,3,3,a88af9a06e203ee5,0,1,7e30b46fb89a732a,ae69747368c3b336,ae69747368c3b336,0,0
410,410,0,0000320,00,2,2,3,9cbef2ab5a1435ee,3,3,3,a88af9a06e203ee5,0,1,f3653ae435cffda1,ae69747368c3b336,ae69747368c3b336,0,0
411,411,0,0000324,00,2,2,3,0b406137cdeaa672,3,3,3,a88af9a06e203ee5,0,1,11eb7c20d741bb65,ae69747368c3b336,ae69747368c3b336,0,0
412,412,0,0000328,00,2,2,3,8615efbc40bf28f9,3,3,3,a88af9a06e203ee5,0,1,9cbef2ab5a1435ee,ae69747368c3b336,ae69747368c3b336,0,0
413,413,0,000032c,00,2,2,3,24bd460ee217814b,3,3,3,a88af9a06e203ee5,0,1,0b406137cdeaa672,2e24aa9fe88e6dda,2e24aa9fe88e6dda,0,1
414,414,0,0000330,00,2,2,3,a9e8c8856f420fc0,3,3,3,a88af9a06e203ee5,0,1,8615efbc40bf28f9,a371241465dbe351,a371241465dbe351,0,1
415,415,0,0000334,00,2,2,3,3e165b19f8bc9c5c,3,3,3,a88af9a06e203ee5,0,1,24bd460ee217814b,348fb788f22570cd,348fb788f22570cd,0,1
416,416,0,0000338,00,2,2,3,b343d59275e912d7,3,3,3,a88af9a06e203ee5,0,1,a9e8c8856f420fc0,b9da39037f70fe46,b9da39037f70fe46,0,1
417,417,0,000033c,00,2,2,3,7b47087cbdedcf39,3,3,3,a88af9a06e203ee5,0,1,3e165b19f8bc9c5c,1b7290b1ddd857f4,1b7290b1ddd857f4,0,1
418,418,0,0000340,00,2,2,3,f61286f730b841b2,3,3,3,a88af9a06e203ee5,0,1,b343d59275e912d7,96271e3a508dd97f,96271e3a508dd97f,0,1
419,419,0,0000344,00,2,2,3,61ec156ba746d22e,3,3,3,a88af9a06e203ee5,0,1,7b47087cbdedcf39,01d98da6c7734ae3,01d98da6c7734ae3,0,1
420,420,0,0000348,00,2,2,3,ecb99be02a135ca5,3,3,3,a88af9a06e203ee5,0,1,f61286f730b841b2,8c8c032d4a26c468,8c8c032d4a26c468,0,1
421,421,0,000034c,00,2,2,3,4e11325288bbf517,3,3,3,a88af9a06e203ee5,0,1,61ec156ba746d22e,4488dec382221986,4488dec382221986,0,0
422,422,0,0000350,00,2,2,3,c344bcd905ee7b9c,3,3,3,a88af9a06e203ee5,0,1,ecb99be02a135ca5,4488dec382221986,4488dec382221986,0,0
423,423,0,0000354,00,2,2,3,54ba2f459210e800,3,3,3,a88af9a06e203ee5,0,1,4e11325288bbf517,4488dec382221986,4488dec382221986,0,0
424,424,0,0000358,00,2,2,3,d9efa1ce1f45668b,3,3,3,a88af9a06e203ee5,0,1,c344bcd905ee7b9c,4488dec382221986,4488dec382221986,0,0
425,425,0,000035c,00,2,2,3,c4b39498021953dd,3,3,3,a88af9a06e203ee5,0,1,54ba2f459210e800,91d0367b577af13e,91d0367b577af13e,0,1
426,426,0,0000360,00,2,2,3,49e61a138f4cdd56,3,3,3,a88af9a06e203ee5,0,1,d9efa1ce1f45668b,1c85b8f0da2f7fb5,1c85b8f0da2f7fb5,0,1
427,427,0,0000364,00,2,2,3,de18898f18b24eca,3,3,3,a88af9a06e203ee5,0,1,c4b39498021953dd,8b7b2b6c4dd1ec29,8b7b2b6c4dd1ec29,0,1
428,428,0,0000368,00,2,2,3,534d070495e7c041,3,3,3,a88af9a06e203ee5,0,1,49e61a138f4cdd56,062ea5e7c08462a2,062ea5e7c08462a2,0,1
429,429,0,000036c,00,2,2,3,f1e5aeb6374f69f3,3,3,3,a88af9a06e203ee5,0,1,de18898f18b24eca,a4860c55622ccb10,a4860c55622ccb10,0,1
430,430,0,0000370,00,2,2,3,7cb0203dba1ae778,3,3,3,a88af9a06e203ee5,0,1,534d070495e7c041,29d382deef79459b,29d382deef79459b,0,1
431,431,0,0000374,00,2,2,3,eb4eb3a12de474e4,3,3,3,a88af9a06e203ee5,0,1,f1e5aeb6374f69f3,be2d11427887d607,be2d11427887d607,0,1
432,432,0,0000378,00,2,2,3,661b3d2aa0b1fa6f,3,3,3,a88af9a06e203ee5,0,1,7cb0203dba1ae778,33789fc9f5d2588c,33789fc9f5d2588c,0,1
433,433,0,000037c,00,2,2,3,ae1fe0c468b52781,3,3,3,a88af9a06e203ee5,0,1,eb4eb3a12de474e4,2e24aa9fe88e6dda,2e24aa9fe88e6dda,0,0
434,434,0,0000380,00,2,2,3,234a6e4fe5e0a90a,3,3,3,a88af9a06e203ee5,0,1,661b3d2aa0b1fa6f,2e24aa9fe88e6dda,2e24aa9fe88e6dda,0,0
435,435,0,0000384,00,2,2,3,b4b4fdd3721e3a96,3,3,3,a88af9a06e203ee5,0,1,ae1fe0c468b52781,2e24aa9fe88e6dda,2e24aa9fe88e6dda,0,0
436,436,0,0000388,00,2,2,3,39e17358ff4bb41d,3,3,3,a88af9a06e203ee5,0,1,234a6e4fe5e0a90a,2e24aa9fe88e6dda,2e24aa9fe88e6dda,0,0
437,437,0,000038c,00,2,2,3,9b49daea5de31daf,3,3,3,a88af9a06e203ee5,0,1,b4b4fdd3721e3a96,fb7c42273dd68562,fb7c42273dd68562,0,1
438,438,0,0000390,00,2,2,3,161c5461d0b69324,3,3,3,a88af9a06e203ee5,0,1,39e17358ff4bb41d,7629ccacb0830be9,7629ccacb0830be9,0,1
439,439,0,0000394,00,2,2,3,81e2c7fd474800b8,3,3,3,a88af9a06e203ee5,0,1,9b49daea5de31daf,e1d75f30277d9875,e1d75f30277d9875,0,1
440,440,0,0000398,00,2,2,3,0cb74976ca1d8e33,3,3,3,a88af9a06e203ee5,0,1,161c5461d0b69324,6c82d1bbaa2816fe,6c82d1bbaa2816fe,0,1
441,441,0,000039c,00,2,2,3,bb5aad517df06a14,3,3,3,a88af9a06e203ee5,0,1,81e2c7fd474800b8,ce2a78090880bf4c,ce2a78090880bf4c,0,1
442,442,0,00003a0,00,2,2,3,360f23daf0a5e49f,3,3,3,a88af9a06e203ee5,0,1,0cb74976ca1d8e33,437ff68285d531c7,437ff68285d531c7,0,1
443,443,0,00003a4,00,2,2,3,a1f1b046675b7703,3,3,3,a88af9a06e203ee5,0,1,bb5aad517df06a14,d481651e122ba25b,d481651e122ba25b,0,1
444,444,0,0000000,06,3,2,2,2ca43ecdea0ef988,3,3,2,a88af9a06e203ee5,0,1,360f23daf0a5e49f,59d4eb959f7e2cd0,59d4eb959f7e2cd0,0,1
445,445,0,0000000,07,3,2,2,8e0c977f48a6503a,0,3,2,a88af9a06e203ee5,0,1,a1f1b046675b7703,91d0367b577af13e,91d0367b577af13e,0,0
446,446,0,0000000,00,3,2,2,035919f4c5f3deb1,0,3,2,a88af9a06e203ee5,0,1,2ca43ecdea0ef988,91d0367b577af13e,91d0367b577af13e,0,0
447,447,0,0000000,00,3,3,3,94a78a68520d4d2d,0,3,3,a88af9a06e203ee5,0,1,8e0c977f48a6503a,91d0367b577af13e,91d0367b577af13e,0,0
448,448,0,0000000,00,2,2,2,19f204e3df58c3a6,0,3,3,a88af9a06e203ee5,0,1,035919f4c5f3deb1,91d0367b577af13e,91d0367b577af13e,0,0
449,449,0,0000000,00,3,3,3,d1f6d90d175c1e48,0,3,3,a88af9a06e203ee5,0,1,94a78a68520d4d2d,ee390fb22893c8f7,ee390fb22893c8f7,0,1
450,450,0,0000000,00,3,3,3,5ca357869a0990c3,0,3,3,a88af9a06e203ee5,0,1,19f204e3df58c3a6,636c8139a5c6467c,636c8139a5c6467c,0,1
451,451,0,0000000,00,3,3,3,0000000000005ca3,0,3,3,a88af9a06e203ee5,0,1,d1f6d90d175c1e48,f49212a53238d5e0,f49212a53238d5e0,0,1
452,452,0,0000000,00,3,3,3,0000000000000000,0,3,3,a88af9a06e203ee5,0,1,5ca357869a0990c3,79c79c2ebf6d5b6b,79c79c2ebf6d5b6b,0,1
453,453,0,0000000,00,3,3,3,0000000000000000,0,0,3,a88af9a06e203ee5,0,1,0000000000005ca3,db6f359c1dc5f2d9,db6f359c1dc5f2d9,0,1
454,454,0,0000000,00,3,3,3,0000000000000000,0,0,3,a88af9a06e203ee5,0,1,0000000000000000,563abb1790907c52,563abb1790907c52,0,1
455,455,0,0000000,00,3,3,3,0000000000000000,0,0,3,a88af9a06e203ee5,0,1,0000000000000000,c1c4288b076eefce,c1c4288b076eefce,0,1
456,456,0,0000000,00,3,3,3,0000000000000000,0,0,3,a88af9a06e203ee5,0,1,0000000000000000,4c91a6008a3b6145,4c91a6008a3b6145,0,1
457,457,0,0000000,00,3,3,3,0000000000000000,0,0,3,a88af9a06e203ee5,0,1,0000000000000000,fb7c42273dd68562,fb7c42273dd68562,0,0
458,458,0,0000000,00,3,3,3,0000000000000000,0,0,3,a88af9a06e203ee5,0,1,0000000000000000,fb7c42273dd68562,fb7c42273dd68562,0,0
459,459,0,0000000,00,3,3,3,0000000000000000,0,0,3,a88af9a06e203ee5,0,1,0000000000000000,fb7c42273dd68562,fb7c42273dd68562,0,0
460,460,0,0000000,00,3,3,3,0000000000000000,0,0,3,a88af9a06e203ee5,0,1,0000000000000000,fb7c42273dd68562,fb7c42273dd68562,0,0
461,461,0,0000000,00,3,3,3,0000000000000000,0,0,3,a81144796ebb833c,0,1,0000000000000000,84957bee423fbcab,84957bee423fbcab,0,1
462,462,0,0000000,00,3,3,3,0000000000000000,0,0,3,a81144796ebb833c,0,1,0000000000000000,09c0f565cf6a3220,09c0f565cf6a3220,0,1
463,463,0,0000002,07,3,2,2,0000000000000000,0,0,3,a81144796ebb833c,0,1,0000000000000000,9e3e66f95894a1bc,9e3e66f95894a1bc,0,1
464,464,0,0000000,00,3,3,3,0000000000000000,0,0,3,a81144796ebb833c,0,1,0000000000000000,136be872d5c12f37,136be872d5c12f37,0,1
465,465,0,0000000,00,3,3,3,0000000000000000,0,0,3,a81144796ebb833c,0,1,0000000000000000,b1c341c077698685,b1c341c077698685,0,1
466,466,0,0000000,00,3,3,3,0000000000000000,0,0,3,a81144796ebb833c,0,1,0000000000000000,3c96cf4bfa3c080e,3c96cf4bfa3c080e,0,1
467,467,0,0000000,00,3,3,3,0000000000000000,0,0,3,a81144796ebb833c,0,1,0000000000000000,ab685cd76dc29b92,ab685cd76dc29b92,0,1
468,468,0,0000000,00,3,3,3,0000000000000000,0,0,3,a81144796ebb833c,0,1,0000000000000000,263dd25ce0971519,263dd25ce0971519,0,1
469,469,0,0000000,00,3,3,3,0000000000000000,0,0,3,a81144796ebb833c,0,1,0000000000000000,ee390fb22893c8f7,ee390fb22893c8f7,0,0
470,470,0,0000004,07,2,2,3,0000000000000000,0,0,2,a81144796ebb833c,3,1,0000000000000000,ee390fb22893c8f7,ee390fb22893c8f7,0,0
471,471,0,0000008,07,2,2,3,0000000000000000,0,0,2,3fefd7e5f94510a0,3,1,0000000000000000,ee390fb22893c8f7,ee390fb22893c8f7,0,0
472,472,0,000000c,07,2,2,3,0000000000000000,0,0,2,b2ba596e74109e2b,3,1,0000000000000000,ee390fb22893c8f7,ee390fb22893c8f7,0,0
473,473,0,0000010,07,2,2,3,0000000000000000,0,0,2,1012f0dcd6b83799,3,1,0000000000000000,3b61e70afdcb204f,3b61e70afdcb204f,0,1
474,474,0,0000014,07,2,2,3,0000000000000000,0,0,2,9d477e575bedb912,3,1,0000000000000000,b6346981709eaec4,b6346981709eaec4,0,1
475,475,0,0000018,07,2,2,3,4430000000000000,0,0,2,0ab9edcbcc132a8e,3,1,0000000000000000,21cafa1de7603d58,21cafa1de7603d58,0,1
476,476,0,000001c,07,2,2,3,44796ebb833ca811,0,0,2,87ec63404146a405,3,1,0000000000000000,ac9f74966a35b3d3,ac9f74966a35b3d3,0,1
477,477,0,0000020,07,2,2,3,d7e5f94510a0a811,0,0,2,4fe8beae894279eb,3,1,4430000000000000,0e37dd24c89d1a61,0e37dd24c89d1a61,0,1
478,478,0,0000024,07,2,2,3,596e74109e2b3fef,0,0,2,c2bd30250417f760,3,1,44796ebb833ca811,836253af45c894ea,836253af45c894ea,0,1
479,479,0,0000028,07,2,2,3,f0dcd6b83799b2ba,0,0,2,5543a3b993e964fc,3,1,d7e5f94510a0a811,149cc033d2360776,149cc033d2360776,0,1
480,480,0,000002c,07,2,2,3,7e575bedb9121012,0,0,2,d8162d321ebcea77,3,1,596e74109e2b3fef,99c94eb85f6389fd,99c94eb85f6389fd,0,1
481,481,0,0000030,07,2,2,3,edcbcc132a8e9d47,0,0,2,7abe8480bc1443c5,3,1,f0dcd6b83799b2ba,84957bee423fbcab,84957bee423fbcab,0,0
482,482,0,0000034,07,2,2,3,63404146a4050ab9,0,0,2,f7eb0a0b3141cd4e,3,1,7e575bedb9121012,84957bee423fbcab,84957bee423fbcab,0,0
483,483,0,0000038,07,2,2,3,beae894279eb87ec,0,0,2,60159997a6bf5ed2,3,1,edcbcc132a8e9d47,84957bee423fbcab,84957bee423fbcab,0,0
484,484,0,000003c,07,2,2,3,30250417f7604fe8,0,0,2,ed40171c2bead059,3,1,63404146a4050ab9,84957bee423fbcab,84957bee423fbcab,0,0
485,485,0,0000040,07,2,2,3,a3b993e964fcc2bd,0,0,2,f01c224a36b6e50f,3,1,beae894279eb87ec,51cd935697675413,51cd935697675413,0,1
486,486,0,0000044,07,2,2,3,2d321ebcea775543,0,0,2,7d49acc1bbe36b84,3,1,30250417f7604fe8,dc981ddd1a32da98,dc981ddd1a32da98,0,1
487,487,0,0000048,07,2,2,3,8480bc1443c5d816,0,0,2,eab73f5d2c1df818,3,1,a3b993e964fcc2bd,4b668e418dcc4904,4b668e418dcc4904,0,1
488,488,0,000004c,07,2,2,3,0a0b3141cd4e7abe,0,0,2,67e2b1d6a1487693,3,1,2d321ebcea775543,c63300ca0099c78f,c63300ca0099c78f,0,1
489,489,0,0000050,07,2,2,3,9997a6bf5ed2f7eb,0,0,2,c54a186403e0df21,3,1,8480bc1443c5d816,649ba978a2316e3d,649ba978a2316e3d,0,1
490,490,0,0000054,07,2,2,3,171c2bead0596015,0,0,2,481f96ef8eb551aa,3,1,0a0b3141cd4e7abe,e9ce27f32f64e0b6,e9ce27f32f64e0b6,0,1
491,491,0,0000058,07,2,2,3,224a36b6e50fed40,0,0,2,dfe10573194bc236,3,1,9997a6bf5ed2f7eb,7e30b46fb89a732a,7e30b46fb89a732a,0,1
492,492,0,000005c,07,2,2,3,acc1bbe36b84f01c,0,0,2,52b48bf8941e4cbd,3,1,171c2bead0596015,f3653ae435cffda1,f3653ae435cffda1,0,1
493,493,0,0000060,07,2,2,3,3f5d2c1df8187d49,0,0,2,9ab056165c1a9153,3,1,224a36b6e50fed40,3b61e70afdcb204f,3b61e70afdcb204f,0,0
494,494,0,0000064,07,2,2,3,b1d6a1487693eab7,0,0,2,17e5d89dd14f1fd8,3,1,acc1bbe36b84f01c,3b61e70afdcb204f,3b61e70afdcb204f,0,0
495,495,0,0000068,07,2,2,3,186403e0df2167e2,0,0,2,801b4b0146b18c44,3,1,3f5d2c1df8187d49,3b61e70afdcb204f,3b61e70afdcb204f,0,0
496,496,0,000006c,07,2,2,3,96ef8eb551aac54a,0,0,2,0d4ec58acbe402cf,3,1,b1d6a1487693eab7,3b61e70afdcb204f,3b61e70afdcb204f,0,0
497,497,0,0000070,07,2,2,3,0573194bc236481f,0,0,2,afe66c38694cab7d,3,1,186403e0df2167e2,11eb7c20d741bb65,11eb7c20d741bb65,0,1
498,498,0,0000074,07,2,2,3,8bf8941e4cbddfe1,0,0,2,22b3e2b3e41925f6,3,1,96ef8eb551aac54a,9cbef2ab5a1435ee,9cbef2ab5a1435ee,0,1
499,499,0,0000078,07,2,2,3,56165c1a915352b4,0,0,2,b54d712f73e7b66a,3,1,0573194bc236481f,0b406137cdeaa672,0b406137cdeaa672,0,1
500,500,0,000007c,07,2,2,3,d89dd14f1fd89ab0,0,0,2,3818ffa4feb238e1,3,1,8bf8941e4cbddfe1,8615efbc40bf28f9,8615efbc40bf28f9,0,1
501,501,0,0000080,07,2,2,3,4b0146b18c4417e5,0,0,2,8ff51b83495fdcc6,3,1,56165c1a915352b4,24bd460ee217814b,24bd460ee217814b,0,1
502,502,0,0000084,07,2,2,3,c58acbe402cf801b,0,0,2,02a09508c40a524d,3,1,d89dd14f1fd89ab0,a9e8c8856f420fc0,a9e8c8856f420fc0,0,1
503,503,0,0000088,07,2,2,3,6c38694cab7d0d4e,0,0,2,955e069453f4c1d1,3,1,4b0146b18c4417e5,3e165b19f8bc9c5c,3e165b19f8bc9c5c,0,1
504,504,0,000008c,07,2,2,3,e2b3e41925f6afe6,0,0,2,180b881fdea14f5a,3,1,c58acbe402cf801b,b343d59275e912d7,b343d59275e912d7,0,1
505,505,0,0000090,07,2,2,3,712f73e7b66a22b3,0,0,2,baa321ad7c09e6e8,3,1,6c38694cab7d0d4e,51cd935697675413,51cd935697675413,0,0
506,506,0,0000094,07,2,2,3,ffa4feb238e1b54d,0,0,2,37f6af26f15c6863,3,1,e2b3e41925f6afe6,51cd935697675413,51cd935697675413,0,0
507,507,0,0000098,07,2,2,3,1b83495fdcc63818,0,0,2,a0083cba66a2fbff,3,1,712f73e7b66a22b3,51cd935697675413,51cd935697675413,0,0
508,508,0,000009c,07,2,2,3,9508c40a524d8ff5,0,0,2,2d5db231ebf77574,3,1,ffa4feb238e1b54d,51cd935697675413,51cd935697675413,0,0
509,509,0,00000a0,07,2,2,3,069453f4c1d102a0,0,0,2,e5596fdf23f3a89a,3,1,1b83495fdcc63818,7b47087cbdedcf39,7b47087cbdedcf39,0,1
510,510,0,00000a4,07,2,2,3,881fdea14f5a955e,0,0,2,680ce154aea62611,3,1,9508c40a524d8ff5,f61286f730b841b2,f61286f730b841b2,0,1
511,511,0,00000a8,07,2,2,3,21ad7c09e6e8180b,0,0,2,fff272c83958b58d,3,1,069453f4c1d102a0,61ec156ba746d22e,61ec156ba746d22e,0,1
512,512,0,00000ac,07,2,2,3,af26f15c6863baa3,0,0,2,72a7fc43b40d3b06,3,1,881fdea14f5a955e,ecb99be02a135ca5,ecb99be02a135ca5,0,1
513,513,0,00000b0,07,2,2,3,3cba66a2fbff37f6,0,0,2,d00f55f116a592b4,3,1,21ad7c09e6e8180b,4e11325288bbf517,4e11325288bbf517,0,1
514,514,0,00000b4,07,2,2,3,b231ebf77574a008,0,0,2,5d5adb7a9bf01c3f,3,1,af26f15c6863baa3,c344bcd905ee7b9c,c344bcd905ee7b9c,0,1
515,515,0,00000b8,07,2,2,3,6fdf23f3a89a2d5d,0,0,2,caa448e60c0e8fa3,3,1,3cba66a2fbff37f6,54ba2f459210e800,54ba2f459210e800,0,1
516,516,0,00000bc,07,2,2,3,e154aea62611e559,0,0,2,47f1c66d815b0128,3,1,b231ebf77574a008,d9efa1ce1f45668b,d9efa1ce1f45668b,0,1
517,517,0,00000c0,07,2,2,3,72c83958b58d680c,0,0,2,5aadf33b9c07347e,3,1,6fdf23f3a89a2d5d,11eb7c20d741bb65,11eb7c20d741bb65,0,0
518,518,0,00000c4,07,2,2,3,fc43b40d3b06fff2,0,0,2,d7f87db01152baf5,3,1,e154aea62611e559,11eb7c20d741bb65,11eb7c20d741bb65,0,0
519,519,0,00000c8,07,2,2,3,55f116a592b472a7,0,0,2,4006ee2c86ac2969,3,1,72c83958b58d680c,11eb7c20d741bb65,11eb7c20d741bb65,0,0
520,520,0,00000cc,07,2,2,3,db7a9bf01c3fd00f,0,0,2,cd5360a70bf9a7e2,3,1,fc43b40d3b06fff2,11eb7c20d741bb65,11eb7c20d741bb65,0,0
521,521,0,00000d0,07,2,2,3,48e60c0e8fa35d5a,0,0,2,6ffbc915a9510e50,3,1,55f116a592b472a7,c4b39498021953dd,c4b39498021953dd,0,1
522,522,0,00000d4,07,2,2,3,c66d815b0128caa4,0,0,2,e2ae479e240480db,3,1,db7a9bf01c3fd00f,49e61a138f4cdd56,49e61a138f4cdd56,0,1
523,523,0,00000d8,07,2,2,3,f33b9c07347e47f1,0,0,2,7550d402b3fa1347,3,1,48e60c0e8fa35d5a,de18898f18b24eca,de18898f18b24eca,0,1
524,524,0,00000dc,07,2,2,3,7db01152baf55aad,0,0,2,f8055a893eaf9dcc,3,1,c66d815b0128caa4,534d070495e7c041,534d070495e7c041,0,1
525,525,0,00000e0,07,2,2,3,ee2c86ac2969d7f8,0,0,2,30018767f6ab4022,3,1,f33b9c07347e47f1,f1e5aeb6374f69f3,f1e5aeb6374f69f3,0,1
526,526,0,00000e4,07,2,2,3,60a70bf9a7e24006,0,0,2,bd5409ec7bfecea9,3,1,7db01152baf55aad,7cb0203dba1ae778,7cb0203dba1ae778,0,1
527,527,0,00000e8,07,2,2,3,c915a9510e50cd53,0,0,2,2aaa9a70ec005d35,3,1,ee2c86ac2969d7f8,eb4eb3a12de474e4,eb4eb3a12de474e4,0,1
528,528,0,00000ec,07,2,2,3,479e240480db6ffb,0,0,2,a7ff14fb6155d3be,3,1,60a70bf9a7e24006,661b3d2aa0b1fa6f,661b3d2aa0b1fa6f,0,1
529,529,0,00000f0,07,2,2,3,d402b3fa1347e2ae,0,0,2,0557bd49c3fd7a0c,3,1,c915a9510e50cd53,7b47087cbdedcf39,7b47087cbdedcf39,0,0
530,530,0,00000f4,07,2,2,3,5a893eaf9dcc7550,0,0,2,880233c24ea8f487,3,1,479e240480db6ffb,7b47087cbdedcf39,7b47087cbdedcf39,0,0
531,531,0,00000f8,07,2,2,3,8767f6ab4022f805,0,0,2,1ffca05ed956671b,3,1,d402b3fa1347e2ae,7b47087cbdedcf39,7b47087cbdedcf39,0,0
532,532,0,00000fc,07,2,2,3,09ec7bfecea93001,0,0,2,92a92ed55403e990,3,1,5a893eaf9dcc7550,7b47087cbdedcf39,7b47087cbdedcf39,0,0
533,533,0,0000100,07,2,2,3,9a70ec005d35bd54,0,0,2,70276811b68daf54,3,1,8767f6ab4022f805,ae1fe0c468b52781,ae1fe0c468b52781,0,1
534,534,0,0000104,07,2,2,3,14fb6155d3be2aaa,0,0,2,fd72e69a3bd821df,3,1,09ec7bfecea93001,234a6e4fe5e0a90a,234a6e4fe5e0a90a,0,1
535,535,0,0000108,07,2,2,3,bd49c3fd7a0ca7ff,0,0,2,6a8c7506ac26b243,3,1,9a70ec005d35bd54,b4b4fdd3721e3a96,b4b4fdd3721e3a96,0,1
536,536,0,000010c,07,2,2,3,33c24ea8f4870557,0,0,2,e7d9fb8d21733cc8,3,1,14fb6155d3be2aaa,39e17358ff4bb41d,39e17358ff4bb41d,0,1
537,537,0,0000110,07,2,2,3,a05ed956671b8802,0,0,2,4571523f83db957a,3,1,bd49c3fd7a0ca7ff,9b49daea5de31daf,9b49daea5de31daf,0,1
538,538,0,0000114,07,2,2,3,2ed55403e9901ffc,0,0,2,c824dcb40e8e1bf1,3,1,33c24ea8f4870557,161c5461d0b69324,161c5461d0b69324,0,1
539,539,0,0000118,07,2,2,3,6811b68daf5492a9,0,0,2,5fda4f289970886d,3,1,a05ed956671b8802,81e2c7fd474800b8,81e2c7fd474800b8,0,1
540,540,0,000011c,07,2,2,3,e69a3bd821df7027,0,0,2,d28fc1a3142506e6,3,1,2ed55403e9901ffc,0cb74976ca1d8e33,0cb74976ca1d8e33,0,1
541,541,0,0000120,07,2,2,3,7506ac26b243fd72,0,0,2,1a8b1c4ddc21db08,3,1,6811b68daf5492a9,c4b39498021953dd,c4b39498021953dd,0,0
542,542,0,0000124,07,2,2,3,fb8d21733cc86a8c,0,0,2,97de92c651745583,3,1,e69a3bd821df7027,c4b39498021953dd,c4b39498021953dd,0,0
543,543,0,0000128,07,2,2,3,523f83db957ae7d9,0,0,2,0020015ac68ac61f,3,1,7506ac26b243fd72,c4b39498021953dd,c4b39498021953dd,0,0
544,544,0,000012c,07,2,2,3,dcb40e8e1bf14571,0,0,2,8d758fd14bdf4894,3,1,fb8d21733cc86a8c,c4b39498021953dd,c4b39498021953dd,0,0
545,545,0,0000130,07,2,2,3,4f289970886dc824,0,0,2,2fdd2663e977e126,3,1,523f83db957ae7d9,bb5aad517df06a14,bb5aad517df06a14,0,1
546,546,0,0000134,07,2,2,3,c1a3142506e65fda,0,0,2,a288a8e864226fad,3,1,dcb40e8e1bf14571,360f23daf0a5e49f,360f23daf0a5e49f,0,1
547,547,0,0000138,07,2,2,3,1c4ddc21db08d28f,0,0,2,35763b74f3dcfc31,3,1,4f289970886dc824,a1f1b046675b7703,a1f1b046675b7703,0,1
548,548,0,000013c,07,2,2,3,92c6517455831a8b,0,0,2,b823b5ff7e8972ba,3,1,c1a3142506e65fda,2ca43ecdea0ef988,2ca43ecdea0ef988,0,1
549,549,0,0000000,00,3,3,3,015ac68ac61f97de,0,0,3,a57f80a963d547ec,0,1,1c4ddc21db08d28f,8e0c977f48a6503a,8e0c977f48a6503a,0,1
550,550,0,0000000,00,3,3,3,8fd14bdf48940020,0,0,3,a57f80a963d547ec,0,1,92c6517455831a8b,035919f4c5f3deb1,035919f4c5f3deb1,0,1
551,551,0,000000a,00,3,2,2,2663e977e1268d75,0,0,3,a57f80a963d547ec,0,1,015ac68ac61f97de,94a78a68520d4d2d,94a78a68520d4d2d,0,1
552,552,0,0000000,00,3,3,3,a8e864226fad2fdd,0,0,3,a57f80a963d547ec,0,1,8fd14bdf48940020,19f204e3df58c3a6,19f204e3df58c3a6,0,1
553,553,0,0000140,07,2,2,3,3b74f3dcfc31a288,0,0,2,a57f80a963d547ec,3,1,2663e977e1268d75,ae1fe0c468b52781,ae1fe0c468b52781,0,0
554,554,0,0000144,07,2,2,3,b5ff7e8972ba3576,0,0,2,282a0e22ee80c967,3,1,a8e864226fad2fdd,ae1fe0c468b52781,ae1fe0c468b52781,0,0
555,555,0,0000148,07,2,2,3,80a963d547ecb823,0,0,2,bfd49dbe797e5afb,3,1,3b74f3dcfc31a288,ae1fe0c468b52781,ae1fe0c468b52781,0,0
556,556,0,000014c,07,2,2,3,0000000000000008,0,0,2,32811335f42bd470,3,1,b5ff7e8972ba3576,ae1fe0c468b52781,ae1fe0c468b52781,0,0
557,557,0,0000150,07,2,2,3,0000000000000000,0,0,2,9029ba8756837dc2,3,1,80a963d547ecb823,d1f6d90d175c1e48,d1f6d90d175c1e48,0,1
558,558,0,0000154,07,2,2,3,80a0000000000000,0,0,2,1d7c340cdbd6f349,3,1,0000000000000008,5ca357869a0990c3,5ca357869a0990c3,0,1
559,559,0,0000158,07,2,2,3,80a963d547eca57f,0,0,2,8a82a7904c2860d5,3,1,0000000000000000,b4b4fdd3721e3a96,b4b4fdd3721e3a96,0,0
560,560,0,000015c,07,2,2,3,0e22ee80c967a57f,0,0,2,07d7291bc17dee5e,3,1,80a0000000000000,b4b4fdd3721e3a96,b4b4fdd3721e3a96,0,0
561,561,0,0000000,00,3,3,3,9dbe797e5afb282a,0,0,3,cfd3f4f5097933b0,0,1,80a963d547eca57f,b4b4fdd3721e3a96,b4b4fdd3721e3a96,0,0
562,562,0,0000000,00,3,3,3,1335f42bd470bfd4,0,0,3,cfd3f4f5097933b0,0,1,0e22ee80c967a57f,b4b4fdd3721e3a96,b4b4fdd3721e3a96,0,0
563,563,0,0000000,00,3,3,3,ba8756837dc23281,0,0,3,cfd3f4f5097933b0,0,1,9dbe797e5afb282a,b4b4fdd3721e3a96,b4b4fdd3721e3a96,0,0
564,564,0,0000000,00,3,3,3,340cdbd6f3499029,0,0,3,cfd3f4f5097933b0,0,1,1335f42bd470bfd4,b4b4fdd3721e3a96,b4b4fdd3721e3a96,0,0
565,565,0,0000160,07,2,2,3,a7904c2860d51d7c,0,0,2,cfd3f4f5097933b0,3,1,ba8756837dc23281,b4b4fdd3721e3a96,b4b4fdd3721e3a96,0,0
566,566,0,0000164,07,2,2,3,291bc17dee5e8a82,0,0,2,42867a7e842cbd3b,3,1,340cdbd6f3499029,b4b4fdd3721e3a96,b4b4fdd3721e3a96,0,0
567,567,0,0000168,07,2,2,3,f4f5097933b007d7,0,0,2,d578e9e213d22ea7,3,1,a7904c2860d51d7c,b4b4fdd3721e3a96,b4b4fdd3721e3a96,0,0
568,568,0,000016c,07,2,2,3,0000000000000010,0,0,2,582d67699e87a02c,3,1,291bc17dee5e8a82,b4b4fdd3721e3a96,b4b4fdd3721e3a96,0,0
569,569,0,0000170,07,2,2,3,0000000000000000,0,0,2,fa85cedb3c2f099e,3,1,f4f5097933b007d7,b4b4fdd3721e3a96,b4b4fdd3721e3a96,0,0
570,570,0,0000174,07,2,2,3,f4b0000000000000,0,0,2,77d04050b17a8715,3,1,0000000000000010,b4b4fdd3721e3a96,b4b4fdd3721e3a96,0,0
571,571,0,0000178,07,2,2,3,f4f5097933b0cfd3,0,0,2,e02ed3cc26841489,3,1,0000000000000000,b4b4fdd3721e3a96,b4b4fdd3721e3a96,0,0
572,572,0,000017c,07,2,2,3,7a7e842cbd3bcfd3,0,0,2,6d7b5d47abd19a02,3,1,f4b0000000000000,b4b4fdd3721e3a96,b4b4fdd3721e3a96,0,0
573,573,0,0000000,00,3,3,3,e9e213d22ea74286,0,0,3,da96b9601c3c7e25,0,1,f4f5097933b0cfd3,b4b4fdd3721e3a96,b4b4fdd3721e3a96,0,0
574,574,0,0000000,00,3,3,3,67699e87a02cd578,0,0,3,da96b9601c3c7e25,0,1,7a7e842cbd3bcfd3,b4b4fdd3721e3a96,b4b4fdd3721e3a96,0,0
575,575,0,0000000,00,3,3,3,cedb3c2f099e582d,0,0,3,da96b9601c3c7e25,0,1,e9e213d22ea74286,b4b4fdd3721e3a96,b4b4fdd3721e3a96,0,0
576,576,0,0000000,00,3,3,3,4050b17a8715fa85,0,0,3,da96b9601c3c7e25,0,1,67699e87a02cd578,b4b4fdd3721e3a96,b4b4fdd3721e3a96,0,0
577,577,0,0000180,07,2,2,3,d3cc2684148977d0,0,0,2,da96b9601c3c7e25,3,1,cedb3c2f099e582d,b4b4fdd3721e3a96,b4b4fdd3721e3a96,0,0
578,578,0,0000184,07,2,2,3,5d47abd19a02e02e,0,0,2,57c337eb9169f0ae,3,1,4050b17a8715fa85,b4b4fdd3721e3a96,b4b4fdd3721e3a96,0,0
579,579,0,0000188,07,2,2,3,b9601c3c7e256d7b,0,0,2,c03da47706976332,3,1,d3cc2684148977d0,b4b4fdd3721e3a96,b4b4fdd3721e3a96,0,0
580,580,0,000018c,07,2,2,3,0000000000000000,0,0,2,4d682afc8bc2edb9,3,1,5d47abd19a02e02e,b4b4fdd3721e3a96,b4b4fdd3721e3a96,0,0
581,581,0,0000190,07,2,2,3,0000000000000000,0,0,2,efc0834e296a440b,3,1,b9601c3c7e256d7b,b4b4fdd3721e3a96,b4b4fdd3721e3a96,0,0
582,582,0,0000194,07,2,2,3,b920000000000000,0,0,2,62950dc5a43fca80,3,1,0000000000000000,b4b4fdd3721e3a96,b4b4fdd3721e3a96,0,0
583,583,0,0000198,07,2,2,3,b9601c3c7e25da96,0,0,2,f56b9e5933c1591c,3,1,0000000000000000,b4b4fdd3721e3a96,b4b4fdd3721e3a96,0,0
584,584,0,000019c,07,2,2,3,37eb9169f0aeda96,0,0,2,783e10d2be94d797,3,1,b920000000000000,b4b4fdd3721e3a96,b4b4fdd3721e3a96,0,0
585,585,0,0000000,00,3,3,3,a4770697633257c3,0,0,3,b03acd3c76900a79,0,1,b9601c3c7e25da96,b4b4fdd3721e3a96,b4b4fdd3721e3a96,0,0
586,586,0,0000000,00,3,3,3,2afc8bc2edb9c03d,0,0,3,b03acd3c76900a79,0,1,37eb9169f0aeda96,b4b4fdd3721e3a96,b4b4fdd3721e3a96,0,0
587,587,0,0000000,00,3,3,3,834e296a440b4d68,0,0,3,b03acd3c76900a79,0,1,a4770697633257c3,b4b4fdd3721e3a96,b4b4fdd3721e3a96,0,0
588,588,0,0000000,00,3,3,3,0dc5a43fca80efc0,0,0,3,b03acd3c76900a79,0,1,2afc8bc2edb9c03d,b4b4fdd3721e3a96,b4b4fdd3721e3a96,0,0
589,589,0,00001a0,07,2,2,3,9e5933c1591c6295,0,0,2,b03acd3c76900a79,3,1,834e296a440b4d68,b4b4fdd3721e3a96,b4b4fdd3721e3a96,0,0
590,590,0,00001a4,07,2,2,3,10d2be94d797f56b,0,0,2,3d6f43b7fbc584f2,3,1,0dc5a43fca80efc0,b4b4fdd3721e3a96,b4b4fdd3721e3a96,0,0
591,591,0,00001a8,07,2,2,3,cd3c76900a79783e,0,0,2,aa91d02b6c3b176e,3,1,9e5933c1591c6295,b4b4fdd3721e3a96,b4b4fdd3721e3a96,0,0
592,592,0,00001ac,07,2,2,3,0000000000000000,0,0,2,27c45ea0e16e99e5,3,1,10d2be94d797f56b,b4b4fdd3721e3a96,b4b4fdd3721e3a96,0,0
593,593,0,00001b0,07,2,2,3,0000000000000000,0,0,2,856cf71243c63057,3,1,cd3c76900a79783e,b4b4fdd3721e3a96,b4b4fdd3721e3a96,0,0
594,594,0,00001b4,07,2,2,3,cd30000000000000,0,0,2,08397999ce93bedc,3,1,0000000000000000,b4b4fdd3721e3a96,b4b4fdd3721e3a96,0,0
595,595,0,00001b8,07,2,2,3,cd3c76900a79b03a,0,0,2,9fc7ea05596d2d40,3,1,0000000000000000,b4b4fdd3721e3a96,b4b4fdd3721e3a96,0,0
596,596,0,00001bc,07,2,2,3,43b7fbc584f2b03a,0,0,2,1292648ed438a3cb,3,1,cd30000000000000,b4b4fdd3721e3a96,b4b4fdd3721e3a96,0,0
597,597,0,0000000,00,3,3,3,d02b6c3b176e3d6f,0,0,3,0fce51d8c964969d,0,1,cd3c76900a79b03a,b4b4fdd3721e3a96,b4b4fdd3721e3a96,0,0
598,598,0,0000000,00,3,3,3,5ea0e16e99e5aa91,0,0,3,0fce51d8c964969d,0,1,43b7fbc584f2b03a,b4b4fdd3721e3a96,b4b4fdd3721e3a96,0,0
599,599,0,0000000,00,3,3,3,f71243c6305727c4,0,0,3,0fce51d8c964969d,0,1,d02b6c3b176e3d6f,b4b4fdd3721e3a96,b4b4fdd3721e3a96,0,0
600,600,0,0000000,00,3,3,3,7999ce93bedc856c,0,0,3,0fce51d8c964969d,0,1,5ea0e16e99e5aa91,b4b4fdd3721e3a96,b4b4fdd3721e3a96,0,0
601,601,0,00001c0,07,2,2,3,ea05596d2d400839,0,0,2,0fce51d8c964969d,3,1,f71243c6305727c4,b4b4fdd3721e3a96,b4b4fdd3721e3a96,0,0
602,602,0,00001c4,07,2,2,3,648ed438a3cb9fc7,0,0,2,829bdf5344311816,3,1,7999ce93bedc856c,b4b4fdd3721e3a96,b4b4fdd3721e3a96,0,0
603,603,0,00001c8,07,2,2,3,51d8c964969d1292,0,0,2,15654ccfd3cf8b8a,3,1,ea05596d2d400839,b4b4fdd3721e3a96,b4b4fdd3721e3a96,0,0
604,604,0,00001cc,07,2,2,3,0000000000000000,0,0,2,9830c2445e9a0501,3,1,648ed438a3cb9fc7,b4b4fdd3721e3a96,b4b4fdd3721e3a96,0,0
605,605,0,00001d0,07,2,2,3,0000000000000000,0,0,2,3a986bf6fc32acb3,3,1,51d8c964969d1292,b4b4fdd3721e3a96,b4b4fdd3721e3a96,0,0
606,606,0,00001d4,07,2,2,3,5190000000000000,0,0,2,b7cde57d71672238,3,1,0000000000000000,b4b4fdd3721e3a96,b4b4fdd3721e3a96,0,0
607,607,0,00001d8,07,2,2,3,51d8c964969d0fce,0,0,2,203376e1e699b1a4,3,1,0000000000000000,b4b4fdd3721e3a96,b4b4fdd3721e3a96,0,0
608,608,0,00001dc,07,2,2,3,df53443118160fce,0,0,2,ad66f86a6bcc3f2f,3,1,5190000000000000,b4b4fdd3721e3a96,b4b4fdd3721e3a96,0,0
609,609,0,0000000,00,3,3,3,4ccfd3cf8b8a829b,0,0,3,65622584a3c8e2c1,0,1,51d8c964969d0fce,b4b4fdd3721e3a96,b4b4fdd3721e3a96,0,0
610,610,0,0000000,00,3,3,3,c2445e9a05011565,0,0,3,65622584a3c8e2c1,0,1,df53443118160fce,b4b4fdd3721e3a96,b4b4fdd3721e3a96,0,0
611,611,0,0000000,00,3,3,3,6bf6fc32acb39830,0,0,3,65622584a3c8e2c1,0,1,4ccfd3cf8b8a829b,b4b4fdd3721e3a96,b4b4fdd3721e3a96,0,0
612,612,0,0000000,00,3,3,3,e57d716722383a98,0,0,3,65622584a3c8e2c1,0,1,c2445e9a05011565,b4b4fdd3721e3a96,b4b4fdd3721e3a96,0,0
613,613,0,00001e0,07,2,2,3,76e1e699b1a4b7cd,0,0,2,65622584a3c8e2c1,3,1,6bf6fc32acb39830,b4b4fdd3721e3a96,b4b4fdd3721e3a96,0,0
614,614,0,00001e4,07,2,2,3,f86a6bcc3f2f2033,0,0,2,e837ab0f2e9d6c4a,3,1,e57d716722383a98,b4b4fdd3721e3a96,b4b4fdd3721e3a96,0,0
615,615,0,00001e8,07,2,2,3,2584a3c8e2c1ad66,0,0,2,7fc93893b963ffd6,3,1,76e1e699b1a4b7cd,b4b4fdd3721e3a96,b4b4fdd3721e3a96,0,0
616,616,0,00001ec,07,2,2,3,0000000000000000,0,0,2,f29cb6183436715d,3,1,f86a6bcc3f2f2033,b4b4fdd3721e3a96,b4b4fdd3721e3a96,0,0
617,617,0,00001f0,07,2,2,3,0000000000000000,0,0,2,50341faa969ed8ef,3,1,2584a3c8e2c1ad66,b4b4fdd3721e3a96,b4b4fdd3721e3a96,0,0
618,618,0,00001f4,07,2,2,3,2580000000000000,0,0,2,dd6191211bcb5664,3,1,0000000000000000,b4b4fdd3721e3a96,b4b4fdd3721e3a96,0,0
619,619,0,00001f8,07,2,2,3,2584a3c8e2c16562,0,0,2,4a9f02bd8c35c5f8,3,1,0000000000000000,b4b4fdd3721e3a96,b4b4fdd3721e3a96,0,0
620,620,0,00001fc,07,2,2,3,ab0f2e9d6c4a6562,0,0,2,c7ca8c3601604b73,3,1,2580000000000000,b4b4fdd3721e3a96,b4b4fdd3721e3a96,0,0
621,621,0,0000000,00,3,3,3,3893b963ffd6e837,0,0,3,8f838f3449294871,0,1,2584a3c8e2c16562,b4b4fdd3721e3a96,b4b4fdd3721e3a96,0,0
622,622,0,0000000,00,3,3,3,b6183436715d7fc9,0,0,3,8f838f3449294871,0,1,ab0f2e9d6c4a6562,b4b4fdd3721e3a96,b4b4fdd3721e3a96,0,0
623,623,0,0000000,00,3,3,3,1faa969ed8eff29c,0,0,3,8f838f3449294871,0,1,3893b963ffd6e837,b4b4fdd3721e3a96,b4b4fdd3721e3a96,0,0
624,624,0,0000000,00,3,3,3,91211bcb56645034,0,0,3,8f838f3449294871,0,1,b6183436715d7fc9,b4b4fdd3721e3a96,b4b4fdd3721e3a96,0,0
625,625,0,0000200,07,2,2,3,02bd8c35c5f8dd61,0,0,2,8f838f3449294871,3,1,1faa969ed8eff29c,b4b4fdd3721e3a96,b4b4fdd3721e3a96,0,0
626,626,0,0000204,07,2,2,3,8c3601604b734a9f,0,0,2,02d601bfc47cc6fa,3,1,91211bcb56645034,b4b4fdd3721e3a96,b4b4fdd3721e3a96,0,0
627,627,0,0000208,07,2,2,3,8f3449294871c7ca,0,0,2,9528922353825566,3,1,02bd8c35c5f8dd61,b4b4fdd3721e3a96,b4b4fdd3721e3a96,0,0
628,628,0,000020c,07,2,2,3,0000000000000000,0,0,2,187d1ca8ded7dbed,3,1,8c3601604b734a9f,b4b4fdd3721e3a96,b4b4fdd3721e3a96,0,0
629,629,0,0000210,07,2,2,3,0000000000000000,0,0,2,bad5b51a7c7f725f,3,1,8f3449294871c7ca,b4b4fdd3721e3a96,b4b4fdd3721e3a96,0,0
630,630,0,0000214,07,2,2,3,8f30000000000000,0,0,2,37803b91f12afcd4,3,1,0000000000000000,b4b4fdd3721e3a96,b4b4fdd3721e3a96,0,0
631,631,0,0000218,07,2,2,3,8f34492948718f83,0,0,2,a07ea80d66d46f48,3,1,0000000000000000,b4b4fdd3721e3a96,b4b4fdd3721e3a96,0,0
632,632,0,000021c,07,2,2,3,01bfc47cc6fa8f83,0,0,2,2d2b2686eb81e1c3,3,1,8f30000000000000,b4b4fdd3721e3a96,b4b4fdd3721e3a96,0,0
633,633,0,0000000,00,3,3,3,92235382556602d6,0,0,3,e52ffb6823853c2d,0,1,8f34492948718f83,b4b4fdd3721e3a96,b4b4fdd3721e3a96,0,0
634,634,0,0000000,00,3,3,3,1ca8ded7dbed9528,0,0,3,e52ffb6823853c2d,0,1,01bfc47cc6fa8f83,b4b4fdd3721e3a96,b4b4fdd3721e3a96,0,0
635,635,0,0000000,00,3,3,3,b51a7c7f725f187d,0,0,3,e52ffb6823853c2d,0,1,92235382556602d6,b4b4fdd3721e3a96,b4b4fdd3721e3a96,0,0
636,636,0,0000000,00,3,3,3,3b91f12afcd4bad5,0,0,3,e52ffb6823853c2d,0,1,1ca8ded7dbed9528,b4b4fdd3721e3a96,b4b4fdd3721e3a96,0,0
637,637,0,0000220,07,2,2,3,a80d66d46f483780,0,0,2,e52ffb6823853c2d,3,1,b51a7c7f725f187d,b4b4fdd3721e3a96,b4b4fdd3721e3a96,0,0
638,638,0,0000224,07,2,2,3,2686eb81e1c3a07e,0,0,2,687a75e3aed0b2a6,3,1,3b91f12afcd4bad5,b4b4fdd3721e3a96,b4b4fdd3721e3a96,0,0
639,639,0,0000228,07,2,2,3,fb6823853c2d2d2b,0,0,2,ff84e67f392e213a,3,1,a80d66d46f483780,b4b4fdd3721e3a96,b4b4fdd3721e3a96,0,0
640,640,0,000022c,07,2,2,3,0000000000000000,0,0,2,72d168f4b47bafb1,3,1,2686eb81e1c3a07e,b4b4fdd3721e3a96,b4b4fdd3721e3a96,0,0
641,641,0,0000230,07,2,2,3,0000000000000000,0,0,2,d079c14616d30603,3,1,fb6823853c2d2d2b,b4b4fdd3721e3a96,b4b4fdd3721e3a96,0,0
642,642,0,0000234,07,2,2,3,fb20000000000000,0,0,2,5d2c4fcd9b868888,3,1,0000000000000000,b4b4fdd3721e3a96,b4b4fdd3721e3a96,0,0
643,643,0,0000238,07,2,2,3,fb6823853c2de52f,0,0,2,cad2dc510c781b14,3,1,0000000000000000,b4b4fdd3721e3a96,b4b4fdd3721e3a96,0,0
644,644,0,000023c,07,2,2,3,75e3aed0b2a6e52f,0,0,2,478752da812d959f,3,1,fb20000000000000,b4b4fdd3721e3a96,b4b4fdd3721e3a96,0,0
645,645,0,0000000,00,3,3,3,e67f392e213a687a,0,0,3,5adb678c9c71a0c9,0,1,fb6823853c2de52f,b4b4fdd3721e3a96,b4b4fdd3721e3a96,0,0
646,646,0,0000000,00,3,3,3,68f4b47bafb1ff84,0,0,3,5adb678c9c71a0c9,0,1,75e3aed0b2a6e52f,b4b4fdd3721e3a96,b4b4fdd3721e3a96,0,0
647,647,0,0000000,00,3,3,3,c14616d3060372d1,0,0,3,5adb678c9c71a0c9,0,1,e67f392e213a687a,b4b4fdd3721e3a96,b4b4fdd3721e3a96,0,0
648,648,0,0000000,00,3,3,3,4fcd9b868888d079,0,0,3,5adb678c9c71a0c9,0,1,68f4b47bafb1ff84,b4b4fdd3721e3a96,b4b4fdd3721e3a96,0,0
649,649,0,0000240,07,2,2,3,dc510c781b145d2c,0,0,2,5adb678c9c71a0c9,3,1,c14616d3060372d1,b4b4fdd3721e3a96,b4b4fdd3721e3a96,0,0
650,650,0,0000244,07,2,2,3,52da812d959fcad2,0,0,2,d78ee90711242e42,3,1,4fcd9b868888d079,b4b4fdd3721e3a96,b4b4fdd3721e3a96,0,0
651,651,0,0000248,07,2,2,3,678c9c71a0c94787,0,0,2,40707a9b86dabdde,3,1,dc510c781b145d2c,b4b4fdd3721e3a96,b4b4fdd3721e3a96,0,0
652,652,0,000024c,07,2,2,3,000000000000000c,0,0,2,cd25f4100b8f3355,3,1,52da812d959fcad2,b4b4fdd3721e3a96,b4b4fdd3721e3a96,0,0
653,653,0,0000250,07,2,2,3,0000000000000000,0,0,2,6f8d5da2a9279ae7,3,1,678c9c71a0c94787,b4b4fdd3721e3a96,b4b4fdd3721e3a96,0,0
654,654,0,0000254,07,2,2,3,6780000000000000,0,0,2,e2d8d3292472146c,3,1,000000000000000c,b4b4fdd3721e3a96,b4b4fdd3721e3a96,0,0
655,655,0,0000258,07,2,2,3,678c9c71a0c95adb,0,0,2,752640b5b38c87f0,3,1,0000000000000000,b4b4fdd3721e3a96,b4b4fdd3721e3a96,0,0
656,656,0,000025c,07,2,2,3,e90711242e425adb,0,0,2,f873ce3e3ed9097b,3,1,6780000000000000,b4b4fdd3721e3a96,b4b4fdd3721e3a96,0,0
657,657,0,0000000,00,3,3,3,7a9b86dabdded78e,0,0,3,307713d0f6ddd495,0,1,678c9c71a0c95adb,b4b4fdd3721e3a96,b4b4fdd3721e3a96,0,0
658,658,0,0000000,00,3,3,3,f4100b8f33554070,0,0,3,307713d0f6ddd495,0,1,e90711242e425adb,b4b4fdd3721e3a96,b4b4fdd3721e3a96,0,0
659,659,0,0000000,00,3,3,3,5da2a9279ae7cd25,0,0,3,307713d0f6ddd495,0,1,7a9b86dabdded78e,b4b4fdd3721e3a96,b4b4fdd3721e3a96,0,0
660,660,0,0000000,00,3,3,3,d3292472146c6f8d,0,0,3,307713d0f6ddd495,0,1,f4100b8f33554070,b4b4fdd3721e3a96,b4b4fdd3721e3a96,0,0
661,661,0,0000260,07,2,2,3,40b5b38c87f0e2d8,0,0,2,307713d0f6ddd495,3,1,5da2a9279ae7cd25,b4b4fdd3721e3a96,b4b4fdd3721e3a96,0,0
662,662,0,0000264,07,2,2,3,ce3e3ed9097b7526,0,0,2,bd229d5b7b885a1e,3,1,d3292472146c6f8d,b4b4fdd3721e3a96,b4b4fdd3721e3a96,0,0
663,663,0,0000268,07,2,2,3,13d0f6ddd495f873,0,0,2,2adc0ec7ec76c982,3,1,40b5b38c87f0e2d8,b4b4fdd3721e3a96,b4b4fdd3721e3a96,0,0
664,664,0,000026c,07,2,2,3,0000000000000000,0,0,2,a789804c61234709,3,1,ce3e3ed9097b7526,b4b4fdd3721e3a96,b4b4fdd3721e3a96,0,0
665,665,0,0000270,07,2,2,3,0000000000000000,0,0,2,052129fec38beebb,3,1,13d0f6ddd495f873,b4b4fdd3721e3a96,b4b4fdd3721e3a96,0,0
666,666,0,0000274,07,2,2,3,1390000000000000,0,0,2,8874a7754ede6030,3,1,0000000000000000,b4b4fdd3721e3a96,b4b4fdd3721e3a96,0,0
667,667,0,0000278,07,2,2,3,13d0f6ddd4953077,0,0,2,1f8a34e9d920f3ac,3,1,0000000000000000,b4b4fdd3721e3a96,b4b4fdd3721e3a96,0,0
668,668,0,000027c,07,2,2,3,9d5b7b885a1e3077,0,0,2,92dfba6254757d27,3,1,1390000000000000,b4b4fdd3721e3a96,b4b4fdd3721e3a96,0,0
669,669,0,0000000,00,3,3,3,0ec7ec76c982bd22,0,0,3,25325e45e3989900,0,1,13d0f6ddd4953077,b4b4fdd3721e3a96,b4b4fdd3721e3a96,0,0
670,670,0,0000000,00,3,3,3,804c612347092adc,0,0,3,25325e45e3989900,0,1,9d5b7b885a1e3077,b4b4fdd3721e3a96,b4b4fdd3721e3a96,0,0
671,671,0,0000000,00,3,3,3,29fec38beebba789,0,0,3,25325e45e3989900,0,1,0ec7ec76c982bd22,b4b4fdd3721e3a96,b4b4fdd3721e3a96,0,0
672,672,0,0000000,00,3,3,3,a7754ede60300521,0,0,3,25325e45e3989900,0,1,804c612347092adc,b4b4fdd3721e3a96,b4b4fdd3721e3a96,0,0
673,673,0,0000280,07,2,2,3,34e9d920f3ac8874,0,0,2,25325e45e3989900,3,1,29fec38beebba789,b4b4fdd3721e3a96,b4b4fdd3721e3a96,0,0
674,674,0,0000284,07,2,2,3,ba6254757d271f8a,0,0,2,a867d0ce6ecd178b,3,1,a7754ede60300521,b4b4fdd3721e3a96,b4b4fdd3721e3a96,0,0
675,675,0,0000288,07,2,2,3,5e45e398990092df,0,0,2,3f994352f9338417,3,1,34e9d920f3ac8874,b4b4fdd3721e3a96,b4b4fdd3721e3a96,0,0
676,676,0,000028c,07,2,2,3,0000000000000000,0,0,2,b2cccdd974660a9c,3,1,ba6254757d271f8a,b4b4fdd3721e3a96,b4b4fdd3721e3a96,0,0
677,677,0,0000290,07,2,2,3,0000000000000000,0,0,2,1064646bd6cea32e,3,1,5e45e398990092df,b4b4fdd3721e3a96,b4b4fdd3721e3a96,0,0
678,678,0,0000294,07,2,2,3,5e00000000000000,0,0,2,9d31eae05b9b2da5,3,1,0000000000000000,b4b4fdd3721e3a96,b4b4fdd3721e3a96,0,0
679,679,0,0000298,07,2,2,3,5e45e39899002532,0,0,2,0acf797ccc65be39,3,1,0000000000000000,b4b4fdd3721e3a96,b4b4fdd3721e3a96,0,0
680,680,0,000029c,07,2,2,3,d0ce6ecd178b2532,0,0,2,879af7f7413030b2,3,1,5e00000000000000,b4b4fdd3721e3a96,b4b4fdd3721e3a96,0,0
681,681,0,0000000,00,3,3,3,4352f9338417a867,0,0,3,4f9e2a198934ed5c,0,1,5e45e39899002532,b4b4fdd3721e3a96,b4b4fdd3721e3a96,0,0
682,682,0,0000000,00,3,3,3,cdd974660a9c3f99,0,0,3,4f9e2a198934ed5c,0,1,d0ce6ecd178b2532,b4b4fdd3721e3a96,b4b4fdd3721e3a96,0,0
683,683,0,0000000,00,3,3,3,646bd6cea32eb2cc,0,0,3,4f9e2a198934ed5c,0,1,4352f9338417a867,b4b4fdd3721e3a96,b4b4fdd3721e3a96,0,0
684,684,0,0000000,00,3,3,3,eae05b9b2da51064,0,0,3,4f9e2a198934ed5c,0,1,cdd974660a9c3f99,b4b4fdd3721e3a96,b4b4fdd3721e3a96,0,0
685,685,0,00002a0,07,2,2,3,797ccc65be399d31,0,0,2,4f9e2a198934ed5c,3,1,646bd6cea32eb2cc,b4b4fdd3721e3a96,b4b4fdd3721e3a96,0,0
686,686,0,00002a4,07,2,2,3,f7f7413030b20acf,0,0,2,c2cba492046163d7,3,1,eae05b9b2da51064,b4b4fdd3721e3a96,b4b4fdd3721e3a96,0,0
687,687,0,00002a8,07,2,2,3,2a198934ed5c879a,0,0,2,5535370e939ff04b,3,1,797ccc65be399d31,b4b4fdd3721e3a96,b4b4fdd3721e3a96,0,0
688,688,0,00002ac,07,2,2,3,0000000000000000,0,0,2,d860b9851eca7ec0,3,1,f7f7413030b20acf,b4b4fdd3721e3a96,b4b4fdd3721e3a96,0,0
689,689,0,00002b0,07,2,2,3,0000000000000000,0,0,2,7ac81037bc62d772,3,1,2a198934ed5c879a,b4b4fdd3721e3a96,b4b4fdd3721e3a96,0,0
690,690,0,00002b4,07,2,2,3,2a00000000000000,0,0,2,f79d9ebc313759f9,3,1,0000000000000000,b4b4fdd3721e3a96,b4b4fdd3721e3a96,0,0
691,691,0,00002b8,07,2,2,3,2a198934ed5c4f9e,0,0,2,60630d20a6c9ca65,3,1,0000000000000000,b4b4fdd3721e3a96,b4b4fdd3721e3a96,0,0
692,692,0,00002bc,07,2,2,3,a492046163d74f9e,0,0,2,ed3683ab2b9c44ee,3,1,2a00000000000000,b4b4fdd3721e3a96,b4b4fdd3721e3a96,0,0
693,693,0,0000000,00,3,3,3,370e939ff04bc2cb,0,0,3,f06ab6fd36c071b8,0,1,2a198934ed5c4f9e,b4b4fdd3721e3a96,b4b4fdd3721e3a96,0,0
694,694,0,0000000,00,3,3,3,b9851eca7ec05535,0,0,3,f06ab6fd36c071b8,0,1,a492046163d74f9e,b4b4fdd3721e3a96,b4b4fdd3721e3a96,0,0
695,695,0,0000000,00,3,3,3,1037bc62d772d860,0,0,3,f06ab6fd36c071b8,0,1,370e939ff04bc2cb,b4b4fdd3721e3a96,b4b4fdd3721e3a96,0,0
696,696,0,0000000,00,3,3,3,9ebc313759f97ac8,0,0,3,f06ab6fd36c071b8,0,1,b9851eca7ec05535,b4b4fdd3721e3a96,b4b4fdd3721e3a96,0,0
697,697,0,00002c0,07,2,2,3,0d20a6c9ca65f79d,0,0,2,f06ab6fd36c071b8,3,1,1037bc62d772d860,b4b4fdd3721e3a96,b4b4fdd3721e3a96,0,0
698,698,0,00002c4,07,2,2,3,83ab2b9c44ee6063,0,0,2,7d3f3876bb95ff33,3,1,9ebc313759f97ac8,b4b4fdd3721e3a96,b4b4fdd3721e3a96,0,0
699,699,0,00002c8,07,2,2,3,b6fd36c071b8ed36,0,0,2,eac1abea2c6b6caf,3,1,0d20a6c9ca65f79d,b4b4fdd3721e3a96,b4b4fdd3721e3a96,0,0
700,700,0,00002cc,07,2,2,3,0000000000000000,0,0,2,67942561a13ee224,3,1,83ab2b9c44ee6063,b4b4fdd3721e3a96,b4b4fdd3721e3a96,0,0
701,701,0,00002d0,07,2,2,3,0000000000000000,0,0,2,c53c8cd303964b96,3,1,b6fd36c071b8ed36,b4b4fdd3721e3a96,b4b4fdd3721e3a96,0,0
702,702,0,00002d4,07,2,2,3,b6b0000000000000,0,0,2,486902588ec3c51d,3,1,0000000000000000,b4b4fdd3721e3a96,b4b4fdd3721e3a96,0,0
703,703,0,00002d8,07,2,2,3,b6fd36c071b8f06a,0,0,2,df9791c4193d5681,3,1,0000000000000000,b4b4fdd3721e3a96,b4b4fdd3721e3a96,0,0
704,704,0,00002dc,07,2,2,3,3876bb95ff33f06a,0,0,2,52c21f4f9468d80a,3,1,b6b0000000000000,b4b4fdd3721e3a96,b4b4fdd3721e3a96,0,0
705,705,0,0000000,00,3,3,3,abea2c6b6caf7d3f,0,0,3,9ac6c2a15c6c05e4,0,1,b6fd36c071b8f06a,b4b4fdd3721e3a96,b4b4fdd3721e3a96,0,0
706,706,0,0000000,00,3,3,3,2561a13ee224eac1,0,0,3,9ac6c2a15c6c05e4,0,1,3876bb95ff33f06a,b4b4fdd3721e3a96,b4b4fdd3721e3a96,0,0
707,707,0,0000000,00,3,3,3,8cd303964b966794,0,0,3,9ac6c2a15c6c05e4,0,1,abea2c6b6caf7d3f,b4b4fdd3721e3a96,b4b4fdd3721e3a96,0,0
708,708,0,0000000,00,3,3,3,02588ec3c51dc53c,0,0,3,9ac6c2a15c6c05e4,0,1,2561a13ee224eac1,b4b4fdd3721e3a96,b4b4fdd3721e3a96,0,0
709,709,0,00002e0,07,2,2,3,91c4193d56814869,0,0,2,9ac6c2a15c6c05e4,3,1,8cd303964b966794,b4b4fdd3721e3a96,b4b4fdd3721e3a96,0,0
710,710,0,00002e4,07,2,2,3,1f4f9468d80adf97,0,0,2,17934c2ad1398b6f,3,1,02588ec3c51dc53c,b4b4fdd3721e3a96,b4b4fdd3721e3a96,0,0
711,711,0,00002e8,07,2,2,3,c2a15c6c05e452c2,0,0,2,806ddfb646c718f3,3,1,91c4193d56814869,b4b4fdd3721e3a96,b4b4fdd3721e3a96,0,0
712,712,0,00002ec,07,2,2,3,0000000000000000,0,0,2,0d38513dcb929678,3,1,1f4f9468d80adf97,b4b4fdd3721e3a96,b4b4fdd3721e3a96,0,0
713,713,0,00002f0,07,2,2,3,0000000000000000,0,0,2,af90f88f693a3fca,3,1,c2a15c6c05e452c2,b4b4fdd3721e3a96,b4b4fdd3721e3a96,0,0
714,714,0,00002f4,07,2,2,3,c2a0000000000000,0,0,2,22c57604e46fb141,3,1,0000000000000000,b4b4fdd3721e3a96,b4b4fdd3721e3a96,0,0
715,715,0,00002f8,07,2,2,3,c2a15c6c05e49ac6,0,0,2,b53be598739122dd,3,1,0000000000000000,b4b4fdd3721e3a96,b4b4fdd3721e3a96,0,0
716,716,0,00002fc,07,2,2,3,4c2ad1398b6f9ac6,0,0,2,386e6b13fec4ac56,3,1,c2a0000000000000,b4b4fdd3721e3a96,b4b4fdd3721e3a96,0,0
717,717,0,0000000,00,3,3,3,dfb646c718f31793,0,0,3,dae02dd71c4aea92,0,1,c2a15c6c05e49ac6,b4b4fdd3721e3a96,b4b4fdd3721e3a96,0,0
718,718,0,0000000,00,3,3,3,513dcb929678806d,0,0,3,dae02dd71c4aea92,0,1,4c2ad1398b6f9ac6,b4b4fdd3721e3a96,b4b4fdd3721e3a96,0,0
719,719,0,0000000,00,3,3,3,f88f693a3fca0d38,0,0,3,dae02dd71c4aea92,0,1,dfb646c718f31793,b4b4fdd3721e3a96,b4b4fdd3721e3a96,0,0
720,720,0,0000000,00,3,3,3,7604e46fb141af90,0,0,3,dae02dd71c4aea92,0,1,513dcb929678806d,b4b4fdd3721e3a96,b4b4fdd3721e3a96,0,0
721,721,0,0000300,07,2,2,3,e598739122dd22c5,0,0,2,dae02dd71c4aea92,3,1,f88f693a3fca0d38,b4b4fdd3721e3a96,b4b4fdd3721e3a96,0,0
722,722,0,0000304,07,2,2,3,6b13fec4ac56b53b,0,0,2,57b5a35c911f6419,3,1,7604e46fb141af90,b4b4fdd3721e3a96,b4b4fdd3721e3a96,0,0
723,723,0,0000308,07,2,2,3,2dd71c4aea92386e,0,0,2,c04b30c006e1f785,3,1,e598739122dd22c5,b4b4fdd3721e3a96,b4b4fdd3721e3a96,0,0
724,724,0,000030c,07,2,2,3,0000000000000000,0,0,2,4d1ebe4b8bb4790e,3,1,6b13fec4ac56b53b,b4b4fdd3721e3a96,b4b4fdd3721e3a96,0,0
725,725,0,0000310,07,2,2,3,0000000000000000,0,0,2,efb617f9291cd0bc,3,1,2dd71c4aea92386e,b4b4fdd3721e3a96,b4b4fdd3721e3a96,0,0
726,726,0,0000314,07,2,2,3,2d90000000000000,0,0,2,62e39972a4495e37,3,1,0000000000000000,b4b4fdd3721e3a96,b4b4fdd3721e3a96,0,0
727,727,0,0000318,07,2,2,3,2dd71c4aea92dae0,0,0,2,f51d0aee33b7cdab,3,1,0000000000000000,b4b4fdd3721e3a96,b4b4fdd3721e3a96,0,0
728,728,0,000031c,07,2,2,3,a35c911f6419dae0,0,0,2,78488465bee24320,3,1,2d90000000000000,b4b4fdd3721e3a96,b4b4fdd3721e3a96,0,0
729,729,0,0000000,00,3,3,3,30c006e1f78557b5,0,0,3,b04c598b76e69ece,0,1,2dd71c4aea92dae0,b4b4fdd3721e3a96,b4b4fdd3721e3a96,0,0
730,730,0,0000000,00,3,3,3,be4b8bb4790ec04b,0,0,3,b04c598b76e69ece,0,1,a35c911f6419dae0,b4b4fdd3721e3a96,b4b4fdd3721e3a96,0,0
731,731,0,0000000,00,3,3,3,17f9291cd0bc4d1e,0,0,3,b04c598b76e69ece,0,1,30c006e1f78557b5,b4b4fdd3721e3a96,b4b4fdd3721e3a96,0,0
732,732,0,0000000,00,3,3,3,9972a4495e37efb6,0,0,3,b04c598b76e69ece,0,1,be4b8bb4790ec04b,b4b4fdd3721e3a96,b4b4fdd3721e3a96,0,0
733,733,0,0000320,07,2,2,3,0aee33b7cdab62e3,0,0,2,b04c598b76e69ece,3,1,17f9291cd0bc4d1e,b4b4fdd3721e3a96,b4b4fdd3721e3a96,0,0
734,734,0,0000324,07,2,2,3,8465bee24320f51d,0,0,2,3d19d700fbb31045,3,1,9972a4495e37efb6,b4b4fdd3721e3a96,b4b4fdd3721e3a96,0,0
735,735,0,0000328,07,2,2,3,598b76e69ece7848,0,0,2,aae7449c6c4d83d9,3,1,0aee33b7cdab62e3,b4b4fdd3721e3a96,b4b4fdd3721e3a96,0,0
736,736,0,000032c,07,2,2,3,0000000000000008,0,0,2,27b2ca17e1180d52,3,1,8465bee24320f51d,b4b4fdd3721e3a96,b4b4fdd3721e3a96,0,0
737,737,0,0000330,07,2,2,3,0000000000000000,0,0,2,851a63a543b0a4e0,3,1,598b76e69ece7848,b4b4fdd3721e3a96,b4b4fdd3721e3a96,0,0
738,738,0,0000334,07,2,2,3,5980000000000000,0,0,2,084fed2ecee52a6b,3,1,0000000000000008,b4b4fdd3721e3a96,b4b4fdd3721e3a96,0,0
739,739,0,0000338,07,2,2,3,598b76e69eceb04c,0,0,2,9fb17eb2591bb9f7,3,1,0000000000000000,b4b4fdd3721e3a96,b4b4fdd3721e3a96,0,0
740,740,0,000033c,07,2,2,3,d700fbb31045b04c,0,0,2,12e4f039d44e377c,3,1,5980000000000000,b4b4fdd3721e3a96,b4b4fdd3721e3a96,0,0
741,741,0,0000000,00,3,3,3,449c6c4d83d93d19,0,0,3,0fb8c56fc912022a,0,1,598b76e69eceb04c,b4b4fdd3721e3a96,b4b4fdd3721e3a96,0,0
742,742,0,0000000,00,3,3,3,ca17e1180d52aae7,0,0,3,0fb8c56fc912022a,0,1,d700fbb31045b04c,b4b4fdd3721e3a96,b4b4fdd3721e3a96,0,0
743,743,0,0000000,00,3,3,3,63a543b0a4e027b2,0,0,3,0fb8c56fc912022a,0,1,449c6c4d83d93d19,b4b4fdd3721e3a96,b4b4fdd3721e3a96,0,0
744,744,0,0000000,00,3,3,3,ed2ecee52a6b851a,0,0,3,0fb8c56fc912022a,0,1,ca17e1180d52aae7,b4b4fdd3721e3a96,b4b4fdd3721e3a96,0,0
745,745,0,0000340,07,2,2,3,7eb2591bb9f7084f,0,0,2,0fb8c56fc912022a,3,1,63a543b0a4e027b2,b4b4fdd3721e3a96,b4b4fdd3721e3a96,0,0
746,746,0,0000344,07,2,2,3,f039d44e377c9fb1,0,0,2,82ed4be444478ca1,3,1,ed2ecee52a6b851a,b4b4fdd3721e3a96,b4b4fdd3721e3a96,0,0
747,747,0,0000348,07,2,2,3,c56fc912022a12e4,0,0,2,1513d878d3b91f3d,3,1,7eb2591bb9f7084f,b4b4fdd3721e3a96,b4b4fdd3721e3a96,0,0
748,748,0,000034c,07,2,2,3,0000000000000000,0,0,2,984656f35eec91b6,3,1,f039d44e377c9fb1,b4b4fdd3721e3a96,b4b4fdd3721e3a96,0,0
749,749,0,0000350,07,2,2,3,0000000000000000,0,0,2,3aeeff41fc443804,3,1,c56fc912022a12e4,b4b4fdd3721e3a96,b4b4fdd3721e3a96,0,0
750,750,0,0000354,07,2,2,3,c520000000000000,0,0,2,b7bb71ca7111b68f,3,1,0000000000000000,b4b4fdd3721e3a96,b4b4fdd3721e3a96,0,0
751,751,0,0000358,07,2,2,3,c56fc912022a0fb8,0,0,2,2045e256e6ef2513,3,1,0000000000000000,b4b4fdd3721e3a96,b4b4fdd3721e3a96,0,0
752,752,0,000035c,07,2,2,3,4be444478ca10fb8,0,0,2,ad106cdd6bbaab98,3,1,c520000000000000,b4b4fdd3721e3a96,b4b4fdd3721e3a96,0,0
753,753,0,0000000,00,3,3,3,d878d3b91f3d82ed,0,0,3,6514b133a3be7676,0,1,c56fc912022a0fb8,b4b4fdd3721e3a96,b4b4fdd3721e3a96,0,0
754,754,0,0000000,00,3,3,3,56f35eec91b61513,0,0,3,6514b133a3be7676,0,1,4be444478ca10fb8,b4b4fdd3721e3a96,b4b4fdd3721e3a96,0,0
755,755,0,0000000,00,3,3,3,ff41fc4438049846,0,0,3,6514b133a3be7676,0,1,d878d3b91f3d82ed,b4b4fdd3721e3a96,b4b4fdd3721e3a96,0,0
756,756,0,0000000,00,3,3,3,71ca7111b68f3aee,0,0,3,6514b133a3be7676,0,1,56f35eec91b61513,b4b4fdd3721e3a96,b4b4fdd3721e3a96,0,0
757,757,0,0000360,07,2,2,3,e256e6ef2513b7bb,0,0,2,6514b133a3be7676,3,1,ff41fc4438049846,b4b4fdd3721e3a96,b4b4fdd3721e3a96,0,0
758,758,0,0000364,07,2,2,3,6cdd6bbaab982045,0,0,2,e8413fb82eebf8fd,3,1,71ca7111b68f3aee,b4b4fdd3721e3a96,b4b4fdd3721e3a96,0,0
759,759,0,0000368,07,2,2,3,b133a3be7676ad10,0,0,2,7fbfac24b9156b61,3,1,e256e6ef2513b7bb,b4b4fdd3721e3a96,b4b4fdd3721e3a96,0,0
760,760,0,000036c,07,2,2,3,0000000000000000,0,0,2,f2ea22af3440e5ea,3,1,6cdd6bbaab982045,b4b4fdd3721e3a96,b4b4fdd3721e3a96,0,0
761,761,0,0000370,07,2,2,3,0000000000000000,0,0,2,50428b1d96e84c58,3,1,b133a3be7676ad10,b4b4fdd3721e3a96,b4b4fdd3721e3a96,0,0
762,762,0,0000374,07,2,2,3,b130000000000000,0,0,2,dd1705961bbdc2d3,3,1,0000000000000000,b4b4fdd3721e3a96,b4b4fdd3721e3a96,0,0
763,763,0,0000378,07,2,2,3,b133a3be76766514,0,0,2,4ae9960a8c43514f,3,1,0000000000000000,b4b4fdd3721e3a96,b4b4fdd3721e3a96,0,0
764,764,0,000037c,07,2,2,3,3fb82eebf8fd6514,0,0,2,c7bc18810116dfc4,3,1,b130000000000000,b4b4fdd3721e3a96,b4b4fdd3721e3a96,0,0
765,765,0,0000000,00,3,3,3,ac24b9156b61e841,0,0,3,7051fca6b6fb3be3,0,1,b133a3be76766514,b4b4fdd3721e3a96,b4b4fdd3721e3a96,0,0
766,766,0,0000000,00,3,3,3,22af3440e5ea7fbf,0,0,3,7051fca6b6fb3be3,0,1,3fb82eebf8fd6514,b4b4fdd3721e3a96,b4b4fdd3721e3a96,0,0
767,767,0,0000000,00,3,3,3,8b1d96e84c58f2ea,0,0,3,7051fca6b6fb3be3,0,1,ac24b9156b61e841,b4b4fdd3721e3a96,b4b4fdd3721e3a96,0,0
768,768,0,0000000,00,3,3,3,05961bbdc2d35042,0,0,3,7051fca6b6fb3be3,0,1,22af3440e5ea7fbf,b4b4fdd3721e3a96,b4b4fdd3721e3a96,0,0
769,769,0,0000380,07,2,2,3,960a8c43514fdd17,0,0,2,7051fca6b6fb3be3,3,1,8b1d96e84c58f2ea,b4b4fdd3721e3a96,b4b4fdd3721e3a96,0,0
770,770,0,0000384,07,2,2,3,18810116dfc44ae9,0,0,2,fd04722d3baeb568,3,1,05961bbdc2d35042,b4b4fdd3721e3a96,b4b4fdd3721e3a96,0,0
771,771,0,0000388,07,2,2,3,fca6b6fb3be3c7bc,0,0,2,6afae1b1ac5026f4,3,1,960a8c43514fdd17,b4b4fdd3721e3a96,b4b4fdd3721e3a96,0,0
772,772,0,000038c,07,2,2,3,0000000000000000,0,0,2,e7af6f3a2105a87f,3,1,18810116dfc44ae9,b4b4fdd3721e3a96,b4b4fdd3721e3a96,0,0
773,773,0,0000390,07,2,2,3,0000000000000000,0,0,2,4507c68883ad01cd,3,1,fca6b6fb3be3c7bc,b4b4fdd3721e3a96,b4b4fdd3721e3a96,0,0
774,774,0,0000394,07,2,2,3,fca0000000000000,0,0,2,c85248030ef88f46,3,1,0000000000000000,b4b4fdd3721e3a96,b4b4fdd3721e3a96,0,0
775,775,0,0000398,07,2,2,3,fca6b6fb3be37051,0,0,2,5facdb9f99061cda,3,1,0000000000000000,b4b4fdd3721e3a96,b4b4fdd3721e3a96,0,0
776,776,0,000039c,07,2,2,3,722d3baeb5687051,0,0,2,d2f9551414539251,3,1,fca0000000000000,b4b4fdd3721e3a96,b4b4fdd3721e3a96,0,0
777,777,0,0000000,00,3,3,3,e1b1ac5026f4fd04,0,0,3,1afd88fadc574fbf,0,1,fca6b6fb3be37051,b4b4fdd3721e3a96,b4b4fdd3721e3a96,0,0
778,778,0,0000000,00,3,3,3,6f3a2105a87f6afa,0,0,3,1afd88fadc574fbf,0,1,722d3baeb5687051,b4b4fdd3721e3a96,b4b4fdd3721e3a96,0,0
779,779,0,0000000,00,3,3,3,c68883ad01cde7af,0,0,3,1afd88fadc574fbf,0,1,e1b1ac5026f4fd04,b4b4fdd3721e3a96,b4b4fdd3721e3a96,0,0
780,780,0,0000000,00,3,3,3,48030ef88f464507,0,0,3,1afd88fadc574fbf,0,1,6f3a2105a87f6afa,b4b4fdd3721e3a96,b4b4fdd3721e3a96,0,0
781,781,0,00003a0,07,2,2,3,db9f99061cdac852,0,0,2,1afd88fadc574fbf,3,1,c68883ad01cde7af,b4b4fdd3721e3a96,b4b4fdd3721e3a96,0,0
782,782,0,00003a4,07,2,2,3,5514145392515fac,0,0,2,97a806715102c134,3,1,48030ef88f464507,b4b4fdd3721e3a96,b4b4fdd3721e3a96,0,0
783,783,0,00003a8,07,2,2,3,88fadc574fbfd2f9,0,0,2,005695edc6fc52a8,3,1,db9f99061cdac852,b4b4fdd3721e3a96,b4b4fdd3721e3a96,0,0
784,784,0,00003ac,07,2,2,3,0000000000000000,0,0,2,8d031b664ba9dc23,3,1,5514145392515fac,b4b4fdd3721e3a96,b4b4fdd3721e3a96,0,0
785,785,0,00003b0,07,2,2,3,0000000000000000,0,0,2,2fabb2d4e9017591,3,1,88fadc574fbfd2f9,b4b4fdd3721e3a96,b4b4fdd3721e3a96,0,0
786,786,0,00003b4,07,2,2,3,88b0000000000000,0,0,2,a2fe3c5f6454fb1a,3,1,0000000000000000,b4b4fdd3721e3a96,b4b4fdd3721e3a96,0,0
787,787,0,00003b8,07,2,2,3,88fadc574fbf1afd,0,0,2,3500afc3f3aa6886,3,1,0000000000000000,b4b4fdd3721e3a96,b4b4fdd3721e3a96,0,0
788,788,0,00003bc,07,2,2,3,06715102c1341afd,0,0,2,b85521487effe60d,3,1,88b0000000000000,b4b4fdd3721e3a96,b4b4fdd3721e3a96,0,0
789,789,0,0000000,00,3,3,3,95edc6fc52a897a8,0,0,3,a509141e63a3d35b,0,1,88fadc574fbf1afd,b4b4fdd3721e3a96,b4b4fdd3721e3a96,0,0
790,790,0,0000000,00,3,3,3,1b664ba9dc230056,0,0,3,a509141e63a3d35b,0,1,06715102c1341afd,b4b4fdd3721e3a96,b4b4fdd3721e3a96,0,0
791,791,0,0000000,00,3,3,3,b2d4e90175918d03,0,0,3,a509141e63a3d35b,0,1,95edc6fc52a897a8,b4b4fdd3721e3a96,b4b4fdd3721e3a96,0,0
792,792,0,0000000,00,3,3,3,3c5f6454fb1a2fab,0,0,3,a509141e63a3d35b,0,1,1b664ba9dc230056,b4b4fdd3721e3a96,b4b4fdd3721e3a96,0,0
793,793,0,00003c0,07,2,2,3,afc3f3aa6886a2fe,0,0,2,a509141e63a3d35b,3,1,b2d4e90175918d03,b4b4fdd3721e3a96,b4b4fdd3721e3a96,0,0
794,794,0,00003c4,07,2,2,3,21487effe60d3500,0,0,2,285c9a95eef65dd0,3,1,3c5f6454fb1a2fab,b4b4fdd3721e3a96,b4b4fdd3721e3a96,0,0
795,795,0,00003c8,07,2,2,3,141e63a3d35bb855,0,0,2,bfa209097908ce4c,3,1,afc3f3aa6886a2fe,b4b4fdd3721e3a96,b4b4fdd3721e3a96,0,0
796,796,0,00003cc,07,2,2,3,000000000000000c,0,0,2,32f78782f45d40c7,3,1,21487effe60d3500,b4b4fdd3721e3a96,b4b4fdd3721e3a96,0,0
797,797,0,00003d0,07,2,2,3,0000000000000000,0,0,2,905f2e3056f5e975,3,1,141e63a3d35bb855,b4b4fdd3721e3a96,b4b4fdd3721e3a96,0,0
798,798,0,00003d4,07,2,2,3,1410000000000000,0,0,2,1d0aa0bbdba067fe,3,1,000000000000000c,b4b4fdd3721e3a96,b4b4fdd3721e3a96,0,0
799,799,0,00003d8,07,2,2,3,141e63a3d35ba509,0,0,2,8af433274c5ef462,3,1,0000000000000000,b4b4fdd3721e3a96,b4b4fdd3721e3a96,0,0
800,800,0,00003dc,07,2,2,3,9a95eef65dd0a509,0,0,2,07a1bdacc10b7ae9,3,1,1410000000000000,b4b4fdd3721e3a96,b4b4fdd3721e3a96,0,0
801,801,0,0000000,00,3,3,3,09097908ce4c285c,0,0,3,cfa56042090fa707,0,1,141e63a3d35ba509,b4b4fdd3721e3a96,b4b4fdd3721e3a96,0,0
802,802,0,0000000,00,3,3,3,8782f45d40c7bfa2,0,0,3,cfa56042090fa707,0,1,9a95eef65dd0a509,b4b4fdd3721e3a96,b4b4fdd3721e3a96,0,0
803,803,0,0000000,00,3,3,3,2e3056f5e97532f7,0,0,3,cfa56042090fa707,0,1,09097908ce4c285c,b4b4fdd3721e3a96,b4b4fdd3721e3a96,0,0
804,804,0,0000000,00,3,3,3,a0bbdba067fe905f,0,0,3,cfa56042090fa707,0,1,8782f45d40c7bfa2,b4b4fdd3721e3a96,b4b4fdd3721e3a96,0,0
805,805,0,00003e0,07,2,2,3,33274c5ef4621d0a,0,0,2,cfa56042090fa707,3,1,2e3056f5e97532f7,b4b4fdd3721e3a96,b4b4fdd3721e3a96,0,0
806,806,0,00003e4,07,2,2,3,bdacc10b7ae98af4,0,0,2,42f0eec9845a298c,3,1,a0bbdba067fe905f,b4b4fdd3721e3a96,b4b4fdd3721e3a96,0,0
807,807,0,00003e8,07,2,2,3,6042090fa70707a1,0,0,2,d50e7d5513a4ba10,3,1,33274c5ef4621d0a,b4b4fdd3721e3a96,b4b4fdd3721e3a96,0,0
808,808,0,00003ec,07,2,2,3,0000000000000000,0,0,2,585bf3de9ef1349b,3,1,bdacc10b7ae98af4,b4b4fdd3721e3a96,b4b4fdd3721e3a96,0,0
809,809,0,00003f0,07,2,2,3,0000000000000000,0,0,2,faf35a6c3c599d29,3,1,6042090fa70707a1,b4b4fdd3721e3a96,b4b4fdd3721e3a96,0,0
810,810,0,00003f4,07,2,2,3,6000000000000000,0,0,2,77a6d4e7b10c13a2,3,1,0000000000000000,b4b4fdd3721e3a96,b4b4fdd3721e3a96,0,0
811,811,0,00003f8,07,2,2,3,6042090fa707cfa5,0,0,2,e058477b26f2803e,3,1,0000000000000000,b4b4fdd3721e3a96,b4b4fdd3721e3a96,0,0
812,812,0,00003fc,07,2,2,3,eec9845a298ccfa5,0,0,2,6d0dc9f0aba70eb5,3,1,6000000000000000,b4b4fdd3721e3a96,b4b4fdd3721e3a96,0,0
813,813,0,0000000,00,3,3,3,7d5513a4ba1042f0,0,0,3,7051fca6b6fb3be3,0,1,6042090fa707cfa5,b4b4fdd3721e3a96,b4b4fdd3721e3a96,0,0
814,814,0,0000000,00,3,3,3,f3de9ef1349bd50e,0,0,3,7051fca6b6fb3be3,0,1,eec9845a298ccfa5,b4b4fdd3721e3a96,b4b4fdd3721e3a96,0,0
815,815,0,0000000,00,3,3,3,5a6c3c599d29585b,0,0,3,7051fca6b6fb3be3,0,1,7d5513a4ba1042f0,b4b4fdd3721e3a96,b4b4fdd3721e3a96,0,0
816,816,0,0000000,00,3,3,3,d4e7b10c13a2faf3,0,0,3,7051fca6b6fb3be3,0,1,f3de9ef1349bd50e,b4b4fdd3721e3a96,b4b4fdd3721e3a96,0,0
817,817,0,0000000,00,3,2,2,477b26f2803e77a6,0,0,2,7051fca6b6fb3be3,0,1,5a6c3c599d29585b,b4b4fdd3721e3a96,b4b4fdd3721e3a96,0,0
818,818,0,0000000,00,3,3,3,c9f0aba70eb5e058,0,0,3,7051fca6b6fb3be3,0,1,d4e7b10c13a2faf3,b4b4fdd3721e3a96,b4b4fdd3721e3a96,0,0
819,819,0,0000000,00,3,3,3,fca6b6fb3be36d0d,0,0,3,7051fca6b6fb3be3,0,1,477b26f2803e77a6,b4b4fdd3721e3a96,b4b4fdd3721e3a96,0,0
820,820,0,0000000,00,3,3,3,0000000000000000,0,0,3,7051fca6b6fb3be3,0,1,c9f0aba70eb5e058,b4b4fdd3721e3a96,b4b4fdd3721e3a96,0,0
821,821,0,0000000,00,3,3,3,0000000000000000,0,0,3,7051fca6b6fb3be3,0,1,fca6b6fb3be36d0d,b4b4fdd3721e3a96,b4b4fdd3721e3a96,0,0
822,822,0,0000000,00,3,3,3,0000000000000000,0,0,3,2199243ae733e37f,0,1,0000000000000000,b4b4fdd3721e3a96,b4b4fdd3721e3a96,0,0
823,823,0,0000000,00,3,3,3,0000000000000000,0,0,3,2199243ae733e37f,0,1,0000000000000000,b4b4fdd3721e3a96,b4b4fdd3721e3a96,0,0
824,824,0,0000003,00,3,2,2,0000000000000000,0,0,3,2199243ae733e37f,0,1,0000000000000000,b4b4fdd3721e3a96,b4b4fdd3721e3a96,0,0
825,825,0,0000000,00,3,3,3,0000000000000000,0,0,3,2199243ae733e37f,0,1,0000000000000000,b4b4fdd3721e3a96,b4b4fdd3721e3a96,0,0
826,826,0,0000000,00,3,3,3,0000000000000000,0,0,3,2199243ae733e37f,0,1,0000000000000000,b4b4fdd3721e3a96,b4b4fdd3721e3a96,0,0
827,827,0,0000000,00,3,3,3,0000000000000000,0,0,3,2199243ae733e37f,0,1,0000000000000000,b4b4fdd3721e3a96,b4b4fdd3721e3a96,0,0
828,828,0,0000000,00,3,3,3,0000000000000000,0,0,3,2199243ae733e37f,0,1,0000000000000000,b4b4fdd3721e3a96,b4b4fdd3721e3a96,0,0
829,829,0,0000000,00,3,3,3,0000000000000000,0,0,3,2199243ae733e37f,0,1,0000000000000000,b4b4fdd3721e3a96,b4b4fdd3721e3a96,0,0
830,830,0,0000000,00,3,3,3,0000000000000000,0,0,3,2199243ae733e37f,0,1,0000000000000000,b4b4fdd3721e3a96,b4b4fdd3721e3a96,0,0
831,831,0,0000000,00,2,2,3,0000000000000000,0,0,2,2199243ae733e37f,3,1,0000000000000000,b4b4fdd3721e3a96,b4b4fdd3721e3a96,0,0
832,832,0,0000004,00,2,2,3,0000000000000000,0,0,2,acccaab16a666df4,3,1,0000000000000000,b4b4fdd3721e3a96,b4b4fdd3721e3a96,0,0
833,833,0,0000008,00,2,2,3,0000000000000000,0,0,2,3b32392dfd98fe68,3,1,0000000000000000,b4b4fdd3721e3a96,b4b4fdd3721e3a96,0,0
834,834,0,000000c,00,2,2,3,0000000000000000,0,0,2,b667b7a670cd70e3,3,1,0000000000000000,b4b4fdd3721e3a96,b4b4fdd3721e3a96,0,0
835,835,0,0000010,00,2,2,3,0000000000000000,0,0,2,14cf1e14d265d951,3,1,0000000000000000,b4b4fdd3721e3a96,b4b4fdd3721e3a96,0,0
836,836,0,0000014,00,2,2,3,2430000000000000,0,0,2,999a909f5f3057da,3,1,0000000000000000,b4b4fdd3721e3a96,b4b4fdd3721e3a96,0,0
837,837,0,0000018,00,2,2,3,243ae733e37f2199,0,0,2,0e640303c8cec446,3,1,0000000000000000,b4b4fdd3721e3a96,b4b4fdd3721e3a96,0,0
838,838,0,000001c,00,2,2,3,aab16a666df42199,0,0,2,83318d88459b4acd,3,1,2430000000000000,b4b4fdd3721e3a96,b4b4fdd3721e3a96,0,0
839,839,0,0000020,00,2,2,3,392dfd98fe68accc,0,0,2,4b3550668d9f9723,3,1,243ae733e37f2199,b4b4fdd3721e3a96,b4b4fdd3721e3a96,0,0
840,840,0,0000024,00,2,2,3,b7a670cd70e33b32,0,0,2,c660deed00ca19a8,3,1,aab16a666df42199,b4b4fdd3721e3a96,b4b4fdd3721e3a96,0,0
841,841,0,0000028,00,2,2,3,1e14d265d951b667,0,0,2,519e4d7197348a34,3,1,392dfd98fe68accc,b4b4fdd3721e3a96,b4b4fdd3721e3a96,0,0
842,842,0,000002c,00,2,2,3,909f5f3057da14cf,0,0,2,dccbc3fa1a6104bf,3,1,b7a670cd70e33b32,b4b4fdd3721e3a96,b4b4fdd3721e3a96,0,0
843,843,0,0000030,00,2,2,3,0303c8cec446999a,0,0,2,7e636a48b8c9ad0d,3,1,1e14d265d951b667,b4b4fdd3721e3a96,b4b4fdd3721e3a96,0,0
844,844,0,0000034,00,2,2,3,8d88459b4acd0e64,0,0,2,f336e4c3359c2386,3,1,909f5f3057da14cf,b4b4fdd3721e3a96,b4b4fdd3721e3a96,0,0
845,845,0,0000038,00,2,2,3,50668d9f97238331,0,0,2,64c8775fa262b01a,3,1,0303c8cec446999a,b4b4fdd3721e3a96,b4b4fdd3721e3a96,0,0
846,846,0,000003c,00,2,2,3,deed00ca19a84b35,0,0,2,e99df9d42f373e91,3,1,8d88459b4acd0e64,b4b4fdd3721e3a96,b4b4fdd3721e3a96,0,0
847,847,0,0000040,00,2,2,3,4d7197348a34c660,0,0,2,f4c1cc82326b0bc7,3,1,50668d9f97238331,b4b4fdd3721e3a96,b4b4fdd3721e3a96,0,0
848,848,0,0000044,00,2,2,3,c3fa1a6104bf519e,0,0,2,79944209bf3e854c,3,1,deed00ca19a84b35,b4b4fdd3721e3a96,b4b4fdd3721e3a96,0,0
849,849,0,0000048,00,2,2,3,6a48b8c9ad0ddccb,0,0,2,ee6ad19528c016d0,3,1,4d7197348a34c660,b4b4fdd3721e3a96,b4b4fdd3721e3a96,0,0
850,850,0,000004c,00,2,2,3,e4c3359c23867e63,0,0,2,633f5f1ea595985b,3,1,c3fa1a6104bf519e,b4b4fdd3721e3a96,b4b4fdd3721e3a96,0,0
851,851,0,0000050,00,2,2,3,775fa262b01af336,0,0,2,c197f6ac073d31e9,3,1,6a48b8c9ad0ddccb,b4b4fdd3721e3a96,b4b4fdd3721e3a96,0,0
852,852,0,0000054,00,2,2,3,f9d42f373e9164c8,0,0,2,4cc278278a68bf62,3,1,e4c3359c23867e63,b4b4fdd3721e3a96,b4b4fdd3721e3a96,0,0
853,853,0,0000058,00,2,2,3,cc82326b0bc7e99d,0,0,2,db3cebbb1d962cfe,3,1,775fa262b01af336,b4b4fdd3721e3a96,b4b4fdd3721e3a96,0,0
854,854,0,000005c,00,2,2,3,4209bf3e854cf4c1,0,0,2,5669653090c3a275,3,1,f9d42f373e9164c8,b4b4fdd3721e3a96,b4b4fdd3721e3a96,0,0
855,855,0,0000060,00,2,2,3,d19528c016d07994,0,0,2,9e6db8de58c77f9b,3,1,cc82326b0bc7e99d,b4b4fdd3721e3a96,b4b4fdd3721e3a96,0,0
856,856,0,0000064,00,2,2,3,5f1ea595985bee6a,0,0,2,13383655d592f110,3,1,4209bf3e854cf4c1,b4b4fdd3721e3a96,b4b4fdd3721e3a96,0,0
857,857,0,0000068,00,2,2,3,f6ac073d31e9633f,0,0,2,84c6a5c9426c628c,3,1,d19528c016d07994,b4b4fdd3721e3a96,b4b4fdd3721e3a96,0,0
858,858,0,000006c,00,2,2,3,78278a68bf62c197,0,0,2,09932b42cf39ec07,3,1,5f1ea595985bee6a,b4b4fdd3721e3a96,b4b4fdd3721e3a96,0,0
859,859,0,0000070,00,2,2,3,ebbb1d962cfe4cc2,0,0,2,ab3b82f06d9145b5,3,1,f6ac073d31e9633f,b4b4fdd3721e3a96,b4b4fdd3721e3a96,0,0
860,860,0,0000074,00,2,2,3,653090c3a275db3c,0,0,2,266e0c7be0c4cb3e,3,1,78278a68bf62c197,b4b4fdd3721e3a96,b4b4fdd3721e3a96,0,0
861,861,0,0000078,00,2,2,3,b8de58c77f9b5669,0,0,2,b1909fe7773a58a2,3,1,ebbb1d962cfe4cc2,b4b4fdd3721e3a96,b4b4fdd3721e3a96,0,0
862,862,0,000007c,00,2,2,3,3655d592f1109e6d,0,0,2,3cc5116cfa6fd629,3,1,653090c3a275db3c,b4b4fdd3721e3a96,b4b4fdd3721e3a96,0,0
863,863,0,0000000,00,3,3,3,a5c9426c628c1338,0,0,3,8b28f54b4d82320e,0,1,b8de58c77f9b5669,b4b4fdd3721e3a96,b4b4fdd3721e3a96,0,0
864,864,0,0000000,00,3,3,3,2b42cf39ec0784c6,0,0,3,8b28f54b4d82320e,0,1,3655d592f1109e6d,b4b4fdd3721e3a96,b4b4fdd3721e3a96,0,0
865,865,0,0000080,00,2,2,3,82f06d9145b50993,0,0,2,8b28f54b4d82320e,3,1,a5c9426c628c1338,b4b4fdd3721e3a96,b4b4fdd3721e3a96,0,0
866,866,0,0000084,00,2,2,3,0c7be0c4cb3eab3b,0,0,2,067d7bc0c0d7bc85,3,1,2b42cf39ec0784c6,b4b4fdd3721e3a96,b4b4fdd3721e3a96,0,0
867,867,0,0000088,00,2,2,3,9fe7773a58a2266e,0,0,2,9183e85c57292f19,3,1,82f06d9145b50993,b4b4fdd3721e3a96,b4b4fdd3721e3a96,0,0
868,868,0,000008c,00,2,2,3,116cfa6fd629b190,0,0,2,1cd666d7da7ca192,3,1,0c7be0c4cb3eab3b,b4b4fdd3721e3a96,b4b4fdd3721e3a96,0,0
869,869,0,0000090,00,2,2,3,f54b4d82320e3cc5,0,0,2,be7ecf6578d40820,3,1,9fe7773a58a2266e,b4b4fdd3721e3a96,b4b4fdd3721e3a96,0,0
870,870,0,0000094,00,2,2,3,f500000000000000,0,0,2,332b41eef58186ab,3,1,116cfa6fd629b190,b4b4fdd3721e3a96,b4b4fdd3721e3a96,0,0
871,871,0,0000098,00,2,2,3,f54b4d82320e8b28,0,0,2,a4d5d272627f1537,3,1,f54b4d82320e3cc5,b4b4fdd3721e3a96,b4b4fdd3721e3a96,0,0
872,872,0,000009c,00,2,2,3,7bc0c0d7bc858b28,0,0,2,29805cf9ef2a9bbc,3,1,f500000000000000,b4b4fdd3721e3a96,b4b4fdd3721e3a96,0,0
873,873,0,0000000,00,3,3,3,e85c57292f19067d,0,0,3,e1848117272e4652,0,1,f54b4d82320e8b28,b4b4fdd3721e3a96,b4b4fdd3721e3a96,0,0
874,874,0,0000000,00,3,3,3,66d7da7ca1929183,0,0,3,e1848117272e4652,0,1,7bc0c0d7bc858b28,b4b4fdd3721e3a96,b4b4fdd3721e3a96,0,0
875,875,0,0000000,00,3,3,3,cf6578d408201cd6,0,0,3,e1848117272e4652,0,1,e85c57292f19067d,b4b4fdd3721e3a96,b4b4fdd3721e3a96,0,0
876,876,0,0000000,00,3,3,3,41eef58186abbe7e,0,0,3,e1848117272e4652,0,1,66d7da7ca1929183,b4b4fdd3721e3a96,b4b4fdd3721e3a96,0,0
877,877,0,00000a0,00,2,2,3,d272627f1537332b,0,0,2,e1848117272e4652,3,1,cf6578d408201cd6,b4b4fdd3721e3a96,b4b4fdd3721e3a96,0,0
878,878,0,00000a4,00,2,2,3,5cf9ef2a9bbca4d5,0,0,2,6cd10f9caa7bc8d9,3,1,41eef58186abbe7e,b4b4fdd3721e3a96,b4b4fdd3721e3a96,0,0
879,879,0,00000a8,00,2,2,3,8117272e46522980,0,0,2,fb2f9c003d855b45,3,1,d272627f1537332b,b4b4fdd3721e3a96,b4b4fdd3721e3a96,0,0
880,880,0,00000ac,00,2,2,3,0000000000000000,0,0,2,767a128bb0d0d5ce,3,1,5cf9ef2a9bbca4d5,b4b4fdd3721e3a96,b4b4fdd3721e3a96,0,0
881,881,0,00000b0,00,2,2,3,0000000000000000,0,0,2,d4d2bb3912787c7c,3,1,8117272e46522980,b4b4fdd3721e3a96,b4b4fdd3721e3a96,0,0
882,882,0,00000b4,00,2,2,3,8110000000000000,0,0,2,598735b29f2df2f7,3,1,0000000000000000,b4b4fdd3721e3a96,b4b4fdd3721e3a96,0,0
883,883,0,00000b8,00,2,2,3,8117272e4652e184,0,0,2,ce79a62e08d3616b,3,1,0000000000000000,b4b4fdd3721e3a96,b4b4fdd3721e3a96,0,0
884,884,0,00000bc,00,2,2,3,0f9caa7bc8d9e184,0,0,2,432c28a58586efe0,3,1,8110000000000000,b4b4fdd3721e3a96,b4b4fdd3721e3a96,0,0
885,885,0,0000000,00,3,3,3,9c003d855b456cd1,0,0,3,5e701df398dadab6,0,1,8117272e4652e184,b4b4fdd3721e3a96,b4b4fdd3721e3a96,0,0
886,886,0,0000000,00,3,3,3,128bb0d0d5cefb2f,0,0,3,5e701df398dadab6,0,1,0f9caa7bc8d9e184,b4b4fdd3721e3a96,b4b4fdd3721e3a96,0,0
887,887,0,0000000,00,3,3,3,bb3912787c7c767a,0,0,3,5e701df398dadab6,0,1,9c003d855b456cd1,b4b4fdd3721e3a96,b4b4fdd3721e3a96,0,0
888,888,0,0000000,00,3,3,3,35b29f2df2f7d4d2,0,0,3,5e701df398dadab6,0,1,128bb0d0d5cefb2f,b4b4fdd3721e3a96,b4b4fdd3721e3a96,0,0
889,889,0,00000c0,00,2,2,3,a62e08d3616b5987,0,0,2,5e701df398dadab6,3,1,bb3912787c7c767a,b4b4fdd3721e3a96,b4b4fdd3721e3a96,0,0
890,890,0,00000c4,00,2,2,3,28a58586efe0ce79,0,0,2,d3259378158f543d,3,1,35b29f2df2f7d4d2,b4b4fdd3721e3a96,b4b4fdd3721e3a96,0,0
891,891,0,00000c8,00,2,2,3,1df398dadab6432c,0,0,2,44db00e48271c7a1,3,1,a62e08d3616b5987,b4b4fdd3721e3a96,b4b4fdd3721e3a96,0,0
892,892,0,00000cc,00,2,2,3,0000000000000000,0,0,2,c98e8e6f0f24492a,3,1,28a58586efe0ce79,b4b4fdd3721e3a96,b4b4fdd3721e3a96,0,0
893,893,0,00000d0,00,2,2,3,0000000000000000,0,0,2,6b2627ddad8ce098,3,1,1df398dadab6432c,b4b4fdd3721e3a96,b4b4fdd3721e3a96,0,0
894,894,0,00000d4,00,2,2,3,1db0000000000000,0,0,2,e673a95620d96e13,3,1,0000000000000000,b4b4fdd3721e3a96,b4b4fdd3721e3a96,0,0
895,895,0,00000d8,00,2,2,3,1df398dadab65e70,0,0,2,718d3acab727fd8f,3,1,0000000000000000,b4b4fdd3721e3a96,b4b4fdd3721e3a96,0,0
896,896,0,00000dc,00,2,2,3,9378158f543d5e70,0,0,2,fcd8b4413a727304,3,1,1db0000000000000,b4b4fdd3721e3a96,b4b4fdd3721e3a96,0,0
897,897,0,0000000,00,3,3,3,00e48271c7a1d325,0,0,3,34dc69aff276aeea,0,1,1df398dadab65e70,b4b4fdd3721e3a96,b4b4fdd3721e3a96,0,0
898,898,0,0000000,00,3,3,3,8e6f0f24492a44db,0,0,3,34dc69aff276aeea,0,1,9378158f543d5e70,b4b4fdd3721e3a96,b4b4fdd3721e3a96,0,0
899,899,0,0000000,00,3,3,3,27ddad8ce098c98e,0,0,3,34dc69aff276aeea,0,1,00e48271c7a1d325,b4b4fdd3721e3a96,b4b4fdd3721e3a96,0,0
900,900,0,0000000,00,3,3,3,a95620d96e136b26,0,0,3,34dc69aff276aeea,0,1,8e6f0f24492a44db,b4b4fdd3721e3a96,b4b4fdd3721e3a96,0,0
901,901,0,00000e0,00,2,2,3,3acab727fd8fe673,0,0,2,34dc69aff276aeea,3,1,27ddad8ce098c98e,b4b4fdd3721e3a96,b4b4fdd3721e3a96,0,0
902,902,0,00000e4,00,2,2,3,b4413a727304718d,0,0,2,b989e7247f232061,3,1,a95620d96e136b26,b4b4fdd3721e3a96,b4b4fdd3721e3a96,0,0
903,903,0,00000e8,00,2,2,3,69aff276aeeafcd8,0,0,2,2e7774b8e8ddb3fd,3,1,3acab727fd8fe673,b4b4fdd3721e3a96,b4b4fdd3721e3a96,0,0
904,904,0,00000ec,00,2,2,3,0000000000000008,0,0,2,a322fa3365883d76,3,1,b4413a727304718d,b4b4fdd3721e3a96,b4b4fdd3721e3a96,0,0
905,905,0,00000f0,00,2,2,3,0000000000000000,0,0,2,018a5381c72094c4,3,1,69aff276aeeafcd8,b4b4fdd3721e3a96,b4b4fdd3721e3a96,0,0
906,906,0,00000f4,00,2,2,3,69a0000000000000,0,0,2,8cdfdd0a4a751a4f,3,1,0000000000000008,b4b4fdd3721e3a96,b4b4fdd3721e3a96,0,0
907,907,0,00000f8,00,2,2,3,69aff276aeea34dc,0,0,2,1b214e96dd8b89d3,3,1,0000000000000000,b4b4fdd3721e3a96,b4b4fdd3721e3a96,0,0
908,908,0,00000fc,00,2,2,3,e7247f23206134dc,0,0,2,9674c01d50de0758,3,1,69a0000000000000,b4b4fdd3721e3a96,b4b4fdd3721e3a96,0,0
909,909,0,0000000,00,3,3,3,74b8e8ddb3fdb989,0,0,3,74fa86d9b250419c,0,1,69aff276aeea34dc,b4b4fdd3721e3a96,b4b4fdd3721e3a96,0,0
910,910,0,0000000,00,3,3,3,fa3365883d762e77,0,0,3,74fa86d9b250419c,0,1,e7247f23206134dc,b4b4fdd3721e3a96,b4b4fdd3721e3a96,0,0
911,911,0,0000000,00,3,3,3,5381c72094c4a322,0,0,3,74fa86d9b250419c,0,1,74b8e8ddb3fdb989,b4b4fdd3721e3a96,b4b4fdd3721e3a96,0,0
912,912,0,0000000,00,3,3,3,dd0a4a751a4f018a,0,0,3,74fa86d9b250419c,0,1,fa3365883d762e77,b4b4fdd3721e3a96,b4b4fdd3721e3a96,0,0
913,913,0,0000100,00,2,2,3,4e96dd8b89d38cdf,0,0,2,74fa86d9b250419c,3,1,5381c72094c4a322,b4b4fdd3721e3a96,b4b4fdd3721e3a96,0,0
914,914,0,0000104,00,2,2,3,c01d50de07581b21,0,0,2,f9af08523f05cf17,3,1,dd0a4a751a4f018a,b4b4fdd3721e3a96,b4b4fdd3721e3a96,0,0
915,915,0,0000108,00,2,2,3,86d9b250419c9674,0,0,2,6e519bcea8fb5c8b,3,1,4e96dd8b89d38cdf,b4b4fdd3721e3a96,b4b4fdd3721e3a96,0,0
916,916,0,000010c,00,2,2,3,0000000000000000,0,0,2,e304154525aed200,3,1,c01d50de07581b21,b4b4fdd3721e3a96,b4b4fdd3721e3a96,0,0
917,917,0,0000110,00,2,2,3,0000000000000000,0,0,2,41acbcf787067bb2,3,1,86d9b250419c9674,b4b4fdd3721e3a96,b4b4fdd3721e3a96,0,0
918,918,0,0000114,00,2,2,3,8690000000000000,0,0,2,ccf9327c0a53f539,3,1,0000000000000000,b4b4fdd3721e3a96,b4b4fdd3721e3a96,0,0
919,919,0,0000118,00,2,2,3,86d9b250419c74fa,0,0,2,5b07a1e09dad66a5,3,1,0000000000000000,b4b4fdd3721e3a96,b4b4fdd3721e3a96,0,0
920,920,0,000011c,00,2,2,3,08523f05cf1774fa,0,0,2,d6522f6b10f8e82e,3,1,8690000000000000,b4b4fdd3721e3a96,b4b4fdd3721e3a96,0,0
921,921,0,0000000,00,3,3,3,9bcea8fb5c8bf9af,0,0,3,1e56f285d8fc35c0,0,1,86d9b250419c74fa,b4b4fdd3721e3a96,b4b4fdd3721e3a96,0,0
922,922,0,0000000,00,3,3,3,154525aed2006e51,0,0,3,1e56f285d8fc35c0,0,1,08523f05cf1774fa,b4b4fdd3721e3a96,b4b4fdd3721e3a96,0,0
923,923,0,0000000,00,3,3,3,bcf787067bb2e304,0,0,3,1e56f285d8fc35c0,0,1,9bcea8fb5c8bf9af,b4b4fdd3721e3a96,b4b4fdd3721e3a96,0,0
924,924,0,0000000,00,3,3,3,327c0a53f53941ac,0,0,3,1e56f285d8fc35c0,0,1,154525aed2006e51,b4b4fdd3721e3a96,b4b4fdd3721e3a96,0,0
925,925,0,0000120,00,2,2,3,a1e09dad66a5ccf9,0,0,2,1e56f285d8fc35c0,3,1,bcf787067bb2e304,b4b4fdd3721e3a96,b4b4fdd3721e3a96,0,0
926,926,0,0000124,00,2,2,3,2f6b10f8e82e5b07,0,0,2,93037c0e55a9bb4b,3,1,327c0a53f53941ac,b4b4fdd3721e3a96,b4b4fdd3721e3a96,0,0
927,927,0,0000128,00,2,2,3,f285d8fc35c0d652,0,0,2,04fdef92c25728d7,3,1,a1e09dad66a5ccf9,b4b4fdd3721e3a96,b4b4fdd3721e3a96,0,0
928,928,0,000012c,00,2,2,3,0000000000000000,0,0,2,89a861194f02a65c,3,1,2f6b10f8e82e5b07,b4b4fdd3721e3a96,b4b4fdd3721e3a96,0,0
929,929,0,0000130,00,2,2,3,0000000000000000,0,0,2,2b00c8abedaa0fee,3,1,f285d8fc35c0d652,b4b4fdd3721e3a96,b4b4fdd3721e3a96,0,0
930,930,0,0000134,00,2,2,3,f280000000000000,0,0,2,a655462060ff8165,3,1,0000000000000000,b4b4fdd3721e3a96,b4b4fdd3721e3a96,0,0
931,931,0,0000138,00,2,2,3,f285d8fc35c01e56,0,0,2,31abd5bcf70112f9,3,1,0000000000000000,b4b4fdd3721e3a96,b4b4fdd3721e3a96,0,0
932,932,0,000013c,00,2,2,3,7c0e55a9bb4b1e56,0,0,2,bcfe5b377a549c72,3,1,f280000000000000,b4b4fdd3721e3a96,b4b4fdd3721e3a96,0,0
933,933,0,0000000,00,3,3,3,ef92c25728d79303,0,0,3,a1a26e616708a924,0,1,f285d8fc35c01e56,b4b4fdd3721e3a96,b4b4fdd3721e3a96,0,0
934,934,0,0000000,00,3,3,3,61194f02a65c04fd,0,0,3,a1a26e616708a924,0,1,7c0e55a9bb4b1e56,b4b4fdd3721e3a96,b4b4fdd3721e3a96,0,0
935,935,0,0000000,00,3,3,3,c8abedaa0fee89a8,0,0,3,a1a26e616708a924,0,1,ef92c25728d79303,b4b4fdd3721e3a96,b4b4fdd3721e3a96,0,0
936,936,0,0000000,00,3,3,3,462060ff81652b00,0,0,3,a1a26e616708a924,0,1,61194f02a65c04fd,b4b4fdd3721e3a96,b4b4fdd3721e3a96,0,0
937,937,0,0000140,00,2,2,3,d5bcf70112f9a655,0,0,2,a1a26e616708a924,3,1,c8abedaa0fee89a8,b4b4fdd3721e3a96,b4b4fdd3721e3a96,0,0
938,938,0,0000144,00,2,2,3,5b377a549c7231ab,0,0,2,2cf7e0eaea5d27af,3,1,462060ff81652b00,b4b4fdd3721e3a96,b4b4fdd3721e3a96,0,0
939,939,0,0000148,00,2,2,3,6e616708a924bcfe,0,0,2,bb0973767da3b433,3,1,d5bcf70112f9a655,b4b4fdd3721e3a96,b4b4fdd3721e3a96,0,0
940,940,0,000014c,00,2,2,3,0000000000000000,0,0,2,365cfdfdf0f63ab8,3,1,5b377a549c7231ab,b4b4fdd3721e3a96,b4b4fdd3721e3a96,0,0
941,941,0,0000150,00,2,2,3,0000000000000000,0,0,2,94f4544f525e930a,3,1,6e616708a924bcfe,b4b4fdd3721e3a96,b4b4fdd3721e3a96,0,0
942,942,0,0000154,00,2,2,3,6e20000000000000,0,0,2,19a1dac4df0b1d81,3,1,0000000000000000,b4b4fdd3721e3a96,b4b4fdd3721e3a96,0,0
943,943,0,0000158,00,2,2,3,6e616708a924a1a2,0,0,2,8e5f495848f58e1d,3,1,0000000000000000,b4b4fdd3721e3a96,b4b4fdd3721e3a96,0,0
944,944,0,000015c,00,2,2,3,e0eaea5d27afa1a2,0,0,2,030ac7d3c5a00096,3,1,6e20000000000000,b4b4fdd3721e3a96,b4b4fdd3721e3a96,0,0
945,945,0,0000000,00,3,3,3,73767da3b4332cf7,0,0,3,cb0e1a3d0da4dd78,0,1,6e616708a924a1a2,b4b4fdd3721e3a96,b4b4fdd3721e3a96,0,0
946,946,0,0000000,00,3,3,3,fdfdf0f63ab8bb09,0,0,3,cb0e1a3d0da4dd78,0,1,e0eaea5d27afa1a2,b4b4fdd3721e3a96,b4b4fdd3721e3a96,0,0
947,947,0,0000000,00,3,3,3,544f525e930a365c,0,0,3,cb0e1a3d0da4dd78,0,1,73767da3b4332cf7,b4b4fdd3721e3a96,b4b4fdd3721e3a96,0,0
948,948,0,0000000,00,3,3,3,dac4df0b1d8194f4,0,0,3,cb0e1a3d0da4dd78,0,1,fdfdf0f63ab8bb09,b4b4fdd3721e3a96,b4b4fdd3721e3a96,0,0
949,949,0,0000160,00,2,2,3,495848f58e1d19a1,0,0,2,cb0e1a3d0da4dd78,3,1,544f525e930a365c,b4b4fdd3721e3a96,b4b4fdd3721e3a96,0,0
950,950,0,0000164,00,2,2,3,c7d3c5a000968e5f,0,0,2,465b94b680f153f3,3,1,dac4df0b1d8194f4,b4b4fdd3721e3a96,b4b4fdd3721e3a96,0,0
951,951,0,0000168,00,2,2,3,1a3d0da4dd78030a,0,0,2,d1a5072a170fc06f,3,1,495848f58e1d19a1,b4b4fdd3721e3a96,b4b4fdd3721e3a96,0,0
952,952,0,000016c,00,2,2,3,0000000000000008,0,0,2,5cf089a19a5a4ee4,3,1,c7d3c5a000968e5f,b4b4fdd3721e3a96,b4b4fdd3721e3a96,0,0
953,953,0,0000170,00,2,2,3,0000000000000000,0,0,2,fe58201338f2e756,3,1,1a3d0da4dd78030a,b4b4fdd3721e3a96,b4b4fdd3721e3a96,0,0
954,954,0,0000174,00,2,2,3,1a30000000000000,0,0,2,730dae98b5a769dd,3,1,0000000000000008,b4b4fdd3721e3a96,b4b4fdd3721e3a96,0,0
955,955,0,0000178,00,2,2,3,1a3d0da4dd78cb0e,0,0,2,e4f33d042259fa41,3,1,0000000000000000,b4b4fdd3721e3a96,b4b4fdd3721e3a96,0,0
956,956,0,000017c,00,2,2,3,94b680f153f3cb0e,0,0,2,69a6b38faf0c74ca,3,1,1a30000000000000,b4b4fdd3721e3a96,b4b4fdd3721e3a96,0,0
957,957,0,0000000,00,3,3,3,072a170fc06f465b,0,0,3,de4b57a818e190ed,0,1,1a3d0da4dd78cb0e,b4b4fdd3721e3a96,b4b4fdd3721e3a96,0,0
958,958,0,0000000,00,3,3,3,89a19a5a4ee4d1a5,0,0,3,de4b57a818e190ed,0,1,94b680f153f3cb0e,b4b4fdd3721e3a96,b4b4fdd3721e3a96,0,0
959,959,0,0000000,00,3,3,3,201338f2e7565cf0,0,0,3,de4b57a818e190ed,0,1,072a170fc06f465b,b4b4fdd3721e3a96,b4b4fdd3721e3a96,0,0
960,960,0,0000000,00,3,3,3,ae98b5a769ddfe58,0,0,3,de4b57a818e190ed,0,1,89a19a5a4ee4d1a5,b4b4fdd3721e3a96,b4b4fdd3721e3a96,0,0
961,961,0,0000180,00,2,2,3,3d042259fa41730d,0,0,2,de4b57a818e190ed,3,1,201338f2e7565cf0,b4b4fdd3721e3a96,b4b4fdd3721e3a96,0,0
962,962,0,0000184,00,2,2,3,b38faf0c74cae4f3,0,0,2,531ed92395b41e66,3,1,ae98b5a769ddfe58,b4b4fdd3721e3a96,b4b4fdd3721e3a96,0,0
963,963,0,0000188,00,2,2,3,57a818e190ed69a6,0,0,2,c4e04abf024a8dfa,3,1,3d042259fa41730d,b4b4fdd3721e3a96,b4b4fdd3721e3a96,0,0
964,964,0,000018c,00,2,2,3,0000000000000008,0,0,2,49b5c4348f1f0371,3,1,b38faf0c74cae4f3,b4b4fdd3721e3a96,b4b4fdd3721e3a96,0,0
965,965,0,0000190,00,2,2,3,0000000000000000,0,0,2,eb1d6d862db7aac3,3,1,57a818e190ed69a6,b4b4fdd3721e3a96,b4b4fdd3721e3a96,0,0
966,966,0,0000194,00,2,2,3,57a0000000000000,0,0,2,6648e30da0e22448,3,1,0000000000000008,b4b4fdd3721e3a96,b4b4fdd3721e3a96,0,0
967,967,0,0000198,00,2,2,3,57a818e190edde4b,0,0,2,f1b67091371cb7d4,3,1,0000000000000000,b4b4fdd3721e3a96,b4b4fdd3721e3a96,0,0
968,968,0,000019c,00,2,2,3,d92395b41e66de4b,0,0,2,7ce3fe1aba49395f,3,1,57a0000000000000,b4b4fdd3721e3a96,b4b4fdd3721e3a96,0,0
969,969,0,0000000,00,3,3,3,4abf024a8dfa531e,0,0,3,b4e723f4724de4b1,0,1,57a818e190edde4b,b4b4fdd3721e3a96,b4b4fdd3721e3a96,0,0
970,970,0,0000000,00,3,3,3,c4348f1f0371c4e0,0,0,3,b4e723f4724de4b1,0,1,d92395b41e66de4b,b4b4fdd3721e3a96,b4b4fdd3721e3a96,0,0
971,971,0,0000000,00,3,3,3,6d862db7aac349b5,0,0,3,b4e723f4724de4b1,0,1,4abf024a8dfa531e,b4b4fdd3721e3a96,b4b4fdd3721e3a96,0,0
972,972,0,0000000,00,3,3,3,e30da0e22448eb1d,0,0,3,b4e723f4724de4b1,0,1,c4348f1f0371c4e0,b4b4fdd3721e3a96,b4b4fdd3721e3a96,0,0
973,973,0,00001a0,00,2,2,3,7091371cb7d46648,0,0,2,b4e723f4724de4b1,3,1,6d862db7aac349b5,b4b4fdd3721e3a96,b4b4fdd3721e3a96,0,0
974,974,0,00001a4,00,2,2,3,fe1aba49395ff1b6,0,0,2,39b2ad7fff186a3a,3,1,e30da0e22448eb1d,b4b4fdd3721e3a96,b4b4fdd3721e3a96,0,0
975,975,0,00001a8,00,2,2,3,23f4724de4b17ce3,0,0,2,ae4c3ee368e6f9a6,3,1,7091371cb7d46648,b4b4fdd3721e3a96,b4b4fdd3721e3a96,0,0
976,976,0,00001ac,00,2,2,3,0000000000000000,0,0,2,2319b068e5b3772d,3,1,fe1aba49395ff1b6,b4b4fdd3721e3a96,b4b4fdd3721e3a96,0,0
977,977,0,00001b0,00,2,2,3,0000000000000000,0,0,2,81b119da471bde9f,3,1,23f4724de4b17ce3,b4b4fdd3721e3a96,b4b4fdd3721e3a96,0,0
978,978,0,00001b4,00,2,2,3,23b0000000000000,0,0,2,0ce49751ca4e5014,3,1,0000000000000000,b4b4fdd3721e3a96,b4b4fdd3721e3a96,0,0
979,979,0,00001b8,00,2,2,3,23f4724de4b1b4e7,0,0,2,9b1a04cd5db0c388,3,1,0000000000000000,b4b4fdd3721e3a96,b4b4fdd3721e3a96,0,0
980,980,0,00001bc,00,2,2,3,ad7fff186a3ab4e7,0,0,2,164f8a46d0e54d03,3,1,23b0000000000000,b4b4fdd3721e3a96,b4b4fdd3721e3a96,0,0
981,981,0,0000000,00,3,3,3,3ee368e6f9a639b2,0,0,3,0b13bf10cdb97855,0,1,23f4724de4b1b4e7,b4b4fdd3721e3a96,b4b4fdd3721e3a96,0,0
982,982,0,0000000,00,3,3,3,b068e5b3772dae4c,0,0,3,0b13bf10cdb97855,0,1,ad7fff186a3ab4e7,b4b4fdd3721e3a96,b4b4fdd3721e3a96,0,0
983,983,0,0000000,00,3,3,3,19da471bde9f2319,0,0,3,0b13bf10cdb97855,0,1,3ee368e6f9a639b2,b4b4fdd3721e3a96,b4b4fdd3721e3a96,0,0
984,984,0,0000000,00,3,3,3,9751ca4e501481b1,0,0,3,0b13bf10cdb97855,0,1,b068e5b3772dae4c,b4b4fdd3721e3a96,b4b4fdd3721e3a96,0,0
985,985,0,00001c0,00,2,2,3,04cd5db0c3880ce4,0,0,2,0b13bf10cdb97855,3,1,19da471bde9f2319,b4b4fdd3721e3a96,b4b4fdd3721e3a96,0,0
986,986,0,00001c4,00,2,2,3,8a46d0e54d039b1a,0,0,2,8646319b40ecf6de,3,1,9751ca4e501481b1,b4b4fdd3721e3a96,b4b4fdd3721e3a96,0,0
987,987,0,00001c8,00,2,2,3,bf10cdb97855164f,0,0,2,11b8a207d7126542,3,1,04cd5db0c3880ce4,b4b4fdd3721e3a96,b4b4fdd3721e3a96,0,0
988,988,0,00001cc,00,2,2,3,0000000000000000,0,0,2,9ced2c8c5a47ebc9,3,1,8a46d0e54d039b1a,b4b4fdd3721e3a96,b4b4fdd3721e3a96,0,0
989,989,0,00001d0,00,2,2,3,0000000000000000,0,0,2,3e45853ef8ef427b,3,1,bf10cdb97855164f,b4b4fdd3721e3a96,b4b4fdd3721e3a96,0,0
990,990,0,00001d4,00,2,2,3,bf10000000000000,0,0,2,b3100bb575baccf0,3,1,0000000000000000,b4b4fdd3721e3a96,b4b4fdd3721e3a96,0,0
991,991,0,00001d8,00,2,2,3,bf10cdb978550b13,0,0,2,24ee9829e2445f6c,3,1,0000000000000000,b4b4fdd3721e3a96,b4b4fdd3721e3a96,0,0
992,992,0,00001dc,00,2,2,3,319b40ecf6de0b13,0,0,2,a9bb16a26f11d1e7,3,1,bf10000000000000,b4b4fdd3721e3a96,b4b4fdd3721e3a96,0,0
993,993,0,0000000,00,3,3,3,a207d71265428646,0,0,3,61bfcb4ca7150c09,0,1,bf10cdb978550b13,b4b4fdd3721e3a96,b4b4fdd3721e3a96,0,0
994,994,0,0000000,00,3,3,3,2c8c5a47ebc911b8,0,0,3,61bfcb4ca7150c09,0,1,319b40ecf6de0b13,b4b4fdd3721e3a96,b4b4fdd3721e3a96,0,0
995,995,0,0000000,00,3,3,3,853ef8ef427b9ced,0,0,3,61bfcb4ca7150c09,0,1,a207d71265428646,b4b4fdd3721e3a96,b4b4fdd3721e3a96,0,0
996,996,0,0000000,00,3,3,3,0bb575baccf03e45,0,0,3,61bfcb4ca7150c09,0,1,2c8c5a47ebc911b8,b4b4fdd3721e3a96,b4b4fdd3721e3a96,0,0
997,997,0,00001e0,00,2,2,3,9829e2445f6cb310,0,0,2,61bfcb4ca7150c09,3,1,853ef8ef427b9ced,b4b4fdd3721e3a96,b4b4fdd3721e3a96,0,0
998,998,0,00001e4,00,2,2,3,16a26f11d1e724ee,0,0,2,ecea45c72a408282,3,1,0bb575baccf03e45,b4b4fdd3721e3a96,b4b4fdd3721e3a96,0,0
999,999,0,00001e8,00,2,2,3,cb4ca7150c09a9bb,0,0,2,7b14d65bbdbe111e,3,1,9829e2445f6cb310,b4b4fdd3721e3a96,b4b4fdd3721e3a96,0,0
1000,1000,0,00001ec,00,2,2,3,0000000000000000,0,0,2,f64158d030eb9f95,3,1,16a26f11d1e724ee,b4b4fdd3721e3a96,b4b4fdd3721e3a96,0,0
1001,1001,0,00001f0,00,2,2,3,0000000000000000,0,0,2,54e9f16292433627,3,1,cb4ca7150c09a9bb,b4b4fdd3721e3a96,b4b4fdd3721e3a96,0,0
1002,1002,0,00001f4,00,2,2,3,cb00000000000000,0,0,2,d9bc7fe91f16b8ac,3,1,0000000000000000,b4b4fdd3721e3a96,b4b4fdd3721e3a96,0,0
1003,1003,0,00001f8,00,2,2,3,cb4ca7150c0961bf,0,0,2,4e42ec7588e82b30,3,1,0000000000000000,b4b4fdd3721e3a96,b4b4fdd3721e3a96,0,0
1004,1004,0,00001fc,00,2,2,3,45c72a40828261bf,0,0,2,c31762fe05bda5bb,3,1,cb00000000000000,b4b4fdd3721e3a96,b4b4fdd3721e3a96,0,0
1005,1005,0,0000000,00,3,3,3,d65bbdbe111eecea,0,0,3,8b5e61fc4df4a6b9,0,1,cb4ca7150c0961bf,b4b4fdd3721e3a96,b4b4fdd3721e3a96,0,0
1006,1006,0,0000000,00,3,3,3,58d030eb9f957b14,0,0,3,8b5e61fc4df4a6b9,0,1,45c72a40828261bf,b4b4fdd3721e3a96,b4b4fdd3721e3a96,0,0
1007,1007,0,0000000,00,3,3,3,f16292433627f641,0,0,3,8b5e61fc4df4a6b9,0,1,d65bbdbe111eecea,b4b4fdd3721e3a96,b4b4fdd3721e3a96,0,0
1008,1008,0,0000000,00,3,3,3,7fe91f16b8ac54e9,0,0,3,8b5e61fc4df4a6b9,0,1,58d030eb9f957b14,b4b4fdd3721e3a96,b4b4fdd3721e3a96,0,0
1009,1009,0,0000200,00,2,2,3,ec7588e82b30d9bc,0,0,2,8b5e61fc4df4a6b9,3,1,f16292433627f641,b4b4fdd3721e3a96,b4b4fdd3721e3a96,0,0
1010,1010,0,0000204,00,2,2,3,62fe05bda5bb4e42,0,0,2,060bef77c0a12832,3,1,7fe91f16b8ac54e9,b4b4fdd3721e3a96,b4b4fdd3721e3a96,0,0
1011,1011,0,0000208,00,2,2,3,61fc4df4a6b9c317,0,0,2,91f57ceb575fbbae,3,1,ec7588e82b30d9bc,b4b4fdd3721e3a96,b4b4fdd3721e3a96,0,0
1012,1012,0,000020c,00,2,2,3,0000000000000000,0,0,2,1ca0f260da0a3525,3,1,62fe05bda5bb4e42,b4b4fdd3721e3a96,b4b4fdd3721e3a96,0,0
1013,1013,0,0000210,00,2,2,3,0000000000000000,0,0,2,be085bd278a29c97,3,1,61fc4df4a6b9c317,b4b4fdd3721e3a96,b4b4fdd3721e3a96,0,0
1014,1014,0,0000214,00,2,2,3,61b0000000000000,0,0,2,335dd559f5f7121c,3,1,0000000000000000,b4b4fdd3721e3a96,b4b4fdd3721e3a96,0,0
1015,1015,0,0000218,00,2,2,3,61fc4df4a6b98b5e,0,0,2,a4a346c562098180,3,1,0000000000000000,b4b4fdd3721e3a96,b4b4fdd3721e3a96,0,0
1016,1016,0,000021c,00,2,2,3,ef77c0a128328b5e,0,0,2,29f6c84eef5c0f0b,3,1,61b0000000000000,b4b4fdd3721e3a96,b4b4fdd3721e3a96,0,0
1017,1017,0,0000000,00,3,3,3,7ceb575fbbae060b,0,0,3,e1f215a02758d2e5,0,1,61fc4df4a6b98b5e,b4b4fdd3721e3a96,b4b4fdd3721e3a96,0,0
1018,1018,0,0000000,00,3,3,3,f260da0a352591f5,0,0,3,e1f215a02758d2e5,0,1,ef77c0a128328b5e,b4b4fdd3721e3a96,b4b4fdd3721e3a96,0,0
1019,1019,0,0000000,00,3,3,3,5bd278a29c971ca0,0,0,3,e1f215a02758d2e5,0,1,7ceb575fbbae060b,b4b4fdd3721e3a96,b4b4fdd3721e3a96,0,0
1020,1020,0,0000000,00,3,3,3,d559f5f7121cbe08,0,0,3,e1f215a02758d2e5,0,1,f260da0a352591f5,b4b4fdd3721e3a96,b4b4fdd3721e3a96,0,0
1021,1021,0,0000220,00,2,2,3,46c562098180335d,0,0,2,e1f215a02758d2e5,3,1,5bd278a29c971ca0,b4b4fdd3721e3a96,b4b4fdd3721e3a96,0,0
1022,1022,0,0000224,00,2,2,3,c84eef5c0f0ba4a3,0,0,2,6ca79b2baa0d5c6e,3,1,d559f5f7121cbe08,b4b4fdd3721e3a96,b4b4fdd3721e3a96,0,0
1023,1023,0,0000228,00,2,2,3,15a02758d2e529f6,0,0,2,fb5908b73df3cff2,3,1,46c562098180335d,b4b4fdd3721e3a96,b4b4fdd3721e3a96,0,0
1024,1024,0,000022c,00,2,2,3,0000000000000000,0,0,2,760c863cb0a64179,3,1,c84eef5c0f0ba4a3,b4b4fdd3721e3a96,b4b4fdd3721e3a96,0,0
1025,1025,0,0000230,00,2,2,3,0000000000000000,0,0,2,d4a42f8e120ee8cb,3,1,15a02758d2e529f6,b4b4fdd3721e3a96,b4b4fdd3721e3a96,0,0
1026,1026,0,0000000,07,3,2,2,15a0000000000000,0,0,2,0ce49751ca4e5014,0,1,0000000000000000,b4b4fdd3721e3a96,b4b4fdd3721e3a96,0,0
1027,1027,0,0000000,00,3,3,3,15a02758d2e5e1f2,0,0,3,0ce49751ca4e5014,0,1,0000000000000000,b4b4fdd3721e3a96,b4b4fdd3721e3a96,0,0
1028,1028,0,0000000,00,3,3,3,9b2baa0d5c6ee1f2,0,0,3,0ce49751ca4e5014,0,1,15a0000000000000,b4b4fdd3721e3a96,b4b4fdd3721e3a96,0,0
1029,1029,0,0000000,00,3,3,3,08b73df3cff26ca7,0,0,3,0ce49751ca4e5014,0,1,15a02758d2e5e1f2,b4b4fdd3721e3a96,b4b4fdd3721e3a96,0,0
1030,1030,0,0000000,00,3,3,3,863cb0a64179fb59,0,0,3,0ce49751ca4e5014,0,1,9b2baa0d5c6ee1f2,b4b4fdd3721e3a96,b4b4fdd3721e3a96,0,0
1031,1031,0,0000000,00,3,3,3,2f8e120ee8cb760c,0,0,3,0ce49751ca4e5014,0,1,08b73df3cff26ca7,b4b4fdd3721e3a96,b4b4fdd3721e3a96,0,0
1032,1032,0,0000000,00,3,2,2,9751ca4e5014d4a4,0,0,2,0ce49751ca4e5014,0,1,863cb0a64179fb59,b4b4fdd3721e3a96,b4b4fdd3721e3a96,0,0
1033,1033,0,0000000,00,3,3,3,0000000000000000,0,0,3,0ce49751ca4e5014,0,1,2f8e120ee8cb760c,b4b4fdd3721e3a96,b4b4fdd3721e3a96,0,0
1034,1034,0,0000000,00,3,3,3,0000000000000000,0,0,3,0ce49751ca4e5014,0,1,9751ca4e5014d4a4,b4b4fdd3721e3a96,b4b4fdd3721e3a96,0,0
1035,1035,0,0000000,00,3,3,3,0000000000000000,0,0,3,0ce49751ca4e5014,0,1,0000000000000000,b4b4fdd3721e3a96,b4b4fdd3721e3a96,0,0
1036,1036,0,0000000,00,2,2,2,0000000000000000,0,0,3,0ce49751ca4e5014,0,1,0000000000000000,b4b4fdd3721e3a96,b4b4fdd3721e3a96,0,0
1037,1037,0,0000000,00,3,3,3,0000000000000000,0,0,3,0ce49751ca4e5014,0,1,0000000000000000,b4b4fdd3721e3a96,b4b4fdd3721e3a96,0,0
1038,1038,0,0000000,00,3,3,3,0000000000000000,0,0,3,0ce49751ca4e5014,0,1,0000000000000000,b4b4fdd3721e3a96,b4b4fdd3721e3a96,0,0
1039,1039,0,0000000,00,3,3,3,0000000000000000,0,0,3,0ce49751ca4e5014,0,1,0000000000000000,b4b4fdd3721e3a96,b4b4fdd3721e3a96,0,0
1040,1040,0,0000000,00,3,3,3,0000000000000000,0,0,3,0ce49751ca4e5014,0,1,0000000000000000,b4b4fdd3721e3a96,b4b4fdd3721e3a96,0,0
1041,1041,0,0000000,00,3,3,3,0000000000000000,0,0,3,0ce49751ca4e5014,0,1,0000000000000000,b4b4fdd3721e3a96,b4b4fdd3721e3a96,0,0
1042,1042,0,0000000,00,3,3,3,0000000000000000,0,0,3,0ce49751ca4e5014,0,1,0000000000000000,b4b4fdd3721e3a96,b4b4fdd3721e3a96,0,0
1043,1043,0,0000000,00,3,3,3,0000000000000000,0,0,3,0ce49751ca4e5014,0,1,0000000000000000,b4b4fdd3721e3a96,b4b4fdd3721e3a96,0,0
1044,1044,0,0000000,00,3,3,3,0000000000000000,0,0,3,0ce49751ca4e5014,0,1,0000000000000000,b4b4fdd3721e3a96,b4b4fdd3721e3a96,0,0
1045,1045,0,0000000,00,3,3,3,0000000000000000,0,0,3,0ce49751ca4e5014,0,1,0000000000000000,b4b4fdd3721e3a96,b4b4fdd3721e3a96,0,0
1046,1046,0,0000000,00,3,3,3,0000000000000000,0,0,3,0ce49751ca4e5014,0,1,0000000000000000,b4b4fdd3721e3a96,b4b4fdd3721e3a96,0,0
1047,1047,0,0000000,00,3,3,3,0000000000000000,0,0,3,0ce49751ca4e5014,0,1,0000000000000000,b4b4fdd3721e3a96,b4b4fdd3721e3a96,0,0
1048,1048,0,0000000,00,3,3,3,0000000000000000,0,0,3,0ce49751ca4e5014,0,1,0000000000000000,b4b4fdd3721e3a96,b4b4fdd3721e3a96,0,0
1049,1049,0,0000000,00,3,3,3,0000000000000000,0,0,3,59f1a1059f5b6640,0,1,0000000000000000,b4b4fdd3721e3a96,b4b4fdd3721e3a96,0,0
1050,1050,0,0000000,00,3,3,3,0000000000000000,0,0,3,59f1a1059f5b6640,0,1,0000000000000000,b4b4fdd3721e3a96,b4b4fdd3721e3a96,0,0
1051,1051,0,0000003,00,3,2,2,0000000000000000,0,0,3,59f1a1059f5b6640,0,1,0000000000000000,b4b4fdd3721e3a96,b4b4fdd3721e3a96,0,0
1052,1052,0,0000000,00,3,3,3,0000000000000000,0,0,3,59f1a1059f5b6640,0,1,0000000000000000,b4b4fdd3721e3a96,b4b4fdd3721e3a96,0,0
1053,1053,0,0000000,00,3,3,3,0000000000000000,0,0,3,59f1a1059f5b6640,0,1,0000000000000000,b4b4fdd3721e3a96,b4b4fdd3721e3a96,0,0
1054,1054,0,0000000,00,3,3,3,0000000000000000,0,0,3,59f1a1059f5b6640,0,1,0000000000000000,b4b4fdd3721e3a96,b4b4fdd3721e3a96,0,0
1055,1055,0,0000000,00,3,3,3,0000000000000000,0,0,3,59f1a1059f5b6640,0,1,0000000000000000,b4b4fdd3721e3a96,b4b4fdd3721e3a96,0,0
1056,1056,0,0000000,00,3,3,3,0000000000000000,0,0,3,59f1a1059f5b6640,0,1,0000000000000000,b4b4fdd3721e3a96,b4b4fdd3721e3a96,0,0
1057,1057,0,0000000,00,3,3,3,0000000000000000,0,0,3,59f1a1059f5b6640,0,1,0000000000000000,b4b4fdd3721e3a96,b4b4fdd3721e3a96,0,0
1058,1058,0,0000234,00,2,2,3,0000000000000000,0,0,2,59f1a1059f5b6640,3,1,0000000000000000,b4b4fdd3721e3a96,b4b4fdd3721e3a96,0,0
1059,1059,0,0000238,00,2,2,3,0000000000000000,0,0,2,ce0f329908a5f5dc,3,1,0000000000000000,b4b4fdd3721e3a96,b4b4fdd3721e3a96,0,0
1060,1060,0,000023c,00,2,2,3,0000000000000000,0,0,2,435abc1285f07b57,3,1,0000000000000000,b4b4fdd3721e3a96,b4b4fdd3721e3a96,0,0
1061,1061,0,0000240,00,2,2,3,0000000000000000,0,0,2,5e06894498ac4e01,3,1,0000000000000000,b4b4fdd3721e3a96,b4b4fdd3721e3a96,0,0
1062,1062,0,0000244,00,2,2,3,0000000000000000,0,0,2,d35307cf15f9c08a,3,1,0000000000000000,b4b4fdd3721e3a96,b4b4fdd3721e3a96,0,0
1063,1063,0,0000248,00,2,2,3,a100000000000000,0,0,2,44ad945382075316,3,1,0000000000000000,b4b4fdd3721e3a96,b4b4fdd3721e3a96,0,0
1064,1064,0,000024c,00,2,2,3,a1059f5b664059f1,0,0,2,c9f81ad80f52dd9d,3,1,0000000000000000,b4b4fdd3721e3a96,b4b4fdd3721e3a96,0,0
1065,1065,0,0000250,00,2,2,3,329908a5f5dc59f1,0,0,2,6b50b36aadfa742f,3,1,a100000000000000,b4b4fdd3721e3a96,b4b4fdd3721e3a96,0,0
1066,1066,0,0000254,00,2,2,3,bc1285f07b57ce0f,0,0,2,e6053de120affaa4,3,1,a1059f5b664059f1,b4b4fdd3721e3a96,b4b4fdd3721e3a96,0,0
1067,1067,0,0000258,00,2,2,3,894498ac4e01435a,0,0,2,71fbae7db7516938,3,1,329908a5f5dc59f1,b4b4fdd3721e3a96,b4b4fdd3721e3a96,0,0
1068,1068,0,000025c,00,2,2,3,07cf15f9c08a5e06,0,0,2,fcae20f63a04e7b3,3,1,bc1285f07b57ce0f,b4b4fdd3721e3a96,b4b4fdd3721e3a96,0,0
1069,1069,0,0000260,00,2,2,3,945382075316d353,0,0,2,34aafd18f2003a5d,3,1,894498ac4e01435a,b4b4fdd3721e3a96,b4b4fdd3721e3a96,0,0
1070,1070,0,0000264,00,2,2,3,1ad80f52dd9d44ad,0,0,2,b9ff73937f55b4d6,3,1,07cf15f9c08a5e06,b4b4fdd3721e3a96,b4b4fdd3721e3a96,0,0
1071,1071,0,0000268,00,2,2,3,b36aadfa742fc9f8,0,0,2,2e01e00fe8ab274a,3,1,945382075316d353,b4b4fdd3721e3a96,b4b4fdd3721e3a96,0,0
1072,1072,0,000026c,00,2,2,3,3de120affaa46b50,0,0,2,a3546e8465fea9c1,3,1,1ad80f52dd9d44ad,b4b4fdd3721e3a96,b4b4fdd3721e3a96,0,0
1073,1073,0,0000270,00,2,2,3,ae7db7516938e605,0,0,2,01fcc736c7560073,3,1,b36aadfa742fc9f8,b4b4fdd3721e3a96,b4b4fdd3721e3a96,0,0
1074,1074,0,0000274,00,2,2,3,20f63a04e7b371fb,0,0,2,8ca949bd4a038ef8,3,1,3de120affaa46b50,b4b4fdd3721e3a96,b4b4fdd3721e3a96,0,0
1075,1075,0,0000278,00,2,2,3,fd18f2003a5dfcae,0,0,2,1b57da21ddfd1d64,3,1,ae7db7516938e605,b4b4fdd3721e3a96,b4b4fdd3721e3a96,0,0
1076,1076,0,000027c,00,2,2,3,73937f55b4d634aa,0,0,2,960254aa50a893ef,3,1,20f63a04e7b371fb,b4b4fdd3721e3a96,b4b4fdd3721e3a96,0,0
1077,1077,0,0000280,00,2,2,3,e00fe8ab274ab9ff,0,0,2,21efb08de74577c8,3,1,fd18f2003a5dfcae,b4b4fdd3721e3a96,b4b4fdd3721e3a96,0,0
1078,1078,0,0000284,00,2,2,3,6e8465fea9c12e01,0,0,2,acba3e066a10f943,3,1,73937f55b4d634aa,b4b4fdd3721e3a96,b4b4fdd3721e3a96,0,0
1079,1079,0,0000288,00,2,2,3,c736c7560073a354,0,0,2,3b44ad9afdee6adf,3,1,e00fe8ab274ab9ff,b4b4fdd3721e3a96,b4b4fdd3721e3a96,0,0
1080,1080,0,000028c,00,2,2,3,49bd4a038ef801fc,0,0,2,b611231170bbe454,3,1,6e8465fea9c12e01,b4b4fdd3721e3a96,b4b4fdd3721e3a96,0,0
1081,1081,0,0000290,00,2,2,3,da21ddfd1d648ca9,0,0,2,14b98aa3d2134de6,3,1,c736c7560073a354,b4b4fdd3721e3a96,b4b4fdd3721e3a96,0,0
1082,1082,0,0000294,00,2,2,3,54aa50a893ef1b57,0,0,2,99ec04285f46c36d,3,1,49bd4a038ef801fc,b4b4fdd3721e3a96,b4b4fdd3721e3a96,0,0
1083,1083,0,0000298,00,2,2,3,b08de74577c89602,0,0,2,0e1297b4c8b850f1,3,1,da21ddfd1d648ca9,b4b4fdd3721e3a96,b4b4fdd3721e3a96,0,0
1084,1084,0,000029c,00,2,2,3,3e066a10f94321ef,0,0,2,8347193f45edde7a,3,1,54aa50a893ef1b57,b4b4fdd3721e3a96,b4b4fdd3721e3a96,0,0
1085,1085,0,00002a0,00,2,2,3,ad9afdee6adfacba,0,0,2,4b43c4d18de90394,3,1,b08de74577c89602,b4b4fdd3721e3a96,b4b4fdd3721e3a96,0,0
1086,1086,0,00002a4,00,2,2,3,231170bbe4543b44,0,0,2,c6164a5a00bc8d1f,3,1,3e066a10f94321ef,b4b4fdd3721e3a96,b4b4fdd3721e3a96,0,0
1087,1087,0,00002a8,00,2,2,3,8aa3d2134de6b611,0,0,2,51e8d9c697421e83,3,1,ad9afdee6adfacba,b4b4fdd3721e3a96,b4b4fdd3721e3a96,0,0
1088,1088,0,00002ac,00,2,2,3,04285f46c36d14b9,0,0,2,dcbd574d1a179008,3,1,231170bbe4543b44,b4b4fdd3721e3a96,b4b4fdd3721e3a96,0,0
1089,1089,0,00002b0,00,2,2,3,97b4c8b850f199ec,0,0,2,7e15feffb8bf39ba,3,1,8aa3d2134de6b611,b4b4fdd3721e3a96,b4b4fdd3721e3a96,0,0
1090,1090,0,00002b4,00,2,2,3,193f45edde7a0e12,0,0,2,f340707435eab731,3,1,04285f46c36d14b9,b4b4fdd3721e3a96,b4b4fdd3721e3a96,0,0
1091,1091,0,00002b8,00,2,2,3,c4d18de903948347,0,0,2,64bee3e8a21424ad,3,1,97b4c8b850f199ec,b4b4fdd3721e3a96,b4b4fdd3721e3a96,0,0
1092,1092,0,00002bc,00,2,2,3,4a5a00bc8d1f4b43,0,0,2,e9eb6d632f41aa26,3,1,193f45edde7a0e12,b4b4fdd3721e3a96,b4b4fdd3721e3a96,0,0
1093,1093,0,00002c0,00,2,2,3,d9c697421e83c616,0,0,2,f4b75835321d9f70,3,1,c4d18de903948347,b4b4fdd3721e3a96,b4b4fdd3721e3a96,0,0
1094,1094,0,00002c4,00,2,2,3,574d1a17900851e8,0,0,2,79e2d6bebf4811fb,3,1,4a5a00bc8d1f4b43,b4b4fdd3721e3a96,b4b4fdd3721e3a96,0,0
1095,1095,0,00002c8,00,2,2,3,feffb8bf39badcbd,0,0,2,ee1c452228b68267,3,1,d9c697421e83c616,b4b4fdd3721e3a96,b4b4fdd3721e3a96,0,0
1096,1096,0,00002cc,00,2,2,3,707435eab7317e15,0,0,2,6349cba9a5e30cec,3,1,574d1a17900851e8,b4b4fdd3721e3a96,b4b4fdd3721e3a96,0,0
1097,1097,0,00002d0,00,2,2,3,e3e8a21424adf340,0,0,2,c1e1621b074ba55e,3,1,feffb8bf39badcbd,b4b4fdd3721e3a96,b4b4fdd3721e3a96,0,0
1098,1098,0,00002d4,00,2,2,3,6d632f41aa2664be,0,0,2,4cb4ec908a1e2bd5,3,1,707435eab7317e15,b4b4fdd3721e3a96,b4b4fdd3721e3a96,0,0
1099,1099,0,00002d8,00,2,2,3,5835321d9f70e9eb,0,0,2,db4a7f0c1de0b849,3,1,e3e8a21424adf340,b4b4fdd3721e3a96,b4b4fdd3721e3a96,0,0
1100,1100,0,00002dc,00,2,2,3,d6bebf4811fbf4b7,0,0,2,561ff18790b536c2,3,1,6d632f41aa2664be,b4b4fdd3721e3a96,b4b4fdd3721e3a96,0,0
1101,1101,0,00002e0,00,2,2,3,452228b6826779e2,0,0,2,9e1b2c6958b1eb2c,3,1,5835321d9f70e9eb,b4b4fdd3721e3a96,b4b4fdd3721e3a96,0,0
1102,1102,0,00002e4,00,2,2,3,cba9a5e30cecee1c,0,0,2,134ea2e2d5e465a7,3,1,d6bebf4811fbf4b7,b4b4fdd3721e3a96,b4b4fdd3721e3a96,0,0
1103,1103,0,00002e8,00,2,2,3,621b074ba55e6349,0,0,2,84b0317e421af63b,3,1,452228b6826779e2,b4b4fdd3721e3a96,b4b4fdd3721e3a96,0,0
1104,1104,0,00002ec,00,2,2,3,ec908a1e2bd5c1e1,0,0,2,09e5bff5cf4f78b0,3,1,cba9a5e30cecee1c,b4b4fdd3721e3a96,b4b4fdd3721e3a96,0,0
1105,1105,0,00002f0,00,2,2,3,7f0c1de0b8494cb4,0,0,2,ab4d16476de7d102,3,1,621b074ba55e6349,b4b4fdd3721e3a96,b4b4fdd3721e3a96,0,0
1106,1106,0,00002f4,00,2,2,3,f18790b536c2db4a,0,0,2,261898cce0b25f89,3,1,ec908a1e2bd5c1e1,b4b4fdd3721e3a96,b4b4fdd3721e3a96,0,0
1107,1107,0,00002f8,00,2,2,3,2c6958b1eb2c561f,0,0,2,b1e60b50774ccc15,3,1,7f0c1de0b8494cb4,b4b4fdd3721e3a96,b4b4fdd3721e3a96,0,0
1108,1108,0,00002fc,00,2,2,3,a2e2d5e465a79e1b,0,0,2,3cb385dbfa19429e,3,1,f18790b536c2db4a,b4b4fdd3721e3a96,b4b4fdd3721e3a96,0,0
1109,1109,0,0000300,00,2,2,3,317e421af63b134e,0,0,2,de3dc31f1897045a,3,1,2c6958b1eb2c561f,b4b4fdd3721e3a96,b4b4fdd3721e3a96,0,0
1110,1110,0,0000304,00,2,2,3,bff5cf4f78b084b0,0,0,2,53684d9495c28ad1,3,1,a2e2d5e465a79e1b,b4b4fdd3721e3a96,b4b4fdd3721e3a96,0,0
1111,1111,0,0000308,00,2,2,3,16476de7d10209e5,0,0,2,c496de08023c194d,3,1,317e421af63b134e,b4b4fdd3721e3a96,b4b4fdd3721e3a96,0,0
1112,1112,0,000030c,00,2,2,3,98cce0b25f89ab4d,0,0,2,49c350838f6997c6,3,1,bff5cf4f78b084b0,b4b4fdd3721e3a96,b4b4fdd3721e3a96,0,0
1113,1113,0,0000310,00,2,2,3,0b50774ccc152618,0,0,2,eb6bf9312dc13e74,3,1,16476de7d10209e5,b4b4fdd3721e3a96,b4b4fdd3721e3a96,0,0
1114,1114,0,0000314,00,2,2,3,85dbfa19429eb1e6,0,0,2,663e77baa094b0ff,3,1,98cce0b25f89ab4d,b4b4fdd3721e3a96,b4b4fdd3721e3a96,0,0
1115,1115,0,0000318,00,2,2,3,c31f1897045a3cb3,0,0,2,f1c0e426376a2363,3,1,0b50774ccc152618,b4b4fdd3721e3a96,b4b4fdd3721e3a96,0,0
1116,1116,0,000031c,00,2,2,3,4d9495c28ad1de3d,0,0,2,7c956aadba3fade8,3,1,85dbfa19429eb1e6,b4b4fdd3721e3a96,b4b4fdd3721e3a96,0,0
1117,1117,0,0000320,00,2,2,3,de08023c194d5368,0,0,2,b491b743723b7006,3,1,c31f1897045a3cb3,b4b4fdd3721e3a96,b4b4fdd3721e3a96,0,0
1118,1118,0,0000324,00,2,2,3,50838f6997c6c496,0,0,2,39c439c8ff6efe8d,3,1,4d9495c28ad1de3d,b4b4fdd3721e3a96,b4b4fdd3721e3a96,0,0
1119,1119,0,0000328,00,2,2,3,f9312dc13e7449c3,0,0,2,ae3aaa5468906d11,3,1,de08023c194d5368,b4b4fdd3721e3a96,b4b4fdd3721e3a96,0,0
1120,1120,0,000032c,00,2,2,3,77baa094b0ffeb6b,0,0,2,236f24dfe5c5e39a,3,1,50838f6997c6c496,b4b4fdd3721e3a96,b4b4fdd3721e3a96,0,0
1121,1121,0,0000330,00,2,2,3,e426376a2363663e,0,0,2,81c78d6d476d4a28,3,1,f9312dc13e7449c3,b4b4fdd3721e3a96,b4b4fdd3721e3a96,0,0
1122,1122,0,0000334,00,2,2,3,6aadba3fade8f1c0,0,0,2,0c9203e6ca38c4a3,3,1,77baa094b0ffeb6b,b4b4fdd3721e3a96,b4b4fdd3721e3a96,0,0
1123,1123,0,0000338,00,2,2,3,b743723b70067c95,0,0,2,9b6c907a5dc6573f,3,1,e426376a2363663e,b4b4fdd3721e3a96,b4b4fdd3721e3a96,0,0
1124,1124,0,000033c,00,2,2,3,39c8ff6efe8db491,0,0,2,16391ef1d093d9b4,3,1,6aadba3fade8f1c0,b4b4fdd3721e3a96,b4b4fdd3721e3a96,0,0
1125,1125,0,0000000,00,3,3,3,aa5468906d1139c4,0,0,3,0b652ba7cdcfece2,0,1,b743723b70067c95,b4b4fdd3721e3a96,b4b4fdd3721e3a96,0,0
1126,1126,0,0000000,00,3,3,3,24dfe5c5e39aae3a,0,0,3,0b652ba7cdcfece2,0,1,39c8ff6efe8db491,b4b4fdd3721e3a96,b4b4fdd3721e3a96,0,0
1127,1127,0,0000000,00,3,3,3,8d6d476d4a28236f,0,0,3,0b652ba7cdcfece2,0,1,aa5468906d1139c4,b4b4fdd3721e3a96,b4b4fdd3721e3a96,0,0
1128,1128,0,0000000,00,3,3,3,03e6ca38c4a381c7,0,0,3,0b652ba7cdcfece2,0,1,24dfe5c5e39aae3a,b4b4fdd3721e3a96,b4b4fdd3721e3a96,0,0
1129,1129,0,0000340,00,2,2,3,907a5dc6573f0c92,0,0,2,0b652ba7cdcfece2,3,1,8d6d476d4a28236f,b4b4fdd3721e3a96,b4b4fdd3721e3a96,0,0
1130,1130,0,0000344,00,2,2,3,1ef1d093d9b49b6c,0,0,2,8630a52c409a6269,3,1,03e6ca38c4a381c7,b4b4fdd3721e3a96,b4b4fdd3721e3a96,0,0
1131,1131,0,0000348,00,2,2,3,2ba7cdcfece21639,0,0,2,11ce36b0d764f1f5,3,1,907a5dc6573f0c92,b4b4fdd3721e3a96,b4b4fdd3721e3a96,0,0
1132,1132,0,000034c,00,2,2,3,0000000000000000,0,0,2,9c9bb83b5a317f7e,3,1,1ef1d093d9b49b6c,b4b4fdd3721e3a96,b4b4fdd3721e3a96,0,0
1133,1133,0,0000350,00,2,2,3,0000000000000000,0,0,2,3e331189f899d6cc,3,1,2ba7cdcfece21639,b4b4fdd3721e3a96,b4b4fdd3721e3a96,0,0
1134,1134,0,0000354,00,2,2,3,2ba0000000000000,0,0,2,b3669f0275cc5847,3,1,0000000000000000,b4b4fdd3721e3a96,b4b4fdd3721e3a96,0,0
1135,1135,0,0000358,00,2,2,3,2ba7cdcfece20b65,0,0,2,24980c9ee232cbdb,3,1,0000000000000000,b4b4fdd3721e3a96,b4b4fdd3721e3a96,0,0
1136,1136,0,000035c,00,2,2,3,a52c409a62690b65,0,0,2,a9cd82156f674550,3,1,2ba0000000000000,b4b4fdd3721e3a96,b4b4fdd3721e3a96,0,0
1137,1137,0,0000000,00,3,3,3,36b0d764f1f58630,0,0,3,61c95ffba76398be,0,1,2ba7cdcfece20b65,b4b4fdd3721e3a96,b4b4fdd3721e3a96,0,0
1138,1138,0,0000000,00,3,3,3,b83b5a317f7e11ce,0,0,3,61c95ffba76398be,0,1,a52c409a62690b65,b4b4fdd3721e3a96,b4b4fdd3721e3a96,0,0
1139,1139,0,0000000,00,3,3,3,1189f899d6cc9c9b,0,0,3,61c95ffba76398be,0,1,36b0d764f1f58630,b4b4fdd3721e3a96,b4b4fdd3721e3a96,0,0
1140,1140,0,0000000,00,3,3,3,9f0275cc58473e33,0,0,3,61c95ffba76398be,0,1,b83b5a317f7e11ce,b4b4fdd3721e3a96,b4b4fdd3721e3a96,0,0
1141,1141,0,0000360,00,2,2,3,0c9ee232cbdbb366,0,0,2,61c95ffba76398be,3,1,1189f899d6cc9c9b,b4b4fdd3721e3a96,b4b4fdd3721e3a96,0,0
1142,1142,0,0000364,00,2,2,3,82156f6745502498,0,0,2,ec9cd1702a361635,3,1,9f0275cc58473e33,b4b4fdd3721e3a96,b4b4fdd3721e3a96,0,0
1143,1143,0,0000368,00,2,2,3,5ffba76398bea9cd,0,0,2,7b6242ecbdc885a9,3,1,0c9ee232cbdbb366,b4b4fdd3721e3a96,b4b4fdd3721e3a96,0,0
1144,1144,0,000036c,00,2,2,3,0000000000000000,0,0,2,f637cc67309d0b22,3,1,82156f6745502498,b4b4fdd3721e3a96,b4b4fdd3721e3a96,0,0
1145,1145,0,0000370,00,2,2,3,0000000000000000,0,0,2,549f65d59235a290,3,1,5ffba76398bea9cd,b4b4fdd3721e3a96,b4b4fdd3721e3a96,0,0
1146,1146,0,0000374,00,2,2,3,5fb0000000000000,0,0,2,d9caeb5e1f602c1b,3,1,0000000000000000,b4b4fdd3721e3a96,b4b4fdd3721e3a96,0,0
1147,1147,0,0000378,00,2,2,3,5ffba76398be61c9,0,0,2,4e3478c2889ebf87,3,1,0000000000000000,b4b4fdd3721e3a96,b4b4fdd3721e3a96,0,0
1148,1148,0,000037c,00,2,2,3,d1702a36163561c9,0,0,2,c361f64905cb310c,3,1,5fb0000000000000,b4b4fdd3721e3a96,b4b4fdd3721e3a96,0,0
1149,1149,0,0000000,00,3,3,3,42ecbdc885a9ec9c,0,0,3,748c126eb226d52b,0,1,5ffba76398be61c9,b4b4fdd3721e3a96,b4b4fdd3721e3a96,0,0
1150,1150,0,0000000,00,3,3,3,cc67309d0b227b62,0,0,3,748c126eb226d52b,0,1,d1702a36163561c9,b4b4fdd3721e3a96,b4b4fdd3721e3a96,0,0
1151,1151,0,0000000,00,3,3,3,65d59235a290f637,0,0,3,748c126eb226d52b,0,1,42ecbdc885a9ec9c,b4b4fdd3721e3a96,b4b4fdd3721e3a96,0,0
1152,1152,0,0000000,00,3,3,3,eb5e1f602c1b549f,0,0,3,748c126eb226d52b,0,1,cc67309d0b227b62,b4b4fdd3721e3a96,b4b4fdd3721e3a96,0,0
1153,1153,0,0000380,00,2,2,3,78c2889ebf87d9ca,0,0,2,748c126eb226d52b,3,1,65d59235a290f637,b4b4fdd3721e3a96,b4b4fdd3721e3a96,0,0
1154,1154,0,0000384,00,2,2,3,f64905cb310c4e34,0,0,2,f9d99ce53f735ba0,3,1,eb5e1f602c1b549f,b4b4fdd3721e3a96,b4b4fdd3721e3a96,0,0
1155,1155,0,0000388,00,2,2,3,126eb226d52bc361,0,0,2,6e270f79a88dc83c,3,1,78c2889ebf87d9ca,b4b4fdd3721e3a96,b4b4fdd3721e3a96,0,0
1156,1156,0,000038c,00,2,2,3,0000000000000000,0,0,2,e37281f225d846b7,3,1,f64905cb310c4e34,b4b4fdd3721e3a96,b4b4fdd3721e3a96,0,0
1157,1157,0,0000390,00,2,2,3,0000000000000000,0,0,2,41da28408770ef05,3,1,126eb226d52bc361,b4b4fdd3721e3a96,b4b4fdd3721e3a96,0,0
1158,1158,0,0000394,00,2,2,3,1220000000000000,0,0,2,cc8fa6cb0a25618e,3,1,0000000000000000,b4b4fdd3721e3a96,b4b4fdd3721e3a96,0,0
1159,1159,0,0000398,00,2,2,3,126eb226d52b748c,0,0,2,5b7135579ddbf212,3,1,0000000000000000,b4b4fdd3721e3a96,b4b4fdd3721e3a96,0,0
1160,1160,0,000039c,00,2,2,3,9ce53f735ba0748c,0,0,2,d624bbdc108e7c99,3,1,1220000000000000,b4b4fdd3721e3a96,b4b4fdd3721e3a96,0,0
1161,1161,0,0000000,00,3,3,3,0f79a88dc83cf9d9,0,0,3,1e206632d88aa177,0,1,126eb226d52b748c,b4b4fdd3721e3a96,b4b4fdd3721e3a96,0,0
1162,1162,0,0000000,00,3,3,3,81f225d846b76e27,0,0,3,1e206632d88aa177,0,1,9ce53f735ba0748c,b4b4fdd3721e3a96,b4b4fdd3721e3a96,0,0
1163,1163,0,0000000,00,3,3,3,28408770ef05e372,0,0,3,1e206632d88aa177,0,1,0f79a88dc83cf9d9,b4b4fdd3721e3a96,b4b4fdd3721e3a96,0,0
1164,1164,0,0000000,00,3,3,3,a6cb0a25618e41da,0,0,3,1e206632d88aa177,0,1,81f225d846b76e27,b4b4fdd3721e3a96,b4b4fdd3721e3a96,0,0
1165,1165,0,00003a0,00,2,2,3,35579ddbf212cc8f,0,0,2,1e206632d88aa177,3,1,28408770ef05e372,b4b4fdd3721e3a96,b4b4fdd3721e3a96,0,0
1166,1166,0,00003a4,00,2,2,3,bbdc108e7c995b71,0,0,2,9375e8b955df2ffc,3,1,a6cb0a25618e41da,b4b4fdd3721e3a96,b4b4fdd3721e3a96,0,0
1167,1167,0,00003a8,00,2,2,3,6632d88aa177d624,0,0,2,048b7b25c221bc60,3,1,35579ddbf212cc8f,b4b4fdd3721e3a96,b4b4fdd3721e3a96,0,0
1168,1168,0,00003ac,00,2,2,3,0000000000000000,0,0,2,89def5ae4f7432eb,3,1,bbdc108e7c995b71,b4b4fdd3721e3a96,b4b4fdd3721e3a96,0,0
1169,1169,0,00003b0,00,2,2,3,0000000000000000,0,0,2,2b765c1ceddc9b59,3,1,6632d88aa177d624,b4b4fdd3721e3a96,b4b4fdd3721e3a96,0,0
1170,1170,0,00003b4,00,2,2,3,6630000000000000,0,0,2,a623d297608915d2,3,1,0000000000000000,b4b4fdd3721e3a96,b4b4fdd3721e3a96,0,0
1171,1171,0,00003b8,00,2,2,3,6632d88aa1771e20,0,0,2,31dd410bf777864e,3,1,0000000000000000,b4b4fdd3721e3a96,b4b4fdd3721e3a96,0,0
1172,1172,0,00003bc,00,2,2,3,e8b955df2ffc1e20,0,0,2,bc88cf807a2208c5,3,1,6630000000000000,b4b4fdd3721e3a96,b4b4fdd3721e3a96,0,0
1173,1173,0,0000000,00,3,3,3,7b25c221bc609375,0,0,3,a1d4fad6677e3d93,0,1,6632d88aa1771e20,b4b4fdd3721e3a96,b4b4fdd3721e3a96,0,0
1174,1174,0,0000000,00,3,3,3,f5ae4f7432eb048b,0,0,3,a1d4fad6677e3d93,0,1,e8b955df2ffc1e20,b4b4fdd3721e3a96,b4b4fdd3721e3a96,0,0
1175,1175,0,0000000,00,3,3,3,5c1ceddc9b5989de,0,0,3,a1d4fad6677e3d93,0,1,7b25c221bc609375,b4b4fdd3721e3a96,b4b4fdd3721e3a96,0,0
1176,1176,0,0000000,00,3,3,3,d297608915d22b76,0,0,3,a1d4fad6677e3d93,0,1,f5ae4f7432eb048b,b4b4fdd3721e3a96,b4b4fdd3721e3a96,0,0
1177,1177,0,00003c0,00,2,2,3,410bf777864ea623,0,0,2,a1d4fad6677e3d93,3,1,5c1ceddc9b5989de,b4b4fdd3721e3a96,b4b4fdd3721e3a96,0,0
1178,1178,0,00003c4,00,2,2,3,cf807a2208c531dd,0,0,2,2c81745dea2bb318,3,1,d297608915d22b76,b4b4fdd3721e3a96,b4b4fdd3721e3a96,0,0
1179,1179,0,00003c8,00,2,2,3,fad6677e3d93bc88,0,0,2,bb7fe7c17dd52084,3,1,410bf777864ea623,b4b4fdd3721e3a96,b4b4fdd3721e3a96,0,0
1180,1180,0,00003cc,00,2,2,3,0000000000000000,0,0,2,362a694af080ae0f,3,1,cf807a2208c531dd,b4b4fdd3721e3a96,b4b4fdd3721e3a96,0,0
1181,1181,0,00003d0,00,2,2,3,0000000000000000,0,0,2,9482c0f8522807bd,3,1,fad6677e3d93bc88,b4b4fdd3721e3a96,b4b4fdd3721e3a96,0,0
1182,1182,0,00003d4,00,2,2,3,fa90000000000000,0,0,2,19d74e73df7d8936,3,1,0000000000000000,b4b4fdd3721e3a96,b4b4fdd3721e3a96,0,0
1183,1183,0,00003d8,00,2,2,3,fad6677e3d93a1d4,0,0,2,8e29ddef48831aaa,3,1,0000000000000000,b4b4fdd3721e3a96,b4b4fdd3721e3a96,0,0
1184,1184,0,00003dc,00,2,2,3,745dea2bb318a1d4,0,0,2,037c5364c5d69421,3,1,fa90000000000000,b4b4fdd3721e3a96,b4b4fdd3721e3a96,0,0
1185,1185,0,0000000,00,3,3,3,e7c17dd520842c81,0,0,3,cb788e8a0dd249cf,0,1,fad6677e3d93a1d4,b4b4fdd3721e3a96,b4b4fdd3721e3a96,0,0
1186,1186,0,0000000,00,3,3,3,694af080ae0fbb7f,0,0,3,cb788e8a0dd249cf,0,1,745dea2bb318a1d4,b4b4fdd3721e3a96,b4b4fdd3721e3a96,0,0
1187,1187,0,0000000,00,3,3,3,c0f8522807bd362a,0,0,3,cb788e8a0dd249cf,0,1,e7c17dd520842c81,b4b4fdd3721e3a96,b4b4fdd3721e3a96,0,0
1188,1188,0,0000000,00,3,3,3,4e73df7d89369482,0,0,3,cb788e8a0dd249cf,0,1,694af080ae0fbb7f,b4b4fdd3721e3a96,b4b4fdd3721e3a96,0,0
1189,1189,0,00003e0,00,2,2,3,ddef48831aaa19d7,0,0,2,cb788e8a0dd249cf,3,1,c0f8522807bd362a,b4b4fdd3721e3a96,b4b4fdd3721e3a96,0,0
1190,1190,0,00003e4,00,2,2,3,5364c5d694218e29,0,0,2,462d00018087c744,3,1,4e73df7d89369482,b4b4fdd3721e3a96,b4b4fdd3721e3a96,0,0
1191,1191,0,00003e8,00,2,2,3,8e8a0dd249cf037c,0,0,2,d1d3939d177954d8,3,1,ddef48831aaa19d7,b4b4fdd3721e3a96,b4b4fdd3721e3a96,0,0
1192,1192,0,00003ec,00,2,2,3,0000000000000008,0,0,2,5c861d169a2cda53,3,1,5364c5d694218e29,b4b4fdd3721e3a96,b4b4fdd3721e3a96,0,0
1193,1193,0,00003f0,00,2,2,3,0000000000000000,0,0,2,fe2eb4a4388473e1,3,1,8e8a0dd249cf037c,b4b4fdd3721e3a96,b4b4fdd3721e3a96,0,0
1194,1194,0,00003f4,00,2,2,3,8e80000000000000,0,0,2,737b3a2fb5d1fd6a,3,1,0000000000000008,b4b4fdd3721e3a96,b4b4fdd3721e3a96,0,0
1195,1195,0,00003f8,00,2,2,3,8e8a0dd249cfcb78,0,0,2,e485a9b3222f6ef6,3,1,0000000000000000,b4b4fdd3721e3a96,b4b4fdd3721e3a96,0,0
1196,1196,0,00003fc,00,2,2,3,00018087c744cb78,0,0,2,69d02738af7ae07d,3,1,8e80000000000000,b4b4fdd3721e3a96,b4b4fdd3721e3a96,0,0
1197,1197,0,0000000,00,3,3,3,939d177954d8462d,0,0,3,748c126eb226d52b,0,1,8e8a0dd249cfcb78,b4b4fdd3721e3a96,b4b4fdd3721e3a96,0,0
1198,1198,0,0000000,00,3,3,3,1d169a2cda53d1d3,0,0,3,748c126eb226d52b,0,1,00018087c744cb78,b4b4fdd3721e3a96,b4b4fdd3721e3a96,0,0
1199,1199,0,0000000,00,3,3,3,b4a4388473e15c86,0,0,3,7417afb7b2bd68f2,0,1,939d177954d8462d,b4b4fdd3721e3a96,b4b4fdd3721e3a96,0,0
1200,1200,0,0000000,00,3,3,3,3a2fb5d1fd6afe2e,0,0,3,7417afb7b2bd68f2,0,1,1d169a2cda53d1d3,b4b4fdd3721e3a96,b4b4fdd3721e3a96,0,0
1201,1201,0,0000003,01,3,2,2,a9b3222f6ef6737b,0,0,3,7417afb7b2bd68f2,0,1,b4a4388473e15c86,b4b4fdd3721e3a96,b4b4fdd3721e3a96,0,0
1202,1202,0,0000000,00,3,3,3,2738af7ae07de485,0,0,3,7417afb7b2bd68f2,0,1,3a2fb5d1fd6afe2e,b4b4fdd3721e3a96,b4b4fdd3721e3a96,0,0
1203,1203,0,0000000,00,3,3,3,126eb226d52b69d0,0,0,3,7417afb7b2bd68f2,0,1,a9b3222f6ef6737b,b4b4fdd3721e3a96,b4b4fdd3721e3a96,0,0
1204,1204,0,0000000,00,3,3,3,0000000000000000,0,0,3,7417afb7b2bd68f2,0,1,2738af7ae07de485,b4b4fdd3721e3a96,b4b4fdd3721e3a96,0,0
1205,1205,0,0000000,00,3,2,2,0000000000000000,0,0,2,7417afb7b2bd68f2,0,1,126eb226d52b69d0,b4b4fdd3721e3a96,b4b4fdd3721e3a96,0,0
1206,1206,0,0000000,00,3,3,3,0000000000000000,0,0,3,7417afb7b2bd68f2,0,1,0000000000000000,b4b4fdd3721e3a96,b4b4fdd3721e3a96,0,0
1207,1207,0,0000000,00,3,3,3,0000000000000000,0,0,3,7417afb7b2bd68f2,0,1,0000000000000000,b4b4fdd3721e3a96,b4b4fdd3721e3a96,0,0
1208,1208,0,0000000,01,2,2,3,0000000000000000,0,0,2,7417afb7b2bd68f2,3,1,0000000000000000,b4b4fdd3721e3a96,b4b4fdd3721e3a96,0,0
1209,1209,0,0000004,01,2,2,3,0000000000000000,0,0,2,f942213c3fe8e679,3,1,0000000000000000,b4b4fdd3721e3a96,b4b4fdd3721e3a96,0,0
1210,1210,0,0000008,01,2,2,3,0000000000000000,0,0,2,6ebcb2a0a81675e5,3,1,0000000000000000,b4b4fdd3721e3a96,b4b4fdd3721e3a96,0,0
1211,1211,0,000000c,01,2,2,3,0000000000000000,0,0,2,e3e93c2b2543fb6e,3,1,0000000000000000,b4b4fdd3721e3a96,b4b4fdd3721e3a96,0,0
1212,1212,0,0000010,01,2,2,3,0000000000000000,0,0,2,4141959987eb52dc,3,1,0000000000000000,b4b4fdd3721e3a96,b4b4fdd3721e3a96,0,0
1213,1213,0,0000014,01,2,2,3,afb0000000000000,0,0,2,cc141b120abedc57,3,1,0000000000000000,b4b4fdd3721e3a96,b4b4fdd3721e3a96,0,0
1214,1214,0,0000018,01,2,2,3,afb7b2bd68f27417,0,0,2,5bea888e9d404fcb,3,1,0000000000000000,b4b4fdd3721e3a96,b4b4fdd3721e3a96,0,0
1215,1215,0,000001c,01,2,2,3,213c3fe8e6797417,0,0,2,d6bf06051015c140,3,1,afb0000000000000,b4b4fdd3721e3a96,b4b4fdd3721e3a96,0,0
1216,1216,0,0000020,01,2,2,3,b2a0a81675e5f942,0,0,2,1ebbdbebd8111cae,3,1,afb7b2bd68f27417,b4b4fdd3721e3a96,b4b4fdd3721e3a96,0,0
1217,1217,0,0000024,01,2,2,3,3c2b2543fb6e6ebc,0,0,2,93ee556055449225,3,1,213c3fe8e6797417,b4b4fdd3721e3a96,b4b4fdd3721e3a96,0,0
1218,1218,0,0000028,01,2,2,3,959987eb52dce3e9,0,0,2,0410c6fcc2ba01b9,3,1,b2a0a81675e5f942,b4b4fdd3721e3a96,b4b4fdd3721e3a96,0,0
1219,1219,0,000002c,01,2,2,3,1b120abedc574141,0,0,2,894548774fef8f32,3,1,3c2b2543fb6e6ebc,b4b4fdd3721e3a96,b4b4fdd3721e3a96,0,0
1220,1220,0,0000030,01,2,2,3,888e9d404fcbcc14,0,0,2,2bede1c5ed472680,3,1,959987eb52dce3e9,b4b4fdd3721e3a96,b4b4fdd3721e3a96,0,0
1221,1221,0,0000034,01,2,2,3,06051015c1405bea,0,0,2,a6b86f4e6012a80b,3,1,1b120abedc574141,b4b4fdd3721e3a96,b4b4fdd3721e3a96,0,0
1222,1222,0,0000038,01,2,2,3,dbebd8111caed6bf,0,0,2,3146fcd2f7ec3b97,3,1,888e9d404fcbcc14,b4b4fdd3721e3a96,b4b4fdd3721e3a96,0,0
1223,1223,0,000003c,01,2,2,3,5560554492251ebb,0,0,2,bc1372597ab9b51c,3,1,06051015c1405bea,b4b4fdd3721e3a96,b4b4fdd3721e3a96,0,0
1224,1224,0,000000a,00,3,2,2,c6fcc2ba01b993ee,0,0,3,a14f470f67e5804a,0,1,dbebd8111caed6bf,b4b4fdd3721e3a96,b4b4fdd3721e3a96,0,0
1225,1225,0,0000040,01,2,2,3,48774fef8f320410,0,0,2,a14f470f67e5804a,3,1,5560554492251ebb,b4b4fdd3721e3a96,b4b4fdd3721e3a96,0,0
1226,1226,0,0000044,01,2,2,3,e1c5ed4726808945,0,0,2,2c1ac984eab00ec1,3,1,c6fcc2ba01b993ee,b4b4fdd3721e3a96,b4b4fdd3721e3a96,0,0
1227,1227,0,0000048,01,2,2,3,6f4e6012a80b2bed,0,0,2,bbe45a187d4e9d5d,3,1,48774fef8f320410,b4b4fdd3721e3a96,b4b4fdd3721e3a96,0,0
1228,1228,0,000004c,01,2,2,3,fcd2f7ec3b97a6b8,0,0,2,36b1d493f01b13d6,3,1,e1c5ed4726808945,b4b4fdd3721e3a96,b4b4fdd3721e3a96,0,0
1229,1229,0,0000050,01,2,2,3,72597ab9b51c3146,0,0,2,94197d2152b3ba64,3,1,6f4e6012a80b2bed,b4b4fdd3721e3a96,b4b4fdd3721e3a96,0,0
1230,1230,0,0000054,01,2,2,3,470f67e5804abc13,0,0,2,194cf3aadfe634ef,3,1,fcd2f7ec3b97a6b8,b4b4fdd3721e3a96,b4b4fdd3721e3a96,0,0
1231,1231,0,0000058,01,2,2,3,470f67e5804aa14f,0,0,2,8eb260364818a773,3,1,72597ab9b51c3146,b4b4fdd3721e3a96,b4b4fdd3721e3a96,0,0
1232,1232,0,000005c,01,2,2,3,c984eab00ec1a14f,0,0,2,03e7eebdc54d29f8,3,1,470f67e5804abc13,b4b4fdd3721e3a96,b4b4fdd3721e3a96,0,0
1233,1233,0,0000000,00,3,3,3,5a187d4e9d5d2c1a,0,0,3,cbe333530d49f416,0,1,470f67e5804aa14f,b4b4fdd3721e3a96,b4b4fdd3721e3a96,0,0
1234,1234,0,0000000,00,3,3,3,d493f01b13d6bbe4,0,0,3,cbe333530d49f416,0,1,c984eab00ec1a14f,b4b4fdd3721e3a96,b4b4fdd3721e3a96,0,0
1235,1235,0,0000000,00,3,3,3,7d2152b3ba6436b1,0,0,3,cbe333530d49f416,0,1,5a187d4e9d5d2c1a,b4b4fdd3721e3a96,b4b4fdd3721e3a96,0,0
1236,1236,0,0000000,00,3,3,3,f3aadfe634ef9419,0,0,3,cbe333530d49f416,0,1,d493f01b13d6bbe4,b4b4fdd3721e3a96,b4b4fdd3721e3a96,0,0
1237,1237,0,0000060,01,2,2,3,60364818a773194c,0,0,2,cbe333530d49f416,3,1,7d2152b3ba6436b1,b4b4fdd3721e3a96,b4b4fdd3721e3a96,0,0
1238,1238,0,0000064,01,2,2,3,eebdc54d29f88eb2,0,0,2,46b6bdd8801c7a9d,3,1,f3aadfe634ef9419,b4b4fdd3721e3a96,b4b4fdd3721e3a96,0,0
1239,1239,0,0000068,01,2,2,3,33530d49f41603e7,0,0,2,d1482e4417e2e901,3,1,60364818a773194c,b4b4fdd3721e3a96,b4b4fdd3721e3a96,0,0
1240,1240,0,000006c,01,2,2,3,0000000000000000,0,0,2,5c1da0cf9ab7678a,3,1,eebdc54d29f88eb2,b4b4fdd3721e3a96,b4b4fdd3721e3a96,0,0
1241,1241,0,0000070,01,2,2,3,0000000000000000,0,0,2,feb5097d381fce38,3,1,33530d49f41603e7,b4b4fdd3721e3a96,b4b4fdd3721e3a96,0,0
1242,1242,0,0000074,01,2,2,3,3310000000000000,0,0,2,73e087f6b54a40b3,3,1,0000000000000000,b4b4fdd3721e3a96,b4b4fdd3721e3a96,0,0
1243,1243,0,0000078,01,2,2,3,33530d49f416cbe3,0,0,2,e41e146a22b4d32f,3,1,0000000000000000,b4b4fdd3721e3a96,b4b4fdd3721e3a96,0,0
1244,1244,0,000007c,01,2,2,3,bdd8801c7a9dcbe3,0,0,2,694b9ae1afe15da4,3,1,3310000000000000,b4b4fdd3721e3a96,b4b4fdd3721e3a96,0,0
1245,1245,0,0000000,00,3,3,3,2e4417e2e90146b6,0,0,3,dea67ec6180cb983,0,1,33530d49f416cbe3,b4b4fdd3721e3a96,b4b4fdd3721e3a96,0,0
1246,1246,0,0000000,00,3,3,3,a0cf9ab7678ad148,0,0,3,dea67ec6180cb983,0,1,bdd8801c7a9dcbe3,b4b4fdd3721e3a96,b4b4fdd3721e3a96,0,0
1247,1247,0,0000000,00,3,3,3,097d381fce385c1d,0,0,3,dea67ec6180cb983,0,1,2e4417e2e90146b6,b4b4fdd3721e3a96,b4b4fdd3721e3a96,0,0
1248,1248,0,0000000,00,3,3,3,87f6b54a40b3feb5,0,0,3,dea67ec6180cb983,0,1,a0cf9ab7678ad148,b4b4fdd3721e3a96,b4b4fdd3721e3a96,0,0
1249,1249,0,0000080,01,2,2,3,146a22b4d32f73e0,0,0,2,dea67ec6180cb983,3,1,097d381fce385c1d,b4b4fdd3721e3a96,b4b4fdd3721e3a96,0,0
1250,1250,0,0000084,01,2,2,3,9ae1afe15da4e41e,0,0,2,53f3f04d95593708,3,1,87f6b54a40b3feb5,b4b4fdd3721e3a96,b4b4fdd3721e3a96,0,0
1251,1251,0,0000088,01,2,2,3,7ec6180cb983694b,0,0,2,c40d63d102a7a494,3,1,146a22b4d32f73e0,b4b4fdd3721e3a96,b4b4fdd3721e3a96,0,0
1252,1252,0,000008c,01,2,2,3,0000000000000004,0,0,2,4958ed5a8ff22a1f,3,1,9ae1afe15da4e41e,b4b4fdd3721e3a96,b4b4fdd3721e3a96,0,0
1253,1253,0,0000090,01,2,2,3,0000000000000000,0,0,2,ebf044e82d5a83ad,3,1,7ec6180cb983694b,b4b4fdd3721e3a96,b4b4fdd3721e3a96,0,0
1254,1254,0,0000094,01,2,2,3,7e80000000000000,0,0,2,66a5ca63a00f0d26,3,1,0000000000000004,b4b4fdd3721e3a96,b4b4fdd3721e3a96,0,0
1255,1255,0,0000098,01,2,2,3,7ec6180cb983dea6,0,0,2,f15b59ff37f19eba,3,1,0000000000000000,b4b4fdd3721e3a96,b4b4fdd3721e3a96,0,0
1256,1256,0,000009c,01,2,2,3,f04d95593708dea6,0,0,2,7c0ed774baa41031,3,1,7e80000000000000,b4b4fdd3721e3a96,b4b4fdd3721e3a96,0,0
1257,1257,0,0000000,00,3,3,3,63d102a7a49453f3,0,0,3,b40a0a9a72a0cddf,0,1,7ec6180cb983dea6,b4b4fdd3721e3a96,b4b4fdd3721e3a96,0,0
1258,1258,0,0000000,00,3,3,3,ed5a8ff22a1fc40d,0,0,3,b40a0a9a72a0cddf,0,1,f04d95593708dea6,b4b4fdd3721e3a96,b4b4fdd3721e3a96,0,0
1259,1259,0,0000000,00,3,3,3,44e82d5a83ad4958,0,0,3,b40a0a9a72a0cddf,0,1,63d102a7a49453f3,b4b4fdd3721e3a96,b4b4fdd3721e3a96,0,0
1260,1260,0,0000000,00,3,3,3,ca63a00f0d26ebf0,0,0,3,b40a0a9a72a0cddf,0,1,ed5a8ff22a1fc40d,b4b4fdd3721e3a96,b4b4fdd3721e3a96,0,0
1261,1261,0,00000a0,01,2,2,3,59ff37f19eba66a5,0,0,2,b40a0a9a72a0cddf,3,1,44e82d5a83ad4958,b4b4fdd3721e3a96,b4b4fdd3721e3a96,0,0
1262,1262,0,00000a4,01,2,2,3,d774baa41031f15b,0,0,2,395f8411fff54354,3,1,ca63a00f0d26ebf0,b4b4fdd3721e3a96,b4b4fdd3721e3a96,0,0
1263,1263,0,00000a8,01,2,2,3,0a9a72a0cddf7c0e,0,0,2,aea1178d680bd0c8,3,1,59ff37f19eba66a5,b4b4fdd3721e3a96,b4b4fdd3721e3a96,0,0
1264,1264,0,00000ac,01,2,2,3,0000000000000000,0,0,2,23f49906e55e5e43,3,1,d774baa41031f15b,b4b4fdd3721e3a96,b4b4fdd3721e3a96,0,0
1265,1265,0,00000b0,01,2,2,3,0000000000000000,0,0,2,815c30b447f6f7f1,3,1,0a9a72a0cddf7c0e,b4b4fdd3721e3a96,b4b4fdd3721e3a96,0,0
1266,1266,0,00000b4,01,2,2,3,0a90000000000000,0,0,2,0c09be3fcaa3797a,3,1,0000000000000000,b4b4fdd3721e3a96,b4b4fdd3721e3a96,0,0
1267,1267,0,00000b8,01,2,2,3,0a9a72a0cddfb40a,0,0,2,9bf72da35d5deae6,3,1,0000000000000000,b4b4fdd3721e3a96,b4b4fdd3721e3a96,0,0
1268,1268,0,00000bc,01,2,2,3,8411fff54354b40a,0,0,2,16a2a328d008646d,3,1,0a90000000000000,b4b4fdd3721e3a96,b4b4fdd3721e3a96,0,0
1269,1269,0,0000000,00,3,3,3,178d680bd0c8395f,0,0,3,0bfe967ecd54513b,0,1,0a9a72a0cddfb40a,b4b4fdd3721e3a96,b4b4fdd3721e3a96,0,0
1270,1270,0,0000000,00,3,3,3,9906e55e5e43aea1,0,0,3,0bfe967ecd54513b,0,1,8411fff54354b40a,b4b4fdd3721e3a96,b4b4fdd3721e3a96,0,0
1271,1271,0,0000000,00,3,3,3,30b447f6f7f123f4,0,0,3,0bfe967ecd54513b,0,1,178d680bd0c8395f,b4b4fdd3721e3a96,b4b4fdd3721e3a96,0,0
1272,1272,0,0000000,00,3,3,3,be3fcaa3797a815c,0,0,3,0bfe967ecd54513b,0,1,9906e55e5e43aea1,b4b4fdd3721e3a96,b4b4fdd3721e3a96,0,0
1273,1273,0,00000c0,01,2,2,3,2da35d5deae60c09,0,0,2,0bfe967ecd54513b,3,1,30b447f6f7f123f4,b4b4fdd3721e3a96,b4b4fdd3721e3a96,0,0
1274,1274,0,00000c4,01,2,2,3,a328d008646d9bf7,0,0,2,86ab18f54001dfb0,3,1,be3fcaa3797a815c,b4b4fdd3721e3a96,b4b4fdd3721e3a96,0,0
1275,1275,0,00000c8,01,2,2,3,967ecd54513b16a2,0,0,2,11558b69d7ff4c2c,3,1,2da35d5deae60c09,b4b4fdd3721e3a96,b4b4fdd3721e3a96,0,0
1276,1276,0,00000cc,01,2,2,3,0000000000000004,0,0,2,9c0005e25aaac2a7,3,1,a328d008646d9bf7,b4b4fdd3721e3a96,b4b4fdd3721e3a96,0,0
1277,1277,0,00000d0,01,2,2,3,0000000000000000,0,0,2,3ea8ac50f8026b15,3,1,967ecd54513b16a2,b4b4fdd3721e3a96,b4b4fdd3721e3a96,0,0
1278,1278,0,00000d4,01,2,2,3,9630000000000000,0,0,2,b3fd22db7557e59e,3,1,0000000000000004,b4b4fdd3721e3a96,b4b4fdd3721e3a96,0,0
1279,1279,0,00000d8,01,2,2,3,967ecd54513b0bfe,0,0,2,2403b147e2a97602,3,1,0000000000000000,b4b4fdd3721e3a96,b4b4fdd3721e3a96,0,0
1280,1280,0,00000dc,01,2,2,3,18f54001dfb00bfe,0,0,2,a9563fcc6ffcf889,3,1,9630000000000000,b4b4fdd3721e3a96,b4b4fdd3721e3a96,0,0
1281,1281,0,0000000,00,3,3,3,8b69d7ff4c2c86ab,0,0,3,6152e222a7f82567,0,1,967ecd54513b0bfe,b4b4fdd3721e3a96,b4b4fdd3721e3a96,0,0
1282,1282,0,0000000,00,3,3,3,05e25aaac2a71155,0,0,3,6152e222a7f82567,0,1,18f54001dfb00bfe,b4b4fdd3721e3a96,b4b4fdd3721e3a96,0,0
1283,1283,0,0000000,00,3,3,3,ac50f8026b159c00,0,0,3,6152e222a7f82567,0,1,8b69d7ff4c2c86ab,b4b4fdd3721e3a96,b4b4fdd3721e3a96,0,0
1284,1284,0,0000000,00,3,3,3,22db7557e59e3ea8,0,0,3,6152e222a7f82567,0,1,05e25aaac2a71155,b4b4fdd3721e3a96,b4b4fdd3721e3a96,0,0
1285,1285,0,00000e0,01,2,2,3,b147e2a97602b3fd,0,0,2,6152e222a7f82567,3,1,ac50f8026b159c00,b4b4fdd3721e3a96,b4b4fdd3721e3a96,0,0
1286,1286,0,00000e4,01,2,2,3,3fcc6ffcf8892403,0,0,2,ec076ca92aadabec,3,1,22db7557e59e3ea8,b4b4fdd3721e3a96,b4b4fdd3721e3a96,0,0
1287,1287,0,00000e8,01,2,2,3,e222a7f82567a956,0,0,2,7bf9ff35bd533870,3,1,b147e2a97602b3fd,b4b4fdd3721e3a96,b4b4fdd3721e3a96,0,0
1288,1288,0,00000ec,01,2,2,3,0000000000000000,0,0,2,f6ac71be3006b6fb,3,1,3fcc6ffcf8892403,b4b4fdd3721e3a96,b4b4fdd3721e3a96,0,0
1289,1289,0,00000f0,01,2,2,3,0000000000000000,0,0,2,5404d80c92ae1f49,3,1,e222a7f82567a956,b4b4fdd3721e3a96,b4b4fdd3721e3a96,0,0
1290,1290,0,00000f4,01,2,2,3,e220000000000000,0,0,2,d95156871ffb91c2,3,1,0000000000000000,b4b4fdd3721e3a96,b4b4fdd3721e3a96,0,0
1291,1291,0,00000f8,01,2,2,3,e222a7f825676152,0,0,2,4eafc51b8805025e,3,1,0000000000000000,b4b4fdd3721e3a96,b4b4fdd3721e3a96,0,0
1292,1292,0,00000fc,01,2,2,3,6ca92aadabec6152,0,0,2,c3fa4b9005508cd5,3,1,e220000000000000,b4b4fdd3721e3a96,b4b4fdd3721e3a96,0,0
1293,1293,0,0000000,00,3,3,3,ff35bd533870ec07,0,0,3,21740d54e7deca11,0,1,e222a7f825676152,b4b4fdd3721e3a96,b4b4fdd3721e3a96,0,0
1294,1294,0,0000000,00,3,3,3,71be3006b6fb7bf9,0,0,3,21740d54e7deca11,0,1,6ca92aadabec6152,b4b4fdd3721e3a96,b4b4fdd3721e3a96,0,0
1295,1295,0,0000000,00,3,3,3,d80c92ae1f49f6ac,0,0,3,21740d54e7deca11,0,1,ff35bd533870ec07,b4b4fdd3721e3a96,b4b4fdd3721e3a96,0,0
1296,1296,0,0000000,00,3,3,3,56871ffb91c25404,0,0,3,21740d54e7deca11,0,1,71be3006b6fb7bf9,b4b4fdd3721e3a96,b4b4fdd3721e3a96,0,0
1297,1297,0,0000100,01,2,2,3,c51b8805025ed951,0,0,2,21740d54e7deca11,3,1,d80c92ae1f49f6ac,b4b4fdd3721e3a96,b4b4fdd3721e3a96,0,0
1298,1298,0,0000104,01,2,2,3,4b9005508cd54eaf,0,0,2,ac2183df6a8b449a,3,1,56871ffb91c25404,b4b4fdd3721e3a96,b4b4fdd3721e3a96,0,0
1299,1299,0,0000108,01,2,2,3,0d54e7deca11c3fa,0,0,2,3bdf1043fd75d706,3,1,c51b8805025ed951,b4b4fdd3721e3a96,b4b4fdd3721e3a96,0,0
1300,1300,0,000010c,01,2,2,3,0000000000000000,0,0,2,b68a9ec87020598d,3,1,4b9005508cd54eaf,b4b4fdd3721e3a96,b4b4fdd3721e3a96,0,0
1301,1301,0,0000110,01,2,2,3,0000000000000000,0,0,2,1422377ad288f03f,3,1,0d54e7deca11c3fa,b4b4fdd3721e3a96,b4b4fdd3721e3a96,0,0
1302,1302,0,0000114,01,2,2,3,0d10000000000000,0,0,2,9977b9f15fdd7eb4,3,1,0000000000000000,b4b4fdd3721e3a96,b4b4fdd3721e3a96,0,0
1303,1303,0,0000118,01,2,2,3,0d54e7deca112174,0,0,2,0e892a6dc823ed28,3,1,0000000000000000,b4b4fdd3721e3a96,b4b4fdd3721e3a96,0,0
1304,1304,0,000011c,01,2,2,3,83df6a8b449a2174,0,0,2,83dca4e6457663a3,3,1,0d10000000000000,b4b4fdd3721e3a96,b4b4fdd3721e3a96,0,0
1305,1305,0,0000000,00,3,3,3,1043fd75d706ac21,0,0,3,4bd879088d72be4d,0,1,0d54e7deca112174,b4b4fdd3721e3a96,b4b4fdd3721e3a96,0,0
1306,1306,0,0000000,00,3,3,3,9ec87020598d3bdf,0,0,3,4bd879088d72be4d,0,1,83df6a8b449a2174,b4b4fdd3721e3a96,b4b4fdd3721e3a96,0,0
1307,1307,0,0000000,00,3,3,3,377ad288f03fb68a,0,0,3,4bd879088d72be4d,0,1,1043fd75d706ac21,b4b4fdd3721e3a96,b4b4fdd3721e3a96,0,0
1308,1308,0,0000000,00,3,3,3,b9f15fdd7eb41422,0,0,3,4bd879088d72be4d,0,1,9ec87020598d3bdf,b4b4fdd3721e3a96,b4b4fdd3721e3a96,0,0
1309,1309,0,0000120,01,2,2,3,2a6dc823ed289977,0,0,2,4bd879088d72be4d,3,1,377ad288f03fb68a,b4b4fdd3721e3a96,b4b4fdd3721e3a96,0,0
1310,1310,0,0000124,01,2,2,3,a4e6457663a30e89,0,0,2,c68df783002730c6,3,1,b9f15fdd7eb41422,b4b4fdd3721e3a96,b4b4fdd3721e3a96,0,0
1311,1311,0,0000128,01,2,2,3,79088d72be4d83dc,0,0,2,5173641f97d9a35a,3,1,2a6dc823ed289977,b4b4fdd3721e3a96,b4b4fdd3721e3a96,0,0
1312,1312,0,000012c,01,2,2,3,0000000000000008,0,0,2,dc26ea941a8c2dd1,3,1,a4e6457663a30e89,b4b4fdd3721e3a96,b4b4fdd3721e3a96,0,0
1313,1313,0,0000130,01,2,2,3,0000000000000000,0,0,2,7e8e4326b8248463,3,1,79088d72be4d83dc,b4b4fdd3721e3a96,b4b4fdd3721e3a96,0,0
1314,1314,0,0000134,01,2,2,3,7900000000000000,0,0,2,f3dbcdad35710ae8,3,1,0000000000000008,b4b4fdd3721e3a96,b4b4fdd3721e3a96,0,0
1315,1315,0,0000138,01,2,2,3,79088d72be4d4bd8,0,0,2,64255e31a28f9974,3,1,0000000000000000,b4b4fdd3721e3a96,b4b4fdd3721e3a96,0,0
1316,1316,0,000013c,01,2,2,3,f783002730c64bd8,0,0,2,e970d0ba2fda17ff,3,1,7900000000000000,b4b4fdd3721e3a96,b4b4fdd3721e3a96,0,0
1317,1317,0,0000000,00,3,3,3,641f97d9a35ac68d,0,0,3,f42ce5ec328622a9,0,1,79088d72be4d4bd8,b4b4fdd3721e3a96,b4b4fdd3721e3a96,0,0
1318,1318,0,0000000,00,3,3,3,ea941a8c2dd15173,0,0,3,f42ce5ec328622a9,0,1,f783002730c64bd8,b4b4fdd3721e3a96,b4b4fdd3721e3a96,0,0
1319,1319,0,0000000,00,3,3,3,4326b8248463dc26,0,0,3,f42ce5ec328622a9,0,1,641f97d9a35ac68d,b4b4fdd3721e3a96,b4b4fdd3721e3a96,0,0
1320,1320,0,0000000,00,3,3,3,cdad35710ae87e8e,0,0,3,f42ce5ec328622a9,0,1,ea941a8c2dd15173,b4b4fdd3721e3a96,b4b4fdd3721e3a96,0,0
1321,1321,0,0000140,01,2,2,3,5e31a28f9974f3db,0,0,2,f42ce5ec328622a9,3,1,4326b8248463dc26,b4b4fdd3721e3a96,b4b4fdd3721e3a96,0,0
1322,1322,0,0000144,01,2,2,3,d0ba2fda17ff6425,0,0,2,79796b67bfd3ac22,3,1,cdad35710ae87e8e,b4b4fdd3721e3a96,b4b4fdd3721e3a96,0,0
1323,1323,0,0000148,01,2,2,3,e5ec328622a9e970,0,0,2,ee87f8fb282d3fbe,3,1,5e31a28f9974f3db,b4b4fdd3721e3a96,b4b4fdd3721e3a96,0,0
1324,1324,0,000014c,01,2,2,3,0000000000000004,0,0,2,63d27670a578b135,3,1,d0ba2fda17ff6425,b4b4fdd3721e3a96,b4b4fdd3721e3a96,0,0
1325,1325,0,0000150,01,2,2,3,0000000000000000,0,0,2,c17adfc207d01887,3,1,e5ec328622a9e970,b4b4fdd3721e3a96,b4b4fdd3721e3a96,0,0
1326,1326,0,0000154,01,2,2,3,e5a0000000000000,0,0,2,4c2f51498a85960c,3,1,0000000000000004,b4b4fdd3721e3a96,b4b4fdd3721e3a96,0,0
1327,1327,0,0000158,01,2,2,3,e5ec328622a9f42c,0,0,2,dbd1c2d51d7b0590,3,1,0000000000000000,b4b4fdd3721e3a96,b4b4fdd3721e3a96,0,0
1328,1328,0,000015c,01,2,2,3,6b67bfd3ac22f42c,0,0,2,56844c5e902e8b1b,3,1,e5a0000000000000,b4b4fdd3721e3a96,b4b4fdd3721e3a96,0,0
1329,1329,0,0000000,00,3,3,3,f8fb282d3fbe7979,0,0,3,9e8091b0582a56f5,0,1,e5ec328622a9f42c,b4b4fdd3721e3a96,b4b4fdd3721e3a96,0,0
1330,1330,0,0000000,00,3,3,3,7670a578b135ee87,0,0,3,9e8091b0582a56f5,0,1,6b67bfd3ac22f42c,b4b4fdd3721e3a96,b4b4fdd3721e3a96,0,0
1331,1331,0,0000000,00,3,3,3,dfc207d0188763d2,0,0,3,9e8091b0582a56f5,0,1,f8fb282d3fbe7979,b4b4fdd3721e3a96,b4b4fdd3721e3a96,0,0
1332,1332,0,0000000,00,3,3,3,51498a85960cc17a,0,0,3,9e8091b0582a56f5,0,1,7670a578b135ee87,b4b4fdd3721e3a96,b4b4fdd3721e3a96,0,0
1333,1333,0,0000160,01,2,2,3,c2d51d7b05904c2f,0,0,2,9e8091b0582a56f5,3,1,dfc207d0188763d2,b4b4fdd3721e3a96,b4b4fdd3721e3a96,0,0
1334,1334,0,0000164,01,2,2,3,4c5e902e8b1bdbd1,0,0,2,13d51f3bd57fd87e,3,1,51498a85960cc17a,b4b4fdd3721e3a96,b4b4fdd3721e3a96,0,0
1335,1335,0,0000168,01,2,2,3,91b0582a56f55684,0,0,2,842b8ca742814be2,3,1,c2d51d7b05904c2f,b4b4fdd3721e3a96,b4b4fdd3721e3a96,0,0
1336,1336,0,000016c,01,2,2,3,0000000000000000,0,0,2,097e022ccfd4c569,3,1,4c5e902e8b1bdbd1,b4b4fdd3721e3a96,b4b4fdd3721e3a96,0,0
1337,1337,0,0000170,01,2,2,3,0000000000000000,0,0,2,abd6ab9e6d7c6cdb,3,1,91b0582a56f55684,b4b4fdd3721e3a96,b4b4fdd3721e3a96,0,0
1338,1338,0,0000174,01,2,2,3,91b0000000000000,0,0,2,26832515e029e250,3,1,0000000000000000,b4b4fdd3721e3a96,b4b4fdd3721e3a96,0,0
1339,1339,0,0000178,01,2,2,3,91b0582a56f59e80,0,0,2,b17db68977d771cc,3,1,0000000000000000,b4b4fdd3721e3a96,b4b4fdd3721e3a96,0,0
1340,1340,0,000017c,01,2,2,3,1f3bd57fd87e9e80,0,0,2,3c283802fa82ff47,3,1,91b0000000000000,b4b4fdd3721e3a96,b4b4fdd3721e3a96,0,0
1341,1341,0,0000000,00,3,3,3,8ca742814be213d5,0,0,3,8bc5dc254d6f1b60,0,1,91b0582a56f59e80,b4b4fdd3721e3a96,b4b4fdd3721e3a96,0,0
1342,1342,0,0000000,00,3,3,3,022ccfd4c569842b,0,0,3,8bc5dc254d6f1b60,0,1,1f3bd57fd87e9e80,b4b4fdd3721e3a96,b4b4fdd3721e3a96,0,0
1343,1343,0,0000000,00,3,3,3,ab9e6d7c6cdb097e,0,0,3,8bc5dc254d6f1b60,0,1,8ca742814be213d5,b4b4fdd3721e3a96,b4b4fdd3721e3a96,0,0
1344,1344,0,0000000,00,3,3,3,2515e029e250abd6,0,0,3,8bc5dc254d6f1b60,0,1,022ccfd4c569842b,b4b4fdd3721e3a96,b4b4fdd3721e3a96,0,0
1345,1345,0,0000180,01,2,2,3,b68977d771cc2683,0,0,2,8bc5dc254d6f1b60,3,1,ab9e6d7c6cdb097e,b4b4fdd3721e3a96,b4b4fdd3721e3a96,0,0
1346,1346,0,0000184,01,2,2,3,3802fa82ff47b17d,0,0,2,069052aec03a95eb,3,1,2515e029e250abd6,b4b4fdd3721e3a96,b4b4fdd3721e3a96,0,0
1347,1347,0,0000188,01,2,2,3,dc254d6f1b603c28,0,0,2,916ec13257c40677,3,1,b68977d771cc2683,b4b4fdd3721e3a96,b4b4fdd3721e3a96,0,0
1348,1348,0,000018c,01,2,2,3,0000000000000000,0,0,2,1c3b4fb9da9188fc,3,1,3802fa82ff47b17d,b4b4fdd3721e3a96,b4b4fdd3721e3a96,0,0
1349,1349,0,0000190,01,2,2,3,0000000000000000,0,0,2,be93e60b7839214e,3,1,dc254d6f1b603c28,b4b4fdd3721e3a96,b4b4fdd3721e3a96,0,0
1350,1350,0,0000194,01,2,2,3,dc20000000000000,0,0,2,33c66880f56cafc5,3,1,0000000000000000,b4b4fdd3721e3a96,b4b4fdd3721e3a96,0,0
1351,1351,0,0000198,01,2,2,3,dc254d6f1b608bc5,0,0,2,a438fb1c62923c59,3,1,0000000000000000,b4b4fdd3721e3a96,b4b4fdd3721e3a96,0,0
1352,1352,0,000019c,01,2,2,3,52aec03a95eb8bc5,0,0,2,296d7597efc7b2d2,3,1,dc20000000000000,b4b4fdd3721e3a96,b4b4fdd3721e3a96,0,0
1353,1353,0,0000000,00,3,3,3,c13257c406770690,0,0,3,e169a87927c36f3c,0,1,dc254d6f1b608bc5,b4b4fdd3721e3a96,b4b4fdd3721e3a96,0,0
1354,1354,0,0000000,00,3,3,3,4fb9da9188fc916e,0,0,3,e169a87927c36f3c,0,1,52aec03a95eb8bc5,b4b4fdd3721e3a96,b4b4fdd3721e3a96,0,0
1355,1355,0,0000000,00,3,3,3,e60b7839214e1c3b,0,0,3,e169a87927c36f3c,0,1,c13257c406770690,b4b4fdd3721e3a96,b4b4fdd3721e3a96,0,0
1356,1356,0,0000000,00,3,3,3,6880f56cafc5be93,0,0,3,e169a87927c36f3c,0,1,4fb9da9188fc916e,b4b4fdd3721e3a96,b4b4fdd3721e3a96,0,0
1357,1357,0,00001a0,01,2,2,3,fb1c62923c5933c6,0,0,2,e169a87927c36f3c,3,1,e60b7839214e1c3b,b4b4fdd3721e3a96,b4b4fdd3721e3a96,0,0
1358,1358,0,00001a4,01,2,2,3,7597efc7b2d2a438,0,0,2,6c3c26f2aa96e1b7,3,1,6880f56cafc5be93,b4b4fdd3721e3a96,b4b4fdd3721e3a96,0,0
1359,1359,0,00001a8,01,2,2,3,a87927c36f3c296d,0,0,2,fbc2b56e3d68722b,3,1,fb1c62923c5933c6,b4b4fdd3721e3a96,b4b4fdd3721e3a96,0,0
1360,1360,0,00001ac,01,2,2,3,0000000000000001,0,0,2,76973be5b03dfca0,3,1,7597efc7b2d2a438,b4b4fdd3721e3a96,b4b4fdd3721e3a96,0,0
1361,1361,0,00001b0,01,2,2,3,0000000000000000,0,0,2,d43f925712955512,3,1,a87927c36f3c296d,b4b4fdd3721e3a96,b4b4fdd3721e3a96,0,0
1362,1362,0,00001b4,01,2,2,3,a830000000000000,0,0,2,596a1cdc9fc0db99,3,1,0000000000000001,b4b4fdd3721e3a96,b4b4fdd3721e3a96,0,0
1363,1363,0,00001b8,01,2,2,3,a87927c36f3ce169,0,0,2,ce948f40083e4805,3,1,0000000000000000,b4b4fdd3721e3a96,b4b4fdd3721e3a96,0,0
1364,1364,0,00001bc,01,2,2,3,26f2aa96e1b7e169,0,0,2,43c101cb856bc68e,3,1,a830000000000000,b4b4fdd3721e3a96,b4b4fdd3721e3a96,0,0
1365,1365,0,0000000,00,3,3,3,b56e3d68722b6c3c,0,0,3,5e9d349d9837f3d8,0,1,a87927c36f3ce169,b4b4fdd3721e3a96,b4b4fdd3721e3a96,0,0
1366,1366,0,0000000,00,3,3,3,3be5b03dfca0fbc2,0,0,3,5e9d349d9837f3d8,0,1,26f2aa96e1b7e169,b4b4fdd3721e3a96,b4b4fdd3721e3a96,0,0
1367,1367,0,0000000,00,3,3,3,9257129555127697,0,0,3,5e9d349d9837f3d8,0,1,b56e3d68722b6c3c,b4b4fdd3721e3a96,b4b4fdd3721e3a96,0,0
1368,1368,0,0000000,00,3,3,3,1cdc9fc0db99d43f,0,0,3,5e9d349d9837f3d8,0,1,3be5b03dfca0fbc2,b4b4fdd3721e3a96,b4b4fdd3721e3a96,0,0
1369,1369,0,00001c0,01,2,2,3,8f40083e4805596a,0,0,2,5e9d349d9837f3d8,3,1,9257129555127697,b4b4fdd3721e3a96,b4b4fdd3721e3a96,0,0
1370,1370,0,00001c4,01,2,2,3,01cb856bc68ece94,0,0,2,d3c8ba1615627d53,3,1,1cdc9fc0db99d43f,b4b4fdd3721e3a96,b4b4fdd3721e3a96,0,0
1371,1371,0,00001c8,01,2,2,3,349d9837f3d843c1,0,0,2,4436298a829ceecf,3,1,8f40083e4805596a,b4b4fdd3721e3a96,b4b4fdd3721e3a96,0,0
1372,1372,0,00001cc,01,2,2,3,0000000000000000,0,0,2,c963a7010fc96044,3,1,01cb856bc68ece94,b4b4fdd3721e3a96,b4b4fdd3721e3a96,0,0
1373,1373,0,00001d0,01,2,2,3,0000000000000000,0,0,2,6bcb0eb3ad61c9f6,3,1,349d9837f3d843c1,b4b4fdd3721e3a96,b4b4fdd3721e3a96,0,0
1374,1374,0,00001d4,01,2,2,3,3490000000000000,0,0,2,e69e80382034477d,3,1,0000000000000000,b4b4fdd3721e3a96,b4b4fdd3721e3a96,0,0
1375,1375,0,00001d8,01,2,2,3,349d9837f3d85e9d,0,0,2,716013a4b7cad4e1,3,1,0000000000000000,b4b4fdd3721e3a96,b4b4fdd3721e3a96,0,0
1376,1376,0,00001dc,01,2,2,3,ba1615627d535e9d,0,0,2,fc359d2f3a9f5a6a,3,1,3490000000000000,b4b4fdd3721e3a96,b4b4fdd3721e3a96,0,0
1377,1377,0,0000000,00,3,3,3,298a829ceecfd3c8,0,0,3,343140c1f29b8784,0,1,349d9837f3d85e9d,b4b4fdd3721e3a96,b4b4fdd3721e3a96,0,0
1378,1378,0,0000000,00,3,3,3,a7010fc960444436,0,0,3,343140c1f29b8784,0,1,ba1615627d535e9d,b4b4fdd3721e3a96,b4b4fdd3721e3a96,0,0
1379,1379,0,0000000,00,3,3,3,0eb3ad61c9f6c963,0,0,3,343140c1f29b8784,0,1,298a829ceecfd3c8,b4b4fdd3721e3a96,b4b4fdd3721e3a96,0,0
1380,1380,0,0000000,00,3,3,3,80382034477d6bcb,0,0,3,343140c1f29b8784,0,1,a7010fc960444436,b4b4fdd3721e3a96,b4b4fdd3721e3a96,0,0
1381,1381,0,00001e0,01,2,2,3,13a4b7cad4e1e69e,0,0,2,343140c1f29b8784,3,1,0eb3ad61c9f6c963,b4b4fdd3721e3a96,b4b4fdd3721e3a96,0,0
1382,1382,0,00001e4,01,2,2,3,9d2f3a9f5a6a7160,0,0,2,b964ce4a7fce090f,3,1,80382034477d6bcb,b4b4fdd3721e3a96,b4b4fdd3721e3a96,0,0
1383,1383,0,00001e8,01,2,2,3,40c1f29b8784fc35,0,0,2,2e9a5dd6e8309a93,3,1,13a4b7cad4e1e69e,b4b4fdd3721e3a96,b4b4fdd3721e3a96,0,0
1384,1384,0,00001ec,01,2,2,3,0000000000000000,0,0,2,a3cfd35d65651418,3,1,9d2f3a9f5a6a7160,b4b4fdd3721e3a96,b4b4fdd3721e3a96,0,0
1385,1385,0,00001f0,01,2,2,3,0000000000000000,0,0,2,01677aefc7cdbdaa,3,1,40c1f29b8784fc35,b4b4fdd3721e3a96,b4b4fdd3721e3a96,0,0
1386,1386,0,00001f4,01,2,2,3,4080000000000000,0,0,2,8c32f4644a983321,3,1,0000000000000000,b4b4fdd3721e3a96,b4b4fdd3721e3a96,0,0
1387,1387,0,00001f8,01,2,2,3,40c1f29b87843431,0,0,2,1bcc67f8dd66a0bd,3,1,0000000000000000,b4b4fdd3721e3a96,b4b4fdd3721e3a96,0,0
1388,1388,0,00001fc,01,2,2,3,ce4a7fce090f3431,0,0,2,9699e97350332e36,3,1,4080000000000000,b4b4fdd3721e3a96,b4b4fdd3721e3a96,0,0
1389,1389,0,0000000,00,3,3,3,5dd6e8309a93b964,0,0,3,ded0ea71187a2d34,0,1,40c1f29b87843431,b4b4fdd3721e3a96,b4b4fdd3721e3a96,0,0
1390,1390,0,0000000,00,3,3,3,d35d656514182e9a,0,0,3,ded0ea71187a2d34,0,1,ce4a7fce090f3431,b4b4fdd3721e3a96,b4b4fdd3721e3a96,0,0
1391,1391,0,0000000,00,3,3,3,7aefc7cdbdaaa3cf,0,0,3,ded0ea71187a2d34,0,1,5dd6e8309a93b964,b4b4fdd3721e3a96,b4b4fdd3721e3a96,0,0
1392,1392,0,0000000,00,3,3,3,f4644a9833210167,0,0,3,ded0ea71187a2d34,0,1,d35d656514182e9a,b4b4fdd3721e3a96,b4b4fdd3721e3a96,0,0
1393,1393,0,0000200,01,2,2,3,67f8dd66a0bd8c32,0,0,2,ded0ea71187a2d34,3,1,7aefc7cdbdaaa3cf,b4b4fdd3721e3a96,b4b4fdd3721e3a96,0,0
1394,1394,0,0000204,01,2,2,3,e97350332e361bcc,0,0,2,538564fa952fa3bf,3,1,f4644a9833210167,b4b4fdd3721e3a96,b4b4fdd3721e3a96,0,0
1395,1395,0,0000208,01,2,2,3,ea71187a2d349699,0,0,2,c47bf76602d13023,3,1,67f8dd66a0bd8c32,b4b4fdd3721e3a96,b4b4fdd3721e3a96,0,0
1396,1396,0,000020c,01,2,2,3,0000000000000010,0,0,2,492e79ed8f84bea8,3,1,e97350332e361bcc,b4b4fdd3721e3a96,b4b4fdd3721e3a96,0,0
1397,1397,0,0000210,01,2,2,3,0000000000000000,0,0,2,eb86d05f2d2c171a,3,1,ea71187a2d349699,b4b4fdd3721e3a96,b4b4fdd3721e3a96,0,0
1398,1398,0,0000214,01,2,2,3,ea30000000000000,0,0,2,66d35ed4a0799991,3,1,0000000000000010,b4b4fdd3721e3a96,b4b4fdd3721e3a96,0,0
1399,1399,0,0000218,01,2,2,3,ea71187a2d34ded0,0,0,2,f12dcd4837870a0d,3,1,0000000000000000,b4b4fdd3721e3a96,b4b4fdd3721e3a96,0,0
1400,1400,0,000021c,01,2,2,3,64fa952fa3bfded0,0,0,2,7c7843c3bad28486,3,1,ea30000000000000,b4b4fdd3721e3a96,b4b4fdd3721e3a96,0,0
1401,1401,0,0000000,00,3,3,3,f76602d130235385,0,0,3,b47c9e2d72d65968,0,1,ea71187a2d34ded0,b4b4fdd3721e3a96,b4b4fdd3721e3a96,0,0
1402,1402,0,0000000,00,3,3,3,79ed8f84bea8c47b,0,0,3,b47c9e2d72d65968,0,1,64fa952fa3bfded0,b4b4fdd3721e3a96,b4b4fdd3721e3a96,0,0
1403,1403,0,0000000,00,3,3,3,d05f2d2c171a492e,0,0,3,b47c9e2d72d65968,0,1,f76602d130235385,b4b4fdd3721e3a96,b4b4fdd3721e3a96,0,0
1404,1404,0,0000000,00,3,3,3,5ed4a0799991eb86,0,0,3,b47c9e2d72d65968,0,1,79ed8f84bea8c47b,b4b4fdd3721e3a96,b4b4fdd3721e3a96,0,0
1405,1405,0,0000220,01,2,2,3,cd4837870a0d66d3,0,0,2,b47c9e2d72d65968,3,1,d05f2d2c171a492e,b4b4fdd3721e3a96,b4b4fdd3721e3a96,0,0
1406,1406,0,0000224,01,2,2,3,43c3bad28486f12d,0,0,2,392910a6ff83d7e3,3,1,5ed4a0799991eb86,b4b4fdd3721e3a96,b4b4fdd3721e3a96,0,0
1407,1407,0,0000228,01,2,2,3,9e2d72d659687c78,0,0,2,aed7833a687d447f,3,1,cd4837870a0d66d3,b4b4fdd3721e3a96,b4b4fdd3721e3a96,0,0
1408,1408,0,000022c,01,2,2,3,0000000000000008,0,0,2,23820db1e528caf4,3,1,43c3bad28486f12d,b4b4fdd3721e3a96,b4b4fdd3721e3a96,0,0
1409,1409,0,0000230,01,2,2,3,0000000000000000,0,0,2,812aa40347806346,3,1,9e2d72d659687c78,b4b4fdd3721e3a96,b4b4fdd3721e3a96,0,0
1410,1410,0,0000234,01,2,2,3,9e20000000000000,0,0,2,0c7f2a88cad5edcd,3,1,0000000000000008,b4b4fdd3721e3a96,b4b4fdd3721e3a96,0,0
1411,1411,0,0000238,01,2,2,3,9e2d72d65968b47c,0,0,2,9b81b9145d2b7e51,3,1,0000000000000000,b4b4fdd3721e3a96,b4b4fdd3721e3a96,0,0
1412,1412,0,000023c,01,2,2,3,10a6ff83d7e3b47c,0,0,2,16d4379fd07ef0da,3,1,9e20000000000000,b4b4fdd3721e3a96,b4b4fdd3721e3a96,0,0
1413,1413,0,0000000,00,3,3,3,833a687d447f3929,0,0,3,0b8802c9cd22c58c,0,1,9e2d72d65968b47c,b4b4fdd3721e3a96,b4b4fdd3721e3a96,0,0
1414,1414,0,0000000,00,3,3,3,0db1e528caf4aed7,0,0,3,0b8802c9cd22c58c,0,1,10a6ff83d7e3b47c,b4b4fdd3721e3a96,b4b4fdd3721e3a96,0,0
1415,1415,0,0000000,00,3,3,3,a403478063462382,0,0,3,0b8802c9cd22c58c,0,1,833a687d447f3929,b4b4fdd3721e3a96,b4b4fdd3721e3a96,0,0
1416,1416,0,0000000,00,3,3,3,2a88cad5edcd812a,0,0,3,0b8802c9cd22c58c,0,1,0db1e528caf4aed7,b4b4fdd3721e3a96,b4b4fdd3721e3a96,0,0
1417,1417,0,0000240,01,2,2,3,b9145d2b7e510c7f,0,0,2,0b8802c9cd22c58c,3,1,a403478063462382,b4b4fdd3721e3a96,b4b4fdd3721e3a96,0,0
1418,1418,0,0000244,01,2,2,3,379fd07ef0da9b81,0,0,2,86dd8c4240774b07,3,1,2a88cad5edcd812a,b4b4fdd3721e3a96,b4b4fdd3721e3a96,0,0
1419,1419,0,0000248,01,2,2,3,02c9cd22c58c16d4,0,0,2,11231fded789d89b,3,1,b9145d2b7e510c7f,b4b4fdd3721e3a96,b4b4fdd3721e3a96,0,0
1420,1420,0,000024c,01,2,2,3,0000000000000001,0,0,2,9c7691555adc5610,3,1,379fd07ef0da9b81,b4b4fdd3721e3a96,b4b4fdd3721e3a96,0,0
1421,1421,0,0000250,01,2,2,3,0000000000000000,0,0,2,3ede38e7f874ffa2,3,1,02c9cd22c58c16d4,b4b4fdd3721e3a96,b4b4fdd3721e3a96,0,0
1422,1422,0,0000254,01,2,2,3,0280000000000000,0,0,2,b38bb66c75217129,3,1,0000000000000001,b4b4fdd3721e3a96,b4b4fdd3721e3a96,0,0
1423,1423,0,0000258,01,2,2,3,02c9cd22c58c0b88,0,0,2,247525f0e2dfe2b5,3,1,0000000000000000,b4b4fdd3721e3a96,b4b4fdd3721e3a96,0,0
1424,1424,0,000025c,01,2,2,3,8c4240774b070b88,0,0,2,a920ab7b6f8a6c3e,3,1,0280000000000000,b4b4fdd3721e3a96,b4b4fdd3721e3a96,0,0
1425,1425,0,0000000,00,3,3,3,1fded789d89b86dd,0,0,3,61247695a78eb1d0,0,1,02c9cd22c58c0b88,b4b4fdd3721e3a96,b4b4fdd3721e3a96,0,0
1426,1426,0,0000000,00,3,3,3,91555adc56101123,0,0,3,61247695a78eb1d0,0,1,8c4240774b070b88,b4b4fdd3721e3a96,b4b4fdd3721e3a96,0,0
1427,1427,0,0000000,00,3,3,3,38e7f874ffa29c76,0,0,3,61247695a78eb1d0,0,1,1fded789d89b86dd,b4b4fdd3721e3a96,b4b4fdd3721e3a96,0,0
1428,1428,0,0000000,00,3,3,3,b66c752171293ede,0,0,3,61247695a78eb1d0,0,1,91555adc56101123,b4b4fdd3721e3a96,b4b4fdd3721e3a96,0,0
1429,1429,0,0000260,01,2,2,3,25f0e2dfe2b5b38b,0,0,2,61247695a78eb1d0,3,1,38e7f874ffa29c76,b4b4fdd3721e3a96,b4b4fdd3721e3a96,0,0
1430,1430,0,0000264,01,2,2,3,ab7b6f8a6c3e2475,0,0,2,ec71f81e2adb3f5b,3,1,b66c752171293ede,b4b4fdd3721e3a96,b4b4fdd3721e3a96,0,0
1431,1431,0,0000268,01,2,2,3,7695a78eb1d0a920,0,0,2,7b8f6b82bd25acc7,3,1,25f0e2dfe2b5b38b,b4b4fdd3721e3a96,b4b4fdd3721e3a96,0,0
1432,1432,0,000026c,01,2,2,3,0000000000000000,0,0,2,f6dae5093070224c,3,1,ab7b6f8a6c3e2475,b4b4fdd3721e3a96,b4b4fdd3721e3a96,0,0
1433,1433,0,0000270,01,2,2,3,0000000000000000,0,0,2,54724cbb92d88bfe,3,1,7695a78eb1d0a920,b4b4fdd3721e3a96,b4b4fdd3721e3a96,0,0
1434,1434,0,0000274,01,2,2,3,7690000000000000,0,0,2,d927c2301f8d0575,3,1,0000000000000000,b4b4fdd3721e3a96,b4b4fdd3721e3a96,0,0
1435,1435,0,0000278,01,2,2,3,7695a78eb1d06124,0,0,2,4ed951ac887396e9,3,1,0000000000000000,b4b4fdd3721e3a96,b4b4fdd3721e3a96,0,0
1436,1436,0,000027c,01,2,2,3,f81e2adb3f5b6124,0,0,2,c38cdf2705261862,3,1,7690000000000000,b4b4fdd3721e3a96,b4b4fdd3721e3a96,0,0
1437,1437,0,0000000,00,3,3,3,6b82bd25acc7ec71,0,0,3,74613b00b2cbfc45,0,1,7695a78eb1d06124,b4b4fdd3721e3a96,b4b4fdd3721e3a96,0,0
1438,1438,0,0000000,00,3,3,3,e5093070224c7b8f,0,0,3,74613b00b2cbfc45,0,1,f81e2adb3f5b6124,b4b4fdd3721e3a96,b4b4fdd3721e3a96,0,0
1439,1439,0,0000000,00,3,3,3,4cbb92d88bfef6da,0,0,3,74613b00b2cbfc45,0,1,6b82bd25acc7ec71,b4b4fdd3721e3a96,b4b4fdd3721e3a96,0,0
1440,1440,0,0000000,00,3,3,3,c2301f8d05755472,0,0,3,74613b00b2cbfc45,0,1,e5093070224c7b8f,b4b4fdd3721e3a96,b4b4fdd3721e3a96,0,0
1441,1441,0,0000280,01,2,2,3,51ac887396e9d927,0,0,2,74613b00b2cbfc45,3,1,4cbb92d88bfef6da,b4b4fdd3721e3a96,b4b4fdd3721e3a96,0,0
1442,1442,0,0000284,01,2,2,3,df27052618624ed9,0,0,2,f934b58b3f9e72ce,3,1,c2301f8d05755472,b4b4fdd3721e3a96,b4b4fdd3721e3a96,0,0
1443,1443,0,0000288,01,2,2,3,3b00b2cbfc45c38c,0,0,2,6eca2617a860e152,3,1,51ac887396e9d927,b4b4fdd3721e3a96,b4b4fdd3721e3a96,0,0
1444,1444,0,000028c,01,2,2,3,0000000000000000,0,0,2,e39fa89c25356fd9,3,1,df27052618624ed9,b4b4fdd3721e3a96,b4b4fdd3721e3a96,0,0
1445,1445,0,0000290,01,2,2,3,0000000000000000,0,0,2,4137012e879dc66b,3,1,3b00b2cbfc45c38c,b4b4fdd3721e3a96,b4b4fdd3721e3a96,0,0
1446,1446,0,0000294,01,2,2,3,3b00000000000000,0,0,2,cc628fa50ac848e0,3,1,0000000000000000,b4b4fdd3721e3a96,b4b4fdd3721e3a96,0,0
1447,1447,0,0000298,01,2,2,3,3b00b2cbfc457461,0,0,2,5b9c1c399d36db7c,3,1,0000000000000000,b4b4fdd3721e3a96,b4b4fdd3721e3a96,0,0
1448,1448,0,000029c,01,2,2,3,b58b3f9e72ce7461,0,0,2,d6c992b2106355f7,3,1,3b00000000000000,b4b4fdd3721e3a96,b4b4fdd3721e3a96,0,0
1449,1449,0,0000000,00,3,3,3,2617a860e152f934,0,0,3,1ecd4f5cd8678819,0,1,3b00b2cbfc457461,b4b4fdd3721e3a96,b4b4fdd3721e3a96,0,0
1450,1450,0,0000000,00,3,3,3,a89c25356fd96eca,0,0,3,1ecd4f5cd8678819,0,1,b58b3f9e72ce7461,b4b4fdd3721e3a96,b4b4fdd3721e3a96,0,0
1451,1451,0,0000000,00,3,3,3,012e879dc66be39f,0,0,3,1ecd4f5cd8678819,0,1,2617a860e152f934,b4b4fdd3721e3a96,b4b4fdd3721e3a96,0,0
1452,1452,0,0000000,00,3,3,3,8fa50ac848e04137,0,0,3,1ecd4f5cd8678819,0,1,a89c25356fd96eca,b4b4fdd3721e3a96,b4b4fdd3721e3a96,0,0
1453,1453,0,00002a0,01,2,2,3,1c399d36db7ccc62,0,0,2,1ecd4f5cd8678819,3,1,012e879dc66be39f,b4b4fdd3721e3a96,b4b4fdd3721e3a96,0,0
1454,1454,0,00002a4,01,2,2,3,92b2106355f75b9c,0,0,2,9398c1d755320692,3,1,8fa50ac848e04137,b4b4fdd3721e3a96,b4b4fdd3721e3a96,0,0
1455,1455,0,00002a8,01,2,2,3,4f5cd8678819d6c9,0,0,2,0466524bc2cc950e,3,1,1c399d36db7ccc62,b4b4fdd3721e3a96,b4b4fdd3721e3a96,0,0
1456,1456,0,00002ac,01,2,2,3,0000000000000004,0,0,2,8933dcc04f991b85,3,1,92b2106355f75b9c,b4b4fdd3721e3a96,b4b4fdd3721e3a96,0,0
1457,1457,0,00002b0,01,2,2,3,0000000000000000,0,0,2,2b9b7572ed31b237,3,1,4f5cd8678819d6c9,b4b4fdd3721e3a96,b4b4fdd3721e3a96,0,0
1458,1458,0,00002b4,01,2,2,3,4f10000000000000,0,0,2,a6cefbf960643cbc,3,1,0000000000000004,b4b4fdd3721e3a96,b4b4fdd3721e3a96,0,0
1459,1459,0,00002b8,01,2,2,3,4f5cd86788191ecd,0,0,2,31306865f79aaf20,3,1,0000000000000000,b4b4fdd3721e3a96,b4b4fdd3721e3a96,0,0
1460,1460,0,00002bc,01,2,2,3,c1d7553206921ecd,0,0,2,bc65e6ee7acf21ab,3,1,4f10000000000000,b4b4fdd3721e3a96,b4b4fdd3721e3a96,0,0
1461,1461,0,0000000,00,3,3,3,524bc2cc950e9398,0,0,3,a139d3b8679314fd,0,1,4f5cd86788191ecd,b4b4fdd3721e3a96,b4b4fdd3721e3a96,0,0
1462,1462,0,0000000,00,3,3,3,dcc04f991b850466,0,0,3,a139d3b8679314fd,0,1,c1d7553206921ecd,b4b4fdd3721e3a96,b4b4fdd3721e3a96,0,0
1463,1463,0,0000000,00,3,3,3,7572ed31b2378933,0,0,3,a139d3b8679314fd,0,1,524bc2cc950e9398,b4b4fdd3721e3a96,b4b4fdd3721e3a96,0,0
1464,1464,0,0000000,00,3,3,3,fbf960643cbc2b9b,0,0,3,a139d3b8679314fd,0,1,dcc04f991b850466,b4b4fdd3721e3a96,b4b4fdd3721e3a96,0,0
1465,1465,0,00002c0,01,2,2,3,6865f79aaf20a6ce,0,0,2,a139d3b8679314fd,3,1,7572ed31b2378933,b4b4fdd3721e3a96,b4b4fdd3721e3a96,0,0
1466,1466,0,00002c4,01,2,2,3,e6ee7acf21ab3130,0,0,2,2c6c5d33eac69a76,3,1,fbf960643cbc2b9b,b4b4fdd3721e3a96,b4b4fdd3721e3a96,0,0
1467,1467,0,00002c8,01,2,2,3,d3b8679314fdbc65,0,0,2,bb92ceaf7d3809ea,3,1,6865f79aaf20a6ce,b4b4fdd3721e3a96,b4b4fdd3721e3a96,0,0
1468,1468,0,00002cc,01,2,2,3,0000000000000000,0,0,2,36c74024f06d8761,3,1,e6ee7acf21ab3130,b4b4fdd3721e3a96,b4b4fdd3721e3a96,0,0
1469,1469,0,00002d0,01,2,2,3,0000000000000000,0,0,2,946fe99652c52ed3,3,1,d3b8679314fdbc65,b4b4fdd3721e3a96,b4b4fdd3721e3a96,0,0
1470,1470,0,00002d4,01,2,2,3,d3b0000000000000,0,0,2,193a671ddf90a058,3,1,0000000000000000,b4b4fdd3721e3a96,b4b4fdd3721e3a96,0,0
1471,1471,0,00002d8,01,2,2,3,d3b8679314fda139,0,0,2,8ec4f481486e33c4,3,1,0000000000000000,b4b4fdd3721e3a96,b4b4fdd3721e3a96,0,0
1472,1472,0,00002dc,01,2,2,3,5d33eac69a76a139,0,0,2,03917a0ac53bbd4f,3,1,d3b0000000000000,b4b4fdd3721e3a96,b4b4fdd3721e3a96,0,0
1473,1473,0,0000000,00,3,3,3,ceaf7d3809ea2c6c,0,0,3,cb95a7e40d3f60a1,0,1,d3b8679314fda139,b4b4fdd3721e3a96,b4b4fdd3721e3a96,0,0
1474,1474,0,0000000,00,3,3,3,4024f06d8761bb92,0,0,3,cb95a7e40d3f60a1,0,1,5d33eac69a76a139,b4b4fdd3721e3a96,b4b4fdd3721e3a96,0,0
1475,1475,0,0000000,00,3,3,3,e99652c52ed336c7,0,0,3,cb95a7e40d3f60a1,0,1,ceaf7d3809ea2c6c,b4b4fdd3721e3a96,b4b4fdd3721e3a96,0,0
1476,1476,0,0000000,00,3,3,3,671ddf90a058946f,0,0,3,cb95a7e40d3f60a1,0,1,4024f06d8761bb92,b4b4fdd3721e3a96,b4b4fdd3721e3a96,0,0
1477,1477,0,00002e0,01,2,2,3,f481486e33c4193a,0,0,2,cb95a7e40d3f60a1,3,1,e99652c52ed336c7,b4b4fdd3721e3a96,b4b4fdd3721e3a96,0,0
1478,1478,0,00002e4,01,2,2,3,7a0ac53bbd4f8ec4,0,0,2,46c0296f806aee2a,3,1,671ddf90a058946f,b4b4fdd3721e3a96,b4b4fdd3721e3a96,0,0
1479,1479,0,00002e8,01,2,2,3,a7e40d3f60a10391,0,0,2,d13ebaf317947db6,3,1,f481486e33c4193a,b4b4fdd3721e3a96,b4b4fdd3721e3a96,0,0
1480,1480,0,00002ec,01,2,2,3,0000000000000000,0,0,2,5c6b34789ac1f33d,3,1,7a0ac53bbd4f8ec4,b4b4fdd3721e3a96,b4b4fdd3721e3a96,0,0
1481,1481,0,00002f0,01,2,2,3,0000000000000000,0,0,2,fec39dca38695a8f,3,1,a7e40d3f60a10391,b4b4fdd3721e3a96,b4b4fdd3721e3a96,0,0
1482,1482,0,00002f4,01,2,2,3,a7a0000000000000,0,0,2,73961341b53cd404,3,1,0000000000000000,b4b4fdd3721e3a96,b4b4fdd3721e3a96,0,0
1483,1483,0,00002f8,01,2,2,3,a7e40d3f60a1cb95,0,0,2,e46880dd22c24798,3,1,0000000000000000,b4b4fdd3721e3a96,b4b4fdd3721e3a96,0,0
1484,1484,0,00002fc,01,2,2,3,296f806aee2acb95,0,0,2,693d0e56af97c913,3,1,a7a0000000000000,b4b4fdd3721e3a96,b4b4fdd3721e3a96,0,0
1485,1485,0,0000000,00,3,3,3,baf317947db646c0,0,0,3,8bb348924d198fd7,0,1,a7e40d3f60a1cb95,b4b4fdd3721e3a96,b4b4fdd3721e3a96,0,0
1486,1486,0,0000000,00,3,3,3,34789ac1f33dd13e,0,0,3,8bb348924d198fd7,0,1,296f806aee2acb95,b4b4fdd3721e3a96,b4b4fdd3721e3a96,0,0
1487,1487,0,0000000,00,3,3,3,9dca38695a8f5c6b,0,0,3,8bb348924d198fd7,0,1,baf317947db646c0,b4b4fdd3721e3a96,b4b4fdd3721e3a96,0,0
1488,1488,0,0000000,00,3,3,3,1341b53cd404fec3,0,0,3,8bb348924d198fd7,0,1,34789ac1f33dd13e,b4b4fdd3721e3a96,b4b4fdd3721e3a96,0,0
1489,1489,0,0000300,01,2,2,3,80dd22c247987396,0,0,2,8bb348924d198fd7,3,1,9dca38695a8f5c6b,b4b4fdd3721e3a96,b4b4fdd3721e3a96,0,0
1490,1490,0,0000304,01,2,2,3,0e56af97c913e468,0,0,2,06e6c619c04c015c,3,1,1341b53cd404fec3,b4b4fdd3721e3a96,b4b4fdd3721e3a96,0,0
1491,1491,0,0000308,01,2,2,3,48924d198fd7693d,0,0,2,9118558557b292c0,3,1,80dd22c247987396,b4b4fdd3721e3a96,b4b4fdd3721e3a96,0,0
1492,1492,0,000030c,01,2,2,3,0000000000000000,0,0,2,1c4ddb0edae71c4b,3,1,0e56af97c913e468,b4b4fdd3721e3a96,b4b4fdd3721e3a96,0,0
1493,1493,0,0000310,01,2,2,3,0000000000000000,0,0,2,bee572bc784fb5f9,3,1,48924d198fd7693d,b4b4fdd3721e3a96,b4b4fdd3721e3a96,0,0
1494,1494,0,0000314,01,2,2,3,4890000000000000,0,0,2,33b0fc37f51a3b72,3,1,0000000000000000,b4b4fdd3721e3a96,b4b4fdd3721e3a96,0,0
1495,1495,0,0000318,01,2,2,3,48924d198fd78bb3,0,0,2,a44e6fab62e4a8ee,3,1,0000000000000000,b4b4fdd3721e3a96,b4b4fdd3721e3a96,0,0
1496,1496,0,000031c,01,2,2,3,c619c04c015c8bb3,0,0,2,291be120efb12665,3,1,4890000000000000,b4b4fdd3721e3a96,b4b4fdd3721e3a96,0,0
1497,1497,0,0000000,00,3,3,3,558557b292c006e6,0,0,3,e11f3cce27b5fb8b,0,1,48924d198fd78bb3,b4b4fdd3721e3a96,b4b4fdd3721e3a96,0,0
1498,1498,0,0000000,00,3,3,3,db0edae71c4b9118,0,0,3,e11f3cce27b5fb8b,0,1,c619c04c015c8bb3,b4b4fdd3721e3a96,b4b4fdd3721e3a96,0,0
1499,1499,0,0000000,00,3,3,3,72bc784fb5f91c4d,0,0,3,e11f3cce27b5fb8b,0,1,558557b292c006e6,b4b4fdd3721e3a96,b4b4fdd3721e3a96,0,0
1500,1500,0,0000000,00,3,3,3,fc37f51a3b72bee5,0,0,3,e11f3cce27b5fb8b,0,1,db0edae71c4b9118,b4b4fdd3721e3a96,b4b4fdd3721e3a96,0,0
1501,1501,0,0000320,01,2,2,3,6fab62e4a8ee33b0,0,0,2,e11f3cce27b5fb8b,3,1,72bc784fb5f91c4d,b4b4fdd3721e3a96,b4b4fdd3721e3a96,0,0
1502,1502,0,0000324,01,2,2,3,e120efb12665a44e,0,0,2,6c4ab245aae07500,3,1,fc37f51a3b72bee5,b4b4fdd3721e3a96,b4b4fdd3721e3a96,0,0
1503,1503,0,0000328,01,2,2,3,3cce27b5fb8b291b,0,0,2,fbb421d93d1ee69c,3,1,6fab62e4a8ee33b0,b4b4fdd3721e3a96,b4b4fdd3721e3a96,0,0
1504,1504,0,000032c,01,2,2,3,0000000000000004,0,0,2,76e1af52b04b6817,3,1,e120efb12665a44e,b4b4fdd3721e3a96,b4b4fdd3721e3a96,0,0
1505,1505,0,0000330,01,2,2,3,0000000000000000,0,0,2,d44906e012e3c1a5,3,1,3cce27b5fb8b291b,b4b4fdd3721e3a96,b4b4fdd3721e3a96,0,0
1506,1506,0,0000334,01,2,2,3,3c80000000000000,0,0,2,591c886b9fb64f2e,3,1,0000000000000004,b4b4fdd3721e3a96,b4b4fdd3721e3a96,0,0
1507,1507,0,0000338,01,2,2,3,3cce27b5fb8be11f,0,0,2,cee21bf70848dcb2,3,1,0000000000000000,b4b4fdd3721e3a96,b4b4fdd3721e3a96,0,0
1508,1508,0,000033c,01,2,2,3,b245aae07500e11f,0,0,2,43b7957c851d5239,3,1,3c80000000000000,b4b4fdd3721e3a96,b4b4fdd3721e3a96,0,0
1509,1509,0,0000000,00,3,3,3,21d93d1ee69c6c4a,0,0,3,5eeba02a9841676f,0,1,3cce27b5fb8be11f,b4b4fdd3721e3a96,b4b4fdd3721e3a96,0,0
1510,1510,0,0000000,00,3,3,3,af52b04b6817fbb4,0,0,3,5eeba02a9841676f,0,1,b245aae07500e11f,b4b4fdd3721e3a96,b4b4fdd3721e3a96,0,0
1511,1511,0,0000000,00,3,3,3,06e012e3c1a576e1,0,0,3,5eeba02a9841676f,0,1,21d93d1ee69c6c4a,b4b4fdd3721e3a96,b4b4fdd3721e3a96,0,0
1512,1512,0,0000000,00,3,3,3,886b9fb64f2ed449,0,0,3,5eeba02a9841676f,0,1,af52b04b6817fbb4,b4b4fdd3721e3a96,b4b4fdd3721e3a96,0,0
1513,1513,0,0000340,01,2,2,3,1bf70848dcb2591c,0,0,2,5eeba02a9841676f,3,1,06e012e3c1a576e1,b4b4fdd3721e3a96,b4b4fdd3721e3a96,0,0
1514,1514,0,0000344,01,2,2,3,957c851d5239cee2,0,0,2,d3be2ea11514e9e4,3,1,886b9fb64f2ed449,b4b4fdd3721e3a96,b4b4fdd3721e3a96,0,0
1515,1515,0,0000348,01,2,2,3,a02a9841676f43b7,0,0,2,4440bd3d82ea7a78,3,1,1bf70848dcb2591c,b4b4fdd3721e3a96,b4b4fdd3721e3a96,0,0
1516,1516,0,000034c,01,2,2,3,0000000000000008,0,0,2,c91533b60fbff4f3,3,1,957c851d5239cee2,b4b4fdd3721e3a96,b4b4fdd3721e3a96,0,0
1517,1517,0,0000350,01,2,2,3,0000000000000000,0,0,2,6bbd9a04ad175d41,3,1,a02a9841676f43b7,b4b4fdd3721e3a96,b4b4fdd3721e3a96,0,0
1518,1518,0,0000354,01,2,2,3,a020000000000000,0,0,2,e6e8148f2042d3ca,3,1,0000000000000008,b4b4fdd3721e3a96,b4b4fdd3721e3a96,0,0
1519,1519,0,0000358,01,2,2,3,a02a9841676f5eeb,0,0,2,71168713b7bc4056,3,1,0000000000000000,b4b4fdd3721e3a96,b4b4fdd3721e3a96,0,0
1520,1520,0,000035c,01,2,2,3,2ea11514e9e45eeb,0,0,2,fc4309983ae9cedd,3,1,a020000000000000,b4b4fdd3721e3a96,b4b4fdd3721e3a96,0,0
1521,1521,0,0000000,00,3,3,3,bd3d82ea7a78d3be,0,0,3,3447d476f2ed1333,0,1,a02a9841676f5eeb,b4b4fdd3721e3a96,b4b4fdd3721e3a96,0,0
1522,1522,0,0000000,00,3,3,3,33b60fbff4f34440,0,0,3,3447d476f2ed1333,0,1,2ea11514e9e45eeb,b4b4fdd3721e3a96,b4b4fdd3721e3a96,0,0
1523,1523,0,0000000,00,3,3,3,9a04ad175d41c915,0,0,3,3447d476f2ed1333,0,1,bd3d82ea7a78d3be,b4b4fdd3721e3a96,b4b4fdd3721e3a96,0,0
1524,1524,0,0000000,00,3,3,3,148f2042d3ca6bbd,0,0,3,3447d476f2ed1333,0,1,33b60fbff4f34440,b4b4fdd3721e3a96,b4b4fdd3721e3a96,0,0
1525,1525,0,0000360,01,2,2,3,8713b7bc4056e6e8,0,0,2,3447d476f2ed1333,3,1,9a04ad175d41c915,b4b4fdd3721e3a96,b4b4fdd3721e3a96,0,0
1526,1526,0,0000364,01,2,2,3,09983ae9cedd7116,0,0,2,b9125afd7fb89db8,3,1,148f2042d3ca6bbd,b4b4fdd3721e3a96,b4b4fdd3721e3a96,0,0
1527,1527,0,0000368,01,2,2,3,d476f2ed1333fc43,0,0,2,2eecc961e8460e24,3,1,8713b7bc4056e6e8,b4b4fdd3721e3a96,b4b4fdd3721e3a96,0,0
1528,1528,0,000036c,01,2,2,3,0000000000000000,0,0,2,a3b947ea651380af,3,1,09983ae9cedd7116,b4b4fdd3721e3a96,b4b4fdd3721e3a96,0,0
1529,1529,0,0000370,01,2,2,3,0000000000000000,0,0,2,0111ee58c7bb291d,3,1,d476f2ed1333fc43,b4b4fdd3721e3a96,b4b4fdd3721e3a96,0,0
1530,1530,0,0000374,01,2,2,3,d430000000000000,0,0,2,8c4460d34aeea796,3,1,0000000000000000,b4b4fdd3721e3a96,b4b4fdd3721e3a96,0,0
1531,1531,0,0000378,01,2,2,3,d476f2ed13333447,0,0,2,1bbaf34fdd10340a,3,1,0000000000000000,b4b4fdd3721e3a96,b4b4fdd3721e3a96,0,0
1532,1532,0,000037c,01,2,2,3,5afd7fb89db83447,0,0,2,96ef7dc45045ba81,3,1,d430000000000000,b4b4fdd3721e3a96,b4b4fdd3721e3a96,0,0
1533,1533,0,0000000,00,3,3,3,c961e8460e24b912,0,0,3,210299e3e7a85ea6,0,1,d476f2ed13333447,b4b4fdd3721e3a96,b4b4fdd3721e3a96,0,0
1534,1534,0,0000000,00,3,3,3,47ea651380af2eec,0,0,3,210299e3e7a85ea6,0,1,5afd7fb89db83447,b4b4fdd3721e3a96,b4b4fdd3721e3a96,0,0
1535,1535,0,0000000,00,3,3,3,ee58c7bb291da3b9,0,0,3,210299e3e7a85ea6,0,1,c961e8460e24b912,b4b4fdd3721e3a96,b4b4fdd3721e3a96,0,0
1536,1536,0,0000000,00,3,3,3,60d34aeea7960111,0,0,3,210299e3e7a85ea6,0,1,47ea651380af2eec,b4b4fdd3721e3a96,b4b4fdd3721e3a96,0,0
1537,1537,0,0000380,01,2,2,3,f34fdd10340a8c44,0,0,2,210299e3e7a85ea6,3,1,ee58c7bb291da3b9,b4b4fdd3721e3a96,b4b4fdd3721e3a96,0,0
1538,1538,0,0000384,01,2,2,3,7dc45045ba811bba,0,0,2,ac5717686afdd02d,3,1,60d34aeea7960111,b4b4fdd3721e3a96,b4b4fdd3721e3a96,0,0
1539,1539,0,0000388,01,2,2,3,99e3e7a85ea696ef,0,0,2,3ba984f4fd0343b1,3,1,f34fdd10340a8c44,b4b4fdd3721e3a96,b4b4fdd3721e3a96,0,0
1540,1540,0,000038c,01,2,2,3,0000000000000000,0,0,2,b6fc0a7f7056cd3a,3,1,7dc45045ba811bba,b4b4fdd3721e3a96,b4b4fdd3721e3a96,0,0
1541,1541,0,0000390,01,2,2,3,0000000000000000,0,0,2,1454a3cdd2fe6488,3,1,99e3e7a85ea696ef,b4b4fdd3721e3a96,b4b4fdd3721e3a96,0,0
1542,1542,0,0000394,01,2,2,3,99a0000000000000,0,0,2,99012d465fabea03,3,1,0000000000000000,b4b4fdd3721e3a96,b4b4fdd3721e3a96,0,0
1543,1543,0,0000398,01,2,2,3,99e3e7a85ea62102,0,0,2,0effbedac855799f,3,1,0000000000000000,b4b4fdd3721e3a96,b4b4fdd3721e3a96,0,0
1544,1544,0,000039c,01,2,2,3,17686afdd02d2102,0,0,2,83aa30514500f714,3,1,99a0000000000000,b4b4fdd3721e3a96,b4b4fdd3721e3a96,0,0
1545,1545,0,0000000,00,3,3,3,84f4fd0343b1ac57,0,0,3,4baeedbf8d042afa,0,1,99e3e7a85ea62102,b4b4fdd3721e3a96,b4b4fdd3721e3a96,0,0
1546,1546,0,0000000,00,3,3,3,0a7f7056cd3a3ba9,0,0,3,4baeedbf8d042afa,0,1,17686afdd02d2102,b4b4fdd3721e3a96,b4b4fdd3721e3a96,0,0
1547,1547,0,0000000,00,3,3,3,a3cdd2fe6488b6fc,0,0,3,4baeedbf8d042afa,0,1,84f4fd0343b1ac57,b4b4fdd3721e3a96,b4b4fdd3721e3a96,0,0
1548,1548,0,0000000,00,3,3,3,2d465fabea031454,0,0,3,4baeedbf8d042afa,0,1,0a7f7056cd3a3ba9,b4b4fdd3721e3a96,b4b4fdd3721e3a96,0,0
1549,1549,0,00003a0,01,2,2,3,bedac855799f9901,0,0,2,4baeedbf8d042afa,3,1,a3cdd2fe6488b6fc,b4b4fdd3721e3a96,b4b4fdd3721e3a96,0,0
1550,1550,0,00003a4,01,2,2,3,30514500f7140eff,0,0,2,c6fb63340051a471,3,1,2d465fabea031454,b4b4fdd3721e3a96,b4b4fdd3721e3a96,0,0
1551,1551,0,00003a8,01,2,2,3,edbf8d042afa83aa,0,0,2,5105f0a897af37ed,3,1,bedac855799f9901,b4b4fdd3721e3a96,b4b4fdd3721e3a96,0,0
1552,1552,0,00003ac,01,2,2,3,0000000000000000,0,0,2,dc507e231afab966,3,1,30514500f7140eff,b4b4fdd3721e3a96,b4b4fdd3721e3a96,0,0
1553,1553,0,00003b0,01,2,2,3,0000000000000000,0,0,2,7ef8d791b85210d4,3,1,edbf8d042afa83aa,b4b4fdd3721e3a96,b4b4fdd3721e3a96,0,0
1554,1554,0,00003b4,01,2,2,3,edb0000000000000,0,0,2,f3ad591a35079e5f,3,1,0000000000000000,b4b4fdd3721e3a96,b4b4fdd3721e3a96,0,0
1555,1555,0,00003b8,01,2,2,3,edbf8d042afa4bae,0,0,2,6453ca86a2f90dc3,3,1,0000000000000000,b4b4fdd3721e3a96,b4b4fdd3721e3a96,0,0
1556,1556,0,00003bc,01,2,2,3,63340051a4714bae,0,0,2,e906440d2fac8348,3,1,edb0000000000000,b4b4fdd3721e3a96,b4b4fdd3721e3a96,0,0
1557,1557,0,0000000,00,3,3,3,f0a897af37edc6fb,0,0,3,f45a715b32f0b61e,0,1,edbf8d042afa4bae,b4b4fdd3721e3a96,b4b4fdd3721e3a96,0,0
1558,1558,0,0000000,00,3,3,3,7e231afab9665105,0,0,3,f45a715b32f0b61e,0,1,63340051a4714bae,b4b4fdd3721e3a96,b4b4fdd3721e3a96,0,0
1559,1559,0,0000000,00,3,3,3,d791b85210d4dc50,0,0,3,f45a715b32f0b61e,0,1,f0a897af37edc6fb,b4b4fdd3721e3a96,b4b4fdd3721e3a96,0,0
1560,1560,0,0000000,00,3,3,3,591a35079e5f7ef8,0,0,3,f45a715b32f0b61e,0,1,7e231afab9665105,b4b4fdd3721e3a96,b4b4fdd3721e3a96,0,0
1561,1561,0,00003c0,01,2,2,3,ca86a2f90dc3f3ad,0,0,2,f45a715b32f0b61e,3,1,d791b85210d4dc50,b4b4fdd3721e3a96,b4b4fdd3721e3a96,0,0
1562,1562,0,00003c4,01,2,2,3,440d2fac83486453,0,0,2,790fffd0bfa53895,3,1,591a35079e5f7ef8,b4b4fdd3721e3a96,b4b4fdd3721e3a96,0,0
1563,1563,0,00003c8,01,2,2,3,715b32f0b61ee906,0,0,2,eef16c4c285bab09,3,1,ca86a2f90dc3f3ad,b4b4fdd3721e3a96,b4b4fdd3721e3a96,0,0
1564,1564,0,00003cc,01,2,2,3,0000000000000001,0,0,2,63a4e2c7a50e2582,3,1,440d2fac83486453,b4b4fdd3721e3a96,b4b4fdd3721e3a96,0,0
1565,1565,0,00003d0,01,2,2,3,0000000000000000,0,0,2,c10c4b7507a68c30,3,1,715b32f0b61ee906,b4b4fdd3721e3a96,b4b4fdd3721e3a96,0,0
1566,1566,0,00003d4,01,2,2,3,7110000000000000,0,0,2,4c59c5fe8af302bb,3,1,0000000000000001,b4b4fdd3721e3a96,b4b4fdd3721e3a96,0,0
1567,1567,0,00003d8,01,2,2,3,715b32f0b61ef45a,0,0,2,dba756621d0d9127,3,1,0000000000000000,b4b4fdd3721e3a96,b4b4fdd3721e3a96,0,0
1568,1568,0,00003dc,01,2,2,3,ffd0bfa53895f45a,0,0,2,56f2d8e990581fac,3,1,7110000000000000,b4b4fdd3721e3a96,b4b4fdd3721e3a96,0,0
1569,1569,0,0000000,00,3,3,3,6c4c285bab09790f,0,0,3,9ef60507585cc242,0,1,715b32f0b61ef45a,b4b4fdd3721e3a96,b4b4fdd3721e3a96,0,0
1570,1570,0,0000000,00,3,3,3,e2c7a50e2582eef1,0,0,3,9ef60507585cc242,0,1,ffd0bfa53895f45a,b4b4fdd3721e3a96,b4b4fdd3721e3a96,0,0
1571,1571,0,0000000,00,3,3,3,4b7507a68c3063a4,0,0,3,9ef60507585cc242,0,1,6c4c285bab09790f,b4b4fdd3721e3a96,b4b4fdd3721e3a96,0,0
1572,1572,0,0000000,00,3,3,3,c5fe8af302bbc10c,0,0,3,9ef60507585cc242,0,1,e2c7a50e2582eef1,b4b4fdd3721e3a96,b4b4fdd3721e3a96,0,0
1573,1573,0,00003e0,01,2,2,3,56621d0d91274c59,0,0,2,9ef60507585cc242,3,1,4b7507a68c3063a4,b4b4fdd3721e3a96,b4b4fdd3721e3a96,0,0
1574,1574,0,00003e4,01,2,2,3,d8e990581facdba7,0,0,2,13a38b8cd5094cc9,3,1,c5fe8af302bbc10c,b4b4fdd3721e3a96,b4b4fdd3721e3a96,0,0
1575,1575,0,00003e8,01,2,2,3,0507585cc24256f2,0,0,2,845d181042f7df55,3,1,56621d0d91274c59,b4b4fdd3721e3a96,b4b4fdd3721e3a96,0,0
1576,1576,0,00003ec,01,2,2,3,0000000000000001,0,0,2,0908969bcfa251de,3,1,d8e990581facdba7,b4b4fdd3721e3a96,b4b4fdd3721e3a96,0,0
1577,1577,0,00003f0,01,2,2,3,0000000000000000,0,0,2,aba03f296d0af86c,3,1,0507585cc24256f2,b4b4fdd3721e3a96,b4b4fdd3721e3a96,0,0
1578,1578,0,00003f4,01,2,2,3,0500000000000000,0,0,2,26f5b1a2e05f76e7,3,1,0000000000000001,b4b4fdd3721e3a96,b4b4fdd3721e3a96,0,0
1579,1579,0,00003f8,01,2,2,3,0507585cc2429ef6,0,0,2,b10b223e77a1e57b,3,1,0000000000000000,b4b4fdd3721e3a96,b4b4fdd3721e3a96,0,0
1580,1580,0,00003fc,01,2,2,3,8b8cd5094cc99ef6,0,0,2,3c5eacb5faf46bf0,3,1,0500000000000000,b4b4fdd3721e3a96,b4b4fdd3721e3a96,0,0
1581,1581,0,0000000,00,3,3,3,181042f7df5513a3,0,0,3,210299e3e7a85ea6,0,1,0507585cc2429ef6,b4b4fdd3721e3a96,b4b4fdd3721e3a96,0,0
1582,1582,0,0000000,00,3,3,3,969bcfa251de845d,0,0,3,210299e3e7a85ea6,0,1,8b8cd5094cc99ef6,b4b4fdd3721e3a96,b4b4fdd3721e3a96,0,0
1583,1583,0,0000000,00,3,3,3,3f296d0af86c0908,0,0,3,8a8433204c2ef465,0,1,181042f7df5513a3,b4b4fdd3721e3a96,b4b4fdd3721e3a96,0,0
1584,1584,0,0000000,00,3,3,3,b1a2e05f76e7aba0,0,0,3,8a8433204c2ef465,0,1,969bcfa251de845d,b4b4fdd3721e3a96,b4b4fdd3721e3a96,0,0
1585,1585,0,0000003,02,3,2,2,223e77a1e57b26f5,0,0,3,8a8433204c2ef465,0,1,3f296d0af86c0908,b4b4fdd3721e3a96,b4b4fdd3721e3a96,0,0
1586,1586,0,0000000,00,3,3,3,acb5faf46bf0b10b,0,0,3,8a8433204c2ef465,0,1,b1a2e05f76e7aba0,b4b4fdd3721e3a96,b4b4fdd3721e3a96,0,0
1587,1587,0,0000000,00,3,3,3,99e3e7a85ea63c5e,0,0,3,8a8433204c2ef465,0,1,223e77a1e57b26f5,b4b4fdd3721e3a96,b4b4fdd3721e3a96,0,0
1588,1588,0,0000000,00,3,3,3,0000000000000001,0,0,3,8a8433204c2ef465,0,1,acb5faf46bf0b10b,b4b4fdd3721e3a96,b4b4fdd3721e3a96,0,0
1589,1589,0,00003a8,00,2,2,3,0000000000000000,0,0,3,8a8433204c2ef465,0,1,99e3e7a85ea63c5e,b4b4fdd3721e3a96,b4b4fdd3721e3a96,0,0
1590,1590,0,00003ac,00,2,2,3,0000000000000000,3,0,3,8a8433204c2ef465,0,1,0000000000000001,b4b4fdd3721e3a96,b4b4fdd3721e3a96,0,0
1591,1591,0,00003b0,00,2,2,3,0000000000000000,3,0,3,8a8433204c2ef465,0,1,0000000000000000,b4b4fdd3721e3a96,b4b4fdd3721e3a96,0,0
1592,1592,0,0000000,00,3,3,3,0000000000000000,3,0,3,8a8433204c2ef465,0,1,0000000000000000,b4b4fdd3721e3a96,b4b4fdd3721e3a96,0,0
1593,1593,0,0000000,00,3,3,3,0000000000000000,0,0,3,8a8433204c2ef465,0,1,0000000000000000,b4b4fdd3721e3a96,b4b4fdd3721e3a96,0,0
1594,1594,0,0000000,00,3,3,3,0000000000000000,0,0,3,8a8433204c2ef465,0,1,0000000000000000,b4b4fdd3721e3a96,b4b4fdd3721e3a96,0,0
1595,1595,0,0000000,00,3,3,3,0000000000000000,0,0,3,8a8433204c2ef465,0,1,0000000000000000,b4b4fdd3721e3a96,b4b4fdd3721e3a96,0,0
1596,1596,0,0000000,00,3,3,3,cb5dc41a0df7035f,0,0,3,8a8433204c2ef465,0,1,0000000000000000,b4b4fdd3721e3a96,b4b4fdd3721e3a96,0,0
1597,1597,0,0000000,00,3,3,3,46084a9180a28dd4,0,0,3,8a8433204c2ef465,0,1,0000000000000000,b4b4fdd3721e3a96,b4b4fdd3721e3a96,0,0
1598,1598,0,0000000,00,3,3,3,e4a0e323220a2466,0,3,3,8a8433204c2ef465,0,1,cb5dc41a0df7035f,b4b4fdd3721e3a96,b4b4fdd3721e3a96,0,0
1599,1599,0,0000000,00,3,3,3,000000000000e4a0,0,3,3,8a8433204c2ef465,0,1,46084a9180a28dd4,b4b4fdd3721e3a96,b4b4fdd3721e3a96,0,0
1600,1600,0,0000000,00,3,3,3,0000000000000000,0,3,3,8a8433204c2ef465,0,1,e4a0e323220a2466,b4b4fdd3721e3a96,b4b4fdd3721e3a96,0,0
1601,1601,0,0000000,00,3,3,3,0000000000000000,0,0,3,8a8433204c2ef465,0,1,000000000000e4a0,b4b4fdd3721e3a96,b4b4fdd3721e3a96,0,0
1602,1602,0,0000000,00,3,3,3,0000000000000000,0,0,3,8a8433204c2ef465,0,1,0000000000000000,b4b4fdd3721e3a96,b4b4fdd3721e3a96,0,0
1603,1603,0,0000000,00,3,3,3,0000000000000000,0,0,3,8a8433204c2ef465,0,1,0000000000000000,b4b4fdd3721e3a96,b4b4fdd3721e3a96,0,0
1604,1604,0,0000000,00,3,3,3,0000000000000000,0,0,3,8a8433204c2ef465,0,1,0000000000000000,b4b4fdd3721e3a96,b4b4fdd3721e3a96,0,0
1605,1605,0,0000000,00,3,3,3,0000000000000000,0,0,3,8a8433204c2ef465,0,1,0000000000000000,b4b4fdd3721e3a96,b4b4fdd3721e3a96,0,0
1606,1606,0,0000000,00,3,3,3,0000000000000000,0,0,3,8a8433204c2ef465,0,1,0000000000000000,b4b4fdd3721e3a96,b4b4fdd3721e3a96,0,0
1607,1607,0,0000000,00,3,3,3,0000000000000000,0,0,3,8a8433204c2ef465,0,1,0000000000000000,b4b4fdd3721e3a96,b4b4fdd3721e3a96,0,0
1608,1608,0,0000000,00,3,3,3,0000000000000000,0,0,3,8a8433204c2ef465,0,1,0000000000000000,b4b4fdd3721e3a96,b4b4fdd3721e3a96,0,0
1609,1609,0,0000000,00,3,3,3,0000000000000000,0,0,3,8a8433204c2ef465,0,1,0000000000000000,b4b4fdd3721e3a96,b4b4fdd3721e3a96,0,0
1610,1610,0,0000000,00,3,3,3,0000000000000000,0,0,3,8a8433204c2ef465,0,1,0000000000000000,cb5dc41a0df7035f,cb5dc41a0df7035f,0,1
1611,1611,0,0000000,02,2,2,3,0000000000000000,0,0,2,8a8433204c2ef465,3,1,0000000000000000,46084a9180a28dd4,46084a9180a28dd4,0,1
1612,1612,0,0000000,00,3,3,3,0000000000000000,0,0,3,ac5717686afdd02d,0,1,0000000000000000,e4a0e323220a2466,e4a0e323220a2466,0,1
1613,1613,0,0000000,00,3,3,3,0000000000000000,0,0,3,ac5717686afdd02d,0,1,0000000000000000,161c5461d0b69324,161c5461d0b69324,0,0
1614,1614,0,0000000,00,3,3,3,0000000000000000,0,0,3,ac5717686afdd02d,0,1,0000000000000000,161c5461d0b69324,161c5461d0b69324,0,0
1615,1615,0,00003b8,00,2,2,3,0000000000000000,0,0,3,ac5717686afdd02d,0,1,0000000000000000,161c5461d0b69324,161c5461d0b69324,0,0
1616,1616,0,00003bc,00,2,2,3,3320000000000000,3,0,3,ac5717686afdd02d,0,1,0000000000000000,161c5461d0b69324,161c5461d0b69324,0,0
1617,1617,0,00003b4,00,2,2,3,33204c2ef4658a84,3,0,3,ac5717686afdd02d,0,1,0000000000000000,161c5461d0b69324,161c5461d0b69324,0,0
1618,1618,0,00003c0,00,2,2,3,17686afdd02d8a84,3,0,3,ac5717686afdd02d,0,1,3320000000000000,161c5461d0b69324,161c5461d0b69324,0,0
1619,1619,0,00003c4,00,2,2,3,0000000000000000,3,0,3,ac5717686afdd02d,0,1,33204c2ef4658a84,161c5461d0b69324,161c5461d0b69324,0,0
1620,1620,0,00003c8,00,2,2,3,0000000000000000,3,0,3,ac5717686afdd02d,0,1,17686afdd02d8a84,161c5461d0b69324,161c5461d0b69324,0,0
1621,1621,0,00003cc,00,2,2,3,0000000000000000,3,0,3,ac5717686afdd02d,0,1,0000000000000000,161c5461d0b69324,161c5461d0b69324,0,0
1622,1622,0,00003d0,00,2,2,3,fe0bfe3438a13971,3,0,3,ac5717686afdd02d,0,1,0000000000000000,161c5461d0b69324,161c5461d0b69324,0,0
1623,1623,0,00003d4,00,2,2,3,735e70bfb5f4b7fa,3,0,3,ac5717686afdd02d,0,1,0000000000000000,161c5461d0b69324,161c5461d0b69324,0,0
1624,1624,0,00003d8,00,2,2,3,69f56da8af5faaed,3,3,3,ac5717686afdd02d,0,1,fe0bfe3438a13971,161c5461d0b69324,161c5461d0b69324,0,0
1625,1625,0,00003dc,00,2,2,3,6e0245e9a8a882ac,3,3,3,ac5717686afdd02d,0,1,735e70bfb5f4b7fa,161c5461d0b69324,161c5461d0b69324,0,0
1626,1626,0,00003e0,00,2,2,3,e357cb6225fd0c27,3,3,3,ac5717686afdd02d,0,1,69f56da8af5faaed,161c5461d0b69324,161c5461d0b69324,0,0
1627,1627,0,00003e4,00,2,2,3,74a958feb2039fbb,3,3,3,ac5717686afdd02d,0,1,6e0245e9a8a882ac,161c5461d0b69324,161c5461d0b69324,0,0
1628,1628,0,00003e8,00,2,2,3,f9fcd6753f561130,3,3,3,ac5717686afdd02d,0,1,e357cb6225fd0c27,161c5461d0b69324,161c5461d0b69324,0,0
1629,1629,0,0000000,01,3,2,2,5b547fc79dfeb882,3,3,2,ac5717686afdd02d,0,1,74a958feb2039fbb,161c5461d0b69324,161c5461d0b69324,0,0
1630,1630,0,0000000,02,3,2,2,d601f14c10ab3609,0,3,2,ac5717686afdd02d,0,1,f9fcd6753f561130,161c5461d0b69324,161c5461d0b69324,0,0
1631,1631,0,0000000,00,3,2,2,41ff62d08755a595,0,3,2,ac5717686afdd02d,0,1,5b547fc79dfeb882,161c5461d0b69324,161c5461d0b69324,0,0
1632,1632,0,0000000,00,2,2,2,ccaaec5b0a002b1e,0,3,3,ac5717686afdd02d,0,1,d601f14c10ab3609,161c5461d0b69324,161c5461d0b69324,0,0
1633,1633,0,0000000,00,3,3,3,04ae31b5c204f6f0,0,3,3,07d1bdabc17b7aee,0,1,41ff62d08755a595,161c5461d0b69324,161c5461d0b69324,0,0
1634,1634,0,0000000,00,3,3,3,89fbbf3e4f51787b,0,3,3,07d1bdabc17b7aee,0,1,ccaaec5b0a002b1e,161c5461d0b69324,161c5461d0b69324,0,0
1635,1635,0,0000003,02,3,2,2,1e052ca2d8afebe7,0,3,3,07d1bdabc17b7aee,0,1,04ae31b5c204f6f0,161c5461d0b69324,161c5461d0b69324,0,0
1636,1636,0,000000a,01,3,2,2,0000000000001e05,0,3,3,07d1bdabc17b7aee,0,1,89fbbf3e4f51787b,161c5461d0b69324,161c5461d0b69324,0,0
1637,1637,0,0000000,00,3,3,3,0000000000000000,0,3,3,07d1bdabc17b7aee,0,1,1e052ca2d8afebe7,161c5461d0b69324,161c5461d0b69324,0,0
1638,1638,0,0000000,00,3,3,3,0000000000000000,0,0,3,07d1bdabc17b7aee,0,1,0000000000001e05,69f56da8af5faaed,69f56da8af5faaed,0,1
1639,1639,0,0000000,00,3,3,3,0000000000000000,0,0,3,07d1bdabc17b7aee,0,1,0000000000000000,fe0bfe3438a13971,fe0bfe3438a13971,0,1
1640,1640,0,0000000,00,3,3,3,0000000000000000,0,0,3,07d1bdabc17b7aee,0,1,0000000000000000,735e70bfb5f4b7fa,735e70bfb5f4b7fa,0,1
1641,1641,0,0000000,00,3,3,3,0000000000000000,0,0,3,07d1bdabc17b7aee,0,1,0000000000000000,bb5aad517df06a14,bb5aad517df06a14,0,0
1642,1642,0,0000000,00,3,3,3,0000000000000000,0,0,3,07d1bdabc17b7aee,0,1,0000000000000000,bb5aad517df06a14,bb5aad517df06a14,0,0
1643,1643,0,0000000,00,3,3,3,0000000000000000,0,0,3,07d1bdabc17b7aee,0,1,0000000000000000,bb5aad517df06a14,bb5aad517df06a14,0,0
1644,1644,0,0000000,00,3,3,3,0000000000000000,0,0,3,07d1bdabc17b7aee,0,1,0000000000000000,bb5aad517df06a14,bb5aad517df06a14,0,0
1645,1645,0,0000000,00,3,3,3,0000000000000000,0,0,3,07d1bdabc17b7aee,0,1,0000000000000000,6e0245e9a8a882ac,6e0245e9a8a882ac,0,1
1646,1646,0,0000000,00,3,3,3,0000000000000000,0,0,3,07d1bdabc17b7aee,0,1,0000000000000000,e357cb6225fd0c27,e357cb6225fd0c27,0,1
1647,1647,0,0000000,00,3,3,3,0000000000000000,0,0,3,07d1bdabc17b7aee,0,1,0000000000000000,74a958feb2039fbb,74a958feb2039fbb,0,1
1648,1648,0,0000004,02,2,2,3,0000000000000000,0,0,2,07d1bdabc17b7aee,3,1,0000000000000000,f9fcd6753f561130,f9fcd6753f561130,0,1
1649,1649,0,0000008,02,2,2,3,0000000000000000,0,0,2,902f2e375685e972,3,1,0000000000000000,5b547fc79dfeb882,5b547fc79dfeb882,0,1
1650,1650,0,000000c,02,2,2,3,0000000000000000,0,0,2,1d7aa0bcdbd067f9,3,1,0000000000000000,d601f14c10ab3609,d601f14c10ab3609,0,1
1651,1651,0,0000010,02,2,2,3,0000000000000000,0,0,2,bfd2090e7978ce4b,3,1,0000000000000000,41ff62d08755a595,41ff62d08755a595,0,1
1652,1652,0,0000014,02,2,2,3,0000000000000000,0,0,2,32878785f42d40c0,3,1,0000000000000000,ccaaec5b0a002b1e,ccaaec5b0a002b1e,0,1
1653,1653,0,0000018,02,2,2,3,bda0000000000000,0,0,2,a579141963d3d35c,3,1,0000000000000000,d1f6d90d175c1e48,d1f6d90d175c1e48,0,0
1654,1654,0,000001c,02,2,2,3,bdabc17b7aee07d1,0,0,2,282c9a92ee865dd7,3,1,0000000000000000,d1f6d90d175c1e48,d1f6d90d175c1e48,0,0
1655,1655,0,0000020,02,2,2,3,2e375685e97207d1,0,0,2,e028477c26828039,3,1,bda0000000000000,d1f6d90d175c1e48,d1f6d90d175c1e48,0,0
1656,1656,0,0000024,02,2,2,3,a0bcdbd067f9902f,0,0,2,6d7dc9f7abd70eb2,3,1,bdabc17b7aee07d1,d1f6d90d175c1e48,d1f6d90d175c1e48,0,0
1657,1657,0,0000028,02,2,2,3,090e7978ce4b1d7a,0,0,2,fa835a6b3c299d2e,3,1,2e375685e97207d1,04ae31b5c204f6f0,04ae31b5c204f6f0,0,1
1658,1658,0,000002c,02,2,2,3,8785f42d40c0bfd2,0,0,2,77d6d4e0b17c13a5,3,1,a0bcdbd067f9902f,89fbbf3e4f51787b,89fbbf3e4f51787b,0,1
1659,1659,0,0000030,02,2,2,3,141963d3d35c3287,0,0,2,d57e7d5213d4ba17,3,1,090e7978ce4b1d7a,1e052ca2d8afebe7,1e052ca2d8afebe7,0,1
1660,1660,0,0000034,02,2,2,3,9a92ee865dd7a579,0,0,2,582bf3d99e81349c,3,1,8785f42d40c0bfd2,46084a9180a28dd4,46084a9180a28dd4,0,0
1661,1661,0,0000038,02,2,2,3,477c26828039282c,0,0,2,cfd56045097fa700,3,1,141963d3d35c3287,46084a9180a28dd4,46084a9180a28dd4,0,0
1662,1662,0,000003c,02,2,2,3,c9f7abd70eb2e028,0,0,2,4280eece842a298b,3,1,9a92ee865dd7a579,46084a9180a28dd4,46084a9180a28dd4,0,0
1663,1663,0,0000040,02,2,2,3,5a6b3c299d2e6d7d,0,0,2,5fdcdb9899761cdd,3,1,477c26828039282c,46084a9180a28dd4,46084a9180a28dd4,0,0
1664,1664,0,0000044,02,2,2,3,d4e0b17c13a5fa83,0,0,2,d289551314239256,3,1,c9f7abd70eb2e028,46084a9180a28dd4,46084a9180a28dd4,0,0
1665,1665,0,0000048,02,2,2,3,7d5213d4ba1777d6,0,0,2,4577c68f83dd01ca,3,1,5a6b3c299d2e6d7d,46084a9180a28dd4,46084a9180a28dd4,0,0
1666,1666,0,000004c,02,2,2,3,f3d99e81349cd57e,0,0,2,c82248040e888f41,3,1,d4e0b17c13a5fa83,46084a9180a28dd4,46084a9180a28dd4,0,0
1667,1667,0,0000050,02,2,2,3,6045097fa700582b,0,0,2,6a8ae1b6ac2026f3,3,1,7d5213d4ba1777d6,46084a9180a28dd4,46084a9180a28dd4,0,0
1668,1668,0,0000054,02,2,2,3,eece842a298bcfd5,0,0,2,e7df6f3d2175a878,3,1,f3d99e81349cd57e,46084a9180a28dd4,46084a9180a28dd4,0,0
1669,1669,0,0000058,02,2,2,3,db9899761cdd4280,0,0,2,7021fca1b68b3be4,3,1,6045097fa700582b,46084a9180a28dd4,46084a9180a28dd4,0,0
1670,1670,0,000005c,02,2,2,3,5513142392565fdc,0,0,2,fd74722a3bdeb56f,3,1,eece842a298bcfd5,46084a9180a28dd4,46084a9180a28dd4,0,0
1671,1671,0,0000060,02,2,2,3,c68f83dd01cad289,0,0,2,3570afc4f3da6881,3,1,db9899761cdd4280,46084a9180a28dd4,46084a9180a28dd4,0,0
1672,1672,0,0000064,02,2,2,3,48040e888f414577,0,0,2,b825214f7e8fe60a,3,1,5513142392565fdc,46084a9180a28dd4,46084a9180a28dd4,0,0
1673,1673,0,0000068,02,2,2,3,e1b6ac2026f3c822,0,0,2,2fdbb2d3e9717596,3,1,c68f83dd01cad289,46084a9180a28dd4,46084a9180a28dd4,0,0
1674,1674,0,000006c,02,2,2,3,6f3d2175a8786a8a,0,0,2,a28e3c586424fb1d,3,1,48040e888f414577,46084a9180a28dd4,46084a9180a28dd4,0,0
1675,1675,0,0000070,02,2,2,3,fca1b68b3be4e7df,0,0,2,002695eac68c52af,3,1,e1b6ac2026f3c822,46084a9180a28dd4,46084a9180a28dd4,0,0
1676,1676,0,0000074,02,2,2,3,722a3bdeb56f7021,0,0,2,8d731b614bd9dc24,3,1,6f3d2175a8786a8a,46084a9180a28dd4,46084a9180a28dd4,0,0
1677,1677,0,0000078,02,2,2,3,afc4f3da6881fd74,0,0,2,1a8d88fddc274fb8,3,1,fca1b68b3be4e7df,46084a9180a28dd4,46084a9180a28dd4,0,0
1678,1678,0,000007c,02,2,2,3,214f7e8fe60a3570,0,0,2,97d806765172c133,3,1,722a3bdeb56f7021,46084a9180a28dd4,46084a9180a28dd4,0,0
1679,1679,0,0000080,02,2,2,3,b2d3e9717596b825,0,0,2,2035e251e69f2514,3,1,afc4f3da6881fd74,46084a9180a28dd4,46084a9180a28dd4,0,0
1680,1680,0,0000084,02,2,2,3,3c586424fb1d2fdb,0,0,2,ad606cda6bcaab9f,3,1,214f7e8fe60a3570,46084a9180a28dd4,46084a9180a28dd4,0,0
1681,1681,0,0000088,02,2,2,3,95eac68c52afa28e,0,0,2,3a9eff46fc343803,3,1,b2d3e9717596b825,46084a9180a28dd4,46084a9180a28dd4,0,0
1682,1682,0,000008c,02,2,2,3,1b614bd9dc240026,0,0,2,b7cb71cd7161b688,3,1,3c586424fb1d2fdb,46084a9180a28dd4,46084a9180a28dd4,0,0
1683,1683,0,0000090,02,2,2,3,88fddc274fb88d73,0,0,2,1563d87fd3c91f3a,3,1,95eac68c52afa28e,46084a9180a28dd4,46084a9180a28dd4,0,0
1684,1684,0,0000094,02,2,2,3,06765172c1331a8d,0,0,2,983656f45e9c91b1,3,1,1b614bd9dc240026,46084a9180a28dd4,46084a9180a28dd4,0,0
1685,1685,0,0000098,02,2,2,3,e251e69f251497d8,0,0,2,0fc8c568c962022d,3,1,88fddc274fb88d73,46084a9180a28dd4,46084a9180a28dd4,0,0
1686,1686,0,000009c,02,2,2,3,6cda6bcaab9f2035,0,0,2,829d4be344378ca6,3,1,06765172c1331a8d,46084a9180a28dd4,46084a9180a28dd4,0,0
1687,1687,0,00000a0,02,2,2,3,ff46fc343803ad60,0,0,2,4a99960d8c335148,3,1,e251e69f251497d8,46084a9180a28dd4,46084a9180a28dd4,0,0
1688,1688,0,00000a4,02,2,2,3,71cd7161b6883a9e,0,0,2,c7cc18860166dfc3,3,1,6cda6bcaab9f2035,46084a9180a28dd4,46084a9180a28dd4,0,0
1689,1689,0,00000a8,02,2,2,3,d87fd3c91f3ab7cb,0,0,2,50328b1a96984c5f,3,1,ff46fc343803ad60,46084a9180a28dd4,46084a9180a28dd4,0,0
1690,1690,0,00000ac,02,2,2,3,56f45e9c91b11563,0,0,2,dd6705911bcdc2d4,3,1,71cd7161b6883a9e,46084a9180a28dd4,46084a9180a28dd4,0,0
1691,1691,0,00000b0,02,2,2,3,c568c962022d9836,0,0,2,7fcfac23b9656b66,3,1,d87fd3c91f3ab7cb,46084a9180a28dd4,46084a9180a28dd4,0,0
1692,1692,0,00000b4,02,2,2,3,4be344378ca60fc8,0,0,2,f29a22a83430e5ed,3,1,56f45e9c91b11563,46084a9180a28dd4,46084a9180a28dd4,0,0
1693,1693,0,00000b8,02,2,2,3,960d8c335148829d,0,0,2,6564b134a3ce7671,3,1,c568c962022d9836,46084a9180a28dd4,46084a9180a28dd4,0,0
1694,1694,0,00000bc,02,2,2,3,18860166dfc34a99,0,0,2,e8313fbf2e9bf8fa,3,1,4be344378ca60fc8,46084a9180a28dd4,46084a9180a28dd4,0,0
1695,1695,0,00000c0,02,2,2,3,8b1a96984c5fc7cc,0,0,2,f56d0ae933c7cdac,3,1,960d8c335148829d,46084a9180a28dd4,46084a9180a28dd4,0,0
1696,1696,0,00000c4,02,2,2,3,05911bcdc2d45032,0,0,2,78388462be924327,3,1,18860166dfc34a99,46084a9180a28dd4,46084a9180a28dd4,0,0
1697,1697,0,00000c8,02,2,2,3,ac23b9656b66dd67,0,0,2,efc617fe296cd0bb,3,1,8b1a96984c5fc7cc,46084a9180a28dd4,46084a9180a28dd4,0,0
1698,1698,0,00000cc,02,2,2,3,22a83430e5ed7fcf,0,0,2,62939975a4395e30,3,1,05911bcdc2d45032,46084a9180a28dd4,46084a9180a28dd4,0,0
1699,1699,0,00000d0,02,2,2,3,b134a3ce7671f29a,0,0,2,c03b30c70691f782,3,1,ac23b9656b66dd67,46084a9180a28dd4,46084a9180a28dd4,0,0
1700,1700,0,00000d4,02,2,2,3,3fbf2e9bf8fa6564,0,0,2,4d6ebe4c8bc47909,3,1,22a83430e5ed7fcf,46084a9180a28dd4,46084a9180a28dd4,0,0
1701,1701,0,00000d8,02,2,2,3,0ae933c7cdace831,0,0,2,da902dd01c3aea95,3,1,b134a3ce7671f29a,46084a9180a28dd4,46084a9180a28dd4,0,0
1702,1702,0,00000dc,02,2,2,3,8462be924327f56d,0,0,2,57c5a35b916f641e,3,1,3fbf2e9bf8fa6564,46084a9180a28dd4,46084a9180a28dd4,0,0
1703,1703,0,00000e0,02,2,2,3,17fe296cd0bb7838,0,0,2,9fc17eb5596bb9f0,3,1,0ae933c7cdace831,46084a9180a28dd4,46084a9180a28dd4,0,0
1704,1704,0,00000e4,02,2,2,3,9975a4395e30efc6,0,0,2,1294f03ed43e377b,3,1,8462be924327f56d,46084a9180a28dd4,46084a9180a28dd4,0,0
1705,1705,0,00000e8,02,2,2,3,30c70691f7826293,0,0,2,856a63a243c0a4e7,3,1,17fe296cd0bb7838,46084a9180a28dd4,46084a9180a28dd4,0,0
1706,1706,0,00000ec,02,2,2,3,be4c8bc47909c03b,0,0,2,083fed29ce952a6c,3,1,9975a4395e30efc6,46084a9180a28dd4,46084a9180a28dd4,0,0
1707,1707,0,00000f0,02,2,2,3,2dd01c3aea954d6e,0,0,2,aa97449b6c3d83de,3,1,30c70691f7826293,46084a9180a28dd4,46084a9180a28dd4,0,0
1708,1708,0,00000f4,02,2,2,3,a35b916f641eda90,0,0,2,27c2ca10e1680d55,3,1,be4c8bc47909c03b,46084a9180a28dd4,46084a9180a28dd4,0,0
1709,1709,0,00000f8,02,2,2,3,7eb5596bb9f057c5,0,0,2,b03c598c76969ec9,3,1,2dd01c3aea954d6e,46084a9180a28dd4,46084a9180a28dd4,0,0
1710,1710,0,00000fc,02,2,2,3,f03ed43e377b9fc1,0,0,2,3d69d707fbc31042,3,1,a35b916f641eda90,46084a9180a28dd4,46084a9180a28dd4,0,0
1711,1711,0,0000100,02,2,2,3,63a243c0a4e71294,0,0,2,dfe791c3194d5686,3,1,7eb5596bb9f057c5,46084a9180a28dd4,46084a9180a28dd4,0,0
1712,1712,0,0000104,02,2,2,3,ed29ce952a6c856a,0,0,2,52b21f489418d80d,3,1,f03ed43e377b9fc1,46084a9180a28dd4,46084a9180a28dd4,0,0
1713,1713,0,0000108,02,2,2,3,449b6c3d83de083f,0,0,2,c54c8cd403e64b91,3,1,63a243c0a4e71294,46084a9180a28dd4,46084a9180a28dd4,0,0
1714,1714,0,000010c,02,2,2,3,ca10e1680d55aa97,0,0,2,4819025f8eb3c51a,3,1,ed29ce952a6c856a,46084a9180a28dd4,46084a9180a28dd4,0,0
1715,1715,0,0000110,02,2,2,3,598c76969ec927c2,0,0,2,eab1abed2c1b6ca8,3,1,449b6c3d83de083f,46084a9180a28dd4,46084a9180a28dd4,0,0
1716,1716,0,0000114,02,2,2,3,d707fbc31042b03c,0,0,2,67e42566a14ee223,3,1,ca10e1680d55aa97,46084a9180a28dd4,46084a9180a28dd4,0,0
1717,1717,0,0000118,02,2,2,3,91c3194d56863d69,0,0,2,f01ab6fa36b071bf,3,1,598c76969ec927c2,46084a9180a28dd4,46084a9180a28dd4,0,0
1718,1718,0,000011c,02,2,2,3,1f489418d80ddfe7,0,0,2,7d4f3871bbe5ff34,3,1,d707fbc31042b03c,46084a9180a28dd4,46084a9180a28dd4,0,0
1719,1719,0,0000120,02,2,2,3,8cd403e64b9152b2,0,0,2,b54be59f73e122da,3,1,91c3194d56863d69,46084a9180a28dd4,46084a9180a28dd4,0,0
1720,1720,0,0000124,02,2,2,3,025f8eb3c51ac54c,0,0,2,381e6b14feb4ac51,3,1,1f489418d80ddfe7,46084a9180a28dd4,46084a9180a28dd4,0,0
1721,1721,0,0000128,02,2,2,3,abed2c1b6ca84819,0,0,2,afe0f888694a3fcd,3,1,8cd403e64b9152b2,46084a9180a28dd4,46084a9180a28dd4,0,0
1722,1722,0,000012c,02,2,2,3,2566a14ee223eab1,0,0,2,22b57603e41fb146,3,1,025f8eb3c51ac54c,46084a9180a28dd4,46084a9180a28dd4,0,0
1723,1723,0,0000130,02,2,2,3,b6fa36b071bf67e4,0,0,2,801ddfb146b718f4,3,1,abed2c1b6ca84819,46084a9180a28dd4,46084a9180a28dd4,0,0
1724,1724,0,0000134,02,2,2,3,3871bbe5ff34f01a,0,0,2,0d48513acbe2967f,3,1,2566a14ee223eab1,46084a9180a28dd4,46084a9180a28dd4,0,0
1725,1725,0,0000138,02,2,2,3,e59f73e122da7d4f,0,0,2,9ab6c2a65c1c05e3,3,1,b6fa36b071bf67e4,46084a9180a28dd4,46084a9180a28dd4,0,0
1726,1726,0,000013c,02,2,2,3,6b14feb4ac51b54b,0,0,2,17e34c2dd1498b68,3,1,3871bbe5ff34f01a,46084a9180a28dd4,46084a9180a28dd4,0,0
1727,1727,0,000000a,00,3,2,2,f888694a3fcd381e,0,0,3,0abf797bcc15be3e,0,1,e59f73e122da7d4f,46084a9180a28dd4,46084a9180a28dd4,0,0
1728,1728,0,0000140,02,2,2,3,7603e41fb146afe0,0,0,2,0abf797bcc15be3e,3,1,6b14feb4ac51b54b,46084a9180a28dd4,46084a9180a28dd4,0,0
1729,1729,0,0000144,02,2,2,3,dfb146b718f422b5,0,0,2,87eaf7f0414030b5,3,1,f888694a3fcd381e,46084a9180a28dd4,46084a9180a28dd4,0,0
1730,1730,0,0000148,02,2,2,3,513acbe2967f801d,0,0,2,1014646cd6bea329,3,1,7603e41fb146afe0,46084a9180a28dd4,46084a9180a28dd4,0,0
1731,1731,0,000014c,02,2,2,3,c2a65c1c05e30d48,0,0,2,9d41eae75beb2da2,3,1,dfb146b718f422b5,46084a9180a28dd4,46084a9180a28dd4,0,0
1732,1732,0,0000150,02,2,2,3,4c2dd1498b689ab6,0,0,2,3fe94355f9438410,3,1,513acbe2967f801d,46084a9180a28dd4,46084a9180a28dd4,0,0
1733,1733,0,0000154,02,2,2,3,797bcc15be3e17e3,0,0,2,b2bccdde74160a9b,3,1,c2a65c1c05e30d48,46084a9180a28dd4,46084a9180a28dd4,0,0
1734,1734,0,0000158,02,2,2,3,797bcc15be3e0abf,0,0,2,25425e42e3e89907,3,1,4c2dd1498b689ab6,46084a9180a28dd4,46084a9180a28dd4,0,0
1735,1735,0,000015c,02,2,2,3,f7f0414030b50abf,0,0,2,a817d0c96ebd178c,3,1,797bcc15be3e17e3,46084a9180a28dd4,46084a9180a28dd4,0,0
1736,1736,0,0000000,00,3,3,3,646cd6bea32987ea,0,0,3,60130d27a6b9ca62,0,1,797bcc15be3e0abf,46084a9180a28dd4,46084a9180a28dd4,0,0
1737,1737,0,0000160,02,2,2,3,eae75beb2da21014,0,0,2,60130d27a6b9ca62,3,1,f7f0414030b50abf,46084a9180a28dd4,46084a9180a28dd4,0,0
1738,1738,0,0000164,02,2,2,3,4355f94384109d41,0,0,2,ed4683ac2bec44e9,3,1,646cd6bea32987ea,46084a9180a28dd4,46084a9180a28dd4,0,0
1739,1739,0,0000168,02,2,2,3,cdde74160a9b3fe9,0,0,2,7ab81030bc12d775,3,1,eae75beb2da21014,46084a9180a28dd4,46084a9180a28dd4,0,0
1740,1740,0,000016c,02,2,2,3,5e42e3e89907b2bc,0,0,2,f7ed9ebb314759fe,3,1,4355f94384109d41,46084a9180a28dd4,46084a9180a28dd4,0,0
1741,1741,0,0000170,02,2,2,3,d0c96ebd178c2542,0,0,2,5545370993eff04c,3,1,cdde74160a9b3fe9,46084a9180a28dd4,46084a9180a28dd4,0,0
1742,1742,0,0000174,02,2,2,3,0d27a6b9ca62a817,0,0,2,d810b9821eba7ec7,3,1,5e42e3e89907b2bc,46084a9180a28dd4,46084a9180a28dd4,0,0
1743,1743,0,0000178,02,2,2,3,0d27a6b9ca626013,0,0,2,4fee2a1e8944ed5b,3,1,d0c96ebd178c2542,46084a9180a28dd4,46084a9180a28dd4,0,0
1744,1744,0,000017c,02,2,2,3,83ac2bec44e96013,0,0,2,c2bba495041163d0,3,1,0d27a6b9ca62a817,46084a9180a28dd4,46084a9180a28dd4,0,0
1745,1745,0,0000000,00,3,3,3,1030bc12d775ed46,0,0,3,755640b2b3fc87f7,0,1,0d27a6b9ca626013,46084a9180a28dd4,46084a9180a28dd4,0,0
1746,1746,0,0000000,00,3,3,3,9ebb314759fe7ab8,0,0,3,755640b2b3fc87f7,0,1,83ac2bec44e96013,46084a9180a28dd4,46084a9180a28dd4,0,0
1747,1747,0,0000000,00,3,3,3,370993eff04cf7ed,0,0,3,755640b2b3fc87f7,0,1,1030bc12d775ed46,46084a9180a28dd4,46084a9180a28dd4,0,0
1748,1748,0,0000000,00,3,3,3,b9821eba7ec75545,0,0,3,755640b2b3fc87f7,0,1,9ebb314759fe7ab8,46084a9180a28dd4,46084a9180a28dd4,0,0
1749,1749,0,0000180,02,2,2,3,2a1e8944ed5bd810,0,0,2,755640b2b3fc87f7,3,1,370993eff04cf7ed,46084a9180a28dd4,46084a9180a28dd4,0,0
1750,1750,0,0000184,02,2,2,3,a495041163d04fee,0,0,2,f803ce393ea9097c,3,1,b9821eba7ec75545,46084a9180a28dd4,46084a9180a28dd4,0,0
1751,1751,0,0000188,02,2,2,3,40b2b3fc87f7c2bb,0,0,2,6ffd5da5a9579ae0,3,1,2a1e8944ed5bd810,46084a9180a28dd4,46084a9180a28dd4,0,0
1752,1752,0,000018c,02,2,2,3,0000000000000000,0,0,2,e2a8d32e2402146b,3,1,a495041163d04fee,46084a9180a28dd4,46084a9180a28dd4,0,0
1753,1753,0,0000190,02,2,2,3,0000000000000000,0,0,2,40007a9c86aabdd9,3,1,40b2b3fc87f7c2bb,46084a9180a28dd4,46084a9180a28dd4,0,0
1754,1754,0,0000194,02,2,2,3,40b0000000000000,0,0,2,cd55f4170bff3352,3,1,0000000000000000,46084a9180a28dd4,46084a9180a28dd4,0,0
1755,1755,0,0000198,02,2,2,3,40b2b3fc87f77556,0,0,2,5aab678b9c01a0ce,3,1,0000000000000000,46084a9180a28dd4,46084a9180a28dd4,0,0
1756,1756,0,000019c,02,2,2,3,ce393ea9097c7556,0,0,2,d7fee90011542e45,3,1,40b0000000000000,46084a9180a28dd4,46084a9180a28dd4,0,0
1757,1757,0,0000000,00,3,3,3,5da5a9579ae0f803,0,0,3,1ffa34eed950f3ab,0,1,40b2b3fc87f77556,46084a9180a28dd4,46084a9180a28dd4,0,0
1758,1758,0,0000000,00,3,3,3,d32e2402146b6ffd,0,0,3,1ffa34eed950f3ab,0,1,ce393ea9097c7556,46084a9180a28dd4,46084a9180a28dd4,0,0
1759,1759,0,0000000,00,3,3,3,7a9c86aabdd9e2a8,0,0,3,1ffa34eed950f3ab,0,1,5da5a9579ae0f803,46084a9180a28dd4,46084a9180a28dd4,0,0
1760,1760,0,0000000,00,3,3,3,f4170bff33524000,0,0,3,1ffa34eed950f3ab,0,1,d32e2402146b6ffd,46084a9180a28dd4,46084a9180a28dd4,0,0
1761,1761,0,00001a0,02,2,2,3,678b9c01a0cecd55,0,0,2,1ffa34eed950f3ab,3,1,7a9c86aabdd9e2a8,46084a9180a28dd4,46084a9180a28dd4,0,0
1762,1762,0,00001a4,02,2,2,3,e90011542e455aab,0,0,2,92afba6554057d20,3,1,f4170bff33524000,46084a9180a28dd4,46084a9180a28dd4,0,0
1763,1763,0,00001a8,02,2,2,3,34eed950f3abd7fe,0,0,2,055129f9c3fbeebc,3,1,678b9c01a0cecd55,46084a9180a28dd4,46084a9180a28dd4,0,0
1764,1764,0,00001ac,02,2,2,3,0000000000000004,0,0,2,8804a7724eae6037,3,1,e90011542e455aab,46084a9180a28dd4,46084a9180a28dd4,0,0
1765,1765,0,00001b0,02,2,2,3,0000000000000000,0,0,2,2aac0ec0ec06c985,3,1,34eed950f3abd7fe,46084a9180a28dd4,46084a9180a28dd4,0,0
1766,1766,0,00001b4,02,2,2,3,34a0000000000000,0,0,2,a7f9804b6153470e,3,1,0000000000000004,46084a9180a28dd4,46084a9180a28dd4,0,0
1767,1767,0,00001b8,02,2,2,3,34eed950f3ab1ffa,0,0,2,300713d7f6add492,3,1,0000000000000000,46084a9180a28dd4,46084a9180a28dd4,0,0
1768,1768,0,00001bc,02,2,2,3,ba6554057d201ffa,0,0,2,bd529d5c7bf85a19,3,1,34a0000000000000,46084a9180a28dd4,46084a9180a28dd4,0,0
1769,1769,0,0000000,00,3,3,3,29f9c3fbeebc92af,0,0,3,a00ea80a66a46f4f,0,1,34eed950f3ab1ffa,46084a9180a28dd4,46084a9180a28dd4,0,0
1770,1770,0,0000000,00,3,3,3,a7724eae60370551,0,0,3,a00ea80a66a46f4f,0,1,ba6554057d201ffa,46084a9180a28dd4,46084a9180a28dd4,0,0
1771,1771,0,0000000,00,3,3,3,0ec0ec06c9858804,0,0,3,a00ea80a66a46f4f,0,1,29f9c3fbeebc92af,46084a9180a28dd4,46084a9180a28dd4,0,0
1772,1772,0,0000000,00,3,3,3,804b6153470e2aac,0,0,3,a00ea80a66a46f4f,0,1,a7724eae60370551,46084a9180a28dd4,46084a9180a28dd4,0,0
1773,1773,0,00001c0,02,2,2,3,13d7f6add492a7f9,0,0,2,a00ea80a66a46f4f,3,1,0ec0ec06c9858804,46084a9180a28dd4,46084a9180a28dd4,0,0
1774,1774,0,00001c4,02,2,2,3,9d5c7bf85a193007,0,0,2,2d5b2681ebf1e1c4,3,1,804b6153470e2aac,46084a9180a28dd4,46084a9180a28dd4,0,0
1775,1775,0,00001c8,02,2,2,3,a80a66a46f4fbd52,0,0,2,baa5b51d7c0f7258,3,1,13d7f6add492a7f9,46084a9180a28dd4,46084a9180a28dd4,0,0
1776,1776,0,00001cc,02,2,2,3,0000000000000008,0,0,2,37f03b96f15afcd3,3,1,9d5c7bf85a193007,46084a9180a28dd4,46084a9180a28dd4,0,0
1777,1777,0,00001d0,02,2,2,3,0000000000000000,0,0,2,9558922453f25561,3,1,a80a66a46f4fbd52,46084a9180a28dd4,46084a9180a28dd4,0,0
1778,1778,0,00001d4,02,2,2,3,a800000000000000,0,0,2,180d1cafdea7dbea,3,1,0000000000000008,46084a9180a28dd4,46084a9180a28dd4,0,0
1779,1779,0,00001d8,02,2,2,3,a80a66a46f4fa00e,0,0,2,8ff38f3349594876,3,1,0000000000000000,46084a9180a28dd4,46084a9180a28dd4,0,0
1780,1780,0,00001dc,02,2,2,3,2681ebf1e1c4a00e,0,0,2,02a601b8c40cc6fd,3,1,a800000000000000,46084a9180a28dd4,46084a9180a28dd4,0,0
1781,1781,0,0000000,00,3,3,3,b51d7c0f72582d5b,0,0,3,caa2dc560c081b13,0,1,a80a66a46f4fa00e,46084a9180a28dd4,46084a9180a28dd4,0,0
1782,1782,0,0000000,00,3,3,3,3b96f15afcd3baa5,0,0,3,caa2dc560c081b13,0,1,2681ebf1e1c4a00e,46084a9180a28dd4,46084a9180a28dd4,0,0
1783,1783,0,0000000,00,3,3,3,922453f2556137f0,0,0,3,caa2dc560c081b13,0,1,b51d7c0f72582d5b,46084a9180a28dd4,46084a9180a28dd4,0,0
1784,1784,0,0000000,00,3,3,3,1cafdea7dbea9558,0,0,3,caa2dc560c081b13,0,1,3b96f15afcd3baa5,46084a9180a28dd4,46084a9180a28dd4,0,0
1785,1785,0,00001e0,02,2,2,3,8f3349594876180d,0,0,2,caa2dc560c081b13,3,1,922453f2556137f0,46084a9180a28dd4,46084a9180a28dd4,0,0
1786,1786,0,00001e4,02,2,2,3,01b8c40cc6fd8ff3,0,0,2,47f752dd815d9598,3,1,1cafdea7dbea9558,46084a9180a28dd4,46084a9180a28dd4,0,0
1787,1787,0,00001e8,02,2,2,3,dc560c081b1302a6,0,0,2,d009c14116a30604,3,1,8f3349594876180d,46084a9180a28dd4,46084a9180a28dd4,0,0
1788,1788,0,00001ec,02,2,2,3,0000000000000004,0,0,2,5d5c4fca9bf6888f,3,1,01b8c40cc6fd8ff3,46084a9180a28dd4,46084a9180a28dd4,0,0
1789,1789,0,00001f0,02,2,2,3,0000000000000000,0,0,2,fff4e678395e213d,3,1,dc560c081b1302a6,46084a9180a28dd4,46084a9180a28dd4,0,0
1790,1790,0,00001f4,02,2,2,3,dc10000000000000,0,0,2,72a168f3b40bafb6,3,1,0000000000000004,46084a9180a28dd4,46084a9180a28dd4,0,0
1791,1791,0,00001f8,02,2,2,3,dc560c081b13caa2,0,0,2,e55ffb6f23f53c2a,3,1,0000000000000000,46084a9180a28dd4,46084a9180a28dd4,0,0
1792,1792,0,00001fc,02,2,2,3,52dd815d9598caa2,0,0,2,680a75e4aea0b2a1,3,1,dc10000000000000,46084a9180a28dd4,46084a9180a28dd4,0,0
1793,1793,0,0000000,00,3,3,3,c14116a3060447f7,0,0,3,204376e6e6e9b1a3,0,1,dc560c081b13caa2,46084a9180a28dd4,46084a9180a28dd4,0,0
1794,1794,0,0000000,00,3,3,3,4fca9bf6888fd009,0,0,3,204376e6e6e9b1a3,0,1,52dd815d9598caa2,46084a9180a28dd4,46084a9180a28dd4,0,0
1795,1795,0,0000000,00,3,3,3,e678395e213d5d5c,0,0,3,204376e6e6e9b1a3,0,1,c14116a3060447f7,46084a9180a28dd4,46084a9180a28dd4,0,0
1796,1796,0,0000000,00,3,3,3,68f3b40bafb6fff4,0,0,3,204376e6e6e9b1a3,0,1,4fca9bf6888fd009,46084a9180a28dd4,46084a9180a28dd4,0,0
1797,1797,0,0000200,02,2,2,3,fb6f23f53c2a72a1,0,0,2,204376e6e6e9b1a3,3,1,e678395e213d5d5c,46084a9180a28dd4,46084a9180a28dd4,0,0
1798,1798,0,0000204,02,2,2,3,75e4aea0b2a1e55f,0,0,2,ad16f86d6bbc3f28,3,1,68f3b40bafb6fff4,46084a9180a28dd4,46084a9180a28dd4,0,0
1799,1799,0,0000208,02,2,2,3,76e6e6e9b1a3680a,0,0,2,3ae86bf1fc42acb4,3,1,fb6f23f53c2a72a1,46084a9180a28dd4,46084a9180a28dd4,0,0
1800,1800,0,000020c,02,2,2,3,0000000000000000,0,0,2,b7bde57a7117223f,3,1,75e4aea0b2a1e55f,46084a9180a28dd4,46084a9180a28dd4,0,0
1801,1801,0,0000210,02,2,2,3,0000000000000000,0,0,2,15154cc8d3bf8b8d,3,1,76e6e6e9b1a3680a,46084a9180a28dd4,46084a9180a28dd4,0,0
1802,1802,0,0000214,02,2,2,3,76a0000000000000,0,0,2,9840c2435eea0506,3,1,0000000000000000,46084a9180a28dd4,46084a9180a28dd4,0,0
1803,1803,0,0000218,02,2,2,3,76e6e6e9b1a32043,0,0,2,0fbe51dfc914969a,3,1,0000000000000000,46084a9180a28dd4,46084a9180a28dd4,0,0
1804,1804,0,000021c,02,2,2,3,f86d6bbc3f282043,0,0,2,82ebdf5444411811,3,1,76a0000000000000,46084a9180a28dd4,46084a9180a28dd4,0,0
1805,1805,0,0000000,00,3,3,3,6bf1fc42acb4ad16,0,0,3,4aef02ba8c45c5ff,0,1,76e6e6e9b1a32043,46084a9180a28dd4,46084a9180a28dd4,0,0
1806,1806,0,0000000,00,3,3,3,e57a7117223f3ae8,0,0,3,4aef02ba8c45c5ff,0,1,f86d6bbc3f282043,46084a9180a28dd4,46084a9180a28dd4,0,0
1807,1807,0,0000000,00,3,3,3,4cc8d3bf8b8db7bd,0,0,3,4aef02ba8c45c5ff,0,1,6bf1fc42acb4ad16,46084a9180a28dd4,46084a9180a28dd4,0,0
1808,1808,0,0000000,00,3,3,3,c2435eea05061515,0,0,3,4aef02ba8c45c5ff,0,1,e57a7117223f3ae8,46084a9180a28dd4,46084a9180a28dd4,0,0
1809,1809,0,0000220,02,2,2,3,51dfc914969a9840,0,0,2,4aef02ba8c45c5ff,3,1,4cc8d3bf8b8db7bd,46084a9180a28dd4,46084a9180a28dd4,0,0
1810,1810,0,0000224,02,2,2,3,df54444118110fbe,0,0,2,c7ba8c3101104b74,3,1,c2435eea05061515,46084a9180a28dd4,46084a9180a28dd4,0,0
1811,1811,0,0000228,02,2,2,3,02ba8c45c5ff82eb,0,0,2,50441fad96eed8e8,3,1,51dfc914969a9840,46084a9180a28dd4,46084a9180a28dd4,0,0
1812,1812,0,000022c,02,2,2,3,0000000000000008,0,0,2,dd1191261bbb5663,3,1,df54444118110fbe,46084a9180a28dd4,46084a9180a28dd4,0,0
1813,1813,0,0000230,02,2,2,3,0000000000000000,0,0,2,7fb93894b913ffd1,3,1,02ba8c45c5ff82eb,46084a9180a28dd4,46084a9180a28dd4,0,0
1814,1814,0,0000234,02,2,2,3,02b0000000000000,0,0,2,f2ecb61f3446715a,3,1,0000000000000008,46084a9180a28dd4,46084a9180a28dd4,0,0
1815,1815,0,0000238,02,2,2,3,02ba8c45c5ff4aef,0,0,2,65122583a3b8e2c6,3,1,0000000000000000,46084a9180a28dd4,46084a9180a28dd4,0,0
1816,1816,0,000023c,02,2,2,3,8c3101104b744aef,0,0,2,e847ab082eed6c4d,3,1,02b0000000000000,46084a9180a28dd4,46084a9180a28dd4,0,0
1817,1817,0,0000000,00,3,3,3,1fad96eed8e8c7ba,0,0,3,f51b9e5e33b1591b,0,1,02ba8c45c5ff4aef,46084a9180a28dd4,46084a9180a28dd4,0,0
1818,1818,0,0000000,00,3,3,3,91261bbb56635044,0,0,3,f51b9e5e33b1591b,0,1,8c3101104b744aef,46084a9180a28dd4,46084a9180a28dd4,0,0
1819,1819,0,0000000,00,3,3,3,3894b913ffd1dd11,0,0,3,f51b9e5e33b1591b,0,1,1fad96eed8e8c7ba,46084a9180a28dd4,46084a9180a28dd4,0,0
1820,1820,0,0000000,00,3,3,3,b61f3446715a7fb9,0,0,3,f51b9e5e33b1591b,0,1,91261bbb56635044,46084a9180a28dd4,46084a9180a28dd4,0,0
1821,1821,0,0000240,02,2,2,3,2583a3b8e2c6f2ec,0,0,2,f51b9e5e33b1591b,3,1,3894b913ffd1dd11,46084a9180a28dd4,46084a9180a28dd4,0,0
1822,1822,0,0000244,02,2,2,3,ab082eed6c4d6512,0,0,2,784e10d5bee4d790,3,1,b61f3446715a7fb9,46084a9180a28dd4,46084a9180a28dd4,0,0
1823,1823,0,0000248,02,2,2,3,9e5e33b1591be847,0,0,2,efb08349291a440c,3,1,2583a3b8e2c6f2ec,46084a9180a28dd4,46084a9180a28dd4,0,0
1824,1824,0,000024c,02,2,2,3,0000000000000004,0,0,2,62e50dc2a44fca87,3,1,ab082eed6c4d6512,46084a9180a28dd4,46084a9180a28dd4,0,0
1825,1825,0,0000250,02,2,2,3,0000000000000000,0,0,2,c04da47006e76335,3,1,9e5e33b1591be847,46084a9180a28dd4,46084a9180a28dd4,0,0
1826,1826,0,0000254,02,2,2,3,9e10000000000000,0,0,2,4d182afb8bb2edbe,3,1,0000000000000004,46084a9180a28dd4,46084a9180a28dd4,0,0
1827,1827,0,0000258,02,2,2,3,9e5e33b1591bf51b,0,0,2,dae6b9671c4c7e22,3,1,0000000000000000,46084a9180a28dd4,46084a9180a28dd4,0,0
1828,1828,0,000025c,02,2,2,3,10d5bee4d790f51b,0,0,2,57b337ec9119f0a9,3,1,9e10000000000000,46084a9180a28dd4,46084a9180a28dd4,0,0
1829,1829,0,0000000,00,3,3,3,8349291a440c784e,0,0,3,9fb7ea02591d2d47,0,1,9e5e33b1591bf51b,46084a9180a28dd4,46084a9180a28dd4,0,0
1830,1830,0,0000000,00,3,3,3,0dc2a44fca87efb0,0,0,3,9fb7ea02591d2d47,0,1,10d5bee4d790f51b,46084a9180a28dd4,46084a9180a28dd4,0,0
1831,1831,0,0000000,00,3,3,3,a47006e7633562e5,0,0,3,9fb7ea02591d2d47,0,1,8349291a440c784e,46084a9180a28dd4,46084a9180a28dd4,0,0
1832,1832,0,0000000,00,3,3,3,2afb8bb2edbec04d,0,0,3,9fb7ea02591d2d47,0,1,0dc2a44fca87efb0,46084a9180a28dd4,46084a9180a28dd4,0,0
1833,1833,0,0000260,02,2,2,3,b9671c4c7e224d18,0,0,2,9fb7ea02591d2d47,3,1,a47006e7633562e5,46084a9180a28dd4,46084a9180a28dd4,0,0
1834,1834,0,0000264,02,2,2,3,37ec9119f0a9dae6,0,0,2,12e26489d448a3cc,3,1,2afb8bb2edbec04d,46084a9180a28dd4,46084a9180a28dd4,0,0
1835,1835,0,0000268,02,2,2,3,ea02591d2d4757b3,0,0,2,851cf71543b63050,3,1,b9671c4c7e224d18,46084a9180a28dd4,46084a9180a28dd4,0,0
1836,1836,0,000026c,02,2,2,3,0000000000000000,0,0,2,0849799ecee3bedb,3,1,37ec9119f0a9dae6,46084a9180a28dd4,46084a9180a28dd4,0,0
1837,1837,0,0000270,02,2,2,3,0000000000000000,0,0,2,aae1d02c6c4b1769,3,1,ea02591d2d4757b3,46084a9180a28dd4,46084a9180a28dd4,0,0
1838,1838,0,0000274,02,2,2,3,ea00000000000000,0,0,2,27b45ea7e11e99e2,3,1,0000000000000000,46084a9180a28dd4,46084a9180a28dd4,0,0
1839,1839,0,0000278,02,2,2,3,ea02591d2d479fb7,0,0,2,b04acd3b76e00a7e,3,1,0000000000000000,46084a9180a28dd4,46084a9180a28dd4,0,0
1840,1840,0,000027c,02,2,2,3,6489d448a3cc9fb7,0,0,2,3d1f43b0fbb584f5,3,1,ea00000000000000,46084a9180a28dd4,46084a9180a28dd4,0,0
1841,1841,0,0000000,00,3,3,3,f71543b6305012e2,0,0,3,8af2a7974c5860d2,0,1,ea02591d2d479fb7,46084a9180a28dd4,46084a9180a28dd4,0,0
1842,1842,0,0000000,00,3,3,3,799ecee3bedb851c,0,0,3,8af2a7974c5860d2,0,1,6489d448a3cc9fb7,46084a9180a28dd4,46084a9180a28dd4,0,0
1843,1843,0,0000000,00,3,3,3,d02c6c4b17690849,0,0,3,8af2a7974c5860d2,0,1,f71543b6305012e2,46084a9180a28dd4,46084a9180a28dd4,0,0
1844,1844,0,0000000,00,3,3,3,5ea7e11e99e2aae1,0,0,3,8af2a7974c5860d2,0,1,799ecee3bedb851c,46084a9180a28dd4,46084a9180a28dd4,0,0
1845,1845,0,0000280,02,2,2,3,cd3b76e00a7e27b4,0,0,2,8af2a7974c5860d2,3,1,d02c6c4b17690849,46084a9180a28dd4,46084a9180a28dd4,0,0
1846,1846,0,0000284,02,2,2,3,43b0fbb584f5b04a,0,0,2,07a7291cc10dee59,3,1,5ea7e11e99e2aae1,46084a9180a28dd4,46084a9180a28dd4,0,0
1847,1847,0,0000288,02,2,2,3,a7974c5860d23d1f,0,0,2,9059ba8056f37dc5,3,1,cd3b76e00a7e27b4,46084a9180a28dd4,46084a9180a28dd4,0,0
1848,1848,0,000028c,02,2,2,3,0000000000000005,0,0,2,1d0c340bdba6f34e,3,1,43b0fbb584f5b04a,46084a9180a28dd4,46084a9180a28dd4,0,0
1849,1849,0,0000290,02,2,2,3,0000000000000000,0,0,2,bfa49db9790e5afc,3,1,a7974c5860d23d1f,46084a9180a28dd4,46084a9180a28dd4,0,0
1850,1850,0,0000294,02,2,2,3,a790000000000000,0,0,2,32f11332f45bd477,3,1,0000000000000005,46084a9180a28dd4,46084a9180a28dd4,0,0
1851,1851,0,0000298,02,2,2,3,a7974c5860d28af2,0,0,2,a50f80ae63a547eb,3,1,0000000000000000,46084a9180a28dd4,46084a9180a28dd4,0,0
1852,1852,0,000029c,02,2,2,3,291cc10dee598af2,0,0,2,285a0e25eef0c960,3,1,a790000000000000,46084a9180a28dd4,46084a9180a28dd4,0,0
1853,1853,0,0000000,00,3,3,3,ba8056f37dc507a7,0,0,3,e05ed3cb26f4148e,0,1,a7974c5860d28af2,46084a9180a28dd4,46084a9180a28dd4,0,0
1854,1854,0,0000000,00,3,3,3,340bdba6f34e9059,0,0,3,e05ed3cb26f4148e,0,1,291cc10dee598af2,46084a9180a28dd4,46084a9180a28dd4,0,0
1855,1855,0,0000000,00,3,3,3,9db9790e5afc1d0c,0,0,3,e05ed3cb26f4148e,0,1,ba8056f37dc507a7,46084a9180a28dd4,46084a9180a28dd4,0,0
1856,1856,0,0000000,00,3,3,3,1332f45bd477bfa4,0,0,3,e05ed3cb26f4148e,0,1,340bdba6f34e9059,46084a9180a28dd4,46084a9180a28dd4,0,0
1857,1857,0,00002a0,02,2,2,3,80ae63a547eb32f1,0,0,2,e05ed3cb26f4148e,3,1,9db9790e5afc1d0c,46084a9180a28dd4,46084a9180a28dd4,0,0
1858,1858,0,00002a4,02,2,2,3,0e25eef0c960a50f,0,0,2,6d0b5d40aba19a05,3,1,1332f45bd477bfa4,46084a9180a28dd4,46084a9180a28dd4,0,0
1859,1859,0,00002a8,02,2,2,3,d3cb26f4148e285a,0,0,2,faf5cedc3c5f0999,3,1,80ae63a547eb32f1,46084a9180a28dd4,46084a9180a28dd4,0,0
1860,1860,0,00002ac,02,2,2,3,0000000000000001,0,0,2,77a04057b10a8712,3,1,0e25eef0c960a50f,46084a9180a28dd4,46084a9180a28dd4,0,0
1861,1861,0,00002b0,02,2,2,3,0000000000000000,0,0,2,d508e9e513a22ea0,3,1,d3cb26f4148e285a,46084a9180a28dd4,46084a9180a28dd4,0,0
1862,1862,0,00002b4,02,2,2,3,d380000000000000,0,0,2,585d676e9ef7a02b,3,1,0000000000000001,46084a9180a28dd4,46084a9180a28dd4,0,0
1863,1863,0,00002b8,02,2,2,3,d3cb26f4148ee05e,0,0,2,cfa3f4f2090933b7,3,1,0000000000000000,46084a9180a28dd4,46084a9180a28dd4,0,0
1864,1864,0,00002bc,02,2,2,3,5d40aba19a05e05e,0,0,2,42f67a79845cbd3c,3,1,d380000000000000,46084a9180a28dd4,46084a9180a28dd4,0,0
1865,1865,0,0000000,00,3,3,3,cedc3c5f09996d0b,0,0,3,5faa4f2f9900886a,0,1,d3cb26f4148ee05e,46084a9180a28dd4,46084a9180a28dd4,0,0
1866,1866,0,0000000,00,3,3,3,4057b10a8712faf5,0,0,3,5faa4f2f9900886a,0,1,5d40aba19a05e05e,46084a9180a28dd4,46084a9180a28dd4,0,0
1867,1867,0,0000000,00,3,3,3,e9e513a22ea077a0,0,0,3,5faa4f2f9900886a,0,1,cedc3c5f09996d0b,46084a9180a28dd4,46084a9180a28dd4,0,0
1868,1868,0,0000000,00,3,3,3,676e9ef7a02bd508,0,0,3,5faa4f2f9900886a,0,1,4057b10a8712faf5,46084a9180a28dd4,46084a9180a28dd4,0,0
1869,1869,0,00002c0,02,2,2,3,f4f2090933b7585d,0,0,2,5faa4f2f9900886a,3,1,e9e513a22ea077a0,46084a9180a28dd4,46084a9180a28dd4,0,0
1870,1870,0,00002c4,02,2,2,3,7a79845cbd3ccfa3,0,0,2,d2ffc1a4145506e1,3,1,676e9ef7a02bd508,46084a9180a28dd4,46084a9180a28dd4,0,0
1871,1871,0,00002c8,02,2,2,3,4f2f9900886a42f6,0,0,2,4501523883ab957d,3,1,f4f2090933b7585d,46084a9180a28dd4,46084a9180a28dd4,0,0
1872,1872,0,00002cc,02,2,2,3,000000000000000f,0,0,2,c854dcb30efe1bf6,3,1,7a79845cbd3ccfa3,46084a9180a28dd4,46084a9180a28dd4,0,0
1873,1873,0,00002d0,02,2,2,3,0000000000000000,0,0,2,6afc7501ac56b244,3,1,4f2f9900886a42f6,46084a9180a28dd4,46084a9180a28dd4,0,0
1874,1874,0,00002d4,02,2,2,3,4f20000000000000,0,0,2,e7a9fb8a21033ccf,3,1,000000000000000f,46084a9180a28dd4,46084a9180a28dd4,0,0
1875,1875,0,00002d8,02,2,2,3,4f2f9900886a5faa,0,0,2,70576816b6fdaf53,3,1,0000000000000000,46084a9180a28dd4,46084a9180a28dd4,0,0
1876,1876,0,00002dc,02,2,2,3,c1a4145506e15faa,0,0,2,fd02e69d3ba821d8,3,1,4f20000000000000,46084a9180a28dd4,46084a9180a28dd4,0,0
1877,1877,0,0000000,00,3,3,3,523883ab957dd2ff,0,0,3,35063b73f3acfc36,0,1,4f2f9900886a5faa,46084a9180a28dd4,46084a9180a28dd4,0,0
1878,1878,0,0000000,00,3,3,3,dcb30efe1bf64501,0,0,3,35063b73f3acfc36,0,1,c1a4145506e15faa,46084a9180a28dd4,46084a9180a28dd4,0,0
1879,1879,0,0000000,00,3,3,3,7501ac56b244c854,0,0,3,35063b73f3acfc36,0,1,523883ab957dd2ff,46084a9180a28dd4,46084a9180a28dd4,0,0
1880,1880,0,0000000,00,3,3,3,fb8a21033ccf6afc,0,0,3,35063b73f3acfc36,0,1,dcb30efe1bf64501,46084a9180a28dd4,46084a9180a28dd4,0,0
1881,1881,0,00002e0,02,2,2,3,6816b6fdaf53e7a9,0,0,2,35063b73f3acfc36,3,1,7501ac56b244c854,46084a9180a28dd4,46084a9180a28dd4,0,0
1882,1882,0,00002e4,02,2,2,3,e69d3ba821d87057,0,0,2,b853b5f87ef972bd,3,1,fb8a21033ccf6afc,46084a9180a28dd4,46084a9180a28dd4,0,0
1883,1883,0,00002e8,02,2,2,3,3b73f3acfc36fd02,0,0,2,2fad2664e907e121,3,1,6816b6fdaf53e7a9,46084a9180a28dd4,46084a9180a28dd4,0,0
1884,1884,0,00002ec,02,2,2,3,0000000000000000,0,0,2,a2f8a8ef64526faa,3,1,e69d3ba821d87057,46084a9180a28dd4,46084a9180a28dd4,0,0
1885,1885,0,00002f0,02,2,2,3,0000000000000000,0,0,2,0050015dc6fac618,3,1,3b73f3acfc36fd02,46084a9180a28dd4,46084a9180a28dd4,0,0
1886,1886,0,00002f4,02,2,2,3,3b30000000000000,0,0,2,8d058fd64baf4893,3,1,0000000000000000,46084a9180a28dd4,46084a9180a28dd4,0,0
1887,1887,0,00002f8,02,2,2,3,3b73f3acfc363506,0,0,2,1afb1c4adc51db0f,3,1,0000000000000000,46084a9180a28dd4,46084a9180a28dd4,0,0
1888,1888,0,00002fc,02,2,2,3,b5f87ef972bd3506,0,0,2,97ae92c151045584,3,1,3b30000000000000,46084a9180a28dd4,46084a9180a28dd4,0,0
1889,1889,0,0000000,00,3,3,3,2664e907e121b853,0,0,3,7520d405b38a1340,0,1,3b73f3acfc363506,46084a9180a28dd4,46084a9180a28dd4,0,0
1890,1890,0,0000000,00,3,3,3,a8ef64526faa2fad,0,0,3,7520d405b38a1340,0,1,b5f87ef972bd3506,46084a9180a28dd4,46084a9180a28dd4,0,0
1891,1891,0,0000000,00,3,3,3,015dc6fac618a2f8,0,0,3,7520d405b38a1340,0,1,2664e907e121b853,46084a9180a28dd4,46084a9180a28dd4,0,0
1892,1892,0,0000000,00,3,3,3,8fd64baf48930050,0,0,3,7520d405b38a1340,0,1,a8ef64526faa2fad,46084a9180a28dd4,46084a9180a28dd4,0,0
1893,1893,0,0000300,02,2,2,3,1c4adc51db0f8d05,0,0,2,7520d405b38a1340,3,1,015dc6fac618a2f8,46084a9180a28dd4,46084a9180a28dd4,0,0
1894,1894,0,0000304,02,2,2,3,92c1510455841afb,0,0,2,f8755a8e3edf9dcb,3,1,8fd64baf48930050,46084a9180a28dd4,46084a9180a28dd4,0,0
1895,1895,0,0000308,02,2,2,3,d405b38a134097ae,0,0,2,6f8bc912a9210e57,3,1,1c4adc51db0f8d05,46084a9180a28dd4,46084a9180a28dd4,0,0
1896,1896,0,000030c,02,2,2,3,0000000000000001,0,0,2,e2de4799247480dc,3,1,92c1510455841afb,46084a9180a28dd4,46084a9180a28dd4,0,0
1897,1897,0,0000310,02,2,2,3,0000000000000000,0,0,2,4076ee2b86dc296e,3,1,d405b38a134097ae,46084a9180a28dd4,46084a9180a28dd4,0,0
1898,1898,0,0000314,02,2,2,3,d400000000000000,0,0,2,cd2360a00b89a7e5,3,1,0000000000000001,46084a9180a28dd4,46084a9180a28dd4,0,0
1899,1899,0,0000318,02,2,2,3,d405b38a13407520,0,0,2,5addf33c9c773479,3,1,0000000000000000,46084a9180a28dd4,46084a9180a28dd4,0,0
1900,1900,0,000031c,02,2,2,3,5a8e3edf9dcb7520,0,0,2,d7887db71122baf2,3,1,d400000000000000,46084a9180a28dd4,46084a9180a28dd4,0,0
1901,1901,0,0000000,00,3,3,3,c912a9210e57f875,0,0,3,1f8ca059d926671c,0,1,d405b38a13407520,46084a9180a28dd4,46084a9180a28dd4,0,0
1902,1902,0,0000000,00,3,3,3,4799247480dc6f8b,0,0,3,1f8ca059d926671c,0,1,5a8e3edf9dcb7520,46084a9180a28dd4,46084a9180a28dd4,0,0
1903,1903,0,0000000,00,3,3,3,ee2b86dc296ee2de,0,0,3,1f8ca059d926671c,0,1,c912a9210e57f875,46084a9180a28dd4,46084a9180a28dd4,0,0
1904,1904,0,0000000,00,3,3,3,60a00b89a7e54076,0,0,3,1f8ca059d926671c,0,1,4799247480dc6f8b,46084a9180a28dd4,46084a9180a28dd4,0,0
1905,1905,0,0000320,02,2,2,3,f33c9c773479cd23,0,0,2,1f8ca059d926671c,3,1,ee2b86dc296ee2de,46084a9180a28dd4,46084a9180a28dd4,0,0
1906,1906,0,0000324,02,2,2,3,7db71122baf25add,0,0,2,92d92ed25473e997,3,1,60a00b89a7e54076,46084a9180a28dd4,46084a9180a28dd4,0,0
1907,1907,0,0000328,02,2,2,3,a059d926671cd788,0,0,2,0527bd4ec38d7a0b,3,1,f33c9c773479cd23,46084a9180a28dd4,46084a9180a28dd4,0,0
1908,1908,0,000032c,02,2,2,3,0000000000000001,0,0,2,887233c54ed8f480,3,1,7db71122baf25add,46084a9180a28dd4,46084a9180a28dd4,0,0
1909,1909,0,0000330,02,2,2,3,0000000000000000,0,0,2,2ada9a77ec705d32,3,1,a059d926671cd788,46084a9180a28dd4,46084a9180a28dd4,0,0
1910,1910,0,0000334,02,2,2,3,a010000000000000,0,0,2,a78f14fc6125d3b9,3,1,0000000000000001,46084a9180a28dd4,46084a9180a28dd4,0,0
1911,1911,0,0000338,02,2,2,3,a059d926671c1f8c,0,0,2,30718760f6db4025,3,1,0000000000000000,46084a9180a28dd4,46084a9180a28dd4,0,0
1912,1912,0,000033c,02,2,2,3,2ed25473e9971f8c,0,0,2,bd2409eb7b8eceae,3,1,a010000000000000,46084a9180a28dd4,46084a9180a28dd4,0,0
1913,1913,0,0000000,00,3,3,3,bd4ec38d7a0b92d9,0,0,3,a0783cbd66d2fbf8,0,1,a059d926671c1f8c,46084a9180a28dd4,46084a9180a28dd4,0,0
1914,1914,0,0000000,00,3,3,3,33c54ed8f4800527,0,0,3,a0783cbd66d2fbf8,0,1,2ed25473e9971f8c,46084a9180a28dd4,46084a9180a28dd4,0,0
1915,1915,0,0000000,00,3,3,3,9a77ec705d328872,0,0,3,a0783cbd66d2fbf8,0,1,bd4ec38d7a0b92d9,46084a9180a28dd4,46084a9180a28dd4,0,0
1916,1916,0,0000000,00,3,3,3,14fc6125d3b92ada,0,0,3,a0783cbd66d2fbf8,0,1,33c54ed8f4800527,46084a9180a28dd4,46084a9180a28dd4,0,0
1917,1917,0,0000340,02,2,2,3,8760f6db4025a78f,0,0,2,a0783cbd66d2fbf8,3,1,9a77ec705d328872,46084a9180a28dd4,46084a9180a28dd4,0,0
1918,1918,0,0000344,02,2,2,3,09eb7b8eceae3071,0,0,2,2d2db236eb877573,3,1,14fc6125d3b92ada,46084a9180a28dd4,46084a9180a28dd4,0,0
1919,1919,0,0000348,02,2,2,3,3cbd66d2fbf8bd24,0,0,2,bad321aa7c79e6ef,3,1,8760f6db4025a78f,46084a9180a28dd4,46084a9180a28dd4,0,0
1920,1920,0,000034c,02,2,2,3,0000000000000019,0,0,2,3786af21f12c6864,3,1,09eb7b8eceae3071,46084a9180a28dd4,46084a9180a28dd4,0,0
1921,1921,0,0000350,02,2,2,3,0000000000000000,0,0,2,952e06935384c1d6,3,1,3cbd66d2fbf8bd24,46084a9180a28dd4,46084a9180a28dd4,0,0
1922,1922,0,0000354,02,2,2,3,3cb0000000000000,0,0,2,187b8818ded14f5d,3,1,0000000000000019,46084a9180a28dd4,46084a9180a28dd4,0,0
1923,1923,0,0000358,02,2,2,3,3cbd66d2fbf8a078,0,0,2,8f851b84492fdcc1,3,1,0000000000000000,46084a9180a28dd4,46084a9180a28dd4,0,0
1924,1924,0,000035c,02,2,2,3,b236eb877573a078,0,0,2,02d0950fc47a524a,3,1,3cb0000000000000,46084a9180a28dd4,46084a9180a28dd4,0,0
1925,1925,0,0000000,00,3,3,3,21aa7c79e6ef2d2d,0,0,3,cad448e10c7e8fa4,0,1,3cbd66d2fbf8a078,46084a9180a28dd4,46084a9180a28dd4,0,0
1926,1926,0,0000000,00,3,3,3,af21f12c6864bad3,0,0,3,cad448e10c7e8fa4,0,1,b236eb877573a078,46084a9180a28dd4,46084a9180a28dd4,0,0
1927,1927,0,0000000,00,3,3,3,06935384c1d63786,0,0,3,cad448e10c7e8fa4,0,1,21aa7c79e6ef2d2d,46084a9180a28dd4,46084a9180a28dd4,0,0
1928,1928,0,0000000,00,3,3,3,8818ded14f5d952e,0,0,3,cad448e10c7e8fa4,0,1,af21f12c6864bad3,46084a9180a28dd4,46084a9180a28dd4,0,0
1929,1929,0,0000360,02,2,2,3,1b84492fdcc1187b,0,0,2,cad448e10c7e8fa4,3,1,06935384c1d63786,46084a9180a28dd4,46084a9180a28dd4,0,0
1930,1930,0,0000364,02,2,2,3,950fc47a524a8f85,0,0,2,4781c66a812b012f,3,1,8818ded14f5d952e,46084a9180a28dd4,46084a9180a28dd4,0,0
1931,1931,0,0000368,02,2,2,3,48e10c7e8fa402d0,0,0,2,d07f55f616d592b3,3,1,1b84492fdcc1187b,46084a9180a28dd4,46084a9180a28dd4,0,0
1932,1932,0,000036c,02,2,2,3,0000000000000000,0,0,2,5d2adb7d9b801c38,3,1,950fc47a524a8f85,46084a9180a28dd4,46084a9180a28dd4,0,0
1933,1933,0,0000370,02,2,2,3,0000000000000000,0,0,2,ff8272cf3928b58a,3,1,48e10c7e8fa402d0,46084a9180a28dd4,46084a9180a28dd4,0,0
1934,1934,0,0000374,02,2,2,3,48a0000000000000,0,0,2,72d7fc44b47d3b01,3,1,0000000000000000,46084a9180a28dd4,46084a9180a28dd4,0,0
1935,1935,0,0000378,02,2,2,3,48e10c7e8fa4cad4,0,0,2,e5296fd82383a89d,3,1,0000000000000000,46084a9180a28dd4,46084a9180a28dd4,0,0
1936,1936,0,000037c,02,2,2,3,c66a812b012fcad4,0,0,2,687ce153aed62616,3,1,48a0000000000000,46084a9180a28dd4,46084a9180a28dd4,0,0
1937,1937,0,0000000,00,3,3,3,55f616d592b34781,0,0,3,df910574193bc231,0,1,48e10c7e8fa4cad4,46084a9180a28dd4,46084a9180a28dd4,0,0
1938,1938,0,0000000,00,3,3,3,db7d9b801c38d07f,0,0,3,df910574193bc231,0,1,c66a812b012fcad4,46084a9180a28dd4,46084a9180a28dd4,0,0
1939,1939,0,0000000,00,3,3,3,72cf3928b58a5d2a,0,0,3,df910574193bc231,0,1,55f616d592b34781,46084a9180a28dd4,46084a9180a28dd4,0,0
1940,1940,0,0000000,00,3,3,3,fc44b47d3b01ff82,0,0,3,df910574193bc231,0,1,db7d9b801c38d07f,46084a9180a28dd4,46084a9180a28dd4,0,0
1941,1941,0,0000380,02,2,2,3,6fd82383a89d72d7,0,0,2,df910574193bc231,3,1,72cf3928b58a5d2a,46084a9180a28dd4,46084a9180a28dd4,0,0
1942,1942,0,0000384,02,2,2,3,e153aed62616e529,0,0,2,52c48bff946e4cba,3,1,fc44b47d3b01ff82,46084a9180a28dd4,46084a9180a28dd4,0,0
1943,1943,0,0000388,02,2,2,3,0574193bc231687c,0,0,2,c53a18630390df26,3,1,6fd82383a89d72d7,46084a9180a28dd4,46084a9180a28dd4,0,0
1944,1944,0,000038c,02,2,2,3,0000000000000010,0,0,2,486f96e88ec551ad,3,1,e153aed62616e529,46084a9180a28dd4,46084a9180a28dd4,0,0
1945,1945,0,0000390,02,2,2,3,0000000000000000,0,0,2,eac73f5a2c6df81f,3,1,0574193bc231687c,46084a9180a28dd4,46084a9180a28dd4,0,0
1946,1946,0,0000394,02,2,2,3,0530000000000000,0,0,2,6792b1d1a1387694,3,1,0000000000000010,46084a9180a28dd4,46084a9180a28dd4,0,0
1947,1947,0,0000398,02,2,2,3,0574193bc231df91,0,0,2,f06c224d36c6e508,3,1,0000000000000000,46084a9180a28dd4,46084a9180a28dd4,0,0
1948,1948,0,000039c,02,2,2,3,8bff946e4cbadf91,0,0,2,7d39acc6bb936b83,3,1,0530000000000000,46084a9180a28dd4,46084a9180a28dd4,0,0
1949,1949,0,0000000,00,3,3,3,18630390df2652c4,0,0,3,b53d71287397b66d,0,1,0574193bc231df91,46084a9180a28dd4,46084a9180a28dd4,0,0
1950,1950,0,0000000,00,3,3,3,96e88ec551adc53a,0,0,3,b53d71287397b66d,0,1,8bff946e4cbadf91,46084a9180a28dd4,46084a9180a28dd4,0,0
1951,1951,0,0000000,00,3,3,3,3f5a2c6df81f486f,0,0,3,b53d71287397b66d,0,1,18630390df2652c4,46084a9180a28dd4,46084a9180a28dd4,0,0
1952,1952,0,0000000,00,3,3,3,b1d1a1387694eac7,0,0,3,b53d71287397b66d,0,1,96e88ec551adc53a,46084a9180a28dd4,46084a9180a28dd4,0,0
1953,1953,0,00003a0,02,2,2,3,224d36c6e5086792,0,0,2,b53d71287397b66d,3,1,3f5a2c6df81f486f,46084a9180a28dd4,46084a9180a28dd4,0,0
1954,1954,0,00003a4,02,2,2,3,acc6bb936b83f06c,0,0,2,3868ffa3fec238e6,3,1,b1d1a1387694eac7,46084a9180a28dd4,46084a9180a28dd4,0,0
1955,1955,0,00003a8,02,2,2,3,71287397b66d7d39,0,0,2,af966c3f693cab7a,3,1,224d36c6e5086792,46084a9180a28dd4,46084a9180a28dd4,0,0
1956,1956,0,00003ac,02,2,2,3,0000000000000000,0,0,2,22c3e2b4e46925f1,3,1,acc6bb936b83f06c,46084a9180a28dd4,46084a9180a28dd4,0,0
1957,1957,0,00003b0,02,2,2,3,0000000000000000,0,0,2,806b4b0646c18c43,3,1,71287397b66d7d39,46084a9180a28dd4,46084a9180a28dd4,0,0
1958,1958,0,00003b4,02,2,2,3,7120000000000000,0,0,2,0d3ec58dcb9402c8,3,1,0000000000000000,46084a9180a28dd4,46084a9180a28dd4,0,0
1959,1959,0,00003b8,02,2,2,3,71287397b66db53d,0,0,2,9ac056115c6a9154,3,1,0000000000000000,46084a9180a28dd4,46084a9180a28dd4,0,0
1960,1960,0,00003bc,02,2,2,3,ffa3fec238e6b53d,0,0,2,1795d89ad13f1fdf,3,1,7120000000000000,46084a9180a28dd4,46084a9180a28dd4,0,0
1961,1961,0,0000000,00,3,3,3,6c3f693cab7a3868,0,0,3,0ac9edcccc632a89,0,1,71287397b66db53d,46084a9180a28dd4,46084a9180a28dd4,0,0
1962,1962,0,0000000,00,3,3,3,e2b4e46925f1af96,0,0,3,0ac9edcccc632a89,0,1,ffa3fec238e6b53d,46084a9180a28dd4,46084a9180a28dd4,0,0
1963,1963,0,0000000,00,3,3,3,4b0646c18c4322c3,0,0,3,0ac9edcccc632a89,0,1,6c3f693cab7a3868,46084a9180a28dd4,46084a9180a28dd4,0,0
1964,1964,0,0000000,00,3,3,3,c58dcb9402c8806b,0,0,3,0ac9edcccc632a89,0,1,e2b4e46925f1af96,46084a9180a28dd4,46084a9180a28dd4,0,0
1965,1965,0,00003c0,02,2,2,3,56115c6a91540d3e,0,0,2,0ac9edcccc632a89,3,1,4b0646c18c4322c3,46084a9180a28dd4,46084a9180a28dd4,0,0
1966,1966,0,00003c4,02,2,2,3,d89ad13f1fdf9ac0,0,0,2,879c63474136a402,3,1,c58dcb9402c8806b,46084a9180a28dd4,46084a9180a28dd4,0,0
1967,1967,0,00003c8,02,2,2,3,edcccc632a891795,0,0,2,1062f0dbd6c8379e,3,1,56115c6a91540d3e,46084a9180a28dd4,46084a9180a28dd4,0,0
1968,1968,0,00003cc,02,2,2,3,0000000000000004,0,0,2,9d377e505b9db915,3,1,d89ad13f1fdf9ac0,46084a9180a28dd4,46084a9180a28dd4,0,0
1969,1969,0,00003d0,02,2,2,3,0000000000000000,0,0,2,3f9fd7e2f93510a7,3,1,edcccc632a891795,46084a9180a28dd4,46084a9180a28dd4,0,0
1970,1970,0,00003d4,02,2,2,3,ed80000000000000,0,0,2,b2ca596974609e2c,3,1,0000000000000004,46084a9180a28dd4,46084a9180a28dd4,0,0
1971,1971,0,00003d8,02,2,2,3,edcccc632a890ac9,0,0,2,2534caf5e39e0db0,3,1,0000000000000000,46084a9180a28dd4,46084a9180a28dd4,0,0
1972,1972,0,00003dc,02,2,2,3,63474136a4020ac9,0,0,2,a861447e6ecb833b,3,1,ed80000000000000,46084a9180a28dd4,46084a9180a28dd4,0,0
1973,1973,0,0000000,00,3,3,3,f0dbd6c8379e879c,0,0,3,60659990a6cf5ed5,0,1,edcccc632a890ac9,46084a9180a28dd4,46084a9180a28dd4,0,0
1974,1974,0,0000000,00,3,3,3,7e505b9db9151062,0,0,3,60659990a6cf5ed5,0,1,63474136a4020ac9,46084a9180a28dd4,46084a9180a28dd4,0,0
1975,1975,0,0000000,00,3,3,3,d7e2f93510a79d37,0,0,3,60659990a6cf5ed5,0,1,f0dbd6c8379e879c,46084a9180a28dd4,46084a9180a28dd4,0,0
1976,1976,0,0000000,00,3,3,3,596974609e2c3f9f,0,0,3,60659990a6cf5ed5,0,1,7e505b9db9151062,46084a9180a28dd4,46084a9180a28dd4,0,0
1977,1977,0,00003e0,02,2,2,3,caf5e39e0db0b2ca,0,0,2,60659990a6cf5ed5,3,1,d7e2f93510a79d37,46084a9180a28dd4,46084a9180a28dd4,0,0
1978,1978,0,00003e4,02,2,2,3,447e6ecb833b2534,0,0,2,ed30171b2b9ad05e,3,1,596974609e2c3f9f,46084a9180a28dd4,46084a9180a28dd4,0,0
1979,1979,0,00003e8,02,2,2,3,9990a6cf5ed5a861,0,0,2,7ace8487bc6443c2,3,1,caf5e39e0db0b2ca,46084a9180a28dd4,46084a9180a28dd4,0,0
1980,1980,0,00003ec,02,2,2,3,0000000000000000,0,0,2,f79b0a0c3131cd49,3,1,447e6ecb833b2534,46084a9180a28dd4,46084a9180a28dd4,0,0
1981,1981,0,00003f0,02,2,2,3,0000000000000000,0,0,2,5533a3be939964fb,3,1,9990a6cf5ed5a861,46084a9180a28dd4,46084a9180a28dd4,0,0
1982,1982,0,00003f4,02,2,2,3,9990000000000000,0,0,2,d8662d351eccea70,3,1,0000000000000000,46084a9180a28dd4,46084a9180a28dd4,0,0
1983,1983,0,00003f8,02,2,2,3,9990a6cf5ed56065,0,0,2,4f98bea9893279ec,3,1,0000000000000000,46084a9180a28dd4,46084a9180a28dd4,0,0
1984,1984,0,00003fc,02,2,2,3,171b2b9ad05e6065,0,0,2,c2cd30220467f767,3,1,9990000000000000,46084a9180a28dd4,46084a9180a28dd4,0,0
1985,1985,0,0000000,00,3,3,3,8487bc6443c2ed30,0,0,3,df910574193bc231,0,1,9990a6cf5ed56065,46084a9180a28dd4,46084a9180a28dd4,0,0
1986,1986,0,0000000,00,3,3,3,0a0c3131cd497ace,0,0,3,df910574193bc231,0,1,171b2b9ad05e6065,46084a9180a28dd4,46084a9180a28dd4,0,0
1987,1987,0,0000000,00,3,3,3,a3be939964fbf79b,0,0,3,df0ab8ad19a07fe8,0,1,8487bc6443c2ed30,46084a9180a28dd4,46084a9180a28dd4,0,0
1988,1988,0,0000000,00,3,3,3,2d351eccea705533,0,0,3,df0ab8ad19a07fe8,0,1,0a0c3131cd497ace,46084a9180a28dd4,46084a9180a28dd4,0,0
1989,1989,0,0000003,03,3,2,2,bea9893279ecd866,0,0,3,df0ab8ad19a07fe8,0,1,a3be939964fbf79b,46084a9180a28dd4,46084a9180a28dd4,0,0
1990,1990,0,0000000,00,3,3,3,30220467f7674f98,0,0,3,df0ab8ad19a07fe8,0,1,2d351eccea705533,46084a9180a28dd4,46084a9180a28dd4,0,0
1991,1991,0,0000000,00,3,3,3,0574193bc231c2cd,0,0,3,df0ab8ad19a07fe8,0,1,bea9893279ecd866,46084a9180a28dd4,46084a9180a28dd4,0,0
1992,1992,0,0000000,00,3,3,3,0000000000000010,0,0,3,df0ab8ad19a07fe8,0,1,30220467f7674f98,46084a9180a28dd4,46084a9180a28dd4,0,0
1993,1993,0,00003ec,00,2,2,3,0000000000000000,0,0,3,df0ab8ad19a07fe8,0,1,0574193bc231c2cd,46084a9180a28dd4,46084a9180a28dd4,0,0
1994,1994,0,00003f0,00,2,2,3,0000000000000000,3,0,3,df0ab8ad19a07fe8,0,1,0000000000000010,46084a9180a28dd4,46084a9180a28dd4,0,0
1995,1995,0,00003f4,00,2,2,3,0000000000000000,3,0,3,df0ab8ad19a07fe8,0,1,0000000000000000,46084a9180a28dd4,46084a9180a28dd4,0,0
1996,1996,0,0000000,00,3,3,3,0000000000000000,3,0,3,df0ab8ad19a07fe8,0,1,0000000000000000,46084a9180a28dd4,46084a9180a28dd4,0,0
1997,1997,0,0000000,00,3,3,3,0000000000000000,0,0,3,df0ab8ad19a07fe8,0,1,0000000000000000,46084a9180a28dd4,46084a9180a28dd4,0,0
1998,1998,0,0000000,00,3,3,3,0000000000000000,0,0,3,df0ab8ad19a07fe8,0,1,0000000000000000,46084a9180a28dd4,46084a9180a28dd4,0,0
1999,1999,0,0000000,00,3,3,3,0000000000000000,0,0,3,df0ab8ad19a07fe8,0,1,0000000000000000,46084a9180a28dd4,46084a9180a28dd4,0,0
2000,2000,0,0000000,00,3,3,3,9350a22955fa656c,0,0,3,df0ab8ad19a07fe8,0,1,0000000000000000,46084a9180a28dd4,46084a9180a28dd4,0,0
2001,2001,0,0000000,00,3,3,3,31f80b9bf752ccde,0,0,3,df0ab8ad19a07fe8,0,1,0000000000000000,46084a9180a28dd4,46084a9180a28dd4,0,0
2002,2002,0,0000000,00,3,3,3,bcad85107a074255,0,3,3,df0ab8ad19a07fe8,0,1,9350a22955fa656c,46084a9180a28dd4,46084a9180a28dd4,0,0
2003,2003,0,0000000,00,3,3,3,000000000000bcad,0,3,3,df0ab8ad19a07fe8,0,1,31f80b9bf752ccde,46084a9180a28dd4,46084a9180a28dd4,0,0
2004,2004,0,0000000,00,3,3,3,0000000000000000,0,3,3,df0ab8ad19a07fe8,0,1,bcad85107a074255,46084a9180a28dd4,46084a9180a28dd4,0,0
2005,2005,0,0000000,00,3,3,3,0000000000000000,0,0,3,df0ab8ad19a07fe8,0,1,000000000000bcad,46084a9180a28dd4,46084a9180a28dd4,0,0
2006,2006,0,0000000,00,3,3,3,0000000000000000,0,0,3,df0ab8ad19a07fe8,0,1,0000000000000000,46084a9180a28dd4,46084a9180a28dd4,0,0
2007,2007,0,0000000,00,3,3,3,0000000000000000,0,0,3,df0ab8ad19a07fe8,0,1,0000000000000000,46084a9180a28dd4,46084a9180a28dd4,0,0
2008,2008,0,0000000,00,3,3,3,0000000000000000,0,0,3,df0ab8ad19a07fe8,0,1,0000000000000000,46084a9180a28dd4,46084a9180a28dd4,0,0
2009,2009,0,0000000,00,3,3,3,0000000000000000,0,0,3,df0ab8ad19a07fe8,0,1,0000000000000000,46084a9180a28dd4,46084a9180a28dd4,0,0
2010,2010,0,0000000,00,3,3,3,0000000000000000,0,0,3,df0ab8ad19a07fe8,0,1,0000000000000000,46084a9180a28dd4,46084a9180a28dd4,0,0
2011,2011,0,0000000,00,3,3,3,0000000000000000,0,0,3,df0ab8ad19a07fe8,0,1,0000000000000000,46084a9180a28dd4,46084a9180a28dd4,0,0
2012,2012,0,0000000,00,3,3,3,0000000000000000,0,0,3,df0ab8ad19a07fe8,0,1,0000000000000000,46084a9180a28dd4,46084a9180a28dd4,0,0
2013,2013,0,0000000,00,3,3,3,0000000000000000,0,0,3,df0ab8ad19a07fe8,0,1,0000000000000000,46084a9180a28dd4,46084a9180a28dd4,0,0
2014,2014,0,0000000,00,3,3,3,0000000000000000,0,0,3,df0ab8ad19a07fe8,0,1,0000000000000000,9350a22955fa656c,9350a22955fa656c,0,1
2015,2015,0,0000000,03,2,2,3,0000000000000000,0,0,2,df0ab8ad19a07fe8,3,1,0000000000000000,31f80b9bf752ccde,31f80b9bf752ccde,0,1
2016,2016,0,0000000,00,3,3,3,0000000000000000,0,0,3,52c48bff946e4cba,0,1,0000000000000000,bcad85107a074255,bcad85107a074255,0,1
2017,2017,0,0000000,00,3,3,3,0000000000000000,0,0,3,52c48bff946e4cba,0,1,0000000000000000,fe0bfe3438a13971,fe0bfe3438a13971,0,0
2018,2018,0,0000000,00,3,3,3,0000000000000000,0,0,3,52c48bff946e4cba,0,1,0000000000000000,fe0bfe3438a13971,fe0bfe3438a13971,0,0
2019,2019,0,00003fc,00,2,2,3,0000000000000000,0,0,3,52c48bff946e4cba,0,1,0000000000000000,fe0bfe3438a13971,fe0bfe3438a13971,0,0
2020,2020,0,0000000,01,2,2,3,b8a0000000000000,3,0,3,52c48bff946e4cba,0,1,0000000000000000,fe0bfe3438a13971,fe0bfe3438a13971,0,0
2021,2021,0,00003f8,00,2,2,3,b8ad19a07fe8df0a,3,0,3,52c48bff946e4cba,0,1,0000000000000000,fe0bfe3438a13971,fe0bfe3438a13971,0,0
2022,2022,0,0000004,01,2,2,3,8bff946e4cbadf0a,3,0,3,52c48bff946e4cba,0,1,b8a0000000000000,fe0bfe3438a13971,fe0bfe3438a13971,0,0
2023,2023,0,0000008,01,2,2,3,0000000000000005,3,0,3,52c48bff946e4cba,0,1,b8ad19a07fe8df0a,fe0bfe3438a13971,fe0bfe3438a13971,0,0
2024,2024,0,000000c,01,2,2,3,0000000000000000,3,0,3,52c48bff946e4cba,0,1,8bff946e4cbadf0a,fe0bfe3438a13971,fe0bfe3438a13971,0,0
2025,2025,0,0000010,01,2,2,3,0000000000000000,3,0,3,52c48bff946e4cba,0,1,0000000000000005,fe0bfe3438a13971,fe0bfe3438a13971,0,0
2026,2026,0,0000014,01,2,2,3,a606980760ac5f42,3,0,3,52c48bff946e4cba,0,1,0000000000000000,fe0bfe3438a13971,fe0bfe3438a13971,0,0
2027,2027,0,0000018,01,2,2,3,ffffffffffffffff,3,0,3,52c48bff946e4cba,0,1,0000000000000000,fe0bfe3438a13971,fe0bfe3438a13971,0,0
2028,2028,0,000001c,01,2,2,3,2b53168cedf9d1c9,3,3,3,52c48bff946e4cba,0,1,a606980760ac5f42,fe0bfe3438a13971,fe0bfe3438a13971,0,0
2029,2029,0,0000020,01,2,2,3,ffffffffffffffff,3,3,3,52c48bff946e4cba,0,1,ffffffffffffffff,fe0bfe3438a13971,fe0bfe3438a13971,0,0
2030,2030,0,0000024,01,2,2,3,2b53168cedf9d1c9,3,3,3,52c48bff946e4cba,0,1,2b53168cedf9d1c9,fe0bfe3438a13971,fe0bfe3438a13971,0,0
2031,2031,0,0000028,01,2,2,3,ffffffffffffffff,3,3,3,52c48bff946e4cba,0,1,ffffffffffffffff,fe0bfe3438a13971,fe0bfe3438a13971,0,0
2032,2032,0,000002c,01,2,2,3,2b53168cedf9d1c9,3,3,3,52c48bff946e4cba,0,1,2b53168cedf9d1c9,fe0bfe3438a13971,fe0bfe3438a13971,0,0
2033,2033,0,0000030,01,2,2,3,ffffffffffffffff,3,3,3,52c48bff946e4cba,0,1,ffffffffffffffff,fe0bfe3438a13971,fe0bfe3438a13971,0,0
2034,2034,0,0000034,01,2,2,3,2b53168cedf9d1c9,3,3,3,52c48bff946e4cba,0,1,2b53168cedf9d1c9,fe0bfe3438a13971,fe0bfe3438a13971,0,0
2035,2035,0,0000038,01,2,2,3,ffffffffffffffff,3,3,3,52c48bff946e4cba,0,1,ffffffffffffffff,fe0bfe3438a13971,fe0bfe3438a13971,0,0
2036,2036,0,000003c,01,2,2,3,2b53168cedf9d1c9,3,3,3,52c48bff946e4cba,0,1,2b53168cedf9d1c9,fe0bfe3438a13971,fe0bfe3438a13971,0,0
2037,2037,0,0000040,01,2,2,3,ffffffffffffffff,3,3,3,52c48bff946e4cba,0,1,ffffffffffffffff,fe0bfe3438a13971,fe0bfe3438a13971,0,0
2038,2038,0,0000044,01,2,2,3,2b53168cedf9d1c9,3,3,3,52c48bff946e4cba,0,1,2b53168cedf9d1c9,fe0bfe3438a13971,fe0bfe3438a13971,0,0
2039,2039,0,0000048,01,2,2,3,ffffffffffffffff,3,3,3,52c48bff946e4cba,0,1,ffffffffffffffff,fe0bfe3438a13971,fe0bfe3438a13971,0,0
2040,2040,0,000004c,01,2,2,3,2b53168cedf9d1c9,3,3,3,52c48bff946e4cba,0,1,2b53168cedf9d1c9,fe0bfe3438a13971,fe0bfe3438a13971,0,0
2041,2041,0,0000050,01,2,2,3,ffffffffffffffff,3,3,3,52c48bff946e4cba,0,1,ffffffffffffffff,fe0bfe3438a13971,fe0bfe3438a13971,0,0
2042,2042,0,0000054,01,2,2,3,2b53168cedf9d1c9,3,3,3,52c48bff946e4cba,0,1,2b53168cedf9d1c9,2b53168cedf9d1c9,2b53168cedf9d1c9,0,1
2043,2043,0,0000058,01,2,2,3,ffffffffffffffff,3,3,3,52c48bff946e4cba,0,1,ffffffffffffffff,a606980760ac5f42,a606980760ac5f42,0,1
2044,2044,0,000005c,01,2,2,3,2b53168cedf9d1c9,3,3,3,52c48bff946e4cba,0,1,2b53168cedf9d1c9,6e0245e9a8a882ac,6e0245e9a8a882ac,0,0
2045,2045,0,0000060,01,2,2,3,ffffffffffffffff,3,3,3,52c48bff946e4cba,0,1,ffffffffffffffff,6e0245e9a8a882ac,6e0245e9a8a882ac,0,0
2046,2046,0,0000064,01,2,2,3,2b53168cedf9d1c9,3,3,3,52c48bff946e4cba,0,1,2b53168cedf9d1c9,6e0245e9a8a882ac,6e0245e9a8a882ac,0,0
2047,2047,0,0000068,01,2,2,3,ffffffffffffffff,3,3,3,52c48bff946e4cba,0,1,ffffffffffffffff,6e0245e9a8a882ac,6e0245e9a8a882ac,0,0
2048,2048,1,000006c,01,2,2,3,2b53168cedf9d1c9,3,3,3,52c48bff946e4cba,0,1,2b53168cedf9d1c9,ffffffffffffffff,bbc110887d6bd7cd,1,1
2049,2049,0,0000070,01,2,2,3,ffffffffffffffff,3,3,3,52c48bff946e4cba,0,1,ffffffffffffffff,ffffffffffffffff,36949e03f03e5946,1,1
2050,2050,0,0000074,01,2,2,3,2b53168cedf9d1c9,3,3,3,52c48bff946e4cba,0,1,2b53168cedf9d1c9,2b53168cedf9d1c9,a16a0d9f67c0cada,1,1
2051,2051,0,0000078,01,2,2,3,ffffffffffffffff,3,3,3,52c48bff946e4cba,0,1,ffffffffffffffff,ffffffffffffffff,2c3f8314ea954451,1,1
2052,2052,0,000007c,01,2,2,3,2b53168cedf9d1c9,3,3,3,52c48bff946e4cba,0,1,2b53168cedf9d1c9,2b53168cedf9d1c9,8e972aa6483dede3,1,1
2053,2053,0,0000080,01,2,2,3,ffffffffffffffff,3,3,3,52c48bff946e4cba,0,1,ffffffffffffffff,ffffffffffffffff,03c2a42dc5686368,1,1
2054,2054,0,0000084,01,2,2,3,2b53168cedf9d1c9,3,3,3,52c48bff946e4cba,0,1,2b53168cedf9d1c9,2b53168cedf9d1c9,943c37b15296f0f4,1,1
2055,2055,0,0000088,01,2,2,3,ffffffffffffffff,3,3,3,52c48bff946e4cba,0,1,ffffffffffffffff,ffffffffffffffff,1969b93adfc37e7f,1,1
2056,2056,0,000008c,01,2,2,3,2b53168cedf9d1c9,3,3,3,52c48bff946e4cba,0,1,2b53168cedf9d1c9,04ae31b5c204f6f0,04ae31b5c204f6f0,0,0
2057,2057,0,0000090,01,2,2,3,ffffffffffffffff,3,3,3,52c48bff946e4cba,0,1,ffffffffffffffff,04ae31b5c204f6f0,04ae31b5c204f6f0,0,0
2058,2058,0,0000094,01,2,2,3,2b53168cedf9d1c9,3,3,3,52c48bff946e4cba,0,1,2b53168cedf9d1c9,04ae31b5c204f6f0,04ae31b5c204f6f0,0,0
2059,2059,0,0000098,01,2,2,3,ffffffffffffffff,3,3,3,52c48bff946e4cba,0,1,ffffffffffffffff,04ae31b5c204f6f0,04ae31b5c204f6f0,0,0
2060,2060,0,000009c,01,2,2,3,2b53168cedf9d1c9,3,3,3,52c48bff946e4cba,0,1,2b53168cedf9d1c9,2b53168cedf9d1c9,d16d64d417c7a391,1,1
2061,2061,0,00000a0,01,2,2,3,ffffffffffffffff,3,3,3,52c48bff946e4cba,0,1,ffffffffffffffff,ffffffffffffffff,5c38ea5f9a922d1a,1,1
2062,2062,0,00000a4,01,2,2,3,2b53168cedf9d1c9,3,3,3,52c48bff946e4cba,0,1,2b53168cedf9d1c9,2b53168cedf9d1c9,cbc679c30d6cbe86,1,1
2063,2063,0,00000a8,01,2,2,3,ffffffffffffffff,3,3,3,52c48bff946e4cba,0,1,ffffffffffffffff,ffffffffffffffff,4693f7488039300d,1,1
2064,2064,0,00000ac,01,2,2,3,2b53168cedf9d1c9,3,3,3,52c48bff946e4cba,0,1,2b53168cedf9d1c9,2b53168cedf9d1c9,e43b5efa229199bf,1,1
2065,2065,0,00000b0,01,2,2,3,ffffffffffffffff,3,3,3,52c48bff946e4cba,0,1,ffffffffffffffff,ffffffffffffffff,696ed071afc41734,1,1
2066,2066,0,00000b4,01,2,2,3,2b53168cedf9d1c9,3,3,3,52c48bff946e4cba,0,1,2b53168cedf9d1c9,2b53168cedf9d1c9,fe9043ed383a84a8,1,1
2067,2067,0,00000b8,01,2,2,3,ffffffffffffffff,3,3,3,52c48bff946e4cba,0,1,ffffffffffffffff,ffffffffffffffff,73c5cd66b56f0a23,1,1
2068,2068,0,00000bc,01,2,2,3,2b53168cedf9d1c9,3,3,3,52c48bff946e4cba,0,1,2b53168cedf9d1c9,ffffffffffffffff,bbc110887d6bd7cd,1,0
2069,2069,0,00000c0,01,2,2,3,ffffffffffffffff,3,3,3,52c48bff946e4cba,0,1,ffffffffffffffff,ffffffffffffffff,bbc110887d6bd7cd,1,0
2070,2070,0,00000c4,01,2,2,3,2b53168cedf9d1c9,3,3,3,52c48bff946e4cba,0,1,2b53168cedf9d1c9,ffffffffffffffff,bbc110887d6bd7cd,1,0
2071,2071,0,00000c8,01,2,2,3,ffffffffffffffff,3,3,3,52c48bff946e4cba,0,1,ffffffffffffffff,ffffffffffffffff,bbc110887d6bd7cd,1,0
2072,2072,0,00000cc,01,2,2,3,2b53168cedf9d1c9,3,3,3,52c48bff946e4cba,0,1,2b53168cedf9d1c9,2b53168cedf9d1c9,6e99f830a8333f75,1,1
2073,2073,0,00000d0,01,2,2,3,ffffffffffffffff,3,3,3,52c48bff946e4cba,0,1,ffffffffffffffff,ffffffffffffffff,e3cc76bb2566b1fe,1,1
2074,2074,0,00000d4,01,2,2,3,2b53168cedf9d1c9,3,3,3,52c48bff946e4cba,0,1,2b53168cedf9d1c9,2b53168cedf9d1c9,7432e527b2982262,1,1
2075,2075,0,00000d8,01,2,2,3,ffffffffffffffff,3,3,3,52c48bff946e4cba,0,1,ffffffffffffffff,ffffffffffffffff,f9676bac3fcdace9,1,1
2076,2076,0,00000dc,01,2,2,3,2b53168cedf9d1c9,3,3,3,52c48bff946e4cba,0,1,2b53168cedf9d1c9,2b53168cedf9d1c9,5bcfc21e9d65055b,1,1
2077,2077,0,00000e0,01,2,2,3,ffffffffffffffff,3,3,3,52c48bff946e4cba,0,1,ffffffffffffffff,ffffffffffffffff,d69a4c9510308bd0,1,1
2078,2078,0,00000e4,01,2,2,3,2b53168cedf9d1c9,3,3,3,52c48bff946e4cba,0,1,2b53168cedf9d1c9,2b53168cedf9d1c9,4164df0987ce184c,1,1
2079,2079,0,00000e8,01,2,2,3,ffffffffffffffff,3,3,3,52c48bff946e4cba,0,1,ffffffffffffffff,ffffffffffffffff,cc3151820a9b96c7,1,1
2080,2080,0,00000ec,01,2,2,3,2b53168cedf9d1c9,3,3,3,52c48bff946e4cba,0,1,2b53168cedf9d1c9,2b53168cedf9d1c9,d16d64d417c7a391,1,0
2081,2081,0,00000f0,01,2,2,3,ffffffffffffffff,3,3,3,52c48bff946e4cba,0,1,ffffffffffffffff,2b53168cedf9d1c9,d16d64d417c7a391,1,0
2082,2082,0,00000f4,01,2,2,3,2b53168cedf9d1c9,3,3,3,52c48bff946e4cba,0,1,2b53168cedf9d1c9,2b53168cedf9d1c9,d16d64d417c7a391,1,0
2083,2083,0,00000f8,01,2,2,3,ffffffffffffffff,3,3,3,52c48bff946e4cba,0,1,ffffffffffffffff,2b53168cedf9d1c9,d16d64d417c7a391,1,0
2084,2084,0,00000fc,01,2,2,3,2b53168cedf9d1c9,3,3,3,52c48bff946e4cba,0,1,2b53168cedf9d1c9,2b53168cedf9d1c9,04358c6cc29f4b29,1,1
2085,2085,0,0000100,01,2,2,3,ffffffffffffffff,3,3,3,52c48bff946e4cba,0,1,ffffffffffffffff,ffffffffffffffff,896002e74fcac5a2,1,1
2086,2086,0,0000104,01,2,2,3,2b53168cedf9d1c9,3,3,3,52c48bff946e4cba,0,1,2b53168cedf9d1c9,2b53168cedf9d1c9,1e9e917bd834563e,1,1
2087,2087,0,0000108,01,2,2,3,ffffffffffffffff,3,3,3,52c48bff946e4cba,0,1,ffffffffffffffff,ffffffffffffffff,93cb1ff05561d8b5,1,1
2088,2088,0,000010c,01,2,2,3,2b53168cedf9d1c9,3,3,3,52c48bff946e4cba,0,1,2b53168cedf9d1c9,2b53168cedf9d1c9,3163b642f7c97107,1,1
2089,2089,0,0000110,01,2,2,3,ffffffffffffffff,3,3,3,52c48bff946e4cba,0,1,ffffffffffffffff,ffffffffffffffff,bc3638c97a9cff8c,1,1
2090,2090,0,0000114,01,2,2,3,2b53168cedf9d1c9,3,3,3,52c48bff946e4cba,0,1,2b53168cedf9d1c9,2b53168cedf9d1c9,2bc8ab55ed626c10,1,1
2091,2091,0,0000118,01,2,2,3,ffffffffffffffff,3,3,3,52c48bff946e4cba,0,1,ffffffffffffffff,ffffffffffffffff,a69d25de6037e29b,1,1
2092,2092,0,000011c,01,2,2,3,2b53168cedf9d1c9,3,3,3,52c48bff946e4cba,0,1,2b53168cedf9d1c9,2b53168cedf9d1c9,6e99f830a8333f75,1,0
2093,2093,0,0000120,01,2,2,3,ffffffffffffffff,3,3,3,52c48bff946e4cba,0,1,ffffffffffffffff,2b53168cedf9d1c9,6e99f830a8333f75,1,0
2094,2094,0,0000124,01,2,2,3,2b53168cedf9d1c9,3,3,3,52c48bff946e4cba,0,1,2b53168cedf9d1c9,2b53168cedf9d1c9,6e99f830a8333f75,1,0
2095,2095,0,0000128,01,2,2,3,ffffffffffffffff,3,3,3,52c48bff946e4cba,0,1,ffffffffffffffff,2b53168cedf9d1c9,6e99f830a8333f75,1,0
2096,2096,0,000012c,01,2,2,3,2b53168cedf9d1c9,3,3,3,52c48bff946e4cba,0,1,2b53168cedf9d1c9,2b53168cedf9d1c9,1170c1f9d7da06bc,1,1
2097,2097,0,0000130,01,2,2,3,ffffffffffffffff,3,3,3,52c48bff946e4cba,0,1,ffffffffffffffff,ffffffffffffffff,9c254f725a8f8837,1,1
2098,2098,0,0000134,01,2,2,3,2b53168cedf9d1c9,3,3,3,52c48bff946e4cba,0,1,2b53168cedf9d1c9,2b53168cedf9d1c9,0bdbdceecd711bab,1,1
2099,2099,0,0000138,01,2,2,3,ffffffffffffffff,3,3,3,52c48bff946e4cba,0,1,ffffffffffffffff,ffffffffffffffff,868e526540249520,1,1
2100,2100,0,000013c,01,2,2,3,2b53168cedf9d1c9,3,3,3,52c48bff946e4cba,0,1,2b53168cedf9d1c9,2b53168cedf9d1c9,2426fbd7e28c3c92,1,1
2101,2101,0,0000140,01,2,2,3,ffffffffffffffff,3,3,3,52c48bff946e4cba,0,1,ffffffffffffffff,ffffffffffffffff,a973755c6fd9b219,1,1
2102,2102,0,0000144,01,2,2,3,2b53168cedf9d1c9,3,3,3,52c48bff946e4cba,0,1,2b53168cedf9d1c9,2b53168cedf9d1c9,3e8de6c0f8272185,1,1
2103,2103,0,0000148,01,2,2,3,ffffffffffffffff,3,3,3,52c48bff946e4cba,0,1,ffffffffffffffff,ffffffffffffffff,b3d8684b7572af0e,1,1
2104,2104,0,000014c,01,2,2,3,2b53168cedf9d1c9,3,3,3,52c48bff946e4cba,0,1,2b53168cedf9d1c9,2b53168cedf9d1c9,04358c6cc29f4b29,1,0
2105,2105,0,0000150,01,2,2,3,ffffffffffffffff,3,3,3,52c48bff946e4cba,0,1,ffffffffffffffff,2b53168cedf9d1c9,04358c6cc29f4b29,1,0
2106,2106,0,0000154,01,2,2,3,2b53168cedf9d1c9,3,3,3,52c48bff946e4cba,0,1,2b53168cedf9d1c9,2b53168cedf9d1c9,04358c6cc29f4b29,1,0
2107,2107,0,0000158,01,2,2,3,ffffffffffffffff,3,3,3,52c48bff946e4cba,0,1,ffffffffffffffff,2b53168cedf9d1c9,04358c6cc29f4b29,1,0
2108,2108,0,000015c,01,2,2,3,2b53168cedf9d1c9,3,3,3,52c48bff946e4cba,0,1,2b53168cedf9d1c9,2b53168cedf9d1c9,7bdcb5a5bd7672e0,1,1
2109,2109,0,0000160,01,2,2,3,ffffffffffffffff,3,3,3,52c48bff946e4cba,0,1,ffffffffffffffff,ffffffffffffffff,f6893b2e3023fc6b,1,1
2110,2110,0,0000164,01,2,2,3,2b53168cedf9d1c9,3,3,3,52c48bff946e4cba,0,1,2b53168cedf9d1c9,2b53168cedf9d1c9,6177a8b2a7dd6ff7,1,1
2111,2111,0,0000168,01,2,2,3,ffffffffffffffff,3,3,3,52c48bff946e4cba,0,1,ffffffffffffffff,ffffffffffffffff,ec2226392a88e17c,1,1
2112,2112,0,000016c,01,2,2,3,2b53168cedf9d1c9,3,3,3,52c48bff946e4cba,0,1,2b53168cedf9d1c9,2b53168cedf9d1c9,4e8a8f8b882048ce,1,1
2113,2113,0,0000170,01,2,2,3,ffffffffffffffff,3,3,3,52c48bff946e4cba,0,1,ffffffffffffffff,ffffffffffffffff,c3df01000575c645,1,1
2114,2114,0,0000174,01,2,2,3,2b53168cedf9d1c9,3,3,3,52c48bff946e4cba,0,1,2b53168cedf9d1c9,2b53168cedf9d1c9,5421929c928b55d9,1,1
2115,2115,0,0000178,01,2,2,3,ffffffffffffffff,3,3,3,52c48bff946e4cba,0,1,ffffffffffffffff,ffffffffffffffff,d9741c171fdedb52,1,1
2116,2116,0,000017c,01,2,2,3,2b53168cedf9d1c9,3,3,3,52c48bff946e4cba,0,1,2b53168cedf9d1c9,2b53168cedf9d1c9,1170c1f9d7da06bc,1,0
2117,2117,0,0000180,01,2,2,3,ffffffffffffffff,3,3,3,52c48bff946e4cba,0,1,ffffffffffffffff,2b53168cedf9d1c9,1170c1f9d7da06bc,1,0
2118,2118,0,0000184,01,2,2,3,2b53168cedf9d1c9,3,3,3,52c48bff946e4cba,0,1,2b53168cedf9d1c9,2b53168cedf9d1c9,1170c1f9d7da06bc,1,0
2119,2119,0,0000188,01,2,2,3,ffffffffffffffff,3,3,3,52c48bff946e4cba,0,1,ffffffffffffffff,2b53168cedf9d1c9,1170c1f9d7da06bc,1,0
2120,2120,0,000018c,01,2,2,3,2b53168cedf9d1c9,3,3,3,52c48bff946e4cba,0,1,2b53168cedf9d1c9,2b53168cedf9d1c9,c42829410282ee04,1,1
2121,2121,0,0000190,01,2,2,3,ffffffffffffffff,3,3,3,52c48bff946e4cba,0,1,ffffffffffffffff,ffffffffffffffff,497da7ca8fd7608f,1,1
2122,2122,0,0000194,01,2,2,3,2b53168cedf9d1c9,3,3,3,52c48bff946e4cba,0,1,2b53168cedf9d1c9,2b53168cedf9d1c9,de8334561829f313,1,1
2123,2123,0,0000198,01,2,2,3,ffffffffffffffff,3,3,3,52c48bff946e4cba,0,1,ffffffffffffffff,ffffffffffffffff,53d6badd957c7d98,1,1
2124,2124,0,000019c,01,2,2,3,2b53168cedf9d1c9,3,3,3,52c48bff946e4cba,0,1,2b53168cedf9d1c9,2b53168cedf9d1c9,f17e136f37d4d42a,1,1
2125,2125,0,00001a0,01,2,2,3,ffffffffffffffff,3,3,3,52c48bff946e4cba,0,1,ffffffffffffffff,ffffffffffffffff,7c2b9de4ba815aa1,1,1
2126,2126,0,00001a4,01,2,2,3,2b53168cedf9d1c9,3,3,3,52c48bff946e4cba,0,1,2b53168cedf9d1c9,2b53168cedf9d1c9,ebd50e782d7fc93d,1,1
2127,2127,0,00001a8,01,2,2,3,ffffffffffffffff,3,3,3,52c48bff946e4cba,0,1,ffffffffffffffff,ffffffffffffffff,668080f3a02a47b6,1,1
2128,2128,0,00001ac,01,2,2,3,2b53168cedf9d1c9,3,3,3,52c48bff946e4cba,0,1,2b53168cedf9d1c9,2b53168cedf9d1c9,7bdcb5a5bd7672e0,1,0
2129,2129,0,00001b0,01,2,2,3,ffffffffffffffff,3,3,3,52c48bff946e4cba,0,1,ffffffffffffffff,2b53168cedf9d1c9,7bdcb5a5bd7672e0,1,0
2130,2130,0,00001b4,01,2,2,3,2b53168cedf9d1c9,3,3,3,52c48bff946e4cba,0,1,2b53168cedf9d1c9,2b53168cedf9d1c9,7bdcb5a5bd7672e0,1,0
2131,2131,0,00001b8,01,2,2,3,ffffffffffffffff,3,3,3,52c48bff946e4cba,0,1,ffffffffffffffff,2b53168cedf9d1c9,7bdcb5a5bd7672e0,1,0
2132,2132,0,00001bc,01,2,2,3,2b53168cedf9d1c9,3,3,3,52c48bff946e4cba,0,1,2b53168cedf9d1c9,2b53168cedf9d1c9,ae845d1d682e9a58,1,1
2133,2133,0,00001c0,01,2,2,3,ffffffffffffffff,3,3,3,52c48bff946e4cba,0,1,ffffffffffffffff,ffffffffffffffff,23d1d396e57b14d3,1,1
2134,2134,0,00001c4,01,2,2,3,2b53168cedf9d1c9,3,3,3,52c48bff946e4cba,0,1,2b53168cedf9d1c9,2b53168cedf9d1c9,b42f400a7285874f,1,1
2135,2135,0,00001c8,01,2,2,3,ffffffffffffffff,3,3,3,52c48bff946e4cba,0,1,ffffffffffffffff,ffffffffffffffff,397ace81ffd009c4,1,1
2136,2136,0,00001cc,01,2,2,3,2b53168cedf9d1c9,3,3,3,52c48bff946e4cba,0,1,2b53168cedf9d1c9,2b53168cedf9d1c9,9bd267335d78a076,1,1
2137,2137,0,00001d0,01,2,2,3,ffffffffffffffff,3,3,3,52c48bff946e4cba,0,1,ffffffffffffffff,ffffffffffffffff,1687e9b8d02d2efd,1,1
2138,2138,0,00001d4,01,2,2,3,2b53168cedf9d1c9,3,3,3,52c48bff946e4cba,0,1,2b53168cedf9d1c9,2b53168cedf9d1c9,81797a2447d3bd61,1,1
2139,2139,0,00001d8,01,2,2,3,ffffffffffffffff,3,3,3,52c48bff946e4cba,0,1,ffffffffffffffff,ffffffffffffffff,0c2cf4afca8633ea,1,1
2140,2140,0,00001dc,01,2,2,3,2b53168cedf9d1c9,3,3,3,52c48bff946e4cba,0,1,2b53168cedf9d1c9,2b53168cedf9d1c9,c42829410282ee04,1,0
2141,2141,0,00001e0,01,2,2,3,ffffffffffffffff,3,3,3,52c48bff946e4cba,0,1,ffffffffffffffff,2b53168cedf9d1c9,c42829410282ee04,1,0
2142,2142,0,00001e4,01,2,2,3,2b53168cedf9d1c9,3,3,3,52c48bff946e4cba,0,1,2b53168cedf9d1c9,2b53168cedf9d1c9,c42829410282ee04,1,0
2143,2143,0,00001e8,01,2,2,3,ffffffffffffffff,3,3,3,52c48bff946e4cba,0,1,ffffffffffffffff,2b53168cedf9d1c9,c42829410282ee04,1,0
2144,2144,0,00001ec,01,2,2,3,2b53168cedf9d1c9,3,3,3,52c48bff946e4cba,0,1,2b53168cedf9d1c9,2b53168cedf9d1c9,eea2b26b2808752e,1,1
2145,2145,0,00001f0,01,2,2,3,ffffffffffffffff,3,3,3,52c48bff946e4cba,0,1,ffffffffffffffff,ffffffffffffffff,63f73ce0a55dfba5,1,1
2146,2146,0,00001f4,01,2,2,3,2b53168cedf9d1c9,3,3,3,52c48bff946e4cba,0,1,2b53168cedf9d1c9,2b53168cedf9d1c9,f409af7c32a36839,1,1
2147,2147,0,00001f8,01,2,2,3,ffffffffffffffff,3,3,3,52c48bff946e4cba,0,1,ffffffffffffffff,ffffffffffffffff,795c21f7bff6e6b2,1,1
2148,2148,0,00001fc,01,2,2,3,2b53168cedf9d1c9,3,3,3,52c48bff946e4cba,0,1,2b53168cedf9d1c9,2b53168cedf9d1c9,dbf488451d5e4f00,1,1
2149,2149,0,0000200,01,2,2,3,ffffffffffffffff,3,3,3,52c48bff946e4cba,0,1,ffffffffffffffff,ffffffffffffffff,56a106ce900bc18b,1,1
2150,2150,0,0000204,01,2,2,3,2b53168cedf9d1c9,3,3,3,52c48bff946e4cba,0,1,2b53168cedf9d1c9,2b53168cedf9d1c9,c15f955207f55217,1,1
2151,2151,0,0000208,01,2,2,3,ffffffffffffffff,3,3,3,52c48bff946e4cba,0,1,ffffffffffffffff,ffffffffffffffff,4c0a1bd98aa0dc9c,1,1
2152,2152,0,000020c,01,2,2,3,2b53168cedf9d1c9,3,3,3,52c48bff946e4cba,0,1,2b53168cedf9d1c9,2b53168cedf9d1c9,ae845d1d682e9a58,1,0
2153,2153,0,0000210,01,2,2,3,ffffffffffffffff,3,3,3,52c48bff946e4cba,0,1,ffffffffffffffff,2b53168cedf9d1c9,ae845d1d682e9a58,1,0
2154,2154,0,0000214,01,2,2,3,2b53168cedf9d1c9,3,3,3,52c48bff946e4cba,0,1,2b53168cedf9d1c9,2b53168cedf9d1c9,ae845d1d682e9a58,1,0
2155,2155,0,0000218,01,2,2,3,ffffffffffffffff,3,3,3,52c48bff946e4cba,0,1,ffffffffffffffff,2b53168cedf9d1c9,ae845d1d682e9a58,1,0
2156,2156,0,000021c,01,2,2,3,2b53168cedf9d1c9,3,3,3,52c48bff946e4cba,0,1,2b53168cedf9d1c9,2b53168cedf9d1c9,840ec63742a40172,1,1
2157,2157,0,0000220,01,2,2,3,ffffffffffffffff,3,3,3,52c48bff946e4cba,0,1,ffffffffffffffff,ffffffffffffffff,095b48bccff18ff9,1,1
2158,2158,0,0000224,01,2,2,3,2b53168cedf9d1c9,3,3,3,52c48bff946e4cba,0,1,2b53168cedf9d1c9,2b53168cedf9d1c9,9ea5db20580f1c65,1,1
2159,2159,0,0000228,01,2,2,3,ffffffffffffffff,3,3,3,52c48bff946e4cba,0,1,ffffffffffffffff,ffffffffffffffff,13f055abd55a92ee,1,1
2160,2160,0,000022c,01,2,2,3,2b53168cedf9d1c9,3,3,3,52c48bff946e4cba,0,1,2b53168cedf9d1c9,2b53168cedf9d1c9,b158fc1977f23b5c,1,1
2161,2161,0,0000230,01,2,2,3,ffffffffffffffff,3,3,3,52c48bff946e4cba,0,1,ffffffffffffffff,ffffffffffffffff,3c0d7292faa7b5d7,1,1
2162,2162,0,0000234,01,2,2,3,2b53168cedf9d1c9,3,3,3,52c48bff946e4cba,0,1,2b53168cedf9d1c9,2b53168cedf9d1c9,abf3e10e6d59264b,1,1
2163,2163,0,0000238,01,2,2,3,ffffffffffffffff,3,3,3,52c48bff946e4cba,0,1,ffffffffffffffff,ffffffffffffffff,26a66f85e00ca8c0,1,1
2164,2164,0,000023c,01,2,2,3,2b53168cedf9d1c9,3,3,3,52c48bff946e4cba,0,1,2b53168cedf9d1c9,2b53168cedf9d1c9,eea2b26b2808752e,1,0
2165,2165,0,0000240,01,2,2,3,ffffffffffffffff,3,3,3,52c48bff946e4cba,0,1,ffffffffffffffff,2b53168cedf9d1c9,eea2b26b2808752e,1,0
2166,2166,0,0000244,01,2,2,3,2b53168cedf9d1c9,3,3,3,52c48bff946e4cba,0,1,2b53168cedf9d1c9,2b53168cedf9d1c9,eea2b26b2808752e,1,0
2167,2167,0,0000248,01,2,2,3,ffffffffffffffff,3,3,3,52c48bff946e4cba,0,1,ffffffffffffffff,2b53168cedf9d1c9,eea2b26b2808752e,1,0
2168,2168,0,000024c,01,2,2,3,2b53168cedf9d1c9,3,3,3,52c48bff946e4cba,0,1,2b53168cedf9d1c9,2b53168cedf9d1c9,3bfa5ad3fd509d96,1,1
2169,2169,0,0000250,01,2,2,3,ffffffffffffffff,3,3,3,52c48bff946e4cba,0,1,ffffffffffffffff,ffffffffffffffff,b6afd4587005131d,1,1
2170,2170,0,0000254,01,2,2,3,2b53168cedf9d1c9,3,3,3,52c48bff946e4cba,0,1,2b53168cedf9d1c9,2b53168cedf9d1c9,215147c4e7fb8081,1,1
2171,2171,0,0000258,01,2,2,3,ffffffffffffffff,3,3,3,52c48bff946e4cba,0,1,ffffffffffffffff,ffffffffffffffff,ac04c94f6aae0e0a,1,1
2172,2172,0,000025c,01,2,2,3,2b53168cedf9d1c9,3,3,3,52c48bff946e4cba,0,1,2b53168cedf9d1c9,2b53168cedf9d1c9,0eac60fdc806a7b8,1,1
2173,2173,0,0000260,01,2,2,3,ffffffffffffffff,3,3,3,52c48bff946e4cba,0,1,ffffffffffffffff,ffffffffffffffff,83f9ee7645532933,1,1
2174,2174,0,0000264,01,2,2,3,2b53168cedf9d1c9,3,3,3,52c48bff946e4cba,0,1,2b53168cedf9d1c9,2b53168cedf9d1c9,14077dead2adbaaf,1,1
2175,2175,0,0000268,01,2,2,3,ffffffffffffffff,3,3,3,52c48bff946e4cba,0,1,ffffffffffffffff,ffffffffffffffff,9952f3615ff83424,1,1
2176,2176,0,000026c,01,2,2,3,2b53168cedf9d1c9,3,3,3,52c48bff946e4cba,0,1,2b53168cedf9d1c9,2b53168cedf9d1c9,840ec63742a40172,1,0
2177,2177,0,0000270,01,2,2,3,ffffffffffffffff,3,3,3,52c48bff946e4cba,0,1,ffffffffffffffff,2b53168cedf9d1c9,840ec63742a40172,1,0
2178,2178,0,0000274,01,2,2,3,2b53168cedf9d1c9,3,3,3,52c48bff946e4cba,0,1,2b53168cedf9d1c9,2b53168cedf9d1c9,840ec63742a40172,1,0
2179,2179,0,0000278,01,2,2,3,ffffffffffffffff,3,3,3,52c48bff946e4cba,0,1,ffffffffffffffff,2b53168cedf9d1c9,840ec63742a40172,1,0
2180,2180,0,000027c,01,2,2,3,2b53168cedf9d1c9,3,3,3,52c48bff946e4cba,0,1,2b53168cedf9d1c9,2b53168cedf9d1c9,51562e8f97fce9ca,1,1
2181,2181,0,0000280,01,2,2,3,ffffffffffffffff,3,3,3,52c48bff946e4cba,0,1,ffffffffffffffff,ffffffffffffffff,dc03a0041aa96741,1,1
2182,2182,0,0000284,01,2,2,3,2b53168cedf9d1c9,3,3,3,52c48bff946e4cba,0,1,2b53168cedf9d1c9,2b53168cedf9d1c9,4bfd33988d57f4dd,1,1
2183,2183,0,0000288,01,2,2,3,ffffffffffffffff,3,3,3,52c48bff946e4cba,0,1,ffffffffffffffff,ffffffffffffffff,c6a8bd1300027a56,1,1
2184,2184,0,000028c,01,2,2,3,2b53168cedf9d1c9,3,3,3,52c48bff946e4cba,0,1,2b53168cedf9d1c9,2b53168cedf9d1c9,640014a1a2aad3e4,1,1
2185,2185,0,0000290,01,2,2,3,ffffffffffffffff,3,3,3,52c48bff946e4cba,0,1,ffffffffffffffff,ffffffffffffffff,e9559a2a2fff5d6f,1,1
2186,2186,0,0000294,01,2,2,3,2b53168cedf9d1c9,3,3,3,52c48bff946e4cba,0,1,2b53168cedf9d1c9,2b53168cedf9d1c9,7eab09b6b801cef3,1,1
2187,2187,0,0000298,01,2,2,3,ffffffffffffffff,3,3,3,52c48bff946e4cba,0,1,ffffffffffffffff,ffffffffffffffff,f3fe873d35544078,1,1
2188,2188,0,000029c,01,2,2,3,2b53168cedf9d1c9,3,3,3,52c48bff946e4cba,0,1,2b53168cedf9d1c9,2b53168cedf9d1c9,3bfa5ad3fd509d96,1,0
2189,2189,0,00002a0,01,2,2,3,ffffffffffffffff,3,3,3,52c48bff946e4cba,0,1,ffffffffffffffff,2b53168cedf9d1c9,3bfa5ad3fd509d96,1,0
2190,2190,0,00002a4,01,2,2,3,2b53168cedf9d1c9,3,3,3,52c48bff946e4cba,0,1,2b53168cedf9d1c9,2b53168cedf9d1c9,3bfa5ad3fd509d96,1,0
2191,2191,0,00002a8,01,2,2,3,ffffffffffffffff,3,3,3,52c48bff946e4cba,0,1,ffffffffffffffff,2b53168cedf9d1c9,3bfa5ad3fd509d96,1,0
2192,2192,0,00002ac,01,2,2,3,2b53168cedf9d1c9,3,3,3,52c48bff946e4cba,0,1,2b53168cedf9d1c9,2b53168cedf9d1c9,4413631a82b9a45f,1,1
2193,2193,0,00002b0,01,2,2,3,ffffffffffffffff,3,3,3,52c48bff946e4cba,0,1,ffffffffffffffff,ffffffffffffffff,c946ed910fec2ad4,1,1
2194,2194,0,00002b4,01,2,2,3,2b53168cedf9d1c9,3,3,3,52c48bff946e4cba,0,1,2b53168cedf9d1c9,2b53168cedf9d1c9,5eb87e0d9812b948,1,1
2195,2195,0,00002b8,01,2,2,3,ffffffffffffffff,3,3,3,52c48bff946e4cba,0,1,ffffffffffffffff,ffffffffffffffff,d3edf086154737c3,1,1
2196,2196,0,00002bc,01,2,2,3,2b53168cedf9d1c9,3,3,3,52c48bff946e4cba,0,1,2b53168cedf9d1c9,2b53168cedf9d1c9,71455934b7ef9e71,1,1
2197,2197,0,00002c0,01,2,2,3,ffffffffffffffff,3,3,3,52c48bff946e4cba,0,1,ffffffffffffffff,ffffffffffffffff,fc10d7bf3aba10fa,1,1
2198,2198,0,00002c4,01,2,2,3,2b53168cedf9d1c9,3,3,3,52c48bff946e4cba,0,1,2b53168cedf9d1c9,2b53168cedf9d1c9,6bee4423ad448366,1,1
2199,2199,0,00002c8,01,2,2,3,ffffffffffffffff,3,3,3,52c48bff946e4cba,0,1,ffffffffffffffff,ffffffffffffffff,e6bbcaa820110ded,1,1
2200,2200,0,00002cc,01,2,2,3,2b53168cedf9d1c9,3,3,3,52c48bff946e4cba,0,1,2b53168cedf9d1c9,2b53168cedf9d1c9,51562e8f97fce9ca,1,0
2201,2201,0,0000000,00,3,2,2,ffffffffffffffff,3,3,2,52c48bff946e4cba,0,1,ffffffffffffffff,2b53168cedf9d1c9,51562e8f97fce9ca,1,0
2202,2202,0,0000000,02,3,2,2,2b53168cedf9d1c9,0,3,2,52c48bff946e4cba,0,1,2b53168cedf9d1c9,2b53168cedf9d1c9,51562e8f97fce9ca,1,0
2203,2203,0,0000000,03,3,2,2,ffffffffffffffff,0,3,2,52c48bff946e4cba,0,1,ffffffffffffffff,2b53168cedf9d1c9,51562e8f97fce9ca,1,0
2204,2204,0,0000000,01,3,2,2,2b53168cedf9d1c9,0,3,2,52c48bff946e4cba,0,1,2b53168cedf9d1c9,2b53168cedf9d1c9,2ebf1746e815d003,1,1
2205,2205,0,0000000,00,2,2,2,ffffffffffffffff,0,3,3,52c48bff946e4cba,0,1,ffffffffffffffff,ffffffffffffffff,a3ea99cd65405e88,1,1
2206,2206,0,0000000,00,3,3,3,2b53168cedf9d1c9,0,3,3,52c48bff946e4cba,0,1,2b53168cedf9d1c9,2b53168cedf9d1c9,34140a51f2becd14,1,1
2207,2207,0,0000000,00,3,3,3,ffffffffffffffff,0,3,3,52c48bff946e4cba,0,1,ffffffffffffffff,ffffffffffffffff,b94184da7feb439f,1,1
2208,2208,0,0000000,00,3,3,3,000000000000ffff,0,3,3,52c48bff946e4cba,0,1,2b53168cedf9d1c9,2b53168cedf9d1c9,1be92d68dd43ea2d,1,1
2209,2209,0,0000000,00,3,3,3,0000000000000000,0,3,3,52c48bff946e4cba,0,1,ffffffffffffffff,ffffffffffffffff,96bca3e3501664a6,1,1
2210,2210,0,0000000,00,3,3,3,0000000000000000,0,0,3,52c48bff946e4cba,0,1,000000000000ffff,2b53168cedf9d1c9,0142307fc7e8f73a,1,1
2211,2211,0,0000000,00,3,3,3,0000000000000000,0,0,3,52c48bff946e4cba,0,1,0000000000000000,ffffffffffffffff,8c17bef44abd79b1,1,1
2212,2212,0,0000000,00,3,3,3,0000000000000000,0,0,3,52c48bff946e4cba,0,1,0000000000000000,2b53168cedf9d1c9,4413631a82b9a45f,1,0
2213,2213,0,0000000,00,3,3,3,0000000000000000,0,0,3,52c48bff946e4cba,0,1,0000000000000000,2b53168cedf9d1c9,4413631a82b9a45f,1,0
2214,2214,0,0000000,00,3,3,3,0000000000000000,0,0,3,52c48bff946e4cba,0,1,0000000000000000,2b53168cedf9d1c9,4413631a82b9a45f,1,0
2215,2215,0,0000000,00,3,3,3,0000000000000000,0,0,3,52c48bff946e4cba,0,1,0000000000000000,2b53168cedf9d1c9,4413631a82b9a45f,1,0
2216,2216,0,0000000,00,3,3,3,0000000000000000,0,0,3,52c48bff946e4cba,0,1,0000000000000000,2b53168cedf9d1c9,914b8ba257e14ce7,1,1
2217,2217,0,0000000,00,3,3,3,0000000000000000,0,0,3,52c48bff946e4cba,0,1,0000000000000000,ffffffffffffffff,1c1e0529dab4c26c,1,1
2218,2218,0,0000000,00,3,3,3,0000000000000000,0,0,3,525f362694f5f163,0,1,0000000000000000,2b53168cedf9d1c9,8be096b54d4a51f0,1,1
2219,2219,0,0000000,00,3,3,3,0000000000000000,0,0,3,525f362694f5f163,0,1,0000000000000000,ffffffffffffffff,06b5183ec01fdf7b,1,1
2220,2220,0,0000003,03,3,2,2,0000000000000000,0,0,3,525f362694f5f163,0,1,0000000000000000,2b53168cedf9d1c9,a41db18c62b776c9,1,1
2221,2221,0,0000000,00,3,3,3,0000000000000000,0,0,3,525f362694f5f163,0,1,0000000000000000,ffffffffffffffff,29483f07efe2f842,1,1
2222,2222,0,0000000,00,3,3,3,0000000000000000,0,0,3,525f362694f5f163,0,1,0000000000000000,2b53168cedf9d1c9,beb6ac9b781c6bde,1,1
2223,2223,0,0000000,00,3,3,3,0000000000000000,0,0,3,525f362694f5f163,0,1,0000000000000000,ffffffffffffffff,33e32210f549e555,1,1
2224,2224,0,0000000,00,3,3,3,0000000000000000,0,0,3,525f362694f5f163,0,1,0000000000000000,2b53168cedf9d1c9,2ebf1746e815d003,1,0
2225,2225,0,0000000,00,3,3,3,0000000000000000,0,0,3,525f362694f5f163,0,1,0000000000000000,2b53168cedf9d1c9,2ebf1746e815d003,1,0
2226,2226,0,0000000,00,3,3,3,0000000000000000,0,0,3,525f362694f5f163,0,1,0000000000000000,2b53168cedf9d1c9,2ebf1746e815d003,1,0
2227,2227,0,0000004,03,2,2,3,0000000000000000,0,0,2,525f362694f5f163,3,1,0000000000000000,2b53168cedf9d1c9,2ebf1746e815d003,1,0
2228,2228,0,0000008,03,2,2,3,0000000000000000,0,0,2,c5a1a5ba030b62ff,3,1,0000000000000000,2b53168cedf9d1c9,fbe7fffe3d4d38bb,1,1
2229,2229,0,000000c,03,2,2,3,0000000000000000,0,0,2,48f42b318e5eec74,3,1,0000000000000000,ffffffffffffffff,76b27175b018b630,1,1
2230,2230,0,0000010,03,2,2,3,0000000000000000,0,0,2,ea5c82832cf645c6,3,1,0000000000000000,2b53168cedf9d1c9,e14ce2e927e625ac,1,1
2231,2231,0,0000014,03,2,2,3,0000000000000000,0,0,2,67090c08a1a3cb4d,3,1,0000000000000000,ffffffffffffffff,6c196c62aab3ab27,1,1
2232,2232,0,0000018,03,2,2,3,3620000000000000,0,0,2,f0f79f94365d58d1,3,1,0000000000000000,2b53168cedf9d1c9,ceb1c5d0081b0295,1,1
2233,2233,0,000001c,03,2,2,3,362694f5f163525f,0,0,2,7da2111fbb08d65a,3,1,0000000000000000,ffffffffffffffff,43e44b5b854e8c1e,1,1
2234,2234,0,0000020,03,2,2,3,a5ba030b62ff525f,0,0,2,b5a6ccf1730c0bb4,3,1,3620000000000000,2b53168cedf9d1c9,d41ad8c712b01f82,1,1
2235,2235,0,0000024,03,2,2,3,2b318e5eec74c5a1,0,0,2,38f3427afe59853f,3,1,362694f5f163525f,ffffffffffffffff,594f564c9fe59109,1,1
2236,2236,0,0000028,03,2,2,3,82832cf645c648f4,0,0,2,af0dd1e669a716a3,3,1,a5ba030b62ff525f,2b53168cedf9d1c9,914b8ba257e14ce7,1,0
2237,2237,0,000002c,03,2,2,3,0c08a1a3cb4dea5c,0,0,2,22585f6de4f29828,3,1,2b318e5eec74c5a1,2b53168cedf9d1c9,914b8ba257e14ce7,1,0
2238,2238,0,0000030,03,2,2,3,9f94365d58d16709,0,0,2,80f0f6df465a319a,3,1,82832cf645c648f4,2b53168cedf9d1c9,914b8ba257e14ce7,1,0
2239,2239,0,0000034,03,2,2,3,111fbb08d65af0f7,0,0,2,0da57854cb0fbf11,3,1,0c08a1a3cb4dea5c,2b53168cedf9d1c9,914b8ba257e14ce7,1,0
2240,2240,0,0000038,03,2,2,3,ccf1730c0bb47da2,0,0,2,9a5bebc85cf12c8d,3,1,9f94365d58d16709,2b53168cedf9d1c9,1106554ed7ac920b,1,1
2241,2241,0,000003c,03,2,2,3,427afe59853fb5a6,0,0,2,170e6543d1a4a206,3,1,111fbb08d65af0f7,ffffffffffffffff,9c53dbc55af91c80,1,1
2242,2242,0,0000040,03,2,2,3,d1e669a716a338f3,0,0,2,0a525015ccf89750,3,1,ccf1730c0bb47da2,2b53168cedf9d1c9,0bad4859cd078f1c,1,1
2243,2243,0,0000044,03,2,2,3,5f6de4f29828af0d,0,0,2,8707de9e41ad19db,3,1,427afe59853fb5a6,ffffffffffffffff,86f8c6d240520197,1,1
2244,2244,0,0000048,03,2,2,3,f6df465a319a2258,0,0,2,10f94d02d6538a47,3,1,d1e669a716a338f3,2b53168cedf9d1c9,24506f60e2faa825,1,1
2245,2245,0,000004c,03,2,2,3,7854cb0fbf1180f0,0,0,2,9dacc3895b0604cc,3,1,5f6de4f29828af0d,ffffffffffffffff,a905e1eb6faf26ae,1,1
2246,2246,0,0000050,03,2,2,3,ebc85cf12c8d0da5,0,0,2,3f046a3bf9aead7e,3,1,f6df465a319a2258,2b53168cedf9d1c9,3efb7277f851b532,1,1
2247,2247,0,0000054,03,2,2,3,6543d1a4a2069a5b,0,0,2,b251e4b074fb23f5,3,1,7854cb0fbf1180f0,ffffffffffffffff,b3aefcfc75043bb9,1,1
2248,2248,0,0000058,03,2,2,3,5015ccf89750170e,0,0,2,25af772ce305b069,3,1,ebc85cf12c8d0da5,2b53168cedf9d1c9,fbe7fffe3d4d38bb,1,0
2249,2249,0,000005c,03,2,2,3,de9e41ad19db0a52,0,0,2,a8faf9a76e503ee2,3,1,6543d1a4a2069a5b,2b53168cedf9d1c9,fbe7fffe3d4d38bb,1,0
2250,2250,0,0000060,03,2,2,3,4d02d6538a478707,0,0,2,60fe2449a654e30c,3,1,5015ccf89750170e,2b53168cedf9d1c9,fbe7fffe3d4d38bb,1,0
2251,2251,0,0000064,03,2,2,3,c3895b0604cc10f9,0,0,2,edabaac22b016d87,3,1,de9e41ad19db0a52,2b53168cedf9d1c9,fbe7fffe3d4d38bb,1,0
2252,2252,0,0000068,03,2,2,3,6a3bf9aead7e9dac,0,0,2,7a55395ebcfffe1b,3,1,4d02d6538a478707,2b53168cedf9d1c9,7baa2112bd00e657,1,1
2253,2253,0,000006c,03,2,2,3,e4b074fb23f53f04,0,0,2,f700b7d531aa7090,3,1,c3895b0604cc10f9,ffffffffffffffff,f6ffaf99305568dc,1,1
2254,2254,0,0000070,03,2,2,3,772ce305b069b251,0,0,2,55a81e679302d922,3,1,6a3bf9aead7e9dac,2b53168cedf9d1c9,61013c05a7abfb40,1,1
2255,2255,0,0000074,03,2,2,3,f9a76e503ee225af,0,0,2,d8fd90ec1e5757a9,3,1,e4b074fb23f53f04,ffffffffffffffff,ec54b28e2afe75cb,1,1
2256,2256,0,0000078,03,2,2,3,2449a654e30ca8fa,0,0,2,4f03037089a9c435,3,1,772ce305b069b251,2b53168cedf9d1c9,4efc1b3c8856dc79,1,1
2257,2257,0,000007c,03,2,2,3,aac22b016d8760fe,0,0,2,c2568dfb04fc4abe,3,1,f9a76e503ee225af,ffffffffffffffff,c3a995b7050352f2,1,1
2258,2258,0,0000080,03,2,2,3,395ebcfffe1bedab,0,0,2,75bb69dcb311ae99,3,1,2449a654e30ca8fa,2b53168cedf9d1c9,5457062b92fdc16e,1,1
2259,2259,0,0000084,03,2,2,3,b7d531aa70907a55,0,0,2,f8eee7573e442012,3,1,aac22b016d8760fe,ffffffffffffffff,d90288a01fa84fe5,1,1
2260,2260,0,0000088,03,2,2,3,1e679302d922f700,0,0,2,6f1074cba9bab38e,3,1,395ebcfffe1bedab,2b53168cedf9d1c9,1106554ed7ac920b,1,0
2261,2261,0,000008c,03,2,2,3,90ec1e5757a955a8,0,0,2,e245fa4024ef3d05,3,1,b7d531aa70907a55,2b53168cedf9d1c9,1106554ed7ac920b,1,0
2262,2262,0,0000090,03,2,2,3,037089a9c435d8fd,0,0,2,40ed53f2864794b7,3,1,1e679302d922f700,2b53168cedf9d1c9,1106554ed7ac920b,1,0
2263,2263,0,0000094,03,2,2,3,8dfb04fc4abe4f03,0,0,2,cdb8dd790b121a3c,3,1,90ec1e5757a955a8,2b53168cedf9d1c9,1106554ed7ac920b,1,0
2264,2264,0,0000098,03,2,2,3,69dcb311ae99c256,0,0,2,5a464ee59cec89a0,3,1,037089a9c435d8fd,2b53168cedf9d1c9,c45ebdf602f47ab3,1,1
2265,2265,0,000009c,03,2,2,3,e7573e44201275bb,0,0,2,d713c06e11b9072b,3,1,8dfb04fc4abe4f03,ffffffffffffffff,490b337d8fa1f438,1,1
2266,2266,0,00000a0,03,2,2,3,74cba9bab38ef8ee,0,0,2,1f171d80d9bddac5,3,1,69dcb311ae99c256,2b53168cedf9d1c9,def5a0e1185f67a4,1,1
2267,2267,0,00000a4,03,2,2,3,fa4024ef3d056f10,0,0,2,9242930b54e8544e,3,1,e7573e44201275bb,ffffffffffffffff,53a02e6a950ae92f,1,1
2268,2268,0,00000a8,03,2,2,3,53f2864794b7e245,0,0,2,05bc0097c316c7d2,3,1,74cba9bab38ef8ee,2b53168cedf9d1c9,f10887d837a2409d,1,1
2269,2269,0,00000ac,03,2,2,3,dd790b121a3c40ed,0,0,2,88e98e1c4e434959,3,1,fa4024ef3d056f10,ffffffffffffffff,7c5d0953baf7ce16,1,1
2270,2270,0,00000b0,03,2,2,3,4ee59cec89a0cdb8,0,0,2,2a4127aeecebe0eb,3,1,53f2864794b7e245,2b53168cedf9d1c9,eba39acf2d095d8a,1,1
2271,2271,0,00000b4,03,2,2,3,c06e11b9072b5a46,0,0,2,a714a92561be6e60,3,1,dd790b121a3c40ed,ffffffffffffffff,66f61444a05cd301,1,1
2272,2272,0,00000b8,03,2,2,3,1d80d9bddac5d713,0,0,2,30ea3ab9f640fdfc,3,1,4ee59cec89a0cdb8,2b53168cedf9d1c9,7baa2112bd00e657,1,0
2273,2273,0,00000bc,03,2,2,3,930b54e8544e1f17,0,0,2,bdbfb4327b157377,3,1,c06e11b9072b5a46,2b53168cedf9d1c9,7baa2112bd00e657,1,0
2274,2274,0,00000c0,03,2,2,3,0097c316c7d29242,0,0,2,a0e3816466494621,3,1,1d80d9bddac5d713,2b53168cedf9d1c9,7baa2112bd00e657,1,0
2275,2275,0,00000c4,03,2,2,3,8e1c4e43495905bc,0,0,2,2db60fefeb1cc8aa,3,1,930b54e8544e1f17,2b53168cedf9d1c9,7baa2112bd00e657,1,0
2276,2276,0,00000c8,03,2,2,3,27aeecebe0eb88e9,0,0,2,ba489c737ce25b36,3,1,0097c316c7d29242,2b53168cedf9d1c9,aef2c9aa68580eef,1,1
2277,2277,0,00000cc,03,2,2,3,a92561be6e602a41,0,0,2,371d12f8f1b7d5bd,3,1,8e1c4e43495905bc,ffffffffffffffff,23a74721e50d8064,1,1
2278,2278,0,00000d0,03,2,2,3,3ab9f640fdfca714,0,0,2,95b5bb4a531f7c0f,3,1,27aeecebe0eb88e9,2b53168cedf9d1c9,b459d4bd72f313f8,1,1
2279,2279,0,00000d4,03,2,2,3,b4327b15737730ea,0,0,2,18e035c1de4af284,3,1,a92561be6e602a41,ffffffffffffffff,390c5a36ffa69d73,1,1
2280,2280,0,00000d8,03,2,2,3,816466494621bdbf,0,0,2,8f1ea65d49b46118,3,1,3ab9f640fdfca714,2b53168cedf9d1c9,9ba4f3845d0e34c1,1,1
2281,2281,0,00000dc,03,2,2,3,0fefeb1cc8aaa0e3,0,0,2,024b28d6c4e1ef93,3,1,b4327b15737730ea,ffffffffffffffff,16f17d0fd05bba4a,1,1
2282,2282,0,00000e0,03,2,2,3,9c737ce25b362db6,0,0,2,ca4ff5380ce5327d,3,1,816466494621bdbf,2b53168cedf9d1c9,810fee9347a529d6,1,1
2283,2283,0,00000e4,03,2,2,3,12f8f1b7d5bdba48,0,0,2,471a7bb381b0bcf6,3,1,0fefeb1cc8aaa0e3,ffffffffffffffff,0c5a6018caf0a75d,1,1
2284,2284,0,00000e8,03,2,2,3,bb4a531f7c0f371d,0,0,2,d0e4e82f164e2f6a,3,1,9c737ce25b362db6,2b53168cedf9d1c9,c45ebdf602f47ab3,1,0
2285,2285,0,00000ec,03,2,2,3,35c1de4af28495b5,0,0,2,5db166a49b1ba1e1,3,1,12f8f1b7d5bdba48,2b53168cedf9d1c9,c45ebdf602f47ab3,1,0
2286,2286,0,00000f0,03,2,2,3,a65d49b4611818e0,0,0,2,ff19cf1639b30853,3,1,bb4a531f7c0f371d,2b53168cedf9d1c9,c45ebdf602f47ab3,1,0
2287,2287,0,00000f4,03,2,2,3,28d6c4e1ef938f1e,0,0,2,724c419db4e686d8,3,1,35c1de4af28495b5,2b53168cedf9d1c9,c45ebdf602f47ab3,1,0
2288,2288,0,00000f8,03,2,2,3,f5380ce5327d024b,0,0,2,e5b2d20123181544,3,1,a65d49b4611818e0,2b53168cedf9d1c9,bbb7843f7d1d437a,1,1
2289,2289,0,00000fc,03,2,2,3,7bb381b0bcf6ca4f,0,0,2,68e75c8aae4d9bcf,3,1,28d6c4e1ef938f1e,ffffffffffffffff,36e20ab4f048cdf1,1,1
2290,2290,0,0000100,03,2,2,3,e82f164e2f6a471a,0,0,2,8a691a4e4cc3dd0b,3,1,f5380ce5327d024b,2b53168cedf9d1c9,a11c992867b65e6d,1,1
2291,2291,0,0000104,03,2,2,3,66a49b1ba1e1d0e4,0,0,2,073c94c5c1965380,3,1,7bb381b0bcf6ca4f,ffffffffffffffff,2c4917a3eae3d0e6,1,1
2292,2292,0,0000108,03,2,2,3,cf1639b308535db1,0,0,2,90c207595668c01c,3,1,e82f164e2f6a471a,2b53168cedf9d1c9,8ee1be11484b7954,1,1
2293,2293,0,000010c,03,2,2,3,419db4e686d8ff19,0,0,2,1d9789d2db3d4e97,3,1,66a49b1ba1e1d0e4,ffffffffffffffff,03b4309ac51ef7df,1,1
2294,2294,0,0000110,03,2,2,3,d20123181544724c,0,0,2,bf3f20607995e725,3,1,cf1639b308535db1,2b53168cedf9d1c9,944aa30652e06443,1,1
2295,2295,0,0000114,03,2,2,3,5c8aae4d9bcfe5b2,0,0,2,326aaeebf4c069ae,3,1,419db4e686d8ff19,ffffffffffffffff,191f2d8ddfb5eac8,1,1
2296,2296,0,0000118,03,2,2,3,1a4e4cc3dd0b68e7,0,0,2,a5943d77633efa32,3,1,d20123181544724c,2b53168cedf9d1c9,aef2c9aa68580eef,1,0
2297,2297,0,000011c,03,2,2,3,94c5c19653808a69,0,0,2,28c1b3fcee6b74b9,3,1,5c8aae4d9bcfe5b2,2b53168cedf9d1c9,aef2c9aa68580eef,1,0
2298,2298,0,0000120,03,2,2,3,07595668c01c073c,0,0,2,e0c56e12266fa957,3,1,1a4e4cc3dd0b68e7,2b53168cedf9d1c9,aef2c9aa68580eef,1,0
2299,2299,0,0000124,03,2,2,3,89d2db3d4e9790c2,0,0,2,6d90e099ab3a27dc,3,1,94c5c19653808a69,2b53168cedf9d1c9,aef2c9aa68580eef,1,0
2300,2300,0,0000128,03,2,2,3,20607995e7251d97,0,0,2,fa6e73053cc4b440,3,1,07595668c01c073c,2b53168cedf9d1c9,d11bf06317b13726,1,1
2301,2301,0,000012c,03,2,2,3,aeebf4c069aebf3f,0,0,2,773bfd8eb1913acb,3,1,89d2db3d4e9790c2,ffffffffffffffff,5c4e7ee89ae4b9ad,1,1
2302,2302,0,0000130,03,2,2,3,3d77633efa32326a,0,0,2,d593543c13399379,3,1,20607995e7251d97,2b53168cedf9d1c9,cbb0ed740d1a2a31,1,1
2303,2303,0,0000134,03,2,2,3,b3fcee6b74b9a594,0,0,2,58c6dab79e6c1df2,3,1,aeebf4c069aebf3f,ffffffffffffffff,46e563ff804fa4ba,1,1
2304,2304,0,0000138,03,2,2,3,6e12266fa95728c1,0,0,2,cf38492b09928e6e,3,1,3d77633efa32326a,2b53168cedf9d1c9,e44dca4d22e70d08,1,1
2305,2305,0,000013c,03,2,2,3,e099ab3a27dce0c5,0,0,2,426dc7a084c700e5,3,1,b3fcee6b74b9a594,ffffffffffffffff,691844c6afb28383,1,1
2306,2306,0,0000000,00,3,3,3,73053cc4b4406d90,0,0,3,5f31f2f6999b35b3,0,1,6e12266fa95728c1,2b53168cedf9d1c9,fee6d75a384c101f,1,1
2307,2307,0,0000000,00,3,3,3,fd8eb1913acbfa6e,0,0,3,5f31f2f6999b35b3,0,1,e099ab3a27dce0c5,ffffffffffffffff,73b359d1b5199e94,1,1
2308,2308,0,000000a,01,3,2,2,543c13399379773b,0,0,3,5f31f2f6999b35b3,0,1,73053cc4b4406d90,2b53168cedf9d1c9,bbb7843f7d1d437a,1,0
2309,2309,0,0000000,00,3,3,3,dab79e6c1df2d593,0,0,3,5f31f2f6999b35b3,0,1,fd8eb1913acbfa6e,2b53168cedf9d1c9,bbb7843f7d1d437a,1,0
2310,2310,0,0000140,03,2,2,3,492b09928e6e58c6,0,0,2,5f31f2f6999b35b3,3,1,543c13399379773b,2b53168cedf9d1c9,bbb7843f7d1d437a,1,0
2311,2311,0,0000144,03,2,2,3,c7a084c700e5cf38,0,0,2,d2647c7d14cebb38,3,1,dab79e6c1df2d593,2b53168cedf9d1c9,bbb7843f7d1d437a,1,0
2312,2312,0,0000148,03,2,2,3,f2f6999b35b3426d,0,0,2,459aefe1833028a4,3,1,492b09928e6e58c6,2b53168cedf9d1c9,6eef6c87a845abc2,1,1
2313,2313,0,000014c,03,2,2,3,0000000000000004,0,0,2,c8cf616a0e65a62f,3,1,c7a084c700e5cf38,ffffffffffffffff,e3bae20c25102549,1,1
2314,2314,0,0000150,03,2,2,3,0000000000000000,0,0,2,6a67c8d8accd0f9d,3,1,f2f6999b35b3426d,2b53168cedf9d1c9,74447190b2eeb6d5,1,1
2315,2315,0,0000154,03,2,2,3,f2b0000000000000,0,0,2,e732465321988116,3,1,0000000000000004,ffffffffffffffff,f911ff1b3fbb385e,1,1
2316,2316,0,0000158,03,2,2,3,f2f6999b35b35f31,0,0,2,70ccd5cfb666128a,3,1,0000000000000000,2b53168cedf9d1c9,8ee1be11484b7954,1,0
2317,2317,0,000015c,03,2,2,3,7c7d14cebb385f31,0,0,2,fd995b443b339c01,3,1,f2b0000000000000,2b53168cedf9d1c9,8ee1be11484b7954,1,0
2318,2318,0,0000000,00,3,3,3,efe1833028a4d264,0,0,3,359d86aaf33741ef,0,1,f2f6999b35b35f31,2b53168cedf9d1c9,8ee1be11484b7954,1,0
2319,2319,0,0000000,00,3,3,3,616a0e65a62f459a,0,0,3,359d86aaf33741ef,0,1,7c7d14cebb385f31,2b53168cedf9d1c9,8ee1be11484b7954,1,0
2320,2320,0,0000000,00,3,3,3,c8d8accd0f9dc8cf,0,0,3,359d86aaf33741ef,0,1,efe1833028a4d264,2b53168cedf9d1c9,8ee1be11484b7954,1,0
2321,2321,0,0000000,00,3,3,3,4653219881166a67,0,0,3,359d86aaf33741ef,0,1,616a0e65a62f459a,2b53168cedf9d1c9,8ee1be11484b7954,1,0
2322,2322,0,0000160,03,2,2,3,d5cfb666128ae732,0,0,2,359d86aaf33741ef,3,1,c8d8accd0f9dc8cf,2b53168cedf9d1c9,8ee1be11484b7954,1,0
2323,2323,0,0000164,03,2,2,3,5b443b339c0170cc,0,0,2,b8c808217e62cf64,3,1,4653219881166a67,2b53168cedf9d1c9,8ee1be11484b7954,1,0
2324,2324,0,0000168,03,2,2,3,86aaf33741effd99,0,0,2,2f369bbde99c5cf8,3,1,d5cfb666128ae732,2b53168cedf9d1c9,8ee1be11484b7954,1,0
2325,2325,0,000016c,03,2,2,3,0000000000000000,0,0,2,a263153664c9d273,3,1,5b443b339c0170cc,2b53168cedf9d1c9,8ee1be11484b7954,1,0
2326,2326,0,0000170,03,2,2,3,0000000000000000,0,0,2,00cbbc84c6617bc1,3,1,86aaf33741effd99,2b53168cedf9d1c9,8ee1be11484b7954,1,0
2327,2327,0,0000174,03,2,2,3,86a0000000000000,0,0,2,8d9e320f4b34f54a,3,1,0000000000000000,2b53168cedf9d1c9,8ee1be11484b7954,1,0
2328,2328,0,0000178,03,2,2,3,86aaf33741ef359d,0,0,2,1a60a193dcca66d6,3,1,0000000000000000,2b53168cedf9d1c9,8ee1be11484b7954,1,0
2329,2329,0,000017c,03,2,2,3,08217e62cf64359d,0,0,2,97352f18519fe85d,3,1,86a0000000000000,2b53168cedf9d1c9,8ee1be11484b7954,1,0
2330,2330,0,0000000,00,3,3,3,9bbde99c5cf8b8c8,0,0,3,20d8cb3fe6720c7a,0,1,86aaf33741ef359d,2b53168cedf9d1c9,8ee1be11484b7954,1,0
2331,2331,0,0000000,00,3,3,3,153664c9d2732f36,0,0,3,20d8cb3fe6720c7a,0,1,08217e62cf64359d,2b53168cedf9d1c9,8ee1be11484b7954,1,0
2332,2332,0,0000000,00,3,3,3,bc84c6617bc1a263,0,0,3,20d8cb3fe6720c7a,0,1,9bbde99c5cf8b8c8,2b53168cedf9d1c9,8ee1be11484b7954,1,0
2333,2333,0,0000000,00,3,3,3,320f4b34f54a00cb,0,0,3,20d8cb3fe6720c7a,0,1,153664c9d2732f36,2b53168cedf9d1c9,8ee1be11484b7954,1,0
2334,2334,0,0000180,03,2,2,3,a193dcca66d68d9e,0,0,2,20d8cb3fe6720c7a,3,1,bc84c6617bc1a263,2b53168cedf9d1c9,8ee1be11484b7954,1,0
2335,2335,0,0000184,03,2,2,3,2f18519fe85d1a60,0,0,2,ad8d45b46b2782f1,3,1,320f4b34f54a00cb,2b53168cedf9d1c9,8ee1be11484b7954,1,0
2336,2336,0,0000188,03,2,2,3,cb3fe6720c7a9735,0,0,2,3a73d628fcd9116d,3,1,a193dcca66d68d9e,2b53168cedf9d1c9,8ee1be11484b7954,1,0
2337,2337,0,000018c,03,2,2,3,0000000000000008,0,0,2,b72658a3718c9fe6,3,1,2f18519fe85d1a60,2b53168cedf9d1c9,8ee1be11484b7954,1,0
2338,2338,0,0000190,03,2,2,3,0000000000000000,0,0,2,158ef111d3243654,3,1,cb3fe6720c7a9735,2b53168cedf9d1c9,8ee1be11484b7954,1,0
2339,2339,0,0000194,03,2,2,3,cb30000000000000,0,0,2,98db7f9a5e71b8df,3,1,0000000000000008,2b53168cedf9d1c9,8ee1be11484b7954,1,0
2340,2340,0,0000198,03,2,2,3,cb3fe6720c7a20d8,0,0,2,0f25ec06c98f2b43,3,1,0000000000000000,2b53168cedf9d1c9,8ee1be11484b7954,1,0
2341,2341,0,000019c,03,2,2,3,45b46b2782f120d8,0,0,2,8270628d44daa5c8,3,1,cb30000000000000,2b53168cedf9d1c9,8ee1be11484b7954,1,0
2342,2342,0,0000000,00,3,3,3,d628fcd9116dad8d,0,0,3,4a74bf638cde7826,0,1,cb3fe6720c7a20d8,2b53168cedf9d1c9,8ee1be11484b7954,1,0
2343,2343,0,0000000,00,3,3,3,58a3718c9fe63a73,0,0,3,4a74bf638cde7826,0,1,45b46b2782f120d8,2b53168cedf9d1c9,8ee1be11484b7954,1,0
2344,2344,0,0000000,00,3,3,3,f111d3243654b726,0,0,3,4a74bf638cde7826,0,1,d628fcd9116dad8d,2b53168cedf9d1c9,8ee1be11484b7954,1,0
2345,2345,0,0000000,00,3,3,3,7f9a5e71b8df158e,0,0,3,4a74bf638cde7826,0,1,58a3718c9fe63a73,2b53168cedf9d1c9,8ee1be11484b7954,1,0
2346,2346,0,00001a0,03,2,2,3,ec06c98f2b4398db,0,0,2,4a74bf638cde7826,3,1,f111d3243654b726,2b53168cedf9d1c9,8ee1be11484b7954,1,0
2347,2347,0,00001a4,03,2,2,3,628d44daa5c80f25,0,0,2,c72131e8018bf6ad,3,1,7f9a5e71b8df158e,2b53168cedf9d1c9,8ee1be11484b7954,1,0
2348,2348,0,00001a8,03,2,2,3,bf638cde78268270,0,0,2,50dfa27496756531,3,1,ec06c98f2b4398db,2b53168cedf9d1c9,8ee1be11484b7954,1,0
2349,2349,0,00001ac,03,2,2,3,0000000000000000,0,0,2,dd8a2cff1b20ebba,3,1,628d44daa5c80f25,2b53168cedf9d1c9,8ee1be11484b7954,1,0
2350,2350,0,00001b0,03,2,2,3,0000000000000000,0,0,2,7f22854db9884208,3,1,bf638cde78268270,2b53168cedf9d1c9,8ee1be11484b7954,1,0
2351,2351,0,00001b4,03,2,2,3,bf20000000000000,0,0,2,f2770bc634ddcc83,3,1,0000000000000000,2b53168cedf9d1c9,8ee1be11484b7954,1,0
2352,2352,0,00001b8,03,2,2,3,bf638cde78264a74,0,0,2,6589985aa3235f1f,3,1,0000000000000000,2b53168cedf9d1c9,8ee1be11484b7954,1,0
2353,2353,0,00001bc,03,2,2,3,31e8018bf6ad4a74,0,0,2,e8dc16d12e76d194,3,1,bf20000000000000,2b53168cedf9d1c9,8ee1be11484b7954,1,0
2354,2354,0,0000000,00,3,3,3,a27496756531c721,0,0,3,f5802387332ae4c2,0,1,bf638cde78264a74,2b53168cedf9d1c9,8ee1be11484b7954,1,0
2355,2355,0,0000000,00,3,3,3,2cff1b20ebba50df,0,0,3,f5802387332ae4c2,0,1,31e8018bf6ad4a74,2b53168cedf9d1c9,8ee1be11484b7954,1,0
2356,2356,0,0000000,00,3,3,3,854db9884208dd8a,0,0,3,f5802387332ae4c2,0,1,a27496756531c721,2b53168cedf9d1c9,8ee1be11484b7954,1,0
2357,2357,0,0000000,00,3,3,3,0bc634ddcc837f22,0,0,3,f5802387332ae4c2,0,1,2cff1b20ebba50df,2b53168cedf9d1c9,8ee1be11484b7954,1,0
2358,2358,0,00001c0,03,2,2,3,985aa3235f1ff277,0,0,2,f5802387332ae4c2,3,1,854db9884208dd8a,2b53168cedf9d1c9,8ee1be11484b7954,1,0
2359,2359,0,00001c4,03,2,2,3,16d12e76d1946589,0,0,2,78d5ad0cbe7f6a49,3,1,0bc634ddcc837f22,2b53168cedf9d1c9,8ee1be11484b7954,1,0
2360,2360,0,00001c8,03,2,2,3,2387332ae4c2e8dc,0,0,2,ef2b3e902981f9d5,3,1,985aa3235f1ff277,2b53168cedf9d1c9,8ee1be11484b7954,1,0
2361,2361,0,00001cc,03,2,2,3,0000000000000000,0,0,2,627eb01ba4d4775e,3,1,16d12e76d1946589,2b53168cedf9d1c9,8ee1be11484b7954,1,0
2362,2362,0,00001d0,03,2,2,3,0000000000000000,0,0,2,c0d619a9067cdeec,3,1,2387332ae4c2e8dc,2b53168cedf9d1c9,8ee1be11484b7954,1,0
2363,2363,0,00001d4,03,2,2,3,2380000000000000,0,0,2,4d8397228b295067,3,1,0000000000000000,2b53168cedf9d1c9,8ee1be11484b7954,1,0
2364,2364,0,00001d8,03,2,2,3,2387332ae4c2f580,0,0,2,da7d04be1cd7c3fb,3,1,0000000000000000,2b53168cedf9d1c9,8ee1be11484b7954,1,0
2365,2365,0,00001dc,03,2,2,3,ad0cbe7f6a49f580,0,0,2,57288a3591824d70,3,1,2380000000000000,2b53168cedf9d1c9,8ee1be11484b7954,1,0
2366,2366,0,0000000,00,3,3,3,3e902981f9d578d5,0,0,3,9f2c57db5986909e,0,1,2387332ae4c2f580,2b53168cedf9d1c9,8ee1be11484b7954,1,0
2367,2367,0,0000000,00,3,3,3,b01ba4d4775eef2b,0,0,3,9f2c57db5986909e,0,1,ad0cbe7f6a49f580,2b53168cedf9d1c9,8ee1be11484b7954,1,0
2368,2368,0,0000000,00,3,3,3,19a9067cdeec627e,0,0,3,9f2c57db5986909e,0,1,3e902981f9d578d5,2b53168cedf9d1c9,8ee1be11484b7954,1,0
2369,2369,0,0000000,00,3,3,3,97228b295067c0d6,0,0,3,9f2c57db5986909e,0,1,b01ba4d4775eef2b,2b53168cedf9d1c9,8ee1be11484b7954,1,0
2370,2370,0,00001e0,03,2,2,3,04be1cd7c3fb4d83,0,0,2,9f2c57db5986909e,3,1,19a9067cdeec627e,2b53168cedf9d1c9,8ee1be11484b7954,1,0
2371,2371,0,00001e4,03,2,2,3,8a3591824d70da7d,0,0,2,1279d950d4d31e15,3,1,97228b295067c0d6,2b53168cedf9d1c9,8ee1be11484b7954,1,0
2372,2372,0,00001e8,03,2,2,3,57db5986909e5728,0,0,2,85874acc432d8d89,3,1,04be1cd7c3fb4d83,2b53168cedf9d1c9,8ee1be11484b7954,1,0
2373,2373,0,00001ec,03,2,2,3,0000000000000000,0,0,2,08d2c447ce780302,3,1,8a3591824d70da7d,2b53168cedf9d1c9,8ee1be11484b7954,1,0
2374,2374,0,00001f0,03,2,2,3,0000000000000000,0,0,2,aa7a6df56cd0aab0,3,1,57db5986909e5728,2b53168cedf9d1c9,8ee1be11484b7954,1,0
2375,2375,0,00001f4,03,2,2,3,5790000000000000,0,0,2,272fe37ee185243b,3,1,0000000000000000,2b53168cedf9d1c9,8ee1be11484b7954,1,0
2376,2376,0,00001f8,03,2,2,3,57db5986909e9f2c,0,0,2,b0d170e2767bb7a7,3,1,0000000000000000,2b53168cedf9d1c9,8ee1be11484b7954,1,0
2377,2377,0,00001fc,03,2,2,3,d950d4d31e159f2c,0,0,2,3d84fe69fb2e392c,3,1,5790000000000000,2b53168cedf9d1c9,8ee1be11484b7954,1,0
2378,2378,0,0000000,00,3,3,3,4acc432d8d891279,0,0,3,75cdfd6bb3673a2e,0,1,57db5986909e9f2c,2b53168cedf9d1c9,8ee1be11484b7954,1,0
2379,2379,0,0000000,00,3,3,3,c447ce7803028587,0,0,3,75cdfd6bb3673a2e,0,1,d950d4d31e159f2c,2b53168cedf9d1c9,8ee1be11484b7954,1,0
2380,2380,0,0000000,00,3,3,3,6df56cd0aab008d2,0,0,3,75cdfd6bb3673a2e,0,1,4acc432d8d891279,2b53168cedf9d1c9,8ee1be11484b7954,1,0
2381,2381,0,0000000,00,3,3,3,e37ee185243baa7a,0,0,3,75cdfd6bb3673a2e,0,1,c447ce7803028587,2b53168cedf9d1c9,8ee1be11484b7954,1,0
2382,2382,0,0000200,03,2,2,3,70e2767bb7a7272f,0,0,2,75cdfd6bb3673a2e,3,1,6df56cd0aab008d2,2b53168cedf9d1c9,8ee1be11484b7954,1,0
2383,2383,0,0000204,03,2,2,3,fe69fb2e392cb0d1,0,0,2,f89873e03e32b4a5,3,1,e37ee185243baa7a,2b53168cedf9d1c9,8ee1be11484b7954,1,0
2384,2384,0,0000208,03,2,2,3,fd6bb3673a2e3d84,0,0,2,6f66e07ca9cc2739,3,1,70e2767bb7a7272f,2b53168cedf9d1c9,8ee1be11484b7954,1,0
2385,2385,0,000020c,03,2,2,3,0000000000000000,0,0,2,e2336ef72499a9b2,3,1,fe69fb2e392cb0d1,2b53168cedf9d1c9,8ee1be11484b7954,1,0
2386,2386,0,0000210,03,2,2,3,0000000000000000,0,0,2,409bc74586310000,3,1,fd6bb3673a2e3d84,2b53168cedf9d1c9,8ee1be11484b7954,1,0
2387,2387,0,0000214,03,2,2,3,fd20000000000000,0,0,2,cdce49ce0b648e8b,3,1,0000000000000000,2b53168cedf9d1c9,8ee1be11484b7954,1,0
2388,2388,0,0000218,03,2,2,3,fd6bb3673a2e75cd,0,0,2,5a30da529c9a1d17,3,1,0000000000000000,2b53168cedf9d1c9,8ee1be11484b7954,1,0
2389,2389,0,000021c,03,2,2,3,73e03e32b4a575cd,0,0,2,d76554d911cf939c,3,1,fd20000000000000,2b53168cedf9d1c9,8ee1be11484b7954,1,0
2390,2390,0,0000000,00,3,3,3,e07ca9cc2739f898,0,0,3,1f618937d9cb4e72,0,1,fd6bb3673a2e75cd,2b53168cedf9d1c9,8ee1be11484b7954,1,0
2391,2391,0,0000000,00,3,3,3,6ef72499a9b26f66,0,0,3,1f618937d9cb4e72,0,1,73e03e32b4a575cd,2b53168cedf9d1c9,8ee1be11484b7954,1,0
2392,2392,0,0000000,00,3,3,3,c74586310000e233,0,0,3,1f618937d9cb4e72,0,1,e07ca9cc2739f898,2b53168cedf9d1c9,8ee1be11484b7954,1,0
2393,2393,0,0000000,00,3,3,3,49ce0b648e8b409b,0,0,3,1f618937d9cb4e72,0,1,6ef72499a9b26f66,2b53168cedf9d1c9,8ee1be11484b7954,1,0
2394,2394,0,0000220,03,2,2,3,da529c9a1d17cdce,0,0,2,1f618937d9cb4e72,3,1,c74586310000e233,2b53168cedf9d1c9,8ee1be11484b7954,1,0
2395,2395,0,0000224,03,2,2,3,54d911cf939c5a30,0,0,2,923407bc549ec0f9,3,1,49ce0b648e8b409b,2b53168cedf9d1c9,8ee1be11484b7954,1,0
2396,2396,0,0000228,03,2,2,3,8937d9cb4e72d765,0,0,2,05ca9420c3605365,3,1,da529c9a1d17cdce,2b53168cedf9d1c9,8ee1be11484b7954,1,0
2397,2397,0,000022c,03,2,2,3,0000000000000000,0,0,2,889f1aab4e35ddee,3,1,54d911cf939c5a30,2b53168cedf9d1c9,8ee1be11484b7954,1,0
2398,2398,0,0000230,03,2,2,3,0000000000000000,0,0,2,2a37b319ec9d745c,3,1,8937d9cb4e72d765,2b53168cedf9d1c9,8ee1be11484b7954,1,0
2399,2399,0,0000234,03,2,2,3,8930000000000000,0,0,2,a7623d9261c8fad7,3,1,0000000000000000,2b53168cedf9d1c9,8ee1be11484b7954,1,0
2400,2400,0,0000238,03,2,2,3,8937d9cb4e721f61,0,0,2,309cae0ef636694b,3,1,0000000000000000,2b53168cedf9d1c9,8ee1be11484b7954,1,0
2401,2401,0,000023c,03,2,2,3,07bc549ec0f91f61,0,0,2,bdc920857b63e7c0,3,1,8930000000000000,2b53168cedf9d1c9,8ee1be11484b7954,1,0
2402,2402,0,0000000,00,3,3,3,9420c36053659234,0,0,3,a09515d3663fd296,0,1,8937d9cb4e721f61,2b53168cedf9d1c9,8ee1be11484b7954,1,0
2403,2403,0,0000000,00,3,3,3,1aab4e35ddee05ca,0,0,3,a09515d3663fd296,0,1,07bc549ec0f91f61,2b53168cedf9d1c9,8ee1be11484b7954,1,0
2404,2404,0,0000000,00,3,3,3,b319ec9d745c889f,0,0,3,a09515d3663fd296,0,1,9420c36053659234,2b53168cedf9d1c9,8ee1be11484b7954,1,0
2405,2405,0,0000000,00,3,3,3,3d9261c8fad72a37,0,0,3,a09515d3663fd296,0,1,1aab4e35ddee05ca,2b53168cedf9d1c9,8ee1be11484b7954,1,0
2406,2406,0,0000240,03,2,2,3,ae0ef636694ba762,0,0,2,a09515d3663fd296,3,1,b319ec9d745c889f,2b53168cedf9d1c9,8ee1be11484b7954,1,0
2407,2407,0,0000244,03,2,2,3,20857b63e7c0309c,0,0,2,2dc09b58eb6a5c1d,3,1,3d9261c8fad72a37,2b53168cedf9d1c9,8ee1be11484b7954,1,0
2408,2408,0,0000248,03,2,2,3,15d3663fd296bdc9,0,0,2,ba3e08c47c94cf81,3,1,ae0ef636694ba762,2b53168cedf9d1c9,8ee1be11484b7954,1,0
2409,2409,0,000024c,03,2,2,3,0000000000000000,0,0,2,376b864ff1c1410a,3,1,20857b63e7c0309c,2b53168cedf9d1c9,8ee1be11484b7954,1,0
2410,2410,0,0000250,03,2,2,3,0000000000000000,0,0,2,95c32ffd5369e8b8,3,1,15d3663fd296bdc9,2b53168cedf9d1c9,8ee1be11484b7954,1,0
2411,2411,0,0000254,03,2,2,3,1590000000000000,0,0,2,1896a176de3c6633,3,1,0000000000000000,2b53168cedf9d1c9,8ee1be11484b7954,1,0
2412,2412,0,0000258,03,2,2,3,15d3663fd296a095,0,0,2,8f6832ea49c2f5af,3,1,0000000000000000,2b53168cedf9d1c9,8ee1be11484b7954,1,0
2413,2413,0,000025c,03,2,2,3,9b58eb6a5c1da095,0,0,2,023dbc61c4977b24,3,1,1590000000000000,2b53168cedf9d1c9,8ee1be11484b7954,1,0
2414,2414,0,0000000,00,3,3,3,08c47c94cf812dc0,0,0,3,ca39618f0c93a6ca,0,1,15d3663fd296a095,2b53168cedf9d1c9,8ee1be11484b7954,1,0
2415,2415,0,0000000,00,3,3,3,864ff1c1410aba3e,0,0,3,ca39618f0c93a6ca,0,1,9b58eb6a5c1da095,2b53168cedf9d1c9,8ee1be11484b7954,1,0
2416,2416,0,0000000,00,3,3,3,2ffd5369e8b8376b,0,0,3,ca39618f0c93a6ca,0,1,08c47c94cf812dc0,2b53168cedf9d1c9,8ee1be11484b7954,1,0
2417,2417,0,0000000,00,3,3,3,a176de3c663395c3,0,0,3,ca39618f0c93a6ca,0,1,864ff1c1410aba3e,2b53168cedf9d1c9,8ee1be11484b7954,1,0
2418,2418,0,0000260,03,2,2,3,32ea49c2f5af1896,0,0,2,ca39618f0c93a6ca,3,1,2ffd5369e8b8376b,2b53168cedf9d1c9,8ee1be11484b7954,1,0
2419,2419,0,0000264,03,2,2,3,bc61c4977b248f68,0,0,2,476cef0481c62841,3,1,a176de3c663395c3,2b53168cedf9d1c9,8ee1be11484b7954,1,0
2420,2420,0,0000268,03,2,2,3,618f0c93a6ca023d,0,0,2,d0927c981638bbdd,3,1,32ea49c2f5af1896,2b53168cedf9d1c9,8ee1be11484b7954,1,0
2421,2421,0,000026c,03,2,2,3,0000000000000008,0,0,2,5dc7f2139b6d3556,3,1,bc61c4977b248f68,2b53168cedf9d1c9,8ee1be11484b7954,1,0
2422,2422,0,0000270,03,2,2,3,0000000000000000,0,0,2,ff6f5ba139c59ce4,3,1,618f0c93a6ca023d,2b53168cedf9d1c9,8ee1be11484b7954,1,0
2423,2423,0,0000274,03,2,2,3,6180000000000000,0,0,2,723ad52ab490126f,3,1,0000000000000008,2b53168cedf9d1c9,8ee1be11484b7954,1,0
2424,2424,0,0000278,03,2,2,3,618f0c93a6caca39,0,0,2,e5c446b6236e81f3,3,1,0000000000000000,2b53168cedf9d1c9,8ee1be11484b7954,1,0
2425,2425,0,000027c,03,2,2,3,ef0481c62841ca39,0,0,2,6891c83dae3b0f78,3,1,6180000000000000,2b53168cedf9d1c9,8ee1be11484b7954,1,0
2426,2426,0,0000000,00,3,3,3,7c981638bbdd476c,0,0,3,df7c2c1a19d6eb5f,0,1,618f0c93a6caca39,2b53168cedf9d1c9,8ee1be11484b7954,1,0
2427,2427,0,0000000,00,3,3,3,f2139b6d3556d092,0,0,3,df7c2c1a19d6eb5f,0,1,ef0481c62841ca39,2b53168cedf9d1c9,8ee1be11484b7954,1,0
2428,2428,0,0000000,00,3,3,3,5ba139c59ce45dc7,0,0,3,df7c2c1a19d6eb5f,0,1,7c981638bbdd476c,2b53168cedf9d1c9,8ee1be11484b7954,1,0
2429,2429,0,0000000,00,3,3,3,d52ab490126fff6f,0,0,3,df7c2c1a19d6eb5f,0,1,f2139b6d3556d092,2b53168cedf9d1c9,8ee1be11484b7954,1,0
2430,2430,0,0000280,03,2,2,3,46b6236e81f3723a,0,0,2,df7c2c1a19d6eb5f,3,1,5ba139c59ce45dc7,2b53168cedf9d1c9,8ee1be11484b7954,1,0
2431,2431,0,0000284,03,2,2,3,c83dae3b0f78e5c4,0,0,2,5229a291948365d4,3,1,d52ab490126fff6f,2b53168cedf9d1c9,8ee1be11484b7954,1,0
2432,2432,0,0000288,03,2,2,3,2c1a19d6eb5f6891,0,0,2,c5d7310d037df648,3,1,46b6236e81f3723a,2b53168cedf9d1c9,8ee1be11484b7954,1,0
2433,2433,0,000028c,03,2,2,3,0000000000000000,0,0,2,4882bf868e2878c3,3,1,c83dae3b0f78e5c4,2b53168cedf9d1c9,8ee1be11484b7954,1,0
2434,2434,0,0000290,03,2,2,3,0000000000000000,0,0,2,ea2a16342c80d171,3,1,2c1a19d6eb5f6891,2b53168cedf9d1c9,8ee1be11484b7954,1,0
2435,2435,0,0000294,03,2,2,3,2c10000000000000,0,0,2,677f98bfa1d55ffa,3,1,0000000000000000,2b53168cedf9d1c9,8ee1be11484b7954,1,0
2436,2436,0,0000298,03,2,2,3,2c1a19d6eb5fdf7c,0,0,2,f0810b23362bcc66,3,1,0000000000000000,2b53168cedf9d1c9,8ee1be11484b7954,1,0
2437,2437,0,000029c,03,2,2,3,a291948365d4df7c,0,0,2,7dd485a8bb7e42ed,3,1,2c10000000000000,2b53168cedf9d1c9,8ee1be11484b7954,1,0
2438,2438,0,0000000,00,3,3,3,310d037df6485229,0,0,3,b5d05846737a9f03,0,1,2c1a19d6eb5fdf7c,2b53168cedf9d1c9,8ee1be11484b7954,1,0
2439,2439,0,0000000,00,3,3,3,bf868e2878c3c5d7,0,0,3,b5d05846737a9f03,0,1,a291948365d4df7c,2b53168cedf9d1c9,8ee1be11484b7954,1,0
2440,2440,0,0000000,00,3,3,3,16342c80d1714882,0,0,3,b5d05846737a9f03,0,1,310d037df6485229,2b53168cedf9d1c9,8ee1be11484b7954,1,0
2441,2441,0,0000000,00,3,3,3,98bfa1d55ffaea2a,0,0,3,b5d05846737a9f03,0,1,bf868e2878c3c5d7,2b53168cedf9d1c9,8ee1be11484b7954,1,0
2442,2442,0,00002a0,03,2,2,3,0b23362bcc66677f,0,0,2,b5d05846737a9f03,3,1,16342c80d1714882,2b53168cedf9d1c9,8ee1be11484b7954,1,0
2443,2443,0,00002a4,03,2,2,3,85a8bb7e42edf081,0,0,2,3885d6cdfe2f1188,3,1,98bfa1d55ffaea2a,2b53168cedf9d1c9,8ee1be11484b7954,1,0
2444,2444,0,00002a8,03,2,2,3,5846737a9f037dd4,0,0,2,af7b455169d18214,3,1,0b23362bcc66677f,2b53168cedf9d1c9,8ee1be11484b7954,1,0
2445,2445,0,00002ac,03,2,2,3,0000000000000000,0,0,2,222ecbdae4840c9f,3,1,85a8bb7e42edf081,2b53168cedf9d1c9,8ee1be11484b7954,1,0
2446,2446,0,00002b0,03,2,2,3,0000000000000000,0,0,2,80866268462ca52d,3,1,5846737a9f037dd4,2b53168cedf9d1c9,8ee1be11484b7954,1,0
2447,2447,0,00002b4,03,2,2,3,5800000000000000,0,0,2,0dd3ece3cb792ba6,3,1,0000000000000000,2b53168cedf9d1c9,8ee1be11484b7954,1,0
2448,2448,0,00002b8,03,2,2,3,5846737a9f03b5d0,0,0,2,9a2d7f7f5c87b83a,3,1,0000000000000000,2b53168cedf9d1c9,8ee1be11484b7954,1,0
2449,2449,0,00002bc,03,2,2,3,d6cdfe2f1188b5d0,0,0,2,1778f1f4d1d236b1,3,1,5800000000000000,2b53168cedf9d1c9,8ee1be11484b7954,1,0
2450,2450,0,0000000,00,3,3,3,455169d182143885,0,0,3,0a24c4a2cc8e03e7,0,1,5846737a9f03b5d0,2b53168cedf9d1c9,8ee1be11484b7954,1,0
2451,2451,0,0000000,00,3,3,3,cbdae4840c9faf7b,0,0,3,0a24c4a2cc8e03e7,0,1,d6cdfe2f1188b5d0,2b53168cedf9d1c9,8ee1be11484b7954,1,0
2452,2452,0,0000000,00,3,3,3,6268462ca52d222e,0,0,3,0a24c4a2cc8e03e7,0,1,455169d182143885,2b53168cedf9d1c9,8ee1be11484b7954,1,0
2453,2453,0,0000000,00,3,3,3,ece3cb792ba68086,0,0,3,0a24c4a2cc8e03e7,0,1,cbdae4840c9faf7b,2b53168cedf9d1c9,8ee1be11484b7954,1,0
2454,2454,0,00002c0,03,2,2,3,7f7f5c87b83a0dd3,0,0,2,0a24c4a2cc8e03e7,3,1,6268462ca52d222e,2b53168cedf9d1c9,8ee1be11484b7954,1,0
2455,2455,0,00002c4,03,2,2,3,f1f4d1d236b19a2d,0,0,2,87714a2941db8d6c,3,1,ece3cb792ba68086,2b53168cedf9d1c9,8ee1be11484b7954,1,0
2456,2456,0,00002c8,03,2,2,3,c4a2cc8e03e71778,0,0,2,108fd9b5d6251ef0,3,1,7f7f5c87b83a0dd3,2b53168cedf9d1c9,8ee1be11484b7954,1,0
2457,2457,0,00002cc,03,2,2,3,0000000000000000,0,0,2,9dda573e5b70907b,3,1,f1f4d1d236b19a2d,2b53168cedf9d1c9,8ee1be11484b7954,1,0
2458,2458,0,00002d0,03,2,2,3,0000000000000000,0,0,2,3f72fe8cf9d839c9,3,1,c4a2cc8e03e71778,2b53168cedf9d1c9,8ee1be11484b7954,1,0
2459,2459,0,00002d4,03,2,2,3,c4a0000000000000,0,0,2,b2277007748db742,3,1,0000000000000000,2b53168cedf9d1c9,8ee1be11484b7954,1,0
2460,2460,0,00002d8,03,2,2,3,c4a2cc8e03e70a24,0,0,2,25d9e39be37324de,3,1,0000000000000000,2b53168cedf9d1c9,8ee1be11484b7954,1,0
2461,2461,0,00002dc,03,2,2,3,4a2941db8d6c0a24,0,0,2,a88c6d106e26aa55,3,1,c4a0000000000000,2b53168cedf9d1c9,8ee1be11484b7954,1,0
2462,2462,0,0000000,00,3,3,3,d9b5d6251ef08771,0,0,3,6088b0fea62277bb,0,1,c4a2cc8e03e70a24,2b53168cedf9d1c9,8ee1be11484b7954,1,0
2463,2463,0,0000000,00,3,3,3,573e5b70907b108f,0,0,3,6088b0fea62277bb,0,1,4a2941db8d6c0a24,2b53168cedf9d1c9,8ee1be11484b7954,1,0
2464,2464,0,0000000,00,3,3,3,fe8cf9d839c99dda,0,0,3,6088b0fea62277bb,0,1,d9b5d6251ef08771,2b53168cedf9d1c9,8ee1be11484b7954,1,0
2465,2465,0,0000000,00,3,3,3,7007748db7423f72,0,0,3,6088b0fea62277bb,0,1,573e5b70907b108f,2b53168cedf9d1c9,8ee1be11484b7954,1,0
2466,2466,0,00002e0,03,2,2,3,e39be37324deb227,0,0,2,6088b0fea62277bb,3,1,fe8cf9d839c99dda,2b53168cedf9d1c9,8ee1be11484b7954,1,0
2467,2467,0,00002e4,03,2,2,3,6d106e26aa5525d9,0,0,2,eddd3e752b77f930,3,1,7007748db7423f72,2b53168cedf9d1c9,8ee1be11484b7954,1,0
2468,2468,0,00002e8,03,2,2,3,b0fea62277bba88c,0,0,2,7a23ade9bc896aac,3,1,e39be37324deb227,2b53168cedf9d1c9,8ee1be11484b7954,1,0
2469,2469,0,00002ec,03,2,2,3,0000000000000004,0,0,2,f776236231dce427,3,1,6d106e26aa5525d9,2b53168cedf9d1c9,8ee1be11484b7954,1,0
2470,2470,0,00002f0,03,2,2,3,0000000000000000,0,0,2,55de8ad093744d95,3,1,b0fea62277bba88c,2b53168cedf9d1c9,8ee1be11484b7954,1,0
2471,2471,0,00002f4,03,2,2,3,b0b0000000000000,0,0,2,d88b045b1e21c31e,3,1,0000000000000004,2b53168cedf9d1c9,8ee1be11484b7954,1,0
2472,2472,0,00002f8,03,2,2,3,b0fea62277bb6088,0,0,2,4f7597c789df5082,3,1,0000000000000000,2b53168cedf9d1c9,8ee1be11484b7954,1,0
2473,2473,0,00002fc,03,2,2,3,3e752b77f9306088,0,0,2,c220194c048ade09,3,1,b0b0000000000000,2b53168cedf9d1c9,8ee1be11484b7954,1,0
2474,2474,0,0000000,00,3,3,3,ade9bc896aaceddd,0,0,3,20ae5f88e60498cd,0,1,b0fea62277bb6088,2b53168cedf9d1c9,8ee1be11484b7954,1,0
2475,2475,0,0000000,00,3,3,3,236231dce4277a23,0,0,3,20ae5f88e60498cd,0,1,3e752b77f9306088,2b53168cedf9d1c9,8ee1be11484b7954,1,0
2476,2476,0,0000000,00,3,3,3,8ad093744d95f776,0,0,3,20ae5f88e60498cd,0,1,ade9bc896aaceddd,2b53168cedf9d1c9,8ee1be11484b7954,1,0
2477,2477,0,0000000,00,3,3,3,045b1e21c31e55de,0,0,3,20ae5f88e60498cd,0,1,236231dce4277a23,2b53168cedf9d1c9,8ee1be11484b7954,1,0
2478,2478,0,0000300,03,2,2,3,97c789df5082d88b,0,0,2,20ae5f88e60498cd,3,1,8ad093744d95f776,2b53168cedf9d1c9,8ee1be11484b7954,1,0
2479,2479,0,0000304,03,2,2,3,194c048ade094f75,0,0,2,adfbd1036b511646,3,1,045b1e21c31e55de,2b53168cedf9d1c9,8ee1be11484b7954,1,0
2480,2480,0,0000308,03,2,2,3,5f88e60498cdc220,0,0,2,3a05429ffcaf85da,3,1,97c789df5082d88b,2b53168cedf9d1c9,8ee1be11484b7954,1,0
2481,2481,0,000030c,03,2,2,3,0000000000000000,0,0,2,b750cc1471fa0b51,3,1,194c048ade094f75,2b53168cedf9d1c9,8ee1be11484b7954,1,0
2482,2482,0,0000310,03,2,2,3,0000000000000000,0,0,2,15f865a6d352a2e3,3,1,5f88e60498cdc220,2b53168cedf9d1c9,8ee1be11484b7954,1,0
2483,2483,0,0000314,03,2,2,3,5f80000000000000,0,0,2,98adeb2d5e072c68,3,1,0000000000000000,2b53168cedf9d1c9,8ee1be11484b7954,1,0
2484,2484,0,0000318,03,2,2,3,5f88e60498cd20ae,0,0,2,0f5378b1c9f9bff4,3,1,0000000000000000,2b53168cedf9d1c9,8ee1be11484b7954,1,0
2485,2485,0,000031c,03,2,2,3,d1036b51164620ae,0,0,2,8206f63a44ac317f,3,1,5f80000000000000,2b53168cedf9d1c9,8ee1be11484b7954,1,0
2486,2486,0,0000000,00,3,3,3,429ffcaf85daadfb,0,0,3,4a022bd48ca8ec91,0,1,5f88e60498cd20ae,2b53168cedf9d1c9,8ee1be11484b7954,1,0
2487,2487,0,0000000,00,3,3,3,cc1471fa0b513a05,0,0,3,4a022bd48ca8ec91,0,1,d1036b51164620ae,2b53168cedf9d1c9,8ee1be11484b7954,1,0
2488,2488,0,0000000,00,3,3,3,65a6d352a2e3b750,0,0,3,4a022bd48ca8ec91,0,1,429ffcaf85daadfb,2b53168cedf9d1c9,8ee1be11484b7954,1,0
2489,2489,0,0000000,00,3,3,3,eb2d5e072c6815f8,0,0,3,4a022bd48ca8ec91,0,1,cc1471fa0b513a05,2b53168cedf9d1c9,8ee1be11484b7954,1,0
2490,2490,0,0000320,03,2,2,3,78b1c9f9bff498ad,0,0,2,4a022bd48ca8ec91,3,1,65a6d352a2e3b750,2b53168cedf9d1c9,8ee1be11484b7954,1,0
2491,2491,0,0000324,03,2,2,3,f63a44ac317f0f53,0,0,2,c757a55f01fd621a,3,1,eb2d5e072c6815f8,2b53168cedf9d1c9,8ee1be11484b7954,1,0
2492,2492,0,0000328,03,2,2,3,2bd48ca8ec918206,0,0,2,50a936c39603f186,3,1,78b1c9f9bff498ad,2b53168cedf9d1c9,8ee1be11484b7954,1,0
2493,2493,0,000032c,03,2,2,3,0000000000000014,0,0,2,ddfcb8481b567f0d,3,1,f63a44ac317f0f53,2b53168cedf9d1c9,8ee1be11484b7954,1,0
2494,2494,0,0000330,03,2,2,3,0000000000000000,0,0,2,7f5411fab9fed6bf,3,1,2bd48ca8ec918206,2b53168cedf9d1c9,8ee1be11484b7954,1,0
2495,2495,0,0000334,03,2,2,3,2b90000000000000,0,0,2,f2019f7134ab5834,3,1,0000000000000014,2b53168cedf9d1c9,8ee1be11484b7954,1,0
2496,2496,0,0000338,03,2,2,3,2bd48ca8ec914a02,0,0,2,65ff0ceda355cba8,3,1,0000000000000000,2b53168cedf9d1c9,8ee1be11484b7954,1,0
2497,2497,0,000033c,03,2,2,3,a55f01fd621a4a02,0,0,2,e8aa82662e004523,3,1,2b90000000000000,2b53168cedf9d1c9,8ee1be11484b7954,1,0
2498,2498,0,0000000,00,3,3,3,36c39603f186c757,0,0,3,f5f6b730335c7075,0,1,2bd48ca8ec914a02,2b53168cedf9d1c9,8ee1be11484b7954,1,0
2499,2499,0,0000000,00,3,3,3,b8481b567f0d50a9,0,0,3,f5f6b730335c7075,0,1,a55f01fd621a4a02,2b53168cedf9d1c9,8ee1be11484b7954,1,0
2500,2500,0,0000000,00,3,3,3,11fab9fed6bfddfc,0,0,3,f5f6b730335c7075,0,1,36c39603f186c757,2b53168cedf9d1c9,8ee1be11484b7954,1,0
2501,2501,0,0000000,00,3,3,3,9f7134ab58347f54,0,0,3,f5f6b730335c7075,0,1,b8481b567f0d50a9,2b53168cedf9d1c9,8ee1be11484b7954,1,0
2502,2502,0,0000340,03,2,2,3,0ceda355cba8f201,0,0,2,f5f6b730335c7075,3,1,11fab9fed6bfddfc,2b53168cedf9d1c9,8ee1be11484b7954,1,0
2503,2503,0,0000344,03,2,2,3,82662e00452365ff,0,0,2,78a339bbbe09fefe,3,1,9f7134ab58347f54,2b53168cedf9d1c9,8ee1be11484b7954,1,0
2504,2504,0,0000348,03,2,2,3,b730335c7075e8aa,0,0,2,ef5daa2729f76d62,3,1,0ceda355cba8f201,2b53168cedf9d1c9,8ee1be11484b7954,1,0
2505,2505,0,000034c,03,2,2,3,0000000000000000,0,0,2,620824aca4a2e3e9,3,1,82662e00452365ff,2b53168cedf9d1c9,8ee1be11484b7954,1,0
2506,2506,0,0000350,03,2,2,3,0000000000000000,0,0,2,c0a08d1e060a4a5b,3,1,b730335c7075e8aa,2b53168cedf9d1c9,8ee1be11484b7954,1,0
2507,2507,0,0000354,03,2,2,3,b730000000000000,0,0,2,4df503958b5fc4d0,3,1,0000000000000000,2b53168cedf9d1c9,8ee1be11484b7954,1,0
2508,2508,0,0000358,03,2,2,3,b730335c7075f5f6,0,0,2,da0b90091ca1574c,3,1,0000000000000000,2b53168cedf9d1c9,8ee1be11484b7954,1,0
2509,2509,0,000035c,03,2,2,3,39bbbe09fefef5f6,0,0,2,575e1e8291f4d9c7,3,1,b730000000000000,2b53168cedf9d1c9,8ee1be11484b7954,1,0
2510,2510,0,0000000,00,3,3,3,aa2729f76d6278a3,0,0,3,9f5ac36c59f00429,0,1,b730335c7075f5f6,2b53168cedf9d1c9,8ee1be11484b7954,1,0
2511,2511,0,0000000,00,3,3,3,24aca4a2e3e9ef5d,0,0,3,9f5ac36c59f00429,0,1,39bbbe09fefef5f6,2b53168cedf9d1c9,8ee1be11484b7954,1,0
2512,2512,0,0000000,00,3,3,3,8d1e060a4a5b6208,0,0,3,9f5ac36c59f00429,0,1,aa2729f76d6278a3,2b53168cedf9d1c9,8ee1be11484b7954,1,0
2513,2513,0,0000000,00,3,3,3,03958b5fc4d0c0a0,0,0,3,9f5ac36c59f00429,0,1,24aca4a2e3e9ef5d,2b53168cedf9d1c9,8ee1be11484b7954,1,0
2514,2514,0,0000360,03,2,2,3,90091ca1574c4df5,0,0,2,9f5ac36c59f00429,3,1,8d1e060a4a5b6208,2b53168cedf9d1c9,8ee1be11484b7954,1,0
2515,2515,0,0000364,03,2,2,3,1e8291f4d9c7da0b,0,0,2,120f4de7d4a58aa2,3,1,03958b5fc4d0c0a0,2b53168cedf9d1c9,8ee1be11484b7954,1,0
2516,2516,0,0000368,03,2,2,3,c36c59f00429575e,0,0,2,85f1de7b435b193e,3,1,90091ca1574c4df5,2b53168cedf9d1c9,8ee1be11484b7954,1,0
2517,2517,0,000036c,03,2,2,3,0000000000000000,0,0,2,08a450f0ce0e97b5,3,1,1e8291f4d9c7da0b,2b53168cedf9d1c9,8ee1be11484b7954,1,0
2518,2518,0,0000370,03,2,2,3,0000000000000000,0,0,2,aa0cf9426ca63e07,3,1,c36c59f00429575e,2b53168cedf9d1c9,8ee1be11484b7954,1,0
2519,2519,0,0000374,03,2,2,3,c320000000000000,0,0,2,275977c9e1f3b08c,3,1,0000000000000000,2b53168cedf9d1c9,8ee1be11484b7954,1,0
2520,2520,0,0000378,03,2,2,3,c36c59f004299f5a,0,0,2,b0a7e455760d2310,3,1,0000000000000000,2b53168cedf9d1c9,8ee1be11484b7954,1,0
2521,2521,0,000037c,03,2,2,3,4de7d4a58aa29f5a,0,0,2,3df26adefb58ad9b,3,1,c320000000000000,2b53168cedf9d1c9,8ee1be11484b7954,1,0
2522,2522,0,0000000,00,3,3,3,de7b435b193e120f,0,0,3,8a1f8ef94cb549bc,0,1,c36c59f004299f5a,2b53168cedf9d1c9,8ee1be11484b7954,1,0
2523,2523,0,0000000,00,3,3,3,50f0ce0e97b585f1,0,0,3,8a1f8ef94cb549bc,0,1,4de7d4a58aa29f5a,2b53168cedf9d1c9,8ee1be11484b7954,1,0
2524,2524,0,0000000,00,3,3,3,f9426ca63e0708a4,0,0,3,8a1f8ef94cb549bc,0,1,de7b435b193e120f,2b53168cedf9d1c9,8ee1be11484b7954,1,0
2525,2525,0,0000000,00,3,3,3,77c9e1f3b08caa0c,0,0,3,8a1f8ef94cb549bc,0,1,50f0ce0e97b585f1,2b53168cedf9d1c9,8ee1be11484b7954,1,0
2526,2526,0,0000380,03,2,2,3,e455760d23102759,0,0,2,8a1f8ef94cb549bc,3,1,f9426ca63e0708a4,2b53168cedf9d1c9,8ee1be11484b7954,1,0
2527,2527,0,0000384,03,2,2,3,6adefb58ad9bb0a7,0,0,2,074a0072c1e0c737,3,1,77c9e1f3b08caa0c,2b53168cedf9d1c9,8ee1be11484b7954,1,0
2528,2528,0,0000388,03,2,2,3,8ef94cb549bc3df2,0,0,2,90b493ee561e54ab,3,1,e455760d23102759,2b53168cedf9d1c9,8ee1be11484b7954,1,0
2529,2529,0,000038c,03,2,2,3,0000000000000000,0,0,2,1de11d65db4bda20,3,1,6adefb58ad9bb0a7,2b53168cedf9d1c9,8ee1be11484b7954,1,0
2530,2530,0,0000390,03,2,2,3,0000000000000000,0,0,2,bf49b4d779e37392,3,1,8ef94cb549bc3df2,2b53168cedf9d1c9,8ee1be11484b7954,1,0
2531,2531,0,0000394,03,2,2,3,8eb0000000000000,0,0,2,321c3a5cf4b6fd19,3,1,0000000000000000,2b53168cedf9d1c9,8ee1be11484b7954,1,0
2532,2532,0,0000398,03,2,2,3,8ef94cb549bc8a1f,0,0,2,a5e2a9c063486e85,3,1,0000000000000000,2b53168cedf9d1c9,8ee1be11484b7954,1,0
2533,2533,0,000039c,03,2,2,3,0072c1e0c7378a1f,0,0,2,28b7274bee1de00e,3,1,8eb0000000000000,2b53168cedf9d1c9,8ee1be11484b7954,1,0
2534,2534,0,0000000,00,3,3,3,93ee561e54ab074a,0,0,3,e0b3faa526193de0,0,1,8ef94cb549bc8a1f,2b53168cedf9d1c9,8ee1be11484b7954,1,0
2535,2535,0,0000000,00,3,3,3,1d65db4bda2090b4,0,0,3,e0b3faa526193de0,0,1,0072c1e0c7378a1f,2b53168cedf9d1c9,8ee1be11484b7954,1,0
2536,2536,0,0000000,00,3,3,3,b4d779e373921de1,0,0,3,e0b3faa526193de0,0,1,93ee561e54ab074a,2b53168cedf9d1c9,8ee1be11484b7954,1,0
2537,2537,0,0000000,00,3,3,3,3a5cf4b6fd19bf49,0,0,3,e0b3faa526193de0,0,1,1d65db4bda2090b4,2b53168cedf9d1c9,8ee1be11484b7954,1,0
2538,2538,0,00003a0,03,2,2,3,a9c063486e85321c,0,0,2,e0b3faa526193de0,3,1,b4d779e373921de1,2b53168cedf9d1c9,8ee1be11484b7954,1,0
2539,2539,0,00003a4,03,2,2,3,274bee1de00ea5e2,0,0,2,6de6742eab4cb36b,3,1,3a5cf4b6fd19bf49,2b53168cedf9d1c9,8ee1be11484b7954,1,0
2540,2540,0,00003a8,03,2,2,3,faa526193de028b7,0,0,2,fa18e7b23cb220f7,3,1,a9c063486e85321c,2b53168cedf9d1c9,8ee1be11484b7954,1,0
2541,2541,0,00003ac,03,2,2,3,0000000000000000,0,0,2,774d6939b1e7ae7c,3,1,274bee1de00ea5e2,2b53168cedf9d1c9,8ee1be11484b7954,1,0
2542,2542,0,00003b0,03,2,2,3,0000000000000000,0,0,2,d5e5c08b134f07ce,3,1,faa526193de028b7,2b53168cedf9d1c9,8ee1be11484b7954,1,0
2543,2543,0,00003b4,03,2,2,3,faa0000000000000,0,0,2,58b04e009e1a8945,3,1,0000000000000000,2b53168cedf9d1c9,8ee1be11484b7954,1,0
2544,2544,0,00003b8,03,2,2,3,faa526193de0e0b3,0,0,2,cf4edd9c09e41ad9,3,1,0000000000000000,2b53168cedf9d1c9,8ee1be11484b7954,1,0
2545,2545,0,00003bc,03,2,2,3,742eab4cb36be0b3,0,0,2,421b531784b19452,3,1,faa0000000000000,2b53168cedf9d1c9,8ee1be11484b7954,1,0
2546,2546,0,0000000,00,3,3,3,e7b23cb220f76de6,0,0,3,5f47664199eda104,0,1,faa526193de0e0b3,2b53168cedf9d1c9,8ee1be11484b7954,1,0
2547,2547,0,0000000,00,3,3,3,6939b1e7ae7cfa18,0,0,3,5f47664199eda104,0,1,742eab4cb36be0b3,2b53168cedf9d1c9,8ee1be11484b7954,1,0
2548,2548,0,0000000,00,3,3,3,c08b134f07ce774d,0,0,3,5f47664199eda104,0,1,e7b23cb220f76de6,2b53168cedf9d1c9,8ee1be11484b7954,1,0
2549,2549,0,0000000,00,3,3,3,4e009e1a8945d5e5,0,0,3,5f47664199eda104,0,1,6939b1e7ae7cfa18,2b53168cedf9d1c9,8ee1be11484b7954,1,0
2550,2550,0,00003c0,03,2,2,3,dd9c09e41ad958b0,0,0,2,5f47664199eda104,3,1,c08b134f07ce774d,2b53168cedf9d1c9,8ee1be11484b7954,1,0
2551,2551,0,00003c4,03,2,2,3,531784b19452cf4e,0,0,2,d212e8ca14b82f8f,3,1,4e009e1a8945d5e5,2b53168cedf9d1c9,8ee1be11484b7954,1,0
2552,2552,0,00003c8,03,2,2,3,664199eda104421b,0,0,2,45ec7b568346bc13,3,1,dd9c09e41ad958b0,2b53168cedf9d1c9,8ee1be11484b7954,1,0
2553,2553,0,00003cc,03,2,2,3,0000000000000000,0,0,2,c8b9f5dd0e133298,3,1,531784b19452cf4e,2b53168cedf9d1c9,8ee1be11484b7954,1,0
2554,2554,0,00003d0,03,2,2,3,0000000000000000,0,0,2,6a115c6facbb9b2a,3,1,664199eda104421b,2b53168cedf9d1c9,8ee1be11484b7954,1,0
2555,2555,0,00003d4,03,2,2,3,6600000000000000,0,0,2,e744d2e421ee15a1,3,1,0000000000000000,2b53168cedf9d1c9,8ee1be11484b7954,1,0
2556,2556,0,00003d8,03,2,2,3,664199eda1045f47,0,0,2,70ba4178b610863d,3,1,0000000000000000,2b53168cedf9d1c9,8ee1be11484b7954,1,0
2557,2557,0,00003dc,03,2,2,3,e8ca14b82f8f5f47,0,0,2,fdefcff33b4508b6,3,1,6600000000000000,2b53168cedf9d1c9,8ee1be11484b7954,1,0
2558,2558,0,0000000,00,3,3,3,7b568346bc13d212,0,0,3,35eb121df341d558,0,1,664199eda1045f47,2b53168cedf9d1c9,8ee1be11484b7954,1,0
2559,2559,0,0000000,00,3,3,3,f5dd0e13329845ec,0,0,3,35eb121df341d558,0,1,e8ca14b82f8f5f47,2b53168cedf9d1c9,8ee1be11484b7954,1,0
2560,2560,0,0000000,00,3,3,3,5c6facbb9b2ac8b9,0,0,3,35eb121df341d558,0,1,7b568346bc13d212,2b53168cedf9d1c9,8ee1be11484b7954,1,0
2561,2561,0,0000000,00,3,3,3,d2e421ee15a16a11,0,0,3,35eb121df341d558,0,1,f5dd0e13329845ec,2b53168cedf9d1c9,8ee1be11484b7954,1,0
2562,2562,0,00003e0,03,2,2,3,4178b610863de744,0,0,2,35eb121df341d558,3,1,5c6facbb9b2ac8b9,2b53168cedf9d1c9,8ee1be11484b7954,1,0
2563,2563,0,00003e4,03,2,2,3,cff33b4508b670ba,0,0,2,b8be9c967e145bd3,3,1,d2e421ee15a16a11,2b53168cedf9d1c9,8ee1be11484b7954,1,0
2564,2564,0,00003e8,03,2,2,3,121df341d558fdef,0,0,2,2f400f0ae9eac84f,3,1,4178b610863de744,2b53168cedf9d1c9,8ee1be11484b7954,1,0
2565,2565,0,00003ec,03,2,2,3,0000000000000008,0,0,2,a215818164bf46c4,3,1,cff33b4508b670ba,2b53168cedf9d1c9,8ee1be11484b7954,1,0
2566,2566,0,00003f0,03,2,2,3,0000000000000000,0,0,2,00bd2833c617ef76,3,1,121df341d558fdef,2b53168cedf9d1c9,8ee1be11484b7954,1,0
2567,2567,0,00003f4,03,2,2,3,1210000000000000,0,0,2,8de8a6b84b4261fd,3,1,0000000000000008,2b53168cedf9d1c9,8ee1be11484b7954,1,0
2568,2568,0,00003f8,03,2,2,3,121df341d55835eb,0,0,2,1a163524dcbcf261,3,1,0000000000000000,2b53168cedf9d1c9,8ee1be11484b7954,1,0
2569,2569,0,00003fc,03,2,2,3,9c967e145bd335eb,0,0,2,9743bbaf51e97cea,3,1,1210000000000000,2b53168cedf9d1c9,8ee1be11484b7954,1,0
2570,2570,0,0000000,00,3,3,3,0f0ae9eac84fb8be,0,0,3,8a1f8ef94cb549bc,0,1,121df341d55835eb,2b53168cedf9d1c9,8ee1be11484b7954,1,0
2571,2571,0,0000000,00,3,3,3,818164bf46c42f40,0,0,3,8a1f8ef94cb549bc,0,1,9c967e145bd335eb,2b53168cedf9d1c9,8ee1be11484b7954,1,0
2572,2572,0,0000000,00,3,3,3,2833c617ef76a215,0,0,3,77a30a0fb109cd4a,0,1,0f0ae9eac84fb8be,2b53168cedf9d1c9,8ee1be11484b7954,1,0
2573,2573,0,0000000,00,3,3,3,a6b84b4261fd00bd,0,0,3,77a30a0fb109cd4a,0,1,818164bf46c42f40,2b53168cedf9d1c9,8ee1be11484b7954,1,0
2574,2574,0,0000003,04,3,2,2,3524dcbcf2618de8,0,0,3,77a30a0fb109cd4a,0,1,2833c617ef76a215,2b53168cedf9d1c9,8ee1be11484b7954,1,0
2575,2575,0,0000000,00,3,3,3,bbaf51e97cea1a16,0,0,3,77a30a0fb109cd4a,0,1,a6b84b4261fd00bd,2b53168cedf9d1c9,8ee1be11484b7954,1,0
2576,2576,0,0000000,00,3,3,3,8ef94cb549bc9743,0,0,3,77a30a0fb109cd4a,0,1,3524dcbcf2618de8,2b53168cedf9d1c9,8ee1be11484b7954,1,0
2577,2577,0,0000000,00,3,3,3,0000000000000000,0,0,3,77a30a0fb109cd4a,0,1,bbaf51e97cea1a16,2b53168cedf9d1c9,8ee1be11484b7954,1,0
2578,2578,0,00002d0,01,2,2,3,0000000000000000,0,0,3,77a30a0fb109cd4a,0,1,8ef94cb549bc9743,2b53168cedf9d1c9,8ee1be11484b7954,1,0
2579,2579,0,00002d4,01,2,2,3,0000000000000000,3,0,3,77a30a0fb109cd4a,0,1,0000000000000000,2b53168cedf9d1c9,8ee1be11484b7954,1,0
2580,2580,0,00002d8,01,2,2,3,0000000000000000,3,0,3,77a30a0fb109cd4a,0,1,0000000000000000,2b53168cedf9d1c9,8ee1be11484b7954,1,0
2581,2581,0,0000000,00,3,3,3,0000000000000000,3,0,3,77a30a0fb109cd4a,0,1,0000000000000000,2b53168cedf9d1c9,8ee1be11484b7954,1,0
2582,2582,0,0000000,00,3,3,3,0000000000000000,0,0,3,77a30a0fb109cd4a,0,1,0000000000000000,2b53168cedf9d1c9,8ee1be11484b7954,1,0
2583,2583,0,0000000,00,3,3,3,0000000000000000,0,0,3,77a30a0fb109cd4a,0,1,0000000000000000,2b53168cedf9d1c9,8ee1be11484b7954,1,0
2584,2584,0,0000000,00,3,3,3,0000000000000000,0,0,3,77a30a0fb109cd4a,0,1,0000000000000000,2b53168cedf9d1c9,8ee1be11484b7954,1,0
2585,2585,0,0000000,00,3,3,3,5bb956a99d1391ec,0,0,3,77a30a0fb109cd4a,0,1,0000000000000000,2b53168cedf9d1c9,8ee1be11484b7954,1,0
2586,2586,0,0000000,00,3,3,3,d6ecd82210461f67,0,0,3,77a30a0fb109cd4a,0,1,0000000000000000,2b53168cedf9d1c9,8ee1be11484b7954,1,0
2587,2587,0,0000000,00,3,3,3,41124bbe87b88cfb,0,3,3,77a30a0fb109cd4a,0,1,5bb956a99d1391ec,2b53168cedf9d1c9,8ee1be11484b7954,1,0
2588,2588,0,0000000,00,3,3,3,0000000000004112,0,3,3,77a30a0fb109cd4a,0,1,d6ecd82210461f67,2b53168cedf9d1c9,8ee1be11484b7954,1,0
2589,2589,0,0000000,00,3,3,3,0000000000000000,0,3,3,77a30a0fb109cd4a,0,1,41124bbe87b88cfb,2b53168cedf9d1c9,8ee1be11484b7954,1,0
2590,2590,0,0000000,00,3,3,3,0000000000000000,0,0,3,77a30a0fb109cd4a,0,1,0000000000004112,2b53168cedf9d1c9,8ee1be11484b7954,1,0
2591,2591,0,0000000,00,3,3,3,0000000000000000,0,0,3,77a30a0fb109cd4a,0,1,0000000000000000,2b53168cedf9d1c9,8ee1be11484b7954,1,0
2592,2592,0,0000000,00,3,3,3,0000000000000000,0,0,3,77a30a0fb109cd4a,0,1,0000000000000000,2b53168cedf9d1c9,8ee1be11484b7954,1,0
2593,2593,0,0000000,00,3,3,3,0000000000000000,0,0,3,77a30a0fb109cd4a,0,1,0000000000000000,2b53168cedf9d1c9,8ee1be11484b7954,1,0
2594,2594,0,0000000,00,3,3,3,0000000000000000,0,0,3,77a30a0fb109cd4a,0,1,0000000000000000,2b53168cedf9d1c9,8ee1be11484b7954,1,0
2595,2595,0,0000000,00,3,3,3,0000000000000000,0,0,3,77a30a0fb109cd4a,0,1,0000000000000000,2b53168cedf9d1c9,8ee1be11484b7954,1,0
2596,2596,0,0000000,00,3,3,3,0000000000000000,0,0,3,77a30a0fb109cd4a,0,1,0000000000000000,2b53168cedf9d1c9,8ee1be11484b7954,1,0
2597,2597,0,0000000,00,3,3,3,0000000000000000,0,0,3,77a30a0fb109cd4a,0,1,0000000000000000,2b53168cedf9d1c9,8ee1be11484b7954,1,0
2598,2598,0,0000000,00,3,3,3,0000000000000000,0,0,3,77a30a0fb109cd4a,0,1,0000000000000000,2b53168cedf9d1c9,8ee1be11484b7954,1,0
2599,2599,0,0000000,00,3,3,3,0000000000000000,0,0,3,77a30a0fb109cd4a,0,1,0000000000000000,5bb956a99d1391ec,5bb956a99d1391ec,0,1
2600,2600,0,0000000,04,2,2,3,0000000000000000,0,0,2,77a30a0fb109cd4a,3,1,0000000000000000,d6ecd82210461f67,d6ecd82210461f67,0,1
2601,2601,0,0000000,00,3,3,3,0000000000000000,0,0,3,074a0072c1e0c737,0,1,0000000000000000,41124bbe87b88cfb,41124bbe87b88cfb,0,1
2602,2602,0,0000000,00,3,3,3,0000000000000000,0,0,3,074a0072c1e0c737,0,1,0000000000000000,ffffffffffffffff,191f2d8ddfb5eac8,1,0
2603,2603,0,0000000,00,3,3,3,0000000000000000,0,0,3,074a0072c1e0c737,0,1,0000000000000000,ffffffffffffffff,191f2d8ddfb5eac8,1,0
2604,2604,0,00002e0,01,2,2,3,0000000000000000,0,0,3,074a0072c1e0c737,0,1,0000000000000000,ffffffffffffffff,191f2d8ddfb5eac8,1,0
2605,2605,0,00002e4,01,2,2,3,0a00000000000000,3,0,3,074a0072c1e0c737,0,1,0000000000000000,ffffffffffffffff,191f2d8ddfb5eac8,1,0
2606,2606,0,00002dc,01,2,2,3,0a0fb109cd4a77a3,3,0,3,074a0072c1e0c737,0,1,0000000000000000,ffffffffffffffff,191f2d8ddfb5eac8,1,0
2607,2607,0,00002e8,01,2,2,3,0072c1e0c73777a3,3,0,3,074a0072c1e0c737,0,1,0a00000000000000,ffffffffffffffff,191f2d8ddfb5eac8,1,0
2608,2608,0,00002ec,01,2,2,3,0000000000000000,3,0,3,074a0072c1e0c737,0,1,0a0fb109cd4a77a3,ffffffffffffffff,191f2d8ddfb5eac8,1,0
2609,2609,0,00002f0,01,2,2,3,0000000000000000,3,0,3,074a0072c1e0c737,0,1,0072c1e0c73777a3,ffffffffffffffff,191f2d8ddfb5eac8,1,0
2610,2610,0,00002f4,01,2,2,3,0000000000000000,3,0,3,074a0072c1e0c737,0,1,0000000000000000,ffffffffffffffff,191f2d8ddfb5eac8,1,0
2611,2611,0,00002f8,01,2,2,3,044318dbc2e9df9e,3,0,3,074a0072c1e0c737,0,1,0000000000000000,ffffffffffffffff,191f2d8ddfb5eac8,1,0
2612,2612,0,00002fc,01,2,2,3,891696504fbc5115,3,0,3,074a0072c1e0c737,0,1,0000000000000000,ffffffffffffffff,191f2d8ddfb5eac8,1,0
2613,2613,0,0000300,01,2,2,3,cc47c5350aed0270,3,3,3,074a0072c1e0c737,0,1,044318dbc2e9df9e,ffffffffffffffff,191f2d8ddfb5eac8,1,0
2614,2614,0,0000304,01,2,2,3,1ee805ccd842c289,3,3,3,074a0072c1e0c737,0,1,891696504fbc5115,ffffffffffffffff,191f2d8ddfb5eac8,1,0
2615,2615,0,0000308,01,2,2,3,93bd8b4755174c02,3,3,3,074a0072c1e0c737,0,1,cc47c5350aed0270,ffffffffffffffff,191f2d8ddfb5eac8,1,0
2616,2616,0,000030c,01,2,2,3,311522f5f7bfe5b0,3,3,3,074a0072c1e0c737,0,1,1ee805ccd842c289,ffffffffffffffff,191f2d8ddfb5eac8,1,0
2617,2617,0,0000310,01,2,2,3,bc40ac7e7aea6b3b,3,3,3,074a0072c1e0c737,0,1,93bd8b4755174c02,ffffffffffffffff,191f2d8ddfb5eac8,1,0
2618,2618,0,0000314,01,2,2,3,2bbe3fe2ed14f8a7,3,3,3,074a0072c1e0c737,0,1,311522f5f7bfe5b0,ffffffffffffffff,191f2d8ddfb5eac8,1,0
2619,2619,0,0000318,01,2,2,3,a6ebb1696041762c,3,3,3,074a0072c1e0c737,0,1,bc40ac7e7aea6b3b,ffffffffffffffff,191f2d8ddfb5eac8,1,0
2620,2620,0,000031c,01,2,2,3,4465f7ad82cf30e8,3,3,3,074a0072c1e0c737,0,1,2bbe3fe2ed14f8a7,ffffffffffffffff,191f2d8ddfb5eac8,1,0
2621,2621,0,0000320,01,2,2,3,c93079260f9abe63,3,3,3,074a0072c1e0c737,0,1,a6ebb1696041762c,ffffffffffffffff,191f2d8ddfb5eac8,1,0
2622,2622,0,0000324,01,2,2,3,5eceeaba98642dff,3,3,3,074a0072c1e0c737,0,1,4465f7ad82cf30e8,ffffffffffffffff,191f2d8ddfb5eac8,1,0
2623,2623,0,0000328,01,2,2,3,d39b64311531a374,3,3,3,074a0072c1e0c737,0,1,c93079260f9abe63,ffffffffffffffff,191f2d8ddfb5eac8,1,0
2624,2624,0,000032c,01,2,2,3,7133cd83b7990ac6,3,3,3,074a0072c1e0c737,0,1,5eceeaba98642dff,ffffffffffffffff,191f2d8ddfb5eac8,1,0
2625,2625,0,0000330,01,2,2,3,fc6643083acc844d,3,3,3,074a0072c1e0c737,0,1,d39b64311531a374,ffffffffffffffff,191f2d8ddfb5eac8,1,0
2626,2626,0,0000334,01,2,2,3,6b98d094ad3217d1,3,3,3,074a0072c1e0c737,0,1,7133cd83b7990ac6,ffffffffffffffff,191f2d8ddfb5eac8,1,0
2627,2627,0,0000338,01,2,2,3,e6cd5e1f2067995a,3,3,3,074a0072c1e0c737,0,1,fc6643083acc844d,cc47c5350aed0270,cc47c5350aed0270,0,1
2628,2628,0,000033c,01,2,2,3,2ec983f1e86344b4,3,3,3,074a0072c1e0c737,0,1,6b98d094ad3217d1,2b53168cedf9d1c9,d11bf06317b13726,1,0
2629,2629,0,0000340,01,2,2,3,a39c0d7a6536ca3f,3,3,3,074a0072c1e0c737,0,1,e6cd5e1f2067995a,2b53168cedf9d1c9,d11bf06317b13726,1,0
2630,2630,0,0000344,01,2,2,3,34629ee6f2c859a3,3,3,3,074a0072c1e0c737,0,1,2ec983f1e86344b4,2b53168cedf9d1c9,d11bf06317b13726,1,0
2631,2631,0,0000348,01,2,2,3,b937106d7f9dd728,3,3,3,074a0072c1e0c737,0,1,a39c0d7a6536ca3f,2b53168cedf9d1c9,d11bf06317b13726,1,0
2632,2632,0,000034c,01,2,2,3,1b9fb9dfdd357e9a,3,3,3,074a0072c1e0c737,0,1,34629ee6f2c859a3,044318dbc2e9df9e,044318dbc2e9df9e,0,1
2633,2633,0,0000350,01,2,2,3,96ca37545060f011,3,3,3,074a0072c1e0c737,0,1,b937106d7f9dd728,891696504fbc5115,891696504fbc5115,0,1
2634,2634,0,0000354,01,2,2,3,0134a4c8c79e638d,3,3,3,074a0072c1e0c737,0,1,1b9fb9dfdd357e9a,1ee805ccd842c289,1ee805ccd842c289,0,1
2635,2635,0,0000358,01,2,2,3,8c612a434acbed06,3,3,3,074a0072c1e0c737,0,1,96ca37545060f011,93bd8b4755174c02,93bd8b4755174c02,0,1
2636,2636,0,000035c,01,2,2,3,913d1f155797d850,3,3,3,074a0072c1e0c737,0,1,0134a4c8c79e638d,311522f5f7bfe5b0,311522f5f7bfe5b0,0,1
2637,2637,0,0000360,01,2,2,3,1c68919edac256db,3,3,3,074a0072c1e0c737,0,1,8c612a434acbed06,bc40ac7e7aea6b3b,bc40ac7e7aea6b3b,0,1
2638,2638,0,0000364,01,2,2,3,8b9602024d3cc547,3,3,3,074a0072c1e0c737,0,1,913d1f155797d850,2bbe3fe2ed14f8a7,2bbe3fe2ed14f8a7,0,1
2639,2639,0,0000368,01,2,2,3,06c38c89c0694bcc,3,3,3,074a0072c1e0c737,0,1,1c68919edac256db,a6ebb1696041762c,a6ebb1696041762c,0,1
2640,2640,0,000036c,01,2,2,3,a46b253b62c1e27e,3,3,3,074a0072c1e0c737,0,1,8b9602024d3cc547,2b53168cedf9d1c9,6eef6c87a845abc2,1,0
2641,2641,0,0000370,01,2,2,3,293eabb0ef946cf5,3,3,3,074a0072c1e0c737,0,1,06c38c89c0694bcc,2b53168cedf9d1c9,6eef6c87a845abc2,1,0
2642,2642,0,0000374,01,2,2,3,bec0382c786aff69,3,3,3,074a0072c1e0c737,0,1,a46b253b62c1e27e,2b53168cedf9d1c9,6eef6c87a845abc2,1,0
2643,2643,0,0000378,01,2,2,3,3395b6a7f53f71e2,3,3,3,074a0072c1e0c737,0,1,293eabb0ef946cf5,2b53168cedf9d1c9,6eef6c87a845abc2,1,0
2644,2644,0,000037c,01,2,2,3,fb916b493d3bac0c,3,3,3,074a0072c1e0c737,0,1,bec0382c786aff69,4465f7ad82cf30e8,4465f7ad82cf30e8,0,1
2645,2645,0,0000380,01,2,2,3,76c4e5c2b06e2287,3,3,3,074a0072c1e0c737,0,1,3395b6a7f53f71e2,c93079260f9abe63,c93079260f9abe63,0,1
2646,2646,0,0000384,01,2,2,3,e13a765e2790b11b,3,3,3,074a0072c1e0c737,0,1,fb916b493d3bac0c,5eceeaba98642dff,5eceeaba98642dff,0,1
2647,2647,0,0000388,01,2,2,3,6c6ff8d5aac53f90,3,3,3,074a0072c1e0c737,0,1,76c4e5c2b06e2287,d39b64311531a374,d39b64311531a374,0,1
2648,2648,0,000038c,01,2,2,3,cec75167086d9622,3,3,3,074a0072c1e0c737,0,1,e13a765e2790b11b,7133cd83b7990ac6,7133cd83b7990ac6,0,1
2649,2649,0,0000390,01,2,2,3,4392dfec853818a9,3,3,3,074a0072c1e0c737,0,1,6c6ff8d5aac53f90,fc6643083acc844d,fc6643083acc844d,0,1
2650,2650,0,0000394,01,2,2,3,d46c4c7012c68b35,3,3,3,074a0072c1e0c737,0,1,cec75167086d9622,6b98d094ad3217d1,6b98d094ad3217d1,0,1
2651,2651,0,0000398,01,2,2,3,5939c2fb9f9305be,3,3,3,074a0072c1e0c737,0,1,4392dfec853818a9,e6cd5e1f2067995a,e6cd5e1f2067995a,0,1
2652,2652,0,000039c,01,2,2,3,eed426dc287ee199,3,3,3,074a0072c1e0c737,0,1,d46c4c7012c68b35,044318dbc2e9df9e,044318dbc2e9df9e,0,0
2653,2653,0,00003a0,01,2,2,3,6381a857a52b6f12,3,3,3,074a0072c1e0c737,0,1,5939c2fb9f9305be,044318dbc2e9df9e,044318dbc2e9df9e,0,0
2654,2654,0,00003a4,01,2,2,3,f47f3bcb32d5fc8e,3,3,3,074a0072c1e0c737,0,1,eed426dc287ee199,044318dbc2e9df9e,044318dbc2e9df9e,0,0
2655,2655,0,00003a8,01,2,2,3,792ab540bf807205,3,3,3,074a0072c1e0c737,0,1,6381a857a52b6f12,044318dbc2e9df9e,044318dbc2e9df9e,0,0
2656,2656,0,00003ac,01,2,2,3,db821cf21d28dbb7,3,3,3,074a0072c1e0c737,0,1,f47f3bcb32d5fc8e,2ec983f1e86344b4,2ec983f1e86344b4,0,1
2657,2657,0,00003b0,01,2,2,3,56d79279907d553c,3,3,3,074a0072c1e0c737,0,1,792ab540bf807205,a39c0d7a6536ca3f,a39c0d7a6536ca3f,0,1
2658,2658,0,00003b4,01,2,2,3,c12901e50783c6a0,3,3,3,074a0072c1e0c737,0,1,db821cf21d28dbb7,34629ee6f2c859a3,34629ee6f2c859a3,0,1
2659,2659,0,00003b8,01,2,2,3,4c7c8f6e8ad6482b,3,3,3,074a0072c1e0c737,0,1,56d79279907d553c,b937106d7f9dd728,b937106d7f9dd728,0,1
2660,2660,0,00003bc,01,2,2,3,8478528042d295c5,3,3,3,074a0072c1e0c737,0,1,c12901e50783c6a0,1b9fb9dfdd357e9a,1b9fb9dfdd357e9a,0,1
2661,2661,0,00003c0,01,2,2,3,092ddc0bcf871b4e,3,3,3,074a0072c1e0c737,0,1,4c7c8f6e8ad6482b,96ca37545060f011,96ca37545060f011,0,1
2662,2662,0,00003c4,01,2,2,3,9ed34f97587988d2,3,3,3,074a0072c1e0c737,0,1,8478528042d295c5,0134a4c8c79e638d,0134a4c8c79e638d,0,1
2663,2663,0,00003c8,01,2,2,3,1386c11cd52c0659,3,3,3,074a0072c1e0c737,0,1,092ddc0bcf871b4e,8c612a434acbed06,8c612a434acbed06,0,1
2664,2664,0,00003cc,01,2,2,3,b12e68ae7784afeb,3,3,3,074a0072c1e0c737,0,1,9ed34f97587988d2,4465f7ad82cf30e8,4465f7ad82cf30e8,0,0
2665,2665,0,00003d0,01,2,2,3,3c7be625fad12160,3,3,3,074a0072c1e0c737,0,1,1386c11cd52c0659,4465f7ad82cf30e8,4465f7ad82cf30e8,0,0
2666,2666,0,00003d4,01,2,2,3,ab8575b96d2fb2fc,3,3,3,074a0072c1e0c737,0,1,b12e68ae7784afeb,4465f7ad82cf30e8,4465f7ad82cf30e8,0,0
2667,2667,0,00003d8,01,2,2,3,26d0fb32e07a3c77,3,3,3,074a0072c1e0c737,0,1,3c7be625fad12160,4465f7ad82cf30e8,4465f7ad82cf30e8,0,0
2668,2668,0,00003dc,01,2,2,3,3b8cce64fd260921,3,3,3,074a0072c1e0c737,0,1,ab8575b96d2fb2fc,913d1f155797d850,913d1f155797d850,0,1
2669,2669,0,00003e0,01,2,2,3,b6d940ef707387aa,3,3,3,074a0072c1e0c737,0,1,26d0fb32e07a3c77,1c68919edac256db,1c68919edac256db,0,1
2670,2670,0,00003e4,01,2,2,3,2127d373e78d1436,3,3,3,074a0072c1e0c737,0,1,3b8cce64fd260921,8b9602024d3cc547,8b9602024d3cc547,0,1
2671,2671,0,00003e8,01,2,2,3,ac725df86ad89abd,3,3,3,074a0072c1e0c737,0,1,b6d940ef707387aa,06c38c89c0694bcc,06c38c89c0694bcc,0,1
2672,2672,0,00003ec,01,2,2,3,0edaf44ac870330f,3,3,3,074a0072c1e0c737,0,1,2127d373e78d1436,a46b253b62c1e27e,a46b253b62c1e27e,0,1
2673,2673,0,00003f0,01,2,2,3,838f7ac14525bd84,3,3,3,074a0072c1e0c737,0,1,ac725df86ad89abd,293eabb0ef946cf5,293eabb0ef946cf5,0,1
2674,2674,0,00003f4,01,2,2,3,1471e95dd2db2e18,3,3,3,074a0072c1e0c737,0,1,0edaf44ac870330f,bec0382c786aff69,bec0382c786aff69,0,1
2675,2675,0,00003f8,01,2,2,3,992467d65f8ea093,3,3,3,074a0072c1e0c737,0,1,838f7ac14525bd84,3395b6a7f53f71e2,3395b6a7f53f71e2,0,1
2676,2676,0,00003fc,01,2,2,3,5120ba38978a7d7d,3,3,3,074a0072c1e0c737,0,1,1471e95dd2db2e18,2ec983f1e86344b4,2ec983f1e86344b4,0,0
2677,2677,0,000000a,02,3,2,2,dc7534b31adff3f6,3,3,3,074a0072c1e0c737,0,1,992467d65f8ea093,2ec983f1e86344b4,2ec983f1e86344b4,0,0
2678,2678,0,0000000,02,2,2,3,4b8ba72f8d21606a,0,3,3,074a0072c1e0c737,0,1,5120ba38978a7d7d,2ec983f1e86344b4,2ec983f1e86344b4,0,0
2679,2679,0,0000004,02,2,2,3,c6de29a40074eee1,3,3,3,074a0072c1e0c737,0,1,dc7534b31adff3f6,2ec983f1e86344b4,2ec983f1e86344b4,0,0
2680,2680,0,0000008,02,2,2,3,64768016a2dc4753,3,3,3,074a0072c1e0c737,0,1,4b8ba72f8d21606a,fb916b493d3bac0c,fb916b493d3bac0c,0,1
2681,2681,0,000000c,02,2,2,3,e9230e9d2f89c9d8,3,3,3,074a0072c1e0c737,0,1,c6de29a40074eee1,76c4e5c2b06e2287,76c4e5c2b06e2287,0,1
2682,2682,0,0000010,02,2,2,3,7edd9d01b8775a44,3,3,3,074a0072c1e0c737,0,1,64768016a2dc4753,e13a765e2790b11b,e13a765e2790b11b,0,1
2683,2683,0,0000014,02,2,2,3,f388138a3522d4cf,3,3,3,074a0072c1e0c737,0,1,e9230e9d2f89c9d8,6c6ff8d5aac53f90,6c6ff8d5aac53f90,0,1
2684,2684,0,0000018,02,2,2,3,000000000000f388,3,3,3,074a0072c1e0c737,0,1,7edd9d01b8775a44,cec75167086d9622,cec75167086d9622,0,1
2685,2685,0,000001c,02,2,2,3,45528c1f83f84b5a,3,3,3,074a0072c1e0c737,0,1,f388138a3522d4cf,4392dfec853818a9,4392dfec853818a9,0,1
2686,2686,0,0000020,02,2,2,3,c80702940eadc5d1,3,0,3,074a0072c1e0c737,0,1,000000000000f388,d46c4c7012c68b35,d46c4c7012c68b35,0,1
2687,2687,0,0000024,02,2,2,3,5ff991089953564d,3,3,3,074a0072c1e0c737,0,1,45528c1f83f84b5a,5939c2fb9f9305be,5939c2fb9f9305be,0,1
2688,2688,0,0000028,02,2,2,3,d2ac1f831406d8c6,3,3,3,074a0072c1e0c737,0,1,c80702940eadc5d1,913d1f155797d850,913d1f155797d850,0,0
2689,2689,0,000002c,02,2,2,3,7004b631b6ae7174,3,3,3,074a0072c1e0c737,0,1,5ff991089953564d,913d1f155797d850,913d1f155797d850,0,0
2690,2690,0,0000030,02,2,2,3,fd5138ba3bfbffff,3,3,3,074a0072c1e0c737,0,1,d2ac1f831406d8c6,913d1f155797d850,913d1f155797d850,0,0
2691,2691,0,0000034,02,2,2,3,6aafab26ac056c63,3,3,3,074a0072c1e0c737,0,1,7004b631b6ae7174,913d1f155797d850,913d1f155797d850,0,0
2692,2692,0,0000038,02,2,2,3,e7fa25ad2150e2e8,3,3,3,074a0072c1e0c737,0,1,fd5138ba3bfbffff,eed426dc287ee199,eed426dc287ee199,0,1
2693,2693,0,000003c,02,2,2,3,2ffef843e9543f06,3,3,3,074a0072c1e0c737,0,1,6aafab26ac056c63,6381a857a52b6f12,6381a857a52b6f12,0,1
2694,2694,0,0000040,02,2,2,3,a2ab76c86401b18d,3,3,3,074a0072c1e0c737,0,1,e7fa25ad2150e2e8,f47f3bcb32d5fc8e,f47f3bcb32d5fc8e,0,1
2695,2695,0,0000044,02,2,2,3,3555e554f3ff2211,3,3,3,074a0072c1e0c737,0,1,2ffef843e9543f06,792ab540bf807205,792ab540bf807205,0,1
2696,2696,0,0000048,02,2,2,3,b8006bdf7eaaac9a,3,3,3,074a0072c1e0c737,0,1,a2ab76c86401b18d,db821cf21d28dbb7,db821cf21d28dbb7,0,1
2697,2697,0,000004c,02,2,2,3,1aa8c26ddc020528,3,3,3,074a0072c1e0c737,0,1,3555e554f3ff2211,56d79279907d553c,56d79279907d553c,0,1
2698,2698,0,0000050,02,2,2,3,97fd4ce651578ba3,3,3,3,074a0072c1e0c737,0,1,b8006bdf7eaaac9a,c12901e50783c6a0,c12901e50783c6a0,0,1
2699,2699,0,0000054,02,2,2,3,0003df7ac6a9183f,3,3,3,074a0072c1e0c737,0,1,1aa8c26ddc020528,4c7c8f6e8ad6482b,4c7c8f6e8ad6482b,0,1
2700,2700,0,0000058,02,2,2,3,8d5651f14bfc96b4,3,3,3,074a0072c1e0c737,0,1,97fd4ce651578ba3,fb916b493d3bac0c,fb916b493d3bac0c,0,0
2701,2701,0,000005c,02,2,2,3,900a64a756a0a3e2,3,3,3,074a0072c1e0c737,0,1,0003df7ac6a9183f,fb916b493d3bac0c,fb916b493d3bac0c,0,0
2702,2702,0,0000060,02,2,2,3,1d5fea2cdbf52d69,3,3,3,074a0072c1e0c737,0,1,8d5651f14bfc96b4,fb916b493d3bac0c,fb916b493d3bac0c,0,0
2703,2703,0,0000064,02,2,2,3,8aa179b04c0bbef5,3,3,3,074a0072c1e0c737,0,1,900a64a756a0a3e2,fb916b493d3bac0c,fb916b493d3bac0c,0,0
2704,2704,0,0000068,02,2,2,3,07f4f73bc15e307e,3,3,3,074a0072c1e0c737,0,1,1d5fea2cdbf52d69,8478528042d295c5,8478528042d295c5,0,1
2705,2705,0,000006c,02,2,2,3,a55c5e8963f699cc,3,3,3,074a0072c1e0c737,0,1,8aa179b04c0bbef5,092ddc0bcf871b4e,092ddc0bcf871b4e,0,1
2706,2706,0,0000070,02,2,2,3,2809d002eea31747,3,3,3,074a0072c1e0c737,0,1,07f4f73bc15e307e,9ed34f97587988d2,9ed34f97587988d2,0,1
2707,2707,0,0000074,02,2,2,3,bff7439e795d84db,3,3,3,074a0072c1e0c737,0,1,a55c5e8963f699cc,1386c11cd52c0659,1386c11cd52c0659,0,1
2708,2708,0,0000078,02,2,2,3,32a2cd15f4080a50,3,3,3,074a0072c1e0c737,0,1,2809d002eea31747,b12e68ae7784afeb,b12e68ae7784afeb,0,1
2709,2709,0,000007c,02,2,2,3,faa610fb3c0cd7be,3,3,3,074a0072c1e0c737,0,1,bff7439e795d84db,3c7be625fad12160,3c7be625fad12160,0,1
2710,2710,0,0000080,02,2,2,3,77f39e70b1595935,3,3,3,074a0072c1e0c737,0,1,32a2cd15f4080a50,ab8575b96d2fb2fc,ab8575b96d2fb2fc,0,1
2711,2711,0,0000084,02,2,2,3,e00d0dec26a7caa9,3,3,3,074a0072c1e0c737,0,1,faa610fb3c0cd7be,26d0fb32e07a3c77,26d0fb32e07a3c77,0,1
2712,2712,0,0000088,02,2,2,3,6d588367abf24422,3,3,3,074a0072c1e0c737,0,1,77f39e70b1595935,eed426dc287ee199,eed426dc287ee199,0,0
2713,2713,0,000008c,02,2,2,3,cff02ad5095aed90,3,3,3,074a0072c1e0c737,0,1,e00d0dec26a7caa9,eed426dc287ee199,eed426dc287ee199,0,0
2714,2714,0,0000090,02,2,2,3,42a5a45e840f631b,3,3,3,074a0072c1e0c737,0,1,6d588367abf24422,eed426dc287ee199,eed426dc287ee199,0,0
2715,2715,0,0000094,02,2,2,3,d55b37c213f1f087,3,3,3,074a0072c1e0c737,0,1,cff02ad5095aed90,eed426dc287ee199,eed426dc287ee199,0,0
2716,2716,0,0000098,02,2,2,3,580eb9499ea47e0c,3,3,3,074a0072c1e0c737,0,1,42a5a45e840f631b,3b8cce64fd260921,3b8cce64fd260921,0,1
2717,2717,0,000009c,02,2,2,3,efe35d6e29499a2b,3,3,3,074a0072c1e0c737,0,1,d55b37c213f1f087,b6d940ef707387aa,b6d940ef707387aa,0,1
2718,2718,0,00000a0,02,2,2,3,62b6d3e5a41c14a0,3,3,3,074a0072c1e0c737,0,1,580eb9499ea47e0c,2127d373e78d1436,2127d373e78d1436,0,1
2719,2719,0,00000a4,02,2,2,3,f548407933e2873c,3,3,3,074a0072c1e0c737,0,1,efe35d6e29499a2b,ac725df86ad89abd,ac725df86ad89abd,0,1
2720,2720,0,00000a8,02,2,2,3,781dcef2beb709b7,3,3,3,074a0072c1e0c737,0,1,62b6d3e5a41c14a0,0edaf44ac870330f,0edaf44ac870330f,0,1
2721,2721,0,00000ac,02,2,2,3,dab567401c1fa005,3,3,3,074a0072c1e0c737,0,1,f548407933e2873c,838f7ac14525bd84,838f7ac14525bd84,0,1
2722,2722,0,00000b0,02,2,2,3,57e0e9cb914a2e8e,3,3,3,074a0072c1e0c737,0,1,781dcef2beb709b7,1471e95dd2db2e18,1471e95dd2db2e18,0,1
2723,2723,0,00000b4,02,2,2,3,c01e7a5706b4bd12,3,3,3,074a0072c1e0c737,0,1,dab567401c1fa005,992467d65f8ea093,992467d65f8ea093,0,1
2724,2724,0,00000b8,02,2,2,3,4d4bf4dc8be13399,3,3,3,074a0072c1e0c737,0,1,57e0e9cb914a2e8e,8478528042d295c5,8478528042d295c5,0,0
2725,2725,0,00000bc,02,2,2,3,854f293243e5ee77,3,3,3,074a0072c1e0c737,0,1,c01e7a5706b4bd12,8478528042d295c5,8478528042d295c5,0,0
2726,2726,0,00000c0,02,2,2,3,081aa7b9ceb060fc,3,3,3,074a0072c1e0c737,0,1,4d4bf4dc8be13399,8478528042d295c5,8478528042d295c5,0,0
2727,2727,0,00000c4,02,2,2,3,9fe43425594ef360,3,3,3,074a0072c1e0c737,0,1,854f293243e5ee77,8478528042d295c5,8478528042d295c5,0,0
2728,2728,0,00000c8,02,2,2,3,12b1baaed41b7deb,3,3,3,074a0072c1e0c737,0,1,081aa7b9ceb060fc,5120ba38978a7d7d,5120ba38978a7d7d,0,1
2729,2729,0,00000cc,02,2,2,3,b019131c76b3d459,3,3,3,074a0072c1e0c737,0,1,9fe43425594ef360,dc7534b31adff3f6,dc7534b31adff3f6,0,1
2730,2730,0,00000d0,02,2,2,3,3d4c9d97fbe65ad2,3,3,3,074a0072c1e0c737,0,1,12b1baaed41b7deb,4b8ba72f8d21606a,4b8ba72f8d21606a,0,1
2731,2731,0,00000d4,02,2,2,3,aab20e0b6c18c94e,3,3,3,074a0072c1e0c737,0,1,b019131c76b3d459,c6de29a40074eee1,c6de29a40074eee1,0,1
2732,2732,0,00000d8,02,2,2,3,27e78080e14d47c5,3,3,3,074a0072c1e0c737,0,1,3d4c9d97fbe65ad2,64768016a2dc4753,64768016a2dc4753,0,1
2733,2733,0,00000dc,02,2,2,3,3abbb5d6fc117293,3,3,3,074a0072c1e0c737,0,1,aab20e0b6c18c94e,e9230e9d2f89c9d8,e9230e9d2f89c9d8,0,1
2734,2734,0,00000e0,02,2,2,3,b7ee3b5d7144fc18,3,3,3,074a0072c1e0c737,0,1,27e78080e14d47c5,7edd9d01b8775a44,7edd9d01b8775a44,0,1
2735,2735,0,00000e4,02,2,2,3,2010a8c1e6ba6f84,3,3,3,074a0072c1e0c737,0,1,3abbb5d6fc117293,f388138a3522d4cf,f388138a3522d4cf,0,1
2736,2736,0,00000e8,02,2,2,3,ad45264a6befe10f,3,3,3,074a0072c1e0c737,0,1,b7ee3b5d7144fc18,3b8cce64fd260921,3b8cce64fd260921,0,0
2737,2737,0,00000ec,02,2,2,3,0fed8ff8c94748bd,3,3,3,074a0072c1e0c737,0,1,2010a8c1e6ba6f84,3b8cce64fd260921,3b8cce64fd260921,0,0
2738,2738,0,00000f0,02,2,2,3,82b801734412c636,3,3,3,074a0072c1e0c737,0,1,ad45264a6befe10f,3b8cce64fd260921,3b8cce64fd260921,0,0
2739,2739,0,00000f4,02,2,2,3,154692efd3ec55aa,3,3,3,074a0072c1e0c737,0,1,0fed8ff8c94748bd,3b8cce64fd260921,3b8cce64fd260921,0,0
2740,2740,0,00000f8,02,2,2,3,98131c645eb9db21,3,3,3,074a0072c1e0c737,0,1,82b801734412c636,45528c1f83f84b5a,45528c1f83f84b5a,0,1
2741,2741,0,00000fc,02,2,2,3,5017c18a96bd06cf,3,3,3,074a0072c1e0c737,0,1,154692efd3ec55aa,c80702940eadc5d1,c80702940eadc5d1,0,1
2742,2742,0,0000100,02,2,2,3,dd424f011be88844,3,3,3,074a0072c1e0c737,0,1,98131c645eb9db21,5ff991089953564d,5ff991089953564d,0,1
2743,2743,0,0000104,02,2,2,3,4abcdc9d8c161bd8,3,3,3,074a0072c1e0c737,0,1,5017c18a96bd06cf,d2ac1f831406d8c6,d2ac1f831406d8c6,0,1
2744,2744,0,0000108,02,2,2,3,c7e9521601439553,3,3,3,074a0072c1e0c737,0,1,dd424f011be88844,7004b631b6ae7174,7004b631b6ae7174,0,1
2745,2745,0,000010c,02,2,2,3,6541fba4a3eb3ce1,3,3,3,074a0072c1e0c737,0,1,4abcdc9d8c161bd8,fd5138ba3bfbffff,fd5138ba3bfbffff,0,1
2746,2746,0,0000110,02,2,2,3,e814752f2ebeb26a,3,3,3,074a0072c1e0c737,0,1,c7e9521601439553,6aafab26ac056c63,6aafab26ac056c63,0,1
2747,2747,0,0000114,02,2,2,3,7feae6b3b94021f6,3,3,3,074a0072c1e0c737,0,1,6541fba4a3eb3ce1,e7fa25ad2150e2e8,e7fa25ad2150e2e8,0,1
2748,2748,0,0000118,02,2,2,3,f2bf68383415af7d,3,3,3,074a0072c1e0c737,0,1,e814752f2ebeb26a,5120ba38978a7d7d,5120ba38978a7d7d,0,0
2749,2749,0,000011c,02,2,2,3,10312efcd69be9b9,3,3,3,074a0072c1e0c737,0,1,7feae6b3b94021f6,5120ba38978a7d7d,5120ba38978a7d7d,0,0
2750,2750,0,0000120,02,2,2,3,9d64a0775bce6732,3,3,3,074a0072c1e0c737,0,1,f2bf68383415af7d,5120ba38978a7d7d,5120ba38978a7d7d,0,0
2751,2751,0,0000124,02,2,2,3,0a9a33ebcc30f4ae,3,3,3,074a0072c1e0c737,0,1,10312efcd69be9b9,5120ba38978a7d7d,5120ba38978a7d7d,0,0
2752,2752,0,0000128,02,2,2,3,87cfbd6041657a25,3,3,3,074a0072c1e0c737,0,1,9d64a0775bce6732,2ffef843e9543f06,2ffef843e9543f06,0,1
2753,2753,0,000012c,02,2,2,3,256714d2e3cdd397,3,3,3,074a0072c1e0c737,0,1,0a9a33ebcc30f4ae,a2ab76c86401b18d,a2ab76c86401b18d,0,1
2754,2754,0,0000130,02,2,2,3,a8329a596e985d1c,3,3,3,074a0072c1e0c737,0,1,87cfbd6041657a25,3555e554f3ff2211,3555e554f3ff2211,0,1
2755,2755,0,0000134,02,2,2,3,3fcc09c5f966ce80,3,3,3,074a0072c1e0c737,0,1,256714d2e3cdd397,b8006bdf7eaaac9a,b8006bdf7eaaac9a,0,1
2756,2756,0,0000138,02,2,2,3,b299874e7433400b,3,3,3,074a0072c1e0c737,0,1,a8329a596e985d1c,1aa8c26ddc020528,1aa8c26ddc020528,0,1
2757,2757,0,000013c,02,2,2,3,7a9d5aa0bc379de5,3,3,3,074a0072c1e0c737,0,1,3fcc09c5f966ce80,97fd4ce651578ba3,97fd4ce651578ba3,0,1
2758,2758,0,0000140,02,2,2,3,f7c8d42b3162136e,3,3,3,074a0072c1e0c737,0,1,b299874e7433400b,0003df7ac6a9183f,0003df7ac6a9183f,0,1
2759,2759,0,0000144,02,2,2,3,603647b7a69c80f2,3,3,3,074a0072c1e0c737,0,1,7a9d5aa0bc379de5,8d5651f14bfc96b4,8d5651f14bfc96b4,0,1
2760,2760,0,0000148,02,2,2,3,ed63c93c2bc90e79,3,3,3,074a0072c1e0c737,0,1,f7c8d42b3162136e,45528c1f83f84b5a,45528c1f83f84b5a,0,0
2761,2761,0,000014c,02,2,2,3,4fcb608e8961a7cb,3,3,3,074a0072c1e0c737,0,1,603647b7a69c80f2,45528c1f83f84b5a,45528c1f83f84b5a,0,0
2762,2762,0,0000150,02,2,2,3,c29eee0504342940,3,3,3,074a0072c1e0c737,0,1,ed63c93c2bc90e79,45528c1f83f84b5a,45528c1f83f84b5a,0,0
2763,2763,0,0000154,02,2,2,3,55607d9993cabadc,3,3,3,074a0072c1e0c737,0,1,4fcb608e8961a7cb,45528c1f83f84b5a,45528c1f83f84b5a,0,0
2764,2764,0,0000158,02,2,2,3,d835f3121e9f3457,3,3,3,074a0072c1e0c737,0,1,c29eee0504342940,900a64a756a0a3e2,900a64a756a0a3e2,0,1
2765,2765,0,000015c,02,2,2,3,c569c64403c30101,3,3,3,074a0072c1e0c737,0,1,55607d9993cabadc,1d5fea2cdbf52d69,1d5fea2cdbf52d69,0,1
2766,2766,0,0000160,02,2,2,3,483c48cf8e968f8a,3,3,3,074a0072c1e0c737,0,1,d835f3121e9f3457,8aa179b04c0bbef5,8aa179b04c0bbef5,0,1
2767,2767,0,0000164,02,2,2,3,dfc2db5319681c16,3,3,3,074a0072c1e0c737,0,1,c569c64403c30101,07f4f73bc15e307e,07f4f73bc15e307e,0,1
2768,2768,0,0000168,02,2,2,3,529755d8943d929d,3,3,3,074a0072c1e0c737,0,1,483c48cf8e968f8a,a55c5e8963f699cc,a55c5e8963f699cc,0,1
2769,2769,0,000016c,02,2,2,3,f03ffc6a36953b2f,3,3,3,074a0072c1e0c737,0,1,dfc2db5319681c16,2809d002eea31747,2809d002eea31747,0,1
2770,2770,0,0000170,02,2,2,3,7d6a72e1bbc0b5a4,3,3,3,074a0072c1e0c737,0,1,529755d8943d929d,bff7439e795d84db,bff7439e795d84db,0,1
2771,2771,0,0000174,02,2,2,3,ea94e17d2c3e2638,3,3,3,074a0072c1e0c737,0,1,f03ffc6a36953b2f,32a2cd15f4080a50,32a2cd15f4080a50,0,1
2772,2772,0,0000178,02,2,2,3,67c16ff6a16ba8b3,3,3,3,074a0072c1e0c737,0,1,7d6a72e1bbc0b5a4,2ffef843e9543f06,2ffef843e9543f06,0,0
2773,2773,0,000017c,02,2,2,3,afc5b218696f755d,3,3,3,074a0072c1e0c737,0,1,ea94e17d2c3e2638,2ffef843e9543f06,2ffef843e9543f06,0,0
2774,2774,0,0000180,02,2,2,3,22903c93e43afbd6,3,3,3,074a0072c1e0c737,0,1,67c16ff6a16ba8b3,2ffef843e9543f06,2ffef843e9543f06,0,0
2775,2775,0,0000184,02,2,2,3,b56eaf0f73c4684a,3,3,3,074a0072c1e0c737,0,1,afc5b218696f755d,2ffef843e9543f06,2ffef843e9543f06,0,0
2776,2776,0,0000188,02,2,2,3,383b2184fe91e6c1,3,3,3,074a0072c1e0c737,0,1,22903c93e43afbd6,faa610fb3c0cd7be,faa610fb3c0cd7be,0,1
2777,2777,0,000018c,02,2,2,3,9a9388365c394f73,3,3,3,074a0072c1e0c737,0,1,b56eaf0f73c4684a,77f39e70b1595935,77f39e70b1595935,0,1
2778,2778,0,0000190,02,2,2,3,17c606bdd16cc1f8,3,3,3,074a0072c1e0c737,0,1,383b2184fe91e6c1,e00d0dec26a7caa9,e00d0dec26a7caa9,0,1
2779,2779,0,0000194,02,2,2,3,8038952146925264,3,3,3,074a0072c1e0c737,0,1,9a9388365c394f73,6d588367abf24422,6d588367abf24422,0,1
2780,2780,0,0000198,02,2,2,3,0d6d1baacbc7dcef,3,3,3,074a0072c1e0c737,0,1,17c606bdd16cc1f8,cff02ad5095aed90,cff02ad5095aed90,0,1
2781,2781,0,000019c,02,2,2,3,ba80ff8d7c2a38c8,3,3,3,074a0072c1e0c737,0,1,8038952146925264,42a5a45e840f631b,42a5a45e840f631b,0,1
2782,2782,0,00001a0,02,2,2,3,37d57106f17fb643,3,3,3,074a0072c1e0c737,0,1,0d6d1baacbc7dcef,d55b37c213f1f087,d55b37c213f1f087,0,1
2783,2783,0,00001a4,02,2,2,3,a02be29a668125df,3,3,3,074a0072c1e0c737,0,1,ba80ff8d7c2a38c8,580eb9499ea47e0c,580eb9499ea47e0c,0,1
2784,2784,0,00001a8,02,2,2,3,2d7e6c11ebd4ab54,3,3,3,074a0072c1e0c737,0,1,37d57106f17fb643,900a64a756a0a3e2,900a64a756a0a3e2,0,0
2785,2785,0,00001ac,02,2,2,3,8fd6c5a3497c02e6,3,3,3,074a0072c1e0c737,0,1,a02be29a668125df,900a64a756a0a3e2,900a64a756a0a3e2,0,0
2786,2786,0,0000000,01,3,2,2,02834b28c4298c6d,3,3,2,074a0072c1e0c737,0,1,2d7e6c11ebd4ab54,900a64a756a0a3e2,900a64a756a0a3e2,0,0
2787,2787,0,0000000,03,3,2,2,957dd8b453d71ff1,0,3,2,074a0072c1e0c737,0,1,8fd6c5a3497c02e6,900a64a756a0a3e2,900a64a756a0a3e2,0,0
2788,2788,0,0000000,04,3,2,2,1828563fde82917a,0,3,2,074a0072c1e0c737,0,1,02834b28c4298c6d,efe35d6e29499a2b,efe35d6e29499a2b,0,1
2789,2789,0,0000000,02,3,2,2,d02c8bd116864c94,0,3,2,074a0072c1e0c737,0,1,957dd8b453d71ff1,62b6d3e5a41c14a0,62b6d3e5a41c14a0,0,1
2790,2790,0,0000000,00,3,3,3,5d79055a9bd3c21f,0,3,3,074a0072c1e0c737,0,1,1828563fde82917a,f548407933e2873c,f548407933e2873c,0,1
2791,2791,0,0000000,00,3,3,3,ca8796c60c2d5183,0,3,3,074a0072c1e0c737,0,1,d02c8bd116864c94,781dcef2beb709b7,781dcef2beb709b7,0,1
2792,2792,0,0000000,00,2,2,2,47d2184d8178df08,0,3,3,074a0072c1e0c737,0,1,5d79055a9bd3c21f,dab567401c1fa005,dab567401c1fa005,0,1
2793,2793,0,0000000,00,3,3,3,00000000000047d2,0,3,3,074a0072c1e0c737,0,1,ca8796c60c2d5183,57e0e9cb914a2e8e,57e0e9cb914a2e8e,0,1
2794,2794,0,0000000,00,3,3,3,0000000000000000,0,3,3,074a0072c1e0c737,0,1,47d2184d8178df08,c01e7a5706b4bd12,c01e7a5706b4bd12,0,1
2795,2795,0,0000000,00,3,3,3,0000000000000000,0,0,3,074a0072c1e0c737,0,1,00000000000047d2,4d4bf4dc8be13399,4d4bf4dc8be13399,0,1
2796,2796,0,0000000,00,3,3,3,0000000000000000,0,0,3,074a0072c1e0c737,0,1,0000000000000000,faa610fb3c0cd7be,faa610fb3c0cd7be,0,0
2797,2797,0,0000000,00,3,3,3,0000000000000000,0,0,3,074a0072c1e0c737,0,1,0000000000000000,faa610fb3c0cd7be,faa610fb3c0cd7be,0,0
2798,2798,0,0000000,00,3,3,3,0000000000000000,0,0,3,074a0072c1e0c737,0,1,0000000000000000,faa610fb3c0cd7be,faa610fb3c0cd7be,0,0
2799,2799,0,0000000,00,3,3,3,0000000000000000,0,0,3,074a0072c1e0c737,0,1,0000000000000000,faa610fb3c0cd7be,faa610fb3c0cd7be,0,0
2800,2800,0,0000000,00,3,3,3,0000000000000000,0,0,3,074a0072c1e0c737,0,1,0000000000000000,854f293243e5ee77,854f293243e5ee77,0,1
2801,2801,0,0000000,00,3,3,3,0000000000000000,0,0,3,074a0072c1e0c737,0,1,0000000000000000,081aa7b9ceb060fc,081aa7b9ceb060fc,0,1
2802,2802,0,0000000,00,3,3,3,0000000000000000,0,0,3,074a0072c1e0c737,0,1,0000000000000000,9fe43425594ef360,9fe43425594ef360,0,1
2803,2803,0,0000000,00,3,3,3,0000000000000000,0,0,3,074a0072c1e0c737,0,1,0000000000000000,12b1baaed41b7deb,12b1baaed41b7deb,0,1
2804,2804,0,0000000,00,3,3,3,0000000000000000,0,0,3,074a0072c1e0c737,0,1,0000000000000000,b019131c76b3d459,b019131c76b3d459,0,1
2805,2805,0,0000000,00,3,3,3,0000000000000000,0,0,3,faf684843c5c43c1,0,1,0000000000000000,3d4c9d97fbe65ad2,3d4c9d97fbe65ad2,0,1
2806,2806,0,0000000,00,3,3,3,0000000000000000,0,0,3,faf684843c5c43c1,0,1,0000000000000000,aab20e0b6c18c94e,aab20e0b6c18c94e,0,1
2807,2807,0,0000003,04,3,2,2,0000000000000000,0,0,3,faf684843c5c43c1,0,1,0000000000000000,27e78080e14d47c5,27e78080e14d47c5,0,1
2808,2808,0,0000000,00,3,3,3,0000000000000000,0,0,3,faf684843c5c43c1,0,1,0000000000000000,efe35d6e29499a2b,efe35d6e29499a2b,0,0
2809,2809,0,0000000,00,3,3,3,0000000000000000,0,0,3,faf684843c5c43c1,0,1,0000000000000000,efe35d6e29499a2b,efe35d6e29499a2b,0,0
2810,2810,0,0000000,00,3,3,3,0000000000000000,0,0,3,faf684843c5c43c1,0,1,0000000000000000,efe35d6e29499a2b,efe35d6e29499a2b,0,0
2811,2811,0,0000000,00,3,3,3,0000000000000000,0,0,3,faf684843c5c43c1,0,1,0000000000000000,efe35d6e29499a2b,efe35d6e29499a2b,0,0
2812,2812,0,0000000,00,3,3,3,0000000000000000,0,0,3,faf684843c5c43c1,0,1,0000000000000000,3abbb5d6fc117293,3abbb5d6fc117293,0,1
2813,2813,0,0000000,00,3,3,3,0000000000000000,0,0,3,faf684843c5c43c1,0,1,0000000000000000,b7ee3b5d7144fc18,b7ee3b5d7144fc18,0,1
2814,2814,0,0000004,04,2,2,3,0000000000000000,0,0,2,faf684843c5c43c1,3,1,0000000000000000,2010a8c1e6ba6f84,2010a8c1e6ba6f84,0,1
2815,2815,0,0000008,04,2,2,3,0000000000000000,0,0,2,6d081718aba2d05d,3,1,0000000000000000,ad45264a6befe10f,ad45264a6befe10f,0,1
2816,2816,0,000000c,04,2,2,3,0000000000000000,0,0,2,e05d999326f75ed6,3,1,0000000000000000,0fed8ff8c94748bd,0fed8ff8c94748bd,0,1
2817,2817,0,0000010,04,2,2,3,0000000000000000,0,0,2,42f53021845ff764,3,1,0000000000000000,82b801734412c636,82b801734412c636,0,1
2818,2818,0,0000014,04,2,2,3,0000000000000000,0,0,2,cfa0beaa090a79ef,3,1,0000000000000000,154692efd3ec55aa,154692efd3ec55aa,0,1
2819,2819,0,0000018,04,2,2,3,8480000000000000,0,0,2,585e2d369ef4ea73,3,1,0000000000000000,98131c645eb9db21,98131c645eb9db21,0,1
2820,2820,0,000001c,04,2,2,3,84843c5c43c1faf6,0,0,2,d50ba3bd13a164f8,3,1,0000000000000000,854f293243e5ee77,854f293243e5ee77,0,0
2821,2821,0,0000020,04,2,2,3,1718aba2d05dfaf6,0,0,2,1d0f7e53dba5b916,3,1,8480000000000000,854f293243e5ee77,854f293243e5ee77,0,0
2822,2822,0,0000024,04,2,2,3,999326f75ed66d08,0,0,2,905af0d856f0379d,3,1,84843c5c43c1faf6,854f293243e5ee77,854f293243e5ee77,0,0
2823,2823,0,0000028,04,2,2,3,3021845ff764e05d,0,0,2,07a46344c10ea401,3,1,1718aba2d05dfaf6,854f293243e5ee77,854f293243e5ee77,0,0
2824,2824,0,000002c,04,2,2,3,beaa090a79ef42f5,0,0,2,8af1edcf4c5b2a8a,3,1,999326f75ed66d08,5017c18a96bd06cf,5017c18a96bd06cf,0,1
2825,2825,0,0000030,04,2,2,3,2d369ef4ea73cfa0,0,0,2,2859447deef38338,3,1,3021845ff764e05d,dd424f011be88844,dd424f011be88844,0,1
2826,2826,0,0000034,04,2,2,3,a3bd13a164f8585e,0,0,2,a50ccaf663a60db3,3,1,beaa090a79ef42f5,4abcdc9d8c161bd8,4abcdc9d8c161bd8,0,1
2827,2827,0,0000038,04,2,2,3,7e53dba5b916d50b,0,0,2,32f2596af4589e2f,3,1,2d369ef4ea73cfa0,c7e9521601439553,c7e9521601439553,0,1
2828,2828,0,000003c,04,2,2,3,f0d856f0379d1d0f,0,0,2,bfa7d7e1790d10a4,3,1,a3bd13a164f8585e,6541fba4a3eb3ce1,6541fba4a3eb3ce1,0,1
2829,2829,0,0000040,04,2,2,3,6344c10ea401905a,0,0,2,a2fbe2b7645125f2,3,1,7e53dba5b916d50b,e814752f2ebeb26a,e814752f2ebeb26a,0,1
2830,2830,0,0000044,04,2,2,3,edcf4c5b2a8a07a4,0,0,2,2fae6c3ce904ab79,3,1,f0d856f0379d1d0f,7feae6b3b94021f6,7feae6b3b94021f6,0,1
2831,2831,0,0000048,04,2,2,3,447deef383388af1,0,0,2,b850ffa07efa38e5,3,1,6344c10ea401905a,f2bf68383415af7d,f2bf68383415af7d,0,1
2832,2832,0,000004c,04,2,2,3,caf663a60db32859,0,0,2,3505712bf3afb66e,3,1,edcf4c5b2a8a07a4,3abbb5d6fc117293,3abbb5d6fc117293,0,0
2833,2833,0,0000050,04,2,2,3,596af4589e2fa50c,0,0,2,97add89951071fdc,3,1,447deef383388af1,3abbb5d6fc117293,3abbb5d6fc117293,0,0
2834,2834,0,0000054,04,2,2,3,d7e1790d10a432f2,0,0,2,1af85612dc529157,3,1,caf663a60db32859,3abbb5d6fc117293,3abbb5d6fc117293,0,0
2835,2835,0,0000058,04,2,2,3,e2b7645125f2bfa7,0,0,2,8d06c58e4bac02cb,3,1,596af4589e2fa50c,3abbb5d6fc117293,3abbb5d6fc117293,0,0
2836,2836,0,000005c,04,2,2,3,6c3ce904ab79a2fb,0,0,2,00534b05c6f98c40,3,1,d7e1790d10a432f2,10312efcd69be9b9,10312efcd69be9b9,0,1
2837,2837,0,0000060,04,2,2,3,ffa07efa38e52fae,0,0,2,c85796eb0efd51ae,3,1,e2b7645125f2bfa7,9d64a0775bce6732,9d64a0775bce6732,0,1
2838,2838,0,0000064,04,2,2,3,712bf3afb66eb850,0,0,2,4502186083a8df25,3,1,6c3ce904ab79a2fb,0a9a33ebcc30f4ae,0a9a33ebcc30f4ae,0,1
2839,2839,0,0000068,04,2,2,3,d89951071fdc3505,0,0,2,d2fc8bfc14564cb9,3,1,ffa07efa38e52fae,87cfbd6041657a25,87cfbd6041657a25,0,1
2840,2840,0,000006c,04,2,2,3,5612dc52915797ad,0,0,2,5fa905779903c232,3,1,712bf3afb66eb850,256714d2e3cdd397,256714d2e3cdd397,0,1
2841,2841,0,0000070,04,2,2,3,c58e4bac02cb1af8,0,0,2,fd01acc53bab6b80,3,1,d89951071fdc3505,a8329a596e985d1c,a8329a596e985d1c,0,1
2842,2842,0,0000074,04,2,2,3,4b05c6f98c408d06,0,0,2,7054224eb6fee50b,3,1,5612dc52915797ad,3fcc09c5f966ce80,3fcc09c5f966ce80,0,1
2843,2843,0,0000078,04,2,2,3,96eb0efd51ae0053,0,0,2,e7aab1d221007697,3,1,c58e4bac02cb1af8,b299874e7433400b,b299874e7433400b,0,1
2844,2844,0,000007c,04,2,2,3,186083a8df25c857,0,0,2,6aff3f59ac55f81c,3,1,4b05c6f98c408d06,5017c18a96bd06cf,5017c18a96bd06cf,0,0
2845,2845,0,0000080,04,2,2,3,8bfc14564cb94502,0,0,2,dd12db7e1bb81c3b,3,1,96eb0efd51ae0053,5017c18a96bd06cf,5017c18a96bd06cf,0,0
2846,2846,0,0000084,04,2,2,3,05779903c232d2fc,0,0,2,504755f596ed92b0,3,1,186083a8df25c857,5017c18a96bd06cf,5017c18a96bd06cf,0,0
2847,2847,0,0000088,04,2,2,3,acc53bab6b805fa9,0,0,2,c7b9c6690113012c,3,1,8bfc14564cb94502,5017c18a96bd06cf,5017c18a96bd06cf,0,0
2848,2848,0,000008c,04,2,2,3,224eb6fee50bfd01,0,0,2,4aec48e28c468fa7,3,1,05779903c232d2fc,7a9d5aa0bc379de5,7a9d5aa0bc379de5,0,1
2849,2849,0,0000090,04,2,2,3,b1d2210076977054,0,0,2,e844e1502eee2615,3,1,acc53bab6b805fa9,f7c8d42b3162136e,f7c8d42b3162136e,0,1
2850,2850,0,0000094,04,2,2,3,3f59ac55f81ce7aa,0,0,2,65116fdba3bba89e,3,1,224eb6fee50bfd01,603647b7a69c80f2,603647b7a69c80f2,0,1
2851,2851,0,0000098,04,2,2,3,db7e1bb81c3b6aff,0,0,2,f2effc4734453b02,3,1,b1d2210076977054,ed63c93c2bc90e79,ed63c93c2bc90e79,0,1
2852,2852,0,000009c,04,2,2,3,55f596ed92b0dd12,0,0,2,7fba72ccb910b589,3,1,3f59ac55f81ce7aa,4fcb608e8961a7cb,4fcb608e8961a7cb,0,1
2853,2853,0,00000a0,04,2,2,3,c6690113012c5047,0,0,2,b7beaf2271146867,3,1,db7e1bb81c3b6aff,c29eee0504342940,c29eee0504342940,0,1
2854,2854,0,00000a4,04,2,2,3,48e28c468fa7c7b9,0,0,2,3aeb21a9fc41e6ec,3,1,55f596ed92b0dd12,55607d9993cabadc,55607d9993cabadc,0,1
2855,2855,0,00000a8,04,2,2,3,e1502eee26154aec,0,0,2,ad15b2356bbf7570,3,1,c6690113012c5047,d835f3121e9f3457,d835f3121e9f3457,0,1
2856,2856,0,00000ac,04,2,2,3,6fdba3bba89ee844,0,0,2,20403cbee6eafbfb,3,1,48e28c468fa7c7b9,10312efcd69be9b9,10312efcd69be9b9,0,0
2857,2857,0,00000b0,04,2,2,3,fc4734453b026511,0,0,2,82e8950c44425249,3,1,e1502eee26154aec,10312efcd69be9b9,10312efcd69be9b9,0,0
2858,2858,0,00000b4,04,2,2,3,72ccb910b589f2ef,0,0,2,0fbd1b87c917dcc2,3,1,6fdba3bba89ee844,10312efcd69be9b9,10312efcd69be9b9,0,0
2859,2859,0,00000b8,04,2,2,3,af22711468677fba,0,0,2,9843881b5ee94f5e,3,1,fc4734453b026511,10312efcd69be9b9,10312efcd69be9b9,0,0
2860,2860,0,00000bc,04,2,2,3,21a9fc41e6ecb7be,0,0,2,15160690d3bcc1d5,3,1,72ccb910b589f2ef,c569c64403c30101,c569c64403c30101,0,1
2861,2861,0,00000c0,04,2,2,3,b2356bbf75703aeb,0,0,2,084a33c6cee0f483,3,1,af22711468677fba,483c48cf8e968f8a,483c48cf8e968f8a,0,1
2862,2862,0,00000c4,04,2,2,3,3cbee6eafbfbad15,0,0,2,851fbd4d43b57a08,3,1,21a9fc41e6ecb7be,dfc2db5319681c16,dfc2db5319681c16,0,1
2863,2863,0,00000c8,04,2,2,3,950c444252492040,0,0,2,12e12ed1d44be994,3,1,b2356bbf75703aeb,529755d8943d929d,529755d8943d929d,0,1
2864,2864,0,00000cc,04,2,2,3,1b87c917dcc282e8,0,0,2,9fb4a05a591e671f,3,1,3cbee6eafbfbad15,f03ffc6a36953b2f,f03ffc6a36953b2f,0,1
2865,2865,0,00000d0,04,2,2,3,881b5ee94f5e0fbd,0,0,2,3d1c09e8fbb6cead,3,1,950c444252492040,7d6a72e1bbc0b5a4,7d6a72e1bbc0b5a4,0,1
2866,2866,0,00000d4,04,2,2,3,0690d3bcc1d59843,0,0,2,b049876376e34026,3,1,1b87c917dcc282e8,ea94e17d2c3e2638,ea94e17d2c3e2638,0,1
2867,2867,0,00000d8,04,2,2,3,33c6cee0f4831516,0,0,2,27b714ffe11dd3ba,3,1,881b5ee94f5e0fbd,67c16ff6a16ba8b3,67c16ff6a16ba8b3,0,1
2868,2868,0,00000dc,04,2,2,3,bd4d43b57a08084a,0,0,2,aae29a746c485d31,3,1,0690d3bcc1d59843,7a9d5aa0bc379de5,7a9d5aa0bc379de5,0,0
2869,2869,0,00000e0,04,2,2,3,2ed1d44be994851f,0,0,2,62e6479aa44c80df,3,1,33c6cee0f4831516,7a9d5aa0bc379de5,7a9d5aa0bc379de5,0,0
2870,2870,0,00000e4,04,2,2,3,a05a591e671f12e1,0,0,2,efb3c91129190e54,3,1,bd4d43b57a08084a,7a9d5aa0bc379de5,7a9d5aa0bc379de5,0,0
2871,2871,0,00000e8,04,2,2,3,09e8fbb6cead9fb4,0,0,2,784d5a8dbee79dc8,3,1,2ed1d44be994851f,7a9d5aa0bc379de5,7a9d5aa0bc379de5,0,0
2872,2872,0,00000ec,04,2,2,3,876376e340263d1c,0,0,2,f518d40633b21343,3,1,a05a591e671f12e1,afc5b218696f755d,afc5b218696f755d,0,1
2873,2873,0,00000f0,04,2,2,3,14ffe11dd3bab049,0,0,2,57b07db4911abaf1,3,1,09e8fbb6cead9fb4,22903c93e43afbd6,22903c93e43afbd6,0,1
2874,2874,0,00000f4,04,2,2,3,9a746c485d3127b7,0,0,2,dae5f33f1c4f347a,3,1,876376e340263d1c,b56eaf0f73c4684a,b56eaf0f73c4684a,0,1
2875,2875,0,00000f8,04,2,2,3,479aa44c80dfaae2,0,0,2,4d1b60a38bb1a7e6,3,1,14ffe11dd3bab049,383b2184fe91e6c1,383b2184fe91e6c1,0,1
2876,2876,0,00000fc,04,2,2,3,c91129190e5462e6,0,0,2,c04eee2806e4296d,3,1,9a746c485d3127b7,9a9388365c394f73,9a9388365c394f73,0,1
2877,2877,0,0000100,04,2,2,3,5a8dbee79dc8efb3,0,0,2,22c0a8ece46a6fa9,3,1,479aa44c80dfaae2,17c606bdd16cc1f8,17c606bdd16cc1f8,0,1
2878,2878,0,0000104,04,2,2,3,d40633b21343784d,0,0,2,af952667693fe122,3,1,c91129190e5462e6,8038952146925264,8038952146925264,0,1
2879,2879,0,0000108,04,2,2,3,7db4911abaf1f518,0,0,2,386bb5fbfec172be,3,1,5a8dbee79dc8efb3,0d6d1baacbc7dcef,0d6d1baacbc7dcef,0,1
2880,2880,0,000010c,04,2,2,3,f33f1c4f347a57b0,0,0,2,b53e3b707394fc35,3,1,d40633b21343784d,c569c64403c30101,c569c64403c30101,0,0
2881,2881,0,0000110,04,2,2,3,60a38bb1a7e6dae5,0,0,2,179692c2d13c5587,3,1,7db4911abaf1f518,c569c64403c30101,c569c64403c30101,0,0
2882,2882,0,0000114,04,2,2,3,ee2806e4296d4d1b,0,0,2,9ac31c495c69db0c,3,1,f33f1c4f347a57b0,c569c64403c30101,c569c64403c30101,0,0
2883,2883,0,0000118,04,2,2,3,a8ece46a6fa9c04e,0,0,2,0d3d8fd5cb974890,3,1,60a38bb1a7e6dae5,c569c64403c30101,c569c64403c30101,0,0
2884,2884,0,000011c,04,2,2,3,2667693fe12222c0,0,0,2,8068015e46c2c61b,3,1,ee2806e4296d4d1b,ba80ff8d7c2a38c8,ba80ff8d7c2a38c8,0,1
2885,2885,0,0000120,04,2,2,3,b5fbfec172beaf95,0,0,2,486cdcb08ec61bf5,3,1,a8ece46a6fa9c04e,37d57106f17fb643,37d57106f17fb643,0,1
2886,2886,0,0000124,04,2,2,3,3b707394fc35386b,0,0,2,c539523b0393957e,3,1,2667693fe12222c0,a02be29a668125df,a02be29a668125df,0,1
2887,2887,0,0000128,04,2,2,3,92c2d13c5587b53e,0,0,2,52c7c1a7946d06e2,3,1,b5fbfec172beaf95,2d7e6c11ebd4ab54,2d7e6c11ebd4ab54,0,1
2888,2888,0,000012c,04,2,2,3,1c495c69db0c1796,0,0,2,df924f2c19388869,3,1,3b707394fc35386b,8fd6c5a3497c02e6,8fd6c5a3497c02e6,0,1
2889,2889,0,0000130,04,2,2,3,8fd5cb9748909ac3,0,0,2,7d3ae69ebb9021db,3,1,92c2d13c5587b53e,02834b28c4298c6d,02834b28c4298c6d,0,1
2890,2890,0,0000134,04,2,2,3,015e46c2c61b0d3d,0,0,2,f06f681536c5af50,3,1,1c495c69db0c1796,957dd8b453d71ff1,957dd8b453d71ff1,0,1
2891,2891,0,0000138,04,2,2,3,dcb08ec61bf58068,0,0,2,6791fb89a13b3ccc,3,1,8fd5cb9748909ac3,1828563fde82917a,1828563fde82917a,0,1
2892,2892,0,000013c,04,2,2,3,523b0393957e486c,0,0,2,eac475022c6eb247,3,1,015e46c2c61b0d3d,afc5b218696f755d,afc5b218696f755d,0,0
2893,2893,0,0000000,00,3,3,3,c1a7946d06e2c539,0,0,3,f798405431328711,0,1,dcb08ec61bf58068,afc5b218696f755d,afc5b218696f755d,0,0
2894,2894,0,0000000,00,3,3,3,4f2c1938886952c7,0,0,3,f798405431328711,0,1,523b0393957e486c,afc5b218696f755d,afc5b218696f755d,0,0
2895,2895,0,000000a,02,3,2,2,e69ebb9021dbdf92,0,0,3,f798405431328711,0,1,c1a7946d06e2c539,afc5b218696f755d,afc5b218696f755d,0,0
2896,2896,0,0000000,00,3,3,3,681536c5af507d3a,0,0,3,f798405431328711,0,1,4f2c1938886952c7,d02c8bd116864c94,d02c8bd116864c94,0,1
2897,2897,0,0000140,04,2,2,3,fb89a13b3cccf06f,0,0,2,f798405431328711,3,1,e69ebb9021dbdf92,5d79055a9bd3c21f,5d79055a9bd3c21f,0,1
2898,2898,0,0000144,04,2,2,3,75022c6eb2476791,0,0,2,7acdcedfbc67099a,3,1,681536c5af507d3a,ca8796c60c2d5183,ca8796c60c2d5183,0,1
2899,2899,0,0000148,04,2,2,3,405431328711eac4,0,0,2,ed335d432b999a06,3,1,fb89a13b3cccf06f,47d2184d8178df08,47d2184d8178df08,0,1
2900,2900,0,000014c,04,2,2,3,0000000000000000,0,0,2,6066d3c8a6cc148d,3,1,75022c6eb2476791,9a9388365c394f73,9a9388365c394f73,0,0
2901,2901,0,0000150,04,2,2,3,0000000000000000,0,0,2,c2ce7a7a0464bd3f,3,1,405431328711eac4,9a9388365c394f73,9a9388365c394f73,0,0
2902,2902,0,0000154,04,2,2,3,4010000000000000,0,0,2,4f9bf4f1893133b4,3,1,0000000000000000,9a9388365c394f73,9a9388365c394f73,0,0
2903,2903,0,0000158,04,2,2,3,405431328711f798,0,0,2,d865676d1ecfa028,3,1,0000000000000000,9a9388365c394f73,9a9388365c394f73,0,0
2904,2904,0,000015c,04,2,2,3,cedfbc67099af798,0,0,2,5530e9e6939a2ea3,3,1,4010000000000000,9a9388365c394f73,9a9388365c394f73,0,0
2905,2905,0,0000000,00,3,3,3,5d432b999a067acd,0,0,3,9d3434085b9ef34d,0,1,405431328711f798,9a9388365c394f73,9a9388365c394f73,0,0
2906,2906,0,0000000,00,3,3,3,d3c8a6cc148ded33,0,0,3,9d3434085b9ef34d,0,1,cedfbc67099af798,9a9388365c394f73,9a9388365c394f73,0,0
2907,2907,0,0000000,00,3,3,3,7a7a0464bd3f6066,0,0,3,9d3434085b9ef34d,0,1,5d432b999a067acd,9a9388365c394f73,9a9388365c394f73,0,0
2908,2908,0,0000000,00,3,3,3,f4f1893133b4c2ce,0,0,3,9d3434085b9ef34d,0,1,d3c8a6cc148ded33,9a9388365c394f73,9a9388365c394f73,0,0
2909,2909,0,0000160,04,2,2,3,676d1ecfa0284f9b,0,0,2,9d3434085b9ef34d,3,1,7a7a0464bd3f6066,9a9388365c394f73,9a9388365c394f73,0,0
2910,2910,0,0000164,04,2,2,3,e9e6939a2ea3d865,0,0,2,1061ba83d6cb7dc6,3,1,f4f1893133b4c2ce,9a9388365c394f73,9a9388365c394f73,0,0
2911,2911,0,0000168,04,2,2,3,34085b9ef34d5530,0,0,2,879f291f4135ee5a,3,1,676d1ecfa0284f9b,9a9388365c394f73,9a9388365c394f73,0,0
2912,2912,0,000016c,04,2,2,3,0000000000000000,0,0,2,0acaa794cc6060d1,3,1,e9e6939a2ea3d865,9a9388365c394f73,9a9388365c394f73,0,0
2913,2913,0,0000170,04,2,2,3,0000000000000000,0,0,2,a8620e266ec8c963,3,1,34085b9ef34d5530,9a9388365c394f73,9a9388365c394f73,0,0
2914,2914,0,0000174,04,2,2,3,3400000000000000,0,0,2,253780ade39d47e8,3,1,0000000000000000,9a9388365c394f73,9a9388365c394f73,0,0
2915,2915,0,0000178,04,2,2,3,34085b9ef34d9d34,0,0,2,b2c913317463d474,3,1,0000000000000000,9a9388365c394f73,9a9388365c394f73,0,0
2916,2916,0,000017c,04,2,2,3,ba83d6cb7dc69d34,0,0,2,3f9c9dbaf9365aff,3,1,3400000000000000,9a9388365c394f73,9a9388365c394f73,0,0
2917,2917,0,0000000,00,3,3,3,291f4135ee5a1061,0,0,3,8871799d4edbbed8,0,1,34085b9ef34d9d34,9a9388365c394f73,9a9388365c394f73,0,0
2918,2918,0,0000000,00,3,3,3,a794cc6060d1879f,0,0,3,8871799d4edbbed8,0,1,ba83d6cb7dc69d34,9a9388365c394f73,9a9388365c394f73,0,0
2919,2919,0,0000000,00,3,3,3,0e266ec8c9630aca,0,0,3,8871799d4edbbed8,0,1,291f4135ee5a1061,9a9388365c394f73,9a9388365c394f73,0,0
2920,2920,0,0000000,00,3,3,3,80ade39d47e8a862,0,0,3,8871799d4edbbed8,0,1,a794cc6060d1879f,9a9388365c394f73,9a9388365c394f73,0,0
2921,2921,0,0000180,04,2,2,3,13317463d4742537,0,0,2,8871799d4edbbed8,3,1,0e266ec8c9630aca,9a9388365c394f73,9a9388365c394f73,0,0
2922,2922,0,0000184,04,2,2,3,9dbaf9365affb2c9,0,0,2,0524f716c38e3053,3,1,80ade39d47e8a862,9a9388365c394f73,9a9388365c394f73,0,0
2923,2923,0,0000188,04,2,2,3,799d4edbbed83f9c,0,0,2,92da648a5470a3cf,3,1,13317463d4742537,9a9388365c394f73,9a9388365c394f73,0,0
2924,2924,0,000018c,04,2,2,3,0000000000000000,0,0,2,1f8fea01d9252d44,3,1,9dbaf9365affb2c9,9a9388365c394f73,9a9388365c394f73,0,0
2925,2925,0,0000190,04,2,2,3,0000000000000000,0,0,2,bd2743b37b8d84f6,3,1,799d4edbbed83f9c,9a9388365c394f73,9a9388365c394f73,0,0
2926,2926,0,0000194,04,2,2,3,7990000000000000,0,0,2,3072cd38f6d80a7d,3,1,0000000000000000,9a9388365c394f73,9a9388365c394f73,0,0
2927,2927,0,0000198,04,2,2,3,799d4edbbed88871,0,0,2,a78c5ea4612699e1,3,1,0000000000000000,9a9388365c394f73,9a9388365c394f73,0,0
2928,2928,0,000019c,04,2,2,3,f716c38e30538871,0,0,2,2ad9d02fec73176a,3,1,7990000000000000,9a9388365c394f73,9a9388365c394f73,0,0
2929,2929,0,0000000,00,3,3,3,648a5470a3cf0524,0,0,3,e2dd0dc12477ca84,0,1,799d4edbbed88871,9a9388365c394f73,9a9388365c394f73,0,0
2930,2930,0,0000000,00,3,3,3,ea01d9252d4492da,0,0,3,e2dd0dc12477ca84,0,1,f716c38e30538871,9a9388365c394f73,9a9388365c394f73,0,0
2931,2931,0,0000000,00,3,3,3,43b37b8d84f61f8f,0,0,3,e2dd0dc12477ca84,0,1,648a5470a3cf0524,9a9388365c394f73,9a9388365c394f73,0,0
2932,2932,0,0000000,00,3,3,3,cd38f6d80a7dbd27,0,0,3,e2dd0dc12477ca84,0,1,ea01d9252d4492da,9a9388365c394f73,9a9388365c394f73,0,0
2933,2933,0,00001a0,04,2,2,3,5ea4612699e13072,0,0,2,e2dd0dc12477ca84,3,1,43b37b8d84f61f8f,9a9388365c394f73,9a9388365c394f73,0,0
2934,2934,0,00001a4,04,2,2,3,d02fec73176aa78c,0,0,2,6f88834aa922440f,3,1,cd38f6d80a7dbd27,9a9388365c394f73,9a9388365c394f73,0,0
2935,2935,0,00001a8,04,2,2,3,0dc12477ca842ad9,0,0,2,f87610d63edcd793,3,1,5ea4612699e13072,9a9388365c394f73,9a9388365c394f73,0,0
2936,2936,0,00001ac,04,2,2,3,0000000000000000,0,0,2,75239e5db3895918,3,1,d02fec73176aa78c,9a9388365c394f73,9a9388365c394f73,0,0
2937,2937,0,00001b0,04,2,2,3,0000000000000000,0,0,2,d78b37ef1121f0aa,3,1,0dc12477ca842ad9,9a9388365c394f73,9a9388365c394f73,0,0
2938,2938,0,00001b4,04,2,2,3,0d80000000000000,0,0,2,5adeb9649c747e21,3,1,0000000000000000,9a9388365c394f73,9a9388365c394f73,0,0
2939,2939,0,00001b8,04,2,2,3,0dc12477ca84e2dd,0,0,2,cd202af80b8aedbd,3,1,0000000000000000,9a9388365c394f73,9a9388365c394f73,0,0
2940,2940,0,00001bc,04,2,2,3,834aa922440fe2dd,0,0,2,4075a47386df6336,3,1,0d80000000000000,9a9388365c394f73,9a9388365c394f73,0,0
2941,2941,0,0000000,00,3,3,3,10d63edcd7936f88,0,0,3,5d2991259b835660,0,1,0dc12477ca84e2dd,9a9388365c394f73,9a9388365c394f73,0,0
2942,2942,0,0000000,00,3,3,3,9e5db3895918f876,0,0,3,5d2991259b835660,0,1,834aa922440fe2dd,9a9388365c394f73,9a9388365c394f73,0,0
2943,2943,0,0000000,00,3,3,3,37ef1121f0aa7523,0,0,3,5d2991259b835660,0,1,10d63edcd7936f88,9a9388365c394f73,9a9388365c394f73,0,0
2944,2944,0,0000000,00,3,3,3,b9649c747e21d78b,0,0,3,5d2991259b835660,0,1,9e5db3895918f876,9a9388365c394f73,9a9388365c394f73,0,0
2945,2945,0,00001c0,04,2,2,3,2af80b8aedbd5ade,0,0,2,5d2991259b835660,3,1,37ef1121f0aa7523,9a9388365c394f73,9a9388365c394f73,0,0
2946,2946,0,00001c4,04,2,2,3,a47386df6336cd20,0,0,2,d07c1fae16d6d8eb,3,1,b9649c747e21d78b,9a9388365c394f73,9a9388365c394f73,0,0
2947,2947,0,00001c8,04,2,2,3,91259b8356604075,0,0,2,47828c3281284b77,3,1,2af80b8aedbd5ade,9a9388365c394f73,9a9388365c394f73,0,0
2948,2948,0,00001cc,04,2,2,3,0000000000000000,0,0,2,cad702b90c7dc5fc,3,1,a47386df6336cd20,9a9388365c394f73,9a9388365c394f73,0,0
2949,2949,0,00001d0,04,2,2,3,0000000000000000,0,0,2,687fab0baed56c4e,3,1,91259b8356604075,9a9388365c394f73,9a9388365c394f73,0,0
2950,2950,0,00001d4,04,2,2,3,9120000000000000,0,0,2,e52a25802380e2c5,3,1,0000000000000000,9a9388365c394f73,9a9388365c394f73,0,0
2951,2951,0,00001d8,04,2,2,3,91259b8356605d29,0,0,2,72d4b61cb47e7159,3,1,0000000000000000,9a9388365c394f73,9a9388365c394f73,0,0
2952,2952,0,00001dc,04,2,2,3,1fae16d6d8eb5d29,0,0,2,ff813897392bffd2,3,1,9120000000000000,9a9388365c394f73,9a9388365c394f73,0,0
2953,2953,0,0000000,00,3,3,3,8c3281284b77d07c,0,0,3,3785e579f12f223c,0,1,91259b8356605d29,9a9388365c394f73,9a9388365c394f73,0,0
2954,2954,0,0000000,00,3,3,3,02b90c7dc5fc4782,0,0,3,3785e579f12f223c,0,1,1fae16d6d8eb5d29,9a9388365c394f73,9a9388365c394f73,0,0
2955,2955,0,0000000,00,3,3,3,ab0baed56c4ecad7,0,0,3,3785e579f12f223c,0,1,8c3281284b77d07c,9a9388365c394f73,9a9388365c394f73,0,0
2956,2956,0,0000000,00,3,3,3,25802380e2c5687f,0,0,3,3785e579f12f223c,0,1,02b90c7dc5fc4782,9a9388365c394f73,9a9388365c394f73,0,0
2957,2957,0,00001e0,04,2,2,3,b61cb47e7159e52a,0,0,2,3785e579f12f223c,3,1,ab0baed56c4ecad7,9a9388365c394f73,9a9388365c394f73,0,0
2958,2958,0,00001e4,04,2,2,3,3897392bffd272d4,0,0,2,bad06bf27c7aacb7,3,1,25802380e2c5687f,9a9388365c394f73,9a9388365c394f73,0,0
2959,2959,0,00001e8,04,2,2,3,e579f12f223cff81,0,0,2,2d2ef86eeb843f2b,3,1,b61cb47e7159e52a,9a9388365c394f73,9a9388365c394f73,0,0
2960,2960,0,00001ec,04,2,2,3,0000000000000000,0,0,2,a07b76e566d1b1a0,3,1,3897392bffd272d4,9a9388365c394f73,9a9388365c394f73,0,0
2961,2961,0,00001f0,04,2,2,3,0000000000000000,0,0,2,02d3df57c4791812,3,1,e579f12f223cff81,9a9388365c394f73,9a9388365c394f73,0,0
2962,2962,0,00001f4,04,2,2,3,e530000000000000,0,0,2,8f8651dc492c9699,3,1,0000000000000000,9a9388365c394f73,9a9388365c394f73,0,0
2963,2963,0,00001f8,04,2,2,3,e579f12f223c3785,0,0,2,1878c240ded20505,3,1,0000000000000000,9a9388365c394f73,9a9388365c394f73,0,0
2964,2964,0,00001fc,04,2,2,3,6bf27c7aacb73785,0,0,2,952d4ccb53878b8e,3,1,e530000000000000,9a9388365c394f73,9a9388365c394f73,0,0
2965,2965,0,0000000,00,3,3,3,f86eeb843f2bbad0,0,0,3,dd644fc91bce888c,0,1,e579f12f223c3785,9a9388365c394f73,9a9388365c394f73,0,0
2966,2966,0,0000000,00,3,3,3,76e566d1b1a02d2e,0,0,3,dd644fc91bce888c,0,1,6bf27c7aacb73785,9a9388365c394f73,9a9388365c394f73,0,0
2967,2967,0,0000000,00,3,3,3,df57c4791812a07b,0,0,3,dd644fc91bce888c,0,1,f86eeb843f2bbad0,9a9388365c394f73,9a9388365c394f73,0,0
2968,2968,0,0000000,00,3,3,3,51dc492c969902d3,0,0,3,dd644fc91bce888c,0,1,76e566d1b1a02d2e,9a9388365c394f73,9a9388365c394f73,0,0
2969,2969,0,0000200,04,2,2,3,c240ded205058f86,0,0,2,dd644fc91bce888c,3,1,df57c4791812a07b,9a9388365c394f73,9a9388365c394f73,0,0
2970,2970,0,0000204,04,2,2,3,4ccb53878b8e1878,0,0,2,5031c142969b0607,3,1,51dc492c969902d3,9a9388365c394f73,9a9388365c394f73,0,0
2971,2971,0,0000208,04,2,2,3,4fc91bce888c952d,0,0,2,c7cf52de0165959b,3,1,c240ded205058f86,9a9388365c394f73,9a9388365c394f73,0,0
2972,2972,0,000020c,04,2,2,3,0000000000000000,0,0,2,4a9adc558c301b10,3,1,4ccb53878b8e1878,9a9388365c394f73,9a9388365c394f73,0,0
2973,2973,0,0000210,04,2,2,3,0000000000000000,0,0,2,e83275e72e98b2a2,3,1,4fc91bce888c952d,9a9388365c394f73,9a9388365c394f73,0,0
2974,2974,0,0000214,04,2,2,3,4f80000000000000,0,0,2,6567fb6ca3cd3c29,3,1,0000000000000000,9a9388365c394f73,9a9388365c394f73,0,0
2975,2975,0,0000218,04,2,2,3,4fc91bce888cdd64,0,0,2,f29968f03433afb5,3,1,0000000000000000,9a9388365c394f73,9a9388365c394f73,0,0
2976,2976,0,000021c,04,2,2,3,c142969b0607dd64,0,0,2,7fcce67bb966213e,3,1,4f80000000000000,9a9388365c394f73,9a9388365c394f73,0,0
2977,2977,0,0000000,00,3,3,3,52de0165959b5031,0,0,3,b7c83b957162fcd0,0,1,4fc91bce888cdd64,9a9388365c394f73,9a9388365c394f73,0,0
2978,2978,0,0000000,00,3,3,3,dc558c301b10c7cf,0,0,3,b7c83b957162fcd0,0,1,c142969b0607dd64,9a9388365c394f73,9a9388365c394f73,0,0
2979,2979,0,0000000,00,3,3,3,75e72e98b2a24a9a,0,0,3,b7c83b957162fcd0,0,1,52de0165959b5031,9a9388365c394f73,9a9388365c394f73,0,0
2980,2980,0,0000000,00,3,3,3,fb6ca3cd3c29e832,0,0,3,b7c83b957162fcd0,0,1,dc558c301b10c7cf,9a9388365c394f73,9a9388365c394f73,0,0
2981,2981,0,0000220,04,2,2,3,68f03433afb56567,0,0,2,b7c83b957162fcd0,3,1,75e72e98b2a24a9a,9a9388365c394f73,9a9388365c394f73,0,0
2982,2982,0,0000224,04,2,2,3,e67bb966213ef299,0,0,2,3a9db51efc37725b,3,1,fb6ca3cd3c29e832,9a9388365c394f73,9a9388365c394f73,0,0
2983,2983,0,0000228,04,2,2,3,3b957162fcd07fcc,0,0,2,ad6326826bc9e1c7,3,1,68f03433afb56567,9a9388365c394f73,9a9388365c394f73,0,0
2984,2984,0,000022c,04,2,2,3,0000000000000000,0,0,2,2036a809e69c6f4c,3,1,e67bb966213ef299,9a9388365c394f73,9a9388365c394f73,0,0
2985,2985,0,0000230,04,2,2,3,0000000000000000,0,0,2,829e01bb4434c6fe,3,1,3b957162fcd07fcc,9a9388365c394f73,9a9388365c394f73,0,0
2986,2986,0,0000234,04,2,2,3,3b90000000000000,0,0,2,0fcb8f30c9614875,3,1,0000000000000000,9a9388365c394f73,9a9388365c394f73,0,0
2987,2987,0,0000238,04,2,2,3,3b957162fcd0b7c8,0,0,2,98351cac5e9fdbe9,3,1,0000000000000000,9a9388365c394f73,9a9388365c394f73,0,0
2988,2988,0,000023c,04,2,2,3,b51efc37725bb7c8,0,0,2,15609227d3ca5562,3,1,3b90000000000000,9a9388365c394f73,9a9388365c394f73,0,0
2989,2989,0,0000000,00,3,3,3,26826bc9e1c73a9d,0,0,3,083ca771ce966034,0,1,3b957162fcd0b7c8,9a9388365c394f73,9a9388365c394f73,0,0
2990,2990,0,0000000,00,3,3,3,a809e69c6f4cad63,0,0,3,083ca771ce966034,0,1,b51efc37725bb7c8,9a9388365c394f73,9a9388365c394f73,0,0
2991,2991,0,0000000,00,3,3,3,01bb4434c6fe2036,0,0,3,083ca771ce966034,0,1,26826bc9e1c73a9d,9a9388365c394f73,9a9388365c394f73,0,0
2992,2992,0,0000000,00,3,3,3,8f30c9614875829e,0,0,3,083ca771ce966034,0,1,a809e69c6f4cad63,9a9388365c394f73,9a9388365c394f73,0,0
2993,2993,0,0000240,04,2,2,3,1cac5e9fdbe90fcb,0,0,2,083ca771ce966034,3,1,01bb4434c6fe2036,9a9388365c394f73,9a9388365c394f73,0,0
2994,2994,0,0000244,04,2,2,3,9227d3ca55629835,0,0,2,856929fa43c3eebf,3,1,8f30c9614875829e,9a9388365c394f73,9a9388365c394f73,0,0
2995,2995,0,0000248,04,2,2,3,a771ce9660341560,0,0,2,1297ba66d43d7d23,3,1,1cac5e9fdbe90fcb,9a9388365c394f73,9a9388365c394f73,0,0
2996,2996,0,000024c,04,2,2,3,0000000000000000,0,0,2,9fc234ed5968f3a8,3,1,9227d3ca55629835,9a9388365c394f73,9a9388365c394f73,0,0
2997,2997,0,0000250,04,2,2,3,0000000000000000,0,0,2,3d6a9d5ffbc05a1a,3,1,a771ce9660341560,9a9388365c394f73,9a9388365c394f73,0,0
2998,2998,0,0000254,04,2,2,3,a730000000000000,0,0,2,b03f13d47695d491,3,1,0000000000000000,9a9388365c394f73,9a9388365c394f73,0,0
2999,2999,0,0000258,04,2,2,3,a771ce966034083c,0,0,2,27c18048e16b470d,3,1,0000000000000000,9a9388365c394f73,9a9388365c394f73,0,0
3000,3000,0,000025c,04,2,2,3,29fa43c3eebf083c,0,0,2,aa940ec36c3ec986,3,1,a730000000000000,9a9388365c394f73,9a9388365c394f73,0,0
3001,3001,0,0000000,00,3,3,3,ba66d43d7d238569,0,0,3,6290d32da43a1468,0,1,a771ce966034083c,9a9388365c394f73,9a9388365c394f73,0,0
3002,3002,0,0000000,00,3,3,3,34ed5968f3a81297,0,0,3,6290d32da43a1468,0,1,29fa43c3eebf083c,9a9388365c394f73,9a9388365c394f73,0,0
3003,3003,0,0000000,00,3,3,3,9d5ffbc05a1a9fc2,0,0,3,6290d32da43a1468,0,1,ba66d43d7d238569,9a9388365c394f73,9a9388365c394f73,0,0
3004,3004,0,0000000,00,3,3,3,13d47695d4913d6a,0,0,3,6290d32da43a1468,0,1,34ed5968f3a81297,9a9388365c394f73,9a9388365c394f73,0,0
3005,3005,0,0000260,04,2,2,3,8048e16b470db03f,0,0,2,6290d32da43a1468,3,1,9d5ffbc05a1a9fc2,9a9388365c394f73,9a9388365c394f73,0,0
3006,3006,0,0000264,04,2,2,3,0ec36c3ec98627c1,0,0,2,efc55da6296f9ae3,3,1,13d47695d4913d6a,9a9388365c394f73,9a9388365c394f73,0,0
3007,3007,0,0000268,04,2,2,3,d32da43a1468aa94,0,0,2,783bce3abe91097f,3,1,8048e16b470db03f,9a9388365c394f73,9a9388365c394f73,0,0
3008,3008,0,000026c,04,2,2,3,0000000000000008,0,0,2,f56e40b133c487f4,3,1,0ec36c3ec98627c1,9a9388365c394f73,9a9388365c394f73,0,0
3009,3009,0,0000270,04,2,2,3,0000000000000000,0,0,2,57c6e903916c2e46,3,1,d32da43a1468aa94,9a9388365c394f73,9a9388365c394f73,0,0
3010,3010,0,0000274,04,2,2,3,d320000000000000,0,0,2,da9367881c39a0cd,3,1,0000000000000008,9a9388365c394f73,9a9388365c394f73,0,0
3011,3011,0,0000278,04,2,2,3,d32da43a14686290,0,0,2,4d6df4148bc73351,3,1,0000000000000000,9a9388365c394f73,9a9388365c394f73,0,0
3012,3012,0,000027c,04,2,2,3,5da6296f9ae36290,0,0,2,c0387a9f0692bdda,3,1,d320000000000000,9a9388365c394f73,9a9388365c394f73,0,0
3013,3013,0,0000000,00,3,3,3,ce3abe91097fefc5,0,0,3,77d59eb8b17f59fd,0,1,d32da43a14686290,9a9388365c394f73,9a9388365c394f73,0,0
3014,3014,0,0000000,00,3,3,3,40b133c487f4783b,0,0,3,77d59eb8b17f59fd,0,1,5da6296f9ae36290,9a9388365c394f73,9a9388365c394f73,0,0
3015,3015,0,0000000,00,3,3,3,e903916c2e46f56e,0,0,3,77d59eb8b17f59fd,0,1,ce3abe91097fefc5,9a9388365c394f73,9a9388365c394f73,0,0
3016,3016,0,0000000,00,3,3,3,67881c39a0cd57c6,0,0,3,77d59eb8b17f59fd,0,1,40b133c487f4783b,9a9388365c394f73,9a9388365c394f73,0,0
3017,3017,0,0000280,04,2,2,3,f4148bc73351da93,0,0,2,77d59eb8b17f59fd,3,1,e903916c2e46f56e,9a9388365c394f73,9a9388365c394f73,0,0
3018,3018,0,0000284,04,2,2,3,7a9f0692bdda4d6d,0,0,2,fa8010333c2ad776,3,1,67881c39a0cd57c6,9a9388365c394f73,9a9388365c394f73,0,0
3019,3019,0,0000288,04,2,2,3,9eb8b17f59fdc038,0,0,2,6d7e83afabd444ea,3,1,f4148bc73351da93,9a9388365c394f73,9a9388365c394f73,0,0
3020,3020,0,000028c,04,2,2,3,0000000000000000,0,0,2,e02b0d242681ca61,3,1,7a9f0692bdda4d6d,9a9388365c394f73,9a9388365c394f73,0,0
3021,3021,0,0000290,04,2,2,3,0000000000000000,0,0,2,4283a496842963d3,3,1,9eb8b17f59fdc038,9a9388365c394f73,9a9388365c394f73,0,0
3022,3022,0,0000294,04,2,2,3,9eb0000000000000,0,0,2,cfd62a1d097ced58,3,1,0000000000000000,9a9388365c394f73,9a9388365c394f73,0,0
3023,3023,0,0000298,04,2,2,3,9eb8b17f59fd77d5,0,0,2,5828b9819e827ec4,3,1,0000000000000000,9a9388365c394f73,9a9388365c394f73,0,0
3024,3024,0,000029c,04,2,2,3,10333c2ad77677d5,0,0,2,d57d370a13d7f04f,3,1,9eb0000000000000,9a9388365c394f73,9a9388365c394f73,0,0
3025,3025,0,0000000,00,3,3,3,83afabd444eafa80,0,0,3,1d79eae4dbd32da1,0,1,9eb8b17f59fd77d5,9a9388365c394f73,9a9388365c394f73,0,0
3026,3026,0,0000000,00,3,3,3,0d242681ca616d7e,0,0,3,1d79eae4dbd32da1,0,1,10333c2ad77677d5,9a9388365c394f73,9a9388365c394f73,0,0
3027,3027,0,0000000,00,3,3,3,a496842963d3e02b,0,0,3,1d79eae4dbd32da1,0,1,83afabd444eafa80,9a9388365c394f73,9a9388365c394f73,0,0
3028,3028,0,0000000,00,3,3,3,2a1d097ced584283,0,0,3,1d79eae4dbd32da1,0,1,0d242681ca616d7e,9a9388365c394f73,9a9388365c394f73,0,0
3029,3029,0,00002a0,04,2,2,3,b9819e827ec4cfd6,0,0,2,1d79eae4dbd32da1,3,1,a496842963d3e02b,9a9388365c394f73,9a9388365c394f73,0,0
3030,3030,0,00002a4,04,2,2,3,370a13d7f04f5828,0,0,2,902c646f5686a32a,3,1,2a1d097ced584283,9a9388365c394f73,9a9388365c394f73,0,0
3031,3031,0,00002a8,04,2,2,3,eae4dbd32da1d57d,0,0,2,07d2f7f3c17830b6,3,1,b9819e827ec4cfd6,9a9388365c394f73,9a9388365c394f73,0,0
3032,3032,0,00002ac,04,2,2,3,0000000000000000,0,0,2,8a8779784c2dbe3d,3,1,370a13d7f04f5828,9a9388365c394f73,9a9388365c394f73,0,0
3033,3033,0,00002b0,04,2,2,3,0000000000000000,0,0,2,282fd0caee85178f,3,1,eae4dbd32da1d57d,9a9388365c394f73,9a9388365c394f73,0,0
3034,3034,0,00002b4,04,2,2,3,eaa0000000000000,0,0,2,a57a5e4163d09904,3,1,0000000000000000,9a9388365c394f73,9a9388365c394f73,0,0
3035,3035,0,00002b8,04,2,2,3,eae4dbd32da11d79,0,0,2,3284cdddf42e0a98,3,1,0000000000000000,9a9388365c394f73,9a9388365c394f73,0,0
3036,3036,0,00002bc,04,2,2,3,646f5686a32a1d79,0,0,2,bfd14356797b8413,3,1,eaa0000000000000,9a9388365c394f73,9a9388365c394f73,0,0
3037,3037,0,0000000,00,3,3,3,f7f3c17830b6902c,0,0,3,a28d76006427b145,0,1,eae4dbd32da11d79,9a9388365c394f73,9a9388365c394f73,0,0
3038,3038,0,0000000,00,3,3,3,79784c2dbe3d07d2,0,0,3,a28d76006427b145,0,1,646f5686a32a1d79,9a9388365c394f73,9a9388365c394f73,0,0
3039,3039,0,0000000,00,3,3,3,d0caee85178f8a87,0,0,3,a28d76006427b145,0,1,f7f3c17830b6902c,9a9388365c394f73,9a9388365c394f73,0,0
3040,3040,0,0000000,00,3,3,3,5e4163d09904282f,0,0,3,a28d76006427b145,0,1,79784c2dbe3d07d2,9a9388365c394f73,9a9388365c394f73,0,0
3041,3041,0,00002c0,04,2,2,3,cdddf42e0a98a57a,0,0,2,a28d76006427b145,3,1,d0caee85178f8a87,9a9388365c394f73,9a9388365c394f73,0,0
3042,3042,0,00002c4,04,2,2,3,4356797b84133284,0,0,2,2fd8f88be9723fce,3,1,5e4163d09904282f,9a9388365c394f73,9a9388365c394f73,0,0
3043,3043,0,00002c8,04,2,2,3,76006427b145bfd1,0,0,2,b8266b177e8cac52,3,1,cdddf42e0a98a57a,9a9388365c394f73,9a9388365c394f73,0,0
3044,3044,0,00002cc,04,2,2,3,0000000000000000,0,0,2,3573e59cf3d922d9,3,1,4356797b84133284,9a9388365c394f73,9a9388365c394f73,0,0
3045,3045,0,00002d0,04,2,2,3,0000000000000000,0,0,2,97db4c2e51718b6b,3,1,76006427b145bfd1,9a9388365c394f73,9a9388365c394f73,0,0
3046,3046,0,00002d4,04,2,2,3,7600000000000000,0,0,2,1a8ec2a5dc2405e0,3,1,0000000000000000,9a9388365c394f73,9a9388365c394f73,0,0
3047,3047,0,00002d8,04,2,2,3,76006427b145a28d,0,0,2,8d7051394bda967c,3,1,0000000000000000,9a9388365c394f73,9a9388365c394f73,0,0
3048,3048,0,00002dc,04,2,2,3,f88be9723fcea28d,0,0,2,0025dfb2c68f18f7,3,1,7600000000000000,9a9388365c394f73,9a9388365c394f73,0,0
3049,3049,0,0000000,00,3,3,3,6b177e8cac522fd8,0,0,3,c821025c0e8bc519,0,1,76006427b145a28d,9a9388365c394f73,9a9388365c394f73,0,0
3050,3050,0,0000000,00,3,3,3,e59cf3d922d9b826,0,0,3,c821025c0e8bc519,0,1,f88be9723fcea28d,9a9388365c394f73,9a9388365c394f73,0,0
3051,3051,0,0000000,00,3,3,3,4c2e51718b6b3573,0,0,3,c821025c0e8bc519,0,1,6b177e8cac522fd8,9a9388365c394f73,9a9388365c394f73,0,0
3052,3052,0,0000000,00,3,3,3,c2a5dc2405e097db,0,0,3,c821025c0e8bc519,0,1,e59cf3d922d9b826,9a9388365c394f73,9a9388365c394f73,0,0
3053,3053,0,00002e0,04,2,2,3,51394bda967c1a8e,0,0,2,c821025c0e8bc519,3,1,4c2e51718b6b3573,9a9388365c394f73,9a9388365c394f73,0,0
3054,3054,0,00002e4,04,2,2,3,dfb2c68f18f78d70,0,0,2,45748cd783de4b92,3,1,c2a5dc2405e097db,9a9388365c394f73,9a9388365c394f73,0,0
3055,3055,0,00002e8,04,2,2,3,025c0e8bc5190025,0,0,2,d28a1f4b1420d80e,3,1,51394bda967c1a8e,9a9388365c394f73,9a9388365c394f73,0,0
3056,3056,0,00002ec,04,2,2,3,0000000000000000,0,0,2,5fdf91c099755685,3,1,dfb2c68f18f78d70,9a9388365c394f73,9a9388365c394f73,0,0
3057,3057,0,00002f0,04,2,2,3,0000000000000000,0,0,2,fd7738723bddff37,3,1,025c0e8bc5190025,9a9388365c394f73,9a9388365c394f73,0,0
3058,3058,0,00002f4,04,2,2,3,0210000000000000,0,0,2,7022b6f9b68871bc,3,1,0000000000000000,9a9388365c394f73,9a9388365c394f73,0,0
3059,3059,0,00002f8,04,2,2,3,025c0e8bc519c821,0,0,2,e7dc25652176e220,3,1,0000000000000000,9a9388365c394f73,9a9388365c394f73,0,0
3060,3060,0,00002fc,04,2,2,3,8cd783de4b92c821,0,0,2,6a89abeeac236cab,3,1,0210000000000000,9a9388365c394f73,9a9388365c394f73,0,0
3061,3061,0,0000000,00,3,3,3,1f4b1420d80e4574,0,0,3,8807ed2a4ead2a6f,0,1,025c0e8bc519c821,9a9388365c394f73,9a9388365c394f73,0,0
3062,3062,0,0000000,00,3,3,3,91c099755685d28a,0,0,3,8807ed2a4ead2a6f,0,1,8cd783de4b92c821,9a9388365c394f73,9a9388365c394f73,0,0
3063,3063,0,0000000,00,3,3,3,38723bddff375fdf,0,0,3,8807ed2a4ead2a6f,0,1,1f4b1420d80e4574,9a9388365c394f73,9a9388365c394f73,0,0
3064,3064,0,0000000,00,3,3,3,b6f9b68871bcfd77,0,0,3,8807ed2a4ead2a6f,0,1,91c099755685d28a,9a9388365c394f73,9a9388365c394f73,0,0
3065,3065,0,0000300,04,2,2,3,25652176e2207022,0,0,2,8807ed2a4ead2a6f,3,1,38723bddff375fdf,9a9388365c394f73,9a9388365c394f73,0,0
3066,3066,0,0000304,04,2,2,3,abeeac236cabe7dc,0,0,2,055263a1c3f8a4e4,3,1,b6f9b68871bcfd77,9a9388365c394f73,9a9388365c394f73,0,0
3067,3067,0,0000308,04,2,2,3,ed2a4ead2a6f6a89,0,0,2,92acf03d54063778,3,1,25652176e2207022,9a9388365c394f73,9a9388365c394f73,0,0
3068,3068,0,000030c,04,2,2,3,0000000000000000,0,0,2,1ff97eb6d953b9f3,3,1,abeeac236cabe7dc,9a9388365c394f73,9a9388365c394f73,0,0
3069,3069,0,0000310,04,2,2,3,0000000000000000,0,0,2,bd51d7047bfb1041,3,1,ed2a4ead2a6f6a89,9a9388365c394f73,9a9388365c394f73,0,0
3070,3070,0,0000314,04,2,2,3,ed20000000000000,0,0,2,3004598ff6ae9eca,3,1,0000000000000000,9a9388365c394f73,9a9388365c394f73,0,0
3071,3071,0,0000318,04,2,2,3,ed2a4ead2a6f8807,0,0,2,a7faca1361500d56,3,1,0000000000000000,9a9388365c394f73,9a9388365c394f73,0,0
3072,3072,0,000031c,04,2,2,3,63a1c3f8a4e48807,0,0,2,2aaf4498ec0583dd,3,1,ed20000000000000,9a9388365c394f73,9a9388365c394f73,0,0
3073,3073,0,0000000,00,3,3,3,f03d540637780552,0,0,3,e2ab997624015e33,0,1,ed2a4ead2a6f8807,9a9388365c394f73,9a9388365c394f73,0,0
3074,3074,0,0000000,00,3,3,3,7eb6d953b9f392ac,0,0,3,e2ab997624015e33,0,1,63a1c3f8a4e48807,9a9388365c394f73,9a9388365c394f73,0,0
3075,3075,0,0000000,00,3,3,3,d7047bfb10411ff9,0,0,3,e2ab997624015e33,0,1,f03d540637780552,9a9388365c394f73,9a9388365c394f73,0,0
3076,3076,0,0000000,00,3,3,3,598ff6ae9ecabd51,0,0,3,e2ab997624015e33,0,1,7eb6d953b9f392ac,9a9388365c394f73,9a9388365c394f73,0,0
3077,3077,0,0000320,04,2,2,3,ca1361500d563004,0,0,2,e2ab997624015e33,3,1,d7047bfb10411ff9,9a9388365c394f73,9a9388365c394f73,0,0
3078,3078,0,0000324,04,2,2,3,4498ec0583dda7fa,0,0,2,6ffe17fda954d0b8,3,1,598ff6ae9ecabd51,9a9388365c394f73,9a9388365c394f73,0,0
3079,3079,0,0000328,04,2,2,3,997624015e332aaf,0,0,2,f80084613eaa4324,3,1,ca1361500d563004,9a9388365c394f73,9a9388365c394f73,0,0
3080,3080,0,000032c,04,2,2,3,0000000000000004,0,0,2,75550aeab3ffcdaf,3,1,4498ec0583dda7fa,9a9388365c394f73,9a9388365c394f73,0,0
3081,3081,0,0000330,04,2,2,3,0000000000000000,0,0,2,d7fda3581157641d,3,1,997624015e332aaf,9a9388365c394f73,9a9388365c394f73,0,0
3082,3082,0,0000334,04,2,2,3,9930000000000000,0,0,2,5aa82dd39c02ea96,3,1,0000000000000004,9a9388365c394f73,9a9388365c394f73,0,0
3083,3083,0,0000338,04,2,2,3,997624015e33e2ab,0,0,2,cd56be4f0bfc790a,3,1,0000000000000000,9a9388365c394f73,9a9388365c394f73,0,0
3084,3084,0,000033c,04,2,2,3,17fda954d0b8e2ab,0,0,2,400330c486a9f781,3,1,9930000000000000,9a9388365c394f73,9a9388365c394f73,0,0
3085,3085,0,0000000,00,3,3,3,84613eaa43246ffe,0,0,3,5d5f05929bf5c2d7,0,1,997624015e33e2ab,9a9388365c394f73,9a9388365c394f73,0,0
3086,3086,0,0000000,00,3,3,3,0aeab3ffcdaff800,0,0,3,5d5f05929bf5c2d7,0,1,17fda954d0b8e2ab,9a9388365c394f73,9a9388365c394f73,0,0
3087,3087,0,0000000,00,3,3,3,a3581157641d7555,0,0,3,5d5f05929bf5c2d7,0,1,84613eaa43246ffe,9a9388365c394f73,9a9388365c394f73,0,0
3088,3088,0,0000000,00,3,3,3,2dd39c02ea96d7fd,0,0,3,5d5f05929bf5c2d7,0,1,0aeab3ffcdaff800,9a9388365c394f73,9a9388365c394f73,0,0
3089,3089,0,0000340,04,2,2,3,be4f0bfc790a5aa8,0,0,2,5d5f05929bf5c2d7,3,1,a3581157641d7555,9a9388365c394f73,9a9388365c394f73,0,0
3090,3090,0,0000344,04,2,2,3,30c486a9f781cd56,0,0,2,d00a8b1916a04c5c,3,1,2dd39c02ea96d7fd,9a9388365c394f73,9a9388365c394f73,0,0
3091,3091,0,0000348,04,2,2,3,05929bf5c2d74003,0,0,2,47f41885815edfc0,3,1,be4f0bfc790a5aa8,9a9388365c394f73,9a9388365c394f73,0,0
3092,3092,0,000034c,04,2,2,3,0000000000000000,0,0,2,caa1960e0c0b514b,3,1,30c486a9f781cd56,9a9388365c394f73,9a9388365c394f73,0,0
3093,3093,0,0000350,04,2,2,3,0000000000000000,0,0,2,68093fbcaea3f8f9,3,1,05929bf5c2d74003,9a9388365c394f73,9a9388365c394f73,0,0
3094,3094,0,0000354,04,2,2,3,0590000000000000,0,0,2,e55cb13723f67672,3,1,0000000000000000,9a9388365c394f73,9a9388365c394f73,0,0
3095,3095,0,0000358,04,2,2,3,05929bf5c2d75d5f,0,0,2,72a222abb408e5ee,3,1,0000000000000000,9a9388365c394f73,9a9388365c394f73,0,0
3096,3096,0,000035c,04,2,2,3,8b1916a04c5c5d5f,0,0,2,fff7ac20395d6b65,3,1,0590000000000000,9a9388365c394f73,9a9388365c394f73,0,0
3097,3097,0,0000000,00,3,3,3,1885815edfc0d00a,0,0,3,37f371cef159b68b,0,1,05929bf5c2d75d5f,9a9388365c394f73,9a9388365c394f73,0,0
3098,3098,0,0000000,00,3,3,3,960e0c0b514b47f4,0,0,3,37f371cef159b68b,0,1,8b1916a04c5c5d5f,9a9388365c394f73,9a9388365c394f73,0,0
3099,3099,0,0000000,00,3,3,3,3fbcaea3f8f9caa1,0,0,3,37f371cef159b68b,0,1,1885815edfc0d00a,9a9388365c394f73,9a9388365c394f73,0,0
3100,3100,0,0000000,00,3,3,3,b13723f676726809,0,0,3,37f371cef159b68b,0,1,960e0c0b514b47f4,9a9388365c394f73,9a9388365c394f73,0,0
3101,3101,0,0000360,04,2,2,3,22abb408e5eee55c,0,0,2,37f371cef159b68b,3,1,3fbcaea3f8f9caa1,9a9388365c394f73,9a9388365c394f73,0,0
3102,3102,0,0000364,04,2,2,3,ac20395d6b6572a2,0,0,2,baa6ff457c0c3800,3,1,b13723f676726809,9a9388365c394f73,9a9388365c394f73,0,0
3103,3103,0,0000368,04,2,2,3,71cef159b68bfff7,0,0,2,2d586cd9ebf2ab9c,3,1,22abb408e5eee55c,9a9388365c394f73,9a9388365c394f73,0,0
3104,3104,0,000036c,04,2,2,3,0000000000000000,0,0,2,a00de25266a72517,3,1,ac20395d6b6572a2,9a9388365c394f73,9a9388365c394f73,0,0
3105,3105,0,0000370,04,2,2,3,0000000000000000,0,0,2,02a54be0c40f8ca5,3,1,71cef159b68bfff7,9a9388365c394f73,9a9388365c394f73,0,0
3106,3106,0,0000374,04,2,2,3,7180000000000000,0,0,2,8ff0c56b495a022e,3,1,0000000000000000,9a9388365c394f73,9a9388365c394f73,0,0
3107,3107,0,0000378,04,2,2,3,71cef159b68b37f3,0,0,2,180e56f7dea491b2,3,1,0000000000000000,9a9388365c394f73,9a9388365c394f73,0,0
3108,3108,0,000037c,04,2,2,3,ff457c0c380037f3,0,0,2,955bd87c53f11f39,3,1,7180000000000000,9a9388365c394f73,9a9388365c394f73,0,0
3109,3109,0,0000000,00,3,3,3,6cd9ebf2ab9cbaa6,0,0,3,22b63c5be41cfb1e,0,1,71cef159b68b37f3,9a9388365c394f73,9a9388365c394f73,0,0
3110,3110,0,0000000,00,3,3,3,e25266a725172d58,0,0,3,22b63c5be41cfb1e,0,1,ff457c0c380037f3,9a9388365c394f73,9a9388365c394f73,0,0
3111,3111,0,0000000,00,3,3,3,4be0c40f8ca5a00d,0,0,3,22b63c5be41cfb1e,0,1,6cd9ebf2ab9cbaa6,9a9388365c394f73,9a9388365c394f73,0,0
3112,3112,0,0000000,00,3,3,3,c56b495a022e02a5,0,0,3,22b63c5be41cfb1e,0,1,e25266a725172d58,9a9388365c394f73,9a9388365c394f73,0,0
3113,3113,0,0000380,04,2,2,3,56f7dea491b28ff0,0,0,2,22b63c5be41cfb1e,3,1,4be0c40f8ca5a00d,9a9388365c394f73,9a9388365c394f73,0,0
3114,3114,0,0000384,04,2,2,3,d87c53f11f39180e,0,0,2,afe3b2d069497595,3,1,c56b495a022e02a5,9a9388365c394f73,9a9388365c394f73,0,0
3115,3115,0,0000388,04,2,2,3,3c5be41cfb1e955b,0,0,2,381d214cfeb7e609,3,1,56f7dea491b28ff0,9a9388365c394f73,9a9388365c394f73,0,0
3116,3116,0,000038c,04,2,2,3,0000000000000000,0,0,2,b548afc773e26882,3,1,d87c53f11f39180e,9a9388365c394f73,9a9388365c394f73,0,0
3117,3117,0,0000390,04,2,2,3,0000000000000000,0,0,2,17e00675d14ac130,3,1,3c5be41cfb1e955b,9a9388365c394f73,9a9388365c394f73,0,0
3118,3118,0,0000394,04,2,2,3,3c10000000000000,0,0,2,9ab588fe5c1f4fbb,3,1,0000000000000000,9a9388365c394f73,9a9388365c394f73,0,0
3119,3119,0,0000398,04,2,2,3,3c5be41cfb1e22b6,0,0,2,0d4b1b62cbe1dc27,3,1,0000000000000000,9a9388365c394f73,9a9388365c394f73,0,0
3120,3120,0,000039c,04,2,2,3,b2d06949759522b6,0,0,2,801e95e946b452ac,3,1,3c10000000000000,9a9388365c394f73,9a9388365c394f73,0,0
3121,3121,0,0000000,00,3,3,3,214cfeb7e609afe3,0,0,3,481a48078eb08f42,0,1,3c5be41cfb1e22b6,9a9388365c394f73,9a9388365c394f73,0,0
3122,3122,0,0000000,00,3,3,3,afc773e26882381d,0,0,3,481a48078eb08f42,0,1,b2d06949759522b6,9a9388365c394f73,9a9388365c394f73,0,0
3123,3123,0,0000000,00,3,3,3,0675d14ac130b548,0,0,3,481a48078eb08f42,0,1,214cfeb7e609afe3,9a9388365c394f73,9a9388365c394f73,0,0
3124,3124,0,0000000,00,3,3,3,88fe5c1f4fbb17e0,0,0,3,481a48078eb08f42,0,1,afc773e26882381d,9a9388365c394f73,9a9388365c394f73,0,0
3125,3125,0,00003a0,04,2,2,3,1b62cbe1dc279ab5,0,0,2,481a48078eb08f42,3,1,0675d14ac130b548,9a9388365c394f73,9a9388365c394f73,0,0
3126,3126,0,00003a4,04,2,2,3,95e946b452ac0d4b,0,0,2,c54fc68c03e501c9,3,1,88fe5c1f4fbb17e0,9a9388365c394f73,9a9388365c394f73,0,0
3127,3127,0,00003a8,04,2,2,3,48078eb08f42801e,0,0,2,52b15510941b9255,3,1,1b62cbe1dc279ab5,9a9388365c394f73,9a9388365c394f73,0,0
3128,3128,0,00003ac,04,2,2,3,0000000000000000,0,0,2,dfe4db9b194e1cde,3,1,95e946b452ac0d4b,9a9388365c394f73,9a9388365c394f73,0,0
3129,3129,0,00003b0,04,2,2,3,0000000000000000,0,0,2,7d4c7229bbe6b56c,3,1,48078eb08f42801e,9a9388365c394f73,9a9388365c394f73,0,0
3130,3130,0,00003b4,04,2,2,3,4800000000000000,0,0,2,f019fca236b33be7,3,1,0000000000000000,9a9388365c394f73,9a9388365c394f73,0,0
3131,3131,0,00003b8,04,2,2,3,48078eb08f42481a,0,0,2,67e76f3ea14da87b,3,1,0000000000000000,9a9388365c394f73,9a9388365c394f73,0,0
3132,3132,0,00003bc,04,2,2,3,c68c03e501c9481a,0,0,2,eab2e1b52c1826f0,3,1,4800000000000000,9a9388365c394f73,9a9388365c394f73,0,0
3133,3133,0,0000000,00,3,3,3,5510941b9255c54f,0,0,3,f7eed4e3314413a6,0,1,48078eb08f42481a,9a9388365c394f73,9a9388365c394f73,0,0
3134,3134,0,0000000,00,3,3,3,db9b194e1cde52b1,0,0,3,f7eed4e3314413a6,0,1,c68c03e501c9481a,9a9388365c394f73,9a9388365c394f73,0,0
3135,3135,0,0000000,00,3,3,3,7229bbe6b56cdfe4,0,0,3,f7eed4e3314413a6,0,1,5510941b9255c54f,9a9388365c394f73,9a9388365c394f73,0,0
3136,3136,0,0000000,00,3,3,3,fca236b33be77d4c,0,0,3,f7eed4e3314413a6,0,1,db9b194e1cde52b1,9a9388365c394f73,9a9388365c394f73,0,0
3137,3137,0,00003c0,04,2,2,3,6f3ea14da87bf019,0,0,2,f7eed4e3314413a6,3,1,7229bbe6b56cdfe4,9a9388365c394f73,9a9388365c394f73,0,0
3138,3138,0,00003c4,04,2,2,3,e1b52c1826f067e7,0,0,2,7abb5a68bc119d2d,3,1,fca236b33be77d4c,9a9388365c394f73,9a9388365c394f73,0,0
3139,3139,0,00003c8,04,2,2,3,d4e3314413a6eab2,0,0,2,ed45c9f42bef0eb1,3,1,6f3ea14da87bf019,9a9388365c394f73,9a9388365c394f73,0,0
3140,3140,0,00003cc,04,2,2,3,0000000000000000,0,0,2,6010477fa6ba803a,3,1,e1b52c1826f067e7,9a9388365c394f73,9a9388365c394f73,0,0
3141,3141,0,00003d0,04,2,2,3,0000000000000000,0,0,2,c2b8eecd04122988,3,1,d4e3314413a6eab2,9a9388365c394f73,9a9388365c394f73,0,0
3142,3142,0,00003d4,04,2,2,3,d4a0000000000000,0,0,2,4fed60468947a703,3,1,0000000000000000,9a9388365c394f73,9a9388365c394f73,0,0
3143,3143,0,00003d8,04,2,2,3,d4e3314413a6f7ee,0,0,2,d813f3da1eb9349f,3,1,0000000000000000,9a9388365c394f73,9a9388365c394f73,0,0
3144,3144,0,00003dc,04,2,2,3,5a68bc119d2df7ee,0,0,2,55467d5193ecba14,3,1,d4a0000000000000,9a9388365c394f73,9a9388365c394f73,0,0
3145,3145,0,0000000,00,3,3,3,c9f42bef0eb17abb,0,0,3,9d42a0bf5be867fa,0,1,d4e3314413a6f7ee,9a9388365c394f73,9a9388365c394f73,0,0
3146,3146,0,0000000,00,3,3,3,477fa6ba803aed45,0,0,3,9d42a0bf5be867fa,0,1,5a68bc119d2df7ee,9a9388365c394f73,9a9388365c394f73,0,0
3147,3147,0,0000000,00,3,3,3,eecd041229886010,0,0,3,9d42a0bf5be867fa,0,1,c9f42bef0eb17abb,9a9388365c394f73,9a9388365c394f73,0,0
3148,3148,0,0000000,00,3,3,3,60468947a703c2b8,0,0,3,9d42a0bf5be867fa,0,1,477fa6ba803aed45,9a9388365c394f73,9a9388365c394f73,0,0
3149,3149,0,00003e0,04,2,2,3,f3da1eb9349f4fed,0,0,2,9d42a0bf5be867fa,3,1,eecd041229886010,9a9388365c394f73,9a9388365c394f73,0,0
3150,3150,0,00003e4,04,2,2,3,7d5193ecba14d813,0,0,2,10172e34d6bde971,3,1,60468947a703c2b8,9a9388365c394f73,9a9388365c394f73,0,0
3151,3151,0,00003e8,04,2,2,3,a0bf5be867fa5546,0,0,2,87e9bda841437aed,3,1,f3da1eb9349f4fed,9a9388365c394f73,9a9388365c394f73,0,0
3152,3152,0,00003ec,04,2,2,3,000000000000000d,0,0,2,0abc3323cc16f466,3,1,7d5193ecba14d813,9a9388365c394f73,9a9388365c394f73,0,0
3153,3153,0,00003f0,04,2,2,3,0000000000000000,0,0,2,a8149a916ebe5dd4,3,1,a0bf5be867fa5546,9a9388365c394f73,9a9388365c394f73,0,0
3154,3154,0,00003f4,04,2,2,3,a0b0000000000000,0,0,2,2541141ae3ebd35f,3,1,000000000000000d,9a9388365c394f73,9a9388365c394f73,0,0
3155,3155,0,00003f8,04,2,2,3,a0bf5be867fa9d42,0,0,2,b2bf8786741540c3,3,1,0000000000000000,9a9388365c394f73,9a9388365c394f73,0,0
3156,3156,0,00003fc,04,2,2,3,2e34d6bde9719d42,0,0,2,3fea090df940ce48,3,1,a0b0000000000000,9a9388365c394f73,9a9388365c394f73,0,0
3157,3157,0,0000000,00,3,3,3,bda841437aed1017,0,0,3,22b63c5be41cfb1e,0,1,a0bf5be867fa9d42,9a9388365c394f73,9a9388365c394f73,0,0
3158,3158,0,0000000,00,3,3,3,3323cc16f46687e9,0,0,3,22b63c5be41cfb1e,0,1,2e34d6bde9719d42,9a9388365c394f73,9a9388365c394f73,0,0
3159,3159,0,0000000,00,3,3,3,9a916ebe5dd40abc,0,0,3,222d8182e48746c7,0,1,bda841437aed1017,9a9388365c394f73,9a9388365c394f73,0,0
3160,3160,0,0000000,00,3,3,3,141ae3ebd35fa814,0,0,3,222d8182e48746c7,0,1,3323cc16f46687e9,9a9388365c394f73,9a9388365c394f73,0,0
3161,3161,0,0000003,05,3,2,2,8786741540c32541,0,0,3,222d8182e48746c7,0,1,9a916ebe5dd40abc,9a9388365c394f73,9a9388365c394f73,0,0
3162,3162,0,0000000,00,3,3,3,090df940ce48b2bf,0,0,3,222d8182e48746c7,0,1,141ae3ebd35fa814,9a9388365c394f73,9a9388365c394f73,0,0
3163,3163,0,0000000,00,3,3,3,3c5be41cfb1e3fea,0,0,3,222d8182e48746c7,0,1,8786741540c32541,9a9388365c394f73,9a9388365c394f73,0,0
3164,3164,0,0000000,00,3,3,3,0000000000000000,0,0,3,222d8182e48746c7,0,1,090df940ce48b2bf,9a9388365c394f73,9a9388365c394f73,0,0
3165,3165,0,00001b0,02,2,2,3,0000000000000000,0,0,3,222d8182e48746c7,0,1,3c5be41cfb1e3fea,9a9388365c394f73,9a9388365c394f73,0,0
3166,3166,0,00001b4,02,2,2,3,0000000000000000,3,0,3,222d8182e48746c7,0,1,0000000000000000,9a9388365c394f73,9a9388365c394f73,0,0
3167,3167,0,00001b8,02,2,2,3,0000000000000000,3,0,3,222d8182e48746c7,0,1,0000000000000000,9a9388365c394f73,9a9388365c394f73,0,0
3168,3168,0,0000000,00,3,3,3,0000000000000000,3,0,3,222d8182e48746c7,0,1,0000000000000000,9a9388365c394f73,9a9388365c394f73,0,0
3169,3169,0,0000000,00,3,3,3,0000000000000000,0,0,3,222d8182e48746c7,0,1,0000000000000000,9a9388365c394f73,9a9388365c394f73,0,0
3170,3170,0,0000000,00,3,3,3,0000000000000000,0,0,3,222d8182e48746c7,0,1,0000000000000000,9a9388365c394f73,9a9388365c394f73,0,0
3171,3171,0,0000000,00,3,3,3,0000000000000000,0,0,3,222d8182e48746c7,0,1,0000000000000000,9a9388365c394f73,9a9388365c394f73,0,0
3172,3172,0,0000000,00,3,3,3,e57ab1ff23d076ba,0,0,3,222d8182e48746c7,0,1,0000000000000000,9a9388365c394f73,9a9388365c394f73,0,0
3173,3173,0,0000000,00,3,3,3,682f3f74ae85f831,0,0,3,222d8182e48746c7,0,1,0000000000000000,9a9388365c394f73,9a9388365c394f73,0,0
3174,3174,0,0000000,00,3,3,3,ffd1ace8397b6bad,0,3,3,222d8182e48746c7,0,1,e57ab1ff23d076ba,9a9388365c394f73,9a9388365c394f73,0,0
3175,3175,0,0000000,00,3,3,3,000000000000ffd1,0,3,3,222d8182e48746c7,0,1,682f3f74ae85f831,9a9388365c394f73,9a9388365c394f73,0,0
3176,3176,0,0000000,00,3,3,3,0000000000000000,0,3,3,222d8182e48746c7,0,1,ffd1ace8397b6bad,9a9388365c394f73,9a9388365c394f73,0,0
3177,3177,0,0000000,00,3,3,3,0000000000000000,0,0,3,222d8182e48746c7,0,1,000000000000ffd1,9a9388365c394f73,9a9388365c394f73,0,0
3178,3178,0,0000000,00,3,3,3,0000000000000000,0,0,3,222d8182e48746c7,0,1,0000000000000000,9a9388365c394f73,9a9388365c394f73,0,0
3179,3179,0,0000000,00,3,3,3,0000000000000000,0,0,3,222d8182e48746c7,0,1,0000000000000000,9a9388365c394f73,9a9388365c394f73,0,0
3180,3180,0,0000000,00,3,3,3,0000000000000000,0,0,3,222d8182e48746c7,0,1,0000000000000000,9a9388365c394f73,9a9388365c394f73,0,0
3181,3181,0,0000000,00,3,3,3,0000000000000000,0,0,3,222d8182e48746c7,0,1,0000000000000000,9a9388365c394f73,9a9388365c394f73,0,0
3182,3182,0,0000000,00,3,3,3,0000000000000000,0,0,3,222d8182e48746c7,0,1,0000000000000000,9a9388365c394f73,9a9388365c394f73,0,0
3183,3183,0,0000000,00,3,3,3,0000000000000000,0,0,3,222d8182e48746c7,0,1,0000000000000000,9a9388365c394f73,9a9388365c394f73,0,0
3184,3184,0,0000000,00,3,3,3,0000000000000000,0,0,3,222d8182e48746c7,0,1,0000000000000000,9a9388365c394f73,9a9388365c394f73,0,0
3185,3185,0,0000000,00,3,3,3,0000000000000000,0,0,3,222d8182e48746c7,0,1,0000000000000000,9a9388365c394f73,9a9388365c394f73,0,0
3186,3186,0,0000000,00,3,3,3,0000000000000000,0,0,3,222d8182e48746c7,0,1,0000000000000000,e57ab1ff23d076ba,e57ab1ff23d076ba,0,1
3187,3187,0,0000000,05,2,2,3,0000000000000000,0,0,2,222d8182e48746c7,3,1,0000000000000000,682f3f74ae85f831,682f3f74ae85f831,0,1
3188,3188,0,0000000,00,3,3,3,0000000000000000,0,0,3,afe3b2d069497595,0,1,0000000000000000,ffd1ace8397b6bad,ffd1ace8397b6bad,0,1
3189,3189,0,0000000,00,3,3,3,0000000000000000,0,0,3,afe3b2d069497595,0,1,0000000000000000,0d6d1baacbc7dcef,0d6d1baacbc7dcef,0,0
3190,3190,0,0000000,00,3,3,3,0000000000000000,0,0,3,afe3b2d069497595,0,1,0000000000000000,0d6d1baacbc7dcef,0d6d1baacbc7dcef,0,0
3191,3191,0,00001c0,02,2,2,3,0000000000000000,0,0,3,afe3b2d069497595,0,1,0000000000000000,0d6d1baacbc7dcef,0d6d1baacbc7dcef,0,0
3192,3192,0,00001c4,02,2,2,3,8180000000000000,3,0,3,afe3b2d069497595,0,1,0000000000000000,0d6d1baacbc7dcef,0d6d1baacbc7dcef,0,0
3193,3193,0,00001bc,02,2,2,3,8182e48746c7222d,3,0,3,afe3b2d069497595,0,1,0000000000000000,0d6d1baacbc7dcef,0d6d1baacbc7dcef,0,0
3194,3194,0,00001c8,02,2,2,3,b2d069497595222d,3,0,3,afe3b2d069497595,0,1,8180000000000000,0d6d1baacbc7dcef,0d6d1baacbc7dcef,0,0
3195,3195,0,00001cc,02,2,2,3,0000000000000000,3,0,3,afe3b2d069497595,0,1,8182e48746c7222d,0d6d1baacbc7dcef,0d6d1baacbc7dcef,0,0
3196,3196,0,00001d0,02,2,2,3,0000000000000000,3,0,3,afe3b2d069497595,0,1,b2d069497595222d,0d6d1baacbc7dcef,0d6d1baacbc7dcef,0,0
3197,3197,0,00001d4,02,2,2,3,0000000000000000,3,0,3,afe3b2d069497595,0,1,0000000000000000,0d6d1baacbc7dcef,0d6d1baacbc7dcef,0,0
3198,3198,0,00001d8,02,2,2,3,6fd81735a972d070,3,0,3,afe3b2d069497595,0,1,0000000000000000,0d6d1baacbc7dcef,0d6d1baacbc7dcef,0,0
3199,3199,0,00001dc,02,2,2,3,e28d99be24275efb,3,0,3,afe3b2d069497595,0,1,0000000000000000,0d6d1baacbc7dcef,0d6d1baacbc7dcef,0,0
3200,3200,0,00001e0,02,2,2,3,72842263b42ee526,3,3,3,afe3b2d069497595,0,1,6fd81735a972d070,0d6d1baacbc7dcef,0d6d1baacbc7dcef,0,0
3201,3201,0,00001e4,02,2,2,3,75730a22b3d9cd67,3,3,3,afe3b2d069497595,0,1,e28d99be24275efb,0d6d1baacbc7dcef,0d6d1baacbc7dcef,0,0
3202,3202,0,00001e8,02,2,2,3,f82684a93e8c43ec,3,3,3,afe3b2d069497595,0,1,72842263b42ee526,0d6d1baacbc7dcef,0d6d1baacbc7dcef,0,0
3203,3203,0,00001ec,02,2,2,3,5a8e2d1b9c24ea5e,3,3,3,afe3b2d069497595,0,1,75730a22b3d9cd67,0d6d1baacbc7dcef,0d6d1baacbc7dcef,0,0
3204,3204,0,00001f0,02,2,2,3,d7dba390117164d5,3,3,3,afe3b2d069497595,0,1,f82684a93e8c43ec,0d6d1baacbc7dcef,0d6d1baacbc7dcef,0,0
3205,3205,0,00001f4,02,2,2,3,4025300c868ff749,3,3,3,afe3b2d069497595,0,1,5a8e2d1b9c24ea5e,0d6d1baacbc7dcef,0d6d1baacbc7dcef,0,0
3206,3206,0,00001f8,02,2,2,3,cd70be870bda79c2,3,3,3,afe3b2d069497595,0,1,d7dba390117164d5,0d6d1baacbc7dcef,0d6d1baacbc7dcef,0,0
3207,3207,0,00001fc,02,2,2,3,05746369c3dea42c,3,3,3,afe3b2d069497595,0,1,4025300c868ff749,0d6d1baacbc7dcef,0d6d1baacbc7dcef,0,0
3208,3208,0,0000200,02,2,2,3,8821ede24e8b2aa7,3,3,3,afe3b2d069497595,0,1,cd70be870bda79c2,0d6d1baacbc7dcef,0d6d1baacbc7dcef,0,0
3209,3209,0,0000204,02,2,2,3,1fdf7e7ed975b93b,3,3,3,afe3b2d069497595,0,1,05746369c3dea42c,0d6d1baacbc7dcef,0d6d1baacbc7dcef,0,0
3210,3210,0,0000208,02,2,2,3,928af0f5542037b0,3,3,3,afe3b2d069497595,0,1,8821ede24e8b2aa7,0d6d1baacbc7dcef,0d6d1baacbc7dcef,0,0
3211,3211,0,000020c,02,2,2,3,30225947f6889e02,3,3,3,afe3b2d069497595,0,1,1fdf7e7ed975b93b,0d6d1baacbc7dcef,0d6d1baacbc7dcef,0,0
3212,3212,0,0000210,02,2,2,3,bd77d7cc7bdd1089,3,3,3,afe3b2d069497595,0,1,928af0f5542037b0,0d6d1baacbc7dcef,0d6d1baacbc7dcef,0,0
3213,3213,0,0000214,02,2,2,3,2a894450ec238315,3,3,3,afe3b2d069497595,0,1,30225947f6889e02,0d6d1baacbc7dcef,0d6d1baacbc7dcef,0,0
3214,3214,0,0000218,02,2,2,3,a7dccadb61760d9e,3,3,3,afe3b2d069497595,0,1,bd77d7cc7bdd1089,72842263b42ee526,72842263b42ee526,0,1
3215,3215,0,000021c,02,2,2,3,ef95c9d9293f0e9c,3,3,3,afe3b2d069497595,0,1,2a894450ec238315,ba80ff8d7c2a38c8,ba80ff8d7c2a38c8,0,0
3216,3216,0,0000220,02,2,2,3,62c04752a46a8017,3,3,3,afe3b2d069497595,0,1,a7dccadb61760d9e,ba80ff8d7c2a38c8,ba80ff8d7c2a38c8,0,0
3217,3217,0,0000224,02,2,2,3,f53ed4ce3394138b,3,3,3,afe3b2d069497595,0,1,ef95c9d9293f0e9c,ba80ff8d7c2a38c8,ba80ff8d7c2a38c8,0,0
3218,3218,0,0000228,02,2,2,3,786b5a45bec19d00,3,3,3,afe3b2d069497595,0,1,62c04752a46a8017,ba80ff8d7c2a38c8,ba80ff8d7c2a38c8,0,0
3219,3219,0,000022c,02,2,2,3,dac3f3f71c6934b2,3,3,3,afe3b2d069497595,0,1,f53ed4ce3394138b,6fd81735a972d070,6fd81735a972d070,0,1
3220,3220,0,0000230,02,2,2,3,57967d7c913cba39,3,3,3,afe3b2d069497595,0,1,786b5a45bec19d00,e28d99be24275efb,e28d99be24275efb,0,1
3221,3221,0,0000234,02,2,2,3,c068eee006c229a5,3,3,3,afe3b2d069497595,0,1,dac3f3f71c6934b2,75730a22b3d9cd67,75730a22b3d9cd67,0,1
3222,3222,0,0000238,02,2,2,3,4d3d606b8b97a72e,3,3,3,afe3b2d069497595,0,1,57967d7c913cba39,f82684a93e8c43ec,f82684a93e8c43ec,0,1
3223,3223,0,000023c,02,2,2,3,8539bd8543937ac0,3,3,3,afe3b2d069497595,0,1,c068eee006c229a5,5a8e2d1b9c24ea5e,5a8e2d1b9c24ea5e,0,1
3224,3224,0,0000240,02,2,2,3,086c330ecec6f44b,3,3,3,afe3b2d069497595,0,1,4d3d606b8b97a72e,d7dba390117164d5,d7dba390117164d5,0,1
3225,3225,0,0000244,02,2,2,3,9f92a092593867d7,3,3,3,afe3b2d069497595,0,1,8539bd8543937ac0,4025300c868ff749,4025300c868ff749,0,1
3226,3226,0,0000248,02,2,2,3,12c72e19d46de95c,3,3,3,afe3b2d069497595,0,1,086c330ecec6f44b,cd70be870bda79c2,cd70be870bda79c2,0,1
3227,3227,0,000024c,02,2,2,3,b06f87ab76c540ee,3,3,3,afe3b2d069497595,0,1,9f92a092593867d7,d02c8bd116864c94,d02c8bd116864c94,0,0
3228,3228,0,0000250,02,2,2,3,3d3a0920fb90ce65,3,3,3,afe3b2d069497595,0,1,12c72e19d46de95c,d02c8bd116864c94,d02c8bd116864c94,0,0
3229,3229,0,0000254,02,2,2,3,aac49abc6c6e5df9,3,3,3,afe3b2d069497595,0,1,b06f87ab76c540ee,d02c8bd116864c94,d02c8bd116864c94,0,0
3230,3230,0,0000258,02,2,2,3,27911437e13bd372,3,3,3,afe3b2d069497595,0,1,3d3a0920fb90ce65,d02c8bd116864c94,d02c8bd116864c94,0,0
3231,3231,0,000025c,02,2,2,3,3acd2161fc67e624,3,3,3,afe3b2d069497595,0,1,aac49abc6c6e5df9,05746369c3dea42c,05746369c3dea42c,0,1
3232,3232,0,0000260,02,2,2,3,b798afea713268af,3,3,3,afe3b2d069497595,0,1,27911437e13bd372,8821ede24e8b2aa7,8821ede24e8b2aa7,0,1
3233,3233,0,0000264,02,2,2,3,20663c76e6ccfb33,3,3,3,afe3b2d069497595,0,1,3acd2161fc67e624,1fdf7e7ed975b93b,1fdf7e7ed975b93b,0,1
3234,3234,0,0000268,02,2,2,3,ad33b2fd6b9975b8,3,3,3,afe3b2d069497595,0,1,b798afea713268af,928af0f5542037b0,928af0f5542037b0,0,1
3235,3235,0,000026c,02,2,2,3,0f9b1b4fc931dc0a,3,3,3,afe3b2d069497595,0,1,20663c76e6ccfb33,30225947f6889e02,30225947f6889e02,0,1
3236,3236,0,0000270,02,2,2,3,82ce95c444645281,3,3,3,afe3b2d069497595,0,1,ad33b2fd6b9975b8,bd77d7cc7bdd1089,bd77d7cc7bdd1089,0,1
3237,3237,0,0000274,02,2,2,3,15300658d39ac11d,3,3,3,afe3b2d069497595,0,1,0f9b1b4fc931dc0a,2a894450ec238315,2a894450ec238315,0,1
3238,3238,0,0000278,02,2,2,3,986588d35ecf4f96,3,3,3,afe3b2d069497595,0,1,82ce95c444645281,a7dccadb61760d9e,a7dccadb61760d9e,0,1
3239,3239,0,000027c,02,2,2,3,5061553d96cb9278,3,3,3,afe3b2d069497595,0,1,15300658d39ac11d,6fd81735a972d070,6fd81735a972d070,0,0
3240,3240,0,0000280,02,2,2,3,dd34dbb61b9e1cf3,3,3,3,afe3b2d069497595,0,1,986588d35ecf4f96,6fd81735a972d070,6fd81735a972d070,0,0
3241,3241,0,0000284,02,2,2,3,4aca482a8c608f6f,3,3,3,afe3b2d069497595,0,1,5061553d96cb9278,6fd81735a972d070,6fd81735a972d070,0,0
3242,3242,0,0000288,02,2,2,3,c79fc6a1013501e4,3,3,3,afe3b2d069497595,0,1,dd34dbb61b9e1cf3,6fd81735a972d070,6fd81735a972d070,0,0
3243,3243,0,000028c,02,2,2,3,65376f13a39da856,3,3,3,afe3b2d069497595,0,1,4aca482a8c608f6f,ef95c9d9293f0e9c,ef95c9d9293f0e9c,0,1
3244,3244,0,0000290,02,2,2,3,e862e1982ec826dd,3,3,3,afe3b2d069497595,0,1,c79fc6a1013501e4,62c04752a46a8017,62c04752a46a8017,0,1
3245,3245,0,0000294,02,2,2,3,7f9c7204b936b541,3,3,3,afe3b2d069497595,0,1,65376f13a39da856,f53ed4ce3394138b,f53ed4ce3394138b,0,1
3246,3246,0,0000298,02,2,2,3,f2c9fc8f34633bca,3,3,3,afe3b2d069497595,0,1,e862e1982ec826dd,786b5a45bec19d00,786b5a45bec19d00,0,1
3247,3247,0,000029c,02,2,2,3,452418a8838edfed,3,3,3,afe3b2d069497595,0,1,7f9c7204b936b541,dac3f3f71c6934b2,dac3f3f71c6934b2,0,1
3248,3248,0,00002a0,02,2,2,3,c87196230edb5166,3,3,3,afe3b2d069497595,0,1,f2c9fc8f34633bca,57967d7c913cba39,57967d7c913cba39,0,1
3249,3249,0,00002a4,02,2,2,3,5f8f05bf9925c2fa,3,3,3,afe3b2d069497595,0,1,452418a8838edfed,c068eee006c229a5,c068eee006c229a5,0,1
3250,3250,0,00002a8,02,2,2,3,d2da8b3414704c71,3,3,3,afe3b2d069497595,0,1,c87196230edb5166,4d3d606b8b97a72e,4d3d606b8b97a72e,0,1
3251,3251,0,00002ac,02,2,2,3,70722286b6d8e5c3,3,3,3,afe3b2d069497595,0,1,5f8f05bf9925c2fa,05746369c3dea42c,05746369c3dea42c,0,0
3252,3252,0,00002b0,02,2,2,3,fd27ac0d3b8d6b48,3,3,3,afe3b2d069497595,0,1,d2da8b3414704c71,05746369c3dea42c,05746369c3dea42c,0,0
3253,3253,0,00002b4,02,2,2,3,6ad93f91ac73f8d4,3,3,3,afe3b2d069497595,0,1,70722286b6d8e5c3,05746369c3dea42c,05746369c3dea42c,0,0
3254,3254,0,00002b8,02,2,2,3,e78cb11a2126765f,3,3,3,afe3b2d069497595,0,1,fd27ac0d3b8d6b48,05746369c3dea42c,05746369c3dea42c,0,0
3255,3255,0,00002bc,02,2,2,3,2f886cf4e922abb1,3,3,3,afe3b2d069497595,0,1,6ad93f91ac73f8d4,8539bd8543937ac0,8539bd8543937ac0,0,1
3256,3256,0,00002c0,02,2,2,3,a2dde27f6477253a,3,3,3,afe3b2d069497595,0,1,e78cb11a2126765f,086c330ecec6f44b,086c330ecec6f44b,0,1
3257,3257,0,00002c4,02,2,2,3,352371e3f389b6a6,3,3,3,afe3b2d069497595,0,1,2f886cf4e922abb1,9f92a092593867d7,9f92a092593867d7,0,1
3258,3258,0,00002c8,02,2,2,3,b876ff687edc382d,3,3,3,afe3b2d069497595,0,1,a2dde27f6477253a,12c72e19d46de95c,12c72e19d46de95c,0,1
3259,3259,0,00002cc,02,2,2,3,1ade56dadc74919f,3,3,3,afe3b2d069497595,0,1,352371e3f389b6a6,b06f87ab76c540ee,b06f87ab76c540ee,0,1
3260,3260,0,00002d0,02,2,2,3,978bd85151211f14,3,3,3,afe3b2d069497595,0,1,b876ff687edc382d,3d3a0920fb90ce65,3d3a0920fb90ce65,0,1
3261,3261,0,00002d4,02,2,2,3,00754bcdc6df8c88,3,3,3,afe3b2d069497595,0,1,1ade56dadc74919f,aac49abc6c6e5df9,aac49abc6c6e5df9,0,1
3262,3262,0,00002d8,02,2,2,3,8d20c5464b8a0203,3,3,3,afe3b2d069497595,0,1,978bd85151211f14,27911437e13bd372,27911437e13bd372,0,1
3263,3263,0,00002dc,02,2,2,3,907cf01056d63755,3,3,3,afe3b2d069497595,0,1,00754bcdc6df8c88,ef95c9d9293f0e9c,ef95c9d9293f0e9c,0,0
3264,3264,0,00002e0,02,2,2,3,1d297e9bdb83b9de,3,3,3,afe3b2d069497595,0,1,8d20c5464b8a0203,ef95c9d9293f0e9c,ef95c9d9293f0e9c,0,0
3265,3265,0,00002e4,02,2,2,3,8ad7ed074c7d2a42,3,3,3,afe3b2d069497595,0,1,907cf01056d63755,ef95c9d9293f0e9c,ef95c9d9293f0e9c,0,0
3266,3266,0,00002e8,02,2,2,3,0782638cc128a4c9,3,3,3,afe3b2d069497595,0,1,1d297e9bdb83b9de,ef95c9d9293f0e9c,ef95c9d9293f0e9c,0,0
3267,3267,0,00002ec,02,2,2,3,a52aca3e63800d7b,3,3,3,afe3b2d069497595,0,1,8ad7ed074c7d2a42,3acd2161fc67e624,3acd2161fc67e624,0,1
3268,3268,0,00002f0,02,2,2,3,287f44b5eed583f0,3,3,3,afe3b2d069497595,0,1,0782638cc128a4c9,b798afea713268af,b798afea713268af,0,1
3269,3269,0,00002f4,02,2,2,3,bf81d729792b106c,3,3,3,afe3b2d069497595,0,1,a52aca3e63800d7b,20663c76e6ccfb33,20663c76e6ccfb33,0,1
3270,3270,0,00002f8,02,2,2,3,32d459a2f47e9ee7,3,3,3,afe3b2d069497595,0,1,287f44b5eed583f0,ad33b2fd6b9975b8,ad33b2fd6b9975b8,0,1
3271,3271,0,00002fc,02,2,2,3,fad0844c3c7a4309,3,3,3,afe3b2d069497595,0,1,bf81d729792b106c,0f9b1b4fc931dc0a,0f9b1b4fc931dc0a,0,1
3272,3272,0,0000300,02,2,2,3,77850ac7b12fcd82,3,3,3,afe3b2d069497595,0,1,32d459a2f47e9ee7,82ce95c444645281,82ce95c444645281,0,1
3273,3273,0,0000304,02,2,2,3,e07b995b26d15e1e,3,3,3,afe3b2d069497595,0,1,fad0844c3c7a4309,15300658d39ac11d,15300658d39ac11d,0,1
3274,3274,0,0000308,02,2,2,3,6d2e17d0ab84d095,3,3,3,afe3b2d069497595,0,1,77850ac7b12fcd82,986588d35ecf4f96,986588d35ecf4f96,0,1
3275,3275,0,000030c,02,2,2,3,cf86be62092c7927,3,3,3,afe3b2d069497595,0,1,e07b995b26d15e1e,8539bd8543937ac0,8539bd8543937ac0,0,0
3276,3276,0,0000310,02,2,2,3,42d330e98479f7ac,3,3,3,afe3b2d069497595,0,1,6d2e17d0ab84d095,8539bd8543937ac0,8539bd8543937ac0,0,0
3277,3277,0,0000314,02,2,2,3,d52da37513876430,3,3,3,afe3b2d069497595,0,1,cf86be62092c7927,8539bd8543937ac0,8539bd8543937ac0,0,0
3278,3278,0,0000318,02,2,2,3,58782dfe9ed2eabb,3,3,3,afe3b2d069497595,0,1,42d330e98479f7ac,8539bd8543937ac0,8539bd8543937ac0,0,0
3279,3279,0,000031c,02,2,2,3,baf66b3a7c5cac7f,3,3,3,afe3b2d069497595,0,1,d52da37513876430,5061553d96cb9278,5061553d96cb9278,0,1
3280,3280,0,0000320,02,2,2,3,37a3e5b1f10922f4,3,3,3,afe3b2d069497595,0,1,58782dfe9ed2eabb,dd34dbb61b9e1cf3,dd34dbb61b9e1cf3,0,1
3281,3281,0,0000324,02,2,2,3,a05d762d66f7b168,3,3,3,afe3b2d069497595,0,1,baf66b3a7c5cac7f,4aca482a8c608f6f,4aca482a8c608f6f,0,1
3282,3282,0,0000328,02,2,2,3,2d08f8a6eba23fe3,3,3,3,afe3b2d069497595,0,1,37a3e5b1f10922f4,c79fc6a1013501e4,c79fc6a1013501e4,0,1
3283,3283,0,000032c,02,2,2,3,8fa05114490a9651,3,3,3,afe3b2d069497595,0,1,a05d762d66f7b168,65376f13a39da856,65376f13a39da856,0,1
3284,3284,0,0000330,02,2,2,3,02f5df9fc45f18da,3,3,3,afe3b2d069497595,0,1,2d08f8a6eba23fe3,e862e1982ec826dd,e862e1982ec826dd,0,1
3285,3285,0,0000334,02,2,2,3,950b4c0353a18b46,3,3,3,afe3b2d069497595,0,1,8fa05114490a9651,7f9c7204b936b541,7f9c7204b936b541,0,1
3286,3286,0,0000338,02,2,2,3,185ec288def405cd,3,3,3,afe3b2d069497595,0,1,02f5df9fc45f18da,f2c9fc8f34633bca,f2c9fc8f34633bca,0,1
3287,3287,0,000033c,02,2,2,3,d05a1f6616f0d823,3,3,3,afe3b2d069497595,0,1,950b4c0353a18b46,3acd2161fc67e624,3acd2161fc67e624,0,0
3288,3288,0,0000340,02,2,2,3,5d0f91ed9ba556a8,3,3,3,afe3b2d069497595,0,1,185ec288def405cd,3acd2161fc67e624,3acd2161fc67e624,0,0
3289,3289,0,0000344,02,2,2,3,caf102710c5bc534,3,3,3,afe3b2d069497595,0,1,d05a1f6616f0d823,3acd2161fc67e624,3acd2161fc67e624,0,0
3290,3290,0,0000348,02,2,2,3,47a48cfa810e4bbf,3,3,3,afe3b2d069497595,0,1,5d0f91ed9ba556a8,3acd2161fc67e624,3acd2161fc67e624,0,0
3291,3291,0,000034c,02,2,2,3,e50c254823a6e20d,3,3,3,afe3b2d069497595,0,1,caf102710c5bc534,452418a8838edfed,452418a8838edfed,0,1
3292,3292,0,0000350,02,2,2,3,6859abc3aef36c86,3,3,3,afe3b2d069497595,0,1,47a48cfa810e4bbf,c87196230edb5166,c87196230edb5166,0,1
3293,3293,0,0000354,02,2,2,3,ffa7385f390dff1a,3,3,3,afe3b2d069497595,0,1,e50c254823a6e20d,5f8f05bf9925c2fa,5f8f05bf9925c2fa,0,1
3294,3294,0,0000358,02,2,2,3,72f2b6d4b4587191,3,3,3,afe3b2d069497595,0,1,6859abc3aef36c86,d2da8b3414704c71,d2da8b3414704c71,0,1
3295,3295,0,000035c,02,2,2,3,6fae8382a90444c7,3,3,3,afe3b2d069497595,0,1,ffa7385f390dff1a,70722286b6d8e5c3,70722286b6d8e5c3,0,1
3296,3296,0,0000360,02,2,2,3,e2fb0d092451ca4c,3,3,3,afe3b2d069497595,0,1,72f2b6d4b4587191,fd27ac0d3b8d6b48,fd27ac0d3b8d6b48,0,1
3297,3297,0,0000364,02,2,2,3,75059e95b3af59d0,3,3,3,afe3b2d069497595,0,1,6fae8382a90444c7,6ad93f91ac73f8d4,6ad93f91ac73f8d4,0,1
3298,3298,0,0000368,02,2,2,3,f850101e3efad75b,3,3,3,afe3b2d069497595,0,1,e2fb0d092451ca4c,e78cb11a2126765f,e78cb11a2126765f,0,1
3299,3299,0,000036c,02,2,2,3,5af8b9ac9c527ee9,3,3,3,afe3b2d069497595,0,1,75059e95b3af59d0,5061553d96cb9278,5061553d96cb9278,0,0
3300,3300,0,0000370,02,2,2,3,d7ad37271107f062,3,3,3,afe3b2d069497595,0,1,f850101e3efad75b,5061553d96cb9278,5061553d96cb9278,0,0
3301,3301,0,0000374,02,2,2,3,4053a4bb86f963fe,3,3,3,afe3b2d069497595,0,1,5af8b9ac9c527ee9,5061553d96cb9278,5061553d96cb9278,0,0
3302,3302,0,0000378,02,2,2,3,cd062a300baced75,3,3,3,afe3b2d069497595,0,1,d7ad37271107f062,5061553d96cb9278,5061553d96cb9278,0,0
3303,3303,0,000037c,02,2,2,3,0502f7dec3a8309b,3,3,3,afe3b2d069497595,0,1,4053a4bb86f963fe,2f886cf4e922abb1,2f886cf4e922abb1,0,1
3304,3304,0,0000380,02,2,2,3,885779554efdbe10,3,3,3,afe3b2d069497595,0,1,cd062a300baced75,a2dde27f6477253a,a2dde27f6477253a,0,1
3305,3305,0,0000384,02,2,2,3,1fa9eac9d9032d8c,3,3,3,afe3b2d069497595,0,1,0502f7dec3a8309b,352371e3f389b6a6,352371e3f389b6a6,0,1
3306,3306,0,0000388,02,2,2,3,92fc64425456a307,3,3,3,afe3b2d069497595,0,1,885779554efdbe10,b876ff687edc382d,b876ff687edc382d,0,1
3307,3307,0,000038c,02,2,2,3,3054cdf0f6fe0ab5,3,3,3,afe3b2d069497595,0,1,1fa9eac9d9032d8c,1ade56dadc74919f,1ade56dadc74919f,0,1
3308,3308,0,0000390,02,2,2,3,bd01437b7bab843e,3,3,3,afe3b2d069497595,0,1,92fc64425456a307,978bd85151211f14,978bd85151211f14,0,1
3309,3309,0,0000394,02,2,2,3,2affd0e7ec5517a2,3,3,3,afe3b2d069497595,0,1,3054cdf0f6fe0ab5,00754bcdc6df8c88,00754bcdc6df8c88,0,1
3310,3310,0,0000398,02,2,2,3,a7aa5e6c61009929,3,3,3,afe3b2d069497595,0,1,bd01437b7bab843e,8d20c5464b8a0203,8d20c5464b8a0203,0,1
3311,3311,0,000039c,02,2,2,3,1047ba4bd6ed7d0e,3,3,3,afe3b2d069497595,0,1,2affd0e7ec5517a2,452418a8838edfed,452418a8838edfed,0,0
3312,3312,0,00003a0,02,2,2,3,9d1234c05bb8f385,3,3,3,afe3b2d069497595,0,1,a7aa5e6c61009929,452418a8838edfed,452418a8838edfed,0,0
3313,3313,0,00003a4,02,2,2,3,0aeca75ccc466019,3,3,3,afe3b2d069497595,0,1,1047ba4bd6ed7d0e,452418a8838edfed,452418a8838edfed,0,0
3314,3314,0,00003a8,02,2,2,3,87b929d74113ee92,3,3,3,afe3b2d069497595,0,1,9d1234c05bb8f385,452418a8838edfed,452418a8838edfed,0,0
3315,3315,0,00003ac,02,2,2,3,25118065e3bb4720,3,3,3,afe3b2d069497595,0,1,0aeca75ccc466019,907cf01056d63755,907cf01056d63755,0,1
3316,3316,0,00003b0,02,2,2,3,a8440eee6eeec9ab,3,3,3,afe3b2d069497595,0,1,87b929d74113ee92,1d297e9bdb83b9de,1d297e9bdb83b9de,0,1
3317,3317,0,00003b4,02,2,2,3,3fba9d72f9105a37,3,3,3,afe3b2d069497595,0,1,25118065e3bb4720,8ad7ed074c7d2a42,8ad7ed074c7d2a42,0,1
3318,3318,0,00003b8,02,2,2,3,b2ef13f97445d4bc,3,3,3,afe3b2d069497595,0,1,a8440eee6eeec9ab,0782638cc128a4c9,0782638cc128a4c9,0,1
3319,3319,0,00003bc,02,2,2,3,7aebce17bc410952,3,3,3,afe3b2d069497595,0,1,3fba9d72f9105a37,a52aca3e63800d7b,a52aca3e63800d7b,0,1
3320,3320,0,00003c0,02,2,2,3,f7be409c311487d9,3,3,3,afe3b2d069497595,0,1,b2ef13f97445d4bc,287f44b5eed583f0,287f44b5eed583f0,0,1
3321,3321,0,00003c4,02,2,2,3,6040d300a6ea1445,3,3,3,afe3b2d069497595,0,1,7aebce17bc410952,bf81d729792b106c,bf81d729792b106c,0,1
3322,3322,0,00003c8,02,2,2,3,ed155d8b2bbf9ace,3,3,3,afe3b2d069497595,0,1,f7be409c311487d9,32d459a2f47e9ee7,32d459a2f47e9ee7,0,1
3323,3323,0,00003cc,02,2,2,3,4fbdf4398917337c,3,3,3,afe3b2d069497595,0,1,6040d300a6ea1445,2f886cf4e922abb1,2f886cf4e922abb1,0,0
3324,3324,0,00003d0,02,2,2,3,c2e87ab20442bdf7,3,3,3,afe3b2d069497595,0,1,ed155d8b2bbf9ace,2f886cf4e922abb1,2f886cf4e922abb1,0,0
3325,3325,0,00003d4,02,2,2,3,5516e92e93bc2e6b,3,3,3,afe3b2d069497595,0,1,4fbdf4398917337c,2f886cf4e922abb1,2f886cf4e922abb1,0,0
3326,3326,0,00003d8,02,2,2,3,d84367a51ee9a0e0,3,3,3,afe3b2d069497595,0,1,c2e87ab20442bdf7,2f886cf4e922abb1,2f886cf4e922abb1,0,0
3327,3327,0,00003dc,02,2,2,3,c51f52f303b595b6,3,3,3,afe3b2d069497595,0,1,5516e92e93bc2e6b,fad0844c3c7a4309,fad0844c3c7a4309,0,1
3328,3328,0,00003e0,02,2,2,3,484adc788ee01b3d,3,3,3,afe3b2d069497595,0,1,d84367a51ee9a0e0,77850ac7b12fcd82,77850ac7b12fcd82,0,1
3329,3329,0,00003e4,02,2,2,3,dfb44fe4191e88a1,3,3,3,afe3b2d069497595,0,1,c51f52f303b595b6,e07b995b26d15e1e,e07b995b26d15e1e,0,1
3330,3330,0,00003e8,02,2,2,3,52e1c16f944b062a,3,3,3,afe3b2d069497595,0,1,484adc788ee01b3d,6d2e17d0ab84d095,6d2e17d0ab84d095,0,1
3331,3331,0,00003ec,02,2,2,3,f04968dd36e3af98,3,3,3,afe3b2d069497595,0,1,dfb44fe4191e88a1,cf86be62092c7927,cf86be62092c7927,0,1
3332,3332,0,00003f0,02,2,2,3,7d1ce656bbb62113,3,3,3,afe3b2d069497595,0,1,52e1c16f944b062a,42d330e98479f7ac,42d330e98479f7ac,0,1
3333,3333,0,00003f4,02,2,2,3,eae275ca2c48b28f,3,3,3,afe3b2d069497595,0,1,f04968dd36e3af98,d52da37513876430,d52da37513876430,0,1
3334,3334,0,00003f8,02,2,2,3,67b7fb41a11d3c04,3,3,3,afe3b2d069497595,0,1,7d1ce656bbb62113,58782dfe9ed2eabb,58782dfe9ed2eabb,0,1
3335,3335,0,00003fc,02,2,2,3,afb326af6919e1ea,3,3,3,afe3b2d069497595,0,1,eae275ca2c48b28f,907cf01056d63755,907cf01056d63755,0,0
3336,3336,0,000000a,03,3,2,2,22e6a824e44c6f61,3,3,3,afe3b2d069497595,0,1,67b7fb41a11d3c04,907cf01056d63755,907cf01056d63755,0,0
3337,3337,0,0000000,03,2,2,3,b5183bb873b2fcfd,0,3,3,afe3b2d069497595,0,1,afb326af6919e1ea,907cf01056d63755,907cf01056d63755,0,0
3338,3338,0,0000004,03,2,2,3,384db533fee77276,3,3,3,afe3b2d069497595,0,1,22e6a824e44c6f61,907cf01056d63755,907cf01056d63755,0,0
3339,3339,0,0000008,03,2,2,3,9ae51c815c4fdbc4,3,3,3,afe3b2d069497595,0,1,b5183bb873b2fcfd,baf66b3a7c5cac7f,baf66b3a7c5cac7f,0,1
3340,3340,0,000000c,03,2,2,3,17b0920ad11a554f,3,3,3,afe3b2d069497595,0,1,384db533fee77276,37a3e5b1f10922f4,37a3e5b1f10922f4,0,1
3341,3341,0,0000010,03,2,2,3,804e019646e4c6d3,3,3,3,afe3b2d069497595,0,1,9ae51c815c4fdbc4,a05d762d66f7b168,a05d762d66f7b168,0,1
3342,3342,0,0000014,03,2,2,3,0d1b8f1dcbb14858,3,3,3,afe3b2d069497595,0,1,17b0920ad11a554f,2d08f8a6eba23fe3,2d08f8a6eba23fe3,0,1
3343,3343,0,0000018,03,2,2,3,0000000000000d1b,3,3,3,afe3b2d069497595,0,1,804e019646e4c6d3,8fa05114490a9651,8fa05114490a9651,0,1
3344,3344,0,000001c,03,2,2,3,10dc0792d676c0d7,3,3,3,afe3b2d069497595,0,1,0d1b8f1dcbb14858,02f5df9fc45f18da,02f5df9fc45f18da,0,1
3345,3345,0,0000020,03,2,2,3,9d8989195b234e5c,3,0,3,afe3b2d069497595,0,1,0000000000000d1b,950b4c0353a18b46,950b4c0353a18b46,0,1
3346,3346,0,0000024,03,2,2,3,0a771a85ccddddc0,3,3,3,afe3b2d069497595,0,1,10dc0792d676c0d7,185ec288def405cd,185ec288def405cd,0,1
3347,3347,0,0000028,03,2,2,3,8722940e4188534b,3,3,3,afe3b2d069497595,0,1,9d8989195b234e5c,fad0844c3c7a4309,fad0844c3c7a4309,0,0
3348,3348,0,000002c,03,2,2,3,258a3dbce320faf9,3,3,3,afe3b2d069497595,0,1,0a771a85ccddddc0,fad0844c3c7a4309,fad0844c3c7a4309,0,0
3349,3349,0,0000030,03,2,2,3,a8dfb3376e757472,3,3,3,afe3b2d069497595,0,1,8722940e4188534b,fad0844c3c7a4309,fad0844c3c7a4309,0,0
3350,3350,0,0000034,03,2,2,3,3f2120abf98be7ee,3,3,3,afe3b2d069497595,0,1,258a3dbce320faf9,fad0844c3c7a4309,fad0844c3c7a4309,0,0
3351,3351,0,0000038,03,2,2,3,b274ae2074de6965,3,3,3,afe3b2d069497595,0,1,a8dfb3376e757472,d05a1f6616f0d823,d05a1f6616f0d823,0,1
3352,3352,0,000003c,03,2,2,3,7a7073cebcdab48b,3,3,3,afe3b2d069497595,0,1,3f2120abf98be7ee,5d0f91ed9ba556a8,5d0f91ed9ba556a8,0,1
3353,3353,0,0000040,03,2,2,3,f725fd45318f3a00,3,3,3,afe3b2d069497595,0,1,b274ae2074de6965,caf102710c5bc534,caf102710c5bc534,0,1
3354,3354,0,0000044,03,2,2,3,60db6ed9a671a99c,3,3,3,afe3b2d069497595,0,1,7a7073cebcdab48b,47a48cfa810e4bbf,47a48cfa810e4bbf,0,1
3355,3355,0,0000048,03,2,2,3,ed8ee0522b242717,3,3,3,afe3b2d069497595,0,1,f725fd45318f3a00,e50c254823a6e20d,e50c254823a6e20d,0,1
3356,3356,0,000004c,03,2,2,3,4f2649e0898c8ea5,3,3,3,afe3b2d069497595,0,1,60db6ed9a671a99c,6859abc3aef36c86,6859abc3aef36c86,0,1
3357,3357,0,0000050,03,2,2,3,c273c76b04d9002e,3,3,3,afe3b2d069497595,0,1,ed8ee0522b242717,ffa7385f390dff1a,ffa7385f390dff1a,0,1
3358,3358,0,0000054,03,2,2,3,558d54f7932793b2,3,3,3,afe3b2d069497595,0,1,4f2649e0898c8ea5,72f2b6d4b4587191,72f2b6d4b4587191,0,1
3359,3359,0,0000058,03,2,2,3,d8d8da7c1e721d39,3,3,3,afe3b2d069497595,0,1,c273c76b04d9002e,baf66b3a7c5cac7f,baf66b3a7c5cac7f,0,0
3360,3360,0,000005c,03,2,2,3,c584ef2a032e286f,3,3,3,afe3b2d069497595,0,1,558d54f7932793b2,baf66b3a7c5cac7f,baf66b3a7c5cac7f,0,0
3361,3361,0,0000060,03,2,2,3,48d161a18e7ba6e4,3,3,3,afe3b2d069497595,0,1,d8d8da7c1e721d39,baf66b3a7c5cac7f,baf66b3a7c5cac7f,0,0
3362,3362,0,0000064,03,2,2,3,df2ff23d19853578,3,3,3,afe3b2d069497595,0,1,c584ef2a032e286f,baf66b3a7c5cac7f,baf66b3a7c5cac7f,0,0
3363,3363,0,0000068,03,2,2,3,527a7cb694d0bbf3,3,3,3,afe3b2d069497595,0,1,48d161a18e7ba6e4,6fae8382a90444c7,6fae8382a90444c7,0,1
3364,3364,0,000006c,03,2,2,3,f0d2d50436781241,3,3,3,afe3b2d069497595,0,1,df2ff23d19853578,e2fb0d092451ca4c,e2fb0d092451ca4c,0,1
3365,3365,0,0000070,03,2,2,3,7d875b8fbb2d9cca,3,3,3,afe3b2d069497595,0,1,527a7cb694d0bbf3,75059e95b3af59d0,75059e95b3af59d0,0,1
3366,3366,0,0000074,03,2,2,3,ea79c8132cd30f56,3,3,3,afe3b2d069497595,0,1,f0d2d50436781241,f850101e3efad75b,f850101e3efad75b,0,1
3367,3367,0,0000078,03,2,2,3,672c4698a18681dd,3,3,3,afe3b2d069497595,0,1,7d875b8fbb2d9cca,5af8b9ac9c527ee9,5af8b9ac9c527ee9,0,1
3368,3368,0,000007c,03,2,2,3,af289b7669825c33,3,3,3,afe3b2d069497595,0,1,ea79c8132cd30f56,d7ad37271107f062,d7ad37271107f062,0,1
3369,3369,0,0000080,03,2,2,3,227d15fde4d7d2b8,3,3,3,afe3b2d069497595,0,1,672c4698a18681dd,4053a4bb86f963fe,4053a4bb86f963fe,0,1
3370,3370,0,0000084,03,2,2,3,b583866173294124,3,3,3,afe3b2d069497595,0,1,af289b7669825c33,cd062a300baced75,cd062a300baced75,0,1
3371,3371,0,0000088,03,2,2,3,38d608eafe7ccfaf,3,3,3,afe3b2d069497595,0,1,227d15fde4d7d2b8,d05a1f6616f0d823,d05a1f6616f0d823,0,0
3372,3372,0,0000000,02,3,2,2,9a7ea1585cd4661d,3,3,2,afe3b2d069497595,0,1,b583866173294124,d05a1f6616f0d823,d05a1f6616f0d823,0,0
3373,3373,0,0000000,04,3,2,2,172b2fd3d181e896,0,3,2,afe3b2d069497595,0,1,38d608eafe7ccfaf,d05a1f6616f0d823,d05a1f6616f0d823,0,0
3374,3374,0,0000000,05,3,2,2,80d5bc4f467f7b0a,0,3,2,afe3b2d069497595,0,1,9a7ea1585cd4661d,d05a1f6616f0d823,d05a1f6616f0d823,0,0
3375,3375,0,0000000,03,3,2,2,0d8032c4cb2af581,0,3,2,afe3b2d069497595,0,1,172b2fd3d181e896,0502f7dec3a8309b,0502f7dec3a8309b,0,1
3376,3376,0,0000000,00,3,3,3,ba6dd6e37cc711a6,0,3,3,afe3b2d069497595,0,1,80d5bc4f467f7b0a,885779554efdbe10,885779554efdbe10,0,1
3377,3377,0,0000000,00,3,3,3,37385868f1929f2d,0,3,3,afe3b2d069497595,0,1,0d8032c4cb2af581,1fa9eac9d9032d8c,1fa9eac9d9032d8c,0,1
3378,3378,0,0000000,00,2,2,2,a0c6cbf4666c0cb1,0,3,3,afe3b2d069497595,0,1,ba6dd6e37cc711a6,92fc64425456a307,92fc64425456a307,0,1
3379,3379,0,0000000,00,3,3,3,000000000000a0c6,0,3,3,afe3b2d069497595,0,1,37385868f1929f2d,3054cdf0f6fe0ab5,3054cdf0f6fe0ab5,0,1
3380,3380,0,0000000,00,3,3,3,0000000000000000,0,3,3,afe3b2d069497595,0,1,a0c6cbf4666c0cb1,bd01437b7bab843e,bd01437b7bab843e,0,1
3381,3381,0,0000000,00,3,3,3,0000000000000000,0,0,3,afe3b2d069497595,0,1,000000000000a0c6,2affd0e7ec5517a2,2affd0e7ec5517a2,0,1
3382,3382,0,0000000,00,3,3,3,0000000000000000,0,0,3,afe3b2d069497595,0,1,0000000000000000,a7aa5e6c61009929,a7aa5e6c61009929,0,1
3383,3383,0,0000000,00,3,3,3,0000000000000000,0,0,3,afe3b2d069497595,0,1,0000000000000000,6fae8382a90444c7,6fae8382a90444c7,0,0
3384,3384,0,0000000,00,3,3,3,0000000000000000,0,0,3,afe3b2d069497595,0,1,0000000000000000,6fae8382a90444c7,6fae8382a90444c7,0,0
3385,3385,0,0000000,00,3,3,3,0000000000000000,0,0,3,afe3b2d069497595,0,1,0000000000000000,6fae8382a90444c7,6fae8382a90444c7,0,0
3386,3386,0,0000000,00,3,3,3,0000000000000000,0,0,3,afe3b2d069497595,0,1,0000000000000000,6fae8382a90444c7,6fae8382a90444c7,0,0
3387,3387,0,0000000,00,3,3,3,0000000000000000,0,0,3,afe3b2d069497595,0,1,0000000000000000,1047ba4bd6ed7d0e,1047ba4bd6ed7d0e,0,1
3388,3388,0,0000000,00,3,3,3,0000000000000000,0,0,3,afe3b2d069497595,0,1,0000000000000000,9d1234c05bb8f385,9d1234c05bb8f385,0,1
3389,3389,0,0000000,00,3,3,3,0000000000000000,0,0,3,afe3b2d069497595,0,1,0000000000000000,0aeca75ccc466019,0aeca75ccc466019,0,1
3390,3390,0,0000000,00,3,3,3,0000000000000000,0,0,3,afe3b2d069497595,0,1,0000000000000000,87b929d74113ee92,87b929d74113ee92,0,1
3391,3391,0,0000000,00,3,3,3,0000000000000000,0,0,3,af780f0969d2c84c,0,1,0000000000000000,25118065e3bb4720,25118065e3bb4720,0,1
3392,3392,0,0000000,00,3,3,3,0000000000000000,0,0,3,af780f0969d2c84c,0,1,0000000000000000,a8440eee6eeec9ab,a8440eee6eeec9ab,0,1
3393,3393,0,0000003,05,3,2,2,0000000000000000,0,0,3,af780f0969d2c84c,0,1,0000000000000000,3fba9d72f9105a37,3fba9d72f9105a37,0,1
3394,3394,0,0000000,00,3,3,3,0000000000000000,0,0,3,af780f0969d2c84c,0,1,0000000000000000,b2ef13f97445d4bc,b2ef13f97445d4bc,0,1
3395,3395,0,0000000,00,3,3,3,0000000000000000,0,0,3,af780f0969d2c84c,0,1,0000000000000000,0502f7dec3a8309b,0502f7dec3a8309b,0,0
3396,3396,0,0000000,00,3,3,3,0000000000000000,0,0,3,af780f0969d2c84c,0,1,0000000000000000,0502f7dec3a8309b,0502f7dec3a8309b,0,0
3397,3397,0,0000000,00,3,3,3,0000000000000000,0,0,3,af780f0969d2c84c,0,1,0000000000000000,0502f7dec3a8309b,0502f7dec3a8309b,0,0
3398,3398,0,0000000,00,3,3,3,0000000000000000,0,0,3,af780f0969d2c84c,0,1,0000000000000000,0502f7dec3a8309b,0502f7dec3a8309b,0,0
3399,3399,0,0000000,00,3,3,3,0000000000000000,0,0,3,af780f0969d2c84c,0,1,0000000000000000,7aebce17bc410952,7aebce17bc410952,0,1
3400,3400,0,0000004,05,2,2,3,0000000000000000,0,0,2,af780f0969d2c84c,3,1,0000000000000000,f7be409c311487d9,f7be409c311487d9,0,1
3401,3401,0,0000008,05,2,2,3,0000000000000000,0,0,2,38869c95fe2c5bd0,3,1,0000000000000000,6040d300a6ea1445,6040d300a6ea1445,0,1
3402,3402,0,000000c,05,2,2,3,0000000000000000,0,0,2,b5d3121e7379d55b,3,1,0000000000000000,ed155d8b2bbf9ace,ed155d8b2bbf9ace,0,1
3403,3403,0,0000010,05,2,2,3,0000000000000000,0,0,2,177bbbacd1d17ce9,3,1,0000000000000000,4fbdf4398917337c,4fbdf4398917337c,0,1
3404,3404,0,0000014,05,2,2,3,0000000000000000,0,0,2,9a2e35275c84f262,3,1,0000000000000000,c2e87ab20442bdf7,c2e87ab20442bdf7,0,1
3405,3405,0,0000018,05,2,2,3,0f00000000000000,0,0,2,0dd0a6bbcb7a61fe,3,1,0000000000000000,5516e92e93bc2e6b,5516e92e93bc2e6b,0,1
3406,3406,0,000001c,05,2,2,3,0f0969d2c84caf78,0,0,2,80852830462fef75,3,1,0000000000000000,d84367a51ee9a0e0,d84367a51ee9a0e0,0,1
3407,3407,0,0000020,05,2,2,3,9c95fe2c5bd0af78,0,0,2,4881f5de8e2b329b,3,1,0f00000000000000,1047ba4bd6ed7d0e,1047ba4bd6ed7d0e,0,0
3408,3408,0,0000024,05,2,2,3,121e7379d55b3886,0,0,2,c5d47b55037ebc10,3,1,0f0969d2c84caf78,1047ba4bd6ed7d0e,1047ba4bd6ed7d0e,0,0
3409,3409,0,0000028,05,2,2,3,bbacd1d17ce9b5d3,0,0,2,522ae8c994802f8c,3,1,9c95fe2c5bd0af78,1047ba4bd6ed7d0e,1047ba4bd6ed7d0e,0,0
3410,3410,0,000002c,05,2,2,3,35275c84f262177b,0,0,2,df7f664219d5a107,3,1,121e7379d55b3886,1047ba4bd6ed7d0e,1047ba4bd6ed7d0e,0,0
3411,3411,0,0000030,05,2,2,3,a6bbcb7a61fe9a2e,0,0,2,7dd7cff0bb7d08b5,3,1,bbacd1d17ce9b5d3,c51f52f303b595b6,c51f52f303b595b6,0,1
3412,3412,0,0000034,05,2,2,3,2830462fef750dd0,0,0,2,f082417b3628863e,3,1,35275c84f262177b,484adc788ee01b3d,484adc788ee01b3d,0,1
3413,3413,0,0000038,05,2,2,3,f5de8e2b329b8085,0,0,2,677cd2e7a1d615a2,3,1,a6bbcb7a61fe9a2e,dfb44fe4191e88a1,dfb44fe4191e88a1,0,1
3414,3414,0,000003c,05,2,2,3,7b55037ebc104881,0,0,2,ea295c6c2c839b29,3,1,2830462fef750dd0,52e1c16f944b062a,52e1c16f944b062a,0,1
3415,3415,0,0000040,05,2,2,3,e8c994802f8cc5d4,0,0,2,f775693a31dfae7f,3,1,f5de8e2b329b8085,f04968dd36e3af98,f04968dd36e3af98,0,1
3416,3416,0,0000044,05,2,2,3,664219d5a107522a,0,0,2,7a20e7b1bc8a20f4,3,1,7b55037ebc104881,7d1ce656bbb62113,7d1ce656bbb62113,0,1
3417,3417,0,0000048,05,2,2,3,cff0bb7d08b5df7f,0,0,2,edde742d2b74b368,3,1,e8c994802f8cc5d4,eae275ca2c48b28f,eae275ca2c48b28f,0,1
3418,3418,0,000004c,05,2,2,3,417b3628863e7dd7,0,0,2,608bfaa6a6213de3,3,1,664219d5a107522a,67b7fb41a11d3c04,67b7fb41a11d3c04,0,1
3419,3419,0,0000050,05,2,2,3,d2e7a1d615a2f082,0,0,2,c223531404899451,3,1,cff0bb7d08b5df7f,7aebce17bc410952,7aebce17bc410952,0,0
3420,3420,0,0000054,05,2,2,3,5c6c2c839b29677c,0,0,2,4f76dd9f89dc1ada,3,1,417b3628863e7dd7,7aebce17bc410952,7aebce17bc410952,0,0
3421,3421,0,0000058,05,2,2,3,693a31dfae7fea29,0,0,2,d8884e031e228946,3,1,d2e7a1d615a2f082,7aebce17bc410952,7aebce17bc410952,0,0
3422,3422,0,000005c,05,2,2,3,e7b1bc8a20f4f775,0,0,2,55ddc088937707cd,3,1,5c6c2c839b29677c,7aebce17bc410952,7aebce17bc410952,0,0
3423,3423,0,0000060,05,2,2,3,742d2b74b3687a20,0,0,2,9dd91d665b73da23,3,1,693a31dfae7fea29,afb326af6919e1ea,afb326af6919e1ea,0,1
3424,3424,0,0000064,05,2,2,3,faa6a6213de3edde,0,0,2,108c93edd62654a8,3,1,e7b1bc8a20f4f775,22e6a824e44c6f61,22e6a824e44c6f61,0,1
3425,3425,0,0000068,05,2,2,3,531404899451608b,0,0,2,8772007141d8c734,3,1,742d2b74b3687a20,b5183bb873b2fcfd,b5183bb873b2fcfd,0,1
3426,3426,0,000006c,05,2,2,3,dd9f89dc1adac223,0,0,2,0a278efacc8d49bf,3,1,faa6a6213de3edde,384db533fee77276,384db533fee77276,0,1
3427,3427,0,0000070,05,2,2,3,4e031e2289464f76,0,0,2,a88f27486e25e00d,3,1,531404899451608b,9ae51c815c4fdbc4,9ae51c815c4fdbc4,0,1
3428,3428,0,0000074,05,2,2,3,c088937707cdd888,0,0,2,25daa9c3e3706e86,3,1,dd9f89dc1adac223,17b0920ad11a554f,17b0920ad11a554f,0,1
3429,3429,0,0000078,05,2,2,3,1d665b73da2355dd,0,0,2,b2243a5f748efd1a,3,1,4e031e2289464f76,804e019646e4c6d3,804e019646e4c6d3,0,1
3430,3430,0,000007c,05,2,2,3,93edd62654a89dd9,0,0,2,3f71b4d4f9db7391,3,1,c088937707cdd888,0d1b8f1dcbb14858,0d1b8f1dcbb14858,0,1
3431,3431,0,0000080,05,2,2,3,007141d8c734108c,0,0,2,889c50f34e3697b6,3,1,1d665b73da2355dd,c51f52f303b595b6,c51f52f303b595b6,0,0
3432,3432,0,0000084,05,2,2,3,8efacc8d49bf8772,0,0,2,05c9de78c363193d,3,1,93edd62654a89dd9,c51f52f303b595b6,c51f52f303b595b6,0,0
3433,3433,0,0000088,05,2,2,3,27486e25e00d0a27,0,0,2,92374de4549d8aa1,3,1,007141d8c734108c,c51f52f303b595b6,c51f52f303b595b6,0,0
3434,3434,0,000008c,05,2,2,3,a9c3e3706e86a88f,0,0,2,1f62c36fd9c8042a,3,1,8efacc8d49bf8772,c51f52f303b595b6,c51f52f303b595b6,0,0
3435,3435,0,0000090,05,2,2,3,3a5f748efd1a25da,0,0,2,bdca6add7b60ad98,3,1,27486e25e00d0a27,10dc0792d676c0d7,10dc0792d676c0d7,0,1
3436,3436,0,0000094,05,2,2,3,b4d4f9db7391b224,0,0,2,309fe456f6352313,3,1,a9c3e3706e86a88f,9d8989195b234e5c,9d8989195b234e5c,0,1
3437,3437,0,0000098,05,2,2,3,50f34e3697b63f71,0,0,2,a76177ca61cbb08f,3,1,3a5f748efd1a25da,0a771a85ccddddc0,0a771a85ccddddc0,0,1
3438,3438,0,000009c,05,2,2,3,de78c363193d889c,0,0,2,2a34f941ec9e3e04,3,1,b4d4f9db7391b224,8722940e4188534b,8722940e4188534b,0,1
3439,3439,0,00000a0,05,2,2,3,4de4549d8aa105c9,0,0,2,e23024af249ae3ea,3,1,50f34e3697b63f71,258a3dbce320faf9,258a3dbce320faf9,0,1
3440,3440,0,00000a4,05,2,2,3,c36fd9c8042a9237,0,0,2,6f65aa24a9cf6d61,3,1,de78c363193d889c,a8dfb3376e757472,a8dfb3376e757472,0,1
3441,3441,0,00000a8,05,2,2,3,6add7b60ad981f62,0,0,2,f89b39b83e31fefd,3,1,4de4549d8aa105c9,3f2120abf98be7ee,3f2120abf98be7ee,0,1
3442,3442,0,00000ac,05,2,2,3,e456f6352313bdca,0,0,2,75ceb733b3647076,3,1,c36fd9c8042a9237,b274ae2074de6965,b274ae2074de6965,0,1
3443,3443,0,00000b0,05,2,2,3,77ca61cbb08f309f,0,0,2,d7661e8111ccd9c4,3,1,6add7b60ad981f62,afb326af6919e1ea,afb326af6919e1ea,0,0
3444,3444,0,00000b4,05,2,2,3,f941ec9e3e04a761,0,0,2,5a33900a9c99574f,3,1,e456f6352313bdca,afb326af6919e1ea,afb326af6919e1ea,0,0
3445,3445,0,00000b8,05,2,2,3,24af249ae3ea2a34,0,0,2,cdcd03960b67c4d3,3,1,77ca61cbb08f309f,afb326af6919e1ea,afb326af6919e1ea,0,0
3446,3446,0,00000bc,05,2,2,3,aa24a9cf6d61e230,0,0,2,40988d1d86324a58,3,1,f941ec9e3e04a761,afb326af6919e1ea,afb326af6919e1ea,0,0
3447,3447,0,00000c0,05,2,2,3,39b83e31fefd6f65,0,0,2,5dc4b84b9b6e7f0e,3,1,24af249ae3ea2a34,7a7073cebcdab48b,7a7073cebcdab48b,0,1
3448,3448,0,00000c4,05,2,2,3,b733b3647076f89b,0,0,2,d09136c0163bf185,3,1,aa24a9cf6d61e230,f725fd45318f3a00,f725fd45318f3a00,0,1
3449,3449,0,00000c8,05,2,2,3,1e8111ccd9c475ce,0,0,2,476fa55c81c56219,3,1,39b83e31fefd6f65,60db6ed9a671a99c,60db6ed9a671a99c,0,1
3450,3450,0,00000cc,05,2,2,3,900a9c99574fd766,0,0,2,ca3a2bd70c90ec92,3,1,b733b3647076f89b,ed8ee0522b242717,ed8ee0522b242717,0,1
3451,3451,0,00000d0,05,2,2,3,03960b67c4d35a33,0,0,2,68928265ae384520,3,1,1e8111ccd9c475ce,4f2649e0898c8ea5,4f2649e0898c8ea5,0,1
3452,3452,0,00000d4,05,2,2,3,8d1d86324a58cdcd,0,0,2,e5c70cee236dcbab,3,1,900a9c99574fd766,c273c76b04d9002e,c273c76b04d9002e,0,1
3453,3453,0,00000d8,05,2,2,3,b84b9b6e7f0e4098,0,0,2,72399f72b4935837,3,1,03960b67c4d35a33,558d54f7932793b2,558d54f7932793b2,0,1
3454,3454,0,00000dc,05,2,2,3,36c0163bf1855dc4,0,0,2,ff6c11f939c6d6bc,3,1,8d1d86324a58cdcd,d8d8da7c1e721d39,d8d8da7c1e721d39,0,1
3455,3455,0,00000e0,05,2,2,3,a55c81c56219d091,0,0,2,3768cc17f1c20b52,3,1,b84b9b6e7f0e4098,10dc0792d676c0d7,10dc0792d676c0d7,0,0
3456,3456,0,00000e4,05,2,2,3,2bd70c90ec92476f,0,0,2,ba3d429c7c9785d9,3,1,36c0163bf1855dc4,10dc0792d676c0d7,10dc0792d676c0d7,0,0
3457,3457,0,00000e8,05,2,2,3,8265ae384520ca3a,0,0,2,2dc3d100eb691645,3,1,a55c81c56219d091,10dc0792d676c0d7,10dc0792d676c0d7,0,0
3458,3458,0,00000ec,05,2,2,3,0cee236dcbab6892,0,0,2,a0965f8b663c98ce,3,1,2bd70c90ec92476f,10dc0792d676c0d7,10dc0792d676c0d7,0,0
3459,3459,0,00000f0,05,2,2,3,9f72b4935837e5c7,0,0,2,023ef639c494317c,3,1,8265ae384520ca3a,c584ef2a032e286f,c584ef2a032e286f,0,1
3460,3460,0,00000f4,05,2,2,3,11f939c6d6bc7239,0,0,2,8f6b78b249c1bff7,3,1,0cee236dcbab6892,48d161a18e7ba6e4,48d161a18e7ba6e4,0,1
3461,3461,0,00000f8,05,2,2,3,cc17f1c20b52ff6c,0,0,2,1895eb2ede3f2c6b,3,1,9f72b4935837e5c7,df2ff23d19853578,df2ff23d19853578,0,1
3462,3462,0,00000fc,05,2,2,3,429c7c9785d93768,0,0,2,95c065a5536aa2e0,3,1,11f939c6d6bc7239,527a7cb694d0bbf3,527a7cb694d0bbf3,0,1
3463,3463,0,0000100,05,2,2,3,d100eb691645ba3d,0,0,2,774e2361b1e4e424,3,1,cc17f1c20b52ff6c,f0d2d50436781241,f0d2d50436781241,0,1
3464,3464,0,0000104,05,2,2,3,5f8b663c98ce2dc3,0,0,2,fa1badea3cb16aaf,3,1,429c7c9785d93768,7d875b8fbb2d9cca,7d875b8fbb2d9cca,0,1
3465,3465,0,0000108,05,2,2,3,f639c494317ca096,0,0,2,6de53e76ab4ff933,3,1,d100eb691645ba3d,ea79c8132cd30f56,ea79c8132cd30f56,0,1
3466,3466,0,000010c,05,2,2,3,78b249c1bff7023e,0,0,2,e0b0b0fd261a77b8,3,1,5f8b663c98ce2dc3,672c4698a18681dd,672c4698a18681dd,0,1
3467,3467,0,0000110,05,2,2,3,eb2ede3f2c6b8f6b,0,0,2,4218194f84b2de0a,3,1,f639c494317ca096,7a7073cebcdab48b,7a7073cebcdab48b,0,0
3468,3468,0,0000114,05,2,2,3,65a5536aa2e01895,0,0,2,cf4d97c409e75081,3,1,78b249c1bff7023e,7a7073cebcdab48b,7a7073cebcdab48b,0,0
3469,3469,0,0000118,05,2,2,3,2361b1e4e42495c0,0,0,2,58b304589e19c31d,3,1,eb2ede3f2c6b8f6b,7a7073cebcdab48b,7a7073cebcdab48b,0,0
3470,3470,0,000011c,05,2,2,3,adea3cb16aaf774e,0,0,2,d5e68ad3134c4d96,3,1,65a5536aa2e01895,7a7073cebcdab48b,7a7073cebcdab48b,0,0
3471,3471,0,0000120,05,2,2,3,3e76ab4ff933fa1b,0,0,2,1de2573ddb489078,3,1,2361b1e4e42495c0,af289b7669825c33,af289b7669825c33,0,1
3472,3472,0,0000124,05,2,2,3,b0fd261a77b86de5,0,0,2,90b7d9b6561d1ef3,3,1,adea3cb16aaf774e,227d15fde4d7d2b8,227d15fde4d7d2b8,0,1
3473,3473,0,0000128,05,2,2,3,194f84b2de0ae0b0,0,0,2,07494a2ac1e38d6f,3,1,3e76ab4ff933fa1b,b583866173294124,b583866173294124,0,1
3474,3474,0,000012c,05,2,2,3,97c409e750814218,0,0,2,8a1cc4a14cb603e4,3,1,b0fd261a77b86de5,38d608eafe7ccfaf,38d608eafe7ccfaf,0,1
3475,3475,0,0000130,05,2,2,3,04589e19c31dcf4d,0,0,2,28b46d13ee1eaa56,3,1,194f84b2de0ae0b0,9a7ea1585cd4661d,9a7ea1585cd4661d,0,1
3476,3476,0,0000134,05,2,2,3,8ad3134c4d9658b3,0,0,2,a5e1e398634b24dd,3,1,97c409e750814218,172b2fd3d181e896,172b2fd3d181e896,0,1
3477,3477,0,0000138,05,2,2,3,573ddb489078d5e6,0,0,2,321f7004f4b5b741,3,1,04589e19c31dcf4d,80d5bc4f467f7b0a,80d5bc4f467f7b0a,0,1
3478,3478,0,000013c,05,2,2,3,d9b6561d1ef31de2,0,0,2,bf4afe8f79e039ca,3,1,8ad3134c4d9658b3,0d8032c4cb2af581,0d8032c4cb2af581,0,1
3479,3479,0,0000000,00,3,3,3,4a2ac1e38d6f90b7,0,0,3,a216cbd964bc0c9c,0,1,573ddb489078d5e6,c584ef2a032e286f,c584ef2a032e286f,0,0
3480,3480,0,0000000,00,3,3,3,c4a14cb603e40749,0,0,3,a216cbd964bc0c9c,0,1,d9b6561d1ef31de2,c584ef2a032e286f,c584ef2a032e286f,0,0
3481,3481,0,000000a,03,3,2,2,6d13ee1eaa568a1c,0,0,3,a216cbd964bc0c9c,0,1,4a2ac1e38d6f90b7,c584ef2a032e286f,c584ef2a032e286f,0,0
3482,3482,0,0000000,00,3,3,3,e398634b24dd28b4,0,0,3,a216cbd964bc0c9c,0,1,c4a14cb603e40749,c584ef2a032e286f,c584ef2a032e286f,0,0
3483,3483,0,0000140,05,2,2,3,7004f4b5b741a5e1,0,0,2,a216cbd964bc0c9c,3,1,6d13ee1eaa568a1c,ba6dd6e37cc711a6,ba6dd6e37cc711a6,0,1
3484,3484,0,0000144,05,2,2,3,fe8f79e039ca321f,0,0,2,2f434552e9e98217,3,1,e398634b24dd28b4,37385868f1929f2d,37385868f1929f2d,0,1
3485,3485,0,0000148,05,2,2,3,cbd964bc0c9cbf4a,0,0,2,b8bdd6ce7e17118b,3,1,7004f4b5b741a5e1,a0c6cbf4666c0cb1,a0c6cbf4666c0cb1,0,1
3486,3486,0,000014c,05,2,2,3,0000000000000000,0,0,2,35e85845f3429f00,3,1,fe8f79e039ca321f,527a7cb694d0bbf3,527a7cb694d0bbf3,0,0
3487,3487,0,0000150,05,2,2,3,0000000000000000,0,0,2,9740f1f751ea36b2,3,1,cbd964bc0c9cbf4a,527a7cb694d0bbf3,527a7cb694d0bbf3,0,0
3488,3488,0,0000154,05,2,2,3,cb90000000000000,0,0,2,1a157f7cdcbfb839,3,1,0000000000000000,527a7cb694d0bbf3,527a7cb694d0bbf3,0,0
3489,3489,0,0000158,05,2,2,3,cbd964bc0c9ca216,0,0,2,8debece04b412ba5,3,1,0000000000000000,527a7cb694d0bbf3,527a7cb694d0bbf3,0,0
3490,3490,0,000015c,05,2,2,3,4552e9e98217a216,0,0,2,00be626bc614a52e,3,1,cb90000000000000,527a7cb694d0bbf3,527a7cb694d0bbf3,0,0
3491,3491,0,0000000,00,3,3,3,d6ce7e17118b2f43,0,0,3,c8babf850e1078c0,0,1,cbd964bc0c9ca216,527a7cb694d0bbf3,527a7cb694d0bbf3,0,0
3492,3492,0,0000000,00,3,3,3,5845f3429f00b8bd,0,0,3,c8babf850e1078c0,0,1,4552e9e98217a216,527a7cb694d0bbf3,527a7cb694d0bbf3,0,0
3493,3493,0,0000000,00,3,3,3,f1f751ea36b235e8,0,0,3,c8babf850e1078c0,0,1,d6ce7e17118b2f43,527a7cb694d0bbf3,527a7cb694d0bbf3,0,0
3494,3494,0,0000000,00,3,3,3,7f7cdcbfb8399740,0,0,3,c8babf850e1078c0,0,1,5845f3429f00b8bd,527a7cb694d0bbf3,527a7cb694d0bbf3,0,0
3495,3495,0,0000160,05,2,2,3,ece04b412ba51a15,0,0,2,c8babf850e1078c0,3,1,f1f751ea36b235e8,527a7cb694d0bbf3,527a7cb694d0bbf3,0,0
3496,3496,0,0000164,05,2,2,3,626bc614a52e8deb,0,0,2,45ef310e8345f64b,3,1,7f7cdcbfb8399740,527a7cb694d0bbf3,527a7cb694d0bbf3,0,0
3497,3497,0,0000168,05,2,2,3,bf850e1078c000be,0,0,2,d211a29214bb65d7,3,1,ece04b412ba51a15,527a7cb694d0bbf3,527a7cb694d0bbf3,0,0
3498,3498,0,000016c,05,2,2,3,0000000000000000,0,0,2,5f442c1999eeeb5c,3,1,626bc614a52e8deb,527a7cb694d0bbf3,527a7cb694d0bbf3,0,0
3499,3499,0,0000170,05,2,2,3,0000000000000000,0,0,2,fdec85ab3b4642ee,3,1,bf850e1078c000be,527a7cb694d0bbf3,527a7cb694d0bbf3,0,0
3500,3500,0,0000174,05,2,2,3,bf80000000000000,0,0,2,70b90b20b613cc65,3,1,0000000000000000,527a7cb694d0bbf3,527a7cb694d0bbf3,0,0
3501,3501,0,0000178,05,2,2,3,bf850e1078c0c8ba,0,0,2,e74798bc21ed5ff9,3,1,0000000000000000,527a7cb694d0bbf3,527a7cb694d0bbf3,0,0
3502,3502,0,000017c,05,2,2,3,310e8345f64bc8ba,0,0,2,6a121637acb8d172,3,1,bf80000000000000,527a7cb694d0bbf3,527a7cb694d0bbf3,0,0
3503,3503,0,0000000,00,3,3,3,a29214bb65d745ef,0,0,3,ddfff2101b553555,0,1,bf850e1078c0c8ba,527a7cb694d0bbf3,527a7cb694d0bbf3,0,0
3504,3504,0,0000000,00,3,3,3,2c1999eeeb5cd211,0,0,3,ddfff2101b553555,0,1,310e8345f64bc8ba,527a7cb694d0bbf3,527a7cb694d0bbf3,0,0
3505,3505,0,0000000,00,3,3,3,85ab3b4642ee5f44,0,0,3,ddfff2101b553555,0,1,a29214bb65d745ef,527a7cb694d0bbf3,527a7cb694d0bbf3,0,0
3506,3506,0,0000000,00,3,3,3,0b20b613cc65fdec,0,0,3,ddfff2101b553555,0,1,2c1999eeeb5cd211,527a7cb694d0bbf3,527a7cb694d0bbf3,0,0
3507,3507,0,0000180,05,2,2,3,98bc21ed5ff970b9,0,0,2,ddfff2101b553555,3,1,85ab3b4642ee5f44,527a7cb694d0bbf3,527a7cb694d0bbf3,0,0
3508,3508,0,0000184,05,2,2,3,1637acb8d172e747,0,0,2,50aa7c9b9600bbde,3,1,0b20b613cc65fdec,527a7cb694d0bbf3,527a7cb694d0bbf3,0,0
3509,3509,0,0000188,05,2,2,3,f2101b5535556a12,0,0,2,c754ef0701fe2842,3,1,98bc21ed5ff970b9,527a7cb694d0bbf3,527a7cb694d0bbf3,0,0
3510,3510,0,000018c,05,2,2,3,0000000000000000,0,0,2,4a01618c8caba6c9,3,1,1637acb8d172e747,527a7cb694d0bbf3,527a7cb694d0bbf3,0,0
3511,3511,0,0000190,05,2,2,3,0000000000000000,0,0,2,e8a9c83e2e030f7b,3,1,f2101b5535556a12,527a7cb694d0bbf3,527a7cb694d0bbf3,0,0
3512,3512,0,0000194,05,2,2,3,f210000000000000,0,0,2,65fc46b5a35681f0,3,1,0000000000000000,527a7cb694d0bbf3,527a7cb694d0bbf3,0,0
3513,3513,0,0000198,05,2,2,3,f2101b553555ddff,0,0,2,f202d52934a8126c,3,1,0000000000000000,527a7cb694d0bbf3,527a7cb694d0bbf3,0,0
3514,3514,0,000019c,05,2,2,3,7c9b9600bbdeddff,0,0,2,7f575ba2b9fd9ce7,3,1,f210000000000000,527a7cb694d0bbf3,527a7cb694d0bbf3,0,0
3515,3515,0,0000000,00,3,3,3,ef0701fe284250aa,0,0,3,b753864c71f94109,0,1,f2101b553555ddff,527a7cb694d0bbf3,527a7cb694d0bbf3,0,0
3516,3516,0,0000000,00,3,3,3,618c8caba6c9c754,0,0,3,b753864c71f94109,0,1,7c9b9600bbdeddff,527a7cb694d0bbf3,527a7cb694d0bbf3,0,0
3517,3517,0,0000000,00,3,3,3,c83e2e030f7b4a01,0,0,3,b753864c71f94109,0,1,ef0701fe284250aa,527a7cb694d0bbf3,527a7cb694d0bbf3,0,0
3518,3518,0,0000000,00,3,3,3,46b5a35681f0e8a9,0,0,3,b753864c71f94109,0,1,618c8caba6c9c754,527a7cb694d0bbf3,527a7cb694d0bbf3,0,0
3519,3519,0,00001a0,05,2,2,3,d52934a8126c65fc,0,0,2,b753864c71f94109,3,1,c83e2e030f7b4a01,527a7cb694d0bbf3,527a7cb694d0bbf3,0,0
3520,3520,0,00001a4,05,2,2,3,5ba2b9fd9ce7f202,0,0,2,3a0608c7fcaccf82,3,1,46b5a35681f0e8a9,527a7cb694d0bbf3,527a7cb694d0bbf3,0,0
3521,3521,0,00001a8,05,2,2,3,864c71f941097f57,0,0,2,adf89b5b6b525c1e,3,1,d52934a8126c65fc,527a7cb694d0bbf3,527a7cb694d0bbf3,0,0
3522,3522,0,00001ac,05,2,2,3,0000000000000000,0,0,2,20ad15d0e607d295,3,1,5ba2b9fd9ce7f202,527a7cb694d0bbf3,527a7cb694d0bbf3,0,0
3523,3523,0,00001b0,05,2,2,3,0000000000000000,0,0,2,8205bc6244af7b27,3,1,864c71f941097f57,527a7cb694d0bbf3,527a7cb694d0bbf3,0,0
3524,3524,0,00001b4,05,2,2,3,8600000000000000,0,0,2,0f5032e9c9faf5ac,3,1,0000000000000000,527a7cb694d0bbf3,527a7cb694d0bbf3,0,0
3525,3525,0,00001b8,05,2,2,3,864c71f94109b753,0,0,2,98aea1755e046630,3,1,0000000000000000,527a7cb694d0bbf3,527a7cb694d0bbf3,0,0
3526,3526,0,00001bc,05,2,2,3,08c7fcaccf82b753,0,0,2,15fb2ffed351e8bb,3,1,8600000000000000,527a7cb694d0bbf3,527a7cb694d0bbf3,0,0
3527,3527,0,0000000,00,3,3,3,9b5b6b525c1e3a06,0,0,3,08a71aa8ce0ddded,0,1,864c71f94109b753,527a7cb694d0bbf3,527a7cb694d0bbf3,0,0
3528,3528,0,0000000,00,3,3,3,15d0e607d295adf8,0,0,3,08a71aa8ce0ddded,0,1,08c7fcaccf82b753,527a7cb694d0bbf3,527a7cb694d0bbf3,0,0
3529,3529,0,0000000,00,3,3,3,bc6244af7b2720ad,0,0,3,08a71aa8ce0ddded,0,1,9b5b6b525c1e3a06,527a7cb694d0bbf3,527a7cb694d0bbf3,0,0
3530,3530,0,0000000,00,3,3,3,32e9c9faf5ac8205,0,0,3,08a71aa8ce0ddded,0,1,15d0e607d295adf8,527a7cb694d0bbf3,527a7cb694d0bbf3,0,0
3531,3531,0,00001c0,05,2,2,3,a1755e0466300f50,0,0,2,08a71aa8ce0ddded,3,1,bc6244af7b2720ad,527a7cb694d0bbf3,527a7cb694d0bbf3,0,0
3532,3532,0,00001c4,05,2,2,3,2ffed351e8bb98ae,0,0,2,85f2942343585366,3,1,32e9c9faf5ac8205,527a7cb694d0bbf3,527a7cb694d0bbf3,0,0
3533,3533,0,00001c8,05,2,2,3,1aa8ce0ddded15fb,0,0,2,120c07bfd4a6c0fa,3,1,a1755e0466300f50,527a7cb694d0bbf3,527a7cb694d0bbf3,0,0
3534,3534,0,00001cc,05,2,2,3,0000000000000000,0,0,2,9f59893459f34e71,3,1,2ffed351e8bb98ae,527a7cb694d0bbf3,527a7cb694d0bbf3,0,0
3535,3535,0,00001d0,05,2,2,3,0000000000000000,0,0,2,3df12086fb5be7c3,3,1,1aa8ce0ddded15fb,527a7cb694d0bbf3,527a7cb694d0bbf3,0,0
3536,3536,0,00001d4,05,2,2,3,1aa0000000000000,0,0,2,b0a4ae0d760e6948,3,1,0000000000000000,527a7cb694d0bbf3,527a7cb694d0bbf3,0,0
3537,3537,0,00001d8,05,2,2,3,1aa8ce0ddded08a7,0,0,2,275a3d91e1f0fad4,3,1,0000000000000000,527a7cb694d0bbf3,527a7cb694d0bbf3,0,0
3538,3538,0,00001dc,05,2,2,3,94234358536608a7,0,0,2,aa0fb31a6ca5745f,3,1,1aa0000000000000,527a7cb694d0bbf3,527a7cb694d0bbf3,0,0
3539,3539,0,0000000,00,3,3,3,07bfd4a6c0fa85f2,0,0,3,620b6ef4a4a1a9b1,0,1,1aa8ce0ddded08a7,527a7cb694d0bbf3,527a7cb694d0bbf3,0,0
3540,3540,0,0000000,00,3,3,3,893459f34e71120c,0,0,3,620b6ef4a4a1a9b1,0,1,94234358536608a7,527a7cb694d0bbf3,527a7cb694d0bbf3,0,0
3541,3541,0,0000000,00,3,3,3,2086fb5be7c39f59,0,0,3,620b6ef4a4a1a9b1,0,1,07bfd4a6c0fa85f2,527a7cb694d0bbf3,527a7cb694d0bbf3,0,0
3542,3542,0,0000000,00,3,3,3,ae0d760e69483df1,0,0,3,620b6ef4a4a1a9b1,0,1,893459f34e71120c,527a7cb694d0bbf3,527a7cb694d0bbf3,0,0
3543,3543,0,00001e0,05,2,2,3,3d91e1f0fad4b0a4,0,0,2,620b6ef4a4a1a9b1,3,1,2086fb5be7c39f59,527a7cb694d0bbf3,527a7cb694d0bbf3,0,0
3544,3544,0,00001e4,05,2,2,3,b31a6ca5745f275a,0,0,2,ef5ee07f29f4273a,3,1,ae0d760e69483df1,527a7cb694d0bbf3,527a7cb694d0bbf3,0,0
3545,3545,0,00001e8,05,2,2,3,6ef4a4a1a9b1aa0f,0,0,2,78a073e3be0ab4a6,3,1,3d91e1f0fad4b0a4,527a7cb694d0bbf3,527a7cb694d0bbf3,0,0
3546,3546,0,00001ec,05,2,2,3,0000000000000000,0,0,2,f5f5fd68335f3a2d,3,1,b31a6ca5745f275a,527a7cb694d0bbf3,527a7cb694d0bbf3,0,0
3547,3547,0,00001f0,05,2,2,3,0000000000000000,0,0,2,575d54da91f7939f,3,1,6ef4a4a1a9b1aa0f,527a7cb694d0bbf3,527a7cb694d0bbf3,0,0
3548,3548,0,00001f4,05,2,2,3,6eb0000000000000,0,0,2,da08da511ca21d14,3,1,0000000000000000,527a7cb694d0bbf3,527a7cb694d0bbf3,0,0
3549,3549,0,00001f8,05,2,2,3,6ef4a4a1a9b1620b,0,0,2,4df649cd8b5c8e88,3,1,0000000000000000,527a7cb694d0bbf3,527a7cb694d0bbf3,0,0
3550,3550,0,00001fc,05,2,2,3,e07f29f4273a620b,0,0,2,c0a3c74606090003,3,1,6eb0000000000000,527a7cb694d0bbf3,527a7cb694d0bbf3,0,0
3551,3551,0,0000000,00,3,3,3,73e3be0ab4a6ef5e,0,0,3,88eac4444e400301,0,1,6ef4a4a1a9b1620b,527a7cb694d0bbf3,527a7cb694d0bbf3,0,0
3552,3552,0,0000000,00,3,3,3,fd68335f3a2d78a0,0,0,3,88eac4444e400301,0,1,e07f29f4273a620b,527a7cb694d0bbf3,527a7cb694d0bbf3,0,0
3553,3553,0,0000000,00,3,3,3,54da91f7939ff5f5,0,0,3,88eac4444e400301,0,1,73e3be0ab4a6ef5e,527a7cb694d0bbf3,527a7cb694d0bbf3,0,0
3554,3554,0,0000000,00,3,3,3,da511ca21d14575d,0,0,3,88eac4444e400301,0,1,fd68335f3a2d78a0,527a7cb694d0bbf3,527a7cb694d0bbf3,0,0
3555,3555,0,0000200,05,2,2,3,49cd8b5c8e88da08,0,0,2,88eac4444e400301,3,1,54da91f7939ff5f5,527a7cb694d0bbf3,527a7cb694d0bbf3,0,0
3556,3556,0,0000204,05,2,2,3,c746060900034df6,0,0,2,05bf4acfc3158d8a,3,1,da511ca21d14575d,527a7cb694d0bbf3,527a7cb694d0bbf3,0,0
3557,3557,0,0000208,05,2,2,3,c4444e400301c0a3,0,0,2,9241d95354eb1e16,3,1,49cd8b5c8e88da08,527a7cb694d0bbf3,527a7cb694d0bbf3,0,0
3558,3558,0,000020c,05,2,2,3,0000000000000000,0,0,2,1f1457d8d9be909d,3,1,c746060900034df6,527a7cb694d0bbf3,527a7cb694d0bbf3,0,0
3559,3559,0,0000210,05,2,2,3,0000000000000000,0,0,2,bdbcfe6a7b16392f,3,1,c4444e400301c0a3,527a7cb694d0bbf3,527a7cb694d0bbf3,0,0
3560,3560,0,0000214,05,2,2,3,c400000000000000,0,0,2,30e970e1f643b7a4,3,1,0000000000000000,527a7cb694d0bbf3,527a7cb694d0bbf3,0,0
3561,3561,0,0000218,05,2,2,3,c4444e40030188ea,0,0,2,a717e37d61bd2438,3,1,0000000000000000,527a7cb694d0bbf3,527a7cb694d0bbf3,0,0
3562,3562,0,000021c,05,2,2,3,4acfc3158d8a88ea,0,0,2,2a426df6ece8aab3,3,1,c400000000000000,527a7cb694d0bbf3,527a7cb694d0bbf3,0,0
3563,3563,0,0000000,00,3,3,3,d95354eb1e1605bf,0,0,3,e246b01824ec775d,0,1,c4444e40030188ea,527a7cb694d0bbf3,527a7cb694d0bbf3,0,0
3564,3564,0,0000000,00,3,3,3,57d8d9be909d9241,0,0,3,e246b01824ec775d,0,1,4acfc3158d8a88ea,527a7cb694d0bbf3,527a7cb694d0bbf3,0,0
3565,3565,0,0000000,00,3,3,3,fe6a7b16392f1f14,0,0,3,e246b01824ec775d,0,1,d95354eb1e1605bf,527a7cb694d0bbf3,527a7cb694d0bbf3,0,0
3566,3566,0,0000000,00,3,3,3,70e1f643b7a4bdbc,0,0,3,e246b01824ec775d,0,1,57d8d9be909d9241,527a7cb694d0bbf3,527a7cb694d0bbf3,0,0
3567,3567,0,0000220,05,2,2,3,e37d61bd243830e9,0,0,2,e246b01824ec775d,3,1,fe6a7b16392f1f14,527a7cb694d0bbf3,527a7cb694d0bbf3,0,0
3568,3568,0,0000224,05,2,2,3,6df6ece8aab3a717,0,0,2,6f133e93a9b9f9d6,3,1,70e1f643b7a4bdbc,527a7cb694d0bbf3,527a7cb694d0bbf3,0,0
3569,3569,0,0000228,05,2,2,3,b01824ec775d2a42,0,0,2,f8edad0f3e476a4a,3,1,e37d61bd243830e9,527a7cb694d0bbf3,527a7cb694d0bbf3,0,0
3570,3570,0,000022c,05,2,2,3,0000000000000000,0,0,2,75b82384b312e4c1,3,1,6df6ece8aab3a717,527a7cb694d0bbf3,527a7cb694d0bbf3,0,0
3571,3571,0,0000230,05,2,2,3,0000000000000000,0,0,2,d7108a3611ba4d73,3,1,b01824ec775d2a42,527a7cb694d0bbf3,527a7cb694d0bbf3,0,0
3572,3572,0,0000234,05,2,2,3,b010000000000000,0,0,2,5a4504bd9cefc3f8,3,1,0000000000000000,527a7cb694d0bbf3,527a7cb694d0bbf3,0,0
3573,3573,0,0000238,05,2,2,3,b01824ec775de246,0,0,2,cdbb97210b115064,3,1,0000000000000000,527a7cb694d0bbf3,527a7cb694d0bbf3,0,0
3574,3574,0,000023c,05,2,2,3,3e93a9b9f9d6e246,0,0,2,40ee19aa8644deef,3,1,b010000000000000,527a7cb694d0bbf3,527a7cb694d0bbf3,0,0
3575,3575,0,0000000,00,3,3,3,ad0f3e476a4a6f13,0,0,3,5db22cfc9b18ebb9,0,1,b01824ec775de246,527a7cb694d0bbf3,527a7cb694d0bbf3,0,0
3576,3576,0,0000000,00,3,3,3,2384b312e4c1f8ed,0,0,3,5db22cfc9b18ebb9,0,1,3e93a9b9f9d6e246,527a7cb694d0bbf3,527a7cb694d0bbf3,0,0
3577,3577,0,0000000,00,3,3,3,8a3611ba4d7375b8,0,0,3,5db22cfc9b18ebb9,0,1,ad0f3e476a4a6f13,527a7cb694d0bbf3,527a7cb694d0bbf3,0,0
3578,3578,0,0000000,00,3,3,3,04bd9cefc3f8d710,0,0,3,5db22cfc9b18ebb9,0,1,2384b312e4c1f8ed,527a7cb694d0bbf3,527a7cb694d0bbf3,0,0
3579,3579,0,0000240,05,2,2,3,97210b1150645a45,0,0,2,5db22cfc9b18ebb9,3,1,8a3611ba4d7375b8,527a7cb694d0bbf3,527a7cb694d0bbf3,0,0
3580,3580,0,0000244,05,2,2,3,19aa8644deefcdbb,0,0,2,d0e7a277164d6532,3,1,04bd9cefc3f8d710,527a7cb694d0bbf3,527a7cb694d0bbf3,0,0
3581,3581,0,0000248,05,2,2,3,2cfc9b18ebb940ee,0,0,2,471931eb81b3f6ae,3,1,97210b1150645a45,527a7cb694d0bbf3,527a7cb694d0bbf3,0,0
3582,3582,0,000024c,05,2,2,3,0000000000000004,0,0,2,ca4cbf600ce67825,3,1,19aa8644deefcdbb,527a7cb694d0bbf3,527a7cb694d0bbf3,0,0
3583,3583,0,0000250,05,2,2,3,0000000000000000,0,0,2,68e416d2ae4ed197,3,1,2cfc9b18ebb940ee,527a7cb694d0bbf3,527a7cb694d0bbf3,0,0
3584,3584,0,0000254,05,2,2,3,2cb0000000000000,0,0,2,e5b19859231b5f1c,3,1,0000000000000004,527a7cb694d0bbf3,527a7cb694d0bbf3,0,0
3585,3585,0,0000258,05,2,2,3,2cfc9b18ebb95db2,0,0,2,724f0bc5b4e5cc80,3,1,0000000000000000,527a7cb694d0bbf3,527a7cb694d0bbf3,0,0
3586,3586,0,000025c,05,2,2,3,a277164d65325db2,0,0,2,ff1a854e39b0420b,3,1,2cb0000000000000,527a7cb694d0bbf3,527a7cb694d0bbf3,0,0
3587,3587,0,0000000,00,3,3,3,31eb81b3f6aed0e7,0,0,3,371e58a0f1b49fe5,0,1,2cfc9b18ebb95db2,527a7cb694d0bbf3,527a7cb694d0bbf3,0,0
3588,3588,0,0000000,00,3,3,3,bf600ce678254719,0,0,3,371e58a0f1b49fe5,0,1,a277164d65325db2,527a7cb694d0bbf3,527a7cb694d0bbf3,0,0
3589,3589,0,0000000,00,3,3,3,16d2ae4ed197ca4c,0,0,3,371e58a0f1b49fe5,0,1,31eb81b3f6aed0e7,527a7cb694d0bbf3,527a7cb694d0bbf3,0,0
3590,3590,0,0000000,00,3,3,3,9859231b5f1c68e4,0,0,3,371e58a0f1b49fe5,0,1,bf600ce678254719,527a7cb694d0bbf3,527a7cb694d0bbf3,0,0
3591,3591,0,0000260,05,2,2,3,0bc5b4e5cc80e5b1,0,0,2,371e58a0f1b49fe5,3,1,16d2ae4ed197ca4c,527a7cb694d0bbf3,527a7cb694d0bbf3,0,0
3592,3592,0,0000264,05,2,2,3,854e39b0420b724f,0,0,2,ba4bd62b7ce1116e,3,1,9859231b5f1c68e4,527a7cb694d0bbf3,527a7cb694d0bbf3,0,0
3593,3593,0,0000268,05,2,2,3,58a0f1b49fe5ff1a,0,0,2,2db545b7eb1f82f2,3,1,0bc5b4e5cc80e5b1,527a7cb694d0bbf3,527a7cb694d0bbf3,0,0
3594,3594,0,000026c,05,2,2,3,0000000000000000,0,0,2,a0e0cb3c664a0c79,3,1,854e39b0420b724f,527a7cb694d0bbf3,527a7cb694d0bbf3,0,0
3595,3595,0,0000270,05,2,2,3,0000000000000000,0,0,2,0248628ec4e2a5cb,3,1,58a0f1b49fe5ff1a,527a7cb694d0bbf3,527a7cb694d0bbf3,0,0
3596,3596,0,0000274,05,2,2,3,58a0000000000000,0,0,2,8f1dec0549b72b40,3,1,0000000000000000,527a7cb694d0bbf3,527a7cb694d0bbf3,0,0
3597,3597,0,0000278,05,2,2,3,58a0f1b49fe5371e,0,0,2,18e37f99de49b8dc,3,1,0000000000000000,527a7cb694d0bbf3,527a7cb694d0bbf3,0,0
3598,3598,0,000027c,05,2,2,3,d62b7ce1116e371e,0,0,2,95b6f112531c3657,3,1,58a0000000000000,527a7cb694d0bbf3,527a7cb694d0bbf3,0,0
3599,3599,0,0000000,00,3,3,3,45b7eb1f82f2ba4b,0,0,3,225b1535e4f1d270,0,1,58a0f1b49fe5371e,527a7cb694d0bbf3,527a7cb694d0bbf3,0,0
3600,3600,0,0000000,00,3,3,3,cb3c664a0c792db5,0,0,3,225b1535e4f1d270,0,1,d62b7ce1116e371e,527a7cb694d0bbf3,527a7cb694d0bbf3,0,0
3601,3601,0,0000000,00,3,3,3,628ec4e2a5cba0e0,0,0,3,225b1535e4f1d270,0,1,45b7eb1f82f2ba4b,527a7cb694d0bbf3,527a7cb694d0bbf3,0,0
3602,3602,0,0000000,00,3,3,3,ec0549b72b400248,0,0,3,225b1535e4f1d270,0,1,cb3c664a0c792db5,527a7cb694d0bbf3,527a7cb694d0bbf3,0,0
3603,3603,0,0000280,05,2,2,3,7f99de49b8dc8f1d,0,0,2,225b1535e4f1d270,3,1,628ec4e2a5cba0e0,527a7cb694d0bbf3,527a7cb694d0bbf3,0,0
3604,3604,0,0000284,05,2,2,3,f112531c365718e3,0,0,2,af0e9bbe69a45cfb,3,1,ec0549b72b400248,527a7cb694d0bbf3,527a7cb694d0bbf3,0,0
3605,3605,0,0000288,05,2,2,3,1535e4f1d27095b6,0,0,2,38f00822fe5acf67,3,1,7f99de49b8dc8f1d,527a7cb694d0bbf3,527a7cb694d0bbf3,0,0
3606,3606,0,000028c,05,2,2,3,0000000000000000,0,0,2,b5a586a9730f41ec,3,1,f112531c365718e3,527a7cb694d0bbf3,527a7cb694d0bbf3,0,0
3607,3607,0,0000290,05,2,2,3,0000000000000000,0,0,2,170d2f1bd1a7e85e,3,1,1535e4f1d27095b6,527a7cb694d0bbf3,527a7cb694d0bbf3,0,0
3608,3608,0,0000294,05,2,2,3,1530000000000000,0,0,2,9a58a1905cf266d5,3,1,0000000000000000,527a7cb694d0bbf3,527a7cb694d0bbf3,0,0
3609,3609,0,0000298,05,2,2,3,1535e4f1d270225b,0,0,2,0da6320ccb0cf549,3,1,0000000000000000,527a7cb694d0bbf3,527a7cb694d0bbf3,0,0
3610,3610,0,000029c,05,2,2,3,9bbe69a45cfb225b,0,0,2,80f3bc8746597bc2,3,1,1530000000000000,527a7cb694d0bbf3,527a7cb694d0bbf3,0,0
3611,3611,0,0000000,00,3,3,3,0822fe5acf67af0e,0,0,3,48f761698e5da62c,0,1,1535e4f1d270225b,527a7cb694d0bbf3,527a7cb694d0bbf3,0,0
3612,3612,0,0000000,00,3,3,3,86a9730f41ec38f0,0,0,3,48f761698e5da62c,0,1,9bbe69a45cfb225b,527a7cb694d0bbf3,527a7cb694d0bbf3,0,0
3613,3613,0,0000000,00,3,3,3,2f1bd1a7e85eb5a5,0,0,3,48f761698e5da62c,0,1,0822fe5acf67af0e,527a7cb694d0bbf3,527a7cb694d0bbf3,0,0
3614,3614,0,0000000,00,3,3,3,a1905cf266d5170d,0,0,3,48f761698e5da62c,0,1,86a9730f41ec38f0,527a7cb694d0bbf3,527a7cb694d0bbf3,0,0
3615,3615,0,00002a0,05,2,2,3,320ccb0cf5499a58,0,0,2,48f761698e5da62c,3,1,2f1bd1a7e85eb5a5,527a7cb694d0bbf3,527a7cb694d0bbf3,0,0
3616,3616,0,00002a4,05,2,2,3,bc8746597bc20da6,0,0,2,c5a2efe2030828a7,3,1,a1905cf266d5170d,527a7cb694d0bbf3,527a7cb694d0bbf3,0,0
3617,3617,0,00002a8,05,2,2,3,61698e5da62c80f3,0,0,2,525c7c7e94f6bb3b,3,1,320ccb0cf5499a58,527a7cb694d0bbf3,527a7cb694d0bbf3,0,0
3618,3618,0,00002ac,05,2,2,3,0000000000000000,0,0,2,df09f2f519a335b0,3,1,bc8746597bc20da6,527a7cb694d0bbf3,527a7cb694d0bbf3,0,0
3619,3619,0,00002b0,05,2,2,3,0000000000000000,0,0,2,7da15b47bb0b9c02,3,1,61698e5da62c80f3,527a7cb694d0bbf3,527a7cb694d0bbf3,0,0
3620,3620,0,00002b4,05,2,2,3,6120000000000000,0,0,2,f0f4d5cc365e1289,3,1,0000000000000000,527a7cb694d0bbf3,527a7cb694d0bbf3,0,0
3621,3621,0,00002b8,05,2,2,3,61698e5da62c48f7,0,0,2,670a4650a1a08115,3,1,0000000000000000,527a7cb694d0bbf3,527a7cb694d0bbf3,0,0
3622,3622,0,00002bc,05,2,2,3,efe2030828a748f7,0,0,2,ea5fc8db2cf50f9e,3,1,6120000000000000,527a7cb694d0bbf3,527a7cb694d0bbf3,0,0
3623,3623,0,0000000,00,3,3,3,7c7e94f6bb3bc5a2,0,0,3,f703fd8d31a93ac8,0,1,61698e5da62c48f7,527a7cb694d0bbf3,527a7cb694d0bbf3,0,0
3624,3624,0,0000000,00,3,3,3,f2f519a335b0525c,0,0,3,f703fd8d31a93ac8,0,1,efe2030828a748f7,527a7cb694d0bbf3,527a7cb694d0bbf3,0,0
3625,3625,0,0000000,00,3,3,3,5b47bb0b9c02df09,0,0,3,f703fd8d31a93ac8,0,1,7c7e94f6bb3bc5a2,527a7cb694d0bbf3,527a7cb694d0bbf3,0,0
3626,3626,0,0000000,00,3,3,3,d5cc365e12897da1,0,0,3,f703fd8d31a93ac8,0,1,f2f519a335b0525c,527a7cb694d0bbf3,527a7cb694d0bbf3,0,0
3627,3627,0,00002c0,05,2,2,3,4650a1a08115f0f4,0,0,2,f703fd8d31a93ac8,3,1,5b47bb0b9c02df09,527a7cb694d0bbf3,527a7cb694d0bbf3,0,0
3628,3628,0,00002c4,05,2,2,3,c8db2cf50f9e670a,0,0,2,7a567306bcfcb443,3,1,d5cc365e12897da1,527a7cb694d0bbf3,527a7cb694d0bbf3,0,0
3629,3629,0,00002c8,05,2,2,3,fd8d31a93ac8ea5f,0,0,2,eda8e09a2b0227df,3,1,4650a1a08115f0f4,527a7cb694d0bbf3,527a7cb694d0bbf3,0,0
3630,3630,0,00002cc,05,2,2,3,0000000000000000,0,0,2,60fd6e11a657a954,3,1,c8db2cf50f9e670a,527a7cb694d0bbf3,527a7cb694d0bbf3,0,0
3631,3631,0,00002d0,05,2,2,3,0000000000000000,0,0,2,c255c7a304ff00e6,3,1,fd8d31a93ac8ea5f,527a7cb694d0bbf3,527a7cb694d0bbf3,0,0
3632,3632,0,00002d4,05,2,2,3,fd80000000000000,0,0,2,4f00492889aa8e6d,3,1,0000000000000000,527a7cb694d0bbf3,527a7cb694d0bbf3,0,0
3633,3633,0,00002d8,05,2,2,3,fd8d31a93ac8f703,0,0,2,d8fedab41e541df1,3,1,0000000000000000,527a7cb694d0bbf3,527a7cb694d0bbf3,0,0
3634,3634,0,00002dc,05,2,2,3,7306bcfcb443f703,0,0,2,55ab543f9301937a,3,1,fd80000000000000,527a7cb694d0bbf3,527a7cb694d0bbf3,0,0
3635,3635,0,0000000,00,3,3,3,e09a2b0227df7a56,0,0,3,9daf89d15b054e94,0,1,fd8d31a93ac8f703,527a7cb694d0bbf3,527a7cb694d0bbf3,0,0
3636,3636,0,0000000,00,3,3,3,6e11a657a954eda8,0,0,3,9daf89d15b054e94,0,1,7306bcfcb443f703,527a7cb694d0bbf3,527a7cb694d0bbf3,0,0
3637,3637,0,0000000,00,3,3,3,c7a304ff00e660fd,0,0,3,9daf89d15b054e94,0,1,e09a2b0227df7a56,527a7cb694d0bbf3,527a7cb694d0bbf3,0,0
3638,3638,0,0000000,00,3,3,3,492889aa8e6dc255,0,0,3,9daf89d15b054e94,0,1,6e11a657a954eda8,527a7cb694d0bbf3,527a7cb694d0bbf3,0,0
3639,3639,0,00002e0,05,2,2,3,dab41e541df14f00,0,0,2,9daf89d15b054e94,3,1,c7a304ff00e660fd,527a7cb694d0bbf3,527a7cb694d0bbf3,0,0
3640,3640,0,00002e4,05,2,2,3,543f9301937ad8fe,0,0,2,10fa075ad650c01f,3,1,492889aa8e6dc255,527a7cb694d0bbf3,527a7cb694d0bbf3,0,0
3641,3641,0,00002e8,05,2,2,3,89d15b054e9455ab,0,0,2,870494c641ae5383,3,1,dab41e541df14f00,527a7cb694d0bbf3,527a7cb694d0bbf3,0,0
3642,3642,0,00002ec,05,2,2,3,0000000000000000,0,0,2,0a511a4dccfbdd08,3,1,543f9301937ad8fe,527a7cb694d0bbf3,527a7cb694d0bbf3,0,0
3643,3643,0,00002f0,05,2,2,3,0000000000000000,0,0,2,a8f9b3ff6e5374ba,3,1,89d15b054e9455ab,527a7cb694d0bbf3,527a7cb694d0bbf3,0,0
3644,3644,0,00002f4,05,2,2,3,8990000000000000,0,0,2,25ac3d74e306fa31,3,1,0000000000000000,527a7cb694d0bbf3,527a7cb694d0bbf3,0,0
3645,3645,0,00002f8,05,2,2,3,89d15b054e949daf,0,0,2,b252aee874f869ad,3,1,0000000000000000,527a7cb694d0bbf3,527a7cb694d0bbf3,0,0
3646,3646,0,00002fc,05,2,2,3,075ad650c01f9daf,0,0,2,3f072063f9ade726,3,1,8990000000000000,527a7cb694d0bbf3,527a7cb694d0bbf3,0,0
3647,3647,0,0000000,00,3,3,3,94c641ae538310fa,0,0,3,dd8966a71b23a1e2,0,1,89d15b054e949daf,527a7cb694d0bbf3,527a7cb694d0bbf3,0,0
3648,3648,0,0000000,00,3,3,3,1a4dccfbdd088704,0,0,3,dd8966a71b23a1e2,0,1,075ad650c01f9daf,527a7cb694d0bbf3,527a7cb694d0bbf3,0,0
3649,3649,0,0000000,00,3,3,3,b3ff6e5374ba0a51,0,0,3,dd8966a71b23a1e2,0,1,94c641ae538310fa,527a7cb694d0bbf3,527a7cb694d0bbf3,0,0
3650,3650,0,0000000,00,3,3,3,3d74e306fa31a8f9,0,0,3,dd8966a71b23a1e2,0,1,1a4dccfbdd088704,527a7cb694d0bbf3,527a7cb694d0bbf3,0,0
3651,3651,0,0000300,05,2,2,3,aee874f869ad25ac,0,0,2,dd8966a71b23a1e2,3,1,b3ff6e5374ba0a51,527a7cb694d0bbf3,527a7cb694d0bbf3,0,0
3652,3652,0,0000304,05,2,2,3,2063f9ade726b252,0,0,2,50dce82c96762f69,3,1,3d74e306fa31a8f9,527a7cb694d0bbf3,527a7cb694d0bbf3,0,0
3653,3653,0,0000308,05,2,2,3,66a71b23a1e23f07,0,0,2,c7227bb00188bcf5,3,1,aee874f869ad25ac,527a7cb694d0bbf3,527a7cb694d0bbf3,0,0
3654,3654,0,000030c,05,2,2,3,0000000000000000,0,0,2,4a77f53b8cdd327e,3,1,2063f9ade726b252,527a7cb694d0bbf3,527a7cb694d0bbf3,0,0
3655,3655,0,0000310,05,2,2,3,0000000000000000,0,0,2,e8df5c892e759bcc,3,1,66a71b23a1e23f07,527a7cb694d0bbf3,527a7cb694d0bbf3,0,0
3656,3656,0,0000314,05,2,2,3,66a0000000000000,0,0,2,658ad202a3201547,3,1,0000000000000000,527a7cb694d0bbf3,527a7cb694d0bbf3,0,0
3657,3657,0,0000318,05,2,2,3,66a71b23a1e2dd89,0,0,2,f274419e34de86db,3,1,0000000000000000,527a7cb694d0bbf3,527a7cb694d0bbf3,0,0
3658,3658,0,000031c,05,2,2,3,e82c96762f69dd89,0,0,2,7f21cf15b98b0850,3,1,66a0000000000000,527a7cb694d0bbf3,527a7cb694d0bbf3,0,0
3659,3659,0,0000000,00,3,3,3,7bb00188bcf550dc,0,0,3,b72512fb718fd5be,0,1,66a71b23a1e2dd89,527a7cb694d0bbf3,527a7cb694d0bbf3,0,0
3660,3660,0,0000000,00,3,3,3,f53b8cdd327ec722,0,0,3,b72512fb718fd5be,0,1,e82c96762f69dd89,527a7cb694d0bbf3,527a7cb694d0bbf3,0,0
3661,3661,0,0000000,00,3,3,3,5c892e759bcc4a77,0,0,3,b72512fb718fd5be,0,1,7bb00188bcf550dc,527a7cb694d0bbf3,527a7cb694d0bbf3,0,0
3662,3662,0,0000000,00,3,3,3,d202a3201547e8df,0,0,3,b72512fb718fd5be,0,1,f53b8cdd327ec722,527a7cb694d0bbf3,527a7cb694d0bbf3,0,0
3663,3663,0,0000320,05,2,2,3,419e34de86db658a,0,0,2,b72512fb718fd5be,3,1,5c892e759bcc4a77,527a7cb694d0bbf3,527a7cb694d0bbf3,0,0
3664,3664,0,0000324,05,2,2,3,cf15b98b0850f274,0,0,2,3a709c70fcda5b35,3,1,d202a3201547e8df,527a7cb694d0bbf3,527a7cb694d0bbf3,0,0
3665,3665,0,0000328,05,2,2,3,12fb718fd5be7f21,0,0,2,ad8e0fec6b24c8a9,3,1,419e34de86db658a,527a7cb694d0bbf3,527a7cb694d0bbf3,0,0
3666,3666,0,000032c,05,2,2,3,0000000000000000,0,0,2,20db8167e6714622,3,1,cf15b98b0850f274,527a7cb694d0bbf3,527a7cb694d0bbf3,0,0
3667,3667,0,0000330,05,2,2,3,0000000000000000,0,0,2,827328d544d9ef90,3,1,12fb718fd5be7f21,527a7cb694d0bbf3,527a7cb694d0bbf3,0,0
3668,3668,0,0000334,05,2,2,3,12b0000000000000,0,0,2,0f26a65ec98c611b,3,1,0000000000000000,527a7cb694d0bbf3,527a7cb694d0bbf3,0,0
3669,3669,0,0000338,05,2,2,3,12fb718fd5beb725,0,0,2,98d835c25e72f287,3,1,0000000000000000,527a7cb694d0bbf3,527a7cb694d0bbf3,0,0
3670,3670,0,000033c,05,2,2,3,9c70fcda5b35b725,0,0,2,158dbb49d3277c0c,3,1,12b0000000000000,527a7cb694d0bbf3,527a7cb694d0bbf3,0,0
3671,3671,0,0000000,00,3,3,3,0fec6b24c8a93a70,0,0,3,08d18e1fce7b495a,0,1,12fb718fd5beb725,527a7cb694d0bbf3,527a7cb694d0bbf3,0,0
3672,3672,0,0000000,00,3,3,3,8167e6714622ad8e,0,0,3,08d18e1fce7b495a,0,1,9c70fcda5b35b725,527a7cb694d0bbf3,527a7cb694d0bbf3,0,0
3673,3673,0,0000000,00,3,3,3,28d544d9ef9020db,0,0,3,08d18e1fce7b495a,0,1,0fec6b24c8a93a70,527a7cb694d0bbf3,527a7cb694d0bbf3,0,0
3674,3674,0,0000000,00,3,3,3,a65ec98c611b8273,0,0,3,08d18e1fce7b495a,0,1,8167e6714622ad8e,527a7cb694d0bbf3,527a7cb694d0bbf3,0,0
3675,3675,0,0000340,05,2,2,3,35c25e72f2870f26,0,0,2,08d18e1fce7b495a,3,1,28d544d9ef9020db,527a7cb694d0bbf3,527a7cb694d0bbf3,0,0
3676,3676,0,0000344,05,2,2,3,bb49d3277c0c98d8,0,0,2,85840094432ec7d1,3,1,a65ec98c611b8273,527a7cb694d0bbf3,527a7cb694d0bbf3,0,0
3677,3677,0,0000348,05,2,2,3,8e1fce7b495a158d,0,0,2,127a9308d4d0544d,3,1,35c25e72f2870f26,527a7cb694d0bbf3,527a7cb694d0bbf3,0,0
3678,3678,0,000034c,05,2,2,3,0000000000000000,0,0,2,9f2f1d835985dac6,3,1,bb49d3277c0c98d8,527a7cb694d0bbf3,527a7cb694d0bbf3,0,0
3679,3679,0,0000350,05,2,2,3,0000000000000000,0,0,2,3d87b431fb2d7374,3,1,8e1fce7b495a158d,527a7cb694d0bbf3,527a7cb694d0bbf3,0,0
3680,3680,0,0000354,05,2,2,3,8e10000000000000,0,0,2,b0d23aba7678fdff,3,1,0000000000000000,527a7cb694d0bbf3,527a7cb694d0bbf3,0,0
3681,3681,0,0000358,05,2,2,3,8e1fce7b495a08d1,0,0,2,272ca926e1866e63,3,1,0000000000000000,527a7cb694d0bbf3,527a7cb694d0bbf3,0,0
3682,3682,0,000035c,05,2,2,3,0094432ec7d108d1,0,0,2,aa7927ad6cd3e0e8,3,1,8e10000000000000,527a7cb694d0bbf3,527a7cb694d0bbf3,0,0
3683,3683,0,0000000,00,3,3,3,9308d4d0544d8584,0,0,3,627dfa43a4d73d06,0,1,8e1fce7b495a08d1,527a7cb694d0bbf3,527a7cb694d0bbf3,0,0
3684,3684,0,0000000,00,3,3,3,1d835985dac6127a,0,0,3,627dfa43a4d73d06,0,1,0094432ec7d108d1,527a7cb694d0bbf3,527a7cb694d0bbf3,0,0
3685,3685,0,0000000,00,3,3,3,b431fb2d73749f2f,0,0,3,627dfa43a4d73d06,0,1,9308d4d0544d8584,527a7cb694d0bbf3,527a7cb694d0bbf3,0,0
3686,3686,0,0000000,00,3,3,3,3aba7678fdff3d87,0,0,3,627dfa43a4d73d06,0,1,1d835985dac6127a,527a7cb694d0bbf3,527a7cb694d0bbf3,0,0
3687,3687,0,0000360,05,2,2,3,a926e1866e63b0d2,0,0,2,627dfa43a4d73d06,3,1,b431fb2d73749f2f,527a7cb694d0bbf3,527a7cb694d0bbf3,0,0
3688,3688,0,0000364,05,2,2,3,27ad6cd3e0e8272c,0,0,2,ef2874c82982b38d,3,1,3aba7678fdff3d87,527a7cb694d0bbf3,527a7cb694d0bbf3,0,0
3689,3689,0,0000368,05,2,2,3,fa43a4d73d06aa79,0,0,2,78d6e754be7c2011,3,1,a926e1866e63b0d2,527a7cb694d0bbf3,527a7cb694d0bbf3,0,0
3690,3690,0,000036c,05,2,2,3,0000000000000000,0,0,2,f58369df3329ae9a,3,1,27ad6cd3e0e8272c,527a7cb694d0bbf3,527a7cb694d0bbf3,0,0
3691,3691,0,0000370,05,2,2,3,0000000000000000,0,0,2,572bc06d91810728,3,1,fa43a4d73d06aa79,527a7cb694d0bbf3,527a7cb694d0bbf3,0,0
3692,3692,0,0000374,05,2,2,3,fa00000000000000,0,0,2,da7e4ee61cd489a3,3,1,0000000000000000,527a7cb694d0bbf3,527a7cb694d0bbf3,0,0
3693,3693,0,0000378,05,2,2,3,fa43a4d73d06627d,0,0,2,4d80dd7a8b2a1a3f,3,1,0000000000000000,527a7cb694d0bbf3,527a7cb694d0bbf3,0,0
3694,3694,0,000037c,05,2,2,3,74c82982b38d627d,0,0,2,c0d553f1067f94b4,3,1,fa00000000000000,527a7cb694d0bbf3,527a7cb694d0bbf3,0,0
3695,3695,0,0000000,00,3,3,3,e754be7c2011ef28,0,0,3,7738b7d6b1927093,0,1,fa43a4d73d06627d,527a7cb694d0bbf3,527a7cb694d0bbf3,0,0
3696,3696,0,0000000,00,3,3,3,69df3329ae9a78d6,0,0,3,7738b7d6b1927093,0,1,74c82982b38d627d,527a7cb694d0bbf3,527a7cb694d0bbf3,0,0
3697,3697,0,0000000,00,3,3,3,c06d91810728f583,0,0,3,7738b7d6b1927093,0,1,e754be7c2011ef28,527a7cb694d0bbf3,527a7cb694d0bbf3,0,0
3698,3698,0,0000000,00,3,3,3,4ee61cd489a3572b,0,0,3,7738b7d6b1927093,0,1,69df3329ae9a78d6,527a7cb694d0bbf3,527a7cb694d0bbf3,0,0
3699,3699,0,0000380,05,2,2,3,dd7a8b2a1a3fda7e,0,0,2,7738b7d6b1927093,3,1,c06d91810728f583,527a7cb694d0bbf3,527a7cb694d0bbf3,0,0
3700,3700,0,0000384,05,2,2,3,53f1067f94b44d80,0,0,2,fa6d395d3cc7fe18,3,1,4ee61cd489a3572b,527a7cb694d0bbf3,527a7cb694d0bbf3,0,0
3701,3701,0,0000388,05,2,2,3,b7d6b1927093c0d5,0,0,2,6d93aac1ab396d84,3,1,dd7a8b2a1a3fda7e,527a7cb694d0bbf3,527a7cb694d0bbf3,0,0
3702,3702,0,000038c,05,2,2,3,0000000000000000,0,0,2,e0c6244a266ce30f,3,1,53f1067f94b44d80,527a7cb694d0bbf3,527a7cb694d0bbf3,0,0
3703,3703,0,0000390,05,2,2,3,0000000000000000,0,0,2,426e8df884c44abd,3,1,b7d6b1927093c0d5,527a7cb694d0bbf3,527a7cb694d0bbf3,0,0
3704,3704,0,0000394,05,2,2,3,b790000000000000,0,0,2,cf3b03730991c436,3,1,0000000000000000,527a7cb694d0bbf3,527a7cb694d0bbf3,0,0
3705,3705,0,0000398,05,2,2,3,b7d6b19270937738,0,0,2,58c590ef9e6f57aa,3,1,0000000000000000,527a7cb694d0bbf3,527a7cb694d0bbf3,0,0
3706,3706,0,000039c,05,2,2,3,395d3cc7fe187738,0,0,2,d5901e64133ad921,3,1,b790000000000000,527a7cb694d0bbf3,527a7cb694d0bbf3,0,0
3707,3707,0,0000000,00,3,3,3,aac1ab396d84fa6d,0,0,3,1d94c38adb3e04cf,0,1,b7d6b19270937738,527a7cb694d0bbf3,527a7cb694d0bbf3,0,0
3708,3708,0,0000000,00,3,3,3,244a266ce30f6d93,0,0,3,1d94c38adb3e04cf,0,1,395d3cc7fe187738,527a7cb694d0bbf3,527a7cb694d0bbf3,0,0
3709,3709,0,0000000,00,3,3,3,8df884c44abde0c6,0,0,3,1d94c38adb3e04cf,0,1,aac1ab396d84fa6d,527a7cb694d0bbf3,527a7cb694d0bbf3,0,0
3710,3710,0,0000000,00,3,3,3,03730991c436426e,0,0,3,1d94c38adb3e04cf,0,1,244a266ce30f6d93,527a7cb694d0bbf3,527a7cb694d0bbf3,0,0
3711,3711,0,00003a0,05,2,2,3,90ef9e6f57aacf3b,0,0,2,1d94c38adb3e04cf,3,1,8df884c44abde0c6,527a7cb694d0bbf3,527a7cb694d0bbf3,0,0
3712,3712,0,00003a4,05,2,2,3,1e64133ad92158c5,0,0,2,90c14d01566b8a44,3,1,03730991c436426e,527a7cb694d0bbf3,527a7cb694d0bbf3,0,0
3713,3713,0,00003a8,05,2,2,3,c38adb3e04cfd590,0,0,2,073fde9dc19519d8,3,1,90ef9e6f57aacf3b,527a7cb694d0bbf3,527a7cb694d0bbf3,0,0
3714,3714,0,00003ac,05,2,2,3,0000000000000000,0,0,2,8a6a50164cc09753,3,1,1e64133ad92158c5,527a7cb694d0bbf3,527a7cb694d0bbf3,0,0
3715,3715,0,00003b0,05,2,2,3,0000000000000000,0,0,2,28c2f9a4ee683ee1,3,1,c38adb3e04cfd590,527a7cb694d0bbf3,527a7cb694d0bbf3,0,0
3716,3716,0,00003b4,05,2,2,3,c380000000000000,0,0,2,a597772f633db06a,3,1,0000000000000000,527a7cb694d0bbf3,527a7cb694d0bbf3,0,0
3717,3717,0,00003b8,05,2,2,3,c38adb3e04cf1d94,0,0,2,3269e4b3f4c323f6,3,1,0000000000000000,527a7cb694d0bbf3,527a7cb694d0bbf3,0,0
3718,3718,0,00003bc,05,2,2,3,4d01566b8a441d94,0,0,2,bf3c6a387996ad7d,3,1,c380000000000000,527a7cb694d0bbf3,527a7cb694d0bbf3,0,0
3719,3719,0,0000000,00,3,3,3,de9dc19519d890c1,0,0,3,a2605f6e64ca982b,0,1,c38adb3e04cf1d94,527a7cb694d0bbf3,527a7cb694d0bbf3,0,0
3720,3720,0,0000000,00,3,3,3,50164cc09753073f,0,0,3,a2605f6e64ca982b,0,1,4d01566b8a441d94,527a7cb694d0bbf3,527a7cb694d0bbf3,0,0
3721,3721,0,0000000,00,3,3,3,f9a4ee683ee18a6a,0,0,3,a2605f6e64ca982b,0,1,de9dc19519d890c1,527a7cb694d0bbf3,527a7cb694d0bbf3,0,0
3722,3722,0,0000000,00,3,3,3,772f633db06a28c2,0,0,3,a2605f6e64ca982b,0,1,50164cc09753073f,527a7cb694d0bbf3,527a7cb694d0bbf3,0,0
3723,3723,0,00003c0,05,2,2,3,e4b3f4c323f6a597,0,0,2,a2605f6e64ca982b,3,1,f9a4ee683ee18a6a,527a7cb694d0bbf3,527a7cb694d0bbf3,0,0
3724,3724,0,00003c4,05,2,2,3,6a387996ad7d3269,0,0,2,2f35d1e5e99f16a0,3,1,772f633db06a28c2,527a7cb694d0bbf3,527a7cb694d0bbf3,0,0
3725,3725,0,00003c8,05,2,2,3,5f6e64ca982bbf3c,0,0,2,b8cb42797e61853c,3,1,e4b3f4c323f6a597,527a7cb694d0bbf3,527a7cb694d0bbf3,0,0
3726,3726,0,00003cc,05,2,2,3,0000000000000000,0,0,2,359eccf2f3340bb7,3,1,6a387996ad7d3269,527a7cb694d0bbf3,527a7cb694d0bbf3,0,0
3727,3727,0,00003d0,05,2,2,3,0000000000000000,0,0,2,97366540519ca205,3,1,5f6e64ca982bbf3c,527a7cb694d0bbf3,527a7cb694d0bbf3,0,0
3728,3728,0,00003d4,05,2,2,3,5f20000000000000,0,0,2,1a63ebcbdcc92c8e,3,1,0000000000000000,527a7cb694d0bbf3,527a7cb694d0bbf3,0,0
3729,3729,0,00003d8,05,2,2,3,5f6e64ca982ba260,0,0,2,8d9d78574b37bf12,3,1,0000000000000000,527a7cb694d0bbf3,527a7cb694d0bbf3,0,0
3730,3730,0,00003dc,05,2,2,3,d1e5e99f16a0a260,0,0,2,00c8f6dcc6623199,3,1,5f20000000000000,527a7cb694d0bbf3,527a7cb694d0bbf3,0,0
3731,3731,0,0000000,00,3,3,3,42797e61853c2f35,0,0,3,c8cc2b320e66ec77,0,1,5f6e64ca982ba260,527a7cb694d0bbf3,527a7cb694d0bbf3,0,0
3732,3732,0,0000000,00,3,3,3,ccf2f3340bb7b8cb,0,0,3,c8cc2b320e66ec77,0,1,d1e5e99f16a0a260,527a7cb694d0bbf3,527a7cb694d0bbf3,0,0
3733,3733,0,0000000,00,3,3,3,6540519ca205359e,0,0,3,c8cc2b320e66ec77,0,1,42797e61853c2f35,527a7cb694d0bbf3,527a7cb694d0bbf3,0,0
3734,3734,0,0000000,00,3,3,3,ebcbdcc92c8e9736,0,0,3,c8cc2b320e66ec77,0,1,ccf2f3340bb7b8cb,527a7cb694d0bbf3,527a7cb694d0bbf3,0,0
3735,3735,0,00003e0,05,2,2,3,78574b37bf121a63,0,0,2,c8cc2b320e66ec77,3,1,6540519ca205359e,527a7cb694d0bbf3,527a7cb694d0bbf3,0,0
3736,3736,0,00003e4,05,2,2,3,f6dcc66231998d9d,0,0,2,4599a5b9833362fc,3,1,ebcbdcc92c8e9736,527a7cb694d0bbf3,527a7cb694d0bbf3,0,0
3737,3737,0,00003e8,05,2,2,3,2b320e66ec7700c8,0,0,2,d267362514cdf160,3,1,78574b37bf121a63,527a7cb694d0bbf3,527a7cb694d0bbf3,0,0
3738,3738,0,00003ec,05,2,2,3,0000000000000000,0,0,2,5f32b8ae99987feb,3,1,f6dcc66231998d9d,527a7cb694d0bbf3,527a7cb694d0bbf3,0,0
3739,3739,0,00003f0,05,2,2,3,0000000000000000,0,0,2,fd9a111c3b30d659,3,1,2b320e66ec7700c8,527a7cb694d0bbf3,527a7cb694d0bbf3,0,0
3740,3740,0,00003f4,05,2,2,3,2b30000000000000,0,0,2,70cf9f97b66558d2,3,1,0000000000000000,527a7cb694d0bbf3,527a7cb694d0bbf3,0,0
3741,3741,0,00003f8,05,2,2,3,2b320e66ec77c8cc,0,0,2,e7310c0b219bcb4e,3,1,0000000000000000,527a7cb694d0bbf3,527a7cb694d0bbf3,0,0
3742,3742,0,00003fc,05,2,2,3,a5b9833362fcc8cc,0,0,2,6a648280acce45c5,3,1,2b30000000000000,527a7cb694d0bbf3,527a7cb694d0bbf3,0,0
3743,3743,0,0000000,00,3,3,3,362514cdf1604599,0,0,3,7738b7d6b1927093,0,1,2b320e66ec77c8cc,527a7cb694d0bbf3,527a7cb694d0bbf3,0,0
3744,3744,0,0000000,00,3,3,3,b8ae99987febd267,0,0,3,7738b7d6b1927093,0,1,a5b9833362fcc8cc,527a7cb694d0bbf3,527a7cb694d0bbf3,0,0
3745,3745,0,0000000,00,3,3,3,111c3b30d6595f32,0,0,3,dcbe1d151a14da50,0,1,362514cdf1604599,527a7cb694d0bbf3,527a7cb694d0bbf3,0,0
3746,3746,0,0000000,00,3,3,3,9f97b66558d2fd9a,0,0,3,dcbe1d151a14da50,0,1,b8ae99987febd267,527a7cb694d0bbf3,527a7cb694d0bbf3,0,0
3747,3747,0,0000003,06,3,2,2,0c0b219bcb4e70cf,0,0,3,dcbe1d151a14da50,0,1,111c3b30d6595f32,527a7cb694d0bbf3,527a7cb694d0bbf3,0,0
3748,3748,0,0000000,00,3,3,3,8280acce45c5e731,0,0,3,dcbe1d151a14da50,0,1,9f97b66558d2fd9a,527a7cb694d0bbf3,527a7cb694d0bbf3,0,0
3749,3749,0,0000000,00,3,3,3,b7d6b19270936a64,0,0,3,dcbe1d151a14da50,0,1,0c0b219bcb4e70cf,527a7cb694d0bbf3,527a7cb694d0bbf3,0,0
3750,3750,0,0000000,00,3,3,3,0000000000000000,0,0,3,dcbe1d151a14da50,0,1,8280acce45c5e731,527a7cb694d0bbf3,527a7cb694d0bbf3,0,0
3751,3751,0,000008c,03,2,2,3,0000000000000000,0,0,3,dcbe1d151a14da50,0,1,b7d6b19270936a64,527a7cb694d0bbf3,527a7cb694d0bbf3,0,0
3752,3752,0,0000090,03,2,2,3,0000000000000000,3,0,3,dcbe1d151a14da50,0,1,0000000000000000,527a7cb694d0bbf3,527a7cb694d0bbf3,0,0
3753,3753,0,0000094,03,2,2,3,0000000000000000,3,0,3,dcbe1d151a14da50,0,1,0000000000000000,527a7cb694d0bbf3,527a7cb694d0bbf3,0,0
3754,3754,0,0000000,00,3,3,3,0000000000000000,3,0,3,dcbe1d151a14da50,0,1,0000000000000000,527a7cb694d0bbf3,527a7cb694d0bbf3,0,0
3755,3755,0,0000000,00,3,3,3,0000000000000000,0,0,3,dcbe1d151a14da50,0,1,0000000000000000,527a7cb694d0bbf3,527a7cb694d0bbf3,0,0
3756,3756,0,0000000,00,3,3,3,0000000000000000,0,0,3,dcbe1d151a14da50,0,1,0000000000000000,527a7cb694d0bbf3,527a7cb694d0bbf3,0,0
3757,3757,0,0000000,00,3,3,3,0000000000000000,0,0,3,dcbe1d151a14da50,0,1,0000000000000000,527a7cb694d0bbf3,527a7cb694d0bbf3,0,0
3758,3758,0,0000000,00,3,3,3,2d93457feb39823a,0,0,3,dcbe1d151a14da50,0,1,0000000000000000,527a7cb694d0bbf3,527a7cb694d0bbf3,0,0
3759,3759,0,0000000,00,3,3,3,8f3beccd49912b88,0,0,3,dcbe1d151a14da50,0,1,0000000000000000,527a7cb694d0bbf3,527a7cb694d0bbf3,0,0
3760,3760,0,0000000,00,3,3,3,026e6246c4c4a503,0,3,3,dcbe1d151a14da50,0,1,2d93457feb39823a,527a7cb694d0bbf3,527a7cb694d0bbf3,0,0
3761,3761,0,0000000,00,3,3,3,000000000000026e,0,3,3,dcbe1d151a14da50,0,1,8f3beccd49912b88,527a7cb694d0bbf3,527a7cb694d0bbf3,0,0
3762,3762,0,0000000,00,3,3,3,0000000000000000,0,3,3,dcbe1d151a14da50,0,1,026e6246c4c4a503,527a7cb694d0bbf3,527a7cb694d0bbf3,0,0
3763,3763,0,0000000,00,3,3,3,0000000000000000,0,0,3,dcbe1d151a14da50,0,1,000000000000026e,527a7cb694d0bbf3,527a7cb694d0bbf3,0,0
3764,3764,0,0000000,00,3,3,3,0000000000000000,0,0,3,dcbe1d151a14da50,0,1,0000000000000000,527a7cb694d0bbf3,527a7cb694d0bbf3,0,0
3765,3765,0,0000000,00,3,3,3,0000000000000000,0,0,3,dcbe1d151a14da50,0,1,0000000000000000,527a7cb694d0bbf3,527a7cb694d0bbf3,0,0
3766,3766,0,0000000,00,3,3,3,0000000000000000,0,0,3,dcbe1d151a14da50,0,1,0000000000000000,527a7cb694d0bbf3,527a7cb694d0bbf3,0,0
3767,3767,0,0000000,00,3,3,3,0000000000000000,0,0,3,dcbe1d151a14da50,0,1,0000000000000000,527a7cb694d0bbf3,527a7cb694d0bbf3,0,0
3768,3768,0,0000000,00,3,3,3,0000000000000000,0,0,3,dcbe1d151a14da50,0,1,0000000000000000,527a7cb694d0bbf3,527a7cb694d0bbf3,0,0
3769,3769,0,0000000,00,3,3,3,0000000000000000,0,0,3,dcbe1d151a14da50,0,1,0000000000000000,527a7cb694d0bbf3,527a7cb694d0bbf3,0,0
3770,3770,0,0000000,00,3,3,3,0000000000000000,0,0,3,dcbe1d151a14da50,0,1,0000000000000000,527a7cb694d0bbf3,527a7cb694d0bbf3,0,0
3771,3771,0,0000000,00,3,3,3,0000000000000000,0,0,3,dcbe1d151a14da50,0,1,0000000000000000,527a7cb694d0bbf3,527a7cb694d0bbf3,0,0
3772,3772,0,0000000,00,3,3,3,0000000000000000,0,0,3,dcbe1d151a14da50,0,1,0000000000000000,2d93457feb39823a,2d93457feb39823a,0,1
3773,3773,0,0000000,06,2,2,3,0000000000000000,0,0,2,dcbe1d151a14da50,3,1,0000000000000000,8f3beccd49912b88,8f3beccd49912b88,0,1
3774,3774,0,0000000,00,3,3,3,0000000000000000,0,0,3,fa6d395d3cc7fe18,0,1,0000000000000000,026e6246c4c4a503,026e6246c4c4a503,0,1
3775,3775,0,0000000,00,3,3,3,0000000000000000,0,0,3,fa6d395d3cc7fe18,0,1,0000000000000000,ea79c8132cd30f56,ea79c8132cd30f56,0,0
3776,3776,0,0000000,00,3,3,3,0000000000000000,0,0,3,fa6d395d3cc7fe18,0,1,0000000000000000,ea79c8132cd30f56,ea79c8132cd30f56,0,0
3777,3777,0,000009c,03,2,2,3,0000000000000000,0,0,3,fa6d395d3cc7fe18,0,1,0000000000000000,ea79c8132cd30f56,ea79c8132cd30f56,0,0
3778,3778,0,00000a0,03,2,2,3,1d10000000000000,3,0,3,fa6d395d3cc7fe18,0,1,0000000000000000,ea79c8132cd30f56,ea79c8132cd30f56,0,0
3779,3779,0,0000098,03,2,2,3,1d151a14da50dcbe,3,0,3,fa6d395d3cc7fe18,0,1,0000000000000000,ea79c8132cd30f56,ea79c8132cd30f56,0,0
3780,3780,0,00000a4,03,2,2,3,395d3cc7fe18dcbe,3,0,3,fa6d395d3cc7fe18,0,1,1d10000000000000,ea79c8132cd30f56,ea79c8132cd30f56,0,0
3781,3781,0,00000a8,03,2,2,3,0000000000000000,3,0,3,fa6d395d3cc7fe18,0,1,1d151a14da50dcbe,ea79c8132cd30f56,ea79c8132cd30f56,0,0
3782,3782,0,00000ac,03,2,2,3,0000000000000000,3,0,3,fa6d395d3cc7fe18,0,1,395d3cc7fe18dcbe,ea79c8132cd30f56,ea79c8132cd30f56,0,0
3783,3783,0,00000b0,03,2,2,3,0000000000000000,3,0,3,fa6d395d3cc7fe18,0,1,0000000000000000,ea79c8132cd30f56,ea79c8132cd30f56,0,0
3784,3784,0,00000b4,03,2,2,3,18c57f51de6fb814,3,0,3,fa6d395d3cc7fe18,0,1,0000000000000000,ea79c8132cd30f56,ea79c8132cd30f56,0,0
3785,3785,0,00000b8,03,2,2,3,d0c1a2bf166b65fa,3,0,3,fa6d395d3cc7fe18,0,1,0000000000000000,ea79c8132cd30f56,ea79c8132cd30f56,0,0
3786,3786,0,00000bc,03,2,2,3,9590f1da533a369f,3,3,3,fa6d395d3cc7fe18,0,1,18c57f51de6fb814,ea79c8132cd30f56,ea79c8132cd30f56,0,0
3787,3787,0,00000c0,03,2,2,3,5d942c349b3eeb71,3,3,3,fa6d395d3cc7fe18,0,1,d0c1a2bf166b65fa,ea79c8132cd30f56,ea79c8132cd30f56,0,0
3788,3788,0,00000c4,03,2,2,3,ca6abfa80cc078ed,3,3,3,fa6d395d3cc7fe18,0,1,9590f1da533a369f,ea79c8132cd30f56,ea79c8132cd30f56,0,0
3789,3789,0,00000c8,03,2,2,3,473f31238195f666,3,3,3,fa6d395d3cc7fe18,0,1,5d942c349b3eeb71,ea79c8132cd30f56,ea79c8132cd30f56,0,0
3790,3790,0,00000cc,03,2,2,3,e5979891233d5fd4,3,3,3,fa6d395d3cc7fe18,0,1,ca6abfa80cc078ed,ea79c8132cd30f56,ea79c8132cd30f56,0,0
3791,3791,0,00000d0,03,2,2,3,68c2161aae68d15f,3,3,3,fa6d395d3cc7fe18,0,1,473f31238195f666,ea79c8132cd30f56,ea79c8132cd30f56,0,0
3792,3792,0,00000d4,03,2,2,3,ff3c8586399642c3,3,3,3,fa6d395d3cc7fe18,0,1,e5979891233d5fd4,ea79c8132cd30f56,ea79c8132cd30f56,0,0
3793,3793,0,00000d8,03,2,2,3,72690b0db4c3cc48,3,3,3,fa6d395d3cc7fe18,0,1,68c2161aae68d15f,ea79c8132cd30f56,ea79c8132cd30f56,0,0
3794,3794,0,00000dc,03,2,2,3,6f353e5ba99ff91e,3,3,3,fa6d395d3cc7fe18,0,1,ff3c8586399642c3,ea79c8132cd30f56,ea79c8132cd30f56,0,0
3795,3795,0,00000e0,03,2,2,3,e260b0d024ca7795,3,3,3,fa6d395d3cc7fe18,0,1,72690b0db4c3cc48,ea79c8132cd30f56,ea79c8132cd30f56,0,0
3796,3796,0,00000e4,03,2,2,3,759e234cb334e409,3,3,3,fa6d395d3cc7fe18,0,1,6f353e5ba99ff91e,ea79c8132cd30f56,ea79c8132cd30f56,0,0
3797,3797,0,00000e8,03,2,2,3,f8cbadc73e616a82,3,3,3,fa6d395d3cc7fe18,0,1,e260b0d024ca7795,ea79c8132cd30f56,ea79c8132cd30f56,0,0
3798,3798,0,00000ec,03,2,2,3,5a6304759cc9c330,3,3,3,fa6d395d3cc7fe18,0,1,759e234cb334e409,ea79c8132cd30f56,ea79c8132cd30f56,0,0
3799,3799,0,00000f0,03,2,2,3,d7368afe119c4dbb,3,3,3,fa6d395d3cc7fe18,0,1,f8cbadc73e616a82,ea79c8132cd30f56,ea79c8132cd30f56,0,0
3800,3800,0,00000f4,03,2,2,3,40c819628662de27,3,3,3,fa6d395d3cc7fe18,0,1,5a6304759cc9c330,9590f1da533a369f,9590f1da533a369f,0,1
3801,3801,0,00000f8,03,2,2,3,cd9d97e90b3750ac,3,3,3,fa6d395d3cc7fe18,0,1,d7368afe119c4dbb,18c57f51de6fb814,18c57f51de6fb814,0,1
3802,3802,0,00000fc,03,2,2,3,05994a07c3338d42,3,3,3,fa6d395d3cc7fe18,0,1,40c819628662de27,af289b7669825c33,af289b7669825c33,0,0
3803,3803,0,0000100,03,2,2,3,88ccc48c4e6603c9,3,3,3,fa6d395d3cc7fe18,0,1,cd9d97e90b3750ac,af289b7669825c33,af289b7669825c33,0,0
3804,3804,0,0000104,03,2,2,3,1f325710d9989055,3,3,3,fa6d395d3cc7fe18,0,1,05994a07c3338d42,af289b7669825c33,af289b7669825c33,0,0
3805,3805,0,0000108,03,2,2,3,9267d99b54cd1ede,3,3,3,fa6d395d3cc7fe18,0,1,88ccc48c4e6603c9,af289b7669825c33,af289b7669825c33,0,0
3806,3806,0,000010c,03,2,2,3,30cf7029f665b76c,3,3,3,fa6d395d3cc7fe18,0,1,1f325710d9989055,d0c1a2bf166b65fa,d0c1a2bf166b65fa,0,1
3807,3807,0,0000110,03,2,2,3,bd9afea27b3039e7,3,3,3,fa6d395d3cc7fe18,0,1,9267d99b54cd1ede,5d942c349b3eeb71,5d942c349b3eeb71,0,1
3808,3808,0,0000114,03,2,2,3,2a646d3eecceaa7b,3,3,3,fa6d395d3cc7fe18,0,1,30cf7029f665b76c,ca6abfa80cc078ed,ca6abfa80cc078ed,0,1
3809,3809,0,0000118,03,2,2,3,a731e3b5619b24f0,3,3,3,fa6d395d3cc7fe18,0,1,bd9afea27b3039e7,473f31238195f666,473f31238195f666,0,1
3810,3810,0,000011c,03,2,2,3,45bfa57183156234,3,3,3,fa6d395d3cc7fe18,0,1,2a646d3eecceaa7b,e5979891233d5fd4,e5979891233d5fd4,0,1
3811,3811,0,0000120,03,2,2,3,c8ea2bfa0e40ecbf,3,3,3,fa6d395d3cc7fe18,0,1,a731e3b5619b24f0,68c2161aae68d15f,68c2161aae68d15f,0,1
3812,3812,0,0000124,03,2,2,3,5f14b86699be7f23,3,3,3,fa6d395d3cc7fe18,0,1,45bfa57183156234,ff3c8586399642c3,ff3c8586399642c3,0,1
3813,3813,0,0000128,03,2,2,3,d24136ed14ebf1a8,3,3,3,fa6d395d3cc7fe18,0,1,c8ea2bfa0e40ecbf,72690b0db4c3cc48,72690b0db4c3cc48,0,1
3814,3814,0,000012c,03,2,2,3,70e99f5fb643581a,3,3,3,fa6d395d3cc7fe18,0,1,5f14b86699be7f23,ba6dd6e37cc711a6,ba6dd6e37cc711a6,0,0
3815,3815,0,0000130,03,2,2,3,fdbc11d43b16d691,3,3,3,fa6d395d3cc7fe18,0,1,d24136ed14ebf1a8,ba6dd6e37cc711a6,ba6dd6e37cc711a6,0,0
3816,3816,0,0000134,03,2,2,3,6a428248ace8450d,3,3,3,fa6d395d3cc7fe18,0,1,70e99f5fb643581a,ba6dd6e37cc711a6,ba6dd6e37cc711a6,0,0
3817,3817,0,0000138,03,2,2,3,e7170cc321bdcb86,3,3,3,fa6d395d3cc7fe18,0,1,fdbc11d43b16d691,ba6dd6e37cc711a6,ba6dd6e37cc711a6,0,0
3818,3818,0,000013c,03,2,2,3,2f13d12de9b91668,3,3,3,fa6d395d3cc7fe18,0,1,6a428248ace8450d,6f353e5ba99ff91e,6f353e5ba99ff91e,0,1
3819,3819,0,0000140,03,2,2,3,a2465fa664ec98e3,3,3,3,fa6d395d3cc7fe18,0,1,e7170cc321bdcb86,e260b0d024ca7795,e260b0d024ca7795,0,1
3820,3820,0,0000144,03,2,2,3,35b8cc3af3120b7f,3,3,3,fa6d395d3cc7fe18,0,1,2f13d12de9b91668,759e234cb334e409,759e234cb334e409,0,1
3821,3821,0,0000148,03,2,2,3,b8ed42b17e4785f4,3,3,3,fa6d395d3cc7fe18,0,1,a2465fa664ec98e3,f8cbadc73e616a82,f8cbadc73e616a82,0,1
3822,3822,0,000014c,03,2,2,3,1a45eb03dcef2c46,3,3,3,fa6d395d3cc7fe18,0,1,35b8cc3af3120b7f,5a6304759cc9c330,5a6304759cc9c330,0,1
3823,3823,0,0000150,03,2,2,3,9710658851baa2cd,3,3,3,fa6d395d3cc7fe18,0,1,b8ed42b17e4785f4,d7368afe119c4dbb,d7368afe119c4dbb,0,1
3824,3824,0,0000154,03,2,2,3,00eef614c6443151,3,3,3,fa6d395d3cc7fe18,0,1,1a45eb03dcef2c46,40c819628662de27,40c819628662de27,0,1
3825,3825,0,0000158,03,2,2,3,8dbb789f4b11bfda,3,3,3,fa6d395d3cc7fe18,0,1,9710658851baa2cd,cd9d97e90b3750ac,cd9d97e90b3750ac,0,1
3826,3826,0,000015c,03,2,2,3,90e74dc9564d8a8c,3,3,3,fa6d395d3cc7fe18,0,1,00eef614c6443151,d0c1a2bf166b65fa,d0c1a2bf166b65fa,0,0
3827,3827,0,0000160,03,2,2,3,1db2c342db180407,3,3,3,fa6d395d3cc7fe18,0,1,8dbb789f4b11bfda,d0c1a2bf166b65fa,d0c1a2bf166b65fa,0,0
3828,3828,0,0000164,03,2,2,3,8a4c50de4ce6979b,3,3,3,fa6d395d3cc7fe18,0,1,90e74dc9564d8a8c,d0c1a2bf166b65fa,d0c1a2bf166b65fa,0,0
3829,3829,0,0000168,03,2,2,3,0719de55c1b31910,3,3,3,fa6d395d3cc7fe18,0,1,1db2c342db180407,d0c1a2bf166b65fa,d0c1a2bf166b65fa,0,0
3830,3830,0,000016c,03,2,2,3,a5b177e7631bb0a2,3,3,3,fa6d395d3cc7fe18,0,1,8a4c50de4ce6979b,05994a07c3338d42,05994a07c3338d42,0,1
3831,3831,0,0000170,03,2,2,3,28e4f96cee4e3e29,3,3,3,fa6d395d3cc7fe18,0,1,0719de55c1b31910,88ccc48c4e6603c9,88ccc48c4e6603c9,0,1
3832,3832,0,0000174,03,2,2,3,bf1a6af079b0adb5,3,3,3,fa6d395d3cc7fe18,0,1,a5b177e7631bb0a2,1f325710d9989055,1f325710d9989055,0,1
3833,3833,0,0000178,03,2,2,3,324fe47bf4e5233e,3,3,3,fa6d395d3cc7fe18,0,1,28e4f96cee4e3e29,9267d99b54cd1ede,9267d99b54cd1ede,0,1
3834,3834,0,000017c,03,2,2,3,fa4b39953ce1fed0,3,3,3,fa6d395d3cc7fe18,0,1,bf1a6af079b0adb5,30cf7029f665b76c,30cf7029f665b76c,0,1
3835,3835,0,0000180,03,2,2,3,771eb71eb1b4705b,3,3,3,fa6d395d3cc7fe18,0,1,324fe47bf4e5233e,bd9afea27b3039e7,bd9afea27b3039e7,0,1
3836,3836,0,0000184,03,2,2,3,e0e02482264ae3c7,3,3,3,fa6d395d3cc7fe18,0,1,fa4b39953ce1fed0,2a646d3eecceaa7b,2a646d3eecceaa7b,0,1
3837,3837,0,0000188,03,2,2,3,6db5aa09ab1f6d4c,3,3,3,fa6d395d3cc7fe18,0,1,771eb71eb1b4705b,a731e3b5619b24f0,a731e3b5619b24f0,0,1
3838,3838,0,000018c,03,2,2,3,cf1d03bb09b7c4fe,3,3,3,fa6d395d3cc7fe18,0,1,e0e02482264ae3c7,6f353e5ba99ff91e,6f353e5ba99ff91e,0,0
3839,3839,0,0000190,03,2,2,3,42488d3084e24a75,3,3,3,fa6d395d3cc7fe18,0,1,6db5aa09ab1f6d4c,6f353e5ba99ff91e,6f353e5ba99ff91e,0,0
3840,3840,0,0000194,03,2,2,3,d5b61eac131cd9e9,3,3,3,fa6d395d3cc7fe18,0,1,cf1d03bb09b7c4fe,6f353e5ba99ff91e,6f353e5ba99ff91e,0,0
3841,3841,0,0000198,03,2,2,3,58e390279e495762,3,3,3,fa6d395d3cc7fe18,0,1,42488d3084e24a75,6f353e5ba99ff91e,6f353e5ba99ff91e,0,0
3842,3842,0,000019c,03,2,2,3,ef0e740029a4b345,3,3,3,fa6d395d3cc7fe18,0,1,d5b61eac131cd9e9,45bfa57183156234,45bfa57183156234,0,1
3843,3843,0,00001a0,03,2,2,3,625bfa8ba4f13dce,3,3,3,fa6d395d3cc7fe18,0,1,58e390279e495762,c8ea2bfa0e40ecbf,c8ea2bfa0e40ecbf,0,1
3844,3844,0,00001a4,03,2,2,3,f5a56917330fae52,3,3,3,fa6d395d3cc7fe18,0,1,ef0e740029a4b345,5f14b86699be7f23,5f14b86699be7f23,0,1
3845,3845,0,00001a8,03,2,2,3,78f0e79cbe5a20d9,3,3,3,fa6d395d3cc7fe18,0,1,625bfa8ba4f13dce,d24136ed14ebf1a8,d24136ed14ebf1a8,0,1
3846,3846,0,00001ac,03,2,2,3,da584e2e1cf2896b,3,3,3,fa6d395d3cc7fe18,0,1,f5a56917330fae52,70e99f5fb643581a,70e99f5fb643581a,0,1
3847,3847,0,00001b0,03,2,2,3,570dc0a591a707e0,3,3,3,fa6d395d3cc7fe18,0,1,78f0e79cbe5a20d9,fdbc11d43b16d691,fdbc11d43b16d691,0,1
3848,3848,0,00001b4,03,2,2,3,c0f353390659947c,3,3,3,fa6d395d3cc7fe18,0,1,da584e2e1cf2896b,6a428248ace8450d,6a428248ace8450d,0,1
3849,3849,0,00001b8,03,2,2,3,4da6ddb28b0c1af7,3,3,3,fa6d395d3cc7fe18,0,1,570dc0a591a707e0,e7170cc321bdcb86,e7170cc321bdcb86,0,1
3850,3850,0,00001bc,03,2,2,3,85a2005c4308c719,3,3,3,fa6d395d3cc7fe18,0,1,c0f353390659947c,05994a07c3338d42,05994a07c3338d42,0,0
3851,3851,0,00001c0,03,2,2,3,08f78ed7ce5d4992,3,3,3,fa6d395d3cc7fe18,0,1,4da6ddb28b0c1af7,05994a07c3338d42,05994a07c3338d42,0,0
3852,3852,0,00001c4,03,2,2,3,9f091d4b59a3da0e,3,3,3,fa6d395d3cc7fe18,0,1,85a2005c4308c719,05994a07c3338d42,05994a07c3338d42,0,0
3853,3853,0,00001c8,03,2,2,3,125c93c0d4f65485,3,3,3,fa6d395d3cc7fe18,0,1,08f78ed7ce5d4992,05994a07c3338d42,05994a07c3338d42,0,0
3854,3854,0,00001cc,03,2,2,3,b0f43a72765efd37,3,3,3,fa6d395d3cc7fe18,0,1,9f091d4b59a3da0e,2f13d12de9b91668,2f13d12de9b91668,0,1
3855,3855,0,00001d0,03,2,2,3,3da1b4f9fb0b73bc,3,3,3,fa6d395d3cc7fe18,0,1,125c93c0d4f65485,a2465fa664ec98e3,a2465fa664ec98e3,0,1
3856,3856,0,00001d4,03,2,2,3,aa5f27656cf5e020,3,3,3,fa6d395d3cc7fe18,0,1,b0f43a72765efd37,35b8cc3af3120b7f,35b8cc3af3120b7f,0,1
3857,3857,0,00001d8,03,2,2,3,270aa9eee1a06eab,3,3,3,fa6d395d3cc7fe18,0,1,3da1b4f9fb0b73bc,b8ed42b17e4785f4,b8ed42b17e4785f4,0,1
3858,3858,0,00001dc,03,2,2,3,3a569cb8fcfc5bfd,3,3,3,fa6d395d3cc7fe18,0,1,aa5f27656cf5e020,1a45eb03dcef2c46,1a45eb03dcef2c46,0,1
3859,3859,0,00001e0,03,2,2,3,b703123371a9d576,3,3,3,fa6d395d3cc7fe18,0,1,270aa9eee1a06eab,9710658851baa2cd,9710658851baa2cd,0,1
3860,3860,0,00001e4,03,2,2,3,20fd81afe65746ea,3,3,3,fa6d395d3cc7fe18,0,1,3a569cb8fcfc5bfd,00eef614c6443151,00eef614c6443151,0,1
3861,3861,0,00001e8,03,2,2,3,ada80f246b02c861,3,3,3,fa6d395d3cc7fe18,0,1,b703123371a9d576,8dbb789f4b11bfda,8dbb789f4b11bfda,0,1
3862,3862,0,00001ec,03,2,2,3,0f00a696c9aa61d3,3,3,3,fa6d395d3cc7fe18,0,1,20fd81afe65746ea,45bfa57183156234,45bfa57183156234,0,0
3863,3863,0,00001f0,03,2,2,3,8255281d44ffef58,3,3,3,fa6d395d3cc7fe18,0,1,ada80f246b02c861,45bfa57183156234,45bfa57183156234,0,0
3864,3864,0,00001f4,03,2,2,3,15abbb81d3017cc4,3,3,3,fa6d395d3cc7fe18,0,1,0f00a696c9aa61d3,45bfa57183156234,45bfa57183156234,0,0
3865,3865,0,00001f8,03,2,2,3,98fe350a5e54f24f,3,3,3,fa6d395d3cc7fe18,0,1,8255281d44ffef58,45bfa57183156234,45bfa57183156234,0,0
3866,3866,0,00001fc,03,2,2,3,50fae8e496502fa1,3,3,3,fa6d395d3cc7fe18,0,1,15abbb81d3017cc4,90e74dc9564d8a8c,90e74dc9564d8a8c,0,1
3867,3867,0,0000200,03,2,2,3,ddaf666f1b05a12a,3,3,3,fa6d395d3cc7fe18,0,1,98fe350a5e54f24f,1db2c342db180407,1db2c342db180407,0,1
3868,3868,0,0000204,03,2,2,3,4a51f5f38cfb32b6,3,3,3,fa6d395d3cc7fe18,0,1,50fae8e496502fa1,8a4c50de4ce6979b,8a4c50de4ce6979b,0,1
3869,3869,0,0000208,03,2,2,3,c7047b7801aebc3d,3,3,3,fa6d395d3cc7fe18,0,1,ddaf666f1b05a12a,0719de55c1b31910,0719de55c1b31910,0,1
3870,3870,0,000020c,03,2,2,3,65acd2caa306158f,3,3,3,fa6d395d3cc7fe18,0,1,4a51f5f38cfb32b6,a5b177e7631bb0a2,a5b177e7631bb0a2,0,1
3871,3871,0,0000210,03,2,2,3,e8f95c412e539b04,3,3,3,fa6d395d3cc7fe18,0,1,c7047b7801aebc3d,28e4f96cee4e3e29,28e4f96cee4e3e29,0,1
3872,3872,0,0000214,03,2,2,3,7f07cfddb9ad0898,3,3,3,fa6d395d3cc7fe18,0,1,65acd2caa306158f,bf1a6af079b0adb5,bf1a6af079b0adb5,0,1
3873,3873,0,0000218,03,2,2,3,f252415634f88613,3,3,3,fa6d395d3cc7fe18,0,1,e8f95c412e539b04,324fe47bf4e5233e,324fe47bf4e5233e,0,1
3874,3874,0,000021c,03,2,2,3,ba1b42547cb18511,3,3,3,fa6d395d3cc7fe18,0,1,7f07cfddb9ad0898,2f13d12de9b91668,2f13d12de9b91668,0,0
3875,3875,0,0000220,03,2,2,3,374eccdff1e40b9a,3,3,3,fa6d395d3cc7fe18,0,1,f252415634f88613,2f13d12de9b91668,2f13d12de9b91668,0,0
3876,3876,0,0000224,03,2,2,3,a0b05f43661a9806,3,3,3,fa6d395d3cc7fe18,0,1,ba1b42547cb18511,2f13d12de9b91668,2f13d12de9b91668,0,0
3877,3877,0,0000228,03,2,2,3,2de5d1c8eb4f168d,3,3,3,fa6d395d3cc7fe18,0,1,374eccdff1e40b9a,2f13d12de9b91668,2f13d12de9b91668,0,0
3878,3878,0,000022c,03,2,2,3,8f4d787a49e7bf3f,3,3,3,fa6d395d3cc7fe18,0,1,a0b05f43661a9806,fa4b39953ce1fed0,fa4b39953ce1fed0,0,1
3879,3879,0,0000230,03,2,2,3,0218f6f1c4b231b4,3,3,3,fa6d395d3cc7fe18,0,1,2de5d1c8eb4f168d,771eb71eb1b4705b,771eb71eb1b4705b,0,1
3880,3880,0,0000234,03,2,2,3,95e6656d534ca228,3,3,3,fa6d395d3cc7fe18,0,1,8f4d787a49e7bf3f,e0e02482264ae3c7,e0e02482264ae3c7,0,1
3881,3881,0,0000238,03,2,2,3,18b3ebe6de192ca3,3,3,3,fa6d395d3cc7fe18,0,1,0218f6f1c4b231b4,6db5aa09ab1f6d4c,6db5aa09ab1f6d4c,0,1
3882,3882,0,000023c,03,2,2,3,d0b73608161df14d,3,3,3,fa6d395d3cc7fe18,0,1,95e6656d534ca228,cf1d03bb09b7c4fe,cf1d03bb09b7c4fe,0,1
3883,3883,0,0000240,03,2,2,3,5de2b8839b487fc6,3,3,3,fa6d395d3cc7fe18,0,1,18b3ebe6de192ca3,42488d3084e24a75,42488d3084e24a75,0,1
3884,3884,0,0000244,03,2,2,3,ca1c2b1f0cb6ec5a,3,3,3,fa6d395d3cc7fe18,0,1,d0b73608161df14d,d5b61eac131cd9e9,d5b61eac131cd9e9,0,1
3885,3885,0,0000248,03,2,2,3,4749a59481e362d1,3,3,3,fa6d395d3cc7fe18,0,1,5de2b8839b487fc6,58e390279e495762,58e390279e495762,0,1
3886,3886,0,000024c,03,2,2,3,e5e10c26234bcb63,3,3,3,fa6d395d3cc7fe18,0,1,ca1c2b1f0cb6ec5a,90e74dc9564d8a8c,90e74dc9564d8a8c,0,0
3887,3887,0,0000250,03,2,2,3,68b482adae1e45e8,3,3,3,fa6d395d3cc7fe18,0,1,4749a59481e362d1,90e74dc9564d8a8c,90e74dc9564d8a8c,0,0
3888,3888,0,0000254,03,2,2,3,ff4a113139e0d674,3,3,3,fa6d395d3cc7fe18,0,1,e5e10c26234bcb63,90e74dc9564d8a8c,90e74dc9564d8a8c,0,0
3889,3889,0,0000258,03,2,2,3,721f9fbab4b558ff,3,3,3,fa6d395d3cc7fe18,0,1,68b482adae1e45e8,90e74dc9564d8a8c,90e74dc9564d8a8c,0,0
3890,3890,0,000025c,03,2,2,3,6f43aaeca9e96da9,3,3,3,fa6d395d3cc7fe18,0,1,ff4a113139e0d674,ef0e740029a4b345,ef0e740029a4b345,0,1
3891,3891,0,0000260,03,2,2,3,e216246724bce322,3,3,3,fa6d395d3cc7fe18,0,1,721f9fbab4b558ff,625bfa8ba4f13dce,625bfa8ba4f13dce,0,1
3892,3892,0,0000264,03,2,2,3,75e8b7fbb34270be,3,3,3,fa6d395d3cc7fe18,0,1,6f43aaeca9e96da9,f5a56917330fae52,f5a56917330fae52,0,1
3893,3893,0,0000268,03,2,2,3,f8bd39703e17fe35,3,3,3,fa6d395d3cc7fe18,0,1,e216246724bce322,78f0e79cbe5a20d9,78f0e79cbe5a20d9,0,1
3894,3894,0,000026c,03,2,2,3,5a1590c29cbf5787,3,3,3,fa6d395d3cc7fe18,0,1,75e8b7fbb34270be,da584e2e1cf2896b,da584e2e1cf2896b,0,1
3895,3895,0,0000270,03,2,2,3,d7401e4911ead90c,3,3,3,fa6d395d3cc7fe18,0,1,f8bd39703e17fe35,570dc0a591a707e0,570dc0a591a707e0,0,1
3896,3896,0,0000274,03,2,2,3,40be8dd586144a90,3,3,3,fa6d395d3cc7fe18,0,1,5a1590c29cbf5787,c0f353390659947c,c0f353390659947c,0,1
3897,3897,0,0000278,03,2,2,3,cdeb035e0b41c41b,3,3,3,fa6d395d3cc7fe18,0,1,d7401e4911ead90c,4da6ddb28b0c1af7,4da6ddb28b0c1af7,0,1
3898,3898,0,000027c,03,2,2,3,05efdeb0c34519f5,3,3,3,fa6d395d3cc7fe18,0,1,40be8dd586144a90,fa4b39953ce1fed0,fa4b39953ce1fed0,0,0
3899,3899,0,0000280,03,2,2,3,88ba503b4e10977e,3,3,3,fa6d395d3cc7fe18,0,1,cdeb035e0b41c41b,fa4b39953ce1fed0,fa4b39953ce1fed0,0,0
3900,3900,0,0000284,03,2,2,3,1f44c3a7d9ee04e2,3,3,3,fa6d395d3cc7fe18,0,1,05efdeb0c34519f5,fa4b39953ce1fed0,fa4b39953ce1fed0,0,0
3901,3901,0,0000288,03,2,2,3,92114d2c54bb8a69,3,3,3,fa6d395d3cc7fe18,0,1,88ba503b4e10977e,fa4b39953ce1fed0,fa4b39953ce1fed0,0,0
3902,3902,0,000028c,03,2,2,3,30b9e49ef61323db,3,3,3,fa6d395d3cc7fe18,0,1,1f44c3a7d9ee04e2,85a2005c4308c719,85a2005c4308c719,0,1
3903,3903,0,0000290,03,2,2,3,bdec6a157b46ad50,3,3,3,fa6d395d3cc7fe18,0,1,92114d2c54bb8a69,08f78ed7ce5d4992,08f78ed7ce5d4992,0,1
3904,3904,0,0000294,03,2,2,3,2a12f989ecb83ecc,3,3,3,fa6d395d3cc7fe18,0,1,30b9e49ef61323db,9f091d4b59a3da0e,9f091d4b59a3da0e,0,1
3905,3905,0,0000298,03,2,2,3,a747770261edb047,3,3,3,fa6d395d3cc7fe18,0,1,bdec6a157b46ad50,125c93c0d4f65485,125c93c0d4f65485,0,1
3906,3906,0,000029c,03,2,2,3,10aa9325d6005460,3,3,3,fa6d395d3cc7fe18,0,1,2a12f989ecb83ecc,b0f43a72765efd37,b0f43a72765efd37,0,1
3907,3907,0,00002a0,03,2,2,3,9dff1dae5b55daeb,3,3,3,fa6d395d3cc7fe18,0,1,a747770261edb047,3da1b4f9fb0b73bc,3da1b4f9fb0b73bc,0,1
3908,3908,0,00002a4,03,2,2,3,0a018e32ccab4977,3,3,3,fa6d395d3cc7fe18,0,1,10aa9325d6005460,aa5f27656cf5e020,aa5f27656cf5e020,0,1
3909,3909,0,00002a8,03,2,2,3,875400b941fec7fc,3,3,3,fa6d395d3cc7fe18,0,1,9dff1dae5b55daeb,270aa9eee1a06eab,270aa9eee1a06eab,0,1
3910,3910,0,00002ac,03,2,2,3,25fca90be3566e4e,3,3,3,fa6d395d3cc7fe18,0,1,0a018e32ccab4977,ef0e740029a4b345,ef0e740029a4b345,0,0
3911,3911,0,00002b0,03,2,2,3,a8a927806e03e0c5,3,3,3,fa6d395d3cc7fe18,0,1,875400b941fec7fc,ef0e740029a4b345,ef0e740029a4b345,0,0
3912,3912,0,00002b4,03,2,2,3,3f57b41cf9fd7359,3,3,3,fa6d395d3cc7fe18,0,1,25fca90be3566e4e,ef0e740029a4b345,ef0e740029a4b345,0,0
3913,3913,0,00002b8,03,2,2,3,b2023a9774a8fdd2,3,3,3,fa6d395d3cc7fe18,0,1,a8a927806e03e0c5,ef0e740029a4b345,ef0e740029a4b345,0,0
3914,3914,0,00002bc,03,2,2,3,7a06e779bcac203c,3,3,3,fa6d395d3cc7fe18,0,1,3f57b41cf9fd7359,3a569cb8fcfc5bfd,3a569cb8fcfc5bfd,0,1
3915,3915,0,00002c0,03,2,2,3,f75369f231f9aeb7,3,3,3,fa6d395d3cc7fe18,0,1,b2023a9774a8fdd2,b703123371a9d576,b703123371a9d576,0,1
3916,3916,0,00002c4,03,2,2,3,60adfa6ea6073d2b,3,3,3,fa6d395d3cc7fe18,0,1,7a06e779bcac203c,20fd81afe65746ea,20fd81afe65746ea,0,1
3917,3917,0,00002c8,03,2,2,3,edf874e52b52b3a0,3,3,3,fa6d395d3cc7fe18,0,1,f75369f231f9aeb7,ada80f246b02c861,ada80f246b02c861,0,1
3918,3918,0,00002cc,03,2,2,3,4f50dd5789fa1a12,3,3,3,fa6d395d3cc7fe18,0,1,60adfa6ea6073d2b,0f00a696c9aa61d3,0f00a696c9aa61d3,0,1
3919,3919,0,00002d0,03,2,2,3,c20553dc04af9499,3,3,3,fa6d395d3cc7fe18,0,1,edf874e52b52b3a0,8255281d44ffef58,8255281d44ffef58,0,1
3920,3920,0,00002d4,03,2,2,3,55fbc04093510705,3,3,3,fa6d395d3cc7fe18,0,1,4f50dd5789fa1a12,15abbb81d3017cc4,15abbb81d3017cc4,0,1
3921,3921,0,00002d8,03,2,2,3,d8ae4ecb1e04898e,3,3,3,fa6d395d3cc7fe18,0,1,c20553dc04af9499,98fe350a5e54f24f,98fe350a5e54f24f,0,1
3922,3922,0,00002dc,03,2,2,3,c5f27b9d0358bcd8,3,3,3,fa6d395d3cc7fe18,0,1,55fbc04093510705,85a2005c4308c719,85a2005c4308c719,0,0
3923,3923,0,00002e0,03,2,2,3,48a7f5168e0d3253,3,3,3,fa6d395d3cc7fe18,0,1,d8ae4ecb1e04898e,85a2005c4308c719,85a2005c4308c719,0,0
3924,3924,0,00002e4,03,2,2,3,df59668a19f3a1cf,3,3,3,fa6d395d3cc7fe18,0,1,c5f27b9d0358bcd8,85a2005c4308c719,85a2005c4308c719,0,0
3925,3925,0,00002e8,03,2,2,3,520ce80194a62f44,3,3,3,fa6d395d3cc7fe18,0,1,48a7f5168e0d3253,85a2005c4308c719,85a2005c4308c719,0,0
3926,3926,0,00002ec,03,2,2,3,f0a441b3360e86f6,3,3,3,fa6d395d3cc7fe18,0,1,df59668a19f3a1cf,50fae8e496502fa1,50fae8e496502fa1,0,1
3927,3927,0,00002f0,03,2,2,3,7df1cf38bb5b087d,3,3,3,fa6d395d3cc7fe18,0,1,520ce80194a62f44,ddaf666f1b05a12a,ddaf666f1b05a12a,0,1
3928,3928,0,00002f4,03,2,2,3,ea0f5ca42ca59be1,3,3,3,fa6d395d3cc7fe18,0,1,f0a441b3360e86f6,4a51f5f38cfb32b6,4a51f5f38cfb32b6,0,1
3929,3929,0,00002f8,03,2,2,3,675ad22fa1f0156a,3,3,3,fa6d395d3cc7fe18,0,1,7df1cf38bb5b087d,c7047b7801aebc3d,c7047b7801aebc3d,0,1
3930,3930,0,00002fc,03,2,2,3,af5e0fc169f4c884,3,3,3,fa6d395d3cc7fe18,0,1,ea0f5ca42ca59be1,65acd2caa306158f,65acd2caa306158f,0,1
3931,3931,0,0000300,03,2,2,3,220b814ae4a1460f,3,3,3,fa6d395d3cc7fe18,0,1,675ad22fa1f0156a,e8f95c412e539b04,e8f95c412e539b04,0,1
3932,3932,0,0000304,03,2,2,3,b5f512d6735fd593,3,3,3,fa6d395d3cc7fe18,0,1,af5e0fc169f4c884,7f07cfddb9ad0898,7f07cfddb9ad0898,0,1
3933,3933,0,0000308,03,2,2,3,38a09c5dfe0a5b18,3,3,3,fa6d395d3cc7fe18,0,1,220b814ae4a1460f,f252415634f88613,f252415634f88613,0,1
3934,3934,0,000030c,03,2,2,3,9a0835ef5ca2f2aa,3,3,3,fa6d395d3cc7fe18,0,1,b5f512d6735fd593,3a569cb8fcfc5bfd,3a569cb8fcfc5bfd,0,0
3935,3935,0,0000310,03,2,2,3,175dbb64d1f77c21,3,3,3,fa6d395d3cc7fe18,0,1,38a09c5dfe0a5b18,3a569cb8fcfc5bfd,3a569cb8fcfc5bfd,0,0
3936,3936,0,0000314,03,2,2,3,80a328f84609efbd,3,3,3,fa6d395d3cc7fe18,0,1,9a0835ef5ca2f2aa,3a569cb8fcfc5bfd,3a569cb8fcfc5bfd,0,0
3937,3937,0,0000318,03,2,2,3,0df6a673cb5c6136,3,3,3,fa6d395d3cc7fe18,0,1,175dbb64d1f77c21,3a569cb8fcfc5bfd,3a569cb8fcfc5bfd,0,0
3938,3938,0,000031c,03,2,2,3,ef78e0b729d227f2,3,3,3,fa6d395d3cc7fe18,0,1,80a328f84609efbd,ba1b42547cb18511,ba1b42547cb18511,0,1
3939,3939,0,0000320,03,2,2,3,622d6e3ca487a979,3,3,3,fa6d395d3cc7fe18,0,1,0df6a673cb5c6136,374eccdff1e40b9a,374eccdff1e40b9a,0,1
3940,3940,0,0000324,03,2,2,3,f5d3fda033793ae5,3,3,3,fa6d395d3cc7fe18,0,1,ef78e0b729d227f2,a0b05f43661a9806,a0b05f43661a9806,0,1
3941,3941,0,0000328,03,2,2,3,7886732bbe2cb46e,3,3,3,fa6d395d3cc7fe18,0,1,622d6e3ca487a979,2de5d1c8eb4f168d,2de5d1c8eb4f168d,0,1
3942,3942,0,000032c,03,2,2,3,da2eda991c841ddc,3,3,3,fa6d395d3cc7fe18,0,1,f5d3fda033793ae5,8f4d787a49e7bf3f,8f4d787a49e7bf3f,0,1
3943,3943,0,0000330,03,2,2,3,577b541291d19357,3,3,3,fa6d395d3cc7fe18,0,1,7886732bbe2cb46e,0218f6f1c4b231b4,0218f6f1c4b231b4,0,1
3944,3944,0,0000334,03,2,2,3,c085c78e062f00cb,3,3,3,fa6d395d3cc7fe18,0,1,da2eda991c841ddc,95e6656d534ca228,95e6656d534ca228,0,1
3945,3945,0,0000338,03,2,2,3,4dd049058b7a8e40,3,3,3,fa6d395d3cc7fe18,0,1,577b541291d19357,18b3ebe6de192ca3,18b3ebe6de192ca3,0,1
3946,3946,0,000033c,03,2,2,3,85d494eb437e53ae,3,3,3,fa6d395d3cc7fe18,0,1,c085c78e062f00cb,50fae8e496502fa1,50fae8e496502fa1,0,0
3947,3947,0,0000340,03,2,2,3,08811a60ce2bdd25,3,3,3,fa6d395d3cc7fe18,0,1,4dd049058b7a8e40,50fae8e496502fa1,50fae8e496502fa1,0,0
3948,3948,0,0000344,03,2,2,3,9f7f89fc59d54eb9,3,3,3,fa6d395d3cc7fe18,0,1,85d494eb437e53ae,50fae8e496502fa1,50fae8e496502fa1,0,0
3949,3949,0,0000348,03,2,2,3,122a0777d480c032,3,3,3,fa6d395d3cc7fe18,0,1,08811a60ce2bdd25,50fae8e496502fa1,50fae8e496502fa1,0,0
3950,3950,0,000034c,03,2,2,3,b082aec576286980,3,3,3,fa6d395d3cc7fe18,0,1,9f7f89fc59d54eb9,d0b73608161df14d,d0b73608161df14d,0,1
3951,3951,0,0000350,03,2,2,3,3dd7204efb7de70b,3,3,3,fa6d395d3cc7fe18,0,1,122a0777d480c032,5de2b8839b487fc6,5de2b8839b487fc6,0,1
3952,3952,0,0000354,03,2,2,3,aa29b3d26c837497,3,3,3,fa6d395d3cc7fe18,0,1,b082aec576286980,ca1c2b1f0cb6ec5a,ca1c2b1f0cb6ec5a,0,1
3953,3953,0,0000358,03,2,2,3,277c3d59e1d6fa1c,3,3,3,fa6d395d3cc7fe18,0,1,3dd7204efb7de70b,4749a59481e362d1,4749a59481e362d1,0,1
3954,3954,0,000035c,03,2,2,3,3a20080ffc8acf4a,3,3,3,fa6d395d3cc7fe18,0,1,aa29b3d26c837497,e5e10c26234bcb63,e5e10c26234bcb63,0,1
3955,3955,0,0000360,03,2,2,3,b775868471df41c1,3,3,3,fa6d395d3cc7fe18,0,1,277c3d59e1d6fa1c,68b482adae1e45e8,68b482adae1e45e8,0,1
3956,3956,0,0000364,03,2,2,3,208b1518e621d25d,3,3,3,fa6d395d3cc7fe18,0,1,3a20080ffc8acf4a,ff4a113139e0d674,ff4a113139e0d674,0,1
3957,3957,0,0000368,03,2,2,3,adde9b936b745cd6,3,3,3,fa6d395d3cc7fe18,0,1,b775868471df41c1,721f9fbab4b558ff,721f9fbab4b558ff,0,1
3958,3958,0,000036c,03,2,2,3,0f763221c9dcf564,3,3,3,fa6d395d3cc7fe18,0,1,208b1518e621d25d,ba1b42547cb18511,ba1b42547cb18511,0,0
3959,3959,0,0000000,05,3,2,2,8223bcaa44897bef,3,3,2,fa6d395d3cc7fe18,0,1,adde9b936b745cd6,ba1b42547cb18511,ba1b42547cb18511,0,0
3960,3960,0,0000000,06,3,2,2,15dd2f36d377e873,0,3,2,fa6d395d3cc7fe18,0,1,0f763221c9dcf564,ba1b42547cb18511,ba1b42547cb18511,0,0
3961,3961,0,0000000,03,3,2,2,9888a1bd5e2266f8,0,3,2,fa6d395d3cc7fe18,0,1,8223bcaa44897bef,ba1b42547cb18511,ba1b42547cb18511,0,0
3962,3962,0,0000000,00,3,3,3,508c7c539626bb16,0,3,3,fa6d395d3cc7fe18,0,1,15dd2f36d377e873,6f43aaeca9e96da9,6f43aaeca9e96da9,0,1
3963,3963,0,0000000,00,2,2,2,ddd9f2d81b73359d,0,3,3,fa6d395d3cc7fe18,0,1,9888a1bd5e2266f8,e216246724bce322,e216246724bce322,0,1
3964,3964,0,0000000,00,3,3,3,4a2761448c8da601,0,3,3,fa6d395d3cc7fe18,0,1,508c7c539626bb16,75e8b7fbb34270be,75e8b7fbb34270be,0,1
3965,3965,0,0000000,00,3,3,3,c772efcf01d8288a,0,3,3,fa6d395d3cc7fe18,0,1,ddd9f2d81b73359d,f8bd39703e17fe35,f8bd39703e17fe35,0,1
3966,3966,0,0000000,00,3,3,3,000000000000c772,0,3,3,fa6d395d3cc7fe18,0,1,4a2761448c8da601,5a1590c29cbf5787,5a1590c29cbf5787,0,1
3967,3967,0,0000000,00,3,3,3,0000000000000000,0,3,3,fa6d395d3cc7fe18,0,1,c772efcf01d8288a,d7401e4911ead90c,d7401e4911ead90c,0,1
3968,3968,0,0000000,00,3,3,3,0000000000000000,0,0,3,fa6d395d3cc7fe18,0,1,000000000000c772,40be8dd586144a90,40be8dd586144a90,0,1
3969,3969,0,0000000,00,3,3,3,0000000000000000,0,0,3,fa6d395d3cc7fe18,0,1,0000000000000000,cdeb035e0b41c41b,cdeb035e0b41c41b,0,1
3970,3970,0,0000000,00,3,3,3,0000000000000000,0,0,3,fa6d395d3cc7fe18,0,1,0000000000000000,d0b73608161df14d,d0b73608161df14d,0,0
3971,3971,0,0000000,00,3,3,3,0000000000000000,0,0,3,fa6d395d3cc7fe18,0,1,0000000000000000,d0b73608161df14d,d0b73608161df14d,0,0
3972,3972,0,0000000,00,3,3,3,0000000000000000,0,0,3,fa6d395d3cc7fe18,0,1,0000000000000000,d0b73608161df14d,d0b73608161df14d,0,0
3973,3973,0,0000000,00,3,3,3,0000000000000000,0,0,3,fa6d395d3cc7fe18,0,1,0000000000000000,d0b73608161df14d,d0b73608161df14d,0,0
3974,3974,0,0000000,00,3,3,3,0000000000000000,0,0,3,fa6d395d3cc7fe18,0,1,0000000000000000,05efdeb0c34519f5,05efdeb0c34519f5,0,1
3975,3975,0,0000000,00,3,3,3,0000000000000000,0,0,3,fa6d395d3cc7fe18,0,1,0000000000000000,88ba503b4e10977e,88ba503b4e10977e,0,1
3976,3976,0,0000000,00,3,3,3,0000000000000000,0,0,3,51eb939e974154db,0,1,0000000000000000,1f44c3a7d9ee04e2,1f44c3a7d9ee04e2,0,1
3977,3977,0,0000000,00,3,3,3,0000000000000000,0,0,3,51eb939e974154db,0,1,0000000000000000,92114d2c54bb8a69,92114d2c54bb8a69,0,1
3978,3978,0,0000003,06,3,2,2,0000000000000000,0,0,3,51eb939e974154db,0,1,0000000000000000,30b9e49ef61323db,30b9e49ef61323db,0,1
3979,3979,0,0000000,00,3,3,3,0000000000000000,0,0,3,51eb939e974154db,0,1,0000000000000000,bdec6a157b46ad50,bdec6a157b46ad50,0,1
3980,3980,0,0000000,00,3,3,3,0000000000000000,0,0,3,51eb939e974154db,0,1,0000000000000000,2a12f989ecb83ecc,2a12f989ecb83ecc,0,1
3981,3981,0,0000000,00,3,3,3,0000000000000000,0,0,3,51eb939e974154db,0,1,0000000000000000,a747770261edb047,a747770261edb047,0,1
3982,3982,0,0000000,00,3,3,3,0000000000000000,0,0,3,51eb939e974154db,0,1,0000000000000000,6f43aaeca9e96da9,6f43aaeca9e96da9,0,0
3983,3983,0,0000000,00,3,3,3,0000000000000000,0,0,3,51eb939e974154db,0,1,0000000000000000,6f43aaeca9e96da9,6f43aaeca9e96da9,0,0
3984,3984,0,0000000,00,3,3,3,0000000000000000,0,0,3,51eb939e974154db,0,1,0000000000000000,6f43aaeca9e96da9,6f43aaeca9e96da9,0,0
3985,3985,0,0000004,06,2,2,3,0000000000000000,0,0,2,51eb939e974154db,3,1,0000000000000000,6f43aaeca9e96da9,6f43aaeca9e96da9,0,0
3986,3986,0,0000008,06,2,2,3,0000000000000000,0,0,2,c615000200bfc747,3,1,0000000000000000,10aa9325d6005460,10aa9325d6005460,0,1
3987,3987,0,000000c,06,2,2,3,0000000000000000,0,0,2,4b408e898dea49cc,3,1,0000000000000000,9dff1dae5b55daeb,9dff1dae5b55daeb,0,1
3988,3988,0,0000010,06,2,2,3,0000000000000000,0,0,2,e9e8273b2f42e07e,3,1,0000000000000000,0a018e32ccab4977,0a018e32ccab4977,0,1
3989,3989,0,0000014,06,2,2,3,0000000000000000,0,0,2,64bda9b0a2176ef5,3,1,0000000000000000,875400b941fec7fc,875400b941fec7fc,0,1
3990,3990,0,0000018,06,2,2,3,9390000000000000,0,0,2,f3433a2c35e9fd69,3,1,0000000000000000,25fca90be3566e4e,25fca90be3566e4e,0,1
3991,3991,0,000001c,06,2,2,3,939e974154db51eb,0,0,2,7e16b4a7b8bc73e2,3,1,0000000000000000,a8a927806e03e0c5,a8a927806e03e0c5,0,1
3992,3992,0,0000020,06,2,2,3,000200bfc74751eb,0,0,2,b612694970b8ae0c,3,1,9390000000000000,3f57b41cf9fd7359,3f57b41cf9fd7359,0,1
3993,3993,0,0000024,06,2,2,3,8e898dea49ccc615,0,0,2,3b47e7c2fded2087,3,1,939e974154db51eb,b2023a9774a8fdd2,b2023a9774a8fdd2,0,1
3994,3994,0,0000028,06,2,2,3,273b2f42e07e4b40,0,0,2,acb9745e6a13b31b,3,1,000200bfc74751eb,05efdeb0c34519f5,05efdeb0c34519f5,0,0
3995,3995,0,000002c,06,2,2,3,a9b0a2176ef5e9e8,0,0,2,21ecfad5e7463d90,3,1,8e898dea49ccc615,05efdeb0c34519f5,05efdeb0c34519f5,0,0
3996,3996,0,0000030,06,2,2,3,3a2c35e9fd6964bd,0,0,2,8344536745ee9422,3,1,273b2f42e07e4b40,05efdeb0c34519f5,05efdeb0c34519f5,0,0
3997,3997,0,0000034,06,2,2,3,b4a7b8bc73e2f343,0,0,2,0e11ddecc8bb1aa9,3,1,a9b0a2176ef5e9e8,05efdeb0c34519f5,05efdeb0c34519f5,0,0
3998,3998,0,0000038,06,2,2,3,694970b8ae0c7e16,0,0,2,99ef4e705f458935,3,1,3a2c35e9fd6964bd,7a06e779bcac203c,7a06e779bcac203c,0,1
3999,3999,0,000003c,06,2,2,3,e7c2fded2087b612,0,0,2,14bac0fbd21007be,3,1,b4a7b8bc73e2f343,f75369f231f9aeb7,f75369f231f9aeb7,0,1
4000,4000,0,0000040,06,2,2,3,745e6a13b31b3b47,0,0,2,09e6f5adcf4c32e8,3,1,694970b8ae0c7e16,60adfa6ea6073d2b,60adfa6ea6073d2b,0,1
4001,4001,0,0000044,06,2,2,3,fad5e7463d90acb9,0,0,2,84b37b264219bc63,3,1,e7c2fded2087b612,edf874e52b52b3a0,edf874e52b52b3a0,0,1
4002,4002,0,0000048,06,2,2,3,536745ee942221ec,0,0,2,134de8bad5e72fff,3,1,745e6a13b31b3b47,4f50dd5789fa1a12,4f50dd5789fa1a12,0,1
4003,4003,0,000004c,06,2,2,3,ddecc8bb1aa98344,0,0,2,9e18663158b2a174,3,1,fad5e7463d90acb9,c20553dc04af9499,c20553dc04af9499,0,1
4004,4004,0,0000050,06,2,2,3,4e705f4589350e11,0,0,2,3cb0cf83fa1a08c6,3,1,536745ee942221ec,55fbc04093510705,55fbc04093510705,0,1
4005,4005,0,0000054,06,2,2,3,c0fbd21007be99ef,0,0,2,b1e54108774f864d,3,1,ddecc8bb1aa98344,d8ae4ecb1e04898e,d8ae4ecb1e04898e,0,1
4006,4006,0,0000058,06,2,2,3,f5adcf4c32e814ba,0,0,2,261bd294e0b115d1,3,1,4e705f4589350e11,10aa9325d6005460,10aa9325d6005460,0,0
4007,4007,0,000005c,06,2,2,3,7b264219bc6309e6,0,0,2,ab4e5c1f6de49b5a,3,1,c0fbd21007be99ef,10aa9325d6005460,10aa9325d6005460,0,0
4008,4008,0,0000060,06,2,2,3,e8bad5e72fff84b3,0,0,2,634a81f1a5e046b4,3,1,f5adcf4c32e814ba,10aa9325d6005460,10aa9325d6005460,0,0
4009,4009,0,0000064,06,2,2,3,663158b2a174134d,0,0,2,ee1f0f7a28b5c83f,3,1,7b264219bc6309e6,10aa9325d6005460,10aa9325d6005460,0,0
4010,4010,0,0000068,06,2,2,3,cf83fa1a08c69e18,0,0,2,79e19ce6bf4b5ba3,3,1,e8bad5e72fff84b3,c5f27b9d0358bcd8,c5f27b9d0358bcd8,0,1
4011,4011,0,000006c,06,2,2,3,4108774f864d3cb0,0,0,2,f4b4126d321ed528,3,1,663158b2a174134d,48a7f5168e0d3253,48a7f5168e0d3253,0,1
4012,4012,0,0000070,06,2,2,3,d294e0b115d1b1e5,0,0,2,561cbbdf90b67c9a,3,1,cf83fa1a08c69e18,df59668a19f3a1cf,df59668a19f3a1cf,0,1
4013,4013,0,0000074,06,2,2,3,5c1f6de49b5a261b,0,0,2,db4935541de3f211,3,1,4108774f864d3cb0,520ce80194a62f44,520ce80194a62f44,0,1
4014,4014,0,0000078,06,2,2,3,81f1a5e046b4ab4e,0,0,2,4cb7a6c88a1d618d,3,1,d294e0b115d1b1e5,f0a441b3360e86f6,f0a441b3360e86f6,0,1
4015,4015,0,000007c,06,2,2,3,0f7a28b5c83f634a,0,0,2,c1e228430748ef06,3,1,5c1f6de49b5a261b,7df1cf38bb5b087d,7df1cf38bb5b087d,0,1
4016,4016,0,0000080,06,2,2,3,9ce6bf4b5ba3ee1f,0,0,2,760fcc64b0a50b21,3,1,81f1a5e046b4ab4e,ea0f5ca42ca59be1,ea0f5ca42ca59be1,0,1
4017,4017,0,0000084,06,2,2,3,126d321ed52879e1,0,0,2,fb5a42ef3df085aa,3,1,0f7a28b5c83f634a,675ad22fa1f0156a,675ad22fa1f0156a,0,1
4018,4018,0,0000088,06,2,2,3,bbdf90b67c9af4b4,0,0,2,6ca4d173aa0e1636,3,1,9ce6bf4b5ba3ee1f,7a06e779bcac203c,7a06e779bcac203c,0,0
4019,4019,0,000008c,06,2,2,3,35541de3f211561c,0,0,2,e1f15ff8275b98bd,3,1,126d321ed52879e1,7a06e779bcac203c,7a06e779bcac203c,0,0
4020,4020,0,0000090,06,2,2,3,a6c88a1d618ddb49,0,0,2,4359f64a85f3310f,3,1,bbdf90b67c9af4b4,7a06e779bcac203c,7a06e779bcac203c,0,0
4021,4021,0,0000094,06,2,2,3,28430748ef064cb7,0,0,2,ce0c78c108a6bf84,3,1,35541de3f211561c,7a06e779bcac203c,7a06e779bcac203c,0,0
4022,4022,0,0000098,06,2,2,3,cc64b0a50b21c1e2,0,0,2,59f2eb5d9f582c18,3,1,a6c88a1d618ddb49,af5e0fc169f4c884,af5e0fc169f4c884,0,1
4023,4023,0,000009c,06,2,2,3,42ef3df085aa760f,0,0,2,d4a765d6120da293,3,1,28430748ef064cb7,220b814ae4a1460f,220b814ae4a1460f,0,1
4024,4024,0,00000a0,06,2,2,3,d173aa0e1636fb5a,0,0,2,1ca3b838da097f7d,3,1,cc64b0a50b21c1e2,b5f512d6735fd593,b5f512d6735fd593,0,1
4025,4025,0,00000a4,06,2,2,3,5ff8275b98bd6ca4,0,0,2,91f636b3575cf1f6,3,1,42ef3df085aa760f,38a09c5dfe0a5b18,38a09c5dfe0a5b18,0,1
4026,4026,0,00000a8,06,2,2,3,f64a85f3310fe1f1,0,0,2,0608a52fc0a2626a,3,1,d173aa0e1636fb5a,9a0835ef5ca2f2aa,9a0835ef5ca2f2aa,0,1
4027,4027,0,00000ac,06,2,2,3,78c108a6bf844359,0,0,2,8b5d2ba44df7ece1,3,1,5ff8275b98bd6ca4,175dbb64d1f77c21,175dbb64d1f77c21,0,1
4028,4028,0,00000b0,06,2,2,3,eb5d9f582c18ce0c,0,0,2,29f58216ef5f4553,3,1,f64a85f3310fe1f1,80a328f84609efbd,80a328f84609efbd,0,1
4029,4029,0,00000b4,06,2,2,3,65d6120da29359f2,0,0,2,a4a00c9d620acbd8,3,1,78c108a6bf844359,0df6a673cb5c6136,0df6a673cb5c6136,0,1
4030,4030,0,00000b8,06,2,2,3,b838da097f7dd4a7,0,0,2,335e9f01f5f45844,3,1,eb5d9f582c18ce0c,c5f27b9d0358bcd8,c5f27b9d0358bcd8,0,0
4031,4031,0,00000bc,06,2,2,3,36b3575cf1f61ca3,0,0,2,be0b118a78a1d6cf,3,1,65d6120da29359f2,c5f27b9d0358bcd8,c5f27b9d0358bcd8,0,0
4032,4032,0,00000c0,06,2,2,3,a52fc0a2626a91f6,0,0,2,a35724dc65fde399,3,1,b838da097f7dd4a7,c5f27b9d0358bcd8,c5f27b9d0358bcd8,0,0
4033,4033,0,00000c4,06,2,2,3,2ba44df7ece10608,0,0,2,2e02aa57e8a86d12,3,1,36b3575cf1f61ca3,c5f27b9d0358bcd8,c5f27b9d0358bcd8,0,0
4034,4034,0,00000c8,06,2,2,3,8216ef5f45538b5d,0,0,2,b9fc39cb7f56fe8e,3,1,a52fc0a2626a91f6,ef78e0b729d227f2,ef78e0b729d227f2,0,1
4035,4035,0,00000cc,06,2,2,3,0c9d620acbd829f5,0,0,2,34a9b740f2037005,3,1,2ba44df7ece10608,622d6e3ca487a979,622d6e3ca487a979,0,1
4036,4036,0,00000d0,06,2,2,3,9f01f5f45844a4a0,0,0,2,96011ef250abd9b7,3,1,8216ef5f45538b5d,f5d3fda033793ae5,f5d3fda033793ae5,0,1
4037,4037,0,00000d4,06,2,2,3,118a78a1d6cf335e,0,0,2,1b549079ddfe573c,3,1,0c9d620acbd829f5,7886732bbe2cb46e,7886732bbe2cb46e,0,1
4038,4038,0,00000d8,06,2,2,3,24dc65fde399be0b,0,0,2,8caa03e54a00c4a0,3,1,9f01f5f45844a4a0,da2eda991c841ddc,da2eda991c841ddc,0,1
4039,4039,0,00000dc,06,2,2,3,aa57e8a86d12a357,0,0,2,01ff8d6ec7554a2b,3,1,118a78a1d6cf335e,577b541291d19357,577b541291d19357,0,1
4040,4040,0,00000e0,06,2,2,3,39cb7f56fe8e2e02,0,0,2,c9fb50800f5197c5,3,1,24dc65fde399be0b,c085c78e062f00cb,c085c78e062f00cb,0,1
4041,4041,0,00000e4,06,2,2,3,b740f2037005b9fc,0,0,2,44aede0b8204194e,3,1,aa57e8a86d12a357,4dd049058b7a8e40,4dd049058b7a8e40,0,1
4042,4042,0,00000e8,06,2,2,3,1ef250abd9b734a9,0,0,2,d3504d9715fa8ad2,3,1,39cb7f56fe8e2e02,af5e0fc169f4c884,af5e0fc169f4c884,0,0
4043,4043,0,00000ec,06,2,2,3,9079ddfe573c9601,0,0,2,5e05c31c98af0459,3,1,b740f2037005b9fc,af5e0fc169f4c884,af5e0fc169f4c884,0,0
4044,4044,0,00000f0,06,2,2,3,03e54a00c4a01b54,0,0,2,fcad6aae3a07adeb,3,1,1ef250abd9b734a9,af5e0fc169f4c884,af5e0fc169f4c884,0,0
4045,4045,0,00000f4,06,2,2,3,8d6ec7554a2b8caa,0,0,2,71f8e425b7522360,3,1,9079ddfe573c9601,af5e0fc169f4c884,af5e0fc169f4c884,0,0
4046,4046,0,00000f8,06,2,2,3,50800f5197c501ff,0,0,2,e60677b920acb0fc,3,1,03e54a00c4a01b54,85d494eb437e53ae,85d494eb437e53ae,0,1
4047,4047,0,00000fc,06,2,2,3,de0b8204194ec9fb,0,0,2,6b53f932adf93e77,3,1,8d6ec7554a2b8caa,08811a60ce2bdd25,08811a60ce2bdd25,0,1
4048,4048,0,0000100,06,2,2,3,4d9715fa8ad244ae,0,0,2,89ddbff64f7778b3,3,1,50800f5197c501ff,9f7f89fc59d54eb9,9f7f89fc59d54eb9,0,1
4049,4049,0,0000104,06,2,2,3,c31c98af0459d350,0,0,2,0488317dc222f638,3,1,de0b8204194ec9fb,122a0777d480c032,122a0777d480c032,0,1
4050,4050,0,0000108,06,2,2,3,6aae3a07adeb5e05,0,0,2,9376a2e155dc65a4,3,1,4d9715fa8ad244ae,b082aec576286980,b082aec576286980,0,1
4051,4051,0,000010c,06,2,2,3,e425b7522360fcad,0,0,2,1e232c6ad889eb2f,3,1,c31c98af0459d350,3dd7204efb7de70b,3dd7204efb7de70b,0,1
4052,4052,0,0000110,06,2,2,3,77b920acb0fc71f8,0,0,2,bc8b85d87a21429d,3,1,6aae3a07adeb5e05,aa29b3d26c837497,aa29b3d26c837497,0,1
4053,4053,0,0000114,06,2,2,3,f932adf93e77e606,0,0,2,31de0b53f774cc16,3,1,e425b7522360fcad,277c3d59e1d6fa1c,277c3d59e1d6fa1c,0,1
4054,4054,0,0000118,06,2,2,3,bff64f7778b36b53,0,0,2,a62098cf608a5f8a,3,1,77b920acb0fc71f8,ef78e0b729d227f2,ef78e0b729d227f2,0,0
4055,4055,0,000011c,06,2,2,3,317dc222f63889dd,0,0,2,2b751644eddfd101,3,1,f932adf93e77e606,ef78e0b729d227f2,ef78e0b729d227f2,0,0
4056,4056,0,0000120,06,2,2,3,a2e155dc65a40488,0,0,2,e371cbaa25db0cef,3,1,bff64f7778b36b53,ef78e0b729d227f2,ef78e0b729d227f2,0,0
4057,4057,0,0000124,06,2,2,3,2c6ad889eb2f9376,0,0,2,6e244521a88e8264,3,1,317dc222f63889dd,ef78e0b729d227f2,ef78e0b729d227f2,0,0
4058,4058,0,0000128,06,2,2,3,85d87a21429d1e23,0,0,2,f9dad6bd3f7011f8,3,1,a2e155dc65a40488,3a20080ffc8acf4a,3a20080ffc8acf4a,0,1
4059,4059,0,000012c,06,2,2,3,0b53f774cc16bc8b,0,0,2,748f5836b2259f73,3,1,2c6ad889eb2f9376,b775868471df41c1,b775868471df41c1,0,1
4060,4060,0,0000130,06,2,2,3,98cf608a5f8a31de,0,0,2,d627f184108d36c1,3,1,85d87a21429d1e23,208b1518e621d25d,208b1518e621d25d,0,1
4061,4061,0,0000134,06,2,2,3,1644eddfd101a620,0,0,2,5b727f0f9dd8b84a,3,1,0b53f774cc16bc8b,adde9b936b745cd6,adde9b936b745cd6,0,1
4062,4062,0,0000138,06,2,2,3,cbaa25db0cef2b75,0,0,2,cc8cec930a262bd6,3,1,98cf608a5f8a31de,0f763221c9dcf564,0f763221c9dcf564,0,1
4063,4063,0,000013c,06,2,2,3,4521a88e8264e371,0,0,2,41d962188773a55d,3,1,1644eddfd101a620,8223bcaa44897bef,8223bcaa44897bef,0,1
4064,4064,0,0000000,00,3,3,3,d6bd3f7011f86e24,0,0,3,5c85574e9a2f900b,0,1,cbaa25db0cef2b75,15dd2f36d377e873,15dd2f36d377e873,0,1
4065,4065,0,0000000,00,3,3,3,5836b2259f73f9da,0,0,3,5c85574e9a2f900b,0,1,4521a88e8264e371,9888a1bd5e2266f8,9888a1bd5e2266f8,0,1
4066,4066,0,000000a,03,3,2,2,f184108d36c1748f,0,0,3,5c85574e9a2f900b,0,1,d6bd3f7011f86e24,85d494eb437e53ae,85d494eb437e53ae,0,0
4067,4067,0,0000000,00,3,3,3,7f0f9dd8b84ad627,0,0,3,5c85574e9a2f900b,0,1,5836b2259f73f9da,85d494eb437e53ae,85d494eb437e53ae,0,0
4068,4068,0,0000140,06,2,2,3,ec930a262bd65b72,0,0,2,5c85574e9a2f900b,3,1,f184108d36c1748f,85d494eb437e53ae,85d494eb437e53ae,0,0
4069,4069,0,0000144,06,2,2,3,62188773a55dcc8c,0,0,2,d1d0d9c5177a1e80,3,1,7f0f9dd8b84ad627,85d494eb437e53ae,85d494eb437e53ae,0,0
4070,4070,0,0000148,06,2,2,3,574e9a2f900b41d9,0,0,2,462e4a5980848d1c,3,1,ec930a262bd65b72,508c7c539626bb16,508c7c539626bb16,0,1
4071,4071,0,000014c,06,2,2,3,0000000000000000,0,0,2,cb7bc4d20dd10397,3,1,62188773a55dcc8c,ddd9f2d81b73359d,ddd9f2d81b73359d,0,1
4072,4072,0,0000150,06,2,2,3,0000000000000000,0,0,2,69d36d60af79aa25,3,1,574e9a2f900b41d9,4a2761448c8da601,4a2761448c8da601,0,1
4073,4073,0,0000154,06,2,2,3,5700000000000000,0,0,2,e486e3eb222c24ae,3,1,0000000000000000,c772efcf01d8288a,c772efcf01d8288a,0,1
4074,4074,0,0000158,06,2,2,3,574e9a2f900b5c85,0,0,2,73787077b5d2b732,3,1,0000000000000000,b082aec576286980,b082aec576286980,0,0
4075,4075,0,000015c,06,2,2,3,d9c5177a1e805c85,0,0,2,fe2dfefc388739b9,3,1,5700000000000000,b082aec576286980,b082aec576286980,0,0
4076,4076,0,0000000,00,3,3,3,4a5980848d1cd1d0,0,0,3,36292312f083e457,0,1,574e9a2f900b5c85,b082aec576286980,b082aec576286980,0,0
4077,4077,0,0000000,00,3,3,3,c4d20dd10397462e,0,0,3,36292312f083e457,0,1,d9c5177a1e805c85,b082aec576286980,b082aec576286980,0,0
4078,4078,0,0000000,00,3,3,3,6d60af79aa25cb7b,0,0,3,36292312f083e457,0,1,4a5980848d1cd1d0,b082aec576286980,b082aec576286980,0,0
4079,4079,0,0000000,00,3,3,3,e3eb222c24ae69d3,0,0,3,36292312f083e457,0,1,c4d20dd10397462e,b082aec576286980,b082aec576286980,0,0
4080,4080,0,0000160,06,2,2,3,7077b5d2b732e486,0,0,2,36292312f083e457,3,1,6d60af79aa25cb7b,b082aec576286980,b082aec576286980,0,0
4081,4081,0,0000164,06,2,2,3,fefc388739b97378,0,0,2,bb7cad997dd66adc,3,1,e3eb222c24ae69d3,b082aec576286980,b082aec576286980,0,0
4082,4082,0,0000168,06,2,2,3,2312f083e457fe2d,0,0,2,2c823e05ea28f940,3,1,7077b5d2b732e486,b082aec576286980,b082aec576286980,0,0
4083,4083,0,000016c,06,2,2,3,0000000000000000,0,0,2,a1d7b08e677d77cb,3,1,fefc388739b97378,b082aec576286980,b082aec576286980,0,0
4084,4084,0,0000170,06,2,2,3,0000000000000000,0,0,2,037f193cc5d5de79,3,1,2312f083e457fe2d,b082aec576286980,b082aec576286980,0,0
4085,4085,0,0000174,06,2,2,3,2310000000000000,0,0,2,8e2a97b7488050f2,3,1,0000000000000000,b082aec576286980,b082aec576286980,0,0
4086,4086,0,0000178,06,2,2,3,2312f083e4573629,0,0,2,19d4042bdf7ec36e,3,1,0000000000000000,b082aec576286980,b082aec576286980,0,0
4087,4087,0,000017c,06,2,2,3,ad997dd66adc3629,0,0,2,94818aa0522b4de5,3,1,2310000000000000,b082aec576286980,b082aec576286980,0,0
4088,4088,0,0000000,00,3,3,3,3e05ea28f940bb7c,0,0,3,236c6e87e5c6a9c2,0,1,2312f083e4573629,b082aec576286980,b082aec576286980,0,0
4089,4089,0,0000000,00,3,3,3,b08e677d77cb2c82,0,0,3,236c6e87e5c6a9c2,0,1,ad997dd66adc3629,b082aec576286980,b082aec576286980,0,0
4090,4090,0,0000000,00,3,3,3,193cc5d5de79a1d7,0,0,3,236c6e87e5c6a9c2,0,1,3e05ea28f940bb7c,b082aec576286980,b082aec576286980,0,0
4091,4091,0,0000000,00,3,3,3,97b7488050f2037f,0,0,3,236c6e87e5c6a9c2,0,1,b08e677d77cb2c82,b082aec576286980,b082aec576286980,0,0
4092,4092,0,0000180,06,2,2,3,042bdf7ec36e8e2a,0,0,2,236c6e87e5c6a9c2,3,1,193cc5d5de79a1d7,b082aec576286980,b082aec576286980,0,0
4093,4093,0,0000184,06,2,2,3,8aa0522b4de519d4,0,0,2,ae39e00c68932749,3,1,97b7488050f2037f,b082aec576286980,b082aec576286980,0,0
4094,4094,0,0000188,06,2,2,3,6e87e5c6a9c29481,0,0,2,39c77390ff6db4d5,3,1,042bdf7ec36e8e2a,b082aec576286980,b082aec576286980,0,0
4095,4095,0,000018c,06,2,2,3,0000000000000000,0,0,2,b492fd1b72383a5e,3,1,8aa0522b4de519d4,b082aec576286980,b082aec576286980,0,0
