Sample in Buffer,Sample in Window,TRIGGER,w_dfi_address[25:0],w_dfi_bank[5:0],w_dfi_cas_n[1:0],w_dfi_cs_n[1:0],w_dfi_ras_n[1:0],w_dfi_rddata[63:0],w_dfi_rddata_en[1:0],w_dfi_rddata_valid[1:0],w_dfi_we_n[1:0],w_dfi_wrdata[63:0],w_dfi_wrdata_en[1:0],w_idelay_rdy,u_harness/w_dfi_rddata_dly[63:0],u_harness/u_dut/u_ctrl/u_core/u_core/w_cmd_op[3:0],u_harness/u_dut/u_ctrl/u_core/u_core/w_cmd_rdy,u_harness/u_dut/u_ctrl/u_core/u_core/w_cmd_v,u_harness/u_dut/u_ctrl/u_core/u_core/u_dfi/u_rd/r_outstanding[4:0]
Radix - UNSIGNED,UNSIGNED,UNSIGNED,HEX,HEX,HEX,HEX,HEX,HEX,HEX,HEX,HEX,HEX,HEX,HEX,HEX,HEX,HEX,HEX,HEX
0,0,0,0000000,00,3,3,3,0000000000000000,0,0,3,0000000000000000,0,1,0000000000000000,8,1,0,00
1,1,0,0000000,00,3,3,3,0000000000000000,0,0,3,0000000000000000,0,1,0000000000000000,8,1,0,00
2,2,0,0000000,00,3,3,3,0000000000000000,0,0,3,0000000000000000,0,1,0000000000000000,8,1,0,00
3,3,0,0000000,00,3,3,3,0000000000000000,0,0,3,0000000000000000,0,1,0000000000000000,8,1,0,00
4,4,0,0000000,00,3,3,3,0000000000000000,0,0,3,0000000000000000,0,1,0000000000000000,8,1,0,00
5,5,0,0000000,00,3,3,3,0000000000000000,0,0,3,0000000000000000,0,1,0000000000000000,8,1,0,00
6,6,0,0000000,00,3,3,3,0000000000000000,0,0,3,0000000000000000,0,1,0000000000000000,8,1,0,00
7,7,0,0000000,00,3,3,3,0000000000000000,0,0,3,0000000000000000,0,1,0000000000000000,8,1,0,00
8,8,0,0000000,00,3,3,3,0000000000000000,0,0,3,0000000000000000,0,1,0000000000000000,8,1,0,00
9,9,0,0000000,00,3,3,3,0000000000000000,0,0,3,0000000000000000,0,1,0000000000000000,8,1,0,00
10,10,0,0000000,00,3,3,3,0000000000000000,0,0,3,0000000000000000,0,1,0000000000000000,8,1,0,00
11,11,0,0000000,00,3,3,3,0000000000000000,0,0,3,0000000000000000,0,1,0000000000000000,8,1,0,00
12,12,0,0000000,00,3,3,3,0000000000000000,0,0,3,0000000000000000,0,1,0000000000000000,8,1,0,00
13,13,0,0000000,00,3,3,3,0000000000000000,0,0,3,0000000000000000,0,1,0000000000000000,8,1,0,00
14,14,0,0000000,00,3,3,3,0000000000000000,0,0,3,0000000000000000,0,1,0000000000000000,8,1,0,00
15,15,0,0000000,00,3,3,3,0000000000000000,0,0,3,0000000000000000,0,1,0000000000000000,8,1,0,00
16,16,0,0000000,00,3,3,3,0000000000000000,0,0,3,0000000000000000,0,1,0000000000000000,8,1,0,00
17,17,0,0000000,00,3,3,3,0000000000000000,0,0,3,0000000000000000,0,1,0000000000000000,8,1,0,00
18,18,0,0000000,00,3,3,3,0000000000000000,0,0,3,0000000000000000,0,1,0000000000000000,8,1,0,00
19,19,0,0000000,00,3,3,3,0000000000000000,0,0,3,0000000000000000,0,1,0000000000000000,8,1,0,00
20,20,0,0000000,00,3,3,3,0000000000000000,0,0,3,0000000000000000,0,1,0000000000000000,8,1,0,00
21,21,0,0000000,00,3,3,3,0000000000000000,0,0,3,0000000000000000,0,1,0000000000000000,8,1,0,00
22,22,0,0000000,00,3,3,3,0000000000000000,0,0,3,0000000000000000,0,1,0000000000000000,8,1,0,00
23,23,0,0000000,00,3,3,3,0000000000000000,0,0,3,0000000000000000,0,1,0000000000000000,8,1,0,00
24,24,0,0000000,00,3,3,3,0000000000000000,0,0,3,0000000000000000,0,1,0000000000000000,8,1,0,00
25,25,0,0000000,00,3,3,3,0000000000000000,0,0,3,0000000000000000,0,1,0000000000000000,8,1,0,00
26,26,0,0000000,00,3,3,3,0000000000000000,0,0,3,0000000000000000,0,1,0000000000000000,8,1,0,00
27,27,0,0000000,00,3,3,3,0000000000000000,0,0,3,0000000000000000,0,1,0000000000000000,8,1,0,00
28,28,0,0000000,00,3,3,3,0000000000000000,0,0,3,0000000000000000,0,1,0000000000000000,8,1,0,00
29,29,0,0000000,00,3,3,3,0000000000000000,0,0,3,0000000000000000,0,1,0000000000000000,8,1,0,00
30,30,0,0000000,00,3,3,3,0000000000000000,0,0,3,0000000000000000,0,1,0000000000000000,8,1,0,00
31,31,0,0000000,00,3,3,3,0000000000000000,0,0,3,0000000000000000,0,1,0000000000000000,8,1,0,00
32,32,0,0000000,00,3,3,3,0000000000000000,0,0,3,0000000000000000,0,1,0000000000000000,8,1,0,00
33,33,0,0000000,00,3,3,3,0000000000000000,0,0,3,0000000000000000,0,1,0000000000000000,8,1,0,00
34,34,0,0000000,00,3,3,3,0000000000000000,0,0,3,0000000000000000,0,1,0000000000000000,8,1,0,00
35,35,0,0000000,00,3,3,3,0000000000000000,0,0,3,0000000000000000,0,1,0000000000000000,8,1,0,00
36,36,0,0000000,00,3,3,3,0000000000000000,0,0,3,0000000000000000,0,1,0000000000000000,8,1,0,00
37,37,0,0000000,00,3,3,3,0000000000000000,0,0,3,0000000000000000,0,1,0000000000000000,8,1,0,00
38,38,0,0000000,00,3,3,3,0000000000000000,0,0,3,0000000000000000,0,1,0000000000000000,8,1,0,00
39,39,0,0000000,00,3,3,3,0000000000000000,0,0,3,0000000000000000,0,1,0000000000000000,8,1,0,00
40,40,0,0000000,00,3,3,3,0000000000000000,0,0,3,0000000000000000,0,1,0000000000000000,8,1,0,00
41,41,0,0000000,00,3,3,3,0000000000000000,0,0,3,0000000000000000,0,1,0000000000000000,8,1,0,00
42,42,0,0000000,00,3,3,3,0000000000000000,0,0,3,0000000000000000,0,1,0000000000000000,8,1,0,00
43,43,0,0000000,00,3,3,3,0000000000000000,0,0,3,0000000000000000,0,1,0000000000000000,8,1,0,00
44,44,0,0000000,00,3,3,3,0000000000000000,0,0,3,0000000000000000,0,1,0000000000000000,8,1,0,00
45,45,0,0000000,00,3,3,3,0000000000000000,0,0,3,0000000000000000,0,1,0000000000000000,8,1,0,00
46,46,0,0000000,00,3,3,3,0000000000000000,0,0,3,0000000000000000,0,1,0000000000000000,8,1,0,00
47,47,0,0000000,00,3,3,3,0000000000000000,0,0,3,0000000000000000,0,1,0000000000000000,8,1,0,00
48,48,0,0000000,00,3,3,3,0000000000000000,0,0,3,0000000000000000,0,1,0000000000000000,8,1,0,00
49,49,0,0000000,00,3,3,3,0000000000000000,0,0,3,0000000000000000,0,1,0000000000000000,8,1,0,00
50,50,0,0000000,00,3,3,3,0000000000000000,0,0,3,0000000000000000,0,1,0000000000000000,8,1,0,00
51,51,0,0000000,00,3,3,3,0000000000000000,0,0,3,0000000000000000,0,1,0000000000000000,8,1,0,00
52,52,0,0000000,00,3,3,3,0000000000000000,0,0,3,0000000000000000,0,1,0000000000000000,8,1,0,00
53,53,0,0000000,00,3,3,3,0000000000000000,0,0,3,0000000000000000,0,1,0000000000000000,8,1,0,00
54,54,0,0000000,00,3,3,3,0000000000000000,0,0,3,0000000000000000,0,1,0000000000000000,8,1,0,00
55,55,0,0000000,00,3,3,3,0000000000000000,0,0,3,0000000000000000,0,1,0000000000000000,8,1,0,00
56,56,0,0000000,00,3,3,3,0000000000000000,0,0,3,0000000000000000,0,1,0000000000000000,8,1,0,00
57,57,0,0000000,00,3,3,3,0000000000000000,0,0,3,0000000000000000,0,1,0000000000000000,8,1,0,00
58,58,0,0000000,00,3,3,3,0000000000000000,0,0,3,0000000000000000,0,1,0000000000000000,8,1,0,00
59,59,0,0000000,00,3,3,3,0000000000000000,0,0,3,0000000000000000,0,1,0000000000000000,8,1,0,00
60,60,0,0000000,00,3,3,3,0000000000000000,0,0,3,0000000000000000,0,1,0000000000000000,8,1,0,00
61,61,0,0000000,00,3,3,3,0000000000000000,0,0,3,0000000000000000,0,1,0000000000000000,8,1,0,00
62,62,0,0000000,00,3,3,3,0000000000000000,0,0,3,0000000000000000,0,1,0000000000000000,8,1,0,00
63,63,0,0000000,00,3,3,3,0000000000000000,0,0,3,0000000000000000,0,1,0000000000000000,8,1,0,00
64,64,0,0000000,00,3,3,3,0000000000000000,0,0,3,0000000000000000,0,1,0000000000000000,8,1,0,00
65,65,0,0000000,00,3,3,3,0000000000000000,0,0,3,0000000000000000,0,1,0000000000000000,8,1,0,00
66,66,0,0000000,00,3,3,3,0000000000000000,0,0,3,0000000000000000,0,1,0000000000000000,8,1,0,00
67,67,0,0000000,00,3,3,3,0000000000000000,0,0,3,0000000000000000,0,1,0000000000000000,8,1,0,00
68,68,0,0000000,00,3,3,3,0000000000000000,0,0,3,0000000000000000,0,1,0000000000000000,8,1,0,00
69,69,0,0000000,00,3,3,3,0000000000000000,0,0,3,0000000000000000,0,1,0000000000000000,8,1,0,00
70,70,0,0000000,00,3,3,3,0000000000000000,0,0,3,0000000000000000,0,1,0000000000000000,8,1,0,00
71,71,0,0000000,00,3,3,3,0000000000000000,0,0,3,0000000000000000,0,1,0000000000000000,8,1,0,00
72,72,0,0000000,00,3,3,3,0000000000000000,0,0,3,0000000000000000,0,1,0000000000000000,8,1,0,00
73,73,0,0000000,00,3,3,3,0000000000000000,0,0,3,0000000000000000,0,1,0000000000000000,8,1,0,00
74,74,0,0000000,00,3,3,3,0000000000000000,0,0,3,0000000000000000,0,1,0000000000000000,8,1,0,00
75,75,0,0000000,00,3,3,3,0000000000000000,0,0,3,0000000000000000,0,1,0000000000000000,8,1,0,00
76,76,0,0000000,00,3,3,3,0000000000000000,0,0,3,0000000000000000,0,1,0000000000000000,8,1,0,00
77,77,0,0000000,00,3,3,3,0000000000000000,0,0,3,0000000000000000,0,1,0000000000000000,8,1,0,00
78,78,0,0000000,00,3,3,3,0000000000000000,0,0,3,0000000000000000,0,1,0000000000000000,8,1,0,00
79,79,0,0000000,00,3,3,3,0000000000000000,0,0,3,0000000000000000,0,1,0000000000000000,8,1,0,00
80,80,0,0000000,00,3,3,3,0000000000000000,0,0,3,0000000000000000,0,1,0000000000000000,8,1,0,00
81,81,0,0000000,00,3,3,3,0000000000000000,0,0,3,0000000000000000,0,1,0000000000000000,8,1,0,00
82,82,0,0000000,00,3,3,3,0000000000000000,0,0,3,0000000000000000,0,1,0000000000000000,8,1,0,00
83,83,0,0000000,00,3,3,3,0000000000000000,0,0,3,0000000000000000,0,1,0000000000000000,8,1,0,00
84,84,0,0000000,00,3,3,3,0000000000000000,0,0,3,0000000000000000,0,1,0000000000000000,8,1,0,00
85,85,0,0000000,00,3,3,3,0000000000000000,0,0,3,0000000000000000,0,1,0000000000000000,8,1,0,00
86,86,0,0000000,00,3,3,3,0000000000000000,0,0,3,0000000000000000,0,1,0000000000000000,8,1,0,00
87,87,0,0000000,00,3,3,3,0000000000000000,0,0,3,0000000000000000,0,1,0000000000000000,8,1,0,00
88,88,0,0000000,00,3,3,3,0000000000000000,0,0,3,0000000000000000,0,1,0000000000000000,8,1,0,00
89,89,0,0000000,00,3,3,3,0000000000000000,0,0,3,0000000000000000,0,1,0000000000000000,8,1,0,00
90,90,0,0000000,00,3,3,3,0000000000000000,0,0,3,0000000000000000,0,1,0000000000000000,8,1,0,00
91,91,0,0000000,00,3,3,3,0000000000000000,0,0,3,0000000000000000,0,1,0000000000000000,8,1,0,00
92,92,0,0000000,00,3,3,3,0000000000000000,0,0,3,0000000000000000,0,1,0000000000000000,8,1,0,00
93,93,0,0000000,00,3,3,3,0000000000000000,0,0,3,0000000000000000,0,1,0000000000000000,8,1,0,00
94,94,0,0000000,00,3,3,3,0000000000000000,0,0,3,0000000000000000,0,1,0000000000000000,8,1,0,00
95,95,0,0000000,00,3,3,3,0000000000000000,0,0,3,0000000000000000,0,1,0000000000000000,8,1,0,00
96,96,0,0000000,00,3,3,3,0000000000000000,0,0,3,0000000000000000,0,1,0000000000000000,8,1,0,00
97,97,0,0000000,00,3,3,3,0000000000000000,0,0,3,0000000000000000,0,1,0000000000000000,8,1,0,00
98,98,0,0000000,00,3,3,3,0000000000000000,0,0,3,0000000000000000,0,1,0000000000000000,8,1,0,00
99,99,0,0000000,00,3,3,3,0000000000000000,0,0,3,0000000000000000,0,1,0000000000000000,8,1,0,00
100,100,0,0000000,00,3,3,3,0000000000000000,0,0,3,0000000000000000,0,1,0000000000000000,8,1,0,00
101,101,0,0000000,00,3,3,3,0000000000000000,0,0,3,0000000000000000,0,1,0000000000000000,8,1,0,00
102,102,0,0000000,00,3,3,3,0000000000000000,0,0,3,0000000000000000,0,1,0000000000000000,8,1,0,00
103,103,0,0000000,00,3,3,3,0000000000000000,0,0,3,0000000000000000,0,1,0000000000000000,8,1,0,00
104,104,0,0000000,00,3,3,3,0000000000000000,0,0,3,0000000000000000,0,1,0000000000000000,8,1,0,00
105,105,0,0000000,00,3,3,3,0000000000000000,0,0,3,0000000000000000,0,1,0000000000000000,8,1,0,00
106,106,0,0000000,00,3,3,3,0000000000000000,0,0,3,0000000000000000,0,1,0000000000000000,8,1,0,00
107,107,0,0000000,00,3,3,3,0000000000000000,0,0,3,0000000000000000,0,1,0000000000000000,8,1,0,00
108,108,0,0000000,00,3,3,3,0000000000000000,0,0,3,0000000000000000,0,1,0000000000000000,8,1,0,00
109,109,0,0000000,00,3,3,3,0000000000000000,0,0,3,0000000000000000,0,1,0000000000000000,8,1,0,00
110,110,0,0000000,00,3,3,3,0000000000000000,0,0,3,0000000000000000,0,1,0000000000000000,8,1,0,00
111,111,0,0000000,00,3,3,3,0000000000000000,0,0,3,0000000000000000,0,1,0000000000000000,8,1,0,00
112,112,0,0000000,00,3,3,3,0000000000000000,0,0,3,0000000000000000,0,1,0000000000000000,8,1,0,00
113,113,0,0000000,00,3,3,3,0000000000000000,0,0,3,0000000000000000,0,1,0000000000000000,8,1,0,00
114,114,0,0000000,00,3,3,3,0000000000000000,0,0,3,0000000000000000,0,1,0000000000000000,8,1,0,00
115,115,0,0000000,00,3,3,3,0000000000000000,0,0,3,0000000000000000,0,1,0000000000000000,8,1,0,00
116,116,0,0000000,00,3,3,3,0000000000000000,0,0,3,0000000000000000,0,1,0000000000000000,8,1,0,00
117,117,0,0000000,00,3,3,3,0000000000000000,0,0,3,0000000000000000,0,1,0000000000000000,8,1,0,00
118,118,0,0000000,00,3,3,3,0000000000000000,0,0,3,0000000000000000,0,1,0000000000000000,8,1,0,00
119,119,0,0000000,00,3,3,3,0000000000000000,0,0,3,0000000000000000,0,1,0000000000000000,8,1,0,00
120,120,0,0000000,00,3,3,3,0000000000000000,0,0,3,0000000000000000,0,1,0000000000000000,8,1,0,00
121,121,0,0000000,00,3,3,3,0000000000000000,0,0,3,0000000000000000,0,1,0000000000000000,8,1,0,00
122,122,0,0000000,00,3,3,3,0000000000000000,0,0,3,0000000000000000,0,1,0000000000000000,8,1,0,00
123,123,0,0000000,00,3,3,3,0000000000000000,0,0,3,0000000000000000,0,1,0000000000000000,8,1,0,00
124,124,0,0000000,00,3,3,3,0000000000000000,0,0,3,0000000000000000,0,1,0000000000000000,8,1,0,00
125,125,0,0000000,00,3,3,3,0000000000000000,0,0,3,0000000000000000,0,1,0000000000000000,8,1,0,00
126,126,0,0000000,00,3,3,3,0000000000000000,0,0,3,0000000000000000,0,1,0000000000000000,8,1,0,00
127,127,0,0000000,00,3,3,3,0000000000000000,0,0,3,0000000000000000,0,1,0000000000000000,8,1,0,00
128,128,0,0000000,00,3,3,3,0000000000000000,0,0,3,0000000000000000,0,1,0000000000000000,8,1,0,00
129,129,0,0000000,00,3,3,3,0000000000000000,0,0,3,0000000000000000,0,1,0000000000000000,8,1,0,00
130,130,0,0000000,00,3,3,3,0000000000000000,0,0,3,0000000000000000,0,1,0000000000000000,8,1,0,00
131,131,0,0000000,00,3,3,3,0000000000000000,0,0,3,0000000000000000,0,1,0000000000000000,8,1,0,00
132,132,0,0000000,00,3,3,3,0000000000000000,0,0,3,0000000000000000,0,1,0000000000000000,8,1,0,00
133,133,0,0000000,00,3,3,3,0000000000000000,0,0,3,0000000000000000,0,1,0000000000000000,8,1,0,00
134,134,0,0000000,00,3,3,3,0000000000000000,0,0,3,0000000000000000,0,1,0000000000000000,8,1,0,00
135,135,0,0000000,00,3,3,3,0000000000000000,0,0,3,0000000000000000,0,1,0000000000000000,8,1,0,00
136,136,0,0000000,00,3,3,3,0000000000000000,0,0,3,0000000000000000,0,1,0000000000000000,8,1,0,00
137,137,0,0000000,00,3,3,3,0000000000000000,0,0,3,0000000000000000,0,1,0000000000000000,8,1,0,00
138,138,0,0000000,00,3,3,3,0000000000000000,0,0,3,0000000000000000,0,1,0000000000000000,8,1,0,00
139,139,0,0000000,00,3,3,3,0000000000000000,0,0,3,0000000000000000,0,1,0000000000000000,8,1,0,00
140,140,0,0000000,00,3,3,3,0000000000000000,0,0,3,0000000000000000,0,1,0000000000000000,8,1,0,00
141,141,0,0000000,00,3,3,3,0000000000000000,0,0,3,0000000000000000,0,1,0000000000000000,8,1,0,00
142,142,0,0000000,00,3,3,3,0000000000000000,0,0,3,0000000000000000,0,1,0000000000000000,8,1,0,00
143,143,0,0000000,00,3,3,3,0000000000000000,0,0,3,0000000000000000,0,1,0000000000000000,8,1,0,00
144,144,0,0000000,00,3,3,3,0000000000000000,0,0,3,0000000000000000,0,1,0000000000000000,8,1,0,00
145,145,0,0000000,00,3,3,3,0000000000000000,0,0,3,0000000000000000,0,1,0000000000000000,8,1,0,00
146,146,0,0000000,00,3,3,3,0000000000000000,0,0,3,0000000000000000,0,1,0000000000000000,8,1,0,00
147,147,0,0000000,00,3,3,3,0000000000000000,0,0,3,0000000000000000,0,1,0000000000000000,8,1,0,00
148,148,0,0000000,00,3,3,3,0000000000000000,0,0,3,0000000000000000,0,1,0000000000000000,8,1,0,00
149,149,0,0000000,00,3,3,3,0000000000000000,0,0,3,0000000000000000,0,1,0000000000000000,8,1,0,00
150,150,0,0000000,00,3,3,3,0000000000000000,0,0,3,0000000000000000,0,1,0000000000000000,8,1,0,00
151,151,0,0000000,00,3,3,3,0000000000000000,0,0,3,0000000000000000,0,1,0000000000000000,8,1,0,00
152,152,0,0000000,00,3,3,3,0000000000000000,0,0,3,0000000000000000,0,1,0000000000000000,8,1,0,00
153,153,0,0000000,00,3,3,3,0000000000000000,0,0,3,0000000000000000,0,1,0000000000000000,8,1,0,00
154,154,0,0000000,00,3,3,3,0000000000000000,0,0,3,0000000000000000,0,1,0000000000000000,8,1,0,00
155,155,0,0000000,00,3,3,3,0000000000000000,0,0,3,0000000000000000,0,1,0000000000000000,8,1,0,00
156,156,0,0000000,00,3,3,3,0000000000000000,0,0,3,0000000000000000,0,1,0000000000000000,8,1,0,00
157,157,0,0000000,00,3,3,3,0000000000000000,0,0,3,0000000000000000,0,1,0000000000000000,8,1,0,00
158,158,0,0000000,00,3,3,3,0000000000000000,0,0,3,0000000000000000,0,1,0000000000000000,8,1,0,00
159,159,0,0000000,00,3,3,3,0000000000000000,0,0,3,0000000000000000,0,1,0000000000000000,8,1,0,00
160,160,0,0000000,00,3,3,3,0000000000000000,0,0,3,0000000000000000,0,1,0000000000000000,8,1,0,00
161,161,0,0000000,00,3,3,3,0000000000000000,0,0,3,0000000000000000,0,1,0000000000000000,8,1,0,00
162,162,0,0000000,00,3,3,3,0000000000000000,0,0,3,0000000000000000,0,1,0000000000000000,8,1,0,00
163,163,0,0000000,00,3,3,3,0000000000000000,0,0,3,0000000000000000,0,1,0000000000000000,8,1,0,00
164,164,0,0000000,00,3,3,3,0000000000000000,0,0,3,0000000000000000,0,1,0000000000000000,8,1,0,00
165,165,0,0000000,00,3,3,3,0000000000000000,0,0,3,0000000000000000,0,1,0000000000000000,8,1,0,00
166,166,0,0000000,00,3,3,3,0000000000000000,0,0,3,0000000000000000,0,1,0000000000000000,8,1,0,00
167,167,0,0000000,00,3,3,3,0000000000000000,0,0,3,0000000000000000,0,1,0000000000000000,8,1,0,00
168,168,0,0000000,00,3,3,3,0000000000000000,0,0,3,0000000000000000,0,1,0000000000000000,8,1,0,00
169,169,0,0000000,00,3,3,3,0000000000000000,0,0,3,0000000000000000,0,1,0000000000000000,8,1,0,00
170,170,0,0000000,00,3,3,3,0000000000000000,0,0,3,0000000000000000,0,1,0000000000000000,8,1,0,00
171,171,0,0000000,00,3,3,3,0000000000000000,0,0,3,0000000000000000,0,1,0000000000000000,8,1,0,00
172,172,0,0000000,00,3,3,3,0000000000000000,0,0,3,0000000000000000,0,1,0000000000000000,8,1,0,00
173,173,0,0000000,00,3,3,3,0000000000000000,0,0,3,0000000000000000,0,1,0000000000000000,8,1,0,00
174,174,0,0000000,00,3,3,3,0000000000000000,0,0,3,0000000000000000,0,1,0000000000000000,8,1,0,00
175,175,0,0000000,00,3,3,3,0000000000000000,0,0,3,0000000000000000,0,1,0000000000000000,8,1,0,00
176,176,0,0000000,00,3,3,3,0000000000000000,0,0,3,0000000000000000,0,1,0000000000000000,8,1,0,00
177,177,0,0000000,00,3,3,3,0000000000000000,0,0,3,0000000000000000,0,1,0000000000000000,8,1,0,00
178,178,0,0000000,00,3,3,3,0000000000000000,0,0,3,0000000000000000,0,1,0000000000000000,8,1,0,00
179,179,0,0000000,00,3,3,3,0000000000000000,0,0,3,0000000000000000,0,1,0000000000000000,8,1,0,00
180,180,0,0000000,00,3,3,3,0000000000000000,0,0,3,0000000000000000,0,1,0000000000000000,8,1,0,00
181,181,0,0000000,00,3,3,3,0000000000000000,0,0,3,0000000000000000,0,1,0000000000000000,8,1,0,00
182,182,0,0000000,00,3,3,3,0000000000000000,0,0,3,0000000000000000,0,1,0000000000000000,8,1,0,00
183,183,0,0000000,00,3,3,3,0000000000000000,0,0,3,0000000000000000,0,1,0000000000000000,8,1,0,00
184,184,0,0000000,00,3,3,3,0000000000000000,0,0,3,0000000000000000,0,1,0000000000000000,8,1,0,00
185,185,0,0000000,00,3,3,3,0000000000000000,0,0,3,0000000000000000,0,1,0000000000000000,8,1,0,00
186,186,0,0000000,00,3,3,3,0000000000000000,0,0,3,0000000000000000,0,1,0000000000000000,8,1,0,00
187,187,0,0000000,00,3,3,3,0000000000000000,0,0,3,0000000000000000,0,1,0000000000000000,8,1,0,00
188,188,0,0000000,00,3,3,3,0000000000000000,0,0,3,0000000000000000,0,1,0000000000000000,8,1,0,00
189,189,0,0000000,00,3,3,3,0000000000000000,0,0,3,0000000000000000,0,1,0000000000000000,8,1,0,00
190,190,0,0000000,00,3,3,3,0000000000000000,0,0,3,0000000000000000,0,1,0000000000000000,8,1,0,00
191,191,0,0000000,00,3,3,3,0000000000000000,0,0,3,0000000000000000,0,1,0000000000000000,8,1,0,00
192,192,0,0000000,00,3,3,3,0000000000000000,0,0,3,0000000000000000,0,1,0000000000000000,8,1,0,00
193,193,0,0000000,00,3,3,3,0000000000000000,0,0,3,0000000000000000,0,1,0000000000000000,8,1,0,00
194,194,0,0000000,00,3,3,3,0000000000000000,0,0,3,0000000000000000,0,1,0000000000000000,8,1,0,00
195,195,0,0000000,00,3,3,3,0000000000000000,0,0,3,0000000000000000,0,1,0000000000000000,8,1,0,00
196,196,0,0000000,00,3,3,3,0000000000000000,0,0,3,0000000000000000,0,1,0000000000000000,8,1,0,00
197,197,0,0000000,00,3,3,3,0000000000000000,0,0,3,0000000000000000,0,1,0000000000000000,8,1,0,00
198,198,0,0000000,00,3,3,3,0000000000000000,0,0,3,0000000000000000,0,1,0000000000000000,8,1,0,00
199,199,0,0000000,00,3,3,3,0000000000000000,0,0,3,0000000000000000,0,1,0000000000000000,8,1,0,00
200,200,0,0000000,00,3,3,3,0000000000000000,0,0,3,0000000000000000,0,1,0000000000000000,8,1,0,00
201,201,0,0000000,00,3,3,3,0000000000000000,0,0,3,0000000000000000,0,1,0000000000000000,8,1,0,00
202,202,0,0000000,00,3,3,3,0000000000000000,0,0,3,0000000000000000,0,1,0000000000000000,8,1,0,00
203,203,0,0000000,00,3,3,3,0000000000000000,0,0,3,0000000000000000,0,1,0000000000000000,8,1,0,00
204,204,0,0000000,00,3,3,3,0000000000000000,0,0,3,0000000000000000,0,1,0000000000000000,8,1,0,00
205,205,0,0000000,00,3,3,3,0000000000000000,0,0,3,0000000000000000,0,1,0000000000000000,8,1,0,00
206,206,0,0000000,00,3,3,3,0000000000000000,0,0,3,0000000000000000,0,1,0000000000000000,8,1,0,00
207,207,0,0000000,00,3,3,3,0000000000000000,0,0,3,0000000000000000,0,1,0000000000000000,8,1,0,00
208,208,0,0000000,00,3,3,3,0000000000000000,0,0,3,0000000000000000,0,1,0000000000000000,8,1,0,00
209,209,0,0000000,00,3,3,3,0000000000000000,0,0,3,0000000000000000,0,1,0000000000000000,8,1,0,00
210,210,0,0000000,00,3,3,3,0000000000000000,0,0,3,0000000000000000,0,1,0000000000000000,8,1,0,00
211,211,0,0000000,00,3,3,3,0000000000000000,0,0,3,0000000000000000,0,1,0000000000000000,8,1,0,00
212,212,0,0000000,00,3,3,3,0000000000000000,0,0,3,0000000000000000,0,1,0000000000000000,8,1,0,00
213,213,0,0000000,00,3,3,3,0000000000000000,0,0,3,0000000000000000,0,1,0000000000000000,8,1,0,00
214,214,0,0000000,00,3,3,3,0000000000000000,0,0,3,0000000000000000,0,1,0000000000000000,8,1,0,00
215,215,0,0000000,00,3,3,3,0000000000000000,0,0,3,0000000000000000,0,1,0000000000000000,8,1,0,00
216,216,0,0000000,00,3,3,3,0000000000000000,0,0,3,0000000000000000,0,1,0000000000000000,8,1,0,00
217,217,0,0000000,00,3,3,3,0000000000000000,0,0,3,0000000000000000,0,1,0000000000000000,8,1,0,00
218,218,0,0000000,00,3,3,3,0000000000000000,0,0,3,0000000000000000,0,1,0000000000000000,8,1,0,00
219,219,0,0000000,00,3,3,3,0000000000000000,0,0,3,0000000000000000,0,1,0000000000000000,8,1,0,00
220,220,0,0000000,00,3,3,3,0000000000000000,0,0,3,0000000000000000,0,1,0000000000000000,8,1,0,00
221,221,0,0000000,00,3,3,3,0000000000000000,0,0,3,0000000000000000,0,1,0000000000000000,8,1,0,00
222,222,0,0000000,00,3,3,3,0000000000000000,0,0,3,0000000000000000,0,1,0000000000000000,8,1,0,00
223,223,0,0000000,00,3,3,3,0000000000000000,0,0,3,0000000000000000,0,1,0000000000000000,8,1,0,00
224,224,0,0000000,00,3,3,3,0000000000000000,0,0,3,0000000000000000,0,1,0000000000000000,8,1,0,00
225,225,0,0000000,00,3,3,3,0000000000000000,0,0,3,0000000000000000,0,1,0000000000000000,8,1,0,00
226,226,0,0000000,00,3,3,3,0000000000000000,0,0,3,0000000000000000,0,1,0000000000000000,8,1,0,00
227,227,0,0000000,00,3,3,3,0000000000000000,0,0,3,0000000000000000,0,1,0000000000000000,8,1,0,00
228,228,0,0000000,00,3,3,3,0000000000000000,0,0,3,0000000000000000,0,1,0000000000000000,8,1,0,00
229,229,0,0000000,00,3,3,3,0000000000000000,0,0,3,0000000000000000,0,1,0000000000000000,8,1,0,00
230,230,0,0000000,00,3,3,3,0000000000000000,0,0,3,0000000000000000,0,1,0000000000000000,8,1,0,00
231,231,0,0000000,00,3,3,3,0000000000000000,0,0,3,0000000000000000,0,1,0000000000000000,8,1,0,00
232,232,0,0000000,00,3,3,3,0000000000000000,0,0,3,0000000000000000,0,1,0000000000000000,8,1,0,00
233,233,0,0000000,00,3,3,3,0000000000000000,0,0,3,0000000000000000,0,1,0000000000000000,8,1,0,00
234,234,0,0000000,00,3,3,3,0000000000000000,0,0,3,0000000000000000,0,1,0000000000000000,8,1,0,00
235,235,0,0000000,00,3,3,3,0000000000000000,0,0,3,0000000000000000,0,1,0000000000000000,8,1,0,00
236,236,0,0000000,00,3,3,3,0000000000000000,0,0,3,0000000000000000,0,1,0000000000000000,8,1,0,00
237,237,0,0000000,00,3,3,3,0000000000000000,0,0,3,0000000000000000,0,1,0000000000000000,8,1,0,00
238,238,0,0000000,00,3,3,3,0000000000000000,0,0,3,0000000000000000,0,1,0000000000000000,8,1,0,00
239,239,0,0000000,00,3,3,3,0000000000000000,0,0,3,0000000000000000,0,1,0000000000000000,8,1,0,00
240,240,0,0000000,00,3,3,3,0000000000000000,0,0,3,0000000000000000,0,1,0000000000000000,8,1,0,00
241,241,0,0000000,00,3,3,3,0000000000000000,0,0,3,0000000000000000,0,1,0000000000000000,8,1,0,00
242,242,0,0000000,00,3,3,3,0000000000000000,0,0,3,0000000000000000,0,1,0000000000000000,8,1,0,00
243,243,0,0000000,00,3,3,3,0000000000000000,0,0,3,0000000000000000,0,1,0000000000000000,8,1,0,00
244,244,0,0000000,00,3,3,3,0000000000000000,0,0,3,0000000000000000,0,1,0000000000000000,8,1,0,00
245,245,0,0000000,00,3,3,3,0000000000000000,0,0,3,0000000000000000,0,1,0000000000000000,8,1,0,00
246,246,0,0000000,00,3,3,3,0000000000000000,0,0,3,0000000000000000,0,1,0000000000000000,8,1,0,00
247,247,0,0000000,00,3,3,3,0000000000000000,0,0,3,0000000000000000,0,1,0000000000000000,8,1,0,00
248,248,0,0000000,00,3,3,3,0000000000000000,0,0,3,0000000000000000,0,1,0000000000000000,8,1,0,00
249,249,0,0000000,00,3,3,3,0000000000000000,0,0,3,0000000000000000,0,1,0000000000000000,8,1,0,00
250,250,0,0000000,00,3,3,3,0000000000000000,0,0,3,0000000000000000,0,1,0000000000000000,8,1,0,00
251,251,0,0000000,00,3,3,3,0000000000000000,0,0,3,0000000000000000,0,1,0000000000000000,8,1,0,00
252,252,0,0000000,00,3,3,3,0000000000000000,0,0,3,0000000000000000,0,1,0000000000000000,8,1,0,00
253,253,0,0000000,00,3,3,3,0000000000000000,0,0,3,0000000000000000,0,1,0000000000000000,8,1,0,00
254,254,0,0000000,00,3,3,3,0000000000000000,0,0,3,0000000000000000,0,1,0000000000000000,8,1,0,00
255,255,0,0000000,00,3,3,3,0000000000000000,0,0,3,0000000000000000,0,1,0000000000000000,8,1,0,00
256,256,0,0000000,00,3,3,3,0000000000000000,0,0,3,0000000000000000,0,1,0000000000000000,8,1,0,00
257,257,0,0000000,00,3,3,3,0000000000000000,0,0,3,0000000000000000,0,1,0000000000000000,8,1,0,00
258,258,0,0000000,00,3,3,3,0000000000000000,0,0,3,0000000000000000,0,1,0000000000000000,8,1,0,00
259,259,0,0000000,00,3,3,3,0000000000000000,0,0,3,0000000000000000,0,1,0000000000000000,8,1,0,00
260,260,0,0000000,00,3,3,3,0000000000000000,0,0,3,0000000000000000,0,1,0000000000000000,8,1,0,00
261,261,0,0000000,00,3,3,3,0000000000000000,0,0,3,0000000000000000,0,1,0000000000000000,8,1,0,00
262,262,0,0000000,00,3,3,3,0000000000000000,0,0,3,0000000000000000,0,1,0000000000000000,8,1,0,00
263,263,0,0000000,00,3,3,3,0000000000000000,0,0,3,0000000000000000,0,1,0000000000000000,8,1,0,00
264,264,0,0000000,00,3,3,3,0000000000000000,0,0,3,0000000000000000,0,1,0000000000000000,8,1,0,00
265,265,0,0000000,00,3,3,3,0000000000000000,0,0,3,0000000000000000,0,1,0000000000000000,8,1,0,00
266,266,0,0000000,00,3,3,3,0000000000000000,0,0,3,0000000000000000,0,1,0000000000000000,8,1,0,00
267,267,0,0000000,00,3,3,3,0000000000000000,0,0,3,0000000000000000,0,1,0000000000000000,8,1,0,00
268,268,0,0000000,00,3,3,3,0000000000000000,0,0,3,0000000000000000,0,1,0000000000000000,8,1,0,00
269,269,0,0000000,00,3,3,3,0000000000000000,0,0,3,0000000000000000,0,1,0000000000000000,8,1,0,00
270,270,0,0000000,00,3,3,3,0000000000000000,0,0,3,0000000000000000,0,1,0000000000000000,8,1,0,00
271,271,0,0000000,00,3,3,3,0000000000000000,0,0,3,0000000000000000,0,1,0000000000000000,8,1,0,00
272,272,0,0000000,00,3,3,3,0000000000000000,0,0,3,0000000000000000,0,1,0000000000000000,8,1,0,00
273,273,0,0000000,00,3,3,3,0000000000000000,0,0,3,0000000000000000,0,1,0000000000000000,8,1,0,00
274,274,0,0000000,00,3,3,3,0000000000000000,0,0,3,0000000000000000,0,1,0000000000000000,8,1,0,00
275,275,0,0000000,00,3,3,3,0000000000000000,0,0,3,0000000000000000,0,1,0000000000000000,8,1,0,00
276,276,0,0000000,00,3,3,3,0000000000000000,0,0,3,0000000000000000,0,1,0000000000000000,8,1,0,00
277,277,0,0000000,00,3,3,3,0000000000000000,0,0,3,0000000000000000,0,1,0000000000000000,8,1,0,00
278,278,0,0000000,00,3,3,3,0000000000000000,0,0,3,0000000000000000,0,1,0000000000000000,8,1,0,00
279,279,0,0000000,00,3,3,3,0000000000000000,0,0,3,0000000000000000,0,1,0000000000000000,8,1,0,00
280,280,0,0000000,00,3,3,3,0000000000000000,0,0,3,0000000000000000,0,1,0000000000000000,8,1,0,00
281,281,0,0000000,00,3,3,3,0000000000000000,0,0,3,0000000000000000,0,1,0000000000000000,8,1,0,00
282,282,0,0000000,00,3,3,3,0000000000000000,0,0,3,0000000000000000,0,1,0000000000000000,8,1,0,00
283,283,0,0000000,00,3,3,3,0000000000000000,0,0,3,0000000000000000,0,1,0000000000000000,8,1,0,00
284,284,0,0000000,00,3,3,3,0000000000000000,0,0,3,0000000000000000,0,1,0000000000000000,8,1,0,00
285,285,0,0000000,00,3,3,3,0000000000000000,0,0,3,0000000000000000,0,1,0000000000000000,8,1,0,00
286,286,0,0000000,00,3,3,3,0000000000000000,0,0,3,0000000000000000,0,1,0000000000000000,8,1,0,00
287,287,0,0000000,00,3,3,3,0000000000000000,0,0,3,0000000000000000,0,1,0000000000000000,8,1,0,00
288,288,0,0000000,00,3,3,3,0000000000000000,0,0,3,0000000000000000,0,1,0000000000000000,8,1,0,00
289,289,0,0000000,00,3,3,3,0000000000000000,0,0,3,0000000000000000,0,1,0000000000000000,8,1,0,00
290,290,0,0000000,00,3,3,3,0000000000000000,0,0,3,0000000000000000,0,1,0000000000000000,8,1,0,00
291,291,0,0000000,00,3,3,3,0000000000000000,0,0,3,0000000000000000,0,1,0000000000000000,8,1,0,00
292,292,0,0000000,00,3,3,3,0000000000000000,0,0,3,0000000000000000,0,1,0000000000000000,8,1,0,00
293,293,0,0000000,00,3,3,3,0000000000000000,0,0,3,0000000000000000,0,1,0000000000000000,8,1,0,00
294,294,0,0000000,00,3,3,3,0000000000000000,0,0,3,0000000000000000,0,1,0000000000000000,8,1,0,00
295,295,0,0000000,00,3,3,3,0000000000000000,0,0,3,0000000000000000,0,1,0000000000000000,8,1,0,00
296,296,0,0000000,00,3,3,3,0000000000000000,0,0,3,0000000000000000,0,1,0000000000000000,8,1,0,00
297,297,0,0000000,00,3,3,3,0000000000000000,0,0,3,0000000000000000,0,1,0000000000000000,8,1,0,00
298,298,0,0000000,00,3,3,3,0000000000000000,0,0,3,0000000000000000,0,1,0000000000000000,8,1,0,00
299,299,0,0000000,00,3,3,3,0000000000000000,0,0,3,0000000000000000,0,1,0000000000000000,8,1,0,00
300,300,0,0000000,00,3,3,3,0000000000000000,0,0,3,0000000000000000,0,1,0000000000000000,8,1,0,00
301,301,0,0000000,00,3,3,3,0000000000000000,0,0,3,0000000000000000,0,1,0000000000000000,8,1,0,00
302,302,0,0000000,00,3,3,3,0000000000000000,0,0,3,0000000000000000,0,1,0000000000000000,8,1,0,00
303,303,0,0000000,00,3,3,3,0000000000000000,0,0,3,0000000000000000,0,1,0000000000000000,8,1,0,00
304,304,0,0000000,00,3,3,3,0000000000000000,0,0,3,0000000000000000,0,1,0000000000000000,8,1,0,00
305,305,0,0000000,00,3,3,3,0000000000000000,0,0,3,0000000000000000,0,1,0000000000000000,8,1,0,00
306,306,0,0000000,00,3,3,3,0000000000000000,0,0,3,0000000000000000,0,1,0000000000000000,8,1,0,00
307,307,0,0000000,00,3,3,3,0000000000000000,0,0,3,0000000000000000,0,1,0000000000000000,8,1,0,00
308,308,0,0000000,00,3,3,3,0000000000000000,0,0,3,0000000000000000,0,1,0000000000000000,8,1,0,00
309,309,0,0000000,00,3,3,3,0000000000000000,0,0,3,0000000000000000,0,1,0000000000000000,8,1,0,00
310,310,0,0000000,00,3,3,3,0000000000000000,0,0,3,0000000000000000,0,1,0000000000000000,8,1,0,00
311,311,0,0000000,00,3,3,3,0000000000000000,0,0,3,0000000000000000,0,1,0000000000000000,8,1,0,00
312,312,0,0000000,00,3,3,3,0000000000000000,0,0,3,0000000000000000,0,1,0000000000000000,8,1,0,00
313,313,0,0000000,00,3,3,3,0000000000000000,0,0,3,0000000000000000,0,1,0000000000000000,8,1,0,00
314,314,0,0000000,00,3,3,3,0000000000000000,0,0,3,0000000000000000,0,1,0000000000000000,8,1,0,00
315,315,0,0000000,00,3,3,3,0000000000000000,0,0,3,0000000000000000,0,1,0000000000000000,8,1,0,00
316,316,0,0000000,00,3,3,3,0000000000000000,0,0,3,0000000000000000,0,1,0000000000000000,8,1,0,00
317,317,0,0000000,00,3,3,3,0000000000000000,0,0,3,0000000000000000,0,1,0000000000000000,8,1,0,00
318,318,0,0000000,00,3,3,3,0000000000000000,0,0,3,0000000000000000,0,1,0000000000000000,8,1,0,00
319,319,0,0000000,00,3,3,3,0000000000000000,0,0,3,0000000000000000,0,1,0000000000000000,8,1,0,00
320,320,0,0000000,00,3,3,3,0000000000000000,0,0,3,0000000000000000,0,1,0000000000000000,8,1,0,00
321,321,0,0000000,00,3,3,3,0000000000000000,0,0,3,0000000000000000,0,1,0000000000000000,8,1,0,00
322,322,0,0000000,00,3,3,3,0000000000000000,0,0,3,0000000000000000,0,1,0000000000000000,8,1,0,00
323,323,0,0000000,00,3,3,3,0000000000000000,0,0,3,0000000000000000,0,1,0000000000000000,8,1,0,00
324,324,0,0000000,00,3,3,3,0000000000000000,0,0,3,0000000000000000,0,1,0000000000000000,8,1,0,00
325,325,0,0000000,00,3,3,3,0000000000000000,0,0,3,0000000000000000,0,1,0000000000000000,8,1,0,00
326,326,0,0000000,00,3,3,3,0000000000000000,0,0,3,0000000000000000,0,1,0000000000000000,8,1,0,00
327,327,0,0000000,00,3,3,3,0000000000000000,0,0,3,0000000000000000,0,1,0000000000000000,8,1,0,00
328,328,0,0000000,00,3,3,3,0000000000000000,0,0,3,0000000000000000,0,1,0000000000000000,8,1,0,00
329,329,0,0000000,00,3,3,3,0000000000000000,0,0,3,0000000000000000,0,1,0000000000000000,8,1,0,00
330,330,0,0000000,00,3,3,3,0000000000000000,0,0,3,0000000000000000,0,1,0000000000000000,8,1,0,00
331,331,0,0000000,00,3,3,3,0000000000000000,0,0,3,0000000000000000,0,1,0000000000000000,8,1,0,00
332,332,0,0000000,00,3,3,3,0000000000000000,0,0,3,0000000000000000,0,1,0000000000000000,8,1,0,00
333,333,0,0000000,00,3,3,3,0000000000000000,0,0,3,0000000000000000,0,1,0000000000000000,8,1,0,00
334,334,0,0000000,00,3,3,3,0000000000000000,0,0,3,0000000000000000,0,1,0000000000000000,8,1,0,00
335,335,0,0000000,00,3,3,3,0000000000000000,0,0,3,0000000000000000,0,1,0000000000000000,8,1,0,00
336,336,0,0000000,00,3,3,3,0000000000000000,0,0,3,0000000000000000,0,1,0000000000000000,8,1,0,00
337,337,0,0000000,00,3,3,3,0000000000000000,0,0,3,0000000000000000,0,1,0000000000000000,8,1,0,00
338,338,0,0000000,00,3,3,3,0000000000000000,0,0,3,0000000000000000,0,1,0000000000000000,8,1,0,00
339,339,0,0000000,00,3,3,3,0000000000000000,0,0,3,0000000000000000,0,1,0000000000000000,8,1,0,00
340,340,0,0000000,00,3,3,3,0000000000000000,0,0,3,0000000000000000,0,1,0000000000000000,8,1,0,00
341,341,0,0000000,00,3,3,3,0000000000000000,0,0,3,0000000000000000,0,1,0000000000000000,8,1,0,00
342,342,0,0000000,00,3,3,3,0000000000000000,0,0,3,0000000000000000,0,1,0000000000000000,8,1,0,00
343,343,0,0000000,00,3,3,3,0000000000000000,0,0,3,0000000000000000,0,1,0000000000000000,8,1,0,00
344,344,0,0000000,00,3,3,3,0000000000000000,0,0,3,0000000000000000,0,1,0000000000000000,8,1,0,00
345,345,0,0000000,00,3,3,3,0000000000000000,0,0,3,0000000000000000,0,1,0000000000000000,8,1,0,00
346,346,0,0000000,00,3,3,3,0000000000000000,0,0,3,0000000000000000,0,1,0000000000000000,8,1,0,00
347,347,0,0000000,00,3,3,3,0000000000000000,0,0,3,0000000000000000,0,1,0000000000000000,8,1,0,00
348,348,0,0000000,00,3,3,3,0000000000000000,0,0,3,0000000000000000,0,1,0000000000000000,8,1,0,00
349,349,0,0000000,00,3,3,3,0000000000000000,0,0,3,0000000000000000,0,1,0000000000000000,8,1,0,00
350,350,0,0000000,00,3,3,3,0000000000000000,0,0,3,0000000000000000,0,1,0000000000000000,8,1,0,00
351,351,0,0000000,00,3,3,3,0000000000000000,0,0,3,0000000000000000,0,1,0000000000000000,8,1,0,00
352,352,0,0000000,00,3,3,3,0000000000000000,0,0,3,0000000000000000,0,1,0000000000000000,8,1,0,00
353,353,0,0000000,00,3,3,3,0000000000000000,0,0,3,0000000000000000,0,1,0000000000000000,8,1,0,00
354,354,0,0000000,00,3,3,3,0000000000000000,0,0,3,0000000000000000,0,1,0000000000000000,8,1,0,00
355,355,0,0000000,00,3,3,3,0000000000000000,0,0,3,0000000000000000,0,1,0000000000000000,8,1,0,00
356,356,0,0000000,00,3,3,3,0000000000000000,0,0,3,0000000000000000,0,1,0000000000000000,8,1,0,00
357,357,0,0000000,00,3,3,3,0000000000000000,0,0,3,0000000000000000,0,1,0000000000000000,8,1,0,00
358,358,0,0000000,00,3,3,3,0000000000000000,0,0,3,0000000000000000,0,1,0000000000000000,8,1,0,00
359,359,0,0000000,00,3,3,3,0000000000000000,0,0,3,0000000000000000,0,1,0000000000000000,8,1,0,00
360,360,0,0000000,00,3,3,3,0000000000000000,0,0,3,0000000000000000,0,1,0000000000000000,8,1,0,00
361,361,0,0000000,00,3,3,3,0000000000000000,0,0,3,0000000000000000,0,1,0000000000000000,8,1,0,00
362,362,0,0000000,00,3,3,3,0000000000000000,0,0,3,0000000000000000,0,1,0000000000000000,8,1,0,00
363,363,0,0000000,00,3,3,3,0000000000000000,0,0,3,0000000000000000,0,1,0000000000000000,8,1,0,00
364,364,0,0000000,00,3,3,3,0000000000000000,0,0,3,0000000000000000,0,1,0000000000000000,8,1,0,00
365,365,0,0000000,00,3,3,3,0000000000000000,0,0,3,0000000000000000,0,1,0000000000000000,8,1,0,00
366,366,0,0000000,00,3,3,3,0000000000000000,0,0,3,0000000000000000,0,1,0000000000000000,8,1,0,00
367,367,0,0000000,00,3,3,3,0000000000000000,0,0,3,0000000000000000,0,1,0000000000000000,8,1,0,00
368,368,0,0000000,00,3,3,3,0000000000000000,0,0,3,0000000000000000,0,1,0000000000000000,8,1,0,00
369,369,0,0000000,00,3,3,3,0000000000000000,0,0,3,0000000000000000,0,1,0000000000000000,8,1,0,00
370,370,0,0000000,00,3,3,3,0000000000000000,0,0,3,0000000000000000,0,1,0000000000000000,8,1,0,00
371,371,0,0000000,00,3,3,3,0000000000000000,0,0,3,0000000000000000,0,1,0000000000000000,8,1,0,00
372,372,0,0000000,00,3,3,3,0000000000000000,0,0,3,0000000000000000,0,1,0000000000000000,8,1,0,00
373,373,0,0000000,00,3,3,3,0000000000000000,0,0,3,0000000000000000,0,1,0000000000000000,8,1,0,00
374,374,0,0000000,00,3,3,3,0000000000000000,0,0,3,0000000000000000,0,1,0000000000000000,8,1,0,00
375,375,0,0000000,00,3,3,3,0000000000000000,0,0,3,0000000000000000,0,1,0000000000000000,8,1,0,00
376,376,0,0000000,00,3,3,3,0000000000000000,0,0,3,0000000000000000,0,1,0000000000000000,8,1,0,00
377,377,0,0000000,00,3,3,3,0000000000000000,0,0,3,0000000000000000,0,1,0000000000000000,8,1,0,00
378,378,0,0000000,00,3,3,3,0000000000000000,0,0,3,0000000000000000,0,1,0000000000000000,8,1,0,00
379,379,0,0000000,00,3,3,3,0000000000000000,0,0,3,0000000000000000,0,1,0000000000000000,8,1,0,00
380,380,0,0000000,00,3,3,3,0000000000000000,0,0,3,0000000000000000,0,1,0000000000000000,8,1,0,00
381,381,0,0000000,00,3,3,3,0000000000000000,0,0,3,0000000000000000,0,1,0000000000000000,8,1,0,00
382,382,0,0000000,00,3,3,3,0000000000000000,0,0,3,0000000000000000,0,1,0000000000000000,8,1,0,00
383,383,0,0000000,00,3,3,3,0000000000000000,0,0,3,0000000000000000,0,1,0000000000000000,8,1,0,00
384,384,0,0000000,00,3,3,3,0000000000000000,0,0,3,0000000000000000,0,1,0000000000000000,8,1,0,00
385,385,0,0000000,00,3,3,3,0000000000000000,0,0,3,0000000000000000,0,1,0000000000000000,8,1,0,00
386,386,0,0000000,00,3,3,3,0000000000000000,0,0,3,0000000000000000,0,1,0000000000000000,8,1,0,00
387,387,0,0000000,00,3,3,3,0000000000000000,0,0,3,0000000000000000,0,1,0000000000000000,8,1,0,00
388,388,0,0000000,00,3,3,3,0000000000000000,0,0,3,0000000000000000,0,1,0000000000000000,8,1,0,00
389,389,0,0000000,00,3,3,3,0000000000000000,0,0,3,0000000000000000,0,1,0000000000000000,8,1,0,00
390,390,0,0000000,00,3,3,3,0000000000000000,0,0,3,0000000000000000,0,1,0000000000000000,8,1,0,00
391,391,0,0000000,00,3,3,3,0000000000000000,0,0,3,0000000000000000,0,1,0000000000000000,8,1,0,00
392,392,0,0000000,00,3,3,3,0000000000000000,0,0,3,0000000000000000,0,1,0000000000000000,8,1,0,00
393,393,0,0000000,00,3,3,3,0000000000000000,0,0,3,0000000000000000,0,1,0000000000000000,8,1,0,00
394,394,0,0000000,00,3,3,3,0000000000000000,0,0,3,0000000000000000,0,1,0000000000000000,8,1,0,00
395,395,0,0000000,00,3,3,3,0000000000000000,0,0,3,0000000000000000,0,1,0000000000000000,8,1,0,00
396,396,0,0000000,00,3,3,3,0000000000000000,0,0,3,0000000000000000,0,1,0000000000000000,8,1,0,00
397,397,0,0000000,00,3,3,3,0000000000000000,0,0,3,0000000000000000,0,1,0000000000000000,8,1,0,00
398,398,0,0000000,00,3,3,3,0000000000000000,0,0,3,0000000000000000,0,1,0000000000000000,8,1,0,00
399,399,0,0000000,00,3,3,3,0000000000000000,0,0,3,0000000000000000,0,1,0000000000000000,8,1,0,00
400,400,0,0000000,00,3,3,3,0000000000000000,0,0,3,0000000000000000,0,1,0000000000000000,8,1,0,00
401,401,0,0000000,00,3,3,3,0000000000000000,0,0,3,0000000000000000,0,1,0000000000000000,8,1,0,00
402,402,0,0000000,00,3,3,3,0000000000000000,0,0,3,0000000000000000,0,1,0000000000000000,8,1,0,00
403,403,0,0000000,00,3,3,3,0000000000000000,0,0,3,0000000000000000,0,1,0000000000000000,8,1,0,00
404,404,0,0000000,00,3,3,3,0000000000000000,0,0,3,0000000000000000,0,1,0000000000000000,8,1,0,00
405,405,0,0000000,00,3,3,3,0000000000000000,0,0,3,0000000000000000,0,1,0000000000000000,8,1,0,00
406,406,0,0000000,00,3,3,3,0000000000000000,0,0,3,0000000000000000,0,1,0000000000000000,8,1,0,00
407,407,0,0000000,00,3,3,3,0000000000000000,0,0,3,0000000000000000,0,1,0000000000000000,8,1,0,00
408,408,0,0000000,00,3,3,3,0000000000000000,0,0,3,0000000000000000,0,1,0000000000000000,8,1,0,00
409,409,0,0000000,00,3,3,3,0000000000000000,0,0,3,0000000000000000,0,1,0000000000000000,8,1,0,00
410,410,0,0000000,00,3,3,3,0000000000000000,0,0,3,0000000000000000,0,1,0000000000000000,8,1,0,00
411,411,0,0000000,00,3,3,3,0000000000000000,0,0,3,0000000000000000,0,1,0000000000000000,8,1,0,00
412,412,0,0000000,00,3,3,3,0000000000000000,0,0,3,0000000000000000,0,1,0000000000000000,8,1,0,00
413,413,0,0000000,00,3,3,3,0000000000000000,0,0,3,0000000000000000,0,1,0000000000000000,8,1,0,00
414,414,0,0000000,00,3,3,3,0000000000000000,0,0,3,0000000000000000,0,1,0000000000000000,8,1,0,00
415,415,0,0000000,00,3,3,3,0000000000000000,0,0,3,0000000000000000,0,1,0000000000000000,8,1,0,00
416,416,0,0000000,00,3,3,3,0000000000000000,0,0,3,0000000000000000,0,1,0000000000000000,8,1,0,00
417,417,0,0000000,00,3,3,3,0000000000000000,0,0,3,0000000000000000,0,1,0000000000000000,8,1,0,00
418,418,0,0000000,00,3,3,3,0000000000000000,0,0,3,0000000000000000,0,1,0000000000000000,8,1,0,00
419,419,0,0000000,00,3,3,3,0000000000000000,0,0,3,0000000000000000,0,1,0000000000000000,8,1,0,00
420,420,0,0000000,00,3,3,3,0000000000000000,0,0,3,0000000000000000,0,1,0000000000000000,8,1,0,00
421,421,0,0000000,00,3,3,3,0000000000000000,0,0,3,0000000000000000,0,1,0000000000000000,8,1,0,00
422,422,0,0000000,00,3,3,3,0000000000000000,0,0,3,0000000000000000,0,1,0000000000000000,8,1,0,00
423,423,0,0000000,00,3,3,3,0000000000000000,0,0,3,0000000000000000,0,1,0000000000000000,8,1,0,00
424,424,0,0000000,00,3,3,3,0000000000000000,0,0,3,0000000000000000,0,1,0000000000000000,8,1,0,00
425,425,0,0000000,00,3,3,3,0000000000000000,0,0,3,0000000000000000,0,1,0000000000000000,8,1,0,00
426,426,0,0000000,00,3,3,3,0000000000000000,0,0,3,0000000000000000,0,1,0000000000000000,8,1,0,00
427,427,0,0000000,00,3,3,3,0000000000000000,0,0,3,0000000000000000,0,1,0000000000000000,8,1,0,00
428,428,0,0000000,00,3,3,3,0000000000000000,0,0,3,0000000000000000,0,1,0000000000000000,8,1,0,00
429,429,0,0000000,00,3,3,3,0000000000000000,0,0,3,0000000000000000,0,1,0000000000000000,8,1,0,00
430,430,0,0000000,00,3,3,3,0000000000000000,0,0,3,0000000000000000,0,1,0000000000000000,8,1,0,00
431,431,0,0000000,00,3,3,3,0000000000000000,0,0,3,0000000000000000,0,1,0000000000000000,8,1,0,00
432,432,0,0000000,00,3,3,3,0000000000000000,0,0,3,0000000000000000,0,1,0000000000000000,8,1,0,00
433,433,0,0000000,00,3,3,3,0000000000000000,0,0,3,0000000000000000,0,1,0000000000000000,8,1,0,00
434,434,0,0000000,00,3,3,3,0000000000000000,0,0,3,0000000000000000,0,1,0000000000000000,8,1,0,00
435,435,0,0000000,00,3,3,3,0000000000000000,0,0,3,0000000000000000,0,1,0000000000000000,8,1,0,00
436,436,0,0000000,00,3,3,3,0000000000000000,0,0,3,0000000000000000,0,1,0000000000000000,8,1,0,00
437,437,0,0000000,00,3,3,3,0000000000000000,0,0,3,0000000000000000,0,1,0000000000000000,8,1,0,00
438,438,0,0000000,00,3,3,3,0000000000000000,0,0,3,0000000000000000,0,1,0000000000000000,8,1,0,00
439,439,0,0000000,00,3,3,3,0000000000000000,0,0,3,0000000000000000,0,1,0000000000000000,8,1,0,00
440,440,0,0000000,00,3,3,3,0000000000000000,0,0,3,0000000000000000,0,1,0000000000000000,8,1,0,00
441,441,0,0000000,00,3,3,3,0000000000000000,0,0,3,0000000000000000,0,1,0000000000000000,8,1,0,00
442,442,0,0000000,00,3,3,3,0000000000000000,0,0,3,0000000000000000,0,1,0000000000000000,8,1,0,00
443,443,0,0000000,00,3,3,3,0000000000000000,0,0,3,0000000000000000,0,1,0000000000000000,8,1,0,00
444,444,0,0000000,00,3,3,3,0000000000000000,0,0,3,0000000000000000,0,1,0000000000000000,8,1,0,00
445,445,0,0000000,00,3,3,3,0000000000000000,0,0,3,0000000000000000,0,1,0000000000000000,8,1,0,00
446,446,0,0000000,00,3,3,3,0000000000000000,0,0,3,0000000000000000,0,1,0000000000000000,8,1,0,00
447,447,0,0000000,00,3,3,3,0000000000000000,0,0,3,0000000000000000,0,1,0000000000000000,8,1,0,00
448,448,0,0000000,00,3,3,3,0000000000000000,0,0,3,0000000000000000,0,1,0000000000000000,8,1,0,00
449,449,0,0000000,00,3,3,3,0000000000000000,0,0,3,0000000000000000,0,1,0000000000000000,8,1,0,00
450,450,0,0000000,00,3,3,3,0000000000000000,0,0,3,0000000000000000,0,1,0000000000000000,8,1,0,00
451,451,0,0000000,00,3,3,3,0000000000000000,0,0,3,0000000000000000,0,1,0000000000000000,8,1,0,00
452,452,0,0000000,00,3,3,3,0000000000000000,0,0,3,0000000000000000,0,1,0000000000000000,8,1,0,00
453,453,0,0000000,00,3,3,3,0000000000000000,0,0,3,0000000000000000,0,1,0000000000000000,8,1,0,00
454,454,0,0000000,00,3,3,3,0000000000000000,0,0,3,0000000000000000,0,1,0000000000000000,8,1,0,00
455,455,0,0000000,00,3,3,3,0000000000000000,0,0,3,0000000000000000,0,1,0000000000000000,8,1,0,00
456,456,0,0000000,00,3,3,3,0000000000000000,0,0,3,0000000000000000,0,1,0000000000000000,8,1,0,00
457,457,0,0000000,00,3,3,3,0000000000000000,0,0,3,0000000000000000,0,1,0000000000000000,8,1,0,00
458,458,0,0000000,00,3,3,3,0000000000000000,0,0,3,0000000000000000,0,1,0000000000000000,8,1,0,00
459,459,0,0000000,00,3,3,3,0000000000000000,0,0,3,0000000000000000,0,1,0000000000000000,8,1,0,00
460,460,0,0000000,00,3,3,3,0000000000000000,0,0,3,0000000000000000,0,1,0000000000000000,8,1,0,00
461,461,0,0000000,00,3,3,3,0000000000000000,0,0,3,0000000000000000,0,1,0000000000000000,8,1,0,00
462,462,0,0000000,00,3,3,3,0000000000000000,0,0,3,0000000000000000,0,1,0000000000000000,8,1,0,00
463,463,0,0000000,00,3,3,3,0000000000000000,0,0,3,0000000000000000,0,1,0000000000000000,8,1,0,00
464,464,0,0000000,00,3,3,3,0000000000000000,0,0,3,0000000000000000,0,1,0000000000000000,8,1,0,00
465,465,0,0000000,00,3,3,3,0000000000000000,0,0,3,0000000000000000,0,1,0000000000000000,8,1,0,00
466,466,0,0000000,00,3,3,3,0000000000000000,0,0,3,0000000000000000,0,1,0000000000000000,8,1,0,00
467,467,0,0000000,00,3,3,3,0000000000000000,0,0,3,0000000000000000,0,1,0000000000000000,8,1,0,00
468,468,0,0000000,00,3,3,3,0000000000000000,0,0,3,0000000000000000,0,1,0000000000000000,8,1,0,00
469,469,0,0000000,00,3,3,3,0000000000000000,0,0,3,0000000000000000,0,1,0000000000000000,8,1,0,00
470,470,0,0000000,00,3,3,3,0000000000000000,0,0,3,0000000000000000,0,1,0000000000000000,8,1,0,00
471,471,0,0000000,00,3,3,3,0000000000000000,0,0,3,0000000000000000,0,1,0000000000000000,8,1,0,00
472,472,0,0000000,00,3,3,3,0000000000000000,0,0,3,0000000000000000,0,1,0000000000000000,8,1,0,00
473,473,0,0000000,00,3,3,3,0000000000000000,0,0,3,0000000000000000,0,1,0000000000000000,8,1,0,00
474,474,0,0000000,00,3,3,3,0000000000000000,0,0,3,0000000000000000,0,1,0000000000000000,8,1,0,00
475,475,0,0000000,00,3,3,3,0000000000000000,0,0,3,0000000000000000,0,1,0000000000000000,8,1,0,00
476,476,0,0000000,00,3,3,3,0000000000000000,0,0,3,0000000000000000,0,1,0000000000000000,8,1,0,00
477,477,0,0000000,00,3,3,3,0000000000000000,0,0,3,0000000000000000,0,1,0000000000000000,8,1,0,00
478,478,0,0000000,00,3,3,3,0000000000000000,0,0,3,0000000000000000,0,1,0000000000000000,8,1,0,00
479,479,0,0000000,00,3,3,3,0000000000000000,0,0,3,0000000000000000,0,1,0000000000000000,8,1,0,00
480,480,0,0000000,00,3,3,3,0000000000000000,0,0,3,0000000000000000,0,1,0000000000000000,8,1,0,00
481,481,0,0000000,00,3,3,3,0000000000000000,0,0,3,0000000000000000,0,1,0000000000000000,8,1,0,00
482,482,0,0000000,00,3,3,3,0000000000000000,0,0,3,0000000000000000,0,1,0000000000000000,8,1,0,00
483,483,0,0000000,00,3,3,3,0000000000000000,0,0,3,0000000000000000,0,1,0000000000000000,8,1,0,00
484,484,0,0000000,00,3,3,3,0000000000000000,0,0,3,0000000000000000,0,1,0000000000000000,8,1,0,00
485,485,0,0000000,00,3,3,3,0000000000000000,0,0,3,0000000000000000,0,1,0000000000000000,8,1,0,00
486,486,0,0000000,00,3,3,3,0000000000000000,0,0,3,0000000000000000,0,1,0000000000000000,1,1,1,00
487,487,0,0000000,00,3,3,3,0000000000000000,0,0,3,0000000000000000,0,1,0000000000000000,1,1,1,00
488,488,0,0000000,00,3,3,3,0000000000000000,0,0,3,0000000000000000,0,1,0000000000000000,1,1,1,00
489,489,0,0000000,00,3,3,3,0000000000000000,0,0,3,0000000000000000,0,1,0000000000000000,1,1,1,00
490,490,0,0000000,00,3,3,3,0000000000000000,0,0,3,0000000000000000,0,1,0000000000000000,8,1,0,00
491,491,0,0000000,00,3,3,3,0000000000000000,0,0,3,0000000000000000,0,1,0000000000000000,8,1,0,00
492,492,0,0000000,00,3,2,2,0000000000000000,0,0,3,0000000000000000,0,1,0000000000000000,8,1,0,00
493,493,0,0000000,01,3,2,2,0000000000000000,0,0,3,0000000000000000,0,1,0000000000000000,8,1,0,00
494,494,0,0000000,02,3,2,2,0000000000000000,0,0,3,0000000000000000,0,1,0000000000000000,8,1,0,00
495,495,0,0000000,03,3,2,2,0000000000000000,0,0,3,0000000000000000,0,1,0000000000000000,8,1,0,00
496,496,0,0000000,00,3,3,3,0000000000000000,0,0,3,0000000000000000,0,1,0000000000000000,8,1,0,00
497,497,0,0000000,00,3,3,3,0000000000000000,0,0,3,0000000000000000,0,1,0000000000000000,8,1,0,00
498,498,0,0000000,00,3,3,3,0000000000000000,0,0,3,0000000000000000,0,1,0000000000000000,8,1,0,00
499,499,0,0000000,00,3,3,3,0000000000000000,0,0,3,0000000000000000,0,1,0000000000000000,8,1,0,00
500,500,0,0000000,00,3,3,3,0000000000000000,0,0,3,0000000000000000,0,1,0000000000000000,8,1,0,00
501,501,0,0000000,00,3,3,3,0000000000000000,0,0,3,0000000000000000,0,1,0000000000000000,8,1,0,00
502,502,0,0000000,00,3,3,3,0000000000000000,0,0,3,0000000000000000,0,1,0000000000000000,8,1,0,00
503,503,0,0000000,00,3,3,3,0000000000000000,0,0,3,0000000000000000,0,1,0000000000000000,8,1,0,00
504,504,0,0000000,00,3,3,3,0000000000000000,0,0,3,0000000000000000,0,1,0000000000000000,8,1,0,00
505,505,0,0000000,00,3,3,3,0000000000000000,0,0,3,0000000000000000,0,1,0000000000000000,8,1,0,00
506,506,0,0000000,00,3,3,3,0000000000000000,0,0,3,0000000000000000,0,1,0000000000000000,4,1,1,00
507,507,0,0000000,00,3,3,3,0000000000000000,0,0,3,0000000000000000,0,1,0000000000000000,4,1,1,00
508,508,0,0000000,00,3,3,3,0000000000000000,0,0,3,0000000000000000,0,1,0000000000000000,4,1,1,00
509,509,0,0000000,00,3,3,3,0000000000000000,0,0,3,a5a03f18a5a03f1c,0,1,0000000000000000,4,1,1,00
510,510,0,0000000,00,3,3,3,0000000000000000,0,0,3,a5a03f18a5a03f1c,0,1,0000000000000000,1,1,0,00
511,511,0,0000000,00,3,3,3,0000000000000000,0,0,3,a5a03f18a5a03f1c,0,1,0000000000000000,1,1,0,00
512,512,1,0000000,00,2,2,3,0000000000000000,0,0,2,a5a03f18a5a03f1c,3,1,0000000000000000,1,1,0,00
513,513,0,0000000,01,2,2,3,0000000000000000,0,0,2,a5a03f10a5a03f14,3,1,0000000000000000,1,1,0,00
514,514,0,0000000,02,2,2,3,0000000000000000,0,0,2,a5a03f08a5a03f0c,3,1,0000000000000000,1,1,0,00
515,515,0,0000000,03,2,2,3,0000000000000000,0,0,2,a5a03f00a5a03f04,3,1,0000000000000000,1,1,0,00
516,516,0,0000000,00,3,3,3,0000000000000000,0,0,3,0000000000000000,0,1,0000000000000000,1,1,0,00
517,517,0,0000000,00,3,3,3,3f00000000000000,0,0,3,0000000000000000,0,1,0000000000000000,1,1,0,00
518,518,0,0000000,00,3,3,3,3f18a5a03f1ca5a0,0,0,3,0000000000000000,0,1,0000000000000000,4,1,1,00
519,519,0,0000000,00,3,3,3,3f10a5a03f14a5a0,0,0,3,0000000000000000,0,1,0000000000000000,4,1,1,00
520,520,0,0000000,00,3,3,3,3f08a5a03f0ca5a0,0,0,3,0000000000000000,0,1,0000000000000000,4,1,1,00
521,521,0,0000000,00,3,3,3,3f00a5a03f04a5a0,0,0,3,a5a03f58a5a03f5c,0,1,0000000000000000,4,1,1,00
522,522,0,0000000,00,3,3,3,000000000000a5a0,0,0,3,a5a03f58a5a03f5c,0,1,0000000000000000,4,1,0,00
523,523,0,0000000,00,3,3,3,0000000000000000,0,0,3,a5a03f58a5a03f5c,0,1,0000000000000000,4,1,0,00
524,524,0,0000004,00,2,2,3,0000000000000000,0,0,2,a5a03f58a5a03f5c,3,1,3f00000000000000,4,1,0,00
525,525,0,0000004,01,2,2,3,0000000000000000,0,0,2,a5a03f50a5a03f54,3,1,3f18a5a03f1ca5a0,4,1,0,00
526,526,0,0000004,02,2,2,3,0000000000000000,0,0,2,a5a03f48a5a03f4c,3,1,3f10a5a03f14a5a0,1,1,1,00
527,527,0,0000004,03,2,2,3,0000000000000000,0,0,2,a5a03f40a5a03f44,3,1,3f08a5a03f0ca5a0,1,1,1,00
528,528,0,0000000,00,3,3,3,0000000000000000,0,0,3,0000000000000000,0,1,3f00a5a03f04a5a0,1,1,1,00
529,529,0,0000000,00,3,3,3,3f00000000000000,0,0,3,0000000000000000,0,1,000000000000a5a0,1,1,1,00
530,530,0,0000000,00,3,3,3,3f58a5a03f5ca5a0,0,0,3,0000000000000000,0,1,0000000000000000,4,1,0,00
531,531,0,0000000,00,3,3,3,3f50a5a03f54a5a0,0,0,3,0000000000000000,0,1,0000000000000000,4,1,0,00
532,532,0,0000000,04,3,2,2,3f48a5a03f4ca5a0,0,0,3,0000000000000000,0,1,0000000000000000,4,1,0,00
533,533,0,0000000,05,3,2,2,3f40a5a03f44a5a0,0,0,3,0000000000000000,0,1,0000000000000000,4,1,0,00
534,534,0,0000000,06,3,2,2,000000000000a5a0,0,0,3,0000000000000000,0,1,0000000000000000,4,1,0,00
535,535,0,0000000,07,3,2,2,0000000000000000,0,0,3,0000000000000000,0,1,0000000000000000,4,1,0,00
536,536,0,0000000,00,3,3,3,0000000000000000,0,0,3,0000000000000000,0,1,3f00000000000000,4,1,0,00
537,537,0,0000000,00,3,3,3,0000000000000000,0,0,3,0000000000000000,0,1,3f58a5a03f5ca5a0,4,1,0,00
538,538,0,0000000,00,3,3,3,0000000000000000,0,0,3,0000000000000000,0,1,3f50a5a03f54a5a0,4,1,0,00
539,539,0,0000000,00,3,3,3,0000000000000000,0,0,3,0000000000000000,0,1,3f48a5a03f4ca5a0,4,1,0,00
540,540,0,0000000,00,3,3,3,0000000000000000,0,0,3,0000000000000000,0,1,3f40a5a03f44a5a0,4,1,0,00
541,541,0,0000000,00,3,3,3,0000000000000000,0,0,3,0000000000000000,0,1,000000000000a5a0,4,1,0,00
542,542,0,0000000,00,3,3,3,0000000000000000,0,0,3,0000000000000000,0,1,0000000000000000,4,1,0,00
543,543,0,0000000,00,3,3,3,0000000000000000,0,0,3,0000000000000000,0,1,0000000000000000,4,1,0,00
544,544,0,0000000,00,3,3,3,0000000000000000,0,0,3,0000000000000000,0,1,0000000000000000,4,1,0,00
545,545,0,0000000,00,3,3,3,0000000000000000,0,0,3,0000000000000000,0,1,0000000000000000,4,1,0,00
546,546,0,0000000,00,3,3,3,0000000000000000,0,0,3,0000000000000000,0,1,0000000000000000,4,1,1,00
547,547,0,0000000,00,3,3,3,0000000000000000,0,0,3,0000000000000000,0,1,0000000000000000,4,1,1,00
548,548,0,0000000,00,3,3,3,0000000000000000,0,0,3,0000000000000000,0,1,0000000000000000,4,1,1,00
549,549,0,0000000,00,3,3,3,0000000000000000,0,0,3,a5a03f38a5a03f3c,0,1,0000000000000000,4,1,1,00
550,550,0,0000000,00,3,3,3,0000000000000000,0,0,3,a5a03f38a5a03f3c,0,1,0000000000000000,4,1,1,00
551,551,0,0000000,00,3,3,3,0000000000000000,0,0,3,a5a03f38a5a03f3c,0,1,0000000000000000,1,1,0,00
552,552,0,0000000,04,2,2,3,0000000000000000,0,0,2,a5a03f38a5a03f3c,3,1,0000000000000000,1,1,0,00
553,553,0,0000000,05,2,2,3,0000000000000000,0,0,2,a5a03f30a5a03f34,3,1,0000000000000000,1,1,0,00
554,554,0,0000000,06,2,2,3,0000000000000000,0,0,2,a5a03f28a5a03f2c,3,1,0000000000000000,1,1,0,00
555,555,0,0000000,07,2,2,3,0000000000000000,0,0,2,a5a03f20a5a03f24,3,1,0000000000000000,1,1,0,00
556,556,0,0000004,04,2,2,3,0000000000000000,0,0,2,a5a03f78a5a03f7c,3,1,0000000000000000,1,1,0,00
557,557,0,0000000,00,3,3,3,3f00000000000000,0,0,3,0000000000000000,0,1,0000000000000000,1,1,0,00
558,558,0,0000000,00,3,3,3,3f38a5a03f3ca5a0,0,0,3,0000000000000000,0,1,0000000000000000,1,1,0,00
559,559,0,0000000,00,3,3,3,3f30a5a03f34a5a0,0,0,3,0000000000000000,0,1,0000000000000000,4,1,1,00
560,560,0,0000000,00,3,3,3,3f28a5a03f2ca5a0,0,0,3,0000000000000000,0,1,0000000000000000,4,1,1,00
561,561,0,0000000,00,3,3,3,3f20a5a03f24a5a0,0,0,3,0000000000000000,0,1,0000000000000000,4,1,1,00
562,562,0,0000000,00,3,3,3,3f78a5a03f7ca5a0,0,0,3,a5a03f70a5a03f74,0,1,0000000000000000,4,1,1,00
563,563,0,0000000,00,3,3,3,000000000000a5a0,0,0,3,a5a03f70a5a03f74,0,1,0000000000000000,4,1,1,00
564,564,0,0000000,00,3,3,3,0000000000000000,0,0,3,a5a03f70a5a03f74,0,1,3f00000000000000,4,1,0,00
565,565,0,0000004,05,2,2,3,0000000000000000,0,0,2,a5a03f70a5a03f74,3,1,3f38a5a03f3ca5a0,4,1,0,00
566,566,0,0000004,06,2,2,3,0000000000000000,0,0,2,a5a03f68a5a03f6c,3,1,3f30a5a03f34a5a0,4,1,0,00
567,567,0,0000004,07,2,2,3,0000000000000000,0,0,2,a5a03f60a5a03f64,3,1,3f28a5a03f2ca5a0,4,1,0,00
568,568,0,0000008,00,2,2,3,0000000000000000,0,0,2,a5a03f98a5a03f9c,3,1,3f20a5a03f24a5a0,4,1,0,00
569,569,0,0000008,01,2,2,3,0000000000000000,0,0,2,a5a03f90a5a03f94,3,1,3f78a5a03f7ca5a0,4,1,0,00
570,570,0,0000000,00,3,3,3,3f00000000000000,0,0,3,a5a03f08a5a03f0c,0,1,000000000000a5a0,4,1,0,00
571,571,0,0000000,00,3,3,3,3f70a5a03f74a5a0,0,0,3,a5a03f08a5a03f0c,0,1,0000000000000000,4,1,0,00
572,572,0,0000000,00,3,3,3,3f68a5a03f6ca5a0,0,0,3,a5a03f08a5a03f0c,0,1,0000000000000000,4,1,1,00
573,573,0,0000000,00,3,3,3,3f60a5a03f64a5a0,0,0,3,a5a03f08a5a03f0c,0,1,0000000000000000,4,1,1,00
574,574,0,0000000,00,3,3,3,3f98a5a03f9ca5a0,0,0,3,a5a03f08a5a03f0c,0,1,0000000000000000,4,1,1,00
575,575,0,0000000,00,3,3,3,3f90a5a03f94a5a0,0,0,3,a5a03f88a5a03f8c,0,1,0000000000000000,4,1,1,00
576,576,0,0000000,00,3,3,3,3f08a5a03f0ca5a0,0,0,3,a5a03f88a5a03f8c,0,1,0000000000000000,4,1,1,00
577,577,0,0000000,00,3,3,3,0000000000000008,0,0,3,a5a03f88a5a03f8c,0,1,3f00000000000000,4,1,0,00
578,578,0,0000008,02,2,2,3,0000000000000000,0,0,2,a5a03f88a5a03f8c,3,1,3f70a5a03f74a5a0,4,1,0,00
579,579,0,0000008,03,2,2,3,0000000000000000,0,0,2,a5a03f80a5a03f84,3,1,3f68a5a03f6ca5a0,4,1,0,00
580,580,0,0000008,04,2,2,3,0000000000000000,0,0,2,a5a03fb8a5a03fbc,3,1,3f60a5a03f64a5a0,4,1,0,00
581,581,0,0000008,05,2,2,3,0000000000000000,0,0,2,a5a03fb0a5a03fb4,3,1,3f98a5a03f9ca5a0,4,1,0,00
582,582,0,0000008,06,2,2,3,0000000000000000,0,0,2,a5a03fa8a5a03fac,3,1,3f90a5a03f94a5a0,4,1,0,00
583,583,0,0000000,00,3,3,3,3f00000000000000,0,0,3,a5a03f40a5a03f44,0,1,3f08a5a03f0ca5a0,4,1,0,00
584,584,0,0000000,00,3,3,3,3f88a5a03f8ca5a0,0,0,3,a5a03f40a5a03f44,0,1,0000000000000008,4,1,0,00
585,585,0,0000000,00,3,3,3,3f80a5a03f84a5a0,0,0,3,a5a03f40a5a03f44,0,1,0000000000000000,4,1,1,00
586,586,0,0000000,00,3,3,3,3fb8a5a03fbca5a0,0,0,3,a5a03f40a5a03f44,0,1,0000000000000000,4,1,1,00
587,587,0,0000000,00,3,3,3,3fb0a5a03fb4a5a0,0,0,3,a5a03f40a5a03f44,0,1,0000000000000000,4,1,1,00
588,588,0,0000000,00,3,3,3,3fa8a5a03faca5a0,0,0,3,a5a03fa0a5a03fa4,0,1,0000000000000000,4,1,1,00
589,589,0,0000000,00,3,3,3,3f40a5a03f44a5a0,0,0,3,a5a03fa0a5a03fa4,0,1,0000000000000000,4,1,1,00
590,590,0,0000000,00,3,3,3,0000000000000000,0,0,3,a5a03fa0a5a03fa4,0,1,3f00000000000000,4,1,0,00
591,591,0,0000008,07,2,2,3,0000000000000000,0,0,2,a5a03fa0a5a03fa4,3,1,3f88a5a03f8ca5a0,4,1,0,00
592,592,0,000000c,00,2,2,3,0000000000000000,0,0,2,a5a03fd8a5a03fdc,3,1,3f80a5a03f84a5a0,4,1,0,00
593,593,0,000000c,01,2,2,3,0000000000000000,0,0,2,a5a03fd0a5a03fd4,3,1,3fb8a5a03fbca5a0,4,1,0,00
594,594,0,000000c,02,2,2,3,0000000000000000,0,0,2,a5a03fc8a5a03fcc,3,1,3fb0a5a03fb4a5a0,4,1,0,00
595,595,0,000000c,03,2,2,3,0000000000000000,0,0,2,a5a03fc0a5a03fc4,3,1,3fa8a5a03faca5a0,4,1,0,00
596,596,0,0000000,00,3,3,3,3f00000000000000,0,0,3,a5a03f78a5a03f7c,0,1,3f40a5a03f44a5a0,4,1,0,00
597,597,0,0000000,00,3,3,3,3fa0a5a03fa4a5a0,0,0,3,a5a03f78a5a03f7c,0,1,0000000000000000,4,1,0,00
598,598,0,0000000,00,3,3,3,3fd8a5a03fdca5a0,0,0,3,a5a03f78a5a03f7c,0,1,0000000000000000,4,1,1,00
599,599,0,0000000,00,3,3,3,3fd0a5a03fd4a5a0,0,0,3,a5a03f78a5a03f7c,0,1,0000000000000000,4,1,1,00
600,600,0,0000000,00,3,3,3,3fc8a5a03fcca5a0,0,0,3,a5a03f78a5a03f7c,0,1,0000000000000000,4,1,1,00
601,601,0,0000000,00,3,3,3,3fc0a5a03fc4a5a0,0,0,3,a5a03ff8a5a03ffc,0,1,0000000000000000,4,1,1,00
602,602,0,0000000,00,3,3,3,3f78a5a03f7ca5a0,0,0,3,a5a03ff8a5a03ffc,0,1,0000000000000000,4,1,1,00
603,603,0,0000000,00,3,3,3,0000000000000078,0,0,3,a5a03ff8a5a03ffc,0,1,3f00000000000000,4,1,0,00
604,604,0,000000c,04,2,2,3,0000000000000000,0,0,2,a5a03ff8a5a03ffc,3,1,3fa0a5a03fa4a5a0,4,1,0,00
605,605,0,000000c,05,2,2,3,0000000000000000,0,0,2,a5a03ff0a5a03ff4,3,1,3fd8a5a03fdca5a0,4,1,0,00
606,606,0,000000c,06,2,2,3,0000000000000000,0,0,2,a5a03fe8a5a03fec,3,1,3fd0a5a03fd4a5a0,4,1,0,00
607,607,0,000000c,07,2,2,3,0000000000000000,0,0,2,a5a03fe0a5a03fe4,3,1,3fc8a5a03fcca5a0,4,1,0,00
608,608,0,0000010,00,2,2,3,0000000000000000,0,0,2,a5a03e18a5a03e1c,3,1,3fc0a5a03fc4a5a0,4,1,0,00
609,609,0,0000000,00,3,3,3,3f00000000000000,0,0,3,a5a03f90a5a03f94,0,1,3f78a5a03f7ca5a0,4,1,0,00
610,610,0,0000000,00,3,3,3,3ff8a5a03ffca5a0,0,0,3,a5a03f90a5a03f94,0,1,0000000000000078,4,1,0,00
611,611,0,0000000,00,3,3,3,3ff0a5a03ff4a5a0,0,0,3,a5a03f90a5a03f94,0,1,0000000000000000,4,1,1,00
612,612,0,0000000,00,3,3,3,3fe8a5a03feca5a0,0,0,3,a5a03f90a5a03f94,0,1,0000000000000000,4,1,1,00
613,613,0,0000000,00,3,3,3,3fe0a5a03fe4a5a0,0,0,3,a5a03f90a5a03f94,0,1,0000000000000000,4,1,1,00
614,614,0,0000000,00,3,3,3,3e18a5a03e1ca5a0,0,0,3,a5a03e10a5a03e14,0,1,0000000000000000,4,1,1,00
615,615,0,0000000,00,3,3,3,3f90a5a03f94a5a0,0,0,3,a5a03e10a5a03e14,0,1,0000000000000000,4,1,1,00
616,616,0,0000000,00,3,3,3,0000000000000010,0,0,3,a5a03e10a5a03e14,0,1,3f00000000000000,4,1,0,00
617,617,0,0000010,01,2,2,3,0000000000000000,0,0,2,a5a03e10a5a03e14,3,1,3ff8a5a03ffca5a0,4,1,0,00
618,618,0,0000010,02,2,2,3,0000000000000000,0,0,2,a5a03e08a5a03e0c,3,1,3ff0a5a03ff4a5a0,4,1,0,00
619,619,0,0000010,03,2,2,3,0000000000000000,0,0,2,a5a03e00a5a03e04,3,1,3fe8a5a03feca5a0,4,1,0,00
620,620,0,0000010,04,2,2,3,0000000000000000,0,0,2,a5a03e38a5a03e3c,3,1,3fe0a5a03fe4a5a0,4,1,0,00
621,621,0,0000010,05,2,2,3,0000000000000000,0,0,2,a5a03e30a5a03e34,3,1,3e18a5a03e1ca5a0,4,1,0,00
622,622,0,0000000,00,3,3,3,3e00000000000000,0,0,3,a5a03fa8a5a03fac,0,1,3f90a5a03f94a5a0,4,1,0,00
623,623,0,0000000,00,3,3,3,3e10a5a03e14a5a0,0,0,3,a5a03fa8a5a03fac,0,1,0000000000000010,4,1,0,00
624,624,0,0000000,00,3,3,3,3e08a5a03e0ca5a0,0,0,3,a5a03fa8a5a03fac,0,1,0000000000000000,4,1,1,00
625,625,0,0000000,00,3,3,3,3e00a5a03e04a5a0,0,0,3,a5a03fa8a5a03fac,0,1,0000000000000000,4,1,1,00
626,626,0,0000000,00,3,3,3,3e38a5a03e3ca5a0,0,0,3,a5a03fa8a5a03fac,0,1,0000000000000000,4,1,1,00
627,627,0,0000000,00,3,3,3,3e30a5a03e34a5a0,0,0,3,a5a03e28a5a03e2c,0,1,0000000000000000,4,1,1,00
628,628,0,0000000,00,3,3,3,3fa8a5a03faca5a0,0,0,3,a5a03e28a5a03e2c,0,1,0000000000000000,4,1,1,00
629,629,0,0000000,00,3,3,3,0000000000000028,0,0,3,a5a03e28a5a03e2c,0,1,3e00000000000000,4,1,0,00
630,630,0,0000010,06,2,2,3,0000000000000000,0,0,2,a5a03e28a5a03e2c,3,1,3e10a5a03e14a5a0,4,1,0,00
631,631,0,0000010,07,2,2,3,0000000000000000,0,0,2,a5a03e20a5a03e24,3,1,3e08a5a03e0ca5a0,4,1,0,00
632,632,0,0000014,00,2,2,3,0000000000000000,0,0,2,a5a03e58a5a03e5c,3,1,3e00a5a03e04a5a0,4,1,0,00
633,633,0,0000014,01,2,2,3,0000000000000000,0,0,2,a5a03e50a5a03e54,3,1,3e38a5a03e3ca5a0,4,1,0,00
634,634,0,0000014,02,2,2,3,0000000000000000,0,0,2,a5a03e48a5a03e4c,3,1,3e30a5a03e34a5a0,4,1,0,00
635,635,0,0000000,00,3,3,3,3e00000000000000,0,0,3,a5a03fc0a5a03fc4,0,1,3fa8a5a03faca5a0,4,1,0,00
636,636,0,0000000,00,3,3,3,3e28a5a03e2ca5a0,0,0,3,a5a03fc0a5a03fc4,0,1,0000000000000028,4,1,0,00
637,637,0,0000000,00,3,3,3,3e20a5a03e24a5a0,0,0,3,a5a03fc0a5a03fc4,0,1,0000000000000000,4,1,1,00
638,638,0,0000000,00,3,3,3,3e58a5a03e5ca5a0,0,0,3,a5a03fc0a5a03fc4,0,1,0000000000000000,4,1,1,00
639,639,0,0000000,00,3,3,3,3e50a5a03e54a5a0,0,0,3,a5a03fc0a5a03fc4,0,1,0000000000000000,4,1,1,00
640,640,0,0000000,00,3,3,3,3e48a5a03e4ca5a0,0,0,3,a5a03e40a5a03e44,0,1,0000000000000000,4,1,1,00
641,641,0,0000000,00,3,3,3,3fc0a5a03fc4a5a0,0,0,3,a5a03e40a5a03e44,0,1,0000000000000000,4,1,1,00
642,642,0,0000000,00,3,3,3,0000000000000080,0,0,3,a5a03e40a5a03e44,0,1,3e00000000000000,4,1,0,00
643,643,0,0000014,03,2,2,3,0000000000000000,0,0,2,a5a03e40a5a03e44,3,1,3e28a5a03e2ca5a0,4,1,0,00
644,644,0,0000014,04,2,2,3,0000000000000000,0,0,2,a5a03e78a5a03e7c,3,1,3e20a5a03e24a5a0,4,1,0,00
645,645,0,0000014,05,2,2,3,0000000000000000,0,0,2,a5a03e70a5a03e74,3,1,3e58a5a03e5ca5a0,4,1,0,00
646,646,0,0000014,06,2,2,3,0000000000000000,0,0,2,a5a03e68a5a03e6c,3,1,3e50a5a03e54a5a0,4,1,0,00
647,647,0,0000014,07,2,2,3,0000000000000000,0,0,2,a5a03e60a5a03e64,3,1,3e48a5a03e4ca5a0,4,1,0,00
648,648,0,0000000,00,3,3,3,3e00000000000000,0,0,3,a5a03e18a5a03e1c,0,1,3fc0a5a03fc4a5a0,4,1,0,00
649,649,0,0000000,00,3,3,3,3e40a5a03e44a5a0,0,0,3,a5a03e18a5a03e1c,0,1,0000000000000080,4,1,0,00
650,650,0,0000000,00,3,3,3,3e78a5a03e7ca5a0,0,0,3,a5a03e18a5a03e1c,0,1,0000000000000000,4,1,1,00
651,651,0,0000000,00,3,3,3,3e70a5a03e74a5a0,0,0,3,a5a03e18a5a03e1c,0,1,0000000000000000,4,1,1,00
652,652,0,0000000,00,3,3,3,3e68a5a03e6ca5a0,0,0,3,a5a03e18a5a03e1c,0,1,0000000000000000,4,1,1,00
653,653,0,0000000,00,3,3,3,3e60a5a03e64a5a0,0,0,3,a5a03e98a5a03e9c,0,1,0000000000000000,4,1,1,00
654,654,0,0000000,00,3,3,3,3e18a5a03e1ca5a0,0,0,3,a5a03e98a5a03e9c,0,1,0000000000000000,4,1,1,00
655,655,0,0000000,00,3,3,3,0000000000000018,0,0,3,a5a03e98a5a03e9c,0,1,3e00000000000000,4,1,0,00
656,656,0,0000018,00,2,2,3,0000000000000000,0,0,2,a5a03e98a5a03e9c,3,1,3e40a5a03e44a5a0,4,1,0,00
657,657,0,0000018,01,2,2,3,0000000000000000,0,0,2,a5a03e90a5a03e94,3,1,3e78a5a03e7ca5a0,4,1,0,00
658,658,0,0000018,02,2,2,3,0000000000000000,0,0,2,a5a03e88a5a03e8c,3,1,3e70a5a03e74a5a0,4,1,0,00
659,659,0,0000018,03,2,2,3,0000000000000000,0,0,2,a5a03e80a5a03e84,3,1,3e68a5a03e6ca5a0,4,1,0,00
660,660,0,0000018,04,2,2,3,0000000000000000,0,0,2,a5a03eb8a5a03ebc,3,1,3e60a5a03e64a5a0,4,1,0,00
661,661,0,0000000,00,3,3,3,3e00000000000000,0,0,3,a5a03e30a5a03e34,0,1,3e18a5a03e1ca5a0,4,1,0,00
662,662,0,0000000,00,3,3,3,3e98a5a03e9ca5a0,0,0,3,a5a03e30a5a03e34,0,1,0000000000000018,4,1,0,00
663,663,0,0000000,00,3,3,3,3e90a5a03e94a5a0,0,0,3,a5a03e30a5a03e34,0,1,0000000000000000,4,1,1,00
664,664,0,0000000,00,3,3,3,3e88a5a03e8ca5a0,0,0,3,a5a03e30a5a03e34,0,1,0000000000000000,4,1,1,00
665,665,0,0000000,00,3,3,3,3e80a5a03e84a5a0,0,0,3,a5a03e30a5a03e34,0,1,0000000000000000,4,1,1,00
666,666,0,0000000,00,3,3,3,3eb8a5a03ebca5a0,0,0,3,a5a03eb0a5a03eb4,0,1,0000000000000000,4,1,1,00
667,667,0,0000000,00,3,3,3,3e30a5a03e34a5a0,0,0,3,a5a03eb0a5a03eb4,0,1,0000000000000000,4,1,1,00
668,668,0,0000000,00,3,3,3,0000000000000030,0,0,3,a5a03eb0a5a03eb4,0,1,3e00000000000000,4,1,0,00
669,669,0,0000018,05,2,2,3,0000000000000000,0,0,2,a5a03eb0a5a03eb4,3,1,3e98a5a03e9ca5a0,4,1,0,00
670,670,0,0000018,06,2,2,3,0000000000000000,0,0,2,a5a03ea8a5a03eac,3,1,3e90a5a03e94a5a0,4,1,0,00
671,671,0,0000018,07,2,2,3,0000000000000000,0,0,2,a5a03ea0a5a03ea4,3,1,3e88a5a03e8ca5a0,4,1,0,00
672,672,0,000001c,00,2,2,3,0000000000000000,0,0,2,a5a03ed8a5a03edc,3,1,3e80a5a03e84a5a0,4,1,0,00
673,673,0,000001c,01,2,2,3,0000000000000000,0,0,2,a5a03ed0a5a03ed4,3,1,3eb8a5a03ebca5a0,4,1,0,00
674,674,0,0000000,00,3,3,3,3e00000000000000,0,0,3,a5a03e48a5a03e4c,0,1,3e30a5a03e34a5a0,4,1,0,00
675,675,0,0000000,00,3,3,3,3eb0a5a03eb4a5a0,0,0,3,a5a03e48a5a03e4c,0,1,0000000000000030,4,1,0,00
676,676,0,0000000,00,3,3,3,3ea8a5a03eaca5a0,0,0,3,a5a03e48a5a03e4c,0,1,0000000000000000,4,1,1,00
677,677,0,0000000,00,3,3,3,3ea0a5a03ea4a5a0,0,0,3,a5a03e48a5a03e4c,0,1,0000000000000000,4,1,1,00
678,678,0,0000000,00,3,3,3,3ed8a5a03edca5a0,0,0,3,a5a03e48a5a03e4c,0,1,0000000000000000,4,1,1,00
679,679,0,0000000,00,3,3,3,3ed0a5a03ed4a5a0,0,0,3,a5a03ec8a5a03ecc,0,1,0000000000000000,4,1,1,00
680,680,0,0000000,00,3,3,3,3e48a5a03e4ca5a0,0,0,3,a5a03ec8a5a03ecc,0,1,0000000000000000,4,1,1,00
681,681,0,0000000,00,3,3,3,0000000000000048,0,0,3,a5a03ec8a5a03ecc,0,1,3e00000000000000,4,1,0,00
682,682,0,000001c,02,2,2,3,0000000000000000,0,0,2,a5a03ec8a5a03ecc,3,1,3eb0a5a03eb4a5a0,4,1,0,00
683,683,0,000001c,03,2,2,3,0000000000000000,0,0,2,a5a03ec0a5a03ec4,3,1,3ea8a5a03eaca5a0,4,1,0,00
684,684,0,000001c,04,2,2,3,0000000000000000,0,0,2,a5a03ef8a5a03efc,3,1,3ea0a5a03ea4a5a0,4,1,0,00
685,685,0,000001c,05,2,2,3,0000000000000000,0,0,2,a5a03ef0a5a03ef4,3,1,3ed8a5a03edca5a0,4,1,0,00
686,686,0,000001c,06,2,2,3,0000000000000000,0,0,2,a5a03ee8a5a03eec,3,1,3ed0a5a03ed4a5a0,4,1,0,00
687,687,0,0000000,00,3,3,3,3e00000000000000,0,0,3,a5a03e60a5a03e64,0,1,3e48a5a03e4ca5a0,4,1,0,00
688,688,0,0000000,00,3,3,3,3ec8a5a03ecca5a0,0,0,3,a5a03e60a5a03e64,0,1,0000000000000048,4,1,0,00
689,689,0,0000000,00,3,3,3,3ec0a5a03ec4a5a0,0,0,3,a5a03e60a5a03e64,0,1,0000000000000000,4,1,1,00
690,690,0,0000000,00,3,3,3,3ef8a5a03efca5a0,0,0,3,a5a03e60a5a03e64,0,1,0000000000000000,4,1,1,00
691,691,0,0000000,00,3,3,3,3ef0a5a03ef4a5a0,0,0,3,a5a03e60a5a03e64,0,1,0000000000000000,4,1,1,00
692,692,0,0000000,00,3,3,3,3ee8a5a03eeca5a0,0,0,3,a5a03ee0a5a03ee4,0,1,0000000000000000,4,1,1,00
693,693,0,0000000,00,3,3,3,3e60a5a03e64a5a0,0,0,3,a5a03ee0a5a03ee4,0,1,0000000000000000,4,1,1,00
694,694,0,0000000,00,3,3,3,0000000000000020,0,0,3,a5a03ee0a5a03ee4,0,1,3e00000000000000,4,1,0,00
695,695,0,000001c,07,2,2,3,0000000000000000,0,0,2,a5a03ee0a5a03ee4,3,1,3ec8a5a03ecca5a0,4,1,0,00
696,696,0,0000020,00,2,2,3,0000000000000000,0,0,2,a5a03d18a5a03d1c,3,1,3ec0a5a03ec4a5a0,4,1,0,00
697,697,0,0000020,01,2,2,3,0000000000000000,0,0,2,a5a03d10a5a03d14,3,1,3ef8a5a03efca5a0,4,1,0,00
698,698,0,0000020,02,2,2,3,0000000000000000,0,0,2,a5a03d08a5a03d0c,3,1,3ef0a5a03ef4a5a0,4,1,0,00
699,699,0,0000020,03,2,2,3,0000000000000000,0,0,2,a5a03d00a5a03d04,3,1,3ee8a5a03eeca5a0,4,1,0,00
700,700,0,0000000,00,3,3,3,3e00000000000000,0,0,3,a5a03eb8a5a03ebc,0,1,3e60a5a03e64a5a0,4,1,0,00
701,701,0,0000000,00,3,3,3,3ee0a5a03ee4a5a0,0,0,3,a5a03eb8a5a03ebc,0,1,0000000000000020,4,1,0,00
702,702,0,0000000,00,3,3,3,3d18a5a03d1ca5a0,0,0,3,a5a03eb8a5a03ebc,0,1,0000000000000000,4,1,1,00
703,703,0,0000000,00,3,3,3,3d10a5a03d14a5a0,0,0,3,a5a03eb8a5a03ebc,0,1,0000000000000000,4,1,1,00
704,704,0,0000000,00,3,3,3,3d08a5a03d0ca5a0,0,0,3,a5a03eb8a5a03ebc,0,1,0000000000000000,4,1,1,00
705,705,0,0000000,00,3,3,3,3d00a5a03d04a5a0,0,0,3,a5a03d38a5a03d3c,0,1,0000000000000000,4,1,1,00
706,706,0,0000000,00,3,3,3,3eb8a5a03ebca5a0,0,0,3,a5a03d38a5a03d3c,0,1,0000000000000000,4,1,1,00
707,707,0,0000000,00,3,3,3,00000000000000b8,0,0,3,a5a03d38a5a03d3c,0,1,3e00000000000000,4,1,0,00
708,708,0,0000020,04,2,2,3,0000000000000000,0,0,2,a5a03d38a5a03d3c,3,1,3ee0a5a03ee4a5a0,4,1,0,00
709,709,0,0000020,05,2,2,3,0000000000000000,0,0,2,a5a03d30a5a03d34,3,1,3d18a5a03d1ca5a0,4,1,0,00
710,710,0,0000020,06,2,2,3,0000000000000000,0,0,2,a5a03d28a5a03d2c,3,1,3d10a5a03d14a5a0,4,1,0,00
711,711,0,0000020,07,2,2,3,0000000000000000,0,0,2,a5a03d20a5a03d24,3,1,3d08a5a03d0ca5a0,4,1,0,00
712,712,0,0000024,00,2,2,3,0000000000000000,0,0,2,a5a03d58a5a03d5c,3,1,3d00a5a03d04a5a0,4,1,0,00
713,713,0,0000000,00,3,3,3,3d00000000000000,0,0,3,a5a03ed0a5a03ed4,0,1,3eb8a5a03ebca5a0,4,1,0,00
714,714,0,0000000,00,3,3,3,3d38a5a03d3ca5a0,0,0,3,a5a03ed0a5a03ed4,0,1,00000000000000b8,4,1,0,00
715,715,0,0000000,00,3,3,3,3d30a5a03d34a5a0,0,0,3,a5a03ed0a5a03ed4,0,1,0000000000000000,4,1,1,00
716,716,0,0000000,00,3,3,3,3d28a5a03d2ca5a0,0,0,3,a5a03ed0a5a03ed4,0,1,0000000000000000,4,1,1,00
717,717,0,0000000,00,3,3,3,3d20a5a03d24a5a0,0,0,3,a5a03ed0a5a03ed4,0,1,0000000000000000,4,1,1,00
718,718,0,0000000,00,3,3,3,3d58a5a03d5ca5a0,0,0,3,a5a03d50a5a03d54,0,1,0000000000000000,4,1,1,00
719,719,0,0000000,00,3,3,3,3ed0a5a03ed4a5a0,0,0,3,a5a03d50a5a03d54,0,1,0000000000000000,4,1,1,00
720,720,0,0000000,00,3,3,3,00000000000000d0,0,0,3,a5a03d50a5a03d54,0,1,3d00000000000000,4,1,0,00
721,721,0,0000024,01,2,2,3,0000000000000000,0,0,2,a5a03d50a5a03d54,3,1,3d38a5a03d3ca5a0,4,1,0,00
722,722,0,0000024,02,2,2,3,0000000000000000,0,0,2,a5a03d48a5a03d4c,3,1,3d30a5a03d34a5a0,4,1,0,00
723,723,0,0000024,03,2,2,3,0000000000000000,0,0,2,a5a03d40a5a03d44,3,1,3d28a5a03d2ca5a0,4,1,0,00
724,724,0,0000024,04,2,2,3,0000000000000000,0,0,2,a5a03d78a5a03d7c,3,1,3d20a5a03d24a5a0,4,1,0,00
725,725,0,0000024,05,2,2,3,0000000000000000,0,0,2,a5a03d70a5a03d74,3,1,3d58a5a03d5ca5a0,4,1,0,00
726,726,0,0000000,00,3,3,3,3d00000000000000,0,0,3,a5a03ee8a5a03eec,0,1,3ed0a5a03ed4a5a0,4,1,0,00
727,727,0,0000000,00,3,3,3,3d50a5a03d54a5a0,0,0,3,a5a03ee8a5a03eec,0,1,00000000000000d0,4,1,0,00
728,728,0,0000000,00,3,3,3,3d48a5a03d4ca5a0,0,0,3,a5a03ee8a5a03eec,0,1,0000000000000000,4,1,1,00
729,729,0,0000000,00,3,3,3,3d40a5a03d44a5a0,0,0,3,a5a03ee8a5a03eec,0,1,0000000000000000,4,1,1,00
730,730,0,0000000,00,3,3,3,3d78a5a03d7ca5a0,0,0,3,a5a03ee8a5a03eec,0,1,0000000000000000,4,1,1,00
731,731,0,0000000,00,3,3,3,3d70a5a03d74a5a0,0,0,3,a5a03d68a5a03d6c,0,1,0000000000000000,4,1,1,00
732,732,0,0000000,00,3,3,3,3ee8a5a03eeca5a0,0,0,3,a5a03d68a5a03d6c,0,1,0000000000000000,4,1,1,00
733,733,0,0000000,00,3,3,3,0000000000000068,0,0,3,a5a03d68a5a03d6c,0,1,3d00000000000000,4,1,0,00
734,734,0,0000024,06,2,2,3,0000000000000000,0,0,2,a5a03d68a5a03d6c,3,1,3d50a5a03d54a5a0,4,1,0,00
735,735,0,0000024,07,2,2,3,0000000000000000,0,0,2,a5a03d60a5a03d64,3,1,3d48a5a03d4ca5a0,4,1,0,00
736,736,0,0000028,00,2,2,3,0000000000000000,0,0,2,a5a03d98a5a03d9c,3,1,3d40a5a03d44a5a0,4,1,0,00
737,737,0,0000028,01,2,2,3,0000000000000000,0,0,2,a5a03d90a5a03d94,3,1,3d78a5a03d7ca5a0,4,1,0,00
738,738,0,0000028,02,2,2,3,0000000000000000,0,0,2,a5a03d88a5a03d8c,3,1,3d70a5a03d74a5a0,4,1,0,00
739,739,0,0000000,00,3,3,3,3d00000000000000,0,0,3,a5a03d00a5a03d04,0,1,3ee8a5a03eeca5a0,4,1,0,00
740,740,0,0000000,00,3,3,3,3d68a5a03d6ca5a0,0,0,3,a5a03d00a5a03d04,0,1,0000000000000068,4,1,0,00
741,741,0,0000000,00,3,3,3,3d60a5a03d64a5a0,0,0,3,a5a03d00a5a03d04,0,1,0000000000000000,4,1,1,00
742,742,0,0000000,00,3,3,3,3d98a5a03d9ca5a0,0,0,3,a5a03d00a5a03d04,0,1,0000000000000000,4,1,1,00
743,743,0,0000000,00,3,3,3,3d90a5a03d94a5a0,0,0,3,a5a03d00a5a03d04,0,1,0000000000000000,4,1,1,00
744,744,0,0000000,00,3,3,3,3d88a5a03d8ca5a0,0,0,3,a5a03d80a5a03d84,0,1,0000000000000000,4,1,1,00
745,745,0,0000000,00,3,3,3,3d00a5a03d04a5a0,0,0,3,a5a03d80a5a03d84,0,1,0000000000000000,4,1,1,00
746,746,0,0000000,00,3,3,3,0000000000000000,0,0,3,a5a03d80a5a03d84,0,1,3d00000000000000,4,1,0,00
747,747,0,0000028,03,2,2,3,0000000000000000,0,0,2,a5a03d80a5a03d84,3,1,3d68a5a03d6ca5a0,4,1,0,00
748,748,0,0000028,04,2,2,3,0000000000000000,0,0,2,a5a03db8a5a03dbc,3,1,3d60a5a03d64a5a0,4,1,0,00
749,749,0,0000028,05,2,2,3,0000000000000000,0,0,2,a5a03db0a5a03db4,3,1,3d98a5a03d9ca5a0,4,1,0,00
750,750,0,0000028,06,2,2,3,0000000000000000,0,0,2,a5a03da8a5a03dac,3,1,3d90a5a03d94a5a0,4,1,0,00
751,751,0,0000028,07,2,2,3,0000000000000000,0,0,2,a5a03da0a5a03da4,3,1,3d88a5a03d8ca5a0,4,1,0,00
752,752,0,0000000,00,3,3,3,3d00000000000000,0,0,3,a5a03d58a5a03d5c,0,1,3d00a5a03d04a5a0,4,1,0,00
753,753,0,0000000,00,3,3,3,3d80a5a03d84a5a0,0,0,3,a5a03d58a5a03d5c,0,1,0000000000000000,4,1,0,00
754,754,0,0000000,00,3,3,3,3db8a5a03dbca5a0,0,0,3,a5a03d58a5a03d5c,0,1,0000000000000000,4,1,1,00
755,755,0,0000000,00,3,3,3,3db0a5a03db4a5a0,0,0,3,a5a03d58a5a03d5c,0,1,0000000000000000,4,1,1,00
756,756,0,0000000,00,3,3,3,3da8a5a03daca5a0,0,0,3,a5a03d58a5a03d5c,0,1,0000000000000000,4,1,1,00
757,757,0,0000000,00,3,3,3,3da0a5a03da4a5a0,0,0,3,a5a03dd8a5a03ddc,0,1,0000000000000000,4,1,1,00
758,758,0,0000000,00,3,3,3,3d58a5a03d5ca5a0,0,0,3,a5a03dd8a5a03ddc,0,1,0000000000000000,4,1,1,00
759,759,0,0000000,00,3,3,3,0000000000000058,0,0,3,a5a03dd8a5a03ddc,0,1,3d00000000000000,4,1,0,00
760,760,0,000002c,00,2,2,3,0000000000000000,0,0,2,a5a03dd8a5a03ddc,3,1,3d80a5a03d84a5a0,4,1,0,00
761,761,0,000002c,01,2,2,3,0000000000000000,0,0,2,a5a03dd0a5a03dd4,3,1,3db8a5a03dbca5a0,4,1,0,00
762,762,0,000002c,02,2,2,3,0000000000000000,0,0,2,a5a03dc8a5a03dcc,3,1,3db0a5a03db4a5a0,4,1,0,00
763,763,0,000002c,03,2,2,3,0000000000000000,0,0,2,a5a03dc0a5a03dc4,3,1,3da8a5a03daca5a0,4,1,0,00
764,764,0,000002c,04,2,2,3,0000000000000000,0,0,2,a5a03df8a5a03dfc,3,1,3da0a5a03da4a5a0,4,1,0,00
765,765,0,0000000,00,3,3,3,3d00000000000000,0,0,3,a5a03d70a5a03d74,0,1,3d58a5a03d5ca5a0,6,1,1,00
766,766,0,0000000,00,3,3,3,3dd8a5a03ddca5a0,0,0,3,a5a03d70a5a03d74,0,1,0000000000000058,6,1,1,00
767,767,0,0000000,00,3,3,3,3dd0a5a03dd4a5a0,0,0,3,a5a03d70a5a03d74,0,1,0000000000000000,6,1,1,00
768,768,0,0000000,00,3,3,3,3dc8a5a03dcca5a0,0,0,3,a5a03d70a5a03d74,0,1,0000000000000000,4,1,0,00
769,769,0,0000000,00,3,3,3,3dc0a5a03dc4a5a0,0,0,3,a5a03d70a5a03d74,0,1,0000000000000000,4,1,0,00
770,770,0,0000000,00,3,3,3,3df8a5a03dfca5a0,0,0,3,a5a03d70a5a03d74,0,1,0000000000000000,4,1,0,00
771,771,0,0000000,05,3,2,2,3d70a5a03d74a5a0,0,0,2,a5a03d70a5a03d74,0,1,0000000000000000,4,1,0,00
772,772,0,0000000,06,3,2,2,0000000000000070,0,0,2,a5a03d70a5a03d74,0,1,3d00000000000000,4,1,0,00
773,773,0,0000000,07,3,2,2,0000000000000000,0,0,2,a5a03d70a5a03d74,0,1,3dd8a5a03ddca5a0,4,1,0,00
774,774,0,0000000,00,3,3,3,0000000000000000,0,0,3,a5a03d70a5a03d74,0,1,3dd0a5a03dd4a5a0,6,1,1,00
775,775,0,0000000,00,3,3,3,0000000000000000,0,0,3,a5a03d70a5a03d74,0,1,3dc8a5a03dcca5a0,6,1,1,00
776,776,0,0000000,00,3,3,3,0000000000000000,0,0,3,a5a03d70a5a03d74,0,1,3dc0a5a03dc4a5a0,6,1,1,00
777,777,0,0000000,00,3,3,3,0000000000000000,0,0,3,a5a03d70a5a03d74,0,1,3df8a5a03dfca5a0,6,1,1,00
778,778,0,0000000,00,3,3,3,0000000000000000,0,0,3,a5a03d70a5a03d74,0,1,3d70a5a03d74a5a0,6,1,1,00
779,779,0,0000000,00,3,3,3,0000000000000000,0,0,3,a5a03d70a5a03d74,0,1,0000000000000070,6,1,0,00
780,780,0,0000000,00,3,2,2,0000000000000000,0,0,2,a5a03d70a5a03d74,0,1,0000000000000000,6,1,0,00
781,781,0,0000000,01,3,2,2,0000000000000000,0,0,2,a5a03d70a5a03d74,0,1,0000000000000000,6,1,0,00
782,782,0,0000000,02,3,2,2,0000000000000000,0,0,2,a5a03d70a5a03d74,0,1,0000000000000000,8,1,1,00
783,783,0,0000000,03,3,2,2,0000000000000000,0,0,2,a5a03d70a5a03d74,0,1,0000000000000000,6,1,0,00
784,784,0,0000000,04,3,2,2,0000000000000000,0,0,2,a5a03d70a5a03d74,0,1,0000000000000000,6,1,0,00
785,785,0,0000000,00,3,3,3,0000000000000000,0,0,3,a5a03d70a5a03d74,0,1,0000000000000000,6,1,0,00
786,786,0,0000000,00,3,3,3,0000000000000000,0,0,3,a5a03d70a5a03d74,0,1,0000000000000000,6,1,0,00
787,787,0,0000000,00,3,3,3,0000000000000000,0,0,3,a5a03d70a5a03d74,0,1,0000000000000000,6,1,0,00
788,788,0,0000000,00,2,2,2,0000000000000000,0,0,3,a5a03d70a5a03d74,0,1,0000000000000000,6,1,0,00
789,789,0,0000000,00,3,3,3,0000000000000000,0,0,3,a5a03d70a5a03d74,0,1,0000000000000000,6,1,0,00
790,790,0,0000000,00,3,3,3,0000000000000000,0,0,3,a5a03d70a5a03d74,0,1,0000000000000000,6,1,0,00
791,791,0,0000000,00,3,3,3,0000000000000000,0,0,3,a5a03d70a5a03d74,0,1,0000000000000000,6,1,0,00
792,792,0,0000000,00,3,3,3,0000000000000000,0,0,3,a5a03d70a5a03d74,0,1,0000000000000000,6,1,0,00
793,793,0,0000000,00,3,3,3,0000000000000000,0,0,3,a5a03d70a5a03d74,0,1,0000000000000000,6,1,0,00
794,794,0,0000000,00,3,3,3,0000000000000000,0,0,3,a5a03d70a5a03d74,0,1,0000000000000000,6,1,0,00
795,795,0,0000000,00,3,3,3,0000000000000000,0,0,3,a5a03d70a5a03d74,0,1,0000000000000000,6,1,0,00
796,796,0,0000000,00,3,3,3,0000000000000000,0,0,3,a5a03d70a5a03d74,0,1,0000000000000000,6,1,0,00
797,797,0,0000000,00,3,3,3,0000000000000000,0,0,3,a5a03d70a5a03d74,0,1,0000000000000000,6,1,0,00
798,798,0,0000000,00,3,3,3,0000000000000000,0,0,3,a5a03d70a5a03d74,0,1,0000000000000000,6,1,0,00
799,799,0,0000000,00,3,3,3,0000000000000000,0,0,3,a5a03d70a5a03d74,0,1,0000000000000000,6,1,0,00
800,800,0,0000000,00,3,3,3,0000000000000000,0,0,3,a5a03d70a5a03d74,0,1,0000000000000000,6,1,0,00
801,801,0,0000000,00,3,3,3,0000000000000000,0,0,3,a5a03d70a5a03d74,0,1,0000000000000000,6,1,0,00
802,802,0,0000000,00,3,3,3,0000000000000000,0,0,3,a5a03d70a5a03d74,0,1,0000000000000000,1,1,1,00
803,803,0,0000000,00,3,3,3,0000000000000000,0,0,3,a5a03d70a5a03d74,0,1,0000000000000000,1,1,1,00
804,804,0,0000000,00,3,3,3,0000000000000000,0,0,3,a5a03d70a5a03d74,0,1,0000000000000000,1,1,1,00
805,805,0,0000000,00,3,3,3,0000000000000000,0,0,3,a5a03d70a5a03d74,0,1,0000000000000000,1,1,1,00
806,806,0,0000000,00,3,3,3,0000000000000000,0,0,3,a5a03d70a5a03d74,0,1,0000000000000000,6,1,0,00
807,807,0,0000000,00,3,3,3,0000000000000000,0,0,3,a5a03d70a5a03d74,0,1,0000000000000000,6,1,0,00
808,808,0,0000000,05,3,2,2,0000000000000000,0,0,3,a5a03d70a5a03d74,0,1,0000000000000000,6,1,0,00
809,809,0,0000000,06,3,2,2,0000000000000000,0,0,3,a5a03d70a5a03d74,0,1,0000000000000000,6,1,0,00
810,810,0,0000000,07,3,2,2,0000000000000000,0,0,3,a5a03d70a5a03d74,0,1,0000000000000000,6,1,0,00
811,811,0,0000000,00,3,2,2,0000000000000000,0,0,3,a5a03d70a5a03d74,0,1,0000000000000000,6,1,0,00
812,812,0,0000000,00,3,3,3,0000000000000000,0,0,3,a5a03d70a5a03d74,0,1,0000000000000000,6,1,0,00
813,813,0,0000000,00,3,3,3,0000000000000000,0,0,3,a5a03d70a5a03d74,0,1,0000000000000000,6,1,0,00
814,814,0,0000000,00,3,3,3,0000000000000000,0,0,3,a5a03d70a5a03d74,0,1,0000000000000000,6,1,0,00
815,815,0,0000000,00,3,3,3,0000000000000000,0,0,3,a5a03d70a5a03d74,0,1,0000000000000000,6,1,0,00
816,816,0,0000000,00,3,3,3,0000000000000000,0,0,3,a5a03d70a5a03d74,0,1,0000000000000000,6,1,0,00
817,817,0,0000000,00,3,3,3,0000000000000000,0,0,3,a5a03d70a5a03d74,0,1,0000000000000000,6,1,0,00
818,818,0,0000000,00,3,3,3,0000000000000000,0,0,3,a5a03d70a5a03d74,0,1,0000000000000000,6,1,0,00
819,819,0,0000000,00,3,3,3,0000000000000000,0,0,3,a5a03d70a5a03d74,0,1,0000000000000000,6,1,0,00
820,820,0,0000000,00,3,3,3,0000000000000000,0,0,3,a5a03d70a5a03d74,0,1,0000000000000000,6,1,0,00
821,821,0,0000000,00,3,3,3,0000000000000000,0,0,3,a5a03d70a5a03d74,0,1,0000000000000000,6,1,0,00
822,822,0,0000000,00,3,3,3,0000000000000000,0,0,3,a5a03d70a5a03d74,0,1,0000000000000000,4,1,1,00
823,823,0,0000000,00,3,3,3,0000000000000000,0,0,3,a5a03d70a5a03d74,0,1,0000000000000000,4,1,1,00
824,824,0,0000000,00,3,3,3,0000000000000000,0,0,3,a5a03d70a5a03d74,0,1,0000000000000000,4,1,1,00
825,825,0,0000000,00,3,3,3,0000000000000000,0,0,3,a5a03df0a5a03df4,0,1,0000000000000000,4,1,1,00
826,826,0,0000000,00,3,3,3,0000000000000000,0,0,3,a5a03df0a5a03df4,0,1,0000000000000000,1,1,0,00
827,827,0,0000000,00,3,3,3,0000000000000000,0,0,3,a5a03df0a5a03df4,0,1,0000000000000000,1,1,0,00
828,828,0,000002c,05,2,2,3,0000000000000000,0,0,2,a5a03df0a5a03df4,3,1,0000000000000000,1,1,0,00
829,829,0,000002c,06,2,2,3,0000000000000000,0,0,2,a5a03de8a5a03dec,3,1,0000000000000000,1,1,0,00
830,830,0,000002c,07,2,2,3,0000000000000000,0,0,2,a5a03de0a5a03de4,3,1,0000000000000000,1,1,0,00
831,831,0,0000030,00,2,2,3,0000000000000000,0,0,2,a5a03c18a5a03c1c,3,1,0000000000000000,1,1,0,00
832,832,0,0000000,00,3,3,3,0000000000000000,0,0,3,a5a03d90a5a03d94,0,1,0000000000000000,1,1,0,00
833,833,0,0000000,00,3,3,3,3d00000000000000,0,0,3,a5a03d90a5a03d94,0,1,0000000000000000,1,1,0,00
834,834,0,0000000,00,3,3,3,3df0a5a03df4a5a0,0,0,3,a5a03d90a5a03d94,0,1,0000000000000000,4,1,1,00
835,835,0,0000000,00,3,3,3,3de8a5a03deca5a0,0,0,3,a5a03d90a5a03d94,0,1,0000000000000000,4,1,1,00
836,836,0,0000000,00,3,3,3,3de0a5a03de4a5a0,0,0,3,a5a03d90a5a03d94,0,1,0000000000000000,4,1,1,00
837,837,0,0000000,00,3,3,3,3c18a5a03c1ca5a0,0,0,3,a5a03c30a5a03c34,0,1,0000000000000000,4,1,1,00
838,838,0,0000000,00,3,3,3,3d90a5a03d94a5a0,0,0,3,a5a03c30a5a03c34,0,1,0000000000000000,4,1,0,00
839,839,0,0000000,00,3,3,3,0000000000000010,0,0,3,a5a03c30a5a03c34,0,1,0000000000000000,4,1,0,00
840,840,0,0000030,05,2,2,3,0000000000000000,0,0,2,a5a03c30a5a03c34,3,1,3d00000000000000,4,1,0,00
841,841,0,0000030,06,2,2,3,0000000000000000,0,0,2,a5a03c28a5a03c2c,3,1,3df0a5a03df4a5a0,4,1,0,00
842,842,0,0000030,07,2,2,3,0000000000000000,0,0,2,a5a03c20a5a03c24,3,1,3de8a5a03deca5a0,1,1,1,00
843,843,0,0000034,00,2,2,3,0000000000000000,0,0,2,a5a03c58a5a03c5c,3,1,3de0a5a03de4a5a0,1,1,1,00
844,844,0,0000000,00,3,3,3,0000000000000000,0,0,3,a5a03db0a5a03db4,0,1,3c18a5a03c1ca5a0,1,1,1,00
845,845,0,0000000,00,3,3,3,3c00000000000000,0,0,3,a5a03db0a5a03db4,0,1,3d90a5a03d94a5a0,1,1,1,00
846,846,0,0000000,00,3,3,3,3c30a5a03c34a5a0,0,0,3,a5a03db0a5a03db4,0,1,0000000000000010,4,1,0,00
847,847,0,0000000,00,3,3,3,3c28a5a03c2ca5a0,0,0,3,a5a03db0a5a03db4,0,1,0000000000000000,4,1,0,00
848,848,0,0000000,01,3,2,2,3c20a5a03c24a5a0,0,0,3,a5a03db0a5a03db4,0,1,0000000000000000,4,1,0,00
849,849,0,0000000,02,3,2,2,3c58a5a03c5ca5a0,0,0,3,a5a03db0a5a03db4,0,1,0000000000000000,4,1,0,00
850,850,0,0000000,03,3,2,2,3db0a5a03db4a5a0,0,0,3,a5a03db0a5a03db4,0,1,0000000000000000,4,1,0,00
851,851,0,0000000,04,3,2,2,0000000000000030,0,0,3,a5a03db0a5a03db4,0,1,0000000000000000,4,1,0,00
852,852,0,0000000,00,3,3,3,0000000000000000,0,0,3,a5a03db0a5a03db4,0,1,3c00000000000000,4,1,0,00
853,853,0,0000000,00,3,3,3,0000000000000000,0,0,3,a5a03db0a5a03db4,0,1,3c30a5a03c34a5a0,4,1,0,00
854,854,0,0000000,00,3,3,3,0000000000000000,0,0,3,a5a03db0a5a03db4,0,1,3c28a5a03c2ca5a0,4,1,0,00
855,855,0,0000000,00,3,3,3,0000000000000000,0,0,3,a5a03db0a5a03db4,0,1,3c20a5a03c24a5a0,4,1,0,00
856,856,0,0000000,00,3,3,3,0000000000000000,0,0,3,a5a03db0a5a03db4,0,1,3c58a5a03c5ca5a0,4,1,0,00
857,857,0,0000000,00,3,3,3,0000000000000000,0,0,3,a5a03db0a5a03db4,0,1,3db0a5a03db4a5a0,4,1,0,00
858,858,0,0000000,00,3,3,3,0000000000000000,0,0,3,a5a03db0a5a03db4,0,1,0000000000000030,4,1,0,00
859,859,0,0000000,00,3,3,3,0000000000000000,0,0,3,a5a03db0a5a03db4,0,1,0000000000000000,4,1,0,00
860,860,0,0000000,00,3,3,3,0000000000000000,0,0,3,a5a03db0a5a03db4,0,1,0000000000000000,4,1,0,00
861,861,0,0000000,00,3,3,3,0000000000000000,0,0,3,a5a03db0a5a03db4,0,1,0000000000000000,4,1,0,00
862,862,0,0000000,00,3,3,3,0000000000000000,0,0,3,a5a03db0a5a03db4,0,1,0000000000000000,4,1,1,00
863,863,0,0000000,00,3,3,3,0000000000000000,0,0,3,a5a03db0a5a03db4,0,1,0000000000000000,4,1,1,00
864,864,0,0000000,00,3,3,3,0000000000000000,0,0,3,a5a03db0a5a03db4,0,1,0000000000000000,4,1,1,00
865,865,0,0000000,00,3,3,3,0000000000000000,0,0,3,a5a03c10a5a03c14,0,1,0000000000000000,4,1,1,00
866,866,0,0000000,00,3,3,3,0000000000000000,0,0,3,a5a03c10a5a03c14,0,1,0000000000000000,4,1,1,00
867,867,0,0000000,00,3,3,3,0000000000000000,0,0,3,a5a03c10a5a03c14,0,1,0000000000000000,1,1,0,00
868,868,0,0000030,01,2,2,3,0000000000000000,0,0,2,a5a03c10a5a03c14,3,1,0000000000000000,1,1,0,00
869,869,0,0000030,02,2,2,3,0000000000000000,0,0,2,a5a03c08a5a03c0c,3,1,0000000000000000,1,1,0,00
870,870,0,0000030,03,2,2,3,0000000000000000,0,0,2,a5a03c00a5a03c04,3,1,0000000000000000,1,1,0,00
871,871,0,0000030,04,2,2,3,0000000000000000,0,0,2,a5a03c38a5a03c3c,3,1,0000000000000000,1,1,0,00
872,872,0,0000034,01,2,2,3,0000000000000000,0,0,2,a5a03c50a5a03c54,3,1,0000000000000000,1,1,0,00
873,873,0,0000000,00,3,3,3,3c00000000000000,0,0,3,a5a03dc8a5a03dcc,0,1,0000000000000000,1,1,0,00
874,874,0,0000000,00,3,3,3,3c10a5a03c14a5a0,0,0,3,a5a03dc8a5a03dcc,0,1,0000000000000000,1,1,0,00
875,875,0,0000000,00,3,3,3,3c08a5a03c0ca5a0,0,0,3,a5a03dc8a5a03dcc,0,1,0000000000000000,4,1,1,00
876,876,0,0000000,00,3,3,3,3c00a5a03c04a5a0,0,0,3,a5a03dc8a5a03dcc,0,1,0000000000000000,4,1,1,00
877,877,0,0000000,00,3,3,3,3c38a5a03c3ca5a0,0,0,3,a5a03dc8a5a03dcc,0,1,0000000000000000,4,1,1,00
878,878,0,0000000,00,3,3,3,3c50a5a03c54a5a0,0,0,3,a5a03c48a5a03c4c,0,1,0000000000000000,4,1,1,00
879,879,0,0000000,00,3,3,3,3dc8a5a03dcca5a0,0,0,3,a5a03c48a5a03c4c,0,1,0000000000000000,4,1,1,00
880,880,0,0000000,00,3,3,3,0000000000000048,0,0,3,a5a03c48a5a03c4c,0,1,3c00000000000000,4,1,0,00
881,881,0,0000034,02,2,2,3,0000000000000000,0,0,2,a5a03c48a5a03c4c,3,1,3c10a5a03c14a5a0,4,1,0,00
882,882,0,0000034,03,2,2,3,0000000000000000,0,0,2,a5a03c40a5a03c44,3,1,3c08a5a03c0ca5a0,4,1,0,00
883,883,0,0000034,04,2,2,3,0000000000000000,0,0,2,a5a03c78a5a03c7c,3,1,3c00a5a03c04a5a0,4,1,0,00
884,884,0,0000034,05,2,2,3,0000000000000000,0,0,2,a5a03c70a5a03c74,3,1,3c38a5a03c3ca5a0,4,1,0,00
885,885,0,0000034,06,2,2,3,0000000000000000,0,0,2,a5a03c68a5a03c6c,3,1,3c50a5a03c54a5a0,4,1,0,00
886,886,0,0000000,00,3,3,3,3c00000000000000,0,0,3,a5a03de0a5a03de4,0,1,3dc8a5a03dcca5a0,4,1,0,00
887,887,0,0000000,00,3,3,3,3c48a5a03c4ca5a0,0,0,3,a5a03de0a5a03de4,0,1,0000000000000048,4,1,0,00
888,888,0,0000000,00,3,3,3,3c40a5a03c44a5a0,0,0,3,a5a03de0a5a03de4,0,1,0000000000000000,4,1,1,00
889,889,0,0000000,00,3,3,3,3c78a5a03c7ca5a0,0,0,3,a5a03de0a5a03de4,0,1,0000000000000000,4,1,1,00
890,890,0,0000000,00,3,3,3,3c70a5a03c74a5a0,0,0,3,a5a03de0a5a03de4,0,1,0000000000000000,4,1,1,00
891,891,0,0000000,00,3,3,3,3c68a5a03c6ca5a0,0,0,3,a5a03c60a5a03c64,0,1,0000000000000000,4,1,1,00
892,892,0,0000000,00,3,3,3,3de0a5a03de4a5a0,0,0,3,a5a03c60a5a03c64,0,1,0000000000000000,4,1,1,00
893,893,0,0000000,00,3,3,3,0000000000000020,0,0,3,a5a03c60a5a03c64,0,1,3c00000000000000,4,1,0,00
894,894,0,0000034,07,2,2,3,0000000000000000,0,0,2,a5a03c60a5a03c64,3,1,3c48a5a03c4ca5a0,4,1,0,00
895,895,0,0000038,00,2,2,3,0000000000000000,0,0,2,a5a03c98a5a03c9c,3,1,3c40a5a03c44a5a0,4,1,0,00
896,896,0,0000038,01,2,2,3,0000000000000000,0,0,2,a5a03c90a5a03c94,3,1,3c78a5a03c7ca5a0,4,1,0,00
897,897,0,0000038,02,2,2,3,0000000000000000,0,0,2,a5a03c88a5a03c8c,3,1,3c70a5a03c74a5a0,4,1,0,00
898,898,0,0000038,03,2,2,3,0000000000000000,0,0,2,a5a03c80a5a03c84,3,1,3c68a5a03c6ca5a0,4,1,0,00
899,899,0,0000000,00,3,3,3,3c00000000000000,0,0,3,a5a03c58a5a03c5c,0,1,3de0a5a03de4a5a0,4,1,0,00
900,900,0,0000000,00,3,3,3,3c60a5a03c64a5a0,0,0,3,a5a03c58a5a03c5c,0,1,0000000000000020,4,1,0,00
901,901,0,0000000,00,3,3,3,3c98a5a03c9ca5a0,0,0,3,a5a03c58a5a03c5c,0,1,0000000000000000,4,1,1,00
902,902,0,0000000,00,3,3,3,3c90a5a03c94a5a0,0,0,3,a5a03c58a5a03c5c,0,1,0000000000000000,4,1,1,00
903,903,0,0000000,00,3,3,3,3c88a5a03c8ca5a0,0,0,3,a5a03c58a5a03c5c,0,1,0000000000000000,4,1,1,00
904,904,0,0000000,00,3,3,3,3c80a5a03c84a5a0,0,0,3,a5a03cb8a5a03cbc,0,1,0000000000000000,4,1,1,00
905,905,0,0000000,00,3,3,3,3c58a5a03c5ca5a0,0,0,3,a5a03cb8a5a03cbc,0,1,0000000000000000,4,1,1,00
906,906,0,0000000,00,3,3,3,0000000000000058,0,0,3,a5a03cb8a5a03cbc,0,1,3c00000000000000,4,1,0,00
907,907,0,0000038,04,2,2,3,0000000000000000,0,0,2,a5a03cb8a5a03cbc,3,1,3c60a5a03c64a5a0,4,1,0,00
908,908,0,0000038,05,2,2,3,0000000000000000,0,0,2,a5a03cb0a5a03cb4,3,1,3c98a5a03c9ca5a0,4,1,0,00
909,909,0,0000038,06,2,2,3,0000000000000000,0,0,2,a5a03ca8a5a03cac,3,1,3c90a5a03c94a5a0,4,1,0,00
910,910,0,0000038,07,2,2,3,0000000000000000,0,0,2,a5a03ca0a5a03ca4,3,1,3c88a5a03c8ca5a0,4,1,0,00
911,911,0,000003c,00,2,2,3,0000000000000000,0,0,2,a5a03cd8a5a03cdc,3,1,3c80a5a03c84a5a0,4,1,0,00
912,912,0,0000000,00,3,3,3,3c00000000000000,0,0,3,a5a03c50a5a03c54,0,1,3c58a5a03c5ca5a0,4,1,0,00
913,913,0,0000000,00,3,3,3,3cb8a5a03cbca5a0,0,0,3,a5a03c50a5a03c54,0,1,0000000000000058,4,1,0,00
914,914,0,0000000,00,3,3,3,3cb0a5a03cb4a5a0,0,0,3,a5a03c50a5a03c54,0,1,0000000000000000,4,1,1,00
915,915,0,0000000,00,3,3,3,3ca8a5a03caca5a0,0,0,3,a5a03c50a5a03c54,0,1,0000000000000000,4,1,1,00
916,916,0,0000000,00,3,3,3,3ca0a5a03ca4a5a0,0,0,3,a5a03c50a5a03c54,0,1,0000000000000000,4,1,1,00
917,917,0,0000000,00,3,3,3,3cd8a5a03cdca5a0,0,0,3,a5a03cd0a5a03cd4,0,1,0000000000000000,4,1,1,00
918,918,0,0000000,00,3,3,3,3c50a5a03c54a5a0,0,0,3,a5a03cd0a5a03cd4,0,1,0000000000000000,4,1,1,00
919,919,0,0000000,00,3,3,3,0000000000000050,0,0,3,a5a03cd0a5a03cd4,0,1,3c00000000000000,4,1,0,00
920,920,0,000003c,01,2,2,3,0000000000000000,0,0,2,a5a03cd0a5a03cd4,3,1,3cb8a5a03cbca5a0,4,1,0,00
921,921,0,000003c,02,2,2,3,0000000000000000,0,0,2,a5a03cc8a5a03ccc,3,1,3cb0a5a03cb4a5a0,4,1,0,00
922,922,0,000003c,03,2,2,3,0000000000000000,0,0,2,a5a03cc0a5a03cc4,3,1,3ca8a5a03caca5a0,4,1,0,00
923,923,0,000003c,04,2,2,3,0000000000000000,0,0,2,a5a03cf8a5a03cfc,3,1,3ca0a5a03ca4a5a0,4,1,0,00
924,924,0,000003c,05,2,2,3,0000000000000000,0,0,2,a5a03cf0a5a03cf4,3,1,3cd8a5a03cdca5a0,4,1,0,00
925,925,0,0000000,00,3,3,3,3c00000000000000,0,0,3,a5a03c68a5a03c6c,0,1,3c50a5a03c54a5a0,4,1,0,00
926,926,0,0000000,00,3,3,3,3cd0a5a03cd4a5a0,0,0,3,a5a03c68a5a03c6c,0,1,0000000000000050,4,1,0,00
927,927,0,0000000,00,3,3,3,3cc8a5a03ccca5a0,0,0,3,a5a03c68a5a03c6c,0,1,0000000000000000,4,1,1,00
928,928,0,0000000,00,3,3,3,3cc0a5a03cc4a5a0,0,0,3,a5a03c68a5a03c6c,0,1,0000000000000000,4,1,1,00
929,929,0,0000000,00,3,3,3,3cf8a5a03cfca5a0,0,0,3,a5a03c68a5a03c6c,0,1,0000000000000000,4,1,1,00
930,930,0,0000000,00,3,3,3,3cf0a5a03cf4a5a0,0,0,3,a5a03ce8a5a03cec,0,1,0000000000000000,4,1,1,00
931,931,0,0000000,00,3,3,3,3c68a5a03c6ca5a0,0,0,3,a5a03ce8a5a03cec,0,1,0000000000000000,4,1,1,00
932,932,0,0000000,00,3,3,3,0000000000000068,0,0,3,a5a03ce8a5a03cec,0,1,3c00000000000000,4,1,0,00
933,933,0,000003c,06,2,2,3,0000000000000000,0,0,2,a5a03ce8a5a03cec,3,1,3cd0a5a03cd4a5a0,4,1,0,00
934,934,0,000003c,07,2,2,3,0000000000000000,0,0,2,a5a03ce0a5a03ce4,3,1,3cc8a5a03ccca5a0,4,1,0,00
935,935,0,0000040,00,2,2,3,0000000000000000,0,0,2,a5a03b18a5a03b1c,3,1,3cc0a5a03cc4a5a0,4,1,0,00
936,936,0,0000040,01,2,2,3,0000000000000000,0,0,2,a5a03b10a5a03b14,3,1,3cf8a5a03cfca5a0,4,1,0,00
937,937,0,0000040,02,2,2,3,0000000000000000,0,0,2,a5a03b08a5a03b0c,3,1,3cf0a5a03cf4a5a0,4,1,0,00
938,938,0,0000000,00,3,3,3,3c00000000000000,0,0,3,a5a03c80a5a03c84,0,1,3c68a5a03c6ca5a0,4,1,0,00
939,939,0,0000000,00,3,3,3,3ce8a5a03ceca5a0,0,0,3,a5a03c80a5a03c84,0,1,0000000000000068,4,1,0,00
940,940,0,0000000,00,3,3,3,3ce0a5a03ce4a5a0,0,0,3,a5a03c80a5a03c84,0,1,0000000000000000,4,1,1,00
941,941,0,0000000,00,3,3,3,3b18a5a03b1ca5a0,0,0,3,a5a03c80a5a03c84,0,1,0000000000000000,4,1,1,00
942,942,0,0000000,00,3,3,3,3b10a5a03b14a5a0,0,0,3,a5a03c80a5a03c84,0,1,0000000000000000,4,1,1,00
943,943,0,0000000,00,3,3,3,3b08a5a03b0ca5a0,0,0,3,a5a03b00a5a03b04,0,1,0000000000000000,4,1,1,00
944,944,0,0000000,00,3,3,3,3c80a5a03c84a5a0,0,0,3,a5a03b00a5a03b04,0,1,0000000000000000,4,1,1,00
945,945,0,0000000,00,3,3,3,0000000000000000,0,0,3,a5a03b00a5a03b04,0,1,3c00000000000000,4,1,0,00
946,946,0,0000040,03,2,2,3,0000000000000000,0,0,2,a5a03b00a5a03b04,3,1,3ce8a5a03ceca5a0,4,1,0,00
947,947,0,0000040,04,2,2,3,0000000000000000,0,0,2,a5a03b38a5a03b3c,3,1,3ce0a5a03ce4a5a0,4,1,0,00
948,948,0,0000040,05,2,2,3,0000000000000000,0,0,2,a5a03b30a5a03b34,3,1,3b18a5a03b1ca5a0,4,1,0,00
949,949,0,0000040,06,2,2,3,0000000000000000,0,0,2,a5a03b28a5a03b2c,3,1,3b10a5a03b14a5a0,4,1,0,00
950,950,0,0000040,07,2,2,3,0000000000000000,0,0,2,a5a03b20a5a03b24,3,1,3b08a5a03b0ca5a0,4,1,0,00
951,951,0,0000000,00,3,3,3,3b00000000000000,0,0,3,a5a03cd8a5a03cdc,0,1,3c80a5a03c84a5a0,4,1,0,00
952,952,0,0000000,00,3,3,3,3b00a5a03b04a5a0,0,0,3,a5a03cd8a5a03cdc,0,1,0000000000000000,4,1,0,00
953,953,0,0000000,00,3,3,3,3b38a5a03b3ca5a0,0,0,3,a5a03cd8a5a03cdc,0,1,0000000000000000,4,1,1,00
954,954,0,0000000,00,3,3,3,3b30a5a03b34a5a0,0,0,3,a5a03cd8a5a03cdc,0,1,0000000000000000,4,1,1,00
955,955,0,0000000,00,3,3,3,3b28a5a03b2ca5a0,0,0,3,a5a03cd8a5a03cdc,0,1,0000000000000000,4,1,1,00
956,956,0,0000000,00,3,3,3,3b20a5a03b24a5a0,0,0,3,a5a03b58a5a03b5c,0,1,0000000000000000,4,1,1,00
957,957,0,0000000,00,3,3,3,3cd8a5a03cdca5a0,0,0,3,a5a03b58a5a03b5c,0,1,0000000000000000,4,1,1,00
958,958,0,0000000,00,3,3,3,00000000000000d8,0,0,3,a5a03b58a5a03b5c,0,1,3b00000000000000,4,1,0,00
959,959,0,0000044,00,2,2,3,0000000000000000,0,0,2,a5a03b58a5a03b5c,3,1,3b00a5a03b04a5a0,4,1,0,00
960,960,0,0000044,01,2,2,3,0000000000000000,0,0,2,a5a03b50a5a03b54,3,1,3b38a5a03b3ca5a0,4,1,0,00
961,961,0,0000044,02,2,2,3,0000000000000000,0,0,2,a5a03b48a5a03b4c,3,1,3b30a5a03b34a5a0,4,1,0,00
962,962,0,0000044,03,2,2,3,0000000000000000,0,0,2,a5a03b40a5a03b44,3,1,3b28a5a03b2ca5a0,4,1,0,00
963,963,0,0000044,04,2,2,3,0000000000000000,0,0,2,a5a03b78a5a03b7c,3,1,3b20a5a03b24a5a0,4,1,0,00
964,964,0,0000000,00,3,3,3,3b00000000000000,0,0,3,a5a03cf0a5a03cf4,0,1,3cd8a5a03cdca5a0,4,1,0,00
965,965,0,0000000,00,3,3,3,3b58a5a03b5ca5a0,0,0,3,a5a03cf0a5a03cf4,0,1,00000000000000d8,4,1,0,00
966,966,0,0000000,00,3,3,3,3b50a5a03b54a5a0,0,0,3,a5a03cf0a5a03cf4,0,1,0000000000000000,4,1,1,00
967,967,0,0000000,00,3,3,3,3b48a5a03b4ca5a0,0,0,3,a5a03cf0a5a03cf4,0,1,0000000000000000,4,1,1,00
968,968,0,0000000,00,3,3,3,3b40a5a03b44a5a0,0,0,3,a5a03cf0a5a03cf4,0,1,0000000000000000,4,1,1,00
969,969,0,0000000,00,3,3,3,3b78a5a03b7ca5a0,0,0,3,a5a03b70a5a03b74,0,1,0000000000000000,4,1,1,00
970,970,0,0000000,00,3,3,3,3cf0a5a03cf4a5a0,0,0,3,a5a03b70a5a03b74,0,1,0000000000000000,4,1,1,00
971,971,0,0000000,00,3,3,3,00000000000000f0,0,0,3,a5a03b70a5a03b74,0,1,3b00000000000000,4,1,0,00
972,972,0,0000044,05,2,2,3,0000000000000000,0,0,2,a5a03b70a5a03b74,3,1,3b58a5a03b5ca5a0,4,1,0,00
973,973,0,0000044,06,2,2,3,0000000000000000,0,0,2,a5a03b68a5a03b6c,3,1,3b50a5a03b54a5a0,4,1,0,00
974,974,0,0000044,07,2,2,3,0000000000000000,0,0,2,a5a03b60a5a03b64,3,1,3b48a5a03b4ca5a0,4,1,0,00
975,975,0,0000048,00,2,2,3,0000000000000000,0,0,2,a5a03b98a5a03b9c,3,1,3b40a5a03b44a5a0,4,1,0,00
976,976,0,0000048,01,2,2,3,0000000000000000,0,0,2,a5a03b90a5a03b94,3,1,3b78a5a03b7ca5a0,4,1,0,00
977,977,0,0000000,00,3,3,3,3b00000000000000,0,0,3,a5a03b08a5a03b0c,0,1,3cf0a5a03cf4a5a0,4,1,0,00
978,978,0,0000000,00,3,3,3,3b70a5a03b74a5a0,0,0,3,a5a03b08a5a03b0c,0,1,00000000000000f0,4,1,0,00
979,979,0,0000000,00,3,3,3,3b68a5a03b6ca5a0,0,0,3,a5a03b08a5a03b0c,0,1,0000000000000000,4,1,1,00
980,980,0,0000000,00,3,3,3,3b60a5a03b64a5a0,0,0,3,a5a03b08a5a03b0c,0,1,0000000000000000,4,1,1,00
981,981,0,0000000,00,3,3,3,3b98a5a03b9ca5a0,0,0,3,a5a03b08a5a03b0c,0,1,0000000000000000,4,1,1,00
982,982,0,0000000,00,3,3,3,3b90a5a03b94a5a0,0,0,3,a5a03b88a5a03b8c,0,1,0000000000000000,4,1,1,00
983,983,0,0000000,00,3,3,3,3b08a5a03b0ca5a0,0,0,3,a5a03b88a5a03b8c,0,1,0000000000000000,4,1,1,00
984,984,0,0000000,00,3,3,3,0000000000000008,0,0,3,a5a03b88a5a03b8c,0,1,3b00000000000000,4,1,0,00
985,985,0,0000048,02,2,2,3,0000000000000000,0,0,2,a5a03b88a5a03b8c,3,1,3b70a5a03b74a5a0,4,1,0,00
986,986,0,0000048,03,2,2,3,0000000000000000,0,0,2,a5a03b80a5a03b84,3,1,3b68a5a03b6ca5a0,4,1,0,00
987,987,0,0000048,04,2,2,3,0000000000000000,0,0,2,a5a03bb8a5a03bbc,3,1,3b60a5a03b64a5a0,4,1,0,00
988,988,0,0000048,05,2,2,3,0000000000000000,0,0,2,a5a03bb0a5a03bb4,3,1,3b98a5a03b9ca5a0,4,1,0,00
989,989,0,0000048,06,2,2,3,0000000000000000,0,0,2,a5a03ba8a5a03bac,3,1,3b90a5a03b94a5a0,4,1,0,00
990,990,0,0000000,00,3,3,3,3b00000000000000,0,0,3,a5a03b20a5a03b24,0,1,3b08a5a03b0ca5a0,4,1,0,00
991,991,0,0000000,00,3,3,3,3b88a5a03b8ca5a0,0,0,3,a5a03b20a5a03b24,0,1,0000000000000008,4,1,0,00
992,992,0,0000000,00,3,3,3,3b80a5a03b84a5a0,0,0,3,a5a03b20a5a03b24,0,1,0000000000000000,4,1,1,00
993,993,0,0000000,00,3,3,3,3bb8a5a03bbca5a0,0,0,3,a5a03b20a5a03b24,0,1,0000000000000000,4,1,1,00
994,994,0,0000000,00,3,3,3,3bb0a5a03bb4a5a0,0,0,3,a5a03b20a5a03b24,0,1,0000000000000000,4,1,1,00
995,995,0,0000000,00,3,3,3,3ba8a5a03baca5a0,0,0,3,a5a03ba0a5a03ba4,0,1,0000000000000000,4,1,1,00
996,996,0,0000000,00,3,3,3,3b20a5a03b24a5a0,0,0,3,a5a03ba0a5a03ba4,0,1,0000000000000000,4,1,1,00
997,997,0,0000000,00,3,3,3,0000000000000020,0,0,3,a5a03ba0a5a03ba4,0,1,3b00000000000000,4,1,0,00
998,998,0,0000048,07,2,2,3,0000000000000000,0,0,2,a5a03ba0a5a03ba4,3,1,3b88a5a03b8ca5a0,4,1,0,00
999,999,0,000004c,00,2,2,3,0000000000000000,0,0,2,a5a03bd8a5a03bdc,3,1,3b80a5a03b84a5a0,4,1,0,00
1000,1000,0,000004c,01,2,2,3,0000000000000000,0,0,2,a5a03bd0a5a03bd4,3,1,3bb8a5a03bbca5a0,4,1,0,00
1001,1001,0,000004c,02,2,2,3,0000000000000000,0,0,2,a5a03bc8a5a03bcc,3,1,3bb0a5a03bb4a5a0,4,1,0,00
1002,1002,0,000004c,03,2,2,3,0000000000000000,0,0,2,a5a03bc0a5a03bc4,3,1,3ba8a5a03baca5a0,4,1,0,00
1003,1003,0,0000000,00,3,3,3,3b00000000000000,0,0,3,a5a03b78a5a03b7c,0,1,3b20a5a03b24a5a0,4,1,0,00
1004,1004,0,0000000,00,3,3,3,3ba0a5a03ba4a5a0,0,0,3,a5a03b78a5a03b7c,0,1,0000000000000020,4,1,0,00
1005,1005,0,0000000,00,3,3,3,3bd8a5a03bdca5a0,0,0,3,a5a03b78a5a03b7c,0,1,0000000000000000,4,1,1,00
1006,1006,0,0000000,00,3,3,3,3bd0a5a03bd4a5a0,0,0,3,a5a03b78a5a03b7c,0,1,0000000000000000,4,1,1,00
1007,1007,0,0000000,00,3,3,3,3bc8a5a03bcca5a0,0,0,3,a5a03b78a5a03b7c,0,1,0000000000000000,4,1,1,00
1008,1008,0,0000000,00,3,3,3,3bc0a5a03bc4a5a0,0,0,3,a5a03bf8a5a03bfc,0,1,0000000000000000,4,1,1,00
1009,1009,0,0000000,00,3,3,3,3b78a5a03b7ca5a0,0,0,3,a5a03bf8a5a03bfc,0,1,0000000000000000,4,1,1,00
1010,1010,0,0000000,00,3,3,3,0000000000000078,0,0,3,a5a03bf8a5a03bfc,0,1,3b00000000000000,4,1,0,00
1011,1011,0,000004c,04,2,2,3,0000000000000000,0,0,2,a5a03bf8a5a03bfc,3,1,3ba0a5a03ba4a5a0,4,1,0,00
1012,1012,0,000004c,05,2,2,3,0000000000000000,0,0,2,a5a03bf0a5a03bf4,3,1,3bd8a5a03bdca5a0,4,1,0,00
1013,1013,0,000004c,06,2,2,3,0000000000000000,0,0,2,a5a03be8a5a03bec,3,1,3bd0a5a03bd4a5a0,4,1,0,00
1014,1014,0,000004c,07,2,2,3,0000000000000000,0,0,2,a5a03be0a5a03be4,3,1,3bc8a5a03bcca5a0,4,1,0,00
1015,1015,0,0000050,00,2,2,3,0000000000000000,0,0,2,a5a03a18a5a03a1c,3,1,3bc0a5a03bc4a5a0,4,1,0,00
1016,1016,0,0000000,00,3,3,3,3b00000000000000,0,0,3,a5a03b90a5a03b94,0,1,3b78a5a03b7ca5a0,4,1,0,00
1017,1017,0,0000000,00,3,3,3,3bf8a5a03bfca5a0,0,0,3,a5a03b90a5a03b94,0,1,0000000000000078,4,1,0,00
1018,1018,0,0000000,00,3,3,3,3bf0a5a03bf4a5a0,0,0,3,a5a03b90a5a03b94,0,1,0000000000000000,4,1,1,00
1019,1019,0,0000000,00,3,3,3,3be8a5a03beca5a0,0,0,3,a5a03b90a5a03b94,0,1,0000000000000000,4,1,1,00
1020,1020,0,0000000,00,3,3,3,3be0a5a03be4a5a0,0,0,3,a5a03b90a5a03b94,0,1,0000000000000000,4,1,1,00
1021,1021,0,0000000,00,3,3,3,3a18a5a03a1ca5a0,0,0,3,a5a03a10a5a03a14,0,1,0000000000000000,4,1,1,00
1022,1022,0,0000000,00,3,3,3,3b90a5a03b94a5a0,0,0,3,a5a03a10a5a03a14,0,1,0000000000000000,4,1,1,00
1023,1023,0,0000000,00,3,3,3,0000000000000090,0,0,3,a5a03a10a5a03a14,0,1,3b00000000000000,4,1,0,00
1024,1024,0,0000050,01,2,2,3,0000000000000000,0,0,2,a5a03a10a5a03a14,3,1,3bf8a5a03bfca5a0,4,1,0,00
1025,1025,0,0000050,02,2,2,3,0000000000000000,0,0,2,a5a03a08a5a03a0c,3,1,3bf0a5a03bf4a5a0,4,1,0,00
1026,1026,0,0000050,03,2,2,3,0000000000000000,0,0,2,a5a03a00a5a03a04,3,1,3be8a5a03beca5a0,4,1,0,00
1027,1027,0,0000050,04,2,2,3,0000000000000000,0,0,2,a5a03a38a5a03a3c,3,1,3be0a5a03be4a5a0,4,1,0,00
1028,1028,0,0000050,05,2,2,3,0000000000000000,0,0,2,a5a03a30a5a03a34,3,1,3a18a5a03a1ca5a0,4,1,0,00
1029,1029,0,0000000,00,3,3,3,3a00000000000000,0,0,3,a5a03ba8a5a03bac,0,1,3b90a5a03b94a5a0,4,1,0,00
1030,1030,0,0000000,00,3,3,3,3a10a5a03a14a5a0,0,0,3,a5a03ba8a5a03bac,0,1,0000000000000090,4,1,0,00
1031,1031,0,0000000,00,3,3,3,3a08a5a03a0ca5a0,0,0,3,a5a03ba8a5a03bac,0,1,0000000000000000,4,1,1,00
1032,1032,0,0000000,00,3,3,3,3a00a5a03a04a5a0,0,0,3,a5a03ba8a5a03bac,0,1,0000000000000000,4,1,1,00
1033,1033,0,0000000,00,3,3,3,3a38a5a03a3ca5a0,0,0,3,a5a03ba8a5a03bac,0,1,0000000000000000,4,1,1,00
1034,1034,0,0000000,00,3,3,3,3a30a5a03a34a5a0,0,0,3,a5a03a28a5a03a2c,0,1,0000000000000000,4,1,1,00
1035,1035,0,0000000,00,3,3,3,3ba8a5a03baca5a0,0,0,3,a5a03a28a5a03a2c,0,1,0000000000000000,4,1,1,00
1036,1036,0,0000000,00,3,3,3,0000000000000028,0,0,3,a5a03a28a5a03a2c,0,1,3a00000000000000,4,1,0,00
1037,1037,0,0000050,06,2,2,3,0000000000000000,0,0,2,a5a03a28a5a03a2c,3,1,3a10a5a03a14a5a0,4,1,0,00
1038,1038,0,0000050,07,2,2,3,0000000000000000,0,0,2,a5a03a20a5a03a24,3,1,3a08a5a03a0ca5a0,4,1,0,00
1039,1039,0,0000054,00,2,2,3,0000000000000000,0,0,2,a5a03a58a5a03a5c,3,1,3a00a5a03a04a5a0,4,1,0,00
1040,1040,0,0000054,01,2,2,3,0000000000000000,0,0,2,a5a03a50a5a03a54,3,1,3a38a5a03a3ca5a0,4,1,0,00
1041,1041,0,0000054,02,2,2,3,0000000000000000,0,0,2,a5a03a48a5a03a4c,3,1,3a30a5a03a34a5a0,4,1,0,00
1042,1042,0,0000000,00,3,3,3,3a00000000000000,0,0,3,a5a03bc0a5a03bc4,0,1,3ba8a5a03baca5a0,4,1,0,00
1043,1043,0,0000000,00,3,3,3,3a28a5a03a2ca5a0,0,0,3,a5a03bc0a5a03bc4,0,1,0000000000000028,4,1,0,00
1044,1044,0,0000000,00,3,3,3,3a20a5a03a24a5a0,0,0,3,a5a03bc0a5a03bc4,0,1,0000000000000000,4,1,1,00
1045,1045,0,0000000,00,3,3,3,3a58a5a03a5ca5a0,0,0,3,a5a03bc0a5a03bc4,0,1,0000000000000000,4,1,1,00
1046,1046,0,0000000,00,3,3,3,3a50a5a03a54a5a0,0,0,3,a5a03bc0a5a03bc4,0,1,0000000000000000,4,1,1,00
1047,1047,0,0000000,00,3,3,3,3a48a5a03a4ca5a0,0,0,3,a5a03a40a5a03a44,0,1,0000000000000000,4,1,1,00
1048,1048,0,0000000,00,3,3,3,3bc0a5a03bc4a5a0,0,0,3,a5a03a40a5a03a44,0,1,0000000000000000,4,1,1,00
1049,1049,0,0000000,00,3,3,3,0000000000000080,0,0,3,a5a03a40a5a03a44,0,1,3a00000000000000,4,1,0,00
1050,1050,0,0000054,03,2,2,3,0000000000000000,0,0,2,a5a03a40a5a03a44,3,1,3a28a5a03a2ca5a0,4,1,0,00
1051,1051,0,0000054,04,2,2,3,0000000000000000,0,0,2,a5a03a78a5a03a7c,3,1,3a20a5a03a24a5a0,4,1,0,00
1052,1052,0,0000054,05,2,2,3,0000000000000000,0,0,2,a5a03a70a5a03a74,3,1,3a58a5a03a5ca5a0,4,1,0,00
1053,1053,0,0000054,06,2,2,3,0000000000000000,0,0,2,a5a03a68a5a03a6c,3,1,3a50a5a03a54a5a0,4,1,0,00
1054,1054,0,0000054,07,2,2,3,0000000000000000,0,0,2,a5a03a60a5a03a64,3,1,3a48a5a03a4ca5a0,4,1,0,00
1055,1055,0,0000000,00,3,3,3,3a00000000000000,0,0,3,a5a03a18a5a03a1c,0,1,3bc0a5a03bc4a5a0,4,1,0,00
1056,1056,0,0000000,00,3,3,3,3a40a5a03a44a5a0,0,0,3,a5a03a18a5a03a1c,0,1,0000000000000080,4,1,0,00
1057,1057,0,0000000,00,3,3,3,3a78a5a03a7ca5a0,0,0,3,a5a03a18a5a03a1c,0,1,0000000000000000,4,1,1,00
1058,1058,0,0000000,00,3,3,3,3a70a5a03a74a5a0,0,0,3,a5a03a18a5a03a1c,0,1,0000000000000000,4,1,1,00
1059,1059,0,0000000,00,3,3,3,3a68a5a03a6ca5a0,0,0,3,a5a03a18a5a03a1c,0,1,0000000000000000,4,1,1,00
1060,1060,0,0000000,00,3,3,3,3a60a5a03a64a5a0,0,0,3,a5a03a98a5a03a9c,0,1,0000000000000000,4,1,1,00
1061,1061,0,0000000,00,3,3,3,3a18a5a03a1ca5a0,0,0,3,a5a03a98a5a03a9c,0,1,0000000000000000,4,1,1,00
1062,1062,0,0000000,00,3,3,3,0000000000000018,0,0,3,a5a03a98a5a03a9c,0,1,3a00000000000000,4,1,0,00
1063,1063,0,0000058,00,2,2,3,0000000000000000,0,0,2,a5a03a98a5a03a9c,3,1,3a40a5a03a44a5a0,4,1,0,00
1064,1064,0,0000058,01,2,2,3,0000000000000000,0,0,2,a5a03a90a5a03a94,3,1,3a78a5a03a7ca5a0,4,1,0,00
1065,1065,0,0000058,02,2,2,3,0000000000000000,0,0,2,a5a03a88a5a03a8c,3,1,3a70a5a03a74a5a0,4,1,0,00
1066,1066,0,0000058,03,2,2,3,0000000000000000,0,0,2,a5a03a80a5a03a84,3,1,3a68a5a03a6ca5a0,4,1,0,00
1067,1067,0,0000058,04,2,2,3,0000000000000000,0,0,2,a5a03ab8a5a03abc,3,1,3a60a5a03a64a5a0,4,1,0,00
1068,1068,0,0000000,00,3,3,3,3a00000000000000,0,0,3,a5a03a30a5a03a34,0,1,3a18a5a03a1ca5a0,4,1,0,00
1069,1069,0,0000000,00,3,3,3,3a98a5a03a9ca5a0,0,0,3,a5a03a30a5a03a34,0,1,0000000000000018,4,1,0,00
1070,1070,0,0000000,00,3,3,3,3a90a5a03a94a5a0,0,0,3,a5a03a30a5a03a34,0,1,0000000000000000,4,1,1,00
1071,1071,0,0000000,00,3,3,3,3a88a5a03a8ca5a0,0,0,3,a5a03a30a5a03a34,0,1,0000000000000000,4,1,1,00
1072,1072,0,0000000,00,3,3,3,3a80a5a03a84a5a0,0,0,3,a5a03a30a5a03a34,0,1,0000000000000000,4,1,1,00
1073,1073,0,0000000,00,3,3,3,3ab8a5a03abca5a0,0,0,3,a5a03ab0a5a03ab4,0,1,0000000000000000,4,1,1,00
1074,1074,0,0000000,00,3,3,3,3a30a5a03a34a5a0,0,0,3,a5a03ab0a5a03ab4,0,1,0000000000000000,4,1,1,00
1075,1075,0,0000000,00,3,3,3,0000000000000030,0,0,3,a5a03ab0a5a03ab4,0,1,3a00000000000000,4,1,0,00
1076,1076,0,0000058,05,2,2,3,0000000000000000,0,0,2,a5a03ab0a5a03ab4,3,1,3a98a5a03a9ca5a0,4,1,0,00
1077,1077,0,0000058,06,2,2,3,0000000000000000,0,0,2,a5a03aa8a5a03aac,3,1,3a90a5a03a94a5a0,4,1,0,00
1078,1078,0,0000058,07,2,2,3,0000000000000000,0,0,2,a5a03aa0a5a03aa4,3,1,3a88a5a03a8ca5a0,4,1,0,00
1079,1079,0,000005c,00,2,2,3,0000000000000000,0,0,2,a5a03ad8a5a03adc,3,1,3a80a5a03a84a5a0,4,1,0,00
1080,1080,0,000005c,01,2,2,3,0000000000000000,0,0,2,a5a03ad0a5a03ad4,3,1,3ab8a5a03abca5a0,4,1,0,00
1081,1081,0,0000000,00,3,3,3,3a00000000000000,0,0,3,a5a03a48a5a03a4c,0,1,3a30a5a03a34a5a0,4,1,0,00
1082,1082,0,0000000,00,3,3,3,3ab0a5a03ab4a5a0,0,0,3,a5a03a48a5a03a4c,0,1,0000000000000030,4,1,0,00
1083,1083,0,0000000,00,3,3,3,3aa8a5a03aaca5a0,0,0,3,a5a03a48a5a03a4c,0,1,0000000000000000,4,1,1,00
1084,1084,0,0000000,00,3,3,3,3aa0a5a03aa4a5a0,0,0,3,a5a03a48a5a03a4c,0,1,0000000000000000,4,1,1,00
1085,1085,0,0000000,00,3,3,3,3ad8a5a03adca5a0,0,0,3,a5a03a48a5a03a4c,0,1,0000000000000000,4,1,1,00
1086,1086,0,0000000,00,3,3,3,3ad0a5a03ad4a5a0,0,0,3,a5a03ac8a5a03acc,0,1,0000000000000000,4,1,1,00
1087,1087,0,0000000,00,3,3,3,3a48a5a03a4ca5a0,0,0,3,a5a03ac8a5a03acc,0,1,0000000000000000,4,1,1,00
1088,1088,0,0000000,00,3,3,3,0000000000000048,0,0,3,a5a03ac8a5a03acc,0,1,3a00000000000000,4,1,0,00
1089,1089,0,000005c,02,2,2,3,0000000000000000,0,0,2,a5a03ac8a5a03acc,3,1,3ab0a5a03ab4a5a0,4,1,0,00
1090,1090,0,000005c,03,2,2,3,0000000000000000,0,0,2,a5a03ac0a5a03ac4,3,1,3aa8a5a03aaca5a0,4,1,0,00
1091,1091,0,000005c,04,2,2,3,0000000000000000,0,0,2,a5a03af8a5a03afc,3,1,3aa0a5a03aa4a5a0,4,1,0,00
1092,1092,0,000005c,05,2,2,3,0000000000000000,0,0,2,a5a03af0a5a03af4,3,1,3ad8a5a03adca5a0,4,1,0,00
1093,1093,0,000005c,06,2,2,3,0000000000000000,0,0,2,a5a03ae8a5a03aec,3,1,3ad0a5a03ad4a5a0,4,1,0,00
1094,1094,0,0000000,00,3,3,3,3a00000000000000,0,0,3,a5a03a60a5a03a64,0,1,3a48a5a03a4ca5a0,4,1,0,00
1095,1095,0,0000000,00,3,3,3,3ac8a5a03acca5a0,0,0,3,a5a03a60a5a03a64,0,1,0000000000000048,4,1,0,00
1096,1096,0,0000000,00,3,3,3,3ac0a5a03ac4a5a0,0,0,3,a5a03a60a5a03a64,0,1,0000000000000000,4,1,1,00
1097,1097,0,0000000,00,3,3,3,3af8a5a03afca5a0,0,0,3,a5a03a60a5a03a64,0,1,0000000000000000,4,1,1,00
1098,1098,0,0000000,00,3,3,3,3af0a5a03af4a5a0,0,0,3,a5a03a60a5a03a64,0,1,0000000000000000,4,1,1,00
1099,1099,0,0000000,00,3,3,3,3ae8a5a03aeca5a0,0,0,3,a5a03ae0a5a03ae4,0,1,0000000000000000,4,1,1,00
1100,1100,0,0000000,00,3,3,3,3a60a5a03a64a5a0,0,0,3,a5a03ae0a5a03ae4,0,1,0000000000000000,4,1,1,00
1101,1101,0,0000000,00,3,3,3,0000000000000020,0,0,3,a5a03ae0a5a03ae4,0,1,3a00000000000000,4,1,0,00
1102,1102,0,000005c,07,2,2,3,0000000000000000,0,0,2,a5a03ae0a5a03ae4,3,1,3ac8a5a03acca5a0,4,1,0,00
1103,1103,0,0000060,00,2,2,3,0000000000000000,0,0,2,a5a03918a5a0391c,3,1,3ac0a5a03ac4a5a0,4,1,0,00
1104,1104,0,0000060,01,2,2,3,0000000000000000,0,0,2,a5a03910a5a03914,3,1,3af8a5a03afca5a0,4,1,0,00
1105,1105,0,0000060,02,2,2,3,0000000000000000,0,0,2,a5a03908a5a0390c,3,1,3af0a5a03af4a5a0,4,1,0,00
1106,1106,0,0000060,03,2,2,3,0000000000000000,0,0,2,a5a03900a5a03904,3,1,3ae8a5a03aeca5a0,4,1,0,00
1107,1107,0,0000000,00,3,3,3,3a00000000000000,0,0,3,a5a03ab8a5a03abc,0,1,3a60a5a03a64a5a0,4,1,0,00
1108,1108,0,0000000,00,3,3,3,3ae0a5a03ae4a5a0,0,0,3,a5a03ab8a5a03abc,0,1,0000000000000020,4,1,0,00
1109,1109,0,0000000,00,3,3,3,3918a5a0391ca5a0,0,0,3,a5a03ab8a5a03abc,0,1,0000000000000000,4,1,1,00
1110,1110,0,0000000,00,3,3,3,3910a5a03914a5a0,0,0,3,a5a03ab8a5a03abc,0,1,0000000000000000,4,1,1,00
1111,1111,0,0000000,00,3,3,3,3908a5a0390ca5a0,0,0,3,a5a03ab8a5a03abc,0,1,0000000000000000,4,1,1,00
1112,1112,0,0000000,00,3,3,3,3900a5a03904a5a0,0,0,3,a5a03938a5a0393c,0,1,0000000000000000,4,1,1,00
1113,1113,0,0000000,00,3,3,3,3ab8a5a03abca5a0,0,0,3,a5a03938a5a0393c,0,1,0000000000000000,4,1,1,00
1114,1114,0,0000000,00,3,3,3,00000000000000b8,0,0,3,a5a03938a5a0393c,0,1,3a00000000000000,4,1,0,00
1115,1115,0,0000060,04,2,2,3,0000000000000000,0,0,2,a5a03938a5a0393c,3,1,3ae0a5a03ae4a5a0,4,1,0,00
1116,1116,0,0000060,05,2,2,3,0000000000000000,0,0,2,a5a03930a5a03934,3,1,3918a5a0391ca5a0,4,1,0,00
1117,1117,0,0000060,06,2,2,3,0000000000000000,0,0,2,a5a03928a5a0392c,3,1,3910a5a03914a5a0,4,1,0,00
1118,1118,0,0000060,07,2,2,3,0000000000000000,0,0,2,a5a03920a5a03924,3,1,3908a5a0390ca5a0,4,1,0,00
1119,1119,0,0000064,00,2,2,3,0000000000000000,0,0,2,a5a03958a5a0395c,3,1,3900a5a03904a5a0,4,1,0,00
1120,1120,0,0000000,00,3,3,3,3900000000000000,0,0,3,a5a03ad0a5a03ad4,0,1,3ab8a5a03abca5a0,4,1,0,00
1121,1121,0,0000000,00,3,3,3,3938a5a0393ca5a0,0,0,3,a5a03ad0a5a03ad4,0,1,00000000000000b8,4,1,0,00
1122,1122,0,0000000,00,3,3,3,3930a5a03934a5a0,0,0,3,a5a03ad0a5a03ad4,0,1,0000000000000000,4,1,1,00
1123,1123,0,0000000,00,3,3,3,3928a5a0392ca5a0,0,0,3,a5a03ad0a5a03ad4,0,1,0000000000000000,4,1,1,00
1124,1124,0,0000000,00,3,3,3,3920a5a03924a5a0,0,0,3,a5a03ad0a5a03ad4,0,1,0000000000000000,4,1,1,00
1125,1125,0,0000000,00,3,3,3,3958a5a0395ca5a0,0,0,3,a5a03950a5a03954,0,1,0000000000000000,4,1,1,00
1126,1126,0,0000000,00,3,3,3,3ad0a5a03ad4a5a0,0,0,3,a5a03950a5a03954,0,1,0000000000000000,4,1,1,00
1127,1127,0,0000000,00,3,3,3,00000000000000d0,0,0,3,a5a03950a5a03954,0,1,3900000000000000,4,1,0,00
1128,1128,0,0000064,01,2,2,3,0000000000000000,0,0,2,a5a03950a5a03954,3,1,3938a5a0393ca5a0,4,1,0,00
1129,1129,0,0000064,02,2,2,3,0000000000000000,0,0,2,a5a03948a5a0394c,3,1,3930a5a03934a5a0,4,1,0,00
1130,1130,0,0000064,03,2,2,3,0000000000000000,0,0,2,a5a03940a5a03944,3,1,3928a5a0392ca5a0,4,1,0,00
1131,1131,0,0000064,04,2,2,3,0000000000000000,0,0,2,a5a03978a5a0397c,3,1,3920a5a03924a5a0,4,1,0,00
1132,1132,0,0000064,05,2,2,3,0000000000000000,0,0,2,a5a03970a5a03974,3,1,3958a5a0395ca5a0,4,1,0,00
1133,1133,0,0000000,00,3,3,3,3900000000000000,0,0,3,a5a03ae8a5a03aec,0,1,3ad0a5a03ad4a5a0,4,1,0,00
1134,1134,0,0000000,00,3,3,3,3950a5a03954a5a0,0,0,3,a5a03ae8a5a03aec,0,1,00000000000000d0,4,1,0,00
1135,1135,0,0000000,00,3,3,3,3948a5a0394ca5a0,0,0,3,a5a03ae8a5a03aec,0,1,0000000000000000,4,1,1,00
1136,1136,0,0000000,00,3,3,3,3940a5a03944a5a0,0,0,3,a5a03ae8a5a03aec,0,1,0000000000000000,4,1,1,00
1137,1137,0,0000000,00,3,3,3,3978a5a0397ca5a0,0,0,3,a5a03ae8a5a03aec,0,1,0000000000000000,4,1,1,00
1138,1138,0,0000000,00,3,3,3,3970a5a03974a5a0,0,0,3,a5a03968a5a0396c,0,1,0000000000000000,4,1,1,00
1139,1139,0,0000000,00,3,3,3,3ae8a5a03aeca5a0,0,0,3,a5a03968a5a0396c,0,1,0000000000000000,4,1,1,00
1140,1140,0,0000000,00,3,3,3,00000000000000e8,0,0,3,a5a03968a5a0396c,0,1,3900000000000000,4,1,0,00
1141,1141,0,0000064,06,2,2,3,0000000000000000,0,0,2,a5a03968a5a0396c,3,1,3950a5a03954a5a0,4,1,0,00
1142,1142,0,0000064,07,2,2,3,0000000000000000,0,0,2,a5a03960a5a03964,3,1,3948a5a0394ca5a0,4,1,0,00
1143,1143,0,0000068,00,2,2,3,0000000000000000,0,0,2,a5a03998a5a0399c,3,1,3940a5a03944a5a0,4,1,0,00
1144,1144,0,0000068,01,2,2,3,0000000000000000,0,0,2,a5a03990a5a03994,3,1,3978a5a0397ca5a0,4,1,0,00
1145,1145,0,0000068,02,2,2,3,0000000000000000,0,0,2,a5a03988a5a0398c,3,1,3970a5a03974a5a0,4,1,0,00
1146,1146,0,0000000,00,3,3,3,3900000000000000,0,0,3,a5a03900a5a03904,0,1,3ae8a5a03aeca5a0,4,1,0,00
1147,1147,0,0000000,00,3,3,3,3968a5a0396ca5a0,0,0,3,a5a03900a5a03904,0,1,00000000000000e8,4,1,0,00
1148,1148,0,0000000,00,3,3,3,3960a5a03964a5a0,0,0,3,a5a03900a5a03904,0,1,0000000000000000,4,1,1,00
1149,1149,0,0000000,00,3,3,3,3998a5a0399ca5a0,0,0,3,a5a03900a5a03904,0,1,0000000000000000,4,1,1,00
1150,1150,0,0000000,00,3,3,3,3990a5a03994a5a0,0,0,3,a5a03900a5a03904,0,1,0000000000000000,4,1,1,00
1151,1151,0,0000000,00,3,3,3,3988a5a0398ca5a0,0,0,3,a5a03980a5a03984,0,1,0000000000000000,4,1,1,00
1152,1152,0,0000000,00,3,3,3,3900a5a03904a5a0,0,0,3,a5a03980a5a03984,0,1,0000000000000000,4,1,1,00
1153,1153,0,0000000,00,3,3,3,0000000000000000,0,0,3,a5a03980a5a03984,0,1,3900000000000000,4,1,0,00
1154,1154,0,0000068,03,2,2,3,0000000000000000,0,0,2,a5a03980a5a03984,3,1,3968a5a0396ca5a0,4,1,0,00
1155,1155,0,0000068,04,2,2,3,0000000000000000,0,0,2,a5a039b8a5a039bc,3,1,3960a5a03964a5a0,4,1,0,00
1156,1156,0,0000068,05,2,2,3,0000000000000000,0,0,2,a5a039b0a5a039b4,3,1,3998a5a0399ca5a0,4,1,0,00
1157,1157,0,0000068,06,2,2,3,0000000000000000,0,0,2,a5a039a8a5a039ac,3,1,3990a5a03994a5a0,4,1,0,00
1158,1158,0,0000068,07,2,2,3,0000000000000000,0,0,2,a5a039a0a5a039a4,3,1,3988a5a0398ca5a0,4,1,0,00
1159,1159,0,0000000,00,3,3,3,3900000000000000,0,0,3,a5a03958a5a0395c,0,1,3900a5a03904a5a0,4,1,0,00
1160,1160,0,0000000,00,3,3,3,3980a5a03984a5a0,0,0,3,a5a03958a5a0395c,0,1,0000000000000000,4,1,0,00
1161,1161,0,0000000,00,3,3,3,39b8a5a039bca5a0,0,0,3,a5a03958a5a0395c,0,1,0000000000000000,4,1,1,00
1162,1162,0,0000000,00,3,3,3,39b0a5a039b4a5a0,0,0,3,a5a03958a5a0395c,0,1,0000000000000000,4,1,1,00
1163,1163,0,0000000,00,3,3,3,39a8a5a039aca5a0,0,0,3,a5a03958a5a0395c,0,1,0000000000000000,4,1,1,00
1164,1164,0,0000000,00,3,3,3,39a0a5a039a4a5a0,0,0,3,a5a039d8a5a039dc,0,1,0000000000000000,4,1,1,00
1165,1165,0,0000000,00,3,3,3,3958a5a0395ca5a0,0,0,3,a5a039d8a5a039dc,0,1,0000000000000000,4,1,1,00
1166,1166,0,0000000,00,3,3,3,0000000000000058,0,0,3,a5a039d8a5a039dc,0,1,3900000000000000,4,1,0,00
1167,1167,0,000006c,00,2,2,3,0000000000000000,0,0,2,a5a039d8a5a039dc,3,1,3980a5a03984a5a0,4,1,0,00
1168,1168,0,000006c,01,2,2,3,0000000000000000,0,0,2,a5a039d0a5a039d4,3,1,39b8a5a039bca5a0,4,1,0,00
1169,1169,0,000006c,02,2,2,3,0000000000000000,0,0,2,a5a039c8a5a039cc,3,1,39b0a5a039b4a5a0,4,1,0,00
1170,1170,0,000006c,03,2,2,3,0000000000000000,0,0,2,a5a039c0a5a039c4,3,1,39a8a5a039aca5a0,4,1,0,00
1171,1171,0,000006c,04,2,2,3,0000000000000000,0,0,2,a5a039f8a5a039fc,3,1,39a0a5a039a4a5a0,4,1,0,00
1172,1172,0,0000000,00,3,3,3,3900000000000000,0,0,3,a5a03970a5a03974,0,1,3958a5a0395ca5a0,4,1,0,00
1173,1173,0,0000000,00,3,3,3,39d8a5a039dca5a0,0,0,3,a5a03970a5a03974,0,1,0000000000000058,4,1,0,00
1174,1174,0,0000000,00,3,3,3,39d0a5a039d4a5a0,0,0,3,a5a03970a5a03974,0,1,0000000000000000,4,1,1,00
1175,1175,0,0000000,00,3,3,3,39c8a5a039cca5a0,0,0,3,a5a03970a5a03974,0,1,0000000000000000,4,1,1,00
1176,1176,0,0000000,00,3,3,3,39c0a5a039c4a5a0,0,0,3,a5a03970a5a03974,0,1,0000000000000000,4,1,1,00
1177,1177,0,0000000,00,3,3,3,39f8a5a039fca5a0,0,0,3,a5a039f0a5a039f4,0,1,0000000000000000,4,1,1,00
1178,1178,0,0000000,00,3,3,3,3970a5a03974a5a0,0,0,3,a5a039f0a5a039f4,0,1,0000000000000000,4,1,1,00
1179,1179,0,0000000,00,3,3,3,0000000000000070,0,0,3,a5a039f0a5a039f4,0,1,3900000000000000,4,1,0,00
1180,1180,0,000006c,05,2,2,3,0000000000000000,0,0,2,a5a039f0a5a039f4,3,1,39d8a5a039dca5a0,4,1,0,00
1181,1181,0,000006c,06,2,2,3,0000000000000000,0,0,2,a5a039e8a5a039ec,3,1,39d0a5a039d4a5a0,4,1,0,00
1182,1182,0,000006c,07,2,2,3,0000000000000000,0,0,2,a5a039e0a5a039e4,3,1,39c8a5a039cca5a0,4,1,0,00
1183,1183,0,0000070,00,2,2,3,0000000000000000,0,0,2,a5a03818a5a0381c,3,1,39c0a5a039c4a5a0,4,1,0,00
1184,1184,0,0000070,01,2,2,3,0000000000000000,0,0,2,a5a03810a5a03814,3,1,39f8a5a039fca5a0,4,1,0,00
1185,1185,0,0000000,00,3,3,3,3800000000000000,0,0,3,a5a03988a5a0398c,0,1,3970a5a03974a5a0,4,1,0,00
1186,1186,0,0000000,00,3,3,3,39f0a5a039f4a5a0,0,0,3,a5a03988a5a0398c,0,1,0000000000000070,4,1,0,00
1187,1187,0,0000000,00,3,3,3,39e8a5a039eca5a0,0,0,3,a5a03988a5a0398c,0,1,0000000000000000,4,1,1,00
1188,1188,0,0000000,00,3,3,3,39e0a5a039e4a5a0,0,0,3,a5a03988a5a0398c,0,1,0000000000000000,4,1,1,00
1189,1189,0,0000000,00,3,3,3,3818a5a0381ca5a0,0,0,3,a5a03988a5a0398c,0,1,0000000000000000,4,1,1,00
1190,1190,0,0000000,00,3,3,3,3810a5a03814a5a0,0,0,3,a5a03808a5a0380c,0,1,0000000000000000,4,1,1,00
1191,1191,0,0000000,00,3,3,3,3988a5a0398ca5a0,0,0,3,a5a03808a5a0380c,0,1,0000000000000000,4,1,1,00
1192,1192,0,0000000,00,3,3,3,0000000000000008,0,0,3,a5a03808a5a0380c,0,1,3800000000000000,4,1,0,00
1193,1193,0,0000070,02,2,2,3,0000000000000000,0,0,2,a5a03808a5a0380c,3,1,39f0a5a039f4a5a0,4,1,0,00
1194,1194,0,0000070,03,2,2,3,0000000000000000,0,0,2,a5a03800a5a03804,3,1,39e8a5a039eca5a0,4,1,0,00
1195,1195,0,0000070,04,2,2,3,0000000000000000,0,0,2,a5a03838a5a0383c,3,1,39e0a5a039e4a5a0,4,1,0,00
1196,1196,0,0000070,05,2,2,3,0000000000000000,0,0,2,a5a03830a5a03834,3,1,3818a5a0381ca5a0,4,1,0,00
1197,1197,0,0000070,06,2,2,3,0000000000000000,0,0,2,a5a03828a5a0382c,3,1,3810a5a03814a5a0,4,1,0,00
1198,1198,0,0000000,00,3,3,3,3800000000000000,0,0,3,a5a039a0a5a039a4,0,1,3988a5a0398ca5a0,4,1,0,00
1199,1199,0,0000000,00,3,3,3,3808a5a0380ca5a0,0,0,3,a5a039a0a5a039a4,0,1,0000000000000008,4,1,0,00
1200,1200,0,0000000,00,3,3,3,3800a5a03804a5a0,0,0,3,a5a039a0a5a039a4,0,1,0000000000000000,4,1,1,00
1201,1201,0,0000000,00,3,3,3,3838a5a0383ca5a0,0,0,3,a5a039a0a5a039a4,0,1,0000000000000000,4,1,1,00
1202,1202,0,0000000,00,3,3,3,3830a5a03834a5a0,0,0,3,a5a039a0a5a039a4,0,1,0000000000000000,4,1,1,00
1203,1203,0,0000000,00,3,3,3,3828a5a0382ca5a0,0,0,3,a5a03820a5a03824,0,1,0000000000000000,4,1,1,00
1204,1204,0,0000000,00,3,3,3,39a0a5a039a4a5a0,0,0,3,a5a03820a5a03824,0,1,0000000000000000,4,1,1,00
1205,1205,0,0000000,00,3,3,3,0000000000000020,0,0,3,a5a03820a5a03824,0,1,3800000000000000,4,1,0,00
1206,1206,0,0000070,07,2,2,3,0000000000000000,0,0,2,a5a03820a5a03824,3,1,3808a5a0380ca5a0,4,1,0,00
1207,1207,0,0000074,00,2,2,3,0000000000000000,0,0,2,a5a03858a5a0385c,3,1,3800a5a03804a5a0,4,1,0,00
1208,1208,0,0000074,01,2,2,3,0000000000000000,0,0,2,a5a03850a5a03854,3,1,3838a5a0383ca5a0,4,1,0,00
1209,1209,0,0000074,02,2,2,3,0000000000000000,0,0,2,a5a03848a5a0384c,3,1,3830a5a03834a5a0,4,1,0,00
1210,1210,0,0000074,03,2,2,3,0000000000000000,0,0,2,a5a03840a5a03844,3,1,3828a5a0382ca5a0,4,1,0,00
1211,1211,0,0000000,00,3,3,3,3800000000000000,0,0,3,a5a039f8a5a039fc,0,1,39a0a5a039a4a5a0,4,1,0,00
1212,1212,0,0000000,00,3,3,3,3820a5a03824a5a0,0,0,3,a5a039f8a5a039fc,0,1,0000000000000020,4,1,0,00
1213,1213,0,0000000,00,3,3,3,3858a5a0385ca5a0,0,0,3,a5a039f8a5a039fc,0,1,0000000000000000,4,1,1,00
1214,1214,0,0000000,00,3,3,3,3850a5a03854a5a0,0,0,3,a5a039f8a5a039fc,0,1,0000000000000000,4,1,1,00
1215,1215,0,0000000,00,3,3,3,3848a5a0384ca5a0,0,0,3,a5a039f8a5a039fc,0,1,0000000000000000,4,1,1,00
1216,1216,0,0000000,00,3,3,3,3840a5a03844a5a0,0,0,3,a5a03878a5a0387c,0,1,0000000000000000,4,1,1,00
1217,1217,0,0000000,00,3,3,3,39f8a5a039fca5a0,0,0,3,a5a03878a5a0387c,0,1,0000000000000000,4,1,1,00
1218,1218,0,0000000,00,3,3,3,00000000000000f8,0,0,3,a5a03878a5a0387c,0,1,3800000000000000,4,1,0,00
1219,1219,0,0000074,04,2,2,3,0000000000000000,0,0,2,a5a03878a5a0387c,3,1,3820a5a03824a5a0,4,1,0,00
1220,1220,0,0000074,05,2,2,3,0000000000000000,0,0,2,a5a03870a5a03874,3,1,3858a5a0385ca5a0,4,1,0,00
1221,1221,0,0000074,06,2,2,3,0000000000000000,0,0,2,a5a03868a5a0386c,3,1,3850a5a03854a5a0,4,1,0,00
1222,1222,0,0000074,07,2,2,3,0000000000000000,0,0,2,a5a03860a5a03864,3,1,3848a5a0384ca5a0,4,1,0,00
1223,1223,0,0000078,00,2,2,3,0000000000000000,0,0,2,a5a03898a5a0389c,3,1,3840a5a03844a5a0,4,1,0,00
1224,1224,0,0000000,00,3,3,3,3800000000000000,0,0,3,a5a03810a5a03814,0,1,39f8a5a039fca5a0,4,1,0,00
1225,1225,0,0000000,00,3,3,3,3878a5a0387ca5a0,0,0,3,a5a03810a5a03814,0,1,00000000000000f8,4,1,0,00
1226,1226,0,0000000,00,3,3,3,3870a5a03874a5a0,0,0,3,a5a03810a5a03814,0,1,0000000000000000,4,1,1,00
1227,1227,0,0000000,00,3,3,3,3868a5a0386ca5a0,0,0,3,a5a03810a5a03814,0,1,0000000000000000,4,1,1,00
1228,1228,0,0000000,00,3,3,3,3860a5a03864a5a0,0,0,3,a5a03810a5a03814,0,1,0000000000000000,4,1,1,00
1229,1229,0,0000000,00,3,3,3,3898a5a0389ca5a0,0,0,3,a5a03890a5a03894,0,1,0000000000000000,4,1,1,00
1230,1230,0,0000000,00,3,3,3,3810a5a03814a5a0,0,0,3,a5a03890a5a03894,0,1,0000000000000000,4,1,1,00
1231,1231,0,0000000,00,3,3,3,0000000000000010,0,0,3,a5a03890a5a03894,0,1,3800000000000000,4,1,0,00
1232,1232,0,0000078,01,2,2,3,0000000000000000,0,0,2,a5a03890a5a03894,3,1,3878a5a0387ca5a0,4,1,0,00
1233,1233,0,0000078,02,2,2,3,0000000000000000,0,0,2,a5a03888a5a0388c,3,1,3870a5a03874a5a0,4,1,0,00
1234,1234,0,0000078,03,2,2,3,0000000000000000,0,0,2,a5a03880a5a03884,3,1,3868a5a0386ca5a0,4,1,0,00
1235,1235,0,0000078,04,2,2,3,0000000000000000,0,0,2,a5a038b8a5a038bc,3,1,3860a5a03864a5a0,4,1,0,00
1236,1236,0,0000078,05,2,2,3,0000000000000000,0,0,2,a5a038b0a5a038b4,3,1,3898a5a0389ca5a0,4,1,0,00
1237,1237,0,0000000,00,3,3,3,3800000000000000,0,0,3,a5a03828a5a0382c,0,1,3810a5a03814a5a0,4,1,0,00
1238,1238,0,0000000,00,3,3,3,3890a5a03894a5a0,0,0,3,a5a03828a5a0382c,0,1,0000000000000010,4,1,0,00
1239,1239,0,0000000,00,3,3,3,3888a5a0388ca5a0,0,0,3,a5a03828a5a0382c,0,1,0000000000000000,4,1,1,00
1240,1240,0,0000000,00,3,3,3,3880a5a03884a5a0,0,0,3,a5a03828a5a0382c,0,1,0000000000000000,4,1,1,00
1241,1241,0,0000000,00,3,3,3,38b8a5a038bca5a0,0,0,3,a5a03828a5a0382c,0,1,0000000000000000,4,1,1,00
1242,1242,0,0000000,00,3,3,3,38b0a5a038b4a5a0,0,0,3,a5a038a8a5a038ac,0,1,0000000000000000,4,1,1,00
1243,1243,0,0000000,00,3,3,3,3828a5a0382ca5a0,0,0,3,a5a038a8a5a038ac,0,1,0000000000000000,4,1,1,00
1244,1244,0,0000000,00,3,3,3,0000000000000028,0,0,3,a5a038a8a5a038ac,0,1,3800000000000000,4,1,0,00
1245,1245,0,0000078,06,2,2,3,0000000000000000,0,0,2,a5a038a8a5a038ac,3,1,3890a5a03894a5a0,4,1,0,00
1246,1246,0,0000078,07,2,2,3,0000000000000000,0,0,2,a5a038a0a5a038a4,3,1,3888a5a0388ca5a0,4,1,0,00
1247,1247,0,000007c,00,2,2,3,0000000000000000,0,0,2,a5a038d8a5a038dc,3,1,3880a5a03884a5a0,4,1,0,00
1248,1248,0,000007c,01,2,2,3,0000000000000000,0,0,2,a5a038d0a5a038d4,3,1,38b8a5a038bca5a0,4,1,0,00
1249,1249,0,000007c,02,2,2,3,0000000000000000,0,0,2,a5a038c8a5a038cc,3,1,38b0a5a038b4a5a0,4,1,0,00
1250,1250,0,0000000,00,3,3,3,3800000000000000,0,0,3,a5a03840a5a03844,0,1,3828a5a0382ca5a0,4,1,0,00
1251,1251,0,0000000,00,3,3,3,38a8a5a038aca5a0,0,0,3,a5a03840a5a03844,0,1,0000000000000028,4,1,0,00
1252,1252,0,0000000,00,3,3,3,38a0a5a038a4a5a0,0,0,3,a5a03840a5a03844,0,1,0000000000000000,4,1,1,00
1253,1253,0,0000000,00,3,3,3,38d8a5a038dca5a0,0,0,3,a5a03840a5a03844,0,1,0000000000000000,4,1,1,00
1254,1254,0,0000000,00,3,3,3,38d0a5a038d4a5a0,0,0,3,a5a03840a5a03844,0,1,0000000000000000,4,1,1,00
1255,1255,0,0000000,00,3,3,3,38c8a5a038cca5a0,0,0,3,a5a038c0a5a038c4,0,1,0000000000000000,4,1,1,00
1256,1256,0,0000000,00,3,3,3,3840a5a03844a5a0,0,0,3,a5a038c0a5a038c4,0,1,0000000000000000,4,1,1,00
1257,1257,0,0000000,00,3,3,3,0000000000000000,0,0,3,a5a038c0a5a038c4,0,1,3800000000000000,4,1,0,00
1258,1258,0,000007c,03,2,2,3,0000000000000000,0,0,2,a5a038c0a5a038c4,3,1,38a8a5a038aca5a0,4,1,0,00
1259,1259,0,000007c,04,2,2,3,0000000000000000,0,0,2,a5a038f8a5a038fc,3,1,38a0a5a038a4a5a0,4,1,0,00
1260,1260,0,000007c,05,2,2,3,0000000000000000,0,0,2,a5a038f0a5a038f4,3,1,38d8a5a038dca5a0,4,1,0,00
1261,1261,0,000007c,06,2,2,3,0000000000000000,0,0,2,a5a038e8a5a038ec,3,1,38d0a5a038d4a5a0,4,1,0,00
1262,1262,0,000007c,07,2,2,3,0000000000000000,0,0,2,a5a038e0a5a038e4,3,1,38c8a5a038cca5a0,4,1,0,00
1263,1263,0,0000000,00,3,3,3,3800000000000000,0,0,3,a5a03898a5a0389c,0,1,3840a5a03844a5a0,4,1,0,00
1264,1264,0,0000000,00,3,3,3,38c0a5a038c4a5a0,0,0,3,a5a03898a5a0389c,0,1,0000000000000000,4,1,0,00
1265,1265,0,0000000,00,3,3,3,38f8a5a038fca5a0,0,0,3,a5a03898a5a0389c,0,1,0000000000000000,4,1,1,00
1266,1266,0,0000000,00,3,3,3,38f0a5a038f4a5a0,0,0,3,a5a03898a5a0389c,0,1,0000000000000000,4,1,1,00
1267,1267,0,0000000,00,3,3,3,38e8a5a038eca5a0,0,0,3,a5a03898a5a0389c,0,1,0000000000000000,4,1,1,00
1268,1268,0,0000000,00,3,3,3,38e0a5a038e4a5a0,0,0,3,a5a03718a5a0371c,0,1,0000000000000000,4,1,1,00
1269,1269,0,0000000,00,3,3,3,3898a5a0389ca5a0,0,0,3,a5a03718a5a0371c,0,1,0000000000000000,4,1,1,00
1270,1270,0,0000000,00,3,3,3,0000000000000098,0,0,3,a5a03718a5a0371c,0,1,3800000000000000,4,1,0,00
1271,1271,0,0000080,00,2,2,3,0000000000000000,0,0,2,a5a03718a5a0371c,3,1,38c0a5a038c4a5a0,4,1,0,00
1272,1272,0,0000080,01,2,2,3,0000000000000000,0,0,2,a5a03710a5a03714,3,1,38f8a5a038fca5a0,4,1,0,00
1273,1273,0,0000080,02,2,2,3,0000000000000000,0,0,2,a5a03708a5a0370c,3,1,38f0a5a038f4a5a0,4,1,0,00
1274,1274,0,0000080,03,2,2,3,0000000000000000,0,0,2,a5a03700a5a03704,3,1,38e8a5a038eca5a0,4,1,0,00
1275,1275,0,0000080,04,2,2,3,0000000000000000,0,0,2,a5a03738a5a0373c,3,1,38e0a5a038e4a5a0,4,1,0,00
1276,1276,0,0000000,00,3,3,3,3700000000000000,0,0,3,a5a038b0a5a038b4,0,1,3898a5a0389ca5a0,4,1,0,00
1277,1277,0,0000000,00,3,3,3,3718a5a0371ca5a0,0,0,3,a5a038b0a5a038b4,0,1,0000000000000098,4,1,0,00
1278,1278,0,0000000,00,3,3,3,3710a5a03714a5a0,0,0,3,a5a038b0a5a038b4,0,1,0000000000000000,4,1,1,00
1279,1279,0,0000000,00,3,3,3,3708a5a0370ca5a0,0,0,3,a5a038b0a5a038b4,0,1,0000000000000000,4,1,1,00
1280,1280,0,0000000,00,3,3,3,3700a5a03704a5a0,0,0,3,a5a038b0a5a038b4,0,1,0000000000000000,4,1,1,00
1281,1281,0,0000000,00,3,3,3,3738a5a0373ca5a0,0,0,3,a5a03730a5a03734,0,1,0000000000000000,4,1,1,00
1282,1282,0,0000000,00,3,3,3,38b0a5a038b4a5a0,0,0,3,a5a03730a5a03734,0,1,0000000000000000,4,1,1,00
1283,1283,0,0000000,00,3,3,3,00000000000000b0,0,0,3,a5a03730a5a03734,0,1,3700000000000000,4,1,0,00
1284,1284,0,0000080,05,2,2,3,0000000000000000,0,0,2,a5a03730a5a03734,3,1,3718a5a0371ca5a0,4,1,0,00
1285,1285,0,0000080,06,2,2,3,0000000000000000,0,0,2,a5a03728a5a0372c,3,1,3710a5a03714a5a0,4,1,0,00
1286,1286,0,0000080,07,2,2,3,0000000000000000,0,0,2,a5a03720a5a03724,3,1,3708a5a0370ca5a0,4,1,0,00
1287,1287,0,0000084,00,2,2,3,0000000000000000,0,0,2,a5a03758a5a0375c,3,1,3700a5a03704a5a0,4,1,0,00
1288,1288,0,0000084,01,2,2,3,0000000000000000,0,0,2,a5a03750a5a03754,3,1,3738a5a0373ca5a0,4,1,0,00
1289,1289,0,0000000,00,3,3,3,3700000000000000,0,0,3,a5a038c8a5a038cc,0,1,38b0a5a038b4a5a0,4,1,0,00
1290,1290,0,0000000,00,3,3,3,3730a5a03734a5a0,0,0,3,a5a038c8a5a038cc,0,1,00000000000000b0,4,1,0,00
1291,1291,0,0000000,00,3,3,3,3728a5a0372ca5a0,0,0,3,a5a038c8a5a038cc,0,1,0000000000000000,4,1,1,00
1292,1292,0,0000000,00,3,3,3,3720a5a03724a5a0,0,0,3,a5a038c8a5a038cc,0,1,0000000000000000,4,1,1,00
1293,1293,0,0000000,00,3,3,3,3758a5a0375ca5a0,0,0,3,a5a038c8a5a038cc,0,1,0000000000000000,4,1,1,00
1294,1294,0,0000000,00,3,3,3,3750a5a03754a5a0,0,0,3,a5a03748a5a0374c,0,1,0000000000000000,4,1,1,00
1295,1295,0,0000000,00,3,3,3,38c8a5a038cca5a0,0,0,3,a5a03748a5a0374c,0,1,0000000000000000,4,1,1,00
1296,1296,0,0000000,00,3,3,3,00000000000000c8,0,0,3,a5a03748a5a0374c,0,1,3700000000000000,4,1,0,00
1297,1297,0,0000084,02,2,2,3,0000000000000000,0,0,2,a5a03748a5a0374c,3,1,3730a5a03734a5a0,4,1,0,00
1298,1298,0,0000084,03,2,2,3,0000000000000000,0,0,2,a5a03740a5a03744,3,1,3728a5a0372ca5a0,4,1,0,00
1299,1299,0,0000084,04,2,2,3,0000000000000000,0,0,2,a5a03778a5a0377c,3,1,3720a5a03724a5a0,4,1,0,00
1300,1300,0,0000084,05,2,2,3,0000000000000000,0,0,2,a5a03770a5a03774,3,1,3758a5a0375ca5a0,4,1,0,00
1301,1301,0,0000084,06,2,2,3,0000000000000000,0,0,2,a5a03768a5a0376c,3,1,3750a5a03754a5a0,4,1,0,00
1302,1302,0,0000000,00,3,3,3,3700000000000000,0,0,3,a5a038e0a5a038e4,0,1,38c8a5a038cca5a0,4,1,0,00
1303,1303,0,0000000,00,3,3,3,3748a5a0374ca5a0,0,0,3,a5a038e0a5a038e4,0,1,00000000000000c8,4,1,0,00
1304,1304,0,0000000,00,3,3,3,3740a5a03744a5a0,0,0,3,a5a038e0a5a038e4,0,1,0000000000000000,4,1,1,00
1305,1305,0,0000000,00,3,3,3,3778a5a0377ca5a0,0,0,3,a5a038e0a5a038e4,0,1,0000000000000000,4,1,1,00
1306,1306,0,0000000,00,3,3,3,3770a5a03774a5a0,0,0,3,a5a038e0a5a038e4,0,1,0000000000000000,4,1,1,00
1307,1307,0,0000000,00,3,3,3,3768a5a0376ca5a0,0,0,3,a5a03760a5a03764,0,1,0000000000000000,4,1,1,00
1308,1308,0,0000000,00,3,3,3,38e0a5a038e4a5a0,0,0,3,a5a03760a5a03764,0,1,0000000000000000,4,1,1,00
1309,1309,0,0000000,00,3,3,3,00000000000000a0,0,0,3,a5a03760a5a03764,0,1,3700000000000000,4,1,0,00
1310,1310,0,0000084,07,2,2,3,0000000000000000,0,0,2,a5a03760a5a03764,3,1,3748a5a0374ca5a0,4,1,0,00
1311,1311,0,0000088,00,2,2,3,0000000000000000,0,0,2,a5a03798a5a0379c,3,1,3740a5a03744a5a0,4,1,0,00
1312,1312,0,0000088,01,2,2,3,0000000000000000,0,0,2,a5a03790a5a03794,3,1,3778a5a0377ca5a0,4,1,0,00
1313,1313,0,0000088,02,2,2,3,0000000000000000,0,0,2,a5a03788a5a0378c,3,1,3770a5a03774a5a0,4,1,0,00
1314,1314,0,0000088,03,2,2,3,0000000000000000,0,0,2,a5a03780a5a03784,3,1,3768a5a0376ca5a0,4,1,0,00
1315,1315,0,0000000,00,3,3,3,3700000000000000,0,0,3,a5a03738a5a0373c,0,1,38e0a5a038e4a5a0,4,1,0,00
1316,1316,0,0000000,00,3,3,3,3760a5a03764a5a0,0,0,3,a5a03738a5a0373c,0,1,00000000000000a0,4,1,0,00
1317,1317,0,0000000,00,3,3,3,3798a5a0379ca5a0,0,0,3,a5a03738a5a0373c,0,1,0000000000000000,4,1,1,00
1318,1318,0,0000000,00,3,3,3,3790a5a03794a5a0,0,0,3,a5a03738a5a0373c,0,1,0000000000000000,4,1,1,00
1319,1319,0,0000000,00,3,3,3,3788a5a0378ca5a0,0,0,3,a5a03738a5a0373c,0,1,0000000000000000,4,1,1,00
1320,1320,0,0000000,00,3,3,3,3780a5a03784a5a0,0,0,3,a5a037b8a5a037bc,0,1,0000000000000000,4,1,1,00
1321,1321,0,0000000,00,3,3,3,3738a5a0373ca5a0,0,0,3,a5a037b8a5a037bc,0,1,0000000000000000,4,1,1,00
1322,1322,0,0000000,00,3,3,3,0000000000000038,0,0,3,a5a037b8a5a037bc,0,1,3700000000000000,4,1,0,00
1323,1323,0,0000088,04,2,2,3,0000000000000000,0,0,2,a5a037b8a5a037bc,3,1,3760a5a03764a5a0,4,1,0,00
1324,1324,0,0000088,05,2,2,3,0000000000000000,0,0,2,a5a037b0a5a037b4,3,1,3798a5a0379ca5a0,4,1,0,00
1325,1325,0,0000088,06,2,2,3,0000000000000000,0,0,2,a5a037a8a5a037ac,3,1,3790a5a03794a5a0,4,1,0,00
1326,1326,0,0000088,07,2,2,3,0000000000000000,0,0,2,a5a037a0a5a037a4,3,1,3788a5a0378ca5a0,4,1,0,00
1327,1327,0,000008c,00,2,2,3,0000000000000000,0,0,2,a5a037d8a5a037dc,3,1,3780a5a03784a5a0,4,1,0,00
1328,1328,0,0000000,00,3,3,3,3700000000000000,0,0,3,a5a03750a5a03754,0,1,3738a5a0373ca5a0,4,1,0,00
1329,1329,0,0000000,00,3,3,3,37b8a5a037bca5a0,0,0,3,a5a03750a5a03754,0,1,0000000000000038,4,1,0,00
1330,1330,0,0000000,00,3,3,3,37b0a5a037b4a5a0,0,0,3,a5a03750a5a03754,0,1,0000000000000000,4,1,1,00
1331,1331,0,0000000,00,3,3,3,37a8a5a037aca5a0,0,0,3,a5a03750a5a03754,0,1,0000000000000000,4,1,1,00
1332,1332,0,0000000,00,3,3,3,37a0a5a037a4a5a0,0,0,3,a5a03750a5a03754,0,1,0000000000000000,4,1,1,00
1333,1333,0,0000000,00,3,3,3,37d8a5a037dca5a0,0,0,3,a5a037d0a5a037d4,0,1,0000000000000000,4,1,1,00
1334,1334,0,0000000,00,3,3,3,3750a5a03754a5a0,0,0,3,a5a037d0a5a037d4,0,1,0000000000000000,4,1,1,00
1335,1335,0,0000000,00,3,3,3,0000000000000050,0,0,3,a5a037d0a5a037d4,0,1,3700000000000000,4,1,0,00
1336,1336,0,000008c,01,2,2,3,0000000000000000,0,0,2,a5a037d0a5a037d4,3,1,37b8a5a037bca5a0,4,1,0,00
1337,1337,0,000008c,02,2,2,3,0000000000000000,0,0,2,a5a037c8a5a037cc,3,1,37b0a5a037b4a5a0,4,1,0,00
1338,1338,0,000008c,03,2,2,3,0000000000000000,0,0,2,a5a037c0a5a037c4,3,1,37a8a5a037aca5a0,4,1,0,00
1339,1339,0,000008c,04,2,2,3,0000000000000000,0,0,2,a5a037f8a5a037fc,3,1,37a0a5a037a4a5a0,4,1,0,00
1340,1340,0,000008c,05,2,2,3,0000000000000000,0,0,2,a5a037f0a5a037f4,3,1,37d8a5a037dca5a0,4,1,0,00
1341,1341,0,0000000,00,3,3,3,3700000000000000,0,0,3,a5a03768a5a0376c,0,1,3750a5a03754a5a0,4,1,0,00
1342,1342,0,0000000,00,3,3,3,37d0a5a037d4a5a0,0,0,3,a5a03768a5a0376c,0,1,0000000000000050,4,1,0,00
1343,1343,0,0000000,00,3,3,3,37c8a5a037cca5a0,0,0,3,a5a03768a5a0376c,0,1,0000000000000000,4,1,1,00
1344,1344,0,0000000,00,3,3,3,37c0a5a037c4a5a0,0,0,3,a5a03768a5a0376c,0,1,0000000000000000,4,1,1,00
1345,1345,0,0000000,00,3,3,3,37f8a5a037fca5a0,0,0,3,a5a03768a5a0376c,0,1,0000000000000000,4,1,1,00
1346,1346,0,0000000,00,3,3,3,37f0a5a037f4a5a0,0,0,3,a5a037e8a5a037ec,0,1,0000000000000000,4,1,1,00
1347,1347,0,0000000,00,3,3,3,3768a5a0376ca5a0,0,0,3,a5a037e8a5a037ec,0,1,0000000000000000,4,1,1,00
1348,1348,0,0000000,00,3,3,3,0000000000000068,0,0,3,a5a037e8a5a037ec,0,1,3700000000000000,4,1,0,00
1349,1349,0,000008c,06,2,2,3,0000000000000000,0,0,2,a5a037e8a5a037ec,3,1,37d0a5a037d4a5a0,4,1,0,00
1350,1350,0,000008c,07,2,2,3,0000000000000000,0,0,2,a5a037e0a5a037e4,3,1,37c8a5a037cca5a0,4,1,0,00
1351,1351,0,0000090,00,2,2,3,0000000000000000,0,0,2,a5a03618a5a0361c,3,1,37c0a5a037c4a5a0,4,1,0,00
1352,1352,0,0000090,01,2,2,3,0000000000000000,0,0,2,a5a03610a5a03614,3,1,37f8a5a037fca5a0,4,1,0,00
1353,1353,0,0000090,02,2,2,3,0000000000000000,0,0,2,a5a03608a5a0360c,3,1,37f0a5a037f4a5a0,4,1,0,00
1354,1354,0,0000000,00,3,3,3,3700000000000000,0,0,3,a5a03780a5a03784,0,1,3768a5a0376ca5a0,4,1,0,00
1355,1355,0,0000000,00,3,3,3,37e8a5a037eca5a0,0,0,3,a5a03780a5a03784,0,1,0000000000000068,4,1,0,00
1356,1356,0,0000000,00,3,3,3,37e0a5a037e4a5a0,0,0,3,a5a03780a5a03784,0,1,0000000000000000,4,1,1,00
1357,1357,0,0000000,00,3,3,3,3618a5a0361ca5a0,0,0,3,a5a03780a5a03784,0,1,0000000000000000,4,1,1,00
1358,1358,0,0000000,00,3,3,3,3610a5a03614a5a0,0,0,3,a5a03780a5a03784,0,1,0000000000000000,4,1,1,00
1359,1359,0,0000000,00,3,3,3,3608a5a0360ca5a0,0,0,3,a5a03600a5a03604,0,1,0000000000000000,4,1,1,00
1360,1360,0,0000000,00,3,3,3,3780a5a03784a5a0,0,0,3,a5a03600a5a03604,0,1,0000000000000000,4,1,1,00
1361,1361,0,0000000,00,3,3,3,0000000000000000,0,0,3,a5a03600a5a03604,0,1,3700000000000000,4,1,0,00
1362,1362,0,0000090,03,2,2,3,0000000000000000,0,0,2,a5a03600a5a03604,3,1,37e8a5a037eca5a0,4,1,0,00
1363,1363,0,0000090,04,2,2,3,0000000000000000,0,0,2,a5a03638a5a0363c,3,1,37e0a5a037e4a5a0,4,1,0,00
1364,1364,0,0000090,05,2,2,3,0000000000000000,0,0,2,a5a03630a5a03634,3,1,3618a5a0361ca5a0,4,1,0,00
1365,1365,0,0000090,06,2,2,3,0000000000000000,0,0,2,a5a03628a5a0362c,3,1,3610a5a03614a5a0,4,1,0,00
1366,1366,0,0000090,07,2,2,3,0000000000000000,0,0,2,a5a03620a5a03624,3,1,3608a5a0360ca5a0,4,1,0,00
1367,1367,0,0000000,00,3,3,3,3600000000000000,0,0,3,a5a037d8a5a037dc,0,1,3780a5a03784a5a0,4,1,0,00
1368,1368,0,0000000,00,3,3,3,3600a5a03604a5a0,0,0,3,a5a037d8a5a037dc,0,1,0000000000000000,4,1,0,00
1369,1369,0,0000000,00,3,3,3,3638a5a0363ca5a0,0,0,3,a5a037d8a5a037dc,0,1,0000000000000000,4,1,1,00
1370,1370,0,0000000,00,3,3,3,3630a5a03634a5a0,0,0,3,a5a037d8a5a037dc,0,1,0000000000000000,4,1,1,00
1371,1371,0,0000000,00,3,3,3,3628a5a0362ca5a0,0,0,3,a5a037d8a5a037dc,0,1,0000000000000000,4,1,1,00
1372,1372,0,0000000,00,3,3,3,3620a5a03624a5a0,0,0,3,a5a03658a5a0365c,0,1,0000000000000000,4,1,1,00
1373,1373,0,0000000,00,3,3,3,37d8a5a037dca5a0,0,0,3,a5a03658a5a0365c,0,1,0000000000000000,4,1,1,00
1374,1374,0,0000000,00,3,3,3,00000000000000d8,0,0,3,a5a03658a5a0365c,0,1,3600000000000000,4,1,0,00
1375,1375,0,0000094,00,2,2,3,0000000000000000,0,0,2,a5a03658a5a0365c,3,1,3600a5a03604a5a0,4,1,0,00
1376,1376,0,0000094,01,2,2,3,0000000000000000,0,0,2,a5a03650a5a03654,3,1,3638a5a0363ca5a0,4,1,0,00
1377,1377,0,0000094,02,2,2,3,0000000000000000,0,0,2,a5a03648a5a0364c,3,1,3630a5a03634a5a0,4,1,0,00
1378,1378,0,0000094,03,2,2,3,0000000000000000,0,0,2,a5a03640a5a03644,3,1,3628a5a0362ca5a0,4,1,0,00
1379,1379,0,0000094,04,2,2,3,0000000000000000,0,0,2,a5a03678a5a0367c,3,1,3620a5a03624a5a0,4,1,0,00
1380,1380,0,0000000,00,3,3,3,3600000000000000,0,0,3,a5a037f0a5a037f4,0,1,37d8a5a037dca5a0,4,1,0,00
1381,1381,0,0000000,00,3,3,3,3658a5a0365ca5a0,0,0,3,a5a037f0a5a037f4,0,1,00000000000000d8,4,1,0,00
1382,1382,0,0000000,00,3,3,3,3650a5a03654a5a0,0,0,3,a5a037f0a5a037f4,0,1,0000000000000000,4,1,1,00
1383,1383,0,0000000,00,3,3,3,3648a5a0364ca5a0,0,0,3,a5a037f0a5a037f4,0,1,0000000000000000,4,1,1,00
1384,1384,0,0000000,00,3,3,3,3640a5a03644a5a0,0,0,3,a5a037f0a5a037f4,0,1,0000000000000000,4,1,1,00
1385,1385,0,0000000,00,3,3,3,3678a5a0367ca5a0,0,0,3,a5a03670a5a03674,0,1,0000000000000000,4,1,1,00
1386,1386,0,0000000,00,3,3,3,37f0a5a037f4a5a0,0,0,3,a5a03670a5a03674,0,1,0000000000000000,4,1,1,00
1387,1387,0,0000000,00,3,3,3,00000000000000f0,0,0,3,a5a03670a5a03674,0,1,3600000000000000,4,1,0,00
1388,1388,0,0000094,05,2,2,3,0000000000000000,0,0,2,a5a03670a5a03674,3,1,3658a5a0365ca5a0,4,1,0,00
1389,1389,0,0000094,06,2,2,3,0000000000000000,0,0,2,a5a03668a5a0366c,3,1,3650a5a03654a5a0,4,1,0,00
1390,1390,0,0000094,07,2,2,3,0000000000000000,0,0,2,a5a03660a5a03664,3,1,3648a5a0364ca5a0,4,1,0,00
1391,1391,0,0000098,00,2,2,3,0000000000000000,0,0,2,a5a03698a5a0369c,3,1,3640a5a03644a5a0,4,1,0,00
1392,1392,0,0000098,01,2,2,3,0000000000000000,0,0,2,a5a03690a5a03694,3,1,3678a5a0367ca5a0,4,1,0,00
1393,1393,0,0000000,00,3,3,3,3600000000000000,0,0,3,a5a03608a5a0360c,0,1,37f0a5a037f4a5a0,4,1,0,00
1394,1394,0,0000000,00,3,3,3,3670a5a03674a5a0,0,0,3,a5a03608a5a0360c,0,1,00000000000000f0,4,1,0,00
1395,1395,0,0000000,00,3,3,3,3668a5a0366ca5a0,0,0,3,a5a03608a5a0360c,0,1,0000000000000000,4,1,1,00
1396,1396,0,0000000,00,3,3,3,3660a5a03664a5a0,0,0,3,a5a03608a5a0360c,0,1,0000000000000000,4,1,1,00
1397,1397,0,0000000,00,3,3,3,3698a5a0369ca5a0,0,0,3,a5a03608a5a0360c,0,1,0000000000000000,4,1,1,00
1398,1398,0,0000000,00,3,3,3,3690a5a03694a5a0,0,0,3,a5a03688a5a0368c,0,1,0000000000000000,4,1,1,00
1399,1399,0,0000000,00,3,3,3,3608a5a0360ca5a0,0,0,3,a5a03688a5a0368c,0,1,0000000000000000,4,1,1,00
1400,1400,0,0000000,00,3,3,3,0000000000000008,0,0,3,a5a03688a5a0368c,0,1,3600000000000000,4,1,0,00
1401,1401,0,0000098,02,2,2,3,0000000000000000,0,0,2,a5a03688a5a0368c,3,1,3670a5a03674a5a0,4,1,0,00
1402,1402,0,0000098,03,2,2,3,0000000000000000,0,0,2,a5a03680a5a03684,3,1,3668a5a0366ca5a0,4,1,0,00
1403,1403,0,0000098,04,2,2,3,0000000000000000,0,0,2,a5a036b8a5a036bc,3,1,3660a5a03664a5a0,4,1,0,00
1404,1404,0,0000098,05,2,2,3,0000000000000000,0,0,2,a5a036b0a5a036b4,3,1,3698a5a0369ca5a0,4,1,0,00
1405,1405,0,0000098,06,2,2,3,0000000000000000,0,0,2,a5a036a8a5a036ac,3,1,3690a5a03694a5a0,4,1,0,00
1406,1406,0,0000000,00,3,3,3,3600000000000000,0,0,3,a5a03620a5a03624,0,1,3608a5a0360ca5a0,4,1,0,00
1407,1407,0,0000000,00,3,3,3,3688a5a0368ca5a0,0,0,3,a5a03620a5a03624,0,1,0000000000000008,4,1,0,00
1408,1408,0,0000000,00,3,3,3,3680a5a03684a5a0,0,0,3,a5a03620a5a03624,0,1,0000000000000000,4,1,1,00
1409,1409,0,0000000,00,3,3,3,36b8a5a036bca5a0,0,0,3,a5a03620a5a03624,0,1,0000000000000000,4,1,1,00
1410,1410,0,0000000,00,3,3,3,36b0a5a036b4a5a0,0,0,3,a5a03620a5a03624,0,1,0000000000000000,4,1,1,00
1411,1411,0,0000000,00,3,3,3,36a8a5a036aca5a0,0,0,3,a5a036a0a5a036a4,0,1,0000000000000000,4,1,1,00
1412,1412,0,0000000,00,3,3,3,3620a5a03624a5a0,0,0,3,a5a036a0a5a036a4,0,1,0000000000000000,4,1,1,00
1413,1413,0,0000000,00,3,3,3,0000000000000020,0,0,3,a5a036a0a5a036a4,0,1,3600000000000000,4,1,0,00
1414,1414,0,0000098,07,2,2,3,0000000000000000,0,0,2,a5a036a0a5a036a4,3,1,3688a5a0368ca5a0,4,1,0,00
1415,1415,0,000009c,00,2,2,3,0000000000000000,0,0,2,a5a036d8a5a036dc,3,1,3680a5a03684a5a0,4,1,0,00
1416,1416,0,000009c,01,2,2,3,0000000000000000,0,0,2,a5a036d0a5a036d4,3,1,36b8a5a036bca5a0,4,1,0,00
1417,1417,0,000009c,02,2,2,3,0000000000000000,0,0,2,a5a036c8a5a036cc,3,1,36b0a5a036b4a5a0,4,1,0,00
1418,1418,0,000009c,03,2,2,3,0000000000000000,0,0,2,a5a036c0a5a036c4,3,1,36a8a5a036aca5a0,4,1,0,00
1419,1419,0,0000000,00,3,3,3,3600000000000000,0,0,3,a5a03678a5a0367c,0,1,3620a5a03624a5a0,4,1,0,00
1420,1420,0,0000000,00,3,3,3,36a0a5a036a4a5a0,0,0,3,a5a03678a5a0367c,0,1,0000000000000020,4,1,0,00
1421,1421,0,0000000,00,3,3,3,36d8a5a036dca5a0,0,0,3,a5a03678a5a0367c,0,1,0000000000000000,4,1,1,00
1422,1422,0,0000000,00,3,3,3,36d0a5a036d4a5a0,0,0,3,a5a03678a5a0367c,0,1,0000000000000000,4,1,1,00
1423,1423,0,0000000,00,3,3,3,36c8a5a036cca5a0,0,0,3,a5a03678a5a0367c,0,1,0000000000000000,4,1,1,00
1424,1424,0,0000000,00,3,3,3,36c0a5a036c4a5a0,0,0,3,a5a036f8a5a036fc,0,1,0000000000000000,4,1,1,00
1425,1425,0,0000000,00,3,3,3,3678a5a0367ca5a0,0,0,3,a5a036f8a5a036fc,0,1,0000000000000000,4,1,1,00
1426,1426,0,0000000,00,3,3,3,0000000000000078,0,0,3,a5a036f8a5a036fc,0,1,3600000000000000,4,1,0,00
1427,1427,0,000009c,04,2,2,3,0000000000000000,0,0,2,a5a036f8a5a036fc,3,1,36a0a5a036a4a5a0,4,1,0,00
1428,1428,0,000009c,05,2,2,3,0000000000000000,0,0,2,a5a036f0a5a036f4,3,1,36d8a5a036dca5a0,4,1,0,00
1429,1429,0,000009c,06,2,2,3,0000000000000000,0,0,2,a5a036e8a5a036ec,3,1,36d0a5a036d4a5a0,4,1,0,00
1430,1430,0,000009c,07,2,2,3,0000000000000000,0,0,2,a5a036e0a5a036e4,3,1,36c8a5a036cca5a0,4,1,0,00
1431,1431,0,00000a0,00,2,2,3,0000000000000000,0,0,2,a5a03518a5a0351c,3,1,36c0a5a036c4a5a0,4,1,0,00
1432,1432,0,0000000,00,3,3,3,3600000000000000,0,0,3,a5a03690a5a03694,0,1,3678a5a0367ca5a0,4,1,0,00
1433,1433,0,0000000,00,3,3,3,36f8a5a036fca5a0,0,0,3,a5a03690a5a03694,0,1,0000000000000078,4,1,0,00
1434,1434,0,0000000,00,3,3,3,36f0a5a036f4a5a0,0,0,3,a5a03690a5a03694,0,1,0000000000000000,4,1,1,00
1435,1435,0,0000000,00,3,3,3,36e8a5a036eca5a0,0,0,3,a5a03690a5a03694,0,1,0000000000000000,4,1,1,00
1436,1436,0,0000000,00,3,3,3,36e0a5a036e4a5a0,0,0,3,a5a03690a5a03694,0,1,0000000000000000,4,1,1,00
1437,1437,0,0000000,00,3,3,3,3518a5a0351ca5a0,0,0,3,a5a03510a5a03514,0,1,0000000000000000,4,1,1,00
1438,1438,0,0000000,00,3,3,3,3690a5a03694a5a0,0,0,3,a5a03510a5a03514,0,1,0000000000000000,4,1,1,00
1439,1439,0,0000000,00,3,3,3,0000000000000090,0,0,3,a5a03510a5a03514,0,1,3600000000000000,4,1,0,00
1440,1440,0,00000a0,01,2,2,3,0000000000000000,0,0,2,a5a03510a5a03514,3,1,36f8a5a036fca5a0,4,1,0,00
1441,1441,0,00000a0,02,2,2,3,0000000000000000,0,0,2,a5a03508a5a0350c,3,1,36f0a5a036f4a5a0,4,1,0,00
1442,1442,0,00000a0,03,2,2,3,0000000000000000,0,0,2,a5a03500a5a03504,3,1,36e8a5a036eca5a0,4,1,0,00
1443,1443,0,00000a0,04,2,2,3,0000000000000000,0,0,2,a5a03538a5a0353c,3,1,36e0a5a036e4a5a0,4,1,0,00
1444,1444,0,00000a0,05,2,2,3,0000000000000000,0,0,2,a5a03530a5a03534,3,1,3518a5a0351ca5a0,4,1,0,00
1445,1445,0,0000000,00,3,3,3,3500000000000000,0,0,3,a5a036a8a5a036ac,0,1,3690a5a03694a5a0,4,1,0,00
1446,1446,0,0000000,00,3,3,3,3510a5a03514a5a0,0,0,3,a5a036a8a5a036ac,0,1,0000000000000090,4,1,0,00
1447,1447,0,0000000,00,3,3,3,3508a5a0350ca5a0,0,0,3,a5a036a8a5a036ac,0,1,0000000000000000,4,1,1,00
1448,1448,0,0000000,00,3,3,3,3500a5a03504a5a0,0,0,3,a5a036a8a5a036ac,0,1,0000000000000000,4,1,1,00
1449,1449,0,0000000,00,3,3,3,3538a5a0353ca5a0,0,0,3,a5a036a8a5a036ac,0,1,0000000000000000,4,1,1,00
1450,1450,0,0000000,00,3,3,3,3530a5a03534a5a0,0,0,3,a5a03528a5a0352c,0,1,0000000000000000,4,1,1,00
1451,1451,0,0000000,00,3,3,3,36a8a5a036aca5a0,0,0,3,a5a03528a5a0352c,0,1,0000000000000000,4,1,1,00
1452,1452,0,0000000,00,3,3,3,0000000000000028,0,0,3,a5a03528a5a0352c,0,1,3500000000000000,4,1,0,00
1453,1453,0,00000a0,06,2,2,3,0000000000000000,0,0,2,a5a03528a5a0352c,3,1,3510a5a03514a5a0,4,1,0,00
1454,1454,0,00000a0,07,2,2,3,0000000000000000,0,0,2,a5a03520a5a03524,3,1,3508a5a0350ca5a0,4,1,0,00
1455,1455,0,00000a4,00,2,2,3,0000000000000000,0,0,2,a5a03558a5a0355c,3,1,3500a5a03504a5a0,4,1,0,00
1456,1456,0,00000a4,01,2,2,3,0000000000000000,0,0,2,a5a03550a5a03554,3,1,3538a5a0353ca5a0,4,1,0,00
1457,1457,0,00000a4,02,2,2,3,0000000000000000,0,0,2,a5a03548a5a0354c,3,1,3530a5a03534a5a0,4,1,0,00
1458,1458,0,0000000,00,3,3,3,3500000000000000,0,0,3,a5a036c0a5a036c4,0,1,36a8a5a036aca5a0,4,1,0,00
1459,1459,0,0000000,00,3,3,3,3528a5a0352ca5a0,0,0,3,a5a036c0a5a036c4,0,1,0000000000000028,4,1,0,00
1460,1460,0,0000000,00,3,3,3,3520a5a03524a5a0,0,0,3,a5a036c0a5a036c4,0,1,0000000000000000,4,1,1,00
1461,1461,0,0000000,00,3,3,3,3558a5a0355ca5a0,0,0,3,a5a036c0a5a036c4,0,1,0000000000000000,4,1,1,00
1462,1462,0,0000000,00,3,3,3,3550a5a03554a5a0,0,0,3,a5a036c0a5a036c4,0,1,0000000000000000,4,1,1,00
1463,1463,0,0000000,00,3,3,3,3548a5a0354ca5a0,0,0,3,a5a03540a5a03544,0,1,0000000000000000,4,1,1,00
1464,1464,0,0000000,00,3,3,3,36c0a5a036c4a5a0,0,0,3,a5a03540a5a03544,0,1,0000000000000000,4,1,1,00
1465,1465,0,0000000,00,3,3,3,0000000000000000,0,0,3,a5a03540a5a03544,0,1,3500000000000000,4,1,0,00
1466,1466,0,00000a4,03,2,2,3,0000000000000000,0,0,2,a5a03540a5a03544,3,1,3528a5a0352ca5a0,4,1,0,00
1467,1467,0,00000a4,04,2,2,3,0000000000000000,0,0,2,a5a03578a5a0357c,3,1,3520a5a03524a5a0,4,1,0,00
1468,1468,0,00000a4,05,2,2,3,0000000000000000,0,0,2,a5a03570a5a03574,3,1,3558a5a0355ca5a0,4,1,0,00
1469,1469,0,00000a4,06,2,2,3,0000000000000000,0,0,2,a5a03568a5a0356c,3,1,3550a5a03554a5a0,4,1,0,00
1470,1470,0,00000a4,07,2,2,3,0000000000000000,0,0,2,a5a03560a5a03564,3,1,3548a5a0354ca5a0,4,1,0,00
1471,1471,0,0000000,00,3,3,3,3500000000000000,0,0,3,a5a03518a5a0351c,0,1,36c0a5a036c4a5a0,4,1,0,00
1472,1472,0,0000000,00,3,3,3,3540a5a03544a5a0,0,0,3,a5a03518a5a0351c,0,1,0000000000000000,4,1,0,00
1473,1473,0,0000000,00,3,3,3,3578a5a0357ca5a0,0,0,3,a5a03518a5a0351c,0,1,0000000000000000,4,1,1,00
1474,1474,0,0000000,00,3,3,3,3570a5a03574a5a0,0,0,3,a5a03518a5a0351c,0,1,0000000000000000,4,1,1,00
1475,1475,0,0000000,00,3,3,3,3568a5a0356ca5a0,0,0,3,a5a03518a5a0351c,0,1,0000000000000000,4,1,1,00
1476,1476,0,0000000,00,3,3,3,3560a5a03564a5a0,0,0,3,a5a03598a5a0359c,0,1,0000000000000000,4,1,1,00
1477,1477,0,0000000,00,3,3,3,3518a5a0351ca5a0,0,0,3,a5a03598a5a0359c,0,1,0000000000000000,4,1,1,00
1478,1478,0,0000000,00,3,3,3,0000000000000018,0,0,3,a5a03598a5a0359c,0,1,3500000000000000,4,1,0,00
1479,1479,0,00000a8,00,2,2,3,0000000000000000,0,0,2,a5a03598a5a0359c,3,1,3540a5a03544a5a0,4,1,0,00
1480,1480,0,00000a8,01,2,2,3,0000000000000000,0,0,2,a5a03590a5a03594,3,1,3578a5a0357ca5a0,4,1,0,00
1481,1481,0,00000a8,02,2,2,3,0000000000000000,0,0,2,a5a03588a5a0358c,3,1,3570a5a03574a5a0,4,1,0,00
1482,1482,0,00000a8,03,2,2,3,0000000000000000,0,0,2,a5a03580a5a03584,3,1,3568a5a0356ca5a0,4,1,0,00
1483,1483,0,00000a8,04,2,2,3,0000000000000000,0,0,2,a5a035b8a5a035bc,3,1,3560a5a03564a5a0,4,1,0,00
1484,1484,0,0000000,00,3,3,3,3500000000000000,0,0,3,a5a03530a5a03534,0,1,3518a5a0351ca5a0,4,1,0,00
1485,1485,0,0000000,00,3,3,3,3598a5a0359ca5a0,0,0,3,a5a03530a5a03534,0,1,0000000000000018,4,1,0,00
1486,1486,0,0000000,00,3,3,3,3590a5a03594a5a0,0,0,3,a5a03530a5a03534,0,1,0000000000000000,4,1,1,00
1487,1487,0,0000000,00,3,3,3,3588a5a0358ca5a0,0,0,3,a5a03530a5a03534,0,1,0000000000000000,4,1,1,00
1488,1488,0,0000000,00,3,3,3,3580a5a03584a5a0,0,0,3,a5a03530a5a03534,0,1,0000000000000000,4,1,1,00
1489,1489,0,0000000,00,3,3,3,35b8a5a035bca5a0,0,0,3,a5a035b0a5a035b4,0,1,0000000000000000,4,1,1,00
1490,1490,0,0000000,00,3,3,3,3530a5a03534a5a0,0,0,3,a5a035b0a5a035b4,0,1,0000000000000000,4,1,1,00
1491,1491,0,0000000,00,3,3,3,0000000000000030,0,0,3,a5a035b0a5a035b4,0,1,3500000000000000,4,1,0,00
1492,1492,0,00000a8,05,2,2,3,0000000000000000,0,0,2,a5a035b0a5a035b4,3,1,3598a5a0359ca5a0,4,1,0,00
1493,1493,0,00000a8,06,2,2,3,0000000000000000,0,0,2,a5a035a8a5a035ac,3,1,3590a5a03594a5a0,4,1,0,00
1494,1494,0,00000a8,07,2,2,3,0000000000000000,0,0,2,a5a035a0a5a035a4,3,1,3588a5a0358ca5a0,4,1,0,00
1495,1495,0,00000ac,00,2,2,3,0000000000000000,0,0,2,a5a035d8a5a035dc,3,1,3580a5a03584a5a0,4,1,0,00
1496,1496,0,00000ac,01,2,2,3,0000000000000000,0,0,2,a5a035d0a5a035d4,3,1,35b8a5a035bca5a0,4,1,0,00
1497,1497,0,0000000,00,3,3,3,3500000000000000,0,0,3,a5a03548a5a0354c,0,1,3530a5a03534a5a0,4,1,0,00
1498,1498,0,0000000,00,3,3,3,35b0a5a035b4a5a0,0,0,3,a5a03548a5a0354c,0,1,0000000000000030,4,1,0,00
1499,1499,0,0000000,00,3,3,3,35a8a5a035aca5a0,0,0,3,a5a03548a5a0354c,0,1,0000000000000000,4,1,1,00
1500,1500,0,0000000,00,3,3,3,35a0a5a035a4a5a0,0,0,3,a5a03548a5a0354c,0,1,0000000000000000,4,1,1,00
1501,1501,0,0000000,00,3,3,3,35d8a5a035dca5a0,0,0,3,a5a03548a5a0354c,0,1,0000000000000000,4,1,1,00
1502,1502,0,0000000,00,3,3,3,35d0a5a035d4a5a0,0,0,3,a5a035c8a5a035cc,0,1,0000000000000000,4,1,1,00
1503,1503,0,0000000,00,3,3,3,3548a5a0354ca5a0,0,0,3,a5a035c8a5a035cc,0,1,0000000000000000,4,1,1,00
1504,1504,0,0000000,00,3,3,3,0000000000000048,0,0,3,a5a035c8a5a035cc,0,1,3500000000000000,4,1,0,00
1505,1505,0,00000ac,02,2,2,3,0000000000000000,0,0,2,a5a035c8a5a035cc,3,1,35b0a5a035b4a5a0,4,1,0,00
1506,1506,0,00000ac,03,2,2,3,0000000000000000,0,0,2,a5a035c0a5a035c4,3,1,35a8a5a035aca5a0,4,1,0,00
1507,1507,0,00000ac,04,2,2,3,0000000000000000,0,0,2,a5a035f8a5a035fc,3,1,35a0a5a035a4a5a0,4,1,0,00
1508,1508,0,00000ac,05,2,2,3,0000000000000000,0,0,2,a5a035f0a5a035f4,3,1,35d8a5a035dca5a0,4,1,0,00
1509,1509,0,00000ac,06,2,2,3,0000000000000000,0,0,2,a5a035e8a5a035ec,3,1,35d0a5a035d4a5a0,4,1,0,00
1510,1510,0,0000000,00,3,3,3,3500000000000000,0,0,3,a5a03560a5a03564,0,1,3548a5a0354ca5a0,4,1,0,00
1511,1511,0,0000000,00,3,3,3,35c8a5a035cca5a0,0,0,3,a5a03560a5a03564,0,1,0000000000000048,4,1,0,00
1512,1512,0,0000000,00,3,3,3,35c0a5a035c4a5a0,0,0,3,a5a03560a5a03564,0,1,0000000000000000,4,1,1,00
1513,1513,0,0000000,00,3,3,3,35f8a5a035fca5a0,0,0,3,a5a03560a5a03564,0,1,0000000000000000,4,1,1,00
1514,1514,0,0000000,00,3,3,3,35f0a5a035f4a5a0,0,0,3,a5a03560a5a03564,0,1,0000000000000000,4,1,1,00
1515,1515,0,0000000,00,3,3,3,35e8a5a035eca5a0,0,0,3,a5a035e0a5a035e4,0,1,0000000000000000,4,1,1,00
1516,1516,0,0000000,00,3,3,3,3560a5a03564a5a0,0,0,3,a5a035e0a5a035e4,0,1,0000000000000000,4,1,1,00
1517,1517,0,0000000,00,3,3,3,0000000000000020,0,0,3,a5a035e0a5a035e4,0,1,3500000000000000,4,1,0,00
1518,1518,0,00000ac,07,2,2,3,0000000000000000,0,0,2,a5a035e0a5a035e4,3,1,35c8a5a035cca5a0,4,1,0,00
1519,1519,0,00000b0,00,2,2,3,0000000000000000,0,0,2,a5a03418a5a0341c,3,1,35c0a5a035c4a5a0,4,1,0,00
1520,1520,0,00000b0,01,2,2,3,0000000000000000,0,0,2,a5a03410a5a03414,3,1,35f8a5a035fca5a0,4,1,0,00
1521,1521,0,00000b0,02,2,2,3,0000000000000000,0,0,2,a5a03408a5a0340c,3,1,35f0a5a035f4a5a0,4,1,0,00
1522,1522,0,00000b0,03,2,2,3,0000000000000000,0,0,2,a5a03400a5a03404,3,1,35e8a5a035eca5a0,4,1,0,00
1523,1523,0,0000000,00,3,3,3,3500000000000000,0,0,3,a5a035b8a5a035bc,0,1,3560a5a03564a5a0,4,1,0,00
1524,1524,0,0000000,00,3,3,3,35e0a5a035e4a5a0,0,0,3,a5a035b8a5a035bc,0,1,0000000000000020,4,1,0,00
1525,1525,0,0000000,00,3,3,3,3418a5a0341ca5a0,0,0,3,a5a035b8a5a035bc,0,1,0000000000000000,4,1,1,00
1526,1526,0,0000000,00,3,3,3,3410a5a03414a5a0,0,0,3,a5a035b8a5a035bc,0,1,0000000000000000,4,1,1,00
1527,1527,0,0000000,00,3,3,3,3408a5a0340ca5a0,0,0,3,a5a035b8a5a035bc,0,1,0000000000000000,4,1,1,00
1528,1528,0,0000000,00,3,3,3,3400a5a03404a5a0,0,0,3,a5a03438a5a0343c,0,1,0000000000000000,4,1,1,00
1529,1529,0,0000000,00,3,3,3,35b8a5a035bca5a0,0,0,3,a5a03438a5a0343c,0,1,0000000000000000,4,1,1,00
1530,1530,0,0000000,00,3,3,3,0000000000000038,0,0,3,a5a03438a5a0343c,0,1,3500000000000000,4,1,0,00
1531,1531,0,00000b0,04,2,2,3,0000000000000000,0,0,2,a5a03438a5a0343c,3,1,35e0a5a035e4a5a0,4,1,0,00
1532,1532,0,00000b0,05,2,2,3,0000000000000000,0,0,2,a5a03430a5a03434,3,1,3418a5a0341ca5a0,4,1,0,00
1533,1533,0,00000b0,06,2,2,3,0000000000000000,0,0,2,a5a03428a5a0342c,3,1,3410a5a03414a5a0,4,1,0,00
1534,1534,0,00000b0,07,2,2,3,0000000000000000,0,0,2,a5a03420a5a03424,3,1,3408a5a0340ca5a0,4,1,0,00
1535,1535,0,00000b4,00,2,2,3,0000000000000000,0,0,2,a5a03458a5a0345c,3,1,3400a5a03404a5a0,4,1,0,00
1536,1536,0,0000000,00,3,3,3,3400000000000000,0,0,3,a5a035d0a5a035d4,0,1,35b8a5a035bca5a0,4,1,0,00
1537,1537,0,0000000,00,3,3,3,3438a5a0343ca5a0,0,0,3,a5a035d0a5a035d4,0,1,0000000000000038,4,1,0,00
1538,1538,0,0000000,00,3,3,3,3430a5a03434a5a0,0,0,3,a5a035d0a5a035d4,0,1,0000000000000000,4,1,1,00
1539,1539,0,0000000,00,3,3,3,3428a5a0342ca5a0,0,0,3,a5a035d0a5a035d4,0,1,0000000000000000,4,1,1,00
1540,1540,0,0000000,00,3,3,3,3420a5a03424a5a0,0,0,3,a5a035d0a5a035d4,0,1,0000000000000000,4,1,1,00
1541,1541,0,0000000,00,3,3,3,3458a5a0345ca5a0,0,0,3,a5a03450a5a03454,0,1,0000000000000000,4,1,1,00
1542,1542,0,0000000,00,3,3,3,35d0a5a035d4a5a0,0,0,3,a5a03450a5a03454,0,1,0000000000000000,4,1,1,00
1543,1543,0,0000000,00,3,3,3,00000000000000d0,0,0,3,a5a03450a5a03454,0,1,3400000000000000,4,1,0,00
1544,1544,0,00000b4,01,2,2,3,0000000000000000,0,0,2,a5a03450a5a03454,3,1,3438a5a0343ca5a0,4,1,0,00
1545,1545,0,00000b4,02,2,2,3,0000000000000000,0,0,2,a5a03448a5a0344c,3,1,3430a5a03434a5a0,4,1,0,00
1546,1546,0,00000b4,03,2,2,3,0000000000000000,0,0,2,a5a03440a5a03444,3,1,3428a5a0342ca5a0,4,1,0,00
1547,1547,0,00000b4,04,2,2,3,0000000000000000,0,0,2,a5a03478a5a0347c,3,1,3420a5a03424a5a0,4,1,0,00
1548,1548,0,00000b4,05,2,2,3,0000000000000000,0,0,2,a5a03470a5a03474,3,1,3458a5a0345ca5a0,4,1,0,00
1549,1549,0,0000000,00,3,3,3,3400000000000000,0,0,3,a5a035e8a5a035ec,0,1,35d0a5a035d4a5a0,4,1,0,00
1550,1550,0,0000000,00,3,3,3,3450a5a03454a5a0,0,0,3,a5a035e8a5a035ec,0,1,00000000000000d0,4,1,0,00
1551,1551,0,0000000,00,3,3,3,3448a5a0344ca5a0,0,0,3,a5a035e8a5a035ec,0,1,0000000000000000,4,1,1,00
1552,1552,0,0000000,00,3,3,3,3440a5a03444a5a0,0,0,3,a5a035e8a5a035ec,0,1,0000000000000000,4,1,1,00
1553,1553,0,0000000,00,3,3,3,3478a5a0347ca5a0,0,0,3,a5a035e8a5a035ec,0,1,0000000000000000,4,1,1,00
1554,1554,0,0000000,00,3,3,3,3470a5a03474a5a0,0,0,3,a5a03468a5a0346c,0,1,0000000000000000,4,1,1,00
1555,1555,0,0000000,00,3,3,3,35e8a5a035eca5a0,0,0,3,a5a03468a5a0346c,0,1,0000000000000000,4,1,1,00
1556,1556,0,0000000,00,3,3,3,0000000000000068,0,0,3,a5a03468a5a0346c,0,1,3400000000000000,4,1,0,00
1557,1557,0,00000b4,06,2,2,3,0000000000000000,0,0,2,a5a03468a5a0346c,3,1,3450a5a03454a5a0,4,1,0,00
1558,1558,0,00000b4,07,2,2,3,0000000000000000,0,0,2,a5a03460a5a03464,3,1,3448a5a0344ca5a0,4,1,0,00
1559,1559,0,00000b8,00,2,2,3,0000000000000000,0,0,2,a5a03498a5a0349c,3,1,3440a5a03444a5a0,4,1,0,00
1560,1560,0,00000b8,01,2,2,3,0000000000000000,0,0,2,a5a03490a5a03494,3,1,3478a5a0347ca5a0,4,1,0,00
1561,1561,0,00000b8,02,2,2,3,0000000000000000,0,0,2,a5a03488a5a0348c,3,1,3470a5a03474a5a0,4,1,0,00
1562,1562,0,0000000,00,3,3,3,3400000000000000,0,0,3,a5a03400a5a03404,0,1,35e8a5a035eca5a0,4,1,0,00
1563,1563,0,0000000,00,3,3,3,3468a5a0346ca5a0,0,0,3,a5a03400a5a03404,0,1,0000000000000068,4,1,0,00
1564,1564,0,0000000,00,3,3,3,3460a5a03464a5a0,0,0,3,a5a03400a5a03404,0,1,0000000000000000,4,1,1,00
1565,1565,0,0000000,00,3,3,3,3498a5a0349ca5a0,0,0,3,a5a03400a5a03404,0,1,0000000000000000,4,1,1,00
1566,1566,0,0000000,00,3,3,3,3490a5a03494a5a0,0,0,3,a5a03400a5a03404,0,1,0000000000000000,4,1,1,00
1567,1567,0,0000000,00,3,3,3,3488a5a0348ca5a0,0,0,3,a5a03480a5a03484,0,1,0000000000000000,4,1,1,00
1568,1568,0,0000000,00,3,3,3,3400a5a03404a5a0,0,0,3,a5a03480a5a03484,0,1,0000000000000000,4,1,1,00
1569,1569,0,0000000,00,3,3,3,0000000000000000,0,0,3,a5a03480a5a03484,0,1,3400000000000000,4,1,0,00
1570,1570,0,00000b8,03,2,2,3,0000000000000000,0,0,2,a5a03480a5a03484,3,1,3468a5a0346ca5a0,4,1,0,00
1571,1571,0,00000b8,04,2,2,3,0000000000000000,0,0,2,a5a034b8a5a034bc,3,1,3460a5a03464a5a0,4,1,0,00
1572,1572,0,00000b8,05,2,2,3,0000000000000000,0,0,2,a5a034b0a5a034b4,3,1,3498a5a0349ca5a0,4,1,0,00
1573,1573,0,00000b8,06,2,2,3,0000000000000000,0,0,2,a5a034a8a5a034ac,3,1,3490a5a03494a5a0,4,1,0,00
1574,1574,0,00000b8,07,2,2,3,0000000000000000,0,0,2,a5a034a0a5a034a4,3,1,3488a5a0348ca5a0,4,1,0,00
1575,1575,0,0000000,00,3,3,3,3400000000000000,0,0,3,a5a03458a5a0345c,0,1,3400a5a03404a5a0,4,1,0,00
1576,1576,0,0000000,00,3,3,3,3480a5a03484a5a0,0,0,3,a5a03458a5a0345c,0,1,0000000000000000,4,1,0,00
1577,1577,0,0000000,00,3,3,3,34b8a5a034bca5a0,0,0,3,a5a03458a5a0345c,0,1,0000000000000000,4,1,1,00
1578,1578,0,0000000,00,3,3,3,34b0a5a034b4a5a0,0,0,3,a5a03458a5a0345c,0,1,0000000000000000,4,1,1,00
1579,1579,0,0000000,00,3,3,3,34a8a5a034aca5a0,0,0,3,a5a03458a5a0345c,0,1,0000000000000000,4,1,1,00
1580,1580,0,0000000,00,3,3,3,34a0a5a034a4a5a0,0,0,3,a5a034d8a5a034dc,0,1,0000000000000000,4,1,1,00
1581,1581,0,0000000,00,3,3,3,3458a5a0345ca5a0,0,0,3,a5a034d8a5a034dc,0,1,0000000000000000,4,1,1,00
1582,1582,0,0000000,00,3,3,3,0000000000000058,0,0,3,a5a034d8a5a034dc,0,1,3400000000000000,4,1,0,00
1583,1583,0,00000bc,00,2,2,3,0000000000000000,0,0,2,a5a034d8a5a034dc,3,1,3480a5a03484a5a0,4,1,0,00
1584,1584,0,00000bc,01,2,2,3,0000000000000000,0,0,2,a5a034d0a5a034d4,3,1,34b8a5a034bca5a0,4,1,0,00
1585,1585,0,00000bc,02,2,2,3,0000000000000000,0,0,2,a5a034c8a5a034cc,3,1,34b0a5a034b4a5a0,4,1,0,00
1586,1586,0,00000bc,03,2,2,3,0000000000000000,0,0,2,a5a034c0a5a034c4,3,1,34a8a5a034aca5a0,4,1,0,00
1587,1587,0,00000bc,04,2,2,3,0000000000000000,0,0,2,a5a034f8a5a034fc,3,1,34a0a5a034a4a5a0,4,1,0,00
1588,1588,0,0000000,00,3,3,3,3400000000000000,0,0,3,a5a03470a5a03474,0,1,3458a5a0345ca5a0,4,1,0,00
1589,1589,0,0000000,00,3,3,3,34d8a5a034dca5a0,0,0,3,a5a03470a5a03474,0,1,0000000000000058,4,1,0,00
1590,1590,0,0000000,00,3,3,3,34d0a5a034d4a5a0,0,0,3,a5a03470a5a03474,0,1,0000000000000000,4,1,1,00
1591,1591,0,0000000,00,3,3,3,34c8a5a034cca5a0,0,0,3,a5a03470a5a03474,0,1,0000000000000000,4,1,1,00
1592,1592,0,0000000,00,3,3,3,34c0a5a034c4a5a0,0,0,3,a5a03470a5a03474,0,1,0000000000000000,4,1,1,00
1593,1593,0,0000000,00,3,3,3,34f8a5a034fca5a0,0,0,3,a5a034f0a5a034f4,0,1,0000000000000000,4,1,1,00
1594,1594,0,0000000,00,3,3,3,3470a5a03474a5a0,0,0,3,a5a034f0a5a034f4,0,1,0000000000000000,4,1,1,00
1595,1595,0,0000000,00,3,3,3,0000000000000070,0,0,3,a5a034f0a5a034f4,0,1,3400000000000000,4,1,0,00
1596,1596,0,00000bc,05,2,2,3,0000000000000000,0,0,2,a5a034f0a5a034f4,3,1,34d8a5a034dca5a0,4,1,0,00
1597,1597,0,00000bc,06,2,2,3,0000000000000000,0,0,2,a5a034e8a5a034ec,3,1,34d0a5a034d4a5a0,4,1,0,00
1598,1598,0,00000bc,07,2,2,3,0000000000000000,0,0,2,a5a034e0a5a034e4,3,1,34c8a5a034cca5a0,4,1,0,00
1599,1599,0,00000c0,00,2,2,3,0000000000000000,0,0,2,a5a03318a5a0331c,3,1,34c0a5a034c4a5a0,4,1,0,00
1600,1600,0,00000c0,01,2,2,3,0000000000000000,0,0,2,a5a03310a5a03314,3,1,34f8a5a034fca5a0,4,1,0,00
1601,1601,0,0000000,00,3,3,3,3400000000000000,0,0,3,a5a03488a5a0348c,0,1,3470a5a03474a5a0,4,1,0,00
1602,1602,0,0000000,00,3,3,3,34f0a5a034f4a5a0,0,0,3,a5a03488a5a0348c,0,1,0000000000000070,4,1,0,00
1603,1603,0,0000000,00,3,3,3,34e8a5a034eca5a0,0,0,3,a5a03488a5a0348c,0,1,0000000000000000,4,1,1,00
1604,1604,0,0000000,00,3,3,3,34e0a5a034e4a5a0,0,0,3,a5a03488a5a0348c,0,1,0000000000000000,4,1,1,00
1605,1605,0,0000000,00,3,3,3,3318a5a0331ca5a0,0,0,3,a5a03488a5a0348c,0,1,0000000000000000,4,1,1,00
1606,1606,0,0000000,00,3,3,3,3310a5a03314a5a0,0,0,3,a5a03308a5a0330c,0,1,0000000000000000,4,1,1,00
1607,1607,0,0000000,00,3,3,3,3488a5a0348ca5a0,0,0,3,a5a03308a5a0330c,0,1,0000000000000000,4,1,1,00
1608,1608,0,0000000,00,3,3,3,0000000000000008,0,0,3,a5a03308a5a0330c,0,1,3400000000000000,4,1,0,00
1609,1609,0,00000c0,02,2,2,3,0000000000000000,0,0,2,a5a03308a5a0330c,3,1,34f0a5a034f4a5a0,4,1,0,00
1610,1610,0,00000c0,03,2,2,3,0000000000000000,0,0,2,a5a03300a5a03304,3,1,34e8a5a034eca5a0,4,1,0,00
1611,1611,0,00000c0,04,2,2,3,0000000000000000,0,0,2,a5a03338a5a0333c,3,1,34e0a5a034e4a5a0,4,1,0,00
1612,1612,0,00000c0,05,2,2,3,0000000000000000,0,0,2,a5a03330a5a03334,3,1,3318a5a0331ca5a0,4,1,0,00
1613,1613,0,00000c0,06,2,2,3,0000000000000000,0,0,2,a5a03328a5a0332c,3,1,3310a5a03314a5a0,4,1,0,00
1614,1614,0,0000000,00,3,3,3,3300000000000000,0,0,3,a5a034a0a5a034a4,0,1,3488a5a0348ca5a0,4,1,0,00
1615,1615,0,0000000,00,3,3,3,3308a5a0330ca5a0,0,0,3,a5a034a0a5a034a4,0,1,0000000000000008,4,1,0,00
1616,1616,0,0000000,00,3,3,3,3300a5a03304a5a0,0,0,3,a5a034a0a5a034a4,0,1,0000000000000000,4,1,1,00
1617,1617,0,0000000,00,3,3,3,3338a5a0333ca5a0,0,0,3,a5a034a0a5a034a4,0,1,0000000000000000,4,1,1,00
1618,1618,0,0000000,00,3,3,3,3330a5a03334a5a0,0,0,3,a5a034a0a5a034a4,0,1,0000000000000000,4,1,1,00
1619,1619,0,0000000,00,3,3,3,3328a5a0332ca5a0,0,0,3,a5a03320a5a03324,0,1,0000000000000000,4,1,1,00
1620,1620,0,0000000,00,3,3,3,34a0a5a034a4a5a0,0,0,3,a5a03320a5a03324,0,1,0000000000000000,4,1,1,00
1621,1621,0,0000000,00,3,3,3,0000000000000020,0,0,3,a5a03320a5a03324,0,1,3300000000000000,4,1,0,00
1622,1622,0,00000c0,07,2,2,3,0000000000000000,0,0,2,a5a03320a5a03324,3,1,3308a5a0330ca5a0,4,1,0,00
1623,1623,0,00000c4,00,2,2,3,0000000000000000,0,0,2,a5a03358a5a0335c,3,1,3300a5a03304a5a0,4,1,0,00
1624,1624,0,00000c4,01,2,2,3,0000000000000000,0,0,2,a5a03350a5a03354,3,1,3338a5a0333ca5a0,4,1,0,00
1625,1625,0,00000c4,02,2,2,3,0000000000000000,0,0,2,a5a03348a5a0334c,3,1,3330a5a03334a5a0,4,1,0,00
1626,1626,0,00000c4,03,2,2,3,0000000000000000,0,0,2,a5a03340a5a03344,3,1,3328a5a0332ca5a0,4,1,0,00
1627,1627,0,0000000,00,3,3,3,3300000000000000,0,0,3,a5a034f8a5a034fc,0,1,34a0a5a034a4a5a0,4,1,0,00
1628,1628,0,0000000,00,3,3,3,3320a5a03324a5a0,0,0,3,a5a034f8a5a034fc,0,1,0000000000000020,4,1,0,00
1629,1629,0,0000000,00,3,3,3,3358a5a0335ca5a0,0,0,3,a5a034f8a5a034fc,0,1,0000000000000000,4,1,1,00
1630,1630,0,0000000,00,3,3,3,3350a5a03354a5a0,0,0,3,a5a034f8a5a034fc,0,1,0000000000000000,4,1,1,00
1631,1631,0,0000000,00,3,3,3,3348a5a0334ca5a0,0,0,3,a5a034f8a5a034fc,0,1,0000000000000000,4,1,1,00
1632,1632,0,0000000,00,3,3,3,3340a5a03344a5a0,0,0,3,a5a03378a5a0337c,0,1,0000000000000000,4,1,1,00
1633,1633,0,0000000,00,3,3,3,34f8a5a034fca5a0,0,0,3,a5a03378a5a0337c,0,1,0000000000000000,4,1,1,00
1634,1634,0,0000000,00,3,3,3,00000000000000f8,0,0,3,a5a03378a5a0337c,0,1,3300000000000000,4,1,0,00
1635,1635,0,00000c4,04,2,2,3,0000000000000000,0,0,2,a5a03378a5a0337c,3,1,3320a5a03324a5a0,4,1,0,00
1636,1636,0,00000c4,05,2,2,3,0000000000000000,0,0,2,a5a03370a5a03374,3,1,3358a5a0335ca5a0,4,1,0,00
1637,1637,0,00000c4,06,2,2,3,0000000000000000,0,0,2,a5a03368a5a0336c,3,1,3350a5a03354a5a0,4,1,0,00
1638,1638,0,00000c4,07,2,2,3,0000000000000000,0,0,2,a5a03360a5a03364,3,1,3348a5a0334ca5a0,4,1,0,00
1639,1639,0,00000c8,00,2,2,3,0000000000000000,0,0,2,a5a03398a5a0339c,3,1,3340a5a03344a5a0,4,1,0,00
1640,1640,0,0000000,00,3,3,3,3300000000000000,0,0,3,a5a03310a5a03314,0,1,34f8a5a034fca5a0,4,1,0,00
1641,1641,0,0000000,00,3,3,3,3378a5a0337ca5a0,0,0,3,a5a03310a5a03314,0,1,00000000000000f8,4,1,0,00
1642,1642,0,0000000,00,3,3,3,3370a5a03374a5a0,0,0,3,a5a03310a5a03314,0,1,0000000000000000,4,1,1,00
1643,1643,0,0000000,00,3,3,3,3368a5a0336ca5a0,0,0,3,a5a03310a5a03314,0,1,0000000000000000,4,1,1,00
1644,1644,0,0000000,00,3,3,3,3360a5a03364a5a0,0,0,3,a5a03310a5a03314,0,1,0000000000000000,4,1,1,00
1645,1645,0,0000000,00,3,3,3,3398a5a0339ca5a0,0,0,3,a5a03390a5a03394,0,1,0000000000000000,4,1,1,00
1646,1646,0,0000000,00,3,3,3,3310a5a03314a5a0,0,0,3,a5a03390a5a03394,0,1,0000000000000000,4,1,1,00
1647,1647,0,0000000,00,3,3,3,0000000000000010,0,0,3,a5a03390a5a03394,0,1,3300000000000000,4,1,0,00
1648,1648,0,00000c8,01,2,2,3,0000000000000000,0,0,2,a5a03390a5a03394,3,1,3378a5a0337ca5a0,4,1,0,00
1649,1649,0,00000c8,02,2,2,3,0000000000000000,0,0,2,a5a03388a5a0338c,3,1,3370a5a03374a5a0,4,1,0,00
1650,1650,0,00000c8,03,2,2,3,0000000000000000,0,0,2,a5a03380a5a03384,3,1,3368a5a0336ca5a0,4,1,0,00
1651,1651,0,00000c8,04,2,2,3,0000000000000000,0,0,2,a5a033b8a5a033bc,3,1,3360a5a03364a5a0,4,1,0,00
1652,1652,0,00000c8,05,2,2,3,0000000000000000,0,0,2,a5a033b0a5a033b4,3,1,3398a5a0339ca5a0,4,1,0,00
1653,1653,0,0000000,00,3,3,3,3300000000000000,0,0,3,a5a03328a5a0332c,0,1,3310a5a03314a5a0,4,1,0,00
1654,1654,0,0000000,00,3,3,3,3390a5a03394a5a0,0,0,3,a5a03328a5a0332c,0,1,0000000000000010,4,1,0,00
1655,1655,0,0000000,00,3,3,3,3388a5a0338ca5a0,0,0,3,a5a03328a5a0332c,0,1,0000000000000000,4,1,1,00
1656,1656,0,0000000,00,3,3,3,3380a5a03384a5a0,0,0,3,a5a03328a5a0332c,0,1,0000000000000000,4,1,1,00
1657,1657,0,0000000,00,3,3,3,33b8a5a033bca5a0,0,0,3,a5a03328a5a0332c,0,1,0000000000000000,4,1,1,00
1658,1658,0,0000000,00,3,3,3,33b0a5a033b4a5a0,0,0,3,a5a033a8a5a033ac,0,1,0000000000000000,4,1,1,00
1659,1659,0,0000000,00,3,3,3,3328a5a0332ca5a0,0,0,3,a5a033a8a5a033ac,0,1,0000000000000000,4,1,1,00
1660,1660,0,0000000,00,3,3,3,0000000000000028,0,0,3,a5a033a8a5a033ac,0,1,3300000000000000,4,1,0,00
1661,1661,0,00000c8,06,2,2,3,0000000000000000,0,0,2,a5a033a8a5a033ac,3,1,3390a5a03394a5a0,4,1,0,00
1662,1662,0,00000c8,07,2,2,3,0000000000000000,0,0,2,a5a033a0a5a033a4,3,1,3388a5a0338ca5a0,4,1,0,00
1663,1663,0,00000cc,00,2,2,3,0000000000000000,0,0,2,a5a033d8a5a033dc,3,1,3380a5a03384a5a0,4,1,0,00
1664,1664,0,00000cc,01,2,2,3,0000000000000000,0,0,2,a5a033d0a5a033d4,3,1,33b8a5a033bca5a0,4,1,0,00
1665,1665,0,00000cc,02,2,2,3,0000000000000000,0,0,2,a5a033c8a5a033cc,3,1,33b0a5a033b4a5a0,4,1,0,00
1666,1666,0,0000000,00,3,3,3,3300000000000000,0,0,3,a5a03340a5a03344,0,1,3328a5a0332ca5a0,4,1,0,00
1667,1667,0,0000000,00,3,3,3,33a8a5a033aca5a0,0,0,3,a5a03340a5a03344,0,1,0000000000000028,4,1,0,00
1668,1668,0,0000000,00,3,3,3,33a0a5a033a4a5a0,0,0,3,a5a03340a5a03344,0,1,0000000000000000,4,1,1,00
1669,1669,0,0000000,00,3,3,3,33d8a5a033dca5a0,0,0,3,a5a03340a5a03344,0,1,0000000000000000,4,1,1,00
1670,1670,0,0000000,00,3,3,3,33d0a5a033d4a5a0,0,0,3,a5a03340a5a03344,0,1,0000000000000000,4,1,1,00
1671,1671,0,0000000,00,3,3,3,33c8a5a033cca5a0,0,0,3,a5a033c0a5a033c4,0,1,0000000000000000,4,1,1,00
1672,1672,0,0000000,00,3,3,3,3340a5a03344a5a0,0,0,3,a5a033c0a5a033c4,0,1,0000000000000000,4,1,1,00
1673,1673,0,0000000,00,3,3,3,0000000000000000,0,0,3,a5a033c0a5a033c4,0,1,3300000000000000,4,1,0,00
1674,1674,0,00000cc,03,2,2,3,0000000000000000,0,0,2,a5a033c0a5a033c4,3,1,33a8a5a033aca5a0,4,1,0,00
1675,1675,0,00000cc,04,2,2,3,0000000000000000,0,0,2,a5a033f8a5a033fc,3,1,33a0a5a033a4a5a0,4,1,0,00
1676,1676,0,00000cc,05,2,2,3,0000000000000000,0,0,2,a5a033f0a5a033f4,3,1,33d8a5a033dca5a0,4,1,0,00
1677,1677,0,00000cc,06,2,2,3,0000000000000000,0,0,2,a5a033e8a5a033ec,3,1,33d0a5a033d4a5a0,4,1,0,00
1678,1678,0,00000cc,07,2,2,3,0000000000000000,0,0,2,a5a033e0a5a033e4,3,1,33c8a5a033cca5a0,4,1,0,00
1679,1679,0,0000000,00,3,3,3,3300000000000000,0,0,3,a5a03398a5a0339c,0,1,3340a5a03344a5a0,4,1,0,00
1680,1680,0,0000000,00,3,3,3,33c0a5a033c4a5a0,0,0,3,a5a03398a5a0339c,0,1,0000000000000000,4,1,0,00
1681,1681,0,0000000,00,3,3,3,33f8a5a033fca5a0,0,0,3,a5a03398a5a0339c,0,1,0000000000000000,4,1,1,00
1682,1682,0,0000000,00,3,3,3,33f0a5a033f4a5a0,0,0,3,a5a03398a5a0339c,0,1,0000000000000000,4,1,1,00
1683,1683,0,0000000,00,3,3,3,33e8a5a033eca5a0,0,0,3,a5a03398a5a0339c,0,1,0000000000000000,4,1,1,00
1684,1684,0,0000000,00,3,3,3,33e0a5a033e4a5a0,0,0,3,a5a03218a5a0321c,0,1,0000000000000000,4,1,1,00
1685,1685,0,0000000,00,3,3,3,3398a5a0339ca5a0,0,0,3,a5a03218a5a0321c,0,1,0000000000000000,4,1,1,00
1686,1686,0,0000000,00,3,3,3,0000000000000098,0,0,3,a5a03218a5a0321c,0,1,3300000000000000,4,1,0,00
1687,1687,0,00000d0,00,2,2,3,0000000000000000,0,0,2,a5a03218a5a0321c,3,1,33c0a5a033c4a5a0,4,1,0,00
1688,1688,0,00000d0,01,2,2,3,0000000000000000,0,0,2,a5a03210a5a03214,3,1,33f8a5a033fca5a0,4,1,0,00
1689,1689,0,00000d0,02,2,2,3,0000000000000000,0,0,2,a5a03208a5a0320c,3,1,33f0a5a033f4a5a0,4,1,0,00
1690,1690,0,00000d0,03,2,2,3,0000000000000000,0,0,2,a5a03200a5a03204,3,1,33e8a5a033eca5a0,4,1,0,00
1691,1691,0,00000d0,04,2,2,3,0000000000000000,0,0,2,a5a03238a5a0323c,3,1,33e0a5a033e4a5a0,4,1,0,00
1692,1692,0,0000000,00,3,3,3,3200000000000000,0,0,3,a5a033b0a5a033b4,0,1,3398a5a0339ca5a0,4,1,0,00
1693,1693,0,0000000,00,3,3,3,3218a5a0321ca5a0,0,0,3,a5a033b0a5a033b4,0,1,0000000000000098,4,1,0,00
1694,1694,0,0000000,00,3,3,3,3210a5a03214a5a0,0,0,3,a5a033b0a5a033b4,0,1,0000000000000000,4,1,1,00
1695,1695,0,0000000,00,3,3,3,3208a5a0320ca5a0,0,0,3,a5a033b0a5a033b4,0,1,0000000000000000,4,1,1,00
1696,1696,0,0000000,00,3,3,3,3200a5a03204a5a0,0,0,3,a5a033b0a5a033b4,0,1,0000000000000000,4,1,1,00
1697,1697,0,0000000,00,3,3,3,3238a5a0323ca5a0,0,0,3,a5a03230a5a03234,0,1,0000000000000000,4,1,1,00
1698,1698,0,0000000,00,3,3,3,33b0a5a033b4a5a0,0,0,3,a5a03230a5a03234,0,1,0000000000000000,4,1,1,00
1699,1699,0,0000000,00,3,3,3,00000000000000b0,0,0,3,a5a03230a5a03234,0,1,3200000000000000,4,1,0,00
1700,1700,0,00000d0,05,2,2,3,0000000000000000,0,0,2,a5a03230a5a03234,3,1,3218a5a0321ca5a0,4,1,0,00
1701,1701,0,00000d0,06,2,2,3,0000000000000000,0,0,2,a5a03228a5a0322c,3,1,3210a5a03214a5a0,4,1,0,00
1702,1702,0,00000d0,07,2,2,3,0000000000000000,0,0,2,a5a03220a5a03224,3,1,3208a5a0320ca5a0,4,1,0,00
1703,1703,0,00000d4,00,2,2,3,0000000000000000,0,0,2,a5a03258a5a0325c,3,1,3200a5a03204a5a0,4,1,0,00
1704,1704,0,00000d4,01,2,2,3,0000000000000000,0,0,2,a5a03250a5a03254,3,1,3238a5a0323ca5a0,4,1,0,00
1705,1705,0,0000000,00,3,3,3,3200000000000000,0,0,3,a5a033c8a5a033cc,0,1,33b0a5a033b4a5a0,4,1,0,00
1706,1706,0,0000000,00,3,3,3,3230a5a03234a5a0,0,0,3,a5a033c8a5a033cc,0,1,00000000000000b0,4,1,0,00
1707,1707,0,0000000,00,3,3,3,3228a5a0322ca5a0,0,0,3,a5a033c8a5a033cc,0,1,0000000000000000,4,1,1,00
1708,1708,0,0000000,00,3,3,3,3220a5a03224a5a0,0,0,3,a5a033c8a5a033cc,0,1,0000000000000000,4,1,1,00
1709,1709,0,0000000,00,3,3,3,3258a5a0325ca5a0,0,0,3,a5a033c8a5a033cc,0,1,0000000000000000,4,1,1,00
1710,1710,0,0000000,00,3,3,3,3250a5a03254a5a0,0,0,3,a5a03248a5a0324c,0,1,0000000000000000,4,1,1,00
1711,1711,0,0000000,00,3,3,3,33c8a5a033cca5a0,0,0,3,a5a03248a5a0324c,0,1,0000000000000000,4,1,1,00
1712,1712,0,0000000,00,3,3,3,00000000000000c8,0,0,3,a5a03248a5a0324c,0,1,3200000000000000,4,1,0,00
1713,1713,0,00000d4,02,2,2,3,0000000000000000,0,0,2,a5a03248a5a0324c,3,1,3230a5a03234a5a0,4,1,0,00
1714,1714,0,00000d4,03,2,2,3,0000000000000000,0,0,2,a5a03240a5a03244,3,1,3228a5a0322ca5a0,4,1,0,00
1715,1715,0,00000d4,04,2,2,3,0000000000000000,0,0,2,a5a03278a5a0327c,3,1,3220a5a03224a5a0,4,1,0,00
1716,1716,0,00000d4,05,2,2,3,0000000000000000,0,0,2,a5a03270a5a03274,3,1,3258a5a0325ca5a0,4,1,0,00
1717,1717,0,00000d4,06,2,2,3,0000000000000000,0,0,2,a5a03268a5a0326c,3,1,3250a5a03254a5a0,4,1,0,00
1718,1718,0,0000000,00,3,3,3,3200000000000000,0,0,3,a5a033e0a5a033e4,0,1,33c8a5a033cca5a0,4,1,0,00
1719,1719,0,0000000,00,3,3,3,3248a5a0324ca5a0,0,0,3,a5a033e0a5a033e4,0,1,00000000000000c8,4,1,0,00
1720,1720,0,0000000,00,3,3,3,3240a5a03244a5a0,0,0,3,a5a033e0a5a033e4,0,1,0000000000000000,4,1,1,00
1721,1721,0,0000000,00,3,3,3,3278a5a0327ca5a0,0,0,3,a5a033e0a5a033e4,0,1,0000000000000000,4,1,1,00
1722,1722,0,0000000,00,3,3,3,3270a5a03274a5a0,0,0,3,a5a033e0a5a033e4,0,1,0000000000000000,4,1,1,00
1723,1723,0,0000000,00,3,3,3,3268a5a0326ca5a0,0,0,3,a5a03260a5a03264,0,1,0000000000000000,4,1,1,00
1724,1724,0,0000000,00,3,3,3,33e0a5a033e4a5a0,0,0,3,a5a03260a5a03264,0,1,0000000000000000,4,1,1,00
1725,1725,0,0000000,00,3,3,3,00000000000000a0,0,0,3,a5a03260a5a03264,0,1,3200000000000000,4,1,0,00
1726,1726,0,00000d4,07,2,2,3,0000000000000000,0,0,2,a5a03260a5a03264,3,1,3248a5a0324ca5a0,4,1,0,00
1727,1727,0,00000d8,00,2,2,3,0000000000000000,0,0,2,a5a03298a5a0329c,3,1,3240a5a03244a5a0,4,1,0,00
1728,1728,0,00000d8,01,2,2,3,0000000000000000,0,0,2,a5a03290a5a03294,3,1,3278a5a0327ca5a0,4,1,0,00
1729,1729,0,00000d8,02,2,2,3,0000000000000000,0,0,2,a5a03288a5a0328c,3,1,3270a5a03274a5a0,4,1,0,00
1730,1730,0,00000d8,03,2,2,3,0000000000000000,0,0,2,a5a03280a5a03284,3,1,3268a5a0326ca5a0,4,1,0,00
1731,1731,0,0000000,00,3,3,3,3200000000000000,0,0,3,a5a03238a5a0323c,0,1,33e0a5a033e4a5a0,4,1,0,00
1732,1732,0,0000000,00,3,3,3,3260a5a03264a5a0,0,0,3,a5a03238a5a0323c,0,1,00000000000000a0,4,1,0,00
1733,1733,0,0000000,00,3,3,3,3298a5a0329ca5a0,0,0,3,a5a03238a5a0323c,0,1,0000000000000000,4,1,1,00
1734,1734,0,0000000,00,3,3,3,3290a5a03294a5a0,0,0,3,a5a03238a5a0323c,0,1,0000000000000000,4,1,1,00
1735,1735,0,0000000,00,3,3,3,3288a5a0328ca5a0,0,0,3,a5a03238a5a0323c,0,1,0000000000000000,4,1,1,00
1736,1736,0,0000000,00,3,3,3,3280a5a03284a5a0,0,0,3,a5a032b8a5a032bc,0,1,0000000000000000,4,1,1,00
1737,1737,0,0000000,00,3,3,3,3238a5a0323ca5a0,0,0,3,a5a032b8a5a032bc,0,1,0000000000000000,4,1,1,00
1738,1738,0,0000000,00,3,3,3,0000000000000038,0,0,3,a5a032b8a5a032bc,0,1,3200000000000000,4,1,0,00
1739,1739,0,00000d8,04,2,2,3,0000000000000000,0,0,2,a5a032b8a5a032bc,3,1,3260a5a03264a5a0,4,1,0,00
1740,1740,0,00000d8,05,2,2,3,0000000000000000,0,0,2,a5a032b0a5a032b4,3,1,3298a5a0329ca5a0,4,1,0,00
1741,1741,0,00000d8,06,2,2,3,0000000000000000,0,0,2,a5a032a8a5a032ac,3,1,3290a5a03294a5a0,4,1,0,00
1742,1742,0,00000d8,07,2,2,3,0000000000000000,0,0,2,a5a032a0a5a032a4,3,1,3288a5a0328ca5a0,4,1,0,00
1743,1743,0,00000dc,00,2,2,3,0000000000000000,0,0,2,a5a032d8a5a032dc,3,1,3280a5a03284a5a0,4,1,0,00
1744,1744,0,0000000,00,3,3,3,3200000000000000,0,0,3,a5a03250a5a03254,0,1,3238a5a0323ca5a0,4,1,0,00
1745,1745,0,0000000,00,3,3,3,32b8a5a032bca5a0,0,0,3,a5a03250a5a03254,0,1,0000000000000038,4,1,0,00
1746,1746,0,0000000,00,3,3,3,32b0a5a032b4a5a0,0,0,3,a5a03250a5a03254,0,1,0000000000000000,4,1,1,00
1747,1747,0,0000000,00,3,3,3,32a8a5a032aca5a0,0,0,3,a5a03250a5a03254,0,1,0000000000000000,4,1,1,00
1748,1748,0,0000000,00,3,3,3,32a0a5a032a4a5a0,0,0,3,a5a03250a5a03254,0,1,0000000000000000,4,1,1,00
1749,1749,0,0000000,00,3,3,3,32d8a5a032dca5a0,0,0,3,a5a032d0a5a032d4,0,1,0000000000000000,4,1,1,00
1750,1750,0,0000000,00,3,3,3,3250a5a03254a5a0,0,0,3,a5a032d0a5a032d4,0,1,0000000000000000,4,1,1,00
1751,1751,0,0000000,00,3,3,3,0000000000000050,0,0,3,a5a032d0a5a032d4,0,1,3200000000000000,4,1,0,00
1752,1752,0,00000dc,01,2,2,3,0000000000000000,0,0,2,a5a032d0a5a032d4,3,1,32b8a5a032bca5a0,4,1,0,00
1753,1753,0,00000dc,02,2,2,3,0000000000000000,0,0,2,a5a032c8a5a032cc,3,1,32b0a5a032b4a5a0,4,1,0,00
1754,1754,0,00000dc,03,2,2,3,0000000000000000,0,0,2,a5a032c0a5a032c4,3,1,32a8a5a032aca5a0,4,1,0,00
1755,1755,0,00000dc,04,2,2,3,0000000000000000,0,0,2,a5a032f8a5a032fc,3,1,32a0a5a032a4a5a0,4,1,0,00
1756,1756,0,00000dc,05,2,2,3,0000000000000000,0,0,2,a5a032f0a5a032f4,3,1,32d8a5a032dca5a0,4,1,0,00
1757,1757,0,0000000,00,3,3,3,3200000000000000,0,0,3,a5a03268a5a0326c,0,1,3250a5a03254a5a0,4,1,0,00
1758,1758,0,0000000,00,3,3,3,32d0a5a032d4a5a0,0,0,3,a5a03268a5a0326c,0,1,0000000000000050,4,1,0,00
1759,1759,0,0000000,00,3,3,3,32c8a5a032cca5a0,0,0,3,a5a03268a5a0326c,0,1,0000000000000000,4,1,1,00
1760,1760,0,0000000,00,3,3,3,32c0a5a032c4a5a0,0,0,3,a5a03268a5a0326c,0,1,0000000000000000,4,1,1,00
1761,1761,0,0000000,00,3,3,3,32f8a5a032fca5a0,0,0,3,a5a03268a5a0326c,0,1,0000000000000000,4,1,1,00
1762,1762,0,0000000,00,3,3,3,32f0a5a032f4a5a0,0,0,3,a5a032e8a5a032ec,0,1,0000000000000000,4,1,1,00
1763,1763,0,0000000,00,3,3,3,3268a5a0326ca5a0,0,0,3,a5a032e8a5a032ec,0,1,0000000000000000,4,1,1,00
1764,1764,0,0000000,00,3,3,3,0000000000000068,0,0,3,a5a032e8a5a032ec,0,1,3200000000000000,4,1,0,00
1765,1765,0,00000dc,06,2,2,3,0000000000000000,0,0,2,a5a032e8a5a032ec,3,1,32d0a5a032d4a5a0,4,1,0,00
1766,1766,0,00000dc,07,2,2,3,0000000000000000,0,0,2,a5a032e0a5a032e4,3,1,32c8a5a032cca5a0,4,1,0,00
1767,1767,0,00000e0,00,2,2,3,0000000000000000,0,0,2,a5a03118a5a0311c,3,1,32c0a5a032c4a5a0,4,1,0,00
1768,1768,0,00000e0,01,2,2,3,0000000000000000,0,0,2,a5a03110a5a03114,3,1,32f8a5a032fca5a0,4,1,0,00
1769,1769,0,00000e0,02,2,2,3,0000000000000000,0,0,2,a5a03108a5a0310c,3,1,32f0a5a032f4a5a0,4,1,0,00
1770,1770,0,0000000,00,3,3,3,3200000000000000,0,0,3,a5a03280a5a03284,0,1,3268a5a0326ca5a0,4,1,0,00
1771,1771,0,0000000,00,3,3,3,32e8a5a032eca5a0,0,0,3,a5a03280a5a03284,0,1,0000000000000068,4,1,0,00
1772,1772,0,0000000,00,3,3,3,32e0a5a032e4a5a0,0,0,3,a5a03280a5a03284,0,1,0000000000000000,4,1,1,00
1773,1773,0,0000000,00,3,3,3,3118a5a0311ca5a0,0,0,3,a5a03280a5a03284,0,1,0000000000000000,4,1,1,00
1774,1774,0,0000000,00,3,3,3,3110a5a03114a5a0,0,0,3,a5a03280a5a03284,0,1,0000000000000000,4,1,1,00
1775,1775,0,0000000,00,3,3,3,3108a5a0310ca5a0,0,0,3,a5a03100a5a03104,0,1,0000000000000000,4,1,1,00
1776,1776,0,0000000,00,3,3,3,3280a5a03284a5a0,0,0,3,a5a03100a5a03104,0,1,0000000000000000,4,1,1,00
1777,1777,0,0000000,00,3,3,3,0000000000000000,0,0,3,a5a03100a5a03104,0,1,3200000000000000,4,1,0,00
1778,1778,0,00000e0,03,2,2,3,0000000000000000,0,0,2,a5a03100a5a03104,3,1,32e8a5a032eca5a0,4,1,0,00
1779,1779,0,00000e0,04,2,2,3,0000000000000000,0,0,2,a5a03138a5a0313c,3,1,32e0a5a032e4a5a0,4,1,0,00
1780,1780,0,00000e0,05,2,2,3,0000000000000000,0,0,2,a5a03130a5a03134,3,1,3118a5a0311ca5a0,4,1,0,00
1781,1781,0,00000e0,06,2,2,3,0000000000000000,0,0,2,a5a03128a5a0312c,3,1,3110a5a03114a5a0,4,1,0,00
1782,1782,0,00000e0,07,2,2,3,0000000000000000,0,0,2,a5a03120a5a03124,3,1,3108a5a0310ca5a0,4,1,0,00
1783,1783,0,0000000,00,3,3,3,3100000000000000,0,0,3,a5a032d8a5a032dc,0,1,3280a5a03284a5a0,4,1,0,00
1784,1784,0,0000000,00,3,3,3,3100a5a03104a5a0,0,0,3,a5a032d8a5a032dc,0,1,0000000000000000,4,1,0,00
1785,1785,0,0000000,00,3,3,3,3138a5a0313ca5a0,0,0,3,a5a032d8a5a032dc,0,1,0000000000000000,4,1,1,00
1786,1786,0,0000000,00,3,3,3,3130a5a03134a5a0,0,0,3,a5a032d8a5a032dc,0,1,0000000000000000,4,1,1,00
1787,1787,0,0000000,00,3,3,3,3128a5a0312ca5a0,0,0,3,a5a032d8a5a032dc,0,1,0000000000000000,4,1,1,00
1788,1788,0,0000000,00,3,3,3,3120a5a03124a5a0,0,0,3,a5a03158a5a0315c,0,1,0000000000000000,4,1,1,00
1789,1789,0,0000000,00,3,3,3,32d8a5a032dca5a0,0,0,3,a5a03158a5a0315c,0,1,0000000000000000,4,1,1,00
1790,1790,0,0000000,00,3,3,3,00000000000000d8,0,0,3,a5a03158a5a0315c,0,1,3100000000000000,4,1,0,00
1791,1791,0,00000e4,00,2,2,3,0000000000000000,0,0,2,a5a03158a5a0315c,3,1,3100a5a03104a5a0,4,1,0,00
1792,1792,0,00000e4,01,2,2,3,0000000000000000,0,0,2,a5a03150a5a03154,3,1,3138a5a0313ca5a0,4,1,0,00
1793,1793,0,00000e4,02,2,2,3,0000000000000000,0,0,2,a5a03148a5a0314c,3,1,3130a5a03134a5a0,4,1,0,00
1794,1794,0,00000e4,03,2,2,3,0000000000000000,0,0,2,a5a03140a5a03144,3,1,3128a5a0312ca5a0,4,1,0,00
1795,1795,0,00000e4,04,2,2,3,0000000000000000,0,0,2,a5a03178a5a0317c,3,1,3120a5a03124a5a0,4,1,0,00
1796,1796,0,0000000,00,3,3,3,3100000000000000,0,0,3,a5a032f0a5a032f4,0,1,32d8a5a032dca5a0,4,1,0,00
1797,1797,0,0000000,00,3,3,3,3158a5a0315ca5a0,0,0,3,a5a032f0a5a032f4,0,1,00000000000000d8,4,1,0,00
1798,1798,0,0000000,00,3,3,3,3150a5a03154a5a0,0,0,3,a5a032f0a5a032f4,0,1,0000000000000000,4,1,1,00
1799,1799,0,0000000,00,3,3,3,3148a5a0314ca5a0,0,0,3,a5a032f0a5a032f4,0,1,0000000000000000,4,1,1,00
1800,1800,0,0000000,00,3,3,3,3140a5a03144a5a0,0,0,3,a5a032f0a5a032f4,0,1,0000000000000000,4,1,1,00
1801,1801,0,0000000,00,3,3,3,3178a5a0317ca5a0,0,0,3,a5a03170a5a03174,0,1,0000000000000000,4,1,1,00
1802,1802,0,0000000,00,3,3,3,32f0a5a032f4a5a0,0,0,3,a5a03170a5a03174,0,1,0000000000000000,4,1,1,00
1803,1803,0,0000000,00,3,3,3,00000000000000f0,0,0,3,a5a03170a5a03174,0,1,3100000000000000,4,1,0,00
1804,1804,0,00000e4,05,2,2,3,0000000000000000,0,0,2,a5a03170a5a03174,3,1,3158a5a0315ca5a0,4,1,0,00
1805,1805,0,00000e4,06,2,2,3,0000000000000000,0,0,2,a5a03168a5a0316c,3,1,3150a5a03154a5a0,4,1,0,00
1806,1806,0,00000e4,07,2,2,3,0000000000000000,0,0,2,a5a03160a5a03164,3,1,3148a5a0314ca5a0,4,1,0,00
1807,1807,0,00000e8,00,2,2,3,0000000000000000,0,0,2,a5a03198a5a0319c,3,1,3140a5a03144a5a0,4,1,0,00
1808,1808,0,00000e8,01,2,2,3,0000000000000000,0,0,2,a5a03190a5a03194,3,1,3178a5a0317ca5a0,4,1,0,00
1809,1809,0,0000000,00,3,3,3,3100000000000000,0,0,3,a5a03108a5a0310c,0,1,32f0a5a032f4a5a0,4,1,0,00
1810,1810,0,0000000,00,3,3,3,3170a5a03174a5a0,0,0,3,a5a03108a5a0310c,0,1,00000000000000f0,4,1,0,00
1811,1811,0,0000000,00,3,3,3,3168a5a0316ca5a0,0,0,3,a5a03108a5a0310c,0,1,0000000000000000,4,1,1,00
1812,1812,0,0000000,00,3,3,3,3160a5a03164a5a0,0,0,3,a5a03108a5a0310c,0,1,0000000000000000,4,1,1,00
1813,1813,0,0000000,00,3,3,3,3198a5a0319ca5a0,0,0,3,a5a03108a5a0310c,0,1,0000000000000000,4,1,1,00
1814,1814,0,0000000,00,3,3,3,3190a5a03194a5a0,0,0,3,a5a03188a5a0318c,0,1,0000000000000000,4,1,1,00
1815,1815,0,0000000,00,3,3,3,3108a5a0310ca5a0,0,0,3,a5a03188a5a0318c,0,1,0000000000000000,4,1,1,00
1816,1816,0,0000000,00,3,3,3,0000000000000008,0,0,3,a5a03188a5a0318c,0,1,3100000000000000,4,1,0,00
1817,1817,0,00000e8,02,2,2,3,0000000000000000,0,0,2,a5a03188a5a0318c,3,1,3170a5a03174a5a0,4,1,0,00
1818,1818,0,00000e8,03,2,2,3,0000000000000000,0,0,2,a5a03180a5a03184,3,1,3168a5a0316ca5a0,4,1,0,00
1819,1819,0,00000e8,04,2,2,3,0000000000000000,0,0,2,a5a031b8a5a031bc,3,1,3160a5a03164a5a0,4,1,0,00
1820,1820,0,00000e8,05,2,2,3,0000000000000000,0,0,2,a5a031b0a5a031b4,3,1,3198a5a0319ca5a0,4,1,0,00
1821,1821,0,00000e8,06,2,2,3,0000000000000000,0,0,2,a5a031a8a5a031ac,3,1,3190a5a03194a5a0,4,1,0,00
1822,1822,0,0000000,00,3,3,3,3100000000000000,0,0,3,a5a03120a5a03124,0,1,3108a5a0310ca5a0,4,1,0,00
1823,1823,0,0000000,00,3,3,3,3188a5a0318ca5a0,0,0,3,a5a03120a5a03124,0,1,0000000000000008,4,1,0,00
1824,1824,0,0000000,00,3,3,3,3180a5a03184a5a0,0,0,3,a5a03120a5a03124,0,1,0000000000000000,4,1,1,00
1825,1825,0,0000000,00,3,3,3,31b8a5a031bca5a0,0,0,3,a5a03120a5a03124,0,1,0000000000000000,4,1,1,00
1826,1826,0,0000000,00,3,3,3,31b0a5a031b4a5a0,0,0,3,a5a03120a5a03124,0,1,0000000000000000,4,1,1,00
1827,1827,0,0000000,00,3,3,3,31a8a5a031aca5a0,0,0,3,a5a031a0a5a031a4,0,1,0000000000000000,4,1,1,00
1828,1828,0,0000000,00,3,3,3,3120a5a03124a5a0,0,0,3,a5a031a0a5a031a4,0,1,0000000000000000,4,1,1,00
1829,1829,0,0000000,00,3,3,3,0000000000000020,0,0,3,a5a031a0a5a031a4,0,1,3100000000000000,4,1,0,00
1830,1830,0,00000e8,07,2,2,3,0000000000000000,0,0,2,a5a031a0a5a031a4,3,1,3188a5a0318ca5a0,4,1,0,00
1831,1831,0,00000ec,00,2,2,3,0000000000000000,0,0,2,a5a031d8a5a031dc,3,1,3180a5a03184a5a0,4,1,0,00
1832,1832,0,00000ec,01,2,2,3,0000000000000000,0,0,2,a5a031d0a5a031d4,3,1,31b8a5a031bca5a0,4,1,0,00
1833,1833,0,00000ec,02,2,2,3,0000000000000000,0,0,2,a5a031c8a5a031cc,3,1,31b0a5a031b4a5a0,4,1,0,00
1834,1834,0,00000ec,03,2,2,3,0000000000000000,0,0,2,a5a031c0a5a031c4,3,1,31a8a5a031aca5a0,4,1,0,00
1835,1835,0,0000000,00,3,3,3,3100000000000000,0,0,3,a5a03178a5a0317c,0,1,3120a5a03124a5a0,4,1,0,00
1836,1836,0,0000000,00,3,3,3,31a0a5a031a4a5a0,0,0,3,a5a03178a5a0317c,0,1,0000000000000020,4,1,0,00
1837,1837,0,0000000,00,3,3,3,31d8a5a031dca5a0,0,0,3,a5a03178a5a0317c,0,1,0000000000000000,4,1,1,00
1838,1838,0,0000000,00,3,3,3,31d0a5a031d4a5a0,0,0,3,a5a03178a5a0317c,0,1,0000000000000000,4,1,1,00
1839,1839,0,0000000,00,3,3,3,31c8a5a031cca5a0,0,0,3,a5a03178a5a0317c,0,1,0000000000000000,4,1,1,00
1840,1840,0,0000000,00,3,3,3,31c0a5a031c4a5a0,0,0,3,a5a031f8a5a031fc,0,1,0000000000000000,4,1,1,00
1841,1841,0,0000000,00,3,3,3,3178a5a0317ca5a0,0,0,3,a5a031f8a5a031fc,0,1,0000000000000000,4,1,1,00
1842,1842,0,0000000,00,3,3,3,0000000000000078,0,0,3,a5a031f8a5a031fc,0,1,3100000000000000,4,1,0,00
1843,1843,0,00000ec,04,2,2,3,0000000000000000,0,0,2,a5a031f8a5a031fc,3,1,31a0a5a031a4a5a0,4,1,0,00
1844,1844,0,00000ec,05,2,2,3,0000000000000000,0,0,2,a5a031f0a5a031f4,3,1,31d8a5a031dca5a0,4,1,0,00
1845,1845,0,00000ec,06,2,2,3,0000000000000000,0,0,2,a5a031e8a5a031ec,3,1,31d0a5a031d4a5a0,4,1,0,00
1846,1846,0,00000ec,07,2,2,3,0000000000000000,0,0,2,a5a031e0a5a031e4,3,1,31c8a5a031cca5a0,4,1,0,00
1847,1847,0,00000f0,00,2,2,3,0000000000000000,0,0,2,a5a03018a5a0301c,3,1,31c0a5a031c4a5a0,4,1,0,00
1848,1848,0,0000000,00,3,3,3,3100000000000000,0,0,3,a5a03190a5a03194,0,1,3178a5a0317ca5a0,4,1,0,00
1849,1849,0,0000000,00,3,3,3,31f8a5a031fca5a0,0,0,3,a5a03190a5a03194,0,1,0000000000000078,4,1,0,00
1850,1850,0,0000000,00,3,3,3,31f0a5a031f4a5a0,0,0,3,a5a03190a5a03194,0,1,0000000000000000,4,1,1,00
1851,1851,0,0000000,00,3,3,3,31e8a5a031eca5a0,0,0,3,a5a03190a5a03194,0,1,0000000000000000,4,1,1,00
1852,1852,0,0000000,00,3,3,3,31e0a5a031e4a5a0,0,0,3,a5a03190a5a03194,0,1,0000000000000000,4,1,1,00
1853,1853,0,0000000,00,3,3,3,3018a5a0301ca5a0,0,0,3,a5a03010a5a03014,0,1,0000000000000000,4,1,1,00
1854,1854,0,0000000,00,3,3,3,3190a5a03194a5a0,0,0,3,a5a03010a5a03014,0,1,0000000000000000,4,1,1,00
1855,1855,0,0000000,00,3,3,3,0000000000000090,0,0,3,a5a03010a5a03014,0,1,3100000000000000,4,1,0,00
1856,1856,0,00000f0,01,2,2,3,0000000000000000,0,0,2,a5a03010a5a03014,3,1,31f8a5a031fca5a0,4,1,0,00
1857,1857,0,00000f0,02,2,2,3,0000000000000000,0,0,2,a5a03008a5a0300c,3,1,31f0a5a031f4a5a0,4,1,0,00
1858,1858,0,00000f0,03,2,2,3,0000000000000000,0,0,2,a5a03000a5a03004,3,1,31e8a5a031eca5a0,4,1,0,00
1859,1859,0,00000f0,04,2,2,3,0000000000000000,0,0,2,a5a03038a5a0303c,3,1,31e0a5a031e4a5a0,4,1,0,00
1860,1860,0,00000f0,05,2,2,3,0000000000000000,0,0,2,a5a03030a5a03034,3,1,3018a5a0301ca5a0,4,1,0,00
1861,1861,0,0000000,00,3,3,3,3000000000000000,0,0,3,a5a031a8a5a031ac,0,1,3190a5a03194a5a0,4,1,0,00
1862,1862,0,0000000,00,3,3,3,3010a5a03014a5a0,0,0,3,a5a031a8a5a031ac,0,1,0000000000000090,4,1,0,00
1863,1863,0,0000000,00,3,3,3,3008a5a0300ca5a0,0,0,3,a5a031a8a5a031ac,0,1,0000000000000000,4,1,1,00
1864,1864,0,0000000,00,3,3,3,3000a5a03004a5a0,0,0,3,a5a031a8a5a031ac,0,1,0000000000000000,4,1,1,00
1865,1865,0,0000000,00,3,3,3,3038a5a0303ca5a0,0,0,3,a5a031a8a5a031ac,0,1,0000000000000000,4,1,1,00
1866,1866,0,0000000,00,3,3,3,3030a5a03034a5a0,0,0,3,a5a03028a5a0302c,0,1,0000000000000000,4,1,1,00
1867,1867,0,0000000,00,3,3,3,31a8a5a031aca5a0,0,0,3,a5a03028a5a0302c,0,1,0000000000000000,4,1,1,00
1868,1868,0,0000000,00,3,3,3,0000000000000028,0,0,3,a5a03028a5a0302c,0,1,3000000000000000,4,1,0,00
1869,1869,0,00000f0,06,2,2,3,0000000000000000,0,0,2,a5a03028a5a0302c,3,1,3010a5a03014a5a0,4,1,0,00
1870,1870,0,00000f0,07,2,2,3,0000000000000000,0,0,2,a5a03020a5a03024,3,1,3008a5a0300ca5a0,4,1,0,00
1871,1871,0,00000f4,00,2,2,3,0000000000000000,0,0,2,a5a03058a5a0305c,3,1,3000a5a03004a5a0,4,1,0,00
1872,1872,0,00000f4,01,2,2,3,0000000000000000,0,0,2,a5a03050a5a03054,3,1,3038a5a0303ca5a0,4,1,0,00
1873,1873,0,00000f4,02,2,2,3,0000000000000000,0,0,2,a5a03048a5a0304c,3,1,3030a5a03034a5a0,4,1,0,00
1874,1874,0,0000000,00,3,3,3,3000000000000000,0,0,3,a5a031c0a5a031c4,0,1,31a8a5a031aca5a0,4,1,0,00
1875,1875,0,0000000,00,3,3,3,3028a5a0302ca5a0,0,0,3,a5a031c0a5a031c4,0,1,0000000000000028,4,1,0,00
1876,1876,0,0000000,00,3,3,3,3020a5a03024a5a0,0,0,3,a5a031c0a5a031c4,0,1,0000000000000000,4,1,1,00
1877,1877,0,0000000,00,3,3,3,3058a5a0305ca5a0,0,0,3,a5a031c0a5a031c4,0,1,0000000000000000,4,1,1,00
1878,1878,0,0000000,00,3,3,3,3050a5a03054a5a0,0,0,3,a5a031c0a5a031c4,0,1,0000000000000000,4,1,1,00
1879,1879,0,0000000,00,3,3,3,3048a5a0304ca5a0,0,0,3,a5a03040a5a03044,0,1,0000000000000000,4,1,1,00
1880,1880,0,0000000,00,3,3,3,31c0a5a031c4a5a0,0,0,3,a5a03040a5a03044,0,1,0000000000000000,4,1,1,00
1881,1881,0,0000000,00,3,3,3,0000000000000000,0,0,3,a5a03040a5a03044,0,1,3000000000000000,4,1,0,00
1882,1882,0,00000f4,03,2,2,3,0000000000000000,0,0,2,a5a03040a5a03044,3,1,3028a5a0302ca5a0,4,1,0,00
1883,1883,0,00000f4,04,2,2,3,0000000000000000,0,0,2,a5a03078a5a0307c,3,1,3020a5a03024a5a0,4,1,0,00
1884,1884,0,00000f4,05,2,2,3,0000000000000000,0,0,2,a5a03070a5a03074,3,1,3058a5a0305ca5a0,4,1,0,00
1885,1885,0,00000f4,06,2,2,3,0000000000000000,0,0,2,a5a03068a5a0306c,3,1,3050a5a03054a5a0,4,1,0,00
1886,1886,0,00000f4,07,2,2,3,0000000000000000,0,0,2,a5a03060a5a03064,3,1,3048a5a0304ca5a0,4,1,0,00
1887,1887,0,0000000,00,3,3,3,3000000000000000,0,0,3,a5a03018a5a0301c,0,1,31c0a5a031c4a5a0,4,1,0,00
1888,1888,0,0000000,00,3,3,3,3040a5a03044a5a0,0,0,3,a5a03018a5a0301c,0,1,0000000000000000,4,1,0,00
1889,1889,0,0000000,00,3,3,3,3078a5a0307ca5a0,0,0,3,a5a03018a5a0301c,0,1,0000000000000000,4,1,1,00
1890,1890,0,0000000,00,3,3,3,3070a5a03074a5a0,0,0,3,a5a03018a5a0301c,0,1,0000000000000000,4,1,1,00
1891,1891,0,0000000,00,3,3,3,3068a5a0306ca5a0,0,0,3,a5a03018a5a0301c,0,1,0000000000000000,4,1,1,00
1892,1892,0,0000000,00,3,3,3,3060a5a03064a5a0,0,0,3,a5a03098a5a0309c,0,1,0000000000000000,4,1,1,00
1893,1893,0,0000000,00,3,3,3,3018a5a0301ca5a0,0,0,3,a5a03098a5a0309c,0,1,0000000000000000,4,1,1,00
1894,1894,0,0000000,00,3,3,3,0000000000000018,0,0,3,a5a03098a5a0309c,0,1,3000000000000000,4,1,0,00
1895,1895,0,00000f8,00,2,2,3,0000000000000000,0,0,2,a5a03098a5a0309c,3,1,3040a5a03044a5a0,4,1,0,00
1896,1896,0,00000f8,01,2,2,3,0000000000000000,0,0,2,a5a03090a5a03094,3,1,3078a5a0307ca5a0,4,1,0,00
1897,1897,0,00000f8,02,2,2,3,0000000000000000,0,0,2,a5a03088a5a0308c,3,1,3070a5a03074a5a0,4,1,0,00
1898,1898,0,00000f8,03,2,2,3,0000000000000000,0,0,2,a5a03080a5a03084,3,1,3068a5a0306ca5a0,4,1,0,00
1899,1899,0,00000f8,04,2,2,3,0000000000000000,0,0,2,a5a030b8a5a030bc,3,1,3060a5a03064a5a0,4,1,0,00
1900,1900,0,0000000,00,3,3,3,3000000000000000,0,0,3,a5a03030a5a03034,0,1,3018a5a0301ca5a0,4,1,0,00
1901,1901,0,0000000,00,3,3,3,3098a5a0309ca5a0,0,0,3,a5a03030a5a03034,0,1,0000000000000018,4,1,0,00
1902,1902,0,0000000,00,3,3,3,3090a5a03094a5a0,0,0,3,a5a03030a5a03034,0,1,0000000000000000,4,1,1,00
1903,1903,0,0000000,00,3,3,3,3088a5a0308ca5a0,0,0,3,a5a03030a5a03034,0,1,0000000000000000,4,1,1,00
1904,1904,0,0000000,00,3,3,3,3080a5a03084a5a0,0,0,3,a5a03030a5a03034,0,1,0000000000000000,4,1,1,00
1905,1905,0,0000000,00,3,3,3,30b8a5a030bca5a0,0,0,3,a5a030b0a5a030b4,0,1,0000000000000000,4,1,1,00
1906,1906,0,0000000,00,3,3,3,3030a5a03034a5a0,0,0,3,a5a030b0a5a030b4,0,1,0000000000000000,4,1,1,00
1907,1907,0,0000000,00,3,3,3,0000000000000030,0,0,3,a5a030b0a5a030b4,0,1,3000000000000000,4,1,0,00
1908,1908,0,00000f8,05,2,2,3,0000000000000000,0,0,2,a5a030b0a5a030b4,3,1,3098a5a0309ca5a0,4,1,0,00
1909,1909,0,00000f8,06,2,2,3,0000000000000000,0,0,2,a5a030a8a5a030ac,3,1,3090a5a03094a5a0,4,1,0,00
1910,1910,0,00000f8,07,2,2,3,0000000000000000,0,0,2,a5a030a0a5a030a4,3,1,3088a5a0308ca5a0,4,1,0,00
1911,1911,0,00000fc,00,2,2,3,0000000000000000,0,0,2,a5a030d8a5a030dc,3,1,3080a5a03084a5a0,4,1,0,00
1912,1912,0,00000fc,01,2,2,3,0000000000000000,0,0,2,a5a030d0a5a030d4,3,1,30b8a5a030bca5a0,4,1,0,00
1913,1913,0,0000000,00,3,3,3,3000000000000000,0,0,3,a5a03048a5a0304c,0,1,3030a5a03034a5a0,4,1,0,00
1914,1914,0,0000000,00,3,3,3,30b0a5a030b4a5a0,0,0,3,a5a03048a5a0304c,0,1,0000000000000030,4,1,0,00
1915,1915,0,0000000,00,3,3,3,30a8a5a030aca5a0,0,0,3,a5a03048a5a0304c,0,1,0000000000000000,4,1,1,00
1916,1916,0,0000000,00,3,3,3,30a0a5a030a4a5a0,0,0,3,a5a03048a5a0304c,0,1,0000000000000000,4,1,1,00
1917,1917,0,0000000,00,3,3,3,30d8a5a030dca5a0,0,0,3,a5a03048a5a0304c,0,1,0000000000000000,4,1,1,00
1918,1918,0,0000000,00,3,3,3,30d0a5a030d4a5a0,0,0,3,a5a030c8a5a030cc,0,1,0000000000000000,4,1,1,00
1919,1919,0,0000000,00,3,3,3,3048a5a0304ca5a0,0,0,3,a5a030c8a5a030cc,0,1,0000000000000000,4,1,1,00
1920,1920,0,0000000,00,3,3,3,0000000000000048,0,0,3,a5a030c8a5a030cc,0,1,3000000000000000,4,1,0,00
1921,1921,0,00000fc,02,2,2,3,0000000000000000,0,0,2,a5a030c8a5a030cc,3,1,30b0a5a030b4a5a0,4,1,0,00
1922,1922,0,00000fc,03,2,2,3,0000000000000000,0,0,2,a5a030c0a5a030c4,3,1,30a8a5a030aca5a0,4,1,0,00
1923,1923,0,00000fc,04,2,2,3,0000000000000000,0,0,2,a5a030f8a5a030fc,3,1,30a0a5a030a4a5a0,4,1,0,00
1924,1924,0,00000fc,05,2,2,3,0000000000000000,0,0,2,a5a030f0a5a030f4,3,1,30d8a5a030dca5a0,4,1,0,00
1925,1925,0,00000fc,06,2,2,3,0000000000000000,0,0,2,a5a030e8a5a030ec,3,1,30d0a5a030d4a5a0,4,1,0,00
1926,1926,0,0000000,00,3,3,3,3000000000000000,0,0,3,a5a03060a5a03064,0,1,3048a5a0304ca5a0,4,1,0,00
1927,1927,0,0000000,00,3,3,3,30c8a5a030cca5a0,0,0,3,a5a03060a5a03064,0,1,0000000000000048,4,1,0,00
1928,1928,0,0000000,00,3,3,3,30c0a5a030c4a5a0,0,0,3,a5a03060a5a03064,0,1,0000000000000000,4,1,1,00
1929,1929,0,0000000,00,3,3,3,30f8a5a030fca5a0,0,0,3,a5a03060a5a03064,0,1,0000000000000000,4,1,1,00
1930,1930,0,0000000,00,3,3,3,30f0a5a030f4a5a0,0,0,3,a5a03060a5a03064,0,1,0000000000000000,4,1,1,00
1931,1931,0,0000000,00,3,3,3,30e8a5a030eca5a0,0,0,3,a5a030e0a5a030e4,0,1,0000000000000000,4,1,1,00
1932,1932,0,0000000,00,3,3,3,3060a5a03064a5a0,0,0,3,a5a030e0a5a030e4,0,1,0000000000000000,4,1,1,00
1933,1933,0,0000000,00,3,3,3,0000000000000020,0,0,3,a5a030e0a5a030e4,0,1,3000000000000000,4,1,0,00
1934,1934,0,00000fc,07,2,2,3,0000000000000000,0,0,2,a5a030e0a5a030e4,3,1,30c8a5a030cca5a0,4,1,0,00
1935,1935,0,0000100,00,2,2,3,0000000000000000,0,0,2,a5a02f18a5a02f1c,3,1,30c0a5a030c4a5a0,4,1,0,00
1936,1936,0,0000100,01,2,2,3,0000000000000000,0,0,2,a5a02f10a5a02f14,3,1,30f8a5a030fca5a0,4,1,0,00
1937,1937,0,0000100,02,2,2,3,0000000000000000,0,0,2,a5a02f08a5a02f0c,3,1,30f0a5a030f4a5a0,4,1,0,00
1938,1938,0,0000100,03,2,2,3,0000000000000000,0,0,2,a5a02f00a5a02f04,3,1,30e8a5a030eca5a0,4,1,0,00
1939,1939,0,0000000,00,3,3,3,3000000000000000,0,0,3,a5a030b8a5a030bc,0,1,3060a5a03064a5a0,4,1,0,00
1940,1940,0,0000000,00,3,3,3,30e0a5a030e4a5a0,0,0,3,a5a030b8a5a030bc,0,1,0000000000000020,4,1,0,00
1941,1941,0,0000000,00,3,3,3,2f18a5a02f1ca5a0,0,0,3,a5a030b8a5a030bc,0,1,0000000000000000,4,1,1,00
1942,1942,0,0000000,00,3,3,3,2f10a5a02f14a5a0,0,0,3,a5a030b8a5a030bc,0,1,0000000000000000,4,1,1,00
1943,1943,0,0000000,00,3,3,3,2f08a5a02f0ca5a0,0,0,3,a5a030b8a5a030bc,0,1,0000000000000000,4,1,1,00
1944,1944,0,0000000,00,3,3,3,2f00a5a02f04a5a0,0,0,3,a5a02f38a5a02f3c,0,1,0000000000000000,4,1,1,00
1945,1945,0,0000000,00,3,3,3,30b8a5a030bca5a0,0,0,3,a5a02f38a5a02f3c,0,1,0000000000000000,4,1,1,00
1946,1946,0,0000000,00,3,3,3,00000000000000b8,0,0,3,a5a02f38a5a02f3c,0,1,3000000000000000,4,1,0,00
1947,1947,0,0000100,04,2,2,3,0000000000000000,0,0,2,a5a02f38a5a02f3c,3,1,30e0a5a030e4a5a0,4,1,0,00
1948,1948,0,0000100,05,2,2,3,0000000000000000,0,0,2,a5a02f30a5a02f34,3,1,2f18a5a02f1ca5a0,4,1,0,00
1949,1949,0,0000100,06,2,2,3,0000000000000000,0,0,2,a5a02f28a5a02f2c,3,1,2f10a5a02f14a5a0,4,1,0,00
1950,1950,0,0000100,07,2,2,3,0000000000000000,0,0,2,a5a02f20a5a02f24,3,1,2f08a5a02f0ca5a0,4,1,0,00
1951,1951,0,0000104,00,2,2,3,0000000000000000,0,0,2,a5a02f58a5a02f5c,3,1,2f00a5a02f04a5a0,4,1,0,00
1952,1952,0,0000000,00,3,3,3,2f00000000000000,0,0,3,a5a030d0a5a030d4,0,1,30b8a5a030bca5a0,4,1,0,00
1953,1953,0,0000000,00,3,3,3,2f38a5a02f3ca5a0,0,0,3,a5a030d0a5a030d4,0,1,00000000000000b8,4,1,0,00
1954,1954,0,0000000,00,3,3,3,2f30a5a02f34a5a0,0,0,3,a5a030d0a5a030d4,0,1,0000000000000000,4,1,1,00
1955,1955,0,0000000,00,3,3,3,2f28a5a02f2ca5a0,0,0,3,a5a030d0a5a030d4,0,1,0000000000000000,4,1,1,00
1956,1956,0,0000000,00,3,3,3,2f20a5a02f24a5a0,0,0,3,a5a030d0a5a030d4,0,1,0000000000000000,4,1,1,00
1957,1957,0,0000000,00,3,3,3,2f58a5a02f5ca5a0,0,0,3,a5a02f50a5a02f54,0,1,0000000000000000,4,1,1,00
1958,1958,0,0000000,00,3,3,3,30d0a5a030d4a5a0,0,0,3,a5a02f50a5a02f54,0,1,0000000000000000,4,1,1,00
1959,1959,0,0000000,00,3,3,3,00000000000000d0,0,0,3,a5a02f50a5a02f54,0,1,2f00000000000000,4,1,0,00
1960,1960,0,0000104,01,2,2,3,0000000000000000,0,0,2,a5a02f50a5a02f54,3,1,2f38a5a02f3ca5a0,4,1,0,00
1961,1961,0,0000104,02,2,2,3,0000000000000000,0,0,2,a5a02f48a5a02f4c,3,1,2f30a5a02f34a5a0,4,1,0,00
1962,1962,0,0000104,03,2,2,3,0000000000000000,0,0,2,a5a02f40a5a02f44,3,1,2f28a5a02f2ca5a0,4,1,0,00
1963,1963,0,0000104,04,2,2,3,0000000000000000,0,0,2,a5a02f78a5a02f7c,3,1,2f20a5a02f24a5a0,4,1,0,00
1964,1964,0,0000104,05,2,2,3,0000000000000000,0,0,2,a5a02f70a5a02f74,3,1,2f58a5a02f5ca5a0,4,1,0,00
1965,1965,0,0000000,00,3,3,3,2f00000000000000,0,0,3,a5a030e8a5a030ec,0,1,30d0a5a030d4a5a0,4,1,0,00
1966,1966,0,0000000,00,3,3,3,2f50a5a02f54a5a0,0,0,3,a5a030e8a5a030ec,0,1,00000000000000d0,4,1,0,00
1967,1967,0,0000000,00,3,3,3,2f48a5a02f4ca5a0,0,0,3,a5a030e8a5a030ec,0,1,0000000000000000,4,1,1,00
1968,1968,0,0000000,00,3,3,3,2f40a5a02f44a5a0,0,0,3,a5a030e8a5a030ec,0,1,0000000000000000,4,1,1,00
1969,1969,0,0000000,00,3,3,3,2f78a5a02f7ca5a0,0,0,3,a5a030e8a5a030ec,0,1,0000000000000000,4,1,1,00
1970,1970,0,0000000,00,3,3,3,2f70a5a02f74a5a0,0,0,3,a5a02f68a5a02f6c,0,1,0000000000000000,4,1,1,00
1971,1971,0,0000000,00,3,3,3,30e8a5a030eca5a0,0,0,3,a5a02f68a5a02f6c,0,1,0000000000000000,4,1,1,00
1972,1972,0,0000000,00,3,3,3,0000000000000068,0,0,3,a5a02f68a5a02f6c,0,1,2f00000000000000,4,1,0,00
1973,1973,0,0000104,06,2,2,3,0000000000000000,0,0,2,a5a02f68a5a02f6c,3,1,2f50a5a02f54a5a0,4,1,0,00
1974,1974,0,0000104,07,2,2,3,0000000000000000,0,0,2,a5a02f60a5a02f64,3,1,2f48a5a02f4ca5a0,4,1,0,00
1975,1975,0,0000108,00,2,2,3,0000000000000000,0,0,2,a5a02f98a5a02f9c,3,1,2f40a5a02f44a5a0,4,1,0,00
1976,1976,0,0000108,01,2,2,3,0000000000000000,0,0,2,a5a02f90a5a02f94,3,1,2f78a5a02f7ca5a0,4,1,0,00
1977,1977,0,0000108,02,2,2,3,0000000000000000,0,0,2,a5a02f88a5a02f8c,3,1,2f70a5a02f74a5a0,4,1,0,00
1978,1978,0,0000000,00,3,3,3,2f00000000000000,0,0,3,a5a02f00a5a02f04,0,1,30e8a5a030eca5a0,4,1,0,00
1979,1979,0,0000000,00,3,3,3,2f68a5a02f6ca5a0,0,0,3,a5a02f00a5a02f04,0,1,0000000000000068,4,1,0,00
1980,1980,0,0000000,00,3,3,3,2f60a5a02f64a5a0,0,0,3,a5a02f00a5a02f04,0,1,0000000000000000,4,1,1,00
1981,1981,0,0000000,00,3,3,3,2f98a5a02f9ca5a0,0,0,3,a5a02f00a5a02f04,0,1,0000000000000000,4,1,1,00
1982,1982,0,0000000,00,3,3,3,2f90a5a02f94a5a0,0,0,3,a5a02f00a5a02f04,0,1,0000000000000000,4,1,1,00
1983,1983,0,0000000,00,3,3,3,2f88a5a02f8ca5a0,0,0,3,a5a02f80a5a02f84,0,1,0000000000000000,4,1,1,00
1984,1984,0,0000000,00,3,3,3,2f00a5a02f04a5a0,0,0,3,a5a02f80a5a02f84,0,1,0000000000000000,4,1,1,00
1985,1985,0,0000000,00,3,3,3,0000000000000000,0,0,3,a5a02f80a5a02f84,0,1,2f00000000000000,4,1,0,00
1986,1986,0,0000108,03,2,2,3,0000000000000000,0,0,2,a5a02f80a5a02f84,3,1,2f68a5a02f6ca5a0,4,1,0,00
1987,1987,0,0000108,04,2,2,3,0000000000000000,0,0,2,a5a02fb8a5a02fbc,3,1,2f60a5a02f64a5a0,4,1,0,00
1988,1988,0,0000108,05,2,2,3,0000000000000000,0,0,2,a5a02fb0a5a02fb4,3,1,2f98a5a02f9ca5a0,4,1,0,00
1989,1989,0,0000108,06,2,2,3,0000000000000000,0,0,2,a5a02fa8a5a02fac,3,1,2f90a5a02f94a5a0,4,1,0,00
1990,1990,0,0000108,07,2,2,3,0000000000000000,0,0,2,a5a02fa0a5a02fa4,3,1,2f88a5a02f8ca5a0,4,1,0,00
1991,1991,0,0000000,00,3,3,3,2f00000000000000,0,0,3,a5a02f58a5a02f5c,0,1,2f00a5a02f04a5a0,4,1,0,00
1992,1992,0,0000000,00,3,3,3,2f80a5a02f84a5a0,0,0,3,a5a02f58a5a02f5c,0,1,0000000000000000,4,1,0,00
1993,1993,0,0000000,00,3,3,3,2fb8a5a02fbca5a0,0,0,3,a5a02f58a5a02f5c,0,1,0000000000000000,4,1,1,00
1994,1994,0,0000000,00,3,3,3,2fb0a5a02fb4a5a0,0,0,3,a5a02f58a5a02f5c,0,1,0000000000000000,4,1,1,00
1995,1995,0,0000000,00,3,3,3,2fa8a5a02faca5a0,0,0,3,a5a02f58a5a02f5c,0,1,0000000000000000,4,1,1,00
1996,1996,0,0000000,00,3,3,3,2fa0a5a02fa4a5a0,0,0,3,a5a02fd8a5a02fdc,0,1,0000000000000000,4,1,1,00
1997,1997,0,0000000,00,3,3,3,2f58a5a02f5ca5a0,0,0,3,a5a02fd8a5a02fdc,0,1,0000000000000000,4,1,1,00
1998,1998,0,0000000,00,3,3,3,0000000000000058,0,0,3,a5a02fd8a5a02fdc,0,1,2f00000000000000,4,1,0,00
1999,1999,0,000010c,00,2,2,3,0000000000000000,0,0,2,a5a02fd8a5a02fdc,3,1,2f80a5a02f84a5a0,4,1,0,00
2000,2000,0,000010c,01,2,2,3,0000000000000000,0,0,2,a5a02fd0a5a02fd4,3,1,2fb8a5a02fbca5a0,4,1,0,00
2001,2001,0,000010c,02,2,2,3,0000000000000000,0,0,2,a5a02fc8a5a02fcc,3,1,2fb0a5a02fb4a5a0,4,1,0,00
2002,2002,0,000010c,03,2,2,3,0000000000000000,0,0,2,a5a02fc0a5a02fc4,3,1,2fa8a5a02faca5a0,4,1,0,00
2003,2003,0,000010c,04,2,2,3,0000000000000000,0,0,2,a5a02ff8a5a02ffc,3,1,2fa0a5a02fa4a5a0,4,1,0,00
2004,2004,0,0000000,00,3,3,3,2f00000000000000,0,0,3,a5a02f70a5a02f74,0,1,2f58a5a02f5ca5a0,4,1,0,00
2005,2005,0,0000000,00,3,3,3,2fd8a5a02fdca5a0,0,0,3,a5a02f70a5a02f74,0,1,0000000000000058,4,1,0,00
2006,2006,0,0000000,00,3,3,3,2fd0a5a02fd4a5a0,0,0,3,a5a02f70a5a02f74,0,1,0000000000000000,4,1,1,00
2007,2007,0,0000000,00,3,3,3,2fc8a5a02fcca5a0,0,0,3,a5a02f70a5a02f74,0,1,0000000000000000,4,1,1,00
2008,2008,0,0000000,00,3,3,3,2fc0a5a02fc4a5a0,0,0,3,a5a02f70a5a02f74,0,1,0000000000000000,4,1,1,00
2009,2009,0,0000000,00,3,3,3,2ff8a5a02ffca5a0,0,0,3,a5a02ff0a5a02ff4,0,1,0000000000000000,4,1,1,00
2010,2010,0,0000000,00,3,3,3,2f70a5a02f74a5a0,0,0,3,a5a02ff0a5a02ff4,0,1,0000000000000000,4,1,1,00
2011,2011,0,0000000,00,3,3,3,0000000000000070,0,0,3,a5a02ff0a5a02ff4,0,1,2f00000000000000,4,1,0,00
2012,2012,0,000010c,05,2,2,3,0000000000000000,0,0,2,a5a02ff0a5a02ff4,3,1,2fd8a5a02fdca5a0,4,1,0,00
2013,2013,0,000010c,06,2,2,3,0000000000000000,0,0,2,a5a02fe8a5a02fec,3,1,2fd0a5a02fd4a5a0,4,1,0,00
2014,2014,0,000010c,07,2,2,3,0000000000000000,0,0,2,a5a02fe0a5a02fe4,3,1,2fc8a5a02fcca5a0,4,1,0,00
2015,2015,0,0000110,00,2,2,3,0000000000000000,0,0,2,a5a02e18a5a02e1c,3,1,2fc0a5a02fc4a5a0,4,1,0,00
2016,2016,0,0000110,01,2,2,3,0000000000000000,0,0,2,a5a02e10a5a02e14,3,1,2ff8a5a02ffca5a0,4,1,0,00
2017,2017,0,0000000,00,3,3,3,2f00000000000000,0,0,3,a5a02f88a5a02f8c,0,1,2f70a5a02f74a5a0,4,1,0,00
2018,2018,0,0000000,00,3,3,3,2ff0a5a02ff4a5a0,0,0,3,a5a02f88a5a02f8c,0,1,0000000000000070,4,1,0,00
2019,2019,0,0000000,00,3,3,3,2fe8a5a02feca5a0,0,0,3,a5a02f88a5a02f8c,0,1,0000000000000000,4,1,1,00
2020,2020,0,0000000,00,3,3,3,2fe0a5a02fe4a5a0,0,0,3,a5a02f88a5a02f8c,0,1,0000000000000000,4,1,1,00
2021,2021,0,0000000,00,3,3,3,2e18a5a02e1ca5a0,0,0,3,a5a02f88a5a02f8c,0,1,0000000000000000,4,1,1,00
2022,2022,0,0000000,00,3,3,3,2e10a5a02e14a5a0,0,0,3,a5a02e08a5a02e0c,0,1,0000000000000000,4,1,1,00
2023,2023,0,0000000,00,3,3,3,2f88a5a02f8ca5a0,0,0,3,a5a02e08a5a02e0c,0,1,0000000000000000,4,1,1,00
2024,2024,0,0000000,00,3,3,3,0000000000000008,0,0,3,a5a02e08a5a02e0c,0,1,2f00000000000000,4,1,0,00
2025,2025,0,0000110,02,2,2,3,0000000000000000,0,0,2,a5a02e08a5a02e0c,3,1,2ff0a5a02ff4a5a0,4,1,0,00
2026,2026,0,0000110,03,2,2,3,0000000000000000,0,0,2,a5a02e00a5a02e04,3,1,2fe8a5a02feca5a0,4,1,0,00
2027,2027,0,0000110,04,2,2,3,0000000000000000,0,0,2,a5a02e38a5a02e3c,3,1,2fe0a5a02fe4a5a0,4,1,0,00
2028,2028,0,0000110,05,2,2,3,0000000000000000,0,0,2,a5a02e30a5a02e34,3,1,2e18a5a02e1ca5a0,4,1,0,00
2029,2029,0,0000110,06,2,2,3,0000000000000000,0,0,2,a5a02e28a5a02e2c,3,1,2e10a5a02e14a5a0,4,1,0,00
2030,2030,0,0000000,00,3,3,3,2e00000000000000,0,0,3,a5a02fa0a5a02fa4,0,1,2f88a5a02f8ca5a0,4,1,0,00
2031,2031,0,0000000,00,3,3,3,2e08a5a02e0ca5a0,0,0,3,a5a02fa0a5a02fa4,0,1,0000000000000008,4,1,0,00
2032,2032,0,0000000,00,3,3,3,2e00a5a02e04a5a0,0,0,3,a5a02fa0a5a02fa4,0,1,0000000000000000,4,1,1,00
2033,2033,0,0000000,00,3,3,3,2e38a5a02e3ca5a0,0,0,3,a5a02fa0a5a02fa4,0,1,0000000000000000,4,1,1,00
2034,2034,0,0000000,00,3,3,3,2e30a5a02e34a5a0,0,0,3,a5a02fa0a5a02fa4,0,1,0000000000000000,4,1,1,00
2035,2035,0,0000000,00,3,3,3,2e28a5a02e2ca5a0,0,0,3,a5a02e20a5a02e24,0,1,0000000000000000,4,1,1,00
2036,2036,0,0000000,00,3,3,3,2fa0a5a02fa4a5a0,0,0,3,a5a02e20a5a02e24,0,1,0000000000000000,4,1,1,00
2037,2037,0,0000000,00,3,3,3,0000000000000020,0,0,3,a5a02e20a5a02e24,0,1,2e00000000000000,4,1,0,00
2038,2038,0,0000110,07,2,2,3,0000000000000000,0,0,2,a5a02e20a5a02e24,3,1,2e08a5a02e0ca5a0,4,1,0,00
2039,2039,0,0000114,00,2,2,3,0000000000000000,0,0,2,a5a02e58a5a02e5c,3,1,2e00a5a02e04a5a0,4,1,0,00
2040,2040,0,0000114,01,2,2,3,0000000000000000,0,0,2,a5a02e50a5a02e54,3,1,2e38a5a02e3ca5a0,4,1,0,00
2041,2041,0,0000114,02,2,2,3,0000000000000000,0,0,2,a5a02e48a5a02e4c,3,1,2e30a5a02e34a5a0,4,1,0,00
2042,2042,0,0000114,03,2,2,3,0000000000000000,0,0,2,a5a02e40a5a02e44,3,1,2e28a5a02e2ca5a0,4,1,0,00
2043,2043,0,0000000,00,3,3,3,2e00000000000000,0,0,3,a5a02ff8a5a02ffc,0,1,2fa0a5a02fa4a5a0,4,1,0,00
2044,2044,0,0000000,00,3,3,3,2e20a5a02e24a5a0,0,0,3,a5a02ff8a5a02ffc,0,1,0000000000000020,4,1,0,00
2045,2045,0,0000000,00,3,3,3,2e58a5a02e5ca5a0,0,0,3,a5a02ff8a5a02ffc,0,1,0000000000000000,4,1,1,00
2046,2046,0,0000000,00,3,3,3,2e50a5a02e54a5a0,0,0,3,a5a02ff8a5a02ffc,0,1,0000000000000000,4,1,1,00
2047,2047,0,0000000,00,3,3,3,2e48a5a02e4ca5a0,0,0,3,a5a02ff8a5a02ffc,0,1,0000000000000000,4,1,1,00
2048,2048,0,0000000,00,3,3,3,2e40a5a02e44a5a0,0,0,3,a5a02e78a5a02e7c,0,1,0000000000000000,4,1,1,00
2049,2049,0,0000000,00,3,3,3,2ff8a5a02ffca5a0,0,0,3,a5a02e78a5a02e7c,0,1,0000000000000000,4,1,1,00
2050,2050,0,0000000,00,3,3,3,00000000000000f8,0,0,3,a5a02e78a5a02e7c,0,1,2e00000000000000,4,1,0,00
2051,2051,0,0000114,04,2,2,3,0000000000000000,0,0,2,a5a02e78a5a02e7c,3,1,2e20a5a02e24a5a0,4,1,0,00
2052,2052,0,0000114,05,2,2,3,0000000000000000,0,0,2,a5a02e70a5a02e74,3,1,2e58a5a02e5ca5a0,4,1,0,00
2053,2053,0,0000114,06,2,2,3,0000000000000000,0,0,2,a5a02e68a5a02e6c,3,1,2e50a5a02e54a5a0,4,1,0,00
2054,2054,0,0000114,07,2,2,3,0000000000000000,0,0,2,a5a02e60a5a02e64,3,1,2e48a5a02e4ca5a0,4,1,0,00
2055,2055,0,0000118,00,2,2,3,0000000000000000,0,0,2,a5a02e98a5a02e9c,3,1,2e40a5a02e44a5a0,4,1,0,00
2056,2056,0,0000000,00,3,3,3,2e00000000000000,0,0,3,a5a02e10a5a02e14,0,1,2ff8a5a02ffca5a0,4,1,0,00
2057,2057,0,0000000,00,3,3,3,2e78a5a02e7ca5a0,0,0,3,a5a02e10a5a02e14,0,1,00000000000000f8,4,1,0,00
2058,2058,0,0000000,00,3,3,3,2e70a5a02e74a5a0,0,0,3,a5a02e10a5a02e14,0,1,0000000000000000,4,1,1,00
2059,2059,0,0000000,00,3,3,3,2e68a5a02e6ca5a0,0,0,3,a5a02e10a5a02e14,0,1,0000000000000000,4,1,1,00
2060,2060,0,0000000,00,3,3,3,2e60a5a02e64a5a0,0,0,3,a5a02e10a5a02e14,0,1,0000000000000000,4,1,1,00
2061,2061,0,0000000,00,3,3,3,2e98a5a02e9ca5a0,0,0,3,a5a02e90a5a02e94,0,1,0000000000000000,4,1,1,00
2062,2062,0,0000000,00,3,3,3,2e10a5a02e14a5a0,0,0,3,a5a02e90a5a02e94,0,1,0000000000000000,4,1,1,00
2063,2063,0,0000000,00,3,3,3,0000000000000010,0,0,3,a5a02e90a5a02e94,0,1,2e00000000000000,4,1,0,00
2064,2064,0,0000118,01,2,2,3,0000000000000000,0,0,2,a5a02e90a5a02e94,3,1,2e78a5a02e7ca5a0,4,1,0,00
2065,2065,0,0000118,02,2,2,3,0000000000000000,0,0,2,a5a02e88a5a02e8c,3,1,2e70a5a02e74a5a0,4,1,0,00
2066,2066,0,0000118,03,2,2,3,0000000000000000,0,0,2,a5a02e80a5a02e84,3,1,2e68a5a02e6ca5a0,4,1,0,00
2067,2067,0,0000118,04,2,2,3,0000000000000000,0,0,2,a5a02eb8a5a02ebc,3,1,2e60a5a02e64a5a0,4,1,0,00
2068,2068,0,0000118,05,2,2,3,0000000000000000,0,0,2,a5a02eb0a5a02eb4,3,1,2e98a5a02e9ca5a0,4,1,0,00
2069,2069,0,0000000,00,3,3,3,2e00000000000000,0,0,3,a5a02e28a5a02e2c,0,1,2e10a5a02e14a5a0,4,1,0,00
2070,2070,0,0000000,00,3,3,3,2e90a5a02e94a5a0,0,0,3,a5a02e28a5a02e2c,0,1,0000000000000010,4,1,0,00
2071,2071,0,0000000,00,3,3,3,2e88a5a02e8ca5a0,0,0,3,a5a02e28a5a02e2c,0,1,0000000000000000,4,1,1,00
2072,2072,0,0000000,00,3,3,3,2e80a5a02e84a5a0,0,0,3,a5a02e28a5a02e2c,0,1,0000000000000000,4,1,1,00
2073,2073,0,0000000,00,3,3,3,2eb8a5a02ebca5a0,0,0,3,a5a02e28a5a02e2c,0,1,0000000000000000,4,1,1,00
2074,2074,0,0000000,00,3,3,3,2eb0a5a02eb4a5a0,0,0,3,a5a02ea8a5a02eac,0,1,0000000000000000,4,1,1,00
2075,2075,0,0000000,00,3,3,3,2e28a5a02e2ca5a0,0,0,3,a5a02ea8a5a02eac,0,1,0000000000000000,4,1,1,00
2076,2076,0,0000000,00,3,3,3,0000000000000028,0,0,3,a5a02ea8a5a02eac,0,1,2e00000000000000,4,1,0,00
2077,2077,0,0000118,06,2,2,3,0000000000000000,0,0,2,a5a02ea8a5a02eac,3,1,2e90a5a02e94a5a0,4,1,0,00
2078,2078,0,0000118,07,2,2,3,0000000000000000,0,0,2,a5a02ea0a5a02ea4,3,1,2e88a5a02e8ca5a0,4,1,0,00
2079,2079,0,000011c,00,2,2,3,0000000000000000,0,0,2,a5a02ed8a5a02edc,3,1,2e80a5a02e84a5a0,4,1,0,00
2080,2080,0,000011c,01,2,2,3,0000000000000000,0,0,2,a5a02ed0a5a02ed4,3,1,2eb8a5a02ebca5a0,4,1,0,00
2081,2081,0,000011c,02,2,2,3,0000000000000000,0,0,2,a5a02ec8a5a02ecc,3,1,2eb0a5a02eb4a5a0,4,1,0,00
2082,2082,0,0000000,00,3,3,3,2e00000000000000,0,0,3,a5a02e40a5a02e44,0,1,2e28a5a02e2ca5a0,4,1,0,00
2083,2083,0,0000000,00,3,3,3,2ea8a5a02eaca5a0,0,0,3,a5a02e40a5a02e44,0,1,0000000000000028,4,1,0,00
2084,2084,0,0000000,00,3,3,3,2ea0a5a02ea4a5a0,0,0,3,a5a02e40a5a02e44,0,1,0000000000000000,4,1,1,00
2085,2085,0,0000000,00,3,3,3,2ed8a5a02edca5a0,0,0,3,a5a02e40a5a02e44,0,1,0000000000000000,4,1,1,00
2086,2086,0,0000000,00,3,3,3,2ed0a5a02ed4a5a0,0,0,3,a5a02e40a5a02e44,0,1,0000000000000000,4,1,1,00
2087,2087,0,0000000,00,3,3,3,2ec8a5a02ecca5a0,0,0,3,a5a02ec0a5a02ec4,0,1,0000000000000000,4,1,1,00
2088,2088,0,0000000,00,3,3,3,2e40a5a02e44a5a0,0,0,3,a5a02ec0a5a02ec4,0,1,0000000000000000,4,1,1,00
2089,2089,0,0000000,00,3,3,3,0000000000000000,0,0,3,a5a02ec0a5a02ec4,0,1,2e00000000000000,4,1,0,00
2090,2090,0,000011c,03,2,2,3,0000000000000000,0,0,2,a5a02ec0a5a02ec4,3,1,2ea8a5a02eaca5a0,4,1,0,00
2091,2091,0,000011c,04,2,2,3,0000000000000000,0,0,2,a5a02ef8a5a02efc,3,1,2ea0a5a02ea4a5a0,4,1,0,00
2092,2092,0,000011c,05,2,2,3,0000000000000000,0,0,2,a5a02ef0a5a02ef4,3,1,2ed8a5a02edca5a0,4,1,0,00
2093,2093,0,000011c,06,2,2,3,0000000000000000,0,0,2,a5a02ee8a5a02eec,3,1,2ed0a5a02ed4a5a0,4,1,0,00
2094,2094,0,000011c,07,2,2,3,0000000000000000,0,0,2,a5a02ee0a5a02ee4,3,1,2ec8a5a02ecca5a0,4,1,0,00
2095,2095,0,0000000,00,3,3,3,2e00000000000000,0,0,3,a5a02e98a5a02e9c,0,1,2e40a5a02e44a5a0,4,1,0,00
2096,2096,0,0000000,00,3,3,3,2ec0a5a02ec4a5a0,0,0,3,a5a02e98a5a02e9c,0,1,0000000000000000,4,1,0,00
2097,2097,0,0000000,00,3,3,3,2ef8a5a02efca5a0,0,0,3,a5a02e98a5a02e9c,0,1,0000000000000000,4,1,1,00
2098,2098,0,0000000,00,3,3,3,2ef0a5a02ef4a5a0,0,0,3,a5a02e98a5a02e9c,0,1,0000000000000000,4,1,1,00
2099,2099,0,0000000,00,3,3,3,2ee8a5a02eeca5a0,0,0,3,a5a02e98a5a02e9c,0,1,0000000000000000,4,1,1,00
2100,2100,0,0000000,00,3,3,3,2ee0a5a02ee4a5a0,0,0,3,a5a02d18a5a02d1c,0,1,0000000000000000,4,1,1,00
2101,2101,0,0000000,00,3,3,3,2e98a5a02e9ca5a0,0,0,3,a5a02d18a5a02d1c,0,1,0000000000000000,4,1,1,00
2102,2102,0,0000000,00,3,3,3,0000000000000098,0,0,3,a5a02d18a5a02d1c,0,1,2e00000000000000,4,1,0,00
2103,2103,0,0000120,00,2,2,3,0000000000000000,0,0,2,a5a02d18a5a02d1c,3,1,2ec0a5a02ec4a5a0,4,1,0,00
2104,2104,0,0000120,01,2,2,3,0000000000000000,0,0,2,a5a02d10a5a02d14,3,1,2ef8a5a02efca5a0,4,1,0,00
2105,2105,0,0000120,02,2,2,3,0000000000000000,0,0,2,a5a02d08a5a02d0c,3,1,2ef0a5a02ef4a5a0,4,1,0,00
2106,2106,0,0000120,03,2,2,3,0000000000000000,0,0,2,a5a02d00a5a02d04,3,1,2ee8a5a02eeca5a0,4,1,0,00
2107,2107,0,0000120,04,2,2,3,0000000000000000,0,0,2,a5a02d38a5a02d3c,3,1,2ee0a5a02ee4a5a0,4,1,0,00
2108,2108,0,0000000,00,3,3,3,2c00000000000000,0,0,3,a5a02eb0a5a02eb4,0,1,2e98a5a02e9ca5a0,4,1,0,00
2109,2109,0,0000000,00,3,3,3,2d18a5a02d1ca5a0,0,0,3,a5a02eb0a5a02eb4,0,1,0000000000000098,4,1,0,00
2110,2110,0,0000000,00,3,3,3,2d10a5a02d14a5a0,0,0,3,a5a02eb0a5a02eb4,0,1,0000000000000000,4,1,1,00
2111,2111,0,0000000,00,3,3,3,2d08a5a02d0ca5a0,0,0,3,a5a02eb0a5a02eb4,0,1,0000000000000000,4,1,1,00
2112,2112,0,0000000,00,3,3,3,2d00a5a02d04a5a0,0,0,3,a5a02eb0a5a02eb4,0,1,0000000000000000,4,1,1,00
2113,2113,0,0000000,00,3,3,3,2d38a5a02d3ca5a0,0,0,3,a5a02d30a5a02d34,0,1,0000000000000000,4,1,1,00
2114,2114,0,0000000,00,3,3,3,2eb0a5a02eb4a5a0,0,0,3,a5a02d30a5a02d34,0,1,0000000000000000,4,1,1,00
2115,2115,0,0000000,00,3,3,3,00000000000000b0,0,0,3,a5a02d30a5a02d34,0,1,2c00000000000000,4,1,0,00
2116,2116,0,0000120,05,2,2,3,0000000000000000,0,0,2,a5a02d30a5a02d34,3,1,2d18a5a02d1ca5a0,4,1,0,00
2117,2117,0,0000120,06,2,2,3,0000000000000000,0,0,2,a5a02d28a5a02d2c,3,1,2d10a5a02d14a5a0,4,1,0,00
2118,2118,0,0000120,07,2,2,3,0000000000000000,0,0,2,a5a02d20a5a02d24,3,1,2d08a5a02d0ca5a0,4,1,0,00
2119,2119,0,0000124,00,2,2,3,0000000000000000,0,0,2,a5a02d58a5a02d5c,3,1,2d00a5a02d04a5a0,4,1,0,00
2120,2120,0,0000124,01,2,2,3,0000000000000000,0,0,2,a5a02d50a5a02d54,3,1,2d38a5a02d3ca5a0,4,1,0,00
2121,2121,0,0000000,00,3,3,3,2d00000000000000,0,0,3,a5a02ec8a5a02ecc,0,1,2eb0a5a02eb4a5a0,4,1,0,00
2122,2122,0,0000000,00,3,3,3,2d30a5a02d34a5a0,0,0,3,a5a02ec8a5a02ecc,0,1,00000000000000b0,4,1,0,00
2123,2123,0,0000000,00,3,3,3,2d28a5a02d2ca5a0,0,0,3,a5a02ec8a5a02ecc,0,1,0000000000000000,4,1,1,00
2124,2124,0,0000000,00,3,3,3,2d20a5a02d24a5a0,0,0,3,a5a02ec8a5a02ecc,0,1,0000000000000000,4,1,1,00
2125,2125,0,0000000,00,3,3,3,2d58a5a02d5ca5a0,0,0,3,a5a02ec8a5a02ecc,0,1,0000000000000000,4,1,1,00
2126,2126,0,0000000,00,3,3,3,2d50a5a02d54a5a0,0,0,3,a5a02d48a5a02d4c,0,1,0000000000000000,4,1,1,00
2127,2127,0,0000000,00,3,3,3,2ec8a5a02ecca5a0,0,0,3,a5a02d48a5a02d4c,0,1,0000000000000000,4,1,1,00
2128,2128,0,0000000,00,3,3,3,00000000000000c8,0,0,3,a5a02d48a5a02d4c,0,1,2d00000000000000,4,1,0,00
2129,2129,0,0000124,02,2,2,3,0000000000000000,0,0,2,a5a02d48a5a02d4c,3,1,2d30a5a02d34a5a0,4,1,0,00
2130,2130,0,0000124,03,2,2,3,0000000000000000,0,0,2,a5a02d40a5a02d44,3,1,2d28a5a02d2ca5a0,4,1,0,00
2131,2131,0,0000124,04,2,2,3,0000000000000000,0,0,2,a5a02d78a5a02d7c,3,1,2d20a5a02d24a5a0,4,1,0,00
2132,2132,0,0000124,05,2,2,3,0000000000000000,0,0,2,a5a02d70a5a02d74,3,1,2d58a5a02d5ca5a0,4,1,0,00
2133,2133,0,0000124,06,2,2,3,0000000000000000,0,0,2,a5a02d68a5a02d6c,3,1,2d50a5a02d54a5a0,4,1,0,00
2134,2134,0,0000000,00,3,3,3,2d00000000000000,0,0,3,a5a02ee0a5a02ee4,0,1,2ec8a5a02ecca5a0,4,1,0,00
2135,2135,0,0000000,00,3,3,3,2d48a5a02d4ca5a0,0,0,3,a5a02ee0a5a02ee4,0,1,00000000000000c8,4,1,0,00
2136,2136,0,0000000,00,3,3,3,2d40a5a02d44a5a0,0,0,3,a5a02ee0a5a02ee4,0,1,0000000000000000,4,1,1,00
2137,2137,0,0000000,00,3,3,3,2d78a5a02d7ca5a0,0,0,3,a5a02ee0a5a02ee4,0,1,0000000000000000,4,1,1,00
2138,2138,0,0000000,00,3,3,3,2d70a5a02d74a5a0,0,0,3,a5a02ee0a5a02ee4,0,1,0000000000000000,4,1,1,00
2139,2139,0,0000000,00,3,3,3,2d68a5a02d6ca5a0,0,0,3,a5a02d60a5a02d64,0,1,0000000000000000,4,1,1,00
2140,2140,0,0000000,00,3,3,3,2ee0a5a02ee4a5a0,0,0,3,a5a02d60a5a02d64,0,1,0000000000000000,4,1,1,00
2141,2141,0,0000000,00,3,3,3,00000000000000a0,0,0,3,a5a02d60a5a02d64,0,1,2d00000000000000,4,1,0,00
2142,2142,0,0000124,07,2,2,3,0000000000000000,0,0,2,a5a02d60a5a02d64,3,1,2d48a5a02d4ca5a0,4,1,0,00
2143,2143,0,0000128,00,2,2,3,0000000000000000,0,0,2,a5a02d98a5a02d9c,3,1,2d40a5a02d44a5a0,4,1,0,00
2144,2144,0,0000128,01,2,2,3,0000000000000000,0,0,2,a5a02d90a5a02d94,3,1,2d78a5a02d7ca5a0,4,1,0,00
2145,2145,0,0000128,02,2,2,3,0000000000000000,0,0,2,a5a02d88a5a02d8c,3,1,2d70a5a02d74a5a0,4,1,0,00
2146,2146,0,0000128,03,2,2,3,0000000000000000,0,0,2,a5a02d80a5a02d84,3,1,2d68a5a02d6ca5a0,4,1,0,00
2147,2147,0,0000000,00,3,3,3,2d00000000000000,0,0,3,a5a02d38a5a02d3c,0,1,2ee0a5a02ee4a5a0,4,1,0,00
2148,2148,0,0000000,00,3,3,3,2d60a5a02d64a5a0,0,0,3,a5a02d38a5a02d3c,0,1,00000000000000a0,4,1,0,00
2149,2149,0,0000000,00,3,3,3,2d98a5a02d9ca5a0,0,0,3,a5a02d38a5a02d3c,0,1,0000000000000000,4,1,1,00
2150,2150,0,0000000,00,3,3,3,2d90a5a02d94a5a0,0,0,3,a5a02d38a5a02d3c,0,1,0000000000000000,4,1,1,00
2151,2151,0,0000000,00,3,3,3,2d88a5a02d8ca5a0,0,0,3,a5a02d38a5a02d3c,0,1,0000000000000000,4,1,1,00
2152,2152,0,0000000,00,3,3,3,2d80a5a02d84a5a0,0,0,3,a5a02db8a5a02dbc,0,1,0000000000000000,4,1,1,00
2153,2153,0,0000000,00,3,3,3,2d38a5a02d3ca5a0,0,0,3,a5a02db8a5a02dbc,0,1,0000000000000000,4,1,1,00
2154,2154,0,0000000,00,3,3,3,0000000000000038,0,0,3,a5a02db8a5a02dbc,0,1,2d00000000000000,4,1,0,00
2155,2155,0,0000128,04,2,2,3,0000000000000000,0,0,2,a5a02db8a5a02dbc,3,1,2d60a5a02d64a5a0,4,1,0,00
2156,2156,0,0000128,05,2,2,3,0000000000000000,0,0,2,a5a02db0a5a02db4,3,1,2d98a5a02d9ca5a0,4,1,0,00
2157,2157,0,0000128,06,2,2,3,0000000000000000,0,0,2,a5a02da8a5a02dac,3,1,2d90a5a02d94a5a0,4,1,0,00
2158,2158,0,0000128,07,2,2,3,0000000000000000,0,0,2,a5a02da0a5a02da4,3,1,2d88a5a02d8ca5a0,4,1,0,00
2159,2159,0,000012c,00,2,2,3,0000000000000000,0,0,2,a5a02dd8a5a02ddc,3,1,2d80a5a02d84a5a0,4,1,0,00
2160,2160,0,0000000,00,3,3,3,2c00000000000000,0,0,3,a5a02d50a5a02d54,0,1,2d38a5a02d3ca5a0,4,1,0,00
2161,2161,0,0000000,00,3,3,3,2db8a5a02dbca5a0,0,0,3,a5a02d50a5a02d54,0,1,0000000000000038,4,1,0,00
2162,2162,0,0000000,00,3,3,3,2db0a5a02db4a5a0,0,0,3,a5a02d50a5a02d54,0,1,0000000000000000,4,1,1,00
2163,2163,0,0000000,00,3,3,3,2da8a5a02daca5a0,0,0,3,a5a02d50a5a02d54,0,1,0000000000000000,4,1,1,00
2164,2164,0,0000000,00,3,3,3,2da0a5a02da4a5a0,0,0,3,a5a02d50a5a02d54,0,1,0000000000000000,4,1,1,00
2165,2165,0,0000000,00,3,3,3,2dd8a5a02ddca5a0,0,0,3,a5a02dd0a5a02dd4,0,1,0000000000000000,4,1,1,00
2166,2166,0,0000000,00,3,3,3,2d50a5a02d54a5a0,0,0,3,a5a02dd0a5a02dd4,0,1,0000000000000000,4,1,1,00
2167,2167,0,0000000,00,3,3,3,0000000000000010,0,0,3,a5a02dd0a5a02dd4,0,1,2c00000000000000,4,1,0,00
2168,2168,0,000012c,01,2,2,3,0000000000000000,0,0,2,a5a02dd0a5a02dd4,3,1,2db8a5a02dbca5a0,4,1,0,00
2169,2169,0,000012c,02,2,2,3,0000000000000000,0,0,2,a5a02dc8a5a02dcc,3,1,2db0a5a02db4a5a0,4,1,0,00
2170,2170,0,000012c,03,2,2,3,0000000000000000,0,0,2,a5a02dc0a5a02dc4,3,1,2da8a5a02daca5a0,4,1,0,00
2171,2171,0,000012c,04,2,2,3,0000000000000000,0,0,2,a5a02df8a5a02dfc,3,1,2da0a5a02da4a5a0,4,1,0,00
2172,2172,0,000012c,05,2,2,3,0000000000000000,0,0,2,a5a02df0a5a02df4,3,1,2dd8a5a02ddca5a0,4,1,0,00
2173,2173,0,0000000,00,3,3,3,2d00000000000000,0,0,3,a5a02d68a5a02d6c,0,1,2d50a5a02d54a5a0,4,1,0,00
2174,2174,0,0000000,00,3,3,3,2dd0a5a02dd4a5a0,0,0,3,a5a02d68a5a02d6c,0,1,0000000000000010,4,1,0,00
2175,2175,0,0000000,00,3,3,3,2dc8a5a02dcca5a0,0,0,3,a5a02d68a5a02d6c,0,1,0000000000000000,4,1,1,00
2176,2176,0,0000000,00,3,3,3,2dc0a5a02dc4a5a0,0,0,3,a5a02d68a5a02d6c,0,1,0000000000000000,4,1,1,00
2177,2177,0,0000000,00,3,3,3,2df8a5a02dfca5a0,0,0,3,a5a02d68a5a02d6c,0,1,0000000000000000,4,1,1,00
2178,2178,0,0000000,00,3,3,3,2df0a5a02df4a5a0,0,0,3,a5a02de8a5a02dec,0,1,0000000000000000,4,1,1,00
2179,2179,0,0000000,00,3,3,3,2d68a5a02d6ca5a0,0,0,3,a5a02de8a5a02dec,0,1,0000000000000000,4,1,1,00
2180,2180,0,0000000,00,3,3,3,0000000000000068,0,0,3,a5a02de8a5a02dec,0,1,2d00000000000000,4,1,0,00
2181,2181,0,000012c,06,2,2,3,0000000000000000,0,0,2,a5a02de8a5a02dec,3,1,2dd0a5a02dd4a5a0,4,1,0,00
2182,2182,0,000012c,07,2,2,3,0000000000000000,0,0,2,a5a02de0a5a02de4,3,1,2dc8a5a02dcca5a0,4,1,0,00
2183,2183,0,0000130,00,2,2,3,0000000000000000,0,0,2,a5a02c18a5a02c1c,3,1,2dc0a5a02dc4a5a0,4,1,0,00
2184,2184,0,0000130,01,2,2,3,0000000000000000,0,0,2,a5a02c10a5a02c14,3,1,2df8a5a02dfca5a0,4,1,0,00
2185,2185,0,0000130,02,2,2,3,0000000000000000,0,0,2,a5a02c08a5a02c0c,3,1,2df0a5a02df4a5a0,4,1,0,00
2186,2186,0,0000000,00,3,3,3,2c00000000000000,0,0,3,a5a02d80a5a02d84,0,1,2d68a5a02d6ca5a0,4,1,0,00
2187,2187,0,0000000,00,3,3,3,2de8a5a02deca5a0,0,0,3,a5a02d80a5a02d84,0,1,0000000000000068,4,1,0,00
2188,2188,0,0000000,00,3,3,3,2de0a5a02de4a5a0,0,0,3,a5a02d80a5a02d84,0,1,0000000000000000,4,1,1,00
2189,2189,0,0000000,00,3,3,3,2c18a5a02c1ca5a0,0,0,3,a5a02d80a5a02d84,0,1,0000000000000000,4,1,1,00
2190,2190,0,0000000,00,3,3,3,2c10a5a02c14a5a0,0,0,3,a5a02d80a5a02d84,0,1,0000000000000000,4,1,1,00
2191,2191,0,0000000,00,3,3,3,2c08a5a02c0ca5a0,0,0,3,a5a02c00a5a02c04,0,1,0000000000000000,4,1,1,00
2192,2192,0,0000000,00,3,3,3,2d80a5a02d84a5a0,0,0,3,a5a02c00a5a02c04,0,1,0000000000000000,4,1,1,00
2193,2193,0,0000000,00,3,3,3,0000000000000000,0,0,3,a5a02c00a5a02c04,0,1,2c00000000000000,4,1,0,00
2194,2194,0,0000130,03,2,2,3,0000000000000000,0,0,2,a5a02c00a5a02c04,3,1,2de8a5a02deca5a0,4,1,0,00
2195,2195,0,0000130,04,2,2,3,0000000000000000,0,0,2,a5a02c38a5a02c3c,3,1,2de0a5a02de4a5a0,4,1,0,00
2196,2196,0,0000130,05,2,2,3,0000000000000000,0,0,2,a5a02c30a5a02c34,3,1,2c18a5a02c1ca5a0,4,1,0,00
2197,2197,0,0000130,06,2,2,3,0000000000000000,0,0,2,a5a02c28a5a02c2c,3,1,2c10a5a02c14a5a0,4,1,0,00
2198,2198,0,0000130,07,2,2,3,0000000000000000,0,0,2,a5a02c20a5a02c24,3,1,2c08a5a02c0ca5a0,4,1,0,00
2199,2199,0,0000000,00,3,3,3,2c00000000000000,0,0,3,a5a02dd8a5a02ddc,0,1,2d80a5a02d84a5a0,4,1,0,00
2200,2200,0,0000000,00,3,3,3,2c00a5a02c04a5a0,0,0,3,a5a02dd8a5a02ddc,0,1,0000000000000000,4,1,0,00
2201,2201,0,0000000,00,3,3,3,2c38a5a02c3ca5a0,0,0,3,a5a02dd8a5a02ddc,0,1,0000000000000000,4,1,1,00
2202,2202,0,0000000,00,3,3,3,2c30a5a02c34a5a0,0,0,3,a5a02dd8a5a02ddc,0,1,0000000000000000,4,1,1,00
2203,2203,0,0000000,00,3,3,3,2c28a5a02c2ca5a0,0,0,3,a5a02dd8a5a02ddc,0,1,0000000000000000,4,1,1,00
2204,2204,0,0000000,00,3,3,3,2c20a5a02c24a5a0,0,0,3,a5a02c58a5a02c5c,0,1,0000000000000000,4,1,1,00
2205,2205,0,0000000,00,3,3,3,2dd8a5a02ddca5a0,0,0,3,a5a02c58a5a02c5c,0,1,0000000000000000,4,1,1,00
2206,2206,0,0000000,00,3,3,3,00000000000000d8,0,0,3,a5a02c58a5a02c5c,0,1,2c00000000000000,4,1,0,00
2207,2207,0,0000134,00,2,2,3,0000000000000000,0,0,2,a5a02c58a5a02c5c,3,1,2c00a5a02c04a5a0,4,1,0,00
2208,2208,0,0000134,01,2,2,3,0000000000000000,0,0,2,a5a02c50a5a02c54,3,1,2c38a5a02c3ca5a0,4,1,0,00
2209,2209,0,0000134,02,2,2,3,0000000000000000,0,0,2,a5a02c48a5a02c4c,3,1,2c30a5a02c34a5a0,4,1,0,00
2210,2210,0,0000134,03,2,2,3,0000000000000000,0,0,2,a5a02c40a5a02c44,3,1,2c28a5a02c2ca5a0,4,1,0,00
2211,2211,0,0000134,04,2,2,3,0000000000000000,0,0,2,a5a02c78a5a02c7c,3,1,2c20a5a02c24a5a0,4,1,0,00
2212,2212,0,0000000,00,3,3,3,2c00000000000000,0,0,3,a5a02df0a5a02df4,0,1,2dd8a5a02ddca5a0,4,1,0,00
2213,2213,0,0000000,00,3,3,3,2c58a5a02c5ca5a0,0,0,3,a5a02df0a5a02df4,0,1,00000000000000d8,4,1,0,00
2214,2214,0,0000000,00,3,3,3,2c50a5a02c54a5a0,0,0,3,a5a02df0a5a02df4,0,1,0000000000000000,4,1,1,00
2215,2215,0,0000000,00,3,3,3,2c48a5a02c4ca5a0,0,0,3,a5a02df0a5a02df4,0,1,0000000000000000,4,1,1,00
2216,2216,0,0000000,00,3,3,3,2c40a5a02c44a5a0,0,0,3,a5a02df0a5a02df4,0,1,0000000000000000,4,1,1,00
2217,2217,0,0000000,00,3,3,3,2c78a5a02c7ca5a0,0,0,3,a5a02c70a5a02c74,0,1,0000000000000000,4,1,1,00
2218,2218,0,0000000,00,3,3,3,2df0a5a02df4a5a0,0,0,3,a5a02c70a5a02c74,0,1,0000000000000000,4,1,1,00
2219,2219,0,0000000,00,3,3,3,00000000000000f0,0,0,3,a5a02c70a5a02c74,0,1,2c00000000000000,4,1,0,00
2220,2220,0,0000134,05,2,2,3,0000000000000000,0,0,2,a5a02c70a5a02c74,3,1,2c58a5a02c5ca5a0,4,1,0,00
2221,2221,0,0000134,06,2,2,3,0000000000000000,0,0,2,a5a02c68a5a02c6c,3,1,2c50a5a02c54a5a0,4,1,0,00
2222,2222,0,0000134,07,2,2,3,0000000000000000,0,0,2,a5a02c60a5a02c64,3,1,2c48a5a02c4ca5a0,4,1,0,00
2223,2223,0,0000138,00,2,2,3,0000000000000000,0,0,2,a5a02c98a5a02c9c,3,1,2c40a5a02c44a5a0,4,1,0,00
2224,2224,0,0000138,01,2,2,3,0000000000000000,0,0,2,a5a02c90a5a02c94,3,1,2c78a5a02c7ca5a0,4,1,0,00
2225,2225,0,0000000,00,3,3,3,2c00000000000000,0,0,3,a5a02c08a5a02c0c,0,1,2df0a5a02df4a5a0,4,1,0,00
2226,2226,0,0000000,00,3,3,3,2c70a5a02c74a5a0,0,0,3,a5a02c08a5a02c0c,0,1,00000000000000f0,4,1,0,00
2227,2227,0,0000000,00,3,3,3,2c68a5a02c6ca5a0,0,0,3,a5a02c08a5a02c0c,0,1,0000000000000000,4,1,1,00
2228,2228,0,0000000,00,3,3,3,2c60a5a02c64a5a0,0,0,3,a5a02c08a5a02c0c,0,1,0000000000000000,4,1,1,00
2229,2229,0,0000000,00,3,3,3,2c98a5a02c9ca5a0,0,0,3,a5a02c08a5a02c0c,0,1,0000000000000000,4,1,1,00
2230,2230,0,0000000,00,3,3,3,2c90a5a02c94a5a0,0,0,3,a5a02c88a5a02c8c,0,1,0000000000000000,4,1,1,00
2231,2231,0,0000000,00,3,3,3,2c08a5a02c0ca5a0,0,0,3,a5a02c88a5a02c8c,0,1,0000000000000000,4,1,1,00
2232,2232,0,0000000,00,3,3,3,0000000000000008,0,0,3,a5a02c88a5a02c8c,0,1,2c00000000000000,4,1,0,00
2233,2233,0,0000138,02,2,2,3,0000000000000000,0,0,2,a5a02c88a5a02c8c,3,1,2c70a5a02c74a5a0,4,1,0,00
2234,2234,0,0000138,03,2,2,3,0000000000000000,0,0,2,a5a02c80a5a02c84,3,1,2c68a5a02c6ca5a0,4,1,0,00
2235,2235,0,0000138,04,2,2,3,0000000000000000,0,0,2,a5a02cb8a5a02cbc,3,1,2c60a5a02c64a5a0,4,1,0,00
2236,2236,0,0000138,05,2,2,3,0000000000000000,0,0,2,a5a02cb0a5a02cb4,3,1,2c98a5a02c9ca5a0,4,1,0,00
2237,2237,0,0000138,06,2,2,3,0000000000000000,0,0,2,a5a02ca8a5a02cac,3,1,2c90a5a02c94a5a0,4,1,0,00
2238,2238,0,0000000,00,3,3,3,2c00000000000000,0,0,3,a5a02c20a5a02c24,0,1,2c08a5a02c0ca5a0,4,1,0,00
2239,2239,0,0000000,00,3,3,3,2c88a5a02c8ca5a0,0,0,3,a5a02c20a5a02c24,0,1,0000000000000008,4,1,0,00
2240,2240,0,0000000,00,3,3,3,2c80a5a02c84a5a0,0,0,3,a5a02c20a5a02c24,0,1,0000000000000000,4,1,1,00
2241,2241,0,0000000,00,3,3,3,2cb8a5a02cbca5a0,0,0,3,a5a02c20a5a02c24,0,1,0000000000000000,4,1,1,00
2242,2242,0,0000000,00,3,3,3,2cb0a5a02cb4a5a0,0,0,3,a5a02c20a5a02c24,0,1,0000000000000000,4,1,1,00
2243,2243,0,0000000,00,3,3,3,2ca8a5a02caca5a0,0,0,3,a5a02ca0a5a02ca4,0,1,0000000000000000,4,1,1,00
2244,2244,0,0000000,00,3,3,3,2c20a5a02c24a5a0,0,0,3,a5a02ca0a5a02ca4,0,1,0000000000000000,4,1,1,00
2245,2245,0,0000000,00,3,3,3,0000000000000020,0,0,3,a5a02ca0a5a02ca4,0,1,2c00000000000000,4,1,0,00
2246,2246,0,0000138,07,2,2,3,0000000000000000,0,0,2,a5a02ca0a5a02ca4,3,1,2c88a5a02c8ca5a0,4,1,0,00
2247,2247,0,000013c,00,2,2,3,0000000000000000,0,0,2,a5a02cd8a5a02cdc,3,1,2c80a5a02c84a5a0,4,1,0,00
2248,2248,0,000013c,01,2,2,3,0000000000000000,0,0,2,a5a02cd0a5a02cd4,3,1,2cb8a5a02cbca5a0,4,1,0,00
2249,2249,0,000013c,02,2,2,3,0000000000000000,0,0,2,a5a02cc8a5a02ccc,3,1,2cb0a5a02cb4a5a0,4,1,0,00
2250,2250,0,000013c,03,2,2,3,0000000000000000,0,0,2,a5a02cc0a5a02cc4,3,1,2ca8a5a02caca5a0,4,1,0,00
2251,2251,0,0000000,00,3,3,3,2c00000000000000,0,0,3,a5a02c78a5a02c7c,0,1,2c20a5a02c24a5a0,4,1,0,00
2252,2252,0,0000000,00,3,3,3,2ca0a5a02ca4a5a0,0,0,3,a5a02c78a5a02c7c,0,1,0000000000000020,4,1,0,00
2253,2253,0,0000000,00,3,3,3,2cd8a5a02cdca5a0,0,0,3,a5a02c78a5a02c7c,0,1,0000000000000000,4,1,1,00
2254,2254,0,0000000,00,3,3,3,2cd0a5a02cd4a5a0,0,0,3,a5a02c78a5a02c7c,0,1,0000000000000000,4,1,1,00
2255,2255,0,0000000,00,3,3,3,2cc8a5a02ccca5a0,0,0,3,a5a02c78a5a02c7c,0,1,0000000000000000,4,1,1,00
2256,2256,0,0000000,00,3,3,3,2cc0a5a02cc4a5a0,0,0,3,a5a02cf8a5a02cfc,0,1,0000000000000000,4,1,1,00
2257,2257,0,0000000,00,3,3,3,2c78a5a02c7ca5a0,0,0,3,a5a02cf8a5a02cfc,0,1,0000000000000000,4,1,1,00
2258,2258,0,0000000,00,3,3,3,0000000000000078,0,0,3,a5a02cf8a5a02cfc,0,1,2c00000000000000,4,1,0,00
2259,2259,0,000013c,04,2,2,3,0000000000000000,0,0,2,a5a02cf8a5a02cfc,3,1,2ca0a5a02ca4a5a0,4,1,0,00
2260,2260,0,000013c,05,2,2,3,0000000000000000,0,0,2,a5a02cf0a5a02cf4,3,1,2cd8a5a02cdca5a0,4,1,0,00
2261,2261,0,000013c,06,2,2,3,0000000000000000,0,0,2,a5a02ce8a5a02cec,3,1,2cd0a5a02cd4a5a0,4,1,0,00
2262,2262,0,000013c,07,2,2,3,0000000000000000,0,0,2,a5a02ce0a5a02ce4,3,1,2cc8a5a02ccca5a0,4,1,0,00
2263,2263,0,0000140,00,2,2,3,0000000000000000,0,0,2,a5a02b18a5a02b1c,3,1,2cc0a5a02cc4a5a0,4,1,0,00
2264,2264,0,0000000,00,3,3,3,2c00000000000000,0,0,3,a5a02c90a5a02c94,0,1,2c78a5a02c7ca5a0,4,1,0,00
2265,2265,0,0000000,00,3,3,3,2cf8a5a02cfca5a0,0,0,3,a5a02c90a5a02c94,0,1,0000000000000078,4,1,0,00
2266,2266,0,0000000,00,3,3,3,2cf0a5a02cf4a5a0,0,0,3,a5a02c90a5a02c94,0,1,0000000000000000,4,1,1,00
2267,2267,0,0000000,00,3,3,3,2ce8a5a02ceca5a0,0,0,3,a5a02c90a5a02c94,0,1,0000000000000000,4,1,1,00
2268,2268,0,0000000,00,3,3,3,2ce0a5a02ce4a5a0,0,0,3,a5a02c90a5a02c94,0,1,0000000000000000,4,1,1,00
2269,2269,0,0000000,00,3,3,3,2b18a5a02b1ca5a0,0,0,3,a5a02b10a5a02b14,0,1,0000000000000000,4,1,1,00
2270,2270,0,0000000,00,3,3,3,2c90a5a02c94a5a0,0,0,3,a5a02b10a5a02b14,0,1,0000000000000000,4,1,1,00
2271,2271,0,0000000,00,3,3,3,0000000000000010,0,0,3,a5a02b10a5a02b14,0,1,2c00000000000000,4,1,0,00
2272,2272,0,0000140,01,2,2,3,0000000000000000,0,0,2,a5a02b10a5a02b14,3,1,2cf8a5a02cfca5a0,4,1,0,00
2273,2273,0,0000140,02,2,2,3,0000000000000000,0,0,2,a5a02b08a5a02b0c,3,1,2cf0a5a02cf4a5a0,4,1,0,00
2274,2274,0,0000140,03,2,2,3,0000000000000000,0,0,2,a5a02b00a5a02b04,3,1,2ce8a5a02ceca5a0,4,1,0,00
2275,2275,0,0000140,04,2,2,3,0000000000000000,0,0,2,a5a02b38a5a02b3c,3,1,2ce0a5a02ce4a5a0,4,1,0,00
2276,2276,0,0000140,05,2,2,3,0000000000000000,0,0,2,a5a02b30a5a02b34,3,1,2b18a5a02b1ca5a0,4,1,0,00
2277,2277,0,0000000,00,3,3,3,2b00000000000000,0,0,3,a5a02ca8a5a02cac,0,1,2c90a5a02c94a5a0,4,1,0,00
2278,2278,0,0000000,00,3,3,3,2b10a5a02b14a5a0,0,0,3,a5a02ca8a5a02cac,0,1,0000000000000010,4,1,0,00
2279,2279,0,0000000,00,3,3,3,2b08a5a02b0ca5a0,0,0,3,a5a02ca8a5a02cac,0,1,0000000000000000,4,1,1,00
2280,2280,0,0000000,00,3,3,3,2b00a5a02b04a5a0,0,0,3,a5a02ca8a5a02cac,0,1,0000000000000000,4,1,1,00
2281,2281,0,0000000,00,3,3,3,2b38a5a02b3ca5a0,0,0,3,a5a02ca8a5a02cac,0,1,0000000000000000,4,1,1,00
2282,2282,0,0000000,00,3,3,3,2b30a5a02b34a5a0,0,0,3,a5a02b28a5a02b2c,0,1,0000000000000000,4,1,1,00
2283,2283,0,0000000,00,3,3,3,2ca8a5a02caca5a0,0,0,3,a5a02b28a5a02b2c,0,1,0000000000000000,4,1,1,00
2284,2284,0,0000000,00,3,3,3,0000000000000028,0,0,3,a5a02b28a5a02b2c,0,1,2b00000000000000,4,1,0,00
2285,2285,0,0000140,06,2,2,3,0000000000000000,0,0,2,a5a02b28a5a02b2c,3,1,2b10a5a02b14a5a0,4,1,0,00
2286,2286,0,0000140,07,2,2,3,0000000000000000,0,0,2,a5a02b20a5a02b24,3,1,2b08a5a02b0ca5a0,4,1,0,00
2287,2287,0,0000144,00,2,2,3,0000000000000000,0,0,2,a5a02b58a5a02b5c,3,1,2b00a5a02b04a5a0,4,1,0,00
2288,2288,0,0000144,01,2,2,3,0000000000000000,0,0,2,a5a02b50a5a02b54,3,1,2b38a5a02b3ca5a0,4,1,0,00
2289,2289,0,0000144,02,2,2,3,0000000000000000,0,0,2,a5a02b48a5a02b4c,3,1,2b30a5a02b34a5a0,4,1,0,00
2290,2290,0,0000000,00,3,3,3,2b00000000000000,0,0,3,a5a02cc0a5a02cc4,0,1,2ca8a5a02caca5a0,4,1,0,00
2291,2291,0,0000000,00,3,3,3,2b28a5a02b2ca5a0,0,0,3,a5a02cc0a5a02cc4,0,1,0000000000000028,4,1,0,00
2292,2292,0,0000000,00,3,3,3,2b20a5a02b24a5a0,0,0,3,a5a02cc0a5a02cc4,0,1,0000000000000000,4,1,1,00
2293,2293,0,0000000,00,3,3,3,2b58a5a02b5ca5a0,0,0,3,a5a02cc0a5a02cc4,0,1,0000000000000000,4,1,1,00
2294,2294,0,0000000,00,3,3,3,2b50a5a02b54a5a0,0,0,3,a5a02cc0a5a02cc4,0,1,0000000000000000,4,1,1,00
2295,2295,0,0000000,00,3,3,3,2b48a5a02b4ca5a0,0,0,3,a5a02b40a5a02b44,0,1,0000000000000000,4,1,1,00
2296,2296,0,0000000,00,3,3,3,2cc0a5a02cc4a5a0,0,0,3,a5a02b40a5a02b44,0,1,0000000000000000,4,1,1,00
2297,2297,0,0000000,00,3,3,3,0000000000000000,0,0,3,a5a02b40a5a02b44,0,1,2b00000000000000,4,1,0,00
2298,2298,0,0000144,03,2,2,3,0000000000000000,0,0,2,a5a02b40a5a02b44,3,1,2b28a5a02b2ca5a0,4,1,0,00
2299,2299,0,0000144,04,2,2,3,0000000000000000,0,0,2,a5a02b78a5a02b7c,3,1,2b20a5a02b24a5a0,4,1,0,00
2300,2300,0,0000144,05,2,2,3,0000000000000000,0,0,2,a5a02b70a5a02b74,3,1,2b58a5a02b5ca5a0,4,1,0,00
2301,2301,0,0000144,06,2,2,3,0000000000000000,0,0,2,a5a02b68a5a02b6c,3,1,2b50a5a02b54a5a0,4,1,0,00
2302,2302,0,0000144,07,2,2,3,0000000000000000,0,0,2,a5a02b60a5a02b64,3,1,2b48a5a02b4ca5a0,4,1,0,00
2303,2303,0,0000000,00,3,3,3,2a00000000000000,0,0,3,a5a02b18a5a02b1c,0,1,2cc0a5a02cc4a5a0,4,1,0,00
2304,2304,0,0000000,00,3,3,3,2b40a5a02b44a5a0,0,0,3,a5a02b18a5a02b1c,0,1,0000000000000000,4,1,0,00
2305,2305,0,0000000,00,3,3,3,2b78a5a02b7ca5a0,0,0,3,a5a02b18a5a02b1c,0,1,0000000000000000,4,1,1,00
2306,2306,0,0000000,00,3,3,3,2b70a5a02b74a5a0,0,0,3,a5a02b18a5a02b1c,0,1,0000000000000000,4,1,1,00
2307,2307,0,0000000,00,3,3,3,2b68a5a02b6ca5a0,0,0,3,a5a02b18a5a02b1c,0,1,0000000000000000,4,1,1,00
2308,2308,0,0000000,00,3,3,3,2b60a5a02b64a5a0,0,0,3,a5a02b98a5a02b9c,0,1,0000000000000000,4,1,1,00
2309,2309,0,0000000,00,3,3,3,2b18a5a02b1ca5a0,0,0,3,a5a02b98a5a02b9c,0,1,0000000000000000,4,1,1,00
2310,2310,0,0000000,00,3,3,3,0000000000000018,0,0,3,a5a02b98a5a02b9c,0,1,2a00000000000000,4,1,0,00
2311,2311,0,0000148,00,2,2,3,0000000000000000,0,0,2,a5a02b98a5a02b9c,3,1,2b40a5a02b44a5a0,4,1,0,00
2312,2312,0,0000148,01,2,2,3,0000000000000000,0,0,2,a5a02b90a5a02b94,3,1,2b78a5a02b7ca5a0,4,1,0,00
2313,2313,0,0000148,02,2,2,3,0000000000000000,0,0,2,a5a02b88a5a02b8c,3,1,2b70a5a02b74a5a0,4,1,0,00
2314,2314,0,0000148,03,2,2,3,0000000000000000,0,0,2,a5a02b80a5a02b84,3,1,2b68a5a02b6ca5a0,4,1,0,00
2315,2315,0,0000148,04,2,2,3,0000000000000000,0,0,2,a5a02bb8a5a02bbc,3,1,2b60a5a02b64a5a0,4,1,0,00
2316,2316,0,0000000,00,3,3,3,2b00000000000000,0,0,3,a5a02b30a5a02b34,0,1,2b18a5a02b1ca5a0,4,1,0,00
2317,2317,0,0000000,00,3,3,3,2b98a5a02b9ca5a0,0,0,3,a5a02b30a5a02b34,0,1,0000000000000018,4,1,0,00
2318,2318,0,0000000,00,3,3,3,2b90a5a02b94a5a0,0,0,3,a5a02b30a5a02b34,0,1,0000000000000000,4,1,1,00
2319,2319,0,0000000,00,3,3,3,2b88a5a02b8ca5a0,0,0,3,a5a02b30a5a02b34,0,1,0000000000000000,4,1,1,00
2320,2320,0,0000000,00,3,3,3,2b80a5a02b84a5a0,0,0,3,a5a02b30a5a02b34,0,1,0000000000000000,4,1,1,00
2321,2321,0,0000000,00,3,3,3,2bb8a5a02bbca5a0,0,0,3,a5a02bb0a5a02bb4,0,1,0000000000000000,4,1,1,00
2322,2322,0,0000000,00,3,3,3,2b30a5a02b34a5a0,0,0,3,a5a02bb0a5a02bb4,0,1,0000000000000000,4,1,1,00
2323,2323,0,0000000,00,3,3,3,0000000000000030,0,0,3,a5a02bb0a5a02bb4,0,1,2b00000000000000,4,1,0,00
2324,2324,0,0000148,05,2,2,3,0000000000000000,0,0,2,a5a02bb0a5a02bb4,3,1,2b98a5a02b9ca5a0,4,1,0,00
2325,2325,0,0000148,06,2,2,3,0000000000000000,0,0,2,a5a02ba8a5a02bac,3,1,2b90a5a02b94a5a0,4,1,0,00
2326,2326,0,0000148,07,2,2,3,0000000000000000,0,0,2,a5a02ba0a5a02ba4,3,1,2b88a5a02b8ca5a0,4,1,0,00
2327,2327,0,000014c,00,2,2,3,0000000000000000,0,0,2,a5a02bd8a5a02bdc,3,1,2b80a5a02b84a5a0,4,1,0,00
2328,2328,0,000014c,01,2,2,3,0000000000000000,0,0,2,a5a02bd0a5a02bd4,3,1,2bb8a5a02bbca5a0,4,1,0,00
2329,2329,0,0000000,00,3,3,3,2a00000000000000,0,0,3,a5a02b48a5a02b4c,0,1,2b30a5a02b34a5a0,4,1,0,00
2330,2330,0,0000000,00,3,3,3,2bb0a5a02bb4a5a0,0,0,3,a5a02b48a5a02b4c,0,1,0000000000000030,4,1,0,00
2331,2331,0,0000000,00,3,3,3,2ba8a5a02baca5a0,0,0,3,a5a02b48a5a02b4c,0,1,0000000000000000,4,1,1,00
2332,2332,0,0000000,00,3,3,3,2ba0a5a02ba4a5a0,0,0,3,a5a02b48a5a02b4c,0,1,0000000000000000,4,1,1,00
2333,2333,0,0000000,00,3,3,3,2bd8a5a02bdca5a0,0,0,3,a5a02b48a5a02b4c,0,1,0000000000000000,4,1,1,00
2334,2334,0,0000000,00,3,3,3,2bd0a5a02bd4a5a0,0,0,3,a5a02bc8a5a02bcc,0,1,0000000000000000,4,1,1,00
2335,2335,0,0000000,00,3,3,3,2b48a5a02b4ca5a0,0,0,3,a5a02bc8a5a02bcc,0,1,0000000000000000,4,1,1,00
2336,2336,0,0000000,00,3,3,3,0000000000000048,0,0,3,a5a02bc8a5a02bcc,0,1,2a00000000000000,4,1,0,00
2337,2337,0,000014c,02,2,2,3,0000000000000000,0,0,2,a5a02bc8a5a02bcc,3,1,2bb0a5a02bb4a5a0,4,1,0,00
2338,2338,0,000014c,03,2,2,3,0000000000000000,0,0,2,a5a02bc0a5a02bc4,3,1,2ba8a5a02baca5a0,4,1,0,00
2339,2339,0,000014c,04,2,2,3,0000000000000000,0,0,2,a5a02bf8a5a02bfc,3,1,2ba0a5a02ba4a5a0,4,1,0,00
2340,2340,0,000014c,05,2,2,3,0000000000000000,0,0,2,a5a02bf0a5a02bf4,3,1,2bd8a5a02bdca5a0,4,1,0,00
2341,2341,0,000014c,06,2,2,3,0000000000000000,0,0,2,a5a02be8a5a02bec,3,1,2bd0a5a02bd4a5a0,4,1,0,00
2342,2342,0,0000000,00,3,3,3,2b00000000000000,0,0,3,a5a02b60a5a02b64,0,1,2b48a5a02b4ca5a0,4,1,0,00
2343,2343,0,0000000,00,3,3,3,2bc8a5a02bcca5a0,0,0,3,a5a02b60a5a02b64,0,1,0000000000000048,4,1,0,00
2344,2344,0,0000000,00,3,3,3,2bc0a5a02bc4a5a0,0,0,3,a5a02b60a5a02b64,0,1,0000000000000000,4,1,1,00
2345,2345,0,0000000,00,3,3,3,2bf8a5a02bfca5a0,0,0,3,a5a02b60a5a02b64,0,1,0000000000000000,4,1,1,00
2346,2346,0,0000000,00,3,3,3,2bf0a5a02bf4a5a0,0,0,3,a5a02b60a5a02b64,0,1,0000000000000000,4,1,1,00
2347,2347,0,0000000,00,3,3,3,2be8a5a02beca5a0,0,0,3,a5a02be0a5a02be4,0,1,0000000000000000,4,1,1,00
2348,2348,0,0000000,00,3,3,3,2b60a5a02b64a5a0,0,0,3,a5a02be0a5a02be4,0,1,0000000000000000,4,1,1,00
2349,2349,0,0000000,00,3,3,3,0000000000000020,0,0,3,a5a02be0a5a02be4,0,1,2b00000000000000,4,1,0,00
2350,2350,0,000014c,07,2,2,3,0000000000000000,0,0,2,a5a02be0a5a02be4,3,1,2bc8a5a02bcca5a0,4,1,0,00
2351,2351,0,0000150,00,2,2,3,0000000000000000,0,0,2,a5a02a18a5a02a1c,3,1,2bc0a5a02bc4a5a0,4,1,0,00
2352,2352,0,0000150,01,2,2,3,0000000000000000,0,0,2,a5a02a10a5a02a14,3,1,2bf8a5a02bfca5a0,4,1,0,00
2353,2353,0,0000150,02,2,2,3,0000000000000000,0,0,2,a5a02a08a5a02a0c,3,1,2bf0a5a02bf4a5a0,4,1,0,00
2354,2354,0,0000150,03,2,2,3,0000000000000000,0,0,2,a5a02a00a5a02a04,3,1,2be8a5a02beca5a0,4,1,0,00
2355,2355,0,0000000,00,3,3,3,2b00000000000000,0,0,3,a5a02bb8a5a02bbc,0,1,2b60a5a02b64a5a0,4,1,0,00
2356,2356,0,0000000,00,3,3,3,2be0a5a02be4a5a0,0,0,3,a5a02bb8a5a02bbc,0,1,0000000000000020,4,1,0,00
2357,2357,0,0000000,00,3,3,3,2a18a5a02a1ca5a0,0,0,3,a5a02bb8a5a02bbc,0,1,0000000000000000,4,1,1,00
2358,2358,0,0000000,00,3,3,3,2a10a5a02a14a5a0,0,0,3,a5a02bb8a5a02bbc,0,1,0000000000000000,4,1,1,00
2359,2359,0,0000000,00,3,3,3,2a08a5a02a0ca5a0,0,0,3,a5a02bb8a5a02bbc,0,1,0000000000000000,4,1,1,00
2360,2360,0,0000000,00,3,3,3,2a00a5a02a04a5a0,0,0,3,a5a02a38a5a02a3c,0,1,0000000000000000,4,1,1,00
2361,2361,0,0000000,00,3,3,3,2bb8a5a02bbca5a0,0,0,3,a5a02a38a5a02a3c,0,1,0000000000000000,4,1,1,00
2362,2362,0,0000000,00,3,3,3,00000000000000b8,0,0,3,a5a02a38a5a02a3c,0,1,2b00000000000000,4,1,0,00
2363,2363,0,0000150,04,2,2,3,0000000000000000,0,0,2,a5a02a38a5a02a3c,3,1,2be0a5a02be4a5a0,4,1,0,00
2364,2364,0,0000150,05,2,2,3,0000000000000000,0,0,2,a5a02a30a5a02a34,3,1,2a18a5a02a1ca5a0,4,1,0,00
2365,2365,0,0000150,06,2,2,3,0000000000000000,0,0,2,a5a02a28a5a02a2c,3,1,2a10a5a02a14a5a0,4,1,0,00
2366,2366,0,0000150,07,2,2,3,0000000000000000,0,0,2,a5a02a20a5a02a24,3,1,2a08a5a02a0ca5a0,4,1,0,00
2367,2367,0,0000154,00,2,2,3,0000000000000000,0,0,2,a5a02a58a5a02a5c,3,1,2a00a5a02a04a5a0,4,1,0,00
2368,2368,0,0000000,00,3,3,3,2a00000000000000,0,0,3,a5a02bd0a5a02bd4,0,1,2bb8a5a02bbca5a0,4,1,0,00
2369,2369,0,0000000,00,3,3,3,2a38a5a02a3ca5a0,0,0,3,a5a02bd0a5a02bd4,0,1,00000000000000b8,4,1,0,00
2370,2370,0,0000000,00,3,3,3,2a30a5a02a34a5a0,0,0,3,a5a02bd0a5a02bd4,0,1,0000000000000000,4,1,1,00
2371,2371,0,0000000,00,3,3,3,2a28a5a02a2ca5a0,0,0,3,a5a02bd0a5a02bd4,0,1,0000000000000000,4,1,1,00
2372,2372,0,0000000,00,3,3,3,2a20a5a02a24a5a0,0,0,3,a5a02bd0a5a02bd4,0,1,0000000000000000,4,1,1,00
2373,2373,0,0000000,00,3,3,3,2a58a5a02a5ca5a0,0,0,3,a5a02a50a5a02a54,0,1,0000000000000000,4,1,1,00
2374,2374,0,0000000,00,3,3,3,2bd0a5a02bd4a5a0,0,0,3,a5a02a50a5a02a54,0,1,0000000000000000,4,1,1,00
2375,2375,0,0000000,00,3,3,3,00000000000000d0,0,0,3,a5a02a50a5a02a54,0,1,2a00000000000000,4,1,0,00
2376,2376,0,0000154,01,2,2,3,0000000000000000,0,0,2,a5a02a50a5a02a54,3,1,2a38a5a02a3ca5a0,4,1,0,00
2377,2377,0,0000154,02,2,2,3,0000000000000000,0,0,2,a5a02a48a5a02a4c,3,1,2a30a5a02a34a5a0,4,1,0,00
2378,2378,0,0000154,03,2,2,3,0000000000000000,0,0,2,a5a02a40a5a02a44,3,1,2a28a5a02a2ca5a0,4,1,0,00
2379,2379,0,0000154,04,2,2,3,0000000000000000,0,0,2,a5a02a78a5a02a7c,3,1,2a20a5a02a24a5a0,4,1,0,00
2380,2380,0,0000154,05,2,2,3,0000000000000000,0,0,2,a5a02a70a5a02a74,3,1,2a58a5a02a5ca5a0,4,1,0,00
2381,2381,0,0000000,00,3,3,3,2a00000000000000,0,0,3,a5a02be8a5a02bec,0,1,2bd0a5a02bd4a5a0,4,1,0,00
2382,2382,0,0000000,00,3,3,3,2a50a5a02a54a5a0,0,0,3,a5a02be8a5a02bec,0,1,00000000000000d0,4,1,0,00
2383,2383,0,0000000,00,3,3,3,2a48a5a02a4ca5a0,0,0,3,a5a02be8a5a02bec,0,1,0000000000000000,4,1,1,00
2384,2384,0,0000000,00,3,3,3,2a40a5a02a44a5a0,0,0,3,a5a02be8a5a02bec,0,1,0000000000000000,4,1,1,00
2385,2385,0,0000000,00,3,3,3,2a78a5a02a7ca5a0,0,0,3,a5a02be8a5a02bec,0,1,0000000000000000,4,1,1,00
2386,2386,0,0000000,00,3,3,3,2a70a5a02a74a5a0,0,0,3,a5a02a68a5a02a6c,0,1,0000000000000000,4,1,1,00
2387,2387,0,0000000,00,3,3,3,2be8a5a02beca5a0,0,0,3,a5a02a68a5a02a6c,0,1,0000000000000000,4,1,1,00
2388,2388,0,0000000,00,3,3,3,00000000000000e8,0,0,3,a5a02a68a5a02a6c,0,1,2a00000000000000,4,1,0,00
2389,2389,0,0000154,06,2,2,3,0000000000000000,0,0,2,a5a02a68a5a02a6c,3,1,2a50a5a02a54a5a0,4,1,0,00
2390,2390,0,0000154,07,2,2,3,0000000000000000,0,0,2,a5a02a60a5a02a64,3,1,2a48a5a02a4ca5a0,4,1,0,00
2391,2391,0,0000158,00,2,2,3,0000000000000000,0,0,2,a5a02a98a5a02a9c,3,1,2a40a5a02a44a5a0,4,1,0,00
2392,2392,0,0000158,01,2,2,3,0000000000000000,0,0,2,a5a02a90a5a02a94,3,1,2a78a5a02a7ca5a0,4,1,0,00
2393,2393,0,0000158,02,2,2,3,0000000000000000,0,0,2,a5a02a88a5a02a8c,3,1,2a70a5a02a74a5a0,4,1,0,00
2394,2394,0,0000000,00,3,3,3,2a00000000000000,0,0,3,a5a02a00a5a02a04,0,1,2be8a5a02beca5a0,4,1,0,00
2395,2395,0,0000000,00,3,3,3,2a68a5a02a6ca5a0,0,0,3,a5a02a00a5a02a04,0,1,00000000000000e8,4,1,0,00
2396,2396,0,0000000,00,3,3,3,2a60a5a02a64a5a0,0,0,3,a5a02a00a5a02a04,0,1,0000000000000000,4,1,1,00
2397,2397,0,0000000,00,3,3,3,2a98a5a02a9ca5a0,0,0,3,a5a02a00a5a02a04,0,1,0000000000000000,4,1,1,00
2398,2398,0,0000000,00,3,3,3,2a90a5a02a94a5a0,0,0,3,a5a02a00a5a02a04,0,1,0000000000000000,4,1,1,00
2399,2399,0,0000000,00,3,3,3,2a88a5a02a8ca5a0,0,0,3,a5a02a80a5a02a84,0,1,0000000000000000,4,1,1,00
2400,2400,0,0000000,00,3,3,3,2a00a5a02a04a5a0,0,0,3,a5a02a80a5a02a84,0,1,0000000000000000,4,1,1,00
2401,2401,0,0000000,00,3,3,3,0000000000000000,0,0,3,a5a02a80a5a02a84,0,1,2a00000000000000,4,1,0,00
2402,2402,0,0000158,03,2,2,3,0000000000000000,0,0,2,a5a02a80a5a02a84,3,1,2a68a5a02a6ca5a0,4,1,0,00
2403,2403,0,0000158,04,2,2,3,0000000000000000,0,0,2,a5a02ab8a5a02abc,3,1,2a60a5a02a64a5a0,4,1,0,00
2404,2404,0,0000158,05,2,2,3,0000000000000000,0,0,2,a5a02ab0a5a02ab4,3,1,2a98a5a02a9ca5a0,4,1,0,00
2405,2405,0,0000158,06,2,2,3,0000000000000000,0,0,2,a5a02aa8a5a02aac,3,1,2a90a5a02a94a5a0,4,1,0,00
2406,2406,0,0000158,07,2,2,3,0000000000000000,0,0,2,a5a02aa0a5a02aa4,3,1,2a88a5a02a8ca5a0,4,1,0,00
2407,2407,0,0000000,00,3,3,3,2a00000000000000,0,0,3,a5a02a58a5a02a5c,0,1,2a00a5a02a04a5a0,4,1,0,00
2408,2408,0,0000000,00,3,3,3,2a80a5a02a84a5a0,0,0,3,a5a02a58a5a02a5c,0,1,0000000000000000,4,1,0,00
2409,2409,0,0000000,00,3,3,3,2ab8a5a02abca5a0,0,0,3,a5a02a58a5a02a5c,0,1,0000000000000000,4,1,1,00
2410,2410,0,0000000,00,3,3,3,2ab0a5a02ab4a5a0,0,0,3,a5a02a58a5a02a5c,0,1,0000000000000000,4,1,1,00
2411,2411,0,0000000,00,3,3,3,2aa8a5a02aaca5a0,0,0,3,a5a02a58a5a02a5c,0,1,0000000000000000,4,1,1,00
2412,2412,0,0000000,00,3,3,3,2aa0a5a02aa4a5a0,0,0,3,a5a02ad8a5a02adc,0,1,0000000000000000,4,1,1,00
2413,2413,0,0000000,00,3,3,3,2a58a5a02a5ca5a0,0,0,3,a5a02ad8a5a02adc,0,1,0000000000000000,4,1,1,00
2414,2414,0,0000000,00,3,3,3,0000000000000058,0,0,3,a5a02ad8a5a02adc,0,1,2a00000000000000,4,1,0,00
2415,2415,0,000015c,00,2,2,3,0000000000000000,0,0,2,a5a02ad8a5a02adc,3,1,2a80a5a02a84a5a0,4,1,0,00
2416,2416,0,000015c,01,2,2,3,0000000000000000,0,0,2,a5a02ad0a5a02ad4,3,1,2ab8a5a02abca5a0,4,1,0,00
2417,2417,0,000015c,02,2,2,3,0000000000000000,0,0,2,a5a02ac8a5a02acc,3,1,2ab0a5a02ab4a5a0,4,1,0,00
2418,2418,0,000015c,03,2,2,3,0000000000000000,0,0,2,a5a02ac0a5a02ac4,3,1,2aa8a5a02aaca5a0,4,1,0,00
2419,2419,0,000015c,04,2,2,3,0000000000000000,0,0,2,a5a02af8a5a02afc,3,1,2aa0a5a02aa4a5a0,4,1,0,00
2420,2420,0,0000000,00,3,3,3,2a00000000000000,0,0,3,a5a02a70a5a02a74,0,1,2a58a5a02a5ca5a0,4,1,0,00
2421,2421,0,0000000,00,3,3,3,2ad8a5a02adca5a0,0,0,3,a5a02a70a5a02a74,0,1,0000000000000058,4,1,0,00
2422,2422,0,0000000,00,3,3,3,2ad0a5a02ad4a5a0,0,0,3,a5a02a70a5a02a74,0,1,0000000000000000,4,1,1,00
2423,2423,0,0000000,00,3,3,3,2ac8a5a02acca5a0,0,0,3,a5a02a70a5a02a74,0,1,0000000000000000,4,1,1,00
2424,2424,0,0000000,00,3,3,3,2ac0a5a02ac4a5a0,0,0,3,a5a02a70a5a02a74,0,1,0000000000000000,4,1,1,00
2425,2425,0,0000000,00,3,3,3,2af8a5a02afca5a0,0,0,3,a5a02af0a5a02af4,0,1,0000000000000000,4,1,1,00
2426,2426,0,0000000,00,3,3,3,2a70a5a02a74a5a0,0,0,3,a5a02af0a5a02af4,0,1,0000000000000000,4,1,1,00
2427,2427,0,0000000,00,3,3,3,0000000000000070,0,0,3,a5a02af0a5a02af4,0,1,2a00000000000000,4,1,0,00
2428,2428,0,000015c,05,2,2,3,0000000000000000,0,0,2,a5a02af0a5a02af4,3,1,2ad8a5a02adca5a0,4,1,0,00
2429,2429,0,000015c,06,2,2,3,0000000000000000,0,0,2,a5a02ae8a5a02aec,3,1,2ad0a5a02ad4a5a0,4,1,0,00
2430,2430,0,000015c,07,2,2,3,0000000000000000,0,0,2,a5a02ae0a5a02ae4,3,1,2ac8a5a02acca5a0,4,1,0,00
2431,2431,0,0000160,00,2,2,3,0000000000000000,0,0,2,a5a02918a5a0291c,3,1,2ac0a5a02ac4a5a0,4,1,0,00
2432,2432,0,0000160,01,2,2,3,0000000000000000,0,0,2,a5a02910a5a02914,3,1,2af8a5a02afca5a0,4,1,0,00
2433,2433,0,0000000,00,3,3,3,2a00000000000000,0,0,3,a5a02a88a5a02a8c,0,1,2a70a5a02a74a5a0,4,1,0,00
2434,2434,0,0000000,00,3,3,3,2af0a5a02af4a5a0,0,0,3,a5a02a88a5a02a8c,0,1,0000000000000070,4,1,0,00
2435,2435,0,0000000,00,3,3,3,2ae8a5a02aeca5a0,0,0,3,a5a02a88a5a02a8c,0,1,0000000000000000,4,1,1,00
2436,2436,0,0000000,00,3,3,3,2ae0a5a02ae4a5a0,0,0,3,a5a02a88a5a02a8c,0,1,0000000000000000,4,1,1,00
2437,2437,0,0000000,00,3,3,3,2918a5a0291ca5a0,0,0,3,a5a02a88a5a02a8c,0,1,0000000000000000,4,1,1,00
2438,2438,0,0000000,00,3,3,3,2910a5a02914a5a0,0,0,3,a5a02908a5a0290c,0,1,0000000000000000,4,1,1,00
2439,2439,0,0000000,00,3,3,3,2a88a5a02a8ca5a0,0,0,3,a5a02908a5a0290c,0,1,0000000000000000,4,1,1,00
2440,2440,0,0000000,00,3,3,3,0000000000000008,0,0,3,a5a02908a5a0290c,0,1,2a00000000000000,4,1,0,00
2441,2441,0,0000160,02,2,2,3,0000000000000000,0,0,2,a5a02908a5a0290c,3,1,2af0a5a02af4a5a0,4,1,0,00
2442,2442,0,0000160,03,2,2,3,0000000000000000,0,0,2,a5a02900a5a02904,3,1,2ae8a5a02aeca5a0,4,1,0,00
2443,2443,0,0000160,04,2,2,3,0000000000000000,0,0,2,a5a02938a5a0293c,3,1,2ae0a5a02ae4a5a0,4,1,0,00
2444,2444,0,0000160,05,2,2,3,0000000000000000,0,0,2,a5a02930a5a02934,3,1,2918a5a0291ca5a0,4,1,0,00
2445,2445,0,0000160,06,2,2,3,0000000000000000,0,0,2,a5a02928a5a0292c,3,1,2910a5a02914a5a0,4,1,0,00
2446,2446,0,0000000,00,3,3,3,2800000000000000,0,0,3,a5a02aa0a5a02aa4,0,1,2a88a5a02a8ca5a0,4,1,0,00
2447,2447,0,0000000,00,3,3,3,2908a5a0290ca5a0,0,0,3,a5a02aa0a5a02aa4,0,1,0000000000000008,4,1,0,00
2448,2448,0,0000000,00,3,3,3,2900a5a02904a5a0,0,0,3,a5a02aa0a5a02aa4,0,1,0000000000000000,4,1,1,00
2449,2449,0,0000000,00,3,3,3,2938a5a0293ca5a0,0,0,3,a5a02aa0a5a02aa4,0,1,0000000000000000,4,1,1,00
2450,2450,0,0000000,00,3,3,3,2930a5a02934a5a0,0,0,3,a5a02aa0a5a02aa4,0,1,0000000000000000,4,1,1,00
2451,2451,0,0000000,00,3,3,3,2928a5a0292ca5a0,0,0,3,a5a02920a5a02924,0,1,0000000000000000,4,1,1,00
2452,2452,0,0000000,00,3,3,3,2aa0a5a02aa4a5a0,0,0,3,a5a02920a5a02924,0,1,0000000000000000,4,1,1,00
2453,2453,0,0000000,00,3,3,3,0000000000000020,0,0,3,a5a02920a5a02924,0,1,2800000000000000,4,1,0,00
2454,2454,0,0000160,07,2,2,3,0000000000000000,0,0,2,a5a02920a5a02924,3,1,2908a5a0290ca5a0,4,1,0,00
2455,2455,0,0000164,00,2,2,3,0000000000000000,0,0,2,a5a02958a5a0295c,3,1,2900a5a02904a5a0,4,1,0,00
2456,2456,0,0000164,01,2,2,3,0000000000000000,0,0,2,a5a02950a5a02954,3,1,2938a5a0293ca5a0,4,1,0,00
2457,2457,0,0000164,02,2,2,3,0000000000000000,0,0,2,a5a02948a5a0294c,3,1,2930a5a02934a5a0,4,1,0,00
2458,2458,0,0000164,03,2,2,3,0000000000000000,0,0,2,a5a02940a5a02944,3,1,2928a5a0292ca5a0,4,1,0,00
2459,2459,0,0000000,00,3,3,3,2800000000000000,0,0,3,a5a02af8a5a02afc,0,1,2aa0a5a02aa4a5a0,4,1,0,00
2460,2460,0,0000000,00,3,3,3,2920a5a02924a5a0,0,0,3,a5a02af8a5a02afc,0,1,0000000000000020,4,1,0,00
2461,2461,0,0000000,00,3,3,3,2958a5a0295ca5a0,0,0,3,a5a02af8a5a02afc,0,1,0000000000000000,4,1,1,00
2462,2462,0,0000000,00,3,3,3,2950a5a02954a5a0,0,0,3,a5a02af8a5a02afc,0,1,0000000000000000,4,1,1,00
2463,2463,0,0000000,00,3,3,3,2948a5a0294ca5a0,0,0,3,a5a02af8a5a02afc,0,1,0000000000000000,4,1,1,00
2464,2464,0,0000000,00,3,3,3,2940a5a02944a5a0,0,0,3,a5a02978a5a0297c,0,1,0000000000000000,4,1,1,00
2465,2465,0,0000000,00,3,3,3,2af8a5a02afca5a0,0,0,3,a5a02978a5a0297c,0,1,0000000000000000,4,1,1,00
2466,2466,0,0000000,00,3,3,3,00000000000000f8,0,0,3,a5a02978a5a0297c,0,1,2800000000000000,4,1,0,00
2467,2467,0,0000164,04,2,2,3,0000000000000000,0,0,2,a5a02978a5a0297c,3,1,2920a5a02924a5a0,4,1,0,00
2468,2468,0,0000164,05,2,2,3,0000000000000000,0,0,2,a5a02970a5a02974,3,1,2958a5a0295ca5a0,4,1,0,00
2469,2469,0,0000164,06,2,2,3,0000000000000000,0,0,2,a5a02968a5a0296c,3,1,2950a5a02954a5a0,4,1,0,00
2470,2470,0,0000164,07,2,2,3,0000000000000000,0,0,2,a5a02960a5a02964,3,1,2948a5a0294ca5a0,4,1,0,00
2471,2471,0,0000168,00,2,2,3,0000000000000000,0,0,2,a5a02998a5a0299c,3,1,2940a5a02944a5a0,4,1,0,00
2472,2472,0,0000000,00,3,3,3,2800000000000000,0,0,3,a5a02910a5a02914,0,1,2af8a5a02afca5a0,4,1,0,00
2473,2473,0,0000000,00,3,3,3,2978a5a0297ca5a0,0,0,3,a5a02910a5a02914,0,1,00000000000000f8,4,1,0,00
2474,2474,0,0000000,00,3,3,3,2970a5a02974a5a0,0,0,3,a5a02910a5a02914,0,1,0000000000000000,4,1,1,00
2475,2475,0,0000000,00,3,3,3,2968a5a0296ca5a0,0,0,3,a5a02910a5a02914,0,1,0000000000000000,4,1,1,00
2476,2476,0,0000000,00,3,3,3,2960a5a02964a5a0,0,0,3,a5a02910a5a02914,0,1,0000000000000000,4,1,1,00
2477,2477,0,0000000,00,3,3,3,2998a5a0299ca5a0,0,0,3,a5a02990a5a02994,0,1,0000000000000000,4,1,1,00
2478,2478,0,0000000,00,3,3,3,2910a5a02914a5a0,0,0,3,a5a02990a5a02994,0,1,0000000000000000,4,1,1,00
2479,2479,0,0000000,00,3,3,3,0000000000000010,0,0,3,a5a02990a5a02994,0,1,2800000000000000,4,1,0,00
2480,2480,0,0000168,01,2,2,3,0000000000000000,0,0,2,a5a02990a5a02994,3,1,2978a5a0297ca5a0,4,1,0,00
2481,2481,0,0000168,02,2,2,3,0000000000000000,0,0,2,a5a02988a5a0298c,3,1,2970a5a02974a5a0,4,1,0,00
2482,2482,0,0000168,03,2,2,3,0000000000000000,0,0,2,a5a02980a5a02984,3,1,2968a5a0296ca5a0,4,1,0,00
2483,2483,0,0000168,04,2,2,3,0000000000000000,0,0,2,a5a029b8a5a029bc,3,1,2960a5a02964a5a0,4,1,0,00
2484,2484,0,0000168,05,2,2,3,0000000000000000,0,0,2,a5a029b0a5a029b4,3,1,2998a5a0299ca5a0,4,1,0,00
2485,2485,0,0000000,00,3,3,3,2900000000000000,0,0,3,a5a02928a5a0292c,0,1,2910a5a02914a5a0,4,1,0,00
2486,2486,0,0000000,00,3,3,3,2990a5a02994a5a0,0,0,3,a5a02928a5a0292c,0,1,0000000000000010,4,1,0,00
2487,2487,0,0000000,00,3,3,3,2988a5a0298ca5a0,0,0,3,a5a02928a5a0292c,0,1,0000000000000000,4,1,1,00
2488,2488,0,0000000,00,3,3,3,2980a5a02984a5a0,0,0,3,a5a02928a5a0292c,0,1,0000000000000000,4,1,1,00
2489,2489,0,0000000,00,3,3,3,29b8a5a029bca5a0,0,0,3,a5a02928a5a0292c,0,1,0000000000000000,4,1,1,00
2490,2490,0,0000000,00,3,3,3,29b0a5a029b4a5a0,0,0,3,a5a029a8a5a029ac,0,1,0000000000000000,4,1,1,00
2491,2491,0,0000000,00,3,3,3,2928a5a0292ca5a0,0,0,3,a5a029a8a5a029ac,0,1,0000000000000000,4,1,1,00
2492,2492,0,0000000,00,3,3,3,0000000000000028,0,0,3,a5a029a8a5a029ac,0,1,2900000000000000,4,1,0,00
2493,2493,0,0000168,06,2,2,3,0000000000000000,0,0,2,a5a029a8a5a029ac,3,1,2990a5a02994a5a0,4,1,0,00
2494,2494,0,0000168,07,2,2,3,0000000000000000,0,0,2,a5a029a0a5a029a4,3,1,2988a5a0298ca5a0,4,1,0,00
2495,2495,0,000016c,00,2,2,3,0000000000000000,0,0,2,a5a029d8a5a029dc,3,1,2980a5a02984a5a0,4,1,0,00
2496,2496,0,000016c,01,2,2,3,0000000000000000,0,0,2,a5a029d0a5a029d4,3,1,29b8a5a029bca5a0,4,1,0,00
2497,2497,0,000016c,02,2,2,3,0000000000000000,0,0,2,a5a029c8a5a029cc,3,1,29b0a5a029b4a5a0,4,1,0,00
2498,2498,0,0000000,00,3,3,3,2800000000000000,0,0,3,a5a02940a5a02944,0,1,2928a5a0292ca5a0,4,1,0,00
2499,2499,0,0000000,00,3,3,3,29a8a5a029aca5a0,0,0,3,a5a02940a5a02944,0,1,0000000000000028,4,1,0,00
2500,2500,0,0000000,00,3,3,3,29a0a5a029a4a5a0,0,0,3,a5a02940a5a02944,0,1,0000000000000000,4,1,1,00
2501,2501,0,0000000,00,3,3,3,29d8a5a029dca5a0,0,0,3,a5a02940a5a02944,0,1,0000000000000000,4,1,1,00
2502,2502,0,0000000,00,3,3,3,29d0a5a029d4a5a0,0,0,3,a5a02940a5a02944,0,1,0000000000000000,4,1,1,00
2503,2503,0,0000000,00,3,3,3,29c8a5a029cca5a0,0,0,3,a5a029c0a5a029c4,0,1,0000000000000000,4,1,1,00
2504,2504,0,0000000,00,3,3,3,2940a5a02944a5a0,0,0,3,a5a029c0a5a029c4,0,1,0000000000000000,4,1,1,00
2505,2505,0,0000000,00,3,3,3,0000000000000000,0,0,3,a5a029c0a5a029c4,0,1,2800000000000000,4,1,0,00
2506,2506,0,000016c,03,2,2,3,0000000000000000,0,0,2,a5a029c0a5a029c4,3,1,29a8a5a029aca5a0,4,1,0,00
2507,2507,0,000016c,04,2,2,3,0000000000000000,0,0,2,a5a029f8a5a029fc,3,1,29a0a5a029a4a5a0,4,1,0,00
2508,2508,0,000016c,05,2,2,3,0000000000000000,0,0,2,a5a029f0a5a029f4,3,1,29d8a5a029dca5a0,4,1,0,00
2509,2509,0,000016c,06,2,2,3,0000000000000000,0,0,2,a5a029e8a5a029ec,3,1,29d0a5a029d4a5a0,4,1,0,00
2510,2510,0,000016c,07,2,2,3,0000000000000000,0,0,2,a5a029e0a5a029e4,3,1,29c8a5a029cca5a0,4,1,0,00
2511,2511,0,0000000,00,3,3,3,2800000000000000,0,0,3,a5a02998a5a0299c,0,1,2940a5a02944a5a0,4,1,0,00
2512,2512,0,0000000,00,3,3,3,29c0a5a029c4a5a0,0,0,3,a5a02998a5a0299c,0,1,0000000000000000,4,1,0,00
2513,2513,0,0000000,00,3,3,3,29f8a5a029fca5a0,0,0,3,a5a02998a5a0299c,0,1,0000000000000000,4,1,1,00
2514,2514,0,0000000,00,3,3,3,29f0a5a029f4a5a0,0,0,3,a5a02998a5a0299c,0,1,0000000000000000,4,1,1,00
2515,2515,0,0000000,00,3,3,3,29e8a5a029eca5a0,0,0,3,a5a02998a5a0299c,0,1,0000000000000000,4,1,1,00
2516,2516,0,0000000,00,3,3,3,29e0a5a029e4a5a0,0,0,3,a5a02818a5a0281c,0,1,0000000000000000,4,1,1,00
2517,2517,0,0000000,00,3,3,3,2998a5a0299ca5a0,0,0,3,a5a02818a5a0281c,0,1,0000000000000000,4,1,1,00
2518,2518,0,0000000,00,3,3,3,0000000000000098,0,0,3,a5a02818a5a0281c,0,1,2800000000000000,4,1,0,00
2519,2519,0,0000170,00,2,2,3,0000000000000000,0,0,2,a5a02818a5a0281c,3,1,29c0a5a029c4a5a0,4,1,0,00
2520,2520,0,0000170,01,2,2,3,0000000000000000,0,0,2,a5a02810a5a02814,3,1,29f8a5a029fca5a0,4,1,0,00
2521,2521,0,0000170,02,2,2,3,0000000000000000,0,0,2,a5a02808a5a0280c,3,1,29f0a5a029f4a5a0,4,1,0,00
2522,2522,0,0000170,03,2,2,3,0000000000000000,0,0,2,a5a02800a5a02804,3,1,29e8a5a029eca5a0,4,1,0,00
2523,2523,0,0000170,04,2,2,3,0000000000000000,0,0,2,a5a02838a5a0283c,3,1,29e0a5a029e4a5a0,4,1,0,00
2524,2524,0,0000000,00,3,3,3,2800000000000000,0,0,3,a5a029b0a5a029b4,0,1,2998a5a0299ca5a0,4,1,0,00
2525,2525,0,0000000,00,3,3,3,2818a5a0281ca5a0,0,0,3,a5a029b0a5a029b4,0,1,0000000000000098,4,1,0,00
2526,2526,0,0000000,00,3,3,3,2810a5a02814a5a0,0,0,3,a5a029b0a5a029b4,0,1,0000000000000000,4,1,1,00
2527,2527,0,0000000,00,3,3,3,2808a5a0280ca5a0,0,0,3,a5a029b0a5a029b4,0,1,0000000000000000,4,1,1,00
2528,2528,0,0000000,00,3,3,3,2800a5a02804a5a0,0,0,3,a5a029b0a5a029b4,0,1,0000000000000000,4,1,1,00
2529,2529,0,0000000,00,3,3,3,2838a5a0283ca5a0,0,0,3,a5a02830a5a02834,0,1,0000000000000000,4,1,1,00
2530,2530,0,0000000,00,3,3,3,29b0a5a029b4a5a0,0,0,3,a5a02830a5a02834,0,1,0000000000000000,4,1,1,00
2531,2531,0,0000000,00,3,3,3,00000000000000b0,0,0,3,a5a02830a5a02834,0,1,2800000000000000,4,1,0,00
2532,2532,0,0000170,05,2,2,3,0000000000000000,0,0,2,a5a02830a5a02834,3,1,2818a5a0281ca5a0,4,1,0,00
2533,2533,0,0000170,06,2,2,3,0000000000000000,0,0,2,a5a02828a5a0282c,3,1,2810a5a02814a5a0,4,1,0,00
2534,2534,0,0000170,07,2,2,3,0000000000000000,0,0,2,a5a02820a5a02824,3,1,2808a5a0280ca5a0,4,1,0,00
2535,2535,0,0000174,00,2,2,3,0000000000000000,0,0,2,a5a02858a5a0285c,3,1,2800a5a02804a5a0,4,1,0,00
2536,2536,0,0000174,01,2,2,3,0000000000000000,0,0,2,a5a02850a5a02854,3,1,2838a5a0283ca5a0,4,1,0,00
2537,2537,0,0000000,00,3,3,3,2800000000000000,0,0,3,a5a029c8a5a029cc,0,1,29b0a5a029b4a5a0,4,1,0,00
2538,2538,0,0000000,00,3,3,3,2830a5a02834a5a0,0,0,3,a5a029c8a5a029cc,0,1,00000000000000b0,4,1,0,00
2539,2539,0,0000000,00,3,3,3,2828a5a0282ca5a0,0,0,3,a5a029c8a5a029cc,0,1,0000000000000000,4,1,1,00
2540,2540,0,0000000,00,3,3,3,2820a5a02824a5a0,0,0,3,a5a029c8a5a029cc,0,1,0000000000000000,4,1,1,00
2541,2541,0,0000000,00,3,3,3,2858a5a0285ca5a0,0,0,3,a5a029c8a5a029cc,0,1,0000000000000000,4,1,1,00
2542,2542,0,0000000,00,3,3,3,2850a5a02854a5a0,0,0,3,a5a02848a5a0284c,0,1,0000000000000000,4,1,1,00
2543,2543,0,0000000,00,3,3,3,29c8a5a029cca5a0,0,0,3,a5a02848a5a0284c,0,1,0000000000000000,4,1,1,00
2544,2544,0,0000000,00,3,3,3,0000000000000048,0,0,3,a5a02848a5a0284c,0,1,2800000000000000,4,1,0,00
2545,2545,0,0000174,02,2,2,3,0000000000000000,0,0,2,a5a02848a5a0284c,3,1,2830a5a02834a5a0,4,1,0,00
2546,2546,0,0000174,03,2,2,3,0000000000000000,0,0,2,a5a02840a5a02844,3,1,2828a5a0282ca5a0,4,1,0,00
2547,2547,0,0000174,04,2,2,3,0000000000000000,0,0,2,a5a02878a5a0287c,3,1,2820a5a02824a5a0,4,1,0,00
2548,2548,0,0000174,05,2,2,3,0000000000000000,0,0,2,a5a02870a5a02874,3,1,2858a5a0285ca5a0,4,1,0,00
2549,2549,0,0000174,06,2,2,3,0000000000000000,0,0,2,a5a02868a5a0286c,3,1,2850a5a02854a5a0,4,1,0,00
2550,2550,0,0000000,00,3,3,3,2800000000000000,0,0,3,a5a029e0a5a029e4,0,1,29c8a5a029cca5a0,4,1,0,00
2551,2551,0,0000000,00,3,3,3,2848a5a0284ca5a0,0,0,3,a5a029e0a5a029e4,0,1,0000000000000048,4,1,0,00
2552,2552,0,0000000,00,3,3,3,2840a5a02844a5a0,0,0,3,a5a029e0a5a029e4,0,1,0000000000000000,4,1,1,00
2553,2553,0,0000000,00,3,3,3,2878a5a0287ca5a0,0,0,3,a5a029e0a5a029e4,0,1,0000000000000000,4,1,1,00
2554,2554,0,0000000,00,3,3,3,2870a5a02874a5a0,0,0,3,a5a029e0a5a029e4,0,1,0000000000000000,4,1,1,00
2555,2555,0,0000000,00,3,3,3,2868a5a0286ca5a0,0,0,3,a5a02860a5a02864,0,1,0000000000000000,4,1,1,00
2556,2556,0,0000000,00,3,3,3,29e0a5a029e4a5a0,0,0,3,a5a02860a5a02864,0,1,0000000000000000,4,1,1,00
2557,2557,0,0000000,00,3,3,3,0000000000000020,0,0,3,a5a02860a5a02864,0,1,2800000000000000,4,1,0,00
2558,2558,0,0000174,07,2,2,3,0000000000000000,0,0,2,a5a02860a5a02864,3,1,2848a5a0284ca5a0,4,1,0,00
2559,2559,0,0000178,00,2,2,3,0000000000000000,0,0,2,a5a02898a5a0289c,3,1,2840a5a02844a5a0,4,1,0,00
2560,2560,0,0000178,01,2,2,3,0000000000000000,0,0,2,a5a02890a5a02894,3,1,2878a5a0287ca5a0,4,1,0,00
2561,2561,0,0000178,02,2,2,3,0000000000000000,0,0,2,a5a02888a5a0288c,3,1,2870a5a02874a5a0,4,1,0,00
2562,2562,0,0000178,03,2,2,3,0000000000000000,0,0,2,a5a02880a5a02884,3,1,2868a5a0286ca5a0,4,1,0,00
2563,2563,0,0000000,00,3,3,3,2800000000000000,0,0,3,a5a02838a5a0283c,0,1,29e0a5a029e4a5a0,4,1,0,00
2564,2564,0,0000000,00,3,3,3,2860a5a02864a5a0,0,0,3,a5a02838a5a0283c,0,1,0000000000000020,4,1,0,00
2565,2565,0,0000000,00,3,3,3,2898a5a0289ca5a0,0,0,3,a5a02838a5a0283c,0,1,0000000000000000,4,1,1,00
2566,2566,0,0000000,00,3,3,3,2890a5a02894a5a0,0,0,3,a5a02838a5a0283c,0,1,0000000000000000,4,1,1,00
2567,2567,0,0000000,00,3,3,3,2888a5a0288ca5a0,0,0,3,a5a02838a5a0283c,0,1,0000000000000000,4,1,1,00
2568,2568,0,0000000,00,3,3,3,2880a5a02884a5a0,0,0,3,a5a028b8a5a028bc,0,1,0000000000000000,4,1,1,00
2569,2569,0,0000000,00,3,3,3,2838a5a0283ca5a0,0,0,3,a5a028b8a5a028bc,0,1,0000000000000000,4,1,1,00
2570,2570,0,0000000,00,3,3,3,0000000000000038,0,0,3,a5a028b8a5a028bc,0,1,2800000000000000,4,1,0,00
2571,2571,0,0000178,04,2,2,3,0000000000000000,0,0,2,a5a028b8a5a028bc,3,1,2860a5a02864a5a0,4,1,0,00
2572,2572,0,0000178,05,2,2,3,0000000000000000,0,0,2,a5a028b0a5a028b4,3,1,2898a5a0289ca5a0,4,1,0,00
2573,2573,0,0000178,06,2,2,3,0000000000000000,0,0,2,a5a028a8a5a028ac,3,1,2890a5a02894a5a0,4,1,0,00
2574,2574,0,0000178,07,2,2,3,0000000000000000,0,0,2,a5a028a0a5a028a4,3,1,2888a5a0288ca5a0,4,1,0,00
2575,2575,0,000017c,00,2,2,3,0000000000000000,0,0,2,a5a028d8a5a028dc,3,1,2880a5a02884a5a0,4,1,0,00
2576,2576,0,0000000,00,3,3,3,2800000000000000,0,0,3,a5a02850a5a02854,0,1,2838a5a0283ca5a0,4,1,0,00
2577,2577,0,0000000,00,3,3,3,28b8a5a028bca5a0,0,0,3,a5a02850a5a02854,0,1,0000000000000038,4,1,0,00
2578,2578,0,0000000,00,3,3,3,28b0a5a028b4a5a0,0,0,3,a5a02850a5a02854,0,1,0000000000000000,4,1,1,00
2579,2579,0,0000000,00,3,3,3,28a8a5a028aca5a0,0,0,3,a5a02850a5a02854,0,1,0000000000000000,4,1,1,00
2580,2580,0,0000000,00,3,3,3,28a0a5a028a4a5a0,0,0,3,a5a02850a5a02854,0,1,0000000000000000,4,1,1,00
2581,2581,0,0000000,00,3,3,3,28d8a5a028dca5a0,0,0,3,a5a028d0a5a028d4,0,1,0000000000000000,4,1,1,00
2582,2582,0,0000000,00,3,3,3,2850a5a02854a5a0,0,0,3,a5a028d0a5a028d4,0,1,0000000000000000,4,1,1,00
2583,2583,0,0000000,00,3,3,3,0000000000000010,0,0,3,a5a028d0a5a028d4,0,1,2800000000000000,4,1,0,00
2584,2584,0,000017c,01,2,2,3,0000000000000000,0,0,2,a5a028d0a5a028d4,3,1,28b8a5a028bca5a0,4,1,0,00
2585,2585,0,000017c,02,2,2,3,0000000000000000,0,0,2,a5a028c8a5a028cc,3,1,28b0a5a028b4a5a0,4,1,0,00
2586,2586,0,000017c,03,2,2,3,0000000000000000,0,0,2,a5a028c0a5a028c4,3,1,28a8a5a028aca5a0,4,1,0,00
2587,2587,0,000017c,04,2,2,3,0000000000000000,0,0,2,a5a028f8a5a028fc,3,1,28a0a5a028a4a5a0,4,1,0,00
2588,2588,0,000017c,05,2,2,3,0000000000000000,0,0,2,a5a028f0a5a028f4,3,1,28d8a5a028dca5a0,4,1,0,00
2589,2589,0,0000000,00,3,3,3,2800000000000000,0,0,3,a5a02868a5a0286c,0,1,2850a5a02854a5a0,4,1,0,00
2590,2590,0,0000000,00,3,3,3,28d0a5a028d4a5a0,0,0,3,a5a02868a5a0286c,0,1,0000000000000010,4,1,0,00
2591,2591,0,0000000,00,3,3,3,28c8a5a028cca5a0,0,0,3,a5a02868a5a0286c,0,1,0000000000000000,4,1,1,00
2592,2592,0,0000000,00,3,3,3,28c0a5a028c4a5a0,0,0,3,a5a02868a5a0286c,0,1,0000000000000000,4,1,1,00
2593,2593,0,0000000,00,3,3,3,28f8a5a028fca5a0,0,0,3,a5a02868a5a0286c,0,1,0000000000000000,4,1,1,00
2594,2594,0,0000000,00,3,3,3,28f0a5a028f4a5a0,0,0,3,a5a028e8a5a028ec,0,1,0000000000000000,4,1,1,00
2595,2595,0,0000000,00,3,3,3,2868a5a0286ca5a0,0,0,3,a5a028e8a5a028ec,0,1,0000000000000000,4,1,1,00
2596,2596,0,0000000,00,3,3,3,0000000000000068,0,0,3,a5a028e8a5a028ec,0,1,2800000000000000,4,1,0,00
2597,2597,0,000017c,06,2,2,3,0000000000000000,0,0,2,a5a028e8a5a028ec,3,1,28d0a5a028d4a5a0,4,1,0,00
2598,2598,0,000017c,07,2,2,3,0000000000000000,0,0,2,a5a028e0a5a028e4,3,1,28c8a5a028cca5a0,4,1,0,00
2599,2599,0,0000180,00,2,2,3,0000000000000000,0,0,2,a5a02718a5a0271c,3,1,28c0a5a028c4a5a0,4,1,0,00
2600,2600,0,0000180,01,2,2,3,0000000000000000,0,0,2,a5a02710a5a02714,3,1,28f8a5a028fca5a0,4,1,0,00
2601,2601,0,0000180,02,2,2,3,0000000000000000,0,0,2,a5a02708a5a0270c,3,1,28f0a5a028f4a5a0,4,1,0,00
2602,2602,0,0000000,00,3,3,3,2800000000000000,0,0,3,a5a02880a5a02884,0,1,2868a5a0286ca5a0,4,1,0,00
2603,2603,0,0000000,00,3,3,3,28e8a5a028eca5a0,0,0,3,a5a02880a5a02884,0,1,0000000000000068,4,1,0,00
2604,2604,0,0000000,00,3,3,3,28e0a5a028e4a5a0,0,0,3,a5a02880a5a02884,0,1,0000000000000000,4,1,1,00
2605,2605,0,0000000,00,3,3,3,2718a5a0271ca5a0,0,0,3,a5a02880a5a02884,0,1,0000000000000000,4,1,1,00
2606,2606,0,0000000,00,3,3,3,2710a5a02714a5a0,0,0,3,a5a02880a5a02884,0,1,0000000000000000,4,1,1,00
2607,2607,0,0000000,00,3,3,3,2708a5a0270ca5a0,0,0,3,a5a02700a5a02704,0,1,0000000000000000,4,1,1,00
2608,2608,0,0000000,00,3,3,3,2880a5a02884a5a0,0,0,3,a5a02700a5a02704,0,1,0000000000000000,4,1,1,00
2609,2609,0,0000000,00,3,3,3,0000000000000000,0,0,3,a5a02700a5a02704,0,1,2800000000000000,4,1,0,00
2610,2610,0,0000180,03,2,2,3,0000000000000000,0,0,2,a5a02700a5a02704,3,1,28e8a5a028eca5a0,4,1,0,00
2611,2611,0,0000180,04,2,2,3,0000000000000000,0,0,2,a5a02738a5a0273c,3,1,28e0a5a028e4a5a0,4,1,0,00
2612,2612,0,0000180,05,2,2,3,0000000000000000,0,0,2,a5a02730a5a02734,3,1,2718a5a0271ca5a0,4,1,0,00
2613,2613,0,0000180,06,2,2,3,0000000000000000,0,0,2,a5a02728a5a0272c,3,1,2710a5a02714a5a0,4,1,0,00
2614,2614,0,0000180,07,2,2,3,0000000000000000,0,0,2,a5a02720a5a02724,3,1,2708a5a0270ca5a0,4,1,0,00
2615,2615,0,0000000,00,3,3,3,2700000000000000,0,0,3,a5a028d8a5a028dc,0,1,2880a5a02884a5a0,4,1,0,00
2616,2616,0,0000000,00,3,3,3,2700a5a02704a5a0,0,0,3,a5a028d8a5a028dc,0,1,0000000000000000,4,1,0,00
2617,2617,0,0000000,00,3,3,3,2738a5a0273ca5a0,0,0,3,a5a028d8a5a028dc,0,1,0000000000000000,4,1,1,00
2618,2618,0,0000000,00,3,3,3,2730a5a02734a5a0,0,0,3,a5a028d8a5a028dc,0,1,0000000000000000,4,1,1,00
2619,2619,0,0000000,00,3,3,3,2728a5a0272ca5a0,0,0,3,a5a028d8a5a028dc,0,1,0000000000000000,4,1,1,00
2620,2620,0,0000000,00,3,3,3,2720a5a02724a5a0,0,0,3,a5a02758a5a0275c,0,1,0000000000000000,4,1,1,00
2621,2621,0,0000000,00,3,3,3,28d8a5a028dca5a0,0,0,3,a5a02758a5a0275c,0,1,0000000000000000,4,1,1,00
2622,2622,0,0000000,00,3,3,3,00000000000000d8,0,0,3,a5a02758a5a0275c,0,1,2700000000000000,4,1,0,00
2623,2623,0,0000184,00,2,2,3,0000000000000000,0,0,2,a5a02758a5a0275c,3,1,2700a5a02704a5a0,4,1,0,00
2624,2624,0,0000184,01,2,2,3,0000000000000000,0,0,2,a5a02750a5a02754,3,1,2738a5a0273ca5a0,4,1,0,00
2625,2625,0,0000184,02,2,2,3,0000000000000000,0,0,2,a5a02748a5a0274c,3,1,2730a5a02734a5a0,4,1,0,00
2626,2626,0,0000184,03,2,2,3,0000000000000000,0,0,2,a5a02740a5a02744,3,1,2728a5a0272ca5a0,4,1,0,00
2627,2627,0,0000184,04,2,2,3,0000000000000000,0,0,2,a5a02778a5a0277c,3,1,2720a5a02724a5a0,4,1,0,00
2628,2628,0,0000000,00,3,3,3,2700000000000000,0,0,3,a5a028f0a5a028f4,0,1,28d8a5a028dca5a0,4,1,0,00
2629,2629,0,0000000,00,3,3,3,2758a5a0275ca5a0,0,0,3,a5a028f0a5a028f4,0,1,00000000000000d8,4,1,0,00
2630,2630,0,0000000,00,3,3,3,2750a5a02754a5a0,0,0,3,a5a028f0a5a028f4,0,1,0000000000000000,4,1,1,00
2631,2631,0,0000000,00,3,3,3,2748a5a0274ca5a0,0,0,3,a5a028f0a5a028f4,0,1,0000000000000000,4,1,1,00
2632,2632,0,0000000,00,3,3,3,2740a5a02744a5a0,0,0,3,a5a028f0a5a028f4,0,1,0000000000000000,4,1,1,00
2633,2633,0,0000000,00,3,3,3,2778a5a0277ca5a0,0,0,3,a5a02770a5a02774,0,1,0000000000000000,4,1,1,00
2634,2634,0,0000000,00,3,3,3,28f0a5a028f4a5a0,0,0,3,a5a02770a5a02774,0,1,0000000000000000,4,1,1,00
2635,2635,0,0000000,00,3,3,3,00000000000000f0,0,0,3,a5a02770a5a02774,0,1,2700000000000000,4,1,0,00
2636,2636,0,0000184,05,2,2,3,0000000000000000,0,0,2,a5a02770a5a02774,3,1,2758a5a0275ca5a0,4,1,0,00
2637,2637,0,0000184,06,2,2,3,0000000000000000,0,0,2,a5a02768a5a0276c,3,1,2750a5a02754a5a0,4,1,0,00
2638,2638,0,0000184,07,2,2,3,0000000000000000,0,0,2,a5a02760a5a02764,3,1,2748a5a0274ca5a0,4,1,0,00
2639,2639,0,0000188,00,2,2,3,0000000000000000,0,0,2,a5a02798a5a0279c,3,1,2740a5a02744a5a0,4,1,0,00
2640,2640,0,0000188,01,2,2,3,0000000000000000,0,0,2,a5a02790a5a02794,3,1,2778a5a0277ca5a0,4,1,0,00
2641,2641,0,0000000,00,3,3,3,2700000000000000,0,0,3,a5a02708a5a0270c,0,1,28f0a5a028f4a5a0,4,1,0,00
2642,2642,0,0000000,00,3,3,3,2770a5a02774a5a0,0,0,3,a5a02708a5a0270c,0,1,00000000000000f0,4,1,0,00
2643,2643,0,0000000,00,3,3,3,2768a5a0276ca5a0,0,0,3,a5a02708a5a0270c,0,1,0000000000000000,4,1,1,00
2644,2644,0,0000000,00,3,3,3,2760a5a02764a5a0,0,0,3,a5a02708a5a0270c,0,1,0000000000000000,4,1,1,00
2645,2645,0,0000000,00,3,3,3,2798a5a0279ca5a0,0,0,3,a5a02708a5a0270c,0,1,0000000000000000,4,1,1,00
2646,2646,0,0000000,00,3,3,3,2790a5a02794a5a0,0,0,3,a5a02788a5a0278c,0,1,0000000000000000,4,1,1,00
2647,2647,0,0000000,00,3,3,3,2708a5a0270ca5a0,0,0,3,a5a02788a5a0278c,0,1,0000000000000000,4,1,1,00
2648,2648,0,0000000,00,3,3,3,0000000000000008,0,0,3,a5a02788a5a0278c,0,1,2700000000000000,4,1,0,00
2649,2649,0,0000188,02,2,2,3,0000000000000000,0,0,2,a5a02788a5a0278c,3,1,2770a5a02774a5a0,4,1,0,00
2650,2650,0,0000188,03,2,2,3,0000000000000000,0,0,2,a5a02780a5a02784,3,1,2768a5a0276ca5a0,4,1,0,00
2651,2651,0,0000188,04,2,2,3,0000000000000000,0,0,2,a5a027b8a5a027bc,3,1,2760a5a02764a5a0,4,1,0,00
2652,2652,0,0000188,05,2,2,3,0000000000000000,0,0,2,a5a027b0a5a027b4,3,1,2798a5a0279ca5a0,4,1,0,00
2653,2653,0,0000188,06,2,2,3,0000000000000000,0,0,2,a5a027a8a5a027ac,3,1,2790a5a02794a5a0,4,1,0,00
2654,2654,0,0000000,00,3,3,3,2700000000000000,0,0,3,a5a02720a5a02724,0,1,2708a5a0270ca5a0,4,1,0,00
2655,2655,0,0000000,00,3,3,3,2788a5a0278ca5a0,0,0,3,a5a02720a5a02724,0,1,0000000000000008,4,1,0,00
2656,2656,0,0000000,00,3,3,3,2780a5a02784a5a0,0,0,3,a5a02720a5a02724,0,1,0000000000000000,4,1,1,00
2657,2657,0,0000000,00,3,3,3,27b8a5a027bca5a0,0,0,3,a5a02720a5a02724,0,1,0000000000000000,4,1,1,00
2658,2658,0,0000000,00,3,3,3,27b0a5a027b4a5a0,0,0,3,a5a02720a5a02724,0,1,0000000000000000,4,1,1,00
2659,2659,0,0000000,00,3,3,3,27a8a5a027aca5a0,0,0,3,a5a027a0a5a027a4,0,1,0000000000000000,4,1,1,00
2660,2660,0,0000000,00,3,3,3,2720a5a02724a5a0,0,0,3,a5a027a0a5a027a4,0,1,0000000000000000,4,1,1,00
2661,2661,0,0000000,00,3,3,3,0000000000000020,0,0,3,a5a027a0a5a027a4,0,1,2700000000000000,4,1,0,00
2662,2662,0,0000188,07,2,2,3,0000000000000000,0,0,2,a5a027a0a5a027a4,3,1,2788a5a0278ca5a0,4,1,0,00
2663,2663,0,000018c,00,2,2,3,0000000000000000,0,0,2,a5a027d8a5a027dc,3,1,2780a5a02784a5a0,4,1,0,00
2664,2664,0,000018c,01,2,2,3,0000000000000000,0,0,2,a5a027d0a5a027d4,3,1,27b8a5a027bca5a0,4,1,0,00
2665,2665,0,000018c,02,2,2,3,0000000000000000,0,0,2,a5a027c8a5a027cc,3,1,27b0a5a027b4a5a0,4,1,0,00
2666,2666,0,000018c,03,2,2,3,0000000000000000,0,0,2,a5a027c0a5a027c4,3,1,27a8a5a027aca5a0,4,1,0,00
2667,2667,0,0000000,00,3,3,3,2600000000000000,0,0,3,a5a02778a5a0277c,0,1,2720a5a02724a5a0,4,1,0,00
2668,2668,0,0000000,00,3,3,3,27a0a5a027a4a5a0,0,0,3,a5a02778a5a0277c,0,1,0000000000000020,4,1,0,00
2669,2669,0,0000000,00,3,3,3,27d8a5a027dca5a0,0,0,3,a5a02778a5a0277c,0,1,0000000000000000,4,1,1,00
2670,2670,0,0000000,00,3,3,3,27d0a5a027d4a5a0,0,0,3,a5a02778a5a0277c,0,1,0000000000000000,4,1,1,00
2671,2671,0,0000000,00,3,3,3,27c8a5a027cca5a0,0,0,3,a5a02778a5a0277c,0,1,0000000000000000,4,1,1,00
2672,2672,0,0000000,00,3,3,3,27c0a5a027c4a5a0,0,0,3,a5a027f8a5a027fc,0,1,0000000000000000,4,1,1,00
2673,2673,0,0000000,00,3,3,3,2778a5a0277ca5a0,0,0,3,a5a027f8a5a027fc,0,1,0000000000000000,4,1,1,00
2674,2674,0,0000000,00,3,3,3,0000000000000078,0,0,3,a5a027f8a5a027fc,0,1,2600000000000000,4,1,0,00
2675,2675,0,000018c,04,2,2,3,0000000000000000,0,0,2,a5a027f8a5a027fc,3,1,27a0a5a027a4a5a0,4,1,0,00
2676,2676,0,000018c,05,2,2,3,0000000000000000,0,0,2,a5a027f0a5a027f4,3,1,27d8a5a027dca5a0,4,1,0,00
2677,2677,0,000018c,06,2,2,3,0000000000000000,0,0,2,a5a027e8a5a027ec,3,1,27d0a5a027d4a5a0,4,1,0,00
2678,2678,0,000018c,07,2,2,3,0000000000000000,0,0,2,a5a027e0a5a027e4,3,1,27c8a5a027cca5a0,4,1,0,00
2679,2679,0,0000190,00,2,2,3,0000000000000000,0,0,2,a5a02618a5a0261c,3,1,27c0a5a027c4a5a0,4,1,0,00
2680,2680,0,0000000,00,3,3,3,2700000000000000,0,0,3,a5a02790a5a02794,0,1,2778a5a0277ca5a0,4,1,0,00
2681,2681,0,0000000,00,3,3,3,27f8a5a027fca5a0,0,0,3,a5a02790a5a02794,0,1,0000000000000078,4,1,0,00
2682,2682,0,0000000,00,3,3,3,27f0a5a027f4a5a0,0,0,3,a5a02790a5a02794,0,1,0000000000000000,4,1,1,00
2683,2683,0,0000000,00,3,3,3,27e8a5a027eca5a0,0,0,3,a5a02790a5a02794,0,1,0000000000000000,4,1,1,00
2684,2684,0,0000000,00,3,3,3,27e0a5a027e4a5a0,0,0,3,a5a02790a5a02794,0,1,0000000000000000,4,1,1,00
2685,2685,0,0000000,00,3,3,3,2618a5a0261ca5a0,0,0,3,a5a02610a5a02614,0,1,0000000000000000,4,1,1,00
2686,2686,0,0000000,00,3,3,3,2790a5a02794a5a0,0,0,3,a5a02610a5a02614,0,1,0000000000000000,4,1,1,00
2687,2687,0,0000000,00,3,3,3,0000000000000090,0,0,3,a5a02610a5a02614,0,1,2700000000000000,4,1,0,00
2688,2688,0,0000190,01,2,2,3,0000000000000000,0,0,2,a5a02610a5a02614,3,1,27f8a5a027fca5a0,4,1,0,00
2689,2689,0,0000190,02,2,2,3,0000000000000000,0,0,2,a5a02608a5a0260c,3,1,27f0a5a027f4a5a0,4,1,0,00
2690,2690,0,0000190,03,2,2,3,0000000000000000,0,0,2,a5a02600a5a02604,3,1,27e8a5a027eca5a0,4,1,0,00
2691,2691,0,0000190,04,2,2,3,0000000000000000,0,0,2,a5a02638a5a0263c,3,1,27e0a5a027e4a5a0,4,1,0,00
2692,2692,0,0000190,05,2,2,3,0000000000000000,0,0,2,a5a02630a5a02634,3,1,2618a5a0261ca5a0,4,1,0,00
2693,2693,0,0000000,00,3,3,3,2600000000000000,0,0,3,a5a027a8a5a027ac,0,1,2790a5a02794a5a0,4,1,0,00
2694,2694,0,0000000,00,3,3,3,2610a5a02614a5a0,0,0,3,a5a027a8a5a027ac,0,1,0000000000000090,4,1,0,00
2695,2695,0,0000000,00,3,3,3,2608a5a0260ca5a0,0,0,3,a5a027a8a5a027ac,0,1,0000000000000000,4,1,1,00
2696,2696,0,0000000,00,3,3,3,2600a5a02604a5a0,0,0,3,a5a027a8a5a027ac,0,1,0000000000000000,4,1,1,00
2697,2697,0,0000000,00,3,3,3,2638a5a0263ca5a0,0,0,3,a5a027a8a5a027ac,0,1,0000000000000000,4,1,1,00
2698,2698,0,0000000,00,3,3,3,2630a5a02634a5a0,0,0,3,a5a02628a5a0262c,0,1,0000000000000000,4,1,1,00
2699,2699,0,0000000,00,3,3,3,27a8a5a027aca5a0,0,0,3,a5a02628a5a0262c,0,1,0000000000000000,4,1,1,00
2700,2700,0,0000000,00,3,3,3,0000000000000028,0,0,3,a5a02628a5a0262c,0,1,2600000000000000,4,1,0,00
2701,2701,0,0000190,06,2,2,3,0000000000000000,0,0,2,a5a02628a5a0262c,3,1,2610a5a02614a5a0,4,1,0,00
2702,2702,0,0000190,07,2,2,3,0000000000000000,0,0,2,a5a02620a5a02624,3,1,2608a5a0260ca5a0,4,1,0,00
2703,2703,0,0000194,00,2,2,3,0000000000000000,0,0,2,a5a02658a5a0265c,3,1,2600a5a02604a5a0,4,1,0,00
2704,2704,0,0000194,01,2,2,3,0000000000000000,0,0,2,a5a02650a5a02654,3,1,2638a5a0263ca5a0,4,1,0,00
2705,2705,0,0000194,02,2,2,3,0000000000000000,0,0,2,a5a02648a5a0264c,3,1,2630a5a02634a5a0,4,1,0,00
2706,2706,0,0000000,00,3,3,3,2600000000000000,0,0,3,a5a027c0a5a027c4,0,1,27a8a5a027aca5a0,4,1,0,00
2707,2707,0,0000000,00,3,3,3,2628a5a0262ca5a0,0,0,3,a5a027c0a5a027c4,0,1,0000000000000028,4,1,0,00
2708,2708,0,0000000,00,3,3,3,2620a5a02624a5a0,0,0,3,a5a027c0a5a027c4,0,1,0000000000000000,4,1,1,00
2709,2709,0,0000000,00,3,3,3,2658a5a0265ca5a0,0,0,3,a5a027c0a5a027c4,0,1,0000000000000000,4,1,1,00
2710,2710,0,0000000,00,3,3,3,2650a5a02654a5a0,0,0,3,a5a027c0a5a027c4,0,1,0000000000000000,4,1,1,00
2711,2711,0,0000000,00,3,3,3,2648a5a0264ca5a0,0,0,3,a5a02640a5a02644,0,1,0000000000000000,4,1,1,00
2712,2712,0,0000000,00,3,3,3,27c0a5a027c4a5a0,0,0,3,a5a02640a5a02644,0,1,0000000000000000,4,1,1,00
2713,2713,0,0000000,00,3,3,3,0000000000000000,0,0,3,a5a02640a5a02644,0,1,2600000000000000,4,1,0,00
2714,2714,0,0000194,03,2,2,3,0000000000000000,0,0,2,a5a02640a5a02644,3,1,2628a5a0262ca5a0,4,1,0,00
2715,2715,0,0000194,04,2,2,3,0000000000000000,0,0,2,a5a02678a5a0267c,3,1,2620a5a02624a5a0,4,1,0,00
2716,2716,0,0000194,05,2,2,3,0000000000000000,0,0,2,a5a02670a5a02674,3,1,2658a5a0265ca5a0,6,1,1,00
2717,2717,0,0000194,06,2,2,3,0000000000000000,0,0,2,a5a02668a5a0266c,3,1,2650a5a02654a5a0,6,1,1,00
2718,2718,0,0000194,07,2,2,3,0000000000000000,0,0,2,a5a02660a5a02664,3,1,2648a5a0264ca5a0,6,1,1,00
2719,2719,0,0000000,00,3,3,3,2600000000000000,0,0,3,a5a02618a5a0261c,0,1,27c0a5a027c4a5a0,4,1,0,00
2720,2720,0,0000000,00,3,3,3,2640a5a02644a5a0,0,0,3,a5a02618a5a0261c,0,1,0000000000000000,4,1,0,00
2721,2721,0,0000000,00,3,3,3,2678a5a0267ca5a0,0,0,3,a5a02618a5a0261c,0,1,0000000000000000,4,1,0,00
2722,2722,0,0000000,00,3,2,2,2670a5a02674a5a0,0,0,2,a5a02618a5a0261c,0,1,0000000000000000,4,1,0,00
2723,2723,0,0000000,01,3,2,2,2668a5a0266ca5a0,0,0,2,a5a02618a5a0261c,0,1,0000000000000000,4,1,0,00
2724,2724,0,0000000,02,3,2,2,2660a5a02664a5a0,0,0,2,a5a02618a5a0261c,0,1,0000000000000000,4,1,0,00
2725,2725,0,0000000,00,3,3,3,2618a5a0261ca5a0,0,0,3,a5a02618a5a0261c,0,1,0000000000000000,4,1,0,00
2726,2726,0,0000000,00,3,3,3,0000000000000018,0,0,3,a5a02618a5a0261c,0,1,2600000000000000,4,1,0,00
2727,2727,0,0000000,00,3,3,3,0000000000000000,0,0,3,a5a02618a5a0261c,0,1,2640a5a02644a5a0,4,1,0,00
2728,2728,0,0000000,00,3,3,3,0000000000000000,0,0,3,a5a02618a5a0261c,0,1,2678a5a0267ca5a0,6,1,1,00
2729,2729,0,0000000,00,3,3,3,0000000000000000,0,0,3,a5a02618a5a0261c,0,1,2670a5a02674a5a0,6,1,1,00
2730,2730,0,0000000,00,3,3,3,0000000000000000,0,0,3,a5a02618a5a0261c,0,1,2668a5a0266ca5a0,6,1,1,00
2731,2731,0,0000000,00,3,3,3,0000000000000000,0,0,3,a5a02618a5a0261c,0,1,2660a5a02664a5a0,6,1,1,00
2732,2732,0,0000000,00,3,3,3,0000000000000000,0,0,3,a5a02618a5a0261c,0,1,2618a5a0261ca5a0,6,1,1,00
2733,2733,0,0000000,00,3,3,3,0000000000000000,0,0,3,a5a02618a5a0261c,0,1,0000000000000018,6,1,0,00
2734,2734,0,0000000,03,3,2,2,0000000000000000,0,0,2,a5a02618a5a0261c,0,1,0000000000000000,6,1,0,00
2735,2735,0,0000000,04,3,2,2,0000000000000000,0,0,2,a5a02618a5a0261c,0,1,0000000000000000,6,1,0,00
2736,2736,0,0000000,05,3,2,2,0000000000000000,0,0,2,a5a02618a5a0261c,0,1,0000000000000000,8,1,1,00
2737,2737,0,0000000,06,3,2,2,0000000000000000,0,0,2,a5a02618a5a0261c,0,1,0000000000000000,6,1,0,00
2738,2738,0,0000000,07,3,2,2,0000000000000000,0,0,2,a5a02618a5a0261c,0,1,0000000000000000,6,1,0,00
2739,2739,0,0000000,00,3,3,3,0000000000000000,0,0,3,a5a02618a5a0261c,0,1,0000000000000000,6,1,0,00
2740,2740,0,0000000,00,3,3,3,0000000000000000,0,0,3,a5a02618a5a0261c,0,1,0000000000000000,6,1,0,00
2741,2741,0,0000000,00,3,3,3,0000000000000000,0,0,3,a5a02618a5a0261c,0,1,0000000000000000,6,1,0,00
2742,2742,0,0000000,00,2,2,2,0000000000000000,0,0,3,a5a02618a5a0261c,0,1,0000000000000000,6,1,0,00
2743,2743,0,0000000,00,3,3,3,0000000000000000,0,0,3,a5a02618a5a0261c,0,1,0000000000000000,6,1,0,00
2744,2744,0,0000000,00,3,3,3,0000000000000000,0,0,3,a5a02618a5a0261c,0,1,0000000000000000,6,1,0,00
2745,2745,0,0000000,00,3,3,3,0000000000000000,0,0,3,a5a02618a5a0261c,0,1,0000000000000000,6,1,0,00
2746,2746,0,0000000,00,3,3,3,0000000000000000,0,0,3,a5a02618a5a0261c,0,1,0000000000000000,6,1,0,00
2747,2747,0,0000000,00,3,3,3,0000000000000000,0,0,3,a5a02618a5a0261c,0,1,0000000000000000,6,1,0,00
2748,2748,0,0000000,00,3,3,3,0000000000000000,0,0,3,a5a02618a5a0261c,0,1,0000000000000000,6,1,0,00
2749,2749,0,0000000,00,3,3,3,0000000000000000,0,0,3,a5a02618a5a0261c,0,1,0000000000000000,6,1,0,00
2750,2750,0,0000000,00,3,3,3,0000000000000000,0,0,3,a5a02618a5a0261c,0,1,0000000000000000,6,1,0,00
2751,2751,0,0000000,00,3,3,3,0000000000000000,0,0,3,a5a02618a5a0261c,0,1,0000000000000000,6,1,0,00
2752,2752,0,0000000,00,3,3,3,0000000000000000,0,0,3,a5a02618a5a0261c,0,1,0000000000000000,6,1,0,00
2753,2753,0,0000000,00,3,3,3,0000000000000000,0,0,3,a5a02618a5a0261c,0,1,0000000000000000,6,1,0,00
2754,2754,0,0000000,00,3,3,3,0000000000000000,0,0,3,a5a02618a5a0261c,0,1,0000000000000000,6,1,0,00
2755,2755,0,0000000,00,3,3,3,0000000000000000,0,0,3,a5a02618a5a0261c,0,1,0000000000000000,6,1,0,00
2756,2756,0,0000000,00,3,3,3,0000000000000000,0,0,3,a5a02618a5a0261c,0,1,0000000000000000,1,1,1,00
2757,2757,0,0000000,00,3,3,3,0000000000000000,0,0,3,a5a02618a5a0261c,0,1,0000000000000000,1,1,1,00
2758,2758,0,0000000,00,3,3,3,0000000000000000,0,0,3,a5a02618a5a0261c,0,1,0000000000000000,1,1,1,00
2759,2759,0,0000000,00,3,3,3,0000000000000000,0,0,3,a5a02618a5a0261c,0,1,0000000000000000,1,1,1,00
2760,2760,0,0000000,00,3,3,3,0000000000000000,0,0,3,a5a02618a5a0261c,0,1,0000000000000000,6,1,0,00
2761,2761,0,0000000,00,3,3,3,0000000000000000,0,0,3,a5a02618a5a0261c,0,1,0000000000000000,6,1,0,00
2762,2762,0,0000000,00,3,2,2,0000000000000000,0,0,3,a5a02618a5a0261c,0,1,0000000000000000,6,1,0,00
2763,2763,0,0000000,01,3,2,2,0000000000000000,0,0,3,a5a02618a5a0261c,0,1,0000000000000000,6,1,0,00
2764,2764,0,0000000,02,3,2,2,0000000000000000,0,0,3,a5a02618a5a0261c,0,1,0000000000000000,6,1,0,00
2765,2765,0,0000000,03,3,2,2,0000000000000000,0,0,3,a5a02618a5a0261c,0,1,0000000000000000,6,1,0,00
2766,2766,0,0000000,00,3,3,3,0000000000000000,0,0,3,a5a02618a5a0261c,0,1,0000000000000000,6,1,0,00
2767,2767,0,0000000,00,3,3,3,0000000000000000,0,0,3,a5a02618a5a0261c,0,1,0000000000000000,6,1,0,00
2768,2768,0,0000000,00,3,3,3,0000000000000000,0,0,3,a5a02618a5a0261c,0,1,0000000000000000,6,1,0,00
2769,2769,0,0000000,00,3,3,3,0000000000000000,0,0,3,a5a02618a5a0261c,0,1,0000000000000000,6,1,0,00
2770,2770,0,0000000,00,3,3,3,0000000000000000,0,0,3,a5a02618a5a0261c,0,1,0000000000000000,6,1,0,00
2771,2771,0,0000000,00,3,3,3,0000000000000000,0,0,3,a5a02618a5a0261c,0,1,0000000000000000,6,1,0,00
2772,2772,0,0000000,00,3,3,3,0000000000000000,0,0,3,a5a02618a5a0261c,0,1,0000000000000000,6,1,0,00
2773,2773,0,0000000,00,3,3,3,0000000000000000,0,0,3,a5a02618a5a0261c,0,1,0000000000000000,6,1,0,00
2774,2774,0,0000000,00,3,3,3,0000000000000000,0,0,3,a5a02618a5a0261c,0,1,0000000000000000,6,1,0,00
2775,2775,0,0000000,00,3,3,3,0000000000000000,0,0,3,a5a02618a5a0261c,0,1,0000000000000000,6,1,0,00
2776,2776,0,0000000,00,3,3,3,0000000000000000,0,0,3,a5a02618a5a0261c,0,1,0000000000000000,4,1,1,00
2777,2777,0,0000000,00,3,3,3,0000000000000000,0,0,3,a5a02618a5a0261c,0,1,0000000000000000,4,1,1,00
2778,2778,0,0000000,00,3,3,3,0000000000000000,0,0,3,a5a02618a5a0261c,0,1,0000000000000000,4,1,1,00
2779,2779,0,0000000,00,3,3,3,0000000000000000,0,0,3,a5a02698a5a0269c,0,1,0000000000000000,4,1,1,00
2780,2780,0,0000000,00,3,3,3,0000000000000000,0,0,3,a5a02698a5a0269c,0,1,0000000000000000,1,1,0,00
2781,2781,0,0000000,00,3,3,3,0000000000000000,0,0,3,a5a02698a5a0269c,0,1,0000000000000000,1,1,0,00
2782,2782,0,0000198,00,2,2,3,0000000000000000,0,0,2,a5a02698a5a0269c,3,1,0000000000000000,1,1,0,00
2783,2783,0,0000198,01,2,2,3,0000000000000000,0,0,2,a5a02690a5a02694,3,1,0000000000000000,1,1,0,00
2784,2784,0,0000198,02,2,2,3,0000000000000000,0,0,2,a5a02688a5a0268c,3,1,0000000000000000,1,1,0,00
2785,2785,0,0000198,03,2,2,3,0000000000000000,0,0,2,a5a02680a5a02684,3,1,0000000000000000,1,1,0,00
2786,2786,0,0000000,00,3,3,3,0000000000000000,0,0,3,a5a02638a5a0263c,0,1,0000000000000000,1,1,0,00
2787,2787,0,0000000,00,3,3,3,2600000000000000,0,0,3,a5a02638a5a0263c,0,1,0000000000000000,1,1,0,00
2788,2788,0,0000000,00,3,3,3,2698a5a0269ca5a0,0,0,3,a5a02638a5a0263c,0,1,0000000000000000,4,1,1,00
2789,2789,0,0000000,00,3,3,3,2690a5a02694a5a0,0,0,3,a5a02638a5a0263c,0,1,0000000000000000,4,1,1,00
2790,2790,0,0000000,00,3,3,3,2688a5a0268ca5a0,0,0,3,a5a02638a5a0263c,0,1,0000000000000000,4,1,1,00
2791,2791,0,0000000,00,3,3,3,2680a5a02684a5a0,0,0,3,a5a026d8a5a026dc,0,1,0000000000000000,4,1,1,00
2792,2792,0,0000000,00,3,3,3,2638a5a0263ca5a0,0,0,3,a5a026d8a5a026dc,0,1,0000000000000000,4,1,0,00
2793,2793,0,0000000,00,3,3,3,0000000000000038,0,0,3,a5a026d8a5a026dc,0,1,0000000000000000,4,1,0,00
2794,2794,0,000019c,00,2,2,3,0000000000000000,0,0,2,a5a026d8a5a026dc,3,1,2600000000000000,4,1,0,00
2795,2795,0,000019c,01,2,2,3,0000000000000000,0,0,2,a5a026d0a5a026d4,3,1,2698a5a0269ca5a0,4,1,0,00
2796,2796,0,000019c,02,2,2,3,0000000000000000,0,0,2,a5a026c8a5a026cc,3,1,2690a5a02694a5a0,1,1,1,00
2797,2797,0,000019c,03,2,2,3,0000000000000000,0,0,2,a5a026c0a5a026c4,3,1,2688a5a0268ca5a0,1,1,1,00
2798,2798,0,0000000,00,3,3,3,0000000000000000,0,0,3,a5a02658a5a0265c,0,1,2680a5a02684a5a0,1,1,1,00
2799,2799,0,0000000,00,3,3,3,2600000000000000,0,0,3,a5a02658a5a0265c,0,1,2638a5a0263ca5a0,1,1,1,00
2800,2800,0,0000000,00,3,3,3,26d8a5a026dca5a0,0,0,3,a5a02658a5a0265c,0,1,0000000000000038,4,1,0,00
2801,2801,0,0000000,00,3,3,3,26d0a5a026d4a5a0,0,0,3,a5a02658a5a0265c,0,1,0000000000000000,4,1,0,00
2802,2802,0,0000000,04,3,2,2,26c8a5a026cca5a0,0,0,3,a5a02658a5a0265c,0,1,0000000000000000,4,1,0,00
2803,2803,0,0000000,05,3,2,2,26c0a5a026c4a5a0,0,0,3,a5a02658a5a0265c,0,1,0000000000000000,4,1,0,00
2804,2804,0,0000000,06,3,2,2,2658a5a0265ca5a0,0,0,3,a5a02658a5a0265c,0,1,0000000000000000,4,1,0,00
2805,2805,0,0000000,07,3,2,2,0000000000000058,0,0,3,a5a02658a5a0265c,0,1,0000000000000000,4,1,0,00
2806,2806,0,0000000,00,3,3,3,0000000000000000,0,0,3,a5a02658a5a0265c,0,1,2600000000000000,4,1,0,00
2807,2807,0,0000000,00,3,3,3,0000000000000000,0,0,3,a5a02658a5a0265c,0,1,26d8a5a026dca5a0,4,1,0,00
2808,2808,0,0000000,00,3,3,3,0000000000000000,0,0,3,a5a02658a5a0265c,0,1,26d0a5a026d4a5a0,4,1,0,00
2809,2809,0,0000000,00,3,3,3,0000000000000000,0,0,3,a5a02658a5a0265c,0,1,26c8a5a026cca5a0,4,1,0,00
2810,2810,0,0000000,00,3,3,3,0000000000000000,0,0,3,a5a02658a5a0265c,0,1,26c0a5a026c4a5a0,4,1,0,00
2811,2811,0,0000000,00,3,3,3,0000000000000000,0,0,3,a5a02658a5a0265c,0,1,2658a5a0265ca5a0,4,1,0,00
2812,2812,0,0000000,00,3,3,3,0000000000000000,0,0,3,a5a02658a5a0265c,0,1,0000000000000058,4,1,0,00
2813,2813,0,0000000,00,3,3,3,0000000000000000,0,0,3,a5a02658a5a0265c,0,1,0000000000000000,4,1,0,00
2814,2814,0,0000000,00,3,3,3,0000000000000000,0,0,3,a5a02658a5a0265c,0,1,0000000000000000,4,1,0,00
2815,2815,0,0000000,00,3,3,3,0000000000000000,0,0,3,a5a02658a5a0265c,0,1,0000000000000000,4,1,0,00
2816,2816,0,0000000,00,3,3,3,0000000000000000,0,0,3,a5a02658a5a0265c,0,1,0000000000000000,4,1,1,00
2817,2817,0,0000000,00,3,3,3,0000000000000000,0,0,3,a5a02658a5a0265c,0,1,0000000000000000,4,1,1,00
2818,2818,0,0000000,00,3,3,3,0000000000000000,0,0,3,a5a02658a5a0265c,0,1,0000000000000000,4,1,1,00
2819,2819,0,0000000,00,3,3,3,0000000000000000,0,0,3,a5a026b8a5a026bc,0,1,0000000000000000,4,1,1,00
2820,2820,0,0000000,00,3,3,3,0000000000000000,0,0,3,a5a026b8a5a026bc,0,1,0000000000000000,4,1,1,00
2821,2821,0,0000000,00,3,3,3,0000000000000000,0,0,3,a5a026b8a5a026bc,0,1,0000000000000000,1,1,0,00
2822,2822,0,0000198,04,2,2,3,0000000000000000,0,0,2,a5a026b8a5a026bc,3,1,0000000000000000,1,1,0,00
2823,2823,0,0000198,05,2,2,3,0000000000000000,0,0,2,a5a026b0a5a026b4,3,1,0000000000000000,1,1,0,00
2824,2824,0,0000198,06,2,2,3,0000000000000000,0,0,2,a5a026a8a5a026ac,3,1,0000000000000000,1,1,0,00
2825,2825,0,0000198,07,2,2,3,0000000000000000,0,0,2,a5a026a0a5a026a4,3,1,0000000000000000,1,1,0,00
2826,2826,0,000019c,04,2,2,3,0000000000000000,0,0,2,a5a026f8a5a026fc,3,1,0000000000000000,1,1,0,00
2827,2827,0,0000000,00,3,3,3,2600000000000000,0,0,3,a5a02670a5a02674,0,1,0000000000000000,1,1,0,00
2828,2828,0,0000000,00,3,3,3,26b8a5a026bca5a0,0,0,3,a5a02670a5a02674,0,1,0000000000000000,1,1,0,00
2829,2829,0,0000000,00,3,3,3,26b0a5a026b4a5a0,0,0,3,a5a02670a5a02674,0,1,0000000000000000,4,1,1,00
2830,2830,0,0000000,00,3,3,3,26a8a5a026aca5a0,0,0,3,a5a02670a5a02674,0,1,0000000000000000,4,1,1,00
2831,2831,0,0000000,00,3,3,3,26a0a5a026a4a5a0,0,0,3,a5a02670a5a02674,0,1,0000000000000000,4,1,1,00
2832,2832,0,0000000,00,3,3,3,26f8a5a026fca5a0,0,0,3,a5a026f0a5a026f4,0,1,0000000000000000,4,1,1,00
2833,2833,0,0000000,00,3,3,3,2670a5a02674a5a0,0,0,3,a5a026f0a5a026f4,0,1,0000000000000000,4,1,1,00
2834,2834,0,0000000,00,3,3,3,0000000000000030,0,0,3,a5a026f0a5a026f4,0,1,2600000000000000,4,1,0,00
2835,2835,0,000019c,05,2,2,3,0000000000000000,0,0,2,a5a026f0a5a026f4,3,1,26b8a5a026bca5a0,4,1,0,00
2836,2836,0,000019c,06,2,2,3,0000000000000000,0,0,2,a5a026e8a5a026ec,3,1,26b0a5a026b4a5a0,4,1,0,00
2837,2837,0,000019c,07,2,2,3,0000000000000000,0,0,2,a5a026e0a5a026e4,3,1,26a8a5a026aca5a0,4,1,0,00
2838,2838,0,00001a0,00,2,2,3,0000000000000000,0,0,2,a5a02518a5a0251c,3,1,26a0a5a026a4a5a0,4,1,0,00
2839,2839,0,00001a0,01,2,2,3,0000000000000000,0,0,2,a5a02510a5a02514,3,1,26f8a5a026fca5a0,4,1,0,00
2840,2840,0,0000000,00,3,3,3,2600000000000000,0,0,3,a5a02688a5a0268c,0,1,2670a5a02674a5a0,4,1,0,00
2841,2841,0,0000000,00,3,3,3,26f0a5a026f4a5a0,0,0,3,a5a02688a5a0268c,0,1,0000000000000030,4,1,0,00
2842,2842,0,0000000,00,3,3,3,26e8a5a026eca5a0,0,0,3,a5a02688a5a0268c,0,1,0000000000000000,4,1,1,00
2843,2843,0,0000000,00,3,3,3,26e0a5a026e4a5a0,0,0,3,a5a02688a5a0268c,0,1,0000000000000000,4,1,1,00
2844,2844,0,0000000,00,3,3,3,2518a5a0251ca5a0,0,0,3,a5a02688a5a0268c,0,1,0000000000000000,4,1,1,00
2845,2845,0,0000000,00,3,3,3,2510a5a02514a5a0,0,0,3,a5a02508a5a0250c,0,1,0000000000000000,4,1,1,00
2846,2846,0,0000000,00,3,3,3,2688a5a0268ca5a0,0,0,3,a5a02508a5a0250c,0,1,0000000000000000,4,1,1,00
2847,2847,0,0000000,00,3,3,3,0000000000000008,0,0,3,a5a02508a5a0250c,0,1,2600000000000000,4,1,0,00
2848,2848,0,00001a0,02,2,2,3,0000000000000000,0,0,2,a5a02508a5a0250c,3,1,26f0a5a026f4a5a0,4,1,0,00
2849,2849,0,00001a0,03,2,2,3,0000000000000000,0,0,2,a5a02500a5a02504,3,1,26e8a5a026eca5a0,4,1,0,00
2850,2850,0,00001a0,04,2,2,3,0000000000000000,0,0,2,a5a02538a5a0253c,3,1,26e0a5a026e4a5a0,4,1,0,00
2851,2851,0,00001a0,05,2,2,3,0000000000000000,0,0,2,a5a02530a5a02534,3,1,2518a5a0251ca5a0,4,1,0,00
2852,2852,0,00001a0,06,2,2,3,0000000000000000,0,0,2,a5a02528a5a0252c,3,1,2510a5a02514a5a0,4,1,0,00
2853,2853,0,0000000,00,3,3,3,2400000000000000,0,0,3,a5a026c0a5a026c4,0,1,2688a5a0268ca5a0,4,1,0,00
2854,2854,0,0000000,00,3,3,3,2508a5a0250ca5a0,0,0,3,a5a026c0a5a026c4,0,1,0000000000000008,4,1,0,00
2855,2855,0,0000000,00,3,3,3,2500a5a02504a5a0,0,0,3,a5a026c0a5a026c4,0,1,0000000000000000,4,1,1,00
2856,2856,0,0000000,00,3,3,3,2538a5a0253ca5a0,0,0,3,a5a026c0a5a026c4,0,1,0000000000000000,4,1,1,00
2857,2857,0,0000000,00,3,3,3,2530a5a02534a5a0,0,0,3,a5a026c0a5a026c4,0,1,0000000000000000,4,1,1,00
2858,2858,0,0000000,00,3,3,3,2528a5a0252ca5a0,0,0,3,a5a02520a5a02524,0,1,0000000000000000,4,1,1,00
2859,2859,0,0000000,00,3,3,3,26c0a5a026c4a5a0,0,0,3,a5a02520a5a02524,0,1,0000000000000000,4,1,1,00
2860,2860,0,0000000,00,3,3,3,0000000000000000,0,0,3,a5a02520a5a02524,0,1,2400000000000000,4,1,0,00
2861,2861,0,00001a0,07,2,2,3,0000000000000000,0,0,2,a5a02520a5a02524,3,1,2508a5a0250ca5a0,4,1,0,00
2862,2862,0,00001a4,00,2,2,3,0000000000000000,0,0,2,a5a02558a5a0255c,3,1,2500a5a02504a5a0,4,1,0,00
2863,2863,0,00001a4,01,2,2,3,0000000000000000,0,0,2,a5a02550a5a02554,3,1,2538a5a0253ca5a0,4,1,0,00
2864,2864,0,00001a4,02,2,2,3,0000000000000000,0,0,2,a5a02548a5a0254c,3,1,2530a5a02534a5a0,4,1,0,00
2865,2865,0,00001a4,03,2,2,3,0000000000000000,0,0,2,a5a02540a5a02544,3,1,2528a5a0252ca5a0,4,1,0,00
2866,2866,0,0000000,00,3,3,3,2500000000000000,0,0,3,a5a026f8a5a026fc,0,1,26c0a5a026c4a5a0,4,1,0,00
2867,2867,0,0000000,00,3,3,3,2520a5a02524a5a0,0,0,3,a5a026f8a5a026fc,0,1,0000000000000000,4,1,0,00
2868,2868,0,0000000,00,3,3,3,2558a5a0255ca5a0,0,0,3,a5a026f8a5a026fc,0,1,0000000000000000,4,1,1,00
2869,2869,0,0000000,00,3,3,3,2550a5a02554a5a0,0,0,3,a5a026f8a5a026fc,0,1,0000000000000000,4,1,1,00
2870,2870,0,0000000,00,3,3,3,2548a5a0254ca5a0,0,0,3,a5a026f8a5a026fc,0,1,0000000000000000,4,1,1,00
2871,2871,0,0000000,00,3,3,3,2540a5a02544a5a0,0,0,3,a5a02578a5a0257c,0,1,0000000000000000,4,1,1,00
2872,2872,0,0000000,00,3,3,3,26f8a5a026fca5a0,0,0,3,a5a02578a5a0257c,0,1,0000000000000000,4,1,1,00
2873,2873,0,0000000,00,3,3,3,00000000000000f8,0,0,3,a5a02578a5a0257c,0,1,2500000000000000,4,1,0,00
2874,2874,0,00001a4,04,2,2,3,0000000000000000,0,0,2,a5a02578a5a0257c,3,1,2520a5a02524a5a0,4,1,0,00
2875,2875,0,00001a4,05,2,2,3,0000000000000000,0,0,2,a5a02570a5a02574,3,1,2558a5a0255ca5a0,4,1,0,00
2876,2876,0,00001a4,06,2,2,3,0000000000000000,0,0,2,a5a02568a5a0256c,3,1,2550a5a02554a5a0,4,1,0,00
2877,2877,0,00001a4,07,2,2,3,0000000000000000,0,0,2,a5a02560a5a02564,3,1,2548a5a0254ca5a0,4,1,0,00
2878,2878,0,00001a8,00,2,2,3,0000000000000000,0,0,2,a5a02598a5a0259c,3,1,2540a5a02544a5a0,4,1,0,00
2879,2879,0,0000000,00,3,3,3,2400000000000000,0,0,3,a5a02510a5a02514,0,1,26f8a5a026fca5a0,4,1,0,00
2880,2880,0,0000000,00,3,3,3,2578a5a0257ca5a0,0,0,3,a5a02510a5a02514,0,1,00000000000000f8,4,1,0,00
2881,2881,0,0000000,00,3,3,3,2570a5a02574a5a0,0,0,3,a5a02510a5a02514,0,1,0000000000000000,4,1,1,00
2882,2882,0,0000000,00,3,3,3,2568a5a0256ca5a0,0,0,3,a5a02510a5a02514,0,1,0000000000000000,4,1,1,00
2883,2883,0,0000000,00,3,3,3,2560a5a02564a5a0,0,0,3,a5a02510a5a02514,0,1,0000000000000000,4,1,1,00
2884,2884,0,0000000,00,3,3,3,2598a5a0259ca5a0,0,0,3,a5a02590a5a02594,0,1,0000000000000000,4,1,1,00
2885,2885,0,0000000,00,3,3,3,2510a5a02514a5a0,0,0,3,a5a02590a5a02594,0,1,0000000000000000,4,1,1,00
2886,2886,0,0000000,00,3,3,3,0000000000000010,0,0,3,a5a02590a5a02594,0,1,2400000000000000,4,1,0,00
2887,2887,0,00001a8,01,2,2,3,0000000000000000,0,0,2,a5a02590a5a02594,3,1,2578a5a0257ca5a0,4,1,0,00
2888,2888,0,00001a8,02,2,2,3,0000000000000000,0,0,2,a5a02588a5a0258c,3,1,2570a5a02574a5a0,4,1,0,00
2889,2889,0,00001a8,03,2,2,3,0000000000000000,0,0,2,a5a02580a5a02584,3,1,2568a5a0256ca5a0,4,1,0,00
2890,2890,0,00001a8,04,2,2,3,0000000000000000,0,0,2,a5a025b8a5a025bc,3,1,2560a5a02564a5a0,4,1,0,00
2891,2891,0,00001a8,05,2,2,3,0000000000000000,0,0,2,a5a025b0a5a025b4,3,1,2598a5a0259ca5a0,4,1,0,00
2892,2892,0,0000000,00,3,3,3,2400000000000000,0,0,3,a5a02528a5a0252c,0,1,2510a5a02514a5a0,4,1,0,00
2893,2893,0,0000000,00,3,3,3,2590a5a02594a5a0,0,0,3,a5a02528a5a0252c,0,1,0000000000000010,4,1,0,00
2894,2894,0,0000000,00,3,3,3,2588a5a0258ca5a0,0,0,3,a5a02528a5a0252c,0,1,0000000000000000,4,1,1,00
2895,2895,0,0000000,00,3,3,3,2580a5a02584a5a0,0,0,3,a5a02528a5a0252c,0,1,0000000000000000,4,1,1,00
2896,2896,0,0000000,00,3,3,3,25b8a5a025bca5a0,0,0,3,a5a02528a5a0252c,0,1,0000000000000000,4,1,1,00
2897,2897,0,0000000,00,3,3,3,25b0a5a025b4a5a0,0,0,3,a5a025a8a5a025ac,0,1,0000000000000000,4,1,1,00
2898,2898,0,0000000,00,3,3,3,2528a5a0252ca5a0,0,0,3,a5a025a8a5a025ac,0,1,0000000000000000,4,1,1,00
2899,2899,0,0000000,00,3,3,3,0000000000000028,0,0,3,a5a025a8a5a025ac,0,1,2400000000000000,4,1,0,00
2900,2900,0,00001a8,06,2,2,3,0000000000000000,0,0,2,a5a025a8a5a025ac,3,1,2590a5a02594a5a0,4,1,0,00
2901,2901,0,00001a8,07,2,2,3,0000000000000000,0,0,2,a5a025a0a5a025a4,3,1,2588a5a0258ca5a0,4,1,0,00
2902,2902,0,00001ac,00,2,2,3,0000000000000000,0,0,2,a5a025d8a5a025dc,3,1,2580a5a02584a5a0,4,1,0,00
2903,2903,0,00001ac,01,2,2,3,0000000000000000,0,0,2,a5a025d0a5a025d4,3,1,25b8a5a025bca5a0,4,1,0,00
2904,2904,0,00001ac,02,2,2,3,0000000000000000,0,0,2,a5a025c8a5a025cc,3,1,25b0a5a025b4a5a0,4,1,0,00
2905,2905,0,0000000,00,3,3,3,2500000000000000,0,0,3,a5a02540a5a02544,0,1,2528a5a0252ca5a0,4,1,0,00
2906,2906,0,0000000,00,3,3,3,25a8a5a025aca5a0,0,0,3,a5a02540a5a02544,0,1,0000000000000028,4,1,0,00
2907,2907,0,0000000,00,3,3,3,25a0a5a025a4a5a0,0,0,3,a5a02540a5a02544,0,1,0000000000000000,4,1,1,00
2908,2908,0,0000000,00,3,3,3,25d8a5a025dca5a0,0,0,3,a5a02540a5a02544,0,1,0000000000000000,4,1,1,00
2909,2909,0,0000000,00,3,3,3,25d0a5a025d4a5a0,0,0,3,a5a02540a5a02544,0,1,0000000000000000,4,1,1,00
2910,2910,0,0000000,00,3,3,3,25c8a5a025cca5a0,0,0,3,a5a025c0a5a025c4,0,1,0000000000000000,4,1,1,00
2911,2911,0,0000000,00,3,3,3,2540a5a02544a5a0,0,0,3,a5a025c0a5a025c4,0,1,0000000000000000,4,1,1,00
2912,2912,0,0000000,00,3,3,3,0000000000000000,0,0,3,a5a025c0a5a025c4,0,1,2500000000000000,4,1,0,00
2913,2913,0,00001ac,03,2,2,3,0000000000000000,0,0,2,a5a025c0a5a025c4,3,1,25a8a5a025aca5a0,4,1,0,00
2914,2914,0,00001ac,04,2,2,3,0000000000000000,0,0,2,a5a025f8a5a025fc,3,1,25a0a5a025a4a5a0,4,1,0,00
2915,2915,0,00001ac,05,2,2,3,0000000000000000,0,0,2,a5a025f0a5a025f4,3,1,25d8a5a025dca5a0,4,1,0,00
2916,2916,0,00001ac,06,2,2,3,0000000000000000,0,0,2,a5a025e8a5a025ec,3,1,25d0a5a025d4a5a0,4,1,0,00
2917,2917,0,00001ac,07,2,2,3,0000000000000000,0,0,2,a5a025e0a5a025e4,3,1,25c8a5a025cca5a0,4,1,0,00
2918,2918,0,0000000,00,3,3,3,2400000000000000,0,0,3,a5a02598a5a0259c,0,1,2540a5a02544a5a0,4,1,0,00
2919,2919,0,0000000,00,3,3,3,25c0a5a025c4a5a0,0,0,3,a5a02598a5a0259c,0,1,0000000000000000,4,1,0,00
2920,2920,0,0000000,00,3,3,3,25f8a5a025fca5a0,0,0,3,a5a02598a5a0259c,0,1,0000000000000000,4,1,1,00
2921,2921,0,0000000,00,3,3,3,25f0a5a025f4a5a0,0,0,3,a5a02598a5a0259c,0,1,0000000000000000,4,1,1,00
2922,2922,0,0000000,00,3,3,3,25e8a5a025eca5a0,0,0,3,a5a02598a5a0259c,0,1,0000000000000000,4,1,1,00
2923,2923,0,0000000,00,3,3,3,25e0a5a025e4a5a0,0,0,3,a5a02418a5a0241c,0,1,0000000000000000,4,1,1,00
2924,2924,0,0000000,00,3,3,3,2598a5a0259ca5a0,0,0,3,a5a02418a5a0241c,0,1,0000000000000000,4,1,1,00
2925,2925,0,0000000,00,3,3,3,0000000000000018,0,0,3,a5a02418a5a0241c,0,1,2400000000000000,4,1,0,00
2926,2926,0,00001b0,00,2,2,3,0000000000000000,0,0,2,a5a02418a5a0241c,3,1,25c0a5a025c4a5a0,4,1,0,00
2927,2927,0,00001b0,01,2,2,3,0000000000000000,0,0,2,a5a02410a5a02414,3,1,25f8a5a025fca5a0,4,1,0,00
2928,2928,0,00001b0,02,2,2,3,0000000000000000,0,0,2,a5a02408a5a0240c,3,1,25f0a5a025f4a5a0,4,1,0,00
2929,2929,0,00001b0,03,2,2,3,0000000000000000,0,0,2,a5a02400a5a02404,3,1,25e8a5a025eca5a0,4,1,0,00
2930,2930,0,00001b0,04,2,2,3,0000000000000000,0,0,2,a5a02438a5a0243c,3,1,25e0a5a025e4a5a0,4,1,0,00
2931,2931,0,0000000,00,3,3,3,2400000000000000,0,0,3,a5a025b0a5a025b4,0,1,2598a5a0259ca5a0,4,1,0,00
2932,2932,0,0000000,00,3,3,3,2418a5a0241ca5a0,0,0,3,a5a025b0a5a025b4,0,1,0000000000000018,4,1,0,00
2933,2933,0,0000000,00,3,3,3,2410a5a02414a5a0,0,0,3,a5a025b0a5a025b4,0,1,0000000000000000,4,1,1,00
2934,2934,0,0000000,00,3,3,3,2408a5a0240ca5a0,0,0,3,a5a025b0a5a025b4,0,1,0000000000000000,4,1,1,00
2935,2935,0,0000000,00,3,3,3,2400a5a02404a5a0,0,0,3,a5a025b0a5a025b4,0,1,0000000000000000,4,1,1,00
2936,2936,0,0000000,00,3,3,3,2438a5a0243ca5a0,0,0,3,a5a02430a5a02434,0,1,0000000000000000,4,1,1,00
2937,2937,0,0000000,00,3,3,3,25b0a5a025b4a5a0,0,0,3,a5a02430a5a02434,0,1,0000000000000000,4,1,1,00
2938,2938,0,0000000,00,3,3,3,0000000000000030,0,0,3,a5a02430a5a02434,0,1,2400000000000000,4,1,0,00
2939,2939,0,00001b0,05,2,2,3,0000000000000000,0,0,2,a5a02430a5a02434,3,1,2418a5a0241ca5a0,4,1,0,00
2940,2940,0,00001b0,06,2,2,3,0000000000000000,0,0,2,a5a02428a5a0242c,3,1,2410a5a02414a5a0,4,1,0,00
2941,2941,0,00001b0,07,2,2,3,0000000000000000,0,0,2,a5a02420a5a02424,3,1,2408a5a0240ca5a0,4,1,0,00
2942,2942,0,00001b4,00,2,2,3,0000000000000000,0,0,2,a5a02458a5a0245c,3,1,2400a5a02404a5a0,4,1,0,00
2943,2943,0,00001b4,01,2,2,3,0000000000000000,0,0,2,a5a02450a5a02454,3,1,2438a5a0243ca5a0,4,1,0,00
2944,2944,0,0000000,00,3,3,3,2400000000000000,0,0,3,a5a025c8a5a025cc,0,1,25b0a5a025b4a5a0,4,1,0,00
2945,2945,0,0000000,00,3,3,3,2430a5a02434a5a0,0,0,3,a5a025c8a5a025cc,0,1,0000000000000030,4,1,0,00
2946,2946,0,0000000,00,3,3,3,2428a5a0242ca5a0,0,0,3,a5a025c8a5a025cc,0,1,0000000000000000,4,1,1,00
2947,2947,0,0000000,00,3,3,3,2420a5a02424a5a0,0,0,3,a5a025c8a5a025cc,0,1,0000000000000000,4,1,1,00
2948,2948,0,0000000,00,3,3,3,2458a5a0245ca5a0,0,0,3,a5a025c8a5a025cc,0,1,0000000000000000,4,1,1,00
2949,2949,0,0000000,00,3,3,3,2450a5a02454a5a0,0,0,3,a5a02448a5a0244c,0,1,0000000000000000,4,1,1,00
2950,2950,0,0000000,00,3,3,3,25c8a5a025cca5a0,0,0,3,a5a02448a5a0244c,0,1,0000000000000000,4,1,1,00
2951,2951,0,0000000,00,3,3,3,0000000000000008,0,0,3,a5a02448a5a0244c,0,1,2400000000000000,4,1,0,00
2952,2952,0,00001b4,02,2,2,3,0000000000000000,0,0,2,a5a02448a5a0244c,3,1,2430a5a02434a5a0,4,1,0,00
2953,2953,0,00001b4,03,2,2,3,0000000000000000,0,0,2,a5a02440a5a02444,3,1,2428a5a0242ca5a0,4,1,0,00
2954,2954,0,00001b4,04,2,2,3,0000000000000000,0,0,2,a5a02478a5a0247c,3,1,2420a5a02424a5a0,4,1,0,00
2955,2955,0,00001b4,05,2,2,3,0000000000000000,0,0,2,a5a02470a5a02474,3,1,2458a5a0245ca5a0,4,1,0,00
2956,2956,0,00001b4,06,2,2,3,0000000000000000,0,0,2,a5a02468a5a0246c,3,1,2450a5a02454a5a0,4,1,0,00
2957,2957,0,0000000,00,3,3,3,2400000000000000,0,0,3,a5a025e0a5a025e4,0,1,25c8a5a025cca5a0,4,1,0,00
2958,2958,0,0000000,00,3,3,3,2448a5a0244ca5a0,0,0,3,a5a025e0a5a025e4,0,1,0000000000000008,4,1,0,00
2959,2959,0,0000000,00,3,3,3,2440a5a02444a5a0,0,0,3,a5a025e0a5a025e4,0,1,0000000000000000,4,1,1,00
2960,2960,0,0000000,00,3,3,3,2478a5a0247ca5a0,0,0,3,a5a025e0a5a025e4,0,1,0000000000000000,4,1,1,00
2961,2961,0,0000000,00,3,3,3,2470a5a02474a5a0,0,0,3,a5a025e0a5a025e4,0,1,0000000000000000,4,1,1,00
2962,2962,0,0000000,00,3,3,3,2468a5a0246ca5a0,0,0,3,a5a02460a5a02464,0,1,0000000000000000,4,1,1,00
2963,2963,0,0000000,00,3,3,3,25e0a5a025e4a5a0,0,0,3,a5a02460a5a02464,0,1,0000000000000000,4,1,1,00
2964,2964,0,0000000,00,3,3,3,0000000000000020,0,0,3,a5a02460a5a02464,0,1,2400000000000000,4,1,0,00
2965,2965,0,00001b4,07,2,2,3,0000000000000000,0,0,2,a5a02460a5a02464,3,1,2448a5a0244ca5a0,4,1,0,00
2966,2966,0,00001b8,00,2,2,3,0000000000000000,0,0,2,a5a02498a5a0249c,3,1,2440a5a02444a5a0,4,1,0,00
2967,2967,0,00001b8,01,2,2,3,0000000000000000,0,0,2,a5a02490a5a02494,3,1,2478a5a0247ca5a0,4,1,0,00
2968,2968,0,00001b8,02,2,2,3,0000000000000000,0,0,2,a5a02488a5a0248c,3,1,2470a5a02474a5a0,4,1,0,00
2969,2969,0,00001b8,03,2,2,3,0000000000000000,0,0,2,a5a02480a5a02484,3,1,2468a5a0246ca5a0,4,1,0,00
2970,2970,0,0000000,00,3,3,3,2400000000000000,0,0,3,a5a02438a5a0243c,0,1,25e0a5a025e4a5a0,4,1,0,00
2971,2971,0,0000000,00,3,3,3,2460a5a02464a5a0,0,0,3,a5a02438a5a0243c,0,1,0000000000000020,4,1,0,00
2972,2972,0,0000000,00,3,3,3,2498a5a0249ca5a0,0,0,3,a5a02438a5a0243c,0,1,0000000000000000,4,1,1,00
2973,2973,0,0000000,00,3,3,3,2490a5a02494a5a0,0,0,3,a5a02438a5a0243c,0,1,0000000000000000,4,1,1,00
2974,2974,0,0000000,00,3,3,3,2488a5a0248ca5a0,0,0,3,a5a02438a5a0243c,0,1,0000000000000000,4,1,1,00
2975,2975,0,0000000,00,3,3,3,2480a5a02484a5a0,0,0,3,a5a024b8a5a024bc,0,1,0000000000000000,4,1,1,00
2976,2976,0,0000000,00,3,3,3,2438a5a0243ca5a0,0,0,3,a5a024b8a5a024bc,0,1,0000000000000000,4,1,1,00
2977,2977,0,0000000,00,3,3,3,0000000000000038,0,0,3,a5a024b8a5a024bc,0,1,2400000000000000,4,1,0,00
2978,2978,0,00001b8,04,2,2,3,0000000000000000,0,0,2,a5a024b8a5a024bc,3,1,2460a5a02464a5a0,4,1,0,00
2979,2979,0,00001b8,05,2,2,3,0000000000000000,0,0,2,a5a024b0a5a024b4,3,1,2498a5a0249ca5a0,4,1,0,00
2980,2980,0,00001b8,06,2,2,3,0000000000000000,0,0,2,a5a024a8a5a024ac,3,1,2490a5a02494a5a0,4,1,0,00
2981,2981,0,00001b8,07,2,2,3,0000000000000000,0,0,2,a5a024a0a5a024a4,3,1,2488a5a0248ca5a0,4,1,0,00
2982,2982,0,00001bc,00,2,2,3,0000000000000000,0,0,2,a5a024d8a5a024dc,3,1,2480a5a02484a5a0,4,1,0,00
2983,2983,0,0000000,00,3,3,3,2400000000000000,0,0,3,a5a02450a5a02454,0,1,2438a5a0243ca5a0,4,1,0,00
2984,2984,0,0000000,00,3,3,3,24b8a5a024bca5a0,0,0,3,a5a02450a5a02454,0,1,0000000000000038,4,1,0,00
2985,2985,0,0000000,00,3,3,3,24b0a5a024b4a5a0,0,0,3,a5a02450a5a02454,0,1,0000000000000000,4,1,1,00
2986,2986,0,0000000,00,3,3,3,24a8a5a024aca5a0,0,0,3,a5a02450a5a02454,0,1,0000000000000000,4,1,1,00
2987,2987,0,0000000,00,3,3,3,24a0a5a024a4a5a0,0,0,3,a5a02450a5a02454,0,1,0000000000000000,4,1,1,00
2988,2988,0,0000000,00,3,3,3,24d8a5a024dca5a0,0,0,3,a5a024d0a5a024d4,0,1,0000000000000000,4,1,1,00
2989,2989,0,0000000,00,3,3,3,2450a5a02454a5a0,0,0,3,a5a024d0a5a024d4,0,1,0000000000000000,4,1,1,00
2990,2990,0,0000000,00,3,3,3,0000000000000010,0,0,3,a5a024d0a5a024d4,0,1,2400000000000000,4,1,0,00
2991,2991,0,00001bc,01,2,2,3,0000000000000000,0,0,2,a5a024d0a5a024d4,3,1,24b8a5a024bca5a0,4,1,0,00
2992,2992,0,00001bc,02,2,2,3,0000000000000000,0,0,2,a5a024c8a5a024cc,3,1,24b0a5a024b4a5a0,4,1,0,00
2993,2993,0,00001bc,03,2,2,3,0000000000000000,0,0,2,a5a024c0a5a024c4,3,1,24a8a5a024aca5a0,4,1,0,00
2994,2994,0,00001bc,04,2,2,3,0000000000000000,0,0,2,a5a024f8a5a024fc,3,1,24a0a5a024a4a5a0,4,1,0,00
2995,2995,0,00001bc,05,2,2,3,0000000000000000,0,0,2,a5a024f0a5a024f4,3,1,24d8a5a024dca5a0,4,1,0,00
2996,2996,0,0000000,00,3,3,3,2400000000000000,0,0,3,a5a02468a5a0246c,0,1,2450a5a02454a5a0,4,1,0,00
2997,2997,0,0000000,00,3,3,3,24d0a5a024d4a5a0,0,0,3,a5a02468a5a0246c,0,1,0000000000000010,4,1,0,00
2998,2998,0,0000000,00,3,3,3,24c8a5a024cca5a0,0,0,3,a5a02468a5a0246c,0,1,0000000000000000,4,1,1,00
2999,2999,0,0000000,00,3,3,3,24c0a5a024c4a5a0,0,0,3,a5a02468a5a0246c,0,1,0000000000000000,4,1,1,00
3000,3000,0,0000000,00,3,3,3,24f8a5a024fca5a0,0,0,3,a5a02468a5a0246c,0,1,0000000000000000,4,1,1,00
3001,3001,0,0000000,00,3,3,3,24f0a5a024f4a5a0,0,0,3,a5a024e8a5a024ec,0,1,0000000000000000,4,1,1,00
3002,3002,0,0000000,00,3,3,3,2468a5a0246ca5a0,0,0,3,a5a024e8a5a024ec,0,1,0000000000000000,4,1,1,00
3003,3003,0,0000000,00,3,3,3,0000000000000028,0,0,3,a5a024e8a5a024ec,0,1,2400000000000000,4,1,0,00
3004,3004,0,00001bc,06,2,2,3,0000000000000000,0,0,2,a5a024e8a5a024ec,3,1,24d0a5a024d4a5a0,4,1,0,00
3005,3005,0,00001bc,07,2,2,3,0000000000000000,0,0,2,a5a024e0a5a024e4,3,1,24c8a5a024cca5a0,4,1,0,00
3006,3006,0,00001c0,00,2,2,3,0000000000000000,0,0,2,a5a02318a5a0231c,3,1,24c0a5a024c4a5a0,4,1,0,00
3007,3007,0,00001c0,01,2,2,3,0000000000000000,0,0,2,a5a02310a5a02314,3,1,24f8a5a024fca5a0,4,1,0,00
3008,3008,0,00001c0,02,2,2,3,0000000000000000,0,0,2,a5a02308a5a0230c,3,1,24f0a5a024f4a5a0,4,1,0,00
3009,3009,0,0000000,00,3,3,3,2400000000000000,0,0,3,a5a02480a5a02484,0,1,2468a5a0246ca5a0,4,1,0,00
3010,3010,0,0000000,00,3,3,3,24e8a5a024eca5a0,0,0,3,a5a02480a5a02484,0,1,0000000000000028,4,1,0,00
3011,3011,0,0000000,00,3,3,3,24e0a5a024e4a5a0,0,0,3,a5a02480a5a02484,0,1,0000000000000000,4,1,1,00
3012,3012,0,0000000,00,3,3,3,2318a5a0231ca5a0,0,0,3,a5a02480a5a02484,0,1,0000000000000000,4,1,1,00
3013,3013,0,0000000,00,3,3,3,2310a5a02314a5a0,0,0,3,a5a02480a5a02484,0,1,0000000000000000,4,1,1,00
3014,3014,0,0000000,00,3,3,3,2308a5a0230ca5a0,0,0,3,a5a02300a5a02304,0,1,0000000000000000,4,1,1,00
3015,3015,0,0000000,00,3,3,3,2480a5a02484a5a0,0,0,3,a5a02300a5a02304,0,1,0000000000000000,4,1,1,00
3016,3016,0,0000000,00,3,3,3,0000000000000000,0,0,3,a5a02300a5a02304,0,1,2400000000000000,4,1,0,00
3017,3017,0,00001c0,03,2,2,3,0000000000000000,0,0,2,a5a02300a5a02304,3,1,24e8a5a024eca5a0,4,1,0,00
3018,3018,0,00001c0,04,2,2,3,0000000000000000,0,0,2,a5a02338a5a0233c,3,1,24e0a5a024e4a5a0,4,1,0,00
3019,3019,0,00001c0,05,2,2,3,0000000000000000,0,0,2,a5a02330a5a02334,3,1,2318a5a0231ca5a0,4,1,0,00
3020,3020,0,00001c0,06,2,2,3,0000000000000000,0,0,2,a5a02328a5a0232c,3,1,2310a5a02314a5a0,4,1,0,00
3021,3021,0,00001c0,07,2,2,3,0000000000000000,0,0,2,a5a02320a5a02324,3,1,2308a5a0230ca5a0,4,1,0,00
3022,3022,0,0000000,00,3,3,3,2300000000000000,0,0,3,a5a024d8a5a024dc,0,1,2480a5a02484a5a0,4,1,0,00
3023,3023,0,0000000,00,3,3,3,2300a5a02304a5a0,0,0,3,a5a024d8a5a024dc,0,1,0000000000000000,4,1,0,00
3024,3024,0,0000000,00,3,3,3,2338a5a0233ca5a0,0,0,3,a5a024d8a5a024dc,0,1,0000000000000000,4,1,1,00
3025,3025,0,0000000,00,3,3,3,2330a5a02334a5a0,0,0,3,a5a024d8a5a024dc,0,1,0000000000000000,4,1,1,00
3026,3026,0,0000000,00,3,3,3,2328a5a0232ca5a0,0,0,3,a5a024d8a5a024dc,0,1,0000000000000000,4,1,1,00
3027,3027,0,0000000,00,3,3,3,2320a5a02324a5a0,0,0,3,a5a02358a5a0235c,0,1,0000000000000000,4,1,1,00
3028,3028,0,0000000,00,3,3,3,24d8a5a024dca5a0,0,0,3,a5a02358a5a0235c,0,1,0000000000000000,4,1,1,00
3029,3029,0,0000000,00,3,3,3,00000000000000d8,0,0,3,a5a02358a5a0235c,0,1,2300000000000000,4,1,0,00
3030,3030,0,00001c4,00,2,2,3,0000000000000000,0,0,2,a5a02358a5a0235c,3,1,2300a5a02304a5a0,4,1,0,00
3031,3031,0,00001c4,01,2,2,3,0000000000000000,0,0,2,a5a02350a5a02354,3,1,2338a5a0233ca5a0,4,1,0,00
3032,3032,0,00001c4,02,2,2,3,0000000000000000,0,0,2,a5a02348a5a0234c,3,1,2330a5a02334a5a0,4,1,0,00
3033,3033,0,00001c4,03,2,2,3,0000000000000000,0,0,2,a5a02340a5a02344,3,1,2328a5a0232ca5a0,4,1,0,00
3034,3034,0,00001c4,04,2,2,3,0000000000000000,0,0,2,a5a02378a5a0237c,3,1,2320a5a02324a5a0,4,1,0,00
3035,3035,0,0000000,00,3,3,3,2300000000000000,0,0,3,a5a024f0a5a024f4,0,1,24d8a5a024dca5a0,4,1,0,00
3036,3036,0,0000000,00,3,3,3,2358a5a0235ca5a0,0,0,3,a5a024f0a5a024f4,0,1,00000000000000d8,4,1,0,00
3037,3037,0,0000000,00,3,3,3,2350a5a02354a5a0,0,0,3,a5a024f0a5a024f4,0,1,0000000000000000,4,1,1,00
3038,3038,0,0000000,00,3,3,3,2348a5a0234ca5a0,0,0,3,a5a024f0a5a024f4,0,1,0000000000000000,4,1,1,00
3039,3039,0,0000000,00,3,3,3,2340a5a02344a5a0,0,0,3,a5a024f0a5a024f4,0,1,0000000000000000,4,1,1,00
3040,3040,0,0000000,00,3,3,3,2378a5a0237ca5a0,0,0,3,a5a02370a5a02374,0,1,0000000000000000,4,1,1,00
3041,3041,0,0000000,00,3,3,3,24f0a5a024f4a5a0,0,0,3,a5a02370a5a02374,0,1,0000000000000000,4,1,1,00
3042,3042,0,0000000,00,3,3,3,00000000000000f0,0,0,3,a5a02370a5a02374,0,1,2300000000000000,4,1,0,00
3043,3043,0,00001c4,05,2,2,3,0000000000000000,0,0,2,a5a02370a5a02374,3,1,2358a5a0235ca5a0,4,1,0,00
3044,3044,0,00001c4,06,2,2,3,0000000000000000,0,0,2,a5a02368a5a0236c,3,1,2350a5a02354a5a0,4,1,0,00
3045,3045,0,00001c4,07,2,2,3,0000000000000000,0,0,2,a5a02360a5a02364,3,1,2348a5a0234ca5a0,4,1,0,00
3046,3046,0,00001c8,00,2,2,3,0000000000000000,0,0,2,a5a02398a5a0239c,3,1,2340a5a02344a5a0,4,1,0,00
3047,3047,0,00001c8,01,2,2,3,0000000000000000,0,0,2,a5a02390a5a02394,3,1,2378a5a0237ca5a0,4,1,0,00
3048,3048,0,0000000,00,3,3,3,2200000000000000,0,0,3,a5a02308a5a0230c,0,1,24f0a5a024f4a5a0,4,1,0,00
3049,3049,0,0000000,00,3,3,3,2370a5a02374a5a0,0,0,3,a5a02308a5a0230c,0,1,00000000000000f0,4,1,0,00
3050,3050,0,0000000,00,3,3,3,2368a5a0236ca5a0,0,0,3,a5a02308a5a0230c,0,1,0000000000000000,4,1,1,00
3051,3051,0,0000000,00,3,3,3,2360a5a02364a5a0,0,0,3,a5a02308a5a0230c,0,1,0000000000000000,4,1,1,00
3052,3052,0,0000000,00,3,3,3,2398a5a0239ca5a0,0,0,3,a5a02308a5a0230c,0,1,0000000000000000,4,1,1,00
3053,3053,0,0000000,00,3,3,3,2390a5a02394a5a0,0,0,3,a5a02388a5a0238c,0,1,0000000000000000,4,1,1,00
3054,3054,0,0000000,00,3,3,3,2308a5a0230ca5a0,0,0,3,a5a02388a5a0238c,0,1,0000000000000000,4,1,1,00
3055,3055,0,0000000,00,3,3,3,0000000000000008,0,0,3,a5a02388a5a0238c,0,1,2200000000000000,4,1,0,00
3056,3056,0,00001c8,02,2,2,3,0000000000000000,0,0,2,a5a02388a5a0238c,3,1,2370a5a02374a5a0,4,1,0,00
3057,3057,0,00001c8,03,2,2,3,0000000000000000,0,0,2,a5a02380a5a02384,3,1,2368a5a0236ca5a0,4,1,0,00
3058,3058,0,00001c8,04,2,2,3,0000000000000000,0,0,2,a5a023b8a5a023bc,3,1,2360a5a02364a5a0,4,1,0,00
3059,3059,0,00001c8,05,2,2,3,0000000000000000,0,0,2,a5a023b0a5a023b4,3,1,2398a5a0239ca5a0,4,1,0,00
3060,3060,0,00001c8,06,2,2,3,0000000000000000,0,0,2,a5a023a8a5a023ac,3,1,2390a5a02394a5a0,4,1,0,00
3061,3061,0,0000000,00,3,3,3,2300000000000000,0,0,3,a5a02320a5a02324,0,1,2308a5a0230ca5a0,4,1,0,00
3062,3062,0,0000000,00,3,3,3,2388a5a0238ca5a0,0,0,3,a5a02320a5a02324,0,1,0000000000000008,4,1,0,00
3063,3063,0,0000000,00,3,3,3,2380a5a02384a5a0,0,0,3,a5a02320a5a02324,0,1,0000000000000000,4,1,1,00
3064,3064,0,0000000,00,3,3,3,23b8a5a023bca5a0,0,0,3,a5a02320a5a02324,0,1,0000000000000000,4,1,1,00
3065,3065,0,0000000,00,3,3,3,23b0a5a023b4a5a0,0,0,3,a5a02320a5a02324,0,1,0000000000000000,4,1,1,00
3066,3066,0,0000000,00,3,3,3,23a8a5a023aca5a0,0,0,3,a5a023a0a5a023a4,0,1,0000000000000000,4,1,1,00
3067,3067,0,0000000,00,3,3,3,2320a5a02324a5a0,0,0,3,a5a023a0a5a023a4,0,1,0000000000000000,4,1,1,00
3068,3068,0,0000000,00,3,3,3,0000000000000020,0,0,3,a5a023a0a5a023a4,0,1,2300000000000000,4,1,0,00
3069,3069,0,00001c8,07,2,2,3,0000000000000000,0,0,2,a5a023a0a5a023a4,3,1,2388a5a0238ca5a0,4,1,0,00
3070,3070,0,00001cc,00,2,2,3,0000000000000000,0,0,2,a5a023d8a5a023dc,3,1,2380a5a02384a5a0,4,1,0,00
3071,3071,0,00001cc,01,2,2,3,0000000000000000,0,0,2,a5a023d0a5a023d4,3,1,23b8a5a023bca5a0,4,1,0,00
3072,3072,0,00001cc,02,2,2,3,0000000000000000,0,0,2,a5a023c8a5a023cc,3,1,23b0a5a023b4a5a0,4,1,0,00
3073,3073,0,00001cc,03,2,2,3,0000000000000000,0,0,2,a5a023c0a5a023c4,3,1,23a8a5a023aca5a0,4,1,0,00
3074,3074,0,0000000,00,3,3,3,2200000000000000,0,0,3,a5a02378a5a0237c,0,1,2320a5a02324a5a0,4,1,0,00
3075,3075,0,0000000,00,3,3,3,23a0a5a023a4a5a0,0,0,3,a5a02378a5a0237c,0,1,0000000000000020,4,1,0,00
3076,3076,0,0000000,00,3,3,3,23d8a5a023dca5a0,0,0,3,a5a02378a5a0237c,0,1,0000000000000000,4,1,1,00
3077,3077,0,0000000,00,3,3,3,23d0a5a023d4a5a0,0,0,3,a5a02378a5a0237c,0,1,0000000000000000,4,1,1,00
3078,3078,0,0000000,00,3,3,3,23c8a5a023cca5a0,0,0,3,a5a02378a5a0237c,0,1,0000000000000000,4,1,1,00
3079,3079,0,0000000,00,3,3,3,23c0a5a023c4a5a0,0,0,3,a5a023f8a5a023fc,0,1,0000000000000000,4,1,1,00
3080,3080,0,0000000,00,3,3,3,2378a5a0237ca5a0,0,0,3,a5a023f8a5a023fc,0,1,0000000000000000,4,1,1,00
3081,3081,0,0000000,00,3,3,3,0000000000000078,0,0,3,a5a023f8a5a023fc,0,1,2200000000000000,4,1,0,00
3082,3082,0,00001cc,04,2,2,3,0000000000000000,0,0,2,a5a023f8a5a023fc,3,1,23a0a5a023a4a5a0,4,1,0,00
3083,3083,0,00001cc,05,2,2,3,0000000000000000,0,0,2,a5a023f0a5a023f4,3,1,23d8a5a023dca5a0,4,1,0,00
3084,3084,0,00001cc,06,2,2,3,0000000000000000,0,0,2,a5a023e8a5a023ec,3,1,23d0a5a023d4a5a0,4,1,0,00
3085,3085,0,00001cc,07,2,2,3,0000000000000000,0,0,2,a5a023e0a5a023e4,3,1,23c8a5a023cca5a0,4,1,0,00
3086,3086,0,00001d0,00,2,2,3,0000000000000000,0,0,2,a5a02218a5a0221c,3,1,23c0a5a023c4a5a0,4,1,0,00
3087,3087,0,0000000,00,3,3,3,2200000000000000,0,0,3,a5a02390a5a02394,0,1,2378a5a0237ca5a0,4,1,0,00
3088,3088,0,0000000,00,3,3,3,23f8a5a023fca5a0,0,0,3,a5a02390a5a02394,0,1,0000000000000078,4,1,0,00
3089,3089,0,0000000,00,3,3,3,23f0a5a023f4a5a0,0,0,3,a5a02390a5a02394,0,1,0000000000000000,4,1,1,00
3090,3090,0,0000000,00,3,3,3,23e8a5a023eca5a0,0,0,3,a5a02390a5a02394,0,1,0000000000000000,4,1,1,00
3091,3091,0,0000000,00,3,3,3,23e0a5a023e4a5a0,0,0,3,a5a02390a5a02394,0,1,0000000000000000,4,1,1,00
3092,3092,0,0000000,00,3,3,3,2218a5a0221ca5a0,0,0,3,a5a02210a5a02214,0,1,0000000000000000,4,1,1,00
3093,3093,0,0000000,00,3,3,3,2390a5a02394a5a0,0,0,3,a5a02210a5a02214,0,1,0000000000000000,4,1,1,00
3094,3094,0,0000000,00,3,3,3,0000000000000090,0,0,3,a5a02210a5a02214,0,1,2200000000000000,4,1,0,00
3095,3095,0,00001d0,01,2,2,3,0000000000000000,0,0,2,a5a02210a5a02214,3,1,23f8a5a023fca5a0,4,1,0,00
3096,3096,0,00001d0,02,2,2,3,0000000000000000,0,0,2,a5a02208a5a0220c,3,1,23f0a5a023f4a5a0,4,1,0,00
3097,3097,0,00001d0,03,2,2,3,0000000000000000,0,0,2,a5a02200a5a02204,3,1,23e8a5a023eca5a0,4,1,0,00
3098,3098,0,00001d0,04,2,2,3,0000000000000000,0,0,2,a5a02238a5a0223c,3,1,23e0a5a023e4a5a0,4,1,0,00
3099,3099,0,00001d0,05,2,2,3,0000000000000000,0,0,2,a5a02230a5a02234,3,1,2218a5a0221ca5a0,4,1,0,00
3100,3100,0,0000000,00,3,3,3,2200000000000000,0,0,3,a5a023a8a5a023ac,0,1,2390a5a02394a5a0,4,1,0,00
3101,3101,0,0000000,00,3,3,3,2210a5a02214a5a0,0,0,3,a5a023a8a5a023ac,0,1,0000000000000090,4,1,0,00
3102,3102,0,0000000,00,3,3,3,2208a5a0220ca5a0,0,0,3,a5a023a8a5a023ac,0,1,0000000000000000,4,1,1,00
3103,3103,0,0000000,00,3,3,3,2200a5a02204a5a0,0,0,3,a5a023a8a5a023ac,0,1,0000000000000000,4,1,1,00
3104,3104,0,0000000,00,3,3,3,2238a5a0223ca5a0,0,0,3,a5a023a8a5a023ac,0,1,0000000000000000,4,1,1,00
3105,3105,0,0000000,00,3,3,3,2230a5a02234a5a0,0,0,3,a5a02228a5a0222c,0,1,0000000000000000,4,1,1,00
3106,3106,0,0000000,00,3,3,3,23a8a5a023aca5a0,0,0,3,a5a02228a5a0222c,0,1,0000000000000000,4,1,1,00
3107,3107,0,0000000,00,3,3,3,0000000000000028,0,0,3,a5a02228a5a0222c,0,1,2200000000000000,4,1,0,00
3108,3108,0,00001d0,06,2,2,3,0000000000000000,0,0,2,a5a02228a5a0222c,3,1,2210a5a02214a5a0,4,1,0,00
3109,3109,0,00001d0,07,2,2,3,0000000000000000,0,0,2,a5a02220a5a02224,3,1,2208a5a0220ca5a0,4,1,0,00
3110,3110,0,00001d4,00,2,2,3,0000000000000000,0,0,2,a5a02258a5a0225c,3,1,2200a5a02204a5a0,4,1,0,00
3111,3111,0,00001d4,01,2,2,3,0000000000000000,0,0,2,a5a02250a5a02254,3,1,2238a5a0223ca5a0,4,1,0,00
3112,3112,0,00001d4,02,2,2,3,0000000000000000,0,0,2,a5a02248a5a0224c,3,1,2230a5a02234a5a0,4,1,0,00
3113,3113,0,0000000,00,3,3,3,2200000000000000,0,0,3,a5a023c0a5a023c4,0,1,23a8a5a023aca5a0,4,1,0,00
3114,3114,0,0000000,00,3,3,3,2228a5a0222ca5a0,0,0,3,a5a023c0a5a023c4,0,1,0000000000000028,4,1,0,00
3115,3115,0,0000000,00,3,3,3,2220a5a02224a5a0,0,0,3,a5a023c0a5a023c4,0,1,0000000000000000,4,1,1,00
3116,3116,0,0000000,00,3,3,3,2258a5a0225ca5a0,0,0,3,a5a023c0a5a023c4,0,1,0000000000000000,4,1,1,00
3117,3117,0,0000000,00,3,3,3,2250a5a02254a5a0,0,0,3,a5a023c0a5a023c4,0,1,0000000000000000,4,1,1,00
3118,3118,0,0000000,00,3,3,3,2248a5a0224ca5a0,0,0,3,a5a02240a5a02244,0,1,0000000000000000,4,1,1,00
3119,3119,0,0000000,00,3,3,3,23c0a5a023c4a5a0,0,0,3,a5a02240a5a02244,0,1,0000000000000000,4,1,1,00
3120,3120,0,0000000,00,3,3,3,0000000000000000,0,0,3,a5a02240a5a02244,0,1,2200000000000000,4,1,0,00
3121,3121,0,00001d4,03,2,2,3,0000000000000000,0,0,2,a5a02240a5a02244,3,1,2228a5a0222ca5a0,4,1,0,00
3122,3122,0,00001d4,04,2,2,3,0000000000000000,0,0,2,a5a02278a5a0227c,3,1,2220a5a02224a5a0,4,1,0,00
3123,3123,0,00001d4,05,2,2,3,0000000000000000,0,0,2,a5a02270a5a02274,3,1,2258a5a0225ca5a0,4,1,0,00
3124,3124,0,00001d4,06,2,2,3,0000000000000000,0,0,2,a5a02268a5a0226c,3,1,2250a5a02254a5a0,4,1,0,00
3125,3125,0,00001d4,07,2,2,3,0000000000000000,0,0,2,a5a02260a5a02264,3,1,2248a5a0224ca5a0,4,1,0,00
3126,3126,0,0000000,00,3,3,3,2200000000000000,0,0,3,a5a02218a5a0221c,0,1,23c0a5a023c4a5a0,4,1,0,00
3127,3127,0,0000000,00,3,3,3,2240a5a02244a5a0,0,0,3,a5a02218a5a0221c,0,1,0000000000000000,4,1,0,00
3128,3128,0,0000000,00,3,3,3,2278a5a0227ca5a0,0,0,3,a5a02218a5a0221c,0,1,0000000000000000,4,1,1,00
3129,3129,0,0000000,00,3,3,3,2270a5a02274a5a0,0,0,3,a5a02218a5a0221c,0,1,0000000000000000,4,1,1,00
3130,3130,0,0000000,00,3,3,3,2268a5a0226ca5a0,0,0,3,a5a02218a5a0221c,0,1,0000000000000000,4,1,1,00
3131,3131,0,0000000,00,3,3,3,2260a5a02264a5a0,0,0,3,a5a02298a5a0229c,0,1,0000000000000000,4,1,1,00
3132,3132,0,0000000,00,3,3,3,2218a5a0221ca5a0,0,0,3,a5a02298a5a0229c,0,1,0000000000000000,4,1,1,00
3133,3133,0,0000000,00,3,3,3,0000000000000018,0,0,3,a5a02298a5a0229c,0,1,2200000000000000,4,1,0,00
3134,3134,0,00001d8,00,2,2,3,0000000000000000,0,0,2,a5a02298a5a0229c,3,1,2240a5a02244a5a0,4,1,0,00
3135,3135,0,00001d8,01,2,2,3,0000000000000000,0,0,2,a5a02290a5a02294,3,1,2278a5a0227ca5a0,4,1,0,00
3136,3136,0,00001d8,02,2,2,3,0000000000000000,0,0,2,a5a02288a5a0228c,3,1,2270a5a02274a5a0,4,1,0,00
3137,3137,0,00001d8,03,2,2,3,0000000000000000,0,0,2,a5a02280a5a02284,3,1,2268a5a0226ca5a0,4,1,0,00
3138,3138,0,00001d8,04,2,2,3,0000000000000000,0,0,2,a5a022b8a5a022bc,3,1,2260a5a02264a5a0,4,1,0,00
3139,3139,0,0000000,00,3,3,3,2200000000000000,0,0,3,a5a02230a5a02234,0,1,2218a5a0221ca5a0,4,1,0,00
3140,3140,0,0000000,00,3,3,3,2298a5a0229ca5a0,0,0,3,a5a02230a5a02234,0,1,0000000000000018,4,1,0,00
3141,3141,0,0000000,00,3,3,3,2290a5a02294a5a0,0,0,3,a5a02230a5a02234,0,1,0000000000000000,4,1,1,00
3142,3142,0,0000000,00,3,3,3,2288a5a0228ca5a0,0,0,3,a5a02230a5a02234,0,1,0000000000000000,4,1,1,00
3143,3143,0,0000000,00,3,3,3,2280a5a02284a5a0,0,0,3,a5a02230a5a02234,0,1,0000000000000000,4,1,1,00
3144,3144,0,0000000,00,3,3,3,22b8a5a022bca5a0,0,0,3,a5a022b0a5a022b4,0,1,0000000000000000,4,1,1,00
3145,3145,0,0000000,00,3,3,3,2230a5a02234a5a0,0,0,3,a5a022b0a5a022b4,0,1,0000000000000000,4,1,1,00
3146,3146,0,0000000,00,3,3,3,0000000000000030,0,0,3,a5a022b0a5a022b4,0,1,2200000000000000,4,1,0,00
3147,3147,0,00001d8,05,2,2,3,0000000000000000,0,0,2,a5a022b0a5a022b4,3,1,2298a5a0229ca5a0,4,1,0,00
3148,3148,0,00001d8,06,2,2,3,0000000000000000,0,0,2,a5a022a8a5a022ac,3,1,2290a5a02294a5a0,4,1,0,00
3149,3149,0,00001d8,07,2,2,3,0000000000000000,0,0,2,a5a022a0a5a022a4,3,1,2288a5a0228ca5a0,4,1,0,00
3150,3150,0,00001dc,00,2,2,3,0000000000000000,0,0,2,a5a022d8a5a022dc,3,1,2280a5a02284a5a0,4,1,0,00
3151,3151,0,00001dc,01,2,2,3,0000000000000000,0,0,2,a5a022d0a5a022d4,3,1,22b8a5a022bca5a0,4,1,0,00
3152,3152,0,0000000,00,3,3,3,2200000000000000,0,0,3,a5a02248a5a0224c,0,1,2230a5a02234a5a0,4,1,0,00
3153,3153,0,0000000,00,3,3,3,22b0a5a022b4a5a0,0,0,3,a5a02248a5a0224c,0,1,0000000000000030,4,1,0,00
3154,3154,0,0000000,00,3,3,3,22a8a5a022aca5a0,0,0,3,a5a02248a5a0224c,0,1,0000000000000000,4,1,1,00
3155,3155,0,0000000,00,3,3,3,22a0a5a022a4a5a0,0,0,3,a5a02248a5a0224c,0,1,0000000000000000,4,1,1,00
3156,3156,0,0000000,00,3,3,3,22d8a5a022dca5a0,0,0,3,a5a02248a5a0224c,0,1,0000000000000000,4,1,1,00
3157,3157,0,0000000,00,3,3,3,22d0a5a022d4a5a0,0,0,3,a5a022c8a5a022cc,0,1,0000000000000000,4,1,1,00
3158,3158,0,0000000,00,3,3,3,2248a5a0224ca5a0,0,0,3,a5a022c8a5a022cc,0,1,0000000000000000,4,1,1,00
3159,3159,0,0000000,00,3,3,3,0000000000000048,0,0,3,a5a022c8a5a022cc,0,1,2200000000000000,4,1,0,00
3160,3160,0,00001dc,02,2,2,3,0000000000000000,0,0,2,a5a022c8a5a022cc,3,1,22b0a5a022b4a5a0,4,1,0,00
3161,3161,0,00001dc,03,2,2,3,0000000000000000,0,0,2,a5a022c0a5a022c4,3,1,22a8a5a022aca5a0,4,1,0,00
3162,3162,0,00001dc,04,2,2,3,0000000000000000,0,0,2,a5a022f8a5a022fc,3,1,22a0a5a022a4a5a0,4,1,0,00
3163,3163,0,00001dc,05,2,2,3,0000000000000000,0,0,2,a5a022f0a5a022f4,3,1,22d8a5a022dca5a0,4,1,0,00
3164,3164,0,00001dc,06,2,2,3,0000000000000000,0,0,2,a5a022e8a5a022ec,3,1,22d0a5a022d4a5a0,4,1,0,00
3165,3165,0,0000000,00,3,3,3,2200000000000000,0,0,3,a5a02260a5a02264,0,1,2248a5a0224ca5a0,4,1,0,00
3166,3166,0,0000000,00,3,3,3,22c8a5a022cca5a0,0,0,3,a5a02260a5a02264,0,1,0000000000000048,4,1,0,00
3167,3167,0,0000000,00,3,3,3,22c0a5a022c4a5a0,0,0,3,a5a02260a5a02264,0,1,0000000000000000,4,1,1,00
3168,3168,0,0000000,00,3,3,3,22f8a5a022fca5a0,0,0,3,a5a02260a5a02264,0,1,0000000000000000,4,1,1,00
3169,3169,0,0000000,00,3,3,3,22f0a5a022f4a5a0,0,0,3,a5a02260a5a02264,0,1,0000000000000000,4,1,1,00
3170,3170,0,0000000,00,3,3,3,22e8a5a022eca5a0,0,0,3,a5a022e0a5a022e4,0,1,0000000000000000,4,1,1,00
3171,3171,0,0000000,00,3,3,3,2260a5a02264a5a0,0,0,3,a5a022e0a5a022e4,0,1,0000000000000000,4,1,1,00
3172,3172,0,0000000,00,3,3,3,0000000000000020,0,0,3,a5a022e0a5a022e4,0,1,2200000000000000,4,1,0,00
3173,3173,0,00001dc,07,2,2,3,0000000000000000,0,0,2,a5a022e0a5a022e4,3,1,22c8a5a022cca5a0,4,1,0,00
3174,3174,0,00001e0,00,2,2,3,0000000000000000,0,0,2,a5a02118a5a0211c,3,1,22c0a5a022c4a5a0,4,1,0,00
3175,3175,0,00001e0,01,2,2,3,0000000000000000,0,0,2,a5a02110a5a02114,3,1,22f8a5a022fca5a0,4,1,0,00
3176,3176,0,00001e0,02,2,2,3,0000000000000000,0,0,2,a5a02108a5a0210c,3,1,22f0a5a022f4a5a0,4,1,0,00
3177,3177,0,00001e0,03,2,2,3,0000000000000000,0,0,2,a5a02100a5a02104,3,1,22e8a5a022eca5a0,4,1,0,00
3178,3178,0,0000000,00,3,3,3,2200000000000000,0,0,3,a5a022b8a5a022bc,0,1,2260a5a02264a5a0,4,1,0,00
3179,3179,0,0000000,00,3,3,3,22e0a5a022e4a5a0,0,0,3,a5a022b8a5a022bc,0,1,0000000000000020,4,1,0,00
3180,3180,0,0000000,00,3,3,3,2118a5a0211ca5a0,0,0,3,a5a022b8a5a022bc,0,1,0000000000000000,4,1,1,00
3181,3181,0,0000000,00,3,3,3,2110a5a02114a5a0,0,0,3,a5a022b8a5a022bc,0,1,0000000000000000,4,1,1,00
3182,3182,0,0000000,00,3,3,3,2108a5a0210ca5a0,0,0,3,a5a022b8a5a022bc,0,1,0000000000000000,4,1,1,00
3183,3183,0,0000000,00,3,3,3,2100a5a02104a5a0,0,0,3,a5a02138a5a0213c,0,1,0000000000000000,4,1,1,00
3184,3184,0,0000000,00,3,3,3,22b8a5a022bca5a0,0,0,3,a5a02138a5a0213c,0,1,0000000000000000,4,1,1,00
3185,3185,0,0000000,00,3,3,3,00000000000000b8,0,0,3,a5a02138a5a0213c,0,1,2200000000000000,4,1,0,00
3186,3186,0,00001e0,04,2,2,3,0000000000000000,0,0,2,a5a02138a5a0213c,3,1,22e0a5a022e4a5a0,4,1,0,00
3187,3187,0,00001e0,05,2,2,3,0000000000000000,0,0,2,a5a02130a5a02134,3,1,2118a5a0211ca5a0,4,1,0,00
3188,3188,0,00001e0,06,2,2,3,0000000000000000,0,0,2,a5a02128a5a0212c,3,1,2110a5a02114a5a0,4,1,0,00
3189,3189,0,00001e0,07,2,2,3,0000000000000000,0,0,2,a5a02120a5a02124,3,1,2108a5a0210ca5a0,4,1,0,00
3190,3190,0,00001e4,00,2,2,3,0000000000000000,0,0,2,a5a02158a5a0215c,3,1,2100a5a02104a5a0,4,1,0,00
3191,3191,0,0000000,00,3,3,3,2100000000000000,0,0,3,a5a022d0a5a022d4,0,1,22b8a5a022bca5a0,4,1,0,00
3192,3192,0,0000000,00,3,3,3,2138a5a0213ca5a0,0,0,3,a5a022d0a5a022d4,0,1,00000000000000b8,4,1,0,00
3193,3193,0,0000000,00,3,3,3,2130a5a02134a5a0,0,0,3,a5a022d0a5a022d4,0,1,0000000000000000,4,1,1,00
3194,3194,0,0000000,00,3,3,3,2128a5a0212ca5a0,0,0,3,a5a022d0a5a022d4,0,1,0000000000000000,4,1,1,00
3195,3195,0,0000000,00,3,3,3,2120a5a02124a5a0,0,0,3,a5a022d0a5a022d4,0,1,0000000000000000,4,1,1,00
3196,3196,0,0000000,00,3,3,3,2158a5a0215ca5a0,0,0,3,a5a02150a5a02154,0,1,0000000000000000,4,1,1,00
3197,3197,0,0000000,00,3,3,3,22d0a5a022d4a5a0,0,0,3,a5a02150a5a02154,0,1,0000000000000000,4,1,1,00
3198,3198,0,0000000,00,3,3,3,00000000000000d0,0,0,3,a5a02150a5a02154,0,1,2100000000000000,4,1,0,00
3199,3199,0,00001e4,01,2,2,3,0000000000000000,0,0,2,a5a02150a5a02154,3,1,2138a5a0213ca5a0,4,1,0,00
3200,3200,0,00001e4,02,2,2,3,0000000000000000,0,0,2,a5a02148a5a0214c,3,1,2130a5a02134a5a0,4,1,0,00
3201,3201,0,00001e4,03,2,2,3,0000000000000000,0,0,2,a5a02140a5a02144,3,1,2128a5a0212ca5a0,4,1,0,00
3202,3202,0,00001e4,04,2,2,3,0000000000000000,0,0,2,a5a02178a5a0217c,3,1,2120a5a02124a5a0,4,1,0,00
3203,3203,0,00001e4,05,2,2,3,0000000000000000,0,0,2,a5a02170a5a02174,3,1,2158a5a0215ca5a0,4,1,0,00
3204,3204,0,0000000,00,3,3,3,2000000000000000,0,0,3,a5a022e8a5a022ec,0,1,22d0a5a022d4a5a0,4,1,0,00
3205,3205,0,0000000,00,3,3,3,2150a5a02154a5a0,0,0,3,a5a022e8a5a022ec,0,1,00000000000000d0,4,1,0,00
3206,3206,0,0000000,00,3,3,3,2148a5a0214ca5a0,0,0,3,a5a022e8a5a022ec,0,1,0000000000000000,4,1,1,00
3207,3207,0,0000000,00,3,3,3,2140a5a02144a5a0,0,0,3,a5a022e8a5a022ec,0,1,0000000000000000,4,1,1,00
3208,3208,0,0000000,00,3,3,3,2178a5a0217ca5a0,0,0,3,a5a022e8a5a022ec,0,1,0000000000000000,4,1,1,00
3209,3209,0,0000000,00,3,3,3,2170a5a02174a5a0,0,0,3,a5a02168a5a0216c,0,1,0000000000000000,4,1,1,00
3210,3210,0,0000000,00,3,3,3,22e8a5a022eca5a0,0,0,3,a5a02168a5a0216c,0,1,0000000000000000,4,1,1,00
3211,3211,0,0000000,00,3,3,3,0000000000000068,0,0,3,a5a02168a5a0216c,0,1,2000000000000000,4,1,0,00
3212,3212,0,00001e4,06,2,2,3,0000000000000000,0,0,2,a5a02168a5a0216c,3,1,2150a5a02154a5a0,4,1,0,00
3213,3213,0,00001e4,07,2,2,3,0000000000000000,0,0,2,a5a02160a5a02164,3,1,2148a5a0214ca5a0,4,1,0,00
3214,3214,0,00001e8,00,2,2,3,0000000000000000,0,0,2,a5a02198a5a0219c,3,1,2140a5a02144a5a0,4,1,0,00
3215,3215,0,00001e8,01,2,2,3,0000000000000000,0,0,2,a5a02190a5a02194,3,1,2178a5a0217ca5a0,4,1,0,00
3216,3216,0,00001e8,02,2,2,3,0000000000000000,0,0,2,a5a02188a5a0218c,3,1,2170a5a02174a5a0,4,1,0,00
3217,3217,0,0000000,00,3,3,3,2100000000000000,0,0,3,a5a02100a5a02104,0,1,22e8a5a022eca5a0,4,1,0,00
3218,3218,0,0000000,00,3,3,3,2168a5a0216ca5a0,0,0,3,a5a02100a5a02104,0,1,0000000000000068,4,1,0,00
3219,3219,0,0000000,00,3,3,3,2160a5a02164a5a0,0,0,3,a5a02100a5a02104,0,1,0000000000000000,4,1,1,00
3220,3220,0,0000000,00,3,3,3,2198a5a0219ca5a0,0,0,3,a5a02100a5a02104,0,1,0000000000000000,4,1,1,00
3221,3221,0,0000000,00,3,3,3,2190a5a02194a5a0,0,0,3,a5a02100a5a02104,0,1,0000000000000000,4,1,1,00
3222,3222,0,0000000,00,3,3,3,2188a5a0218ca5a0,0,0,3,a5a02180a5a02184,0,1,0000000000000000,4,1,1,00
3223,3223,0,0000000,00,3,3,3,2100a5a02104a5a0,0,0,3,a5a02180a5a02184,0,1,0000000000000000,4,1,1,00
3224,3224,0,0000000,00,3,3,3,0000000000000000,0,0,3,a5a02180a5a02184,0,1,2100000000000000,4,1,0,00
3225,3225,0,00001e8,03,2,2,3,0000000000000000,0,0,2,a5a02180a5a02184,3,1,2168a5a0216ca5a0,4,1,0,00
3226,3226,0,00001e8,04,2,2,3,0000000000000000,0,0,2,a5a021b8a5a021bc,3,1,2160a5a02164a5a0,4,1,0,00
3227,3227,0,00001e8,05,2,2,3,0000000000000000,0,0,2,a5a021b0a5a021b4,3,1,2198a5a0219ca5a0,4,1,0,00
3228,3228,0,00001e8,06,2,2,3,0000000000000000,0,0,2,a5a021a8a5a021ac,3,1,2190a5a02194a5a0,4,1,0,00
3229,3229,0,00001e8,07,2,2,3,0000000000000000,0,0,2,a5a021a0a5a021a4,3,1,2188a5a0218ca5a0,4,1,0,00
3230,3230,0,0000000,00,3,3,3,2000000000000000,0,0,3,a5a02158a5a0215c,0,1,2100a5a02104a5a0,4,1,0,00
3231,3231,0,0000000,00,3,3,3,2180a5a02184a5a0,0,0,3,a5a02158a5a0215c,0,1,0000000000000000,4,1,0,00
3232,3232,0,0000000,00,3,3,3,21b8a5a021bca5a0,0,0,3,a5a02158a5a0215c,0,1,0000000000000000,4,1,1,00
3233,3233,0,0000000,00,3,3,3,21b0a5a021b4a5a0,0,0,3,a5a02158a5a0215c,0,1,0000000000000000,4,1,1,00
3234,3234,0,0000000,00,3,3,3,21a8a5a021aca5a0,0,0,3,a5a02158a5a0215c,0,1,0000000000000000,4,1,1,00
3235,3235,0,0000000,00,3,3,3,21a0a5a021a4a5a0,0,0,3,a5a021d8a5a021dc,0,1,0000000000000000,4,1,1,00
3236,3236,0,0000000,00,3,3,3,2158a5a0215ca5a0,0,0,3,a5a021d8a5a021dc,0,1,0000000000000000,4,1,1,00
3237,3237,0,0000000,00,3,3,3,0000000000000058,0,0,3,a5a021d8a5a021dc,0,1,2000000000000000,4,1,0,00
3238,3238,0,00001ec,00,2,2,3,0000000000000000,0,0,2,a5a021d8a5a021dc,3,1,2180a5a02184a5a0,4,1,0,00
3239,3239,0,00001ec,01,2,2,3,0000000000000000,0,0,2,a5a021d0a5a021d4,3,1,21b8a5a021bca5a0,4,1,0,00
3240,3240,0,00001ec,02,2,2,3,0000000000000000,0,0,2,a5a021c8a5a021cc,3,1,21b0a5a021b4a5a0,4,1,0,00
3241,3241,0,00001ec,03,2,2,3,0000000000000000,0,0,2,a5a021c0a5a021c4,3,1,21a8a5a021aca5a0,4,1,0,00
3242,3242,0,00001ec,04,2,2,3,0000000000000000,0,0,2,a5a021f8a5a021fc,3,1,21a0a5a021a4a5a0,4,1,0,00
3243,3243,0,0000000,00,3,3,3,2000000000000000,0,0,3,a5a02170a5a02174,0,1,2158a5a0215ca5a0,4,1,0,00
3244,3244,0,0000000,00,3,3,3,21d8a5a021dca5a0,0,0,3,a5a02170a5a02174,0,1,0000000000000058,4,1,0,00
3245,3245,0,0000000,00,3,3,3,21d0a5a021d4a5a0,0,0,3,a5a02170a5a02174,0,1,0000000000000000,4,1,1,00
3246,3246,0,0000000,00,3,3,3,21c8a5a021cca5a0,0,0,3,a5a02170a5a02174,0,1,0000000000000000,4,1,1,00
3247,3247,0,0000000,00,3,3,3,21c0a5a021c4a5a0,0,0,3,a5a02170a5a02174,0,1,0000000000000000,4,1,1,00
3248,3248,0,0000000,00,3,3,3,21f8a5a021fca5a0,0,0,3,a5a021f0a5a021f4,0,1,0000000000000000,4,1,1,00
3249,3249,0,0000000,00,3,3,3,2170a5a02174a5a0,0,0,3,a5a021f0a5a021f4,0,1,0000000000000000,4,1,1,00
3250,3250,0,0000000,00,3,3,3,0000000000000070,0,0,3,a5a021f0a5a021f4,0,1,2000000000000000,4,1,0,00
3251,3251,0,00001ec,05,2,2,3,0000000000000000,0,0,2,a5a021f0a5a021f4,3,1,21d8a5a021dca5a0,4,1,0,00
3252,3252,0,00001ec,06,2,2,3,0000000000000000,0,0,2,a5a021e8a5a021ec,3,1,21d0a5a021d4a5a0,4,1,0,00
3253,3253,0,00001ec,07,2,2,3,0000000000000000,0,0,2,a5a021e0a5a021e4,3,1,21c8a5a021cca5a0,4,1,0,00
3254,3254,0,00001f0,00,2,2,3,0000000000000000,0,0,2,a5a02018a5a0201c,3,1,21c0a5a021c4a5a0,4,1,0,00
3255,3255,0,00001f0,01,2,2,3,0000000000000000,0,0,2,a5a02010a5a02014,3,1,21f8a5a021fca5a0,4,1,0,00
3256,3256,0,0000000,00,3,3,3,2000000000000000,0,0,3,a5a02188a5a0218c,0,1,2170a5a02174a5a0,4,1,0,00
3257,3257,0,0000000,00,3,3,3,21f0a5a021f4a5a0,0,0,3,a5a02188a5a0218c,0,1,0000000000000070,4,1,0,00
3258,3258,0,0000000,00,3,3,3,21e8a5a021eca5a0,0,0,3,a5a02188a5a0218c,0,1,0000000000000000,4,1,1,00
3259,3259,0,0000000,00,3,3,3,21e0a5a021e4a5a0,0,0,3,a5a02188a5a0218c,0,1,0000000000000000,4,1,1,00
3260,3260,0,0000000,00,3,3,3,2018a5a0201ca5a0,0,0,3,a5a02188a5a0218c,0,1,0000000000000000,4,1,1,00
3261,3261,0,0000000,00,3,3,3,2010a5a02014a5a0,0,0,3,a5a02008a5a0200c,0,1,0000000000000000,4,1,1,00
3262,3262,0,0000000,00,3,3,3,2188a5a0218ca5a0,0,0,3,a5a02008a5a0200c,0,1,0000000000000000,4,1,1,00
3263,3263,0,0000000,00,3,3,3,0000000000000008,0,0,3,a5a02008a5a0200c,0,1,2000000000000000,4,1,0,00
3264,3264,0,00001f0,02,2,2,3,0000000000000000,0,0,2,a5a02008a5a0200c,3,1,21f0a5a021f4a5a0,4,1,0,00
3265,3265,0,00001f0,03,2,2,3,0000000000000000,0,0,2,a5a02000a5a02004,3,1,21e8a5a021eca5a0,4,1,0,00
3266,3266,0,00001f0,04,2,2,3,0000000000000000,0,0,2,a5a02038a5a0203c,3,1,21e0a5a021e4a5a0,4,1,0,00
3267,3267,0,00001f0,05,2,2,3,0000000000000000,0,0,2,a5a02030a5a02034,3,1,2018a5a0201ca5a0,4,1,0,00
3268,3268,0,00001f0,06,2,2,3,0000000000000000,0,0,2,a5a02028a5a0202c,3,1,2010a5a02014a5a0,4,1,0,00
3269,3269,0,0000000,00,3,3,3,2000000000000000,0,0,3,a5a021a0a5a021a4,0,1,2188a5a0218ca5a0,4,1,0,00
3270,3270,0,0000000,00,3,3,3,2008a5a0200ca5a0,0,0,3,a5a021a0a5a021a4,0,1,0000000000000008,4,1,0,00
3271,3271,0,0000000,00,3,3,3,2000a5a02004a5a0,0,0,3,a5a021a0a5a021a4,0,1,0000000000000000,4,1,1,00
3272,3272,0,0000000,00,3,3,3,2038a5a0203ca5a0,0,0,3,a5a021a0a5a021a4,0,1,0000000000000000,4,1,1,00
3273,3273,0,0000000,00,3,3,3,2030a5a02034a5a0,0,0,3,a5a021a0a5a021a4,0,1,0000000000000000,4,1,1,00
3274,3274,0,0000000,00,3,3,3,2028a5a0202ca5a0,0,0,3,a5a02020a5a02024,0,1,0000000000000000,4,1,1,00
3275,3275,0,0000000,00,3,3,3,21a0a5a021a4a5a0,0,0,3,a5a02020a5a02024,0,1,0000000000000000,4,1,1,00
3276,3276,0,0000000,00,3,3,3,0000000000000020,0,0,3,a5a02020a5a02024,0,1,2000000000000000,4,1,0,00
3277,3277,0,00001f0,07,2,2,3,0000000000000000,0,0,2,a5a02020a5a02024,3,1,2008a5a0200ca5a0,4,1,0,00
3278,3278,0,00001f4,00,2,2,3,0000000000000000,0,0,2,a5a02058a5a0205c,3,1,2000a5a02004a5a0,4,1,0,00
3279,3279,0,00001f4,01,2,2,3,0000000000000000,0,0,2,a5a02050a5a02054,3,1,2038a5a0203ca5a0,4,1,0,00
3280,3280,0,00001f4,02,2,2,3,0000000000000000,0,0,2,a5a02048a5a0204c,3,1,2030a5a02034a5a0,4,1,0,00
3281,3281,0,00001f4,03,2,2,3,0000000000000000,0,0,2,a5a02040a5a02044,3,1,2028a5a0202ca5a0,4,1,0,00
3282,3282,0,0000000,00,3,3,3,2000000000000000,0,0,3,a5a021f8a5a021fc,0,1,21a0a5a021a4a5a0,4,1,0,00
3283,3283,0,0000000,00,3,3,3,2020a5a02024a5a0,0,0,3,a5a021f8a5a021fc,0,1,0000000000000020,4,1,0,00
3284,3284,0,0000000,00,3,3,3,2058a5a0205ca5a0,0,0,3,a5a021f8a5a021fc,0,1,0000000000000000,4,1,1,00
3285,3285,0,0000000,00,3,3,3,2050a5a02054a5a0,0,0,3,a5a021f8a5a021fc,0,1,0000000000000000,4,1,1,00
3286,3286,0,0000000,00,3,3,3,2048a5a0204ca5a0,0,0,3,a5a021f8a5a021fc,0,1,0000000000000000,4,1,1,00
3287,3287,0,0000000,00,3,3,3,2040a5a02044a5a0,0,0,3,a5a02078a5a0207c,0,1,0000000000000000,4,1,1,00
3288,3288,0,0000000,00,3,3,3,21f8a5a021fca5a0,0,0,3,a5a02078a5a0207c,0,1,0000000000000000,4,1,1,00
3289,3289,0,0000000,00,3,3,3,00000000000000f8,0,0,3,a5a02078a5a0207c,0,1,2000000000000000,4,1,0,00
3290,3290,0,00001f4,04,2,2,3,0000000000000000,0,0,2,a5a02078a5a0207c,3,1,2020a5a02024a5a0,4,1,0,00
3291,3291,0,00001f4,05,2,2,3,0000000000000000,0,0,2,a5a02070a5a02074,3,1,2058a5a0205ca5a0,4,1,0,00
3292,3292,0,00001f4,06,2,2,3,0000000000000000,0,0,2,a5a02068a5a0206c,3,1,2050a5a02054a5a0,4,1,0,00
3293,3293,0,00001f4,07,2,2,3,0000000000000000,0,0,2,a5a02060a5a02064,3,1,2048a5a0204ca5a0,4,1,0,00
3294,3294,0,00001f8,00,2,2,3,0000000000000000,0,0,2,a5a02098a5a0209c,3,1,2040a5a02044a5a0,4,1,0,00
3295,3295,0,0000000,00,3,3,3,2000000000000000,0,0,3,a5a02010a5a02014,0,1,21f8a5a021fca5a0,4,1,0,00
3296,3296,0,0000000,00,3,3,3,2078a5a0207ca5a0,0,0,3,a5a02010a5a02014,0,1,00000000000000f8,4,1,0,00
3297,3297,0,0000000,00,3,3,3,2070a5a02074a5a0,0,0,3,a5a02010a5a02014,0,1,0000000000000000,4,1,1,00
3298,3298,0,0000000,00,3,3,3,2068a5a0206ca5a0,0,0,3,a5a02010a5a02014,0,1,0000000000000000,4,1,1,00
3299,3299,0,0000000,00,3,3,3,2060a5a02064a5a0,0,0,3,a5a02010a5a02014,0,1,0000000000000000,4,1,1,00
3300,3300,0,0000000,00,3,3,3,2098a5a0209ca5a0,0,0,3,a5a02090a5a02094,0,1,0000000000000000,4,1,1,00
3301,3301,0,0000000,00,3,3,3,2010a5a02014a5a0,0,0,3,a5a02090a5a02094,0,1,0000000000000000,4,1,1,00
3302,3302,0,0000000,00,3,3,3,0000000000000010,0,0,3,a5a02090a5a02094,0,1,2000000000000000,4,1,0,00
3303,3303,0,00001f8,01,2,2,3,0000000000000000,0,0,2,a5a02090a5a02094,3,1,2078a5a0207ca5a0,4,1,0,00
3304,3304,0,00001f8,02,2,2,3,0000000000000000,0,0,2,a5a02088a5a0208c,3,1,2070a5a02074a5a0,4,1,0,00
3305,3305,0,00001f8,03,2,2,3,0000000000000000,0,0,2,a5a02080a5a02084,3,1,2068a5a0206ca5a0,4,1,0,00
3306,3306,0,00001f8,04,2,2,3,0000000000000000,0,0,2,a5a020b8a5a020bc,3,1,2060a5a02064a5a0,4,1,0,00
3307,3307,0,00001f8,05,2,2,3,0000000000000000,0,0,2,a5a020b0a5a020b4,3,1,2098a5a0209ca5a0,4,1,0,00
3308,3308,0,0000000,00,3,3,3,2000000000000000,0,0,3,a5a02028a5a0202c,0,1,2010a5a02014a5a0,4,1,0,00
3309,3309,0,0000000,00,3,3,3,2090a5a02094a5a0,0,0,3,a5a02028a5a0202c,0,1,0000000000000010,4,1,0,00
3310,3310,0,0000000,00,3,3,3,2088a5a0208ca5a0,0,0,3,a5a02028a5a0202c,0,1,0000000000000000,4,1,1,00
3311,3311,0,0000000,00,3,3,3,2080a5a02084a5a0,0,0,3,a5a02028a5a0202c,0,1,0000000000000000,4,1,1,00
3312,3312,0,0000000,00,3,3,3,20b8a5a020bca5a0,0,0,3,a5a02028a5a0202c,0,1,0000000000000000,4,1,1,00
3313,3313,0,0000000,00,3,3,3,20b0a5a020b4a5a0,0,0,3,a5a020a8a5a020ac,0,1,0000000000000000,4,1,1,00
3314,3314,0,0000000,00,3,3,3,2028a5a0202ca5a0,0,0,3,a5a020a8a5a020ac,0,1,0000000000000000,4,1,1,00
3315,3315,0,0000000,00,3,3,3,0000000000000028,0,0,3,a5a020a8a5a020ac,0,1,2000000000000000,4,1,0,00
3316,3316,0,00001f8,06,2,2,3,0000000000000000,0,0,2,a5a020a8a5a020ac,3,1,2090a5a02094a5a0,4,1,0,00
3317,3317,0,00001f8,07,2,2,3,0000000000000000,0,0,2,a5a020a0a5a020a4,3,1,2088a5a0208ca5a0,4,1,0,00
3318,3318,0,00001fc,00,2,2,3,0000000000000000,0,0,2,a5a020d8a5a020dc,3,1,2080a5a02084a5a0,4,1,0,00
3319,3319,0,00001fc,01,2,2,3,0000000000000000,0,0,2,a5a020d0a5a020d4,3,1,20b8a5a020bca5a0,4,1,0,00
3320,3320,0,00001fc,02,2,2,3,0000000000000000,0,0,2,a5a020c8a5a020cc,3,1,20b0a5a020b4a5a0,4,1,0,00
3321,3321,0,0000000,00,3,3,3,2000000000000000,0,0,3,a5a02040a5a02044,0,1,2028a5a0202ca5a0,4,1,0,00
3322,3322,0,0000000,00,3,3,3,20a8a5a020aca5a0,0,0,3,a5a02040a5a02044,0,1,0000000000000028,4,1,0,00
3323,3323,0,0000000,00,3,3,3,20a0a5a020a4a5a0,0,0,3,a5a02040a5a02044,0,1,0000000000000000,4,1,1,00
3324,3324,0,0000000,00,3,3,3,20d8a5a020dca5a0,0,0,3,a5a02040a5a02044,0,1,0000000000000000,4,1,1,00
3325,3325,0,0000000,00,3,3,3,20d0a5a020d4a5a0,0,0,3,a5a02040a5a02044,0,1,0000000000000000,4,1,1,00
3326,3326,0,0000000,00,3,3,3,20c8a5a020cca5a0,0,0,3,a5a020c0a5a020c4,0,1,0000000000000000,4,1,1,00
3327,3327,0,0000000,00,3,3,3,2040a5a02044a5a0,0,0,3,a5a020c0a5a020c4,0,1,0000000000000000,4,1,1,00
3328,3328,0,0000000,00,3,3,3,0000000000000000,0,0,3,a5a020c0a5a020c4,0,1,2000000000000000,4,1,0,00
3329,3329,0,00001fc,03,2,2,3,0000000000000000,0,0,2,a5a020c0a5a020c4,3,1,20a8a5a020aca5a0,4,1,0,00
3330,3330,0,00001fc,04,2,2,3,0000000000000000,0,0,2,a5a020f8a5a020fc,3,1,20a0a5a020a4a5a0,4,1,0,00
3331,3331,0,00001fc,05,2,2,3,0000000000000000,0,0,2,a5a020f0a5a020f4,3,1,20d8a5a020dca5a0,4,1,0,00
3332,3332,0,00001fc,06,2,2,3,0000000000000000,0,0,2,a5a020e8a5a020ec,3,1,20d0a5a020d4a5a0,4,1,0,00
3333,3333,0,00001fc,07,2,2,3,0000000000000000,0,0,2,a5a020e0a5a020e4,3,1,20c8a5a020cca5a0,4,1,0,00
3334,3334,0,0000000,00,3,3,3,2000000000000000,0,0,3,a5a02098a5a0209c,0,1,2040a5a02044a5a0,4,1,0,00
3335,3335,0,0000000,00,3,3,3,20c0a5a020c4a5a0,0,0,3,a5a02098a5a0209c,0,1,0000000000000000,4,1,0,00
3336,3336,0,0000000,00,3,3,3,20f8a5a020fca5a0,0,0,3,a5a02098a5a0209c,0,1,0000000000000000,4,1,1,00
3337,3337,0,0000000,00,3,3,3,20f0a5a020f4a5a0,0,0,3,a5a02098a5a0209c,0,1,0000000000000000,4,1,1,00
3338,3338,0,0000000,00,3,3,3,20e8a5a020eca5a0,0,0,3,a5a02098a5a0209c,0,1,0000000000000000,4,1,1,00
3339,3339,0,0000000,00,3,3,3,20e0a5a020e4a5a0,0,0,3,a5a01f19a5a01f1d,0,1,0000000000000000,4,1,1,00
3340,3340,0,0000000,00,3,3,3,2098a5a0209ca5a0,0,0,3,a5a01f19a5a01f1d,0,1,0000000000000000,4,1,1,00
3341,3341,0,0000000,00,3,3,3,0000000000000018,0,0,3,a5a01f19a5a01f1d,0,1,2000000000000000,4,1,0,00
3342,3342,0,0000200,00,2,2,3,0000000000000000,0,0,2,a5a01f19a5a01f1d,3,1,20c0a5a020c4a5a0,4,1,0,00
3343,3343,0,0000200,01,2,2,3,0000000000000000,0,0,2,a5a01f11a5a01f15,3,1,20f8a5a020fca5a0,4,1,0,00
3344,3344,0,0000200,02,2,2,3,0000000000000000,0,0,2,a5a01f09a5a01f0d,3,1,20f0a5a020f4a5a0,4,1,0,00
3345,3345,0,0000200,03,2,2,3,0000000000000000,0,0,2,a5a01f01a5a01f05,3,1,20e8a5a020eca5a0,4,1,0,00
3346,3346,0,0000200,04,2,2,3,0000000000000000,0,0,2,a5a01f39a5a01f3d,3,1,20e0a5a020e4a5a0,4,1,0,00
3347,3347,0,0000000,00,3,3,3,1f00000000000000,0,0,3,a5a020b0a5a020b4,0,1,2098a5a0209ca5a0,4,1,0,00
3348,3348,0,0000000,00,3,3,3,1f19a5a01f1da5a0,0,0,3,a5a020b0a5a020b4,0,1,0000000000000018,4,1,0,00
3349,3349,0,0000000,00,3,3,3,1f11a5a01f15a5a0,0,0,3,a5a020b0a5a020b4,0,1,0000000000000000,4,1,1,00
3350,3350,0,0000000,00,3,3,3,1f09a5a01f0da5a0,0,0,3,a5a020b0a5a020b4,0,1,0000000000000000,4,1,1,00
3351,3351,0,0000000,00,3,3,3,1f01a5a01f05a5a0,0,0,3,a5a020b0a5a020b4,0,1,0000000000000000,4,1,1,00
3352,3352,0,0000000,00,3,3,3,1f39a5a01f3da5a0,0,0,3,a5a01f31a5a01f35,0,1,0000000000000000,4,1,1,00
3353,3353,0,0000000,00,3,3,3,20b0a5a020b4a5a0,0,0,3,a5a01f31a5a01f35,0,1,0000000000000000,4,1,1,00
3354,3354,0,0000000,00,3,3,3,0000000000000030,0,0,3,a5a01f31a5a01f35,0,1,1f00000000000000,4,1,0,00
3355,3355,0,0000200,05,2,2,3,0000000000000000,0,0,2,a5a01f31a5a01f35,3,1,1f19a5a01f1da5a0,4,1,0,00
3356,3356,0,0000200,06,2,2,3,0000000000000000,0,0,2,a5a01f29a5a01f2d,3,1,1f11a5a01f15a5a0,4,1,0,00
3357,3357,0,0000200,07,2,2,3,0000000000000000,0,0,2,a5a01f21a5a01f25,3,1,1f09a5a01f0da5a0,4,1,0,00
3358,3358,0,0000204,00,2,2,3,0000000000000000,0,0,2,a5a01f59a5a01f5d,3,1,1f01a5a01f05a5a0,4,1,0,00
3359,3359,0,0000204,01,2,2,3,0000000000000000,0,0,2,a5a01f51a5a01f55,3,1,1f39a5a01f3da5a0,4,1,0,00
3360,3360,0,0000000,00,3,3,3,1e00000000000000,0,0,3,a5a020c8a5a020cc,0,1,20b0a5a020b4a5a0,4,1,0,00
3361,3361,0,0000000,00,3,3,3,1f31a5a01f35a5a0,0,0,3,a5a020c8a5a020cc,0,1,0000000000000030,4,1,0,00
3362,3362,0,0000000,00,3,3,3,1f29a5a01f2da5a0,0,0,3,a5a020c8a5a020cc,0,1,0000000000000000,4,1,1,00
3363,3363,0,0000000,00,3,3,3,1f21a5a01f25a5a0,0,0,3,a5a020c8a5a020cc,0,1,0000000000000000,4,1,1,00
3364,3364,0,0000000,00,3,3,3,1f59a5a01f5da5a0,0,0,3,a5a020c8a5a020cc,0,1,0000000000000000,4,1,1,00
3365,3365,0,0000000,00,3,3,3,1f51a5a01f55a5a0,0,0,3,a5a01f49a5a01f4d,0,1,0000000000000000,4,1,1,00
3366,3366,0,0000000,00,3,3,3,20c8a5a020cca5a0,0,0,3,a5a01f49a5a01f4d,0,1,0000000000000000,4,1,1,00
3367,3367,0,0000000,00,3,3,3,0000000000000008,0,0,3,a5a01f49a5a01f4d,0,1,1e00000000000000,4,1,0,00
3368,3368,0,0000204,02,2,2,3,0000000000000000,0,0,2,a5a01f49a5a01f4d,3,1,1f31a5a01f35a5a0,4,1,0,00
3369,3369,0,0000204,03,2,2,3,0000000000000000,0,0,2,a5a01f41a5a01f45,3,1,1f29a5a01f2da5a0,4,1,0,00
3370,3370,0,0000204,04,2,2,3,0000000000000000,0,0,2,a5a01f79a5a01f7d,3,1,1f21a5a01f25a5a0,4,1,0,00
3371,3371,0,0000204,05,2,2,3,0000000000000000,0,0,2,a5a01f71a5a01f75,3,1,1f59a5a01f5da5a0,4,1,0,00
3372,3372,0,0000204,06,2,2,3,0000000000000000,0,0,2,a5a01f69a5a01f6d,3,1,1f51a5a01f55a5a0,4,1,0,00
3373,3373,0,0000000,00,3,3,3,1f00000000000000,0,0,3,a5a020e0a5a020e4,0,1,20c8a5a020cca5a0,4,1,0,00
3374,3374,0,0000000,00,3,3,3,1f49a5a01f4da5a0,0,0,3,a5a020e0a5a020e4,0,1,0000000000000008,4,1,0,00
3375,3375,0,0000000,00,3,3,3,1f41a5a01f45a5a0,0,0,3,a5a020e0a5a020e4,0,1,0000000000000000,4,1,1,00
3376,3376,0,0000000,00,3,3,3,1f79a5a01f7da5a0,0,0,3,a5a020e0a5a020e4,0,1,0000000000000000,4,1,1,00
3377,3377,0,0000000,00,3,3,3,1f71a5a01f75a5a0,0,0,3,a5a020e0a5a020e4,0,1,0000000000000000,4,1,1,00
3378,3378,0,0000000,00,3,3,3,1f69a5a01f6da5a0,0,0,3,a5a01f61a5a01f65,0,1,0000000000000000,4,1,1,00
3379,3379,0,0000000,00,3,3,3,20e0a5a020e4a5a0,0,0,3,a5a01f61a5a01f65,0,1,0000000000000000,4,1,1,00
3380,3380,0,0000000,00,3,3,3,0000000000000020,0,0,3,a5a01f61a5a01f65,0,1,1f00000000000000,4,1,0,00
3381,3381,0,0000204,07,2,2,3,0000000000000000,0,0,2,a5a01f61a5a01f65,3,1,1f49a5a01f4da5a0,4,1,0,00
3382,3382,0,0000208,00,2,2,3,0000000000000000,0,0,2,a5a01f99a5a01f9d,3,1,1f41a5a01f45a5a0,4,1,0,00
3383,3383,0,0000208,01,2,2,3,0000000000000000,0,0,2,a5a01f91a5a01f95,3,1,1f79a5a01f7da5a0,4,1,0,00
3384,3384,0,0000208,02,2,2,3,0000000000000000,0,0,2,a5a01f89a5a01f8d,3,1,1f71a5a01f75a5a0,4,1,0,00
3385,3385,0,0000208,03,2,2,3,0000000000000000,0,0,2,a5a01f81a5a01f85,3,1,1f69a5a01f6da5a0,4,1,0,00
3386,3386,0,0000000,00,3,3,3,1f00000000000000,0,0,3,a5a01f39a5a01f3d,0,1,20e0a5a020e4a5a0,4,1,0,00
3387,3387,0,0000000,00,3,3,3,1f61a5a01f65a5a0,0,0,3,a5a01f39a5a01f3d,0,1,0000000000000020,4,1,0,00
3388,3388,0,0000000,00,3,3,3,1f99a5a01f9da5a0,0,0,3,a5a01f39a5a01f3d,0,1,0000000000000000,4,1,1,00
3389,3389,0,0000000,00,3,3,3,1f91a5a01f95a5a0,0,0,3,a5a01f39a5a01f3d,0,1,0000000000000000,4,1,1,00
3390,3390,0,0000000,00,3,3,3,1f89a5a01f8da5a0,0,0,3,a5a01f39a5a01f3d,0,1,0000000000000000,4,1,1,00
3391,3391,0,0000000,00,3,3,3,1f81a5a01f85a5a0,0,0,3,a5a01fb9a5a01fbd,0,1,0000000000000000,4,1,1,00
3392,3392,0,0000000,00,3,3,3,1f39a5a01f3da5a0,0,0,3,a5a01fb9a5a01fbd,0,1,0000000000000000,4,1,1,00
3393,3393,0,0000000,00,3,3,3,0000000000000039,0,0,3,a5a01fb9a5a01fbd,0,1,1f00000000000000,4,1,0,00
3394,3394,0,0000208,04,2,2,3,0000000000000000,0,0,2,a5a01fb9a5a01fbd,3,1,1f61a5a01f65a5a0,4,1,0,00
3395,3395,0,0000208,05,2,2,3,0000000000000000,0,0,2,a5a01fb1a5a01fb5,3,1,1f99a5a01f9da5a0,4,1,0,00
3396,3396,0,0000208,06,2,2,3,0000000000000000,0,0,2,a5a01fa9a5a01fad,3,1,1f91a5a01f95a5a0,4,1,0,00
3397,3397,0,0000208,07,2,2,3,0000000000000000,0,0,2,a5a01fa1a5a01fa5,3,1,1f89a5a01f8da5a0,4,1,0,00
3398,3398,0,000020c,00,2,2,3,0000000000000000,0,0,2,a5a01fd9a5a01fdd,3,1,1f81a5a01f85a5a0,4,1,0,00
3399,3399,0,0000000,00,3,3,3,1f00000000000000,0,0,3,a5a01f51a5a01f55,0,1,1f39a5a01f3da5a0,4,1,0,00
3400,3400,0,0000000,00,3,3,3,1fb9a5a01fbda5a0,0,0,3,a5a01f51a5a01f55,0,1,0000000000000039,4,1,0,00
3401,3401,0,0000000,00,3,3,3,1fb1a5a01fb5a5a0,0,0,3,a5a01f51a5a01f55,0,1,0000000000000000,4,1,1,00
3402,3402,0,0000000,00,3,3,3,1fa9a5a01fada5a0,0,0,3,a5a01f51a5a01f55,0,1,0000000000000000,4,1,1,00
3403,3403,0,0000000,00,3,3,3,1fa1a5a01fa5a5a0,0,0,3,a5a01f51a5a01f55,0,1,0000000000000000,4,1,1,00
3404,3404,0,0000000,00,3,3,3,1fd9a5a01fdda5a0,0,0,3,a5a01fd1a5a01fd5,0,1,0000000000000000,4,1,1,00
3405,3405,0,0000000,00,3,3,3,1f51a5a01f55a5a0,0,0,3,a5a01fd1a5a01fd5,0,1,0000000000000000,4,1,1,00
3406,3406,0,0000000,00,3,3,3,0000000000000051,0,0,3,a5a01fd1a5a01fd5,0,1,1f00000000000000,4,1,0,00
3407,3407,0,000020c,01,2,2,3,0000000000000000,0,0,2,a5a01fd1a5a01fd5,3,1,1fb9a5a01fbda5a0,4,1,0,00
3408,3408,0,000020c,02,2,2,3,0000000000000000,0,0,2,a5a01fc9a5a01fcd,3,1,1fb1a5a01fb5a5a0,4,1,0,00
3409,3409,0,000020c,03,2,2,3,0000000000000000,0,0,2,a5a01fc1a5a01fc5,3,1,1fa9a5a01fada5a0,4,1,0,00
3410,3410,0,000020c,04,2,2,3,0000000000000000,0,0,2,a5a01ff9a5a01ffd,3,1,1fa1a5a01fa5a5a0,4,1,0,00
3411,3411,0,000020c,05,2,2,3,0000000000000000,0,0,2,a5a01ff1a5a01ff5,3,1,1fd9a5a01fdda5a0,4,1,0,00
3412,3412,0,0000000,00,3,3,3,1f00000000000000,0,0,3,a5a01f69a5a01f6d,0,1,1f51a5a01f55a5a0,4,1,0,00
3413,3413,0,0000000,00,3,3,3,1fd1a5a01fd5a5a0,0,0,3,a5a01f69a5a01f6d,0,1,0000000000000051,4,1,0,00
3414,3414,0,0000000,00,3,3,3,1fc9a5a01fcda5a0,0,0,3,a5a01f69a5a01f6d,0,1,0000000000000000,4,1,1,00
3415,3415,0,0000000,00,3,3,3,1fc1a5a01fc5a5a0,0,0,3,a5a01f69a5a01f6d,0,1,0000000000000000,4,1,1,00
3416,3416,0,0000000,00,3,3,3,1ff9a5a01ffda5a0,0,0,3,a5a01f69a5a01f6d,0,1,0000000000000000,4,1,1,00
3417,3417,0,0000000,00,3,3,3,1ff1a5a01ff5a5a0,0,0,3,a5a01fe9a5a01fed,0,1,0000000000000000,4,1,1,00
3418,3418,0,0000000,00,3,3,3,1f69a5a01f6da5a0,0,0,3,a5a01fe9a5a01fed,0,1,0000000000000000,4,1,1,00
3419,3419,0,0000000,00,3,3,3,0000000000000069,0,0,3,a5a01fe9a5a01fed,0,1,1f00000000000000,4,1,0,00
3420,3420,0,000020c,06,2,2,3,0000000000000000,0,0,2,a5a01fe9a5a01fed,3,1,1fd1a5a01fd5a5a0,4,1,0,00
3421,3421,0,000020c,07,2,2,3,0000000000000000,0,0,2,a5a01fe1a5a01fe5,3,1,1fc9a5a01fcda5a0,4,1,0,00
3422,3422,0,0000210,00,2,2,3,0000000000000000,0,0,2,a5a01e19a5a01e1d,3,1,1fc1a5a01fc5a5a0,4,1,0,00
3423,3423,0,0000210,01,2,2,3,0000000000000000,0,0,2,a5a01e11a5a01e15,3,1,1ff9a5a01ffda5a0,4,1,0,00
3424,3424,0,0000210,02,2,2,3,0000000000000000,0,0,2,a5a01e09a5a01e0d,3,1,1ff1a5a01ff5a5a0,4,1,0,00
3425,3425,0,0000000,00,3,3,3,1f00000000000000,0,0,3,a5a01f81a5a01f85,0,1,1f69a5a01f6da5a0,4,1,0,00
3426,3426,0,0000000,00,3,3,3,1fe9a5a01feda5a0,0,0,3,a5a01f81a5a01f85,0,1,0000000000000069,4,1,0,00
3427,3427,0,0000000,00,3,3,3,1fe1a5a01fe5a5a0,0,0,3,a5a01f81a5a01f85,0,1,0000000000000000,4,1,1,00
3428,3428,0,0000000,00,3,3,3,1e19a5a01e1da5a0,0,0,3,a5a01f81a5a01f85,0,1,0000000000000000,4,1,1,00
3429,3429,0,0000000,00,3,3,3,1e11a5a01e15a5a0,0,0,3,a5a01f81a5a01f85,0,1,0000000000000000,4,1,1,00
3430,3430,0,0000000,00,3,3,3,1e09a5a01e0da5a0,0,0,3,a5a01e01a5a01e05,0,1,0000000000000000,4,1,1,00
3431,3431,0,0000000,00,3,3,3,1f81a5a01f85a5a0,0,0,3,a5a01e01a5a01e05,0,1,0000000000000000,4,1,1,00
3432,3432,0,0000000,00,3,3,3,0000000000000001,0,0,3,a5a01e01a5a01e05,0,1,1f00000000000000,4,1,0,00
3433,3433,0,0000210,03,2,2,3,0000000000000000,0,0,2,a5a01e01a5a01e05,3,1,1fe9a5a01feda5a0,4,1,0,00
3434,3434,0,0000210,04,2,2,3,0000000000000000,0,0,2,a5a01e39a5a01e3d,3,1,1fe1a5a01fe5a5a0,4,1,0,00
3435,3435,0,0000210,05,2,2,3,0000000000000000,0,0,2,a5a01e31a5a01e35,3,1,1e19a5a01e1da5a0,4,1,0,00
3436,3436,0,0000210,06,2,2,3,0000000000000000,0,0,2,a5a01e29a5a01e2d,3,1,1e11a5a01e15a5a0,4,1,0,00
3437,3437,0,0000210,07,2,2,3,0000000000000000,0,0,2,a5a01e21a5a01e25,3,1,1e09a5a01e0da5a0,4,1,0,00
3438,3438,0,0000000,00,3,3,3,1e00000000000000,0,0,3,a5a01fd9a5a01fdd,0,1,1f81a5a01f85a5a0,4,1,0,00
3439,3439,0,0000000,00,3,3,3,1e01a5a01e05a5a0,0,0,3,a5a01fd9a5a01fdd,0,1,0000000000000001,4,1,0,00
3440,3440,0,0000000,00,3,3,3,1e39a5a01e3da5a0,0,0,3,a5a01fd9a5a01fdd,0,1,0000000000000000,4,1,1,00
3441,3441,0,0000000,00,3,3,3,1e31a5a01e35a5a0,0,0,3,a5a01fd9a5a01fdd,0,1,0000000000000000,4,1,1,00
3442,3442,0,0000000,00,3,3,3,1e29a5a01e2da5a0,0,0,3,a5a01fd9a5a01fdd,0,1,0000000000000000,4,1,1,00
3443,3443,0,0000000,00,3,3,3,1e21a5a01e25a5a0,0,0,3,a5a01e59a5a01e5d,0,1,0000000000000000,4,1,1,00
3444,3444,0,0000000,00,3,3,3,1fd9a5a01fdda5a0,0,0,3,a5a01e59a5a01e5d,0,1,0000000000000000,4,1,1,00
3445,3445,0,0000000,00,3,3,3,00000000000000d9,0,0,3,a5a01e59a5a01e5d,0,1,1e00000000000000,4,1,0,00
3446,3446,0,0000214,00,2,2,3,0000000000000000,0,0,2,a5a01e59a5a01e5d,3,1,1e01a5a01e05a5a0,4,1,0,00
3447,3447,0,0000214,01,2,2,3,0000000000000000,0,0,2,a5a01e51a5a01e55,3,1,1e39a5a01e3da5a0,4,1,0,00
3448,3448,0,0000214,02,2,2,3,0000000000000000,0,0,2,a5a01e49a5a01e4d,3,1,1e31a5a01e35a5a0,4,1,0,00
3449,3449,0,0000214,03,2,2,3,0000000000000000,0,0,2,a5a01e41a5a01e45,3,1,1e29a5a01e2da5a0,4,1,0,00
3450,3450,0,0000214,04,2,2,3,0000000000000000,0,0,2,a5a01e79a5a01e7d,3,1,1e21a5a01e25a5a0,4,1,0,00
3451,3451,0,0000000,00,3,3,3,1e00000000000000,0,0,3,a5a01ff1a5a01ff5,0,1,1fd9a5a01fdda5a0,4,1,0,00
3452,3452,0,0000000,00,3,3,3,1e59a5a01e5da5a0,0,0,3,a5a01ff1a5a01ff5,0,1,00000000000000d9,4,1,0,00
3453,3453,0,0000000,00,3,3,3,1e51a5a01e55a5a0,0,0,3,a5a01ff1a5a01ff5,0,1,0000000000000000,4,1,1,00
3454,3454,0,0000000,00,3,3,3,1e49a5a01e4da5a0,0,0,3,a5a01ff1a5a01ff5,0,1,0000000000000000,4,1,1,00
3455,3455,0,0000000,00,3,3,3,1e41a5a01e45a5a0,0,0,3,a5a01ff1a5a01ff5,0,1,0000000000000000,4,1,1,00
3456,3456,0,0000000,00,3,3,3,1e79a5a01e7da5a0,0,0,3,a5a01e71a5a01e75,0,1,0000000000000000,4,1,1,00
3457,3457,0,0000000,00,3,3,3,1ff1a5a01ff5a5a0,0,0,3,a5a01e71a5a01e75,0,1,0000000000000000,4,1,1,00
3458,3458,0,0000000,00,3,3,3,00000000000000f1,0,0,3,a5a01e71a5a01e75,0,1,1e00000000000000,4,1,0,00
3459,3459,0,0000214,05,2,2,3,0000000000000000,0,0,2,a5a01e71a5a01e75,3,1,1e59a5a01e5da5a0,4,1,0,00
3460,3460,0,0000214,06,2,2,3,0000000000000000,0,0,2,a5a01e69a5a01e6d,3,1,1e51a5a01e55a5a0,4,1,0,00
3461,3461,0,0000214,07,2,2,3,0000000000000000,0,0,2,a5a01e61a5a01e65,3,1,1e49a5a01e4da5a0,4,1,0,00
3462,3462,0,0000218,00,2,2,3,0000000000000000,0,0,2,a5a01e99a5a01e9d,3,1,1e41a5a01e45a5a0,4,1,0,00
3463,3463,0,0000218,01,2,2,3,0000000000000000,0,0,2,a5a01e91a5a01e95,3,1,1e79a5a01e7da5a0,4,1,0,00
3464,3464,0,0000000,00,3,3,3,1e00000000000000,0,0,3,a5a01e09a5a01e0d,0,1,1ff1a5a01ff5a5a0,4,1,0,00
3465,3465,0,0000000,00,3,3,3,1e71a5a01e75a5a0,0,0,3,a5a01e09a5a01e0d,0,1,00000000000000f1,4,1,0,00
3466,3466,0,0000000,00,3,3,3,1e69a5a01e6da5a0,0,0,3,a5a01e09a5a01e0d,0,1,0000000000000000,4,1,1,00
3467,3467,0,0000000,00,3,3,3,1e61a5a01e65a5a0,0,0,3,a5a01e09a5a01e0d,0,1,0000000000000000,4,1,1,00
3468,3468,0,0000000,00,3,3,3,1e99a5a01e9da5a0,0,0,3,a5a01e09a5a01e0d,0,1,0000000000000000,4,1,1,00
3469,3469,0,0000000,00,3,3,3,1e91a5a01e95a5a0,0,0,3,a5a01e89a5a01e8d,0,1,0000000000000000,4,1,1,00
3470,3470,0,0000000,00,3,3,3,1e09a5a01e0da5a0,0,0,3,a5a01e89a5a01e8d,0,1,0000000000000000,4,1,1,00
3471,3471,0,0000000,00,3,3,3,0000000000000009,0,0,3,a5a01e89a5a01e8d,0,1,1e00000000000000,4,1,0,00
3472,3472,0,0000218,02,2,2,3,0000000000000000,0,0,2,a5a01e89a5a01e8d,3,1,1e71a5a01e75a5a0,4,1,0,00
3473,3473,0,0000218,03,2,2,3,0000000000000000,0,0,2,a5a01e81a5a01e85,3,1,1e69a5a01e6da5a0,4,1,0,00
3474,3474,0,0000218,04,2,2,3,0000000000000000,0,0,2,a5a01eb9a5a01ebd,3,1,1e61a5a01e65a5a0,4,1,0,00
3475,3475,0,0000218,05,2,2,3,0000000000000000,0,0,2,a5a01eb1a5a01eb5,3,1,1e99a5a01e9da5a0,4,1,0,00
3476,3476,0,0000218,06,2,2,3,0000000000000000,0,0,2,a5a01ea9a5a01ead,3,1,1e91a5a01e95a5a0,4,1,0,00
3477,3477,0,0000000,00,3,3,3,1e00000000000000,0,0,3,a5a01e21a5a01e25,0,1,1e09a5a01e0da5a0,4,1,0,00
3478,3478,0,0000000,00,3,3,3,1e89a5a01e8da5a0,0,0,3,a5a01e21a5a01e25,0,1,0000000000000009,4,1,0,00
3479,3479,0,0000000,00,3,3,3,1e81a5a01e85a5a0,0,0,3,a5a01e21a5a01e25,0,1,0000000000000000,4,1,1,00
3480,3480,0,0000000,00,3,3,3,1eb9a5a01ebda5a0,0,0,3,a5a01e21a5a01e25,0,1,0000000000000000,4,1,1,00
3481,3481,0,0000000,00,3,3,3,1eb1a5a01eb5a5a0,0,0,3,a5a01e21a5a01e25,0,1,0000000000000000,4,1,1,00
3482,3482,0,0000000,00,3,3,3,1ea9a5a01eada5a0,0,0,3,a5a01ea1a5a01ea5,0,1,0000000000000000,4,1,1,00
3483,3483,0,0000000,00,3,3,3,1e21a5a01e25a5a0,0,0,3,a5a01ea1a5a01ea5,0,1,0000000000000000,4,1,1,00
3484,3484,0,0000000,00,3,3,3,0000000000000021,0,0,3,a5a01ea1a5a01ea5,0,1,1e00000000000000,4,1,0,00
3485,3485,0,0000218,07,2,2,3,0000000000000000,0,0,2,a5a01ea1a5a01ea5,3,1,1e89a5a01e8da5a0,4,1,0,00
3486,3486,0,000021c,00,2,2,3,0000000000000000,0,0,2,a5a01ed9a5a01edd,3,1,1e81a5a01e85a5a0,4,1,0,00
3487,3487,0,000021c,01,2,2,3,0000000000000000,0,0,2,a5a01ed1a5a01ed5,3,1,1eb9a5a01ebda5a0,4,1,0,00
3488,3488,0,000021c,02,2,2,3,0000000000000000,0,0,2,a5a01ec9a5a01ecd,3,1,1eb1a5a01eb5a5a0,4,1,0,00
3489,3489,0,000021c,03,2,2,3,0000000000000000,0,0,2,a5a01ec1a5a01ec5,3,1,1ea9a5a01eada5a0,4,1,0,00
3490,3490,0,0000000,00,3,3,3,1e00000000000000,0,0,3,a5a01e79a5a01e7d,0,1,1e21a5a01e25a5a0,4,1,0,00
3491,3491,0,0000000,00,3,3,3,1ea1a5a01ea5a5a0,0,0,3,a5a01e79a5a01e7d,0,1,0000000000000021,4,1,0,00
3492,3492,0,0000000,00,3,3,3,1ed9a5a01edda5a0,0,0,3,a5a01e79a5a01e7d,0,1,0000000000000000,4,1,1,00
3493,3493,0,0000000,00,3,3,3,1ed1a5a01ed5a5a0,0,0,3,a5a01e79a5a01e7d,0,1,0000000000000000,4,1,1,00
3494,3494,0,0000000,00,3,3,3,1ec9a5a01ecda5a0,0,0,3,a5a01e79a5a01e7d,0,1,0000000000000000,4,1,1,00
3495,3495,0,0000000,00,3,3,3,1ec1a5a01ec5a5a0,0,0,3,a5a01ef9a5a01efd,0,1,0000000000000000,4,1,1,00
3496,3496,0,0000000,00,3,3,3,1e79a5a01e7da5a0,0,0,3,a5a01ef9a5a01efd,0,1,0000000000000000,4,1,1,00
3497,3497,0,0000000,00,3,3,3,0000000000000079,0,0,3,a5a01ef9a5a01efd,0,1,1e00000000000000,4,1,0,00
3498,3498,0,000021c,04,2,2,3,0000000000000000,0,0,2,a5a01ef9a5a01efd,3,1,1ea1a5a01ea5a5a0,4,1,0,00
3499,3499,0,000021c,05,2,2,3,0000000000000000,0,0,2,a5a01ef1a5a01ef5,3,1,1ed9a5a01edda5a0,4,1,0,00
3500,3500,0,000021c,06,2,2,3,0000000000000000,0,0,2,a5a01ee9a5a01eed,3,1,1ed1a5a01ed5a5a0,4,1,0,00
3501,3501,0,000021c,07,2,2,3,0000000000000000,0,0,2,a5a01ee1a5a01ee5,3,1,1ec9a5a01ecda5a0,4,1,0,00
3502,3502,0,0000220,00,2,2,3,0000000000000000,0,0,2,a5a01d19a5a01d1d,3,1,1ec1a5a01ec5a5a0,4,1,0,00
3503,3503,0,0000000,00,3,3,3,1e00000000000000,0,0,3,a5a01e91a5a01e95,0,1,1e79a5a01e7da5a0,4,1,0,00
3504,3504,0,0000000,00,3,3,3,1ef9a5a01efda5a0,0,0,3,a5a01e91a5a01e95,0,1,0000000000000079,4,1,0,00
3505,3505,0,0000000,00,3,3,3,1ef1a5a01ef5a5a0,0,0,3,a5a01e91a5a01e95,0,1,0000000000000000,4,1,1,00
3506,3506,0,0000000,00,3,3,3,1ee9a5a01eeda5a0,0,0,3,a5a01e91a5a01e95,0,1,0000000000000000,4,1,1,00
3507,3507,0,0000000,00,3,3,3,1ee1a5a01ee5a5a0,0,0,3,a5a01e91a5a01e95,0,1,0000000000000000,4,1,1,00
3508,3508,0,0000000,00,3,3,3,1d19a5a01d1da5a0,0,0,3,a5a01d11a5a01d15,0,1,0000000000000000,4,1,1,00
3509,3509,0,0000000,00,3,3,3,1e91a5a01e95a5a0,0,0,3,a5a01d11a5a01d15,0,1,0000000000000000,4,1,1,00
3510,3510,0,0000000,00,3,3,3,0000000000000091,0,0,3,a5a01d11a5a01d15,0,1,1e00000000000000,4,1,0,00
3511,3511,0,0000220,01,2,2,3,0000000000000000,0,0,2,a5a01d11a5a01d15,3,1,1ef9a5a01efda5a0,4,1,0,00
3512,3512,0,0000220,02,2,2,3,0000000000000000,0,0,2,a5a01d09a5a01d0d,3,1,1ef1a5a01ef5a5a0,4,1,0,00
3513,3513,0,0000220,03,2,2,3,0000000000000000,0,0,2,a5a01d01a5a01d05,3,1,1ee9a5a01eeda5a0,4,1,0,00
3514,3514,0,0000220,04,2,2,3,0000000000000000,0,0,2,a5a01d39a5a01d3d,3,1,1ee1a5a01ee5a5a0,4,1,0,00
3515,3515,0,0000220,05,2,2,3,0000000000000000,0,0,2,a5a01d31a5a01d35,3,1,1d19a5a01d1da5a0,4,1,0,00
3516,3516,0,0000000,00,3,3,3,1c00000000000000,0,0,3,a5a01ea9a5a01ead,0,1,1e91a5a01e95a5a0,4,1,0,00
3517,3517,0,0000000,00,3,3,3,1d11a5a01d15a5a0,0,0,3,a5a01ea9a5a01ead,0,1,0000000000000091,4,1,0,00
3518,3518,0,0000000,00,3,3,3,1d09a5a01d0da5a0,0,0,3,a5a01ea9a5a01ead,0,1,0000000000000000,4,1,1,00
3519,3519,0,0000000,00,3,3,3,1d01a5a01d05a5a0,0,0,3,a5a01ea9a5a01ead,0,1,0000000000000000,4,1,1,00
3520,3520,0,0000000,00,3,3,3,1d39a5a01d3da5a0,0,0,3,a5a01ea9a5a01ead,0,1,0000000000000000,4,1,1,00
3521,3521,0,0000000,00,3,3,3,1d31a5a01d35a5a0,0,0,3,a5a01d29a5a01d2d,0,1,0000000000000000,4,1,1,00
3522,3522,0,0000000,00,3,3,3,1ea9a5a01eada5a0,0,0,3,a5a01d29a5a01d2d,0,1,0000000000000000,4,1,1,00
3523,3523,0,0000000,00,3,3,3,0000000000000029,0,0,3,a5a01d29a5a01d2d,0,1,1c00000000000000,4,1,0,00
3524,3524,0,0000220,06,2,2,3,0000000000000000,0,0,2,a5a01d29a5a01d2d,3,1,1d11a5a01d15a5a0,4,1,0,00
3525,3525,0,0000220,07,2,2,3,0000000000000000,0,0,2,a5a01d21a5a01d25,3,1,1d09a5a01d0da5a0,4,1,0,00
3526,3526,0,0000224,00,2,2,3,0000000000000000,0,0,2,a5a01d59a5a01d5d,3,1,1d01a5a01d05a5a0,4,1,0,00
3527,3527,0,0000224,01,2,2,3,0000000000000000,0,0,2,a5a01d51a5a01d55,3,1,1d39a5a01d3da5a0,4,1,0,00
3528,3528,0,0000224,02,2,2,3,0000000000000000,0,0,2,a5a01d49a5a01d4d,3,1,1d31a5a01d35a5a0,4,1,0,00
3529,3529,0,0000000,00,3,3,3,1d00000000000000,0,0,3,a5a01ec1a5a01ec5,0,1,1ea9a5a01eada5a0,4,1,0,00
3530,3530,0,0000000,00,3,3,3,1d29a5a01d2da5a0,0,0,3,a5a01ec1a5a01ec5,0,1,0000000000000029,4,1,0,00
3531,3531,0,0000000,00,3,3,3,1d21a5a01d25a5a0,0,0,3,a5a01ec1a5a01ec5,0,1,0000000000000000,4,1,1,00
3532,3532,0,0000000,00,3,3,3,1d59a5a01d5da5a0,0,0,3,a5a01ec1a5a01ec5,0,1,0000000000000000,4,1,1,00
3533,3533,0,0000000,00,3,3,3,1d51a5a01d55a5a0,0,0,3,a5a01ec1a5a01ec5,0,1,0000000000000000,4,1,1,00
3534,3534,0,0000000,00,3,3,3,1d49a5a01d4da5a0,0,0,3,a5a01d41a5a01d45,0,1,0000000000000000,4,1,1,00
3535,3535,0,0000000,00,3,3,3,1ec1a5a01ec5a5a0,0,0,3,a5a01d41a5a01d45,0,1,0000000000000000,4,1,1,00
3536,3536,0,0000000,00,3,3,3,00000000000000c1,0,0,3,a5a01d41a5a01d45,0,1,1d00000000000000,4,1,0,00
3537,3537,0,0000224,03,2,2,3,0000000000000000,0,0,2,a5a01d41a5a01d45,3,1,1d29a5a01d2da5a0,4,1,0,00
3538,3538,0,0000224,04,2,2,3,0000000000000000,0,0,2,a5a01d79a5a01d7d,3,1,1d21a5a01d25a5a0,4,1,0,00
3539,3539,0,0000224,05,2,2,3,0000000000000000,0,0,2,a5a01d71a5a01d75,3,1,1d59a5a01d5da5a0,4,1,0,00
3540,3540,0,0000224,06,2,2,3,0000000000000000,0,0,2,a5a01d69a5a01d6d,3,1,1d51a5a01d55a5a0,4,1,0,00
3541,3541,0,0000224,07,2,2,3,0000000000000000,0,0,2,a5a01d61a5a01d65,3,1,1d49a5a01d4da5a0,4,1,0,00
3542,3542,0,0000000,00,3,3,3,1c00000000000000,0,0,3,a5a01d19a5a01d1d,0,1,1ec1a5a01ec5a5a0,4,1,0,00
3543,3543,0,0000000,00,3,3,3,1d41a5a01d45a5a0,0,0,3,a5a01d19a5a01d1d,0,1,00000000000000c1,4,1,0,00
3544,3544,0,0000000,00,3,3,3,1d79a5a01d7da5a0,0,0,3,a5a01d19a5a01d1d,0,1,0000000000000000,4,1,1,00
3545,3545,0,0000000,00,3,3,3,1d71a5a01d75a5a0,0,0,3,a5a01d19a5a01d1d,0,1,0000000000000000,4,1,1,00
3546,3546,0,0000000,00,3,3,3,1d69a5a01d6da5a0,0,0,3,a5a01d19a5a01d1d,0,1,0000000000000000,4,1,1,00
3547,3547,0,0000000,00,3,3,3,1d61a5a01d65a5a0,0,0,3,a5a01d99a5a01d9d,0,1,0000000000000000,4,1,1,00
3548,3548,0,0000000,00,3,3,3,1d19a5a01d1da5a0,0,0,3,a5a01d99a5a01d9d,0,1,0000000000000000,4,1,1,00
3549,3549,0,0000000,00,3,3,3,0000000000000019,0,0,3,a5a01d99a5a01d9d,0,1,1c00000000000000,4,1,0,00
3550,3550,0,0000228,00,2,2,3,0000000000000000,0,0,2,a5a01d99a5a01d9d,3,1,1d41a5a01d45a5a0,4,1,0,00
3551,3551,0,0000228,01,2,2,3,0000000000000000,0,0,2,a5a01d91a5a01d95,3,1,1d79a5a01d7da5a0,4,1,0,00
3552,3552,0,0000228,02,2,2,3,0000000000000000,0,0,2,a5a01d89a5a01d8d,3,1,1d71a5a01d75a5a0,4,1,0,00
3553,3553,0,0000228,03,2,2,3,0000000000000000,0,0,2,a5a01d81a5a01d85,3,1,1d69a5a01d6da5a0,4,1,0,00
3554,3554,0,0000228,04,2,2,3,0000000000000000,0,0,2,a5a01db9a5a01dbd,3,1,1d61a5a01d65a5a0,4,1,0,00
3555,3555,0,0000000,00,3,3,3,1c00000000000000,0,0,3,a5a01d31a5a01d35,0,1,1d19a5a01d1da5a0,4,1,0,00
3556,3556,0,0000000,00,3,3,3,1d99a5a01d9da5a0,0,0,3,a5a01d31a5a01d35,0,1,0000000000000019,4,1,0,00
3557,3557,0,0000000,00,3,3,3,1d91a5a01d95a5a0,0,0,3,a5a01d31a5a01d35,0,1,0000000000000000,4,1,1,00
3558,3558,0,0000000,00,3,3,3,1d89a5a01d8da5a0,0,0,3,a5a01d31a5a01d35,0,1,0000000000000000,4,1,1,00
3559,3559,0,0000000,00,3,3,3,1d81a5a01d85a5a0,0,0,3,a5a01d31a5a01d35,0,1,0000000000000000,4,1,1,00
3560,3560,0,0000000,00,3,3,3,1db9a5a01dbda5a0,0,0,3,a5a01db1a5a01db5,0,1,0000000000000000,4,1,1,00
3561,3561,0,0000000,00,3,3,3,1d31a5a01d35a5a0,0,0,3,a5a01db1a5a01db5,0,1,0000000000000000,4,1,1,00
3562,3562,0,0000000,00,3,3,3,0000000000000031,0,0,3,a5a01db1a5a01db5,0,1,1c00000000000000,4,1,0,00
3563,3563,0,0000228,05,2,2,3,0000000000000000,0,0,2,a5a01db1a5a01db5,3,1,1d99a5a01d9da5a0,4,1,0,00
3564,3564,0,0000228,06,2,2,3,0000000000000000,0,0,2,a5a01da9a5a01dad,3,1,1d91a5a01d95a5a0,4,1,0,00
3565,3565,0,0000228,07,2,2,3,0000000000000000,0,0,2,a5a01da1a5a01da5,3,1,1d89a5a01d8da5a0,4,1,0,00
3566,3566,0,000022c,00,2,2,3,0000000000000000,0,0,2,a5a01dd9a5a01ddd,3,1,1d81a5a01d85a5a0,4,1,0,00
3567,3567,0,000022c,01,2,2,3,0000000000000000,0,0,2,a5a01dd1a5a01dd5,3,1,1db9a5a01dbda5a0,4,1,0,00
3568,3568,0,0000000,00,3,3,3,1c00000000000000,0,0,3,a5a01d49a5a01d4d,0,1,1d31a5a01d35a5a0,4,1,0,00
3569,3569,0,0000000,00,3,3,3,1db1a5a01db5a5a0,0,0,3,a5a01d49a5a01d4d,0,1,0000000000000031,4,1,0,00
3570,3570,0,0000000,00,3,3,3,1da9a5a01dada5a0,0,0,3,a5a01d49a5a01d4d,0,1,0000000000000000,4,1,1,00
3571,3571,0,0000000,00,3,3,3,1da1a5a01da5a5a0,0,0,3,a5a01d49a5a01d4d,0,1,0000000000000000,4,1,1,00
3572,3572,0,0000000,00,3,3,3,1dd9a5a01ddda5a0,0,0,3,a5a01d49a5a01d4d,0,1,0000000000000000,4,1,1,00
3573,3573,0,0000000,00,3,3,3,1dd1a5a01dd5a5a0,0,0,3,a5a01dc9a5a01dcd,0,1,0000000000000000,4,1,1,00
3574,3574,0,0000000,00,3,3,3,1d49a5a01d4da5a0,0,0,3,a5a01dc9a5a01dcd,0,1,0000000000000000,4,1,1,00
3575,3575,0,0000000,00,3,3,3,0000000000000049,0,0,3,a5a01dc9a5a01dcd,0,1,1c00000000000000,4,1,0,00
3576,3576,0,000022c,02,2,2,3,0000000000000000,0,0,2,a5a01dc9a5a01dcd,3,1,1db1a5a01db5a5a0,4,1,0,00
3577,3577,0,000022c,03,2,2,3,0000000000000000,0,0,2,a5a01dc1a5a01dc5,3,1,1da9a5a01dada5a0,4,1,0,00
3578,3578,0,000022c,04,2,2,3,0000000000000000,0,0,2,a5a01df9a5a01dfd,3,1,1da1a5a01da5a5a0,4,1,0,00
3579,3579,0,000022c,05,2,2,3,0000000000000000,0,0,2,a5a01df1a5a01df5,3,1,1dd9a5a01ddda5a0,4,1,0,00
3580,3580,0,000022c,06,2,2,3,0000000000000000,0,0,2,a5a01de9a5a01ded,3,1,1dd1a5a01dd5a5a0,4,1,0,00
3581,3581,0,0000000,00,3,3,3,1c00000000000000,0,0,3,a5a01d61a5a01d65,0,1,1d49a5a01d4da5a0,4,1,0,00
3582,3582,0,0000000,00,3,3,3,1dc9a5a01dcda5a0,0,0,3,a5a01d61a5a01d65,0,1,0000000000000049,4,1,0,00
3583,3583,0,0000000,00,3,3,3,1dc1a5a01dc5a5a0,0,0,3,a5a01d61a5a01d65,0,1,0000000000000000,4,1,1,00
3584,3584,0,0000000,00,3,3,3,1df9a5a01dfda5a0,0,0,3,a5a01d61a5a01d65,0,1,0000000000000000,4,1,1,00
3585,3585,0,0000000,00,3,3,3,1df1a5a01df5a5a0,0,0,3,a5a01d61a5a01d65,0,1,0000000000000000,4,1,1,00
3586,3586,0,0000000,00,3,3,3,1de9a5a01deda5a0,0,0,3,a5a01de1a5a01de5,0,1,0000000000000000,4,1,1,00
3587,3587,0,0000000,00,3,3,3,1d61a5a01d65a5a0,0,0,3,a5a01de1a5a01de5,0,1,0000000000000000,4,1,1,00
3588,3588,0,0000000,00,3,3,3,0000000000000061,0,0,3,a5a01de1a5a01de5,0,1,1c00000000000000,4,1,0,00
3589,3589,0,000022c,07,2,2,3,0000000000000000,0,0,2,a5a01de1a5a01de5,3,1,1dc9a5a01dcda5a0,4,1,0,00
3590,3590,0,0000230,00,2,2,3,0000000000000000,0,0,2,a5a01c19a5a01c1d,3,1,1dc1a5a01dc5a5a0,4,1,0,00
3591,3591,0,0000230,01,2,2,3,0000000000000000,0,0,2,a5a01c11a5a01c15,3,1,1df9a5a01dfda5a0,4,1,0,00
3592,3592,0,0000230,02,2,2,3,0000000000000000,0,0,2,a5a01c09a5a01c0d,3,1,1df1a5a01df5a5a0,4,1,0,00
3593,3593,0,0000230,03,2,2,3,0000000000000000,0,0,2,a5a01c01a5a01c05,3,1,1de9a5a01deda5a0,4,1,0,00
3594,3594,0,0000000,00,3,3,3,1c00000000000000,0,0,3,a5a01db9a5a01dbd,0,1,1d61a5a01d65a5a0,4,1,0,00
3595,3595,0,0000000,00,3,3,3,1de1a5a01de5a5a0,0,0,3,a5a01db9a5a01dbd,0,1,0000000000000061,4,1,0,00
3596,3596,0,0000000,00,3,3,3,1c19a5a01c1da5a0,0,0,3,a5a01db9a5a01dbd,0,1,0000000000000000,4,1,1,00
3597,3597,0,0000000,00,3,3,3,1c11a5a01c15a5a0,0,0,3,a5a01db9a5a01dbd,0,1,0000000000000000,4,1,1,00
3598,3598,0,0000000,00,3,3,3,1c09a5a01c0da5a0,0,0,3,a5a01db9a5a01dbd,0,1,0000000000000000,4,1,1,00
3599,3599,0,0000000,00,3,3,3,1c01a5a01c05a5a0,0,0,3,a5a01c39a5a01c3d,0,1,0000000000000000,4,1,1,00
3600,3600,0,0000000,00,3,3,3,1db9a5a01dbda5a0,0,0,3,a5a01c39a5a01c3d,0,1,0000000000000000,4,1,1,00
3601,3601,0,0000000,00,3,3,3,0000000000000039,0,0,3,a5a01c39a5a01c3d,0,1,1c00000000000000,4,1,0,00
3602,3602,0,0000230,04,2,2,3,0000000000000000,0,0,2,a5a01c39a5a01c3d,3,1,1de1a5a01de5a5a0,4,1,0,00
3603,3603,0,0000230,05,2,2,3,0000000000000000,0,0,2,a5a01c31a5a01c35,3,1,1c19a5a01c1da5a0,4,1,0,00
3604,3604,0,0000230,06,2,2,3,0000000000000000,0,0,2,a5a01c29a5a01c2d,3,1,1c11a5a01c15a5a0,4,1,0,00
3605,3605,0,0000230,07,2,2,3,0000000000000000,0,0,2,a5a01c21a5a01c25,3,1,1c09a5a01c0da5a0,4,1,0,00
3606,3606,0,0000234,00,2,2,3,0000000000000000,0,0,2,a5a01c59a5a01c5d,3,1,1c01a5a01c05a5a0,4,1,0,00
3607,3607,0,0000000,00,3,3,3,1c00000000000000,0,0,3,a5a01dd1a5a01dd5,0,1,1db9a5a01dbda5a0,4,1,0,00
3608,3608,0,0000000,00,3,3,3,1c39a5a01c3da5a0,0,0,3,a5a01dd1a5a01dd5,0,1,0000000000000039,4,1,0,00
3609,3609,0,0000000,00,3,3,3,1c31a5a01c35a5a0,0,0,3,a5a01dd1a5a01dd5,0,1,0000000000000000,4,1,1,00
3610,3610,0,0000000,00,3,3,3,1c29a5a01c2da5a0,0,0,3,a5a01dd1a5a01dd5,0,1,0000000000000000,4,1,1,00
3611,3611,0,0000000,00,3,3,3,1c21a5a01c25a5a0,0,0,3,a5a01dd1a5a01dd5,0,1,0000000000000000,4,1,1,00
3612,3612,0,0000000,00,3,3,3,1c59a5a01c5da5a0,0,0,3,a5a01c51a5a01c55,0,1,0000000000000000,4,1,1,00
3613,3613,0,0000000,00,3,3,3,1dd1a5a01dd5a5a0,0,0,3,a5a01c51a5a01c55,0,1,0000000000000000,4,1,1,00
3614,3614,0,0000000,00,3,3,3,00000000000000d1,0,0,3,a5a01c51a5a01c55,0,1,1c00000000000000,4,1,0,00
3615,3615,0,0000234,01,2,2,3,0000000000000000,0,0,2,a5a01c51a5a01c55,3,1,1c39a5a01c3da5a0,4,1,0,00
3616,3616,0,0000234,02,2,2,3,0000000000000000,0,0,2,a5a01c49a5a01c4d,3,1,1c31a5a01c35a5a0,4,1,0,00
3617,3617,0,0000234,03,2,2,3,0000000000000000,0,0,2,a5a01c41a5a01c45,3,1,1c29a5a01c2da5a0,4,1,0,00
3618,3618,0,0000234,04,2,2,3,0000000000000000,0,0,2,a5a01c79a5a01c7d,3,1,1c21a5a01c25a5a0,4,1,0,00
3619,3619,0,0000234,05,2,2,3,0000000000000000,0,0,2,a5a01c71a5a01c75,3,1,1c59a5a01c5da5a0,4,1,0,00
3620,3620,0,0000000,00,3,3,3,1c00000000000000,0,0,3,a5a01de9a5a01ded,0,1,1dd1a5a01dd5a5a0,4,1,0,00
3621,3621,0,0000000,00,3,3,3,1c51a5a01c55a5a0,0,0,3,a5a01de9a5a01ded,0,1,00000000000000d1,4,1,0,00
3622,3622,0,0000000,00,3,3,3,1c49a5a01c4da5a0,0,0,3,a5a01de9a5a01ded,0,1,0000000000000000,4,1,1,00
3623,3623,0,0000000,00,3,3,3,1c41a5a01c45a5a0,0,0,3,a5a01de9a5a01ded,0,1,0000000000000000,4,1,1,00
3624,3624,0,0000000,00,3,3,3,1c79a5a01c7da5a0,0,0,3,a5a01de9a5a01ded,0,1,0000000000000000,4,1,1,00
3625,3625,0,0000000,00,3,3,3,1c71a5a01c75a5a0,0,0,3,a5a01c69a5a01c6d,0,1,0000000000000000,4,1,1,00
3626,3626,0,0000000,00,3,3,3,1de9a5a01deda5a0,0,0,3,a5a01c69a5a01c6d,0,1,0000000000000000,4,1,1,00
3627,3627,0,0000000,00,3,3,3,0000000000000069,0,0,3,a5a01c69a5a01c6d,0,1,1c00000000000000,4,1,0,00
3628,3628,0,0000234,06,2,2,3,0000000000000000,0,0,2,a5a01c69a5a01c6d,3,1,1c51a5a01c55a5a0,4,1,0,00
3629,3629,0,0000234,07,2,2,3,0000000000000000,0,0,2,a5a01c61a5a01c65,3,1,1c49a5a01c4da5a0,4,1,0,00
3630,3630,0,0000238,00,2,2,3,0000000000000000,0,0,2,a5a01c99a5a01c9d,3,1,1c41a5a01c45a5a0,4,1,0,00
3631,3631,0,0000238,01,2,2,3,0000000000000000,0,0,2,a5a01c91a5a01c95,3,1,1c79a5a01c7da5a0,4,1,0,00
3632,3632,0,0000238,02,2,2,3,0000000000000000,0,0,2,a5a01c89a5a01c8d,3,1,1c71a5a01c75a5a0,4,1,0,00
3633,3633,0,0000000,00,3,3,3,1c00000000000000,0,0,3,a5a01c01a5a01c05,0,1,1de9a5a01deda5a0,4,1,0,00
3634,3634,0,0000000,00,3,3,3,1c69a5a01c6da5a0,0,0,3,a5a01c01a5a01c05,0,1,0000000000000069,4,1,0,00
3635,3635,0,0000000,00,3,3,3,1c61a5a01c65a5a0,0,0,3,a5a01c01a5a01c05,0,1,0000000000000000,4,1,1,00
3636,3636,0,0000000,00,3,3,3,1c99a5a01c9da5a0,0,0,3,a5a01c01a5a01c05,0,1,0000000000000000,4,1,1,00
3637,3637,0,0000000,00,3,3,3,1c91a5a01c95a5a0,0,0,3,a5a01c01a5a01c05,0,1,0000000000000000,4,1,1,00
3638,3638,0,0000000,00,3,3,3,1c89a5a01c8da5a0,0,0,3,a5a01c81a5a01c85,0,1,0000000000000000,4,1,1,00
3639,3639,0,0000000,00,3,3,3,1c01a5a01c05a5a0,0,0,3,a5a01c81a5a01c85,0,1,0000000000000000,4,1,1,00
3640,3640,0,0000000,00,3,3,3,0000000000000001,0,0,3,a5a01c81a5a01c85,0,1,1c00000000000000,4,1,0,00
3641,3641,0,0000238,03,2,2,3,0000000000000000,0,0,2,a5a01c81a5a01c85,3,1,1c69a5a01c6da5a0,4,1,0,00
3642,3642,0,0000238,04,2,2,3,0000000000000000,0,0,2,a5a01cb9a5a01cbd,3,1,1c61a5a01c65a5a0,4,1,0,00
3643,3643,0,0000238,05,2,2,3,0000000000000000,0,0,2,a5a01cb1a5a01cb5,3,1,1c99a5a01c9da5a0,4,1,0,00
3644,3644,0,0000238,06,2,2,3,0000000000000000,0,0,2,a5a01ca9a5a01cad,3,1,1c91a5a01c95a5a0,4,1,0,00
3645,3645,0,0000238,07,2,2,3,0000000000000000,0,0,2,a5a01ca1a5a01ca5,3,1,1c89a5a01c8da5a0,4,1,0,00
3646,3646,0,0000000,00,3,3,3,1c00000000000000,0,0,3,a5a01c59a5a01c5d,0,1,1c01a5a01c05a5a0,4,1,0,00
3647,3647,0,0000000,00,3,3,3,1c81a5a01c85a5a0,0,0,3,a5a01c59a5a01c5d,0,1,0000000000000001,4,1,0,00
3648,3648,0,0000000,00,3,3,3,1cb9a5a01cbda5a0,0,0,3,a5a01c59a5a01c5d,0,1,0000000000000000,4,1,1,00
3649,3649,0,0000000,00,3,3,3,1cb1a5a01cb5a5a0,0,0,3,a5a01c59a5a01c5d,0,1,0000000000000000,4,1,1,00
3650,3650,0,0000000,00,3,3,3,1ca9a5a01cada5a0,0,0,3,a5a01c59a5a01c5d,0,1,0000000000000000,4,1,1,00
3651,3651,0,0000000,00,3,3,3,1ca1a5a01ca5a5a0,0,0,3,a5a01cd9a5a01cdd,0,1,0000000000000000,4,1,1,00
3652,3652,0,0000000,00,3,3,3,1c59a5a01c5da5a0,0,0,3,a5a01cd9a5a01cdd,0,1,0000000000000000,4,1,1,00
3653,3653,0,0000000,00,3,3,3,0000000000000059,0,0,3,a5a01cd9a5a01cdd,0,1,1c00000000000000,4,1,0,00
3654,3654,0,000023c,00,2,2,3,0000000000000000,0,0,2,a5a01cd9a5a01cdd,3,1,1c81a5a01c85a5a0,4,1,0,00
3655,3655,0,000023c,01,2,2,3,0000000000000000,0,0,2,a5a01cd1a5a01cd5,3,1,1cb9a5a01cbda5a0,4,1,0,00
3656,3656,0,000023c,02,2,2,3,0000000000000000,0,0,2,a5a01cc9a5a01ccd,3,1,1cb1a5a01cb5a5a0,4,1,0,00
3657,3657,0,000023c,03,2,2,3,0000000000000000,0,0,2,a5a01cc1a5a01cc5,3,1,1ca9a5a01cada5a0,4,1,0,00
3658,3658,0,000023c,04,2,2,3,0000000000000000,0,0,2,a5a01cf9a5a01cfd,3,1,1ca1a5a01ca5a5a0,4,1,0,00
3659,3659,0,0000000,00,3,3,3,1c00000000000000,0,0,3,a5a01c71a5a01c75,0,1,1c59a5a01c5da5a0,4,1,0,00
3660,3660,0,0000000,00,3,3,3,1cd9a5a01cdda5a0,0,0,3,a5a01c71a5a01c75,0,1,0000000000000059,4,1,0,00
3661,3661,0,0000000,00,3,3,3,1cd1a5a01cd5a5a0,0,0,3,a5a01c71a5a01c75,0,1,0000000000000000,4,1,1,00
3662,3662,0,0000000,00,3,3,3,1cc9a5a01ccda5a0,0,0,3,a5a01c71a5a01c75,0,1,0000000000000000,4,1,1,00
3663,3663,0,0000000,00,3,3,3,1cc1a5a01cc5a5a0,0,0,3,a5a01c71a5a01c75,0,1,0000000000000000,4,1,1,00
3664,3664,0,0000000,00,3,3,3,1cf9a5a01cfda5a0,0,0,3,a5a01cf1a5a01cf5,0,1,0000000000000000,4,1,1,00
3665,3665,0,0000000,00,3,3,3,1c71a5a01c75a5a0,0,0,3,a5a01cf1a5a01cf5,0,1,0000000000000000,4,1,1,00
3666,3666,0,0000000,00,3,3,3,0000000000000071,0,0,3,a5a01cf1a5a01cf5,0,1,1c00000000000000,4,1,0,00
3667,3667,0,000023c,05,2,2,3,0000000000000000,0,0,2,a5a01cf1a5a01cf5,3,1,1cd9a5a01cdda5a0,4,1,0,00
3668,3668,0,000023c,06,2,2,3,0000000000000000,0,0,2,a5a01ce9a5a01ced,3,1,1cd1a5a01cd5a5a0,4,1,0,00
3669,3669,0,000023c,07,2,2,3,0000000000000000,0,0,2,a5a01ce1a5a01ce5,3,1,1cc9a5a01ccda5a0,4,1,0,00
3670,3670,0,0000240,00,2,2,3,0000000000000000,0,0,2,a5a01b19a5a01b1d,3,1,1cc1a5a01cc5a5a0,4,1,0,00
3671,3671,0,0000240,01,2,2,3,0000000000000000,0,0,2,a5a01b11a5a01b15,3,1,1cf9a5a01cfda5a0,4,1,0,00
3672,3672,0,0000000,00,3,3,3,1c00000000000000,0,0,3,a5a01c89a5a01c8d,0,1,1c71a5a01c75a5a0,4,1,0,00
3673,3673,0,0000000,00,3,3,3,1cf1a5a01cf5a5a0,0,0,3,a5a01c89a5a01c8d,0,1,0000000000000071,4,1,0,00
3674,3674,0,0000000,00,3,3,3,1ce9a5a01ceda5a0,0,0,3,a5a01c89a5a01c8d,0,1,0000000000000000,4,1,1,00
3675,3675,0,0000000,00,3,3,3,1ce1a5a01ce5a5a0,0,0,3,a5a01c89a5a01c8d,0,1,0000000000000000,4,1,1,00
3676,3676,0,0000000,00,3,3,3,1b19a5a01b1da5a0,0,0,3,a5a01c89a5a01c8d,0,1,0000000000000000,4,1,1,00
3677,3677,0,0000000,00,3,3,3,1b11a5a01b15a5a0,0,0,3,a5a01b09a5a01b0d,0,1,0000000000000000,4,1,1,00
3678,3678,0,0000000,00,3,3,3,1c89a5a01c8da5a0,0,0,3,a5a01b09a5a01b0d,0,1,0000000000000000,4,1,1,00
3679,3679,0,0000000,00,3,3,3,0000000000000009,0,0,3,a5a01b09a5a01b0d,0,1,1c00000000000000,4,1,0,00
3680,3680,0,0000240,02,2,2,3,0000000000000000,0,0,2,a5a01b09a5a01b0d,3,1,1cf1a5a01cf5a5a0,4,1,0,00
3681,3681,0,0000240,03,2,2,3,0000000000000000,0,0,2,a5a01b01a5a01b05,3,1,1ce9a5a01ceda5a0,4,1,0,00
3682,3682,0,0000240,04,2,2,3,0000000000000000,0,0,2,a5a01b39a5a01b3d,3,1,1ce1a5a01ce5a5a0,4,1,0,00
3683,3683,0,0000240,05,2,2,3,0000000000000000,0,0,2,a5a01b31a5a01b35,3,1,1b19a5a01b1da5a0,4,1,0,00
3684,3684,0,0000240,06,2,2,3,0000000000000000,0,0,2,a5a01b29a5a01b2d,3,1,1b11a5a01b15a5a0,4,1,0,00
3685,3685,0,0000000,00,3,3,3,1b00000000000000,0,0,3,a5a01ca1a5a01ca5,0,1,1c89a5a01c8da5a0,4,1,0,00
3686,3686,0,0000000,00,3,3,3,1b09a5a01b0da5a0,0,0,3,a5a01ca1a5a01ca5,0,1,0000000000000009,4,1,0,00
3687,3687,0,0000000,00,3,3,3,1b01a5a01b05a5a0,0,0,3,a5a01ca1a5a01ca5,0,1,0000000000000000,4,1,1,00
3688,3688,0,0000000,00,3,3,3,1b39a5a01b3da5a0,0,0,3,a5a01ca1a5a01ca5,0,1,0000000000000000,4,1,1,00
3689,3689,0,0000000,00,3,3,3,1b31a5a01b35a5a0,0,0,3,a5a01ca1a5a01ca5,0,1,0000000000000000,4,1,1,00
3690,3690,0,0000000,00,3,3,3,1b29a5a01b2da5a0,0,0,3,a5a01b21a5a01b25,0,1,0000000000000000,4,1,1,00
3691,3691,0,0000000,00,3,3,3,1ca1a5a01ca5a5a0,0,0,3,a5a01b21a5a01b25,0,1,0000000000000000,4,1,1,00
3692,3692,0,0000000,00,3,3,3,0000000000000021,0,0,3,a5a01b21a5a01b25,0,1,1b00000000000000,4,1,0,00
3693,3693,0,0000240,07,2,2,3,0000000000000000,0,0,2,a5a01b21a5a01b25,3,1,1b09a5a01b0da5a0,4,1,0,00
3694,3694,0,0000244,00,2,2,3,0000000000000000,0,0,2,a5a01b59a5a01b5d,3,1,1b01a5a01b05a5a0,4,1,0,00
3695,3695,0,0000244,01,2,2,3,0000000000000000,0,0,2,a5a01b51a5a01b55,3,1,1b39a5a01b3da5a0,4,1,0,00
3696,3696,0,0000244,02,2,2,3,0000000000000000,0,0,2,a5a01b49a5a01b4d,3,1,1b31a5a01b35a5a0,4,1,0,00
3697,3697,0,0000244,03,2,2,3,0000000000000000,0,0,2,a5a01b41a5a01b45,3,1,1b29a5a01b2da5a0,4,1,0,00
3698,3698,0,0000000,00,3,3,3,1a00000000000000,0,0,3,a5a01cf9a5a01cfd,0,1,1ca1a5a01ca5a5a0,4,1,0,00
3699,3699,0,0000000,00,3,3,3,1b21a5a01b25a5a0,0,0,3,a5a01cf9a5a01cfd,0,1,0000000000000021,4,1,0,00
3700,3700,0,0000000,00,3,3,3,1b59a5a01b5da5a0,0,0,3,a5a01cf9a5a01cfd,0,1,0000000000000000,4,1,1,00
3701,3701,0,0000000,00,3,3,3,1b51a5a01b55a5a0,0,0,3,a5a01cf9a5a01cfd,0,1,0000000000000000,4,1,1,00
3702,3702,0,0000000,00,3,3,3,1b49a5a01b4da5a0,0,0,3,a5a01cf9a5a01cfd,0,1,0000000000000000,4,1,1,00
3703,3703,0,0000000,00,3,3,3,1b41a5a01b45a5a0,0,0,3,a5a01b79a5a01b7d,0,1,0000000000000000,4,1,1,00
3704,3704,0,0000000,00,3,3,3,1cf9a5a01cfda5a0,0,0,3,a5a01b79a5a01b7d,0,1,0000000000000000,4,1,1,00
3705,3705,0,0000000,00,3,3,3,00000000000000f9,0,0,3,a5a01b79a5a01b7d,0,1,1a00000000000000,4,1,0,00
3706,3706,0,0000244,04,2,2,3,0000000000000000,0,0,2,a5a01b79a5a01b7d,3,1,1b21a5a01b25a5a0,4,1,0,00
3707,3707,0,0000244,05,2,2,3,0000000000000000,0,0,2,a5a01b71a5a01b75,3,1,1b59a5a01b5da5a0,4,1,0,00
3708,3708,0,0000244,06,2,2,3,0000000000000000,0,0,2,a5a01b69a5a01b6d,3,1,1b51a5a01b55a5a0,4,1,0,00
3709,3709,0,0000244,07,2,2,3,0000000000000000,0,0,2,a5a01b61a5a01b65,3,1,1b49a5a01b4da5a0,4,1,0,00
3710,3710,0,0000248,00,2,2,3,0000000000000000,0,0,2,a5a01b99a5a01b9d,3,1,1b41a5a01b45a5a0,4,1,0,00
3711,3711,0,0000000,00,3,3,3,1a00000000000000,0,0,3,a5a01b11a5a01b15,0,1,1cf9a5a01cfda5a0,4,1,0,00
3712,3712,0,0000000,00,3,3,3,1b79a5a01b7da5a0,0,0,3,a5a01b11a5a01b15,0,1,00000000000000f9,4,1,0,00
3713,3713,0,0000000,00,3,3,3,1b71a5a01b75a5a0,0,0,3,a5a01b11a5a01b15,0,1,0000000000000000,4,1,1,00
3714,3714,0,0000000,00,3,3,3,1b69a5a01b6da5a0,0,0,3,a5a01b11a5a01b15,0,1,0000000000000000,4,1,1,00
3715,3715,0,0000000,00,3,3,3,1b61a5a01b65a5a0,0,0,3,a5a01b11a5a01b15,0,1,0000000000000000,4,1,1,00
3716,3716,0,0000000,00,3,3,3,1b99a5a01b9da5a0,0,0,3,a5a01b91a5a01b95,0,1,0000000000000000,4,1,1,00
3717,3717,0,0000000,00,3,3,3,1b11a5a01b15a5a0,0,0,3,a5a01b91a5a01b95,0,1,0000000000000000,4,1,1,00
3718,3718,0,0000000,00,3,3,3,0000000000000011,0,0,3,a5a01b91a5a01b95,0,1,1a00000000000000,4,1,0,00
3719,3719,0,0000248,01,2,2,3,0000000000000000,0,0,2,a5a01b91a5a01b95,3,1,1b79a5a01b7da5a0,4,1,0,00
3720,3720,0,0000248,02,2,2,3,0000000000000000,0,0,2,a5a01b89a5a01b8d,3,1,1b71a5a01b75a5a0,4,1,0,00
3721,3721,0,0000248,03,2,2,3,0000000000000000,0,0,2,a5a01b81a5a01b85,3,1,1b69a5a01b6da5a0,4,1,0,00
3722,3722,0,0000248,04,2,2,3,0000000000000000,0,0,2,a5a01bb9a5a01bbd,3,1,1b61a5a01b65a5a0,4,1,0,00
3723,3723,0,0000248,05,2,2,3,0000000000000000,0,0,2,a5a01bb1a5a01bb5,3,1,1b99a5a01b9da5a0,4,1,0,00
3724,3724,0,0000000,00,3,3,3,1b00000000000000,0,0,3,a5a01b29a5a01b2d,0,1,1b11a5a01b15a5a0,4,1,0,00
3725,3725,0,0000000,00,3,3,3,1b91a5a01b95a5a0,0,0,3,a5a01b29a5a01b2d,0,1,0000000000000011,4,1,0,00
3726,3726,0,0000000,00,3,3,3,1b89a5a01b8da5a0,0,0,3,a5a01b29a5a01b2d,0,1,0000000000000000,4,1,1,00
3727,3727,0,0000000,00,3,3,3,1b81a5a01b85a5a0,0,0,3,a5a01b29a5a01b2d,0,1,0000000000000000,4,1,1,00
3728,3728,0,0000000,00,3,3,3,1bb9a5a01bbda5a0,0,0,3,a5a01b29a5a01b2d,0,1,0000000000000000,4,1,1,00
3729,3729,0,0000000,00,3,3,3,1bb1a5a01bb5a5a0,0,0,3,a5a01ba9a5a01bad,0,1,0000000000000000,4,1,1,00
3730,3730,0,0000000,00,3,3,3,1b29a5a01b2da5a0,0,0,3,a5a01ba9a5a01bad,0,1,0000000000000000,4,1,1,00
3731,3731,0,0000000,00,3,3,3,0000000000000029,0,0,3,a5a01ba9a5a01bad,0,1,1b00000000000000,4,1,0,00
3732,3732,0,0000248,06,2,2,3,0000000000000000,0,0,2,a5a01ba9a5a01bad,3,1,1b91a5a01b95a5a0,4,1,0,00
3733,3733,0,0000248,07,2,2,3,0000000000000000,0,0,2,a5a01ba1a5a01ba5,3,1,1b89a5a01b8da5a0,4,1,0,00
3734,3734,0,000024c,00,2,2,3,0000000000000000,0,0,2,a5a01bd9a5a01bdd,3,1,1b81a5a01b85a5a0,4,1,0,00
3735,3735,0,000024c,01,2,2,3,0000000000000000,0,0,2,a5a01bd1a5a01bd5,3,1,1bb9a5a01bbda5a0,4,1,0,00
3736,3736,0,000024c,02,2,2,3,0000000000000000,0,0,2,a5a01bc9a5a01bcd,3,1,1bb1a5a01bb5a5a0,4,1,0,00
3737,3737,0,0000000,00,3,3,3,1a00000000000000,0,0,3,a5a01b41a5a01b45,0,1,1b29a5a01b2da5a0,4,1,0,00
3738,3738,0,0000000,00,3,3,3,1ba9a5a01bada5a0,0,0,3,a5a01b41a5a01b45,0,1,0000000000000029,4,1,0,00
3739,3739,0,0000000,00,3,3,3,1ba1a5a01ba5a5a0,0,0,3,a5a01b41a5a01b45,0,1,0000000000000000,4,1,1,00
3740,3740,0,0000000,00,3,3,3,1bd9a5a01bdda5a0,0,0,3,a5a01b41a5a01b45,0,1,0000000000000000,4,1,1,00
3741,3741,0,0000000,00,3,3,3,1bd1a5a01bd5a5a0,0,0,3,a5a01b41a5a01b45,0,1,0000000000000000,4,1,1,00
3742,3742,0,0000000,00,3,3,3,1bc9a5a01bcda5a0,0,0,3,a5a01bc1a5a01bc5,0,1,0000000000000000,4,1,1,00
3743,3743,0,0000000,00,3,3,3,1b41a5a01b45a5a0,0,0,3,a5a01bc1a5a01bc5,0,1,0000000000000000,4,1,1,00
3744,3744,0,0000000,00,3,3,3,0000000000000001,0,0,3,a5a01bc1a5a01bc5,0,1,1a00000000000000,4,1,0,00
3745,3745,0,000024c,03,2,2,3,0000000000000000,0,0,2,a5a01bc1a5a01bc5,3,1,1ba9a5a01bada5a0,4,1,0,00
3746,3746,0,000024c,04,2,2,3,0000000000000000,0,0,2,a5a01bf9a5a01bfd,3,1,1ba1a5a01ba5a5a0,4,1,0,00
3747,3747,0,000024c,05,2,2,3,0000000000000000,0,0,2,a5a01bf1a5a01bf5,3,1,1bd9a5a01bdda5a0,4,1,0,00
3748,3748,0,000024c,06,2,2,3,0000000000000000,0,0,2,a5a01be9a5a01bed,3,1,1bd1a5a01bd5a5a0,4,1,0,00
3749,3749,0,000024c,07,2,2,3,0000000000000000,0,0,2,a5a01be1a5a01be5,3,1,1bc9a5a01bcda5a0,4,1,0,00
3750,3750,0,0000000,00,3,3,3,1a00000000000000,0,0,3,a5a01b99a5a01b9d,0,1,1b41a5a01b45a5a0,4,1,0,00
3751,3751,0,0000000,00,3,3,3,1bc1a5a01bc5a5a0,0,0,3,a5a01b99a5a01b9d,0,1,0000000000000001,4,1,0,00
3752,3752,0,0000000,00,3,3,3,1bf9a5a01bfda5a0,0,0,3,a5a01b99a5a01b9d,0,1,0000000000000000,4,1,1,00
3753,3753,0,0000000,00,3,3,3,1bf1a5a01bf5a5a0,0,0,3,a5a01b99a5a01b9d,0,1,0000000000000000,4,1,1,00
3754,3754,0,0000000,00,3,3,3,1be9a5a01beda5a0,0,0,3,a5a01b99a5a01b9d,0,1,0000000000000000,4,1,1,00
3755,3755,0,0000000,00,3,3,3,1be1a5a01be5a5a0,0,0,3,a5a01a19a5a01a1d,0,1,0000000000000000,4,1,1,00
3756,3756,0,0000000,00,3,3,3,1b99a5a01b9da5a0,0,0,3,a5a01a19a5a01a1d,0,1,0000000000000000,4,1,1,00
3757,3757,0,0000000,00,3,3,3,0000000000000099,0,0,3,a5a01a19a5a01a1d,0,1,1a00000000000000,4,1,0,00
3758,3758,0,0000250,00,2,2,3,0000000000000000,0,0,2,a5a01a19a5a01a1d,3,1,1bc1a5a01bc5a5a0,4,1,0,00
3759,3759,0,0000250,01,2,2,3,0000000000000000,0,0,2,a5a01a11a5a01a15,3,1,1bf9a5a01bfda5a0,4,1,0,00
3760,3760,0,0000250,02,2,2,3,0000000000000000,0,0,2,a5a01a09a5a01a0d,3,1,1bf1a5a01bf5a5a0,4,1,0,00
3761,3761,0,0000250,03,2,2,3,0000000000000000,0,0,2,a5a01a01a5a01a05,3,1,1be9a5a01beda5a0,4,1,0,00
3762,3762,0,0000250,04,2,2,3,0000000000000000,0,0,2,a5a01a39a5a01a3d,3,1,1be1a5a01be5a5a0,4,1,0,00
3763,3763,0,0000000,00,3,3,3,1a00000000000000,0,0,3,a5a01bb1a5a01bb5,0,1,1b99a5a01b9da5a0,4,1,0,00
3764,3764,0,0000000,00,3,3,3,1a19a5a01a1da5a0,0,0,3,a5a01bb1a5a01bb5,0,1,0000000000000099,4,1,0,00
3765,3765,0,0000000,00,3,3,3,1a11a5a01a15a5a0,0,0,3,a5a01bb1a5a01bb5,0,1,0000000000000000,4,1,1,00
3766,3766,0,0000000,00,3,3,3,1a09a5a01a0da5a0,0,0,3,a5a01bb1a5a01bb5,0,1,0000000000000000,4,1,1,00
3767,3767,0,0000000,00,3,3,3,1a01a5a01a05a5a0,0,0,3,a5a01bb1a5a01bb5,0,1,0000000000000000,4,1,1,00
3768,3768,0,0000000,00,3,3,3,1a39a5a01a3da5a0,0,0,3,a5a01a31a5a01a35,0,1,0000000000000000,4,1,1,00
3769,3769,0,0000000,00,3,3,3,1bb1a5a01bb5a5a0,0,0,3,a5a01a31a5a01a35,0,1,0000000000000000,4,1,1,00
3770,3770,0,0000000,00,3,3,3,00000000000000b1,0,0,3,a5a01a31a5a01a35,0,1,1a00000000000000,4,1,0,00
3771,3771,0,0000250,05,2,2,3,0000000000000000,0,0,2,a5a01a31a5a01a35,3,1,1a19a5a01a1da5a0,4,1,0,00
3772,3772,0,0000250,06,2,2,3,0000000000000000,0,0,2,a5a01a29a5a01a2d,3,1,1a11a5a01a15a5a0,4,1,0,00
3773,3773,0,0000250,07,2,2,3,0000000000000000,0,0,2,a5a01a21a5a01a25,3,1,1a09a5a01a0da5a0,4,1,0,00
3774,3774,0,0000254,00,2,2,3,0000000000000000,0,0,2,a5a01a59a5a01a5d,3,1,1a01a5a01a05a5a0,4,1,0,00
3775,3775,0,0000254,01,2,2,3,0000000000000000,0,0,2,a5a01a51a5a01a55,3,1,1a39a5a01a3da5a0,4,1,0,00
3776,3776,0,0000000,00,3,3,3,1a00000000000000,0,0,3,a5a01bc9a5a01bcd,0,1,1bb1a5a01bb5a5a0,4,1,0,00
3777,3777,0,0000000,00,3,3,3,1a31a5a01a35a5a0,0,0,3,a5a01bc9a5a01bcd,0,1,00000000000000b1,4,1,0,00
3778,3778,0,0000000,00,3,3,3,1a29a5a01a2da5a0,0,0,3,a5a01bc9a5a01bcd,0,1,0000000000000000,4,1,1,00
3779,3779,0,0000000,00,3,3,3,1a21a5a01a25a5a0,0,0,3,a5a01bc9a5a01bcd,0,1,0000000000000000,4,1,1,00
3780,3780,0,0000000,00,3,3,3,1a59a5a01a5da5a0,0,0,3,a5a01bc9a5a01bcd,0,1,0000000000000000,4,1,1,00
3781,3781,0,0000000,00,3,3,3,1a51a5a01a55a5a0,0,0,3,a5a01a49a5a01a4d,0,1,0000000000000000,4,1,1,00
3782,3782,0,0000000,00,3,3,3,1bc9a5a01bcda5a0,0,0,3,a5a01a49a5a01a4d,0,1,0000000000000000,4,1,1,00
3783,3783,0,0000000,00,3,3,3,00000000000000c9,0,0,3,a5a01a49a5a01a4d,0,1,1a00000000000000,4,1,0,00
3784,3784,0,0000254,02,2,2,3,0000000000000000,0,0,2,a5a01a49a5a01a4d,3,1,1a31a5a01a35a5a0,4,1,0,00
3785,3785,0,0000254,03,2,2,3,0000000000000000,0,0,2,a5a01a41a5a01a45,3,1,1a29a5a01a2da5a0,4,1,0,00
3786,3786,0,0000254,04,2,2,3,0000000000000000,0,0,2,a5a01a79a5a01a7d,3,1,1a21a5a01a25a5a0,4,1,0,00
3787,3787,0,0000254,05,2,2,3,0000000000000000,0,0,2,a5a01a71a5a01a75,3,1,1a59a5a01a5da5a0,4,1,0,00
3788,3788,0,0000254,06,2,2,3,0000000000000000,0,0,2,a5a01a69a5a01a6d,3,1,1a51a5a01a55a5a0,4,1,0,00
3789,3789,0,0000000,00,3,3,3,1a00000000000000,0,0,3,a5a01be1a5a01be5,0,1,1bc9a5a01bcda5a0,4,1,0,00
3790,3790,0,0000000,00,3,3,3,1a49a5a01a4da5a0,0,0,3,a5a01be1a5a01be5,0,1,00000000000000c9,4,1,0,00
3791,3791,0,0000000,00,3,3,3,1a41a5a01a45a5a0,0,0,3,a5a01be1a5a01be5,0,1,0000000000000000,4,1,1,00
3792,3792,0,0000000,00,3,3,3,1a79a5a01a7da5a0,0,0,3,a5a01be1a5a01be5,0,1,0000000000000000,4,1,1,00
3793,3793,0,0000000,00,3,3,3,1a71a5a01a75a5a0,0,0,3,a5a01be1a5a01be5,0,1,0000000000000000,4,1,1,00
3794,3794,0,0000000,00,3,3,3,1a69a5a01a6da5a0,0,0,3,a5a01a61a5a01a65,0,1,0000000000000000,4,1,1,00
3795,3795,0,0000000,00,3,3,3,1be1a5a01be5a5a0,0,0,3,a5a01a61a5a01a65,0,1,0000000000000000,4,1,1,00
3796,3796,0,0000000,00,3,3,3,00000000000000e1,0,0,3,a5a01a61a5a01a65,0,1,1a00000000000000,4,1,0,00
3797,3797,0,0000254,07,2,2,3,0000000000000000,0,0,2,a5a01a61a5a01a65,3,1,1a49a5a01a4da5a0,4,1,0,00
3798,3798,0,0000258,00,2,2,3,0000000000000000,0,0,2,a5a01a99a5a01a9d,3,1,1a41a5a01a45a5a0,4,1,0,00
3799,3799,0,0000258,01,2,2,3,0000000000000000,0,0,2,a5a01a91a5a01a95,3,1,1a79a5a01a7da5a0,4,1,0,00
3800,3800,0,0000258,02,2,2,3,0000000000000000,0,0,2,a5a01a89a5a01a8d,3,1,1a71a5a01a75a5a0,4,1,0,00
3801,3801,0,0000258,03,2,2,3,0000000000000000,0,0,2,a5a01a81a5a01a85,3,1,1a69a5a01a6da5a0,4,1,0,00
3802,3802,0,0000000,00,3,3,3,1a00000000000000,0,0,3,a5a01a39a5a01a3d,0,1,1be1a5a01be5a5a0,4,1,0,00
3803,3803,0,0000000,00,3,3,3,1a61a5a01a65a5a0,0,0,3,a5a01a39a5a01a3d,0,1,00000000000000e1,4,1,0,00
3804,3804,0,0000000,00,3,3,3,1a99a5a01a9da5a0,0,0,3,a5a01a39a5a01a3d,0,1,0000000000000000,4,1,1,00
3805,3805,0,0000000,00,3,3,3,1a91a5a01a95a5a0,0,0,3,a5a01a39a5a01a3d,0,1,0000000000000000,4,1,1,00
3806,3806,0,0000000,00,3,3,3,1a89a5a01a8da5a0,0,0,3,a5a01a39a5a01a3d,0,1,0000000000000000,4,1,1,00
3807,3807,0,0000000,00,3,3,3,1a81a5a01a85a5a0,0,0,3,a5a01ab9a5a01abd,0,1,0000000000000000,4,1,1,00
3808,3808,0,0000000,00,3,3,3,1a39a5a01a3da5a0,0,0,3,a5a01ab9a5a01abd,0,1,0000000000000000,4,1,1,00
3809,3809,0,0000000,00,3,3,3,0000000000000039,0,0,3,a5a01ab9a5a01abd,0,1,1a00000000000000,4,1,0,00
3810,3810,0,0000258,04,2,2,3,0000000000000000,0,0,2,a5a01ab9a5a01abd,3,1,1a61a5a01a65a5a0,4,1,0,00
3811,3811,0,0000258,05,2,2,3,0000000000000000,0,0,2,a5a01ab1a5a01ab5,3,1,1a99a5a01a9da5a0,4,1,0,00
3812,3812,0,0000258,06,2,2,3,0000000000000000,0,0,2,a5a01aa9a5a01aad,3,1,1a91a5a01a95a5a0,4,1,0,00
3813,3813,0,0000258,07,2,2,3,0000000000000000,0,0,2,a5a01aa1a5a01aa5,3,1,1a89a5a01a8da5a0,4,1,0,00
3814,3814,0,000025c,00,2,2,3,0000000000000000,0,0,2,a5a01ad9a5a01add,3,1,1a81a5a01a85a5a0,4,1,0,00
3815,3815,0,0000000,00,3,3,3,1a00000000000000,0,0,3,a5a01a51a5a01a55,0,1,1a39a5a01a3da5a0,4,1,0,00
3816,3816,0,0000000,00,3,3,3,1ab9a5a01abda5a0,0,0,3,a5a01a51a5a01a55,0,1,0000000000000039,4,1,0,00
3817,3817,0,0000000,00,3,3,3,1ab1a5a01ab5a5a0,0,0,3,a5a01a51a5a01a55,0,1,0000000000000000,4,1,1,00
3818,3818,0,0000000,00,3,3,3,1aa9a5a01aada5a0,0,0,3,a5a01a51a5a01a55,0,1,0000000000000000,4,1,1,00
3819,3819,0,0000000,00,3,3,3,1aa1a5a01aa5a5a0,0,0,3,a5a01a51a5a01a55,0,1,0000000000000000,4,1,1,00
3820,3820,0,0000000,00,3,3,3,1ad9a5a01adda5a0,0,0,3,a5a01ad1a5a01ad5,0,1,0000000000000000,4,1,1,00
3821,3821,0,0000000,00,3,3,3,1a51a5a01a55a5a0,0,0,3,a5a01ad1a5a01ad5,0,1,0000000000000000,4,1,1,00
3822,3822,0,0000000,00,3,3,3,0000000000000051,0,0,3,a5a01ad1a5a01ad5,0,1,1a00000000000000,4,1,0,00
3823,3823,0,000025c,01,2,2,3,0000000000000000,0,0,2,a5a01ad1a5a01ad5,3,1,1ab9a5a01abda5a0,4,1,0,00
3824,3824,0,000025c,02,2,2,3,0000000000000000,0,0,2,a5a01ac9a5a01acd,3,1,1ab1a5a01ab5a5a0,4,1,0,00
3825,3825,0,000025c,03,2,2,3,0000000000000000,0,0,2,a5a01ac1a5a01ac5,3,1,1aa9a5a01aada5a0,4,1,0,00
3826,3826,0,000025c,04,2,2,3,0000000000000000,0,0,2,a5a01af9a5a01afd,3,1,1aa1a5a01aa5a5a0,4,1,0,00
3827,3827,0,000025c,05,2,2,3,0000000000000000,0,0,2,a5a01af1a5a01af5,3,1,1ad9a5a01adda5a0,4,1,0,00
3828,3828,0,0000000,00,3,3,3,1a00000000000000,0,0,3,a5a01a69a5a01a6d,0,1,1a51a5a01a55a5a0,4,1,0,00
3829,3829,0,0000000,00,3,3,3,1ad1a5a01ad5a5a0,0,0,3,a5a01a69a5a01a6d,0,1,0000000000000051,4,1,0,00
3830,3830,0,0000000,00,3,3,3,1ac9a5a01acda5a0,0,0,3,a5a01a69a5a01a6d,0,1,0000000000000000,4,1,1,00
3831,3831,0,0000000,00,3,3,3,1ac1a5a01ac5a5a0,0,0,3,a5a01a69a5a01a6d,0,1,0000000000000000,4,1,1,00
3832,3832,0,0000000,00,3,3,3,1af9a5a01afda5a0,0,0,3,a5a01a69a5a01a6d,0,1,0000000000000000,4,1,1,00
3833,3833,0,0000000,00,3,3,3,1af1a5a01af5a5a0,0,0,3,a5a01ae9a5a01aed,0,1,0000000000000000,4,1,1,00
3834,3834,0,0000000,00,3,3,3,1a69a5a01a6da5a0,0,0,3,a5a01ae9a5a01aed,0,1,0000000000000000,4,1,1,00
3835,3835,0,0000000,00,3,3,3,0000000000000069,0,0,3,a5a01ae9a5a01aed,0,1,1a00000000000000,4,1,0,00
3836,3836,0,000025c,06,2,2,3,0000000000000000,0,0,2,a5a01ae9a5a01aed,3,1,1ad1a5a01ad5a5a0,4,1,0,00
3837,3837,0,000025c,07,2,2,3,0000000000000000,0,0,2,a5a01ae1a5a01ae5,3,1,1ac9a5a01acda5a0,4,1,0,00
3838,3838,0,0000260,00,2,2,3,0000000000000000,0,0,2,a5a01919a5a0191d,3,1,1ac1a5a01ac5a5a0,4,1,0,00
3839,3839,0,0000260,01,2,2,3,0000000000000000,0,0,2,a5a01911a5a01915,3,1,1af9a5a01afda5a0,4,1,0,00
3840,3840,0,0000260,02,2,2,3,0000000000000000,0,0,2,a5a01909a5a0190d,3,1,1af1a5a01af5a5a0,4,1,0,00
3841,3841,0,0000000,00,3,3,3,1a00000000000000,0,0,3,a5a01a81a5a01a85,0,1,1a69a5a01a6da5a0,4,1,0,00
3842,3842,0,0000000,00,3,3,3,1ae9a5a01aeda5a0,0,0,3,a5a01a81a5a01a85,0,1,0000000000000069,4,1,0,00
3843,3843,0,0000000,00,3,3,3,1ae1a5a01ae5a5a0,0,0,3,a5a01a81a5a01a85,0,1,0000000000000000,4,1,1,00
3844,3844,0,0000000,00,3,3,3,1919a5a0191da5a0,0,0,3,a5a01a81a5a01a85,0,1,0000000000000000,4,1,1,00
3845,3845,0,0000000,00,3,3,3,1911a5a01915a5a0,0,0,3,a5a01a81a5a01a85,0,1,0000000000000000,4,1,1,00
3846,3846,0,0000000,00,3,3,3,1909a5a0190da5a0,0,0,3,a5a01901a5a01905,0,1,0000000000000000,4,1,1,00
3847,3847,0,0000000,00,3,3,3,1a81a5a01a85a5a0,0,0,3,a5a01901a5a01905,0,1,0000000000000000,4,1,1,00
3848,3848,0,0000000,00,3,3,3,0000000000000081,0,0,3,a5a01901a5a01905,0,1,1a00000000000000,4,1,0,00
3849,3849,0,0000260,03,2,2,3,0000000000000000,0,0,2,a5a01901a5a01905,3,1,1ae9a5a01aeda5a0,4,1,0,00
3850,3850,0,0000260,04,2,2,3,0000000000000000,0,0,2,a5a01939a5a0193d,3,1,1ae1a5a01ae5a5a0,4,1,0,00
3851,3851,0,0000260,05,2,2,3,0000000000000000,0,0,2,a5a01931a5a01935,3,1,1919a5a0191da5a0,4,1,0,00
3852,3852,0,0000260,06,2,2,3,0000000000000000,0,0,2,a5a01929a5a0192d,3,1,1911a5a01915a5a0,4,1,0,00
3853,3853,0,0000260,07,2,2,3,0000000000000000,0,0,2,a5a01921a5a01925,3,1,1909a5a0190da5a0,4,1,0,00
3854,3854,0,0000000,00,3,3,3,1800000000000000,0,0,3,a5a01ad9a5a01add,0,1,1a81a5a01a85a5a0,4,1,0,00
3855,3855,0,0000000,00,3,3,3,1901a5a01905a5a0,0,0,3,a5a01ad9a5a01add,0,1,0000000000000081,4,1,0,00
3856,3856,0,0000000,00,3,3,3,1939a5a0193da5a0,0,0,3,a5a01ad9a5a01add,0,1,0000000000000000,4,1,1,00
3857,3857,0,0000000,00,3,3,3,1931a5a01935a5a0,0,0,3,a5a01ad9a5a01add,0,1,0000000000000000,4,1,1,00
3858,3858,0,0000000,00,3,3,3,1929a5a0192da5a0,0,0,3,a5a01ad9a5a01add,0,1,0000000000000000,4,1,1,00
3859,3859,0,0000000,00,3,3,3,1921a5a01925a5a0,0,0,3,a5a01959a5a0195d,0,1,0000000000000000,4,1,1,00
3860,3860,0,0000000,00,3,3,3,1ad9a5a01adda5a0,0,0,3,a5a01959a5a0195d,0,1,0000000000000000,4,1,1,00
3861,3861,0,0000000,00,3,3,3,00000000000000d9,0,0,3,a5a01959a5a0195d,0,1,1800000000000000,4,1,0,00
3862,3862,0,0000264,00,2,2,3,0000000000000000,0,0,2,a5a01959a5a0195d,3,1,1901a5a01905a5a0,4,1,0,00
3863,3863,0,0000264,01,2,2,3,0000000000000000,0,0,2,a5a01951a5a01955,3,1,1939a5a0193da5a0,4,1,0,00
3864,3864,0,0000264,02,2,2,3,0000000000000000,0,0,2,a5a01949a5a0194d,3,1,1931a5a01935a5a0,4,1,0,00
3865,3865,0,0000264,03,2,2,3,0000000000000000,0,0,2,a5a01941a5a01945,3,1,1929a5a0192da5a0,4,1,0,00
3866,3866,0,0000264,04,2,2,3,0000000000000000,0,0,2,a5a01979a5a0197d,3,1,1921a5a01925a5a0,4,1,0,00
3867,3867,0,0000000,00,3,3,3,1800000000000000,0,0,3,a5a01af1a5a01af5,0,1,1ad9a5a01adda5a0,4,1,0,00
3868,3868,0,0000000,00,3,3,3,1959a5a0195da5a0,0,0,3,a5a01af1a5a01af5,0,1,00000000000000d9,4,1,0,00
3869,3869,0,0000000,00,3,3,3,1951a5a01955a5a0,0,0,3,a5a01af1a5a01af5,0,1,0000000000000000,4,1,1,00
3870,3870,0,0000000,00,3,3,3,1949a5a0194da5a0,0,0,3,a5a01af1a5a01af5,0,1,0000000000000000,4,1,1,00
3871,3871,0,0000000,00,3,3,3,1941a5a01945a5a0,0,0,3,a5a01af1a5a01af5,0,1,0000000000000000,4,1,1,00
3872,3872,0,0000000,00,3,3,3,1979a5a0197da5a0,0,0,3,a5a01971a5a01975,0,1,0000000000000000,4,1,1,00
3873,3873,0,0000000,00,3,3,3,1af1a5a01af5a5a0,0,0,3,a5a01971a5a01975,0,1,0000000000000000,4,1,1,00
3874,3874,0,0000000,00,3,3,3,00000000000000f1,0,0,3,a5a01971a5a01975,0,1,1800000000000000,4,1,0,00
3875,3875,0,0000264,05,2,2,3,0000000000000000,0,0,2,a5a01971a5a01975,3,1,1959a5a0195da5a0,4,1,0,00
3876,3876,0,0000264,06,2,2,3,0000000000000000,0,0,2,a5a01969a5a0196d,3,1,1951a5a01955a5a0,4,1,0,00
3877,3877,0,0000264,07,2,2,3,0000000000000000,0,0,2,a5a01961a5a01965,3,1,1949a5a0194da5a0,4,1,0,00
3878,3878,0,0000268,00,2,2,3,0000000000000000,0,0,2,a5a01999a5a0199d,3,1,1941a5a01945a5a0,4,1,0,00
3879,3879,0,0000268,01,2,2,3,0000000000000000,0,0,2,a5a01991a5a01995,3,1,1979a5a0197da5a0,4,1,0,00
3880,3880,0,0000000,00,3,3,3,1900000000000000,0,0,3,a5a01909a5a0190d,0,1,1af1a5a01af5a5a0,4,1,0,00
3881,3881,0,0000000,00,3,3,3,1971a5a01975a5a0,0,0,3,a5a01909a5a0190d,0,1,00000000000000f1,4,1,0,00
3882,3882,0,0000000,00,3,3,3,1969a5a0196da5a0,0,0,3,a5a01909a5a0190d,0,1,0000000000000000,4,1,1,00
3883,3883,0,0000000,00,3,3,3,1961a5a01965a5a0,0,0,3,a5a01909a5a0190d,0,1,0000000000000000,4,1,1,00
3884,3884,0,0000000,00,3,3,3,1999a5a0199da5a0,0,0,3,a5a01909a5a0190d,0,1,0000000000000000,4,1,1,00
3885,3885,0,0000000,00,3,3,3,1991a5a01995a5a0,0,0,3,a5a01989a5a0198d,0,1,0000000000000000,4,1,1,00
3886,3886,0,0000000,00,3,3,3,1909a5a0190da5a0,0,0,3,a5a01989a5a0198d,0,1,0000000000000000,4,1,1,00
3887,3887,0,0000000,00,3,3,3,0000000000000009,0,0,3,a5a01989a5a0198d,0,1,1900000000000000,4,1,0,00
3888,3888,0,0000268,02,2,2,3,0000000000000000,0,0,2,a5a01989a5a0198d,3,1,1971a5a01975a5a0,4,1,0,00
3889,3889,0,0000268,03,2,2,3,0000000000000000,0,0,2,a5a01981a5a01985,3,1,1969a5a0196da5a0,4,1,0,00
3890,3890,0,0000268,04,2,2,3,0000000000000000,0,0,2,a5a019b9a5a019bd,3,1,1961a5a01965a5a0,4,1,0,00
3891,3891,0,0000268,05,2,2,3,0000000000000000,0,0,2,a5a019b1a5a019b5,3,1,1999a5a0199da5a0,4,1,0,00
3892,3892,0,0000268,06,2,2,3,0000000000000000,0,0,2,a5a019a9a5a019ad,3,1,1991a5a01995a5a0,4,1,0,00
3893,3893,0,0000000,00,3,3,3,1800000000000000,0,0,3,a5a01921a5a01925,0,1,1909a5a0190da5a0,4,1,0,00
3894,3894,0,0000000,00,3,3,3,1989a5a0198da5a0,0,0,3,a5a01921a5a01925,0,1,0000000000000009,4,1,0,00
3895,3895,0,0000000,00,3,3,3,1981a5a01985a5a0,0,0,3,a5a01921a5a01925,0,1,0000000000000000,4,1,1,00
3896,3896,0,0000000,00,3,3,3,19b9a5a019bda5a0,0,0,3,a5a01921a5a01925,0,1,0000000000000000,4,1,1,00
3897,3897,0,0000000,00,3,3,3,19b1a5a019b5a5a0,0,0,3,a5a01921a5a01925,0,1,0000000000000000,4,1,1,00
3898,3898,0,0000000,00,3,3,3,19a9a5a019ada5a0,0,0,3,a5a019a1a5a019a5,0,1,0000000000000000,4,1,1,00
3899,3899,0,0000000,00,3,3,3,1921a5a01925a5a0,0,0,3,a5a019a1a5a019a5,0,1,0000000000000000,4,1,1,00
3900,3900,0,0000000,00,3,3,3,0000000000000021,0,0,3,a5a019a1a5a019a5,0,1,1800000000000000,4,1,0,00
3901,3901,0,0000268,07,2,2,3,0000000000000000,0,0,2,a5a019a1a5a019a5,3,1,1989a5a0198da5a0,4,1,0,00
3902,3902,0,000026c,00,2,2,3,0000000000000000,0,0,2,a5a019d9a5a019dd,3,1,1981a5a01985a5a0,4,1,0,00
3903,3903,0,000026c,01,2,2,3,0000000000000000,0,0,2,a5a019d1a5a019d5,3,1,19b9a5a019bda5a0,4,1,0,00
3904,3904,0,000026c,02,2,2,3,0000000000000000,0,0,2,a5a019c9a5a019cd,3,1,19b1a5a019b5a5a0,4,1,0,00
3905,3905,0,000026c,03,2,2,3,0000000000000000,0,0,2,a5a019c1a5a019c5,3,1,19a9a5a019ada5a0,4,1,0,00
3906,3906,0,0000000,00,3,3,3,1800000000000000,0,0,3,a5a01979a5a0197d,0,1,1921a5a01925a5a0,4,1,0,00
3907,3907,0,0000000,00,3,3,3,19a1a5a019a5a5a0,0,0,3,a5a01979a5a0197d,0,1,0000000000000021,4,1,0,00
3908,3908,0,0000000,00,3,3,3,19d9a5a019dda5a0,0,0,3,a5a01979a5a0197d,0,1,0000000000000000,4,1,1,00
3909,3909,0,0000000,00,3,3,3,19d1a5a019d5a5a0,0,0,3,a5a01979a5a0197d,0,1,0000000000000000,4,1,1,00
3910,3910,0,0000000,00,3,3,3,19c9a5a019cda5a0,0,0,3,a5a01979a5a0197d,0,1,0000000000000000,4,1,1,00
3911,3911,0,0000000,00,3,3,3,19c1a5a019c5a5a0,0,0,3,a5a019f9a5a019fd,0,1,0000000000000000,4,1,1,00
3912,3912,0,0000000,00,3,3,3,1979a5a0197da5a0,0,0,3,a5a019f9a5a019fd,0,1,0000000000000000,4,1,1,00
3913,3913,0,0000000,00,3,3,3,0000000000000079,0,0,3,a5a019f9a5a019fd,0,1,1800000000000000,4,1,0,00
3914,3914,0,000026c,04,2,2,3,0000000000000000,0,0,2,a5a019f9a5a019fd,3,1,19a1a5a019a5a5a0,4,1,0,00
3915,3915,0,000026c,05,2,2,3,0000000000000000,0,0,2,a5a019f1a5a019f5,3,1,19d9a5a019dda5a0,4,1,0,00
3916,3916,0,000026c,06,2,2,3,0000000000000000,0,0,2,a5a019e9a5a019ed,3,1,19d1a5a019d5a5a0,4,1,0,00
3917,3917,0,000026c,07,2,2,3,0000000000000000,0,0,2,a5a019e1a5a019e5,3,1,19c9a5a019cda5a0,4,1,0,00
3918,3918,0,0000270,00,2,2,3,0000000000000000,0,0,2,a5a01819a5a0181d,3,1,19c1a5a019c5a5a0,4,1,0,00
3919,3919,0,0000000,00,3,3,3,1800000000000000,0,0,3,a5a01991a5a01995,0,1,1979a5a0197da5a0,4,1,0,00
3920,3920,0,0000000,00,3,3,3,19f9a5a019fda5a0,0,0,3,a5a01991a5a01995,0,1,0000000000000079,4,1,0,00
3921,3921,0,0000000,00,3,3,3,19f1a5a019f5a5a0,0,0,3,a5a01991a5a01995,0,1,0000000000000000,4,1,1,00
3922,3922,0,0000000,00,3,3,3,19e9a5a019eda5a0,0,0,3,a5a01991a5a01995,0,1,0000000000000000,4,1,1,00
3923,3923,0,0000000,00,3,3,3,19e1a5a019e5a5a0,0,0,3,a5a01991a5a01995,0,1,0000000000000000,4,1,1,00
3924,3924,0,0000000,00,3,3,3,1819a5a0181da5a0,0,0,3,a5a01811a5a01815,0,1,0000000000000000,4,1,1,00
3925,3925,0,0000000,00,3,3,3,1991a5a01995a5a0,0,0,3,a5a01811a5a01815,0,1,0000000000000000,4,1,1,00
3926,3926,0,0000000,00,3,3,3,0000000000000091,0,0,3,a5a01811a5a01815,0,1,1800000000000000,4,1,0,00
3927,3927,0,0000270,01,2,2,3,0000000000000000,0,0,2,a5a01811a5a01815,3,1,19f9a5a019fda5a0,4,1,0,00
3928,3928,0,0000270,02,2,2,3,0000000000000000,0,0,2,a5a01809a5a0180d,3,1,19f1a5a019f5a5a0,4,1,0,00
3929,3929,0,0000270,03,2,2,3,0000000000000000,0,0,2,a5a01801a5a01805,3,1,19e9a5a019eda5a0,4,1,0,00
3930,3930,0,0000270,04,2,2,3,0000000000000000,0,0,2,a5a01839a5a0183d,3,1,19e1a5a019e5a5a0,4,1,0,00
3931,3931,0,0000270,05,2,2,3,0000000000000000,0,0,2,a5a01831a5a01835,3,1,1819a5a0181da5a0,4,1,0,00
3932,3932,0,0000000,00,3,3,3,1800000000000000,0,0,3,a5a019a9a5a019ad,0,1,1991a5a01995a5a0,4,1,0,00
3933,3933,0,0000000,00,3,3,3,1811a5a01815a5a0,0,0,3,a5a019a9a5a019ad,0,1,0000000000000091,4,1,0,00
3934,3934,0,0000000,00,3,3,3,1809a5a0180da5a0,0,0,3,a5a019a9a5a019ad,0,1,0000000000000000,4,1,1,00
3935,3935,0,0000000,00,3,3,3,1801a5a01805a5a0,0,0,3,a5a019a9a5a019ad,0,1,0000000000000000,4,1,1,00
3936,3936,0,0000000,00,3,3,3,1839a5a0183da5a0,0,0,3,a5a019a9a5a019ad,0,1,0000000000000000,4,1,1,00
3937,3937,0,0000000,00,3,3,3,1831a5a01835a5a0,0,0,3,a5a01829a5a0182d,0,1,0000000000000000,4,1,1,00
3938,3938,0,0000000,00,3,3,3,19a9a5a019ada5a0,0,0,3,a5a01829a5a0182d,0,1,0000000000000000,4,1,1,00
3939,3939,0,0000000,00,3,3,3,0000000000000029,0,0,3,a5a01829a5a0182d,0,1,1800000000000000,4,1,0,00
3940,3940,0,0000270,06,2,2,3,0000000000000000,0,0,2,a5a01829a5a0182d,3,1,1811a5a01815a5a0,4,1,0,00
3941,3941,0,0000270,07,2,2,3,0000000000000000,0,0,2,a5a01821a5a01825,3,1,1809a5a0180da5a0,4,1,0,00
3942,3942,0,0000274,00,2,2,3,0000000000000000,0,0,2,a5a01859a5a0185d,3,1,1801a5a01805a5a0,4,1,0,00
3943,3943,0,0000274,01,2,2,3,0000000000000000,0,0,2,a5a01851a5a01855,3,1,1839a5a0183da5a0,4,1,0,00
3944,3944,0,0000274,02,2,2,3,0000000000000000,0,0,2,a5a01849a5a0184d,3,1,1831a5a01835a5a0,4,1,0,00
3945,3945,0,0000000,00,3,3,3,1800000000000000,0,0,3,a5a019c1a5a019c5,0,1,19a9a5a019ada5a0,4,1,0,00
3946,3946,0,0000000,00,3,3,3,1829a5a0182da5a0,0,0,3,a5a019c1a5a019c5,0,1,0000000000000029,4,1,0,00
3947,3947,0,0000000,00,3,3,3,1821a5a01825a5a0,0,0,3,a5a019c1a5a019c5,0,1,0000000000000000,4,1,1,00
3948,3948,0,0000000,00,3,3,3,1859a5a0185da5a0,0,0,3,a5a019c1a5a019c5,0,1,0000000000000000,4,1,1,00
3949,3949,0,0000000,00,3,3,3,1851a5a01855a5a0,0,0,3,a5a019c1a5a019c5,0,1,0000000000000000,4,1,1,00
3950,3950,0,0000000,00,3,3,3,1849a5a0184da5a0,0,0,3,a5a01841a5a01845,0,1,0000000000000000,4,1,1,00
3951,3951,0,0000000,00,3,3,3,19c1a5a019c5a5a0,0,0,3,a5a01841a5a01845,0,1,0000000000000000,4,1,1,00
3952,3952,0,0000000,00,3,3,3,0000000000000081,0,0,3,a5a01841a5a01845,0,1,1800000000000000,4,1,0,00
3953,3953,0,0000274,03,2,2,3,0000000000000000,0,0,2,a5a01841a5a01845,3,1,1829a5a0182da5a0,4,1,0,00
3954,3954,0,0000274,04,2,2,3,0000000000000000,0,0,2,a5a01879a5a0187d,3,1,1821a5a01825a5a0,4,1,0,00
3955,3955,0,0000274,05,2,2,3,0000000000000000,0,0,2,a5a01871a5a01875,3,1,1859a5a0185da5a0,4,1,0,00
3956,3956,0,0000274,06,2,2,3,0000000000000000,0,0,2,a5a01869a5a0186d,3,1,1851a5a01855a5a0,4,1,0,00
3957,3957,0,0000274,07,2,2,3,0000000000000000,0,0,2,a5a01861a5a01865,3,1,1849a5a0184da5a0,4,1,0,00
3958,3958,0,0000000,00,3,3,3,1800000000000000,0,0,3,a5a01819a5a0181d,0,1,19c1a5a019c5a5a0,4,1,0,00
3959,3959,0,0000000,00,3,3,3,1841a5a01845a5a0,0,0,3,a5a01819a5a0181d,0,1,0000000000000081,4,1,0,00
3960,3960,0,0000000,00,3,3,3,1879a5a0187da5a0,0,0,3,a5a01819a5a0181d,0,1,0000000000000000,4,1,1,00
3961,3961,0,0000000,00,3,3,3,1871a5a01875a5a0,0,0,3,a5a01819a5a0181d,0,1,0000000000000000,4,1,1,00
3962,3962,0,0000000,00,3,3,3,1869a5a0186da5a0,0,0,3,a5a01819a5a0181d,0,1,0000000000000000,4,1,1,00
3963,3963,0,0000000,00,3,3,3,1861a5a01865a5a0,0,0,3,a5a01899a5a0189d,0,1,0000000000000000,4,1,1,00
3964,3964,0,0000000,00,3,3,3,1819a5a0181da5a0,0,0,3,a5a01899a5a0189d,0,1,0000000000000000,4,1,1,00
3965,3965,0,0000000,00,3,3,3,0000000000000019,0,0,3,a5a01899a5a0189d,0,1,1800000000000000,4,1,0,00
3966,3966,0,0000278,00,2,2,3,0000000000000000,0,0,2,a5a01899a5a0189d,3,1,1841a5a01845a5a0,4,1,0,00
3967,3967,0,0000278,01,2,2,3,0000000000000000,0,0,2,a5a01891a5a01895,3,1,1879a5a0187da5a0,4,1,0,00
3968,3968,0,0000278,02,2,2,3,0000000000000000,0,0,2,a5a01889a5a0188d,3,1,1871a5a01875a5a0,4,1,0,00
3969,3969,0,0000278,03,2,2,3,0000000000000000,0,0,2,a5a01881a5a01885,3,1,1869a5a0186da5a0,4,1,0,00
3970,3970,0,0000278,04,2,2,3,0000000000000000,0,0,2,a5a018b9a5a018bd,3,1,1861a5a01865a5a0,4,1,0,00
3971,3971,0,0000000,00,3,3,3,1800000000000000,0,0,3,a5a01831a5a01835,0,1,1819a5a0181da5a0,4,1,0,00
3972,3972,0,0000000,00,3,3,3,1899a5a0189da5a0,0,0,3,a5a01831a5a01835,0,1,0000000000000019,4,1,0,00
3973,3973,0,0000000,00,3,3,3,1891a5a01895a5a0,0,0,3,a5a01831a5a01835,0,1,0000000000000000,4,1,1,00
3974,3974,0,0000000,00,3,3,3,1889a5a0188da5a0,0,0,3,a5a01831a5a01835,0,1,0000000000000000,4,1,1,00
3975,3975,0,0000000,00,3,3,3,1881a5a01885a5a0,0,0,3,a5a01831a5a01835,0,1,0000000000000000,4,1,1,00
3976,3976,0,0000000,00,3,3,3,18b9a5a018bda5a0,0,0,3,a5a018b1a5a018b5,0,1,0000000000000000,4,1,1,00
3977,3977,0,0000000,00,3,3,3,1831a5a01835a5a0,0,0,3,a5a018b1a5a018b5,0,1,0000000000000000,4,1,1,00
3978,3978,0,0000000,00,3,3,3,0000000000000031,0,0,3,a5a018b1a5a018b5,0,1,1800000000000000,4,1,0,00
3979,3979,0,0000278,05,2,2,3,0000000000000000,0,0,2,a5a018b1a5a018b5,3,1,1899a5a0189da5a0,4,1,0,00
3980,3980,0,0000278,06,2,2,3,0000000000000000,0,0,2,a5a018a9a5a018ad,3,1,1891a5a01895a5a0,4,1,0,00
3981,3981,0,0000278,07,2,2,3,0000000000000000,0,0,2,a5a018a1a5a018a5,3,1,1889a5a0188da5a0,4,1,0,00
3982,3982,0,000027c,00,2,2,3,0000000000000000,0,0,2,a5a018d9a5a018dd,3,1,1881a5a01885a5a0,4,1,0,00
3983,3983,0,000027c,01,2,2,3,0000000000000000,0,0,2,a5a018d1a5a018d5,3,1,18b9a5a018bda5a0,4,1,0,00
3984,3984,0,0000000,00,3,3,3,1800000000000000,0,0,3,a5a01849a5a0184d,0,1,1831a5a01835a5a0,4,1,0,00
3985,3985,0,0000000,00,3,3,3,18b1a5a018b5a5a0,0,0,3,a5a01849a5a0184d,0,1,0000000000000031,4,1,0,00
3986,3986,0,0000000,00,3,3,3,18a9a5a018ada5a0,0,0,3,a5a01849a5a0184d,0,1,0000000000000000,4,1,1,00
3987,3987,0,0000000,00,3,3,3,18a1a5a018a5a5a0,0,0,3,a5a01849a5a0184d,0,1,0000000000000000,4,1,1,00
3988,3988,0,0000000,00,3,3,3,18d9a5a018dda5a0,0,0,3,a5a01849a5a0184d,0,1,0000000000000000,4,1,1,00
3989,3989,0,0000000,00,3,3,3,18d1a5a018d5a5a0,0,0,3,a5a018c9a5a018cd,0,1,0000000000000000,4,1,1,00
3990,3990,0,0000000,00,3,3,3,1849a5a0184da5a0,0,0,3,a5a018c9a5a018cd,0,1,0000000000000000,4,1,1,00
3991,3991,0,0000000,00,3,3,3,0000000000000049,0,0,3,a5a018c9a5a018cd,0,1,1800000000000000,4,1,0,00
3992,3992,0,000027c,02,2,2,3,0000000000000000,0,0,2,a5a018c9a5a018cd,3,1,18b1a5a018b5a5a0,4,1,0,00
3993,3993,0,000027c,03,2,2,3,0000000000000000,0,0,2,a5a018c1a5a018c5,3,1,18a9a5a018ada5a0,4,1,0,00
3994,3994,0,000027c,04,2,2,3,0000000000000000,0,0,2,a5a018f9a5a018fd,3,1,18a1a5a018a5a5a0,4,1,0,00
3995,3995,0,000027c,05,2,2,3,0000000000000000,0,0,2,a5a018f1a5a018f5,3,1,18d9a5a018dda5a0,4,1,0,00
3996,3996,0,000027c,06,2,2,3,0000000000000000,0,0,2,a5a018e9a5a018ed,3,1,18d1a5a018d5a5a0,4,1,0,00
3997,3997,0,0000000,00,3,3,3,1800000000000000,0,0,3,a5a01861a5a01865,0,1,1849a5a0184da5a0,4,1,0,00
3998,3998,0,0000000,00,3,3,3,18c9a5a018cda5a0,0,0,3,a5a01861a5a01865,0,1,0000000000000049,4,1,0,00
3999,3999,0,0000000,00,3,3,3,18c1a5a018c5a5a0,0,0,3,a5a01861a5a01865,0,1,0000000000000000,4,1,1,00
4000,4000,0,0000000,00,3,3,3,18f9a5a018fda5a0,0,0,3,a5a01861a5a01865,0,1,0000000000000000,4,1,1,00
4001,4001,0,0000000,00,3,3,3,18f1a5a018f5a5a0,0,0,3,a5a01861a5a01865,0,1,0000000000000000,4,1,1,00
4002,4002,0,0000000,00,3,3,3,18e9a5a018eda5a0,0,0,3,a5a018e1a5a018e5,0,1,0000000000000000,4,1,1,00
4003,4003,0,0000000,00,3,3,3,1861a5a01865a5a0,0,0,3,a5a018e1a5a018e5,0,1,0000000000000000,4,1,1,00
4004,4004,0,0000000,00,3,3,3,0000000000000061,0,0,3,a5a018e1a5a018e5,0,1,1800000000000000,4,1,0,00
4005,4005,0,000027c,07,2,2,3,0000000000000000,0,0,2,a5a018e1a5a018e5,3,1,18c9a5a018cda5a0,4,1,0,00
4006,4006,0,0000280,00,2,2,3,0000000000000000,0,0,2,a5a01719a5a0171d,3,1,18c1a5a018c5a5a0,4,1,0,00
4007,4007,0,0000280,01,2,2,3,0000000000000000,0,0,2,a5a01711a5a01715,3,1,18f9a5a018fda5a0,4,1,0,00
4008,4008,0,0000280,02,2,2,3,0000000000000000,0,0,2,a5a01709a5a0170d,3,1,18f1a5a018f5a5a0,4,1,0,00
4009,4009,0,0000280,03,2,2,3,0000000000000000,0,0,2,a5a01701a5a01705,3,1,18e9a5a018eda5a0,4,1,0,00
4010,4010,0,0000000,00,3,3,3,1800000000000000,0,0,3,a5a018b9a5a018bd,0,1,1861a5a01865a5a0,4,1,0,00
4011,4011,0,0000000,00,3,3,3,18e1a5a018e5a5a0,0,0,3,a5a018b9a5a018bd,0,1,0000000000000061,4,1,0,00
4012,4012,0,0000000,00,3,3,3,1719a5a0171da5a0,0,0,3,a5a018b9a5a018bd,0,1,0000000000000000,4,1,1,00
4013,4013,0,0000000,00,3,3,3,1711a5a01715a5a0,0,0,3,a5a018b9a5a018bd,0,1,0000000000000000,4,1,1,00
4014,4014,0,0000000,00,3,3,3,1709a5a0170da5a0,0,0,3,a5a018b9a5a018bd,0,1,0000000000000000,4,1,1,00
4015,4015,0,0000000,00,3,3,3,1701a5a01705a5a0,0,0,3,a5a01739a5a0173d,0,1,0000000000000000,4,1,1,00
4016,4016,0,0000000,00,3,3,3,18b9a5a018bda5a0,0,0,3,a5a01739a5a0173d,0,1,0000000000000000,4,1,1,00
4017,4017,0,0000000,00,3,3,3,00000000000000b9,0,0,3,a5a01739a5a0173d,0,1,1800000000000000,4,1,0,00
4018,4018,0,0000280,04,2,2,3,0000000000000000,0,0,2,a5a01739a5a0173d,3,1,18e1a5a018e5a5a0,4,1,0,00
4019,4019,0,0000280,05,2,2,3,0000000000000000,0,0,2,a5a01731a5a01735,3,1,1719a5a0171da5a0,4,1,0,00
4020,4020,0,0000280,06,2,2,3,0000000000000000,0,0,2,a5a01729a5a0172d,3,1,1711a5a01715a5a0,4,1,0,00
4021,4021,0,0000280,07,2,2,3,0000000000000000,0,0,2,a5a01721a5a01725,3,1,1709a5a0170da5a0,4,1,0,00
4022,4022,0,0000284,00,2,2,3,0000000000000000,0,0,2,a5a01759a5a0175d,3,1,1701a5a01705a5a0,4,1,0,00
4023,4023,0,0000000,00,3,3,3,1600000000000000,0,0,3,a5a018d1a5a018d5,0,1,18b9a5a018bda5a0,4,1,0,00
4024,4024,0,0000000,00,3,3,3,1739a5a0173da5a0,0,0,3,a5a018d1a5a018d5,0,1,00000000000000b9,4,1,0,00
4025,4025,0,0000000,00,3,3,3,1731a5a01735a5a0,0,0,3,a5a018d1a5a018d5,0,1,0000000000000000,4,1,1,00
4026,4026,0,0000000,00,3,3,3,1729a5a0172da5a0,0,0,3,a5a018d1a5a018d5,0,1,0000000000000000,4,1,1,00
4027,4027,0,0000000,00,3,3,3,1721a5a01725a5a0,0,0,3,a5a018d1a5a018d5,0,1,0000000000000000,4,1,1,00
4028,4028,0,0000000,00,3,3,3,1759a5a0175da5a0,0,0,3,a5a01751a5a01755,0,1,0000000000000000,4,1,1,00
4029,4029,0,0000000,00,3,3,3,18d1a5a018d5a5a0,0,0,3,a5a01751a5a01755,0,1,0000000000000000,4,1,1,00
4030,4030,0,0000000,00,3,3,3,00000000000000d1,0,0,3,a5a01751a5a01755,0,1,1600000000000000,4,1,0,00
4031,4031,0,0000284,01,2,2,3,0000000000000000,0,0,2,a5a01751a5a01755,3,1,1739a5a0173da5a0,4,1,0,00
4032,4032,0,0000284,02,2,2,3,0000000000000000,0,0,2,a5a01749a5a0174d,3,1,1731a5a01735a5a0,4,1,0,00
4033,4033,0,0000284,03,2,2,3,0000000000000000,0,0,2,a5a01741a5a01745,3,1,1729a5a0172da5a0,4,1,0,00
4034,4034,0,0000284,04,2,2,3,0000000000000000,0,0,2,a5a01779a5a0177d,3,1,1721a5a01725a5a0,4,1,0,00
4035,4035,0,0000284,05,2,2,3,0000000000000000,0,0,2,a5a01771a5a01775,3,1,1759a5a0175da5a0,4,1,0,00
4036,4036,0,0000000,00,3,3,3,1700000000000000,0,0,3,a5a018e9a5a018ed,0,1,18d1a5a018d5a5a0,4,1,0,00
4037,4037,0,0000000,00,3,3,3,1751a5a01755a5a0,0,0,3,a5a018e9a5a018ed,0,1,00000000000000d1,4,1,0,00
4038,4038,0,0000000,00,3,3,3,1749a5a0174da5a0,0,0,3,a5a018e9a5a018ed,0,1,0000000000000000,4,1,1,00
4039,4039,0,0000000,00,3,3,3,1741a5a01745a5a0,0,0,3,a5a018e9a5a018ed,0,1,0000000000000000,4,1,1,00
4040,4040,0,0000000,00,3,3,3,1779a5a0177da5a0,0,0,3,a5a018e9a5a018ed,0,1,0000000000000000,4,1,1,00
4041,4041,0,0000000,00,3,3,3,1771a5a01775a5a0,0,0,3,a5a01769a5a0176d,0,1,0000000000000000,4,1,1,00
4042,4042,0,0000000,00,3,3,3,18e9a5a018eda5a0,0,0,3,a5a01769a5a0176d,0,1,0000000000000000,4,1,1,00
4043,4043,0,0000000,00,3,3,3,00000000000000e9,0,0,3,a5a01769a5a0176d,0,1,1700000000000000,4,1,0,00
4044,4044,0,0000284,06,2,2,3,0000000000000000,0,0,2,a5a01769a5a0176d,3,1,1751a5a01755a5a0,4,1,0,00
4045,4045,0,0000284,07,2,2,3,0000000000000000,0,0,2,a5a01761a5a01765,3,1,1749a5a0174da5a0,4,1,0,00
4046,4046,0,0000288,00,2,2,3,0000000000000000,0,0,2,a5a01799a5a0179d,3,1,1741a5a01745a5a0,4,1,0,00
4047,4047,0,0000288,01,2,2,3,0000000000000000,0,0,2,a5a01791a5a01795,3,1,1779a5a0177da5a0,4,1,0,00
4048,4048,0,0000288,02,2,2,3,0000000000000000,0,0,2,a5a01789a5a0178d,3,1,1771a5a01775a5a0,4,1,0,00
4049,4049,0,0000000,00,3,3,3,1600000000000000,0,0,3,a5a01701a5a01705,0,1,18e9a5a018eda5a0,4,1,0,00
4050,4050,0,0000000,00,3,3,3,1769a5a0176da5a0,0,0,3,a5a01701a5a01705,0,1,00000000000000e9,4,1,0,00
4051,4051,0,0000000,00,3,3,3,1761a5a01765a5a0,0,0,3,a5a01701a5a01705,0,1,0000000000000000,4,1,1,00
4052,4052,0,0000000,00,3,3,3,1799a5a0179da5a0,0,0,3,a5a01701a5a01705,0,1,0000000000000000,4,1,1,00
4053,4053,0,0000000,00,3,3,3,1791a5a01795a5a0,0,0,3,a5a01701a5a01705,0,1,0000000000000000,4,1,1,00
4054,4054,0,0000000,00,3,3,3,1789a5a0178da5a0,0,0,3,a5a01781a5a01785,0,1,0000000000000000,4,1,1,00
4055,4055,0,0000000,00,3,3,3,1701a5a01705a5a0,0,0,3,a5a01781a5a01785,0,1,0000000000000000,4,1,1,00
4056,4056,0,0000000,00,3,3,3,0000000000000001,0,0,3,a5a01781a5a01785,0,1,1600000000000000,4,1,0,00
4057,4057,0,0000288,03,2,2,3,0000000000000000,0,0,2,a5a01781a5a01785,3,1,1769a5a0176da5a0,4,1,0,00
4058,4058,0,0000288,04,2,2,3,0000000000000000,0,0,2,a5a017b9a5a017bd,3,1,1761a5a01765a5a0,4,1,0,00
4059,4059,0,0000288,05,2,2,3,0000000000000000,0,0,2,a5a017b1a5a017b5,3,1,1799a5a0179da5a0,4,1,0,00
4060,4060,0,0000288,06,2,2,3,0000000000000000,0,0,2,a5a017a9a5a017ad,3,1,1791a5a01795a5a0,4,1,0,00
4061,4061,0,0000288,07,2,2,3,0000000000000000,0,0,2,a5a017a1a5a017a5,3,1,1789a5a0178da5a0,4,1,0,00
4062,4062,0,0000000,00,3,3,3,1600000000000000,0,0,3,a5a01759a5a0175d,0,1,1701a5a01705a5a0,4,1,0,00
4063,4063,0,0000000,00,3,3,3,1781a5a01785a5a0,0,0,3,a5a01759a5a0175d,0,1,0000000000000001,4,1,0,00
4064,4064,0,0000000,00,3,3,3,17b9a5a017bda5a0,0,0,3,a5a01759a5a0175d,0,1,0000000000000000,4,1,1,00
4065,4065,0,0000000,00,3,3,3,17b1a5a017b5a5a0,0,0,3,a5a01759a5a0175d,0,1,0000000000000000,4,1,1,00
4066,4066,0,0000000,00,3,3,3,17a9a5a017ada5a0,0,0,3,a5a01759a5a0175d,0,1,0000000000000000,4,1,1,00
4067,4067,0,0000000,00,3,3,3,17a1a5a017a5a5a0,0,0,3,a5a017d9a5a017dd,0,1,0000000000000000,4,1,1,00
4068,4068,0,0000000,00,3,3,3,1759a5a0175da5a0,0,0,3,a5a017d9a5a017dd,0,1,0000000000000000,4,1,1,00
4069,4069,0,0000000,00,3,3,3,0000000000000059,0,0,3,a5a017d9a5a017dd,0,1,1600000000000000,4,1,0,00
4070,4070,0,000028c,00,2,2,3,0000000000000000,0,0,2,a5a017d9a5a017dd,3,1,1781a5a01785a5a0,4,1,0,00
4071,4071,0,000028c,01,2,2,3,0000000000000000,0,0,2,a5a017d1a5a017d5,3,1,17b9a5a017bda5a0,4,1,0,00
4072,4072,0,000028c,02,2,2,3,0000000000000000,0,0,2,a5a017c9a5a017cd,3,1,17b1a5a017b5a5a0,4,1,0,00
4073,4073,0,000028c,03,2,2,3,0000000000000000,0,0,2,a5a017c1a5a017c5,3,1,17a9a5a017ada5a0,4,1,0,00
4074,4074,0,000028c,04,2,2,3,0000000000000000,0,0,2,a5a017f9a5a017fd,3,1,17a1a5a017a5a5a0,4,1,0,00
4075,4075,0,0000000,00,3,3,3,1700000000000000,0,0,3,a5a01771a5a01775,0,1,1759a5a0175da5a0,4,1,0,00
4076,4076,0,0000000,00,3,3,3,17d9a5a017dda5a0,0,0,3,a5a01771a5a01775,0,1,0000000000000059,4,1,0,00
4077,4077,0,0000000,00,3,3,3,17d1a5a017d5a5a0,0,0,3,a5a01771a5a01775,0,1,0000000000000000,4,1,1,00
4078,4078,0,0000000,00,3,3,3,17c9a5a017cda5a0,0,0,3,a5a01771a5a01775,0,1,0000000000000000,4,1,1,00
4079,4079,0,0000000,00,3,3,3,17c1a5a017c5a5a0,0,0,3,a5a01771a5a01775,0,1,0000000000000000,4,1,1,00
4080,4080,0,0000000,00,3,3,3,17f9a5a017fda5a0,0,0,3,a5a017f1a5a017f5,0,1,0000000000000000,4,1,1,00
4081,4081,0,0000000,00,3,3,3,1771a5a01775a5a0,0,0,3,a5a017f1a5a017f5,0,1,0000000000000000,4,1,1,00
4082,4082,0,0000000,00,3,3,3,0000000000000071,0,0,3,a5a017f1a5a017f5,0,1,1700000000000000,4,1,0,00
4083,4083,0,000028c,05,2,2,3,0000000000000000,0,0,2,a5a017f1a5a017f5,3,1,17d9a5a017dda5a0,4,1,0,00
4084,4084,0,000028c,06,2,2,3,0000000000000000,0,0,2,a5a017e9a5a017ed,3,1,17d1a5a017d5a5a0,4,1,0,00
4085,4085,0,000028c,07,2,2,3,0000000000000000,0,0,2,a5a017e1a5a017e5,3,1,17c9a5a017cda5a0,4,1,0,00
4086,4086,0,0000290,00,2,2,3,0000000000000000,0,0,2,a5a01619a5a0161d,3,1,17c1a5a017c5a5a0,4,1,0,00
4087,4087,0,0000290,01,2,2,3,0000000000000000,0,0,2,a5a01611a5a01615,3,1,17f9a5a017fda5a0,4,1,0,00
4088,4088,0,0000000,00,3,3,3,1600000000000000,0,0,3,a5a01789a5a0178d,0,1,1771a5a01775a5a0,4,1,0,00
4089,4089,0,0000000,00,3,3,3,17f1a5a017f5a5a0,0,0,3,a5a01789a5a0178d,0,1,0000000000000071,4,1,0,00
4090,4090,0,0000000,00,3,3,3,17e9a5a017eda5a0,0,0,3,a5a01789a5a0178d,0,1,0000000000000000,4,1,1,00
4091,4091,0,0000000,00,3,3,3,17e1a5a017e5a5a0,0,0,3,a5a01789a5a0178d,0,1,0000000000000000,4,1,1,00
4092,4092,0,0000000,00,3,3,3,1619a5a0161da5a0,0,0,3,a5a01789a5a0178d,0,1,0000000000000000,4,1,1,00
4093,4093,0,0000000,00,3,3,3,1611a5a01615a5a0,0,0,3,a5a01609a5a0160d,0,1,0000000000000000,4,1,1,00
4094,4094,0,0000000,00,3,3,3,1789a5a0178da5a0,0,0,3,a5a01609a5a0160d,0,1,0000000000000000,4,1,1,00
4095,4095,0,0000000,00,3,3,3,0000000000000009,0,0,3,a5a01609a5a0160d,0,1,1600000000000000,4,1,0,00
