Sample in Buffer,Sample in Window,TRIGGER,w_dfi_address[25:0],w_dfi_bank[5:0],w_dfi_cas_n[1:0],w_dfi_cs_n[1:0],w_dfi_ras_n[1:0],w_dfi_rddata[63:0],w_dfi_rddata_en[1:0],w_dfi_rddata_valid[1:0],w_dfi_we_n[1:0],w_dfi_wrdata[63:0],w_dfi_wrdata_en[1:0],w_idelay_rdy,u_a7ddrphy/a7ddrphy_dq_oe_delay_tappeddelayline,u_a7ddrphy/a7ddrphy_dq_oe_delay_tappeddelayline_tappeddelayline,u_a7ddrphy/a7ddrphy_dq_oe_delay_tappeddelayline_tappeddelayline_reg_0,u_a7ddrphy/a7ddrphy_dqs_oe_delay_tappeddelayline,u_a7ddrphy/a7ddrphy_dqs_oe_delay_tappeddelayline_tappeddelayline,u_harness/w_dfi_rddata_dly[63:0],u_harness/w_rd_dbg_actual[63:0],u_harness/w_rd_dbg_expected[63:0],u_harness/w_rd_dbg_mismatch,u_harness/w_rd_dbg_valid
Radix - UNSIGNED,UNSIGNED,UNSIGNED,HEX,HEX,HEX,HEX,HEX,HEX,HEX,HEX,HEX,HEX,HEX,HEX,HEX,HEX,HEX,HEX,HEX,HEX,HEX,HEX,HEX,HEX
0,0,0,0000000,00,3,3,3,0000000000000000,0,0,3,d65bd77e10f1103b,0,1,0,0,1,0,0,0000000000000000,0000000000000000,0000000000000000,0,0
1,1,0,0000000,00,3,3,3,0000000000000000,0,0,3,d65bd77e10f1103b,0,1,0,0,1,0,0,0000000000000000,0000000000000000,0000000000000000,0,0
2,2,0,0000000,00,3,3,3,0000000000000000,0,0,3,d65bd77e10f1103b,0,1,0,0,1,0,0,0000000000000000,0000000000000000,0000000000000000,0,0
3,3,0,0000000,00,3,3,3,0000000000000000,0,0,3,d65bd77e10f1103b,0,1,0,0,1,0,0,0000000000000000,0000000000000000,0000000000000000,0,0
4,4,0,0000000,00,3,3,3,0000000000000000,0,0,3,d65bd77e10f1103b,0,1,0,0,1,0,0,0000000000000000,0000000000000000,0000000000000000,0,0
5,5,0,0000000,00,3,3,3,0000000000000000,0,0,3,d65bd77e10f1103b,0,1,0,0,1,0,0,0000000000000000,0000000000000000,0000000000000000,0,0
6,6,0,0000000,00,3,3,3,0000000000000000,0,0,3,d65bd77e10f1103b,0,1,0,0,1,0,0,0000000000000000,0000000000000000,0000000000000000,0,0
7,7,0,0000000,00,3,3,3,0000000000000000,0,0,3,d65bd77e10f1103b,0,1,0,0,1,0,0,0000000000000000,0000000000000000,0000000000000000,0,0
8,8,0,0000000,00,3,3,3,0000000000000000,0,0,3,d65bd77e10f1103b,0,1,0,0,1,0,0,0000000000000000,0000000000000000,0000000000000000,0,0
9,9,0,0000000,00,3,3,3,0000000000000000,0,0,3,d65bd77e10f1103b,0,1,0,0,1,0,0,0000000000000000,0000000000000000,0000000000000000,0,0
10,10,0,0000000,00,3,3,3,0000000000000000,0,0,3,d65bd77e10f1103b,0,1,0,0,1,0,0,0000000000000000,0000000000000000,0000000000000000,0,0
11,11,0,0000000,00,3,3,3,0000000000000000,0,0,3,d65bd77e10f1103b,0,1,0,0,1,0,0,0000000000000000,0000000000000000,0000000000000000,0,0
12,12,0,0000000,00,3,3,3,0000000000000000,0,0,3,d65bd77e10f1103b,0,1,0,0,1,0,0,0000000000000000,0000000000000000,0000000000000000,0,0
13,13,0,0000000,00,3,3,3,0000000000000000,0,0,3,d65bd77e10f1103b,0,1,0,0,1,0,0,0000000000000000,0000000000000000,0000000000000000,0,0
14,14,0,0000000,00,3,3,3,0000000000000000,0,0,3,d65bd77e10f1103b,0,1,0,0,1,0,0,0000000000000000,0000000000000000,0000000000000000,0,0
15,15,0,0000000,00,3,3,3,0000000000000000,0,0,3,d65bd77e10f1103b,0,1,0,0,1,0,0,0000000000000000,0000000000000000,0000000000000000,0,0
16,16,0,0000000,00,3,3,3,0000000000000000,0,0,3,d65bd77e10f1103b,0,1,0,0,1,0,0,0000000000000000,0000000000000000,0000000000000000,0,0
17,17,0,0000000,00,3,3,3,0000000000000000,0,0,3,d65bd77e10f1103b,0,1,0,0,1,0,0,0000000000000000,0000000000000000,0000000000000000,0,0
18,18,0,0000000,00,3,3,3,0000000000000000,0,0,3,d65bd77e10f1103b,0,1,0,0,1,0,0,0000000000000000,0000000000000000,0000000000000000,0,0
19,19,0,0000000,00,3,3,3,0000000000000000,0,0,3,d65bd77e10f1103b,0,1,0,0,1,0,0,0000000000000000,0000000000000000,0000000000000000,0,0
20,20,0,0000000,00,3,3,3,0000000000000000,0,0,3,d65bd77e10f1103b,0,1,0,0,1,0,0,0000000000000000,0000000000000000,0000000000000000,0,0
21,21,0,0000000,00,3,3,3,0000000000000000,0,0,3,d65bd77e10f1103b,0,1,0,0,1,0,0,0000000000000000,0000000000000000,0000000000000000,0,0
22,22,0,0000000,00,3,3,3,0000000000000000,0,0,3,d65bd77e10f1103b,0,1,0,0,1,0,0,0000000000000000,0000000000000000,0000000000000000,0,0
23,23,0,0000000,00,3,3,3,0000000000000000,0,0,3,d65bd77e10f1103b,0,1,0,0,1,0,0,0000000000000000,0000000000000000,0000000000000000,0,0
24,24,0,0000000,00,3,3,3,0000000000000000,0,0,3,d65bd77e10f1103b,0,1,0,0,1,0,0,0000000000000000,0000000000000000,0000000000000000,0,0
25,25,0,0000000,00,3,3,3,0000000000000000,0,0,3,d65bd77e10f1103b,0,1,0,0,1,0,0,0000000000000000,0000000000000000,0000000000000000,0,0
26,26,0,0000000,00,3,3,3,0000000000000000,0,0,3,d65bd77e10f1103b,0,1,0,0,1,0,0,0000000000000000,0000000000000000,0000000000000000,0,0
27,27,0,0000000,00,3,3,3,0000000000000000,0,0,3,d65bd77e10f1103b,0,1,0,0,1,0,0,0000000000000000,0000000000000000,0000000000000000,0,0
28,28,0,0000000,00,3,3,3,0000000000000000,0,0,3,d65bd77e10f1103b,0,1,0,0,1,0,0,0000000000000000,0000000000000000,0000000000000000,0,0
29,29,0,0000000,00,3,3,3,0000000000000000,0,0,3,d65bd77e10f1103b,0,1,0,0,1,0,0,0000000000000000,0000000000000000,0000000000000000,0,0
30,30,0,0000000,00,3,3,3,0000000000000000,0,0,3,d65bd77e10f1103b,0,1,0,0,1,0,0,0000000000000000,0000000000000000,0000000000000000,0,0
31,31,0,0000000,00,3,3,3,0000000000000000,0,0,3,d65bd77e10f1103b,0,1,0,0,1,0,0,0000000000000000,0000000000000000,0000000000000000,0,0
32,32,0,0000000,00,3,3,3,0000000000000000,0,0,3,d65bd77e10f1103b,0,1,0,0,1,0,0,0000000000000000,0000000000000000,0000000000000000,0,0
33,33,0,0000000,00,3,3,3,0000000000000000,0,0,3,d65bd77e10f1103b,0,1,0,0,1,0,0,0000000000000000,0000000000000000,0000000000000000,0,0
34,34,0,0000000,00,3,3,3,0000000000000000,0,0,3,d65bd77e10f1103b,0,1,0,0,1,0,0,0000000000000000,0000000000000000,0000000000000000,0,0
35,35,0,0000000,00,3,3,3,0000000000000000,0,0,3,d65bd77e10f1103b,0,1,0,0,1,0,0,0000000000000000,0000000000000000,0000000000000000,0,0
36,36,0,0000000,00,3,3,3,0000000000000000,0,0,3,d65bd77e10f1103b,0,1,0,0,1,0,0,0000000000000000,0000000000000000,0000000000000000,0,0
37,37,0,0000000,00,3,3,3,0000000000000000,0,0,3,d65bd77e10f1103b,0,1,0,0,1,0,0,0000000000000000,0000000000000000,0000000000000000,0,0
38,38,0,0000000,00,3,3,3,0000000000000000,0,0,3,d65bd77e10f1103b,0,1,0,0,1,0,0,0000000000000000,0000000000000000,0000000000000000,0,0
39,39,0,0000000,00,3,3,3,0000000000000000,0,0,3,d65bd77e10f1103b,0,1,0,0,1,0,0,0000000000000000,0000000000000000,0000000000000000,0,0
40,40,0,0000000,00,3,3,3,0000000000000000,0,0,3,d65bd77e10f1103b,0,1,0,0,1,0,0,0000000000000000,0000000000000000,0000000000000000,0,0
41,41,0,0000000,00,3,3,3,0000000000000000,0,0,3,d65bd77e10f1103b,0,1,0,0,1,0,0,0000000000000000,0000000000000000,0000000000000000,0,0
42,42,0,0000000,00,3,3,3,0000000000000000,0,0,3,d65bd77e10f1103b,0,1,0,0,1,0,0,0000000000000000,0000000000000000,0000000000000000,0,0
43,43,0,0000000,00,3,3,3,0000000000000000,0,0,3,d65bd77e10f1103b,0,1,0,0,1,0,0,0000000000000000,0000000000000000,0000000000000000,0,0
44,44,0,0000000,00,3,3,3,0000000000000000,0,0,3,d65bd77e10f1103b,0,1,0,0,1,0,0,0000000000000000,0000000000000000,0000000000000000,0,0
45,45,0,0000000,00,3,3,3,0000000000000000,0,0,3,d65bd77e10f1103b,0,1,0,0,1,0,0,0000000000000000,0000000000000000,0000000000000000,0,0
46,46,0,0000000,00,3,3,3,0000000000000000,0,0,3,d65bd77e10f1103b,0,1,0,0,1,0,0,0000000000000000,0000000000000000,0000000000000000,0,0
47,47,0,0000000,00,3,3,3,0000000000000000,0,0,3,d65bd77e10f1103b,0,1,0,0,1,0,0,0000000000000000,0000000000000000,0000000000000000,0,0
48,48,0,0000000,00,3,3,3,0000000000000000,0,0,3,d65bd77e10f1103b,0,1,0,0,1,0,0,0000000000000000,0000000000000000,0000000000000000,0,0
49,49,0,0000000,00,3,3,3,0000000000000000,0,0,3,d65bd77e10f1103b,0,1,0,0,1,0,0,0000000000000000,0000000000000000,0000000000000000,0,0
50,50,0,0000000,00,3,3,3,0000000000000000,0,0,3,d65bd77e10f1103b,0,1,0,0,1,0,0,0000000000000000,0000000000000000,0000000000000000,0,0
51,51,0,0000000,00,3,3,3,0000000000000000,0,0,3,d65bd77e10f1103b,0,1,0,0,1,0,0,0000000000000000,0000000000000000,0000000000000000,0,0
52,52,0,0000000,00,3,3,3,0000000000000000,0,0,3,d65bd77e10f1103b,0,1,0,0,1,0,0,0000000000000000,0000000000000000,0000000000000000,0,0
53,53,0,0000000,00,3,3,3,0000000000000000,0,0,3,d65bd77e10f1103b,0,1,0,0,1,0,0,0000000000000000,0000000000000000,0000000000000000,0,0
54,54,0,0000000,00,3,3,3,0000000000000000,0,0,3,d65bd77e10f1103b,0,1,0,0,1,0,0,0000000000000000,0000000000000000,0000000000000000,0,0
55,55,0,0000000,00,3,3,3,0000000000000000,0,0,3,d65bd77e10f1103b,0,1,0,0,1,0,0,0000000000000000,0000000000000000,0000000000000000,0,0
56,56,0,0000000,00,3,3,3,0000000000000000,0,0,3,d65bd77e10f1103b,0,1,0,0,1,0,0,0000000000000000,0000000000000000,0000000000000000,0,0
57,57,0,0000000,00,3,3,3,0000000000000000,0,0,3,d65bd77e10f1103b,0,1,0,0,1,0,0,0000000000000000,0000000000000000,0000000000000000,0,0
58,58,0,0000000,00,3,3,3,0000000000000000,0,0,3,d65bd77e10f1103b,0,1,0,0,1,0,0,0000000000000000,0000000000000000,0000000000000000,0,0
59,59,0,0000000,00,3,3,3,0000000000000000,0,0,3,d65bd77e10f1103b,0,1,0,0,1,0,0,0000000000000000,0000000000000000,0000000000000000,0,0
60,60,0,0000000,00,3,3,3,0000000000000000,0,0,3,d65bd77e10f1103b,0,1,0,0,1,0,0,0000000000000000,0000000000000000,0000000000000000,0,0
61,61,0,0000000,00,3,3,3,0000000000000000,0,0,3,d65bd77e10f1103b,0,1,0,0,1,0,0,0000000000000000,0000000000000000,0000000000000000,0,0
62,62,0,0000000,00,3,3,3,0000000000000000,0,0,3,d65bd77e10f1103b,0,1,0,0,1,0,0,0000000000000000,0000000000000000,0000000000000000,0,0
63,63,0,0000000,00,3,3,3,0000000000000000,0,0,3,d65bd77e10f1103b,0,1,0,0,1,0,0,0000000000000000,0000000000000000,0000000000000000,0,0
64,64,0,0000000,00,3,3,3,0000000000000000,0,0,3,d65bd77e10f1103b,0,1,0,0,1,0,0,0000000000000000,0000000000000000,0000000000000000,0,0
65,65,0,0000000,00,3,3,3,0000000000000000,0,0,3,d65bd77e10f1103b,0,1,0,0,1,0,0,0000000000000000,0000000000000000,0000000000000000,0,0
66,66,0,0000000,00,3,3,3,0000000000000000,0,0,3,d65bd77e10f1103b,0,1,0,0,1,0,0,0000000000000000,0000000000000000,0000000000000000,0,0
67,67,0,0000000,00,3,3,3,0000000000000000,0,0,3,d65bd77e10f1103b,0,1,0,0,1,0,0,0000000000000000,0000000000000000,0000000000000000,0,0
68,68,0,0000000,00,3,3,3,0000000000000000,0,0,3,d65bd77e10f1103b,0,1,0,0,1,0,0,0000000000000000,0000000000000000,0000000000000000,0,0
69,69,0,0000000,00,3,3,3,0000000000000000,0,0,3,d65bd77e10f1103b,0,1,0,0,1,0,0,0000000000000000,0000000000000000,0000000000000000,0,0
70,70,0,0000000,00,3,3,3,0000000000000000,0,0,3,d65bd77e10f1103b,0,1,0,0,1,0,0,0000000000000000,0000000000000000,0000000000000000,0,0
71,71,0,0000000,00,3,3,3,0000000000000000,0,0,3,d65bd77e10f1103b,0,1,0,0,1,0,0,0000000000000000,0000000000000000,0000000000000000,0,0
72,72,0,0000000,00,3,3,3,0000000000000000,0,0,3,d65bd77e10f1103b,0,1,0,0,1,0,0,0000000000000000,0000000000000000,0000000000000000,0,0
73,73,0,0000000,00,3,3,3,0000000000000000,0,0,3,d65bd77e10f1103b,0,1,0,0,1,0,0,0000000000000000,0000000000000000,0000000000000000,0,0
74,74,0,0000000,00,3,3,3,0000000000000000,0,0,3,d65bd77e10f1103b,0,1,0,0,1,0,0,0000000000000000,0000000000000000,0000000000000000,0,0
75,75,0,0000000,00,3,3,3,0000000000000000,0,0,3,d65bd77e10f1103b,0,1,0,0,1,0,0,0000000000000000,0000000000000000,0000000000000000,0,0
76,76,0,0000000,00,3,3,3,0000000000000000,0,0,3,d65bd77e10f1103b,0,1,0,0,1,0,0,0000000000000000,0000000000000000,0000000000000000,0,0
77,77,0,0000000,00,3,3,3,0000000000000000,0,0,3,d65bd77e10f1103b,0,1,0,0,1,0,0,0000000000000000,0000000000000000,0000000000000000,0,0
78,78,0,0000000,00,3,3,3,0000000000000000,0,0,3,d65bd77e10f1103b,0,1,0,0,1,0,0,0000000000000000,0000000000000000,0000000000000000,0,0
79,79,0,0000000,00,3,3,3,0000000000000000,0,0,3,d65bd77e10f1103b,0,1,0,0,1,0,0,0000000000000000,0000000000000000,0000000000000000,0,0
80,80,0,0000000,00,3,3,3,0000000000000000,0,0,3,d65bd77e10f1103b,0,1,0,0,1,0,0,0000000000000000,0000000000000000,0000000000000000,0,0
81,81,0,0000000,00,3,3,3,0000000000000000,0,0,3,d65bd77e10f1103b,0,1,0,0,1,0,0,0000000000000000,0000000000000000,0000000000000000,0,0
82,82,0,0000000,00,3,3,3,0000000000000000,0,0,3,d65bd77e10f1103b,0,1,0,0,1,0,0,0000000000000000,0000000000000000,0000000000000000,0,0
83,83,0,0000000,00,3,3,3,0000000000000000,0,0,3,d65bd77e10f1103b,0,1,0,0,1,0,0,0000000000000000,0000000000000000,0000000000000000,0,0
84,84,0,0000000,00,3,3,3,0000000000000000,0,0,3,d65bd77e10f1103b,0,1,0,0,1,0,0,0000000000000000,0000000000000000,0000000000000000,0,0
85,85,0,0000000,00,3,3,3,0000000000000000,0,0,3,d65bd77e10f1103b,0,1,0,0,1,0,0,0000000000000000,0000000000000000,0000000000000000,0,0
86,86,0,0000000,00,3,3,3,0000000000000000,0,0,3,d65bd77e10f1103b,0,1,0,0,1,0,0,0000000000000000,0000000000000000,0000000000000000,0,0
87,87,0,0000000,00,3,3,3,0000000000000000,0,0,3,d65bd77e10f1103b,0,1,0,0,1,0,0,0000000000000000,0000000000000000,0000000000000000,0,0
88,88,0,0000000,00,3,3,3,0000000000000000,0,0,3,d65bd77e10f1103b,0,1,0,0,1,0,0,0000000000000000,0000000000000000,0000000000000000,0,0
89,89,0,0000000,00,3,3,3,0000000000000000,0,0,3,d65bd77e10f1103b,0,1,0,0,1,0,0,0000000000000000,0000000000000000,0000000000000000,0,0
90,90,0,0000000,00,3,3,3,0000000000000000,0,0,3,d65bd77e10f1103b,0,1,0,0,1,0,0,0000000000000000,0000000000000000,0000000000000000,0,0
91,91,0,0000000,00,3,3,3,0000000000000000,0,0,3,d65bd77e10f1103b,0,1,0,0,1,0,0,0000000000000000,0000000000000000,0000000000000000,0,0
92,92,0,0000000,00,3,3,3,0000000000000000,0,0,3,d65bd77e10f1103b,0,1,0,0,1,0,0,0000000000000000,0000000000000000,0000000000000000,0,0
93,93,0,0000000,00,3,3,3,0000000000000000,0,0,3,d65bd77e10f1103b,0,1,0,0,1,0,0,0000000000000000,0000000000000000,0000000000000000,0,0
94,94,0,0000000,00,3,3,3,0000000000000000,0,0,3,d65bd77e10f1103b,0,1,0,0,1,0,0,0000000000000000,0000000000000000,0000000000000000,0,0
95,95,0,0000000,00,3,3,3,0000000000000000,0,0,3,d65bd77e10f1103b,0,1,0,0,1,0,0,0000000000000000,0000000000000000,0000000000000000,0,0
96,96,0,0000000,00,3,3,3,0000000000000000,0,0,3,d65bd77e10f1103b,0,1,0,0,1,0,0,0000000000000000,0000000000000000,0000000000000000,0,0
97,97,0,0000000,00,3,3,3,0000000000000000,0,0,3,d65bd77e10f1103b,0,1,0,0,1,0,0,0000000000000000,0000000000000000,0000000000000000,0,0
98,98,0,0000000,00,3,3,3,0000000000000000,0,0,3,d65bd77e10f1103b,0,1,0,0,1,0,0,0000000000000000,0000000000000000,0000000000000000,0,0
99,99,0,0000000,00,3,3,3,0000000000000000,0,0,3,d65bd77e10f1103b,0,1,0,0,1,0,0,0000000000000000,0000000000000000,0000000000000000,0,0
100,100,0,0000000,00,3,3,3,0000000000000000,0,0,3,d65bd77e10f1103b,0,1,0,0,1,0,0,0000000000000000,0000000000000000,0000000000000000,0,0
101,101,0,0000000,00,3,3,3,0000000000000000,0,0,3,d65bd77e10f1103b,0,1,0,0,1,0,0,0000000000000000,0000000000000000,0000000000000000,0,0
102,102,0,0000000,00,3,3,3,0000000000000000,0,0,3,d65bd77e10f1103b,0,1,0,0,1,0,0,0000000000000000,0000000000000000,0000000000000000,0,0
103,103,0,0000000,00,3,3,3,0000000000000000,0,0,3,d65bd77e10f1103b,0,1,0,0,1,0,0,0000000000000000,0000000000000000,0000000000000000,0,0
104,104,0,0000000,00,3,3,3,0000000000000000,0,0,3,d65bd77e10f1103b,0,1,0,0,1,0,0,0000000000000000,0000000000000000,0000000000000000,0,0
105,105,0,0000000,00,3,3,3,0000000000000000,0,0,3,d65bd77e10f1103b,0,1,0,0,1,0,0,0000000000000000,0000000000000000,0000000000000000,0,0
106,106,0,0000000,00,3,3,3,0000000000000000,0,0,3,d65bd77e10f1103b,0,1,0,0,1,0,0,0000000000000000,0000000000000000,0000000000000000,0,0
107,107,0,0000000,00,3,3,3,0000000000000000,0,0,3,d65bd77e10f1103b,0,1,0,0,1,0,0,0000000000000000,0000000000000000,0000000000000000,0,0
108,108,0,0000000,00,3,3,3,0000000000000000,0,0,3,d65bd77e10f1103b,0,1,0,0,1,0,0,0000000000000000,0000000000000000,0000000000000000,0,0
109,109,0,0000000,00,3,3,3,0000000000000000,0,0,3,d65bd77e10f1103b,0,1,0,0,1,0,0,0000000000000000,0000000000000000,0000000000000000,0,0
110,110,0,0000000,00,3,3,3,0000000000000000,0,0,3,d65bd77e10f1103b,0,1,0,0,1,0,0,0000000000000000,0000000000000000,0000000000000000,0,0
111,111,0,0000000,00,3,3,3,0000000000000000,0,0,3,d65bd77e10f1103b,0,1,0,0,1,0,0,0000000000000000,0000000000000000,0000000000000000,0,0
112,112,0,0000000,00,3,3,3,0000000000000000,0,0,3,d65bd77e10f1103b,0,1,0,0,1,0,0,0000000000000000,0000000000000000,0000000000000000,0,0
113,113,0,0000000,00,3,3,3,0000000000000000,0,0,3,d65bd77e10f1103b,0,1,0,0,1,0,0,0000000000000000,0000000000000000,0000000000000000,0,0
114,114,0,0000000,00,3,3,3,0000000000000000,0,0,3,d65bd77e10f1103b,0,1,0,0,1,0,0,0000000000000000,0000000000000000,0000000000000000,0,0
115,115,0,0000000,00,3,3,3,0000000000000000,0,0,3,d65bd77e10f1103b,0,1,0,0,1,0,0,0000000000000000,0000000000000000,0000000000000000,0,0
116,116,0,0000000,00,3,3,3,0000000000000000,0,0,3,d65bd77e10f1103b,0,1,0,0,1,0,0,0000000000000000,0000000000000000,0000000000000000,0,0
117,117,0,0000000,00,3,3,3,0000000000000000,0,0,3,d65bd77e10f1103b,0,1,0,0,1,0,0,0000000000000000,0000000000000000,0000000000000000,0,0
118,118,0,0000000,00,3,3,3,0000000000000000,0,0,3,d65bd77e10f1103b,0,1,0,0,1,0,0,0000000000000000,0000000000000000,0000000000000000,0,0
119,119,0,0000000,00,3,3,3,0000000000000000,0,0,3,d65bd77e10f1103b,0,1,0,0,1,0,0,0000000000000000,0000000000000000,0000000000000000,0,0
120,120,0,0000000,00,3,3,3,0000000000000000,0,0,3,d65bd77e10f1103b,0,1,0,0,1,0,0,0000000000000000,0000000000000000,0000000000000000,0,0
121,121,0,0000000,00,3,3,3,0000000000000000,0,0,3,d65bd77e10f1103b,0,1,0,0,1,0,0,0000000000000000,0000000000000000,0000000000000000,0,0
122,122,0,0000000,00,3,3,3,0000000000000000,0,0,3,d65bd77e10f1103b,0,1,0,0,1,0,0,0000000000000000,0000000000000000,0000000000000000,0,0
123,123,0,0000000,00,3,3,3,0000000000000000,0,0,3,d65bd77e10f1103b,0,1,0,0,1,0,0,0000000000000000,0000000000000000,0000000000000000,0,0
124,124,0,0000000,00,3,3,3,0000000000000000,0,0,3,d65bd77e10f1103b,0,1,0,0,1,0,0,0000000000000000,0000000000000000,0000000000000000,0,0
125,125,0,0000000,00,3,3,3,0000000000000000,0,0,3,d65bd77e10f1103b,0,1,0,0,1,0,0,0000000000000000,0000000000000000,0000000000000000,0,0
126,126,0,0000000,00,3,3,3,0000000000000000,0,0,3,d65bd77e10f1103b,0,1,0,0,1,0,0,0000000000000000,0000000000000000,0000000000000000,0,0
127,127,0,0000000,00,3,3,3,0000000000000000,0,0,3,d65bd77e10f1103b,0,1,0,0,1,0,0,0000000000000000,0000000000000000,0000000000000000,0,0
128,128,0,0000000,00,3,3,3,0000000000000000,0,0,3,d65bd77e10f1103b,0,1,0,0,1,0,0,0000000000000000,0000000000000000,0000000000000000,0,0
129,129,0,0000000,00,3,3,3,0000000000000000,0,0,3,d65bd77e10f1103b,0,1,0,0,1,0,0,0000000000000000,0000000000000000,0000000000000000,0,0
130,130,0,0000000,00,3,3,3,0000000000000000,0,0,3,d65bd77e10f1103b,0,1,0,0,1,0,0,0000000000000000,0000000000000000,0000000000000000,0,0
131,131,0,0000000,00,3,3,3,0000000000000000,0,0,3,d65bd77e10f1103b,0,1,0,0,1,0,0,0000000000000000,0000000000000000,0000000000000000,0,0
132,132,0,0000000,00,3,3,3,0000000000000000,0,0,3,d65bd77e10f1103b,0,1,0,0,1,0,0,0000000000000000,0000000000000000,0000000000000000,0,0
133,133,0,0000000,00,3,3,3,0000000000000000,0,0,3,d65bd77e10f1103b,0,1,0,0,1,0,0,0000000000000000,0000000000000000,0000000000000000,0,0
134,134,0,0000000,00,3,3,3,0000000000000000,0,0,3,d65bd77e10f1103b,0,1,0,0,1,0,0,0000000000000000,0000000000000000,0000000000000000,0,0
135,135,0,0000000,00,3,3,3,0000000000000000,0,0,3,d65bd77e10f1103b,0,1,0,0,1,0,0,0000000000000000,0000000000000000,0000000000000000,0,0
136,136,0,0000000,00,3,3,3,0000000000000000,0,0,3,d65bd77e10f1103b,0,1,0,0,1,0,0,0000000000000000,0000000000000000,0000000000000000,0,0
137,137,0,0000000,00,3,3,3,0000000000000000,0,0,3,d65bd77e10f1103b,0,1,0,0,1,0,0,0000000000000000,0000000000000000,0000000000000000,0,0
138,138,0,0000000,00,3,3,3,0000000000000000,0,0,3,d65bd77e10f1103b,0,1,0,0,1,0,0,0000000000000000,0000000000000000,0000000000000000,0,0
139,139,0,0000000,00,3,3,3,0000000000000000,0,0,3,d65bd77e10f1103b,0,1,0,0,1,0,0,0000000000000000,0000000000000000,0000000000000000,0,0
140,140,0,0000000,00,3,3,3,0000000000000000,0,0,3,d65bd77e10f1103b,0,1,0,0,1,0,0,0000000000000000,0000000000000000,0000000000000000,0,0
141,141,0,0000000,00,3,3,3,0000000000000000,0,0,3,d65bd77e10f1103b,0,1,0,0,1,0,0,0000000000000000,0000000000000000,0000000000000000,0,0
142,142,0,0000000,00,3,3,3,0000000000000000,0,0,3,d65bd77e10f1103b,0,1,0,0,1,0,0,0000000000000000,0000000000000000,0000000000000000,0,0
143,143,0,0000000,00,3,3,3,0000000000000000,0,0,3,d65bd77e10f1103b,0,1,0,0,1,0,0,0000000000000000,0000000000000000,0000000000000000,0,0
144,144,0,0000000,00,3,3,3,0000000000000000,0,0,3,d65bd77e10f1103b,0,1,0,0,1,0,0,0000000000000000,0000000000000000,0000000000000000,0,0
145,145,0,0000000,00,3,3,3,0000000000000000,0,0,3,d65bd77e10f1103b,0,1,0,0,1,0,0,0000000000000000,0000000000000000,0000000000000000,0,0
146,146,0,0000000,00,3,3,3,0000000000000000,0,0,3,d65bd77e10f1103b,0,1,0,0,1,0,0,0000000000000000,0000000000000000,0000000000000000,0,0
147,147,0,0000000,00,3,3,3,0000000000000000,0,0,3,d65bd77e10f1103b,0,1,0,0,1,0,0,0000000000000000,0000000000000000,0000000000000000,0,0
148,148,0,0000000,00,3,3,3,0000000000000000,0,0,3,d65bd77e10f1103b,0,1,0,0,1,0,0,0000000000000000,0000000000000000,0000000000000000,0,0
149,149,0,0000000,00,3,3,3,0000000000000000,0,0,3,d65bd77e10f1103b,0,1,0,0,1,0,0,0000000000000000,0000000000000000,0000000000000000,0,0
150,150,0,0000000,00,3,3,3,0000000000000000,0,0,3,d65bd77e10f1103b,0,1,0,0,1,0,0,0000000000000000,0000000000000000,0000000000000000,0,0
151,151,0,0000000,00,3,3,3,0000000000000000,0,0,3,d65bd77e10f1103b,0,1,0,0,1,0,0,0000000000000000,0000000000000000,0000000000000000,0,0
152,152,0,0000000,00,3,3,3,0000000000000000,0,0,3,d65bd77e10f1103b,0,1,0,0,1,0,0,0000000000000000,0000000000000000,0000000000000000,0,0
153,153,0,0000000,00,3,3,3,0000000000000000,0,0,3,d65bd77e10f1103b,0,1,0,0,1,0,0,0000000000000000,0000000000000000,0000000000000000,0,0
154,154,0,0000000,00,3,3,3,0000000000000000,0,0,3,d65bd77e10f1103b,0,1,0,0,1,0,0,0000000000000000,0000000000000000,0000000000000000,0,0
155,155,0,0000000,00,3,3,3,0000000000000000,0,0,3,d65bd77e10f1103b,0,1,0,0,1,0,0,0000000000000000,0000000000000000,0000000000000000,0,0
156,156,0,0000000,00,3,3,3,0000000000000000,0,0,3,d65bd77e10f1103b,0,1,0,0,1,0,0,0000000000000000,0000000000000000,0000000000000000,0,0
157,157,0,0000000,00,3,3,3,0000000000000000,0,0,3,d65bd77e10f1103b,0,1,0,0,1,0,0,0000000000000000,0000000000000000,0000000000000000,0,0
158,158,0,0000000,00,3,3,3,0000000000000000,0,0,3,d65bd77e10f1103b,0,1,0,0,1,0,0,0000000000000000,0000000000000000,0000000000000000,0,0
159,159,0,0000000,00,3,3,3,0000000000000000,0,0,3,d65bd77e10f1103b,0,1,0,0,1,0,0,0000000000000000,0000000000000000,0000000000000000,0,0
160,160,0,0000000,00,3,3,3,0000000000000000,0,0,3,d65bd77e10f1103b,0,1,0,0,1,0,0,0000000000000000,0000000000000000,0000000000000000,0,0
161,161,0,0000000,00,3,3,3,0000000000000000,0,0,3,d65bd77e10f1103b,0,1,0,0,1,0,0,0000000000000000,0000000000000000,0000000000000000,0,0
162,162,0,0000000,00,3,3,3,0000000000000000,0,0,3,d65bd77e10f1103b,0,1,0,0,1,0,0,0000000000000000,0000000000000000,0000000000000000,0,0
163,163,0,0000000,00,3,3,3,0000000000000000,0,0,3,d65bd77e10f1103b,0,1,0,0,1,0,0,0000000000000000,0000000000000000,0000000000000000,0,0
164,164,0,0000000,00,3,3,3,0000000000000000,0,0,3,d65bd77e10f1103b,0,1,0,0,1,0,0,0000000000000000,0000000000000000,0000000000000000,0,0
165,165,0,0000000,00,3,3,3,0000000000000000,0,0,3,d65bd77e10f1103b,0,1,0,0,1,0,0,0000000000000000,0000000000000000,0000000000000000,0,0
166,166,0,0000000,00,3,3,3,0000000000000000,0,0,3,d65bd77e10f1103b,0,1,0,0,1,0,0,0000000000000000,0000000000000000,0000000000000000,0,0
167,167,0,0000000,00,3,3,3,0000000000000000,0,0,3,d65bd77e10f1103b,0,1,0,0,1,0,0,0000000000000000,0000000000000000,0000000000000000,0,0
168,168,0,0000000,00,3,3,3,0000000000000000,0,0,3,d65bd77e10f1103b,0,1,0,0,1,0,0,0000000000000000,0000000000000000,0000000000000000,0,0
169,169,0,0000000,00,3,3,3,0000000000000000,0,0,3,d65bd77e10f1103b,0,1,0,0,1,0,0,0000000000000000,0000000000000000,0000000000000000,0,0
170,170,0,0000000,00,3,3,3,0000000000000000,0,0,3,d65bd77e10f1103b,0,1,0,0,1,0,0,0000000000000000,0000000000000000,0000000000000000,0,0
171,171,0,0000000,00,3,3,3,0000000000000000,0,0,3,d65bd77e10f1103b,0,1,0,0,1,0,0,0000000000000000,0000000000000000,0000000000000000,0,0
172,172,0,0000000,00,3,3,3,0000000000000000,0,0,3,d65bd77e10f1103b,0,1,0,0,1,0,0,0000000000000000,0000000000000000,0000000000000000,0,0
173,173,0,0000000,00,3,3,3,0000000000000000,0,0,3,d65bd77e10f1103b,0,1,0,0,1,0,0,0000000000000000,0000000000000000,0000000000000000,0,0
174,174,0,0000000,00,3,3,3,0000000000000000,0,0,3,d65bd77e10f1103b,0,1,0,0,1,0,0,0000000000000000,0000000000000000,0000000000000000,0,0
175,175,0,0000000,00,3,3,3,0000000000000000,0,0,3,d65bd77e10f1103b,0,1,0,0,1,0,0,0000000000000000,0000000000000000,0000000000000000,0,0
176,176,0,0000000,00,3,3,3,0000000000000000,0,0,3,d65bd77e10f1103b,0,1,0,0,1,0,0,0000000000000000,0000000000000000,0000000000000000,0,0
177,177,0,0000000,00,3,3,3,0000000000000000,0,0,3,d65bd77e10f1103b,0,1,0,0,1,0,0,0000000000000000,0000000000000000,0000000000000000,0,0
178,178,0,0000000,00,3,3,3,0000000000000000,0,0,3,d65bd77e10f1103b,0,1,0,0,1,0,0,0000000000000000,0000000000000000,0000000000000000,0,0
179,179,0,0000000,00,3,3,3,0000000000000000,0,0,3,d65bd77e10f1103b,0,1,0,0,1,0,0,0000000000000000,0000000000000000,0000000000000000,0,0
180,180,0,0000000,00,3,3,3,0000000000000000,0,0,3,d65bd77e10f1103b,0,1,0,0,1,0,0,0000000000000000,0000000000000000,0000000000000000,0,0
181,181,0,0000000,00,3,3,3,0000000000000000,0,0,3,d65bd77e10f1103b,0,1,0,0,1,0,0,0000000000000000,0000000000000000,0000000000000000,0,0
182,182,0,0000000,00,3,3,3,0000000000000000,0,0,3,d65bd77e10f1103b,0,1,0,0,1,0,0,0000000000000000,0000000000000000,0000000000000000,0,0
183,183,0,0000000,00,3,3,3,0000000000000000,0,0,3,d65bd77e10f1103b,0,1,0,0,1,0,0,0000000000000000,0000000000000000,0000000000000000,0,0
184,184,0,0000000,00,3,3,3,0000000000000000,0,0,3,d65bd77e10f1103b,0,1,0,0,1,0,0,0000000000000000,0000000000000000,0000000000000000,0,0
185,185,0,0000000,00,3,3,3,0000000000000000,0,0,3,d65bd77e10f1103b,0,1,0,0,1,0,0,0000000000000000,0000000000000000,0000000000000000,0,0
186,186,0,0000000,00,3,3,3,0000000000000000,0,0,3,d65bd77e10f1103b,0,1,0,0,1,0,0,0000000000000000,0000000000000000,0000000000000000,0,0
187,187,0,0000000,00,3,3,3,0000000000000000,0,0,3,d65bd77e10f1103b,0,1,0,0,1,0,0,0000000000000000,0000000000000000,0000000000000000,0,0
188,188,0,0000000,00,3,3,3,0000000000000000,0,0,3,d65bd77e10f1103b,0,1,0,0,1,0,0,0000000000000000,0000000000000000,0000000000000000,0,0
189,189,0,0000000,00,3,3,3,0000000000000000,0,0,3,d65bd77e10f1103b,0,1,0,0,1,0,0,0000000000000000,0000000000000000,0000000000000000,0,0
190,190,0,0000000,00,3,3,3,0000000000000000,0,0,3,d65bd77e10f1103b,0,1,0,0,1,0,0,0000000000000000,0000000000000000,0000000000000000,0,0
191,191,0,0000000,00,3,3,3,0000000000000000,0,0,3,d65bd77e10f1103b,0,1,0,0,1,0,0,0000000000000000,0000000000000000,0000000000000000,0,0
192,192,0,0000000,00,3,3,3,0000000000000000,0,0,3,d65bd77e10f1103b,0,1,0,0,1,0,0,0000000000000000,0000000000000000,0000000000000000,0,0
193,193,0,0000000,00,3,3,3,0000000000000000,0,0,3,d65bd77e10f1103b,0,1,0,0,1,0,0,0000000000000000,0000000000000000,0000000000000000,0,0
194,194,0,0000000,00,3,3,3,0000000000000000,0,0,3,d65bd77e10f1103b,0,1,0,0,1,0,0,0000000000000000,0000000000000000,0000000000000000,0,0
195,195,0,0000000,00,3,3,3,0000000000000000,0,0,3,d65bd77e10f1103b,0,1,0,0,1,0,0,0000000000000000,0000000000000000,0000000000000000,0,0
196,196,0,0000000,00,3,3,3,0000000000000000,0,0,3,d65bd77e10f1103b,0,1,0,0,1,0,0,0000000000000000,0000000000000000,0000000000000000,0,0
197,197,0,0000000,00,3,3,3,0000000000000000,0,0,3,d65bd77e10f1103b,0,1,0,0,1,0,0,0000000000000000,0000000000000000,0000000000000000,0,0
198,198,0,0000000,00,3,3,3,0000000000000000,0,0,3,d65bd77e10f1103b,0,1,0,0,1,0,0,0000000000000000,0000000000000000,0000000000000000,0,0
199,199,0,0000000,00,3,3,3,0000000000000000,0,0,3,d65bd77e10f1103b,0,1,0,0,1,0,0,0000000000000000,0000000000000000,0000000000000000,0,0
200,200,0,0000000,00,3,3,3,0000000000000000,0,0,3,d65bd77e10f1103b,0,1,0,0,1,0,0,0000000000000000,0000000000000000,0000000000000000,0,0
201,201,0,0000000,00,3,3,3,0000000000000000,0,0,3,d65bd77e10f1103b,0,1,0,0,1,0,0,0000000000000000,0000000000000000,0000000000000000,0,0
202,202,0,0000000,00,3,3,3,0000000000000000,0,0,3,d65bd77e10f1103b,0,1,0,0,1,0,0,0000000000000000,0000000000000000,0000000000000000,0,0
203,203,0,0000000,00,3,3,3,0000000000000000,0,0,3,d65bd77e10f1103b,0,1,0,0,1,0,0,0000000000000000,0000000000000000,0000000000000000,0,0
204,204,0,0000000,00,3,3,3,0000000000000000,0,0,3,d65bd77e10f1103b,0,1,0,0,1,0,0,0000000000000000,0000000000000000,0000000000000000,0,0
205,205,0,0000000,00,3,3,3,0000000000000000,0,0,3,d65bd77e10f1103b,0,1,0,0,1,0,0,0000000000000000,0000000000000000,0000000000000000,0,0
206,206,0,0000000,00,3,3,3,0000000000000000,0,0,3,d65bd77e10f1103b,0,1,0,0,1,0,0,0000000000000000,0000000000000000,0000000000000000,0,0
207,207,0,0000000,00,3,3,3,0000000000000000,0,0,3,d65bd77e10f1103b,0,1,0,0,1,0,0,0000000000000000,0000000000000000,0000000000000000,0,0
208,208,0,0000000,00,3,3,3,0000000000000000,0,0,3,d65bd77e10f1103b,0,1,0,0,1,0,0,0000000000000000,0000000000000000,0000000000000000,0,0
209,209,0,0000000,00,3,3,3,0000000000000000,0,0,3,d65bd77e10f1103b,0,1,0,0,1,0,0,0000000000000000,0000000000000000,0000000000000000,0,0
210,210,0,0000000,00,3,3,3,0000000000000000,0,0,3,d65bd77e10f1103b,0,1,0,0,1,0,0,0000000000000000,0000000000000000,0000000000000000,0,0
211,211,0,0000000,00,3,3,3,0000000000000000,0,0,3,d65bd77e10f1103b,0,1,0,0,1,0,0,0000000000000000,0000000000000000,0000000000000000,0,0
212,212,0,0000000,00,3,3,3,0000000000000000,0,0,3,d65bd77e10f1103b,0,1,0,0,1,0,0,0000000000000000,0000000000000000,0000000000000000,0,0
213,213,0,0000000,00,3,3,3,0000000000000000,0,0,3,d65bd77e10f1103b,0,1,0,0,1,0,0,0000000000000000,0000000000000000,0000000000000000,0,0
214,214,0,0000000,00,3,3,3,0000000000000000,0,0,3,d65bd77e10f1103b,0,1,0,0,1,0,0,0000000000000000,0000000000000000,0000000000000000,0,0
215,215,0,0000000,00,3,3,3,0000000000000000,0,0,3,d65bd77e10f1103b,0,1,0,0,1,0,0,0000000000000000,0000000000000000,0000000000000000,0,0
216,216,0,0000000,00,3,3,3,0000000000000000,0,0,3,d65bd77e10f1103b,0,1,0,0,1,0,0,0000000000000000,0000000000000000,0000000000000000,0,0
217,217,0,0000000,00,3,3,3,0000000000000000,0,0,3,d65bd77e10f1103b,0,1,0,0,1,0,0,0000000000000000,0000000000000000,0000000000000000,0,0
218,218,0,0000000,00,3,3,3,0000000000000000,0,0,3,d65bd77e10f1103b,0,1,0,0,1,0,0,0000000000000000,0000000000000000,0000000000000000,0,0
219,219,0,0000000,00,3,3,3,0000000000000000,0,0,3,d65bd77e10f1103b,0,1,0,0,1,0,0,0000000000000000,0000000000000000,0000000000000000,0,0
220,220,0,0000000,00,3,3,3,0000000000000000,0,0,3,d65bd77e10f1103b,0,1,0,0,1,0,0,0000000000000000,0000000000000000,0000000000000000,0,0
221,221,0,0000000,00,3,3,3,0000000000000000,0,0,3,d65bd77e10f1103b,0,1,0,0,1,0,0,0000000000000000,0000000000000000,0000000000000000,0,0
222,222,0,0000000,00,3,3,3,0000000000000000,0,0,3,d65bd77e10f1103b,0,1,0,0,1,0,0,0000000000000000,0000000000000000,0000000000000000,0,0
223,223,0,0000000,00,3,3,3,0000000000000000,0,0,3,d65bd77e10f1103b,0,1,0,0,1,0,0,0000000000000000,0000000000000000,0000000000000000,0,0
224,224,0,0000000,00,3,3,3,0000000000000000,0,0,3,d65bd77e10f1103b,0,1,0,0,1,0,0,0000000000000000,0000000000000000,0000000000000000,0,0
225,225,0,0000000,00,3,3,3,0000000000000000,0,0,3,d65bd77e10f1103b,0,1,0,0,1,0,0,0000000000000000,0000000000000000,0000000000000000,0,0
226,226,0,0000000,00,3,3,3,0000000000000000,0,0,3,d65bd77e10f1103b,0,1,0,0,1,0,0,0000000000000000,0000000000000000,0000000000000000,0,0
227,227,0,0000000,00,3,3,3,0000000000000000,0,0,3,d65bd77e10f1103b,0,1,0,0,1,0,0,0000000000000000,0000000000000000,0000000000000000,0,0
228,228,0,0000000,00,3,3,3,0000000000000000,0,0,3,d65bd77e10f1103b,0,1,0,0,1,0,0,0000000000000000,0000000000000000,0000000000000000,0,0
229,229,0,0000000,00,3,3,3,0000000000000000,0,0,3,d65bd77e10f1103b,0,1,0,0,1,0,0,0000000000000000,0000000000000000,0000000000000000,0,0
230,230,0,0000000,00,3,3,3,0000000000000000,0,0,3,d65bd77e10f1103b,0,1,0,0,1,0,0,0000000000000000,0000000000000000,0000000000000000,0,0
231,231,0,0000000,00,3,3,3,0000000000000000,0,0,3,d65bd77e10f1103b,0,1,0,0,1,0,0,0000000000000000,0000000000000000,0000000000000000,0,0
232,232,0,0000000,00,3,3,3,0000000000000000,0,0,3,d65bd77e10f1103b,0,1,0,0,1,0,0,0000000000000000,0000000000000000,0000000000000000,0,0
233,233,0,0000000,00,3,3,3,0000000000000000,0,0,3,d65bd77e10f1103b,0,1,0,0,1,0,0,0000000000000000,0000000000000000,0000000000000000,0,0
234,234,0,0000000,00,3,3,3,0000000000000000,0,0,3,d65bd77e10f1103b,0,1,0,0,1,0,0,0000000000000000,0000000000000000,0000000000000000,0,0
235,235,0,0000000,00,3,3,3,0000000000000000,0,0,3,d65bd77e10f1103b,0,1,0,0,1,0,0,0000000000000000,0000000000000000,0000000000000000,0,0
236,236,0,0000000,00,3,3,3,0000000000000000,0,0,3,d65bd77e10f1103b,0,1,0,0,1,0,0,0000000000000000,0000000000000000,0000000000000000,0,0
237,237,0,0000000,00,3,3,3,0000000000000000,0,0,3,d65bd77e10f1103b,0,1,0,0,1,0,0,0000000000000000,0000000000000000,0000000000000000,0,0
238,238,0,0000000,00,3,3,3,0000000000000000,0,0,3,d65bd77e10f1103b,0,1,0,0,1,0,0,0000000000000000,0000000000000000,0000000000000000,0,0
239,239,0,0000000,00,3,3,3,0000000000000000,0,0,3,d65bd77e10f1103b,0,1,0,0,1,0,0,0000000000000000,0000000000000000,0000000000000000,0,0
240,240,0,0000000,00,3,3,3,0000000000000000,0,0,3,d65bd77e10f1103b,0,1,0,0,1,0,0,0000000000000000,0000000000000000,0000000000000000,0,0
241,241,0,0000000,00,3,3,3,0000000000000000,0,0,3,d65bd77e10f1103b,0,1,0,0,1,0,0,0000000000000000,0000000000000000,0000000000000000,0,0
242,242,0,0000000,00,3,3,3,0000000000000000,0,0,3,d65bd77e10f1103b,0,1,0,0,1,0,0,0000000000000000,0000000000000000,0000000000000000,0,0
243,243,0,0000000,00,3,3,3,0000000000000000,0,0,3,d65bd77e10f1103b,0,1,0,0,1,0,0,0000000000000000,0000000000000000,0000000000000000,0,0
244,244,0,0000000,00,3,3,3,0000000000000000,0,0,3,d65bd77e10f1103b,0,1,0,0,1,0,0,0000000000000000,0000000000000000,0000000000000000,0,0
245,245,0,0000000,00,3,3,3,0000000000000000,0,0,3,d65bd77e10f1103b,0,1,0,0,1,0,0,0000000000000000,0000000000000000,0000000000000000,0,0
246,246,0,0000000,00,3,3,3,0000000000000000,0,0,3,d65bd77e10f1103b,0,1,0,0,1,0,0,0000000000000000,0000000000000000,0000000000000000,0,0
247,247,0,0000000,00,3,3,3,0000000000000000,0,0,3,d65bd77e10f1103b,0,1,0,0,1,0,0,0000000000000000,0000000000000000,0000000000000000,0,0
248,248,0,0000000,00,3,3,3,0000000000000000,0,0,3,d65bd77e10f1103b,0,1,0,0,1,0,0,0000000000000000,0000000000000000,0000000000000000,0,0
249,249,0,0000000,00,3,3,3,0000000000000000,0,0,3,d65bd77e10f1103b,0,1,0,0,1,0,0,0000000000000000,0000000000000000,0000000000000000,0,0
250,250,0,0000000,00,3,3,3,0000000000000000,0,0,3,d65bd77e10f1103b,0,1,0,0,1,0,0,0000000000000000,0000000000000000,0000000000000000,0,0
251,251,0,0000000,00,3,3,3,0000000000000000,0,0,3,d65bd77e10f1103b,0,1,0,0,1,0,0,0000000000000000,0000000000000000,0000000000000000,0,0
252,252,0,0000000,00,3,3,3,0000000000000000,0,0,3,d65bd77e10f1103b,0,1,0,0,1,0,0,0000000000000000,0000000000000000,0000000000000000,0,0
253,253,0,0000000,00,3,3,3,0000000000000000,0,0,3,d65bd77e10f1103b,0,1,0,0,1,0,0,0000000000000000,0000000000000000,0000000000000000,0,0
254,254,0,0000000,00,3,3,3,0000000000000000,0,0,3,d65bd77e10f1103b,0,1,0,0,1,0,0,0000000000000000,0000000000000000,0000000000000000,0,0
255,255,0,0000000,00,3,3,3,0000000000000000,0,0,3,d65bd77e10f1103b,0,1,0,0,1,0,0,0000000000000000,0000000000000000,0000000000000000,0,0
256,256,0,0000000,00,3,3,3,0000000000000000,0,0,3,d65bd77e10f1103b,0,1,0,0,1,0,0,0000000000000000,0000000000000000,0000000000000000,0,0
257,257,0,0000000,00,3,3,3,0000000000000000,0,0,3,d65bd77e10f1103b,0,1,0,0,1,0,0,0000000000000000,0000000000000000,0000000000000000,0,0
258,258,0,0000000,00,3,3,3,0000000000000000,0,0,3,d65bd77e10f1103b,0,1,0,0,1,0,0,0000000000000000,0000000000000000,0000000000000000,0,0
259,259,0,0000000,00,3,3,3,0000000000000000,0,0,3,d65bd77e10f1103b,0,1,0,0,1,0,0,0000000000000000,0000000000000000,0000000000000000,0,0
260,260,0,0000000,00,3,3,3,0000000000000000,0,0,3,d65bd77e10f1103b,0,1,0,0,1,0,0,0000000000000000,0000000000000000,0000000000000000,0,0
261,261,0,0000000,00,3,3,3,0000000000000000,0,0,3,d65bd77e10f1103b,0,1,0,0,1,0,0,0000000000000000,0000000000000000,0000000000000000,0,0
262,262,0,0000000,00,3,3,3,0000000000000000,0,0,3,d65bd77e10f1103b,0,1,0,0,1,0,0,0000000000000000,0000000000000000,0000000000000000,0,0
263,263,0,0000000,00,3,3,3,0000000000000000,0,0,3,d65bd77e10f1103b,0,1,0,0,1,0,0,0000000000000000,0000000000000000,0000000000000000,0,0
264,264,0,0000000,00,3,3,3,0000000000000000,0,0,3,d65bd77e10f1103b,0,1,0,0,1,0,0,0000000000000000,0000000000000000,0000000000000000,0,0
265,265,0,0000000,00,3,3,3,0000000000000000,0,0,3,d65bd77e10f1103b,0,1,0,0,1,0,0,0000000000000000,0000000000000000,0000000000000000,0,0
266,266,0,0000000,00,3,3,3,0000000000000000,0,0,3,d65bd77e10f1103b,0,1,0,0,1,0,0,0000000000000000,0000000000000000,0000000000000000,0,0
267,267,0,0000000,00,3,3,3,0000000000000000,0,0,3,d65bd77e10f1103b,0,1,0,0,1,0,0,0000000000000000,0000000000000000,0000000000000000,0,0
268,268,0,0000000,00,3,3,3,0000000000000000,0,0,3,d65bd77e10f1103b,0,1,0,0,1,0,0,0000000000000000,0000000000000000,0000000000000000,0,0
269,269,0,0000000,00,3,3,3,0000000000000000,0,0,3,d65bd77e10f1103b,0,1,0,0,1,0,0,0000000000000000,0000000000000000,0000000000000000,0,0
270,270,0,0000000,00,3,3,3,0000000000000000,0,0,3,d65bd77e10f1103b,0,1,0,0,1,0,0,0000000000000000,0000000000000000,0000000000000000,0,0
271,271,0,0000000,00,3,3,3,0000000000000000,0,0,3,d65bd77e10f1103b,0,1,0,0,1,0,0,0000000000000000,0000000000000000,0000000000000000,0,0
272,272,0,0000000,00,3,3,3,0000000000000000,0,0,3,d65bd77e10f1103b,0,1,0,0,1,0,0,0000000000000000,0000000000000000,0000000000000000,0,0
273,273,0,0000000,00,3,3,3,0000000000000000,0,0,3,d65bd77e10f1103b,0,1,0,0,1,0,0,0000000000000000,0000000000000000,0000000000000000,0,0
274,274,0,0000000,00,3,3,3,0000000000000000,0,0,3,d65bd77e10f1103b,0,1,0,0,1,0,0,0000000000000000,0000000000000000,0000000000000000,0,0
275,275,0,0000000,00,3,3,3,0000000000000000,0,0,3,d65bd77e10f1103b,0,1,0,0,1,0,0,0000000000000000,0000000000000000,0000000000000000,0,0
276,276,0,0000000,00,3,3,3,0000000000000000,0,0,3,d65bd77e10f1103b,0,1,0,0,1,0,0,0000000000000000,0000000000000000,0000000000000000,0,0
277,277,0,0000000,00,3,3,3,0000000000000000,0,0,3,d65bd77e10f1103b,0,1,0,0,1,0,0,0000000000000000,0000000000000000,0000000000000000,0,0
278,278,0,0000000,00,3,3,3,0000000000000000,0,0,3,d65bd77e10f1103b,0,1,0,0,1,0,0,0000000000000000,0000000000000000,0000000000000000,0,0
279,279,0,0000000,00,3,3,3,0000000000000000,0,0,3,d65bd77e10f1103b,0,1,0,0,1,0,0,0000000000000000,0000000000000000,0000000000000000,0,0
280,280,0,0000000,00,3,3,3,0000000000000000,0,0,3,d65bd77e10f1103b,0,1,0,0,1,0,0,0000000000000000,0000000000000000,0000000000000000,0,0
281,281,0,0000000,00,3,3,3,0000000000000000,0,0,3,d65bd77e10f1103b,0,1,0,0,1,0,0,0000000000000000,0000000000000000,0000000000000000,0,0
282,282,0,0000000,00,3,3,3,0000000000000000,0,0,3,d65bd77e10f1103b,0,1,0,0,1,0,0,0000000000000000,0000000000000000,0000000000000000,0,0
283,283,0,0000000,00,3,3,3,0000000000000000,0,0,3,d65bd77e10f1103b,0,1,0,0,1,0,0,0000000000000000,0000000000000000,0000000000000000,0,0
284,284,0,0000000,00,3,3,3,0000000000000000,0,0,3,d65bd77e10f1103b,0,1,0,0,1,0,0,0000000000000000,0000000000000000,0000000000000000,0,0
285,285,0,0000000,00,3,3,3,0000000000000000,0,0,3,d65bd77e10f1103b,0,1,0,0,1,0,0,0000000000000000,0000000000000000,0000000000000000,0,0
286,286,0,0000000,00,3,3,3,0000000000000000,0,0,3,d65bd77e10f1103b,0,1,0,0,1,0,0,0000000000000000,0000000000000000,0000000000000000,0,0
287,287,0,0000000,00,3,3,3,0000000000000000,0,0,3,d65bd77e10f1103b,0,1,0,0,1,0,0,0000000000000000,0000000000000000,0000000000000000,0,0
288,288,0,0000000,00,3,3,3,0000000000000000,0,0,3,d65bd77e10f1103b,0,1,0,0,1,0,0,0000000000000000,0000000000000000,0000000000000000,0,0
289,289,0,0000000,00,3,3,3,0000000000000000,0,0,3,d65bd77e10f1103b,0,1,0,0,1,0,0,0000000000000000,0000000000000000,0000000000000000,0,0
290,290,0,0000000,00,3,3,3,0000000000000000,0,0,3,d65bd77e10f1103b,0,1,0,0,1,0,0,0000000000000000,0000000000000000,0000000000000000,0,0
291,291,0,0000000,00,3,3,3,0000000000000000,0,0,3,d65bd77e10f1103b,0,1,0,0,1,0,0,0000000000000000,0000000000000000,0000000000000000,0,0
292,292,0,0000000,00,3,3,3,0000000000000000,0,0,3,d65bd77e10f1103b,0,1,0,0,1,0,0,0000000000000000,0000000000000000,0000000000000000,0,0
293,293,0,0000000,00,3,3,3,0000000000000000,0,0,3,d65bd77e10f1103b,0,1,0,0,1,0,0,0000000000000000,0000000000000000,0000000000000000,0,0
294,294,0,0000000,00,3,3,3,0000000000000000,0,0,3,d65bd77e10f1103b,0,1,0,0,1,0,0,0000000000000000,0000000000000000,0000000000000000,0,0
295,295,0,0000000,00,3,3,3,0000000000000000,0,0,3,d65bd77e10f1103b,0,1,0,0,1,0,0,0000000000000000,0000000000000000,0000000000000000,0,0
296,296,0,0000000,00,3,3,3,0000000000000000,0,0,3,d65bd77e10f1103b,0,1,0,0,1,0,0,0000000000000000,0000000000000000,0000000000000000,0,0
297,297,0,0000000,00,3,3,3,0000000000000000,0,0,3,d65bd77e10f1103b,0,1,0,0,1,0,0,0000000000000000,0000000000000000,0000000000000000,0,0
298,298,0,0000000,00,3,3,3,0000000000000000,0,0,3,d65bd77e10f1103b,0,1,0,0,1,0,0,0000000000000000,0000000000000000,0000000000000000,0,0
299,299,0,0000000,00,3,3,3,0000000000000000,0,0,3,d65bd77e10f1103b,0,1,0,0,1,0,0,0000000000000000,0000000000000000,0000000000000000,0,0
300,300,0,0000000,00,3,3,3,0000000000000000,0,0,3,d65bd77e10f1103b,0,1,0,0,1,0,0,0000000000000000,0000000000000000,0000000000000000,0,0
301,301,0,0000000,00,3,3,3,0000000000000000,0,0,3,d65bd77e10f1103b,0,1,0,0,1,0,0,0000000000000000,0000000000000000,0000000000000000,0,0
302,302,0,0000000,00,3,3,3,0000000000000000,0,0,3,d65bd77e10f1103b,0,1,0,0,1,0,0,0000000000000000,0000000000000000,0000000000000000,0,0
303,303,0,0000000,00,3,3,3,0000000000000000,0,0,3,d65bd77e10f1103b,0,1,0,0,1,0,0,0000000000000000,0000000000000000,0000000000000000,0,0
304,304,0,0000000,00,3,3,3,0000000000000000,0,0,3,d65bd77e10f1103b,0,1,0,0,1,0,0,0000000000000000,0000000000000000,0000000000000000,0,0
305,305,0,0000000,00,3,3,3,0000000000000000,0,0,3,d65bd77e10f1103b,0,1,0,0,1,0,0,0000000000000000,0000000000000000,0000000000000000,0,0
306,306,0,0000000,00,3,3,3,0000000000000000,0,0,3,d65bd77e10f1103b,0,1,0,0,1,0,0,0000000000000000,0000000000000000,0000000000000000,0,0
307,307,0,0000000,00,3,3,3,0000000000000000,0,0,3,d65bd77e10f1103b,0,1,0,0,1,0,0,0000000000000000,0000000000000000,0000000000000000,0,0
308,308,0,0000000,00,3,3,3,0000000000000000,0,0,3,d65bd77e10f1103b,0,1,0,0,1,0,0,0000000000000000,0000000000000000,0000000000000000,0,0
309,309,0,0000000,00,3,3,3,0000000000000000,0,0,3,d65bd77e10f1103b,0,1,0,0,1,0,0,0000000000000000,0000000000000000,0000000000000000,0,0
310,310,0,0000000,00,3,3,3,0000000000000000,0,0,3,d65bd77e10f1103b,0,1,0,0,1,0,0,0000000000000000,0000000000000000,0000000000000000,0,0
311,311,0,0000000,00,3,3,3,0000000000000000,0,0,3,d65bd77e10f1103b,0,1,0,0,1,0,0,0000000000000000,0000000000000000,0000000000000000,0,0
312,312,0,0000000,00,3,3,3,0000000000000000,0,0,3,d65bd77e10f1103b,0,1,0,0,1,0,0,0000000000000000,0000000000000000,0000000000000000,0,0
313,313,0,0000000,00,3,3,3,0000000000000000,0,0,3,d65bd77e10f1103b,0,1,0,0,1,0,0,0000000000000000,0000000000000000,0000000000000000,0,0
314,314,0,0000000,00,3,3,3,0000000000000000,0,0,3,d65bd77e10f1103b,0,1,0,0,1,0,0,0000000000000000,0000000000000000,0000000000000000,0,0
315,315,0,0000000,00,3,3,3,0000000000000000,0,0,3,d65bd77e10f1103b,0,1,0,0,1,0,0,0000000000000000,0000000000000000,0000000000000000,0,0
316,316,0,0000000,00,3,3,3,0000000000000000,0,0,3,d65bd77e10f1103b,0,1,0,0,1,0,0,0000000000000000,0000000000000000,0000000000000000,0,0
317,317,0,0000000,00,3,3,3,0000000000000000,0,0,3,d65bd77e10f1103b,0,1,0,0,1,0,0,0000000000000000,0000000000000000,0000000000000000,0,0
318,318,0,0000000,00,3,3,3,0000000000000000,0,0,3,d65bd77e10f1103b,0,1,0,0,1,0,0,0000000000000000,0000000000000000,0000000000000000,0,0
319,319,0,0000000,00,3,3,3,0000000000000000,0,0,3,d65bd77e10f1103b,0,1,0,0,1,0,0,0000000000000000,0000000000000000,0000000000000000,0,0
320,320,0,0000000,00,3,3,3,0000000000000000,0,0,3,d65bd77e10f1103b,0,1,0,0,1,0,0,0000000000000000,0000000000000000,0000000000000000,0,0
321,321,0,0000000,00,3,3,3,0000000000000000,0,0,3,d65bd77e10f1103b,0,1,0,0,1,0,0,0000000000000000,0000000000000000,0000000000000000,0,0
322,322,0,0000000,00,3,3,3,0000000000000000,0,0,3,d65bd77e10f1103b,0,1,0,0,1,0,0,0000000000000000,0000000000000000,0000000000000000,0,0
323,323,0,0000000,00,3,3,3,0000000000000000,0,0,3,d65bd77e10f1103b,0,1,0,0,1,0,0,0000000000000000,0000000000000000,0000000000000000,0,0
324,324,0,0000000,00,3,3,3,0000000000000000,0,0,3,d65bd77e10f1103b,0,1,0,0,1,0,0,0000000000000000,0000000000000000,0000000000000000,0,0
325,325,0,0000000,00,3,3,3,0000000000000000,0,0,3,d65bd77e10f1103b,0,1,0,0,1,0,0,0000000000000000,0000000000000000,0000000000000000,0,0
326,326,0,0000000,00,3,3,3,0000000000000000,0,0,3,d65bd77e10f1103b,0,1,0,0,1,0,0,0000000000000000,0000000000000000,0000000000000000,0,0
327,327,0,0000000,00,3,3,3,0000000000000000,0,0,3,d65bd77e10f1103b,0,1,0,0,1,0,0,0000000000000000,0000000000000000,0000000000000000,0,0
328,328,0,0000000,00,3,3,3,0000000000000000,0,0,3,d65bd77e10f1103b,0,1,0,0,1,0,0,0000000000000000,0000000000000000,0000000000000000,0,0
329,329,0,0000000,00,3,3,3,0000000000000000,0,0,3,d65bd77e10f1103b,0,1,0,0,1,0,0,0000000000000000,0000000000000000,0000000000000000,0,0
330,330,0,0000000,00,3,3,3,0000000000000000,0,0,3,d65bd77e10f1103b,0,1,0,0,1,0,0,0000000000000000,0000000000000000,0000000000000000,0,0
331,331,0,0000000,00,3,3,3,0000000000000000,0,0,3,d65bd77e10f1103b,0,1,0,0,1,0,0,0000000000000000,0000000000000000,0000000000000000,0,0
332,332,0,0000000,00,3,3,3,0000000000000000,0,0,3,d65bd77e10f1103b,0,1,0,0,1,0,0,0000000000000000,0000000000000000,0000000000000000,0,0
333,333,0,0000000,00,3,3,3,0000000000000000,0,0,3,d65bd77e10f1103b,0,1,0,0,1,0,0,0000000000000000,0000000000000000,0000000000000000,0,0
334,334,0,0000000,00,3,3,3,0000000000000000,0,0,3,d65bd77e10f1103b,0,1,0,0,1,0,0,0000000000000000,0000000000000000,0000000000000000,0,0
335,335,0,0000000,00,3,3,3,0000000000000000,0,0,3,d65bd77e10f1103b,0,1,0,0,1,0,0,0000000000000000,0000000000000000,0000000000000000,0,0
336,336,0,0000000,00,3,3,3,0000000000000000,0,0,3,d65bd77e10f1103b,0,1,0,0,1,0,0,0000000000000000,0000000000000000,0000000000000000,0,0
337,337,0,0000000,00,3,3,3,0000000000000000,0,0,3,d65bd77e10f1103b,0,1,0,0,1,0,0,0000000000000000,0000000000000000,0000000000000000,0,0
338,338,0,0000000,00,3,3,3,0000000000000000,0,0,3,d65bd77e10f1103b,0,1,0,0,1,0,0,0000000000000000,0000000000000000,0000000000000000,0,0
339,339,0,0000000,00,3,3,3,0000000000000000,0,0,3,d65bd77e10f1103b,0,1,0,0,1,0,0,0000000000000000,0000000000000000,0000000000000000,0,0
340,340,0,0000000,00,3,3,3,0000000000000000,0,0,3,d65bd77e10f1103b,0,1,0,0,1,0,0,0000000000000000,0000000000000000,0000000000000000,0,0
341,341,0,0000000,00,3,3,3,0000000000000000,0,0,3,d65bd77e10f1103b,0,1,0,0,1,0,0,0000000000000000,0000000000000000,0000000000000000,0,0
342,342,0,0000000,00,3,3,3,0000000000000000,0,0,3,d65bd77e10f1103b,0,1,0,0,1,0,0,0000000000000000,0000000000000000,0000000000000000,0,0
343,343,0,0000000,00,3,3,3,0000000000000000,0,0,3,d65bd77e10f1103b,0,1,0,0,1,0,0,0000000000000000,0000000000000000,0000000000000000,0,0
344,344,0,0000000,00,3,3,3,0000000000000000,0,0,3,d65bd77e10f1103b,0,1,0,0,1,0,0,0000000000000000,0000000000000000,0000000000000000,0,0
345,345,0,0000000,00,3,3,3,0000000000000000,0,0,3,d65bd77e10f1103b,0,1,0,0,1,0,0,0000000000000000,0000000000000000,0000000000000000,0,0
346,346,0,0000000,00,3,3,3,0000000000000000,0,0,3,d65bd77e10f1103b,0,1,0,0,1,0,0,0000000000000000,0000000000000000,0000000000000000,0,0
347,347,0,0000000,00,3,3,3,0000000000000000,0,0,3,d65bd77e10f1103b,0,1,0,0,1,0,0,0000000000000000,0000000000000000,0000000000000000,0,0
348,348,0,0000000,00,3,3,3,0000000000000000,0,0,3,d65bd77e10f1103b,0,1,0,0,1,0,0,0000000000000000,0000000000000000,0000000000000000,0,0
349,349,0,0000000,00,3,3,3,0000000000000000,0,0,3,d65bd77e10f1103b,0,1,0,0,1,0,0,0000000000000000,0000000000000000,0000000000000000,0,0
350,350,0,0000000,00,3,3,3,0000000000000000,0,0,3,d65bd77e10f1103b,0,1,0,0,1,0,0,0000000000000000,0000000000000000,0000000000000000,0,0
351,351,0,0000000,00,3,3,3,0000000000000000,0,0,3,d65bd77e10f1103b,0,1,0,0,1,0,0,0000000000000000,0000000000000000,0000000000000000,0,0
352,352,0,0000000,00,3,3,3,0000000000000000,0,0,3,d65bd77e10f1103b,0,1,0,0,1,0,0,0000000000000000,0000000000000000,0000000000000000,0,0
353,353,0,0000000,00,3,3,3,0000000000000000,0,0,3,d65bd77e10f1103b,0,1,0,0,1,0,0,0000000000000000,0000000000000000,0000000000000000,0,0
354,354,0,0000000,00,3,3,3,0000000000000000,0,0,3,d65bd77e10f1103b,0,1,0,0,1,0,0,0000000000000000,0000000000000000,0000000000000000,0,0
355,355,0,0000000,00,3,3,3,0000000000000000,0,0,3,d65bd77e10f1103b,0,1,0,0,1,0,0,0000000000000000,0000000000000000,0000000000000000,0,0
356,356,0,0000000,00,3,3,3,0000000000000000,0,0,3,d65bd77e10f1103b,0,1,0,0,1,0,0,0000000000000000,0000000000000000,0000000000000000,0,0
357,357,0,0000000,00,3,3,3,0000000000000000,0,0,3,d65bd77e10f1103b,0,1,0,0,1,0,0,0000000000000000,0000000000000000,0000000000000000,0,0
358,358,0,0000000,00,3,3,3,0000000000000000,0,0,3,d65bd77e10f1103b,0,1,0,0,1,0,0,0000000000000000,0000000000000000,0000000000000000,0,0
359,359,0,0000000,00,3,3,3,0000000000000000,0,0,3,d65bd77e10f1103b,0,1,0,0,1,0,0,0000000000000000,0000000000000000,0000000000000000,0,0
360,360,0,0000000,00,3,3,3,0000000000000000,0,0,3,d65bd77e10f1103b,0,1,0,0,1,0,0,0000000000000000,0000000000000000,0000000000000000,0,0
361,361,0,0000000,00,3,3,3,0000000000000000,0,0,3,d65bd77e10f1103b,0,1,0,0,1,0,0,0000000000000000,0000000000000000,0000000000000000,0,0
362,362,0,0000000,00,3,3,3,0000000000000000,0,0,3,d65bd77e10f1103b,0,1,0,0,1,0,0,0000000000000000,0000000000000000,0000000000000000,0,0
363,363,0,0000000,00,3,3,3,0000000000000000,0,0,3,d65bd77e10f1103b,0,1,0,0,1,0,0,0000000000000000,0000000000000000,0000000000000000,0,0
364,364,0,0000000,00,3,3,3,0000000000000000,0,0,3,d65bd77e10f1103b,0,1,0,0,1,0,0,0000000000000000,0000000000000000,0000000000000000,0,0
365,365,0,0000000,00,3,3,3,0000000000000000,0,0,3,d65bd77e10f1103b,0,1,0,0,1,0,0,0000000000000000,0000000000000000,0000000000000000,0,0
366,366,0,0000000,00,3,3,3,0000000000000000,0,0,3,d65bd77e10f1103b,0,1,0,0,1,0,0,0000000000000000,0000000000000000,0000000000000000,0,0
367,367,0,0000000,00,3,3,3,0000000000000000,0,0,3,d65bd77e10f1103b,0,1,0,0,1,0,0,0000000000000000,0000000000000000,0000000000000000,0,0
368,368,0,0000000,00,3,3,3,0000000000000000,0,0,3,d65bd77e10f1103b,0,1,0,0,1,0,0,0000000000000000,0000000000000000,0000000000000000,0,0
369,369,0,0000000,00,3,3,3,0000000000000000,0,0,3,d65bd77e10f1103b,0,1,0,0,1,0,0,0000000000000000,0000000000000000,0000000000000000,0,0
370,370,0,0000000,00,3,3,3,0000000000000000,0,0,3,d65bd77e10f1103b,0,1,0,0,1,0,0,0000000000000000,0000000000000000,0000000000000000,0,0
371,371,0,0000000,00,3,3,3,0000000000000000,0,0,3,d65bd77e10f1103b,0,1,0,0,1,0,0,0000000000000000,0000000000000000,0000000000000000,0,0
372,372,0,0000000,00,3,3,3,0000000000000000,0,0,3,d65bd77e10f1103b,0,1,0,0,1,0,0,0000000000000000,0000000000000000,0000000000000000,0,0
373,373,0,0000000,00,3,3,3,0000000000000000,0,0,3,d65bd77e10f1103b,0,1,0,0,1,0,0,0000000000000000,0000000000000000,0000000000000000,0,0
374,374,0,0000000,00,3,3,3,0000000000000000,0,0,3,d65bd77e10f1103b,0,1,0,0,1,0,0,0000000000000000,0000000000000000,0000000000000000,0,0
375,375,0,0000000,00,3,3,3,0000000000000000,0,0,3,d65bd77e10f1103b,0,1,0,0,1,0,0,0000000000000000,0000000000000000,0000000000000000,0,0
376,376,0,0000000,00,3,3,3,0000000000000000,0,0,3,d65bd77e10f1103b,0,1,0,0,1,0,0,0000000000000000,0000000000000000,0000000000000000,0,0
377,377,0,0000000,00,3,3,3,0000000000000000,0,0,3,d65bd77e10f1103b,0,1,0,0,1,0,0,0000000000000000,0000000000000000,0000000000000000,0,0
378,378,0,0000000,00,3,3,3,0000000000000000,0,0,3,d65bd77e10f1103b,0,1,0,0,1,0,0,0000000000000000,0000000000000000,0000000000000000,0,0
379,379,0,0000000,00,3,3,3,0000000000000000,0,0,3,d65bd77e10f1103b,0,1,0,0,1,0,0,0000000000000000,0000000000000000,0000000000000000,0,0
380,380,0,0000000,00,3,3,3,0000000000000000,0,0,3,d65bd77e10f1103b,0,1,0,0,1,0,0,0000000000000000,0000000000000000,0000000000000000,0,0
381,381,0,0000000,00,3,3,3,0000000000000000,0,0,3,d65bd77e10f1103b,0,1,0,0,1,0,0,0000000000000000,0000000000000000,0000000000000000,0,0
382,382,0,0000000,00,3,3,3,0000000000000000,0,0,3,d65bd77e10f1103b,0,1,0,0,1,0,0,0000000000000000,0000000000000000,0000000000000000,0,0
383,383,0,0000000,00,3,3,3,0000000000000000,0,0,3,d65bd77e10f1103b,0,1,0,0,1,0,0,0000000000000000,0000000000000000,0000000000000000,0,0
384,384,0,0000000,00,3,3,3,0000000000000000,0,0,3,d65bd77e10f1103b,0,1,0,0,1,0,0,0000000000000000,0000000000000000,0000000000000000,0,0
385,385,0,0000000,00,3,3,3,0000000000000000,0,0,3,d65bd77e10f1103b,0,1,0,0,1,0,0,0000000000000000,0000000000000000,0000000000000000,0,0
386,386,0,0000000,00,3,3,3,0000000000000000,0,0,3,d65bd77e10f1103b,0,1,0,0,1,0,0,0000000000000000,0000000000000000,0000000000000000,0,0
387,387,0,0000000,00,3,3,3,0000000000000000,0,0,3,d65bd77e10f1103b,0,1,0,0,1,0,0,0000000000000000,0000000000000000,0000000000000000,0,0
388,388,0,0000000,00,3,3,3,0000000000000000,0,0,3,d65bd77e10f1103b,0,1,0,0,1,0,0,0000000000000000,0000000000000000,0000000000000000,0,0
389,389,0,0000000,00,3,3,3,0000000000000000,0,0,3,d65bd77e10f1103b,0,1,0,0,1,0,0,0000000000000000,0000000000000000,0000000000000000,0,0
390,390,0,0000000,00,3,3,3,0000000000000000,0,0,3,d65bd77e10f1103b,0,1,0,0,1,0,0,0000000000000000,0000000000000000,0000000000000000,0,0
391,391,0,0000000,00,3,3,3,0000000000000000,0,0,3,d65bd77e10f1103b,0,1,0,0,1,0,0,0000000000000000,0000000000000000,0000000000000000,0,0
392,392,0,0000000,00,2,2,2,0000000000000000,0,0,3,d65bd77e10f1103b,0,1,0,0,1,0,0,0000000000000000,0000000000000000,0000000000000000,0,0
393,393,0,0000000,00,3,3,3,0000000000000000,0,0,3,d65bd77e10f1103b,0,1,0,0,1,0,0,0000000000000000,0000000000000000,0000000000000000,0,0
394,394,0,0000000,00,3,3,3,0000000000000000,0,0,3,d65bd77e10f1103b,0,1,0,0,1,0,0,0000000000000000,0000000000000000,0000000000000000,0,0
395,395,0,0000000,00,3,3,3,0000000000000000,0,0,3,d65bd77e10f1103b,0,1,0,0,1,0,0,0000000000000000,0000000000000000,0000000000000000,0,0
396,396,0,0000000,00,3,3,3,0000000000000000,0,0,3,d65bd77e10f1103b,0,1,0,0,1,0,0,0000000000000000,0000000000000000,0000000000000000,0,0
397,397,0,0000000,00,3,3,3,0000000000000000,0,0,3,d65bd77e10f1103b,0,1,0,0,1,0,0,0000000000000000,0000000000000000,0000000000000000,0,0
398,398,0,0000000,00,3,3,3,0000000000000000,0,0,3,d65bd77e10f1103b,0,1,0,0,1,0,0,0000000000000000,0000000000000000,0000000000000000,0,0
399,399,0,0000000,00,3,3,3,0000000000000000,0,0,3,d65bd77e10f1103b,0,1,0,0,1,0,0,0000000000000000,0000000000000000,0000000000000000,0,0
400,400,0,0000000,00,3,3,3,0000000000000000,0,0,3,d65bd77e10f1103b,0,1,0,0,1,0,0,0000000000000000,0000000000000000,0000000000000000,0,0
401,401,0,0000000,00,3,3,3,0000000000000000,0,0,3,d65bd77e10f1103b,0,1,0,0,1,0,0,0000000000000000,0000000000000000,0000000000000000,0,0
402,402,0,0000000,00,3,3,3,0000000000000000,0,0,3,d65bd77e10f1103b,0,1,0,0,1,0,0,0000000000000000,0000000000000000,0000000000000000,0,0
403,403,0,0000000,00,3,3,3,0000000000000000,0,0,3,d65bd77e10f1103b,0,1,0,0,1,0,0,0000000000000000,0000000000000000,0000000000000000,0,0
404,404,0,0000000,00,3,3,3,0000000000000000,0,0,3,d65bd77e10f1103b,0,1,0,0,1,0,0,0000000000000000,0000000000000000,0000000000000000,0,0
405,405,0,0000000,00,3,3,3,0000000000000000,0,0,3,d65bd77e10f1103b,0,1,0,0,1,0,0,0000000000000000,0000000000000000,0000000000000000,0,0
406,406,0,0000000,00,3,3,3,0000000000000000,0,0,3,d65bd77e10f1103b,0,1,0,0,1,0,0,0000000000000000,0000000000000000,0000000000000000,0,0
407,407,0,0000000,00,3,3,3,0000000000000000,0,0,3,d65bd77e10f1103b,0,1,0,0,1,0,0,0000000000000000,0000000000000000,0000000000000000,0,0
408,408,0,0000000,00,3,3,3,0000000000000000,0,0,3,d65bd77e10f1103b,0,1,0,0,1,0,0,0000000000000000,0000000000000000,0000000000000000,0,0
409,409,0,0000000,00,3,3,3,0000000000000000,0,0,3,d65bd77e10f1103b,0,1,0,0,1,0,0,0000000000000000,0000000000000000,0000000000000000,0,0
410,410,0,0000000,00,3,3,3,0000000000000000,0,0,3,d65bd77e10f1103b,0,1,0,0,1,0,0,0000000000000000,0000000000000000,0000000000000000,0,0
411,411,0,0000000,00,3,3,3,0000000000000000,0,0,3,d65bd77e10f1103b,0,1,0,0,1,0,0,0000000000000000,0000000000000000,0000000000000000,0,0
412,412,0,0000000,00,3,3,3,0000000000000000,0,0,3,d65bd77e10f1103b,0,1,0,0,1,0,0,0000000000000000,0000000000000000,0000000000000000,0,0
413,413,0,0000000,00,3,3,3,0000000000000000,0,0,3,d65bd77e10f1103b,0,1,0,0,1,0,0,0000000000000000,0000000000000000,0000000000000000,0,0
414,414,0,0000000,00,3,3,3,0000000000000000,0,0,3,d65bd77e10f1103b,0,1,0,0,1,0,0,0000000000000000,0000000000000000,0000000000000000,0,0
415,415,0,0000000,00,3,3,3,0000000000000000,0,0,3,d65bd77e10f1103b,0,1,0,0,1,0,0,0000000000000000,0000000000000000,0000000000000000,0,0
416,416,0,0000000,00,3,3,3,0000000000000000,0,0,3,d65bd77e10f1103b,0,1,0,0,1,0,0,0000000000000000,0000000000000000,0000000000000000,0,0
417,417,0,0000000,00,3,3,3,0000000000000000,0,0,3,d65bd77e10f1103b,0,1,0,0,1,0,0,0000000000000000,0000000000000000,0000000000000000,0,0
418,418,0,0000000,00,3,3,3,0000000000000000,0,0,3,d65bd77e10f1103b,0,1,0,0,1,0,0,0000000000000000,0000000000000000,0000000000000000,0,0
419,419,0,0000000,00,3,3,3,0000000000000000,0,0,3,d65bd77e10f1103b,0,1,0,0,1,0,0,0000000000000000,0000000000000000,0000000000000000,0,0
420,420,0,0000000,00,3,3,3,0000000000000000,0,0,3,d65bd77e10f1103b,0,1,0,0,1,0,0,0000000000000000,0000000000000000,0000000000000000,0,0
421,421,0,0000000,00,3,3,3,0000000000000000,0,0,3,d65bd77e10f1103b,0,1,0,0,1,0,0,0000000000000000,0000000000000000,0000000000000000,0,0
422,422,0,0000000,00,3,3,3,0000000000000000,0,0,3,d65bd77e10f1103b,0,1,0,0,1,0,0,0000000000000000,0000000000000000,0000000000000000,0,0
423,423,0,0000000,00,3,3,3,0000000000000000,0,0,3,d65bd77e10f1103b,0,1,0,0,1,0,0,0000000000000000,0000000000000000,0000000000000000,0,0
424,424,0,0000000,00,3,3,3,0000000000000000,0,0,3,d65bd77e10f1103b,0,1,0,0,1,0,0,0000000000000000,0000000000000000,0000000000000000,0,0
425,425,0,0000000,00,3,3,3,0000000000000000,0,0,3,d65bd77e10f1103b,0,1,0,0,1,0,0,0000000000000000,0000000000000000,0000000000000000,0,0
426,426,0,0000000,00,3,3,3,0000000000000000,0,0,3,d65bd77e10f1103b,0,1,0,0,1,0,0,0000000000000000,0000000000000000,0000000000000000,0,0
427,427,0,0000000,00,3,3,3,0000000000000000,0,0,3,d65bd77e10f1103b,0,1,0,0,1,0,0,0000000000000000,0000000000000000,0000000000000000,0,0
428,428,0,0000000,00,3,3,3,0000000000000000,0,0,3,d65bd77e10f1103b,0,1,0,0,1,0,0,0000000000000000,0000000000000000,0000000000000000,0,0
429,429,0,0000000,00,3,3,3,0000000000000000,0,0,3,d65bd77e10f1103b,0,1,0,0,1,0,0,0000000000000000,0000000000000000,0000000000000000,0,0
430,430,0,0000000,00,3,3,3,0000000000000000,0,0,3,d65bd77e10f1103b,0,1,0,0,1,0,0,0000000000000000,0000000000000000,0000000000000000,0,0
431,431,0,0000000,00,3,3,3,0000000000000000,0,0,3,d65bd77e10f1103b,0,1,0,0,1,0,0,0000000000000000,0000000000000000,0000000000000000,0,0
432,432,0,0000000,00,3,3,3,0000000000000000,0,0,3,d65bd77e10f1103b,0,1,0,0,1,0,0,0000000000000000,0000000000000000,0000000000000000,0,0
433,433,0,0000000,00,3,3,3,0000000000000000,0,0,3,d65bd77e10f1103b,0,1,0,0,1,0,0,0000000000000000,0000000000000000,0000000000000000,0,0
434,434,0,0000000,00,3,3,3,0000000000000000,0,0,3,d65bd77e10f1103b,0,1,0,0,1,0,0,0000000000000000,0000000000000000,0000000000000000,0,0
435,435,0,0000000,00,3,3,3,0000000000000000,0,0,3,d65bd77e10f1103b,0,1,0,0,1,0,0,0000000000000000,0000000000000000,0000000000000000,0,0
436,436,0,0000000,00,3,3,3,0000000000000000,0,0,3,d65bd77e10f1103b,0,1,0,0,1,0,0,0000000000000000,0000000000000000,0000000000000000,0,0
437,437,0,0000000,00,3,3,3,0000000000000000,0,0,3,d65bd77e10f1103b,0,1,0,0,1,0,0,0000000000000000,0000000000000000,0000000000000000,0,0
438,438,0,0000000,00,3,3,3,0000000000000000,0,0,3,d65bd77e10f1103b,0,1,0,0,1,0,0,0000000000000000,0000000000000000,0000000000000000,0,0
439,439,0,0000000,00,3,3,3,0000000000000000,0,0,3,d65bd77e10f1103b,0,1,0,0,1,0,0,0000000000000000,0000000000000000,0000000000000000,0,0
440,440,0,0000000,00,3,3,3,0000000000000000,0,0,3,d65bd77e10f1103b,0,1,0,0,1,0,0,0000000000000000,0000000000000000,0000000000000000,0,0
441,441,0,0000000,00,3,3,3,0000000000000000,0,0,3,d65bd77e10f1103b,0,1,0,0,1,0,0,0000000000000000,0000000000000000,0000000000000000,0,0
442,442,0,0000000,00,3,3,3,0000000000000000,0,0,3,d65bd77e10f1103b,0,1,0,0,1,0,0,0000000000000000,0000000000000000,0000000000000000,0,0
443,443,0,0000000,00,3,3,3,0000000000000000,0,0,3,d65bd77e10f1103b,0,1,0,0,1,0,0,0000000000000000,0000000000000000,0000000000000000,0,0
444,444,0,0000000,00,3,3,3,0000000000000000,0,0,3,d65bd77e10f1103b,0,1,0,0,1,0,0,0000000000000000,0000000000000000,0000000000000000,0,0
445,445,0,0000000,00,3,3,3,0000000000000000,0,0,3,d65bd77e10f1103b,0,1,0,0,1,0,0,0000000000000000,0000000000000000,0000000000000000,0,0
446,446,0,0000000,00,3,3,3,0000000000000000,0,0,3,d65bd77e10f1103b,0,1,0,0,1,0,0,0000000000000000,0000000000000000,0000000000000000,0,0
447,447,0,0000000,00,3,3,3,0000000000000000,0,0,3,d65bd77e10f1103b,0,1,0,0,1,0,0,0000000000000000,0000000000000000,0000000000000000,0,0
448,448,0,0000000,00,3,3,3,0000000000000000,0,0,3,d65bd77e10f1103b,0,1,0,0,1,0,0,0000000000000000,0000000000000000,0000000000000000,0,0
449,449,0,0000000,00,3,3,3,0000000000000000,0,0,3,d65bd77e10f1103b,0,1,0,0,1,0,0,0000000000000000,0000000000000000,0000000000000000,0,0
450,450,0,0000000,00,3,3,3,0000000000000000,0,0,3,d65bd77e10f1103b,0,1,0,0,1,0,0,0000000000000000,0000000000000000,0000000000000000,0,0
451,451,0,0000000,00,3,3,3,0000000000000000,0,0,3,d65bd77e10f1103b,0,1,0,0,1,0,0,0000000000000000,0000000000000000,0000000000000000,0,0
452,452,0,0000000,00,3,3,3,0000000000000000,0,0,3,d65bd77e10f1103b,0,1,0,0,1,0,0,0000000000000000,0000000000000000,0000000000000000,0,0
453,453,0,0000000,00,3,3,3,0000000000000000,0,0,3,d65bd77e10f1103b,0,1,0,0,1,0,0,0000000000000000,0000000000000000,0000000000000000,0,0
454,454,0,0000000,00,3,3,3,0000000000000000,0,0,3,d65bd77e10f1103b,0,1,0,0,1,0,0,0000000000000000,0000000000000000,0000000000000000,0,0
455,455,0,0000000,00,3,3,3,0000000000000000,0,0,3,d65bd77e10f1103b,0,1,0,0,1,0,0,0000000000000000,0000000000000000,0000000000000000,0,0
456,456,0,0000000,00,3,3,3,0000000000000000,0,0,3,d65bd77e10f1103b,0,1,0,0,1,0,0,0000000000000000,0000000000000000,0000000000000000,0,0
457,457,0,0000000,00,3,3,3,0000000000000000,0,0,3,d65bd77e10f1103b,0,1,0,0,1,0,0,0000000000000000,0000000000000000,0000000000000000,0,0
458,458,0,0000000,00,3,3,3,0000000000000000,0,0,3,d65bd77e10f1103b,0,1,0,0,1,0,0,0000000000000000,0000000000000000,0000000000000000,0,0
459,459,0,0000000,00,3,3,3,0000000000000000,0,0,3,d65bd77e10f1103b,0,1,0,0,1,0,0,0000000000000000,0000000000000000,0000000000000000,0,0
460,460,0,0000000,00,3,3,3,0000000000000000,0,0,3,d65bd77e10f1103b,0,1,0,0,1,0,0,0000000000000000,0000000000000000,0000000000000000,0,0
461,461,0,0000000,00,3,3,3,0000000000000000,0,0,3,d65bd77e10f1103b,0,1,0,0,1,0,0,0000000000000000,0000000000000000,0000000000000000,0,0
462,462,0,0000000,00,3,3,3,0000000000000000,0,0,3,d65bd77e10f1103b,0,1,0,0,1,0,0,0000000000000000,0000000000000000,0000000000000000,0,0
463,463,0,0000000,00,3,3,3,0000000000000000,0,0,3,d65bd77e10f1103b,0,1,0,0,1,0,0,0000000000000000,0000000000000000,0000000000000000,0,0
464,464,0,0000000,00,3,3,3,0000000000000000,0,0,3,d65bd77e10f1103b,0,1,0,0,1,0,0,0000000000000000,0000000000000000,0000000000000000,0,0
465,465,0,0000000,00,3,3,3,0000000000000000,0,0,3,d65bd77e10f1103b,0,1,0,0,1,0,0,0000000000000000,0000000000000000,0000000000000000,0,0
466,466,0,0000000,00,3,3,3,0000000000000000,0,0,3,d65bd77e10f1103b,0,1,0,0,1,0,0,0000000000000000,0000000000000000,0000000000000000,0,0
467,467,0,0000000,00,3,3,3,0000000000000000,0,0,3,d65bd77e10f1103b,0,1,0,0,1,0,0,0000000000000000,0000000000000000,0000000000000000,0,0
468,468,0,0000000,00,3,3,3,0000000000000000,0,0,3,d65bd77e10f1103b,0,1,0,0,1,0,0,0000000000000000,0000000000000000,0000000000000000,0,0
469,469,0,0000000,00,3,3,3,0000000000000000,0,0,3,d65bd77e10f1103b,0,1,0,0,1,0,0,0000000000000000,0000000000000000,0000000000000000,0,0
470,470,0,0000000,00,3,3,3,0000000000000000,0,0,3,d65bd77e10f1103b,0,1,0,0,1,0,0,0000000000000000,0000000000000000,0000000000000000,0,0
471,471,0,0000000,00,3,3,3,0000000000000000,0,0,3,d65bd77e10f1103b,0,1,0,0,1,0,0,0000000000000000,0000000000000000,0000000000000000,0,0
472,472,0,0000000,00,3,3,3,0000000000000000,0,0,3,d65bd77e10f1103b,0,1,0,0,1,0,0,0000000000000000,0000000000000000,0000000000000000,0,0
473,473,0,0000000,00,3,3,3,0000000000000000,0,0,3,d65bd77e10f1103b,0,1,0,0,1,0,0,0000000000000000,0000000000000000,0000000000000000,0,0
474,474,0,0000000,00,3,3,3,0000000000000000,0,0,3,d65bd77e10f1103b,0,1,0,0,1,0,0,0000000000000000,0000000000000000,0000000000000000,0,0
475,475,0,0000000,00,3,3,3,0000000000000000,0,0,3,d65bd77e10f1103b,0,1,0,0,1,0,0,0000000000000000,0000000000000000,0000000000000000,0,0
476,476,0,0000000,00,3,3,3,0000000000000000,0,0,3,d65bd77e10f1103b,0,1,0,0,1,0,0,0000000000000000,0000000000000000,0000000000000000,0,0
477,477,0,0000000,00,3,3,3,0000000000000000,0,0,3,d65bd77e10f1103b,0,1,0,0,1,0,0,0000000000000000,0000000000000000,0000000000000000,0,0
478,478,0,0000000,00,3,3,3,0000000000000000,0,0,3,d65bd77e10f1103b,0,1,0,0,1,0,0,0000000000000000,0000000000000000,0000000000000000,0,0
479,479,0,0000000,00,3,3,3,0000000000000000,0,0,3,d65bd77e10f1103b,0,1,0,0,1,0,0,0000000000000000,0000000000000000,0000000000000000,0,0
480,480,0,0000000,00,3,3,3,0000000000000000,0,0,3,d65bd77e10f1103b,0,1,0,0,1,0,0,0000000000000000,0000000000000000,0000000000000000,0,0
481,481,0,0000000,00,3,3,3,0000000000000000,0,0,3,d65bd77e10f1103b,0,1,0,0,1,0,0,0000000000000000,0000000000000000,0000000000000000,0,0
482,482,0,0000000,00,3,3,3,0000000000000000,0,0,3,d65bd77e10f1103b,0,1,0,0,1,0,0,0000000000000000,0000000000000000,0000000000000000,0,0
483,483,0,0000000,00,3,3,3,0000000000000000,0,0,3,d65bd77e10f1103b,0,1,0,0,1,0,0,0000000000000000,0000000000000000,0000000000000000,0,0
484,484,0,0000000,00,3,3,3,0000000000000000,0,0,3,d65bd77e10f1103b,0,1,0,0,1,0,0,0000000000000000,0000000000000000,0000000000000000,0,0
485,485,0,0000000,00,3,3,3,0000000000000000,0,0,3,d65bd77e10f1103b,0,1,0,0,1,0,0,0000000000000000,0000000000000000,0000000000000000,0,0
486,486,0,0000000,00,3,3,3,0000000000000000,0,0,3,d65bd77e10f1103b,0,1,0,0,1,0,0,0000000000000000,0000000000000000,0000000000000000,0,0
487,487,0,0000000,00,3,3,3,0000000000000000,0,0,3,d65bd77e10f1103b,0,1,0,0,1,0,0,0000000000000000,0000000000000000,0000000000000000,0,0
488,488,0,0000000,00,3,3,3,0000000000000000,0,0,3,d65bd77e10f1103b,0,1,0,0,1,0,0,0000000000000000,0000000000000000,0000000000000000,0,0
489,489,0,0000000,00,3,3,3,0000000000000000,0,0,3,d65bd77e10f1103b,0,1,0,0,1,0,0,0000000000000000,0000000000000000,0000000000000000,0,0
490,490,0,0000000,00,3,3,3,0000000000000000,0,0,3,d65bd77e10f1103b,0,1,0,0,1,0,0,0000000000000000,0000000000000000,0000000000000000,0,0
491,491,0,0000000,00,3,3,3,0000000000000000,0,0,3,d65bd77e10f1103b,0,1,0,0,1,0,0,0000000000000000,0000000000000000,0000000000000000,0,0
492,492,0,0000000,00,3,3,3,0000000000000000,0,0,3,d65bd77e10f1103b,0,1,0,0,1,0,0,0000000000000000,0000000000000000,0000000000000000,0,0
493,493,0,0000000,00,3,3,3,0000000000000000,0,0,3,d65bd77e10f1103b,0,1,0,0,1,0,0,0000000000000000,0000000000000000,0000000000000000,0,0
494,494,0,0000000,00,3,3,3,0000000000000000,0,0,3,d65bd77e10f1103b,0,1,0,0,1,0,0,0000000000000000,0000000000000000,0000000000000000,0,0
495,495,0,0000000,00,3,3,3,0000000000000000,0,0,3,d65bd77e10f1103b,0,1,0,0,1,0,0,0000000000000000,0000000000000000,0000000000000000,0,0
496,496,0,0000000,00,3,3,3,0000000000000000,0,0,3,d65bd77e10f1103b,0,1,0,0,1,0,0,0000000000000000,0000000000000000,0000000000000000,0,0
497,497,0,0000000,00,3,3,3,0000000000000000,0,0,3,d65bd77e10f1103b,0,1,0,0,1,0,0,0000000000000000,0000000000000000,0000000000000000,0,0
498,498,0,0000000,00,3,3,3,0000000000000000,0,0,3,d65bd77e10f1103b,0,1,0,0,1,0,0,0000000000000000,0000000000000000,0000000000000000,0,0
499,499,0,0000000,00,3,3,3,0000000000000000,0,0,3,d65bd77e10f1103b,0,1,0,0,1,0,0,0000000000000000,0000000000000000,0000000000000000,0,0
500,500,0,0000000,00,3,3,3,0000000000000000,0,0,3,d65bd77e10f1103b,0,1,0,0,1,0,0,0000000000000000,0000000000000000,0000000000000000,0,0
501,501,0,0000000,00,3,3,3,0000000000000000,0,0,3,d65bd77e10f1103b,0,1,0,0,1,0,0,0000000000000000,0000000000000000,0000000000000000,0,0
502,502,0,0000000,00,3,3,3,0000000000000000,0,0,3,d65bd77e10f1103b,0,1,0,0,1,0,0,0000000000000000,0000000000000000,0000000000000000,0,0
503,503,0,0000000,00,3,3,3,0000000000000000,0,0,3,d65bd77e10f1103b,0,1,0,0,1,0,0,0000000000000000,0000000000000000,0000000000000000,0,0
504,504,0,0000000,00,3,3,3,0000000000000000,0,0,3,d65bd77e10f1103b,0,1,0,0,1,0,0,0000000000000000,0000000000000000,0000000000000000,0,0
505,505,0,0000000,00,3,3,3,0000000000000000,0,0,3,d65bd77e10f1103b,0,1,0,0,1,0,0,0000000000000000,0000000000000000,0000000000000000,0,0
506,506,0,0000000,00,3,3,3,0000000000000000,0,0,3,d65bd77e10f1103b,0,1,0,0,1,0,0,0000000000000000,0000000000000000,0000000000000000,0,0
507,507,0,0000000,00,3,3,3,0000000000000000,0,0,3,d65bd77e10f1103b,0,1,0,0,1,0,0,0000000000000000,0000000000000000,0000000000000000,0,0
508,508,0,0000000,00,3,3,3,0000000000000000,0,0,3,d65bd77e10f1103b,0,1,0,0,1,0,0,0000000000000000,0000000000000000,0000000000000000,0,0
509,509,0,0000000,00,3,3,3,0000000000000000,0,0,3,d65bd77e10f1103b,0,1,0,0,1,0,0,0000000000000000,0000000000000000,0000000000000000,0,0
510,510,0,0000000,00,3,3,3,0000000000000000,0,0,3,d65bd77e10f1103b,0,1,0,0,1,0,0,0000000000000000,0000000000000000,0000000000000000,0,0
511,511,0,0000000,00,3,3,3,0000000000000000,0,0,3,d65bd77e10f1103b,0,1,0,0,1,0,0,0000000000000000,0000000000000000,0000000000000000,0,0
512,512,0,0000000,00,3,3,3,0000000000000000,0,0,3,d65bd77e10f1103b,0,1,0,0,1,0,0,0000000000000000,0000000000000000,0000000000000000,0,0
513,513,0,0000000,00,3,3,3,0000000000000000,0,0,3,d65bd77e10f1103b,0,1,0,0,1,0,0,0000000000000000,0000000000000000,0000000000000000,0,0
514,514,0,0000000,00,3,3,3,0000000000000000,0,0,3,d65bd77e10f1103b,0,1,0,0,1,0,0,0000000000000000,0000000000000000,0000000000000000,0,0
515,515,0,0000000,00,3,3,3,0000000000000000,0,0,3,d65bd77e10f1103b,0,1,0,0,1,0,0,0000000000000000,0000000000000000,0000000000000000,0,0
516,516,0,0000000,00,3,3,3,0000000000000000,0,0,3,d65bd77e10f1103b,0,1,0,0,1,0,0,0000000000000000,0000000000000000,0000000000000000,0,0
517,517,0,0000000,00,3,3,3,0000000000000000,0,0,3,d65bd77e10f1103b,0,1,0,0,1,0,0,0000000000000000,0000000000000000,0000000000000000,0,0
518,518,0,0000000,00,3,3,3,0000000000000000,0,0,3,d65bd77e10f1103b,0,1,0,0,1,0,0,0000000000000000,0000000000000000,0000000000000000,0,0
519,519,0,0000000,00,3,3,3,0000000000000000,0,0,3,d65bd77e10f1103b,0,1,0,0,1,0,0,0000000000000000,0000000000000000,0000000000000000,0,0
520,520,0,0000000,00,3,3,3,0000000000000000,0,0,3,d65bd77e10f1103b,0,1,0,0,1,0,0,0000000000000000,0000000000000000,0000000000000000,0,0
521,521,0,0000000,00,3,3,3,0000000000000000,0,0,3,d65bd77e10f1103b,0,1,0,0,1,0,0,0000000000000000,0000000000000000,0000000000000000,0,0
522,522,0,0000000,00,3,3,3,0000000000000000,0,0,3,d65bd77e10f1103b,0,1,0,0,1,0,0,0000000000000000,0000000000000000,0000000000000000,0,0
523,523,0,0000000,00,3,3,3,0000000000000000,0,0,3,d65bd77e10f1103b,0,1,0,0,1,0,0,0000000000000000,0000000000000000,0000000000000000,0,0
524,524,0,0000000,00,3,3,3,0000000000000000,0,0,3,d65bd77e10f1103b,0,1,0,0,1,0,0,0000000000000000,0000000000000000,0000000000000000,0,0
525,525,0,0000000,00,3,3,3,0000000000000000,0,0,3,d65bd77e10f1103b,0,1,0,0,1,0,0,0000000000000000,0000000000000000,0000000000000000,0,0
526,526,0,0000000,00,3,3,3,0000000000000000,0,0,3,d65bd77e10f1103b,0,1,0,0,1,0,0,0000000000000000,0000000000000000,0000000000000000,0,0
527,527,0,0000000,00,3,3,3,0000000000000000,0,0,3,d65bd77e10f1103b,0,1,0,0,1,0,0,0000000000000000,0000000000000000,0000000000000000,0,0
528,528,0,0000000,00,3,3,3,0000000000000000,0,0,3,d65bd77e10f1103b,0,1,0,0,1,0,0,0000000000000000,0000000000000000,0000000000000000,0,0
529,529,0,0000000,00,3,3,3,0000000000000000,0,0,3,d65bd77e10f1103b,0,1,0,0,1,0,0,0000000000000000,0000000000000000,0000000000000000,0,0
530,530,0,0000000,00,3,3,3,0000000000000000,0,0,3,d65bd77e10f1103b,0,1,0,0,1,0,0,0000000000000000,0000000000000000,0000000000000000,0,0
531,531,0,0000000,00,3,3,3,0000000000000000,0,0,3,d65bd77e10f1103b,0,1,0,0,1,0,0,0000000000000000,0000000000000000,0000000000000000,0,0
532,532,0,0000000,00,3,3,3,0000000000000000,0,0,3,d65bd77e10f1103b,0,1,0,0,1,0,0,0000000000000000,0000000000000000,0000000000000000,0,0
533,533,0,0000000,00,3,3,3,0000000000000000,0,0,3,d65bd77e10f1103b,0,1,0,0,1,0,0,0000000000000000,0000000000000000,0000000000000000,0,0
534,534,0,0000000,00,3,3,3,0000000000000000,0,0,3,d65bd77e10f1103b,0,1,0,0,1,0,0,0000000000000000,0000000000000000,0000000000000000,0,0
535,535,0,0000000,00,3,3,3,0000000000000000,0,0,3,d65bd77e10f1103b,0,1,0,0,1,0,0,0000000000000000,0000000000000000,0000000000000000,0,0
536,536,0,0000000,00,3,3,3,0000000000000000,0,0,3,d65bd77e10f1103b,0,1,0,0,1,0,0,0000000000000000,0000000000000000,0000000000000000,0,0
537,537,0,0000000,00,3,3,3,0000000000000000,0,0,3,d65bd77e10f1103b,0,1,0,0,1,0,0,0000000000000000,0000000000000000,0000000000000000,0,0
538,538,0,0000000,00,3,3,3,0000000000000000,0,0,3,d65bd77e10f1103b,0,1,0,0,1,0,0,0000000000000000,0000000000000000,0000000000000000,0,0
539,539,0,0000000,00,3,3,3,0000000000000000,0,0,3,d65bd77e10f1103b,0,1,0,0,1,0,0,0000000000000000,0000000000000000,0000000000000000,0,0
540,540,0,0000000,00,3,3,3,0000000000000000,0,0,3,d65bd77e10f1103b,0,1,0,0,1,0,0,0000000000000000,0000000000000000,0000000000000000,0,0
541,541,0,0000000,00,3,3,3,0000000000000000,0,0,3,d65bd77e10f1103b,0,1,0,0,1,0,0,0000000000000000,0000000000000000,0000000000000000,0,0
542,542,0,0000000,00,3,3,3,0000000000000000,0,0,3,d65bd77e10f1103b,0,1,0,0,1,0,0,0000000000000000,0000000000000000,0000000000000000,0,0
543,543,0,0000000,00,3,3,3,0000000000000000,0,0,3,d65bd77e10f1103b,0,1,0,0,1,0,0,0000000000000000,0000000000000000,0000000000000000,0,0
544,544,0,0000000,00,3,3,3,0000000000000000,0,0,3,d65bd77e10f1103b,0,1,0,0,1,0,0,0000000000000000,0000000000000000,0000000000000000,0,0
545,545,0,0000000,00,3,3,3,0000000000000000,0,0,3,d65bd77e10f1103b,0,1,0,0,1,0,0,0000000000000000,0000000000000000,0000000000000000,0,0
546,546,0,0000000,00,3,3,3,0000000000000000,0,0,3,d65bd77e10f1103b,0,1,0,0,1,0,0,0000000000000000,0000000000000000,0000000000000000,0,0
547,547,0,0000000,00,3,3,3,0000000000000000,0,0,3,d65bd77e10f1103b,0,1,0,0,1,0,0,0000000000000000,0000000000000000,0000000000000000,0,0
548,548,0,0000000,00,3,3,3,0000000000000000,0,0,3,d65bd77e10f1103b,0,1,0,0,1,0,0,0000000000000000,0000000000000000,0000000000000000,0,0
549,549,0,0000000,00,3,3,3,0000000000000000,0,0,3,d65bd77e10f1103b,0,1,0,0,1,0,0,0000000000000000,0000000000000000,0000000000000000,0,0
550,550,0,0000000,00,3,3,3,0000000000000000,0,0,3,d65bd77e10f1103b,0,1,0,0,1,0,0,0000000000000000,0000000000000000,0000000000000000,0,0
551,551,0,0000000,00,3,3,3,0000000000000000,0,0,3,d65bd77e10f1103b,0,1,0,0,1,0,0,0000000000000000,0000000000000000,0000000000000000,0,0
552,552,0,0000000,00,3,3,3,0000000000000000,0,0,3,d65bd77e10f1103b,0,1,0,0,1,0,0,0000000000000000,0000000000000000,0000000000000000,0,0
553,553,0,0000000,00,3,3,3,0000000000000000,0,0,3,d65bd77e10f1103b,0,1,0,0,1,0,0,0000000000000000,0000000000000000,0000000000000000,0,0
554,554,0,0000000,00,3,3,3,0000000000000000,0,0,3,d65bd77e10f1103b,0,1,0,0,1,0,0,0000000000000000,0000000000000000,0000000000000000,0,0
555,555,0,0000000,00,3,3,3,0000000000000000,0,0,3,d65bd77e10f1103b,0,1,0,0,1,0,0,0000000000000000,0000000000000000,0000000000000000,0,0
556,556,0,0000000,00,3,3,3,0000000000000000,0,0,3,d65bd77e10f1103b,0,1,0,0,1,0,0,0000000000000000,0000000000000000,0000000000000000,0,0
557,557,0,0000000,00,3,3,3,0000000000000000,0,0,3,d65bd77e10f1103b,0,1,0,0,1,0,0,0000000000000000,0000000000000000,0000000000000000,0,0
558,558,0,0000000,00,3,3,3,0000000000000000,0,0,3,d65bd77e10f1103b,0,1,0,0,1,0,0,0000000000000000,0000000000000000,0000000000000000,0,0
559,559,0,0000000,00,3,3,3,0000000000000000,0,0,3,d65bd77e10f1103b,0,1,0,0,1,0,0,0000000000000000,0000000000000000,0000000000000000,0,0
560,560,0,0000000,00,3,3,3,0000000000000000,0,0,3,d65bd77e10f1103b,0,1,0,0,1,0,0,0000000000000000,0000000000000000,0000000000000000,0,0
561,561,0,0000000,00,3,3,3,0000000000000000,0,0,3,d65bd77e10f1103b,0,1,0,0,1,0,0,0000000000000000,0000000000000000,0000000000000000,0,0
562,562,0,0000000,00,3,3,3,0000000000000000,0,0,3,d65bd77e10f1103b,0,1,0,0,1,0,0,0000000000000000,0000000000000000,0000000000000000,0,0
563,563,0,0000000,00,3,3,3,0000000000000000,0,0,3,d65bd77e10f1103b,0,1,0,0,1,0,0,0000000000000000,0000000000000000,0000000000000000,0,0
564,564,0,0000000,00,3,3,3,0000000000000000,0,0,3,d65bd77e10f1103b,0,1,0,0,1,0,0,0000000000000000,0000000000000000,0000000000000000,0,0
565,565,0,0000000,00,3,3,3,0000000000000000,0,0,3,d65bd77e10f1103b,0,1,0,0,1,0,0,0000000000000000,0000000000000000,0000000000000000,0,0
566,566,0,0000000,00,3,3,3,0000000000000000,0,0,3,d65bd77e10f1103b,0,1,0,0,1,0,0,0000000000000000,0000000000000000,0000000000000000,0,0
567,567,0,0000000,00,3,3,3,0000000000000000,0,0,3,d65bd77e10f1103b,0,1,0,0,1,0,0,0000000000000000,0000000000000000,0000000000000000,0,0
568,568,0,0000000,00,3,3,3,0000000000000000,0,0,3,d65bd77e10f1103b,0,1,0,0,1,0,0,0000000000000000,0000000000000000,0000000000000000,0,0
569,569,0,0000000,00,3,3,3,0000000000000000,0,0,3,d65bd77e10f1103b,0,1,0,0,1,0,0,0000000000000000,0000000000000000,0000000000000000,0,0
570,570,0,0000000,00,3,3,3,0000000000000000,0,0,3,d65bd77e10f1103b,0,1,0,0,1,0,0,0000000000000000,0000000000000000,0000000000000000,0,0
571,571,0,0000000,00,3,3,3,0000000000000000,0,0,3,d65bd77e10f1103b,0,1,0,0,1,0,0,0000000000000000,0000000000000000,0000000000000000,0,0
572,572,0,0000000,00,3,3,3,0000000000000000,0,0,3,d65bd77e10f1103b,0,1,0,0,1,0,0,0000000000000000,0000000000000000,0000000000000000,0,0
573,573,0,0000000,00,3,3,3,0000000000000000,0,0,3,d65bd77e10f1103b,0,1,0,0,1,0,0,0000000000000000,0000000000000000,0000000000000000,0,0
574,574,0,0000000,00,3,3,3,0000000000000000,0,0,3,d65bd77e10f1103b,0,1,0,0,1,0,0,0000000000000000,0000000000000000,0000000000000000,0,0
575,575,0,0000000,00,3,3,3,0000000000000000,0,0,3,d65bd77e10f1103b,0,1,0,0,1,0,0,0000000000000000,0000000000000000,0000000000000000,0,0
576,576,0,0000000,00,3,3,3,0000000000000000,0,0,3,d65bd77e10f1103b,0,1,0,0,1,0,0,0000000000000000,0000000000000000,0000000000000000,0,0
577,577,0,0000000,00,3,3,3,0000000000000000,0,0,3,d65bd77e10f1103b,0,1,0,0,1,0,0,0000000000000000,0000000000000000,0000000000000000,0,0
578,578,0,0000000,00,3,3,3,0000000000000000,0,0,3,d65bd77e10f1103b,0,1,0,0,1,0,0,0000000000000000,0000000000000000,0000000000000000,0,0
579,579,0,0000000,00,3,3,3,0000000000000000,0,0,3,d65bd77e10f1103b,0,1,0,0,1,0,0,0000000000000000,0000000000000000,0000000000000000,0,0
580,580,0,0000000,00,3,3,3,0000000000000000,0,0,3,d65bd77e10f1103b,0,1,0,0,1,0,0,0000000000000000,0000000000000000,0000000000000000,0,0
581,581,0,0000000,00,3,3,3,0000000000000000,0,0,3,d65bd77e10f1103b,0,1,0,0,1,0,0,0000000000000000,0000000000000000,0000000000000000,0,0
582,582,0,0000000,00,3,3,3,0000000000000000,0,0,3,d65bd77e10f1103b,0,1,0,0,1,0,0,0000000000000000,0000000000000000,0000000000000000,0,0
583,583,0,0000000,00,3,3,3,0000000000000000,0,0,3,d65bd77e10f1103b,0,1,0,0,1,0,0,0000000000000000,0000000000000000,0000000000000000,0,0
584,584,0,0000000,00,3,3,3,0000000000000000,0,0,3,d65bd77e10f1103b,0,1,0,0,1,0,0,0000000000000000,0000000000000000,0000000000000000,0,0
585,585,0,0000000,00,3,3,3,0000000000000000,0,0,3,d65bd77e10f1103b,0,1,0,0,1,0,0,0000000000000000,0000000000000000,0000000000000000,0,0
586,586,0,0000000,00,3,3,3,0000000000000000,0,0,3,d65bd77e10f1103b,0,1,0,0,1,0,0,0000000000000000,0000000000000000,0000000000000000,0,0
587,587,0,0000000,00,3,3,3,0000000000000000,0,0,3,d65bd77e10f1103b,0,1,0,0,1,0,0,0000000000000000,0000000000000000,0000000000000000,0,0
588,588,0,0000000,00,3,3,3,0000000000000000,0,0,3,d65bd77e10f1103b,0,1,0,0,1,0,0,0000000000000000,0000000000000000,0000000000000000,0,0
589,589,0,0000000,00,3,3,3,0000000000000000,0,0,3,d65bd77e10f1103b,0,1,0,0,1,0,0,0000000000000000,0000000000000000,0000000000000000,0,0
590,590,0,0000000,00,3,3,3,0000000000000000,0,0,3,d65bd77e10f1103b,0,1,0,0,1,0,0,0000000000000000,0000000000000000,0000000000000000,0,0
591,591,0,0000000,00,3,3,3,0000000000000000,0,0,3,d65bd77e10f1103b,0,1,0,0,1,0,0,0000000000000000,0000000000000000,0000000000000000,0,0
592,592,0,0000000,00,3,3,3,0000000000000000,0,0,3,d65bd77e10f1103b,0,1,0,0,1,0,0,0000000000000000,0000000000000000,0000000000000000,0,0
593,593,0,0000000,00,3,3,3,0000000000000000,0,0,3,d65bd77e10f1103b,0,1,0,0,1,0,0,0000000000000000,0000000000000000,0000000000000000,0,0
594,594,0,0000000,00,3,3,3,0000000000000000,0,0,3,d65bd77e10f1103b,0,1,0,0,1,0,0,0000000000000000,0000000000000000,0000000000000000,0,0
595,595,0,0000000,00,3,3,3,0000000000000000,0,0,3,d65bd77e10f1103b,0,1,0,0,1,0,0,0000000000000000,0000000000000000,0000000000000000,0,0
596,596,0,0000000,00,3,3,3,0000000000000000,0,0,3,d65bd77e10f1103b,0,1,0,0,1,0,0,0000000000000000,0000000000000000,0000000000000000,0,0
597,597,0,0000000,00,3,3,3,0000000000000000,0,0,3,d65bd77e10f1103b,0,1,0,0,1,0,0,0000000000000000,0000000000000000,0000000000000000,0,0
598,598,0,0000000,00,3,3,3,0000000000000000,0,0,3,d65bd77e10f1103b,0,1,0,0,1,0,0,0000000000000000,0000000000000000,0000000000000000,0,0
599,599,0,0000000,00,3,3,3,0000000000000000,0,0,3,d65bd77e10f1103b,0,1,0,0,1,0,0,0000000000000000,0000000000000000,0000000000000000,0,0
600,600,0,0000000,00,3,3,3,0000000000000000,0,0,3,d65bd77e10f1103b,0,1,0,0,1,0,0,0000000000000000,0000000000000000,0000000000000000,0,0
601,601,0,0000000,00,3,3,3,0000000000000000,0,0,3,d65bd77e10f1103b,0,1,0,0,1,0,0,0000000000000000,0000000000000000,0000000000000000,0,0
602,602,0,0000000,00,3,3,3,0000000000000000,0,0,3,d65bd77e10f1103b,0,1,0,0,1,0,0,0000000000000000,0000000000000000,0000000000000000,0,0
603,603,0,0000000,00,3,3,3,0000000000000000,0,0,3,d65bd77e10f1103b,0,1,0,0,1,0,0,0000000000000000,0000000000000000,0000000000000000,0,0
604,604,0,0000000,00,3,3,3,0000000000000000,0,0,3,d65bd77e10f1103b,0,1,0,0,1,0,0,0000000000000000,0000000000000000,0000000000000000,0,0
605,605,0,0000000,00,3,3,3,0000000000000000,0,0,3,d65bd77e10f1103b,0,1,0,0,1,0,0,0000000000000000,0000000000000000,0000000000000000,0,0
606,606,0,0000000,00,3,3,3,0000000000000000,0,0,3,d65bd77e10f1103b,0,1,0,0,1,0,0,0000000000000000,0000000000000000,0000000000000000,0,0
607,607,0,0000000,00,3,3,3,0000000000000000,0,0,3,d65bd77e10f1103b,0,1,0,0,1,0,0,0000000000000000,0000000000000000,0000000000000000,0,0
608,608,0,0000000,00,3,3,3,0000000000000000,0,0,3,d65bd77e10f1103b,0,1,0,0,1,0,0,0000000000000000,0000000000000000,0000000000000000,0,0
609,609,0,0000000,00,3,3,3,0000000000000000,0,0,3,d65bd77e10f1103b,0,1,0,0,1,0,0,0000000000000000,0000000000000000,0000000000000000,0,0
610,610,0,0000000,00,3,3,3,0000000000000000,0,0,3,d65bd77e10f1103b,0,1,0,0,1,0,0,0000000000000000,0000000000000000,0000000000000000,0,0
611,611,0,0000000,00,3,3,3,0000000000000000,0,0,3,d65bd77e10f1103b,0,1,0,0,1,0,0,0000000000000000,0000000000000000,0000000000000000,0,0
612,612,0,0000000,00,3,3,3,0000000000000000,0,0,3,d65bd77e10f1103b,0,1,0,0,1,0,0,0000000000000000,0000000000000000,0000000000000000,0,0
613,613,0,0000000,00,3,3,3,0000000000000000,0,0,3,d65bd77e10f1103b,0,1,0,0,1,0,0,0000000000000000,0000000000000000,0000000000000000,0,0
614,614,0,0000000,00,3,3,3,0000000000000000,0,0,3,d65bd77e10f1103b,0,1,0,0,1,0,0,0000000000000000,0000000000000000,0000000000000000,0,0
615,615,0,0000000,00,3,3,3,0000000000000000,0,0,3,d65bd77e10f1103b,0,1,0,0,1,0,0,0000000000000000,0000000000000000,0000000000000000,0,0
616,616,0,0000000,00,3,3,3,0000000000000000,0,0,3,d65bd77e10f1103b,0,1,0,0,1,0,0,0000000000000000,0000000000000000,0000000000000000,0,0
617,617,0,0000000,00,3,3,3,0000000000000000,0,0,3,d65bd77e10f1103b,0,1,0,0,1,0,0,0000000000000000,0000000000000000,0000000000000000,0,0
618,618,0,0000000,00,3,3,3,0000000000000000,0,0,3,d65bd77e10f1103b,0,1,0,0,1,0,0,0000000000000000,0000000000000000,0000000000000000,0,0
619,619,0,0000000,00,3,3,3,0000000000000000,0,0,3,d65bd77e10f1103b,0,1,0,0,1,0,0,0000000000000000,0000000000000000,0000000000000000,0,0
620,620,0,0000000,00,3,3,3,0000000000000000,0,0,3,d65bd77e10f1103b,0,1,0,0,1,0,0,0000000000000000,0000000000000000,0000000000000000,0,0
621,621,0,0000000,00,3,3,3,0000000000000000,0,0,3,d65bd77e10f1103b,0,1,0,0,1,0,0,0000000000000000,0000000000000000,0000000000000000,0,0
622,622,0,0000000,00,3,3,3,0000000000000000,0,0,3,d65bd77e10f1103b,0,1,0,0,1,0,0,0000000000000000,0000000000000000,0000000000000000,0,0
623,623,0,0000000,00,3,3,3,0000000000000000,0,0,3,d65bd77e10f1103b,0,1,0,0,1,0,0,0000000000000000,0000000000000000,0000000000000000,0,0
624,624,0,0000000,00,3,3,3,0000000000000000,0,0,3,d65bd77e10f1103b,0,1,0,0,1,0,0,0000000000000000,0000000000000000,0000000000000000,0,0
625,625,0,0000000,00,3,3,3,0000000000000000,0,0,3,d65bd77e10f1103b,0,1,0,0,1,0,0,0000000000000000,0000000000000000,0000000000000000,0,0
626,626,0,0000000,00,3,3,3,0000000000000000,0,0,3,d65bd77e10f1103b,0,1,0,0,1,0,0,0000000000000000,0000000000000000,0000000000000000,0,0
627,627,0,0000000,00,3,3,3,0000000000000000,0,0,3,d65bd77e10f1103b,0,1,0,0,1,0,0,0000000000000000,0000000000000000,0000000000000000,0,0
628,628,0,0000000,00,3,3,3,0000000000000000,0,0,3,d65bd77e10f1103b,0,1,0,0,1,0,0,0000000000000000,0000000000000000,0000000000000000,0,0
629,629,0,0000000,00,3,3,3,0000000000000000,0,0,3,d65bd77e10f1103b,0,1,0,0,1,0,0,0000000000000000,0000000000000000,0000000000000000,0,0
630,630,0,0000000,00,3,3,3,0000000000000000,0,0,3,d65bd77e10f1103b,0,1,0,0,1,0,0,0000000000000000,0000000000000000,0000000000000000,0,0
631,631,0,0000000,00,3,3,3,0000000000000000,0,0,3,d65bd77e10f1103b,0,1,0,0,1,0,0,0000000000000000,0000000000000000,0000000000000000,0,0
632,632,0,0000000,00,3,3,3,0000000000000000,0,0,3,d65bd77e10f1103b,0,1,0,0,1,0,0,0000000000000000,0000000000000000,0000000000000000,0,0
633,633,0,0000000,00,3,3,3,0000000000000000,0,0,3,d65bd77e10f1103b,0,1,0,0,1,0,0,0000000000000000,0000000000000000,0000000000000000,0,0
634,634,0,0000000,00,3,3,3,0000000000000000,0,0,3,d65bd77e10f1103b,0,1,0,0,1,0,0,0000000000000000,0000000000000000,0000000000000000,0,0
635,635,0,0000000,00,3,3,3,0000000000000000,0,0,3,d65bd77e10f1103b,0,1,0,0,1,0,0,0000000000000000,0000000000000000,0000000000000000,0,0
636,636,0,0000000,00,3,3,3,0000000000000000,0,0,3,d65bd77e10f1103b,0,1,0,0,1,0,0,0000000000000000,0000000000000000,0000000000000000,0,0
637,637,0,0000000,00,3,3,3,0000000000000000,0,0,3,d65bd77e10f1103b,0,1,0,0,1,0,0,0000000000000000,0000000000000000,0000000000000000,0,0
638,638,0,0000000,00,3,3,3,0000000000000000,0,0,3,d65bd77e10f1103b,0,1,0,0,1,0,0,0000000000000000,0000000000000000,0000000000000000,0,0
639,639,0,0000000,00,3,3,3,0000000000000000,0,0,3,d65bd77e10f1103b,0,1,0,0,1,0,0,0000000000000000,0000000000000000,0000000000000000,0,0
640,640,0,0000000,00,3,3,3,0000000000000000,0,0,3,d65bd77e10f1103b,0,1,0,0,1,0,0,0000000000000000,0000000000000000,0000000000000000,0,0
641,641,0,0000000,00,3,3,3,0000000000000000,0,0,3,d65bd77e10f1103b,0,1,0,0,1,0,0,0000000000000000,0000000000000000,0000000000000000,0,0
642,642,0,0000000,00,3,3,3,0000000000000000,0,0,3,d65bd77e10f1103b,0,1,0,0,1,0,0,0000000000000000,0000000000000000,0000000000000000,0,0
643,643,0,0000000,00,3,3,3,0000000000000000,0,0,3,d65bd77e10f1103b,0,1,0,0,1,0,0,0000000000000000,0000000000000000,0000000000000000,0,0
644,644,0,0000000,00,3,3,3,0000000000000000,0,0,3,d65bd77e10f1103b,0,1,0,0,1,0,0,0000000000000000,0000000000000000,0000000000000000,0,0
645,645,0,0000000,00,3,3,3,0000000000000000,0,0,3,d65bd77e10f1103b,0,1,0,0,1,0,0,0000000000000000,0000000000000000,0000000000000000,0,0
646,646,0,0000000,00,3,3,3,0000000000000000,0,0,3,d65bd77e10f1103b,0,1,0,0,1,0,0,0000000000000000,0000000000000000,0000000000000000,0,0
647,647,0,0000000,00,3,3,3,0000000000000000,0,0,3,d65bd77e10f1103b,0,1,0,0,1,0,0,0000000000000000,0000000000000000,0000000000000000,0,0
648,648,0,0000000,00,3,3,3,0000000000000000,0,0,3,d65bd77e10f1103b,0,1,0,0,1,0,0,0000000000000000,0000000000000000,0000000000000000,0,0
649,649,0,0000000,00,3,3,3,0000000000000000,0,0,3,d65bd77e10f1103b,0,1,0,0,1,0,0,0000000000000000,0000000000000000,0000000000000000,0,0
650,650,0,0000000,00,3,3,3,0000000000000000,0,0,3,d65bd77e10f1103b,0,1,0,0,1,0,0,0000000000000000,0000000000000000,0000000000000000,0,0
651,651,0,0000000,00,3,3,3,0000000000000000,0,0,3,d65bd77e10f1103b,0,1,0,0,1,0,0,0000000000000000,0000000000000000,0000000000000000,0,0
652,652,0,0000000,00,3,3,3,0000000000000000,0,0,3,d65bd77e10f1103b,0,1,0,0,1,0,0,0000000000000000,0000000000000000,0000000000000000,0,0
653,653,0,0000000,00,3,3,3,0000000000000000,0,0,3,d65bd77e10f1103b,0,1,0,0,1,0,0,0000000000000000,0000000000000000,0000000000000000,0,0
654,654,0,0000000,00,3,3,3,0000000000000000,0,0,3,d65bd77e10f1103b,0,1,0,0,1,0,0,0000000000000000,0000000000000000,0000000000000000,0,0
655,655,0,0000000,00,3,3,3,0000000000000000,0,0,3,d65bd77e10f1103b,0,1,0,0,1,0,0,0000000000000000,0000000000000000,0000000000000000,0,0
656,656,0,0000000,00,3,3,3,0000000000000000,0,0,3,d65bd77e10f1103b,0,1,0,0,1,0,0,0000000000000000,0000000000000000,0000000000000000,0,0
657,657,0,0000000,00,3,3,3,0000000000000000,0,0,3,d65bd77e10f1103b,0,1,0,0,1,0,0,0000000000000000,0000000000000000,0000000000000000,0,0
658,658,0,0000000,00,3,3,3,0000000000000000,0,0,3,d65bd77e10f1103b,0,1,0,0,1,0,0,0000000000000000,0000000000000000,0000000000000000,0,0
659,659,0,0000000,00,3,3,3,0000000000000000,0,0,3,d65bd77e10f1103b,0,1,0,0,1,0,0,0000000000000000,0000000000000000,0000000000000000,0,0
660,660,0,0000000,00,3,3,3,0000000000000000,0,0,3,d65bd77e10f1103b,0,1,0,0,1,0,0,0000000000000000,0000000000000000,0000000000000000,0,0
661,661,0,0000000,00,3,3,3,0000000000000000,0,0,3,d65bd77e10f1103b,0,1,0,0,1,0,0,0000000000000000,0000000000000000,0000000000000000,0,0
662,662,0,0000000,00,3,3,3,0000000000000000,0,0,3,d65bd77e10f1103b,0,1,0,0,1,0,0,0000000000000000,0000000000000000,0000000000000000,0,0
663,663,0,0000000,00,3,3,3,0000000000000000,0,0,3,d65bd77e10f1103b,0,1,0,0,1,0,0,0000000000000000,0000000000000000,0000000000000000,0,0
664,664,0,0000000,00,3,3,3,0000000000000000,0,0,3,d65bd77e10f1103b,0,1,0,0,1,0,0,0000000000000000,0000000000000000,0000000000000000,0,0
665,665,0,0000000,00,3,3,3,0000000000000000,0,0,3,d65bd77e10f1103b,0,1,0,0,1,0,0,0000000000000000,0000000000000000,0000000000000000,0,0
666,666,0,0000000,00,3,3,3,0000000000000000,0,0,3,d65bd77e10f1103b,0,1,0,0,1,0,0,0000000000000000,0000000000000000,0000000000000000,0,0
667,667,0,0000000,00,3,3,3,0000000000000000,0,0,3,d65bd77e10f1103b,0,1,0,0,1,0,0,0000000000000000,0000000000000000,0000000000000000,0,0
668,668,0,0000000,00,3,3,3,0000000000000000,0,0,3,d65bd77e10f1103b,0,1,0,0,1,0,0,0000000000000000,0000000000000000,0000000000000000,0,0
669,669,0,0000000,00,3,3,3,0000000000000000,0,0,3,d65bd77e10f1103b,0,1,0,0,1,0,0,0000000000000000,0000000000000000,0000000000000000,0,0
670,670,0,0000000,00,3,3,3,0000000000000000,0,0,3,d65bd77e10f1103b,0,1,0,0,1,0,0,0000000000000000,0000000000000000,0000000000000000,0,0
671,671,0,0000000,00,3,3,3,0000000000000000,0,0,3,d65bd77e10f1103b,0,1,0,0,1,0,0,0000000000000000,0000000000000000,0000000000000000,0,0
672,672,0,0000000,00,3,3,3,0000000000000000,0,0,3,d65bd77e10f1103b,0,1,0,0,1,0,0,0000000000000000,0000000000000000,0000000000000000,0,0
673,673,0,0000000,00,3,3,3,0000000000000000,0,0,3,d65bd77e10f1103b,0,1,0,0,1,0,0,0000000000000000,0000000000000000,0000000000000000,0,0
674,674,0,0000000,00,3,3,3,0000000000000000,0,0,3,d65bd77e10f1103b,0,1,0,0,1,0,0,0000000000000000,0000000000000000,0000000000000000,0,0
675,675,0,0000000,00,3,3,3,0000000000000000,0,0,3,d65bd77e10f1103b,0,1,0,0,1,0,0,0000000000000000,0000000000000000,0000000000000000,0,0
676,676,0,0000000,00,3,3,3,0000000000000000,0,0,3,d65bd77e10f1103b,0,1,0,0,1,0,0,0000000000000000,0000000000000000,0000000000000000,0,0
677,677,0,0000000,00,3,3,3,0000000000000000,0,0,3,d65bd77e10f1103b,0,1,0,0,1,0,0,0000000000000000,0000000000000000,0000000000000000,0,0
678,678,0,0000000,00,3,3,3,0000000000000000,0,0,3,d65bd77e10f1103b,0,1,0,0,1,0,0,0000000000000000,0000000000000000,0000000000000000,0,0
679,679,0,0000000,00,3,3,3,0000000000000000,0,0,3,d65bd77e10f1103b,0,1,0,0,1,0,0,0000000000000000,0000000000000000,0000000000000000,0,0
680,680,0,0000000,00,3,3,3,0000000000000000,0,0,3,d65bd77e10f1103b,0,1,0,0,1,0,0,0000000000000000,0000000000000000,0000000000000000,0,0
681,681,0,0000000,00,3,3,3,0000000000000000,0,0,3,d65bd77e10f1103b,0,1,0,0,1,0,0,0000000000000000,0000000000000000,0000000000000000,0,0
682,682,0,0000000,00,3,3,3,0000000000000000,0,0,3,d65bd77e10f1103b,0,1,0,0,1,0,0,0000000000000000,0000000000000000,0000000000000000,0,0
683,683,0,0000000,00,3,3,3,0000000000000000,0,0,3,d65bd77e10f1103b,0,1,0,0,1,0,0,0000000000000000,0000000000000000,0000000000000000,0,0
684,684,0,0000000,00,3,3,3,0000000000000000,0,0,3,d65bd77e10f1103b,0,1,0,0,1,0,0,0000000000000000,0000000000000000,0000000000000000,0,0
685,685,0,0000000,00,3,3,3,0000000000000000,0,0,3,d65bd77e10f1103b,0,1,0,0,1,0,0,0000000000000000,0000000000000000,0000000000000000,0,0
686,686,0,0000000,00,3,3,3,0000000000000000,0,0,3,d65bd77e10f1103b,0,1,0,0,1,0,0,0000000000000000,0000000000000000,0000000000000000,0,0
687,687,0,0000000,00,3,3,3,0000000000000000,0,0,3,d65bd77e10f1103b,0,1,0,0,1,0,0,0000000000000000,0000000000000000,0000000000000000,0,0
688,688,0,0000000,00,3,3,3,0000000000000000,0,0,3,d65bd77e10f1103b,0,1,0,0,1,0,0,0000000000000000,0000000000000000,0000000000000000,0,0
689,689,0,0000000,00,3,3,3,0000000000000000,0,0,3,d65bd77e10f1103b,0,1,0,0,1,0,0,0000000000000000,0000000000000000,0000000000000000,0,0
690,690,0,0000000,00,3,3,3,0000000000000000,0,0,3,d65bd77e10f1103b,0,1,0,0,1,0,0,0000000000000000,0000000000000000,0000000000000000,0,0
691,691,0,0000000,00,3,3,3,0000000000000000,0,0,3,d65bd77e10f1103b,0,1,0,0,1,0,0,0000000000000000,0000000000000000,0000000000000000,0,0
692,692,0,0000000,00,3,3,3,0000000000000000,0,0,3,d65bd77e10f1103b,0,1,0,0,1,0,0,0000000000000000,0000000000000000,0000000000000000,0,0
693,693,0,0000000,00,3,3,3,0000000000000000,0,0,3,d65bd77e10f1103b,0,1,0,0,1,0,0,0000000000000000,0000000000000000,0000000000000000,0,0
694,694,0,0000000,00,3,3,3,0000000000000000,0,0,3,d65bd77e10f1103b,0,1,0,0,1,0,0,0000000000000000,0000000000000000,0000000000000000,0,0
695,695,0,0000000,00,3,3,3,0000000000000000,0,0,3,d65bd77e10f1103b,0,1,0,0,1,0,0,0000000000000000,0000000000000000,0000000000000000,0,0
696,696,0,0000000,00,3,3,3,0000000000000000,0,0,3,d65bd77e10f1103b,0,1,0,0,1,0,0,0000000000000000,0000000000000000,0000000000000000,0,0
697,697,0,0000000,00,3,3,3,0000000000000000,0,0,3,d65bd77e10f1103b,0,1,0,0,1,0,0,0000000000000000,0000000000000000,0000000000000000,0,0
698,698,0,0000000,00,3,3,3,0000000000000000,0,0,3,d65bd77e10f1103b,0,1,0,0,1,0,0,0000000000000000,0000000000000000,0000000000000000,0,0
699,699,0,0000000,00,3,3,3,0000000000000000,0,0,3,d65bd77e10f1103b,0,1,0,0,1,0,0,0000000000000000,0000000000000000,0000000000000000,0,0
700,700,0,0000000,00,3,3,3,0000000000000000,0,0,3,d65bd77e10f1103b,0,1,0,0,1,0,0,0000000000000000,0000000000000000,0000000000000000,0,0
701,701,0,0000000,00,3,3,3,0000000000000000,0,0,3,d65bd77e10f1103b,0,1,0,0,1,0,0,0000000000000000,0000000000000000,0000000000000000,0,0
702,702,0,0000000,00,3,3,3,0000000000000000,0,0,3,d65bd77e10f1103b,0,1,0,0,1,0,0,0000000000000000,0000000000000000,0000000000000000,0,0
703,703,0,0000000,00,3,3,3,0000000000000000,0,0,3,d65bd77e10f1103b,0,1,0,0,1,0,0,0000000000000000,0000000000000000,0000000000000000,0,0
704,704,0,0000000,00,3,3,3,0000000000000000,0,0,3,d65bd77e10f1103b,0,1,0,0,1,0,0,0000000000000000,0000000000000000,0000000000000000,0,0
705,705,0,0000000,00,3,3,3,0000000000000000,0,0,3,d65bd77e10f1103b,0,1,0,0,1,0,0,0000000000000000,0000000000000000,0000000000000000,0,0
706,706,0,0000000,00,3,3,3,0000000000000000,0,0,3,d65bd77e10f1103b,0,1,0,0,1,0,0,0000000000000000,0000000000000000,0000000000000000,0,0
707,707,0,0000000,00,3,3,3,0000000000000000,0,0,3,d65bd77e10f1103b,0,1,0,0,1,0,0,0000000000000000,0000000000000000,0000000000000000,0,0
708,708,0,0000000,00,3,3,3,0000000000000000,0,0,3,d65bd77e10f1103b,0,1,0,0,1,0,0,0000000000000000,0000000000000000,0000000000000000,0,0
709,709,0,0000000,00,3,3,3,0000000000000000,0,0,3,d65bd77e10f1103b,0,1,0,0,1,0,0,0000000000000000,0000000000000000,0000000000000000,0,0
710,710,0,0000000,00,3,3,3,0000000000000000,0,0,3,d65bd77e10f1103b,0,1,0,0,1,0,0,0000000000000000,0000000000000000,0000000000000000,0,0
711,711,0,0000000,00,3,3,3,0000000000000000,0,0,3,d65bd77e10f1103b,0,1,0,0,1,0,0,0000000000000000,0000000000000000,0000000000000000,0,0
712,712,0,0000000,00,3,3,3,0000000000000000,0,0,3,d65bd77e10f1103b,0,1,0,0,1,0,0,0000000000000000,0000000000000000,0000000000000000,0,0
713,713,0,0000000,00,3,3,3,0000000000000000,0,0,3,d65bd77e10f1103b,0,1,0,0,1,0,0,0000000000000000,0000000000000000,0000000000000000,0,0
714,714,0,0000000,00,3,3,3,0000000000000000,0,0,3,d65bd77e10f1103b,0,1,0,0,1,0,0,0000000000000000,0000000000000000,0000000000000000,0,0
715,715,0,0000000,00,3,3,3,0000000000000000,0,0,3,d65bd77e10f1103b,0,1,0,0,1,0,0,0000000000000000,0000000000000000,0000000000000000,0,0
716,716,0,0000000,00,3,3,3,0000000000000000,0,0,3,d65bd77e10f1103b,0,1,0,0,1,0,0,0000000000000000,0000000000000000,0000000000000000,0,0
717,717,0,0000000,00,3,3,3,0000000000000000,0,0,3,d65bd77e10f1103b,0,1,0,0,1,0,0,0000000000000000,0000000000000000,0000000000000000,0,0
718,718,0,0000000,00,3,3,3,0000000000000000,0,0,3,d65bd77e10f1103b,0,1,0,0,1,0,0,0000000000000000,0000000000000000,0000000000000000,0,0
719,719,0,0000000,00,3,3,3,0000000000000000,0,0,3,d65bd77e10f1103b,0,1,0,0,1,0,0,0000000000000000,0000000000000000,0000000000000000,0,0
720,720,0,0000000,00,3,3,3,0000000000000000,0,0,3,d65bd77e10f1103b,0,1,0,0,1,0,0,0000000000000000,0000000000000000,0000000000000000,0,0
721,721,0,0000000,00,3,3,3,0000000000000000,0,0,3,d65bd77e10f1103b,0,1,0,0,1,0,0,0000000000000000,0000000000000000,0000000000000000,0,0
722,722,0,0000000,00,3,3,3,0000000000000000,0,0,3,d65bd77e10f1103b,0,1,0,0,1,0,0,0000000000000000,0000000000000000,0000000000000000,0,0
723,723,0,0000000,00,3,3,3,0000000000000000,0,0,3,d65bd77e10f1103b,0,1,0,0,1,0,0,0000000000000000,0000000000000000,0000000000000000,0,0
724,724,0,0000000,00,3,3,3,0000000000000000,0,0,3,d65bd77e10f1103b,0,1,0,0,1,0,0,0000000000000000,0000000000000000,0000000000000000,0,0
725,725,0,0000000,00,3,3,3,0000000000000000,0,0,3,d65bd77e10f1103b,0,1,0,0,1,0,0,0000000000000000,0000000000000000,0000000000000000,0,0
726,726,0,0000000,00,3,3,3,0000000000000000,0,0,3,d65bd77e10f1103b,0,1,0,0,1,0,0,0000000000000000,0000000000000000,0000000000000000,0,0
727,727,0,0000000,00,3,3,3,0000000000000000,0,0,3,d65bd77e10f1103b,0,1,0,0,1,0,0,0000000000000000,0000000000000000,0000000000000000,0,0
728,728,0,0000000,00,3,3,3,0000000000000000,0,0,3,d65bd77e10f1103b,0,1,0,0,1,0,0,0000000000000000,0000000000000000,0000000000000000,0,0
729,729,0,0000000,00,3,3,3,0000000000000000,0,0,3,d65bd77e10f1103b,0,1,0,0,1,0,0,0000000000000000,0000000000000000,0000000000000000,0,0
730,730,0,0000000,00,3,3,3,0000000000000000,0,0,3,d65bd77e10f1103b,0,1,0,0,1,0,0,0000000000000000,0000000000000000,0000000000000000,0,0
731,731,0,0000000,00,3,3,3,0000000000000000,0,0,3,d65bd77e10f1103b,0,1,0,0,1,0,0,0000000000000000,0000000000000000,0000000000000000,0,0
732,732,0,0000000,00,3,3,3,0000000000000000,0,0,3,d65bd77e10f1103b,0,1,0,0,1,0,0,0000000000000000,0000000000000000,0000000000000000,0,0
733,733,0,0000000,00,3,3,3,0000000000000000,0,0,3,d65bd77e10f1103b,0,1,0,0,1,0,0,0000000000000000,0000000000000000,0000000000000000,0,0
734,734,0,0000000,00,3,3,3,0000000000000000,0,0,3,d65bd77e10f1103b,0,1,0,0,1,0,0,0000000000000000,0000000000000000,0000000000000000,0,0
735,735,0,0000000,00,3,3,3,0000000000000000,0,0,3,d65bd77e10f1103b,0,1,0,0,1,0,0,0000000000000000,0000000000000000,0000000000000000,0,0
736,736,0,0000000,00,3,3,3,0000000000000000,0,0,3,d65bd77e10f1103b,0,1,0,0,1,0,0,0000000000000000,0000000000000000,0000000000000000,0,0
737,737,0,0000000,00,3,3,3,0000000000000000,0,0,3,d65bd77e10f1103b,0,1,0,0,1,0,0,0000000000000000,0000000000000000,0000000000000000,0,0
738,738,0,0000000,00,3,3,3,0000000000000000,0,0,3,d65bd77e10f1103b,0,1,0,0,1,0,0,0000000000000000,0000000000000000,0000000000000000,0,0
739,739,0,0000000,00,3,3,3,0000000000000000,0,0,3,d65bd77e10f1103b,0,1,0,0,1,0,0,0000000000000000,0000000000000000,0000000000000000,0,0
740,740,0,0000000,00,3,3,3,0000000000000000,0,0,3,d65bd77e10f1103b,0,1,0,0,1,0,0,0000000000000000,0000000000000000,0000000000000000,0,0
741,741,0,0000000,00,3,3,3,0000000000000000,0,0,3,d65bd77e10f1103b,0,1,0,0,1,0,0,0000000000000000,0000000000000000,0000000000000000,0,0
742,742,0,0000000,00,3,3,3,0000000000000000,0,0,3,d65bd77e10f1103b,0,1,0,0,1,0,0,0000000000000000,0000000000000000,0000000000000000,0,0
743,743,0,0000000,00,3,3,3,0000000000000000,0,0,3,d65bd77e10f1103b,0,1,0,0,1,0,0,0000000000000000,0000000000000000,0000000000000000,0,0
744,744,0,0000000,00,3,3,3,0000000000000000,0,0,3,d65bd77e10f1103b,0,1,0,0,1,0,0,0000000000000000,0000000000000000,0000000000000000,0,0
745,745,0,0000000,00,3,3,3,0000000000000000,0,0,3,d65bd77e10f1103b,0,1,0,0,1,0,0,0000000000000000,0000000000000000,0000000000000000,0,0
746,746,0,0000000,00,3,3,3,0000000000000000,0,0,3,d65bd77e10f1103b,0,1,0,0,1,0,0,0000000000000000,0000000000000000,0000000000000000,0,0
747,747,0,0000000,00,3,3,3,0000000000000000,0,0,3,d65bd77e10f1103b,0,1,0,0,1,0,0,0000000000000000,0000000000000000,0000000000000000,0,0
748,748,0,0000000,00,3,3,3,0000000000000000,0,0,3,d65bd77e10f1103b,0,1,0,0,1,0,0,0000000000000000,0000000000000000,0000000000000000,0,0
749,749,0,0000000,00,3,3,3,0000000000000000,0,0,3,d65bd77e10f1103b,0,1,0,0,1,0,0,0000000000000000,0000000000000000,0000000000000000,0,0
750,750,0,0000000,00,3,3,3,0000000000000000,0,0,3,d65bd77e10f1103b,0,1,0,0,1,0,0,0000000000000000,0000000000000000,0000000000000000,0,0
751,751,0,0000000,00,3,3,3,0000000000000000,0,0,3,d65bd77e10f1103b,0,1,0,0,1,0,0,0000000000000000,0000000000000000,0000000000000000,0,0
752,752,0,0000000,00,3,3,3,0000000000000000,0,0,3,d65bd77e10f1103b,0,1,0,0,1,0,0,0000000000000000,0000000000000000,0000000000000000,0,0
753,753,0,0000000,00,3,3,3,0000000000000000,0,0,3,d65bd77e10f1103b,0,1,0,0,1,0,0,0000000000000000,0000000000000000,0000000000000000,0,0
754,754,0,0000000,00,3,3,3,0000000000000000,0,0,3,d65bd77e10f1103b,0,1,0,0,1,0,0,0000000000000000,0000000000000000,0000000000000000,0,0
755,755,0,0000000,00,3,3,3,0000000000000000,0,0,3,d65bd77e10f1103b,0,1,0,0,1,0,0,0000000000000000,0000000000000000,0000000000000000,0,0
756,756,0,0000000,00,3,3,3,0000000000000000,0,0,3,d65bd77e10f1103b,0,1,0,0,1,0,0,0000000000000000,0000000000000000,0000000000000000,0,0
757,757,0,0000000,00,3,3,3,0000000000000000,0,0,3,d65bd77e10f1103b,0,1,0,0,1,0,0,0000000000000000,0000000000000000,0000000000000000,0,0
758,758,0,0000000,00,3,3,3,0000000000000000,0,0,3,d65bd77e10f1103b,0,1,0,0,1,0,0,0000000000000000,0000000000000000,0000000000000000,0,0
759,759,0,0000000,00,3,3,3,0000000000000000,0,0,3,d65bd77e10f1103b,0,1,0,0,1,0,0,0000000000000000,0000000000000000,0000000000000000,0,0
760,760,0,0000000,00,3,3,3,0000000000000000,0,0,3,d65bd77e10f1103b,0,1,0,0,1,0,0,0000000000000000,0000000000000000,0000000000000000,0,0
761,761,0,0000000,00,3,3,3,0000000000000000,0,0,3,d65bd77e10f1103b,0,1,0,0,1,0,0,0000000000000000,0000000000000000,0000000000000000,0,0
762,762,0,0000000,00,3,3,3,0000000000000000,0,0,3,d65bd77e10f1103b,0,1,0,0,1,0,0,0000000000000000,0000000000000000,0000000000000000,0,0
763,763,0,0000000,00,3,3,3,0000000000000000,0,0,3,d65bd77e10f1103b,0,1,0,0,1,0,0,0000000000000000,0000000000000000,0000000000000000,0,0
764,764,0,0000000,00,3,3,3,0000000000000000,0,0,3,d65bd77e10f1103b,0,1,0,0,1,0,0,0000000000000000,0000000000000000,0000000000000000,0,0
765,765,0,0000000,00,3,3,3,0000000000000000,0,0,3,d65bd77e10f1103b,0,1,0,0,1,0,0,0000000000000000,0000000000000000,0000000000000000,0,0
766,766,0,0000000,00,3,3,3,0000000000000000,0,0,3,d65bd77e10f1103b,0,1,0,0,1,0,0,0000000000000000,0000000000000000,0000000000000000,0,0
767,767,0,0000000,00,3,3,3,0000000000000000,0,0,3,d65bd77e10f1103b,0,1,0,0,1,0,0,0000000000000000,0000000000000000,0000000000000000,0,0
768,768,0,0000000,00,3,3,3,0000000000000000,0,0,3,d65bd77e10f1103b,0,1,0,0,1,0,0,0000000000000000,0000000000000000,0000000000000000,0,0
769,769,0,0000000,00,3,3,3,0000000000000000,0,0,3,d65bd77e10f1103b,0,1,0,0,1,0,0,0000000000000000,0000000000000000,0000000000000000,0,0
770,770,0,0000000,00,3,3,3,0000000000000000,0,0,3,d65bd77e10f1103b,0,1,0,0,1,0,0,0000000000000000,0000000000000000,0000000000000000,0,0
771,771,0,0000000,00,3,3,3,0000000000000000,0,0,3,d65bd77e10f1103b,0,1,0,0,1,0,0,0000000000000000,0000000000000000,0000000000000000,0,0
772,772,0,0000000,00,3,3,3,0000000000000000,0,0,3,d65bd77e10f1103b,0,1,0,0,1,0,0,0000000000000000,0000000000000000,0000000000000000,0,0
773,773,0,0000000,00,3,3,3,0000000000000000,0,0,3,d65bd77e10f1103b,0,1,0,0,1,0,0,0000000000000000,0000000000000000,0000000000000000,0,0
774,774,0,0000000,00,3,3,3,0000000000000000,0,0,3,d65bd77e10f1103b,0,1,0,0,1,0,0,0000000000000000,0000000000000000,0000000000000000,0,0
775,775,0,0000000,00,3,3,3,0000000000000000,0,0,3,d65bd77e10f1103b,0,1,0,0,1,0,0,0000000000000000,0000000000000000,0000000000000000,0,0
776,776,0,0000000,00,3,3,3,0000000000000000,0,0,3,d65bd77e10f1103b,0,1,0,0,1,0,0,0000000000000000,0000000000000000,0000000000000000,0,0
777,777,0,0000000,00,3,3,3,0000000000000000,0,0,3,d65bd77e10f1103b,0,1,0,0,1,0,0,0000000000000000,0000000000000000,0000000000000000,0,0
778,778,0,0000000,00,3,3,3,0000000000000000,0,0,3,d65bd77e10f1103b,0,1,0,0,1,0,0,0000000000000000,0000000000000000,0000000000000000,0,0
779,779,0,0000000,00,3,3,3,0000000000000000,0,0,3,d65bd77e10f1103b,0,1,0,0,1,0,0,0000000000000000,0000000000000000,0000000000000000,0,0
780,780,0,0000000,00,3,3,3,0000000000000000,0,0,3,d65bd77e10f1103b,0,1,0,0,1,0,0,0000000000000000,0000000000000000,0000000000000000,0,0
781,781,0,0000000,00,3,3,3,0000000000000000,0,0,3,d65bd77e10f1103b,0,1,0,0,1,0,0,0000000000000000,0000000000000000,0000000000000000,0,0
782,782,0,0000000,00,3,3,3,0000000000000000,0,0,3,d65bd77e10f1103b,0,1,0,0,1,0,0,0000000000000000,0000000000000000,0000000000000000,0,0
783,783,0,0000000,00,3,3,3,0000000000000000,0,0,3,d65bd77e10f1103b,0,1,0,0,1,0,0,0000000000000000,0000000000000000,0000000000000000,0,0
784,784,0,0000000,00,3,3,3,0000000000000000,0,0,3,d65bd77e10f1103b,0,1,0,0,1,0,0,0000000000000000,0000000000000000,0000000000000000,0,0
785,785,0,0000000,00,3,3,3,0000000000000000,0,0,3,d65bd77e10f1103b,0,1,0,0,1,0,0,0000000000000000,0000000000000000,0000000000000000,0,0
786,786,0,0000000,00,3,3,3,0000000000000000,0,0,3,d65bd77e10f1103b,0,1,0,0,1,0,0,0000000000000000,0000000000000000,0000000000000000,0,0
787,787,0,0000000,00,3,3,3,0000000000000000,0,0,3,d65bd77e10f1103b,0,1,0,0,1,0,0,0000000000000000,0000000000000000,0000000000000000,0,0
788,788,0,0000000,00,3,3,3,0000000000000000,0,0,3,d65bd77e10f1103b,0,1,0,0,1,0,0,0000000000000000,0000000000000000,0000000000000000,0,0
789,789,0,0000000,00,3,3,3,0000000000000000,0,0,3,d65bd77e10f1103b,0,1,0,0,1,0,0,0000000000000000,0000000000000000,0000000000000000,0,0
790,790,0,0000000,00,3,3,3,0000000000000000,0,0,3,d65bd77e10f1103b,0,1,0,0,1,0,0,0000000000000000,0000000000000000,0000000000000000,0,0
791,791,0,0000000,00,3,3,3,0000000000000000,0,0,3,d65bd77e10f1103b,0,1,0,0,1,0,0,0000000000000000,0000000000000000,0000000000000000,0,0
792,792,0,0000000,00,3,3,3,0000000000000000,0,0,3,d65bd77e10f1103b,0,1,0,0,1,0,0,0000000000000000,0000000000000000,0000000000000000,0,0
793,793,0,0000000,00,3,3,3,0000000000000000,0,0,3,d65bd77e10f1103b,0,1,0,0,1,0,0,0000000000000000,0000000000000000,0000000000000000,0,0
794,794,0,0000000,00,3,3,3,0000000000000000,0,0,3,d65bd77e10f1103b,0,1,0,0,1,0,0,0000000000000000,0000000000000000,0000000000000000,0,0
795,795,0,0000000,00,3,3,3,0000000000000000,0,0,3,d65bd77e10f1103b,0,1,0,0,1,0,0,0000000000000000,0000000000000000,0000000000000000,0,0
796,796,0,0000000,00,3,3,3,0000000000000000,0,0,3,d65bd77e10f1103b,0,1,0,0,1,0,0,0000000000000000,0000000000000000,0000000000000000,0,0
797,797,0,0000000,00,3,3,3,0000000000000000,0,0,3,d65bd77e10f1103b,0,1,0,0,1,0,0,0000000000000000,0000000000000000,0000000000000000,0,0
798,798,0,0000000,00,3,3,3,0000000000000000,0,0,3,d65bd77e10f1103b,0,1,0,0,1,0,0,0000000000000000,0000000000000000,0000000000000000,0,0
799,799,0,0000000,00,3,3,3,0000000000000000,0,0,3,d65bd77e10f1103b,0,1,0,0,1,0,0,0000000000000000,0000000000000000,0000000000000000,0,0
800,800,0,0000000,00,3,3,3,0000000000000000,0,0,3,d65bd77e10f1103b,0,1,0,0,1,0,0,0000000000000000,0000000000000000,0000000000000000,0,0
801,801,0,0000000,00,3,3,3,0000000000000000,0,0,3,d65bd77e10f1103b,0,1,0,0,1,0,0,0000000000000000,0000000000000000,0000000000000000,0,0
802,802,0,0000000,00,3,3,3,0000000000000000,0,0,3,d65bd77e10f1103b,0,1,0,0,1,0,0,0000000000000000,0000000000000000,0000000000000000,0,0
803,803,0,0000000,00,3,3,3,0000000000000000,0,0,3,d65bd77e10f1103b,0,1,0,0,1,0,0,0000000000000000,0000000000000000,0000000000000000,0,0
804,804,0,0000000,00,3,3,3,0000000000000000,0,0,3,d65bd77e10f1103b,0,1,0,0,1,0,0,0000000000000000,0000000000000000,0000000000000000,0,0
805,805,0,0000000,00,3,3,3,0000000000000000,0,0,3,d65bd77e10f1103b,0,1,0,0,1,0,0,0000000000000000,0000000000000000,0000000000000000,0,0
806,806,0,0000000,00,3,3,3,0000000000000000,0,0,3,d65bd77e10f1103b,0,1,0,0,1,0,0,0000000000000000,0000000000000000,0000000000000000,0,0
807,807,0,0000000,00,3,3,3,0000000000000000,0,0,3,d65bd77e10f1103b,0,1,0,0,1,0,0,0000000000000000,0000000000000000,0000000000000000,0,0
808,808,0,0000000,00,3,3,3,0000000000000000,0,0,3,d65bd77e10f1103b,0,1,0,0,1,0,0,0000000000000000,0000000000000000,0000000000000000,0,0
809,809,0,0000000,00,3,3,3,0000000000000000,0,0,3,d65bd77e10f1103b,0,1,0,0,1,0,0,0000000000000000,0000000000000000,0000000000000000,0,0
810,810,0,0000000,00,3,3,3,0000000000000000,0,0,3,d65bd77e10f1103b,0,1,0,0,1,0,0,0000000000000000,0000000000000000,0000000000000000,0,0
811,811,0,0000000,00,3,3,3,0000000000000000,0,0,3,d65bd77e10f1103b,0,1,0,0,1,0,0,0000000000000000,0000000000000000,0000000000000000,0,0
812,812,0,0000000,00,3,3,3,0000000000000000,0,0,3,d65bd77e10f1103b,0,1,0,0,1,0,0,0000000000000000,0000000000000000,0000000000000000,0,0
813,813,0,0000000,00,3,3,3,0000000000000000,0,0,3,d65bd77e10f1103b,0,1,0,0,1,0,0,0000000000000000,0000000000000000,0000000000000000,0,0
814,814,0,0000000,00,3,3,3,0000000000000000,0,0,3,d65bd77e10f1103b,0,1,0,0,1,0,0,0000000000000000,0000000000000000,0000000000000000,0,0
815,815,0,0000000,00,3,3,3,0000000000000000,0,0,3,d65bd77e10f1103b,0,1,0,0,1,0,0,0000000000000000,0000000000000000,0000000000000000,0,0
816,816,0,0000000,00,3,3,3,0000000000000000,0,0,3,d65bd77e10f1103b,0,1,0,0,1,0,0,0000000000000000,0000000000000000,0000000000000000,0,0
817,817,0,0000000,00,3,3,3,0000000000000000,0,0,3,d65bd77e10f1103b,0,1,0,0,1,0,0,0000000000000000,0000000000000000,0000000000000000,0,0
818,818,0,0000000,00,3,3,3,0000000000000000,0,0,3,d65bd77e10f1103b,0,1,0,0,1,0,0,0000000000000000,0000000000000000,0000000000000000,0,0
819,819,0,0000000,00,3,3,3,0000000000000000,0,0,3,d65bd77e10f1103b,0,1,0,0,1,0,0,0000000000000000,0000000000000000,0000000000000000,0,0
820,820,0,0000000,00,3,3,3,0000000000000000,0,0,3,d65bd77e10f1103b,0,1,0,0,1,0,0,0000000000000000,0000000000000000,0000000000000000,0,0
821,821,0,0000000,00,3,3,3,0000000000000000,0,0,3,d65bd77e10f1103b,0,1,0,0,1,0,0,0000000000000000,0000000000000000,0000000000000000,0,0
822,822,0,0000000,00,3,3,3,0000000000000000,0,0,3,d65bd77e10f1103b,0,1,0,0,1,0,0,0000000000000000,0000000000000000,0000000000000000,0,0
823,823,0,0000000,00,3,3,3,0000000000000000,0,0,3,d65bd77e10f1103b,0,1,0,0,1,0,0,0000000000000000,0000000000000000,0000000000000000,0,0
824,824,0,0000000,00,3,3,3,0000000000000000,0,0,3,d65bd77e10f1103b,0,1,0,0,1,0,0,0000000000000000,0000000000000000,0000000000000000,0,0
825,825,0,0000000,00,3,3,3,0000000000000000,0,0,3,d65bd77e10f1103b,0,1,0,0,1,0,0,0000000000000000,0000000000000000,0000000000000000,0,0
826,826,0,0000000,00,3,3,3,0000000000000000,0,0,3,d65bd77e10f1103b,0,1,0,0,1,0,0,0000000000000000,0000000000000000,0000000000000000,0,0
827,827,0,0000000,00,3,3,3,0000000000000000,0,0,3,d65bd77e10f1103b,0,1,0,0,1,0,0,0000000000000000,0000000000000000,0000000000000000,0,0
828,828,0,0000000,00,3,3,3,0000000000000000,0,0,3,d65bd77e10f1103b,0,1,0,0,1,0,0,0000000000000000,0000000000000000,0000000000000000,0,0
829,829,0,0000000,00,3,3,3,0000000000000000,0,0,3,d65bd77e10f1103b,0,1,0,0,1,0,0,0000000000000000,0000000000000000,0000000000000000,0,0
830,830,0,0000000,00,3,3,3,0000000000000000,0,0,3,d65bd77e10f1103b,0,1,0,0,1,0,0,0000000000000000,0000000000000000,0000000000000000,0,0
831,831,0,0000000,00,3,3,3,0000000000000000,0,0,3,d65bd77e10f1103b,0,1,0,0,1,0,0,0000000000000000,0000000000000000,0000000000000000,0,0
832,832,0,0000000,00,3,3,3,0000000000000000,0,0,3,d65bd77e10f1103b,0,1,0,0,1,0,0,0000000000000000,0000000000000000,0000000000000000,0,0
833,833,0,0000000,00,3,3,3,0000000000000000,0,0,3,d65bd77e10f1103b,0,1,0,0,1,0,0,0000000000000000,0000000000000000,0000000000000000,0,0
834,834,0,0000000,00,3,3,3,0000000000000000,0,0,3,d65bd77e10f1103b,0,1,0,0,1,0,0,0000000000000000,0000000000000000,0000000000000000,0,0
835,835,0,0000000,00,3,3,3,0000000000000000,0,0,3,d65bd77e10f1103b,0,1,0,0,1,0,0,0000000000000000,0000000000000000,0000000000000000,0,0
836,836,0,0000000,00,3,3,3,0000000000000000,0,0,3,d65bd77e10f1103b,0,1,0,0,1,0,0,0000000000000000,0000000000000000,0000000000000000,0,0
837,837,0,0000000,00,3,3,3,0000000000000000,0,0,3,d65bd77e10f1103b,0,1,0,0,1,0,0,0000000000000000,0000000000000000,0000000000000000,0,0
838,838,0,0000000,00,3,3,3,0000000000000000,0,0,3,d65bd77e10f1103b,0,1,0,0,1,0,0,0000000000000000,0000000000000000,0000000000000000,0,0
839,839,0,0000000,00,3,3,3,0000000000000000,0,0,3,d65bd77e10f1103b,0,1,0,0,1,0,0,0000000000000000,0000000000000000,0000000000000000,0,0
840,840,0,0000000,00,3,3,3,0000000000000000,0,0,3,d65bd77e10f1103b,0,1,0,0,1,0,0,0000000000000000,0000000000000000,0000000000000000,0,0
841,841,0,0000000,00,3,3,3,0000000000000000,0,0,3,d65bd77e10f1103b,0,1,0,0,1,0,0,0000000000000000,0000000000000000,0000000000000000,0,0
842,842,0,0000000,00,3,3,3,0000000000000000,0,0,3,d65bd77e10f1103b,0,1,0,0,1,0,0,0000000000000000,0000000000000000,0000000000000000,0,0
843,843,0,0000000,00,3,3,3,0000000000000000,0,0,3,d65bd77e10f1103b,0,1,0,0,1,0,0,0000000000000000,0000000000000000,0000000000000000,0,0
844,844,0,0000000,00,3,3,3,0000000000000000,0,0,3,d65bd77e10f1103b,0,1,0,0,1,0,0,0000000000000000,0000000000000000,0000000000000000,0,0
845,845,0,0000000,00,3,3,3,0000000000000000,0,0,3,d65bd77e10f1103b,0,1,0,0,1,0,0,0000000000000000,0000000000000000,0000000000000000,0,0
846,846,0,0000000,00,3,3,3,0000000000000000,0,0,3,d65bd77e10f1103b,0,1,0,0,1,0,0,0000000000000000,0000000000000000,0000000000000000,0,0
847,847,0,0000000,00,3,3,3,0000000000000000,0,0,3,d65bd77e10f1103b,0,1,0,0,1,0,0,0000000000000000,0000000000000000,0000000000000000,0,0
848,848,0,0000000,00,3,3,3,0000000000000000,0,0,3,d65bd77e10f1103b,0,1,0,0,1,0,0,0000000000000000,0000000000000000,0000000000000000,0,0
849,849,0,0000000,00,3,3,3,0000000000000000,0,0,3,d65bd77e10f1103b,0,1,0,0,1,0,0,0000000000000000,0000000000000000,0000000000000000,0,0
850,850,0,0000000,00,3,3,3,0000000000000000,0,0,3,d65bd77e10f1103b,0,1,0,0,1,0,0,0000000000000000,0000000000000000,0000000000000000,0,0
851,851,0,0000000,00,3,3,3,0000000000000000,0,0,3,d65bd77e10f1103b,0,1,0,0,1,0,0,0000000000000000,0000000000000000,0000000000000000,0,0
852,852,0,0000000,00,3,3,3,0000000000000000,0,0,3,d65bd77e10f1103b,0,1,0,0,1,0,0,0000000000000000,0000000000000000,0000000000000000,0,0
853,853,0,0000000,00,3,3,3,0000000000000000,0,0,3,d65bd77e10f1103b,0,1,0,0,1,0,0,0000000000000000,0000000000000000,0000000000000000,0,0
854,854,0,0000000,00,3,3,3,0000000000000000,0,0,3,d65bd77e10f1103b,0,1,0,0,1,0,0,0000000000000000,0000000000000000,0000000000000000,0,0
855,855,0,0000000,00,3,3,3,0000000000000000,0,0,3,d65bd77e10f1103b,0,1,0,0,1,0,0,0000000000000000,0000000000000000,0000000000000000,0,0
856,856,0,0000000,00,3,3,3,0000000000000000,0,0,3,d65bd77e10f1103b,0,1,0,0,1,0,0,0000000000000000,0000000000000000,0000000000000000,0,0
857,857,0,0000000,00,3,3,3,0000000000000000,0,0,3,d65bd77e10f1103b,0,1,0,0,1,0,0,0000000000000000,0000000000000000,0000000000000000,0,0
858,858,0,0000000,00,3,3,3,0000000000000000,0,0,3,d65bd77e10f1103b,0,1,0,0,1,0,0,0000000000000000,0000000000000000,0000000000000000,0,0
859,859,0,0000000,00,3,3,3,0000000000000000,0,0,3,d65bd77e10f1103b,0,1,0,0,1,0,0,0000000000000000,0000000000000000,0000000000000000,0,0
860,860,0,0000000,00,3,3,3,0000000000000000,0,0,3,d65bd77e10f1103b,0,1,0,0,1,0,0,0000000000000000,0000000000000000,0000000000000000,0,0
861,861,0,0000000,00,3,3,3,0000000000000000,0,0,3,d65bd77e10f1103b,0,1,0,0,1,0,0,0000000000000000,0000000000000000,0000000000000000,0,0
862,862,0,0000000,00,3,3,3,0000000000000000,0,0,3,d65bd77e10f1103b,0,1,0,0,1,0,0,0000000000000000,0000000000000000,0000000000000000,0,0
863,863,0,0000000,00,3,3,3,0000000000000000,0,0,3,d65bd77e10f1103b,0,1,0,0,1,0,0,0000000000000000,0000000000000000,0000000000000000,0,0
864,864,0,0000000,00,3,3,3,0000000000000000,0,0,3,d65bd77e10f1103b,0,1,0,0,1,0,0,0000000000000000,0000000000000000,0000000000000000,0,0
865,865,0,0000000,00,3,3,3,0000000000000000,0,0,3,d65bd77e10f1103b,0,1,0,0,1,0,0,0000000000000000,0000000000000000,0000000000000000,0,0
866,866,0,0000000,00,3,3,3,0000000000000000,0,0,3,d65bd77e10f1103b,0,1,0,0,1,0,0,0000000000000000,0000000000000000,0000000000000000,0,0
867,867,0,0000000,00,3,3,3,0000000000000000,0,0,3,d65bd77e10f1103b,0,1,0,0,1,0,0,0000000000000000,0000000000000000,0000000000000000,0,0
868,868,0,0000000,00,3,3,3,0000000000000000,0,0,3,d65bd77e10f1103b,0,1,0,0,1,0,0,0000000000000000,0000000000000000,0000000000000000,0,0
869,869,0,0000000,00,3,3,3,0000000000000000,0,0,3,d65bd77e10f1103b,0,1,0,0,1,0,0,0000000000000000,0000000000000000,0000000000000000,0,0
870,870,0,0000000,00,3,3,3,0000000000000000,0,0,3,d65bd77e10f1103b,0,1,0,0,1,0,0,0000000000000000,0000000000000000,0000000000000000,0,0
871,871,0,0000000,00,3,3,3,0000000000000000,0,0,3,d65bd77e10f1103b,0,1,0,0,1,0,0,0000000000000000,0000000000000000,0000000000000000,0,0
872,872,0,0000000,00,3,3,3,0000000000000000,0,0,3,d65bd77e10f1103b,0,1,0,0,1,0,0,0000000000000000,0000000000000000,0000000000000000,0,0
873,873,0,0000000,00,3,3,3,0000000000000000,0,0,3,d65bd77e10f1103b,0,1,0,0,1,0,0,0000000000000000,0000000000000000,0000000000000000,0,0
874,874,0,0000000,00,3,3,3,0000000000000000,0,0,3,d65bd77e10f1103b,0,1,0,0,1,0,0,0000000000000000,0000000000000000,0000000000000000,0,0
875,875,0,0000000,00,3,3,3,0000000000000000,0,0,3,d65bd77e10f1103b,0,1,0,0,1,0,0,0000000000000000,0000000000000000,0000000000000000,0,0
876,876,0,0000000,00,3,3,3,0000000000000000,0,0,3,d65bd77e10f1103b,0,1,0,0,1,0,0,0000000000000000,0000000000000000,0000000000000000,0,0
877,877,0,0000000,00,3,3,3,0000000000000000,0,0,3,d65bd77e10f1103b,0,1,0,0,1,0,0,0000000000000000,0000000000000000,0000000000000000,0,0
878,878,0,0000000,00,3,3,3,0000000000000000,0,0,3,d65bd77e10f1103b,0,1,0,0,1,0,0,0000000000000000,0000000000000000,0000000000000000,0,0
879,879,0,0000000,00,3,3,3,0000000000000000,0,0,3,d65bd77e10f1103b,0,1,0,0,1,0,0,0000000000000000,0000000000000000,0000000000000000,0,0
880,880,0,0000000,00,3,3,3,0000000000000000,0,0,3,d65bd77e10f1103b,0,1,0,0,1,0,0,0000000000000000,0000000000000000,0000000000000000,0,0
881,881,0,0000000,00,3,3,3,0000000000000000,0,0,3,d65bd77e10f1103b,0,1,0,0,1,0,0,0000000000000000,0000000000000000,0000000000000000,0,0
882,882,0,0000000,00,3,3,3,0000000000000000,0,0,3,d65bd77e10f1103b,0,1,0,0,1,0,0,0000000000000000,0000000000000000,0000000000000000,0,0
883,883,0,0000000,00,3,3,3,0000000000000000,0,0,3,d65bd77e10f1103b,0,1,0,0,1,0,0,0000000000000000,0000000000000000,0000000000000000,0,0
884,884,0,0000000,00,3,3,3,0000000000000000,0,0,3,d65bd77e10f1103b,0,1,0,0,1,0,0,0000000000000000,0000000000000000,0000000000000000,0,0
885,885,0,0000000,00,3,3,3,0000000000000000,0,0,3,d65bd77e10f1103b,0,1,0,0,1,0,0,0000000000000000,0000000000000000,0000000000000000,0,0
886,886,0,0000000,00,3,3,3,0000000000000000,0,0,3,d65bd77e10f1103b,0,1,0,0,1,0,0,0000000000000000,0000000000000000,0000000000000000,0,0
887,887,0,0000000,00,3,3,3,0000000000000000,0,0,3,d65bd77e10f1103b,0,1,0,0,1,0,0,0000000000000000,0000000000000000,0000000000000000,0,0
888,888,0,0000000,00,3,3,3,0000000000000000,0,0,3,d65bd77e10f1103b,0,1,0,0,1,0,0,0000000000000000,0000000000000000,0000000000000000,0,0
889,889,0,0000000,00,3,3,3,0000000000000000,0,0,3,d65bd77e10f1103b,0,1,0,0,1,0,0,0000000000000000,0000000000000000,0000000000000000,0,0
890,890,0,0000000,00,3,3,3,0000000000000000,0,0,3,d65bd77e10f1103b,0,1,0,0,1,0,0,0000000000000000,0000000000000000,0000000000000000,0,0
891,891,0,0000000,00,3,3,3,0000000000000000,0,0,3,d65bd77e10f1103b,0,1,0,0,1,0,0,0000000000000000,0000000000000000,0000000000000000,0,0
892,892,0,0000000,00,3,3,3,0000000000000000,0,0,3,d65bd77e10f1103b,0,1,0,0,1,0,0,0000000000000000,0000000000000000,0000000000000000,0,0
893,893,0,0000000,00,3,3,3,0000000000000000,0,0,3,d65bd77e10f1103b,0,1,0,0,1,0,0,0000000000000000,0000000000000000,0000000000000000,0,0
894,894,0,0000000,00,3,3,3,0000000000000000,0,0,3,d65bd77e10f1103b,0,1,0,0,1,0,0,0000000000000000,0000000000000000,0000000000000000,0,0
895,895,0,0000000,00,3,3,3,0000000000000000,0,0,3,d65bd77e10f1103b,0,1,0,0,1,0,0,0000000000000000,0000000000000000,0000000000000000,0,0
896,896,0,0000000,00,3,3,3,0000000000000000,0,0,3,d65bd77e10f1103b,0,1,0,0,1,0,0,0000000000000000,0000000000000000,0000000000000000,0,0
897,897,0,0000000,00,3,3,3,0000000000000000,0,0,3,d65bd77e10f1103b,0,1,0,0,1,0,0,0000000000000000,0000000000000000,0000000000000000,0,0
898,898,0,0000000,00,3,3,3,0000000000000000,0,0,3,d65bd77e10f1103b,0,1,0,0,1,0,0,0000000000000000,0000000000000000,0000000000000000,0,0
899,899,0,0000000,00,3,3,3,0000000000000000,0,0,3,d65bd77e10f1103b,0,1,0,0,1,0,0,0000000000000000,0000000000000000,0000000000000000,0,0
900,900,0,0000000,00,3,3,3,0000000000000000,0,0,3,d65bd77e10f1103b,0,1,0,0,1,0,0,0000000000000000,0000000000000000,0000000000000000,0,0
901,901,0,0000000,00,3,3,3,0000000000000000,0,0,3,d65bd77e10f1103b,0,1,0,0,1,0,0,0000000000000000,0000000000000000,0000000000000000,0,0
902,902,0,0000000,00,3,3,3,0000000000000000,0,0,3,d65bd77e10f1103b,0,1,0,0,1,0,0,0000000000000000,0000000000000000,0000000000000000,0,0
903,903,0,0000000,00,3,3,3,0000000000000000,0,0,3,d65bd77e10f1103b,0,1,0,0,1,0,0,0000000000000000,0000000000000000,0000000000000000,0,0
904,904,0,0000000,00,3,3,3,0000000000000000,0,0,3,d65bd77e10f1103b,0,1,0,0,1,0,0,0000000000000000,0000000000000000,0000000000000000,0,0
905,905,0,0000000,00,3,3,3,0000000000000000,0,0,3,d65bd77e10f1103b,0,1,0,0,1,0,0,0000000000000000,0000000000000000,0000000000000000,0,0
906,906,0,0000000,00,3,3,3,0000000000000000,0,0,3,d65bd77e10f1103b,0,1,0,0,1,0,0,0000000000000000,0000000000000000,0000000000000000,0,0
907,907,0,0000000,00,3,3,3,0000000000000000,0,0,3,d65bd77e10f1103b,0,1,0,0,1,0,0,0000000000000000,0000000000000000,0000000000000000,0,0
908,908,0,0000000,00,3,3,3,0000000000000000,0,0,3,d65bd77e10f1103b,0,1,0,0,1,0,0,0000000000000000,0000000000000000,0000000000000000,0,0
909,909,0,0000000,00,3,3,3,0000000000000000,0,0,3,d65bd77e10f1103b,0,1,0,0,1,0,0,0000000000000000,0000000000000000,0000000000000000,0,0
910,910,0,0000000,00,3,3,3,0000000000000000,0,0,3,d65bd77e10f1103b,0,1,0,0,1,0,0,0000000000000000,0000000000000000,0000000000000000,0,0
911,911,0,0000000,00,3,3,3,0000000000000000,0,0,3,d65bd77e10f1103b,0,1,0,0,1,0,0,0000000000000000,0000000000000000,0000000000000000,0,0
912,912,0,0000000,00,3,3,3,0000000000000000,0,0,3,d65bd77e10f1103b,0,1,0,0,1,0,0,0000000000000000,0000000000000000,0000000000000000,0,0
913,913,0,0000000,00,3,3,3,0000000000000000,0,0,3,d65bd77e10f1103b,0,1,0,0,1,0,0,0000000000000000,0000000000000000,0000000000000000,0,0
914,914,0,0000000,00,3,3,3,0000000000000000,0,0,3,d65bd77e10f1103b,0,1,0,0,1,0,0,0000000000000000,0000000000000000,0000000000000000,0,0
915,915,0,0000000,00,3,3,3,0000000000000000,0,0,3,d65bd77e10f1103b,0,1,0,0,1,0,0,0000000000000000,0000000000000000,0000000000000000,0,0
916,916,0,0000000,00,3,3,3,0000000000000000,0,0,3,d65bd77e10f1103b,0,1,0,0,1,0,0,0000000000000000,0000000000000000,0000000000000000,0,0
917,917,0,0000000,00,3,3,3,0000000000000000,0,0,3,d65bd77e10f1103b,0,1,0,0,1,0,0,0000000000000000,0000000000000000,0000000000000000,0,0
918,918,0,0000000,00,3,3,3,0000000000000000,0,0,3,d65bd77e10f1103b,0,1,0,0,1,0,0,0000000000000000,0000000000000000,0000000000000000,0,0
919,919,0,0000000,00,3,3,3,0000000000000000,0,0,3,d65bd77e10f1103b,0,1,0,0,1,0,0,0000000000000000,0000000000000000,0000000000000000,0,0
920,920,0,0000000,00,3,3,3,0000000000000000,0,0,3,d65bd77e10f1103b,0,1,0,0,1,0,0,0000000000000000,0000000000000000,0000000000000000,0,0
921,921,0,0000000,00,3,3,3,0000000000000000,0,0,3,d65bd77e10f1103b,0,1,0,0,1,0,0,0000000000000000,0000000000000000,0000000000000000,0,0
922,922,0,0000000,00,3,3,3,0000000000000000,0,0,3,d65bd77e10f1103b,0,1,0,0,1,0,0,0000000000000000,0000000000000000,0000000000000000,0,0
923,923,0,0000000,00,3,3,3,0000000000000000,0,0,3,d65bd77e10f1103b,0,1,0,0,1,0,0,0000000000000000,0000000000000000,0000000000000000,0,0
924,924,0,0000000,00,3,3,3,0000000000000000,0,0,3,d65bd77e10f1103b,0,1,0,0,1,0,0,0000000000000000,0000000000000000,0000000000000000,0,0
925,925,0,0000000,00,3,3,3,0000000000000000,0,0,3,d65bd77e10f1103b,0,1,0,0,1,0,0,0000000000000000,0000000000000000,0000000000000000,0,0
926,926,0,0000000,00,3,3,3,0000000000000000,0,0,3,d65bd77e10f1103b,0,1,0,0,1,0,0,0000000000000000,0000000000000000,0000000000000000,0,0
927,927,0,0000000,00,3,3,3,0000000000000000,0,0,3,d65bd77e10f1103b,0,1,0,0,1,0,0,0000000000000000,0000000000000000,0000000000000000,0,0
928,928,0,0000000,00,3,3,3,0000000000000000,0,0,3,d65bd77e10f1103b,0,1,0,0,1,0,0,0000000000000000,0000000000000000,0000000000000000,0,0
929,929,0,0000000,00,3,3,3,0000000000000000,0,0,3,d65bd77e10f1103b,0,1,0,0,1,0,0,0000000000000000,0000000000000000,0000000000000000,0,0
930,930,0,0000000,00,3,3,3,0000000000000000,0,0,3,d65bd77e10f1103b,0,1,0,0,1,0,0,0000000000000000,0000000000000000,0000000000000000,0,0
931,931,0,0000000,00,3,3,3,0000000000000000,0,0,3,d65bd77e10f1103b,0,1,0,0,1,0,0,0000000000000000,0000000000000000,0000000000000000,0,0
932,932,0,0000000,00,3,3,3,0000000000000000,0,0,3,d65bd77e10f1103b,0,1,0,0,1,0,0,0000000000000000,0000000000000000,0000000000000000,0,0
933,933,0,0000000,00,3,3,3,0000000000000000,0,0,3,d65bd77e10f1103b,0,1,0,0,1,0,0,0000000000000000,0000000000000000,0000000000000000,0,0
934,934,0,0000000,00,3,3,3,0000000000000000,0,0,3,d65bd77e10f1103b,0,1,0,0,1,0,0,0000000000000000,0000000000000000,0000000000000000,0,0
935,935,0,0000000,00,3,3,3,0000000000000000,0,0,3,d65bd77e10f1103b,0,1,0,0,1,0,0,0000000000000000,0000000000000000,0000000000000000,0,0
936,936,0,0000000,00,3,3,3,0000000000000000,0,0,3,d65bd77e10f1103b,0,1,0,0,1,0,0,0000000000000000,0000000000000000,0000000000000000,0,0
937,937,0,0000000,00,3,3,3,0000000000000000,0,0,3,d65bd77e10f1103b,0,1,0,0,1,0,0,0000000000000000,0000000000000000,0000000000000000,0,0
938,938,0,0000000,00,3,3,3,0000000000000000,0,0,3,d65bd77e10f1103b,0,1,0,0,1,0,0,0000000000000000,0000000000000000,0000000000000000,0,0
939,939,0,0000000,00,3,3,3,0000000000000000,0,0,3,d65bd77e10f1103b,0,1,0,0,1,0,0,0000000000000000,0000000000000000,0000000000000000,0,0
940,940,0,0000000,00,3,3,3,0000000000000000,0,0,3,d65bd77e10f1103b,0,1,0,0,1,0,0,0000000000000000,0000000000000000,0000000000000000,0,0
941,941,0,0000000,00,3,3,3,0000000000000000,0,0,3,d65bd77e10f1103b,0,1,0,0,1,0,0,0000000000000000,0000000000000000,0000000000000000,0,0
942,942,0,0000000,00,3,3,3,0000000000000000,0,0,3,d65bd77e10f1103b,0,1,0,0,1,0,0,0000000000000000,0000000000000000,0000000000000000,0,0
943,943,0,0000000,00,3,3,3,0000000000000000,0,0,3,d65bd77e10f1103b,0,1,0,0,1,0,0,0000000000000000,0000000000000000,0000000000000000,0,0
944,944,0,0000000,00,3,3,3,0000000000000000,0,0,3,d65bd77e10f1103b,0,1,0,0,1,0,0,0000000000000000,0000000000000000,0000000000000000,0,0
945,945,0,0000000,00,3,3,3,0000000000000000,0,0,3,d65bd77e10f1103b,0,1,0,0,1,0,0,0000000000000000,0000000000000000,0000000000000000,0,0
946,946,0,0000000,00,3,3,3,0000000000000000,0,0,3,d65bd77e10f1103b,0,1,0,0,1,0,0,0000000000000000,0000000000000000,0000000000000000,0,0
947,947,0,0000000,00,3,3,3,0000000000000000,0,0,3,d65bd77e10f1103b,0,1,0,0,1,0,0,0000000000000000,0000000000000000,0000000000000000,0,0
948,948,0,0000000,00,3,3,3,0000000000000000,0,0,3,d65bd77e10f1103b,0,1,0,0,1,0,0,0000000000000000,0000000000000000,0000000000000000,0,0
949,949,0,0000000,00,3,3,3,0000000000000000,0,0,3,d65bd77e10f1103b,0,1,0,0,1,0,0,0000000000000000,0000000000000000,0000000000000000,0,0
950,950,0,0000000,00,3,3,3,0000000000000000,0,0,3,d65bd77e10f1103b,0,1,0,0,1,0,0,0000000000000000,0000000000000000,0000000000000000,0,0
951,951,0,0000000,00,3,3,3,0000000000000000,0,0,3,d65bd77e10f1103b,0,1,0,0,1,0,0,0000000000000000,0000000000000000,0000000000000000,0,0
952,952,0,0000000,00,3,3,3,0000000000000000,0,0,3,d65bd77e10f1103b,0,1,0,0,1,0,0,0000000000000000,0000000000000000,0000000000000000,0,0
953,953,0,0000000,00,3,3,3,0000000000000000,0,0,3,d65bd77e10f1103b,0,1,0,0,1,0,0,0000000000000000,0000000000000000,0000000000000000,0,0
954,954,0,0000000,00,3,3,3,0000000000000000,0,0,3,d65bd77e10f1103b,0,1,0,0,1,0,0,0000000000000000,0000000000000000,0000000000000000,0,0
955,955,0,0000000,00,3,3,3,0000000000000000,0,0,3,d65bd77e10f1103b,0,1,0,0,1,0,0,0000000000000000,0000000000000000,0000000000000000,0,0
956,956,0,0000000,00,3,3,3,0000000000000000,0,0,3,d65bd77e10f1103b,0,1,0,0,1,0,0,0000000000000000,0000000000000000,0000000000000000,0,0
957,957,0,0000000,00,3,3,3,0000000000000000,0,0,3,d65bd77e10f1103b,0,1,0,0,1,0,0,0000000000000000,0000000000000000,0000000000000000,0,0
958,958,0,0000000,00,3,3,3,0000000000000000,0,0,3,d65bd77e10f1103b,0,1,0,0,1,0,0,0000000000000000,0000000000000000,0000000000000000,0,0
959,959,0,0000000,00,3,3,3,0000000000000000,0,0,3,d65bd77e10f1103b,0,1,0,0,1,0,0,0000000000000000,0000000000000000,0000000000000000,0,0
960,960,0,0000000,00,3,3,3,0000000000000000,0,0,3,d65bd77e10f1103b,0,1,0,0,1,0,0,0000000000000000,0000000000000000,0000000000000000,0,0
961,961,0,0000000,00,3,3,3,0000000000000000,0,0,3,d65bd77e10f1103b,0,1,0,0,1,0,0,0000000000000000,0000000000000000,0000000000000000,0,0
962,962,0,0000000,00,3,3,3,0000000000000000,0,0,3,d65bd77e10f1103b,0,1,0,0,1,0,0,0000000000000000,0000000000000000,0000000000000000,0,0
963,963,0,0000000,00,3,3,3,0000000000000000,0,0,3,d65bd77e10f1103b,0,1,0,0,1,0,0,0000000000000000,0000000000000000,0000000000000000,0,0
964,964,0,0000000,00,3,3,3,0000000000000000,0,0,3,d65bd77e10f1103b,0,1,0,0,1,0,0,0000000000000000,0000000000000000,0000000000000000,0,0
965,965,0,0000000,00,3,3,3,0000000000000000,0,0,3,d65bd77e10f1103b,0,1,0,0,1,0,0,0000000000000000,0000000000000000,0000000000000000,0,0
966,966,0,0000000,00,3,3,3,0000000000000000,0,0,3,d65bd77e10f1103b,0,1,0,0,1,0,0,0000000000000000,0000000000000000,0000000000000000,0,0
967,967,0,0000000,00,3,3,3,0000000000000000,0,0,3,d65bd77e10f1103b,0,1,0,0,1,0,0,0000000000000000,0000000000000000,0000000000000000,0,0
968,968,0,0000000,00,3,3,3,0000000000000000,0,0,3,d65bd77e10f1103b,0,1,0,0,1,0,0,0000000000000000,0000000000000000,0000000000000000,0,0
969,969,0,0000000,00,3,3,3,0000000000000000,0,0,3,d65bd77e10f1103b,0,1,0,0,1,0,0,0000000000000000,0000000000000000,0000000000000000,0,0
970,970,0,0000000,00,3,3,3,0000000000000000,0,0,3,d65bd77e10f1103b,0,1,0,0,1,0,0,0000000000000000,0000000000000000,0000000000000000,0,0
971,971,0,0000000,00,3,3,3,0000000000000000,0,0,3,d65bd77e10f1103b,0,1,0,0,1,0,0,0000000000000000,0000000000000000,0000000000000000,0,0
972,972,0,0000000,00,3,3,3,0000000000000000,0,0,3,d65bd77e10f1103b,0,1,0,0,1,0,0,0000000000000000,0000000000000000,0000000000000000,0,0
973,973,0,0000000,00,3,3,3,0000000000000000,0,0,3,d65bd77e10f1103b,0,1,0,0,1,0,0,0000000000000000,0000000000000000,0000000000000000,0,0
974,974,0,0000000,00,3,3,3,0000000000000000,0,0,3,d65bd77e10f1103b,0,1,0,0,1,0,0,0000000000000000,0000000000000000,0000000000000000,0,0
975,975,0,0000000,00,3,3,3,0000000000000000,0,0,3,d65bd77e10f1103b,0,1,0,0,1,0,0,0000000000000000,0000000000000000,0000000000000000,0,0
976,976,0,0000000,00,3,3,3,0000000000000000,0,0,3,d65bd77e10f1103b,0,1,0,0,1,0,0,0000000000000000,0000000000000000,0000000000000000,0,0
977,977,0,0000000,00,3,3,3,0000000000000000,0,0,3,d65bd77e10f1103b,0,1,0,0,1,0,0,0000000000000000,0000000000000000,0000000000000000,0,0
978,978,0,0000000,00,2,2,2,0000000000000000,0,0,3,d65bd77e10f1103b,0,1,0,0,1,0,0,0000000000000000,0000000000000000,0000000000000000,0,0
979,979,0,0000000,00,3,3,3,0000000000000000,0,0,3,d65bd77e10f1103b,0,1,0,0,1,0,0,0000000000000000,0000000000000000,0000000000000000,0,0
980,980,0,0000000,00,3,3,3,0000000000000000,0,0,3,d65bd77e10f1103b,0,1,0,0,1,0,0,0000000000000000,0000000000000000,0000000000000000,0,0
981,981,0,0000000,00,3,3,3,0000000000000000,0,0,3,d65bd77e10f1103b,0,1,0,0,1,0,0,0000000000000000,0000000000000000,0000000000000000,0,0
982,982,0,0000000,00,3,3,3,0000000000000000,0,0,3,d65bd77e10f1103b,0,1,0,0,1,0,0,0000000000000000,0000000000000000,0000000000000000,0,0
983,983,0,0000000,00,3,3,3,0000000000000000,0,0,3,d65bd77e10f1103b,0,1,0,0,1,0,0,0000000000000000,0000000000000000,0000000000000000,0,0
984,984,0,0000000,00,3,3,3,0000000000000000,0,0,3,d65bd77e10f1103b,0,1,0,0,1,0,0,0000000000000000,0000000000000000,0000000000000000,0,0
985,985,0,0000000,00,3,3,3,0000000000000000,0,0,3,d65bd77e10f1103b,0,1,0,0,1,0,0,0000000000000000,0000000000000000,0000000000000000,0,0
986,986,0,0000000,00,3,3,3,0000000000000000,0,0,3,d65bd77e10f1103b,0,1,0,0,1,0,0,0000000000000000,0000000000000000,0000000000000000,0,0
987,987,0,0000000,00,3,3,3,0000000000000000,0,0,3,d65bd77e10f1103b,0,1,0,0,1,0,0,0000000000000000,0000000000000000,0000000000000000,0,0
988,988,0,0000000,00,3,3,3,0000000000000000,0,0,3,d65bd77e10f1103b,0,1,0,0,1,0,0,0000000000000000,0000000000000000,0000000000000000,0,0
989,989,0,0000000,00,3,3,3,0000000000000000,0,0,3,d65bd77e10f1103b,0,1,0,0,1,0,0,0000000000000000,0000000000000000,0000000000000000,0,0
990,990,0,0000000,00,3,3,3,0000000000000000,0,0,3,d65bd77e10f1103b,0,1,0,0,1,0,0,0000000000000000,0000000000000000,0000000000000000,0,0
991,991,0,0000000,00,3,3,3,0000000000000000,0,0,3,d65bd77e10f1103b,0,1,0,0,1,0,0,0000000000000000,0000000000000000,0000000000000000,0,0
992,992,0,0000000,00,3,3,3,0000000000000000,0,0,3,d65bd77e10f1103b,0,1,0,0,1,0,0,0000000000000000,0000000000000000,0000000000000000,0,0
993,993,0,0000000,00,3,3,3,0000000000000000,0,0,3,d65bd77e10f1103b,0,1,0,0,1,0,0,0000000000000000,0000000000000000,0000000000000000,0,0
994,994,0,0000000,00,3,3,3,0000000000000000,0,0,3,d65bd77e10f1103b,0,1,0,0,1,0,0,0000000000000000,0000000000000000,0000000000000000,0,0
995,995,0,0000000,00,3,3,3,0000000000000000,0,0,3,d65bd77e10f1103b,0,1,0,0,1,0,0,0000000000000000,0000000000000000,0000000000000000,0,0
996,996,0,0000000,00,3,3,3,0000000000000000,0,0,3,d65bd77e10f1103b,0,1,0,0,1,0,0,0000000000000000,0000000000000000,0000000000000000,0,0
997,997,0,0000000,00,3,3,3,0000000000000000,0,0,3,d65bd77e10f1103b,0,1,0,0,1,0,0,0000000000000000,0000000000000000,0000000000000000,0,0
998,998,0,0000000,00,3,3,3,0000000000000000,0,0,3,d65bd77e10f1103b,0,1,0,0,1,0,0,0000000000000000,0000000000000000,0000000000000000,0,0
999,999,0,0000000,00,3,3,3,0000000000000000,0,0,3,d65bd77e10f1103b,0,1,0,0,1,0,0,0000000000000000,0000000000000000,0000000000000000,0,0
1000,1000,0,0000000,00,3,3,3,0000000000000000,0,0,3,d65bd77e10f1103b,0,1,0,0,1,0,0,0000000000000000,0000000000000000,0000000000000000,0,0
1001,1001,0,0000000,00,3,3,3,0000000000000000,0,0,3,d65bd77e10f1103b,0,1,0,0,1,0,0,0000000000000000,0000000000000000,0000000000000000,0,0
1002,1002,0,0000000,00,3,3,3,0000000000000000,0,0,3,d65bd77e10f1103b,0,1,0,0,1,0,0,0000000000000000,0000000000000000,0000000000000000,0,0
1003,1003,0,0000000,00,3,3,3,0000000000000000,0,0,3,d65bd77e10f1103b,0,1,0,0,1,0,0,0000000000000000,0000000000000000,0000000000000000,0,0
1004,1004,0,0000000,00,3,3,3,0000000000000000,0,0,3,d65bd77e10f1103b,0,1,0,0,1,0,0,0000000000000000,0000000000000000,0000000000000000,0,0
1005,1005,0,0000000,00,3,3,3,0000000000000000,0,0,3,d65bd77e10f1103b,0,1,0,0,1,0,0,0000000000000000,0000000000000000,0000000000000000,0,0
1006,1006,0,0000000,00,3,3,3,0000000000000000,0,0,3,d65bd77e10f1103b,0,1,0,0,1,0,0,0000000000000000,0000000000000000,0000000000000000,0,0
1007,1007,0,0000000,00,3,3,3,0000000000000000,0,0,3,d65bd77e10f1103b,0,1,0,0,1,0,0,0000000000000000,0000000000000000,0000000000000000,0,0
1008,1008,0,0000000,00,3,3,3,0000000000000000,0,0,3,d65bd77e10f1103b,0,1,0,0,1,0,0,0000000000000000,0000000000000000,0000000000000000,0,0
1009,1009,0,0000000,00,3,3,3,0000000000000000,0,0,3,d65bd77e10f1103b,0,1,0,0,1,0,0,0000000000000000,0000000000000000,0000000000000000,0,0
1010,1010,0,0000000,00,3,3,3,0000000000000000,0,0,3,d65bd77e10f1103b,0,1,0,0,1,0,0,0000000000000000,0000000000000000,0000000000000000,0,0
1011,1011,0,0000000,00,3,3,3,0000000000000000,0,0,3,d65bd77e10f1103b,0,1,0,0,1,0,0,0000000000000000,0000000000000000,0000000000000000,0,0
1012,1012,0,0000000,00,3,3,3,0000000000000000,0,0,3,d65bd77e10f1103b,0,1,0,0,1,0,0,0000000000000000,0000000000000000,0000000000000000,0,0
1013,1013,0,0000000,00,3,3,3,0000000000000000,0,0,3,d65bd77e10f1103b,0,1,0,0,1,0,0,0000000000000000,0000000000000000,0000000000000000,0,0
1014,1014,0,0000000,00,3,3,3,0000000000000000,0,0,3,d65bd77e10f1103b,0,1,0,0,1,0,0,0000000000000000,0000000000000000,0000000000000000,0,0
1015,1015,0,0000000,00,3,3,3,0000000000000000,0,0,3,d65bd77e10f1103b,0,1,0,0,1,0,0,0000000000000000,0000000000000000,0000000000000000,0,0
1016,1016,0,0000000,00,3,3,3,0000000000000000,0,0,3,d65bd77e10f1103b,0,1,0,0,1,0,0,0000000000000000,0000000000000000,0000000000000000,0,0
1017,1017,0,0000000,00,3,3,3,0000000000000000,0,0,3,d65bd77e10f1103b,0,1,0,0,1,0,0,0000000000000000,0000000000000000,0000000000000000,0,0
1018,1018,0,0000000,00,3,3,3,0000000000000000,0,0,3,d65bd77e10f1103b,0,1,0,0,1,0,0,0000000000000000,0000000000000000,0000000000000000,0,0
1019,1019,0,0000000,00,3,3,3,0000000000000000,0,0,3,d65bd77e10f1103b,0,1,0,0,1,0,0,0000000000000000,0000000000000000,0000000000000000,0,0
1020,1020,0,0000000,00,3,3,3,0000000000000000,0,0,3,d65bd77e10f1103b,0,1,0,0,1,0,0,0000000000000000,0000000000000000,0000000000000000,0,0
1021,1021,0,0000000,00,3,3,3,0000000000000000,0,0,3,d65bd77e10f1103b,0,1,0,0,1,0,0,0000000000000000,0000000000000000,0000000000000000,0,0
1022,1022,0,0000000,00,3,3,3,0000000000000000,0,0,3,d65bd77e10f1103b,0,1,0,0,1,0,0,0000000000000000,0000000000000000,0000000000000000,0,0
1023,1023,0,0000000,00,3,3,3,0000000000000000,0,0,3,d65bd77e10f1103b,0,1,0,0,1,0,0,0000000000000000,0000000000000000,0000000000000000,0,0
1024,1024,0,0000000,00,3,3,3,0000000000000000,0,0,3,d65bd77e10f1103b,0,1,0,0,1,0,0,0000000000000000,0000000000000000,0000000000000000,0,0
1025,1025,0,0000000,00,3,3,3,0000000000000000,0,0,3,d65bd77e10f1103b,0,1,0,0,1,0,0,0000000000000000,0000000000000000,0000000000000000,0,0
1026,1026,0,0000000,00,3,3,3,0000000000000000,0,0,3,d65bd77e10f1103b,0,1,0,0,1,0,0,0000000000000000,0000000000000000,0000000000000000,0,0
1027,1027,0,0000000,00,3,3,3,0000000000000000,0,0,3,d65bd77e10f1103b,0,1,0,0,1,0,0,0000000000000000,0000000000000000,0000000000000000,0,0
1028,1028,0,0000000,00,3,3,3,0000000000000000,0,0,3,d65bd77e10f1103b,0,1,0,0,1,0,0,0000000000000000,0000000000000000,0000000000000000,0,0
1029,1029,0,0000000,00,3,3,3,0000000000000000,0,0,3,d65bd77e10f1103b,0,1,0,0,1,0,0,0000000000000000,0000000000000000,0000000000000000,0,0
1030,1030,0,0000000,00,3,3,3,0000000000000000,0,0,3,d65bd77e10f1103b,0,1,0,0,1,0,0,0000000000000000,0000000000000000,0000000000000000,0,0
1031,1031,0,0000000,00,3,3,3,0000000000000000,0,0,3,d65bd77e10f1103b,0,1,0,0,1,0,0,0000000000000000,0000000000000000,0000000000000000,0,0
1032,1032,0,0000000,00,3,3,3,0000000000000000,0,0,3,d65bd77e10f1103b,0,1,0,0,1,0,0,0000000000000000,0000000000000000,0000000000000000,0,0
1033,1033,0,0000000,00,3,3,3,0000000000000000,0,0,3,d65bd77e10f1103b,0,1,0,0,1,0,0,0000000000000000,0000000000000000,0000000000000000,0,0
1034,1034,0,0000000,00,3,3,3,0000000000000000,0,0,3,d65bd77e10f1103b,0,1,0,0,1,0,0,0000000000000000,0000000000000000,0000000000000000,0,0
1035,1035,0,0000000,00,3,3,3,0000000000000000,0,0,3,d65bd77e10f1103b,0,1,0,0,1,0,0,0000000000000000,0000000000000000,0000000000000000,0,0
1036,1036,0,0000000,00,3,3,3,0000000000000000,0,0,3,d65bd77e10f1103b,0,1,0,0,1,0,0,0000000000000000,0000000000000000,0000000000000000,0,0
1037,1037,0,0000000,00,3,3,3,0000000000000000,0,0,3,d65bd77e10f1103b,0,1,0,0,1,0,0,0000000000000000,0000000000000000,0000000000000000,0,0
1038,1038,0,0000000,00,3,3,3,0000000000000000,0,0,3,d65bd77e10f1103b,0,1,0,0,1,0,0,0000000000000000,0000000000000000,0000000000000000,0,0
1039,1039,0,0000000,00,3,3,3,0000000000000000,0,0,3,d65bd77e10f1103b,0,1,0,0,1,0,0,0000000000000000,0000000000000000,0000000000000000,0,0
1040,1040,0,0000000,00,3,3,3,0000000000000000,0,0,3,d65bd77e10f1103b,0,1,0,0,1,0,0,0000000000000000,0000000000000000,0000000000000000,0,0
1041,1041,0,0000000,00,3,3,3,0000000000000000,0,0,3,d65bd77e10f1103b,0,1,0,0,1,0,0,0000000000000000,0000000000000000,0000000000000000,0,0
1042,1042,0,0000000,00,3,3,3,0000000000000000,0,0,3,d65bd77e10f1103b,0,1,0,0,1,0,0,0000000000000000,0000000000000000,0000000000000000,0,0
1043,1043,0,0000000,00,3,3,3,0000000000000000,0,0,3,d65bd77e10f1103b,0,1,0,0,1,0,0,0000000000000000,0000000000000000,0000000000000000,0,0
1044,1044,0,0000000,00,3,3,3,0000000000000000,0,0,3,d65bd77e10f1103b,0,1,0,0,1,0,0,0000000000000000,0000000000000000,0000000000000000,0,0
1045,1045,0,0000000,00,3,3,3,0000000000000000,0,0,3,d65bd77e10f1103b,0,1,0,0,1,0,0,0000000000000000,0000000000000000,0000000000000000,0,0
1046,1046,0,0000000,00,3,3,3,0000000000000000,0,0,3,d65bd77e10f1103b,0,1,0,0,1,0,0,0000000000000000,0000000000000000,0000000000000000,0,0
1047,1047,0,0000000,00,3,3,3,0000000000000000,0,0,3,d65bd77e10f1103b,0,1,0,0,1,0,0,0000000000000000,0000000000000000,0000000000000000,0,0
1048,1048,0,0000000,00,3,3,3,0000000000000000,0,0,3,d65bd77e10f1103b,0,1,0,0,1,0,0,0000000000000000,0000000000000000,0000000000000000,0,0
1049,1049,0,0000000,00,3,3,3,0000000000000000,0,0,3,d65bd77e10f1103b,0,1,0,0,1,0,0,0000000000000000,0000000000000000,0000000000000000,0,0
1050,1050,0,0000000,00,3,3,3,0000000000000000,0,0,3,d65bd77e10f1103b,0,1,0,0,1,0,0,0000000000000000,0000000000000000,0000000000000000,0,0
1051,1051,0,0000000,00,3,3,3,0000000000000000,0,0,3,d65bd77e10f1103b,0,1,0,0,1,0,0,0000000000000000,0000000000000000,0000000000000000,0,0
1052,1052,0,0000000,00,3,3,3,0000000000000000,0,0,3,d65bd77e10f1103b,0,1,0,0,1,0,0,0000000000000000,0000000000000000,0000000000000000,0,0
1053,1053,0,0000000,00,3,3,3,0000000000000000,0,0,3,d65bd77e10f1103b,0,1,0,0,1,0,0,0000000000000000,0000000000000000,0000000000000000,0,0
1054,1054,0,0000000,00,3,3,3,0000000000000000,0,0,3,d65bd77e10f1103b,0,1,0,0,1,0,0,0000000000000000,0000000000000000,0000000000000000,0,0
1055,1055,0,0000000,00,3,3,3,0000000000000000,0,0,3,d65bd77e10f1103b,0,1,0,0,1,0,0,0000000000000000,0000000000000000,0000000000000000,0,0
1056,1056,0,0000000,00,3,3,3,0000000000000000,0,0,3,d65bd77e10f1103b,0,1,0,0,1,0,0,0000000000000000,0000000000000000,0000000000000000,0,0
1057,1057,0,0000000,00,3,3,3,0000000000000000,0,0,3,d65bd77e10f1103b,0,1,0,0,1,0,0,0000000000000000,0000000000000000,0000000000000000,0,0
1058,1058,0,0000000,00,3,3,3,0000000000000000,0,0,3,d65bd77e10f1103b,0,1,0,0,1,0,0,0000000000000000,0000000000000000,0000000000000000,0,0
1059,1059,0,0000000,00,3,3,3,0000000000000000,0,0,3,d65bd77e10f1103b,0,1,0,0,1,0,0,0000000000000000,0000000000000000,0000000000000000,0,0
1060,1060,0,0000000,00,3,3,3,0000000000000000,0,0,3,d65bd77e10f1103b,0,1,0,0,1,0,0,0000000000000000,0000000000000000,0000000000000000,0,0
1061,1061,0,0000000,00,3,3,3,0000000000000000,0,0,3,d65bd77e10f1103b,0,1,0,0,1,0,0,0000000000000000,0000000000000000,0000000000000000,0,0
1062,1062,0,0000000,00,3,3,3,0000000000000000,0,0,3,d65bd77e10f1103b,0,1,0,0,1,0,0,0000000000000000,0000000000000000,0000000000000000,0,0
1063,1063,0,0000000,00,3,3,3,0000000000000000,0,0,3,d65bd77e10f1103b,0,1,0,0,1,0,0,0000000000000000,0000000000000000,0000000000000000,0,0
1064,1064,0,0000000,00,3,3,3,0000000000000000,0,0,3,d65bd77e10f1103b,0,1,0,0,1,0,0,0000000000000000,0000000000000000,0000000000000000,0,0
1065,1065,0,0000000,00,3,3,3,0000000000000000,0,0,3,d65bd77e10f1103b,0,1,0,0,1,0,0,0000000000000000,0000000000000000,0000000000000000,0,0
1066,1066,0,0000000,00,3,3,3,0000000000000000,0,0,3,d65bd77e10f1103b,0,1,0,0,1,0,0,0000000000000000,0000000000000000,0000000000000000,0,0
1067,1067,0,0000000,00,3,3,3,0000000000000000,0,0,3,d65bd77e10f1103b,0,1,0,0,1,0,0,0000000000000000,0000000000000000,0000000000000000,0,0
1068,1068,0,0000000,00,3,3,3,0000000000000000,0,0,3,d65bd77e10f1103b,0,1,0,0,1,0,0,0000000000000000,0000000000000000,0000000000000000,0,0
1069,1069,0,0000000,00,3,3,3,0000000000000000,0,0,3,d65bd77e10f1103b,0,1,0,0,1,0,0,0000000000000000,0000000000000000,0000000000000000,0,0
1070,1070,0,0000000,00,3,3,3,0000000000000000,0,0,3,d65bd77e10f1103b,0,1,0,0,1,0,0,0000000000000000,0000000000000000,0000000000000000,0,0
1071,1071,0,0000000,00,3,3,3,0000000000000000,0,0,3,d65bd77e10f1103b,0,1,0,0,1,0,0,0000000000000000,0000000000000000,0000000000000000,0,0
1072,1072,0,0000000,00,3,3,3,0000000000000000,0,0,3,d65bd77e10f1103b,0,1,0,0,1,0,0,0000000000000000,0000000000000000,0000000000000000,0,0
1073,1073,0,0000000,00,3,3,3,0000000000000000,0,0,3,d65bd77e10f1103b,0,1,0,0,1,0,0,0000000000000000,0000000000000000,0000000000000000,0,0
1074,1074,0,0000000,00,3,3,3,0000000000000000,0,0,3,d65bd77e10f1103b,0,1,0,0,1,0,0,0000000000000000,0000000000000000,0000000000000000,0,0
1075,1075,0,0000000,00,3,3,3,0000000000000000,0,0,3,d65bd77e10f1103b,0,1,0,0,1,0,0,0000000000000000,0000000000000000,0000000000000000,0,0
1076,1076,0,0000000,00,3,3,3,0000000000000000,0,0,3,d65bd77e10f1103b,0,1,0,0,1,0,0,0000000000000000,0000000000000000,0000000000000000,0,0
1077,1077,0,0000000,00,3,3,3,0000000000000000,0,0,3,d65bd77e10f1103b,0,1,0,0,1,0,0,0000000000000000,0000000000000000,0000000000000000,0,0
1078,1078,0,0000000,00,3,3,3,0000000000000000,0,0,3,d65bd77e10f1103b,0,1,0,0,1,0,0,0000000000000000,0000000000000000,0000000000000000,0,0
1079,1079,0,0000000,00,3,3,3,0000000000000000,0,0,3,d65bd77e10f1103b,0,1,0,0,1,0,0,0000000000000000,0000000000000000,0000000000000000,0,0
1080,1080,0,0000000,00,3,3,3,0000000000000000,0,0,3,d65bd77e10f1103b,0,1,0,0,1,0,0,0000000000000000,0000000000000000,0000000000000000,0,0
1081,1081,0,0000000,00,3,3,3,0000000000000000,0,0,3,d65bd77e10f1103b,0,1,0,0,1,0,0,0000000000000000,0000000000000000,0000000000000000,0,0
1082,1082,0,0000000,00,3,3,3,0000000000000000,0,0,3,d65bd77e10f1103b,0,1,0,0,1,0,0,0000000000000000,0000000000000000,0000000000000000,0,0
1083,1083,0,0000000,00,3,3,3,0000000000000000,0,0,3,d65bd77e10f1103b,0,1,0,0,1,0,0,0000000000000000,0000000000000000,0000000000000000,0,0
1084,1084,0,0000000,00,3,3,3,0000000000000000,0,0,3,d65bd77e10f1103b,0,1,0,0,1,0,0,0000000000000000,0000000000000000,0000000000000000,0,0
1085,1085,0,0000000,00,3,3,3,0000000000000000,0,0,3,d65bd77e10f1103b,0,1,0,0,1,0,0,0000000000000000,0000000000000000,0000000000000000,0,0
1086,1086,0,0000000,00,3,3,3,0000000000000000,0,0,3,d65bd77e10f1103b,0,1,0,0,1,0,0,0000000000000000,0000000000000000,0000000000000000,0,0
1087,1087,0,0000000,00,3,3,3,0000000000000000,0,0,3,d65bd77e10f1103b,0,1,0,0,1,0,0,0000000000000000,0000000000000000,0000000000000000,0,0
1088,1088,0,0000000,00,3,3,3,0000000000000000,0,0,3,d65bd77e10f1103b,0,1,0,0,1,0,0,0000000000000000,0000000000000000,0000000000000000,0,0
1089,1089,0,0000000,00,3,3,3,0000000000000000,0,0,3,d65bd77e10f1103b,0,1,0,0,1,0,0,0000000000000000,0000000000000000,0000000000000000,0,0
1090,1090,0,0000000,00,3,3,3,0000000000000000,0,0,3,d65bd77e10f1103b,0,1,0,0,1,0,0,0000000000000000,0000000000000000,0000000000000000,0,0
1091,1091,0,0000000,00,3,3,3,0000000000000000,0,0,3,d65bd77e10f1103b,0,1,0,0,1,0,0,0000000000000000,0000000000000000,0000000000000000,0,0
1092,1092,0,0000000,00,3,3,3,0000000000000000,0,0,3,d65bd77e10f1103b,0,1,0,0,1,0,0,0000000000000000,0000000000000000,0000000000000000,0,0
1093,1093,0,0000000,00,3,3,3,0000000000000000,0,0,3,d65bd77e10f1103b,0,1,0,0,1,0,0,0000000000000000,0000000000000000,0000000000000000,0,0
1094,1094,0,0000000,00,3,3,3,0000000000000000,0,0,3,d65bd77e10f1103b,0,1,0,0,1,0,0,0000000000000000,0000000000000000,0000000000000000,0,0
1095,1095,0,0000000,00,3,3,3,0000000000000000,0,0,3,d65bd77e10f1103b,0,1,0,0,1,0,0,0000000000000000,0000000000000000,0000000000000000,0,0
1096,1096,0,0000000,00,3,3,3,0000000000000000,0,0,3,d65bd77e10f1103b,0,1,0,0,1,0,0,0000000000000000,0000000000000000,0000000000000000,0,0
1097,1097,0,0000000,00,3,3,3,0000000000000000,0,0,3,d65bd77e10f1103b,0,1,0,0,1,0,0,0000000000000000,0000000000000000,0000000000000000,0,0
1098,1098,0,0000000,00,3,3,3,0000000000000000,0,0,3,d65bd77e10f1103b,0,1,0,0,1,0,0,0000000000000000,0000000000000000,0000000000000000,0,0
1099,1099,0,0000000,00,3,3,3,0000000000000000,0,0,3,d65bd77e10f1103b,0,1,0,0,1,0,0,0000000000000000,0000000000000000,0000000000000000,0,0
1100,1100,0,0000000,00,3,3,3,0000000000000000,0,0,3,d65bd77e10f1103b,0,1,0,0,1,0,0,0000000000000000,0000000000000000,0000000000000000,0,0
1101,1101,0,0000000,00,3,3,3,0000000000000000,0,0,3,d65bd77e10f1103b,0,1,0,0,1,0,0,0000000000000000,0000000000000000,0000000000000000,0,0
1102,1102,0,0000000,00,3,3,3,0000000000000000,0,0,3,d65bd77e10f1103b,0,1,0,0,1,0,0,0000000000000000,0000000000000000,0000000000000000,0,0
1103,1103,0,0000000,00,3,3,3,0000000000000000,0,0,3,d65bd77e10f1103b,0,1,0,0,1,0,0,0000000000000000,0000000000000000,0000000000000000,0,0
1104,1104,0,0000000,00,3,3,3,0000000000000000,0,0,3,d65bd77e10f1103b,0,1,0,0,1,0,0,0000000000000000,0000000000000000,0000000000000000,0,0
1105,1105,0,0000000,00,3,3,3,0000000000000000,0,0,3,d65bd77e10f1103b,0,1,0,0,1,0,0,0000000000000000,0000000000000000,0000000000000000,0,0
1106,1106,0,0000000,00,3,3,3,0000000000000000,0,0,3,d65bd77e10f1103b,0,1,0,0,1,0,0,0000000000000000,0000000000000000,0000000000000000,0,0
1107,1107,0,0000000,00,3,3,3,0000000000000000,0,0,3,d65bd77e10f1103b,0,1,0,0,1,0,0,0000000000000000,0000000000000000,0000000000000000,0,0
1108,1108,0,0000000,00,3,3,3,0000000000000000,0,0,3,d65bd77e10f1103b,0,1,0,0,1,0,0,0000000000000000,0000000000000000,0000000000000000,0,0
1109,1109,0,0000000,00,3,3,3,0000000000000000,0,0,3,d65bd77e10f1103b,0,1,0,0,1,0,0,0000000000000000,0000000000000000,0000000000000000,0,0
1110,1110,0,0000000,00,3,3,3,0000000000000000,0,0,3,d65bd77e10f1103b,0,1,0,0,1,0,0,0000000000000000,0000000000000000,0000000000000000,0,0
1111,1111,0,0000000,00,3,3,3,0000000000000000,0,0,3,d65bd77e10f1103b,0,1,0,0,1,0,0,0000000000000000,0000000000000000,0000000000000000,0,0
1112,1112,0,0000000,00,3,3,3,0000000000000000,0,0,3,d65bd77e10f1103b,0,1,0,0,1,0,0,0000000000000000,0000000000000000,0000000000000000,0,0
1113,1113,0,0000000,00,3,3,3,0000000000000000,0,0,3,d65bd77e10f1103b,0,1,0,0,1,0,0,0000000000000000,0000000000000000,0000000000000000,0,0
1114,1114,0,0000000,00,3,3,3,0000000000000000,0,0,3,d65bd77e10f1103b,0,1,0,0,1,0,0,0000000000000000,0000000000000000,0000000000000000,0,0
1115,1115,0,0000000,00,3,3,3,0000000000000000,0,0,3,d65bd77e10f1103b,0,1,0,0,1,0,0,0000000000000000,0000000000000000,0000000000000000,0,0
1116,1116,0,0000000,00,3,3,3,0000000000000000,0,0,3,d65bd77e10f1103b,0,1,0,0,1,0,0,0000000000000000,0000000000000000,0000000000000000,0,0
1117,1117,0,0000000,00,3,3,3,0000000000000000,0,0,3,d65bd77e10f1103b,0,1,0,0,1,0,0,0000000000000000,0000000000000000,0000000000000000,0,0
1118,1118,0,0000000,00,3,3,3,0000000000000000,0,0,3,d65bd77e10f1103b,0,1,0,0,1,0,0,0000000000000000,0000000000000000,0000000000000000,0,0
1119,1119,0,0000000,00,3,3,3,0000000000000000,0,0,3,d65bd77e10f1103b,0,1,0,0,1,0,0,0000000000000000,0000000000000000,0000000000000000,0,0
1120,1120,0,0000000,00,3,3,3,0000000000000000,0,0,3,d65bd77e10f1103b,0,1,0,0,1,0,0,0000000000000000,0000000000000000,0000000000000000,0,0
1121,1121,0,0000000,00,3,3,3,0000000000000000,0,0,3,d65bd77e10f1103b,0,1,0,0,1,0,0,0000000000000000,0000000000000000,0000000000000000,0,0
1122,1122,0,0000000,00,3,3,3,0000000000000000,0,0,3,d65bd77e10f1103b,0,1,0,0,1,0,0,0000000000000000,0000000000000000,0000000000000000,0,0
1123,1123,0,0000000,00,3,3,3,0000000000000000,0,0,3,d65bd77e10f1103b,0,1,0,0,1,0,0,0000000000000000,0000000000000000,0000000000000000,0,0
1124,1124,0,0000000,00,3,3,3,0000000000000000,0,0,3,d65bd77e10f1103b,0,1,0,0,1,0,0,0000000000000000,0000000000000000,0000000000000000,0,0
1125,1125,0,0000000,00,3,3,3,0000000000000000,0,0,3,d65bd77e10f1103b,0,1,0,0,1,0,0,0000000000000000,0000000000000000,0000000000000000,0,0
1126,1126,0,0000000,00,3,3,3,0000000000000000,0,0,3,d65bd77e10f1103b,0,1,0,0,1,0,0,0000000000000000,0000000000000000,0000000000000000,0,0
1127,1127,0,0000000,00,3,3,3,0000000000000000,0,0,3,d65bd77e10f1103b,0,1,0,0,1,0,0,0000000000000000,0000000000000000,0000000000000000,0,0
1128,1128,0,0000000,00,3,3,3,0000000000000000,0,0,3,d65bd77e10f1103b,0,1,0,0,1,0,0,0000000000000000,0000000000000000,0000000000000000,0,0
1129,1129,0,0000000,00,3,3,3,0000000000000000,0,0,3,d65bd77e10f1103b,0,1,0,0,1,0,0,0000000000000000,0000000000000000,0000000000000000,0,0
1130,1130,0,0000000,00,3,3,3,0000000000000000,0,0,3,d65bd77e10f1103b,0,1,0,0,1,0,0,0000000000000000,0000000000000000,0000000000000000,0,0
1131,1131,0,0000000,00,3,3,3,0000000000000000,0,0,3,d65bd77e10f1103b,0,1,0,0,1,0,0,0000000000000000,0000000000000000,0000000000000000,0,0
1132,1132,0,0000000,00,3,3,3,0000000000000000,0,0,3,d65bd77e10f1103b,0,1,0,0,1,0,0,0000000000000000,0000000000000000,0000000000000000,0,0
1133,1133,0,0000000,00,3,3,3,0000000000000000,0,0,3,d65bd77e10f1103b,0,1,0,0,1,0,0,0000000000000000,0000000000000000,0000000000000000,0,0
1134,1134,0,0000000,00,3,3,3,0000000000000000,0,0,3,d65bd77e10f1103b,0,1,0,0,1,0,0,0000000000000000,0000000000000000,0000000000000000,0,0
1135,1135,0,0000000,00,3,3,3,0000000000000000,0,0,3,d65bd77e10f1103b,0,1,0,0,1,0,0,0000000000000000,0000000000000000,0000000000000000,0,0
1136,1136,0,0000000,00,3,3,3,0000000000000000,0,0,3,d65bd77e10f1103b,0,1,0,0,1,0,0,0000000000000000,0000000000000000,0000000000000000,0,0
1137,1137,0,0000000,00,3,3,3,0000000000000000,0,0,3,d65bd77e10f1103b,0,1,0,0,1,0,0,0000000000000000,0000000000000000,0000000000000000,0,0
1138,1138,0,0000000,00,3,3,3,0000000000000000,0,0,3,d65bd77e10f1103b,0,1,0,0,1,0,0,0000000000000000,0000000000000000,0000000000000000,0,0
1139,1139,0,0000000,00,3,3,3,0000000000000000,0,0,3,d65bd77e10f1103b,0,1,0,0,1,0,0,0000000000000000,0000000000000000,0000000000000000,0,0
1140,1140,0,0000000,00,3,3,3,0000000000000000,0,0,3,d65bd77e10f1103b,0,1,0,0,1,0,0,0000000000000000,0000000000000000,0000000000000000,0,0
1141,1141,0,0000000,00,3,3,3,0000000000000000,0,0,3,d65bd77e10f1103b,0,1,0,0,1,0,0,0000000000000000,0000000000000000,0000000000000000,0,0
1142,1142,0,0000000,00,3,3,3,0000000000000000,0,0,3,d65bd77e10f1103b,0,1,0,0,1,0,0,0000000000000000,0000000000000000,0000000000000000,0,0
1143,1143,0,0000000,00,3,3,3,0000000000000000,0,0,3,d65bd77e10f1103b,0,1,0,0,1,0,0,0000000000000000,0000000000000000,0000000000000000,0,0
1144,1144,0,0000000,00,3,3,3,0000000000000000,0,0,3,d65bd77e10f1103b,0,1,0,0,1,0,0,0000000000000000,0000000000000000,0000000000000000,0,0
1145,1145,0,0000000,00,3,3,3,0000000000000000,0,0,3,d65bd77e10f1103b,0,1,0,0,1,0,0,0000000000000000,0000000000000000,0000000000000000,0,0
1146,1146,0,0000000,00,3,3,3,0000000000000000,0,0,3,d65bd77e10f1103b,0,1,0,0,1,0,0,0000000000000000,0000000000000000,0000000000000000,0,0
1147,1147,0,0000000,00,3,3,3,0000000000000000,0,0,3,d65bd77e10f1103b,0,1,0,0,1,0,0,0000000000000000,0000000000000000,0000000000000000,0,0
1148,1148,0,0000000,00,3,3,3,0000000000000000,0,0,3,d65bd77e10f1103b,0,1,0,0,1,0,0,0000000000000000,0000000000000000,0000000000000000,0,0
1149,1149,0,0000000,00,3,3,3,0000000000000000,0,0,3,d65bd77e10f1103b,0,1,0,0,1,0,0,0000000000000000,0000000000000000,0000000000000000,0,0
1150,1150,0,0000000,00,3,3,3,0000000000000000,0,0,3,d65bd77e10f1103b,0,1,0,0,1,0,0,0000000000000000,0000000000000000,0000000000000000,0,0
1151,1151,0,0000000,00,3,3,3,0000000000000000,0,0,3,d65bd77e10f1103b,0,1,0,0,1,0,0,0000000000000000,0000000000000000,0000000000000000,0,0
1152,1152,0,0000000,00,3,3,3,0000000000000000,0,0,3,d65bd77e10f1103b,0,1,0,0,1,0,0,0000000000000000,0000000000000000,0000000000000000,0,0
1153,1153,0,0000000,00,3,3,3,0000000000000000,0,0,3,d65bd77e10f1103b,0,1,0,0,1,0,0,0000000000000000,0000000000000000,0000000000000000,0,0
1154,1154,0,0000000,00,3,3,3,0000000000000000,0,0,3,d65bd77e10f1103b,0,1,0,0,1,0,0,0000000000000000,0000000000000000,0000000000000000,0,0
1155,1155,0,0000000,00,3,3,3,0000000000000000,0,0,3,d65bd77e10f1103b,0,1,0,0,1,0,0,0000000000000000,0000000000000000,0000000000000000,0,0
1156,1156,0,0000000,00,3,3,3,0000000000000000,0,0,3,d65bd77e10f1103b,0,1,0,0,1,0,0,0000000000000000,0000000000000000,0000000000000000,0,0
1157,1157,0,0000000,00,3,3,3,0000000000000000,0,0,3,d65bd77e10f1103b,0,1,0,0,1,0,0,0000000000000000,0000000000000000,0000000000000000,0,0
1158,1158,0,0000000,00,3,3,3,0000000000000000,0,0,3,d65bd77e10f1103b,0,1,0,0,1,0,0,0000000000000000,0000000000000000,0000000000000000,0,0
1159,1159,0,0000000,00,3,3,3,0000000000000000,0,0,3,d65bd77e10f1103b,0,1,0,0,1,0,0,0000000000000000,0000000000000000,0000000000000000,0,0
1160,1160,0,0000000,00,3,3,3,0000000000000000,0,0,3,d65bd77e10f1103b,0,1,0,0,1,0,0,0000000000000000,0000000000000000,0000000000000000,0,0
1161,1161,0,0000000,00,3,3,3,0000000000000000,0,0,3,d65bd77e10f1103b,0,1,0,0,1,0,0,0000000000000000,0000000000000000,0000000000000000,0,0
1162,1162,0,0000000,00,3,3,3,0000000000000000,0,0,3,d65bd77e10f1103b,0,1,0,0,1,0,0,0000000000000000,0000000000000000,0000000000000000,0,0
1163,1163,0,0000000,00,3,3,3,0000000000000000,0,0,3,d65bd77e10f1103b,0,1,0,0,1,0,0,0000000000000000,0000000000000000,0000000000000000,0,0
1164,1164,0,0000000,00,3,3,3,0000000000000000,0,0,3,d65bd77e10f1103b,0,1,0,0,1,0,0,0000000000000000,0000000000000000,0000000000000000,0,0
1165,1165,0,0000000,00,3,3,3,0000000000000000,0,0,3,d65bd77e10f1103b,0,1,0,0,1,0,0,0000000000000000,0000000000000000,0000000000000000,0,0
1166,1166,0,0000000,00,3,3,3,0000000000000000,0,0,3,d65bd77e10f1103b,0,1,0,0,1,0,0,0000000000000000,0000000000000000,0000000000000000,0,0
1167,1167,0,0000000,00,3,3,3,0000000000000000,0,0,3,d65bd77e10f1103b,0,1,0,0,1,0,0,0000000000000000,0000000000000000,0000000000000000,0,0
1168,1168,0,0000000,00,3,3,3,0000000000000000,0,0,3,d65bd77e10f1103b,0,1,0,0,1,0,0,0000000000000000,0000000000000000,0000000000000000,0,0
1169,1169,0,0000000,00,3,3,3,0000000000000000,0,0,3,d65bd77e10f1103b,0,1,0,0,1,0,0,0000000000000000,0000000000000000,0000000000000000,0,0
1170,1170,0,0000000,00,3,3,3,0000000000000000,0,0,3,d65bd77e10f1103b,0,1,0,0,1,0,0,0000000000000000,0000000000000000,0000000000000000,0,0
1171,1171,0,0000000,00,3,3,3,0000000000000000,0,0,3,d65bd77e10f1103b,0,1,0,0,1,0,0,0000000000000000,0000000000000000,0000000000000000,0,0
1172,1172,0,0000000,00,3,3,3,0000000000000000,0,0,3,d65bd77e10f1103b,0,1,0,0,1,0,0,0000000000000000,0000000000000000,0000000000000000,0,0
1173,1173,0,0000000,00,3,3,3,0000000000000000,0,0,3,d65bd77e10f1103b,0,1,0,0,1,0,0,0000000000000000,0000000000000000,0000000000000000,0,0
1174,1174,0,0000000,00,3,3,3,0000000000000000,0,0,3,d65bd77e10f1103b,0,1,0,0,1,0,0,0000000000000000,0000000000000000,0000000000000000,0,0
1175,1175,0,0000000,00,3,3,3,0000000000000000,0,0,3,d65bd77e10f1103b,0,1,0,0,1,0,0,0000000000000000,0000000000000000,0000000000000000,0,0
1176,1176,0,0000000,00,3,3,3,0000000000000000,0,0,3,d65bd77e10f1103b,0,1,0,0,1,0,0,0000000000000000,0000000000000000,0000000000000000,0,0
1177,1177,0,0000000,00,3,3,3,0000000000000000,0,0,3,d65bd77e10f1103b,0,1,0,0,1,0,0,0000000000000000,0000000000000000,0000000000000000,0,0
1178,1178,0,0000000,00,3,3,3,0000000000000000,0,0,3,d65bd77e10f1103b,0,1,0,0,1,0,0,0000000000000000,0000000000000000,0000000000000000,0,0
1179,1179,0,0000000,00,3,3,3,0000000000000000,0,0,3,d65bd77e10f1103b,0,1,0,0,1,0,0,0000000000000000,0000000000000000,0000000000000000,0,0
1180,1180,0,0000000,00,3,3,3,0000000000000000,0,0,3,d65bd77e10f1103b,0,1,0,0,1,0,0,0000000000000000,0000000000000000,0000000000000000,0,0
1181,1181,0,0000000,00,3,3,3,0000000000000000,0,0,3,d65bd77e10f1103b,0,1,0,0,1,0,0,0000000000000000,0000000000000000,0000000000000000,0,0
1182,1182,0,0000000,00,3,3,3,0000000000000000,0,0,3,d65bd77e10f1103b,0,1,0,0,1,0,0,0000000000000000,0000000000000000,0000000000000000,0,0
1183,1183,0,0000000,00,3,3,3,0000000000000000,0,0,3,d65bd77e10f1103b,0,1,0,0,1,0,0,0000000000000000,0000000000000000,0000000000000000,0,0
1184,1184,0,0000000,00,3,3,3,0000000000000000,0,0,3,d65bd77e10f1103b,0,1,0,0,1,0,0,0000000000000000,0000000000000000,0000000000000000,0,0
1185,1185,0,0000000,00,3,3,3,0000000000000000,0,0,3,d65bd77e10f1103b,0,1,0,0,1,0,0,0000000000000000,0000000000000000,0000000000000000,0,0
1186,1186,0,0000000,00,3,3,3,0000000000000000,0,0,3,d65bd77e10f1103b,0,1,0,0,1,0,0,0000000000000000,0000000000000000,0000000000000000,0,0
1187,1187,0,0000000,00,3,3,3,0000000000000000,0,0,3,d65bd77e10f1103b,0,1,0,0,1,0,0,0000000000000000,0000000000000000,0000000000000000,0,0
1188,1188,0,0000000,00,3,3,3,0000000000000000,0,0,3,d65bd77e10f1103b,0,1,0,0,1,0,0,0000000000000000,0000000000000000,0000000000000000,0,0
1189,1189,0,0000000,00,3,3,3,0000000000000000,0,0,3,d65bd77e10f1103b,0,1,0,0,1,0,0,0000000000000000,0000000000000000,0000000000000000,0,0
1190,1190,0,0000000,00,3,3,3,0000000000000000,0,0,3,d65bd77e10f1103b,0,1,0,0,1,0,0,0000000000000000,0000000000000000,0000000000000000,0,0
1191,1191,0,0000000,00,3,3,3,0000000000000000,0,0,3,d65bd77e10f1103b,0,1,0,0,1,0,0,0000000000000000,0000000000000000,0000000000000000,0,0
1192,1192,0,0000000,00,3,3,3,0000000000000000,0,0,3,d65bd77e10f1103b,0,1,0,0,1,0,0,0000000000000000,0000000000000000,0000000000000000,0,0
1193,1193,0,0000000,00,3,3,3,0000000000000000,0,0,3,d65bd77e10f1103b,0,1,0,0,1,0,0,0000000000000000,0000000000000000,0000000000000000,0,0
1194,1194,0,0000000,00,3,3,3,0000000000000000,0,0,3,d65bd77e10f1103b,0,1,0,0,1,0,0,0000000000000000,0000000000000000,0000000000000000,0,0
1195,1195,0,0000000,00,3,3,3,0000000000000000,0,0,3,d65bd77e10f1103b,0,1,0,0,1,0,0,0000000000000000,0000000000000000,0000000000000000,0,0
1196,1196,0,0000000,00,3,3,3,0000000000000000,0,0,3,d65bd77e10f1103b,0,1,0,0,1,0,0,0000000000000000,0000000000000000,0000000000000000,0,0
1197,1197,0,0000000,00,3,3,3,0000000000000000,0,0,3,d65bd77e10f1103b,0,1,0,0,1,0,0,0000000000000000,0000000000000000,0000000000000000,0,0
1198,1198,0,0000000,00,3,3,3,0000000000000000,0,0,3,d65bd77e10f1103b,0,1,0,0,1,0,0,0000000000000000,0000000000000000,0000000000000000,0,0
1199,1199,0,0000000,00,3,3,3,0000000000000000,0,0,3,d65bd77e10f1103b,0,1,0,0,1,0,0,0000000000000000,0000000000000000,0000000000000000,0,0
1200,1200,0,0000000,00,3,3,3,0000000000000000,0,0,3,d65bd77e10f1103b,0,1,0,0,1,0,0,0000000000000000,0000000000000000,0000000000000000,0,0
1201,1201,0,0000000,00,3,3,3,0000000000000000,0,0,3,d65bd77e10f1103b,0,1,0,0,1,0,0,0000000000000000,0000000000000000,0000000000000000,0,0
1202,1202,0,0000000,00,3,3,3,0000000000000000,0,0,3,d65bd77e10f1103b,0,1,0,0,1,0,0,0000000000000000,0000000000000000,0000000000000000,0,0
1203,1203,0,0000000,00,3,3,3,0000000000000000,0,0,3,d65bd77e10f1103b,0,1,0,0,1,0,0,0000000000000000,0000000000000000,0000000000000000,0,0
1204,1204,0,0000000,00,3,3,3,0000000000000000,0,0,3,d65bd77e10f1103b,0,1,0,0,1,0,0,0000000000000000,0000000000000000,0000000000000000,0,0
1205,1205,0,0000000,00,3,3,3,0000000000000000,0,0,3,d65bd77e10f1103b,0,1,0,0,1,0,0,0000000000000000,0000000000000000,0000000000000000,0,0
1206,1206,0,0000000,00,3,3,3,0000000000000000,0,0,3,d65bd77e10f1103b,0,1,0,0,1,0,0,0000000000000000,0000000000000000,0000000000000000,0,0
1207,1207,0,0000000,00,3,3,3,0000000000000000,0,0,3,d65bd77e10f1103b,0,1,0,0,1,0,0,0000000000000000,0000000000000000,0000000000000000,0,0
1208,1208,0,0000000,00,3,3,3,0000000000000000,0,0,3,d65bd77e10f1103b,0,1,0,0,1,0,0,0000000000000000,0000000000000000,0000000000000000,0,0
1209,1209,0,0000000,00,3,3,3,0000000000000000,0,0,3,d65bd77e10f1103b,0,1,0,0,1,0,0,0000000000000000,0000000000000000,0000000000000000,0,0
1210,1210,0,0000000,00,3,3,3,0000000000000000,0,0,3,d65bd77e10f1103b,0,1,0,0,1,0,0,0000000000000000,0000000000000000,0000000000000000,0,0
1211,1211,0,0000000,00,3,3,3,0000000000000000,0,0,3,d65bd77e10f1103b,0,1,0,0,1,0,0,0000000000000000,0000000000000000,0000000000000000,0,0
1212,1212,0,0000000,00,3,3,3,0000000000000000,0,0,3,d65bd77e10f1103b,0,1,0,0,1,0,0,0000000000000000,0000000000000000,0000000000000000,0,0
1213,1213,0,0000000,00,3,3,3,0000000000000000,0,0,3,d65bd77e10f1103b,0,1,0,0,1,0,0,0000000000000000,0000000000000000,0000000000000000,0,0
1214,1214,0,0000000,00,3,3,3,0000000000000000,0,0,3,d65bd77e10f1103b,0,1,0,0,1,0,0,0000000000000000,0000000000000000,0000000000000000,0,0
1215,1215,0,0000000,00,3,3,3,0000000000000000,0,0,3,d65bd77e10f1103b,0,1,0,0,1,0,0,0000000000000000,0000000000000000,0000000000000000,0,0
1216,1216,0,0000000,00,3,3,3,0000000000000000,0,0,3,d65bd77e10f1103b,0,1,0,0,1,0,0,0000000000000000,0000000000000000,0000000000000000,0,0
1217,1217,0,0000000,00,3,3,3,0000000000000000,0,0,3,d65bd77e10f1103b,0,1,0,0,1,0,0,0000000000000000,0000000000000000,0000000000000000,0,0
1218,1218,0,0000000,00,3,3,3,0000000000000000,0,0,3,d65bd77e10f1103b,0,1,0,0,1,0,0,0000000000000000,0000000000000000,0000000000000000,0,0
1219,1219,0,0000000,00,3,3,3,0000000000000000,0,0,3,d65bd77e10f1103b,0,1,0,0,1,0,0,0000000000000000,0000000000000000,0000000000000000,0,0
1220,1220,0,0000000,00,3,3,3,0000000000000000,0,0,3,d65bd77e10f1103b,0,1,0,0,1,0,0,0000000000000000,0000000000000000,0000000000000000,0,0
1221,1221,0,0000000,00,3,3,3,0000000000000000,0,0,3,d65bd77e10f1103b,0,1,0,0,1,0,0,0000000000000000,0000000000000000,0000000000000000,0,0
1222,1222,0,0000000,00,3,3,3,0000000000000000,0,0,3,d65bd77e10f1103b,0,1,0,0,1,0,0,0000000000000000,0000000000000000,0000000000000000,0,0
1223,1223,0,0000000,00,3,3,3,0000000000000000,0,0,3,d65bd77e10f1103b,0,1,0,0,1,0,0,0000000000000000,0000000000000000,0000000000000000,0,0
1224,1224,0,0000000,00,3,3,3,0000000000000000,0,0,3,d65bd77e10f1103b,0,1,0,0,1,0,0,0000000000000000,0000000000000000,0000000000000000,0,0
1225,1225,0,0000000,00,3,3,3,0000000000000000,0,0,3,d65bd77e10f1103b,0,1,0,0,1,0,0,0000000000000000,0000000000000000,0000000000000000,0,0
1226,1226,0,0000000,00,3,3,3,0000000000000000,0,0,3,d65bd77e10f1103b,0,1,0,0,1,0,0,0000000000000000,0000000000000000,0000000000000000,0,0
1227,1227,0,0000000,00,3,3,3,0000000000000000,0,0,3,d65bd77e10f1103b,0,1,0,0,1,0,0,0000000000000000,0000000000000000,0000000000000000,0,0
1228,1228,0,0000000,00,3,3,3,0000000000000000,0,0,3,d65bd77e10f1103b,0,1,0,0,1,0,0,0000000000000000,0000000000000000,0000000000000000,0,0
1229,1229,0,0000000,00,3,3,3,0000000000000000,0,0,3,d65bd77e10f1103b,0,1,0,0,1,0,0,0000000000000000,0000000000000000,0000000000000000,0,0
1230,1230,0,0000000,00,3,3,3,0000000000000000,0,0,3,d65bd77e10f1103b,0,1,0,0,1,0,0,0000000000000000,0000000000000000,0000000000000000,0,0
1231,1231,0,0000000,00,3,3,3,0000000000000000,0,0,3,d65bd77e10f1103b,0,1,0,0,1,0,0,0000000000000000,0000000000000000,0000000000000000,0,0
1232,1232,0,0000000,00,3,3,3,0000000000000000,0,0,3,d65bd77e10f1103b,0,1,0,0,1,0,0,0000000000000000,0000000000000000,0000000000000000,0,0
1233,1233,0,0000000,00,3,3,3,0000000000000000,0,0,3,d65bd77e10f1103b,0,1,0,0,1,0,0,0000000000000000,0000000000000000,0000000000000000,0,0
1234,1234,0,0000000,00,3,3,3,0000000000000000,0,0,3,d65bd77e10f1103b,0,1,0,0,1,0,0,0000000000000000,0000000000000000,0000000000000000,0,0
1235,1235,0,0000000,00,3,3,3,0000000000000000,0,0,3,d65bd77e10f1103b,0,1,0,0,1,0,0,0000000000000000,0000000000000000,0000000000000000,0,0
1236,1236,0,0000000,00,3,3,3,0000000000000000,0,0,3,d65bd77e10f1103b,0,1,0,0,1,0,0,0000000000000000,0000000000000000,0000000000000000,0,0
1237,1237,0,0000000,00,3,3,3,0000000000000000,0,0,3,d65bd77e10f1103b,0,1,0,0,1,0,0,0000000000000000,0000000000000000,0000000000000000,0,0
1238,1238,0,0000000,00,3,3,3,0000000000000000,0,0,3,d65bd77e10f1103b,0,1,0,0,1,0,0,0000000000000000,0000000000000000,0000000000000000,0,0
1239,1239,0,0000000,00,3,3,3,0000000000000000,0,0,3,d65bd77e10f1103b,0,1,0,0,1,0,0,0000000000000000,0000000000000000,0000000000000000,0,0
1240,1240,0,0000000,00,3,3,3,0000000000000000,0,0,3,d65bd77e10f1103b,0,1,0,0,1,0,0,0000000000000000,0000000000000000,0000000000000000,0,0
1241,1241,0,0000000,00,3,3,3,0000000000000000,0,0,3,d65bd77e10f1103b,0,1,0,0,1,0,0,0000000000000000,0000000000000000,0000000000000000,0,0
1242,1242,0,0000000,00,3,3,3,0000000000000000,0,0,3,d65bd77e10f1103b,0,1,0,0,1,0,0,0000000000000000,0000000000000000,0000000000000000,0,0
1243,1243,0,0000000,00,3,3,3,0000000000000000,0,0,3,d65bd77e10f1103b,0,1,0,0,1,0,0,0000000000000000,0000000000000000,0000000000000000,0,0
1244,1244,0,0000000,00,3,3,3,0000000000000000,0,0,3,d65bd77e10f1103b,0,1,0,0,1,0,0,0000000000000000,0000000000000000,0000000000000000,0,0
1245,1245,0,0000000,00,3,3,3,0000000000000000,0,0,3,d65bd77e10f1103b,0,1,0,0,1,0,0,0000000000000000,0000000000000000,0000000000000000,0,0
1246,1246,0,0000000,00,3,3,3,0000000000000000,0,0,3,d65bd77e10f1103b,0,1,0,0,1,0,0,0000000000000000,0000000000000000,0000000000000000,0,0
1247,1247,0,0000000,00,3,3,3,0000000000000000,0,0,3,d65bd77e10f1103b,0,1,0,0,1,0,0,0000000000000000,0000000000000000,0000000000000000,0,0
1248,1248,0,0000000,00,3,3,3,0000000000000000,0,0,3,d65bd77e10f1103b,0,1,0,0,1,0,0,0000000000000000,0000000000000000,0000000000000000,0,0
1249,1249,0,0000000,00,3,3,3,0000000000000000,0,0,3,d65bd77e10f1103b,0,1,0,0,1,0,0,0000000000000000,0000000000000000,0000000000000000,0,0
1250,1250,0,0000000,00,3,3,3,0000000000000000,0,0,3,d65bd77e10f1103b,0,1,0,0,1,0,0,0000000000000000,0000000000000000,0000000000000000,0,0
1251,1251,0,0000000,00,3,3,3,0000000000000000,0,0,3,d65bd77e10f1103b,0,1,0,0,1,0,0,0000000000000000,0000000000000000,0000000000000000,0,0
1252,1252,0,0000000,00,3,3,3,0000000000000000,0,0,3,d65bd77e10f1103b,0,1,0,0,1,0,0,0000000000000000,0000000000000000,0000000000000000,0,0
1253,1253,0,0000000,00,3,3,3,0000000000000000,0,0,3,d65bd77e10f1103b,0,1,0,0,1,0,0,0000000000000000,0000000000000000,0000000000000000,0,0
1254,1254,0,0000000,00,3,3,3,0000000000000000,0,0,3,d65bd77e10f1103b,0,1,0,0,1,0,0,0000000000000000,0000000000000000,0000000000000000,0,0
1255,1255,0,0000000,00,3,3,3,0000000000000000,0,0,3,d65bd77e10f1103b,0,1,0,0,1,0,0,0000000000000000,0000000000000000,0000000000000000,0,0
1256,1256,0,0000000,00,3,3,3,0000000000000000,0,0,3,d65bd77e10f1103b,0,1,0,0,1,0,0,0000000000000000,0000000000000000,0000000000000000,0,0
1257,1257,0,0000000,00,3,3,3,0000000000000000,0,0,3,d65bd77e10f1103b,0,1,0,0,1,0,0,0000000000000000,0000000000000000,0000000000000000,0,0
1258,1258,0,0000000,00,3,3,3,0000000000000000,0,0,3,d65bd77e10f1103b,0,1,0,0,1,0,0,0000000000000000,0000000000000000,0000000000000000,0,0
1259,1259,0,0000000,00,3,3,3,0000000000000000,0,0,3,d65bd77e10f1103b,0,1,0,0,1,0,0,0000000000000000,0000000000000000,0000000000000000,0,0
1260,1260,0,0000000,00,3,3,3,0000000000000000,0,0,3,d65bd77e10f1103b,0,1,0,0,1,0,0,0000000000000000,0000000000000000,0000000000000000,0,0
1261,1261,0,0000000,00,3,3,3,0000000000000000,0,0,3,d65bd77e10f1103b,0,1,0,0,1,0,0,0000000000000000,0000000000000000,0000000000000000,0,0
1262,1262,0,0000000,00,3,3,3,0000000000000000,0,0,3,d65bd77e10f1103b,0,1,0,0,1,0,0,0000000000000000,0000000000000000,0000000000000000,0,0
1263,1263,0,0000000,00,3,3,3,0000000000000000,0,0,3,d65bd77e10f1103b,0,1,0,0,1,0,0,0000000000000000,0000000000000000,0000000000000000,0,0
1264,1264,0,0000000,00,3,3,3,0000000000000000,0,0,3,d65bd77e10f1103b,0,1,0,0,1,0,0,0000000000000000,0000000000000000,0000000000000000,0,0
1265,1265,0,0000000,00,3,3,3,0000000000000000,0,0,3,d65bd77e10f1103b,0,1,0,0,1,0,0,0000000000000000,0000000000000000,0000000000000000,0,0
1266,1266,0,0000000,00,3,3,3,0000000000000000,0,0,3,d65bd77e10f1103b,0,1,0,0,1,0,0,0000000000000000,0000000000000000,0000000000000000,0,0
1267,1267,0,0000000,00,3,3,3,0000000000000000,0,0,3,d65bd77e10f1103b,0,1,0,0,1,0,0,0000000000000000,0000000000000000,0000000000000000,0,0
1268,1268,0,0000000,00,3,3,3,0000000000000000,0,0,3,d65bd77e10f1103b,0,1,0,0,1,0,0,0000000000000000,0000000000000000,0000000000000000,0,0
1269,1269,0,0000000,00,3,3,3,0000000000000000,0,0,3,d65bd77e10f1103b,0,1,0,0,1,0,0,0000000000000000,0000000000000000,0000000000000000,0,0
1270,1270,0,0000000,00,3,3,3,0000000000000000,0,0,3,d65bd77e10f1103b,0,1,0,0,1,0,0,0000000000000000,0000000000000000,0000000000000000,0,0
1271,1271,0,0000000,00,3,3,3,0000000000000000,0,0,3,d65bd77e10f1103b,0,1,0,0,1,0,0,0000000000000000,0000000000000000,0000000000000000,0,0
1272,1272,0,0000000,00,3,3,3,0000000000000000,0,0,3,d65bd77e10f1103b,0,1,0,0,1,0,0,0000000000000000,0000000000000000,0000000000000000,0,0
1273,1273,0,0000000,00,3,3,3,0000000000000000,0,0,3,d65bd77e10f1103b,0,1,0,0,1,0,0,0000000000000000,0000000000000000,0000000000000000,0,0
1274,1274,0,0000000,00,3,3,3,0000000000000000,0,0,3,d65bd77e10f1103b,0,1,0,0,1,0,0,0000000000000000,0000000000000000,0000000000000000,0,0
1275,1275,0,0000000,00,3,3,3,0000000000000000,0,0,3,d65bd77e10f1103b,0,1,0,0,1,0,0,0000000000000000,0000000000000000,0000000000000000,0,0
1276,1276,0,0000000,00,3,3,3,0000000000000000,0,0,3,d65bd77e10f1103b,0,1,0,0,1,0,0,0000000000000000,0000000000000000,0000000000000000,0,0
1277,1277,0,0000000,00,3,3,3,0000000000000000,0,0,3,d65bd77e10f1103b,0,1,0,0,1,0,0,0000000000000000,0000000000000000,0000000000000000,0,0
1278,1278,0,0000000,00,3,3,3,0000000000000000,0,0,3,d65bd77e10f1103b,0,1,0,0,1,0,0,0000000000000000,0000000000000000,0000000000000000,0,0
1279,1279,0,0000000,00,3,3,3,0000000000000000,0,0,3,d65bd77e10f1103b,0,1,0,0,1,0,0,0000000000000000,0000000000000000,0000000000000000,0,0
1280,1280,0,0000000,00,3,3,3,0000000000000000,0,0,3,d65bd77e10f1103b,0,1,0,0,1,0,0,0000000000000000,0000000000000000,0000000000000000,0,0
1281,1281,0,0000000,00,3,3,3,0000000000000000,0,0,3,d65bd77e10f1103b,0,1,0,0,1,0,0,0000000000000000,0000000000000000,0000000000000000,0,0
1282,1282,0,0000000,00,3,3,3,0000000000000000,0,0,3,d65bd77e10f1103b,0,1,0,0,1,0,0,0000000000000000,0000000000000000,0000000000000000,0,0
1283,1283,0,0000000,00,3,3,3,0000000000000000,0,0,3,d65bd77e10f1103b,0,1,0,0,1,0,0,0000000000000000,0000000000000000,0000000000000000,0,0
1284,1284,0,0000000,00,3,3,3,0000000000000000,0,0,3,d65bd77e10f1103b,0,1,0,0,1,0,0,0000000000000000,0000000000000000,0000000000000000,0,0
1285,1285,0,0000000,00,3,3,3,0000000000000000,0,0,3,d65bd77e10f1103b,0,1,0,0,1,0,0,0000000000000000,0000000000000000,0000000000000000,0,0
1286,1286,0,0000000,00,3,3,3,0000000000000000,0,0,3,d65bd77e10f1103b,0,1,0,0,1,0,0,0000000000000000,0000000000000000,0000000000000000,0,0
1287,1287,0,0000000,00,3,3,3,0000000000000000,0,0,3,d65bd77e10f1103b,0,1,0,0,1,0,0,0000000000000000,0000000000000000,0000000000000000,0,0
1288,1288,0,0000000,00,3,3,3,0000000000000000,0,0,3,d65bd77e10f1103b,0,1,0,0,1,0,0,0000000000000000,0000000000000000,0000000000000000,0,0
1289,1289,0,0000000,00,3,3,3,0000000000000000,0,0,3,d65bd77e10f1103b,0,1,0,0,1,0,0,0000000000000000,0000000000000000,0000000000000000,0,0
1290,1290,0,0000000,00,3,3,3,0000000000000000,0,0,3,d65bd77e10f1103b,0,1,0,0,1,0,0,0000000000000000,0000000000000000,0000000000000000,0,0
1291,1291,0,0000000,00,3,3,3,0000000000000000,0,0,3,d65bd77e10f1103b,0,1,0,0,1,0,0,0000000000000000,0000000000000000,0000000000000000,0,0
1292,1292,0,0000000,00,3,3,3,0000000000000000,0,0,3,d65bd77e10f1103b,0,1,0,0,1,0,0,0000000000000000,0000000000000000,0000000000000000,0,0
1293,1293,0,0000000,00,3,3,3,0000000000000000,0,0,3,d65bd77e10f1103b,0,1,0,0,1,0,0,0000000000000000,0000000000000000,0000000000000000,0,0
1294,1294,0,0000000,00,3,3,3,0000000000000000,0,0,3,d65bd77e10f1103b,0,1,0,0,1,0,0,0000000000000000,0000000000000000,0000000000000000,0,0
1295,1295,0,0000000,00,3,3,3,0000000000000000,0,0,3,d65bd77e10f1103b,0,1,0,0,1,0,0,0000000000000000,0000000000000000,0000000000000000,0,0
1296,1296,0,0000000,00,3,3,3,0000000000000000,0,0,3,d65bd77e10f1103b,0,1,0,0,1,0,0,0000000000000000,0000000000000000,0000000000000000,0,0
1297,1297,0,0000000,00,3,3,3,0000000000000000,0,0,3,d65bd77e10f1103b,0,1,0,0,1,0,0,0000000000000000,0000000000000000,0000000000000000,0,0
1298,1298,0,0000000,00,3,3,3,0000000000000000,0,0,3,d65bd77e10f1103b,0,1,0,0,1,0,0,0000000000000000,0000000000000000,0000000000000000,0,0
1299,1299,0,0000000,00,3,3,3,0000000000000000,0,0,3,d65bd77e10f1103b,0,1,0,0,1,0,0,0000000000000000,0000000000000000,0000000000000000,0,0
1300,1300,0,0000000,00,3,3,3,0000000000000000,0,0,3,d65bd77e10f1103b,0,1,0,0,1,0,0,0000000000000000,0000000000000000,0000000000000000,0,0
1301,1301,0,0000000,00,3,3,3,0000000000000000,0,0,3,d65bd77e10f1103b,0,1,0,0,1,0,0,0000000000000000,0000000000000000,0000000000000000,0,0
1302,1302,0,0000000,00,3,3,3,0000000000000000,0,0,3,d65bd77e10f1103b,0,1,0,0,1,0,0,0000000000000000,0000000000000000,0000000000000000,0,0
1303,1303,0,0000000,00,3,3,3,0000000000000000,0,0,3,d65bd77e10f1103b,0,1,0,0,1,0,0,0000000000000000,0000000000000000,0000000000000000,0,0
1304,1304,0,0000000,00,3,3,3,0000000000000000,0,0,3,d65bd77e10f1103b,0,1,0,0,1,0,0,0000000000000000,0000000000000000,0000000000000000,0,0
1305,1305,0,0000000,00,3,3,3,0000000000000000,0,0,3,d65bd77e10f1103b,0,1,0,0,1,0,0,0000000000000000,0000000000000000,0000000000000000,0,0
1306,1306,0,0000000,00,3,3,3,0000000000000000,0,0,3,d65bd77e10f1103b,0,1,0,0,1,0,0,0000000000000000,0000000000000000,0000000000000000,0,0
1307,1307,0,0000000,00,3,3,3,0000000000000000,0,0,3,d65bd77e10f1103b,0,1,0,0,1,0,0,0000000000000000,0000000000000000,0000000000000000,0,0
1308,1308,0,0000000,00,3,3,3,0000000000000000,0,0,3,d65bd77e10f1103b,0,1,0,0,1,0,0,0000000000000000,0000000000000000,0000000000000000,0,0
1309,1309,0,0000000,00,3,3,3,0000000000000000,0,0,3,d65bd77e10f1103b,0,1,0,0,1,0,0,0000000000000000,0000000000000000,0000000000000000,0,0
1310,1310,0,0000000,00,3,3,3,0000000000000000,0,0,3,d65bd77e10f1103b,0,1,0,0,1,0,0,0000000000000000,0000000000000000,0000000000000000,0,0
1311,1311,0,0000000,00,3,3,3,0000000000000000,0,0,3,d65bd77e10f1103b,0,1,0,0,1,0,0,0000000000000000,0000000000000000,0000000000000000,0,0
1312,1312,0,0000000,00,3,3,3,0000000000000000,0,0,3,d65bd77e10f1103b,0,1,0,0,1,0,0,0000000000000000,0000000000000000,0000000000000000,0,0
1313,1313,0,0000000,00,3,3,3,0000000000000000,0,0,3,d65bd77e10f1103b,0,1,0,0,1,0,0,0000000000000000,0000000000000000,0000000000000000,0,0
1314,1314,0,0000000,00,3,3,3,0000000000000000,0,0,3,d65bd77e10f1103b,0,1,0,0,1,0,0,0000000000000000,0000000000000000,0000000000000000,0,0
1315,1315,0,0000000,00,3,3,3,0000000000000000,0,0,3,d65bd77e10f1103b,0,1,0,0,1,0,0,0000000000000000,0000000000000000,0000000000000000,0,0
1316,1316,0,0000000,00,3,3,3,0000000000000000,0,0,3,d65bd77e10f1103b,0,1,0,0,1,0,0,0000000000000000,0000000000000000,0000000000000000,0,0
1317,1317,0,0000000,00,3,3,3,0000000000000000,0,0,3,d65bd77e10f1103b,0,1,0,0,1,0,0,0000000000000000,0000000000000000,0000000000000000,0,0
1318,1318,0,0000000,00,3,3,3,0000000000000000,0,0,3,d65bd77e10f1103b,0,1,0,0,1,0,0,0000000000000000,0000000000000000,0000000000000000,0,0
1319,1319,0,0000000,00,3,3,3,0000000000000000,0,0,3,d65bd77e10f1103b,0,1,0,0,1,0,0,0000000000000000,0000000000000000,0000000000000000,0,0
1320,1320,0,0000000,00,3,3,3,0000000000000000,0,0,3,d65bd77e10f1103b,0,1,0,0,1,0,0,0000000000000000,0000000000000000,0000000000000000,0,0
1321,1321,0,0000000,00,3,3,3,0000000000000000,0,0,3,d65bd77e10f1103b,0,1,0,0,1,0,0,0000000000000000,0000000000000000,0000000000000000,0,0
1322,1322,0,0000000,00,3,3,3,0000000000000000,0,0,3,d65bd77e10f1103b,0,1,0,0,1,0,0,0000000000000000,0000000000000000,0000000000000000,0,0
1323,1323,0,0000000,00,3,3,3,0000000000000000,0,0,3,d65bd77e10f1103b,0,1,0,0,1,0,0,0000000000000000,0000000000000000,0000000000000000,0,0
1324,1324,0,0000000,00,3,3,3,0000000000000000,0,0,3,d65bd77e10f1103b,0,1,0,0,1,0,0,0000000000000000,0000000000000000,0000000000000000,0,0
1325,1325,0,0000000,00,3,3,3,0000000000000000,0,0,3,d65bd77e10f1103b,0,1,0,0,1,0,0,0000000000000000,0000000000000000,0000000000000000,0,0
1326,1326,0,0000000,00,3,3,3,0000000000000000,0,0,3,d65bd77e10f1103b,0,1,0,0,1,0,0,0000000000000000,0000000000000000,0000000000000000,0,0
1327,1327,0,0000000,00,3,3,3,0000000000000000,0,0,3,d65bd77e10f1103b,0,1,0,0,1,0,0,0000000000000000,0000000000000000,0000000000000000,0,0
1328,1328,0,0000000,00,3,3,3,0000000000000000,0,0,3,d65bd77e10f1103b,0,1,0,0,1,0,0,0000000000000000,0000000000000000,0000000000000000,0,0
1329,1329,0,0000000,00,3,3,3,0000000000000000,0,0,3,d65bd77e10f1103b,0,1,0,0,1,0,0,0000000000000000,0000000000000000,0000000000000000,0,0
1330,1330,0,0000000,00,3,3,3,0000000000000000,0,0,3,d65bd77e10f1103b,0,1,0,0,1,0,0,0000000000000000,0000000000000000,0000000000000000,0,0
1331,1331,0,0000000,00,3,3,3,0000000000000000,0,0,3,d65bd77e10f1103b,0,1,0,0,1,0,0,0000000000000000,0000000000000000,0000000000000000,0,0
1332,1332,0,0000000,00,3,3,3,0000000000000000,0,0,3,d65bd77e10f1103b,0,1,0,0,1,0,0,0000000000000000,0000000000000000,0000000000000000,0,0
1333,1333,0,0000000,00,3,3,3,0000000000000000,0,0,3,d65bd77e10f1103b,0,1,0,0,1,0,0,0000000000000000,0000000000000000,0000000000000000,0,0
1334,1334,0,0000000,00,3,3,3,0000000000000000,0,0,3,d65bd77e10f1103b,0,1,0,0,1,0,0,0000000000000000,0000000000000000,0000000000000000,0,0
1335,1335,0,0000000,00,3,3,3,0000000000000000,0,0,3,d65bd77e10f1103b,0,1,0,0,1,0,0,0000000000000000,0000000000000000,0000000000000000,0,0
1336,1336,0,0000000,00,3,3,3,0000000000000000,0,0,3,d65bd77e10f1103b,0,1,0,0,1,0,0,0000000000000000,0000000000000000,0000000000000000,0,0
1337,1337,0,0000000,00,3,3,3,0000000000000000,0,0,3,d65bd77e10f1103b,0,1,0,0,1,0,0,0000000000000000,0000000000000000,0000000000000000,0,0
1338,1338,0,0000000,00,3,3,3,0000000000000000,0,0,3,d65bd77e10f1103b,0,1,0,0,1,0,0,0000000000000000,0000000000000000,0000000000000000,0,0
1339,1339,0,0000000,00,3,3,3,0000000000000000,0,0,3,d65bd77e10f1103b,0,1,0,0,1,0,0,0000000000000000,0000000000000000,0000000000000000,0,0
1340,1340,0,0000000,00,3,3,3,0000000000000000,0,0,3,d65bd77e10f1103b,0,1,0,0,1,0,0,0000000000000000,0000000000000000,0000000000000000,0,0
1341,1341,0,0000000,00,3,3,3,0000000000000000,0,0,3,d65bd77e10f1103b,0,1,0,0,1,0,0,0000000000000000,0000000000000000,0000000000000000,0,0
1342,1342,0,0000000,00,3,3,3,0000000000000000,0,0,3,d65bd77e10f1103b,0,1,0,0,1,0,0,0000000000000000,0000000000000000,0000000000000000,0,0
1343,1343,0,0000000,00,3,3,3,0000000000000000,0,0,3,d65bd77e10f1103b,0,1,0,0,1,0,0,0000000000000000,0000000000000000,0000000000000000,0,0
1344,1344,0,0000000,00,3,3,3,0000000000000000,0,0,3,d65bd77e10f1103b,0,1,0,0,1,0,0,0000000000000000,0000000000000000,0000000000000000,0,0
1345,1345,0,0000000,00,3,3,3,0000000000000000,0,0,3,d65bd77e10f1103b,0,1,0,0,1,0,0,0000000000000000,0000000000000000,0000000000000000,0,0
1346,1346,0,0000000,00,3,3,3,0000000000000000,0,0,3,d65bd77e10f1103b,0,1,0,0,1,0,0,0000000000000000,0000000000000000,0000000000000000,0,0
1347,1347,0,0000000,00,3,3,3,0000000000000000,0,0,3,d65bd77e10f1103b,0,1,0,0,1,0,0,0000000000000000,0000000000000000,0000000000000000,0,0
1348,1348,0,0000000,00,3,3,3,0000000000000000,0,0,3,d65bd77e10f1103b,0,1,0,0,1,0,0,0000000000000000,0000000000000000,0000000000000000,0,0
1349,1349,0,0000000,00,3,3,3,0000000000000000,0,0,3,d65bd77e10f1103b,0,1,0,0,1,0,0,0000000000000000,0000000000000000,0000000000000000,0,0
1350,1350,0,0000000,00,3,3,3,0000000000000000,0,0,3,d65bd77e10f1103b,0,1,0,0,1,0,0,0000000000000000,0000000000000000,0000000000000000,0,0
1351,1351,0,0000000,00,3,3,3,0000000000000000,0,0,3,d65bd77e10f1103b,0,1,0,0,1,0,0,0000000000000000,0000000000000000,0000000000000000,0,0
1352,1352,0,0000000,00,3,3,3,0000000000000000,0,0,3,d65bd77e10f1103b,0,1,0,0,1,0,0,0000000000000000,0000000000000000,0000000000000000,0,0
1353,1353,0,0000000,00,3,3,3,0000000000000000,0,0,3,d65bd77e10f1103b,0,1,0,0,1,0,0,0000000000000000,0000000000000000,0000000000000000,0,0
1354,1354,0,0000000,00,3,3,3,0000000000000000,0,0,3,d65bd77e10f1103b,0,1,0,0,1,0,0,0000000000000000,0000000000000000,0000000000000000,0,0
1355,1355,0,0000000,00,3,3,3,0000000000000000,0,0,3,d65bd77e10f1103b,0,1,0,0,1,0,0,0000000000000000,0000000000000000,0000000000000000,0,0
1356,1356,0,0000000,00,3,3,3,0000000000000000,0,0,3,d65bd77e10f1103b,0,1,0,0,1,0,0,0000000000000000,0000000000000000,0000000000000000,0,0
1357,1357,0,0000000,00,3,3,3,0000000000000000,0,0,3,d65bd77e10f1103b,0,1,0,0,1,0,0,0000000000000000,0000000000000000,0000000000000000,0,0
1358,1358,0,0000000,00,3,3,3,0000000000000000,0,0,3,d65bd77e10f1103b,0,1,0,0,1,0,0,0000000000000000,0000000000000000,0000000000000000,0,0
1359,1359,0,0000000,00,3,3,3,0000000000000000,0,0,3,d65bd77e10f1103b,0,1,0,0,1,0,0,0000000000000000,0000000000000000,0000000000000000,0,0
1360,1360,0,0000000,00,3,3,3,0000000000000000,0,0,3,d65bd77e10f1103b,0,1,0,0,1,0,0,0000000000000000,0000000000000000,0000000000000000,0,0
1361,1361,0,0000000,00,3,3,3,0000000000000000,0,0,3,d65bd77e10f1103b,0,1,0,0,1,0,0,0000000000000000,0000000000000000,0000000000000000,0,0
1362,1362,0,0000000,00,3,3,3,0000000000000000,0,0,3,d65bd77e10f1103b,0,1,0,0,1,0,0,0000000000000000,0000000000000000,0000000000000000,0,0
1363,1363,0,0000000,00,3,3,3,0000000000000000,0,0,3,d65bd77e10f1103b,0,1,0,0,1,0,0,0000000000000000,0000000000000000,0000000000000000,0,0
1364,1364,0,0000000,00,3,3,3,0000000000000000,0,0,3,d65bd77e10f1103b,0,1,0,0,1,0,0,0000000000000000,0000000000000000,0000000000000000,0,0
1365,1365,0,0000000,00,3,3,3,0000000000000000,0,0,3,d65bd77e10f1103b,0,1,0,0,1,0,0,0000000000000000,0000000000000000,0000000000000000,0,0
1366,1366,0,0000000,00,3,3,3,0000000000000000,0,0,3,d65bd77e10f1103b,0,1,0,0,1,0,0,0000000000000000,0000000000000000,0000000000000000,0,0
1367,1367,0,0000000,00,3,3,3,0000000000000000,0,0,3,d65bd77e10f1103b,0,1,0,0,1,0,0,0000000000000000,0000000000000000,0000000000000000,0,0
1368,1368,0,0000000,00,3,3,3,0000000000000000,0,0,3,d65bd77e10f1103b,0,1,0,0,1,0,0,0000000000000000,0000000000000000,0000000000000000,0,0
1369,1369,0,0000000,00,3,3,3,0000000000000000,0,0,3,d65bd77e10f1103b,0,1,0,0,1,0,0,0000000000000000,0000000000000000,0000000000000000,0,0
1370,1370,0,0000000,00,3,3,3,0000000000000000,0,0,3,d65bd77e10f1103b,0,1,0,0,1,0,0,0000000000000000,0000000000000000,0000000000000000,0,0
1371,1371,0,0000000,00,3,3,3,0000000000000000,0,0,3,d65bd77e10f1103b,0,1,0,0,1,0,0,0000000000000000,0000000000000000,0000000000000000,0,0
1372,1372,0,0000000,00,3,3,3,0000000000000000,0,0,3,d65bd77e10f1103b,0,1,0,0,1,0,0,0000000000000000,0000000000000000,0000000000000000,0,0
1373,1373,0,0000000,00,3,3,3,0000000000000000,0,0,3,d65bd77e10f1103b,0,1,0,0,1,0,0,0000000000000000,0000000000000000,0000000000000000,0,0
1374,1374,0,0000000,00,3,3,3,0000000000000000,0,0,3,d65bd77e10f1103b,0,1,0,0,1,0,0,0000000000000000,0000000000000000,0000000000000000,0,0
1375,1375,0,0000000,00,3,3,3,0000000000000000,0,0,3,d65bd77e10f1103b,0,1,0,0,1,0,0,0000000000000000,0000000000000000,0000000000000000,0,0
1376,1376,0,0000000,00,3,3,3,0000000000000000,0,0,3,d65bd77e10f1103b,0,1,0,0,1,0,0,0000000000000000,0000000000000000,0000000000000000,0,0
1377,1377,0,0000000,00,3,3,3,0000000000000000,0,0,3,d65bd77e10f1103b,0,1,0,0,1,0,0,0000000000000000,0000000000000000,0000000000000000,0,0
1378,1378,0,0000000,00,3,3,3,0000000000000000,0,0,3,d65bd77e10f1103b,0,1,0,0,1,0,0,0000000000000000,0000000000000000,0000000000000000,0,0
1379,1379,0,0000000,00,3,3,3,0000000000000000,0,0,3,d65bd77e10f1103b,0,1,0,0,1,0,0,0000000000000000,0000000000000000,0000000000000000,0,0
1380,1380,0,0000000,00,3,3,3,0000000000000000,0,0,3,d65bd77e10f1103b,0,1,0,0,1,0,0,0000000000000000,0000000000000000,0000000000000000,0,0
1381,1381,0,0000000,00,3,3,3,0000000000000000,0,0,3,d65bd77e10f1103b,0,1,0,0,1,0,0,0000000000000000,0000000000000000,0000000000000000,0,0
1382,1382,0,0000000,00,3,3,3,0000000000000000,0,0,3,d65bd77e10f1103b,0,1,0,0,1,0,0,0000000000000000,0000000000000000,0000000000000000,0,0
1383,1383,0,0000000,00,3,3,3,0000000000000000,0,0,3,d65bd77e10f1103b,0,1,0,0,1,0,0,0000000000000000,0000000000000000,0000000000000000,0,0
1384,1384,0,0000000,00,3,3,3,0000000000000000,0,0,3,d65bd77e10f1103b,0,1,0,0,1,0,0,0000000000000000,0000000000000000,0000000000000000,0,0
1385,1385,0,0000000,00,3,3,3,0000000000000000,0,0,3,d65bd77e10f1103b,0,1,0,0,1,0,0,0000000000000000,0000000000000000,0000000000000000,0,0
1386,1386,0,0000000,00,3,3,3,0000000000000000,0,0,3,d65bd77e10f1103b,0,1,0,0,1,0,0,0000000000000000,0000000000000000,0000000000000000,0,0
1387,1387,0,0000000,00,3,3,3,0000000000000000,0,0,3,d65bd77e10f1103b,0,1,0,0,1,0,0,0000000000000000,0000000000000000,0000000000000000,0,0
1388,1388,0,0000000,00,3,3,3,0000000000000000,0,0,3,d65bd77e10f1103b,0,1,0,0,1,0,0,0000000000000000,0000000000000000,0000000000000000,0,0
1389,1389,0,0000000,00,3,3,3,0000000000000000,0,0,3,d65bd77e10f1103b,0,1,0,0,1,0,0,0000000000000000,0000000000000000,0000000000000000,0,0
1390,1390,0,0000000,00,3,3,3,0000000000000000,0,0,3,d65bd77e10f1103b,0,1,0,0,1,0,0,0000000000000000,0000000000000000,0000000000000000,0,0
1391,1391,0,0000000,00,3,3,3,0000000000000000,0,0,3,d65bd77e10f1103b,0,1,0,0,1,0,0,0000000000000000,0000000000000000,0000000000000000,0,0
1392,1392,0,0000000,00,3,3,3,0000000000000000,0,0,3,d65bd77e10f1103b,0,1,0,0,1,0,0,0000000000000000,0000000000000000,0000000000000000,0,0
1393,1393,0,0000000,00,3,3,3,0000000000000000,0,0,3,d65bd77e10f1103b,0,1,0,0,1,0,0,0000000000000000,0000000000000000,0000000000000000,0,0
1394,1394,0,0000000,00,3,3,3,0000000000000000,0,0,3,d65bd77e10f1103b,0,1,0,0,1,0,0,0000000000000000,0000000000000000,0000000000000000,0,0
1395,1395,0,0000000,00,3,3,3,0000000000000000,0,0,3,d65bd77e10f1103b,0,1,0,0,1,0,0,0000000000000000,0000000000000000,0000000000000000,0,0
1396,1396,0,0000000,00,3,3,3,0000000000000000,0,0,3,d65bd77e10f1103b,0,1,0,0,1,0,0,0000000000000000,0000000000000000,0000000000000000,0,0
1397,1397,0,0000000,00,3,3,3,0000000000000000,0,0,3,d65bd77e10f1103b,0,1,0,0,1,0,0,0000000000000000,0000000000000000,0000000000000000,0,0
1398,1398,0,0000000,00,3,3,3,0000000000000000,0,0,3,d65bd77e10f1103b,0,1,0,0,1,0,0,0000000000000000,0000000000000000,0000000000000000,0,0
1399,1399,0,0000000,00,3,3,3,0000000000000000,0,0,3,d65bd77e10f1103b,0,1,0,0,1,0,0,0000000000000000,0000000000000000,0000000000000000,0,0
1400,1400,0,0000000,00,3,3,3,0000000000000000,0,0,3,d65bd77e10f1103b,0,1,0,0,1,0,0,0000000000000000,0000000000000000,0000000000000000,0,0
1401,1401,0,0000000,00,3,3,3,0000000000000000,0,0,3,d65bd77e10f1103b,0,1,0,0,1,0,0,0000000000000000,0000000000000000,0000000000000000,0,0
1402,1402,0,0000000,00,3,3,3,0000000000000000,0,0,3,d65bd77e10f1103b,0,1,0,0,1,0,0,0000000000000000,0000000000000000,0000000000000000,0,0
1403,1403,0,0000000,00,3,3,3,0000000000000000,0,0,3,d65bd77e10f1103b,0,1,0,0,1,0,0,0000000000000000,0000000000000000,0000000000000000,0,0
1404,1404,0,0000000,00,3,3,3,0000000000000000,0,0,3,d65bd77e10f1103b,0,1,0,0,1,0,0,0000000000000000,0000000000000000,0000000000000000,0,0
1405,1405,0,0000000,00,3,3,3,0000000000000000,0,0,3,d65bd77e10f1103b,0,1,0,0,1,0,0,0000000000000000,0000000000000000,0000000000000000,0,0
1406,1406,0,0000000,00,3,3,3,0000000000000000,0,0,3,d65bd77e10f1103b,0,1,0,0,1,0,0,0000000000000000,0000000000000000,0000000000000000,0,0
1407,1407,0,0000000,00,3,3,3,0000000000000000,0,0,3,d65bd77e10f1103b,0,1,0,0,1,0,0,0000000000000000,0000000000000000,0000000000000000,0,0
1408,1408,0,0000000,00,3,3,3,0000000000000000,0,0,3,d65bd77e10f1103b,0,1,0,0,1,0,0,0000000000000000,0000000000000000,0000000000000000,0,0
1409,1409,0,0000000,00,3,3,3,0000000000000000,0,0,3,d65bd77e10f1103b,0,1,0,0,1,0,0,0000000000000000,0000000000000000,0000000000000000,0,0
1410,1410,0,0000000,00,3,3,3,0000000000000000,0,0,3,d65bd77e10f1103b,0,1,0,0,1,0,0,0000000000000000,0000000000000000,0000000000000000,0,0
1411,1411,0,0000000,00,3,3,3,0000000000000000,0,0,3,d65bd77e10f1103b,0,1,0,0,1,0,0,0000000000000000,0000000000000000,0000000000000000,0,0
1412,1412,0,0000000,00,3,3,3,0000000000000000,0,0,3,d65bd77e10f1103b,0,1,0,0,1,0,0,0000000000000000,0000000000000000,0000000000000000,0,0
1413,1413,0,0000000,00,3,3,3,0000000000000000,0,0,3,d65bd77e10f1103b,0,1,0,0,1,0,0,0000000000000000,0000000000000000,0000000000000000,0,0
1414,1414,0,0000000,00,3,3,3,0000000000000000,0,0,3,d65bd77e10f1103b,0,1,0,0,1,0,0,0000000000000000,0000000000000000,0000000000000000,0,0
1415,1415,0,0000000,00,3,3,3,0000000000000000,0,0,3,d65bd77e10f1103b,0,1,0,0,1,0,0,0000000000000000,0000000000000000,0000000000000000,0,0
1416,1416,0,0000000,00,3,3,3,0000000000000000,0,0,3,d65bd77e10f1103b,0,1,0,0,1,0,0,0000000000000000,0000000000000000,0000000000000000,0,0
1417,1417,0,0000000,00,3,3,3,0000000000000000,0,0,3,d65bd77e10f1103b,0,1,0,0,1,0,0,0000000000000000,0000000000000000,0000000000000000,0,0
1418,1418,0,0000000,00,3,3,3,0000000000000000,0,0,3,d65bd77e10f1103b,0,1,0,0,1,0,0,0000000000000000,0000000000000000,0000000000000000,0,0
1419,1419,0,0000000,00,3,3,3,0000000000000000,0,0,3,d65bd77e10f1103b,0,1,0,0,1,0,0,0000000000000000,0000000000000000,0000000000000000,0,0
1420,1420,0,0000000,00,3,3,3,0000000000000000,0,0,3,d65bd77e10f1103b,0,1,0,0,1,0,0,0000000000000000,0000000000000000,0000000000000000,0,0
1421,1421,0,0000000,00,3,3,3,0000000000000000,0,0,3,d65bd77e10f1103b,0,1,0,0,1,0,0,0000000000000000,0000000000000000,0000000000000000,0,0
1422,1422,0,0000000,00,3,3,3,0000000000000000,0,0,3,d65bd77e10f1103b,0,1,0,0,1,0,0,0000000000000000,0000000000000000,0000000000000000,0,0
1423,1423,0,0000000,00,3,3,3,0000000000000000,0,0,3,d65bd77e10f1103b,0,1,0,0,1,0,0,0000000000000000,0000000000000000,0000000000000000,0,0
1424,1424,0,0000000,00,3,3,3,0000000000000000,0,0,3,d65bd77e10f1103b,0,1,0,0,1,0,0,0000000000000000,0000000000000000,0000000000000000,0,0
1425,1425,0,0000000,00,3,3,3,0000000000000000,0,0,3,d65bd77e10f1103b,0,1,0,0,1,0,0,0000000000000000,0000000000000000,0000000000000000,0,0
1426,1426,0,0000000,00,3,3,3,0000000000000000,0,0,3,d65bd77e10f1103b,0,1,0,0,1,0,0,0000000000000000,0000000000000000,0000000000000000,0,0
1427,1427,0,0000000,00,3,3,3,0000000000000000,0,0,3,d65bd77e10f1103b,0,1,0,0,1,0,0,0000000000000000,0000000000000000,0000000000000000,0,0
1428,1428,0,0000000,00,3,3,3,0000000000000000,0,0,3,d65bd77e10f1103b,0,1,0,0,1,0,0,0000000000000000,0000000000000000,0000000000000000,0,0
1429,1429,0,0000000,00,3,3,3,0000000000000000,0,0,3,d65bd77e10f1103b,0,1,0,0,1,0,0,0000000000000000,0000000000000000,0000000000000000,0,0
1430,1430,0,0000000,00,3,3,3,0000000000000000,0,0,3,d65bd77e10f1103b,0,1,0,0,1,0,0,0000000000000000,0000000000000000,0000000000000000,0,0
1431,1431,0,0000000,00,3,3,3,0000000000000000,0,0,3,d65bd77e10f1103b,0,1,0,0,1,0,0,0000000000000000,0000000000000000,0000000000000000,0,0
1432,1432,0,0000000,00,3,3,3,0000000000000000,0,0,3,d65bd77e10f1103b,0,1,0,0,1,0,0,0000000000000000,0000000000000000,0000000000000000,0,0
1433,1433,0,0000000,00,3,3,3,0000000000000000,0,0,3,d65bd77e10f1103b,0,1,0,0,1,0,0,0000000000000000,0000000000000000,0000000000000000,0,0
1434,1434,0,0000000,00,3,3,3,0000000000000000,0,0,3,d65bd77e10f1103b,0,1,0,0,1,0,0,0000000000000000,0000000000000000,0000000000000000,0,0
1435,1435,0,0000000,00,3,3,3,0000000000000000,0,0,3,d65bd77e10f1103b,0,1,0,0,1,0,0,0000000000000000,0000000000000000,0000000000000000,0,0
1436,1436,0,0000000,00,3,3,3,0000000000000000,0,0,3,d65bd77e10f1103b,0,1,0,0,1,0,0,0000000000000000,0000000000000000,0000000000000000,0,0
1437,1437,0,0000000,00,3,3,3,0000000000000000,0,0,3,d65bd77e10f1103b,0,1,0,0,1,0,0,0000000000000000,0000000000000000,0000000000000000,0,0
1438,1438,0,0000000,00,3,3,3,0000000000000000,0,0,3,d65bd77e10f1103b,0,1,0,0,1,0,0,0000000000000000,0000000000000000,0000000000000000,0,0
1439,1439,0,0000000,00,3,3,3,0000000000000000,0,0,3,d65bd77e10f1103b,0,1,0,0,1,0,0,0000000000000000,0000000000000000,0000000000000000,0,0
1440,1440,0,0000000,00,3,3,3,0000000000000000,0,0,3,d65bd77e10f1103b,0,1,0,0,1,0,0,0000000000000000,0000000000000000,0000000000000000,0,0
1441,1441,0,0000000,00,3,3,3,0000000000000000,0,0,3,d65bd77e10f1103b,0,1,0,0,1,0,0,0000000000000000,0000000000000000,0000000000000000,0,0
1442,1442,0,0000000,00,3,3,3,0000000000000000,0,0,3,d65bd77e10f1103b,0,1,0,0,1,0,0,0000000000000000,0000000000000000,0000000000000000,0,0
1443,1443,0,0000000,00,3,3,3,0000000000000000,0,0,3,d65bd77e10f1103b,0,1,0,0,1,0,0,0000000000000000,0000000000000000,0000000000000000,0,0
1444,1444,0,0000000,00,3,3,3,0000000000000000,0,0,3,d65bd77e10f1103b,0,1,0,0,1,0,0,0000000000000000,0000000000000000,0000000000000000,0,0
1445,1445,0,0000000,00,3,3,3,0000000000000000,0,0,3,d65bd77e10f1103b,0,1,0,0,1,0,0,0000000000000000,0000000000000000,0000000000000000,0,0
1446,1446,0,0000000,00,3,3,3,0000000000000000,0,0,3,d65bd77e10f1103b,0,1,0,0,1,0,0,0000000000000000,0000000000000000,0000000000000000,0,0
1447,1447,0,0000000,00,3,3,3,0000000000000000,0,0,3,d65bd77e10f1103b,0,1,0,0,1,0,0,0000000000000000,0000000000000000,0000000000000000,0,0
1448,1448,0,0000000,00,3,3,3,0000000000000000,0,0,3,d65bd77e10f1103b,0,1,0,0,1,0,0,0000000000000000,0000000000000000,0000000000000000,0,0
1449,1449,0,0000000,00,3,3,3,0000000000000000,0,0,3,d65bd77e10f1103b,0,1,0,0,1,0,0,0000000000000000,0000000000000000,0000000000000000,0,0
1450,1450,0,0000000,00,3,3,3,0000000000000000,0,0,3,d65bd77e10f1103b,0,1,0,0,1,0,0,0000000000000000,0000000000000000,0000000000000000,0,0
1451,1451,0,0000000,00,3,3,3,0000000000000000,0,0,3,d65bd77e10f1103b,0,1,0,0,1,0,0,0000000000000000,0000000000000000,0000000000000000,0,0
1452,1452,0,0000000,00,3,3,3,0000000000000000,0,0,3,d65bd77e10f1103b,0,1,0,0,1,0,0,0000000000000000,0000000000000000,0000000000000000,0,0
1453,1453,0,0000000,00,3,3,3,0000000000000000,0,0,3,d65bd77e10f1103b,0,1,0,0,1,0,0,0000000000000000,0000000000000000,0000000000000000,0,0
1454,1454,0,0000000,00,3,3,3,0000000000000000,0,0,3,d65bd77e10f1103b,0,1,0,0,1,0,0,0000000000000000,0000000000000000,0000000000000000,0,0
1455,1455,0,0000000,00,3,3,3,0000000000000000,0,0,3,d65bd77e10f1103b,0,1,0,0,1,0,0,0000000000000000,0000000000000000,0000000000000000,0,0
1456,1456,0,0000000,00,3,3,3,0000000000000000,0,0,3,d65bd77e10f1103b,0,1,0,0,1,0,0,0000000000000000,0000000000000000,0000000000000000,0,0
1457,1457,0,0000000,00,3,3,3,0000000000000000,0,0,3,d65bd77e10f1103b,0,1,0,0,1,0,0,0000000000000000,0000000000000000,0000000000000000,0,0
1458,1458,0,0000000,00,3,3,3,0000000000000000,0,0,3,d65bd77e10f1103b,0,1,0,0,1,0,0,0000000000000000,0000000000000000,0000000000000000,0,0
1459,1459,0,0000000,00,3,3,3,0000000000000000,0,0,3,d65bd77e10f1103b,0,1,0,0,1,0,0,0000000000000000,0000000000000000,0000000000000000,0,0
1460,1460,0,0000000,00,3,3,3,0000000000000000,0,0,3,d65bd77e10f1103b,0,1,0,0,1,0,0,0000000000000000,0000000000000000,0000000000000000,0,0
1461,1461,0,0000000,00,3,3,3,0000000000000000,0,0,3,d65bd77e10f1103b,0,1,0,0,1,0,0,0000000000000000,0000000000000000,0000000000000000,0,0
1462,1462,0,0000000,00,3,3,3,0000000000000000,0,0,3,d65bd77e10f1103b,0,1,0,0,1,0,0,0000000000000000,0000000000000000,0000000000000000,0,0
1463,1463,0,0000000,00,3,3,3,0000000000000000,0,0,3,d65bd77e10f1103b,0,1,0,0,1,0,0,0000000000000000,0000000000000000,0000000000000000,0,0
1464,1464,0,0000000,00,3,3,3,0000000000000000,0,0,3,d65bd77e10f1103b,0,1,0,0,1,0,0,0000000000000000,0000000000000000,0000000000000000,0,0
1465,1465,0,0000000,00,3,3,3,0000000000000000,0,0,3,d65bd77e10f1103b,0,1,0,0,1,0,0,0000000000000000,0000000000000000,0000000000000000,0,0
1466,1466,0,0000000,00,3,3,3,0000000000000000,0,0,3,d65bd77e10f1103b,0,1,0,0,1,0,0,0000000000000000,0000000000000000,0000000000000000,0,0
1467,1467,0,0000000,00,3,3,3,0000000000000000,0,0,3,d65bd77e10f1103b,0,1,0,0,1,0,0,0000000000000000,0000000000000000,0000000000000000,0,0
1468,1468,0,0000000,00,3,3,3,0000000000000000,0,0,3,d65bd77e10f1103b,0,1,0,0,1,0,0,0000000000000000,0000000000000000,0000000000000000,0,0
1469,1469,0,0000000,00,3,3,3,0000000000000000,0,0,3,d65bd77e10f1103b,0,1,0,0,1,0,0,0000000000000000,0000000000000000,0000000000000000,0,0
1470,1470,0,0000000,00,3,3,3,0000000000000000,0,0,3,d65bd77e10f1103b,0,1,0,0,1,0,0,0000000000000000,0000000000000000,0000000000000000,0,0
1471,1471,0,0000000,00,3,3,3,0000000000000000,0,0,3,d65bd77e10f1103b,0,1,0,0,1,0,0,0000000000000000,0000000000000000,0000000000000000,0,0
1472,1472,0,0000000,00,3,3,3,0000000000000000,0,0,3,d65bd77e10f1103b,0,1,0,0,1,0,0,0000000000000000,0000000000000000,0000000000000000,0,0
1473,1473,0,0000000,00,3,3,3,0000000000000000,0,0,3,d65bd77e10f1103b,0,1,0,0,1,0,0,0000000000000000,0000000000000000,0000000000000000,0,0
1474,1474,0,0000000,00,3,3,3,0000000000000000,0,0,3,d65bd77e10f1103b,0,1,0,0,1,0,0,0000000000000000,0000000000000000,0000000000000000,0,0
1475,1475,0,0000000,00,3,3,3,0000000000000000,0,0,3,d65bd77e10f1103b,0,1,0,0,1,0,0,0000000000000000,0000000000000000,0000000000000000,0,0
1476,1476,0,0000000,00,3,3,3,0000000000000000,0,0,3,d65bd77e10f1103b,0,1,0,0,1,0,0,0000000000000000,0000000000000000,0000000000000000,0,0
1477,1477,0,0000000,00,3,3,3,0000000000000000,0,0,3,d65bd77e10f1103b,0,1,0,0,1,0,0,0000000000000000,0000000000000000,0000000000000000,0,0
1478,1478,0,0000000,00,3,3,3,0000000000000000,0,0,3,d65bd77e10f1103b,0,1,0,0,1,0,0,0000000000000000,0000000000000000,0000000000000000,0,0
1479,1479,0,0000000,00,3,3,3,0000000000000000,0,0,3,d65bd77e10f1103b,0,1,0,0,1,0,0,0000000000000000,0000000000000000,0000000000000000,0,0
1480,1480,0,0000000,00,3,3,3,0000000000000000,0,0,3,d65bd77e10f1103b,0,1,0,0,1,0,0,0000000000000000,0000000000000000,0000000000000000,0,0
1481,1481,0,0000000,00,3,3,3,0000000000000000,0,0,3,d65bd77e10f1103b,0,1,0,0,1,0,0,0000000000000000,0000000000000000,0000000000000000,0,0
1482,1482,0,0000000,00,3,3,3,0000000000000000,0,0,3,d65bd77e10f1103b,0,1,0,0,1,0,0,0000000000000000,0000000000000000,0000000000000000,0,0
1483,1483,0,0000000,00,3,3,3,0000000000000000,0,0,3,d65bd77e10f1103b,0,1,0,0,1,0,0,0000000000000000,0000000000000000,0000000000000000,0,0
1484,1484,0,0000000,00,3,3,3,0000000000000000,0,0,3,d65bd77e10f1103b,0,1,0,0,1,0,0,0000000000000000,0000000000000000,0000000000000000,0,0
1485,1485,0,0000000,00,3,3,3,0000000000000000,0,0,3,d65bd77e10f1103b,0,1,0,0,1,0,0,0000000000000000,0000000000000000,0000000000000000,0,0
1486,1486,0,0000000,00,3,3,3,0000000000000000,0,0,3,d65bd77e10f1103b,0,1,0,0,1,0,0,0000000000000000,0000000000000000,0000000000000000,0,0
1487,1487,0,0000000,00,3,3,3,0000000000000000,0,0,3,d65bd77e10f1103b,0,1,0,0,1,0,0,0000000000000000,0000000000000000,0000000000000000,0,0
1488,1488,0,0000000,00,3,3,3,0000000000000000,0,0,3,d65bd77e10f1103b,0,1,0,0,1,0,0,0000000000000000,0000000000000000,0000000000000000,0,0
1489,1489,0,0000000,00,3,3,3,0000000000000000,0,0,3,d65bd77e10f1103b,0,1,0,0,1,0,0,0000000000000000,0000000000000000,0000000000000000,0,0
1490,1490,0,0000000,00,3,3,3,0000000000000000,0,0,3,d65bd77e10f1103b,0,1,0,0,1,0,0,0000000000000000,0000000000000000,0000000000000000,0,0
1491,1491,0,0000000,00,3,3,3,0000000000000000,0,0,3,d65bd77e10f1103b,0,1,0,0,1,0,0,0000000000000000,0000000000000000,0000000000000000,0,0
1492,1492,0,0000000,00,3,3,3,0000000000000000,0,0,3,d65bd77e10f1103b,0,1,0,0,1,0,0,0000000000000000,0000000000000000,0000000000000000,0,0
1493,1493,0,0000000,00,3,3,3,0000000000000000,0,0,3,d65bd77e10f1103b,0,1,0,0,1,0,0,0000000000000000,0000000000000000,0000000000000000,0,0
1494,1494,0,0000000,00,3,3,3,0000000000000000,0,0,3,d65bd77e10f1103b,0,1,0,0,1,0,0,0000000000000000,0000000000000000,0000000000000000,0,0
1495,1495,0,0000000,00,3,3,3,0000000000000000,0,0,3,d65bd77e10f1103b,0,1,0,0,1,0,0,0000000000000000,0000000000000000,0000000000000000,0,0
1496,1496,0,0000000,00,3,3,3,0000000000000000,0,0,3,d65bd77e10f1103b,0,1,0,0,1,0,0,0000000000000000,0000000000000000,0000000000000000,0,0
1497,1497,0,0000000,00,3,3,3,0000000000000000,0,0,3,d65bd77e10f1103b,0,1,0,0,1,0,0,0000000000000000,0000000000000000,0000000000000000,0,0
1498,1498,0,0000000,00,3,3,3,0000000000000000,0,0,3,d65bd77e10f1103b,0,1,0,0,1,0,0,0000000000000000,0000000000000000,0000000000000000,0,0
1499,1499,0,0000000,00,3,3,3,0000000000000000,0,0,3,d65bd77e10f1103b,0,1,0,0,1,0,0,0000000000000000,0000000000000000,0000000000000000,0,0
1500,1500,0,0000000,00,3,3,3,0000000000000000,0,0,3,d65bd77e10f1103b,0,1,0,0,1,0,0,0000000000000000,0000000000000000,0000000000000000,0,0
1501,1501,0,0000000,00,3,3,3,0000000000000000,0,0,3,d65bd77e10f1103b,0,1,0,0,1,0,0,0000000000000000,0000000000000000,0000000000000000,0,0
1502,1502,0,0000000,00,3,3,3,0000000000000000,0,0,3,d65bd77e10f1103b,0,1,0,0,1,0,0,0000000000000000,0000000000000000,0000000000000000,0,0
1503,1503,0,0000000,00,3,3,3,0000000000000000,0,0,3,d65bd77e10f1103b,0,1,0,0,1,0,0,0000000000000000,0000000000000000,0000000000000000,0,0
1504,1504,0,0000000,00,3,3,3,0000000000000000,0,0,3,d65bd77e10f1103b,0,1,0,0,1,0,0,0000000000000000,0000000000000000,0000000000000000,0,0
1505,1505,0,0000000,00,3,3,3,0000000000000000,0,0,3,d65bd77e10f1103b,0,1,0,0,1,0,0,0000000000000000,0000000000000000,0000000000000000,0,0
1506,1506,0,0000000,00,3,3,3,0000000000000000,0,0,3,d65bd77e10f1103b,0,1,0,0,1,0,0,0000000000000000,0000000000000000,0000000000000000,0,0
1507,1507,0,0000000,00,3,3,3,0000000000000000,0,0,3,d65bd77e10f1103b,0,1,0,0,1,0,0,0000000000000000,0000000000000000,0000000000000000,0,0
1508,1508,0,0000000,00,3,3,3,0000000000000000,0,0,3,d65bd77e10f1103b,0,1,0,0,1,0,0,0000000000000000,0000000000000000,0000000000000000,0,0
1509,1509,0,0000000,00,3,3,3,0000000000000000,0,0,3,d65bd77e10f1103b,0,1,0,0,1,0,0,0000000000000000,0000000000000000,0000000000000000,0,0
1510,1510,0,0000000,00,3,3,3,0000000000000000,0,0,3,d65bd77e10f1103b,0,1,0,0,1,0,0,0000000000000000,0000000000000000,0000000000000000,0,0
1511,1511,0,0000000,00,3,3,3,0000000000000000,0,0,3,d65bd77e10f1103b,0,1,0,0,1,0,0,0000000000000000,0000000000000000,0000000000000000,0,0
1512,1512,0,0000000,00,3,3,3,0000000000000000,0,0,3,d65bd77e10f1103b,0,1,0,0,1,0,0,0000000000000000,0000000000000000,0000000000000000,0,0
1513,1513,0,0000000,00,3,3,3,0000000000000000,0,0,3,d65bd77e10f1103b,0,1,0,0,1,0,0,0000000000000000,0000000000000000,0000000000000000,0,0
1514,1514,0,0000000,00,3,3,3,0000000000000000,0,0,3,d65bd77e10f1103b,0,1,0,0,1,0,0,0000000000000000,0000000000000000,0000000000000000,0,0
1515,1515,0,0000000,00,3,3,3,0000000000000000,0,0,3,d65bd77e10f1103b,0,1,0,0,1,0,0,0000000000000000,0000000000000000,0000000000000000,0,0
1516,1516,0,0000000,00,3,3,3,0000000000000000,0,0,3,d65bd77e10f1103b,0,1,0,0,1,0,0,0000000000000000,0000000000000000,0000000000000000,0,0
1517,1517,0,0000000,00,3,3,3,0000000000000000,0,0,3,d65bd77e10f1103b,0,1,0,0,1,0,0,0000000000000000,0000000000000000,0000000000000000,0,0
1518,1518,0,0000000,00,3,3,3,0000000000000000,0,0,3,d65bd77e10f1103b,0,1,0,0,1,0,0,0000000000000000,0000000000000000,0000000000000000,0,0
1519,1519,0,0000000,00,3,3,3,0000000000000000,0,0,3,d65bd77e10f1103b,0,1,0,0,1,0,0,0000000000000000,0000000000000000,0000000000000000,0,0
1520,1520,0,0000000,00,3,3,3,0000000000000000,0,0,3,d65bd77e10f1103b,0,1,0,0,1,0,0,0000000000000000,0000000000000000,0000000000000000,0,0
1521,1521,0,0000000,00,3,3,3,0000000000000000,0,0,3,d65bd77e10f1103b,0,1,0,0,1,0,0,0000000000000000,0000000000000000,0000000000000000,0,0
1522,1522,0,0000000,00,3,3,3,0000000000000000,0,0,3,d65bd77e10f1103b,0,1,0,0,1,0,0,0000000000000000,0000000000000000,0000000000000000,0,0
1523,1523,0,0000000,00,3,3,3,0000000000000000,0,0,3,d65bd77e10f1103b,0,1,0,0,1,0,0,0000000000000000,0000000000000000,0000000000000000,0,0
1524,1524,0,0000000,00,3,3,3,0000000000000000,0,0,3,d65bd77e10f1103b,0,1,0,0,1,0,0,0000000000000000,0000000000000000,0000000000000000,0,0
1525,1525,0,0000000,00,3,3,3,0000000000000000,0,0,3,d65bd77e10f1103b,0,1,0,0,1,0,0,0000000000000000,0000000000000000,0000000000000000,0,0
1526,1526,0,0000000,00,3,3,3,0000000000000000,0,0,3,d65bd77e10f1103b,0,1,0,0,1,0,0,0000000000000000,0000000000000000,0000000000000000,0,0
1527,1527,0,0000000,00,3,3,3,0000000000000000,0,0,3,d65bd77e10f1103b,0,1,0,0,1,0,0,0000000000000000,0000000000000000,0000000000000000,0,0
1528,1528,0,0000000,00,3,3,3,0000000000000000,0,0,3,d65bd77e10f1103b,0,1,0,0,1,0,0,0000000000000000,0000000000000000,0000000000000000,0,0
1529,1529,0,0000000,00,3,3,3,0000000000000000,0,0,3,d65bd77e10f1103b,0,1,0,0,1,0,0,0000000000000000,0000000000000000,0000000000000000,0,0
1530,1530,0,0000000,00,3,3,3,0000000000000000,0,0,3,d65bd77e10f1103b,0,1,0,0,1,0,0,0000000000000000,0000000000000000,0000000000000000,0,0
1531,1531,0,0000000,00,3,3,3,0000000000000000,0,0,3,d65bd77e10f1103b,0,1,0,0,1,0,0,0000000000000000,0000000000000000,0000000000000000,0,0
1532,1532,0,0000000,00,3,3,3,0000000000000000,0,0,3,d65bd77e10f1103b,0,1,0,0,1,0,0,0000000000000000,0000000000000000,0000000000000000,0,0
1533,1533,0,0000000,00,3,3,3,0000000000000000,0,0,3,d65bd77e10f1103b,0,1,0,0,1,0,0,0000000000000000,0000000000000000,0000000000000000,0,0
1534,1534,0,0000000,00,3,3,3,0000000000000000,0,0,3,d65bd77e10f1103b,0,1,0,0,1,0,0,0000000000000000,0000000000000000,0000000000000000,0,0
1535,1535,0,0000000,00,3,3,3,0000000000000000,0,0,3,d65bd77e10f1103b,0,1,0,0,1,0,0,0000000000000000,0000000000000000,0000000000000000,0,0
1536,1536,0,0000000,00,3,3,3,0000000000000000,0,0,3,d65bd77e10f1103b,0,1,0,0,1,0,0,0000000000000000,0000000000000000,0000000000000000,0,0
1537,1537,0,0000000,00,3,3,3,0000000000000000,0,0,3,d65bd77e10f1103b,0,1,0,0,1,0,0,0000000000000000,0000000000000000,0000000000000000,0,0
1538,1538,0,0000000,00,3,3,3,0000000000000000,0,0,3,d65bd77e10f1103b,0,1,0,0,1,0,0,0000000000000000,0000000000000000,0000000000000000,0,0
1539,1539,0,0000000,00,3,3,3,0000000000000000,0,0,3,d65bd77e10f1103b,0,1,0,0,1,0,0,0000000000000000,0000000000000000,0000000000000000,0,0
1540,1540,0,0000000,00,3,3,3,0000000000000000,0,0,3,d65bd77e10f1103b,0,1,0,0,1,0,0,0000000000000000,0000000000000000,0000000000000000,0,0
1541,1541,0,0000000,00,3,3,3,0000000000000000,0,0,3,d65bd77e10f1103b,0,1,0,0,1,0,0,0000000000000000,0000000000000000,0000000000000000,0,0
1542,1542,0,0000000,00,3,3,3,0000000000000000,0,0,3,d65bd77e10f1103b,0,1,0,0,1,0,0,0000000000000000,0000000000000000,0000000000000000,0,0
1543,1543,0,0000000,00,3,3,3,0000000000000000,0,0,3,d65bd77e10f1103b,0,1,0,0,1,0,0,0000000000000000,0000000000000000,0000000000000000,0,0
1544,1544,0,0000000,00,3,3,3,0000000000000000,0,0,3,d65bd77e10f1103b,0,1,0,0,1,0,0,0000000000000000,0000000000000000,0000000000000000,0,0
1545,1545,0,0000000,00,3,3,3,0000000000000000,0,0,3,d65bd77e10f1103b,0,1,0,0,1,0,0,0000000000000000,0000000000000000,0000000000000000,0,0
1546,1546,0,0000000,00,3,3,3,0000000000000000,0,0,3,d65bd77e10f1103b,0,1,0,0,1,0,0,0000000000000000,0000000000000000,0000000000000000,0,0
1547,1547,0,0000000,00,3,3,3,0000000000000000,0,0,3,d65bd77e10f1103b,0,1,0,0,1,0,0,0000000000000000,0000000000000000,0000000000000000,0,0
1548,1548,0,0000000,00,3,3,3,0000000000000000,0,0,3,d65bd77e10f1103b,0,1,0,0,1,0,0,0000000000000000,0000000000000000,0000000000000000,0,0
1549,1549,0,0000000,00,3,3,3,0000000000000000,0,0,3,d65bd77e10f1103b,0,1,0,0,1,0,0,0000000000000000,0000000000000000,0000000000000000,0,0
1550,1550,0,0000000,00,3,3,3,0000000000000000,0,0,3,d65bd77e10f1103b,0,1,0,0,1,0,0,0000000000000000,0000000000000000,0000000000000000,0,0
1551,1551,0,0000000,00,3,3,3,0000000000000000,0,0,3,d65bd77e10f1103b,0,1,0,0,1,0,0,0000000000000000,0000000000000000,0000000000000000,0,0
1552,1552,0,0000000,00,3,3,3,0000000000000000,0,0,3,d65bd77e10f1103b,0,1,0,0,1,0,0,0000000000000000,0000000000000000,0000000000000000,0,0
1553,1553,0,0000000,00,3,3,3,0000000000000000,0,0,3,d65bd77e10f1103b,0,1,0,0,1,0,0,0000000000000000,0000000000000000,0000000000000000,0,0
1554,1554,0,0000000,00,3,3,3,0000000000000000,0,0,3,d65bd77e10f1103b,0,1,0,0,1,0,0,0000000000000000,0000000000000000,0000000000000000,0,0
1555,1555,0,0000000,00,3,3,3,0000000000000000,0,0,3,d65bd77e10f1103b,0,1,0,0,1,0,0,0000000000000000,0000000000000000,0000000000000000,0,0
1556,1556,0,0000000,00,3,3,3,0000000000000000,0,0,3,d65bd77e10f1103b,0,1,0,0,1,0,0,0000000000000000,0000000000000000,0000000000000000,0,0
1557,1557,0,0000000,00,3,3,3,0000000000000000,0,0,3,d65bd77e10f1103b,0,1,0,0,1,0,0,0000000000000000,0000000000000000,0000000000000000,0,0
1558,1558,0,0000000,00,3,3,3,0000000000000000,0,0,3,d65bd77e10f1103b,0,1,0,0,1,0,0,0000000000000000,0000000000000000,0000000000000000,0,0
1559,1559,0,0000000,00,3,3,3,0000000000000000,0,0,3,d65bd77e10f1103b,0,1,0,0,1,0,0,0000000000000000,0000000000000000,0000000000000000,0,0
1560,1560,0,0000000,00,3,3,3,0000000000000000,0,0,3,d65bd77e10f1103b,0,1,0,0,1,0,0,0000000000000000,0000000000000000,0000000000000000,0,0
1561,1561,0,0000000,00,3,3,3,0000000000000000,0,0,3,d65bd77e10f1103b,0,1,0,0,1,0,0,0000000000000000,0000000000000000,0000000000000000,0,0
1562,1562,0,0000000,00,3,3,3,0000000000000000,0,0,3,d65bd77e10f1103b,0,1,0,0,1,0,0,0000000000000000,0000000000000000,0000000000000000,0,0
1563,1563,0,0000000,00,3,3,3,0000000000000000,0,0,3,d65bd77e10f1103b,0,1,0,0,1,0,0,0000000000000000,0000000000000000,0000000000000000,0,0
1564,1564,0,0000000,00,2,2,2,0000000000000000,0,0,3,d65bd77e10f1103b,0,1,0,0,1,0,0,0000000000000000,0000000000000000,0000000000000000,0,0
1565,1565,0,0000000,00,3,3,3,0000000000000000,0,0,3,d65bd77e10f1103b,0,1,0,0,1,0,0,0000000000000000,0000000000000000,0000000000000000,0,0
1566,1566,0,0000000,00,3,3,3,0000000000000000,0,0,3,d65bd77e10f1103b,0,1,0,0,1,0,0,0000000000000000,0000000000000000,0000000000000000,0,0
1567,1567,0,0000000,00,3,3,3,0000000000000000,0,0,3,d65bd77e10f1103b,0,1,0,0,1,0,0,0000000000000000,0000000000000000,0000000000000000,0,0
1568,1568,0,0000000,00,3,3,3,0000000000000000,0,0,3,d65bd77e10f1103b,0,1,0,0,1,0,0,0000000000000000,0000000000000000,0000000000000000,0,0
1569,1569,0,0000000,00,3,3,3,0000000000000000,0,0,3,d65bd77e10f1103b,0,1,0,0,1,0,0,0000000000000000,0000000000000000,0000000000000000,0,0
1570,1570,0,0000000,00,3,3,3,0000000000000000,0,0,3,d65bd77e10f1103b,0,1,0,0,1,0,0,0000000000000000,0000000000000000,0000000000000000,0,0
1571,1571,0,0000000,00,3,3,3,0000000000000000,0,0,3,d65bd77e10f1103b,0,1,0,0,1,0,0,0000000000000000,0000000000000000,0000000000000000,0,0
1572,1572,0,0000000,00,3,3,3,0000000000000000,0,0,3,d65bd77e10f1103b,0,1,0,0,1,0,0,0000000000000000,0000000000000000,0000000000000000,0,0
1573,1573,0,0000000,00,3,3,3,0000000000000000,0,0,3,d65bd77e10f1103b,0,1,0,0,1,0,0,0000000000000000,0000000000000000,0000000000000000,0,0
1574,1574,0,0000000,00,3,3,3,0000000000000000,0,0,3,d65bd77e10f1103b,0,1,0,0,1,0,0,0000000000000000,0000000000000000,0000000000000000,0,0
1575,1575,0,0000000,00,3,3,3,0000000000000000,0,0,3,d65bd77e10f1103b,0,1,0,0,1,0,0,0000000000000000,0000000000000000,0000000000000000,0,0
1576,1576,0,0000000,00,3,3,3,0000000000000000,0,0,3,d65bd77e10f1103b,0,1,0,0,1,0,0,0000000000000000,0000000000000000,0000000000000000,0,0
1577,1577,0,0000000,00,3,3,3,0000000000000000,0,0,3,d65bd77e10f1103b,0,1,0,0,1,0,0,0000000000000000,0000000000000000,0000000000000000,0,0
1578,1578,0,0000000,00,3,3,3,0000000000000000,0,0,3,d65bd77e10f1103b,0,1,0,0,1,0,0,0000000000000000,0000000000000000,0000000000000000,0,0
1579,1579,0,0000000,00,3,3,3,0000000000000000,0,0,3,d65bd77e10f1103b,0,1,0,0,1,0,0,0000000000000000,0000000000000000,0000000000000000,0,0
1580,1580,0,0000000,00,3,3,3,0000000000000000,0,0,3,d65bd77e10f1103b,0,1,0,0,1,0,0,0000000000000000,0000000000000000,0000000000000000,0,0
1581,1581,0,0000000,00,3,3,3,0000000000000000,0,0,3,d65bd77e10f1103b,0,1,0,0,1,0,0,0000000000000000,0000000000000000,0000000000000000,0,0
1582,1582,0,0000000,00,3,3,3,0000000000000000,0,0,3,d65bd77e10f1103b,0,1,0,0,1,0,0,0000000000000000,0000000000000000,0000000000000000,0,0
1583,1583,0,0000000,00,3,3,3,0000000000000000,0,0,3,d65bd77e10f1103b,0,1,0,0,1,0,0,0000000000000000,0000000000000000,0000000000000000,0,0
1584,1584,0,0000000,00,3,3,3,0000000000000000,0,0,3,d65bd77e10f1103b,0,1,0,0,1,0,0,0000000000000000,0000000000000000,0000000000000000,0,0
1585,1585,0,0000000,00,3,3,3,0000000000000000,0,0,3,d65bd77e10f1103b,0,1,0,0,1,0,0,0000000000000000,0000000000000000,0000000000000000,0,0
1586,1586,0,0000000,00,3,3,3,0000000000000000,0,0,3,d65bd77e10f1103b,0,1,0,0,1,0,0,0000000000000000,0000000000000000,0000000000000000,0,0
1587,1587,0,0000000,00,3,3,3,0000000000000000,0,0,3,d65bd77e10f1103b,0,1,0,0,1,0,0,0000000000000000,0000000000000000,0000000000000000,0,0
1588,1588,0,0000000,00,3,3,3,0000000000000000,0,0,3,d65bd77e10f1103b,0,1,0,0,1,0,0,0000000000000000,0000000000000000,0000000000000000,0,0
1589,1589,0,0000000,00,3,3,3,0000000000000000,0,0,3,d65bd77e10f1103b,0,1,0,0,1,0,0,0000000000000000,0000000000000000,0000000000000000,0,0
1590,1590,0,0000000,00,3,3,3,0000000000000000,0,0,3,d65bd77e10f1103b,0,1,0,0,1,0,0,0000000000000000,0000000000000000,0000000000000000,0,0
1591,1591,0,0000000,00,3,3,3,0000000000000000,0,0,3,d65bd77e10f1103b,0,1,0,0,1,0,0,0000000000000000,0000000000000000,0000000000000000,0,0
1592,1592,0,0000000,00,3,3,3,0000000000000000,0,0,3,d65bd77e10f1103b,0,1,0,0,1,0,0,0000000000000000,0000000000000000,0000000000000000,0,0
1593,1593,0,0000000,00,3,3,3,0000000000000000,0,0,3,d65bd77e10f1103b,0,1,0,0,1,0,0,0000000000000000,0000000000000000,0000000000000000,0,0
1594,1594,0,0000000,00,3,3,3,0000000000000000,0,0,3,d65bd77e10f1103b,0,1,0,0,1,0,0,0000000000000000,0000000000000000,0000000000000000,0,0
1595,1595,0,0000000,00,3,3,3,0000000000000000,0,0,3,d65bd77e10f1103b,0,1,0,0,1,0,0,0000000000000000,0000000000000000,0000000000000000,0,0
1596,1596,0,0000000,00,3,3,3,0000000000000000,0,0,3,d65bd77e10f1103b,0,1,0,0,1,0,0,0000000000000000,0000000000000000,0000000000000000,0,0
1597,1597,0,0000000,00,3,3,3,0000000000000000,0,0,3,d65bd77e10f1103b,0,1,0,0,1,0,0,0000000000000000,0000000000000000,0000000000000000,0,0
1598,1598,0,0000000,00,3,3,3,0000000000000000,0,0,3,d65bd77e10f1103b,0,1,0,0,1,0,0,0000000000000000,0000000000000000,0000000000000000,0,0
1599,1599,0,0000000,00,3,3,3,0000000000000000,0,0,3,d65bd77e10f1103b,0,1,0,0,1,0,0,0000000000000000,0000000000000000,0000000000000000,0,0
1600,1600,0,0000000,00,3,3,3,0000000000000000,0,0,3,d65bd77e10f1103b,0,1,0,0,1,0,0,0000000000000000,0000000000000000,0000000000000000,0,0
1601,1601,0,0000000,00,3,3,3,0000000000000000,0,0,3,d65bd77e10f1103b,0,1,0,0,1,0,0,0000000000000000,0000000000000000,0000000000000000,0,0
1602,1602,0,0000000,00,3,3,3,0000000000000000,0,0,3,d65bd77e10f1103b,0,1,0,0,1,0,0,0000000000000000,0000000000000000,0000000000000000,0,0
1603,1603,0,0000000,00,3,3,3,0000000000000000,0,0,3,d65bd77e10f1103b,0,1,0,0,1,0,0,0000000000000000,0000000000000000,0000000000000000,0,0
1604,1604,0,0000000,00,3,3,3,0000000000000000,0,0,3,d65bd77e10f1103b,0,1,0,0,1,0,0,0000000000000000,0000000000000000,0000000000000000,0,0
1605,1605,0,0000000,00,3,3,3,0000000000000000,0,0,3,d65bd77e10f1103b,0,1,0,0,1,0,0,0000000000000000,0000000000000000,0000000000000000,0,0
1606,1606,0,0000000,00,3,3,3,0000000000000000,0,0,3,d65bd77e10f1103b,0,1,0,0,1,0,0,0000000000000000,0000000000000000,0000000000000000,0,0
1607,1607,0,0000000,00,3,3,3,0000000000000000,0,0,3,d65bd77e10f1103b,0,1,0,0,1,0,0,0000000000000000,0000000000000000,0000000000000000,0,0
1608,1608,0,0000000,00,3,3,3,0000000000000000,0,0,3,d65bd77e10f1103b,0,1,0,0,1,0,0,0000000000000000,0000000000000000,0000000000000000,0,0
1609,1609,0,0000000,00,3,3,3,0000000000000000,0,0,3,d65bd77e10f1103b,0,1,0,0,1,0,0,0000000000000000,0000000000000000,0000000000000000,0,0
1610,1610,0,0000000,00,3,3,3,0000000000000000,0,0,3,d65bd77e10f1103b,0,1,0,0,1,0,0,0000000000000000,0000000000000000,0000000000000000,0,0
1611,1611,0,0000000,00,3,3,3,0000000000000000,0,0,3,d65bd77e10f1103b,0,1,0,0,1,0,0,0000000000000000,0000000000000000,0000000000000000,0,0
1612,1612,0,0000000,00,3,3,3,0000000000000000,0,0,3,d65bd77e10f1103b,0,1,0,0,1,0,0,0000000000000000,0000000000000000,0000000000000000,0,0
1613,1613,0,0000000,00,3,3,3,0000000000000000,0,0,3,d65bd77e10f1103b,0,1,0,0,1,0,0,0000000000000000,0000000000000000,0000000000000000,0,0
1614,1614,0,0000000,00,3,3,3,0000000000000000,0,0,3,d65bd77e10f1103b,0,1,0,0,1,0,0,0000000000000000,0000000000000000,0000000000000000,0,0
1615,1615,0,0000000,00,3,3,3,0000000000000000,0,0,3,d65bd77e10f1103b,0,1,0,0,1,0,0,0000000000000000,0000000000000000,0000000000000000,0,0
1616,1616,0,0000000,00,3,3,3,0000000000000000,0,0,3,d65bd77e10f1103b,0,1,0,0,1,0,0,0000000000000000,0000000000000000,0000000000000000,0,0
1617,1617,0,0000000,00,3,3,3,0000000000000000,0,0,3,d65bd77e10f1103b,0,1,0,0,1,0,0,0000000000000000,0000000000000000,0000000000000000,0,0
1618,1618,0,0000000,00,3,3,3,0000000000000000,0,0,3,d65bd77e10f1103b,0,1,0,0,1,0,0,0000000000000000,0000000000000000,0000000000000000,0,0
1619,1619,0,0000000,00,3,3,3,0000000000000000,0,0,3,d65bd77e10f1103b,0,1,0,0,1,0,0,0000000000000000,0000000000000000,0000000000000000,0,0
1620,1620,0,0000000,00,3,3,3,0000000000000000,0,0,3,d65bd77e10f1103b,0,1,0,0,1,0,0,0000000000000000,0000000000000000,0000000000000000,0,0
1621,1621,0,0000000,00,3,3,3,0000000000000000,0,0,3,d65bd77e10f1103b,0,1,0,0,1,0,0,0000000000000000,0000000000000000,0000000000000000,0,0
1622,1622,0,0000000,00,3,3,3,0000000000000000,0,0,3,d65bd77e10f1103b,0,1,0,0,1,0,0,0000000000000000,0000000000000000,0000000000000000,0,0
1623,1623,0,0000000,00,3,3,3,0000000000000000,0,0,3,d65bd77e10f1103b,0,1,0,0,1,0,0,0000000000000000,0000000000000000,0000000000000000,0,0
1624,1624,0,0000000,00,3,3,3,0000000000000000,0,0,3,d65bd77e10f1103b,0,1,0,0,1,0,0,0000000000000000,0000000000000000,0000000000000000,0,0
1625,1625,0,0000000,00,3,3,3,0000000000000000,0,0,3,d65bd77e10f1103b,0,1,0,0,1,0,0,0000000000000000,0000000000000000,0000000000000000,0,0
1626,1626,0,0000000,00,3,3,3,0000000000000000,0,0,3,d65bd77e10f1103b,0,1,0,0,1,0,0,0000000000000000,0000000000000000,0000000000000000,0,0
1627,1627,0,0000000,00,3,3,3,0000000000000000,0,0,3,d65bd77e10f1103b,0,1,0,0,1,0,0,0000000000000000,0000000000000000,0000000000000000,0,0
1628,1628,0,0000000,00,3,3,3,0000000000000000,0,0,3,d65bd77e10f1103b,0,1,0,0,1,0,0,0000000000000000,0000000000000000,0000000000000000,0,0
1629,1629,0,0000000,00,3,3,3,0000000000000000,0,0,3,d65bd77e10f1103b,0,1,0,0,1,0,0,0000000000000000,0000000000000000,0000000000000000,0,0
1630,1630,0,0000000,00,3,3,3,0000000000000000,0,0,3,d65bd77e10f1103b,0,1,0,0,1,0,0,0000000000000000,0000000000000000,0000000000000000,0,0
1631,1631,0,0000000,00,3,3,3,0000000000000000,0,0,3,d65bd77e10f1103b,0,1,0,0,1,0,0,0000000000000000,0000000000000000,0000000000000000,0,0
1632,1632,0,0000000,00,3,3,3,0000000000000000,0,0,3,d65bd77e10f1103b,0,1,0,0,1,0,0,0000000000000000,0000000000000000,0000000000000000,0,0
1633,1633,0,0000000,00,3,3,3,0000000000000000,0,0,3,d65bd77e10f1103b,0,1,0,0,1,0,0,0000000000000000,0000000000000000,0000000000000000,0,0
1634,1634,0,0000000,00,3,3,3,0000000000000000,0,0,3,d65bd77e10f1103b,0,1,0,0,1,0,0,0000000000000000,0000000000000000,0000000000000000,0,0
1635,1635,0,0000000,00,3,3,3,0000000000000000,0,0,3,d65bd77e10f1103b,0,1,0,0,1,0,0,0000000000000000,0000000000000000,0000000000000000,0,0
1636,1636,0,0000000,00,3,3,3,0000000000000000,0,0,3,d65bd77e10f1103b,0,1,0,0,1,0,0,0000000000000000,0000000000000000,0000000000000000,0,0
1637,1637,0,0000000,00,3,3,3,0000000000000000,0,0,3,d65bd77e10f1103b,0,1,0,0,1,0,0,0000000000000000,0000000000000000,0000000000000000,0,0
1638,1638,0,0000000,00,3,3,3,0000000000000000,0,0,3,d65bd77e10f1103b,0,1,0,0,1,0,0,0000000000000000,0000000000000000,0000000000000000,0,0
1639,1639,0,0000000,00,3,3,3,0000000000000000,0,0,3,d65bd77e10f1103b,0,1,0,0,1,0,0,0000000000000000,0000000000000000,0000000000000000,0,0
1640,1640,0,0000000,00,3,3,3,0000000000000000,0,0,3,d65bd77e10f1103b,0,1,0,0,1,0,0,0000000000000000,0000000000000000,0000000000000000,0,0
1641,1641,0,0000000,00,3,3,3,0000000000000000,0,0,3,d65bd77e10f1103b,0,1,0,0,1,0,0,0000000000000000,0000000000000000,0000000000000000,0,0
1642,1642,0,0000000,00,3,3,3,0000000000000000,0,0,3,d65bd77e10f1103b,0,1,0,0,1,0,0,0000000000000000,0000000000000000,0000000000000000,0,0
1643,1643,0,0000000,00,3,3,3,0000000000000000,0,0,3,d65bd77e10f1103b,0,1,0,0,1,0,0,0000000000000000,0000000000000000,0000000000000000,0,0
1644,1644,0,0000000,00,3,3,3,0000000000000000,0,0,3,d65bd77e10f1103b,0,1,0,0,1,0,0,0000000000000000,0000000000000000,0000000000000000,0,0
1645,1645,0,0000000,00,3,3,3,0000000000000000,0,0,3,d65bd77e10f1103b,0,1,0,0,1,0,0,0000000000000000,0000000000000000,0000000000000000,0,0
1646,1646,0,0000000,00,3,3,3,0000000000000000,0,0,3,d65bd77e10f1103b,0,1,0,0,1,0,0,0000000000000000,0000000000000000,0000000000000000,0,0
1647,1647,0,0000000,00,3,3,3,0000000000000000,0,0,3,d65bd77e10f1103b,0,1,0,0,1,0,0,0000000000000000,0000000000000000,0000000000000000,0,0
1648,1648,0,0000000,00,3,3,3,0000000000000000,0,0,3,d65bd77e10f1103b,0,1,0,0,1,0,0,0000000000000000,0000000000000000,0000000000000000,0,0
1649,1649,0,0000000,00,3,3,3,0000000000000000,0,0,3,d65bd77e10f1103b,0,1,0,0,1,0,0,0000000000000000,0000000000000000,0000000000000000,0,0
1650,1650,0,0000000,00,3,3,3,0000000000000000,0,0,3,d65bd77e10f1103b,0,1,0,0,1,0,0,0000000000000000,0000000000000000,0000000000000000,0,0
1651,1651,0,0000000,00,3,3,3,0000000000000000,0,0,3,d65bd77e10f1103b,0,1,0,0,1,0,0,0000000000000000,0000000000000000,0000000000000000,0,0
1652,1652,0,0000000,00,3,3,3,0000000000000000,0,0,3,d65bd77e10f1103b,0,1,0,0,1,0,0,0000000000000000,0000000000000000,0000000000000000,0,0
1653,1653,0,0000000,00,3,3,3,0000000000000000,0,0,3,d65bd77e10f1103b,0,1,0,0,1,0,0,0000000000000000,0000000000000000,0000000000000000,0,0
1654,1654,0,0000000,00,3,3,3,0000000000000000,0,0,3,d65bd77e10f1103b,0,1,0,0,1,0,0,0000000000000000,0000000000000000,0000000000000000,0,0
1655,1655,0,0000000,00,3,3,3,0000000000000000,0,0,3,d65bd77e10f1103b,0,1,0,0,1,0,0,0000000000000000,0000000000000000,0000000000000000,0,0
1656,1656,0,0000000,00,3,3,3,0000000000000000,0,0,3,d65bd77e10f1103b,0,1,0,0,1,0,0,0000000000000000,0000000000000000,0000000000000000,0,0
1657,1657,0,0000000,00,3,3,3,0000000000000000,0,0,3,d65bd77e10f1103b,0,1,0,0,1,0,0,0000000000000000,0000000000000000,0000000000000000,0,0
1658,1658,0,0000000,00,3,3,3,0000000000000000,0,0,3,d65bd77e10f1103b,0,1,0,0,1,0,0,0000000000000000,0000000000000000,0000000000000000,0,0
1659,1659,0,0000000,00,3,3,3,0000000000000000,0,0,3,d65bd77e10f1103b,0,1,0,0,1,0,0,0000000000000000,0000000000000000,0000000000000000,0,0
1660,1660,0,0000000,00,3,3,3,0000000000000000,0,0,3,d65bd77e10f1103b,0,1,0,0,1,0,0,0000000000000000,0000000000000000,0000000000000000,0,0
1661,1661,0,0000000,00,3,3,3,0000000000000000,0,0,3,d65bd77e10f1103b,0,1,0,0,1,0,0,0000000000000000,0000000000000000,0000000000000000,0,0
1662,1662,0,0000000,00,3,3,3,0000000000000000,0,0,3,d65bd77e10f1103b,0,1,0,0,1,0,0,0000000000000000,0000000000000000,0000000000000000,0,0
1663,1663,0,0000000,00,3,3,3,0000000000000000,0,0,3,d65bd77e10f1103b,0,1,0,0,1,0,0,0000000000000000,0000000000000000,0000000000000000,0,0
1664,1664,0,0000000,00,3,3,3,0000000000000000,0,0,3,d65bd77e10f1103b,0,1,0,0,1,0,0,0000000000000000,0000000000000000,0000000000000000,0,0
1665,1665,0,0000000,00,3,3,3,0000000000000000,0,0,3,d65bd77e10f1103b,0,1,0,0,1,0,0,0000000000000000,0000000000000000,0000000000000000,0,0
1666,1666,0,0000000,00,3,3,3,0000000000000000,0,0,3,d65bd77e10f1103b,0,1,0,0,1,0,0,0000000000000000,0000000000000000,0000000000000000,0,0
1667,1667,0,0000000,00,3,3,3,0000000000000000,0,0,3,d65bd77e10f1103b,0,1,0,0,1,0,0,0000000000000000,0000000000000000,0000000000000000,0,0
1668,1668,0,0000000,00,3,3,3,0000000000000000,0,0,3,d65bd77e10f1103b,0,1,0,0,1,0,0,0000000000000000,0000000000000000,0000000000000000,0,0
1669,1669,0,0000000,00,3,3,3,0000000000000000,0,0,3,d65bd77e10f1103b,0,1,0,0,1,0,0,0000000000000000,0000000000000000,0000000000000000,0,0
1670,1670,0,0000000,00,3,3,3,0000000000000000,0,0,3,d65bd77e10f1103b,0,1,0,0,1,0,0,0000000000000000,0000000000000000,0000000000000000,0,0
1671,1671,0,0000000,00,3,3,3,0000000000000000,0,0,3,d65bd77e10f1103b,0,1,0,0,1,0,0,0000000000000000,0000000000000000,0000000000000000,0,0
1672,1672,0,0000000,00,3,3,3,0000000000000000,0,0,3,d65bd77e10f1103b,0,1,0,0,1,0,0,0000000000000000,0000000000000000,0000000000000000,0,0
1673,1673,0,0000000,00,3,3,3,0000000000000000,0,0,3,d65bd77e10f1103b,0,1,0,0,1,0,0,0000000000000000,0000000000000000,0000000000000000,0,0
1674,1674,0,0000000,00,3,3,3,0000000000000000,0,0,3,d65bd77e10f1103b,0,1,0,0,1,0,0,0000000000000000,0000000000000000,0000000000000000,0,0
1675,1675,0,0000000,00,3,3,3,0000000000000000,0,0,3,d65bd77e10f1103b,0,1,0,0,1,0,0,0000000000000000,0000000000000000,0000000000000000,0,0
1676,1676,0,0000000,00,3,3,3,0000000000000000,0,0,3,d65bd77e10f1103b,0,1,0,0,1,0,0,0000000000000000,0000000000000000,0000000000000000,0,0
1677,1677,0,0000000,00,3,3,3,0000000000000000,0,0,3,d65bd77e10f1103b,0,1,0,0,1,0,0,0000000000000000,0000000000000000,0000000000000000,0,0
1678,1678,0,0000000,00,3,3,3,0000000000000000,0,0,3,d65bd77e10f1103b,0,1,0,0,1,0,0,0000000000000000,0000000000000000,0000000000000000,0,0
1679,1679,0,0000000,00,3,3,3,0000000000000000,0,0,3,d65bd77e10f1103b,0,1,0,0,1,0,0,0000000000000000,0000000000000000,0000000000000000,0,0
1680,1680,0,0000000,00,3,3,3,0000000000000000,0,0,3,d65bd77e10f1103b,0,1,0,0,1,0,0,0000000000000000,0000000000000000,0000000000000000,0,0
1681,1681,0,0000000,00,3,3,3,0000000000000000,0,0,3,d65bd77e10f1103b,0,1,0,0,1,0,0,0000000000000000,0000000000000000,0000000000000000,0,0
1682,1682,0,0000000,00,3,3,3,0000000000000000,0,0,3,d65bd77e10f1103b,0,1,0,0,1,0,0,0000000000000000,0000000000000000,0000000000000000,0,0
1683,1683,0,0000000,00,3,3,3,0000000000000000,0,0,3,d65bd77e10f1103b,0,1,0,0,1,0,0,0000000000000000,0000000000000000,0000000000000000,0,0
1684,1684,0,0000000,00,3,3,3,0000000000000000,0,0,3,d65bd77e10f1103b,0,1,0,0,1,0,0,0000000000000000,0000000000000000,0000000000000000,0,0
1685,1685,0,0000000,00,3,3,3,0000000000000000,0,0,3,d65bd77e10f1103b,0,1,0,0,1,0,0,0000000000000000,0000000000000000,0000000000000000,0,0
1686,1686,0,0000000,00,3,3,3,0000000000000000,0,0,3,d65bd77e10f1103b,0,1,0,0,1,0,0,0000000000000000,0000000000000000,0000000000000000,0,0
1687,1687,0,0000000,00,3,3,3,0000000000000000,0,0,3,d65bd77e10f1103b,0,1,0,0,1,0,0,0000000000000000,0000000000000000,0000000000000000,0,0
1688,1688,0,0000000,00,3,3,3,0000000000000000,0,0,3,d65bd77e10f1103b,0,1,0,0,1,0,0,0000000000000000,0000000000000000,0000000000000000,0,0
1689,1689,0,0000000,00,3,3,3,0000000000000000,0,0,3,d65bd77e10f1103b,0,1,0,0,1,0,0,0000000000000000,0000000000000000,0000000000000000,0,0
1690,1690,0,0000000,00,3,3,3,0000000000000000,0,0,3,d65bd77e10f1103b,0,1,0,0,1,0,0,0000000000000000,0000000000000000,0000000000000000,0,0
1691,1691,0,0000000,00,3,3,3,0000000000000000,0,0,3,d65bd77e10f1103b,0,1,0,0,1,0,0,0000000000000000,0000000000000000,0000000000000000,0,0
1692,1692,0,0000000,00,3,3,3,0000000000000000,0,0,3,d65bd77e10f1103b,0,1,0,0,1,0,0,0000000000000000,0000000000000000,0000000000000000,0,0
1693,1693,0,0000000,00,3,3,3,0000000000000000,0,0,3,d65bd77e10f1103b,0,1,0,0,1,0,0,0000000000000000,0000000000000000,0000000000000000,0,0
1694,1694,0,0000000,00,3,3,3,0000000000000000,0,0,3,d65bd77e10f1103b,0,1,0,0,1,0,0,0000000000000000,0000000000000000,0000000000000000,0,0
1695,1695,0,0000000,00,3,3,3,0000000000000000,0,0,3,d65bd77e10f1103b,0,1,0,0,1,0,0,0000000000000000,0000000000000000,0000000000000000,0,0
1696,1696,0,0000000,00,3,3,3,0000000000000000,0,0,3,d65bd77e10f1103b,0,1,0,0,1,0,0,0000000000000000,0000000000000000,0000000000000000,0,0
1697,1697,0,0000000,00,3,3,3,0000000000000000,0,0,3,d65bd77e10f1103b,0,1,0,0,1,0,0,0000000000000000,0000000000000000,0000000000000000,0,0
1698,1698,0,0000000,00,3,3,3,0000000000000000,0,0,3,d65bd77e10f1103b,0,1,0,0,1,0,0,0000000000000000,0000000000000000,0000000000000000,0,0
1699,1699,0,0000000,00,3,3,3,0000000000000000,0,0,3,d65bd77e10f1103b,0,1,0,0,1,0,0,0000000000000000,0000000000000000,0000000000000000,0,0
1700,1700,0,0000000,00,3,3,3,0000000000000000,0,0,3,d65bd77e10f1103b,0,1,0,0,1,0,0,0000000000000000,0000000000000000,0000000000000000,0,0
1701,1701,0,0000000,00,3,3,3,0000000000000000,0,0,3,d65bd77e10f1103b,0,1,0,0,1,0,0,0000000000000000,0000000000000000,0000000000000000,0,0
1702,1702,0,0000000,00,3,3,3,0000000000000000,0,0,3,d65bd77e10f1103b,0,1,0,0,1,0,0,0000000000000000,0000000000000000,0000000000000000,0,0
1703,1703,0,0000000,00,3,3,3,0000000000000000,0,0,3,d65bd77e10f1103b,0,1,0,0,1,0,0,0000000000000000,0000000000000000,0000000000000000,0,0
1704,1704,0,0000000,00,3,3,3,0000000000000000,0,0,3,d65bd77e10f1103b,0,1,0,0,1,0,0,0000000000000000,0000000000000000,0000000000000000,0,0
1705,1705,0,0000000,00,3,3,3,0000000000000000,0,0,3,d65bd77e10f1103b,0,1,0,0,1,0,0,0000000000000000,0000000000000000,0000000000000000,0,0
1706,1706,0,0000000,00,3,3,3,0000000000000000,0,0,3,d65bd77e10f1103b,0,1,0,0,1,0,0,0000000000000000,0000000000000000,0000000000000000,0,0
1707,1707,0,0000000,00,3,3,3,0000000000000000,0,0,3,d65bd77e10f1103b,0,1,0,0,1,0,0,0000000000000000,0000000000000000,0000000000000000,0,0
1708,1708,0,0000000,00,3,3,3,0000000000000000,0,0,3,d65bd77e10f1103b,0,1,0,0,1,0,0,0000000000000000,0000000000000000,0000000000000000,0,0
1709,1709,0,0000000,00,3,3,3,0000000000000000,0,0,3,d65bd77e10f1103b,0,1,0,0,1,0,0,0000000000000000,0000000000000000,0000000000000000,0,0
1710,1710,0,0000000,00,3,3,3,0000000000000000,0,0,3,d65bd77e10f1103b,0,1,0,0,1,0,0,0000000000000000,0000000000000000,0000000000000000,0,0
1711,1711,0,0000000,00,3,3,3,0000000000000000,0,0,3,d65bd77e10f1103b,0,1,0,0,1,0,0,0000000000000000,0000000000000000,0000000000000000,0,0
1712,1712,0,0000000,00,3,3,3,0000000000000000,0,0,3,d65bd77e10f1103b,0,1,0,0,1,0,0,0000000000000000,0000000000000000,0000000000000000,0,0
1713,1713,0,0000000,00,3,3,3,0000000000000000,0,0,3,d65bd77e10f1103b,0,1,0,0,1,0,0,0000000000000000,0000000000000000,0000000000000000,0,0
1714,1714,0,0000000,00,3,3,3,0000000000000000,0,0,3,d65bd77e10f1103b,0,1,0,0,1,0,0,0000000000000000,0000000000000000,0000000000000000,0,0
1715,1715,0,0000000,00,3,3,3,0000000000000000,0,0,3,d65bd77e10f1103b,0,1,0,0,1,0,0,0000000000000000,0000000000000000,0000000000000000,0,0
1716,1716,0,0000000,00,3,3,3,0000000000000000,0,0,3,d65bd77e10f1103b,0,1,0,0,1,0,0,0000000000000000,0000000000000000,0000000000000000,0,0
1717,1717,0,0000000,00,3,3,3,0000000000000000,0,0,3,d65bd77e10f1103b,0,1,0,0,1,0,0,0000000000000000,0000000000000000,0000000000000000,0,0
1718,1718,0,0000000,00,3,3,3,0000000000000000,0,0,3,d65bd77e10f1103b,0,1,0,0,1,0,0,0000000000000000,0000000000000000,0000000000000000,0,0
1719,1719,0,0000000,00,3,3,3,0000000000000000,0,0,3,d65bd77e10f1103b,0,1,0,0,1,0,0,0000000000000000,0000000000000000,0000000000000000,0,0
1720,1720,0,0000000,00,3,3,3,0000000000000000,0,0,3,d65bd77e10f1103b,0,1,0,0,1,0,0,0000000000000000,0000000000000000,0000000000000000,0,0
1721,1721,0,0000000,00,3,3,3,0000000000000000,0,0,3,d65bd77e10f1103b,0,1,0,0,1,0,0,0000000000000000,0000000000000000,0000000000000000,0,0
1722,1722,0,0000000,00,3,3,3,0000000000000000,0,0,3,d65bd77e10f1103b,0,1,0,0,1,0,0,0000000000000000,0000000000000000,0000000000000000,0,0
1723,1723,0,0000000,00,3,3,3,0000000000000000,0,0,3,d65bd77e10f1103b,0,1,0,0,1,0,0,0000000000000000,0000000000000000,0000000000000000,0,0
1724,1724,0,0000000,00,3,3,3,0000000000000000,0,0,3,d65bd77e10f1103b,0,1,0,0,1,0,0,0000000000000000,0000000000000000,0000000000000000,0,0
1725,1725,0,0000000,00,3,3,3,0000000000000000,0,0,3,d65bd77e10f1103b,0,1,0,0,1,0,0,0000000000000000,0000000000000000,0000000000000000,0,0
1726,1726,0,0000000,00,3,3,3,0000000000000000,0,0,3,d65bd77e10f1103b,0,1,0,0,1,0,0,0000000000000000,0000000000000000,0000000000000000,0,0
1727,1727,0,0000000,00,3,3,3,0000000000000000,0,0,3,d65bd77e10f1103b,0,1,0,0,1,0,0,0000000000000000,0000000000000000,0000000000000000,0,0
1728,1728,0,0000000,00,3,3,3,0000000000000000,0,0,3,d65bd77e10f1103b,0,1,0,0,1,0,0,0000000000000000,0000000000000000,0000000000000000,0,0
1729,1729,0,0000000,00,3,3,3,0000000000000000,0,0,3,d65bd77e10f1103b,0,1,0,0,1,0,0,0000000000000000,0000000000000000,0000000000000000,0,0
1730,1730,0,0000000,00,3,3,3,0000000000000000,0,0,3,d65bd77e10f1103b,0,1,0,0,1,0,0,0000000000000000,0000000000000000,0000000000000000,0,0
1731,1731,0,0000000,00,3,3,3,0000000000000000,0,0,3,d65bd77e10f1103b,0,1,0,0,1,0,0,0000000000000000,0000000000000000,0000000000000000,0,0
1732,1732,0,0000000,00,3,3,3,0000000000000000,0,0,3,d65bd77e10f1103b,0,1,0,0,1,0,0,0000000000000000,0000000000000000,0000000000000000,0,0
1733,1733,0,0000000,00,3,3,3,0000000000000000,0,0,3,d65bd77e10f1103b,0,1,0,0,1,0,0,0000000000000000,0000000000000000,0000000000000000,0,0
1734,1734,0,0000000,00,3,3,3,0000000000000000,0,0,3,d65bd77e10f1103b,0,1,0,0,1,0,0,0000000000000000,0000000000000000,0000000000000000,0,0
1735,1735,0,0000000,00,3,3,3,0000000000000000,0,0,3,d65bd77e10f1103b,0,1,0,0,1,0,0,0000000000000000,0000000000000000,0000000000000000,0,0
1736,1736,0,0000000,00,3,3,3,0000000000000000,0,0,3,d65bd77e10f1103b,0,1,0,0,1,0,0,0000000000000000,0000000000000000,0000000000000000,0,0
1737,1737,0,0000000,00,3,3,3,0000000000000000,0,0,3,d65bd77e10f1103b,0,1,0,0,1,0,0,0000000000000000,0000000000000000,0000000000000000,0,0
1738,1738,0,0000000,00,3,3,3,0000000000000000,0,0,3,d65bd77e10f1103b,0,1,0,0,1,0,0,0000000000000000,0000000000000000,0000000000000000,0,0
1739,1739,0,0000000,00,3,3,3,0000000000000000,0,0,3,d65bd77e10f1103b,0,1,0,0,1,0,0,0000000000000000,0000000000000000,0000000000000000,0,0
1740,1740,0,0000000,00,3,3,3,0000000000000000,0,0,3,d65bd77e10f1103b,0,1,0,0,1,0,0,0000000000000000,0000000000000000,0000000000000000,0,0
1741,1741,0,0000000,00,3,3,3,0000000000000000,0,0,3,d65bd77e10f1103b,0,1,0,0,1,0,0,0000000000000000,0000000000000000,0000000000000000,0,0
1742,1742,0,0000000,00,3,3,3,0000000000000000,0,0,3,d65bd77e10f1103b,0,1,0,0,1,0,0,0000000000000000,0000000000000000,0000000000000000,0,0
1743,1743,0,0000000,00,3,3,3,0000000000000000,0,0,3,d65bd77e10f1103b,0,1,0,0,1,0,0,0000000000000000,0000000000000000,0000000000000000,0,0
1744,1744,0,0000000,00,3,3,3,0000000000000000,0,0,3,d65bd77e10f1103b,0,1,0,0,1,0,0,0000000000000000,0000000000000000,0000000000000000,0,0
1745,1745,0,0000000,00,3,3,3,0000000000000000,0,0,3,d65bd77e10f1103b,0,1,0,0,1,0,0,0000000000000000,0000000000000000,0000000000000000,0,0
1746,1746,0,0000000,00,3,3,3,0000000000000000,0,0,3,d65bd77e10f1103b,0,1,0,0,1,0,0,0000000000000000,0000000000000000,0000000000000000,0,0
1747,1747,0,0000000,00,3,3,3,0000000000000000,0,0,3,d65bd77e10f1103b,0,1,0,0,1,0,0,0000000000000000,0000000000000000,0000000000000000,0,0
1748,1748,0,0000000,00,3,3,3,0000000000000000,0,0,3,d65bd77e10f1103b,0,1,0,0,1,0,0,0000000000000000,0000000000000000,0000000000000000,0,0
1749,1749,0,0000000,00,3,3,3,0000000000000000,0,0,3,d65bd77e10f1103b,0,1,0,0,1,0,0,0000000000000000,0000000000000000,0000000000000000,0,0
1750,1750,0,0000000,00,3,3,3,0000000000000000,0,0,3,d65bd77e10f1103b,0,1,0,0,1,0,0,0000000000000000,0000000000000000,0000000000000000,0,0
1751,1751,0,0000000,00,3,3,3,0000000000000000,0,0,3,d65bd77e10f1103b,0,1,0,0,1,0,0,0000000000000000,0000000000000000,0000000000000000,0,0
1752,1752,0,0000000,00,3,3,3,0000000000000000,0,0,3,d65bd77e10f1103b,0,1,0,0,1,0,0,0000000000000000,0000000000000000,0000000000000000,0,0
1753,1753,0,0000000,00,3,3,3,0000000000000000,0,0,3,d65bd77e10f1103b,0,1,0,0,1,0,0,0000000000000000,0000000000000000,0000000000000000,0,0
1754,1754,0,0000000,00,3,3,3,0000000000000000,0,0,3,d65bd77e10f1103b,0,1,0,0,1,0,0,0000000000000000,0000000000000000,0000000000000000,0,0
1755,1755,0,0000000,00,3,3,3,0000000000000000,0,0,3,d65bd77e10f1103b,0,1,0,0,1,0,0,0000000000000000,0000000000000000,0000000000000000,0,0
1756,1756,0,0000000,00,3,3,3,0000000000000000,0,0,3,d65bd77e10f1103b,0,1,0,0,1,0,0,0000000000000000,0000000000000000,0000000000000000,0,0
1757,1757,0,0000000,00,3,3,3,0000000000000000,0,0,3,d65bd77e10f1103b,0,1,0,0,1,0,0,0000000000000000,0000000000000000,0000000000000000,0,0
1758,1758,0,0000000,00,3,3,3,0000000000000000,0,0,3,d65bd77e10f1103b,0,1,0,0,1,0,0,0000000000000000,0000000000000000,0000000000000000,0,0
1759,1759,0,0000000,00,3,3,3,0000000000000000,0,0,3,d65bd77e10f1103b,0,1,0,0,1,0,0,0000000000000000,0000000000000000,0000000000000000,0,0
1760,1760,0,0000000,00,3,3,3,0000000000000000,0,0,3,d65bd77e10f1103b,0,1,0,0,1,0,0,0000000000000000,0000000000000000,0000000000000000,0,0
1761,1761,0,0000000,00,3,3,3,0000000000000000,0,0,3,d65bd77e10f1103b,0,1,0,0,1,0,0,0000000000000000,0000000000000000,0000000000000000,0,0
1762,1762,0,0000000,00,3,3,3,0000000000000000,0,0,3,d65bd77e10f1103b,0,1,0,0,1,0,0,0000000000000000,0000000000000000,0000000000000000,0,0
1763,1763,0,0000000,00,3,3,3,0000000000000000,0,0,3,d65bd77e10f1103b,0,1,0,0,1,0,0,0000000000000000,0000000000000000,0000000000000000,0,0
1764,1764,0,0000000,00,3,3,3,0000000000000000,0,0,3,d65bd77e10f1103b,0,1,0,0,1,0,0,0000000000000000,0000000000000000,0000000000000000,0,0
1765,1765,0,0000000,00,3,3,3,0000000000000000,0,0,3,d65bd77e10f1103b,0,1,0,0,1,0,0,0000000000000000,0000000000000000,0000000000000000,0,0
1766,1766,0,0000000,00,3,3,3,0000000000000000,0,0,3,d65bd77e10f1103b,0,1,0,0,1,0,0,0000000000000000,0000000000000000,0000000000000000,0,0
1767,1767,0,0000000,00,3,3,3,0000000000000000,0,0,3,d65bd77e10f1103b,0,1,0,0,1,0,0,0000000000000000,0000000000000000,0000000000000000,0,0
1768,1768,0,0000000,00,3,3,3,0000000000000000,0,0,3,d65bd77e10f1103b,0,1,0,0,1,0,0,0000000000000000,0000000000000000,0000000000000000,0,0
1769,1769,0,0000000,00,3,3,3,0000000000000000,0,0,3,d65bd77e10f1103b,0,1,0,0,1,0,0,0000000000000000,0000000000000000,0000000000000000,0,0
1770,1770,0,0000000,00,3,3,3,0000000000000000,0,0,3,d65bd77e10f1103b,0,1,0,0,1,0,0,0000000000000000,0000000000000000,0000000000000000,0,0
1771,1771,0,0000000,00,3,3,3,0000000000000000,0,0,3,d65bd77e10f1103b,0,1,0,0,1,0,0,0000000000000000,0000000000000000,0000000000000000,0,0
1772,1772,0,0000000,00,3,3,3,0000000000000000,0,0,3,d65bd77e10f1103b,0,1,0,0,1,0,0,0000000000000000,0000000000000000,0000000000000000,0,0
1773,1773,0,0000000,00,3,3,3,0000000000000000,0,0,3,d65bd77e10f1103b,0,1,0,0,1,0,0,0000000000000000,0000000000000000,0000000000000000,0,0
1774,1774,0,0000000,00,3,3,3,0000000000000000,0,0,3,d65bd77e10f1103b,0,1,0,0,1,0,0,0000000000000000,0000000000000000,0000000000000000,0,0
1775,1775,0,0000000,00,3,3,3,0000000000000000,0,0,3,d65bd77e10f1103b,0,1,0,0,1,0,0,0000000000000000,0000000000000000,0000000000000000,0,0
1776,1776,0,0000000,00,3,3,3,0000000000000000,0,0,3,d65bd77e10f1103b,0,1,0,0,1,0,0,0000000000000000,0000000000000000,0000000000000000,0,0
1777,1777,0,0000000,00,3,3,3,0000000000000000,0,0,3,d65bd77e10f1103b,0,1,0,0,1,0,0,0000000000000000,0000000000000000,0000000000000000,0,0
1778,1778,0,0000000,00,3,3,3,0000000000000000,0,0,3,d65bd77e10f1103b,0,1,0,0,1,0,0,0000000000000000,0000000000000000,0000000000000000,0,0
1779,1779,0,0000000,00,3,3,3,0000000000000000,0,0,3,d65bd77e10f1103b,0,1,0,0,1,0,0,0000000000000000,0000000000000000,0000000000000000,0,0
1780,1780,0,0000000,00,3,3,3,0000000000000000,0,0,3,d65bd77e10f1103b,0,1,0,0,1,0,0,0000000000000000,0000000000000000,0000000000000000,0,0
1781,1781,0,0000000,00,3,3,3,0000000000000000,0,0,3,d65bd77e10f1103b,0,1,0,0,1,0,0,0000000000000000,0000000000000000,0000000000000000,0,0
1782,1782,0,0000000,00,3,3,3,0000000000000000,0,0,3,d65bd77e10f1103b,0,1,0,0,1,0,0,0000000000000000,0000000000000000,0000000000000000,0,0
1783,1783,0,0000000,00,3,3,3,0000000000000000,0,0,3,d65bd77e10f1103b,0,1,0,0,1,0,0,0000000000000000,0000000000000000,0000000000000000,0,0
1784,1784,0,0000000,00,3,3,3,0000000000000000,0,0,3,d65bd77e10f1103b,0,1,0,0,1,0,0,0000000000000000,0000000000000000,0000000000000000,0,0
1785,1785,0,0000000,00,3,3,3,0000000000000000,0,0,3,d65bd77e10f1103b,0,1,0,0,1,0,0,0000000000000000,0000000000000000,0000000000000000,0,0
1786,1786,0,0000000,00,3,3,3,0000000000000000,0,0,3,d65bd77e10f1103b,0,1,0,0,1,0,0,0000000000000000,0000000000000000,0000000000000000,0,0
1787,1787,0,0000000,00,3,3,3,0000000000000000,0,0,3,d65bd77e10f1103b,0,1,0,0,1,0,0,0000000000000000,0000000000000000,0000000000000000,0,0
1788,1788,0,0000000,00,3,3,3,0000000000000000,0,0,3,d65bd77e10f1103b,0,1,0,0,1,0,0,0000000000000000,0000000000000000,0000000000000000,0,0
1789,1789,0,0000000,00,3,3,3,0000000000000000,0,0,3,d65bd77e10f1103b,0,1,0,0,1,0,0,0000000000000000,0000000000000000,0000000000000000,0,0
1790,1790,0,0000000,00,3,3,3,0000000000000000,0,0,3,d65bd77e10f1103b,0,1,0,0,1,0,0,0000000000000000,0000000000000000,0000000000000000,0,0
1791,1791,0,0000000,00,3,3,3,0000000000000000,0,0,3,d65bd77e10f1103b,0,1,0,0,1,0,0,0000000000000000,0000000000000000,0000000000000000,0,0
1792,1792,0,0000000,00,3,3,3,0000000000000000,0,0,3,d65bd77e10f1103b,0,1,0,0,1,0,0,0000000000000000,0000000000000000,0000000000000000,0,0
1793,1793,0,0000000,00,3,3,3,0000000000000000,0,0,3,d65bd77e10f1103b,0,1,0,0,1,0,0,0000000000000000,0000000000000000,0000000000000000,0,0
1794,1794,0,0000000,00,3,3,3,0000000000000000,0,0,3,d65bd77e10f1103b,0,1,0,0,1,0,0,0000000000000000,0000000000000000,0000000000000000,0,0
1795,1795,0,0000000,00,3,3,3,0000000000000000,0,0,3,d65bd77e10f1103b,0,1,0,0,1,0,0,0000000000000000,0000000000000000,0000000000000000,0,0
1796,1796,0,0000000,00,3,3,3,0000000000000000,0,0,3,d65bd77e10f1103b,0,1,0,0,1,0,0,0000000000000000,0000000000000000,0000000000000000,0,0
1797,1797,0,0000000,00,3,3,3,0000000000000000,0,0,3,d65bd77e10f1103b,0,1,0,0,1,0,0,0000000000000000,0000000000000000,0000000000000000,0,0
1798,1798,0,0000000,00,3,3,3,0000000000000000,0,0,3,d65bd77e10f1103b,0,1,0,0,1,0,0,0000000000000000,0000000000000000,0000000000000000,0,0
1799,1799,0,0000000,00,3,3,3,0000000000000000,0,0,3,d65bd77e10f1103b,0,1,0,0,1,0,0,0000000000000000,0000000000000000,0000000000000000,0,0
1800,1800,0,0000000,00,3,3,3,0000000000000000,0,0,3,d65bd77e10f1103b,0,1,0,0,1,0,0,0000000000000000,0000000000000000,0000000000000000,0,0
1801,1801,0,0000000,00,3,3,3,0000000000000000,0,0,3,d65bd77e10f1103b,0,1,0,0,1,0,0,0000000000000000,0000000000000000,0000000000000000,0,0
1802,1802,0,0000000,00,3,3,3,0000000000000000,0,0,3,d65bd77e10f1103b,0,1,0,0,1,0,0,0000000000000000,0000000000000000,0000000000000000,0,0
1803,1803,0,0000000,00,3,3,3,0000000000000000,0,0,3,d65bd77e10f1103b,0,1,0,0,1,0,0,0000000000000000,0000000000000000,0000000000000000,0,0
1804,1804,0,0000000,00,3,3,3,0000000000000000,0,0,3,d65bd77e10f1103b,0,1,0,0,1,0,0,0000000000000000,0000000000000000,0000000000000000,0,0
1805,1805,0,0000000,00,3,3,3,0000000000000000,0,0,3,d65bd77e10f1103b,0,1,0,0,1,0,0,0000000000000000,0000000000000000,0000000000000000,0,0
1806,1806,0,0000000,00,3,3,3,0000000000000000,0,0,3,d65bd77e10f1103b,0,1,0,0,1,0,0,0000000000000000,0000000000000000,0000000000000000,0,0
1807,1807,0,0000000,00,3,3,3,0000000000000000,0,0,3,d65bd77e10f1103b,0,1,0,0,1,0,0,0000000000000000,0000000000000000,0000000000000000,0,0
1808,1808,0,0000000,00,3,3,3,0000000000000000,0,0,3,d65bd77e10f1103b,0,1,0,0,1,0,0,0000000000000000,0000000000000000,0000000000000000,0,0
1809,1809,0,0000000,00,3,3,3,0000000000000000,0,0,3,d65bd77e10f1103b,0,1,0,0,1,0,0,0000000000000000,0000000000000000,0000000000000000,0,0
1810,1810,0,0000000,00,3,3,3,0000000000000000,0,0,3,d65bd77e10f1103b,0,1,0,0,1,0,0,0000000000000000,0000000000000000,0000000000000000,0,0
1811,1811,0,0000000,00,3,3,3,0000000000000000,0,0,3,d65bd77e10f1103b,0,1,0,0,1,0,0,0000000000000000,0000000000000000,0000000000000000,0,0
1812,1812,0,0000000,00,3,3,3,0000000000000000,0,0,3,d65bd77e10f1103b,0,1,0,0,1,0,0,0000000000000000,0000000000000000,0000000000000000,0,0
1813,1813,0,0000000,00,3,3,3,0000000000000000,0,0,3,d65bd77e10f1103b,0,1,0,0,1,0,0,0000000000000000,0000000000000000,0000000000000000,0,0
1814,1814,0,0000000,00,3,3,3,0000000000000000,0,0,3,d65bd77e10f1103b,0,1,0,0,1,0,0,0000000000000000,0000000000000000,0000000000000000,0,0
1815,1815,0,0000000,00,3,3,3,0000000000000000,0,0,3,d65bd77e10f1103b,0,1,0,0,1,0,0,0000000000000000,0000000000000000,0000000000000000,0,0
1816,1816,0,0000000,00,3,3,3,0000000000000000,0,0,3,d65bd77e10f1103b,0,1,0,0,1,0,0,0000000000000000,0000000000000000,0000000000000000,0,0
1817,1817,0,0000000,00,3,3,3,0000000000000000,0,0,3,d65bd77e10f1103b,0,1,0,0,1,0,0,0000000000000000,0000000000000000,0000000000000000,0,0
1818,1818,0,0000000,00,3,3,3,0000000000000000,0,0,3,d65bd77e10f1103b,0,1,0,0,1,0,0,0000000000000000,0000000000000000,0000000000000000,0,0
1819,1819,0,0000000,00,3,3,3,0000000000000000,0,0,3,d65bd77e10f1103b,0,1,0,0,1,0,0,0000000000000000,0000000000000000,0000000000000000,0,0
1820,1820,0,0000000,00,3,3,3,0000000000000000,0,0,3,d65bd77e10f1103b,0,1,0,0,1,0,0,0000000000000000,0000000000000000,0000000000000000,0,0
1821,1821,0,0000000,00,3,3,3,0000000000000000,0,0,3,d65bd77e10f1103b,0,1,0,0,1,0,0,0000000000000000,0000000000000000,0000000000000000,0,0
1822,1822,0,0000000,00,3,3,3,0000000000000000,0,0,3,d65bd77e10f1103b,0,1,0,0,1,0,0,0000000000000000,0000000000000000,0000000000000000,0,0
1823,1823,0,0000000,00,3,3,3,0000000000000000,0,0,3,d65bd77e10f1103b,0,1,0,0,1,0,0,0000000000000000,0000000000000000,0000000000000000,0,0
1824,1824,0,0000000,00,3,3,3,0000000000000000,0,0,3,d65bd77e10f1103b,0,1,0,0,1,0,0,0000000000000000,0000000000000000,0000000000000000,0,0
1825,1825,0,0000000,00,3,3,3,0000000000000000,0,0,3,d65bd77e10f1103b,0,1,0,0,1,0,0,0000000000000000,0000000000000000,0000000000000000,0,0
1826,1826,0,0000000,00,3,3,3,0000000000000000,0,0,3,d65bd77e10f1103b,0,1,0,0,1,0,0,0000000000000000,0000000000000000,0000000000000000,0,0
1827,1827,0,0000000,00,3,3,3,0000000000000000,0,0,3,d65bd77e10f1103b,0,1,0,0,1,0,0,0000000000000000,0000000000000000,0000000000000000,0,0
1828,1828,0,0000000,00,3,3,3,0000000000000000,0,0,3,d65bd77e10f1103b,0,1,0,0,1,0,0,0000000000000000,0000000000000000,0000000000000000,0,0
1829,1829,0,0000000,00,3,3,3,0000000000000000,0,0,3,d65bd77e10f1103b,0,1,0,0,1,0,0,0000000000000000,0000000000000000,0000000000000000,0,0
1830,1830,0,0000000,00,3,3,3,0000000000000000,0,0,3,d65bd77e10f1103b,0,1,0,0,1,0,0,0000000000000000,0000000000000000,0000000000000000,0,0
1831,1831,0,0000000,00,3,3,3,0000000000000000,0,0,3,d65bd77e10f1103b,0,1,0,0,1,0,0,0000000000000000,0000000000000000,0000000000000000,0,0
1832,1832,0,0000000,00,3,3,3,0000000000000000,0,0,3,d65bd77e10f1103b,0,1,0,0,1,0,0,0000000000000000,0000000000000000,0000000000000000,0,0
1833,1833,0,0000000,00,3,3,3,0000000000000000,0,0,3,d65bd77e10f1103b,0,1,0,0,1,0,0,0000000000000000,0000000000000000,0000000000000000,0,0
1834,1834,0,0000000,00,3,3,3,0000000000000000,0,0,3,d65bd77e10f1103b,0,1,0,0,1,0,0,0000000000000000,0000000000000000,0000000000000000,0,0
1835,1835,0,0000000,00,3,3,3,0000000000000000,0,0,3,d65bd77e10f1103b,0,1,0,0,1,0,0,0000000000000000,0000000000000000,0000000000000000,0,0
1836,1836,0,0000000,00,3,3,3,0000000000000000,0,0,3,d65bd77e10f1103b,0,1,0,0,1,0,0,0000000000000000,0000000000000000,0000000000000000,0,0
1837,1837,0,0000000,00,3,3,3,0000000000000000,0,0,3,d65bd77e10f1103b,0,1,0,0,1,0,0,0000000000000000,0000000000000000,0000000000000000,0,0
1838,1838,0,0000000,00,3,3,3,0000000000000000,0,0,3,d65bd77e10f1103b,0,1,0,0,1,0,0,0000000000000000,0000000000000000,0000000000000000,0,0
1839,1839,0,0000000,00,3,3,3,0000000000000000,0,0,3,d65bd77e10f1103b,0,1,0,0,1,0,0,0000000000000000,0000000000000000,0000000000000000,0,0
1840,1840,0,0000000,00,3,3,3,0000000000000000,0,0,3,d65bd77e10f1103b,0,1,0,0,1,0,0,0000000000000000,0000000000000000,0000000000000000,0,0
1841,1841,0,0000000,00,3,3,3,0000000000000000,0,0,3,d65bd77e10f1103b,0,1,0,0,1,0,0,0000000000000000,0000000000000000,0000000000000000,0,0
1842,1842,0,0000000,00,3,3,3,0000000000000000,0,0,3,d65bd77e10f1103b,0,1,0,0,1,0,0,0000000000000000,0000000000000000,0000000000000000,0,0
1843,1843,0,0000000,00,3,3,3,0000000000000000,0,0,3,d65bd77e10f1103b,0,1,0,0,1,0,0,0000000000000000,0000000000000000,0000000000000000,0,0
1844,1844,0,0000000,00,3,3,3,0000000000000000,0,0,3,d65bd77e10f1103b,0,1,0,0,1,0,0,0000000000000000,0000000000000000,0000000000000000,0,0
1845,1845,0,0000000,00,3,3,3,0000000000000000,0,0,3,d65bd77e10f1103b,0,1,0,0,1,0,0,0000000000000000,0000000000000000,0000000000000000,0,0
1846,1846,0,0000000,00,3,3,3,0000000000000000,0,0,3,d65bd77e10f1103b,0,1,0,0,1,0,0,0000000000000000,0000000000000000,0000000000000000,0,0
1847,1847,0,0000000,00,3,3,3,0000000000000000,0,0,3,d65bd77e10f1103b,0,1,0,0,1,0,0,0000000000000000,0000000000000000,0000000000000000,0,0
1848,1848,0,0000000,00,3,3,3,0000000000000000,0,0,3,d65bd77e10f1103b,0,1,0,0,1,0,0,0000000000000000,0000000000000000,0000000000000000,0,0
1849,1849,0,0000000,00,3,3,3,0000000000000000,0,0,3,d65bd77e10f1103b,0,1,0,0,1,0,0,0000000000000000,0000000000000000,0000000000000000,0,0
1850,1850,0,0000000,00,3,3,3,0000000000000000,0,0,3,d65bd77e10f1103b,0,1,0,0,1,0,0,0000000000000000,0000000000000000,0000000000000000,0,0
1851,1851,0,0000000,00,3,3,3,0000000000000000,0,0,3,d65bd77e10f1103b,0,1,0,0,1,0,0,0000000000000000,0000000000000000,0000000000000000,0,0
1852,1852,0,0000000,00,3,3,3,0000000000000000,0,0,3,d65bd77e10f1103b,0,1,0,0,1,0,0,0000000000000000,0000000000000000,0000000000000000,0,0
1853,1853,0,0000000,00,3,3,3,0000000000000000,0,0,3,d65bd77e10f1103b,0,1,0,0,1,0,0,0000000000000000,0000000000000000,0000000000000000,0,0
1854,1854,0,0000000,00,3,3,3,0000000000000000,0,0,3,d65bd77e10f1103b,0,1,0,0,1,0,0,0000000000000000,0000000000000000,0000000000000000,0,0
1855,1855,0,0000000,00,3,3,3,0000000000000000,0,0,3,d65bd77e10f1103b,0,1,0,0,1,0,0,0000000000000000,0000000000000000,0000000000000000,0,0
1856,1856,0,0000000,00,3,3,3,0000000000000000,0,0,3,d65bd77e10f1103b,0,1,0,0,1,0,0,0000000000000000,0000000000000000,0000000000000000,0,0
1857,1857,0,0000000,00,3,3,3,0000000000000000,0,0,3,d65bd77e10f1103b,0,1,0,0,1,0,0,0000000000000000,0000000000000000,0000000000000000,0,0
1858,1858,0,0000000,00,3,3,3,0000000000000000,0,0,3,d65bd77e10f1103b,0,1,0,0,1,0,0,0000000000000000,0000000000000000,0000000000000000,0,0
1859,1859,0,0000000,00,3,3,3,0000000000000000,0,0,3,d65bd77e10f1103b,0,1,0,0,1,0,0,0000000000000000,0000000000000000,0000000000000000,0,0
1860,1860,0,0000000,00,3,3,3,0000000000000000,0,0,3,d65bd77e10f1103b,0,1,0,0,1,0,0,0000000000000000,0000000000000000,0000000000000000,0,0
1861,1861,0,0000000,00,3,3,3,0000000000000000,0,0,3,d65bd77e10f1103b,0,1,0,0,1,0,0,0000000000000000,0000000000000000,0000000000000000,0,0
1862,1862,0,0000000,00,3,3,3,0000000000000000,0,0,3,d65bd77e10f1103b,0,1,0,0,1,0,0,0000000000000000,0000000000000000,0000000000000000,0,0
1863,1863,0,0000000,00,3,3,3,0000000000000000,0,0,3,d65bd77e10f1103b,0,1,0,0,1,0,0,0000000000000000,0000000000000000,0000000000000000,0,0
1864,1864,0,0000000,00,3,3,3,0000000000000000,0,0,3,d65bd77e10f1103b,0,1,0,0,1,0,0,0000000000000000,0000000000000000,0000000000000000,0,0
1865,1865,0,0000000,00,3,3,3,0000000000000000,0,0,3,d65bd77e10f1103b,0,1,0,0,1,0,0,0000000000000000,0000000000000000,0000000000000000,0,0
1866,1866,0,0000000,00,3,3,3,0000000000000000,0,0,3,d65bd77e10f1103b,0,1,0,0,1,0,0,0000000000000000,0000000000000000,0000000000000000,0,0
1867,1867,0,0000000,00,3,3,3,0000000000000000,0,0,3,d65bd77e10f1103b,0,1,0,0,1,0,0,0000000000000000,0000000000000000,0000000000000000,0,0
1868,1868,0,0000000,00,3,3,3,0000000000000000,0,0,3,d65bd77e10f1103b,0,1,0,0,1,0,0,0000000000000000,0000000000000000,0000000000000000,0,0
1869,1869,0,0000000,00,3,3,3,0000000000000000,0,0,3,d65bd77e10f1103b,0,1,0,0,1,0,0,0000000000000000,0000000000000000,0000000000000000,0,0
1870,1870,0,0000000,00,3,3,3,0000000000000000,0,0,3,d65bd77e10f1103b,0,1,0,0,1,0,0,0000000000000000,0000000000000000,0000000000000000,0,0
1871,1871,0,0000000,00,3,3,3,0000000000000000,0,0,3,d65bd77e10f1103b,0,1,0,0,1,0,0,0000000000000000,0000000000000000,0000000000000000,0,0
1872,1872,0,0000000,00,3,3,3,0000000000000000,0,0,3,d65bd77e10f1103b,0,1,0,0,1,0,0,0000000000000000,0000000000000000,0000000000000000,0,0
1873,1873,0,0000000,00,3,3,3,0000000000000000,0,0,3,d65bd77e10f1103b,0,1,0,0,1,0,0,0000000000000000,0000000000000000,0000000000000000,0,0
1874,1874,0,0000000,00,3,3,3,0000000000000000,0,0,3,d65bd77e10f1103b,0,1,0,0,1,0,0,0000000000000000,0000000000000000,0000000000000000,0,0
1875,1875,0,0000000,00,3,3,3,0000000000000000,0,0,3,d65bd77e10f1103b,0,1,0,0,1,0,0,0000000000000000,0000000000000000,0000000000000000,0,0
1876,1876,0,0000000,00,3,3,3,0000000000000000,0,0,3,d65bd77e10f1103b,0,1,0,0,1,0,0,0000000000000000,0000000000000000,0000000000000000,0,0
1877,1877,0,0000000,00,3,3,3,0000000000000000,0,0,3,d65bd77e10f1103b,0,1,0,0,1,0,0,0000000000000000,0000000000000000,0000000000000000,0,0
1878,1878,0,0000000,00,3,3,3,0000000000000000,0,0,3,d65bd77e10f1103b,0,1,0,0,1,0,0,0000000000000000,0000000000000000,0000000000000000,0,0
1879,1879,0,0000000,00,3,3,3,0000000000000000,0,0,3,d65bd77e10f1103b,0,1,0,0,1,0,0,0000000000000000,0000000000000000,0000000000000000,0,0
1880,1880,0,0000000,00,3,3,3,0000000000000000,0,0,3,d65bd77e10f1103b,0,1,0,0,1,0,0,0000000000000000,0000000000000000,0000000000000000,0,0
1881,1881,0,0000000,00,3,3,3,0000000000000000,0,0,3,d65bd77e10f1103b,0,1,0,0,1,0,0,0000000000000000,0000000000000000,0000000000000000,0,0
1882,1882,0,0000000,00,3,3,3,0000000000000000,0,0,3,d65bd77e10f1103b,0,1,0,0,1,0,0,0000000000000000,0000000000000000,0000000000000000,0,0
1883,1883,0,0000000,00,3,3,3,0000000000000000,0,0,3,d65bd77e10f1103b,0,1,0,0,1,0,0,0000000000000000,0000000000000000,0000000000000000,0,0
1884,1884,0,0000000,00,3,3,3,0000000000000000,0,0,3,d65bd77e10f1103b,0,1,0,0,1,0,0,0000000000000000,0000000000000000,0000000000000000,0,0
1885,1885,0,0000000,00,3,3,3,0000000000000000,0,0,3,d65bd77e10f1103b,0,1,0,0,1,0,0,0000000000000000,0000000000000000,0000000000000000,0,0
1886,1886,0,0000000,00,3,3,3,0000000000000000,0,0,3,d65bd77e10f1103b,0,1,0,0,1,0,0,0000000000000000,0000000000000000,0000000000000000,0,0
1887,1887,0,0000000,00,3,3,3,0000000000000000,0,0,3,d65bd77e10f1103b,0,1,0,0,1,0,0,0000000000000000,0000000000000000,0000000000000000,0,0
1888,1888,0,0000000,00,3,3,3,0000000000000000,0,0,3,d65bd77e10f1103b,0,1,0,0,1,0,0,0000000000000000,0000000000000000,0000000000000000,0,0
1889,1889,0,0000000,00,3,3,3,0000000000000000,0,0,3,d65bd77e10f1103b,0,1,0,0,1,0,0,0000000000000000,0000000000000000,0000000000000000,0,0
1890,1890,0,0000000,00,3,3,3,0000000000000000,0,0,3,d65bd77e10f1103b,0,1,0,0,1,0,0,0000000000000000,0000000000000000,0000000000000000,0,0
1891,1891,0,0000000,00,3,3,3,0000000000000000,0,0,3,d65bd77e10f1103b,0,1,0,0,1,0,0,0000000000000000,0000000000000000,0000000000000000,0,0
1892,1892,0,0000000,00,3,3,3,0000000000000000,0,0,3,d65bd77e10f1103b,0,1,0,0,1,0,0,0000000000000000,0000000000000000,0000000000000000,0,0
1893,1893,0,0000000,00,3,3,3,0000000000000000,0,0,3,d65bd77e10f1103b,0,1,0,0,1,0,0,0000000000000000,0000000000000000,0000000000000000,0,0
1894,1894,0,0000000,00,3,3,3,0000000000000000,0,0,3,d65bd77e10f1103b,0,1,0,0,1,0,0,0000000000000000,0000000000000000,0000000000000000,0,0
1895,1895,0,0000000,00,3,3,3,0000000000000000,0,0,3,d65bd77e10f1103b,0,1,0,0,1,0,0,0000000000000000,0000000000000000,0000000000000000,0,0
1896,1896,0,0000000,00,3,3,3,0000000000000000,0,0,3,d65bd77e10f1103b,0,1,0,0,1,0,0,0000000000000000,0000000000000000,0000000000000000,0,0
1897,1897,0,0000000,00,3,3,3,0000000000000000,0,0,3,d65bd77e10f1103b,0,1,0,0,1,0,0,0000000000000000,0000000000000000,0000000000000000,0,0
1898,1898,0,0000000,00,3,3,3,0000000000000000,0,0,3,d65bd77e10f1103b,0,1,0,0,1,0,0,0000000000000000,0000000000000000,0000000000000000,0,0
1899,1899,0,0000000,00,3,3,3,0000000000000000,0,0,3,d65bd77e10f1103b,0,1,0,0,1,0,0,0000000000000000,0000000000000000,0000000000000000,0,0
1900,1900,0,0000000,00,3,3,3,0000000000000000,0,0,3,d65bd77e10f1103b,0,1,0,0,1,0,0,0000000000000000,0000000000000000,0000000000000000,0,0
1901,1901,0,0000000,00,3,3,3,0000000000000000,0,0,3,d65bd77e10f1103b,0,1,0,0,1,0,0,0000000000000000,0000000000000000,0000000000000000,0,0
1902,1902,0,0000000,00,3,3,3,0000000000000000,0,0,3,d65bd77e10f1103b,0,1,0,0,1,0,0,0000000000000000,0000000000000000,0000000000000000,0,0
1903,1903,0,0000000,00,3,3,3,0000000000000000,0,0,3,d65bd77e10f1103b,0,1,0,0,1,0,0,0000000000000000,0000000000000000,0000000000000000,0,0
1904,1904,0,0000000,00,3,3,3,0000000000000000,0,0,3,d65bd77e10f1103b,0,1,0,0,1,0,0,0000000000000000,0000000000000000,0000000000000000,0,0
1905,1905,0,0000000,00,3,3,3,0000000000000000,0,0,3,d65bd77e10f1103b,0,1,0,0,1,0,0,0000000000000000,0000000000000000,0000000000000000,0,0
1906,1906,0,0000000,00,3,3,3,0000000000000000,0,0,3,d65bd77e10f1103b,0,1,0,0,1,0,0,0000000000000000,0000000000000000,0000000000000000,0,0
1907,1907,0,0000000,00,3,3,3,0000000000000000,0,0,3,d65bd77e10f1103b,0,1,0,0,1,0,0,0000000000000000,0000000000000000,0000000000000000,0,0
1908,1908,0,0000000,00,3,3,3,0000000000000000,0,0,3,d65bd77e10f1103b,0,1,0,0,1,0,0,0000000000000000,0000000000000000,0000000000000000,0,0
1909,1909,0,0000000,00,3,3,3,0000000000000000,0,0,3,d65bd77e10f1103b,0,1,0,0,1,0,0,0000000000000000,0000000000000000,0000000000000000,0,0
1910,1910,0,0000000,00,3,3,3,0000000000000000,0,0,3,d65bd77e10f1103b,0,1,0,0,1,0,0,0000000000000000,0000000000000000,0000000000000000,0,0
1911,1911,0,0000000,00,3,3,3,0000000000000000,0,0,3,d65bd77e10f1103b,0,1,0,0,1,0,0,0000000000000000,0000000000000000,0000000000000000,0,0
1912,1912,0,0000000,00,3,3,3,0000000000000000,0,0,3,d65bd77e10f1103b,0,1,0,0,1,0,0,0000000000000000,0000000000000000,0000000000000000,0,0
1913,1913,0,0000000,00,3,3,3,0000000000000000,0,0,3,d65bd77e10f1103b,0,1,0,0,1,0,0,0000000000000000,0000000000000000,0000000000000000,0,0
1914,1914,0,0000000,00,3,3,3,0000000000000000,0,0,3,d65bd77e10f1103b,0,1,0,0,1,0,0,0000000000000000,0000000000000000,0000000000000000,0,0
1915,1915,0,0000000,00,3,3,3,0000000000000000,0,0,3,d65bd77e10f1103b,0,1,0,0,1,0,0,0000000000000000,0000000000000000,0000000000000000,0,0
1916,1916,0,0000000,00,3,3,3,0000000000000000,0,0,3,d65bd77e10f1103b,0,1,0,0,1,0,0,0000000000000000,0000000000000000,0000000000000000,0,0
1917,1917,0,0000000,00,3,3,3,0000000000000000,0,0,3,d65bd77e10f1103b,0,1,0,0,1,0,0,0000000000000000,0000000000000000,0000000000000000,0,0
1918,1918,0,0000000,00,3,3,3,0000000000000000,0,0,3,d65bd77e10f1103b,0,1,0,0,1,0,0,0000000000000000,0000000000000000,0000000000000000,0,0
1919,1919,0,0000000,00,3,3,3,0000000000000000,0,0,3,d65bd77e10f1103b,0,1,0,0,1,0,0,0000000000000000,0000000000000000,0000000000000000,0,0
1920,1920,0,0000000,00,3,3,3,0000000000000000,0,0,3,d65bd77e10f1103b,0,1,0,0,1,0,0,0000000000000000,0000000000000000,0000000000000000,0,0
1921,1921,0,0000000,00,3,3,3,0000000000000000,0,0,3,d65bd77e10f1103b,0,1,0,0,1,0,0,0000000000000000,0000000000000000,0000000000000000,0,0
1922,1922,0,0000000,00,3,3,3,0000000000000000,0,0,3,d65bd77e10f1103b,0,1,0,0,1,0,0,0000000000000000,0000000000000000,0000000000000000,0,0
1923,1923,0,0000000,00,3,3,3,0000000000000000,0,0,3,d65bd77e10f1103b,0,1,0,0,1,0,0,0000000000000000,0000000000000000,0000000000000000,0,0
1924,1924,0,0000000,00,3,3,3,0000000000000000,0,0,3,d65bd77e10f1103b,0,1,0,0,1,0,0,0000000000000000,0000000000000000,0000000000000000,0,0
1925,1925,0,0000000,00,3,3,3,0000000000000000,0,0,3,d65bd77e10f1103b,0,1,0,0,1,0,0,0000000000000000,0000000000000000,0000000000000000,0,0
1926,1926,0,0000000,00,3,3,3,0000000000000000,0,0,3,d65bd77e10f1103b,0,1,0,0,1,0,0,0000000000000000,0000000000000000,0000000000000000,0,0
1927,1927,0,0000000,00,3,3,3,0000000000000000,0,0,3,d65bd77e10f1103b,0,1,0,0,1,0,0,0000000000000000,0000000000000000,0000000000000000,0,0
1928,1928,0,0000000,00,3,3,3,0000000000000000,0,0,3,d65bd77e10f1103b,0,1,0,0,1,0,0,0000000000000000,0000000000000000,0000000000000000,0,0
1929,1929,0,0000000,00,3,3,3,0000000000000000,0,0,3,d65bd77e10f1103b,0,1,0,0,1,0,0,0000000000000000,0000000000000000,0000000000000000,0,0
1930,1930,0,0000000,00,3,3,3,0000000000000000,0,0,3,d65bd77e10f1103b,0,1,0,0,1,0,0,0000000000000000,0000000000000000,0000000000000000,0,0
1931,1931,0,0000000,00,3,3,3,0000000000000000,0,0,3,d65bd77e10f1103b,0,1,0,0,1,0,0,0000000000000000,0000000000000000,0000000000000000,0,0
1932,1932,0,0000000,00,3,3,3,0000000000000000,0,0,3,d65bd77e10f1103b,0,1,0,0,1,0,0,0000000000000000,0000000000000000,0000000000000000,0,0
1933,1933,0,0000000,00,3,3,3,0000000000000000,0,0,3,d65bd77e10f1103b,0,1,0,0,1,0,0,0000000000000000,0000000000000000,0000000000000000,0,0
1934,1934,0,0000000,00,3,3,3,0000000000000000,0,0,3,d65bd77e10f1103b,0,1,0,0,1,0,0,0000000000000000,0000000000000000,0000000000000000,0,0
1935,1935,0,0000000,00,3,3,3,0000000000000000,0,0,3,d65bd77e10f1103b,0,1,0,0,1,0,0,0000000000000000,0000000000000000,0000000000000000,0,0
1936,1936,0,0000000,00,3,3,3,0000000000000000,0,0,3,d65bd77e10f1103b,0,1,0,0,1,0,0,0000000000000000,0000000000000000,0000000000000000,0,0
1937,1937,0,0000000,00,3,3,3,0000000000000000,0,0,3,d65bd77e10f1103b,0,1,0,0,1,0,0,0000000000000000,0000000000000000,0000000000000000,0,0
1938,1938,0,0000000,00,3,3,3,0000000000000000,0,0,3,d65bd77e10f1103b,0,1,0,0,1,0,0,0000000000000000,0000000000000000,0000000000000000,0,0
1939,1939,0,0000000,00,3,3,3,0000000000000000,0,0,3,d65bd77e10f1103b,0,1,0,0,1,0,0,0000000000000000,0000000000000000,0000000000000000,0,0
1940,1940,0,0000000,00,3,3,3,0000000000000000,0,0,3,d65bd77e10f1103b,0,1,0,0,1,0,0,0000000000000000,0000000000000000,0000000000000000,0,0
1941,1941,0,0000000,00,3,3,3,0000000000000000,0,0,3,d65bd77e10f1103b,0,1,0,0,1,0,0,0000000000000000,0000000000000000,0000000000000000,0,0
1942,1942,0,0000000,00,3,3,3,0000000000000000,0,0,3,d65bd77e10f1103b,0,1,0,0,1,0,0,0000000000000000,0000000000000000,0000000000000000,0,0
1943,1943,0,0000000,00,3,3,3,0000000000000000,0,0,3,d65bd77e10f1103b,0,1,0,0,1,0,0,0000000000000000,0000000000000000,0000000000000000,0,0
1944,1944,0,0000000,00,3,3,3,0000000000000000,0,0,3,d65bd77e10f1103b,0,1,0,0,1,0,0,0000000000000000,0000000000000000,0000000000000000,0,0
1945,1945,0,0000000,00,3,3,3,0000000000000000,0,0,3,d65bd77e10f1103b,0,1,0,0,1,0,0,0000000000000000,0000000000000000,0000000000000000,0,0
1946,1946,0,0000000,00,3,3,3,0000000000000000,0,0,3,d65bd77e10f1103b,0,1,0,0,1,0,0,0000000000000000,0000000000000000,0000000000000000,0,0
1947,1947,0,0000000,00,3,3,3,0000000000000000,0,0,3,d65bd77e10f1103b,0,1,0,0,1,0,0,0000000000000000,0000000000000000,0000000000000000,0,0
1948,1948,0,0000000,00,3,3,3,0000000000000000,0,0,3,d65bd77e10f1103b,0,1,0,0,1,0,0,0000000000000000,0000000000000000,0000000000000000,0,0
1949,1949,0,0000000,00,3,3,3,0000000000000000,0,0,3,d65bd77e10f1103b,0,1,0,0,1,0,0,0000000000000000,0000000000000000,0000000000000000,0,0
1950,1950,0,0000000,00,3,3,3,0000000000000000,0,0,3,d65bd77e10f1103b,0,1,0,0,1,0,0,0000000000000000,0000000000000000,0000000000000000,0,0
1951,1951,0,0000000,00,3,3,3,0000000000000000,0,0,3,d65bd77e10f1103b,0,1,0,0,1,0,0,0000000000000000,0000000000000000,0000000000000000,0,0
1952,1952,0,0000000,00,3,3,3,0000000000000000,0,0,3,d65bd77e10f1103b,0,1,0,0,1,0,0,0000000000000000,0000000000000000,0000000000000000,0,0
1953,1953,0,0000000,00,3,3,3,0000000000000000,0,0,3,d65bd77e10f1103b,0,1,0,0,1,0,0,0000000000000000,0000000000000000,0000000000000000,0,0
1954,1954,0,0000000,00,3,3,3,0000000000000000,0,0,3,d65bd77e10f1103b,0,1,0,0,1,0,0,0000000000000000,0000000000000000,0000000000000000,0,0
1955,1955,0,0000000,00,3,3,3,0000000000000000,0,0,3,d65bd77e10f1103b,0,1,0,0,1,0,0,0000000000000000,0000000000000000,0000000000000000,0,0
1956,1956,0,0000000,00,3,3,3,0000000000000000,0,0,3,d65bd77e10f1103b,0,1,0,0,1,0,0,0000000000000000,0000000000000000,0000000000000000,0,0
1957,1957,0,0000000,00,3,3,3,0000000000000000,0,0,3,d65bd77e10f1103b,0,1,0,0,1,0,0,0000000000000000,0000000000000000,0000000000000000,0,0
1958,1958,0,0000000,00,3,3,3,0000000000000000,0,0,3,d65bd77e10f1103b,0,1,0,0,1,0,0,0000000000000000,0000000000000000,0000000000000000,0,0
1959,1959,0,0000000,00,3,3,3,0000000000000000,0,0,3,d65bd77e10f1103b,0,1,0,0,1,0,0,0000000000000000,0000000000000000,0000000000000000,0,0
1960,1960,0,0000000,00,3,3,3,0000000000000000,0,0,3,d65bd77e10f1103b,0,1,0,0,1,0,0,0000000000000000,0000000000000000,0000000000000000,0,0
1961,1961,0,0000000,00,3,3,3,0000000000000000,0,0,3,d65bd77e10f1103b,0,1,0,0,1,0,0,0000000000000000,0000000000000000,0000000000000000,0,0
1962,1962,0,0000000,00,3,3,3,0000000000000000,0,0,3,d65bd77e10f1103b,0,1,0,0,1,0,0,0000000000000000,0000000000000000,0000000000000000,0,0
1963,1963,0,0000000,00,3,3,3,0000000000000000,0,0,3,d65bd77e10f1103b,0,1,0,0,1,0,0,0000000000000000,0000000000000000,0000000000000000,0,0
1964,1964,0,0000000,00,3,3,3,0000000000000000,0,0,3,d65bd77e10f1103b,0,1,0,0,1,0,0,0000000000000000,0000000000000000,0000000000000000,0,0
1965,1965,0,0000000,00,3,3,3,0000000000000000,0,0,3,d65bd77e10f1103b,0,1,0,0,1,0,0,0000000000000000,0000000000000000,0000000000000000,0,0
1966,1966,0,0000000,00,3,3,3,0000000000000000,0,0,3,d65bd77e10f1103b,0,1,0,0,1,0,0,0000000000000000,0000000000000000,0000000000000000,0,0
1967,1967,0,0000000,00,3,3,3,0000000000000000,0,0,3,d65bd77e10f1103b,0,1,0,0,1,0,0,0000000000000000,0000000000000000,0000000000000000,0,0
1968,1968,0,0000000,00,3,3,3,0000000000000000,0,0,3,d65bd77e10f1103b,0,1,0,0,1,0,0,0000000000000000,0000000000000000,0000000000000000,0,0
1969,1969,0,0000000,00,3,3,3,0000000000000000,0,0,3,d65bd77e10f1103b,0,1,0,0,1,0,0,0000000000000000,0000000000000000,0000000000000000,0,0
1970,1970,0,0000000,00,3,3,3,0000000000000000,0,0,3,d65bd77e10f1103b,0,1,0,0,1,0,0,0000000000000000,0000000000000000,0000000000000000,0,0
1971,1971,0,0000000,00,3,3,3,0000000000000000,0,0,3,d65bd77e10f1103b,0,1,0,0,1,0,0,0000000000000000,0000000000000000,0000000000000000,0,0
1972,1972,0,0000000,00,3,3,3,0000000000000000,0,0,3,d65bd77e10f1103b,0,1,0,0,1,0,0,0000000000000000,0000000000000000,0000000000000000,0,0
1973,1973,0,0000000,00,3,3,3,0000000000000000,0,0,3,d65bd77e10f1103b,0,1,0,0,1,0,0,0000000000000000,0000000000000000,0000000000000000,0,0
1974,1974,0,0000000,00,3,3,3,0000000000000000,0,0,3,d65bd77e10f1103b,0,1,0,0,1,0,0,0000000000000000,0000000000000000,0000000000000000,0,0
1975,1975,0,0000000,00,3,3,3,0000000000000000,0,0,3,d65bd77e10f1103b,0,1,0,0,1,0,0,0000000000000000,0000000000000000,0000000000000000,0,0
1976,1976,0,0000000,00,3,3,3,0000000000000000,0,0,3,d65bd77e10f1103b,0,1,0,0,1,0,0,0000000000000000,0000000000000000,0000000000000000,0,0
1977,1977,0,0000000,00,3,3,3,0000000000000000,0,0,3,d65bd77e10f1103b,0,1,0,0,1,0,0,0000000000000000,0000000000000000,0000000000000000,0,0
1978,1978,0,0000000,00,3,3,3,0000000000000000,0,0,3,d65bd77e10f1103b,0,1,0,0,1,0,0,0000000000000000,0000000000000000,0000000000000000,0,0
1979,1979,0,0000000,00,3,3,3,0000000000000000,0,0,3,d65bd77e10f1103b,0,1,0,0,1,0,0,0000000000000000,0000000000000000,0000000000000000,0,0
1980,1980,0,0000000,00,3,3,3,0000000000000000,0,0,3,d65bd77e10f1103b,0,1,0,0,1,0,0,0000000000000000,0000000000000000,0000000000000000,0,0
1981,1981,0,0000000,00,3,3,3,0000000000000000,0,0,3,d65bd77e10f1103b,0,1,0,0,1,0,0,0000000000000000,0000000000000000,0000000000000000,0,0
1982,1982,0,0000000,00,3,3,3,0000000000000000,0,0,3,d65bd77e10f1103b,0,1,0,0,1,0,0,0000000000000000,0000000000000000,0000000000000000,0,0
1983,1983,0,0000000,00,3,3,3,0000000000000000,0,0,3,d65bd77e10f1103b,0,1,0,0,1,0,0,0000000000000000,0000000000000000,0000000000000000,0,0
1984,1984,0,0000000,00,3,3,3,0000000000000000,0,0,3,d65bd77e10f1103b,0,1,0,0,1,0,0,0000000000000000,0000000000000000,0000000000000000,0,0
1985,1985,0,0000000,00,3,3,3,0000000000000000,0,0,3,d65bd77e10f1103b,0,1,0,0,1,0,0,0000000000000000,0000000000000000,0000000000000000,0,0
1986,1986,0,0000000,00,3,3,3,0000000000000000,0,0,3,d65bd77e10f1103b,0,1,0,0,1,0,0,0000000000000000,0000000000000000,0000000000000000,0,0
1987,1987,0,0000000,00,3,3,3,0000000000000000,0,0,3,d65bd77e10f1103b,0,1,0,0,1,0,0,0000000000000000,0000000000000000,0000000000000000,0,0
1988,1988,0,0000000,00,3,3,3,0000000000000000,0,0,3,d65bd77e10f1103b,0,1,0,0,1,0,0,0000000000000000,0000000000000000,0000000000000000,0,0
1989,1989,0,0000000,00,3,3,3,0000000000000000,0,0,3,d65bd77e10f1103b,0,1,0,0,1,0,0,0000000000000000,0000000000000000,0000000000000000,0,0
1990,1990,0,0000000,00,3,3,3,0000000000000000,0,0,3,d65bd77e10f1103b,0,1,0,0,1,0,0,0000000000000000,0000000000000000,0000000000000000,0,0
1991,1991,0,0000000,00,3,3,3,0000000000000000,0,0,3,d65bd77e10f1103b,0,1,0,0,1,0,0,0000000000000000,0000000000000000,0000000000000000,0,0
1992,1992,0,0000000,00,3,3,3,0000000000000000,0,0,3,d65bd77e10f1103b,0,1,0,0,1,0,0,0000000000000000,0000000000000000,0000000000000000,0,0
1993,1993,0,0000000,00,3,3,3,0000000000000000,0,0,3,d65bd77e10f1103b,0,1,0,0,1,0,0,0000000000000000,0000000000000000,0000000000000000,0,0
1994,1994,0,0000000,00,3,3,3,0000000000000000,0,0,3,d65bd77e10f1103b,0,1,0,0,1,0,0,0000000000000000,0000000000000000,0000000000000000,0,0
1995,1995,0,0000000,00,3,3,3,0000000000000000,0,0,3,d65bd77e10f1103b,0,1,0,0,1,0,0,0000000000000000,0000000000000000,0000000000000000,0,0
1996,1996,0,0000000,00,3,3,3,0000000000000000,0,0,3,d65bd77e10f1103b,0,1,0,0,1,0,0,0000000000000000,0000000000000000,0000000000000000,0,0
1997,1997,0,0000000,00,3,3,3,0000000000000000,0,0,3,d65bd77e10f1103b,0,1,0,0,1,0,0,0000000000000000,0000000000000000,0000000000000000,0,0
1998,1998,0,0000000,00,3,3,3,0000000000000000,0,0,3,d65bd77e10f1103b,0,1,0,0,1,0,0,0000000000000000,0000000000000000,0000000000000000,0,0
1999,1999,0,0000000,00,3,3,3,0000000000000000,0,0,3,d65bd77e10f1103b,0,1,0,0,1,0,0,0000000000000000,0000000000000000,0000000000000000,0,0
2000,2000,0,0000000,00,3,3,3,0000000000000000,0,0,3,d65bd77e10f1103b,0,1,0,0,1,0,0,0000000000000000,0000000000000000,0000000000000000,0,0
2001,2001,0,0000000,00,3,3,3,0000000000000000,0,0,3,d65bd77e10f1103b,0,1,0,0,1,0,0,0000000000000000,0000000000000000,0000000000000000,0,0
2002,2002,0,0000000,00,3,3,3,0000000000000000,0,0,3,d65bd77e10f1103b,0,1,0,0,1,0,0,0000000000000000,0000000000000000,0000000000000000,0,0
2003,2003,0,0000000,00,3,3,3,0000000000000000,0,0,3,d65bd77e10f1103b,0,1,0,0,1,0,0,0000000000000000,0000000000000000,0000000000000000,0,0
2004,2004,0,0000000,00,3,3,3,0000000000000000,0,0,3,d65bd77e10f1103b,0,1,0,0,1,0,0,0000000000000000,0000000000000000,0000000000000000,0,0
2005,2005,0,0000000,00,3,3,3,0000000000000000,0,0,3,d65bd77e10f1103b,0,1,0,0,1,0,0,0000000000000000,0000000000000000,0000000000000000,0,0
2006,2006,0,0000000,00,3,3,3,0000000000000000,0,0,3,d65bd77e10f1103b,0,1,0,0,1,0,0,0000000000000000,0000000000000000,0000000000000000,0,0
2007,2007,0,0000000,00,3,3,3,0000000000000000,0,0,3,d65bd77e10f1103b,0,1,0,0,1,0,0,0000000000000000,0000000000000000,0000000000000000,0,0
2008,2008,0,0000000,00,3,3,3,0000000000000000,0,0,3,d65bd77e10f1103b,0,1,0,0,1,0,0,0000000000000000,0000000000000000,0000000000000000,0,0
2009,2009,0,0000000,00,3,3,3,0000000000000000,0,0,3,d65bd77e10f1103b,0,1,0,0,1,0,0,0000000000000000,0000000000000000,0000000000000000,0,0
2010,2010,0,0000000,00,3,3,3,0000000000000000,0,0,3,d65bd77e10f1103b,0,1,0,0,1,0,0,0000000000000000,0000000000000000,0000000000000000,0,0
2011,2011,0,0000000,00,3,3,3,0000000000000000,0,0,3,d65bd77e10f1103b,0,1,0,0,1,0,0,0000000000000000,0000000000000000,0000000000000000,0,0
2012,2012,0,0000000,00,3,3,3,0000000000000000,0,0,3,d65bd77e10f1103b,0,1,0,0,1,0,0,0000000000000000,0000000000000000,0000000000000000,0,0
2013,2013,0,0000000,00,3,3,3,0000000000000000,0,0,3,d65bd77e10f1103b,0,1,0,0,1,0,0,0000000000000000,0000000000000000,0000000000000000,0,0
2014,2014,0,0000000,00,3,3,3,0000000000000000,0,0,3,d65bd77e10f1103b,0,1,0,0,1,0,0,0000000000000000,0000000000000000,0000000000000000,0,0
2015,2015,0,0000000,00,3,3,3,0000000000000000,0,0,3,d65bd77e10f1103b,0,1,0,0,1,0,0,0000000000000000,0000000000000000,0000000000000000,0,0
2016,2016,0,0000000,00,3,3,3,0000000000000000,0,0,3,d65bd77e10f1103b,0,1,0,0,1,0,0,0000000000000000,0000000000000000,0000000000000000,0,0
2017,2017,0,0000000,00,3,3,3,0000000000000000,0,0,3,d65bd77e10f1103b,0,1,0,0,1,0,0,0000000000000000,0000000000000000,0000000000000000,0,0
2018,2018,0,0000000,00,3,3,3,0000000000000000,0,0,3,d65bd77e10f1103b,0,1,0,0,1,0,0,0000000000000000,0000000000000000,0000000000000000,0,0
2019,2019,0,0000000,00,3,3,3,0000000000000000,0,0,3,d65bd77e10f1103b,0,1,0,0,1,0,0,0000000000000000,0000000000000000,0000000000000000,0,0
2020,2020,0,0000000,00,3,3,3,0000000000000000,0,0,3,d65bd77e10f1103b,0,1,0,0,1,0,0,0000000000000000,0000000000000000,0000000000000000,0,0
2021,2021,0,0000000,00,3,3,3,0000000000000000,0,0,3,d65bd77e10f1103b,0,1,0,0,1,0,0,0000000000000000,0000000000000000,0000000000000000,0,0
2022,2022,0,0000000,00,3,3,3,0000000000000000,0,0,3,d65bd77e10f1103b,0,1,0,0,1,0,0,0000000000000000,0000000000000000,0000000000000000,0,0
2023,2023,0,0000000,00,3,3,3,0000000000000000,0,0,3,d65bd77e10f1103b,0,1,0,0,1,0,0,0000000000000000,0000000000000000,0000000000000000,0,0
2024,2024,0,0000000,00,3,3,3,0000000000000000,0,0,3,d65bd77e10f1103b,0,1,0,0,1,0,0,0000000000000000,0000000000000000,0000000000000000,0,0
2025,2025,0,0000000,00,3,3,3,0000000000000000,0,0,3,d65bd77e10f1103b,0,1,0,0,1,0,0,0000000000000000,0000000000000000,0000000000000000,0,0
2026,2026,0,0000000,00,3,3,3,0000000000000000,0,0,3,d65bd77e10f1103b,0,1,0,0,1,0,0,0000000000000000,0000000000000000,0000000000000000,0,0
2027,2027,0,0000000,00,3,3,3,0000000000000000,0,0,3,d65bd77e10f1103b,0,1,0,0,1,0,0,0000000000000000,0000000000000000,0000000000000000,0,0
2028,2028,0,0000000,00,3,3,3,0000000000000000,0,0,3,d65bd77e10f1103b,0,1,0,0,1,0,0,0000000000000000,0000000000000000,0000000000000000,0,0
2029,2029,0,0000000,00,3,3,3,0000000000000000,0,0,3,d65bd77e10f1103b,0,1,0,0,1,0,0,0000000000000000,0000000000000000,0000000000000000,0,0
2030,2030,0,0000000,00,3,3,3,0000000000000000,0,0,3,d65bd77e10f1103b,0,1,0,0,1,0,0,0000000000000000,0000000000000000,0000000000000000,0,0
2031,2031,0,0000000,00,3,3,3,0000000000000000,0,0,3,d65bd77e10f1103b,0,1,0,0,1,0,0,0000000000000000,0000000000000000,0000000000000000,0,0
2032,2032,0,0000000,00,3,3,3,0000000000000000,0,0,3,d65bd77e10f1103b,0,1,0,0,1,0,0,0000000000000000,0000000000000000,0000000000000000,0,0
2033,2033,0,0000000,00,3,3,3,0000000000000000,0,0,3,d65bd77e10f1103b,0,1,0,0,1,0,0,0000000000000000,0000000000000000,0000000000000000,0,0
2034,2034,0,0000000,00,3,3,3,0000000000000000,0,0,3,d65bd77e10f1103b,0,1,0,0,1,0,0,0000000000000000,0000000000000000,0000000000000000,0,0
2035,2035,0,0000000,00,3,3,3,0000000000000000,0,0,3,d65bd77e10f1103b,0,1,0,0,1,0,0,0000000000000000,0000000000000000,0000000000000000,0,0
2036,2036,0,0000000,00,3,3,3,0000000000000000,0,0,3,d65bd77e10f1103b,0,1,0,0,1,0,0,0000000000000000,0000000000000000,0000000000000000,0,0
2037,2037,0,0000000,00,3,3,3,0000000000000000,0,0,3,d65bd77e10f1103b,0,1,0,0,1,0,0,0000000000000000,0000000000000000,0000000000000000,0,0
2038,2038,0,0000000,00,3,3,3,0000000000000000,0,0,3,d65bd77e10f1103b,0,1,0,0,1,0,0,0000000000000000,0000000000000000,0000000000000000,0,0
2039,2039,0,0000000,00,3,3,3,0000000000000000,0,0,3,d65bd77e10f1103b,0,1,0,0,1,0,0,0000000000000000,0000000000000000,0000000000000000,0,0
2040,2040,0,0000000,00,3,3,3,0000000000000000,0,0,3,d65bd77e10f1103b,0,1,0,0,1,0,0,0000000000000000,0000000000000000,0000000000000000,0,0
2041,2041,0,0000000,00,3,3,3,0000000000000000,0,0,3,d65bd77e10f1103b,0,1,0,0,1,0,0,0000000000000000,0000000000000000,0000000000000000,0,0
2042,2042,0,0000000,04,3,2,2,0000000000000000,0,0,3,d65bd77e10f1103b,0,1,0,0,1,0,0,0000000000000000,0000000000000000,0000000000000000,0,0
2043,2043,0,0000000,00,3,2,2,0000000000000000,0,0,3,d65bd77e10f1103b,0,1,0,0,1,0,0,0000000000000000,0000000000000000,0000000000000000,0,0
2044,2044,0,0000000,00,3,3,3,0000000000000000,0,0,3,d65bd77e10f1103b,0,1,0,0,1,0,0,0000000000000000,0000000000000000,0000000000000000,0,0
2045,2045,0,0000000,00,3,3,3,0000000000000000,0,0,3,d65bd77e10f1103b,0,1,0,0,1,0,0,0000000000000000,0000000000000000,0000000000000000,0,0
2046,2046,0,0000000,00,3,3,3,0000000000000000,0,0,3,d65bd77e10f1103b,0,1,0,0,1,0,0,0000000000000000,0000000000000000,0000000000000000,0,0
2047,2047,0,0000000,04,2,2,3,0000000000000000,0,0,3,d65bd77e10f1103b,0,1,0,0,1,0,0,0000000000000000,0000000000000000,0000000000000000,0,0
2048,2048,1,0000004,04,2,2,3,0000000000000000,3,0,3,d65bd77e10f1103b,0,1,0,0,1,0,0,0000000000000000,0000000000000000,0000000000000000,0,0
2049,2049,0,0000008,04,2,2,3,0000000000000000,3,0,3,d65bd77e10f1103b,0,1,0,0,1,0,0,0000000000000000,0000000000000000,0000000000000000,0,0
2050,2050,0,000000c,04,2,2,3,0000000000000000,3,0,3,d65bd77e10f1103b,0,1,0,0,1,0,0,0000000000000000,0000000000000000,0000000000000000,0,0
2051,2051,0,0000010,04,2,2,3,0000000000000000,3,0,3,d65bd77e10f1103b,0,1,0,0,1,0,0,0000000000000000,0000000000000000,0000000000000000,0,0
2052,2052,0,0000014,04,2,2,3,0000000000000000,3,0,3,d65bd77e10f1103b,0,1,0,0,1,0,0,0000000000000000,0000000000000000,0000000000000000,0,0
2053,2053,0,0000018,04,2,2,3,0000000000000000,3,0,3,d65bd77e10f1103b,0,1,0,0,1,0,0,0000000000000000,0000000000000000,0000000000000000,0,0
2054,2054,0,000001c,04,2,2,3,2989a4ecef2363a9,3,0,3,d65bd77e10f1103b,0,1,0,0,1,0,0,0000000000000000,0000000000000000,0000000000000000,0,0
2055,2055,0,0000020,04,2,2,3,a4dc2a676276ed22,3,0,3,d65bd77e10f1103b,0,1,0,0,1,0,0,0000000000000000,0000000000000000,0000000000000000,0,0
2056,2056,0,0000024,04,2,2,3,3322b9fbf5887ebe,3,3,3,d65bd77e10f1103b,0,1,0,0,1,0,0,2989a4ecef2363a9,0000000000000000,0000000000000000,0,0
2057,2057,0,0000028,04,2,2,3,be77377078ddf035,3,3,3,d65bd77e10f1103b,0,1,0,0,1,0,0,a4dc2a676276ed22,0000000000000000,0000000000000000,0,0
2058,2058,0,000002c,04,2,2,3,1cdf9ec2da755987,3,3,3,d65bd77e10f1103b,0,1,0,0,1,0,0,3322b9fbf5887ebe,0000000000000000,0000000000000000,0,0
2059,2059,0,0000030,04,2,2,3,918a10495720d70c,3,3,3,d65bd77e10f1103b,0,1,0,0,1,0,0,be77377078ddf035,0000000000000000,0000000000000000,0,0
2060,2060,0,0000034,04,2,2,3,067483d5c0de4490,3,3,3,d65bd77e10f1103b,0,1,0,0,1,0,0,1cdf9ec2da755987,0000000000000000,0000000000000000,0,0
2061,2061,0,0000038,04,2,2,3,8b210d5e4d8bca1b,3,3,3,d65bd77e10f1103b,0,1,0,0,1,0,0,918a10495720d70c,0000000000000000,0000000000000000,0,0
2062,2062,0,000003c,04,2,2,3,4325d0b0858f17f5,3,3,3,d65bd77e10f1103b,0,1,0,0,1,0,0,067483d5c0de4490,0000000000000000,0000000000000000,0,0
2063,2063,0,0000040,04,2,2,3,ce705e3b08da997e,3,3,3,d65bd77e10f1103b,0,1,0,0,1,0,0,8b210d5e4d8bca1b,0000000000000000,0000000000000000,0,0
2064,2064,0,0000044,04,2,2,3,598ecda79f240ae2,3,3,3,d65bd77e10f1103b,0,1,0,0,1,0,0,4325d0b0858f17f5,0000000000000000,0000000000000000,0,0
2065,2065,0,0000048,04,2,2,3,d4db432c12718469,3,3,3,d65bd77e10f1103b,0,1,0,0,1,0,0,ce705e3b08da997e,0000000000000000,0000000000000000,0,0
2066,2066,0,000004c,04,2,2,3,7673ea9eb0d92ddb,3,3,3,d65bd77e10f1103b,0,1,0,0,1,0,0,598ecda79f240ae2,0000000000000000,0000000000000000,0,0
2067,2067,0,0000050,04,2,2,3,fb2664153d8ca350,3,3,3,d65bd77e10f1103b,0,1,0,0,1,0,0,d4db432c12718469,0000000000000000,0000000000000000,0,0
2068,2068,0,0000054,04,2,2,3,6cd8f789aa7230cc,3,3,3,d65bd77e10f1103b,0,1,0,0,1,0,0,7673ea9eb0d92ddb,0000000000000000,0000000000000000,0,0
2069,2069,0,0000058,04,2,2,3,e18d79022727be47,3,3,3,d65bd77e10f1103b,0,1,0,0,1,0,0,fb2664153d8ca350,0000000000000000,0000000000000000,0,0
2070,2070,0,000005c,04,2,2,3,fcd14c543a7b8b11,3,3,3,d65bd77e10f1103b,0,1,0,0,1,0,0,6cd8f789aa7230cc,0000000000000000,0000000000000000,0,0
2071,2071,0,0000060,04,2,2,3,7184c2dfb72e059a,3,3,3,d65bd77e10f1103b,0,1,0,0,1,0,0,e18d79022727be47,0000000000000000,0000000000000000,0,0
2072,2072,0,0000064,04,2,2,3,e67a514320d09606,3,3,3,d65bd77e10f1103b,0,1,0,0,1,0,0,fcd14c543a7b8b11,0000000000000000,0000000000000000,0,0
2073,2073,0,0000068,04,2,2,3,6b2fdfc8ad85188d,3,3,3,d65bd77e10f1103b,0,1,0,0,1,0,0,7184c2dfb72e059a,0000000000000000,0000000000000000,0,0
2074,2074,0,000006c,04,2,2,3,c987767a0f2db13f,3,3,3,d65bd77e10f1103b,0,1,0,0,1,0,0,e67a514320d09606,0000000000000000,0000000000000000,0,0
2075,2075,0,0000070,04,2,2,3,44d2f8f182783fb4,3,3,3,d65bd77e10f1103b,0,1,0,0,1,0,0,6b2fdfc8ad85188d,0000000000000000,0000000000000000,0,0
2076,2076,0,0000074,04,2,2,3,d32c6b6d1586ac28,3,3,3,d65bd77e10f1103b,0,1,0,0,1,0,0,c987767a0f2db13f,0000000000000000,0000000000000000,0,0
2077,2077,0,0000078,04,2,2,3,5e79e5e698d322a3,3,3,3,d65bd77e10f1103b,0,1,0,0,1,0,0,44d2f8f182783fb4,0000000000000000,0000000000000000,0,0
2078,2078,0,000007c,04,2,2,3,967d380850d7ff4d,3,3,3,d65bd77e10f1103b,0,1,0,0,1,0,0,d32c6b6d1586ac28,0000000000000000,0000000000000000,0,0
2079,2079,0,0000080,04,2,2,3,1b28b683dd8271c6,3,3,3,d65bd77e10f1103b,0,1,0,0,1,0,0,5e79e5e698d322a3,0000000000000000,0000000000000000,0,0
2080,2080,0,0000084,04,2,2,3,8cd6251f4a7ce25a,3,3,3,d65bd77e10f1103b,0,1,0,0,1,0,0,967d380850d7ff4d,0000000000000000,0000000000000000,0,0
2081,2081,0,0000088,04,2,2,3,0183ab94c7296cd1,3,3,3,d65bd77e10f1103b,0,1,0,0,1,0,0,1b28b683dd8271c6,0000000000000000,0000000000000000,0,0
2082,2082,0,000008c,04,2,2,3,a32b02266581c563,3,3,3,d65bd77e10f1103b,0,1,0,0,1,0,0,8cd6251f4a7ce25a,0000000000000000,0000000000000000,0,0
2083,2083,0,0000090,04,2,2,3,2e7e8cade8d44be8,3,3,3,d65bd77e10f1103b,0,1,0,0,1,0,0,0183ab94c7296cd1,0000000000000000,0000000000000000,0,0
2084,2084,0,0000094,04,2,2,3,b9801f317f2ad874,3,3,3,d65bd77e10f1103b,0,1,0,0,1,0,0,a32b02266581c563,0000000000000000,0000000000000000,0,0
2085,2085,0,0000098,04,2,2,3,34d591baf27f56ff,3,3,3,d65bd77e10f1103b,0,1,0,0,1,0,0,2e7e8cade8d44be8,0000000000000000,0000000000000000,0,0
2086,2086,0,000009c,04,2,2,3,8338759d4592b2d8,3,3,3,d65bd77e10f1103b,0,1,0,0,1,0,0,b9801f317f2ad874,0000000000000000,0000000000000000,0,0
2087,2087,0,00000a0,04,2,2,3,0e6dfb16c8c73c53,3,3,3,d65bd77e10f1103b,0,1,0,0,1,0,0,34d591baf27f56ff,0000000000000000,0000000000000000,0,0
2088,2088,0,00000a4,04,2,2,3,9993688a5f39afcf,3,3,3,d65bd77e10f1103b,0,1,0,0,1,0,0,8338759d4592b2d8,0000000000000000,0000000000000000,0,0
2089,2089,0,00000a8,04,2,2,3,14c6e601d26c2144,3,3,3,d65bd77e10f1103b,0,1,0,0,1,0,0,0e6dfb16c8c73c53,0000000000000000,0000000000000000,0,0
2090,2090,0,00000ac,04,2,2,3,b66e4fb370c488f6,3,3,3,d65bd77e10f1103b,0,1,0,0,1,0,0,9993688a5f39afcf,0000000000000000,0000000000000000,0,0
2091,2091,0,00000b0,04,2,2,3,3b3bc138fd91067d,3,3,3,d65bd77e10f1103b,0,1,0,0,1,0,0,14c6e601d26c2144,0000000000000000,0000000000000000,0,0
2092,2092,0,00000b4,04,2,2,3,acc552a46a6f95e1,3,3,3,d65bd77e10f1103b,0,1,0,0,1,0,0,b66e4fb370c488f6,0000000000000000,0000000000000000,0,0
2093,2093,0,00000b8,04,2,2,3,2190dc2fe73a1b6a,3,3,3,d65bd77e10f1103b,0,1,0,0,1,0,0,3b3bc138fd91067d,0000000000000000,0000000000000000,0,0
2094,2094,0,00000bc,04,2,2,3,e99401c12f3ec684,3,3,3,d65bd77e10f1103b,0,1,0,0,1,0,0,acc552a46a6f95e1,0000000000000000,0000000000000000,0,0
2095,2095,0,00000c0,04,2,2,3,64c18f4aa26b480f,3,3,3,d65bd77e10f1103b,0,1,0,0,1,0,0,2190dc2fe73a1b6a,0000000000000000,0000000000000000,0,0
2096,2096,0,00000c4,04,2,2,3,f33f1cd63595db93,3,3,3,d65bd77e10f1103b,0,1,0,0,1,0,0,e99401c12f3ec684,0000000000000000,0000000000000000,0,0
2097,2097,0,00000c8,04,2,2,3,7e6a925db8c05518,3,3,3,d65bd77e10f1103b,0,1,0,0,1,0,0,64c18f4aa26b480f,0000000000000000,0000000000000000,0,0
2098,2098,0,00000cc,04,2,2,3,dcc23bef1a68fcaa,3,3,3,d65bd77e10f1103b,0,1,0,0,1,0,0,f33f1cd63595db93,0000000000000000,0000000000000000,0,0
2099,2099,0,00000d0,04,2,2,3,5197b564973d7221,3,3,3,d65bd77e10f1103b,0,1,0,0,1,0,0,7e6a925db8c05518,0000000000000000,0000000000000000,0,0
2100,2100,0,00000d4,04,2,2,3,c66926f800c3e1bd,3,3,3,d65bd77e10f1103b,0,1,0,0,1,0,0,dcc23bef1a68fcaa,0000000000000000,0000000000000000,0,0
2101,2101,0,00000d8,04,2,2,3,4b3ca8738d966f36,3,3,3,d65bd77e10f1103b,0,1,0,0,1,0,0,5197b564973d7221,0000000000000000,0000000000000000,0,0
2102,2102,0,00000dc,04,2,2,3,56609d2590ca5a60,3,3,3,d65bd77e10f1103b,0,1,0,0,1,0,0,c66926f800c3e1bd,0000000000000000,0000000000000000,0,0
2103,2103,0,00000e0,04,2,2,3,db3513ae1d9fd4eb,3,3,3,d65bd77e10f1103b,0,1,0,0,1,0,0,4b3ca8738d966f36,0000000000000000,0000000000000000,0,0
2104,2104,0,00000e4,04,2,2,3,4ccb80328a614777,3,3,3,d65bd77e10f1103b,0,1,0,0,1,0,0,56609d2590ca5a60,0000000000000000,0000000000000000,0,0
2105,2105,0,00000e8,04,2,2,3,c19e0eb90734c9fc,3,3,3,d65bd77e10f1103b,0,1,0,0,1,0,0,db3513ae1d9fd4eb,0000000000000000,0000000000000000,0,0
2106,2106,0,00000ec,04,2,2,3,6336a70ba59c604e,3,3,3,d65bd77e10f1103b,0,1,0,0,1,0,0,4ccb80328a614777,0000000000000000,0000000000000000,0,0
2107,2107,0,00000f0,04,2,2,3,ee63298028c9eec5,3,3,3,d65bd77e10f1103b,0,1,0,0,1,0,0,c19e0eb90734c9fc,0000000000000000,0000000000000000,0,0
2108,2108,0,00000f4,04,2,2,3,799dba1cbf377d59,3,3,3,d65bd77e10f1103b,0,1,0,0,1,0,0,6336a70ba59c604e,0000000000000000,0000000000000000,0,0
2109,2109,0,00000f8,04,2,2,3,f4c834973262f3d2,3,3,3,d65bd77e10f1103b,0,1,0,0,1,0,0,ee63298028c9eec5,0000000000000000,0000000000000000,0,0
2110,2110,0,00000fc,04,2,2,3,3ccce979fa662e3c,3,3,3,d65bd77e10f1103b,0,1,0,0,1,0,0,799dba1cbf377d59,0000000000000000,0000000000000000,0,0
2111,2111,0,0000100,04,2,2,3,b19967f27733a0b7,3,3,3,d65bd77e10f1103b,0,1,0,0,1,0,0,f4c834973262f3d2,0000000000000000,0000000000000000,0,0
2112,2112,0,0000104,04,2,2,3,2667f46ee0cd332b,3,3,3,d65bd77e10f1103b,0,1,0,0,1,0,0,3ccce979fa662e3c,0000000000000000,0000000000000000,0,0
2113,2113,0,0000108,04,2,2,3,ab327ae56d98bda0,3,3,3,d65bd77e10f1103b,0,1,0,0,1,0,0,b19967f27733a0b7,0000000000000000,0000000000000000,0,0
2114,2114,0,000010c,04,2,2,3,099ad357cf301412,3,3,3,d65bd77e10f1103b,0,1,0,0,1,0,0,2667f46ee0cd332b,0000000000000000,0000000000000000,0,0
2115,2115,0,0000110,04,2,2,3,84cf5ddc42659a99,3,3,3,d65bd77e10f1103b,0,1,0,0,1,0,0,ab327ae56d98bda0,0000000000000000,0000000000000000,0,0
2116,2116,0,0000114,04,2,2,3,1331ce40d59b0905,3,3,3,d65bd77e10f1103b,0,1,0,0,1,0,0,099ad357cf301412,0000000000000000,0000000000000000,0,0
2117,2117,0,0000118,04,2,2,3,9e6440cb58ce878e,3,3,3,d65bd77e10f1103b,0,1,0,0,1,0,0,84cf5ddc42659a99,0000000000000000,0000000000000000,0,0
2118,2118,0,000011c,04,2,2,3,7cea060fba40c14a,3,3,3,d65bd77e10f1103b,0,1,0,0,1,0,0,1331ce40d59b0905,0000000000000000,0000000000000000,0,0
2119,2119,0,0000120,04,2,2,3,f1bf888437154fc1,3,3,3,d65bd77e10f1103b,0,1,0,0,1,0,0,9e6440cb58ce878e,0000000000000000,0000000000000000,0,0
2120,2120,0,0000124,04,2,2,3,66411b18a0ebdc5d,3,3,3,d65bd77e10f1103b,0,1,0,0,1,0,0,7cea060fba40c14a,0000000000000000,0000000000000000,0,0
2121,2121,0,0000128,04,2,2,3,eb1495932dbe52d6,3,3,3,d65bd77e10f1103b,0,1,0,0,1,0,0,f1bf888437154fc1,0000000000000000,0000000000000000,0,0
2122,2122,0,000012c,04,2,2,3,49bc3c218f16fb64,3,3,3,d65bd77e10f1103b,0,1,0,0,1,0,0,66411b18a0ebdc5d,0000000000000000,0000000000000000,0,0
2123,2123,0,0000130,04,2,2,3,c4e9b2aa024375ef,3,3,3,d65bd77e10f1103b,0,1,0,0,1,0,0,eb1495932dbe52d6,0000000000000000,0000000000000000,0,0
2124,2124,0,0000134,04,2,2,3,5317213695bde673,3,3,3,d65bd77e10f1103b,0,1,0,0,1,0,0,49bc3c218f16fb64,0000000000000000,0000000000000000,0,0
2125,2125,0,0000138,04,2,2,3,de42afbd18e868f8,3,3,3,d65bd77e10f1103b,0,1,0,0,1,0,0,c4e9b2aa024375ef,0000000000000000,0000000000000000,0,0
2126,2126,0,000013c,04,2,2,3,16467253d0ecb516,3,3,3,d65bd77e10f1103b,0,1,0,0,1,0,0,5317213695bde673,0000000000000000,0000000000000000,0,0
2127,2127,0,0000140,04,2,2,3,9b13fcd85db93b9d,3,3,3,d65bd77e10f1103b,0,1,0,0,1,0,0,de42afbd18e868f8,0000000000000000,0000000000000000,0,0
2128,2128,0,0000144,04,2,2,3,0ced6f44ca47a801,3,3,3,d65bd77e10f1103b,0,1,0,0,1,0,0,16467253d0ecb516,0000000000000000,0000000000000000,0,0
2129,2129,0,0000148,04,2,2,3,81b8e1cf4712268a,3,3,3,d65bd77e10f1103b,0,1,0,0,1,0,0,9b13fcd85db93b9d,0000000000000000,0000000000000000,0,0
2130,2130,0,000014c,04,2,2,3,2310487de5ba8f38,3,3,3,d65bd77e10f1103b,0,1,0,0,1,0,0,0ced6f44ca47a801,0000000000000000,0000000000000000,0,0
2131,2131,0,0000150,04,2,2,3,ae45c6f668ef01b3,3,3,3,d65bd77e10f1103b,0,1,0,0,1,0,0,81b8e1cf4712268a,0000000000000000,0000000000000000,0,0
2132,2132,0,0000154,04,2,2,3,39bb556aff11922f,3,3,3,d65bd77e10f1103b,0,1,0,0,1,0,0,2310487de5ba8f38,0000000000000000,0000000000000000,0,0
2133,2133,0,0000158,04,2,2,3,b4eedbe172441ca4,3,3,3,d65bd77e10f1103b,0,1,0,0,1,0,0,ae45c6f668ef01b3,0000000000000000,0000000000000000,0,0
2134,2134,0,000015c,04,2,2,3,a9b2eeb76f1829f2,3,3,3,d65bd77e10f1103b,0,1,0,0,1,0,0,39bb556aff11922f,0000000000000000,0000000000000000,0,0
2135,2135,0,0000160,04,2,2,3,24e7603ce24da779,3,3,3,d65bd77e10f1103b,0,1,0,0,1,0,0,b4eedbe172441ca4,0000000000000000,0000000000000000,0,0
2136,2136,0,0000164,04,2,2,3,b319f3a075b334e5,3,3,3,d65bd77e10f1103b,0,1,0,0,1,0,0,a9b2eeb76f1829f2,0000000000000000,0000000000000000,0,0
2137,2137,0,0000168,04,2,2,3,3e4c7d2bf8e6ba6e,3,3,3,d65bd77e10f1103b,0,1,0,0,1,0,0,24e7603ce24da779,0000000000000000,0000000000000000,0,0
2138,2138,0,000016c,04,2,2,3,9ce4d4995a4e13dc,3,3,3,d65bd77e10f1103b,0,1,0,0,1,0,0,b319f3a075b334e5,0000000000000000,0000000000000000,0,0
2139,2139,0,0000170,04,2,2,3,11b15a12d71b9d57,3,3,3,d65bd77e10f1103b,0,1,0,0,1,0,0,3e4c7d2bf8e6ba6e,0000000000000000,0000000000000000,0,0
2140,2140,0,0000174,04,2,2,3,864fc98e40e50ecb,3,3,3,d65bd77e10f1103b,0,1,0,0,1,0,0,9ce4d4995a4e13dc,0000000000000000,0000000000000000,0,0
2141,2141,0,0000178,04,2,2,3,0b1a4705cdb08040,3,3,3,d65bd77e10f1103b,0,1,0,0,1,0,0,11b15a12d71b9d57,0000000000000000,0000000000000000,0,0
2142,2142,0,000017c,04,2,2,3,c31e9aeb05b45dae,3,3,3,d65bd77e10f1103b,0,1,0,0,1,0,0,864fc98e40e50ecb,0000000000000000,0000000000000000,0,0
2143,2143,0,0000180,04,2,2,3,4e4b146088e1d325,3,3,3,d65bd77e10f1103b,0,1,0,0,1,0,0,0b1a4705cdb08040,0000000000000000,0000000000000000,0,0
2144,2144,0,0000184,04,2,2,3,d9b587fc1f1f40b9,3,3,3,d65bd77e10f1103b,0,1,0,0,1,0,0,c31e9aeb05b45dae,0000000000000000,0000000000000000,0,0
2145,2145,0,0000188,04,2,2,3,54e00977924ace32,3,3,3,d65bd77e10f1103b,0,1,0,0,1,0,0,4e4b146088e1d325,0000000000000000,0000000000000000,0,0
2146,2146,0,000018c,04,2,2,3,f648a0c530e26780,3,3,3,d65bd77e10f1103b,0,1,0,0,1,0,0,d9b587fc1f1f40b9,0000000000000000,0000000000000000,0,0
2147,2147,0,0000190,04,2,2,3,7b1d2e4ebdb7e90b,3,3,3,d65bd77e10f1103b,0,1,0,0,1,0,0,54e00977924ace32,0000000000000000,0000000000000000,0,0
2148,2148,0,0000194,04,2,2,3,ece3bdd22a497a97,3,3,3,d65bd77e10f1103b,0,1,0,0,1,0,0,f648a0c530e26780,0000000000000000,0000000000000000,0,0
2149,2149,0,0000198,04,2,2,3,61b63359a71cf41c,3,3,3,d65bd77e10f1103b,0,1,0,0,1,0,0,7b1d2e4ebdb7e90b,0000000000000000,0000000000000000,0,0
2150,2150,0,0000000,00,3,2,2,d65bd77e10f1103b,3,3,2,d65bd77e10f1103b,0,1,0,0,1,0,0,ece3bdd22a497a97,0000000000000000,0000000000000000,0,0
2151,2151,0,0000000,00,3,3,3,5b0e59f59da49eb0,0,3,3,d65bd77e10f1103b,0,1,0,0,1,0,0,61b63359a71cf41c,0000000000000000,0000000000000000,0,0
2152,2152,0,0000000,00,3,3,3,ccf0ca690a5a0d2c,0,3,3,d65bd77e10f1103b,0,1,0,0,1,0,0,d65bd77e10f1103b,0000000000000000,0000000000000000,0,0
2153,2153,0,0000000,04,3,2,2,41a544e2870f83a7,0,3,2,d65bd77e10f1103b,0,1,0,0,1,0,0,5b0e59f59da49eb0,0000000000000000,0000000000000000,0,0
2154,2154,0,0000000,00,3,3,3,e30ded5025a72a15,0,3,3,d65bd77e10f1103b,0,1,0,0,1,0,0,ccf0ca690a5a0d2c,0000000000000000,0000000000000000,0,0
2155,2155,0,0000000,00,3,3,3,6e5863dba8f2a49e,0,3,3,d65bd77e10f1103b,0,1,0,0,1,0,0,41a544e2870f83a7,0000000000000000,0000000000000000,0,0
2156,2156,0,0000000,00,3,3,3,f9a6f0473f0c3702,0,3,3,d65bd77e10f1103b,0,1,0,0,1,0,0,e30ded5025a72a15,0000000000000000,0000000000000000,0,0
2157,2157,0,0000000,00,2,2,2,000000000000f9a6,0,3,3,d65bd77e10f1103b,0,1,0,0,1,0,0,6e5863dba8f2a49e,0000000000000000,0000000000000000,0,0
2158,2158,0,0000000,00,3,3,3,0000000000000000,0,3,3,d65bd77e10f1103b,0,1,0,0,1,0,0,f9a6f0473f0c3702,0000000000000000,0000000000000000,0,0
2159,2159,0,0000000,00,3,3,3,0000000000000000,0,0,3,d65bd77e10f1103b,0,1,0,0,1,0,0,000000000000f9a6,0000000000000000,0000000000000000,0,0
2160,2160,0,0000000,00,3,3,3,0000000000000000,0,0,3,d65bd77e10f1103b,0,1,0,0,1,0,0,0000000000000000,0000000000000000,0000000000000000,0,0
2161,2161,0,0000000,00,3,3,3,0000000000000000,0,0,3,d65bd77e10f1103b,0,1,0,0,1,0,0,0000000000000000,0000000000000000,0000000000000000,0,0
2162,2162,0,0000000,00,3,3,3,0000000000000000,0,0,3,d65bd77e10f1103b,0,1,0,0,1,0,0,0000000000000000,0000000000000000,0000000000000000,0,0
2163,2163,0,0000000,00,3,3,3,0000000000000000,0,0,3,d65bd77e10f1103b,0,1,0,0,1,0,0,0000000000000000,0000000000000000,0000000000000000,0,0
2164,2164,0,0000000,00,3,3,3,0000000000000000,0,0,3,d65bd77e10f1103b,0,1,0,0,1,0,0,0000000000000000,0000000000000000,0000000000000000,0,0
2165,2165,0,0000000,00,3,3,3,0000000000000000,0,0,3,d65bd77e10f1103b,0,1,0,0,1,0,0,0000000000000000,0000000000000000,0000000000000000,0,0
2166,2166,0,0000000,00,3,3,3,0000000000000000,0,0,3,d65bd77e10f1103b,0,1,0,0,1,0,0,0000000000000000,0000000000000000,0000000000000000,0,0
2167,2167,0,0000000,00,3,3,3,0000000000000000,0,0,3,d65bd77e10f1103b,0,1,0,0,1,0,0,0000000000000000,0000000000000000,0000000000000000,0,0
2168,2168,0,0000000,00,3,3,3,0000000000000000,0,0,3,7fb38ad9b9194d9c,0,1,0,0,1,0,0,0000000000000000,0000000000000000,0000000000000000,0,0
2169,2169,0,0000000,00,3,3,3,0000000000000000,0,0,3,7fb38ad9b9194d9c,0,1,0,0,1,0,0,0000000000000000,0000000000000000,0000000000000000,0,0
2170,2170,0,0000000,00,3,3,3,0000000000000000,0,0,3,7fb38ad9b9194d9c,0,1,0,0,1,0,0,0000000000000000,0000000000000000,0000000000000000,0,0
2171,2171,0,0000000,00,3,3,3,0000000000000000,0,0,3,7fb38ad9b9194d9c,0,1,0,0,1,0,0,0000000000000000,0000000000000000,0000000000000000,0,0
2172,2172,0,0000000,00,3,2,2,0000000000000000,0,0,3,7fb38ad9b9194d9c,0,1,0,0,1,0,0,0000000000000000,0000000000000000,0000000000000000,0,0
2173,2173,0,0000000,00,3,3,3,0000000000000000,0,0,3,7fb38ad9b9194d9c,0,1,0,0,1,0,0,0000000000000000,0000000000000000,0000000000000000,0,0
2174,2174,0,0000000,00,3,3,3,0000000000000000,0,0,3,7fb38ad9b9194d9c,0,1,0,0,1,0,0,0000000000000000,0000000000000000,0000000000000000,0,0
2175,2175,0,0000000,00,3,3,3,0000000000000000,0,0,3,7fb38ad9b9194d9c,0,1,0,0,1,0,0,0000000000000000,0000000000000000,0000000000000000,0,0
2176,2176,0,0000000,00,3,3,3,0000000000000000,0,0,3,7fb38ad9b9194d9c,0,1,0,0,1,0,0,0000000000000000,0000000000000000,0000000000000000,0,0
2177,2177,0,0000000,00,2,2,3,0000000000000000,0,0,2,7fb38ad9b9194d9c,3,1,0,0,1,0,0,0000000000000000,0000000000000000,0000000000000000,0,0
2178,2178,0,0000004,00,2,2,3,0000000000000000,0,0,2,f2e60452344cc317,3,1,1,0,1,1,0,0000000000000000,0000000000000000,0000000000000000,0,0
2179,2179,0,0000008,00,2,2,3,0000000000000000,0,0,2,651897cea3b2508b,3,1,1,1,1,1,1,0000000000000000,0000000000000000,0000000000000000,0,0
2180,2180,0,000000c,00,2,2,3,0000000000000000,0,0,2,e84d19452ee7de00,3,1,1,1,1,1,1,0000000000000000,0000000000000000,0000000000000000,0,0
2181,2181,0,0000010,00,2,2,3,0000000000000000,0,0,2,4ae5b0f78c4f77b2,3,1,1,1,1,1,1,0000000000000000,0000000000000000,0000000000000000,0,0
2182,2182,0,0000014,00,2,2,3,0000000000000000,0,0,2,c7b03e7c011af939,3,1,1,1,1,1,1,0000000000000000,0000000000000000,0000000000000000,0,0
2183,2183,0,0000018,00,2,2,3,8ad9b9194d9c7fb3,0,0,2,504eade096e46aa5,3,1,1,1,1,1,1,0000000000000000,0000000000000000,0000000000000000,0,0
2184,2184,0,000001c,00,2,2,3,0452344cc3177fb3,0,0,2,dd1b236b1bb1e42e,3,1,1,1,1,1,1,0000000000000000,0000000000000000,0000000000000000,0,0
2185,2185,0,0000020,00,2,2,3,97cea3b2508bf2e6,0,0,2,151ffe85d3b539c0,3,1,1,1,1,1,1,8ad9b9194d9c7fb3,0000000000000000,0000000000000000,0,0
2186,2186,0,0000024,00,2,2,3,19452ee7de006518,0,0,2,984a700e5ee0b74b,3,1,1,1,1,1,1,0452344cc3177fb3,0000000000000000,0000000000000000,0,0
2187,2187,0,0000028,00,2,2,3,b0f78c4f77b2e84d,0,0,2,0fb4e392c91e24d7,3,1,1,1,1,1,1,97cea3b2508bf2e6,0000000000000000,0000000000000000,0,0
2188,2188,0,000002c,00,2,2,3,3e7c011af9394ae5,0,0,2,82e16d19444baa5c,3,1,1,1,1,1,1,19452ee7de006518,0000000000000000,0000000000000000,0,0
2189,2189,0,0000030,00,2,2,3,ade096e46aa5c7b0,0,0,2,2049c4abe6e303ee,3,1,1,1,1,1,1,b0f78c4f77b2e84d,0000000000000000,0000000000000000,0,0
2190,2190,0,0000034,00,2,2,3,236b1bb1e42e504e,0,0,2,ad1c4a206bb68d65,3,1,1,1,1,1,1,3e7c011af9394ae5,0000000000000000,0000000000000000,0,0
2191,2191,0,0000038,00,2,2,3,fe85d3b539c0dd1b,0,0,2,3ae2d9bcfc481ef9,3,1,1,1,1,1,1,ade096e46aa5c7b0,0000000000000000,0000000000000000,0,0
2192,2192,0,000003c,00,2,2,3,700e5ee0b74b151f,0,0,2,b7b75737711d9072,3,1,1,1,1,1,1,236b1bb1e42e504e,0000000000000000,0000000000000000,0,0
2193,2193,0,0000040,00,2,2,3,e392c91e24d7984a,0,0,2,aaeb62616c41a524,3,1,1,1,1,1,1,fe85d3b539c0dd1b,0000000000000000,0000000000000000,0,0
2194,2194,0,0000044,00,2,2,3,6d19444baa5c0fb4,0,0,2,27beeceae1142baf,3,1,1,1,1,1,1,700e5ee0b74b151f,0000000000000000,0000000000000000,0,0
2195,2195,0,0000048,00,2,2,3,c4abe6e303ee82e1,0,0,2,b0407f7676eab833,3,1,1,1,1,1,1,e392c91e24d7984a,0000000000000000,0000000000000000,0,0
2196,2196,0,000004c,00,2,2,3,4a206bb68d652049,0,0,2,3d15f1fdfbbf36b8,3,1,1,1,1,1,1,6d19444baa5c0fb4,0000000000000000,0000000000000000,0,0
2197,2197,0,0000050,00,2,2,3,d9bcfc481ef9ad1c,0,0,2,9fbd584f59179f0a,3,1,1,1,1,1,1,c4abe6e303ee82e1,0000000000000000,0000000000000000,0,0
2198,2198,0,0000054,00,2,2,3,5737711d90723ae2,0,0,2,12e8d6c4d4421181,3,1,1,1,1,1,1,4a206bb68d652049,0000000000000000,0000000000000000,0,0
2199,2199,0,0000058,00,2,2,3,62616c41a524b7b7,0,0,2,8516455843bc821d,3,1,1,1,1,1,1,d9bcfc481ef9ad1c,0000000000000000,0000000000000000,0,0
2200,2200,0,000005c,00,2,2,3,eceae1142bafaaeb,0,0,2,0843cbd3cee90c96,3,1,1,1,1,1,1,5737711d90723ae2,0000000000000000,0000000000000000,0,0
2201,2201,0,0000060,00,2,2,3,7f7676eab83327be,0,0,2,c047163d06edd178,3,1,1,1,1,1,1,62616c41a524b7b7,0000000000000000,0000000000000000,0,0
2202,2202,0,0000064,00,2,2,3,f1fdfbbf36b8b040,0,0,2,4d1298b68bb85ff3,3,1,1,1,1,1,1,eceae1142bafaaeb,0000000000000000,0000000000000000,0,0
2203,2203,0,0000068,00,2,2,3,584f59179f0a3d15,0,0,2,daec0b2a1c46cc6f,3,1,1,1,1,1,1,7f7676eab83327be,0000000000000000,0000000000000000,0,0
2204,2204,0,000006c,00,2,2,3,d6c4d44211819fbd,0,0,2,57b985a1911342e4,3,1,1,1,1,1,1,f1fdfbbf36b8b040,0000000000000000,0000000000000000,0,0
2205,2205,0,0000070,00,2,2,3,455843bc821d12e8,0,0,2,f5112c1333bbeb56,3,1,1,1,1,1,1,584f59179f0a3d15,0000000000000000,0000000000000000,0,0
2206,2206,0,0000074,00,2,2,3,cbd3cee90c968516,0,0,2,7844a298beee65dd,3,1,1,1,1,1,1,d6c4d44211819fbd,0000000000000000,0000000000000000,0,0
2207,2207,0,0000078,00,2,2,3,163d06edd1780843,0,0,2,efba31042910f641,3,1,1,1,1,1,1,455843bc821d12e8,0000000000000000,0000000000000000,0,0
2208,2208,0,000007c,00,2,2,3,98b68bb85ff3c047,0,0,2,62efbf8fa44578ca,3,1,1,1,1,1,1,cbd3cee90c968516,0000000000000000,0000000000000000,0,0
2209,2209,0,0000080,00,2,2,3,0b2a1c46cc6f4d12,0,0,2,d5025ba813a89ced,3,1,1,1,1,1,1,163d06edd1780843,0000000000000000,0000000000000000,0,0
2210,2210,0,0000084,00,2,2,3,85a1911342e4daec,0,0,2,5857d5239efd1266,3,1,1,1,1,1,1,98b68bb85ff3c047,0000000000000000,0000000000000000,0,0
2211,2211,0,0000088,00,2,2,3,2c1333bbeb5657b9,0,0,2,cfa946bf090381fa,3,1,1,1,1,1,1,0b2a1c46cc6f4d12,0000000000000000,0000000000000000,0,0
2212,2212,0,000008c,00,2,2,3,a298beee65ddf511,0,0,2,42fcc83484560f71,3,1,1,1,1,1,1,85a1911342e4daec,0000000000000000,0000000000000000,0,0
2213,2213,0,0000090,00,2,2,3,31042910f6417844,0,0,2,e054618626fea6c3,3,1,1,1,1,1,1,2c1333bbeb5657b9,0000000000000000,0000000000000000,0,0
2214,2214,0,0000094,00,2,2,3,bf8fa44578caefba,0,0,2,6d01ef0dabab2848,3,1,1,1,1,1,1,a298beee65ddf511,0000000000000000,0000000000000000,0,0
2215,2215,0,0000098,00,2,2,3,5ba813a89ced62ef,0,0,2,faff7c913c55bbd4,3,1,1,1,1,1,1,31042910f6417844,0000000000000000,0000000000000000,0,0
2216,2216,0,000009c,00,2,2,3,d5239efd1266d502,0,0,2,77aaf21ab100355f,3,1,1,1,1,1,1,bf8fa44578caefba,0000000000000000,0000000000000000,0,0
2217,2217,0,00000a0,00,2,2,3,46bf090381fa5857,0,0,2,bfae2ff47904e8b1,3,1,1,1,1,1,1,5ba813a89ced62ef,0000000000000000,0000000000000000,0,0
2218,2218,0,00000a4,00,2,2,3,c83484560f71cfa9,0,0,2,32fba17ff451663a,3,1,1,1,1,1,1,d5239efd1266d502,0000000000000000,0000000000000000,0,0
2219,2219,0,00000a8,00,2,2,3,618626fea6c342fc,0,0,2,a50532e363aff5a6,3,1,1,1,1,1,1,46bf090381fa5857,0000000000000000,0000000000000000,0,0
2220,2220,0,00000ac,00,2,2,3,ef0dabab2848e054,0,0,2,2850bc68eefa7b2d,3,1,1,1,1,1,1,c83484560f71cfa9,0000000000000000,0000000000000000,0,0
2221,2221,0,00000b0,00,2,2,3,7c913c55bbd46d01,0,0,2,8af815da4c52d29f,3,1,1,1,1,1,1,618626fea6c342fc,0000000000000000,0000000000000000,0,0
2222,2222,0,00000b4,00,2,2,3,f21ab100355ffaff,0,0,2,07ad9b51c1075c14,3,1,1,1,1,1,1,ef0dabab2848e054,0000000000000000,0000000000000000,0,0
2223,2223,0,00000b8,00,2,2,3,2ff47904e8b177aa,0,0,2,905308cd56f9cf88,3,1,1,1,1,1,1,7c913c55bbd46d01,0000000000000000,0000000000000000,0,0
2224,2224,0,00000bc,00,2,2,3,a17ff451663abfae,0,0,2,1d068646dbac4103,3,1,1,1,1,1,1,f21ab100355ffaff,0000000000000000,0000000000000000,0,0
2225,2225,0,00000c0,00,2,2,3,32e363aff5a632fb,0,0,2,005ab310c6f07455,3,1,1,1,1,1,1,2ff47904e8b177aa,0000000000000000,0000000000000000,0,0
2226,2226,0,00000c4,00,2,2,3,bc68eefa7b2da505,0,0,2,8d0f3d9b4ba5fade,3,1,1,1,1,1,1,a17ff451663abfae,0000000000000000,0000000000000000,0,0
2227,2227,0,00000c8,00,2,2,3,15da4c52d29f2850,0,0,2,1af1ae07dc5b6942,3,1,1,1,1,1,1,32e363aff5a632fb,0000000000000000,0000000000000000,0,0
2228,2228,0,00000cc,00,2,2,3,9b51c1075c148af8,0,0,2,97a4208c510ee7c9,3,1,1,1,1,1,1,bc68eefa7b2da505,0000000000000000,0000000000000000,0,0
2229,2229,0,00000d0,00,2,2,3,08cd56f9cf8807ad,0,0,2,350c893ef3a64e7b,3,1,1,1,1,1,1,15da4c52d29f2850,0000000000000000,0000000000000000,0,0
2230,2230,0,00000d4,00,2,2,3,8646dbac41039053,0,0,2,b85907b57ef3c0f0,3,1,1,1,1,1,1,9b51c1075c148af8,0000000000000000,0000000000000000,0,0
2231,2231,0,00000d8,00,2,2,3,b310c6f074551d06,0,0,2,2fa79429e90d536c,3,1,1,1,1,1,1,08cd56f9cf8807ad,0000000000000000,0000000000000000,0,0
2232,2232,0,00000dc,00,2,2,3,3d9b4ba5fade005a,0,0,2,a2f21aa26458dde7,3,1,1,1,1,1,1,8646dbac41039053,0000000000000000,0000000000000000,0,0
2233,2233,0,00000e0,00,2,2,3,ae07dc5b69428d0f,0,0,2,6af6c74cac5c0009,3,1,1,1,1,1,1,b310c6f074551d06,0000000000000000,0000000000000000,0,0
2234,2234,0,00000e4,00,2,2,3,208c510ee7c91af1,0,0,2,e7a349c721098e82,3,1,1,1,1,1,1,3d9b4ba5fade005a,0000000000000000,0000000000000000,0,0
2235,2235,0,00000e8,00,2,2,3,893ef3a64e7b97a4,0,0,2,705dda5bb6f71d1e,3,1,1,1,1,1,1,ae07dc5b69428d0f,0000000000000000,0000000000000000,0,0
2236,2236,0,00000ec,00,2,2,3,07b57ef3c0f0350c,0,0,2,fd0854d03ba29395,3,1,1,1,1,1,1,208c510ee7c91af1,0000000000000000,0000000000000000,0,0
2237,2237,0,00000f0,00,2,2,3,9429e90d536cb859,0,0,2,5fa0fd62990a3a27,3,1,1,1,1,1,1,893ef3a64e7b97a4,0000000000000000,0000000000000000,0,0
2238,2238,0,00000f4,00,2,2,3,1aa26458dde72fa7,0,0,2,d2f573e9145fb4ac,3,1,1,1,1,1,1,07b57ef3c0f0350c,0000000000000000,0000000000000000,0,0
2239,2239,0,00000f8,00,2,2,3,c74cac5c0009a2f2,0,0,2,450be07583a12730,3,1,1,1,1,1,1,9429e90d536cb859,0000000000000000,0000000000000000,0,0
2240,2240,0,00000fc,00,2,2,3,49c721098e826af6,0,0,2,c85e6efe0ef4a9bb,3,1,1,1,1,1,1,1aa26458dde72fa7,0000000000000000,0000000000000000,0,0
2241,2241,0,0000100,00,2,2,3,da5bb6f71d1ee7a3,0,0,2,2ad0283aec7aef7f,3,1,1,1,1,1,1,c74cac5c0009a2f2,0000000000000000,0000000000000000,0,0
2242,2242,0,0000104,00,2,2,3,54d03ba29395705d,0,0,2,a785a6b1612f61f4,3,1,1,1,1,1,1,49c721098e826af6,0000000000000000,0000000000000000,0,0
2243,2243,0,0000108,00,2,2,3,fd62990a3a27fd08,0,0,2,307b352df6d1f268,3,1,1,1,1,1,1,da5bb6f71d1ee7a3,0000000000000000,0000000000000000,0,0
2244,2244,0,000010c,00,2,2,3,73e9145fb4ac5fa0,0,0,2,bd2ebba67b847ce3,3,1,1,1,1,1,1,54d03ba29395705d,0000000000000000,0000000000000000,0,0
2245,2245,0,0000110,00,2,2,3,e07583a12730d2f5,0,0,2,1f861214d92cd551,3,1,1,1,1,1,1,fd62990a3a27fd08,0000000000000000,0000000000000000,0,0
2246,2246,0,0000114,00,2,2,3,6efe0ef4a9bb450b,0,0,2,92d39c9f54795bda,3,1,1,1,1,1,1,73e9145fb4ac5fa0,0000000000000000,0000000000000000,0,0
2247,2247,0,0000118,00,2,2,3,283aec7aef7fc85e,0,0,2,052d0f03c387c846,3,1,1,1,1,1,1,e07583a12730d2f5,0000000000000000,0000000000000000,0,0
2248,2248,0,000011c,00,2,2,3,a6b1612f61f42ad0,0,0,2,887881884ed246cd,3,1,1,1,1,1,1,6efe0ef4a9bb450b,0000000000000000,0000000000000000,0,0
2249,2249,0,0000120,00,2,2,3,352df6d1f268a785,0,0,2,407c5c6686d69b23,3,1,1,1,1,1,1,283aec7aef7fc85e,0000000000000000,0000000000000000,0,0
2250,2250,0,0000124,00,2,2,3,bba67b847ce3307b,0,0,2,cd29d2ed0b8315a8,3,1,1,1,1,1,1,a6b1612f61f42ad0,0000000000000000,0000000000000000,0,0
2251,2251,0,0000128,00,2,2,3,1214d92cd551bd2e,0,0,2,5ad741719c7d8634,3,1,1,1,1,1,1,352df6d1f268a785,0000000000000000,0000000000000000,0,0
2252,2252,0,000012c,00,2,2,3,9c9f54795bda1f86,0,0,2,d782cffa112808bf,3,1,1,1,1,1,1,bba67b847ce3307b,0000000000000000,0000000000000000,0,0
2253,2253,0,0000130,00,2,2,3,0f03c387c84692d3,0,0,2,752a6648b380a10d,3,1,1,1,1,1,1,1214d92cd551bd2e,0000000000000000,0000000000000000,0,0
2254,2254,0,0000134,00,2,2,3,81884ed246cd052d,0,0,2,f87fe8c33ed52f86,3,1,1,1,1,1,1,9c9f54795bda1f86,0000000000000000,0000000000000000,0,0
2255,2255,0,0000138,00,2,2,3,5c6686d69b238878,0,0,2,6f817b5fa92bbc1a,3,1,1,1,1,1,1,0f03c387c84692d3,0000000000000000,0000000000000000,0,0
2256,2256,0,000013c,00,2,2,3,d2ed0b8315a8407c,0,0,2,e2d4f5d4247e3291,3,1,1,1,1,1,1,81884ed246cd052d,0000000000000000,0000000000000000,0,0
2257,2257,0,0000140,00,2,2,3,41719c7d8634cd29,0,0,2,ff88c082392207c7,3,1,1,1,1,1,1,5c6686d69b238878,0000000000000000,0000000000000000,0,0
2258,2258,0,0000144,00,2,2,3,cffa112808bf5ad7,0,0,2,72dd4e09b477894c,3,1,1,1,1,1,1,d2ed0b8315a8407c,0000000000000000,0000000000000000,0,0
2259,2259,0,0000148,00,2,2,3,6648b380a10dd782,0,0,2,e523dd9523891ad0,3,1,1,1,1,1,1,41719c7d8634cd29,0000000000000000,0000000000000000,0,0
2260,2260,0,000014c,00,2,2,3,e8c33ed52f86752a,0,0,2,6876531eaedc945b,3,1,1,1,1,1,1,cffa112808bf5ad7,0000000000000000,0000000000000000,0,0
2261,2261,0,0000150,00,2,2,3,7b5fa92bbc1af87f,0,0,2,cadefaac0c743de9,3,1,1,1,1,1,1,6648b380a10dd782,0000000000000000,0000000000000000,0,0
2262,2262,0,0000154,00,2,2,3,f5d4247e32916f81,0,0,2,478b74278121b362,3,1,1,1,1,1,1,e8c33ed52f86752a,0000000000000000,0000000000000000,0,0
2263,2263,0,0000158,00,2,2,3,c082392207c7e2d4,0,0,2,d075e7bb16df20fe,3,1,1,1,1,1,1,7b5fa92bbc1af87f,0000000000000000,0000000000000000,0,0
2264,2264,0,000015c,00,2,2,3,4e09b477894cff88,0,0,2,5d2069309b8aae75,3,1,1,1,1,1,1,f5d4247e32916f81,0000000000000000,0000000000000000,0,0
2265,2265,0,0000160,00,2,2,3,dd9523891ad072dd,0,0,2,9524b4de538e739b,3,1,1,1,1,1,1,c082392207c7e2d4,0000000000000000,0000000000000000,0,0
2266,2266,0,0000164,00,2,2,3,531eaedc945be523,0,0,2,18713a55dedbfd10,3,1,1,1,1,1,1,4e09b477894cff88,0000000000000000,0000000000000000,0,0
2267,2267,0,0000168,00,2,2,3,faac0c743de96876,0,0,2,8f8fa9c949256e8c,3,1,1,1,1,1,1,dd9523891ad072dd,0000000000000000,0000000000000000,0,0
2268,2268,0,000016c,00,2,2,3,74278121b362cade,0,0,2,02da2742c470e007,3,1,1,1,1,1,1,531eaedc945be523,0000000000000000,0000000000000000,0,0
2269,2269,0,0000170,00,2,2,3,e7bb16df20fe478b,0,0,2,a0728ef066d849b5,3,1,1,1,1,1,1,faac0c743de96876,0000000000000000,0000000000000000,0,0
2270,2270,0,0000174,00,2,2,3,69309b8aae75d075,0,0,2,2d27007beb8dc73e,3,1,1,1,1,1,1,74278121b362cade,0000000000000000,0000000000000000,0,0
2271,2271,0,0000178,00,2,2,3,b4de538e739b5d20,0,0,2,bad993e77c7354a2,3,1,1,1,1,1,1,e7bb16df20fe478b,0000000000000000,0000000000000000,0,0
2272,2272,0,000017c,00,2,2,3,3a55dedbfd109524,0,0,2,378c1d6cf126da29,3,1,1,1,1,1,1,69309b8aae75d075,0000000000000000,0000000000000000,0,0
2273,2273,0,0000180,00,2,2,3,a9c949256e8c1871,0,0,2,8061f94b46cb3e0e,3,1,1,1,1,1,1,b4de538e739b5d20,0000000000000000,0000000000000000,0,0
2274,2274,0,0000184,00,2,2,3,2742c470e0078f8f,0,0,2,0d3477c0cb9eb085,3,1,1,1,1,1,1,3a55dedbfd109524,0000000000000000,0000000000000000,0,0
2275,2275,0,0000188,00,2,2,3,8ef066d849b502da,0,0,2,9acae45c5c602319,3,1,1,1,1,1,1,a9c949256e8c1871,0000000000000000,0000000000000000,0,0
2276,2276,0,000018c,00,2,2,3,007beb8dc73ea072,0,0,2,179f6ad7d135ad92,3,1,1,1,1,1,1,2742c470e0078f8f,0000000000000000,0000000000000000,0,0
2277,2277,0,0000190,00,2,2,3,93e77c7354a22d27,0,0,2,b537c365739d0420,3,1,1,1,1,1,1,8ef066d849b502da,0000000000000000,0000000000000000,0,0
2278,2278,0,0000194,00,2,2,3,1d6cf126da29bad9,0,0,2,38624deefec88aab,3,1,1,1,1,1,1,007beb8dc73ea072,0000000000000000,0000000000000000,0,0
2279,2279,0,0000198,00,2,2,3,f94b46cb3e0e378c,0,0,2,af9cde7269361937,3,1,1,1,1,1,1,93e77c7354a22d27,0000000000000000,0000000000000000,0,0
2280,2280,0,000019c,00,2,2,3,77c0cb9eb0858061,0,0,2,22c950f9e46397bc,3,1,1,1,1,1,1,1d6cf126da29bad9,0000000000000000,0000000000000000,0,0
2281,2281,0,00001a0,00,2,2,3,e45c5c6023190d34,0,0,2,eacd8d172c674a52,3,1,1,1,1,1,1,f94b46cb3e0e378c,0000000000000000,0000000000000000,0,0
2282,2282,0,00001a4,00,2,2,3,6ad7d135ad929aca,0,0,2,6798039ca132c4d9,3,1,1,1,1,1,1,77c0cb9eb0858061,0000000000000000,0000000000000000,0,0
2283,2283,0,00001a8,00,2,2,3,c365739d0420179f,0,0,2,f066900036cc5745,3,1,1,1,1,1,1,e45c5c6023190d34,0000000000000000,0000000000000000,0,0
2284,2284,0,00001ac,00,2,2,3,4deefec88aabb537,0,0,2,7d331e8bbb99d9ce,3,1,1,1,1,1,1,6ad7d135ad929aca,0000000000000000,0000000000000000,0,0
2285,2285,0,00001b0,00,2,2,3,de72693619373862,0,0,2,df9bb7391931707c,3,1,1,1,1,1,1,c365739d0420179f,0000000000000000,0000000000000000,0,0
2286,2286,0,00001b4,00,2,2,3,50f9e46397bcaf9c,0,0,2,52ce39b29464fef7,3,1,1,1,1,1,1,4deefec88aabb537,0000000000000000,0000000000000000,0,0
2287,2287,0,00001b8,00,2,2,3,8d172c674a5222c9,0,0,2,c530aa2e039a6d6b,3,1,1,1,1,1,1,de72693619373862,0000000000000000,0000000000000000,0,0
2288,2288,0,00001bc,00,2,2,3,039ca132c4d9eacd,0,0,2,486524a58ecfe3e0,3,1,1,1,1,1,1,50f9e46397bcaf9c,0000000000000000,0000000000000000,0,0
2289,2289,0,00001c0,00,2,2,3,900036cc57456798,0,0,2,553911f39393d6b6,3,1,1,1,1,1,1,8d172c674a5222c9,0000000000000000,0000000000000000,0,0
2290,2290,0,00001c4,00,2,2,3,1e8bbb99d9cef066,0,0,2,d86c9f781ec6583d,3,1,1,1,1,1,1,039ca132c4d9eacd,0000000000000000,0000000000000000,0,0
2291,2291,0,00001c8,00,2,2,3,b7391931707c7d33,0,0,2,4f920ce48938cba1,3,1,1,1,1,1,1,900036cc57456798,0000000000000000,0000000000000000,0,0
2292,2292,0,00001cc,00,2,2,3,39b29464fef7df9b,0,0,2,c2c7826f046d452a,3,1,1,1,1,1,1,1e8bbb99d9cef066,0000000000000000,0000000000000000,0,0
2293,2293,0,00001d0,00,2,2,3,aa2e039a6d6b52ce,0,0,2,606f2bdda6c5ec98,3,1,1,1,1,1,1,b7391931707c7d33,0000000000000000,0000000000000000,0,0
2294,2294,0,00001d4,00,2,2,3,24a58ecfe3e0c530,0,0,2,ed3aa5562b906213,3,1,1,1,1,1,1,39b29464fef7df9b,0000000000000000,0000000000000000,0,0
2295,2295,0,00001d8,00,2,2,3,11f39393d6b64865,0,0,2,7ac436cabc6ef18f,3,1,1,1,1,1,1,aa2e039a6d6b52ce,0000000000000000,0000000000000000,0,0
2296,2296,0,00001dc,00,2,2,3,9f781ec6583d5539,0,0,2,f791b841313b7f04,3,1,1,1,1,1,1,24a58ecfe3e0c530,0000000000000000,0000000000000000,0,0
2297,2297,0,00001e0,00,2,2,3,0ce48938cba1d86c,0,0,2,3f9565aff93fa2ea,3,1,1,1,1,1,1,11f39393d6b64865,0000000000000000,0000000000000000,0,0
2298,2298,0,00001e4,00,2,2,3,826f046d452a4f92,0,0,2,b2c0eb24746a2c61,3,1,1,1,1,1,1,9f781ec6583d5539,0000000000000000,0000000000000000,0,0
2299,2299,0,00001e8,00,2,2,3,2bdda6c5ec98c2c7,0,0,2,253e78b8e394bffd,3,1,1,1,1,1,1,0ce48938cba1d86c,0000000000000000,0000000000000000,0,0
2300,2300,0,00001ec,00,2,2,3,a5562b906213606f,0,0,2,a86bf6336ec13176,3,1,1,1,1,1,1,826f046d452a4f92,0000000000000000,0000000000000000,0,0
2301,2301,0,00001f0,00,2,2,3,36cabc6ef18fed3a,0,0,2,0ac35f81cc6998c4,3,1,1,1,1,1,1,2bdda6c5ec98c2c7,0000000000000000,0000000000000000,0,0
2302,2302,0,00001f4,00,2,2,3,b841313b7f047ac4,0,0,2,8796d10a413c164f,3,1,1,1,1,1,1,a5562b906213606f,0000000000000000,0000000000000000,0,0
2303,2303,0,00001f8,00,2,2,3,65aff93fa2eaf791,0,0,2,10684296d6c285d3,3,1,1,1,1,1,1,36cabc6ef18fed3a,0000000000000000,0000000000000000,0,0
2304,2304,0,00001fc,00,2,2,3,eb24746a2c613f95,0,0,2,9d3dcc1d5b970b58,3,1,1,1,1,1,1,b841313b7f047ac4,0000000000000000,0000000000000000,0,0
2305,2305,0,0000200,00,2,2,3,78b8e394bffdb2c0,0,0,2,d574cf1f13de085a,3,1,1,1,1,1,1,65aff93fa2eaf791,0000000000000000,0000000000000000,0,0
2306,2306,0,0000204,00,2,2,3,f6336ec13176253e,0,0,2,582141949e8b86d1,3,1,1,1,1,1,1,eb24746a2c613f95,0000000000000000,0000000000000000,0,0
2307,2307,0,0000208,00,2,2,3,5f81cc6998c4a86b,0,0,2,cfdfd2080975154d,3,1,1,1,1,1,1,78b8e394bffdb2c0,0000000000000000,0000000000000000,0,0
2308,2308,0,000020c,00,2,2,3,d10a413c164f0ac3,0,0,2,428a5c8384209bc6,3,1,1,1,1,1,1,f6336ec13176253e,0000000000000000,0000000000000000,0,0
2309,2309,0,0000210,00,2,2,3,4296d6c285d38796,0,0,2,e022f53126883274,3,1,1,1,1,1,1,5f81cc6998c4a86b,0000000000000000,0000000000000000,0,0
2310,2310,0,0000214,00,2,2,3,cc1d5b970b581068,0,0,2,6d777bbaabddbcff,3,1,1,1,1,1,1,d10a413c164f0ac3,0000000000000000,0000000000000000,0,0
2311,2311,0,0000218,00,2,2,3,cf1f13de085a9d3d,0,0,2,fa89e8263c232f63,3,1,1,1,1,1,1,4296d6c285d38796,0000000000000000,0000000000000000,0,0
2312,2312,0,000021c,00,2,2,3,41949e8b86d1d574,0,0,2,77dc66adb176a1e8,3,1,1,1,1,1,1,cc1d5b970b581068,0000000000000000,0000000000000000,0,0
2313,2313,0,0000220,00,2,2,3,d2080975154d5821,0,0,2,bfd8bb4379727c06,3,1,1,1,1,1,1,cf1f13de085a9d3d,0000000000000000,0000000000000000,0,0
2314,2314,0,0000224,00,2,2,3,5c8384209bc6cfdf,0,0,2,328d35c8f427f28d,3,1,1,1,1,1,1,41949e8b86d1d574,0000000000000000,0000000000000000,0,0
2315,2315,0,0000228,00,2,2,3,f53126883274428a,0,0,2,a573a65463d96111,3,1,1,1,1,1,1,d2080975154d5821,0000000000000000,0000000000000000,0,0
2316,2316,0,000022c,00,2,2,3,7bbaabddbcffe022,0,0,2,282628dfee8cef9a,3,1,1,1,1,1,1,5c8384209bc6cfdf,0000000000000000,0000000000000000,0,0
2317,2317,0,0000230,00,2,2,3,e8263c232f636d77,0,0,2,8a8e816d4c244628,3,1,1,1,1,1,1,f53126883274428a,0000000000000000,0000000000000000,0,0
2318,2318,0,0000234,00,2,2,3,66adb176a1e8fa89,0,0,2,07db0fe6c171c8a3,3,1,1,1,1,1,1,7bbaabddbcffe022,0000000000000000,0000000000000000,0,0
2319,2319,0,0000238,00,2,2,3,bb4379727c0677dc,0,0,2,90259c7a568f5b3f,3,1,1,1,1,1,1,e8263c232f636d77,0000000000000000,0000000000000000,0,0
2320,2320,0,000023c,00,2,2,3,35c8f427f28dbfd8,0,0,2,1d7012f1dbdad5b4,3,1,1,1,1,1,1,66adb176a1e8fa89,0000000000000000,0000000000000000,0,0
2321,2321,0,0000240,00,2,2,3,a65463d96111328d,0,0,2,002c27a7c686e0e2,3,1,1,1,1,1,1,bb4379727c0677dc,0000000000000000,0000000000000000,0,0
2322,2322,0,0000244,00,2,2,3,28dfee8cef9aa573,0,0,2,8d79a92c4bd36e69,3,1,1,1,1,1,1,35c8f427f28dbfd8,0000000000000000,0000000000000000,0,0
2323,2323,0,0000248,00,2,2,3,816d4c2446282826,0,0,2,1a873ab0dc2dfdf5,3,1,1,1,1,1,1,a65463d96111328d,0000000000000000,0000000000000000,0,0
2324,2324,0,000024c,00,2,2,3,0fe6c171c8a38a8e,0,0,2,97d2b43b5178737e,3,1,1,1,1,1,1,28dfee8cef9aa573,0000000000000000,0000000000000000,0,0
2325,2325,0,0000250,00,2,2,3,9c7a568f5b3f07db,0,0,2,357a1d89f3d0dacc,3,1,1,1,1,1,1,816d4c2446282826,0000000000000000,0000000000000000,0,0
2326,2326,0,0000254,00,2,2,3,12f1dbdad5b49025,0,0,2,b82f93027e855447,3,1,1,1,1,1,1,0fe6c171c8a38a8e,0000000000000000,0000000000000000,0,0
2327,2327,0,0000258,00,2,2,3,27a7c686e0e21d70,0,0,2,2fd1009ee97bc7db,3,1,1,1,1,1,1,9c7a568f5b3f07db,0000000000000000,0000000000000000,0,0
2328,2328,0,000025c,00,2,2,3,a92c4bd36e69002c,0,0,2,a2848e15642e4950,3,1,1,1,1,1,1,12f1dbdad5b49025,0000000000000000,0000000000000000,0,0
2329,2329,0,0000260,00,2,2,3,3ab0dc2dfdf58d79,0,0,2,6a8053fbac2a94be,3,1,1,1,1,1,1,27a7c686e0e21d70,0000000000000000,0000000000000000,0,0
2330,2330,0,0000264,00,2,2,3,b43b5178737e1a87,0,0,2,e7d5dd70217f1a35,3,1,1,1,1,1,1,a92c4bd36e69002c,0000000000000000,0000000000000000,0,0
2331,2331,0,0000268,00,2,2,3,1d89f3d0dacc97d2,0,0,2,702b4eecb68189a9,3,1,1,1,1,1,1,3ab0dc2dfdf58d79,0000000000000000,0000000000000000,0,0
2332,2332,0,000026c,00,2,2,3,93027e855447357a,0,0,2,fd7ec0673bd40722,3,1,1,1,1,1,1,b43b5178737e1a87,0000000000000000,0000000000000000,0,0
2333,2333,0,0000270,00,2,2,3,009ee97bc7dbb82f,0,0,2,5fd669d5997cae90,3,1,1,1,1,1,1,1d89f3d0dacc97d2,0000000000000000,0000000000000000,0,0
2334,2334,0,0000274,00,2,2,3,8e15642e49502fd1,0,0,2,d283e75e1429201b,3,1,1,1,1,1,1,93027e855447357a,0000000000000000,0000000000000000,0,0
2335,2335,0,0000278,00,2,2,3,53fbac2a94bea284,0,0,2,457d74c283d7b387,3,1,1,1,1,1,1,009ee97bc7dbb82f,0000000000000000,0000000000000000,0,0
2336,2336,0,000027c,00,2,2,3,dd70217f1a356a80,0,0,2,c828fa490e823d0c,3,1,1,1,1,1,1,8e15642e49502fd1,0000000000000000,0000000000000000,0,0
2337,2337,0,0000280,00,2,2,3,4eecb68189a9e7d5,0,0,2,7fc51e6eb96fd92b,3,1,1,1,1,1,1,53fbac2a94bea284,0000000000000000,0000000000000000,0,0
2338,2338,0,0000284,00,2,2,3,c0673bd40722702b,0,0,2,f29090e5343a57a0,3,1,1,1,1,1,1,dd70217f1a356a80,0000000000000000,0000000000000000,0,0
2339,2339,0,0000288,00,2,2,3,69d5997cae90fd7e,0,0,2,656e0379a3c4c43c,3,1,1,1,1,1,1,4eecb68189a9e7d5,0000000000000000,0000000000000000,0,0
2340,2340,0,000028c,00,2,2,3,e75e1429201b5fd6,0,0,2,e83b8df22e914ab7,3,1,1,1,1,1,1,c0673bd40722702b,0000000000000000,0000000000000000,0,0
2341,2341,0,0000290,00,2,2,3,74c283d7b387d283,0,0,2,4a9324408c39e305,3,1,1,1,1,1,1,69d5997cae90fd7e,0000000000000000,0000000000000000,0,0
2342,2342,0,0000294,00,2,2,3,fa490e823d0c457d,0,0,2,c7c6aacb016c6d8e,3,1,1,1,1,1,1,e75e1429201b5fd6,0000000000000000,0000000000000000,0,0
2343,2343,0,0000298,00,2,2,3,1e6eb96fd92bc828,0,0,2,503839579692fe12,3,1,1,1,1,1,1,74c283d7b387d283,0000000000000000,0000000000000000,0,0
2344,2344,0,000029c,00,2,2,3,90e5343a57a07fc5,0,0,2,dd6db7dc1bc77099,3,1,1,1,1,1,1,fa490e823d0c457d,0000000000000000,0000000000000000,0,0
2345,2345,0,00002a0,00,2,2,3,0379a3c4c43cf290,0,0,2,15696a32d3c3ad77,3,1,1,1,1,1,1,1e6eb96fd92bc828,0000000000000000,0000000000000000,0,0
2346,2346,0,00002a4,00,2,2,3,8df22e914ab7656e,0,0,2,983ce4b95e9623fc,3,1,1,1,1,1,1,90e5343a57a07fc5,0000000000000000,0000000000000000,0,0
2347,2347,0,00002a8,00,2,2,3,24408c39e305e83b,0,0,2,0fc27725c968b060,3,1,1,1,1,1,1,0379a3c4c43cf290,0000000000000000,0000000000000000,0,0
2348,2348,0,00002ac,00,2,2,3,aacb016c6d8e4a93,0,0,2,8297f9ae443d3eeb,3,1,1,1,1,1,1,8df22e914ab7656e,0000000000000000,0000000000000000,0,0
2349,2349,0,00002b0,00,2,2,3,39579692fe12c7c6,0,0,2,203f501ce6959759,3,1,1,1,1,1,1,24408c39e305e83b,0000000000000000,0000000000000000,0,0
2350,2350,0,00002b4,00,2,2,3,b7dc1bc770995038,0,0,2,ad6ade976bc019d2,3,1,1,1,1,1,1,aacb016c6d8e4a93,0000000000000000,0000000000000000,0,0
2351,2351,0,00002b8,00,2,2,3,6a32d3c3ad77dd6d,0,0,2,3a944d0bfc3e8a4e,3,1,1,1,1,1,1,39579692fe12c7c6,0000000000000000,0000000000000000,0,0
2352,2352,0,00002bc,00,2,2,3,e4b95e9623fc1569,0,0,2,b7c1c380716b04c5,3,1,1,1,1,1,1,b7dc1bc770995038,0000000000000000,0000000000000000,0,0
2353,2353,0,00002c0,00,2,2,3,7725c968b060983c,0,0,2,aa9df6d66c373193,3,1,1,1,1,1,1,6a32d3c3ad77dd6d,0000000000000000,0000000000000000,0,0
2354,2354,0,00002c4,00,2,2,3,f9ae443d3eeb0fc2,0,0,2,27c8785de162bf18,3,1,1,1,1,1,1,e4b95e9623fc1569,0000000000000000,0000000000000000,0,0
2355,2355,0,00002c8,00,2,2,3,501ce69597598297,0,0,2,b036ebc1769c2c84,3,1,1,1,1,1,1,7725c968b060983c,0000000000000000,0000000000000000,0,0
2356,2356,0,00002cc,00,2,2,3,de976bc019d2203f,0,0,2,3d63654afbc9a20f,3,1,1,1,1,1,1,f9ae443d3eeb0fc2,0000000000000000,0000000000000000,0,0
2357,2357,0,00002d0,00,2,2,3,4d0bfc3e8a4ead6a,0,0,2,9fcbccf859610bbd,3,1,1,1,1,1,1,501ce69597598297,0000000000000000,0000000000000000,0,0
2358,2358,0,00002d4,00,2,2,3,c380716b04c53a94,0,0,2,129e4273d4348536,3,1,1,1,1,1,1,de976bc019d2203f,0000000000000000,0000000000000000,0,0
2359,2359,0,00002d8,00,2,2,3,f6d66c373193b7c1,0,0,2,8560d1ef43ca16aa,3,1,1,1,1,1,1,4d0bfc3e8a4ead6a,0000000000000000,0000000000000000,0,0
2360,2360,0,00002dc,00,2,2,3,785de162bf18aa9d,0,0,2,08355f64ce9f9821,3,1,1,1,1,1,1,c380716b04c53a94,0000000000000000,0000000000000000,0,0
2361,2361,0,00002e0,00,2,2,3,ebc1769c2c8427c8,0,0,2,c031828a069b45cf,3,1,1,1,1,1,1,f6d66c373193b7c1,0000000000000000,0000000000000000,0,0
2362,2362,0,00002e4,00,2,2,3,654afbc9a20fb036,0,0,2,4d640c018bcecb44,3,1,1,1,1,1,1,785de162bf18aa9d,0000000000000000,0000000000000000,0,0
2363,2363,0,00002e8,00,2,2,3,ccf859610bbd3d63,0,0,2,da9a9f9d1c3058d8,3,1,1,1,1,1,1,ebc1769c2c8427c8,0000000000000000,0000000000000000,0,0
2364,2364,0,00002ec,00,2,2,3,4273d43485369fcb,0,0,2,57cf11169165d653,3,1,1,1,1,1,1,654afbc9a20fb036,0000000000000000,0000000000000000,0,0
2365,2365,0,00002f0,00,2,2,3,d1ef43ca16aa129e,0,0,2,f567b8a433cd7fe1,3,1,1,1,1,1,1,ccf859610bbd3d63,0000000000000000,0000000000000000,0,0
2366,2366,0,00002f4,00,2,2,3,5f64ce9f98218560,0,0,2,7832362fbe98f16a,3,1,1,1,1,1,1,4273d43485369fcb,0000000000000000,0000000000000000,0,0
2367,2367,0,00002f8,00,2,2,3,828a069b45cf0835,0,0,2,efcca5b3296662f6,3,1,1,1,1,1,1,d1ef43ca16aa129e,0000000000000000,0000000000000000,0,0
2368,2368,0,00002fc,00,2,2,3,0c018bcecb44c031,0,0,2,62992b38a433ec7d,3,1,1,1,1,1,1,5f64ce9f98218560,0000000000000000,0000000000000000,0,0
2369,2369,0,0000300,00,2,2,3,9f9d1c3058d84d64,0,0,2,80176dfc46bdaab9,3,1,1,1,1,1,1,828a069b45cf0835,0000000000000000,0000000000000000,0,0
2370,2370,0,0000304,00,2,2,3,11169165d653da9a,0,0,2,0d42e377cbe82432,3,1,1,1,1,1,1,0c018bcecb44c031,0000000000000000,0000000000000000,0,0
2371,2371,0,0000308,00,2,2,3,b8a433cd7fe157cf,0,0,2,9abc70eb5c16b7ae,3,1,1,1,1,1,1,9f9d1c3058d84d64,0000000000000000,0000000000000000,0,0
2372,2372,0,000030c,00,2,2,3,362fbe98f16af567,0,0,2,17e9fe60d1433925,3,1,1,1,1,1,1,11169165d653da9a,0000000000000000,0000000000000000,0,0
2373,2373,0,0000310,00,2,2,3,a5b3296662f67832,0,0,2,b54157d273eb9097,3,1,1,1,1,1,1,b8a433cd7fe157cf,0000000000000000,0000000000000000,0,0
2374,2374,0,0000314,00,2,2,3,2b38a433ec7defcc,0,0,2,3814d959febe1e1c,3,1,1,1,1,1,1,362fbe98f16af567,0000000000000000,0000000000000000,0,0
2375,2375,0,0000318,00,2,2,3,6dfc46bdaab96299,0,0,2,afea4ac569408d80,3,1,1,1,1,1,1,a5b3296662f67832,0000000000000000,0000000000000000,0,0
2376,2376,0,000031c,00,2,2,3,e377cbe824328017,0,0,2,22bfc44ee415030b,3,1,1,1,1,1,1,2b38a433ec7defcc,0000000000000000,0000000000000000,0,0
2377,2377,0,0000320,00,2,2,3,70eb5c16b7ae0d42,0,0,2,eabb19a02c11dee5,3,1,1,1,1,1,1,6dfc46bdaab96299,0000000000000000,0000000000000000,0,0
2378,2378,0,0000324,00,2,2,3,fe60d14339259abc,0,0,2,67ee972ba144506e,3,1,1,1,1,1,1,e377cbe824328017,0000000000000000,0000000000000000,0,0
2379,2379,0,0000328,00,2,2,3,57d273eb909717e9,0,0,2,f01004b736bac3f2,3,1,1,1,1,1,1,70eb5c16b7ae0d42,0000000000000000,0000000000000000,0,0
2380,2380,0,000032c,00,2,2,3,d959febe1e1cb541,0,0,2,7d458a3cbbef4d79,3,1,1,1,1,1,1,fe60d14339259abc,0000000000000000,0000000000000000,0,0
2381,2381,0,0000330,00,2,2,3,4ac569408d803814,0,0,2,dfed238e1947e4cb,3,1,1,1,1,1,1,57d273eb909717e9,0000000000000000,0000000000000000,0,0
2382,2382,0,0000334,00,2,2,3,c44ee415030bafea,0,0,2,52b8ad0594126a40,3,1,1,1,1,1,1,d959febe1e1cb541,0000000000000000,0000000000000000,0,0
2383,2383,0,0000338,00,2,2,3,19a02c11dee522bf,0,0,2,c5463e9903ecf9dc,3,1,1,1,1,1,1,4ac569408d803814,0000000000000000,0000000000000000,0,0
2384,2384,0,000033c,00,2,2,3,972ba144506eeabb,0,0,2,4813b0128eb97757,3,1,1,1,1,1,1,c44ee415030bafea,0000000000000000,0000000000000000,0,0
2385,2385,0,0000340,00,2,2,3,04b736bac3f267ee,0,0,2,554f854493e54201,3,1,1,1,1,1,1,19a02c11dee522bf,0000000000000000,0000000000000000,0,0
2386,2386,0,0000344,00,2,2,3,8a3cbbef4d79f010,0,0,2,d81a0bcf1eb0cc8a,3,1,1,1,1,1,1,972ba144506eeabb,0000000000000000,0000000000000000,0,0
2387,2387,0,0000348,00,2,2,3,238e1947e4cb7d45,0,0,2,4fe49853894e5f16,3,1,1,1,1,1,1,04b736bac3f267ee,0000000000000000,0000000000000000,0,0
2388,2388,0,000034c,00,2,2,3,ad0594126a40dfed,0,0,2,c2b116d8041bd19d,3,1,1,1,1,1,1,8a3cbbef4d79f010,0000000000000000,0000000000000000,0,0
2389,2389,0,0000350,00,2,2,3,3e9903ecf9dc52b8,0,0,2,6019bf6aa6b3782f,3,1,1,1,1,1,1,238e1947e4cb7d45,0000000000000000,0000000000000000,0,0
2390,2390,0,0000354,00,2,2,3,b0128eb97757c546,0,0,2,ed4c31e12be6f6a4,3,1,1,1,1,1,1,ad0594126a40dfed,0000000000000000,0000000000000000,0,0
2391,2391,0,0000358,00,2,2,3,854493e542014813,0,0,2,7ab2a27dbc186538,3,1,1,1,1,1,1,3e9903ecf9dc52b8,0000000000000000,0000000000000000,0,0
2392,2392,0,000035c,00,2,2,3,0bcf1eb0cc8a554f,0,0,2,f7e72cf6314debb3,3,1,1,1,1,1,1,b0128eb97757c546,0000000000000000,0000000000000000,0,0
2393,2393,0,0000360,00,2,2,3,9853894e5f16d81a,0,0,2,3fe3f118f949365d,3,1,1,1,1,1,1,854493e542014813,0000000000000000,0000000000000000,0,0
2394,2394,0,0000364,00,2,2,3,16d8041bd19d4fe4,0,0,2,b2b67f93741cb8d6,3,1,1,1,1,1,1,0bcf1eb0cc8a554f,0000000000000000,0000000000000000,0,0
2395,2395,0,0000368,00,2,2,3,bf6aa6b3782fc2b1,0,0,2,2548ec0fe3e22b4a,3,1,1,1,1,1,1,9853894e5f16d81a,0000000000000000,0000000000000000,0,0
2396,2396,0,000036c,00,2,2,3,31e12be6f6a46019,0,0,2,a81d62846eb7a5c1,3,1,1,1,1,1,1,16d8041bd19d4fe4,0000000000000000,0000000000000000,0,0
2397,2397,0,0000370,00,2,2,3,a27dbc186538ed4c,0,0,2,0ab5cb36cc1f0c73,3,1,1,1,1,1,1,bf6aa6b3782fc2b1,0000000000000000,0000000000000000,0,0
2398,2398,0,0000374,00,2,2,3,2cf6314debb37ab2,0,0,2,87e045bd414a82f8,3,1,1,1,1,1,1,31e12be6f6a46019,0000000000000000,0000000000000000,0,0
2399,2399,0,0000378,00,2,2,3,f118f949365df7e7,0,0,2,101ed621d6b41164,3,1,1,1,1,1,1,a27dbc186538ed4c,0000000000000000,0000000000000000,0,0
2400,2400,0,000037c,00,2,2,3,7f93741cb8d63fe3,0,0,2,9d4b58aa5be19fef,3,1,1,1,1,1,1,2cf6314debb37ab2,0000000000000000,0000000000000000,0,0
2401,2401,0,0000380,00,2,2,3,ec0fe3e22b4ab2b6,0,0,2,2aa6bc8dec0c7bc8,3,1,1,1,1,1,1,f118f949365df7e7,0000000000000000,0000000000000000,0,0
2402,2402,0,0000384,00,2,2,3,62846eb7a5c12548,0,0,2,a7f332066159f543,3,1,1,1,1,1,1,7f93741cb8d63fe3,0000000000000000,0000000000000000,0,0
2403,2403,0,0000388,00,2,2,3,cb36cc1f0c73a81d,0,0,2,300da19af6a766df,3,1,1,1,1,1,1,ec0fe3e22b4ab2b6,0000000000000000,0000000000000000,0,0
2404,2404,0,000038c,00,2,2,3,45bd414a82f80ab5,0,0,2,bd582f117bf2e854,3,1,1,1,1,1,1,62846eb7a5c12548,0000000000000000,0000000000000000,0,0
2405,2405,0,0000390,00,2,2,3,d621d6b4116487e0,0,0,2,1ff086a3d95a41e6,3,1,1,1,1,1,1,cb36cc1f0c73a81d,0000000000000000,0000000000000000,0,0
2406,2406,0,0000394,00,2,2,3,58aa5be19fef101e,0,0,2,92a50828540fcf6d,3,1,1,1,1,1,1,45bd414a82f80ab5,0000000000000000,0000000000000000,0,0
2407,2407,0,0000398,00,2,2,3,bc8dec0c7bc89d4b,0,0,2,055b9bb4c3f15cf1,3,1,1,1,1,1,1,d621d6b4116487e0,0000000000000000,0000000000000000,0,0
2408,2408,0,000039c,00,2,2,3,32066159f5432aa6,0,0,2,880e153f4ea4d27a,3,1,1,1,1,1,1,58aa5be19fef101e,0000000000000000,0000000000000000,0,0
2409,2409,0,00003a0,00,2,2,3,a19af6a766dfa7f3,0,0,2,400ac8d186a00f94,3,1,1,1,1,1,1,bc8dec0c7bc89d4b,0000000000000000,0000000000000000,0,0
2410,2410,0,00003a4,00,2,2,3,2f117bf2e854300d,0,0,2,cd5f465a0bf5811f,3,1,1,1,1,1,1,32066159f5432aa6,0000000000000000,0000000000000000,0,0
2411,2411,0,00003a8,00,2,2,3,86a3d95a41e6bd58,0,0,2,5aa1d5c69c0b1283,3,1,1,1,1,1,1,a19af6a766dfa7f3,0000000000000000,0000000000000000,0,0
2412,2412,0,00003ac,00,2,2,3,0828540fcf6d1ff0,0,0,2,d7f45b4d115e9c08,3,1,1,1,1,1,1,2f117bf2e854300d,0000000000000000,0000000000000000,0,0
2413,2413,0,00003b0,00,2,2,3,9bb4c3f15cf192a5,0,0,2,755cf2ffb3f635ba,3,1,1,1,1,1,1,86a3d95a41e6bd58,0000000000000000,0000000000000000,0,0
2414,2414,0,00003b4,00,2,2,3,153f4ea4d27a055b,0,0,2,f8097c743ea3bb31,3,1,1,1,1,1,1,0828540fcf6d1ff0,0000000000000000,0000000000000000,0,0
2415,2415,0,00003b8,00,2,2,3,c8d186a00f94880e,0,0,2,6ff7efe8a95d28ad,3,1,1,1,1,1,1,9bb4c3f15cf192a5,0000000000000000,0000000000000000,0,0
2416,2416,0,00003bc,00,2,2,3,465a0bf5811f400a,0,0,2,e2a261632408a626,3,1,1,1,1,1,1,153f4ea4d27a055b,0000000000000000,0000000000000000,0,0
2417,2417,0,00003c0,00,2,2,3,d5c69c0b1283cd5f,0,0,2,fffe543539549370,3,1,1,1,1,1,1,c8d186a00f94880e,0000000000000000,0000000000000000,0,0
2418,2418,0,00003c4,00,2,2,3,5b4d115e9c085aa1,0,0,2,72abdabeb4011dfb,3,1,1,1,1,1,1,465a0bf5811f400a,0000000000000000,0000000000000000,0,0
2419,2419,0,00003c8,00,2,2,3,f2ffb3f635bad7f4,0,0,2,e555492223ff8e67,3,1,1,1,1,1,1,d5c69c0b1283cd5f,0000000000000000,0000000000000000,0,0
2420,2420,0,00003cc,00,2,2,3,7c743ea3bb31755c,0,0,2,6800c7a9aeaa00ec,3,1,1,1,1,1,1,5b4d115e9c085aa1,0000000000000000,0000000000000000,0,0
2421,2421,0,00003d0,00,2,2,3,efe8a95d28adf809,0,0,2,caa86e1b0c02a95e,3,1,1,1,1,1,1,f2ffb3f635bad7f4,0000000000000000,0000000000000000,0,0
2422,2422,0,00003d4,00,2,2,3,61632408a6266ff7,0,0,2,47fde090815727d5,3,1,1,1,1,1,1,7c743ea3bb31755c,0000000000000000,0000000000000000,0,0
2423,2423,0,00003d8,00,2,2,3,543539549370e2a2,0,0,2,d003730c16a9b449,3,1,1,1,1,1,1,efe8a95d28adf809,0000000000000000,0000000000000000,0,0
2424,2424,0,00003dc,00,2,2,3,dabeb4011dfbfffe,0,0,2,5d56fd879bfc3ac2,3,1,1,1,1,1,1,61632408a6266ff7,0000000000000000,0000000000000000,0,0
2425,2425,0,00003e0,00,2,2,3,492223ff8e6772ab,0,0,2,9552206953f8e72c,3,1,1,1,1,1,1,543539549370e2a2,0000000000000000,0000000000000000,0,0
2426,2426,0,00003e4,00,2,2,3,c7a9aeaa00ece555,0,0,2,1807aee2dead69a7,3,1,1,1,1,1,1,dabeb4011dfbfffe,0000000000000000,0000000000000000,0,0
2427,2427,0,00003e8,00,2,2,3,6e1b0c02a95e6800,0,0,2,8ff93d7e4953fa3b,3,1,1,1,1,1,1,492223ff8e6772ab,0000000000000000,0000000000000000,0,0
2428,2428,0,00003ec,00,2,2,3,e090815727d5caa8,0,0,2,02acb3f5c40674b0,3,1,1,1,1,1,1,c7a9aeaa00ece555,0000000000000000,0000000000000000,0,0
2429,2429,0,00003f0,00,2,2,3,730c16a9b44947fd,0,0,2,a0041a4766aedd02,3,1,1,1,1,1,1,6e1b0c02a95e6800,0000000000000000,0000000000000000,0,0
2430,2430,0,00003f4,00,2,2,3,fd879bfc3ac2d003,0,0,2,2d5194ccebfb5389,3,1,1,1,1,1,1,e090815727d5caa8,0000000000000000,0000000000000000,0,0
2431,2431,0,00003f8,00,2,2,3,206953f8e72c5d56,0,0,2,baaf07507c05c015,3,1,1,1,1,1,1,730c16a9b44947fd,0000000000000000,0000000000000000,0,0
2432,2432,0,00003fc,00,2,2,3,aee2dead69a79552,0,0,2,37fa89dbf1504e9e,3,1,1,1,1,1,1,fd879bfc3ac2d003,0000000000000000,0000000000000000,0,0
2433,2433,0,0000000,00,2,2,3,3d7e4953fa3b1807,0,0,2,7fb38ad9b9194d9c,3,1,1,1,1,1,1,206953f8e72c5d56,0000000000000000,0000000000000000,0,0
2434,2434,0,0000004,00,2,2,3,b3f5c40674b08ff9,0,0,2,f2e60452344cc317,3,1,1,1,1,1,1,aee2dead69a79552,0000000000000000,0000000000000000,0,0
2435,2435,0,0000008,00,2,2,3,1a4766aedd0202ac,0,0,2,651897cea3b2508b,3,1,1,1,1,1,1,3d7e4953fa3b1807,0000000000000000,0000000000000000,0,0
2436,2436,0,000000c,00,2,2,3,94ccebfb5389a004,0,0,2,e84d19452ee7de00,3,1,1,1,1,1,1,b3f5c40674b08ff9,0000000000000000,0000000000000000,0,0
2437,2437,0,0000010,00,2,2,3,07507c05c0152d51,0,0,2,4ae5b0f78c4f77b2,3,1,1,1,1,1,1,1a4766aedd0202ac,0000000000000000,0000000000000000,0,0
2438,2438,0,0000014,00,2,2,3,89dbf1504e9ebaaf,0,0,2,c7b03e7c011af939,3,1,1,1,1,1,1,94ccebfb5389a004,0000000000000000,0000000000000000,0,0
2439,2439,0,0000018,00,2,2,3,8ad9b9194d9c37fa,0,0,2,504eade096e46aa5,3,1,1,1,1,1,1,07507c05c0152d51,0000000000000000,0000000000000000,0,0
2440,2440,0,000001c,00,2,2,3,0452344cc3177fb3,0,0,2,dd1b236b1bb1e42e,3,1,1,1,1,1,1,89dbf1504e9ebaaf,0000000000000000,0000000000000000,0,0
2441,2441,0,0000020,00,2,2,3,97cea3b2508bf2e6,0,0,2,151ffe85d3b539c0,3,1,1,1,1,1,1,8ad9b9194d9c37fa,0000000000000000,0000000000000000,0,0
2442,2442,0,0000024,00,2,2,3,19452ee7de006518,0,0,2,984a700e5ee0b74b,3,1,1,1,1,1,1,0452344cc3177fb3,0000000000000000,0000000000000000,0,0
2443,2443,0,0000028,00,2,2,3,b0f78c4f77b2e84d,0,0,2,0fb4e392c91e24d7,3,1,1,1,1,1,1,97cea3b2508bf2e6,0000000000000000,0000000000000000,0,0
2444,2444,0,000002c,00,2,2,3,3e7c011af9394ae5,0,0,2,82e16d19444baa5c,3,1,1,1,1,1,1,19452ee7de006518,0000000000000000,0000000000000000,0,0
2445,2445,0,0000030,00,2,2,3,ade096e46aa5c7b0,0,0,2,2049c4abe6e303ee,3,1,1,1,1,1,1,b0f78c4f77b2e84d,0000000000000000,0000000000000000,0,0
2446,2446,0,0000034,00,2,2,3,236b1bb1e42e504e,0,0,2,ad1c4a206bb68d65,3,1,1,1,1,1,1,3e7c011af9394ae5,0000000000000000,0000000000000000,0,0
2447,2447,0,0000038,00,2,2,3,fe85d3b539c0dd1b,0,0,2,3ae2d9bcfc481ef9,3,1,1,1,1,1,1,ade096e46aa5c7b0,0000000000000000,0000000000000000,0,0
2448,2448,0,000003c,00,2,2,3,700e5ee0b74b151f,0,0,2,b7b75737711d9072,3,1,1,1,1,1,1,236b1bb1e42e504e,0000000000000000,0000000000000000,0,0
2449,2449,0,0000040,00,2,2,3,e392c91e24d7984a,0,0,2,aaeb62616c41a524,3,1,1,1,1,1,1,fe85d3b539c0dd1b,0000000000000000,0000000000000000,0,0
2450,2450,0,0000044,00,2,2,3,6d19444baa5c0fb4,0,0,2,27beeceae1142baf,3,1,1,1,1,1,1,700e5ee0b74b151f,0000000000000000,0000000000000000,0,0
2451,2451,0,0000048,00,2,2,3,c4abe6e303ee82e1,0,0,2,b0407f7676eab833,3,1,1,1,1,1,1,e392c91e24d7984a,0000000000000000,0000000000000000,0,0
2452,2452,0,000004c,00,2,2,3,4a206bb68d652049,0,0,2,3d15f1fdfbbf36b8,3,1,1,1,1,1,1,6d19444baa5c0fb4,0000000000000000,0000000000000000,0,0
2453,2453,0,0000050,00,2,2,3,d9bcfc481ef9ad1c,0,0,2,9fbd584f59179f0a,3,1,1,1,1,1,1,c4abe6e303ee82e1,0000000000000000,0000000000000000,0,0
2454,2454,0,0000054,00,2,2,3,5737711d90723ae2,0,0,2,12e8d6c4d4421181,3,1,1,1,1,1,1,4a206bb68d652049,0000000000000000,0000000000000000,0,0
2455,2455,0,0000058,00,2,2,3,62616c41a524b7b7,0,0,2,8516455843bc821d,3,1,1,1,1,1,1,d9bcfc481ef9ad1c,0000000000000000,0000000000000000,0,0
2456,2456,0,000005c,00,2,2,3,eceae1142bafaaeb,0,0,2,0843cbd3cee90c96,3,1,1,1,1,1,1,5737711d90723ae2,0000000000000000,0000000000000000,0,0
2457,2457,0,0000060,00,2,2,3,7f7676eab83327be,0,0,2,c047163d06edd178,3,1,1,1,1,1,1,62616c41a524b7b7,0000000000000000,0000000000000000,0,0
2458,2458,0,0000064,00,2,2,3,f1fdfbbf36b8b040,0,0,2,4d1298b68bb85ff3,3,1,1,1,1,1,1,eceae1142bafaaeb,0000000000000000,0000000000000000,0,0
2459,2459,0,0000068,00,2,2,3,584f59179f0a3d15,0,0,2,daec0b2a1c46cc6f,3,1,1,1,1,1,1,7f7676eab83327be,0000000000000000,0000000000000000,0,0
2460,2460,0,000006c,00,2,2,3,d6c4d44211819fbd,0,0,2,57b985a1911342e4,3,1,1,1,1,1,1,f1fdfbbf36b8b040,0000000000000000,0000000000000000,0,0
2461,2461,0,0000070,00,2,2,3,455843bc821d12e8,0,0,2,f5112c1333bbeb56,3,1,1,1,1,1,1,584f59179f0a3d15,0000000000000000,0000000000000000,0,0
2462,2462,0,0000074,00,2,2,3,cbd3cee90c968516,0,0,2,7844a298beee65dd,3,1,1,1,1,1,1,d6c4d44211819fbd,0000000000000000,0000000000000000,0,0
2463,2463,0,0000078,00,2,2,3,163d06edd1780843,0,0,2,efba31042910f641,3,1,1,1,1,1,1,455843bc821d12e8,0000000000000000,0000000000000000,0,0
2464,2464,0,000007c,00,2,2,3,98b68bb85ff3c047,0,0,2,62efbf8fa44578ca,3,1,1,1,1,1,1,cbd3cee90c968516,0000000000000000,0000000000000000,0,0
2465,2465,0,0000080,00,2,2,3,0b2a1c46cc6f4d12,0,0,2,d5025ba813a89ced,3,1,1,1,1,1,1,163d06edd1780843,0000000000000000,0000000000000000,0,0
2466,2466,0,0000084,00,2,2,3,85a1911342e4daec,0,0,2,5857d5239efd1266,3,1,1,1,1,1,1,98b68bb85ff3c047,0000000000000000,0000000000000000,0,0
2467,2467,0,0000088,00,2,2,3,2c1333bbeb5657b9,0,0,2,cfa946bf090381fa,3,1,1,1,1,1,1,0b2a1c46cc6f4d12,0000000000000000,0000000000000000,0,0
2468,2468,0,000008c,00,2,2,3,a298beee65ddf511,0,0,2,42fcc83484560f71,3,1,1,1,1,1,1,85a1911342e4daec,0000000000000000,0000000000000000,0,0
2469,2469,0,0000090,00,2,2,3,31042910f6417844,0,0,2,e054618626fea6c3,3,1,1,1,1,1,1,2c1333bbeb5657b9,0000000000000000,0000000000000000,0,0
2470,2470,0,0000094,00,2,2,3,bf8fa44578caefba,0,0,2,6d01ef0dabab2848,3,1,1,1,1,1,1,a298beee65ddf511,0000000000000000,0000000000000000,0,0
2471,2471,0,0000098,00,2,2,3,5ba813a89ced62ef,0,0,2,faff7c913c55bbd4,3,1,1,1,1,1,1,31042910f6417844,0000000000000000,0000000000000000,0,0
2472,2472,0,000009c,00,2,2,3,d5239efd1266d502,0,0,2,77aaf21ab100355f,3,1,1,1,1,1,1,bf8fa44578caefba,0000000000000000,0000000000000000,0,0
2473,2473,0,00000a0,00,2,2,3,46bf090381fa5857,0,0,2,bfae2ff47904e8b1,3,1,1,1,1,1,1,5ba813a89ced62ef,0000000000000000,0000000000000000,0,0
2474,2474,0,00000a4,00,2,2,3,c83484560f71cfa9,0,0,2,32fba17ff451663a,3,1,1,1,1,1,1,d5239efd1266d502,0000000000000000,0000000000000000,0,0
2475,2475,0,00000a8,00,2,2,3,618626fea6c342fc,0,0,2,a50532e363aff5a6,3,1,1,1,1,1,1,46bf090381fa5857,0000000000000000,0000000000000000,0,0
2476,2476,0,00000ac,00,2,2,3,ef0dabab2848e054,0,0,2,2850bc68eefa7b2d,3,1,1,1,1,1,1,c83484560f71cfa9,0000000000000000,0000000000000000,0,0
2477,2477,0,00000b0,00,2,2,3,7c913c55bbd46d01,0,0,2,8af815da4c52d29f,3,1,1,1,1,1,1,618626fea6c342fc,0000000000000000,0000000000000000,0,0
2478,2478,0,00000b4,00,2,2,3,f21ab100355ffaff,0,0,2,07ad9b51c1075c14,3,1,1,1,1,1,1,ef0dabab2848e054,0000000000000000,0000000000000000,0,0
2479,2479,0,00000b8,00,2,2,3,2ff47904e8b177aa,0,0,2,905308cd56f9cf88,3,1,1,1,1,1,1,7c913c55bbd46d01,0000000000000000,0000000000000000,0,0
2480,2480,0,00000bc,00,2,2,3,a17ff451663abfae,0,0,2,1d068646dbac4103,3,1,1,1,1,1,1,f21ab100355ffaff,0000000000000000,0000000000000000,0,0
2481,2481,0,00000c0,00,2,2,3,32e363aff5a632fb,0,0,2,005ab310c6f07455,3,1,1,1,1,1,1,2ff47904e8b177aa,0000000000000000,0000000000000000,0,0
2482,2482,0,00000c4,00,2,2,3,bc68eefa7b2da505,0,0,2,8d0f3d9b4ba5fade,3,1,1,1,1,1,1,a17ff451663abfae,0000000000000000,0000000000000000,0,0
2483,2483,0,00000c8,00,2,2,3,15da4c52d29f2850,0,0,2,1af1ae07dc5b6942,3,1,1,1,1,1,1,32e363aff5a632fb,0000000000000000,0000000000000000,0,0
2484,2484,0,00000cc,00,2,2,3,9b51c1075c148af8,0,0,2,97a4208c510ee7c9,3,1,1,1,1,1,1,bc68eefa7b2da505,0000000000000000,0000000000000000,0,0
2485,2485,0,00000d0,00,2,2,3,08cd56f9cf8807ad,0,0,2,350c893ef3a64e7b,3,1,1,1,1,1,1,15da4c52d29f2850,0000000000000000,0000000000000000,0,0
2486,2486,0,00000d4,00,2,2,3,8646dbac41039053,0,0,2,b85907b57ef3c0f0,3,1,1,1,1,1,1,9b51c1075c148af8,0000000000000000,0000000000000000,0,0
2487,2487,0,00000d8,00,2,2,3,b310c6f074551d06,0,0,2,2fa79429e90d536c,3,1,1,1,1,1,1,08cd56f9cf8807ad,0000000000000000,0000000000000000,0,0
2488,2488,0,00000dc,00,2,2,3,3d9b4ba5fade005a,0,0,2,a2f21aa26458dde7,3,1,1,1,1,1,1,8646dbac41039053,0000000000000000,0000000000000000,0,0
2489,2489,0,00000e0,00,2,2,3,ae07dc5b69428d0f,0,0,2,6af6c74cac5c0009,3,1,1,1,1,1,1,b310c6f074551d06,0000000000000000,0000000000000000,0,0
2490,2490,0,00000e4,00,2,2,3,208c510ee7c91af1,0,0,2,e7a349c721098e82,3,1,1,1,1,1,1,3d9b4ba5fade005a,0000000000000000,0000000000000000,0,0
2491,2491,0,00000e8,00,2,2,3,893ef3a64e7b97a4,0,0,2,705dda5bb6f71d1e,3,1,1,1,1,1,1,ae07dc5b69428d0f,0000000000000000,0000000000000000,0,0
2492,2492,0,00000ec,00,2,2,3,07b57ef3c0f0350c,0,0,2,fd0854d03ba29395,3,1,1,1,1,1,1,208c510ee7c91af1,0000000000000000,0000000000000000,0,0
2493,2493,0,00000f0,00,2,2,3,9429e90d536cb859,0,0,2,5fa0fd62990a3a27,3,1,1,1,1,1,1,893ef3a64e7b97a4,0000000000000000,0000000000000000,0,0
2494,2494,0,00000f4,00,2,2,3,1aa26458dde72fa7,0,0,2,d2f573e9145fb4ac,3,1,1,1,1,1,1,07b57ef3c0f0350c,0000000000000000,0000000000000000,0,0
2495,2495,0,00000f8,00,2,2,3,c74cac5c0009a2f2,0,0,2,450be07583a12730,3,1,1,1,1,1,1,9429e90d536cb859,0000000000000000,0000000000000000,0,0
2496,2496,0,00000fc,00,2,2,3,49c721098e826af6,0,0,2,c85e6efe0ef4a9bb,3,1,1,1,1,1,1,1aa26458dde72fa7,0000000000000000,0000000000000000,0,0
2497,2497,0,0000100,00,2,2,3,da5bb6f71d1ee7a3,0,0,2,2ad0283aec7aef7f,3,1,1,1,1,1,1,c74cac5c0009a2f2,0000000000000000,0000000000000000,0,0
2498,2498,0,0000104,00,2,2,3,54d03ba29395705d,0,0,2,a785a6b1612f61f4,3,1,1,1,1,1,1,49c721098e826af6,0000000000000000,0000000000000000,0,0
2499,2499,0,0000108,00,2,2,3,fd62990a3a27fd08,0,0,2,307b352df6d1f268,3,1,1,1,1,1,1,da5bb6f71d1ee7a3,0000000000000000,0000000000000000,0,0
2500,2500,0,000010c,00,2,2,3,73e9145fb4ac5fa0,0,0,2,bd2ebba67b847ce3,3,1,1,1,1,1,1,54d03ba29395705d,0000000000000000,0000000000000000,0,0
2501,2501,0,0000110,00,2,2,3,e07583a12730d2f5,0,0,2,1f861214d92cd551,3,1,1,1,1,1,1,fd62990a3a27fd08,0000000000000000,0000000000000000,0,0
2502,2502,0,0000114,00,2,2,3,6efe0ef4a9bb450b,0,0,2,92d39c9f54795bda,3,1,1,1,1,1,1,73e9145fb4ac5fa0,0000000000000000,0000000000000000,0,0
2503,2503,0,0000118,00,2,2,3,283aec7aef7fc85e,0,0,2,052d0f03c387c846,3,1,1,1,1,1,1,e07583a12730d2f5,0000000000000000,0000000000000000,0,0
2504,2504,0,000011c,00,2,2,3,a6b1612f61f42ad0,0,0,2,887881884ed246cd,3,1,1,1,1,1,1,6efe0ef4a9bb450b,0000000000000000,0000000000000000,0,0
2505,2505,0,0000120,00,2,2,3,352df6d1f268a785,0,0,2,407c5c6686d69b23,3,1,1,1,1,1,1,283aec7aef7fc85e,0000000000000000,0000000000000000,0,0
2506,2506,0,0000124,00,2,2,3,bba67b847ce3307b,0,0,2,cd29d2ed0b8315a8,3,1,1,1,1,1,1,a6b1612f61f42ad0,0000000000000000,0000000000000000,0,0
2507,2507,0,0000128,00,2,2,3,1214d92cd551bd2e,0,0,2,5ad741719c7d8634,3,1,1,1,1,1,1,352df6d1f268a785,0000000000000000,0000000000000000,0,0
2508,2508,0,000012c,00,2,2,3,9c9f54795bda1f86,0,0,2,d782cffa112808bf,3,1,1,1,1,1,1,bba67b847ce3307b,0000000000000000,0000000000000000,0,0
2509,2509,0,0000130,00,2,2,3,0f03c387c84692d3,0,0,2,752a6648b380a10d,3,1,1,1,1,1,1,1214d92cd551bd2e,0000000000000000,0000000000000000,0,0
2510,2510,0,0000134,00,2,2,3,81884ed246cd052d,0,0,2,f87fe8c33ed52f86,3,1,1,1,1,1,1,9c9f54795bda1f86,0000000000000000,0000000000000000,0,0
2511,2511,0,0000138,00,2,2,3,5c6686d69b238878,0,0,2,6f817b5fa92bbc1a,3,1,1,1,1,1,1,0f03c387c84692d3,0000000000000000,0000000000000000,0,0
2512,2512,0,000013c,00,2,2,3,d2ed0b8315a8407c,0,0,2,e2d4f5d4247e3291,3,1,1,1,1,1,1,81884ed246cd052d,0000000000000000,0000000000000000,0,0
2513,2513,0,0000140,00,2,2,3,41719c7d8634cd29,0,0,2,ff88c082392207c7,3,1,1,1,1,1,1,5c6686d69b238878,0000000000000000,0000000000000000,0,0
2514,2514,0,0000144,00,2,2,3,cffa112808bf5ad7,0,0,2,72dd4e09b477894c,3,1,1,1,1,1,1,d2ed0b8315a8407c,0000000000000000,0000000000000000,0,0
2515,2515,0,0000148,00,2,2,3,6648b380a10dd782,0,0,2,e523dd9523891ad0,3,1,1,1,1,1,1,41719c7d8634cd29,0000000000000000,0000000000000000,0,0
2516,2516,0,000014c,00,2,2,3,e8c33ed52f86752a,0,0,2,6876531eaedc945b,3,1,1,1,1,1,1,cffa112808bf5ad7,0000000000000000,0000000000000000,0,0
2517,2517,0,0000150,00,2,2,3,7b5fa92bbc1af87f,0,0,2,cadefaac0c743de9,3,1,1,1,1,1,1,6648b380a10dd782,0000000000000000,0000000000000000,0,0
2518,2518,0,0000154,00,2,2,3,f5d4247e32916f81,0,0,2,478b74278121b362,3,1,1,1,1,1,1,e8c33ed52f86752a,0000000000000000,0000000000000000,0,0
2519,2519,0,0000158,00,2,2,3,c082392207c7e2d4,0,0,2,d075e7bb16df20fe,3,1,1,1,1,1,1,7b5fa92bbc1af87f,0000000000000000,0000000000000000,0,0
2520,2520,0,000015c,00,2,2,3,4e09b477894cff88,0,0,2,5d2069309b8aae75,3,1,1,1,1,1,1,f5d4247e32916f81,0000000000000000,0000000000000000,0,0
2521,2521,0,0000160,00,2,2,3,dd9523891ad072dd,0,0,2,9524b4de538e739b,3,1,1,1,1,1,1,c082392207c7e2d4,0000000000000000,0000000000000000,0,0
2522,2522,0,0000164,00,2,2,3,531eaedc945be523,0,0,2,18713a55dedbfd10,3,1,1,1,1,1,1,4e09b477894cff88,0000000000000000,0000000000000000,0,0
2523,2523,0,0000168,00,2,2,3,faac0c743de96876,0,0,2,8f8fa9c949256e8c,3,1,1,1,1,1,1,dd9523891ad072dd,0000000000000000,0000000000000000,0,0
2524,2524,0,000016c,00,2,2,3,74278121b362cade,0,0,2,02da2742c470e007,3,1,1,1,1,1,1,531eaedc945be523,0000000000000000,0000000000000000,0,0
2525,2525,0,0000170,00,2,2,3,e7bb16df20fe478b,0,0,2,a0728ef066d849b5,3,1,1,1,1,1,1,faac0c743de96876,0000000000000000,0000000000000000,0,0
2526,2526,0,0000174,00,2,2,3,69309b8aae75d075,0,0,2,2d27007beb8dc73e,3,1,1,1,1,1,1,74278121b362cade,0000000000000000,0000000000000000,0,0
2527,2527,0,0000178,00,2,2,3,b4de538e739b5d20,0,0,2,bad993e77c7354a2,3,1,1,1,1,1,1,e7bb16df20fe478b,0000000000000000,0000000000000000,0,0
2528,2528,0,000017c,00,2,2,3,3a55dedbfd109524,0,0,2,378c1d6cf126da29,3,1,1,1,1,1,1,69309b8aae75d075,0000000000000000,0000000000000000,0,0
2529,2529,0,0000180,00,2,2,3,a9c949256e8c1871,0,0,2,8061f94b46cb3e0e,3,1,1,1,1,1,1,b4de538e739b5d20,0000000000000000,0000000000000000,0,0
2530,2530,0,0000184,00,2,2,3,2742c470e0078f8f,0,0,2,0d3477c0cb9eb085,3,1,1,1,1,1,1,3a55dedbfd109524,0000000000000000,0000000000000000,0,0
2531,2531,0,0000188,00,2,2,3,8ef066d849b502da,0,0,2,9acae45c5c602319,3,1,1,1,1,1,1,a9c949256e8c1871,0000000000000000,0000000000000000,0,0
2532,2532,0,000018c,00,2,2,3,007beb8dc73ea072,0,0,2,179f6ad7d135ad92,3,1,1,1,1,1,1,2742c470e0078f8f,0000000000000000,0000000000000000,0,0
2533,2533,0,0000190,00,2,2,3,93e77c7354a22d27,0,0,2,b537c365739d0420,3,1,1,1,1,1,1,8ef066d849b502da,0000000000000000,0000000000000000,0,0
2534,2534,0,0000194,00,2,2,3,1d6cf126da29bad9,0,0,2,38624deefec88aab,3,1,1,1,1,1,1,007beb8dc73ea072,0000000000000000,0000000000000000,0,0
2535,2535,0,0000198,00,2,2,3,f94b46cb3e0e378c,0,0,2,af9cde7269361937,3,1,1,1,1,1,1,93e77c7354a22d27,0000000000000000,0000000000000000,0,0
2536,2536,0,000019c,00,2,2,3,77c0cb9eb0858061,0,0,2,22c950f9e46397bc,3,1,1,1,1,1,1,1d6cf126da29bad9,0000000000000000,0000000000000000,0,0
2537,2537,0,00001a0,00,2,2,3,e45c5c6023190d34,0,0,2,eacd8d172c674a52,3,1,1,1,1,1,1,f94b46cb3e0e378c,0000000000000000,0000000000000000,0,0
2538,2538,0,00001a4,00,2,2,3,6ad7d135ad929aca,0,0,2,6798039ca132c4d9,3,1,1,1,1,1,1,77c0cb9eb0858061,0000000000000000,0000000000000000,0,0
2539,2539,0,00001a8,00,2,2,3,c365739d0420179f,0,0,2,f066900036cc5745,3,1,1,1,1,1,1,e45c5c6023190d34,0000000000000000,0000000000000000,0,0
2540,2540,0,00001ac,00,2,2,3,4deefec88aabb537,0,0,2,7d331e8bbb99d9ce,3,1,1,1,1,1,1,6ad7d135ad929aca,0000000000000000,0000000000000000,0,0
2541,2541,0,00001b0,00,2,2,3,de72693619373862,0,0,2,df9bb7391931707c,3,1,1,1,1,1,1,c365739d0420179f,0000000000000000,0000000000000000,0,0
2542,2542,0,00001b4,00,2,2,3,50f9e46397bcaf9c,0,0,2,52ce39b29464fef7,3,1,1,1,1,1,1,4deefec88aabb537,0000000000000000,0000000000000000,0,0
2543,2543,0,00001b8,00,2,2,3,8d172c674a5222c9,0,0,2,c530aa2e039a6d6b,3,1,1,1,1,1,1,de72693619373862,0000000000000000,0000000000000000,0,0
2544,2544,0,00001bc,00,2,2,3,039ca132c4d9eacd,0,0,2,486524a58ecfe3e0,3,1,1,1,1,1,1,50f9e46397bcaf9c,0000000000000000,0000000000000000,0,0
2545,2545,0,00001c0,00,2,2,3,900036cc57456798,0,0,2,553911f39393d6b6,3,1,1,1,1,1,1,8d172c674a5222c9,0000000000000000,0000000000000000,0,0
2546,2546,0,00001c4,00,2,2,3,1e8bbb99d9cef066,0,0,2,d86c9f781ec6583d,3,1,1,1,1,1,1,039ca132c4d9eacd,0000000000000000,0000000000000000,0,0
2547,2547,0,00001c8,00,2,2,3,b7391931707c7d33,0,0,2,4f920ce48938cba1,3,1,1,1,1,1,1,900036cc57456798,0000000000000000,0000000000000000,0,0
2548,2548,0,00001cc,00,2,2,3,39b29464fef7df9b,0,0,2,c2c7826f046d452a,3,1,1,1,1,1,1,1e8bbb99d9cef066,0000000000000000,0000000000000000,0,0
2549,2549,0,00001d0,00,2,2,3,aa2e039a6d6b52ce,0,0,2,606f2bdda6c5ec98,3,1,1,1,1,1,1,b7391931707c7d33,0000000000000000,0000000000000000,0,0
2550,2550,0,00001d4,00,2,2,3,24a58ecfe3e0c530,0,0,2,ed3aa5562b906213,3,1,1,1,1,1,1,39b29464fef7df9b,0000000000000000,0000000000000000,0,0
2551,2551,0,00001d8,00,2,2,3,11f39393d6b64865,0,0,2,7ac436cabc6ef18f,3,1,1,1,1,1,1,aa2e039a6d6b52ce,0000000000000000,0000000000000000,0,0
2552,2552,0,00001dc,00,2,2,3,9f781ec6583d5539,0,0,2,f791b841313b7f04,3,1,1,1,1,1,1,24a58ecfe3e0c530,0000000000000000,0000000000000000,0,0
2553,2553,0,00001e0,00,2,2,3,0ce48938cba1d86c,0,0,2,3f9565aff93fa2ea,3,1,1,1,1,1,1,11f39393d6b64865,0000000000000000,0000000000000000,0,0
2554,2554,0,00001e4,00,2,2,3,826f046d452a4f92,0,0,2,b2c0eb24746a2c61,3,1,1,1,1,1,1,9f781ec6583d5539,0000000000000000,0000000000000000,0,0
2555,2555,0,00001e8,00,2,2,3,2bdda6c5ec98c2c7,0,0,2,253e78b8e394bffd,3,1,1,1,1,1,1,0ce48938cba1d86c,0000000000000000,0000000000000000,0,0
2556,2556,0,00001ec,00,2,2,3,a5562b906213606f,0,0,2,a86bf6336ec13176,3,1,1,1,1,1,1,826f046d452a4f92,0000000000000000,0000000000000000,0,0
2557,2557,0,00001f0,00,2,2,3,36cabc6ef18fed3a,0,0,2,0ac35f81cc6998c4,3,1,1,1,1,1,1,2bdda6c5ec98c2c7,0000000000000000,0000000000000000,0,0
2558,2558,0,00001f4,00,2,2,3,b841313b7f047ac4,0,0,2,8796d10a413c164f,3,1,1,1,1,1,1,a5562b906213606f,0000000000000000,0000000000000000,0,0
2559,2559,0,00001f8,00,2,2,3,65aff93fa2eaf791,0,0,2,10684296d6c285d3,3,1,1,1,1,1,1,36cabc6ef18fed3a,0000000000000000,0000000000000000,0,0
2560,2560,0,00001fc,00,2,2,3,eb24746a2c613f95,0,0,2,9d3dcc1d5b970b58,3,1,1,1,1,1,1,b841313b7f047ac4,0000000000000000,0000000000000000,0,0
2561,2561,0,0000200,00,2,2,3,78b8e394bffdb2c0,0,0,2,d574cf1f13de085a,3,1,1,1,1,1,1,65aff93fa2eaf791,0000000000000000,0000000000000000,0,0
2562,2562,0,0000204,00,2,2,3,f6336ec13176253e,0,0,2,582141949e8b86d1,3,1,1,1,1,1,1,eb24746a2c613f95,0000000000000000,0000000000000000,0,0
2563,2563,0,0000208,00,2,2,3,5f81cc6998c4a86b,0,0,2,cfdfd2080975154d,3,1,1,1,1,1,1,78b8e394bffdb2c0,0000000000000000,0000000000000000,0,0
2564,2564,0,000020c,00,2,2,3,d10a413c164f0ac3,0,0,2,428a5c8384209bc6,3,1,1,1,1,1,1,f6336ec13176253e,0000000000000000,0000000000000000,0,0
2565,2565,0,0000210,00,2,2,3,4296d6c285d38796,0,0,2,e022f53126883274,3,1,1,1,1,1,1,5f81cc6998c4a86b,0000000000000000,0000000000000000,0,0
2566,2566,0,0000214,00,2,2,3,cc1d5b970b581068,0,0,2,6d777bbaabddbcff,3,1,1,1,1,1,1,d10a413c164f0ac3,0000000000000000,0000000000000000,0,0
2567,2567,0,0000218,00,2,2,3,cf1f13de085a9d3d,0,0,2,fa89e8263c232f63,3,1,1,1,1,1,1,4296d6c285d38796,0000000000000000,0000000000000000,0,0
2568,2568,0,000021c,00,2,2,3,41949e8b86d1d574,0,0,2,77dc66adb176a1e8,3,1,1,1,1,1,1,cc1d5b970b581068,0000000000000000,0000000000000000,0,0
2569,2569,0,0000220,00,2,2,3,d2080975154d5821,0,0,2,bfd8bb4379727c06,3,1,1,1,1,1,1,cf1f13de085a9d3d,0000000000000000,0000000000000000,0,0
2570,2570,0,0000224,00,2,2,3,5c8384209bc6cfdf,0,0,2,328d35c8f427f28d,3,1,1,1,1,1,1,41949e8b86d1d574,0000000000000000,0000000000000000,0,0
2571,2571,0,0000228,00,2,2,3,f53126883274428a,0,0,2,a573a65463d96111,3,1,1,1,1,1,1,d2080975154d5821,0000000000000000,0000000000000000,0,0
2572,2572,0,000022c,00,2,2,3,7bbaabddbcffe022,0,0,2,282628dfee8cef9a,3,1,1,1,1,1,1,5c8384209bc6cfdf,0000000000000000,0000000000000000,0,0
2573,2573,0,0000230,00,2,2,3,e8263c232f636d77,0,0,2,8a8e816d4c244628,3,1,1,1,1,1,1,f53126883274428a,0000000000000000,0000000000000000,0,0
2574,2574,0,0000234,00,2,2,3,66adb176a1e8fa89,0,0,2,07db0fe6c171c8a3,3,1,1,1,1,1,1,7bbaabddbcffe022,0000000000000000,0000000000000000,0,0
2575,2575,0,0000238,00,2,2,3,bb4379727c0677dc,0,0,2,90259c7a568f5b3f,3,1,1,1,1,1,1,e8263c232f636d77,0000000000000000,0000000000000000,0,0
2576,2576,0,000023c,00,2,2,3,35c8f427f28dbfd8,0,0,2,1d7012f1dbdad5b4,3,1,1,1,1,1,1,66adb176a1e8fa89,0000000000000000,0000000000000000,0,0
2577,2577,0,0000240,00,2,2,3,a65463d96111328d,0,0,2,002c27a7c686e0e2,3,1,1,1,1,1,1,bb4379727c0677dc,0000000000000000,0000000000000000,0,0
2578,2578,0,0000244,00,2,2,3,28dfee8cef9aa573,0,0,2,8d79a92c4bd36e69,3,1,1,1,1,1,1,35c8f427f28dbfd8,0000000000000000,0000000000000000,0,0
2579,2579,0,0000248,00,2,2,3,816d4c2446282826,0,0,2,1a873ab0dc2dfdf5,3,1,1,1,1,1,1,a65463d96111328d,0000000000000000,0000000000000000,0,0
2580,2580,0,000024c,00,2,2,3,0fe6c171c8a38a8e,0,0,2,97d2b43b5178737e,3,1,1,1,1,1,1,28dfee8cef9aa573,0000000000000000,0000000000000000,0,0
2581,2581,0,0000250,00,2,2,3,9c7a568f5b3f07db,0,0,2,357a1d89f3d0dacc,3,1,1,1,1,1,1,816d4c2446282826,0000000000000000,0000000000000000,0,0
2582,2582,0,0000254,00,2,2,3,12f1dbdad5b49025,0,0,2,b82f93027e855447,3,1,1,1,1,1,1,0fe6c171c8a38a8e,0000000000000000,0000000000000000,0,0
2583,2583,0,0000258,00,2,2,3,27a7c686e0e21d70,0,0,2,2fd1009ee97bc7db,3,1,1,1,1,1,1,9c7a568f5b3f07db,0000000000000000,0000000000000000,0,0
2584,2584,0,000025c,00,2,2,3,a92c4bd36e69002c,0,0,2,a2848e15642e4950,3,1,1,1,1,1,1,12f1dbdad5b49025,0000000000000000,0000000000000000,0,0
2585,2585,0,0000260,00,2,2,3,3ab0dc2dfdf58d79,0,0,2,6a8053fbac2a94be,3,1,1,1,1,1,1,27a7c686e0e21d70,0000000000000000,0000000000000000,0,0
2586,2586,0,0000264,00,2,2,3,b43b5178737e1a87,0,0,2,e7d5dd70217f1a35,3,1,1,1,1,1,1,a92c4bd36e69002c,0000000000000000,0000000000000000,0,0
2587,2587,0,0000268,00,2,2,3,1d89f3d0dacc97d2,0,0,2,702b4eecb68189a9,3,1,1,1,1,1,1,3ab0dc2dfdf58d79,0000000000000000,0000000000000000,0,0
2588,2588,0,000026c,00,2,2,3,93027e855447357a,0,0,2,fd7ec0673bd40722,3,1,1,1,1,1,1,b43b5178737e1a87,0000000000000000,0000000000000000,0,0
2589,2589,0,0000270,00,2,2,3,009ee97bc7dbb82f,0,0,2,5fd669d5997cae90,3,1,1,1,1,1,1,1d89f3d0dacc97d2,0000000000000000,0000000000000000,0,0
2590,2590,0,0000274,00,2,2,3,8e15642e49502fd1,0,0,2,d283e75e1429201b,3,1,1,1,1,1,1,93027e855447357a,0000000000000000,0000000000000000,0,0
2591,2591,0,0000278,00,2,2,3,53fbac2a94bea284,0,0,2,457d74c283d7b387,3,1,1,1,1,1,1,009ee97bc7dbb82f,0000000000000000,0000000000000000,0,0
2592,2592,0,000027c,00,2,2,3,dd70217f1a356a80,0,0,2,c828fa490e823d0c,3,1,1,1,1,1,1,8e15642e49502fd1,0000000000000000,0000000000000000,0,0
2593,2593,0,0000280,00,2,2,3,4eecb68189a9e7d5,0,0,2,7fc51e6eb96fd92b,3,1,1,1,1,1,1,53fbac2a94bea284,0000000000000000,0000000000000000,0,0
2594,2594,0,0000284,00,2,2,3,c0673bd40722702b,0,0,2,f29090e5343a57a0,3,1,1,1,1,1,1,dd70217f1a356a80,0000000000000000,0000000000000000,0,0
2595,2595,0,0000288,00,2,2,3,69d5997cae90fd7e,0,0,2,656e0379a3c4c43c,3,1,1,1,1,1,1,4eecb68189a9e7d5,0000000000000000,0000000000000000,0,0
2596,2596,0,000028c,00,2,2,3,e75e1429201b5fd6,0,0,2,e83b8df22e914ab7,3,1,1,1,1,1,1,c0673bd40722702b,0000000000000000,0000000000000000,0,0
2597,2597,0,0000290,00,2,2,3,74c283d7b387d283,0,0,2,4a9324408c39e305,3,1,1,1,1,1,1,69d5997cae90fd7e,0000000000000000,0000000000000000,0,0
2598,2598,0,0000294,00,2,2,3,fa490e823d0c457d,0,0,2,c7c6aacb016c6d8e,3,1,1,1,1,1,1,e75e1429201b5fd6,0000000000000000,0000000000000000,0,0
2599,2599,0,0000298,00,2,2,3,1e6eb96fd92bc828,0,0,2,503839579692fe12,3,1,1,1,1,1,1,74c283d7b387d283,0000000000000000,0000000000000000,0,0
2600,2600,0,000029c,00,2,2,3,90e5343a57a07fc5,0,0,2,dd6db7dc1bc77099,3,1,1,1,1,1,1,fa490e823d0c457d,0000000000000000,0000000000000000,0,0
2601,2601,0,00002a0,00,2,2,3,0379a3c4c43cf290,0,0,2,15696a32d3c3ad77,3,1,1,1,1,1,1,1e6eb96fd92bc828,0000000000000000,0000000000000000,0,0
2602,2602,0,00002a4,00,2,2,3,8df22e914ab7656e,0,0,2,983ce4b95e9623fc,3,1,1,1,1,1,1,90e5343a57a07fc5,0000000000000000,0000000000000000,0,0
2603,2603,0,00002a8,00,2,2,3,24408c39e305e83b,0,0,2,0fc27725c968b060,3,1,1,1,1,1,1,0379a3c4c43cf290,0000000000000000,0000000000000000,0,0
2604,2604,0,00002ac,00,2,2,3,aacb016c6d8e4a93,0,0,2,8297f9ae443d3eeb,3,1,1,1,1,1,1,8df22e914ab7656e,0000000000000000,0000000000000000,0,0
2605,2605,0,00002b0,00,2,2,3,39579692fe12c7c6,0,0,2,203f501ce6959759,3,1,1,1,1,1,1,24408c39e305e83b,0000000000000000,0000000000000000,0,0
2606,2606,0,00002b4,00,2,2,3,b7dc1bc770995038,0,0,2,ad6ade976bc019d2,3,1,1,1,1,1,1,aacb016c6d8e4a93,0000000000000000,0000000000000000,0,0
2607,2607,0,00002b8,00,2,2,3,6a32d3c3ad77dd6d,0,0,2,3a944d0bfc3e8a4e,3,1,1,1,1,1,1,39579692fe12c7c6,0000000000000000,0000000000000000,0,0
2608,2608,0,00002bc,00,2,2,3,e4b95e9623fc1569,0,0,2,b7c1c380716b04c5,3,1,1,1,1,1,1,b7dc1bc770995038,0000000000000000,0000000000000000,0,0
2609,2609,0,00002c0,00,2,2,3,7725c968b060983c,0,0,2,aa9df6d66c373193,3,1,1,1,1,1,1,6a32d3c3ad77dd6d,0000000000000000,0000000000000000,0,0
2610,2610,0,00002c4,00,2,2,3,f9ae443d3eeb0fc2,0,0,2,27c8785de162bf18,3,1,1,1,1,1,1,e4b95e9623fc1569,0000000000000000,0000000000000000,0,0
2611,2611,0,00002c8,00,2,2,3,501ce69597598297,0,0,2,b036ebc1769c2c84,3,1,1,1,1,1,1,7725c968b060983c,0000000000000000,0000000000000000,0,0
2612,2612,0,00002cc,00,2,2,3,de976bc019d2203f,0,0,2,3d63654afbc9a20f,3,1,1,1,1,1,1,f9ae443d3eeb0fc2,0000000000000000,0000000000000000,0,0
2613,2613,0,00002d0,00,2,2,3,4d0bfc3e8a4ead6a,0,0,2,9fcbccf859610bbd,3,1,1,1,1,1,1,501ce69597598297,0000000000000000,0000000000000000,0,0
2614,2614,0,00002d4,00,2,2,3,c380716b04c53a94,0,0,2,129e4273d4348536,3,1,1,1,1,1,1,de976bc019d2203f,0000000000000000,0000000000000000,0,0
2615,2615,0,00002d8,00,2,2,3,f6d66c373193b7c1,0,0,2,8560d1ef43ca16aa,3,1,1,1,1,1,1,4d0bfc3e8a4ead6a,0000000000000000,0000000000000000,0,0
2616,2616,0,00002dc,00,2,2,3,785de162bf18aa9d,0,0,2,08355f64ce9f9821,3,1,1,1,1,1,1,c380716b04c53a94,0000000000000000,0000000000000000,0,0
2617,2617,0,00002e0,00,2,2,3,ebc1769c2c8427c8,0,0,2,c031828a069b45cf,3,1,1,1,1,1,1,f6d66c373193b7c1,0000000000000000,0000000000000000,0,0
2618,2618,0,00002e4,00,2,2,3,654afbc9a20fb036,0,0,2,4d640c018bcecb44,3,1,1,1,1,1,1,785de162bf18aa9d,0000000000000000,0000000000000000,0,0
2619,2619,0,00002e8,00,2,2,3,ccf859610bbd3d63,0,0,2,da9a9f9d1c3058d8,3,1,1,1,1,1,1,ebc1769c2c8427c8,0000000000000000,0000000000000000,0,0
2620,2620,0,00002ec,00,2,2,3,4273d43485369fcb,0,0,2,57cf11169165d653,3,1,1,1,1,1,1,654afbc9a20fb036,0000000000000000,0000000000000000,0,0
2621,2621,0,00002f0,00,2,2,3,d1ef43ca16aa129e,0,0,2,f567b8a433cd7fe1,3,1,1,1,1,1,1,ccf859610bbd3d63,0000000000000000,0000000000000000,0,0
2622,2622,0,00002f4,00,2,2,3,5f64ce9f98218560,0,0,2,7832362fbe98f16a,3,1,1,1,1,1,1,4273d43485369fcb,0000000000000000,0000000000000000,0,0
2623,2623,0,00002f8,00,2,2,3,828a069b45cf0835,0,0,2,efcca5b3296662f6,3,1,1,1,1,1,1,d1ef43ca16aa129e,0000000000000000,0000000000000000,0,0
2624,2624,0,00002fc,00,2,2,3,0c018bcecb44c031,0,0,2,62992b38a433ec7d,3,1,1,1,1,1,1,5f64ce9f98218560,0000000000000000,0000000000000000,0,0
2625,2625,0,0000300,00,2,2,3,9f9d1c3058d84d64,0,0,2,80176dfc46bdaab9,3,1,1,1,1,1,1,828a069b45cf0835,0000000000000000,0000000000000000,0,0
2626,2626,0,0000304,00,2,2,3,11169165d653da9a,0,0,2,0d42e377cbe82432,3,1,1,1,1,1,1,0c018bcecb44c031,0000000000000000,0000000000000000,0,0
2627,2627,0,0000308,00,2,2,3,b8a433cd7fe157cf,0,0,2,9abc70eb5c16b7ae,3,1,1,1,1,1,1,9f9d1c3058d84d64,0000000000000000,0000000000000000,0,0
2628,2628,0,000030c,00,2,2,3,362fbe98f16af567,0,0,2,17e9fe60d1433925,3,1,1,1,1,1,1,11169165d653da9a,0000000000000000,0000000000000000,0,0
2629,2629,0,0000310,00,2,2,3,a5b3296662f67832,0,0,2,b54157d273eb9097,3,1,1,1,1,1,1,b8a433cd7fe157cf,0000000000000000,0000000000000000,0,0
2630,2630,0,0000314,00,2,2,3,2b38a433ec7defcc,0,0,2,3814d959febe1e1c,3,1,1,1,1,1,1,362fbe98f16af567,0000000000000000,0000000000000000,0,0
2631,2631,0,0000318,00,2,2,3,6dfc46bdaab96299,0,0,2,afea4ac569408d80,3,1,1,1,1,1,1,a5b3296662f67832,0000000000000000,0000000000000000,0,0
2632,2632,0,000031c,00,2,2,3,e377cbe824328017,0,0,2,22bfc44ee415030b,3,1,1,1,1,1,1,2b38a433ec7defcc,0000000000000000,0000000000000000,0,0
2633,2633,0,0000320,00,2,2,3,70eb5c16b7ae0d42,0,0,2,eabb19a02c11dee5,3,1,1,1,1,1,1,6dfc46bdaab96299,0000000000000000,0000000000000000,0,0
2634,2634,0,0000324,00,2,2,3,fe60d14339259abc,0,0,2,67ee972ba144506e,3,1,1,1,1,1,1,e377cbe824328017,0000000000000000,0000000000000000,0,0
2635,2635,0,0000328,00,2,2,3,57d273eb909717e9,0,0,2,f01004b736bac3f2,3,1,1,1,1,1,1,70eb5c16b7ae0d42,0000000000000000,0000000000000000,0,0
2636,2636,0,000032c,00,2,2,3,d959febe1e1cb541,0,0,2,7d458a3cbbef4d79,3,1,1,1,1,1,1,fe60d14339259abc,0000000000000000,0000000000000000,0,0
2637,2637,0,0000330,00,2,2,3,4ac569408d803814,0,0,2,dfed238e1947e4cb,3,1,1,1,1,1,1,57d273eb909717e9,0000000000000000,0000000000000000,0,0
2638,2638,0,0000334,00,2,2,3,c44ee415030bafea,0,0,2,52b8ad0594126a40,3,1,1,1,1,1,1,d959febe1e1cb541,0000000000000000,0000000000000000,0,0
2639,2639,0,0000338,00,2,2,3,19a02c11dee522bf,0,0,2,c5463e9903ecf9dc,3,1,1,1,1,1,1,4ac569408d803814,0000000000000000,0000000000000000,0,0
2640,2640,0,000033c,00,2,2,3,972ba144506eeabb,0,0,2,4813b0128eb97757,3,1,1,1,1,1,1,c44ee415030bafea,0000000000000000,0000000000000000,0,0
2641,2641,0,0000340,00,2,2,3,04b736bac3f267ee,0,0,2,554f854493e54201,3,1,1,1,1,1,1,19a02c11dee522bf,0000000000000000,0000000000000000,0,0
2642,2642,0,0000344,00,2,2,3,8a3cbbef4d79f010,0,0,2,d81a0bcf1eb0cc8a,3,1,1,1,1,1,1,972ba144506eeabb,0000000000000000,0000000000000000,0,0
2643,2643,0,0000348,00,2,2,3,238e1947e4cb7d45,0,0,2,4fe49853894e5f16,3,1,1,1,1,1,1,04b736bac3f267ee,0000000000000000,0000000000000000,0,0
2644,2644,0,000034c,00,2,2,3,ad0594126a40dfed,0,0,2,c2b116d8041bd19d,3,1,1,1,1,1,1,8a3cbbef4d79f010,0000000000000000,0000000000000000,0,0
2645,2645,0,0000350,00,2,2,3,3e9903ecf9dc52b8,0,0,2,6019bf6aa6b3782f,3,1,1,1,1,1,1,238e1947e4cb7d45,0000000000000000,0000000000000000,0,0
2646,2646,0,0000354,00,2,2,3,b0128eb97757c546,0,0,2,ed4c31e12be6f6a4,3,1,1,1,1,1,1,ad0594126a40dfed,0000000000000000,0000000000000000,0,0
2647,2647,0,0000358,00,2,2,3,854493e542014813,0,0,2,7ab2a27dbc186538,3,1,1,1,1,1,1,3e9903ecf9dc52b8,0000000000000000,0000000000000000,0,0
2648,2648,0,000035c,00,2,2,3,0bcf1eb0cc8a554f,0,0,2,f7e72cf6314debb3,3,1,1,1,1,1,1,b0128eb97757c546,0000000000000000,0000000000000000,0,0
2649,2649,0,0000360,00,2,2,3,9853894e5f16d81a,0,0,2,3fe3f118f949365d,3,1,1,1,1,1,1,854493e542014813,0000000000000000,0000000000000000,0,0
2650,2650,0,0000364,00,2,2,3,16d8041bd19d4fe4,0,0,2,b2b67f93741cb8d6,3,1,1,1,1,1,1,0bcf1eb0cc8a554f,0000000000000000,0000000000000000,0,0
2651,2651,0,0000368,00,2,2,3,bf6aa6b3782fc2b1,0,0,2,2548ec0fe3e22b4a,3,1,1,1,1,1,1,9853894e5f16d81a,0000000000000000,0000000000000000,0,0
2652,2652,0,000036c,00,2,2,3,31e12be6f6a46019,0,0,2,a81d62846eb7a5c1,3,1,1,1,1,1,1,16d8041bd19d4fe4,0000000000000000,0000000000000000,0,0
2653,2653,0,0000370,00,2,2,3,a27dbc186538ed4c,0,0,2,0ab5cb36cc1f0c73,3,1,1,1,1,1,1,bf6aa6b3782fc2b1,0000000000000000,0000000000000000,0,0
2654,2654,0,0000374,00,2,2,3,2cf6314debb37ab2,0,0,2,87e045bd414a82f8,3,1,1,1,1,1,1,31e12be6f6a46019,0000000000000000,0000000000000000,0,0
2655,2655,0,0000378,00,2,2,3,f118f949365df7e7,0,0,2,101ed621d6b41164,3,1,1,1,1,1,1,a27dbc186538ed4c,0000000000000000,0000000000000000,0,0
2656,2656,0,000037c,00,2,2,3,7f93741cb8d63fe3,0,0,2,9d4b58aa5be19fef,3,1,1,1,1,1,1,2cf6314debb37ab2,0000000000000000,0000000000000000,0,0
2657,2657,0,0000380,00,2,2,3,ec0fe3e22b4ab2b6,0,0,2,2aa6bc8dec0c7bc8,3,1,1,1,1,1,1,f118f949365df7e7,0000000000000000,0000000000000000,0,0
2658,2658,0,0000384,00,2,2,3,62846eb7a5c12548,0,0,2,a7f332066159f543,3,1,1,1,1,1,1,7f93741cb8d63fe3,0000000000000000,0000000000000000,0,0
2659,2659,0,0000388,00,2,2,3,cb36cc1f0c73a81d,0,0,2,300da19af6a766df,3,1,1,1,1,1,1,ec0fe3e22b4ab2b6,0000000000000000,0000000000000000,0,0
2660,2660,0,000038c,00,2,2,3,45bd414a82f80ab5,0,0,2,bd582f117bf2e854,3,1,1,1,1,1,1,62846eb7a5c12548,0000000000000000,0000000000000000,0,0
2661,2661,0,0000390,00,2,2,3,d621d6b4116487e0,0,0,2,1ff086a3d95a41e6,3,1,1,1,1,1,1,cb36cc1f0c73a81d,0000000000000000,0000000000000000,0,0
2662,2662,0,0000394,00,2,2,3,58aa5be19fef101e,0,0,2,92a50828540fcf6d,3,1,1,1,1,1,1,45bd414a82f80ab5,0000000000000000,0000000000000000,0,0
2663,2663,0,0000398,00,2,2,3,bc8dec0c7bc89d4b,0,0,2,055b9bb4c3f15cf1,3,1,1,1,1,1,1,d621d6b4116487e0,0000000000000000,0000000000000000,0,0
2664,2664,0,000039c,00,2,2,3,32066159f5432aa6,0,0,2,880e153f4ea4d27a,3,1,1,1,1,1,1,58aa5be19fef101e,0000000000000000,0000000000000000,0,0
2665,2665,0,00003a0,00,2,2,3,a19af6a766dfa7f3,0,0,2,400ac8d186a00f94,3,1,1,1,1,1,1,bc8dec0c7bc89d4b,0000000000000000,0000000000000000,0,0
2666,2666,0,00003a4,00,2,2,3,2f117bf2e854300d,0,0,2,cd5f465a0bf5811f,3,1,1,1,1,1,1,32066159f5432aa6,0000000000000000,0000000000000000,0,0
2667,2667,0,00003a8,00,2,2,3,86a3d95a41e6bd58,0,0,2,5aa1d5c69c0b1283,3,1,1,1,1,1,1,a19af6a766dfa7f3,0000000000000000,0000000000000000,0,0
2668,2668,0,00003ac,00,2,2,3,0828540fcf6d1ff0,0,0,2,d7f45b4d115e9c08,3,1,1,1,1,1,1,2f117bf2e854300d,0000000000000000,0000000000000000,0,0
2669,2669,0,00003b0,00,2,2,3,9bb4c3f15cf192a5,0,0,2,755cf2ffb3f635ba,3,1,1,1,1,1,1,86a3d95a41e6bd58,0000000000000000,0000000000000000,0,0
2670,2670,0,00003b4,00,2,2,3,153f4ea4d27a055b,0,0,2,f8097c743ea3bb31,3,1,1,1,1,1,1,0828540fcf6d1ff0,0000000000000000,0000000000000000,0,0
2671,2671,0,00003b8,00,2,2,3,c8d186a00f94880e,0,0,2,6ff7efe8a95d28ad,3,1,1,1,1,1,1,9bb4c3f15cf192a5,0000000000000000,0000000000000000,0,0
2672,2672,0,00003bc,00,2,2,3,465a0bf5811f400a,0,0,2,e2a261632408a626,3,1,1,1,1,1,1,153f4ea4d27a055b,0000000000000000,0000000000000000,0,0
2673,2673,0,00003c0,00,2,2,3,d5c69c0b1283cd5f,0,0,2,fffe543539549370,3,1,1,1,1,1,1,c8d186a00f94880e,0000000000000000,0000000000000000,0,0
2674,2674,0,00003c4,00,2,2,3,5b4d115e9c085aa1,0,0,2,72abdabeb4011dfb,3,1,1,1,1,1,1,465a0bf5811f400a,0000000000000000,0000000000000000,0,0
2675,2675,0,00003c8,00,2,2,3,f2ffb3f635bad7f4,0,0,2,e555492223ff8e67,3,1,1,1,1,1,1,d5c69c0b1283cd5f,0000000000000000,0000000000000000,0,0
2676,2676,0,00003cc,00,2,2,3,7c743ea3bb31755c,0,0,2,6800c7a9aeaa00ec,3,1,1,1,1,1,1,5b4d115e9c085aa1,0000000000000000,0000000000000000,0,0
2677,2677,0,00003d0,00,2,2,3,efe8a95d28adf809,0,0,2,caa86e1b0c02a95e,3,1,1,1,1,1,1,f2ffb3f635bad7f4,0000000000000000,0000000000000000,0,0
2678,2678,0,00003d4,00,2,2,3,61632408a6266ff7,0,0,2,47fde090815727d5,3,1,1,1,1,1,1,7c743ea3bb31755c,0000000000000000,0000000000000000,0,0
2679,2679,0,00003d8,00,2,2,3,543539549370e2a2,0,0,2,d003730c16a9b449,3,1,1,1,1,1,1,efe8a95d28adf809,0000000000000000,0000000000000000,0,0
2680,2680,0,00003dc,00,2,2,3,dabeb4011dfbfffe,0,0,2,5d56fd879bfc3ac2,3,1,1,1,1,1,1,61632408a6266ff7,0000000000000000,0000000000000000,0,0
2681,2681,0,00003e0,00,2,2,3,492223ff8e6772ab,0,0,2,9552206953f8e72c,3,1,1,1,1,1,1,543539549370e2a2,0000000000000000,0000000000000000,0,0
2682,2682,0,00003e4,00,2,2,3,c7a9aeaa00ece555,0,0,2,1807aee2dead69a7,3,1,1,1,1,1,1,dabeb4011dfbfffe,0000000000000000,0000000000000000,0,0
2683,2683,0,00003e8,00,2,2,3,6e1b0c02a95e6800,0,0,2,8ff93d7e4953fa3b,3,1,1,1,1,1,1,492223ff8e6772ab,0000000000000000,0000000000000000,0,0
2684,2684,0,00003ec,00,2,2,3,e090815727d5caa8,0,0,2,02acb3f5c40674b0,3,1,1,1,1,1,1,c7a9aeaa00ece555,0000000000000000,0000000000000000,0,0
2685,2685,0,00003f0,00,2,2,3,730c16a9b44947fd,0,0,2,a0041a4766aedd02,3,1,1,1,1,1,1,6e1b0c02a95e6800,0000000000000000,0000000000000000,0,0
2686,2686,0,00003f4,00,2,2,3,fd879bfc3ac2d003,0,0,2,2d5194ccebfb5389,3,1,1,1,1,1,1,e090815727d5caa8,0000000000000000,0000000000000000,0,0
2687,2687,0,00003f8,00,2,2,3,206953f8e72c5d56,0,0,2,baaf07507c05c015,3,1,1,1,1,1,1,730c16a9b44947fd,0000000000000000,0000000000000000,0,0
2688,2688,0,00003fc,00,2,2,3,aee2dead69a79552,0,0,2,37fa89dbf1504e9e,3,1,1,1,1,1,1,fd879bfc3ac2d003,0000000000000000,0000000000000000,0,0
2689,2689,0,0000000,00,2,2,3,3d7e4953fa3b1807,0,0,2,7fb38ad9b9194d9c,3,1,1,1,1,1,1,206953f8e72c5d56,0000000000000000,0000000000000000,0,0
2690,2690,0,0000004,00,2,2,3,b3f5c40674b08ff9,0,0,2,f2e60452344cc317,3,1,1,1,1,1,1,aee2dead69a79552,0000000000000000,0000000000000000,0,0
2691,2691,0,0000008,00,2,2,3,1a4766aedd0202ac,0,0,2,651897cea3b2508b,3,1,1,1,1,1,1,3d7e4953fa3b1807,0000000000000000,0000000000000000,0,0
2692,2692,0,000000c,00,2,2,3,94ccebfb5389a004,0,0,2,e84d19452ee7de00,3,1,1,1,1,1,1,b3f5c40674b08ff9,0000000000000000,0000000000000000,0,0
2693,2693,0,0000010,00,2,2,3,07507c05c0152d51,0,0,2,4ae5b0f78c4f77b2,3,1,1,1,1,1,1,1a4766aedd0202ac,0000000000000000,0000000000000000,0,0
2694,2694,0,0000014,00,2,2,3,89dbf1504e9ebaaf,0,0,2,c7b03e7c011af939,3,1,1,1,1,1,1,94ccebfb5389a004,0000000000000000,0000000000000000,0,0
2695,2695,0,0000018,00,2,2,3,8ad9b9194d9c37fa,0,0,2,504eade096e46aa5,3,1,1,1,1,1,1,07507c05c0152d51,0000000000000000,0000000000000000,0,0
2696,2696,0,000001c,00,2,2,3,0452344cc3177fb3,0,0,2,dd1b236b1bb1e42e,3,1,1,1,1,1,1,89dbf1504e9ebaaf,0000000000000000,0000000000000000,0,0
2697,2697,0,0000020,00,2,2,3,97cea3b2508bf2e6,0,0,2,151ffe85d3b539c0,3,1,1,1,1,1,1,8ad9b9194d9c37fa,0000000000000000,0000000000000000,0,0
2698,2698,0,0000024,00,2,2,3,19452ee7de006518,0,0,2,984a700e5ee0b74b,3,1,1,1,1,1,1,0452344cc3177fb3,0000000000000000,0000000000000000,0,0
2699,2699,0,0000028,00,2,2,3,b0f78c4f77b2e84d,0,0,2,0fb4e392c91e24d7,3,1,1,1,1,1,1,97cea3b2508bf2e6,0000000000000000,0000000000000000,0,0
2700,2700,0,000002c,00,2,2,3,3e7c011af9394ae5,0,0,2,82e16d19444baa5c,3,1,1,1,1,1,1,19452ee7de006518,0000000000000000,0000000000000000,0,0
2701,2701,0,0000030,00,2,2,3,ade096e46aa5c7b0,0,0,2,2049c4abe6e303ee,3,1,1,1,1,1,1,b0f78c4f77b2e84d,0000000000000000,0000000000000000,0,0
2702,2702,0,0000034,00,2,2,3,236b1bb1e42e504e,0,0,2,ad1c4a206bb68d65,3,1,1,1,1,1,1,3e7c011af9394ae5,0000000000000000,0000000000000000,0,0
2703,2703,0,0000038,00,2,2,3,fe85d3b539c0dd1b,0,0,2,3ae2d9bcfc481ef9,3,1,1,1,1,1,1,ade096e46aa5c7b0,0000000000000000,0000000000000000,0,0
2704,2704,0,000003c,00,2,2,3,700e5ee0b74b151f,0,0,2,b7b75737711d9072,3,1,1,1,1,1,1,236b1bb1e42e504e,0000000000000000,0000000000000000,0,0
2705,2705,0,0000040,00,2,2,3,e392c91e24d7984a,0,0,2,aaeb62616c41a524,3,1,1,1,1,1,1,fe85d3b539c0dd1b,0000000000000000,0000000000000000,0,0
2706,2706,0,0000044,00,2,2,3,6d19444baa5c0fb4,0,0,2,27beeceae1142baf,3,1,1,1,1,1,1,700e5ee0b74b151f,0000000000000000,0000000000000000,0,0
2707,2707,0,0000048,00,2,2,3,c4abe6e303ee82e1,0,0,2,b0407f7676eab833,3,1,1,1,1,1,1,e392c91e24d7984a,0000000000000000,0000000000000000,0,0
2708,2708,0,000004c,00,2,2,3,4a206bb68d652049,0,0,2,3d15f1fdfbbf36b8,3,1,1,1,1,1,1,6d19444baa5c0fb4,0000000000000000,0000000000000000,0,0
2709,2709,0,0000050,00,2,2,3,d9bcfc481ef9ad1c,0,0,2,9fbd584f59179f0a,3,1,1,1,1,1,1,c4abe6e303ee82e1,0000000000000000,0000000000000000,0,0
2710,2710,0,0000054,00,2,2,3,5737711d90723ae2,0,0,2,12e8d6c4d4421181,3,1,1,1,1,1,1,4a206bb68d652049,0000000000000000,0000000000000000,0,0
2711,2711,0,0000058,00,2,2,3,62616c41a524b7b7,0,0,2,8516455843bc821d,3,1,1,1,1,1,1,d9bcfc481ef9ad1c,0000000000000000,0000000000000000,0,0
2712,2712,0,000005c,00,2,2,3,eceae1142bafaaeb,0,0,2,0843cbd3cee90c96,3,1,1,1,1,1,1,5737711d90723ae2,0000000000000000,0000000000000000,0,0
2713,2713,0,0000060,00,2,2,3,7f7676eab83327be,0,0,2,c047163d06edd178,3,1,1,1,1,1,1,62616c41a524b7b7,0000000000000000,0000000000000000,0,0
2714,2714,0,0000064,00,2,2,3,f1fdfbbf36b8b040,0,0,2,4d1298b68bb85ff3,3,1,1,1,1,1,1,eceae1142bafaaeb,0000000000000000,0000000000000000,0,0
2715,2715,0,0000068,00,2,2,3,584f59179f0a3d15,0,0,2,daec0b2a1c46cc6f,3,1,1,1,1,1,1,7f7676eab83327be,0000000000000000,0000000000000000,0,0
2716,2716,0,000006c,00,2,2,3,d6c4d44211819fbd,0,0,2,57b985a1911342e4,3,1,1,1,1,1,1,f1fdfbbf36b8b040,0000000000000000,0000000000000000,0,0
2717,2717,0,0000070,00,2,2,3,455843bc821d12e8,0,0,2,f5112c1333bbeb56,3,1,1,1,1,1,1,584f59179f0a3d15,0000000000000000,0000000000000000,0,0
2718,2718,0,0000074,00,2,2,3,cbd3cee90c968516,0,0,2,7844a298beee65dd,3,1,1,1,1,1,1,d6c4d44211819fbd,0000000000000000,0000000000000000,0,0
2719,2719,0,0000078,00,2,2,3,163d06edd1780843,0,0,2,efba31042910f641,3,1,1,1,1,1,1,455843bc821d12e8,0000000000000000,0000000000000000,0,0
2720,2720,0,000007c,00,2,2,3,98b68bb85ff3c047,0,0,2,62efbf8fa44578ca,3,1,1,1,1,1,1,cbd3cee90c968516,0000000000000000,0000000000000000,0,0
2721,2721,0,0000080,00,2,2,3,0b2a1c46cc6f4d12,0,0,2,d5025ba813a89ced,3,1,1,1,1,1,1,163d06edd1780843,0000000000000000,0000000000000000,0,0
2722,2722,0,0000084,00,2,2,3,85a1911342e4daec,0,0,2,5857d5239efd1266,3,1,1,1,1,1,1,98b68bb85ff3c047,0000000000000000,0000000000000000,0,0
2723,2723,0,0000088,00,2,2,3,2c1333bbeb5657b9,0,0,2,cfa946bf090381fa,3,1,1,1,1,1,1,0b2a1c46cc6f4d12,0000000000000000,0000000000000000,0,0
2724,2724,0,000008c,00,2,2,3,a298beee65ddf511,0,0,2,42fcc83484560f71,3,1,1,1,1,1,1,85a1911342e4daec,0000000000000000,0000000000000000,0,0
2725,2725,0,0000090,00,2,2,3,31042910f6417844,0,0,2,e054618626fea6c3,3,1,1,1,1,1,1,2c1333bbeb5657b9,0000000000000000,0000000000000000,0,0
2726,2726,0,0000094,00,2,2,3,bf8fa44578caefba,0,0,2,6d01ef0dabab2848,3,1,1,1,1,1,1,a298beee65ddf511,0000000000000000,0000000000000000,0,0
2727,2727,0,0000098,00,2,2,3,5ba813a89ced62ef,0,0,2,faff7c913c55bbd4,3,1,1,1,1,1,1,31042910f6417844,0000000000000000,0000000000000000,0,0
2728,2728,0,000009c,00,2,2,3,d5239efd1266d502,0,0,2,77aaf21ab100355f,3,1,1,1,1,1,1,bf8fa44578caefba,0000000000000000,0000000000000000,0,0
2729,2729,0,00000a0,00,2,2,3,46bf090381fa5857,0,0,2,bfae2ff47904e8b1,3,1,1,1,1,1,1,5ba813a89ced62ef,0000000000000000,0000000000000000,0,0
2730,2730,0,00000a4,00,2,2,3,c83484560f71cfa9,0,0,2,32fba17ff451663a,3,1,1,1,1,1,1,d5239efd1266d502,0000000000000000,0000000000000000,0,0
2731,2731,0,00000a8,00,2,2,3,618626fea6c342fc,0,0,2,a50532e363aff5a6,3,1,1,1,1,1,1,46bf090381fa5857,0000000000000000,0000000000000000,0,0
2732,2732,0,00000ac,00,2,2,3,ef0dabab2848e054,0,0,2,2850bc68eefa7b2d,3,1,1,1,1,1,1,c83484560f71cfa9,0000000000000000,0000000000000000,0,0
2733,2733,0,00000b0,00,2,2,3,7c913c55bbd46d01,0,0,2,8af815da4c52d29f,3,1,1,1,1,1,1,618626fea6c342fc,0000000000000000,0000000000000000,0,0
2734,2734,0,00000b4,00,2,2,3,f21ab100355ffaff,0,0,2,07ad9b51c1075c14,3,1,1,1,1,1,1,ef0dabab2848e054,0000000000000000,0000000000000000,0,0
2735,2735,0,00000b8,00,2,2,3,2ff47904e8b177aa,0,0,2,905308cd56f9cf88,3,1,1,1,1,1,1,7c913c55bbd46d01,0000000000000000,0000000000000000,0,0
2736,2736,0,0000000,00,3,3,3,a17ff451663abfae,0,0,3,b7b75737711d9072,0,1,1,1,1,1,1,f21ab100355ffaff,0000000000000000,0000000000000000,0,0
2737,2737,0,0000000,00,3,3,3,32e363aff5a632fb,0,0,3,b7b75737711d9072,0,1,1,1,1,1,1,2ff47904e8b177aa,0000000000000000,0000000000000000,0,0
2738,2738,0,0000000,00,3,3,3,bc68eefa7b2da505,0,0,3,b7b75737711d9072,0,1,0,1,1,0,1,a17ff451663abfae,0000000000000000,0000000000000000,0,0
2739,2739,0,0000000,00,3,3,3,15da4c52d29f2850,0,0,3,b7b75737711d9072,0,1,0,0,1,0,0,32e363aff5a632fb,0000000000000000,0000000000000000,0,0
2740,2740,0,0000000,00,3,3,3,9b51c1075c148af8,0,0,3,b7b75737711d9072,0,1,0,0,1,0,0,bc68eefa7b2da505,0000000000000000,0000000000000000,0,0
2741,2741,0,0000000,00,3,2,2,08cd56f9cf8807ad,0,0,2,b7b75737711d9072,0,1,0,0,1,0,0,15da4c52d29f2850,0000000000000000,0000000000000000,0,0
2742,2742,0,0000000,00,3,3,3,5737711d90729053,0,0,3,b7b75737711d9072,0,1,0,0,1,0,0,9b51c1075c148af8,0000000000000000,0000000000000000,0,0
2743,2743,0,0000000,00,3,3,3,0000000000000137,0,0,3,b7b75737711d9072,0,1,0,0,1,0,0,08cd56f9cf8807ad,0000000000000000,0000000000000000,0,0
2744,2744,0,0000000,00,3,3,3,0000000000000000,0,0,3,b7b75737711d9072,0,1,0,0,1,0,0,5737711d90729053,0000000000000000,0000000000000000,0,0
2745,2745,0,0000000,00,2,2,2,0000000000000000,0,0,3,b7b75737711d9072,0,1,0,0,1,0,0,0000000000000137,0000000000000000,0000000000000000,0,0
2746,2746,0,0000000,00,3,3,3,0000000000000000,0,0,3,b7b75737711d9072,0,1,0,0,1,0,0,0000000000000000,0000000000000000,0000000000000000,0,0
2747,2747,0,0000000,00,3,3,3,0000000000000000,0,0,3,b7b75737711d9072,0,1,0,0,1,0,0,0000000000000000,0000000000000000,0000000000000000,0,0
2748,2748,0,0000000,00,3,3,3,0000000000000000,0,0,3,b7b75737711d9072,0,1,0,0,1,0,0,0000000000000000,0000000000000000,0000000000000000,0,0
2749,2749,0,0000000,00,3,3,3,0000000000000000,0,0,3,b7b75737711d9072,0,1,0,0,1,0,0,0000000000000000,0000000000000000,0000000000000000,0,0
2750,2750,0,0000000,00,3,3,3,0000000000000000,0,0,3,b7b75737711d9072,0,1,0,0,1,0,0,0000000000000000,0000000000000000,0000000000000000,0,0
2751,2751,0,0000000,00,3,3,3,0000000000000000,0,0,3,b7b75737711d9072,0,1,0,0,1,0,0,0000000000000000,0000000000000000,0000000000000000,0,0
2752,2752,0,0000000,00,3,3,3,0000000000000000,0,0,3,b7b75737711d9072,0,1,0,0,1,0,0,0000000000000000,0000000000000000,0000000000000000,0,0
2753,2753,0,0000000,00,3,3,3,0000000000000000,0,0,3,b7b75737711d9072,0,1,0,0,1,0,0,0000000000000000,0000000000000000,0000000000000000,0,0
2754,2754,0,0000000,00,3,3,3,0000000000000000,0,0,3,b7b75737711d9072,0,1,0,0,1,0,0,0000000000000000,0000000000000000,0000000000000000,0,0
2755,2755,0,0000000,00,3,3,3,0000000000000000,0,0,3,b7b75737711d9072,0,1,0,0,1,0,0,0000000000000000,0000000000000000,0000000000000000,0,0
2756,2756,0,0000000,00,3,3,3,0000000000000000,0,0,3,b7b75737711d9072,0,1,0,0,1,0,0,0000000000000000,0000000000000000,0000000000000000,0,0
2757,2757,0,0000000,00,3,3,3,0000000000000000,0,0,3,b7b75737711d9072,0,1,0,0,1,0,0,0000000000000000,0000000000000000,0000000000000000,0,0
2758,2758,0,0000000,00,3,3,3,0000000000000000,0,0,3,b7b75737711d9072,0,1,0,0,1,0,0,0000000000000000,0000000000000000,0000000000000000,0,0
2759,2759,0,0000000,00,3,3,3,0000000000000000,0,0,3,b7b75737711d9072,0,1,0,0,1,0,0,0000000000000000,0000000000000000,0000000000000000,0,0
2760,2760,0,0000000,04,3,2,2,0000000000000000,0,0,3,b7b75737711d9072,0,1,0,0,1,0,0,0000000000000000,0000000000000000,0000000000000000,0,0
2761,2761,0,0000000,00,3,3,3,0000000000000000,0,0,3,b7b75737711d9072,0,1,0,0,1,0,0,0000000000000000,0000000000000000,0000000000000000,0,0
2762,2762,0,0000000,00,3,3,3,0000000000000000,0,0,3,b7b75737711d9072,0,1,0,0,1,0,0,0000000000000000,0000000000000000,0000000000000000,0,0
2763,2763,0,0000000,00,3,3,3,0000000000000000,0,0,3,b7b75737711d9072,0,1,0,0,1,0,0,0000000000000000,0000000000000000,0000000000000000,0,0
2764,2764,0,0000000,00,3,3,3,0000000000000000,0,0,3,b7b75737711d9072,0,1,0,0,1,0,0,0000000000000000,0000000000000000,0000000000000000,0,0
2765,2765,0,000019c,04,2,2,3,0000000000000000,0,0,3,b7b75737711d9072,0,1,0,0,1,0,0,0000000000000000,0000000000000000,0000000000000000,0,0
2766,2766,0,00001a0,04,2,2,3,0000000000000000,3,0,3,b7b75737711d9072,0,1,0,0,1,0,0,0000000000000000,0000000000000000,0000000000000000,0,0
2767,2767,0,00001a4,04,2,2,3,0000000000000000,3,0,3,b7b75737711d9072,0,1,0,0,1,0,0,0000000000000000,0000000000000000,0000000000000000,0,0
2768,2768,0,00001a8,04,2,2,3,0000000000000000,3,0,3,b7b75737711d9072,0,1,0,0,1,0,0,0000000000000000,0000000000000000,0000000000000000,0,0
2769,2769,0,00001ac,04,2,2,3,0000000000000000,3,0,3,b7b75737711d9072,0,1,0,0,1,0,0,0000000000000000,0000000000000000,0000000000000000,0,0
2770,2770,0,00001b0,04,2,2,3,0000000000000000,3,0,3,b7b75737711d9072,0,1,0,0,1,0,0,0000000000000000,0000000000000000,0000000000000000,0,0
2771,2771,0,00001b4,04,2,2,3,0000000000000000,3,0,3,b7b75737711d9072,0,1,0,0,1,0,0,0000000000000000,0000000000000000,0000000000000000,0,0
2772,2772,0,00001b8,04,2,2,3,74f37eccb259b989,3,0,3,b7b75737711d9072,0,1,0,0,1,0,0,0000000000000000,0000000000000000,0000000000000000,0,0
2773,2773,0,00001bc,04,2,2,3,bcf7a3227a5d6467,3,0,3,b7b75737711d9072,0,1,0,0,1,0,0,0000000000000000,0000000000000000,0000000000000000,0,0
2774,2774,0,00001c0,04,2,2,3,31a22da9f708eaec,3,3,3,b7b75737711d9072,0,1,0,0,1,0,0,74f37eccb259b989,0000000000000000,0000000000000000,0,0
2775,2775,0,00001c4,04,2,2,3,a65cbe3560f67970,3,3,3,b7b75737711d9072,0,1,0,0,1,0,0,bcf7a3227a5d6467,0000000000000000,0000000000000000,0,0
2776,2776,0,00001c8,04,2,2,3,2b0930beeda3f7fb,3,3,3,b7b75737711d9072,0,1,0,0,1,0,0,31a22da9f708eaec,0000000000000000,0000000000000000,0,0
2777,2777,0,00001cc,04,2,2,3,89a1990c4f0b5e49,3,3,3,b7b75737711d9072,0,1,0,0,1,0,0,a65cbe3560f67970,0000000000000000,0000000000000000,0,0
2778,2778,0,00001d0,04,2,2,3,04f41787c25ed0c2,3,3,3,b7b75737711d9072,0,1,0,0,1,0,0,2b0930beeda3f7fb,0000000000000000,0000000000000000,0,0
2779,2779,0,00001d4,04,2,2,3,930a841b55a0435e,3,3,3,b7b75737711d9072,0,1,0,0,1,0,0,89a1990c4f0b5e49,0000000000000000,0000000000000000,0,0
2780,2780,0,00001d8,04,2,2,3,1e5f0a90d8f5cdd5,3,3,3,b7b75737711d9072,0,1,0,0,1,0,0,04f41787c25ed0c2,0000000000000000,0000000000000000,0,0
2781,2781,0,00001dc,04,2,2,3,03033fc6c5a9f883,3,3,3,b7b75737711d9072,0,1,0,0,1,0,0,930a841b55a0435e,0000000000000000,0000000000000000,0,0
2782,2782,0,00001e0,04,2,2,3,8e56b14d48fc7608,3,3,3,b7b75737711d9072,0,1,0,0,1,0,0,1e5f0a90d8f5cdd5,0000000000000000,0000000000000000,0,0
2783,2783,0,00001e4,04,2,2,3,19a822d1df02e594,3,3,3,b7b75737711d9072,0,1,0,0,1,0,0,03033fc6c5a9f883,0000000000000000,0000000000000000,0,0
2784,2784,0,00001e8,04,2,2,3,94fdac5a52576b1f,3,3,3,b7b75737711d9072,0,1,0,0,1,0,0,8e56b14d48fc7608,0000000000000000,0000000000000000,0,0
2785,2785,0,00001ec,04,2,2,3,365505e8f0ffc2ad,3,3,3,b7b75737711d9072,0,1,0,0,1,0,0,19a822d1df02e594,0000000000000000,0000000000000000,0,0
2786,2786,0,00001f0,04,2,2,3,bb008b637daa4c26,3,3,3,b7b75737711d9072,0,1,0,0,1,0,0,94fdac5a52576b1f,0000000000000000,0000000000000000,0,0
2787,2787,0,00001f4,04,2,2,3,2cfe18ffea54dfba,3,3,3,b7b75737711d9072,0,1,0,0,1,0,0,365505e8f0ffc2ad,0000000000000000,0000000000000000,0,0
2788,2788,0,00001f8,04,2,2,3,a1ab967467015131,3,3,3,b7b75737711d9072,0,1,0,0,1,0,0,bb008b637daa4c26,0000000000000000,0000000000000000,0,0
2789,2789,0,00001fc,04,2,2,3,69af4b9aaf058cdf,3,3,3,b7b75737711d9072,0,1,0,0,1,0,0,2cfe18ffea54dfba,0000000000000000,0000000000000000,0,0
2790,2790,0,0000200,04,2,2,3,e4fac51122500254,3,3,3,b7b75737711d9072,0,1,0,0,1,0,0,a1ab967467015131,0000000000000000,0000000000000000,0,0
2791,2791,0,0000204,04,2,2,3,7304568db5ae91c8,3,3,3,b7b75737711d9072,0,1,0,0,1,0,0,69af4b9aaf058cdf,0000000000000000,0000000000000000,0,0
2792,2792,0,0000208,04,2,2,3,fe51d80638fb1f43,3,3,3,b7b75737711d9072,0,1,0,0,1,0,0,e4fac51122500254,0000000000000000,0000000000000000,0,0
2793,2793,0,000020c,04,2,2,3,5cf971b49a53b6f1,3,3,3,b7b75737711d9072,0,1,0,0,1,0,0,7304568db5ae91c8,0000000000000000,0000000000000000,0,0
2794,2794,0,0000210,04,2,2,3,d1acff3f1706387a,3,3,3,b7b75737711d9072,0,1,0,0,1,0,0,fe51d80638fb1f43,0000000000000000,0000000000000000,0,0
2795,2795,0,0000214,04,2,2,3,46526ca380f8abe6,3,3,3,b7b75737711d9072,0,1,0,0,1,0,0,5cf971b49a53b6f1,0000000000000000,0000000000000000,0,0
2796,2796,0,0000218,04,2,2,3,cb07e2280dad256d,3,3,3,b7b75737711d9072,0,1,0,0,1,0,0,d1acff3f1706387a,0000000000000000,0000000000000000,0,0
2797,2797,0,000021c,04,2,2,3,834ee12a45e4266f,3,3,3,b7b75737711d9072,0,1,0,0,1,0,0,46526ca380f8abe6,0000000000000000,0000000000000000,0,0
2798,2798,0,0000220,04,2,2,3,0e1b6fa1c8b1a8e4,3,3,3,b7b75737711d9072,0,1,0,0,1,0,0,cb07e2280dad256d,0000000000000000,0000000000000000,0,0
2799,2799,0,0000224,04,2,2,3,99e5fc3d5f4f3b78,3,3,3,b7b75737711d9072,0,1,0,0,1,0,0,834ee12a45e4266f,0000000000000000,0000000000000000,0,0
2800,2800,0,0000228,04,2,2,3,14b072b6d21ab5f3,3,3,3,b7b75737711d9072,0,1,0,0,1,0,0,0e1b6fa1c8b1a8e4,0000000000000000,0000000000000000,0,0
2801,2801,0,000022c,04,2,2,3,b618db0470b21c41,3,3,3,b7b75737711d9072,0,1,0,0,1,0,0,99e5fc3d5f4f3b78,0000000000000000,0000000000000000,0,0
2802,2802,0,0000230,04,2,2,3,3b4d558ffde792ca,3,3,3,b7b75737711d9072,0,1,0,0,1,0,0,14b072b6d21ab5f3,0000000000000000,0000000000000000,0,0
2803,2803,0,0000234,04,2,2,3,acb3c6136a190156,3,3,3,b7b75737711d9072,0,1,0,0,1,0,0,b618db0470b21c41,0000000000000000,0000000000000000,0,0
2804,2804,0,0000238,04,2,2,3,21e64898e74c8fdd,3,3,3,b7b75737711d9072,0,1,0,0,1,0,0,3b4d558ffde792ca,0000000000000000,0000000000000000,0,0
2805,2805,0,000023c,04,2,2,3,e9e295762f485233,3,3,3,b7b75737711d9072,0,1,0,0,1,0,0,acb3c6136a190156,0000000000000000,0000000000000000,0,0
2806,2806,0,0000240,04,2,2,3,64b71bfda21ddcb8,3,3,3,b7b75737711d9072,0,1,0,0,1,0,0,21e64898e74c8fdd,0000000000000000,0000000000000000,0,0
2807,2807,0,0000244,04,2,2,3,f349886135e34f24,3,3,3,b7b75737711d9072,0,1,0,0,1,0,0,e9e295762f485233,0000000000000000,0000000000000000,0,0
2808,2808,0,0000248,04,2,2,3,7e1c06eab8b6c1af,3,3,3,b7b75737711d9072,0,1,0,0,1,0,0,64b71bfda21ddcb8,0000000000000000,0000000000000000,0,0
2809,2809,0,000024c,04,2,2,3,dcb4af581a1e681d,3,3,3,b7b75737711d9072,0,1,0,0,1,0,0,f349886135e34f24,0000000000000000,0000000000000000,0,0
2810,2810,0,0000250,04,2,2,3,51e121d3974be696,3,3,3,b7b75737711d9072,0,1,0,0,1,0,0,7e1c06eab8b6c1af,0000000000000000,0000000000000000,0,0
2811,2811,0,0000254,04,2,2,3,c61fb24f00b5750a,3,3,3,b7b75737711d9072,0,1,0,0,1,0,0,dcb4af581a1e681d,0000000000000000,0000000000000000,0,0
2812,2812,0,0000258,04,2,2,3,4b4a3cc48de0fb81,3,3,3,b7b75737711d9072,0,1,0,0,1,0,0,51e121d3974be696,0000000000000000,0000000000000000,0,0
2813,2813,0,000025c,04,2,2,3,5616099290bcced7,3,3,3,b7b75737711d9072,0,1,0,0,1,0,0,c61fb24f00b5750a,0000000000000000,0000000000000000,0,0
2814,2814,0,0000260,04,2,2,3,db4387191de9405c,3,3,3,b7b75737711d9072,0,1,0,0,1,0,0,4b4a3cc48de0fb81,0000000000000000,0000000000000000,0,0
2815,2815,0,0000264,04,2,2,3,4cbd14858a17d3c0,3,3,3,b7b75737711d9072,0,1,0,0,1,0,0,5616099290bcced7,0000000000000000,0000000000000000,0,0
2816,2816,0,0000268,04,2,2,3,c1e89a0e07425d4b,3,3,3,b7b75737711d9072,0,1,0,0,1,0,0,db4387191de9405c,0000000000000000,0000000000000000,0,0
2817,2817,0,000026c,04,2,2,3,634033bca5eaf4f9,3,3,3,b7b75737711d9072,0,1,0,0,1,0,0,4cbd14858a17d3c0,0000000000000000,0000000000000000,0,0
2818,2818,0,0000270,04,2,2,3,ee15bd3728bf7a72,3,3,3,b7b75737711d9072,0,1,0,0,1,0,0,c1e89a0e07425d4b,0000000000000000,0000000000000000,0,0
2819,2819,0,0000274,04,2,2,3,79eb2eabbf41e9ee,3,3,3,b7b75737711d9072,0,1,0,0,1,0,0,634033bca5eaf4f9,0000000000000000,0000000000000000,0,0
2820,2820,0,0000278,04,2,2,3,f4bea02032146765,3,3,3,b7b75737711d9072,0,1,0,0,1,0,0,ee15bd3728bf7a72,0000000000000000,0000000000000000,0,0
2821,2821,0,000027c,04,2,2,3,3cba7dcefa10ba8b,3,3,3,b7b75737711d9072,0,1,0,0,1,0,0,79eb2eabbf41e9ee,0000000000000000,0000000000000000,0,0
2822,2822,0,0000280,04,2,2,3,b1eff34577453400,3,3,3,b7b75737711d9072,0,1,0,0,1,0,0,f4bea02032146765,0000000000000000,0000000000000000,0,0
2823,2823,0,0000284,04,2,2,3,261160d9e0bba79c,3,3,3,b7b75737711d9072,0,1,0,0,1,0,0,3cba7dcefa10ba8b,0000000000000000,0000000000000000,0,0
2824,2824,0,0000288,04,2,2,3,ab44ee526dee2917,3,3,3,b7b75737711d9072,0,1,0,0,1,0,0,b1eff34577453400,0000000000000000,0000000000000000,0,0
2825,2825,0,000028c,04,2,2,3,09ec47e0cf4680a5,3,3,3,b7b75737711d9072,0,1,0,0,1,0,0,261160d9e0bba79c,0000000000000000,0000000000000000,0,0
2826,2826,0,0000290,04,2,2,3,84b9c96b42130e2e,3,3,3,b7b75737711d9072,0,1,0,0,1,0,0,ab44ee526dee2917,0000000000000000,0000000000000000,0,0
2827,2827,0,0000294,04,2,2,3,13475af7d5ed9db2,3,3,3,b7b75737711d9072,0,1,0,0,1,0,0,09ec47e0cf4680a5,0000000000000000,0000000000000000,0,0
2828,2828,0,0000298,04,2,2,3,9e12d47c58b81339,3,3,3,b7b75737711d9072,0,1,0,0,1,0,0,84b9c96b42130e2e,0000000000000000,0000000000000000,0,0
2829,2829,0,000029c,04,2,2,3,29ff305bef55f71e,3,3,3,b7b75737711d9072,0,1,0,0,1,0,0,13475af7d5ed9db2,0000000000000000,0000000000000000,0,0
2830,2830,0,00002a0,04,2,2,3,a4aabed062007995,3,3,3,b7b75737711d9072,0,1,0,0,1,0,0,9e12d47c58b81339,0000000000000000,0000000000000000,0,0
2831,2831,0,00002a4,04,2,2,3,33542d4cf5feea09,3,3,3,b7b75737711d9072,0,1,0,0,1,0,0,29ff305bef55f71e,0000000000000000,0000000000000000,0,0
2832,2832,0,00002a8,04,2,2,3,be01a3c778ab6482,3,3,3,b7b75737711d9072,0,1,0,0,1,0,0,a4aabed062007995,0000000000000000,0000000000000000,0,0
2833,2833,0,00002ac,04,2,2,3,1ca90a75da03cd30,3,3,3,b7b75737711d9072,0,1,0,0,1,0,0,33542d4cf5feea09,0000000000000000,0000000000000000,0,0
2834,2834,0,00002b0,04,2,2,3,91fc84fe575643bb,3,3,3,b7b75737711d9072,0,1,0,0,1,0,0,be01a3c778ab6482,0000000000000000,0000000000000000,0,0
2835,2835,0,00002b4,04,2,2,3,06021762c0a8d027,3,3,3,b7b75737711d9072,0,1,0,0,1,0,0,1ca90a75da03cd30,0000000000000000,0000000000000000,0,0
2836,2836,0,00002b8,04,2,2,3,8b5799e94dfd5eac,3,3,3,b7b75737711d9072,0,1,0,0,1,0,0,91fc84fe575643bb,0000000000000000,0000000000000000,0,0
2837,2837,0,00002bc,04,2,2,3,4353440785f98342,3,3,3,b7b75737711d9072,0,1,0,0,1,0,0,06021762c0a8d027,0000000000000000,0000000000000000,0,0
2838,2838,0,00002c0,04,2,2,3,ce06ca8c08ac0dc9,3,3,3,b7b75737711d9072,0,1,0,0,1,0,0,8b5799e94dfd5eac,0000000000000000,0000000000000000,0,0
2839,2839,0,00002c4,04,2,2,3,59f859109f529e55,3,3,3,b7b75737711d9072,0,1,0,0,1,0,0,4353440785f98342,0000000000000000,0000000000000000,0,0
2840,2840,0,00002c8,04,2,2,3,d4add79b120710de,3,3,3,b7b75737711d9072,0,1,0,0,1,0,0,ce06ca8c08ac0dc9,0000000000000000,0000000000000000,0,0
2841,2841,0,00002cc,04,2,2,3,76057e29b0afb96c,3,3,3,b7b75737711d9072,0,1,0,0,1,0,0,59f859109f529e55,0000000000000000,0000000000000000,0,0
2842,2842,0,00002d0,04,2,2,3,fb50f0a23dfa37e7,3,3,3,b7b75737711d9072,0,1,0,0,1,0,0,d4add79b120710de,0000000000000000,0000000000000000,0,0
2843,2843,0,00002d4,04,2,2,3,6cae633eaa04a47b,3,3,3,b7b75737711d9072,0,1,0,0,1,0,0,76057e29b0afb96c,0000000000000000,0000000000000000,0,0
2844,2844,0,00002d8,04,2,2,3,e1fbedb527512af0,3,3,3,b7b75737711d9072,0,1,0,0,1,0,0,fb50f0a23dfa37e7,0000000000000000,0000000000000000,0,0
2845,2845,0,00002dc,04,2,2,3,fca7d8e33a0d1fa6,3,3,3,b7b75737711d9072,0,1,0,0,1,0,0,6cae633eaa04a47b,0000000000000000,0000000000000000,0,0
2846,2846,0,00002e0,04,2,2,3,71f25668b758912d,3,3,3,b7b75737711d9072,0,1,0,0,1,0,0,e1fbedb527512af0,0000000000000000,0000000000000000,0,0
2847,2847,0,00002e4,04,2,2,3,e60cc5f420a602b1,3,3,3,b7b75737711d9072,0,1,0,0,1,0,0,fca7d8e33a0d1fa6,0000000000000000,0000000000000000,0,0
2848,2848,0,00002e8,04,2,2,3,6b594b7fadf38c3a,3,3,3,b7b75737711d9072,0,1,0,0,1,0,0,71f25668b758912d,0000000000000000,0000000000000000,0,0
2849,2849,0,00002ec,04,2,2,3,c9f1e2cd0f5b2588,3,3,3,b7b75737711d9072,0,1,0,0,1,0,0,e60cc5f420a602b1,0000000000000000,0000000000000000,0,0
2850,2850,0,00002f0,04,2,2,3,44a46c46820eab03,3,3,3,b7b75737711d9072,0,1,0,0,1,0,0,6b594b7fadf38c3a,0000000000000000,0000000000000000,0,0
2851,2851,0,00002f4,04,2,2,3,d35affda15f0389f,3,3,3,b7b75737711d9072,0,1,0,0,1,0,0,c9f1e2cd0f5b2588,0000000000000000,0000000000000000,0,0
2852,2852,0,00002f8,04,2,2,3,5e0f715198a5b614,3,3,3,b7b75737711d9072,0,1,0,0,1,0,0,44a46c46820eab03,0000000000000000,0000000000000000,0,0
2853,2853,0,00002fc,04,2,2,3,960bacbf50a16bfa,3,3,3,b7b75737711d9072,0,1,0,0,1,0,0,d35affda15f0389f,0000000000000000,0000000000000000,0,0
2854,2854,0,0000300,04,2,2,3,1b5e2234ddf4e571,3,3,3,b7b75737711d9072,0,1,0,0,1,0,0,5e0f715198a5b614,0000000000000000,0000000000000000,0,0
2855,2855,0,0000304,04,2,2,3,8ca0b1a84a0a76ed,3,3,3,b7b75737711d9072,0,1,0,0,1,0,0,960bacbf50a16bfa,0000000000000000,0000000000000000,0,0
2856,2856,0,0000308,04,2,2,3,01f53f23c75ff866,3,3,3,b7b75737711d9072,0,1,0,0,1,0,0,1b5e2234ddf4e571,0000000000000000,0000000000000000,0,0
2857,2857,0,000030c,04,2,2,3,a35d969165f751d4,3,3,3,b7b75737711d9072,0,1,0,0,1,0,0,8ca0b1a84a0a76ed,0000000000000000,0000000000000000,0,0
2858,2858,0,0000310,04,2,2,3,2e08181ae8a2df5f,3,3,3,b7b75737711d9072,0,1,0,0,1,0,0,01f53f23c75ff866,0000000000000000,0000000000000000,0,0
2859,2859,0,0000314,04,2,2,3,b9f68b867f5c4cc3,3,3,3,b7b75737711d9072,0,1,0,0,1,0,0,a35d969165f751d4,0000000000000000,0000000000000000,0,0
2860,2860,0,0000318,04,2,2,3,34a3050df209c248,3,3,3,b7b75737711d9072,0,1,0,0,1,0,0,2e08181ae8a2df5f,0000000000000000,0000000000000000,0,0
2861,2861,0,000031c,04,2,2,3,d62d43c91087848c,3,3,3,b7b75737711d9072,0,1,0,0,1,0,0,b9f68b867f5c4cc3,0000000000000000,0000000000000000,0,0
2862,2862,0,0000320,04,2,2,3,5b78cd429dd20a07,3,3,3,b7b75737711d9072,0,1,0,0,1,0,0,34a3050df209c248,0000000000000000,0000000000000000,0,0
2863,2863,0,0000324,04,2,2,3,cc865ede0a2c999b,3,3,3,b7b75737711d9072,0,1,0,0,1,0,0,d62d43c91087848c,0000000000000000,0000000000000000,0,0
2864,2864,0,0000328,04,2,2,3,41d3d05587791710,3,3,3,b7b75737711d9072,0,1,0,0,1,0,0,5b78cd429dd20a07,0000000000000000,0000000000000000,0,0
2865,2865,0,000032c,04,2,2,3,e37b79e725d1bea2,3,3,3,b7b75737711d9072,0,1,0,0,1,0,0,cc865ede0a2c999b,0000000000000000,0000000000000000,0,0
2866,2866,0,0000330,04,2,2,3,6e2ef76ca8843029,3,3,3,b7b75737711d9072,0,1,0,0,1,0,0,41d3d05587791710,0000000000000000,0000000000000000,0,0
2867,2867,0,0000334,04,2,2,3,f9d064f03f7aa3b5,3,3,3,b7b75737711d9072,0,1,0,0,1,0,0,e37b79e725d1bea2,0000000000000000,0000000000000000,0,0
2868,2868,0,0000338,04,2,2,3,7485ea7bb22f2d3e,3,3,3,b7b75737711d9072,0,1,0,0,1,0,0,6e2ef76ca8843029,0000000000000000,0000000000000000,0,0
2869,2869,0,000033c,04,2,2,3,bc8137957a2bf0d0,3,3,3,b7b75737711d9072,0,1,0,0,1,0,0,f9d064f03f7aa3b5,0000000000000000,0000000000000000,0,0
2870,2870,0,0000340,04,2,2,3,31d4b91ef77e7e5b,3,3,3,b7b75737711d9072,0,1,0,0,1,0,0,7485ea7bb22f2d3e,0000000000000000,0000000000000000,0,0
2871,2871,0,0000344,04,2,2,3,a62a2a826080edc7,3,3,3,b7b75737711d9072,0,1,0,0,1,0,0,bc8137957a2bf0d0,0000000000000000,0000000000000000,0,0
2872,2872,0,0000348,04,2,2,3,2b7fa409edd5634c,3,3,3,b7b75737711d9072,0,1,0,0,1,0,0,31d4b91ef77e7e5b,0000000000000000,0000000000000000,0,0
2873,2873,0,000034c,04,2,2,3,89d70dbb4f7dcafe,3,3,3,b7b75737711d9072,0,1,0,0,1,0,0,a62a2a826080edc7,0000000000000000,0000000000000000,0,0
2874,2874,0,0000350,04,2,2,3,04828330c2284475,3,3,3,b7b75737711d9072,0,1,0,0,1,0,0,2b7fa409edd5634c,0000000000000000,0000000000000000,0,0
2875,2875,0,0000354,04,2,2,3,937c10ac55d6d7e9,3,3,3,b7b75737711d9072,0,1,0,0,1,0,0,89d70dbb4f7dcafe,0000000000000000,0000000000000000,0,0
2876,2876,0,0000358,04,2,2,3,1e299e27d8835962,3,3,3,b7b75737711d9072,0,1,0,0,1,0,0,04828330c2284475,0000000000000000,0000000000000000,0,0
2877,2877,0,000035c,04,2,2,3,0375ab71c5df6c34,3,3,3,b7b75737711d9072,0,1,0,0,1,0,0,937c10ac55d6d7e9,0000000000000000,0000000000000000,0,0
2878,2878,0,0000360,04,2,2,3,8e2025fa488ae2bf,3,3,3,b7b75737711d9072,0,1,0,0,1,0,0,1e299e27d8835962,0000000000000000,0000000000000000,0,0
2879,2879,0,0000364,04,2,2,3,19deb666df747123,3,3,3,b7b75737711d9072,0,1,0,0,1,0,0,0375ab71c5df6c34,0000000000000000,0000000000000000,0,0
2880,2880,0,0000368,04,2,2,3,948b38ed5221ffa8,3,3,3,b7b75737711d9072,0,1,0,0,1,0,0,8e2025fa488ae2bf,0000000000000000,0000000000000000,0,0
2881,2881,0,000036c,04,2,2,3,3623915ff089561a,3,3,3,b7b75737711d9072,0,1,0,0,1,0,0,19deb666df747123,0000000000000000,0000000000000000,0,0
2882,2882,0,0000370,04,2,2,3,bb761fd47ddcd891,3,3,3,b7b75737711d9072,0,1,0,0,1,0,0,948b38ed5221ffa8,0000000000000000,0000000000000000,0,0
2883,2883,0,0000374,04,2,2,3,2c888c48ea224b0d,3,3,3,b7b75737711d9072,0,1,0,0,1,0,0,3623915ff089561a,0000000000000000,0000000000000000,0,0
2884,2884,0,0000378,04,2,2,3,a1dd02c36777c586,3,3,3,b7b75737711d9072,0,1,0,0,1,0,0,bb761fd47ddcd891,0000000000000000,0000000000000000,0,0
2885,2885,0,000037c,04,2,2,3,69d9df2daf731868,3,3,3,b7b75737711d9072,0,1,0,0,1,0,0,2c888c48ea224b0d,0000000000000000,0000000000000000,0,0
2886,2886,0,0000380,04,2,2,3,e48c51a6222696e3,3,3,3,b7b75737711d9072,0,1,0,0,1,0,0,a1dd02c36777c586,0000000000000000,0000000000000000,0,0
2887,2887,0,0000384,04,2,2,3,7372c23ab5d8057f,3,3,3,b7b75737711d9072,0,1,0,0,1,0,0,69d9df2daf731868,0000000000000000,0000000000000000,0,0
2888,2888,0,0000388,04,2,2,3,fe274cb1388d8bf4,3,3,3,b7b75737711d9072,0,1,0,0,1,0,0,e48c51a6222696e3,0000000000000000,0000000000000000,0,0
2889,2889,0,000038c,04,2,2,3,5c8fe5039a252246,3,3,3,b7b75737711d9072,0,1,0,0,1,0,0,7372c23ab5d8057f,0000000000000000,0000000000000000,0,0
2890,2890,0,0000390,04,2,2,3,d1da6b881770accd,3,3,3,b7b75737711d9072,0,1,0,0,1,0,0,fe274cb1388d8bf4,0000000000000000,0000000000000000,0,0
2891,2891,0,0000394,04,2,2,3,4624f814808e3f51,3,3,3,b7b75737711d9072,0,1,0,0,1,0,0,5c8fe5039a252246,0000000000000000,0000000000000000,0,0
2892,2892,0,0000398,04,2,2,3,cb71769f0ddbb1da,3,3,3,b7b75737711d9072,0,1,0,0,1,0,0,d1da6b881770accd,0000000000000000,0000000000000000,0,0
2893,2893,0,000039c,04,2,2,3,7c9c92b8ba3655fd,3,3,3,b7b75737711d9072,0,1,0,0,1,0,0,4624f814808e3f51,0000000000000000,0000000000000000,0,0
2894,2894,0,00003a0,04,2,2,3,f1c91c333763db76,3,3,3,b7b75737711d9072,0,1,0,0,1,0,0,cb71769f0ddbb1da,0000000000000000,0000000000000000,0,0
2895,2895,0,00003a4,04,2,2,3,66378fafa09d48ea,3,3,3,b7b75737711d9072,0,1,0,0,1,0,0,7c9c92b8ba3655fd,0000000000000000,0000000000000000,0,0
2896,2896,0,00003a8,04,2,2,3,eb6201242dc8c661,3,3,3,b7b75737711d9072,0,1,0,0,1,0,0,f1c91c333763db76,0000000000000000,0000000000000000,0,0
2897,2897,0,00003ac,04,2,2,3,49caa8968f606fd3,3,3,3,b7b75737711d9072,0,1,0,0,1,0,0,66378fafa09d48ea,0000000000000000,0000000000000000,0,0
2898,2898,0,00003b0,04,2,2,3,c49f261d0235e158,3,3,3,b7b75737711d9072,0,1,0,0,1,0,0,eb6201242dc8c661,0000000000000000,0000000000000000,0,0
2899,2899,0,00003b4,04,2,2,3,5361b58195cb72c4,3,3,3,b7b75737711d9072,0,1,0,0,1,0,0,49caa8968f606fd3,0000000000000000,0000000000000000,0,0
2900,2900,0,00003b8,04,2,2,3,de343b0a189efc4f,3,3,3,b7b75737711d9072,0,1,0,0,1,0,0,c49f261d0235e158,0000000000000000,0000000000000000,0,0
2901,2901,0,00003bc,04,2,2,3,1630e6e4d09a21a1,3,3,3,b7b75737711d9072,0,1,0,0,1,0,0,5361b58195cb72c4,0000000000000000,0000000000000000,0,0
2902,2902,0,00003c0,04,2,2,3,9b65686f5dcfaf2a,3,3,3,b7b75737711d9072,0,1,0,0,1,0,0,de343b0a189efc4f,0000000000000000,0000000000000000,0,0
2903,2903,0,00003c4,04,2,2,3,0c9bfbf3ca313cb6,3,3,3,b7b75737711d9072,0,1,0,0,1,0,0,1630e6e4d09a21a1,0000000000000000,0000000000000000,0,0
2904,2904,0,00003c8,04,2,2,3,81ce75784764b23d,3,3,3,b7b75737711d9072,0,1,0,0,1,0,0,9b65686f5dcfaf2a,0000000000000000,0000000000000000,0,0
2905,2905,0,00003cc,04,2,2,3,2366dccae5cc1b8f,3,3,3,b7b75737711d9072,0,1,0,0,1,0,0,0c9bfbf3ca313cb6,0000000000000000,0000000000000000,0,0
2906,2906,0,00003d0,04,2,2,3,ae33524168999504,3,3,3,b7b75737711d9072,0,1,0,0,1,0,0,81ce75784764b23d,0000000000000000,0000000000000000,0,0
2907,2907,0,00003d4,04,2,2,3,39cdc1ddff670698,3,3,3,b7b75737711d9072,0,1,0,0,1,0,0,2366dccae5cc1b8f,0000000000000000,0000000000000000,0,0
2908,2908,0,00003d8,04,2,2,3,b4984f5672328813,3,3,3,b7b75737711d9072,0,1,0,0,1,0,0,ae33524168999504,0000000000000000,0000000000000000,0,0
2909,2909,0,00003dc,04,2,2,3,a9c47a006f6ebd45,3,3,3,b7b75737711d9072,0,1,0,0,1,0,0,39cdc1ddff670698,0000000000000000,0000000000000000,0,0
2910,2910,0,00003e0,04,2,2,3,2491f48be23b33ce,3,3,3,b7b75737711d9072,0,1,0,0,1,0,0,b4984f5672328813,0000000000000000,0000000000000000,0,0
2911,2911,0,00003e4,04,2,2,3,b36f671775c5a052,3,3,3,b7b75737711d9072,0,1,0,0,1,0,0,a9c47a006f6ebd45,0000000000000000,0000000000000000,0,0
2912,2912,0,00003e8,04,2,2,3,3e3ae99cf8902ed9,3,3,3,b7b75737711d9072,0,1,0,0,1,0,0,2491f48be23b33ce,0000000000000000,0000000000000000,0,0
2913,2913,0,00003ec,04,2,2,3,9c92402e5a38876b,3,3,3,b7b75737711d9072,0,1,0,0,1,0,0,b36f671775c5a052,0000000000000000,0000000000000000,0,0
2914,2914,0,00003f0,04,2,2,3,11c7cea5d76d09e0,3,3,3,b7b75737711d9072,0,1,0,0,1,0,0,3e3ae99cf8902ed9,0000000000000000,0000000000000000,0,0
2915,2915,0,00003f4,04,2,2,3,86395d3940939a7c,3,3,3,b7b75737711d9072,0,1,0,0,1,0,0,9c92402e5a38876b,0000000000000000,0000000000000000,0,0
2916,2916,0,00003f8,04,2,2,3,0b6cd3b2cdc614f7,3,3,3,b7b75737711d9072,0,1,0,0,1,0,0,11c7cea5d76d09e0,0000000000000000,0000000000000000,0,0
2917,2917,0,00003fc,04,2,2,3,c3680e5c05c2c919,3,3,3,b7b75737711d9072,0,1,0,0,1,0,0,86395d3940939a7c,0000000000000000,0000000000000000,0,0
2918,2918,0,0000000,04,2,2,3,4e3d80d788974792,3,3,3,b7b75737711d9072,0,1,0,0,1,0,0,0b6cd3b2cdc614f7,0000000000000000,0000000000000000,0,0
2919,2919,0,0000004,04,2,2,3,d9c3134b1f69d40e,3,3,3,b7b75737711d9072,0,1,0,0,1,0,0,c3680e5c05c2c919,0000000000000000,0000000000000000,0,0
2920,2920,0,0000008,04,2,2,3,54969dc0923c5a85,3,3,3,b7b75737711d9072,0,1,0,0,1,0,0,4e3d80d788974792,0000000000000000,0000000000000000,0,0
2921,2921,0,000000c,04,2,2,3,f63e34723094f337,3,3,3,b7b75737711d9072,0,1,0,0,1,0,0,d9c3134b1f69d40e,0000000000000000,0000000000000000,0,0
2922,2922,0,0000010,04,2,2,3,7b6bbaf9bdc17dbc,3,3,3,b7b75737711d9072,0,1,0,0,1,0,0,54969dc0923c5a85,0000000000000000,0000000000000000,0,0
2923,2923,0,0000014,04,2,2,3,ec9529652a3fee20,3,3,3,b7b75737711d9072,0,1,0,0,1,0,0,f63e34723094f337,0000000000000000,0000000000000000,0,0
2924,2924,0,0000018,04,2,2,3,61c0a7eea76a60ab,3,3,3,b7b75737711d9072,0,1,0,0,1,0,0,7b6bbaf9bdc17dbc,0000000000000000,0000000000000000,0,0
2925,2925,0,000001c,04,2,2,3,2989a4ecef2363a9,3,3,3,b7b75737711d9072,0,1,0,0,1,0,0,ec9529652a3fee20,0000000000000000,0000000000000000,0,0
2926,2926,0,0000020,04,2,2,3,a4dc2a676276ed22,3,3,3,b7b75737711d9072,0,1,0,0,1,0,0,61c0a7eea76a60ab,0000000000000000,0000000000000000,0,0
2927,2927,0,0000024,04,2,2,3,3322b9fbf5887ebe,3,3,3,b7b75737711d9072,0,1,0,0,1,0,0,2989a4ecef2363a9,0000000000000000,0000000000000000,0,0
2928,2928,0,0000028,04,2,2,3,be77377078ddf035,3,3,3,b7b75737711d9072,0,1,0,0,1,0,0,a4dc2a676276ed22,0000000000000000,0000000000000000,0,0
2929,2929,0,000002c,04,2,2,3,1cdf9ec2da755987,3,3,3,b7b75737711d9072,0,1,0,0,1,0,0,3322b9fbf5887ebe,0000000000000000,0000000000000000,0,0
2930,2930,0,0000030,04,2,2,3,918a10495720d70c,3,3,3,b7b75737711d9072,0,1,0,0,1,0,0,be77377078ddf035,0000000000000000,0000000000000000,0,0
2931,2931,0,0000034,04,2,2,3,067483d5c0de4490,3,3,3,b7b75737711d9072,0,1,0,0,1,0,0,1cdf9ec2da755987,0000000000000000,0000000000000000,0,0
2932,2932,0,0000038,04,2,2,3,8b210d5e4d8bca1b,3,3,3,b7b75737711d9072,0,1,0,0,1,0,0,918a10495720d70c,0000000000000000,0000000000000000,0,0
2933,2933,0,000003c,04,2,2,3,4325d0b0858f17f5,3,3,3,b7b75737711d9072,0,1,0,0,1,0,0,067483d5c0de4490,0000000000000000,0000000000000000,0,0
2934,2934,0,0000040,04,2,2,3,ce705e3b08da997e,3,3,3,b7b75737711d9072,0,1,0,0,1,0,0,8b210d5e4d8bca1b,0000000000000000,0000000000000000,0,0
2935,2935,0,0000044,04,2,2,3,598ecda79f240ae2,3,3,3,b7b75737711d9072,0,1,0,0,1,0,0,4325d0b0858f17f5,0000000000000000,0000000000000000,0,0
2936,2936,0,0000048,04,2,2,3,d4db432c12718469,3,3,3,b7b75737711d9072,0,1,0,0,1,0,0,ce705e3b08da997e,0000000000000000,0000000000000000,0,0
2937,2937,0,000004c,04,2,2,3,7673ea9eb0d92ddb,3,3,3,b7b75737711d9072,0,1,0,0,1,0,0,598ecda79f240ae2,0000000000000000,0000000000000000,0,0
2938,2938,0,0000050,04,2,2,3,fb2664153d8ca350,3,3,3,b7b75737711d9072,0,1,0,0,1,0,0,d4db432c12718469,0000000000000000,0000000000000000,0,0
2939,2939,0,0000054,04,2,2,3,6cd8f789aa7230cc,3,3,3,b7b75737711d9072,0,1,0,0,1,0,0,7673ea9eb0d92ddb,0000000000000000,0000000000000000,0,0
2940,2940,0,0000058,04,2,2,3,e18d79022727be47,3,3,3,b7b75737711d9072,0,1,0,0,1,0,0,fb2664153d8ca350,0000000000000000,0000000000000000,0,0
2941,2941,0,000005c,04,2,2,3,fcd14c543a7b8b11,3,3,3,b7b75737711d9072,0,1,0,0,1,0,0,6cd8f789aa7230cc,0000000000000000,0000000000000000,0,0
2942,2942,0,0000060,04,2,2,3,7184c2dfb72e059a,3,3,3,b7b75737711d9072,0,1,0,0,1,0,0,e18d79022727be47,0000000000000000,0000000000000000,0,0
2943,2943,0,0000064,04,2,2,3,e67a514320d09606,3,3,3,b7b75737711d9072,0,1,0,0,1,0,0,fcd14c543a7b8b11,0000000000000000,0000000000000000,0,0
2944,2944,0,0000068,04,2,2,3,6b2fdfc8ad85188d,3,3,3,b7b75737711d9072,0,1,0,0,1,0,0,7184c2dfb72e059a,0000000000000000,0000000000000000,0,0
2945,2945,0,000006c,04,2,2,3,c987767a0f2db13f,3,3,3,b7b75737711d9072,0,1,0,0,1,0,0,e67a514320d09606,0000000000000000,0000000000000000,0,0
2946,2946,0,0000070,04,2,2,3,44d2f8f182783fb4,3,3,3,b7b75737711d9072,0,1,0,0,1,0,0,6b2fdfc8ad85188d,0000000000000000,0000000000000000,0,0
2947,2947,0,0000074,04,2,2,3,d32c6b6d1586ac28,3,3,3,b7b75737711d9072,0,1,0,0,1,0,0,c987767a0f2db13f,0000000000000000,0000000000000000,0,0
2948,2948,0,0000078,04,2,2,3,5e79e5e698d322a3,3,3,3,b7b75737711d9072,0,1,0,0,1,0,0,44d2f8f182783fb4,0000000000000000,0000000000000000,0,0
2949,2949,0,000007c,04,2,2,3,967d380850d7ff4d,3,3,3,b7b75737711d9072,0,1,0,0,1,0,0,d32c6b6d1586ac28,0000000000000000,0000000000000000,0,0
2950,2950,0,0000080,04,2,2,3,1b28b683dd8271c6,3,3,3,b7b75737711d9072,0,1,0,0,1,0,0,5e79e5e698d322a3,0000000000000000,0000000000000000,0,0
2951,2951,0,0000084,04,2,2,3,8cd6251f4a7ce25a,3,3,3,b7b75737711d9072,0,1,0,0,1,0,0,967d380850d7ff4d,0000000000000000,0000000000000000,0,0
2952,2952,0,0000088,04,2,2,3,0183ab94c7296cd1,3,3,3,b7b75737711d9072,0,1,0,0,1,0,0,1b28b683dd8271c6,0000000000000000,0000000000000000,0,0
2953,2953,0,000008c,04,2,2,3,a32b02266581c563,3,3,3,b7b75737711d9072,0,1,0,0,1,0,0,8cd6251f4a7ce25a,0000000000000000,0000000000000000,0,0
2954,2954,0,0000090,04,2,2,3,2e7e8cade8d44be8,3,3,3,b7b75737711d9072,0,1,0,0,1,0,0,0183ab94c7296cd1,0000000000000000,0000000000000000,0,0
2955,2955,0,0000094,04,2,2,3,b9801f317f2ad874,3,3,3,b7b75737711d9072,0,1,0,0,1,0,0,a32b02266581c563,0000000000000000,0000000000000000,0,0
2956,2956,0,0000098,04,2,2,3,34d591baf27f56ff,3,3,3,b7b75737711d9072,0,1,0,0,1,0,0,2e7e8cade8d44be8,0000000000000000,0000000000000000,0,0
2957,2957,0,000009c,04,2,2,3,8338759d4592b2d8,3,3,3,b7b75737711d9072,0,1,0,0,1,0,0,b9801f317f2ad874,0000000000000000,0000000000000000,0,0
2958,2958,0,00000a0,04,2,2,3,0e6dfb16c8c73c53,3,3,3,b7b75737711d9072,0,1,0,0,1,0,0,34d591baf27f56ff,0000000000000000,0000000000000000,0,0
2959,2959,0,00000a4,04,2,2,3,9993688a5f39afcf,3,3,3,b7b75737711d9072,0,1,0,0,1,0,0,8338759d4592b2d8,0000000000000000,0000000000000000,0,0
2960,2960,0,00000a8,04,2,2,3,14c6e601d26c2144,3,3,3,b7b75737711d9072,0,1,0,0,1,0,0,0e6dfb16c8c73c53,0000000000000000,0000000000000000,0,0
2961,2961,0,00000ac,04,2,2,3,b66e4fb370c488f6,3,3,3,b7b75737711d9072,0,1,0,0,1,0,0,9993688a5f39afcf,0000000000000000,0000000000000000,0,0
2962,2962,0,00000b0,04,2,2,3,3b3bc138fd91067d,3,3,3,b7b75737711d9072,0,1,0,0,1,0,0,14c6e601d26c2144,0000000000000000,0000000000000000,0,0
2963,2963,0,00000b4,04,2,2,3,acc552a46a6f95e1,3,3,3,b7b75737711d9072,0,1,0,0,1,0,0,b66e4fb370c488f6,0000000000000000,0000000000000000,0,0
2964,2964,0,00000b8,04,2,2,3,2190dc2fe73a1b6a,3,3,3,b7b75737711d9072,0,1,0,0,1,0,0,3b3bc138fd91067d,0000000000000000,0000000000000000,0,0
2965,2965,0,00000bc,04,2,2,3,e99401c12f3ec684,3,3,3,b7b75737711d9072,0,1,0,0,1,0,0,acc552a46a6f95e1,0000000000000000,0000000000000000,0,0
2966,2966,0,00000c0,04,2,2,3,64c18f4aa26b480f,3,3,3,b7b75737711d9072,0,1,0,0,1,0,0,2190dc2fe73a1b6a,0000000000000000,0000000000000000,0,0
2967,2967,0,00000c4,04,2,2,3,f33f1cd63595db93,3,3,3,b7b75737711d9072,0,1,0,0,1,0,0,e99401c12f3ec684,0000000000000000,0000000000000000,0,0
2968,2968,0,00000c8,04,2,2,3,7e6a925db8c05518,3,3,3,b7b75737711d9072,0,1,0,0,1,0,0,64c18f4aa26b480f,0000000000000000,0000000000000000,0,0
2969,2969,0,00000cc,04,2,2,3,dcc23bef1a68fcaa,3,3,3,b7b75737711d9072,0,1,0,0,1,0,0,f33f1cd63595db93,0000000000000000,0000000000000000,0,0
2970,2970,0,00000d0,04,2,2,3,5197b564973d7221,3,3,3,b7b75737711d9072,0,1,0,0,1,0,0,7e6a925db8c05518,0000000000000000,0000000000000000,0,0
2971,2971,0,00000d4,04,2,2,3,c66926f800c3e1bd,3,3,3,b7b75737711d9072,0,1,0,0,1,0,0,dcc23bef1a68fcaa,0000000000000000,0000000000000000,0,0
2972,2972,0,00000d8,04,2,2,3,4b3ca8738d966f36,3,3,3,b7b75737711d9072,0,1,0,0,1,0,0,5197b564973d7221,0000000000000000,0000000000000000,0,0
2973,2973,0,00000dc,04,2,2,3,56609d2590ca5a60,3,3,3,b7b75737711d9072,0,1,0,0,1,0,0,c66926f800c3e1bd,0000000000000000,0000000000000000,0,0
2974,2974,0,00000e0,04,2,2,3,db3513ae1d9fd4eb,3,3,3,b7b75737711d9072,0,1,0,0,1,0,0,4b3ca8738d966f36,0000000000000000,0000000000000000,0,0
2975,2975,0,00000e4,04,2,2,3,4ccb80328a614777,3,3,3,b7b75737711d9072,0,1,0,0,1,0,0,56609d2590ca5a60,0000000000000000,0000000000000000,0,0
2976,2976,0,00000e8,04,2,2,3,c19e0eb90734c9fc,3,3,3,b7b75737711d9072,0,1,0,0,1,0,0,db3513ae1d9fd4eb,0000000000000000,0000000000000000,0,0
2977,2977,0,00000ec,04,2,2,3,6336a70ba59c604e,3,3,3,b7b75737711d9072,0,1,0,0,1,0,0,4ccb80328a614777,0000000000000000,0000000000000000,0,0
2978,2978,0,00000f0,04,2,2,3,ee63298028c9eec5,3,3,3,b7b75737711d9072,0,1,0,0,1,0,0,c19e0eb90734c9fc,0000000000000000,0000000000000000,0,0
2979,2979,0,00000f4,04,2,2,3,799dba1cbf377d59,3,3,3,b7b75737711d9072,0,1,0,0,1,0,0,6336a70ba59c604e,0000000000000000,0000000000000000,0,0
2980,2980,0,00000f8,04,2,2,3,f4c834973262f3d2,3,3,3,b7b75737711d9072,0,1,0,0,1,0,0,ee63298028c9eec5,0000000000000000,0000000000000000,0,0
2981,2981,0,00000fc,04,2,2,3,3ccce979fa662e3c,3,3,3,b7b75737711d9072,0,1,0,0,1,0,0,799dba1cbf377d59,0000000000000000,0000000000000000,0,0
2982,2982,0,0000100,04,2,2,3,b19967f27733a0b7,3,3,3,b7b75737711d9072,0,1,0,0,1,0,0,f4c834973262f3d2,0000000000000000,0000000000000000,0,0
2983,2983,0,0000104,04,2,2,3,2667f46ee0cd332b,3,3,3,b7b75737711d9072,0,1,0,0,1,0,0,3ccce979fa662e3c,0000000000000000,0000000000000000,0,0
2984,2984,0,0000108,04,2,2,3,ab327ae56d98bda0,3,3,3,b7b75737711d9072,0,1,0,0,1,0,0,b19967f27733a0b7,0000000000000000,0000000000000000,0,0
2985,2985,0,000010c,04,2,2,3,099ad357cf301412,3,3,3,b7b75737711d9072,0,1,0,0,1,0,0,2667f46ee0cd332b,0000000000000000,0000000000000000,0,0
2986,2986,0,0000110,04,2,2,3,84cf5ddc42659a99,3,3,3,b7b75737711d9072,0,1,0,0,1,0,0,ab327ae56d98bda0,0000000000000000,0000000000000000,0,0
2987,2987,0,0000114,04,2,2,3,1331ce40d59b0905,3,3,3,b7b75737711d9072,0,1,0,0,1,0,0,099ad357cf301412,0000000000000000,0000000000000000,0,0
2988,2988,0,0000118,04,2,2,3,9e6440cb58ce878e,3,3,3,b7b75737711d9072,0,1,0,0,1,0,0,84cf5ddc42659a99,0000000000000000,0000000000000000,0,0
2989,2989,0,000011c,04,2,2,3,7cea060fba40c14a,3,3,3,b7b75737711d9072,0,1,0,0,1,0,0,1331ce40d59b0905,0000000000000000,0000000000000000,0,0
2990,2990,0,0000120,04,2,2,3,f1bf888437154fc1,3,3,3,b7b75737711d9072,0,1,0,0,1,0,0,9e6440cb58ce878e,0000000000000000,0000000000000000,0,0
2991,2991,0,0000124,04,2,2,3,66411b18a0ebdc5d,3,3,3,b7b75737711d9072,0,1,0,0,1,0,0,7cea060fba40c14a,0000000000000000,0000000000000000,0,0
2992,2992,0,0000128,04,2,2,3,eb1495932dbe52d6,3,3,3,b7b75737711d9072,0,1,0,0,1,0,0,f1bf888437154fc1,0000000000000000,0000000000000000,0,0
2993,2993,0,000012c,04,2,2,3,49bc3c218f16fb64,3,3,3,b7b75737711d9072,0,1,0,0,1,0,0,66411b18a0ebdc5d,0000000000000000,0000000000000000,0,0
2994,2994,0,0000130,04,2,2,3,c4e9b2aa024375ef,3,3,3,b7b75737711d9072,0,1,0,0,1,0,0,eb1495932dbe52d6,0000000000000000,0000000000000000,0,0
2995,2995,0,0000134,04,2,2,3,5317213695bde673,3,3,3,b7b75737711d9072,0,1,0,0,1,0,0,49bc3c218f16fb64,0000000000000000,0000000000000000,0,0
2996,2996,0,0000138,04,2,2,3,de42afbd18e868f8,3,3,3,b7b75737711d9072,0,1,0,0,1,0,0,c4e9b2aa024375ef,0000000000000000,0000000000000000,0,0
2997,2997,0,000013c,04,2,2,3,16467253d0ecb516,3,3,3,b7b75737711d9072,0,1,0,0,1,0,0,5317213695bde673,0000000000000000,0000000000000000,0,0
2998,2998,0,0000140,04,2,2,3,9b13fcd85db93b9d,3,3,3,b7b75737711d9072,0,1,0,0,1,0,0,de42afbd18e868f8,0000000000000000,0000000000000000,0,0
2999,2999,0,0000144,04,2,2,3,0ced6f44ca47a801,3,3,3,b7b75737711d9072,0,1,0,0,1,0,0,16467253d0ecb516,0000000000000000,0000000000000000,0,0
3000,3000,0,0000148,04,2,2,3,81b8e1cf4712268a,3,3,3,b7b75737711d9072,0,1,0,0,1,0,0,9b13fcd85db93b9d,0000000000000000,0000000000000000,0,0
3001,3001,0,000014c,04,2,2,3,2310487de5ba8f38,3,3,3,b7b75737711d9072,0,1,0,0,1,0,0,0ced6f44ca47a801,0000000000000000,0000000000000000,0,0
3002,3002,0,0000150,04,2,2,3,ae45c6f668ef01b3,3,3,3,b7b75737711d9072,0,1,0,0,1,0,0,81b8e1cf4712268a,0000000000000000,0000000000000000,0,0
3003,3003,0,0000154,04,2,2,3,39bb556aff11922f,3,3,3,b7b75737711d9072,0,1,0,0,1,0,0,2310487de5ba8f38,0000000000000000,0000000000000000,0,0
3004,3004,0,0000158,04,2,2,3,b4eedbe172441ca4,3,3,3,b7b75737711d9072,0,1,0,0,1,0,0,ae45c6f668ef01b3,0000000000000000,0000000000000000,0,0
3005,3005,0,000015c,04,2,2,3,a9b2eeb76f1829f2,3,3,3,b7b75737711d9072,0,1,0,0,1,0,0,39bb556aff11922f,0000000000000000,0000000000000000,0,0
3006,3006,0,0000160,04,2,2,3,24e7603ce24da779,3,3,3,b7b75737711d9072,0,1,0,0,1,0,0,b4eedbe172441ca4,0000000000000000,0000000000000000,0,0
3007,3007,0,0000164,04,2,2,3,b319f3a075b334e5,3,3,3,b7b75737711d9072,0,1,0,0,1,0,0,a9b2eeb76f1829f2,0000000000000000,0000000000000000,0,0
3008,3008,0,0000168,04,2,2,3,3e4c7d2bf8e6ba6e,3,3,3,b7b75737711d9072,0,1,0,0,1,0,0,24e7603ce24da779,0000000000000000,0000000000000000,0,0
3009,3009,0,000016c,04,2,2,3,9ce4d4995a4e13dc,3,3,3,b7b75737711d9072,0,1,0,0,1,0,0,b319f3a075b334e5,0000000000000000,0000000000000000,0,0
3010,3010,0,0000170,04,2,2,3,11b15a12d71b9d57,3,3,3,b7b75737711d9072,0,1,0,0,1,0,0,3e4c7d2bf8e6ba6e,0000000000000000,0000000000000000,0,0
3011,3011,0,0000174,04,2,2,3,864fc98e40e50ecb,3,3,3,b7b75737711d9072,0,1,0,0,1,0,0,9ce4d4995a4e13dc,0000000000000000,0000000000000000,0,0
3012,3012,0,0000178,04,2,2,3,0b1a4705cdb08040,3,3,3,b7b75737711d9072,0,1,0,0,1,0,0,11b15a12d71b9d57,0000000000000000,0000000000000000,0,0
3013,3013,0,000017c,04,2,2,3,c31e9aeb05b45dae,3,3,3,b7b75737711d9072,0,1,0,0,1,0,0,864fc98e40e50ecb,0000000000000000,0000000000000000,0,0
3014,3014,0,0000180,04,2,2,3,4e4b146088e1d325,3,3,3,b7b75737711d9072,0,1,0,0,1,0,0,0b1a4705cdb08040,0000000000000000,0000000000000000,0,0
3015,3015,0,0000184,04,2,2,3,d9b587fc1f1f40b9,3,3,3,b7b75737711d9072,0,1,0,0,1,0,0,c31e9aeb05b45dae,0000000000000000,0000000000000000,0,0
3016,3016,0,0000188,04,2,2,3,54e00977924ace32,3,3,3,b7b75737711d9072,0,1,0,0,1,0,0,4e4b146088e1d325,0000000000000000,0000000000000000,0,0
3017,3017,0,000018c,04,2,2,3,f648a0c530e26780,3,3,3,b7b75737711d9072,0,1,0,0,1,0,0,d9b587fc1f1f40b9,0000000000000000,0000000000000000,0,0
3018,3018,0,0000190,04,2,2,3,7b1d2e4ebdb7e90b,3,3,3,b7b75737711d9072,0,1,0,0,1,0,0,54e00977924ace32,0000000000000000,0000000000000000,0,0
3019,3019,0,0000194,04,2,2,3,ece3bdd22a497a97,3,3,3,b7b75737711d9072,0,1,0,0,1,0,0,f648a0c530e26780,0000000000000000,0000000000000000,0,0
3020,3020,0,0000198,04,2,2,3,61b63359a71cf41c,3,3,3,b7b75737711d9072,0,1,0,0,1,0,0,7b1d2e4ebdb7e90b,0000000000000000,0000000000000000,0,0
3021,3021,0,000019c,04,2,2,3,d65bd77e10f1103b,3,3,3,b7b75737711d9072,0,1,0,0,1,0,0,ece3bdd22a497a97,0000000000000000,0000000000000000,0,0
3022,3022,0,00001a0,04,2,2,3,5b0e59f59da49eb0,3,3,3,b7b75737711d9072,0,1,0,0,1,0,0,61b63359a71cf41c,0000000000000000,0000000000000000,0,0
3023,3023,0,00001a4,04,2,2,3,ccf0ca690a5a0d2c,3,3,3,b7b75737711d9072,0,1,0,0,1,0,0,d65bd77e10f1103b,0000000000000000,0000000000000000,0,0
3024,3024,0,00001a8,04,2,2,3,41a544e2870f83a7,3,3,3,b7b75737711d9072,0,1,0,0,1,0,0,5b0e59f59da49eb0,0000000000000000,0000000000000000,0,0
3025,3025,0,00001ac,04,2,2,3,e30ded5025a72a15,3,3,3,b7b75737711d9072,0,1,0,0,1,0,0,ccf0ca690a5a0d2c,0000000000000000,0000000000000000,0,0
3026,3026,0,00001b0,04,2,2,3,6e5863dba8f2a49e,3,3,3,b7b75737711d9072,0,1,0,0,1,0,0,41a544e2870f83a7,0000000000000000,0000000000000000,0,0
3027,3027,0,00001b4,04,2,2,3,f9a6f0473f0c3702,3,3,3,b7b75737711d9072,0,1,0,0,1,0,0,e30ded5025a72a15,0000000000000000,0000000000000000,0,0
3028,3028,0,00001b8,04,2,2,3,74f37eccb259b989,3,3,3,b7b75737711d9072,0,1,0,0,1,0,0,6e5863dba8f2a49e,0000000000000000,0000000000000000,0,0
3029,3029,0,00001bc,04,2,2,3,bcf7a3227a5d6467,3,3,3,b7b75737711d9072,0,1,0,0,1,0,0,f9a6f0473f0c3702,0000000000000000,0000000000000000,0,0
3030,3030,0,00001c0,04,2,2,3,31a22da9f708eaec,3,3,3,b7b75737711d9072,0,1,0,0,1,0,0,74f37eccb259b989,0000000000000000,0000000000000000,0,0
3031,3031,0,00001c4,04,2,2,3,a65cbe3560f67970,3,3,3,b7b75737711d9072,0,1,0,0,1,0,0,bcf7a3227a5d6467,0000000000000000,0000000000000000,0,0
3032,3032,0,00001c8,04,2,2,3,2b0930beeda3f7fb,3,3,3,b7b75737711d9072,0,1,0,0,1,0,0,31a22da9f708eaec,0000000000000000,0000000000000000,0,0
3033,3033,0,00001cc,04,2,2,3,89a1990c4f0b5e49,3,3,3,b7b75737711d9072,0,1,0,0,1,0,0,a65cbe3560f67970,0000000000000000,0000000000000000,0,0
3034,3034,0,00001d0,04,2,2,3,04f41787c25ed0c2,3,3,3,b7b75737711d9072,0,1,0,0,1,0,0,2b0930beeda3f7fb,0000000000000000,0000000000000000,0,0
3035,3035,0,00001d4,04,2,2,3,930a841b55a0435e,3,3,3,b7b75737711d9072,0,1,0,0,1,0,0,89a1990c4f0b5e49,0000000000000000,0000000000000000,0,0
3036,3036,0,00001d8,04,2,2,3,1e5f0a90d8f5cdd5,3,3,3,b7b75737711d9072,0,1,0,0,1,0,0,04f41787c25ed0c2,0000000000000000,0000000000000000,0,0
3037,3037,0,00001dc,04,2,2,3,03033fc6c5a9f883,3,3,3,b7b75737711d9072,0,1,0,0,1,0,0,930a841b55a0435e,0000000000000000,0000000000000000,0,0
3038,3038,0,00001e0,04,2,2,3,8e56b14d48fc7608,3,3,3,b7b75737711d9072,0,1,0,0,1,0,0,1e5f0a90d8f5cdd5,0000000000000000,0000000000000000,0,0
3039,3039,0,00001e4,04,2,2,3,19a822d1df02e594,3,3,3,b7b75737711d9072,0,1,0,0,1,0,0,03033fc6c5a9f883,0000000000000000,0000000000000000,0,0
3040,3040,0,00001e8,04,2,2,3,94fdac5a52576b1f,3,3,3,b7b75737711d9072,0,1,0,0,1,0,0,8e56b14d48fc7608,0000000000000000,0000000000000000,0,0
3041,3041,0,00001ec,04,2,2,3,365505e8f0ffc2ad,3,3,3,b7b75737711d9072,0,1,0,0,1,0,0,19a822d1df02e594,0000000000000000,0000000000000000,0,0
3042,3042,0,00001f0,04,2,2,3,bb008b637daa4c26,3,3,3,b7b75737711d9072,0,1,0,0,1,0,0,94fdac5a52576b1f,0000000000000000,0000000000000000,0,0
3043,3043,0,00001f4,04,2,2,3,2cfe18ffea54dfba,3,3,3,b7b75737711d9072,0,1,0,0,1,0,0,365505e8f0ffc2ad,0000000000000000,0000000000000000,0,0
3044,3044,0,00001f8,04,2,2,3,a1ab967467015131,3,3,3,b7b75737711d9072,0,1,0,0,1,0,0,bb008b637daa4c26,0000000000000000,0000000000000000,0,0
3045,3045,0,00001fc,04,2,2,3,69af4b9aaf058cdf,3,3,3,b7b75737711d9072,0,1,0,0,1,0,0,2cfe18ffea54dfba,0000000000000000,0000000000000000,0,0
3046,3046,0,0000200,04,2,2,3,e4fac51122500254,3,3,3,b7b75737711d9072,0,1,0,0,1,0,0,a1ab967467015131,0000000000000000,0000000000000000,0,0
3047,3047,0,0000204,04,2,2,3,7304568db5ae91c8,3,3,3,b7b75737711d9072,0,1,0,0,1,0,0,69af4b9aaf058cdf,0000000000000000,0000000000000000,0,0
3048,3048,0,0000208,04,2,2,3,fe51d80638fb1f43,3,3,3,b7b75737711d9072,0,1,0,0,1,0,0,e4fac51122500254,0000000000000000,0000000000000000,0,0
3049,3049,0,000020c,04,2,2,3,5cf971b49a53b6f1,3,3,3,b7b75737711d9072,0,1,0,0,1,0,0,7304568db5ae91c8,0000000000000000,0000000000000000,0,0
3050,3050,0,0000210,04,2,2,3,d1acff3f1706387a,3,3,3,b7b75737711d9072,0,1,0,0,1,0,0,fe51d80638fb1f43,0000000000000000,0000000000000000,0,0
3051,3051,0,0000214,04,2,2,3,46526ca380f8abe6,3,3,3,b7b75737711d9072,0,1,0,0,1,0,0,5cf971b49a53b6f1,0000000000000000,0000000000000000,0,0
3052,3052,0,0000218,04,2,2,3,cb07e2280dad256d,3,3,3,b7b75737711d9072,0,1,0,0,1,0,0,d1acff3f1706387a,0000000000000000,0000000000000000,0,0
3053,3053,0,000021c,04,2,2,3,834ee12a45e4266f,3,3,3,b7b75737711d9072,0,1,0,0,1,0,0,46526ca380f8abe6,0000000000000000,0000000000000000,0,0
3054,3054,0,0000220,04,2,2,3,0e1b6fa1c8b1a8e4,3,3,3,b7b75737711d9072,0,1,0,0,1,0,0,cb07e2280dad256d,0000000000000000,0000000000000000,0,0
3055,3055,0,0000224,04,2,2,3,99e5fc3d5f4f3b78,3,3,3,b7b75737711d9072,0,1,0,0,1,0,0,834ee12a45e4266f,0000000000000000,0000000000000000,0,0
3056,3056,0,0000228,04,2,2,3,14b072b6d21ab5f3,3,3,3,b7b75737711d9072,0,1,0,0,1,0,0,0e1b6fa1c8b1a8e4,0000000000000000,0000000000000000,0,0
3057,3057,0,000022c,04,2,2,3,b618db0470b21c41,3,3,3,b7b75737711d9072,0,1,0,0,1,0,0,99e5fc3d5f4f3b78,0000000000000000,0000000000000000,0,0
3058,3058,0,0000230,04,2,2,3,3b4d558ffde792ca,3,3,3,b7b75737711d9072,0,1,0,0,1,0,0,14b072b6d21ab5f3,0000000000000000,0000000000000000,0,0
3059,3059,0,0000234,04,2,2,3,acb3c6136a190156,3,3,3,b7b75737711d9072,0,1,0,0,1,0,0,b618db0470b21c41,0000000000000000,0000000000000000,0,0
3060,3060,0,0000238,04,2,2,3,21e64898e74c8fdd,3,3,3,b7b75737711d9072,0,1,0,0,1,0,0,3b4d558ffde792ca,0000000000000000,0000000000000000,0,0
3061,3061,0,000023c,04,2,2,3,e9e295762f485233,3,3,3,b7b75737711d9072,0,1,0,0,1,0,0,acb3c6136a190156,0000000000000000,0000000000000000,0,0
3062,3062,0,0000240,04,2,2,3,64b71bfda21ddcb8,3,3,3,b7b75737711d9072,0,1,0,0,1,0,0,21e64898e74c8fdd,0000000000000000,0000000000000000,0,0
3063,3063,0,0000244,04,2,2,3,f349886135e34f24,3,3,3,b7b75737711d9072,0,1,0,0,1,0,0,e9e295762f485233,0000000000000000,0000000000000000,0,0
3064,3064,0,0000248,04,2,2,3,7e1c06eab8b6c1af,3,3,3,b7b75737711d9072,0,1,0,0,1,0,0,64b71bfda21ddcb8,0000000000000000,0000000000000000,0,0
3065,3065,0,000024c,04,2,2,3,dcb4af581a1e681d,3,3,3,b7b75737711d9072,0,1,0,0,1,0,0,f349886135e34f24,0000000000000000,0000000000000000,0,0
3066,3066,0,0000250,04,2,2,3,51e121d3974be696,3,3,3,b7b75737711d9072,0,1,0,0,1,0,0,7e1c06eab8b6c1af,0000000000000000,0000000000000000,0,0
3067,3067,0,0000254,04,2,2,3,c61fb24f00b5750a,3,3,3,b7b75737711d9072,0,1,0,0,1,0,0,dcb4af581a1e681d,0000000000000000,0000000000000000,0,0
3068,3068,0,0000258,04,2,2,3,4b4a3cc48de0fb81,3,3,3,b7b75737711d9072,0,1,0,0,1,0,0,51e121d3974be696,0000000000000000,0000000000000000,0,0
3069,3069,0,000025c,04,2,2,3,5616099290bcced7,3,3,3,b7b75737711d9072,0,1,0,0,1,0,0,c61fb24f00b5750a,0000000000000000,0000000000000000,0,0
3070,3070,0,0000260,04,2,2,3,db4387191de9405c,3,3,3,b7b75737711d9072,0,1,0,0,1,0,0,4b4a3cc48de0fb81,0000000000000000,0000000000000000,0,0
3071,3071,0,0000264,04,2,2,3,4cbd14858a17d3c0,3,3,3,b7b75737711d9072,0,1,0,0,1,0,0,5616099290bcced7,0000000000000000,0000000000000000,0,0
3072,3072,0,0000268,04,2,2,3,c1e89a0e07425d4b,3,3,3,b7b75737711d9072,0,1,0,0,1,0,0,db4387191de9405c,0000000000000000,0000000000000000,0,0
3073,3073,0,000026c,04,2,2,3,634033bca5eaf4f9,3,3,3,b7b75737711d9072,0,1,0,0,1,0,0,4cbd14858a17d3c0,0000000000000000,0000000000000000,0,0
3074,3074,0,0000270,04,2,2,3,ee15bd3728bf7a72,3,3,3,b7b75737711d9072,0,1,0,0,1,0,0,c1e89a0e07425d4b,0000000000000000,0000000000000000,0,0
3075,3075,0,0000274,04,2,2,3,79eb2eabbf41e9ee,3,3,3,b7b75737711d9072,0,1,0,0,1,0,0,634033bca5eaf4f9,0000000000000000,0000000000000000,0,0
3076,3076,0,0000278,04,2,2,3,f4bea02032146765,3,3,3,b7b75737711d9072,0,1,0,0,1,0,0,ee15bd3728bf7a72,0000000000000000,0000000000000000,0,0
3077,3077,0,000027c,04,2,2,3,3cba7dcefa10ba8b,3,3,3,b7b75737711d9072,0,1,0,0,1,0,0,79eb2eabbf41e9ee,0000000000000000,0000000000000000,0,0
3078,3078,0,0000280,04,2,2,3,b1eff34577453400,3,3,3,b7b75737711d9072,0,1,0,0,1,0,0,f4bea02032146765,0000000000000000,0000000000000000,0,0
3079,3079,0,0000284,04,2,2,3,261160d9e0bba79c,3,3,3,b7b75737711d9072,0,1,0,0,1,0,0,3cba7dcefa10ba8b,0000000000000000,0000000000000000,0,0
3080,3080,0,0000288,04,2,2,3,ab44ee526dee2917,3,3,3,b7b75737711d9072,0,1,0,0,1,0,0,b1eff34577453400,0000000000000000,0000000000000000,0,0
3081,3081,0,000028c,04,2,2,3,09ec47e0cf4680a5,3,3,3,b7b75737711d9072,0,1,0,0,1,0,0,261160d9e0bba79c,0000000000000000,0000000000000000,0,0
3082,3082,0,0000290,04,2,2,3,84b9c96b42130e2e,3,3,3,b7b75737711d9072,0,1,0,0,1,0,0,ab44ee526dee2917,0000000000000000,0000000000000000,0,0
3083,3083,0,0000294,04,2,2,3,13475af7d5ed9db2,3,3,3,b7b75737711d9072,0,1,0,0,1,0,0,09ec47e0cf4680a5,0000000000000000,0000000000000000,0,0
3084,3084,0,0000298,04,2,2,3,9e12d47c58b81339,3,3,3,b7b75737711d9072,0,1,0,0,1,0,0,84b9c96b42130e2e,0000000000000000,0000000000000000,0,0
3085,3085,0,000029c,04,2,2,3,29ff305bef55f71e,3,3,3,b7b75737711d9072,0,1,0,0,1,0,0,13475af7d5ed9db2,0000000000000000,0000000000000000,0,0
3086,3086,0,00002a0,04,2,2,3,a4aabed062007995,3,3,3,b7b75737711d9072,0,1,0,0,1,0,0,9e12d47c58b81339,0000000000000000,0000000000000000,0,0
3087,3087,0,00002a4,04,2,2,3,33542d4cf5feea09,3,3,3,b7b75737711d9072,0,1,0,0,1,0,0,29ff305bef55f71e,0000000000000000,0000000000000000,0,0
3088,3088,0,00002a8,04,2,2,3,be01a3c778ab6482,3,3,3,b7b75737711d9072,0,1,0,0,1,0,0,a4aabed062007995,0000000000000000,0000000000000000,0,0
3089,3089,0,00002ac,04,2,2,3,1ca90a75da03cd30,3,3,3,b7b75737711d9072,0,1,0,0,1,0,0,33542d4cf5feea09,0000000000000000,0000000000000000,0,0
3090,3090,0,00002b0,04,2,2,3,91fc84fe575643bb,3,3,3,b7b75737711d9072,0,1,0,0,1,0,0,be01a3c778ab6482,0000000000000000,0000000000000000,0,0
3091,3091,0,00002b4,04,2,2,3,06021762c0a8d027,3,3,3,b7b75737711d9072,0,1,0,0,1,0,0,1ca90a75da03cd30,0000000000000000,0000000000000000,0,0
3092,3092,0,00002b8,04,2,2,3,8b5799e94dfd5eac,3,3,3,b7b75737711d9072,0,1,0,0,1,0,0,91fc84fe575643bb,0000000000000000,0000000000000000,0,0
3093,3093,0,00002bc,04,2,2,3,4353440785f98342,3,3,3,b7b75737711d9072,0,1,0,0,1,0,0,06021762c0a8d027,0000000000000000,0000000000000000,0,0
3094,3094,0,00002c0,04,2,2,3,ce06ca8c08ac0dc9,3,3,3,b7b75737711d9072,0,1,0,0,1,0,0,8b5799e94dfd5eac,0000000000000000,0000000000000000,0,0
3095,3095,0,00002c4,04,2,2,3,59f859109f529e55,3,3,3,b7b75737711d9072,0,1,0,0,1,0,0,4353440785f98342,0000000000000000,0000000000000000,0,0
3096,3096,0,00002c8,04,2,2,3,d4add79b120710de,3,3,3,b7b75737711d9072,0,1,0,0,1,0,0,ce06ca8c08ac0dc9,0000000000000000,0000000000000000,0,0
3097,3097,0,00002cc,04,2,2,3,76057e29b0afb96c,3,3,3,b7b75737711d9072,0,1,0,0,1,0,0,59f859109f529e55,0000000000000000,0000000000000000,0,0
3098,3098,0,00002d0,04,2,2,3,fb50f0a23dfa37e7,3,3,3,b7b75737711d9072,0,1,0,0,1,0,0,d4add79b120710de,0000000000000000,0000000000000000,0,0
3099,3099,0,00002d4,04,2,2,3,6cae633eaa04a47b,3,3,3,b7b75737711d9072,0,1,0,0,1,0,0,76057e29b0afb96c,0000000000000000,0000000000000000,0,0
3100,3100,0,00002d8,04,2,2,3,e1fbedb527512af0,3,3,3,b7b75737711d9072,0,1,0,0,1,0,0,fb50f0a23dfa37e7,0000000000000000,0000000000000000,0,0
3101,3101,0,00002dc,04,2,2,3,fca7d8e33a0d1fa6,3,3,3,b7b75737711d9072,0,1,0,0,1,0,0,6cae633eaa04a47b,0000000000000000,0000000000000000,0,0
3102,3102,0,00002e0,04,2,2,3,71f25668b758912d,3,3,3,b7b75737711d9072,0,1,0,0,1,0,0,e1fbedb527512af0,0000000000000000,0000000000000000,0,0
3103,3103,0,00002e4,04,2,2,3,e60cc5f420a602b1,3,3,3,b7b75737711d9072,0,1,0,0,1,0,0,fca7d8e33a0d1fa6,0000000000000000,0000000000000000,0,0
3104,3104,0,00002e8,04,2,2,3,6b594b7fadf38c3a,3,3,3,b7b75737711d9072,0,1,0,0,1,0,0,71f25668b758912d,0000000000000000,0000000000000000,0,0
3105,3105,0,00002ec,04,2,2,3,c9f1e2cd0f5b2588,3,3,3,b7b75737711d9072,0,1,0,0,1,0,0,e60cc5f420a602b1,0000000000000000,0000000000000000,0,0
3106,3106,0,00002f0,04,2,2,3,44a46c46820eab03,3,3,3,b7b75737711d9072,0,1,0,0,1,0,0,6b594b7fadf38c3a,0000000000000000,0000000000000000,0,0
3107,3107,0,00002f4,04,2,2,3,d35affda15f0389f,3,3,3,b7b75737711d9072,0,1,0,0,1,0,0,c9f1e2cd0f5b2588,0000000000000000,0000000000000000,0,0
3108,3108,0,00002f8,04,2,2,3,5e0f715198a5b614,3,3,3,b7b75737711d9072,0,1,0,0,1,0,0,44a46c46820eab03,0000000000000000,0000000000000000,0,0
3109,3109,0,00002fc,04,2,2,3,960bacbf50a16bfa,3,3,3,b7b75737711d9072,0,1,0,0,1,0,0,d35affda15f0389f,0000000000000000,0000000000000000,0,0
3110,3110,0,0000300,04,2,2,3,1b5e2234ddf4e571,3,3,3,b7b75737711d9072,0,1,0,0,1,0,0,5e0f715198a5b614,0000000000000000,0000000000000000,0,0
3111,3111,0,0000304,04,2,2,3,8ca0b1a84a0a76ed,3,3,3,b7b75737711d9072,0,1,0,0,1,0,0,960bacbf50a16bfa,0000000000000000,0000000000000000,0,0
3112,3112,0,0000308,04,2,2,3,01f53f23c75ff866,3,3,3,b7b75737711d9072,0,1,0,0,1,0,0,1b5e2234ddf4e571,0000000000000000,0000000000000000,0,0
3113,3113,0,000030c,04,2,2,3,a35d969165f751d4,3,3,3,b7b75737711d9072,0,1,0,0,1,0,0,8ca0b1a84a0a76ed,0000000000000000,0000000000000000,0,0
3114,3114,0,0000310,04,2,2,3,2e08181ae8a2df5f,3,3,3,b7b75737711d9072,0,1,0,0,1,0,0,01f53f23c75ff866,0000000000000000,0000000000000000,0,0
3115,3115,0,0000314,04,2,2,3,b9f68b867f5c4cc3,3,3,3,b7b75737711d9072,0,1,0,0,1,0,0,a35d969165f751d4,0000000000000000,0000000000000000,0,0
3116,3116,0,0000318,04,2,2,3,34a3050df209c248,3,3,3,b7b75737711d9072,0,1,0,0,1,0,0,2e08181ae8a2df5f,0000000000000000,0000000000000000,0,0
3117,3117,0,000031c,04,2,2,3,d62d43c91087848c,3,3,3,b7b75737711d9072,0,1,0,0,1,0,0,b9f68b867f5c4cc3,0000000000000000,0000000000000000,0,0
3118,3118,0,0000320,04,2,2,3,5b78cd429dd20a07,3,3,3,b7b75737711d9072,0,1,0,0,1,0,0,34a3050df209c248,0000000000000000,0000000000000000,0,0
3119,3119,0,0000324,04,2,2,3,cc865ede0a2c999b,3,3,3,b7b75737711d9072,0,1,0,0,1,0,0,d62d43c91087848c,0000000000000000,0000000000000000,0,0
3120,3120,0,0000328,04,2,2,3,41d3d05587791710,3,3,3,b7b75737711d9072,0,1,0,0,1,0,0,5b78cd429dd20a07,0000000000000000,0000000000000000,0,0
3121,3121,0,000032c,04,2,2,3,e37b79e725d1bea2,3,3,3,b7b75737711d9072,0,1,0,0,1,0,0,cc865ede0a2c999b,0000000000000000,0000000000000000,0,0
3122,3122,0,0000330,04,2,2,3,6e2ef76ca8843029,3,3,3,b7b75737711d9072,0,1,0,0,1,0,0,41d3d05587791710,0000000000000000,0000000000000000,0,0
3123,3123,0,0000334,04,2,2,3,f9d064f03f7aa3b5,3,3,3,b7b75737711d9072,0,1,0,0,1,0,0,e37b79e725d1bea2,0000000000000000,0000000000000000,0,0
3124,3124,0,0000338,04,2,2,3,7485ea7bb22f2d3e,3,3,3,b7b75737711d9072,0,1,0,0,1,0,0,6e2ef76ca8843029,0000000000000000,0000000000000000,0,0
3125,3125,0,000033c,04,2,2,3,bc8137957a2bf0d0,3,3,3,b7b75737711d9072,0,1,0,0,1,0,0,f9d064f03f7aa3b5,0000000000000000,0000000000000000,0,0
3126,3126,0,0000340,04,2,2,3,31d4b91ef77e7e5b,3,3,3,b7b75737711d9072,0,1,0,0,1,0,0,7485ea7bb22f2d3e,0000000000000000,0000000000000000,0,0
3127,3127,0,0000344,04,2,2,3,a62a2a826080edc7,3,3,3,b7b75737711d9072,0,1,0,0,1,0,0,bc8137957a2bf0d0,0000000000000000,0000000000000000,0,0
3128,3128,0,0000348,04,2,2,3,2b7fa409edd5634c,3,3,3,b7b75737711d9072,0,1,0,0,1,0,0,31d4b91ef77e7e5b,0000000000000000,0000000000000000,0,0
3129,3129,0,000034c,04,2,2,3,89d70dbb4f7dcafe,3,3,3,b7b75737711d9072,0,1,0,0,1,0,0,a62a2a826080edc7,0000000000000000,0000000000000000,0,0
3130,3130,0,0000350,04,2,2,3,04828330c2284475,3,3,3,b7b75737711d9072,0,1,0,0,1,0,0,2b7fa409edd5634c,0000000000000000,0000000000000000,0,0
3131,3131,0,0000354,04,2,2,3,937c10ac55d6d7e9,3,3,3,b7b75737711d9072,0,1,0,0,1,0,0,89d70dbb4f7dcafe,0000000000000000,0000000000000000,0,0
3132,3132,0,0000358,04,2,2,3,1e299e27d8835962,3,3,3,b7b75737711d9072,0,1,0,0,1,0,0,04828330c2284475,0000000000000000,0000000000000000,0,0
3133,3133,0,000035c,04,2,2,3,0375ab71c5df6c34,3,3,3,b7b75737711d9072,0,1,0,0,1,0,0,937c10ac55d6d7e9,0000000000000000,0000000000000000,0,0
3134,3134,0,0000360,04,2,2,3,8e2025fa488ae2bf,3,3,3,b7b75737711d9072,0,1,0,0,1,0,0,1e299e27d8835962,0000000000000000,0000000000000000,0,0
3135,3135,0,0000364,04,2,2,3,19deb666df747123,3,3,3,b7b75737711d9072,0,1,0,0,1,0,0,0375ab71c5df6c34,0000000000000000,0000000000000000,0,0
3136,3136,0,0000368,04,2,2,3,948b38ed5221ffa8,3,3,3,b7b75737711d9072,0,1,0,0,1,0,0,8e2025fa488ae2bf,0000000000000000,0000000000000000,0,0
3137,3137,0,000036c,04,2,2,3,3623915ff089561a,3,3,3,b7b75737711d9072,0,1,0,0,1,0,0,19deb666df747123,0000000000000000,0000000000000000,0,0
3138,3138,0,0000370,04,2,2,3,bb761fd47ddcd891,3,3,3,b7b75737711d9072,0,1,0,0,1,0,0,948b38ed5221ffa8,0000000000000000,0000000000000000,0,0
3139,3139,0,0000374,04,2,2,3,2c888c48ea224b0d,3,3,3,b7b75737711d9072,0,1,0,0,1,0,0,3623915ff089561a,0000000000000000,0000000000000000,0,0
3140,3140,0,0000378,04,2,2,3,a1dd02c36777c586,3,3,3,b7b75737711d9072,0,1,0,0,1,0,0,bb761fd47ddcd891,0000000000000000,0000000000000000,0,0
3141,3141,0,000037c,04,2,2,3,69d9df2daf731868,3,3,3,b7b75737711d9072,0,1,0,0,1,0,0,2c888c48ea224b0d,0000000000000000,0000000000000000,0,0
3142,3142,0,0000380,04,2,2,3,e48c51a6222696e3,3,3,3,b7b75737711d9072,0,1,0,0,1,0,0,a1dd02c36777c586,0000000000000000,0000000000000000,0,0
3143,3143,0,0000384,04,2,2,3,7372c23ab5d8057f,3,3,3,b7b75737711d9072,0,1,0,0,1,0,0,69d9df2daf731868,0000000000000000,0000000000000000,0,0
3144,3144,0,0000388,04,2,2,3,fe274cb1388d8bf4,3,3,3,b7b75737711d9072,0,1,0,0,1,0,0,e48c51a6222696e3,0000000000000000,0000000000000000,0,0
3145,3145,0,000038c,04,2,2,3,5c8fe5039a252246,3,3,3,b7b75737711d9072,0,1,0,0,1,0,0,7372c23ab5d8057f,0000000000000000,0000000000000000,0,0
3146,3146,0,0000390,04,2,2,3,d1da6b881770accd,3,3,3,b7b75737711d9072,0,1,0,0,1,0,0,fe274cb1388d8bf4,0000000000000000,0000000000000000,0,0
3147,3147,0,0000394,04,2,2,3,4624f814808e3f51,3,3,3,b7b75737711d9072,0,1,0,0,1,0,0,5c8fe5039a252246,0000000000000000,0000000000000000,0,0
3148,3148,0,0000398,04,2,2,3,cb71769f0ddbb1da,3,3,3,b7b75737711d9072,0,1,0,0,1,0,0,d1da6b881770accd,0000000000000000,0000000000000000,0,0
3149,3149,0,000039c,04,2,2,3,7c9c92b8ba3655fd,3,3,3,b7b75737711d9072,0,1,0,0,1,0,0,4624f814808e3f51,0000000000000000,0000000000000000,0,0
3150,3150,0,00003a0,04,2,2,3,f1c91c333763db76,3,3,3,b7b75737711d9072,0,1,0,0,1,0,0,cb71769f0ddbb1da,0000000000000000,0000000000000000,0,0
3151,3151,0,00003a4,04,2,2,3,66378fafa09d48ea,3,3,3,b7b75737711d9072,0,1,0,0,1,0,0,7c9c92b8ba3655fd,0000000000000000,0000000000000000,0,0
3152,3152,0,00003a8,04,2,2,3,eb6201242dc8c661,3,3,3,b7b75737711d9072,0,1,0,0,1,0,0,f1c91c333763db76,0000000000000000,0000000000000000,0,0
3153,3153,0,00003ac,04,2,2,3,49caa8968f606fd3,3,3,3,b7b75737711d9072,0,1,0,0,1,0,0,66378fafa09d48ea,0000000000000000,0000000000000000,0,0
3154,3154,0,00003b0,04,2,2,3,c49f261d0235e158,3,3,3,b7b75737711d9072,0,1,0,0,1,0,0,eb6201242dc8c661,0000000000000000,0000000000000000,0,0
3155,3155,0,00003b4,04,2,2,3,5361b58195cb72c4,3,3,3,b7b75737711d9072,0,1,0,0,1,0,0,49caa8968f606fd3,0000000000000000,0000000000000000,0,0
3156,3156,0,00003b8,04,2,2,3,de343b0a189efc4f,3,3,3,b7b75737711d9072,0,1,0,0,1,0,0,c49f261d0235e158,0000000000000000,0000000000000000,0,0
3157,3157,0,00003bc,04,2,2,3,1630e6e4d09a21a1,3,3,3,b7b75737711d9072,0,1,0,0,1,0,0,5361b58195cb72c4,0000000000000000,0000000000000000,0,0
3158,3158,0,00003c0,04,2,2,3,9b65686f5dcfaf2a,3,3,3,b7b75737711d9072,0,1,0,0,1,0,0,de343b0a189efc4f,0000000000000000,0000000000000000,0,0
3159,3159,0,00003c4,04,2,2,3,0c9bfbf3ca313cb6,3,3,3,b7b75737711d9072,0,1,0,0,1,0,0,1630e6e4d09a21a1,0000000000000000,0000000000000000,0,0
3160,3160,0,00003c8,04,2,2,3,81ce75784764b23d,3,3,3,b7b75737711d9072,0,1,0,0,1,0,0,9b65686f5dcfaf2a,0000000000000000,0000000000000000,0,0
3161,3161,0,00003cc,04,2,2,3,2366dccae5cc1b8f,3,3,3,b7b75737711d9072,0,1,0,0,1,0,0,0c9bfbf3ca313cb6,0000000000000000,0000000000000000,0,0
3162,3162,0,00003d0,04,2,2,3,ae33524168999504,3,3,3,b7b75737711d9072,0,1,0,0,1,0,0,81ce75784764b23d,0000000000000000,0000000000000000,0,0
3163,3163,0,00003d4,04,2,2,3,39cdc1ddff670698,3,3,3,b7b75737711d9072,0,1,0,0,1,0,0,2366dccae5cc1b8f,0000000000000000,0000000000000000,0,0
3164,3164,0,00003d8,04,2,2,3,b4984f5672328813,3,3,3,b7b75737711d9072,0,1,0,0,1,0,0,ae33524168999504,0000000000000000,0000000000000000,0,0
3165,3165,0,00003dc,04,2,2,3,a9c47a006f6ebd45,3,3,3,b7b75737711d9072,0,1,0,0,1,0,0,39cdc1ddff670698,0000000000000000,0000000000000000,0,0
3166,3166,0,00003e0,04,2,2,3,2491f48be23b33ce,3,3,3,b7b75737711d9072,0,1,0,0,1,0,0,b4984f5672328813,0000000000000000,0000000000000000,0,0
3167,3167,0,00003e4,04,2,2,3,b36f671775c5a052,3,3,3,b7b75737711d9072,0,1,0,0,1,0,0,a9c47a006f6ebd45,0000000000000000,0000000000000000,0,0
3168,3168,0,00003e8,04,2,2,3,3e3ae99cf8902ed9,3,3,3,b7b75737711d9072,0,1,0,0,1,0,0,2491f48be23b33ce,0000000000000000,0000000000000000,0,0
3169,3169,0,00003ec,04,2,2,3,9c92402e5a38876b,3,3,3,b7b75737711d9072,0,1,0,0,1,0,0,b36f671775c5a052,0000000000000000,0000000000000000,0,0
3170,3170,0,00003f0,04,2,2,3,11c7cea5d76d09e0,3,3,3,b7b75737711d9072,0,1,0,0,1,0,0,3e3ae99cf8902ed9,0000000000000000,0000000000000000,0,0
3171,3171,0,00003f4,04,2,2,3,86395d3940939a7c,3,3,3,b7b75737711d9072,0,1,0,0,1,0,0,9c92402e5a38876b,0000000000000000,0000000000000000,0,0
3172,3172,0,00003f8,04,2,2,3,0b6cd3b2cdc614f7,3,3,3,b7b75737711d9072,0,1,0,0,1,0,0,11c7cea5d76d09e0,0000000000000000,0000000000000000,0,0
3173,3173,0,00003fc,04,2,2,3,c3680e5c05c2c919,3,3,3,b7b75737711d9072,0,1,0,0,1,0,0,86395d3940939a7c,0000000000000000,0000000000000000,0,0
3174,3174,0,0000000,04,2,2,3,4e3d80d788974792,3,3,3,b7b75737711d9072,0,1,0,0,1,0,0,0b6cd3b2cdc614f7,0000000000000000,0000000000000000,0,0
3175,3175,0,0000004,04,2,2,3,d9c3134b1f69d40e,3,3,3,b7b75737711d9072,0,1,0,0,1,0,0,c3680e5c05c2c919,0000000000000000,0000000000000000,0,0
3176,3176,0,0000008,04,2,2,3,54969dc0923c5a85,3,3,3,b7b75737711d9072,0,1,0,0,1,0,0,4e3d80d788974792,0000000000000000,0000000000000000,0,0
3177,3177,0,000000c,04,2,2,3,f63e34723094f337,3,3,3,b7b75737711d9072,0,1,0,0,1,0,0,d9c3134b1f69d40e,0000000000000000,0000000000000000,0,0
3178,3178,0,0000010,04,2,2,3,7b6bbaf9bdc17dbc,3,3,3,b7b75737711d9072,0,1,0,0,1,0,0,54969dc0923c5a85,0000000000000000,0000000000000000,0,0
3179,3179,0,0000014,04,2,2,3,ec9529652a3fee20,3,3,3,b7b75737711d9072,0,1,0,0,1,0,0,f63e34723094f337,0000000000000000,0000000000000000,0,0
3180,3180,0,0000018,04,2,2,3,61c0a7eea76a60ab,3,3,3,b7b75737711d9072,0,1,0,0,1,0,0,7b6bbaf9bdc17dbc,0000000000000000,0000000000000000,0,0
3181,3181,0,000001c,04,2,2,3,2989a4ecef2363a9,3,3,3,b7b75737711d9072,0,1,0,0,1,0,0,ec9529652a3fee20,0000000000000000,0000000000000000,0,0
3182,3182,0,0000020,04,2,2,3,a4dc2a676276ed22,3,3,3,b7b75737711d9072,0,1,0,0,1,0,0,61c0a7eea76a60ab,0000000000000000,0000000000000000,0,0
3183,3183,0,0000024,04,2,2,3,3322b9fbf5887ebe,3,3,3,b7b75737711d9072,0,1,0,0,1,0,0,2989a4ecef2363a9,0000000000000000,0000000000000000,0,0
3184,3184,0,0000028,04,2,2,3,be77377078ddf035,3,3,3,b7b75737711d9072,0,1,0,0,1,0,0,a4dc2a676276ed22,0000000000000000,0000000000000000,0,0
3185,3185,0,000002c,04,2,2,3,1cdf9ec2da755987,3,3,3,b7b75737711d9072,0,1,0,0,1,0,0,3322b9fbf5887ebe,0000000000000000,0000000000000000,0,0
3186,3186,0,0000030,04,2,2,3,918a10495720d70c,3,3,3,b7b75737711d9072,0,1,0,0,1,0,0,be77377078ddf035,0000000000000000,0000000000000000,0,0
3187,3187,0,0000034,04,2,2,3,067483d5c0de4490,3,3,3,b7b75737711d9072,0,1,0,0,1,0,0,1cdf9ec2da755987,0000000000000000,0000000000000000,0,0
3188,3188,0,0000038,04,2,2,3,8b210d5e4d8bca1b,3,3,3,b7b75737711d9072,0,1,0,0,1,0,0,918a10495720d70c,0000000000000000,0000000000000000,0,0
3189,3189,0,000003c,04,2,2,3,4325d0b0858f17f5,3,3,3,b7b75737711d9072,0,1,0,0,1,0,0,067483d5c0de4490,0000000000000000,0000000000000000,0,0
3190,3190,0,0000040,04,2,2,3,ce705e3b08da997e,3,3,3,b7b75737711d9072,0,1,0,0,1,0,0,8b210d5e4d8bca1b,0000000000000000,0000000000000000,0,0
3191,3191,0,0000044,04,2,2,3,598ecda79f240ae2,3,3,3,b7b75737711d9072,0,1,0,0,1,0,0,4325d0b0858f17f5,0000000000000000,0000000000000000,0,0
3192,3192,0,0000048,04,2,2,3,d4db432c12718469,3,3,3,b7b75737711d9072,0,1,0,0,1,0,0,ce705e3b08da997e,0000000000000000,0000000000000000,0,0
3193,3193,0,000004c,04,2,2,3,7673ea9eb0d92ddb,3,3,3,b7b75737711d9072,0,1,0,0,1,0,0,598ecda79f240ae2,0000000000000000,0000000000000000,0,0
3194,3194,0,0000050,04,2,2,3,fb2664153d8ca350,3,3,3,b7b75737711d9072,0,1,0,0,1,0,0,d4db432c12718469,0000000000000000,0000000000000000,0,0
3195,3195,0,0000054,04,2,2,3,6cd8f789aa7230cc,3,3,3,b7b75737711d9072,0,1,0,0,1,0,0,7673ea9eb0d92ddb,0000000000000000,0000000000000000,0,0
3196,3196,0,0000058,04,2,2,3,e18d79022727be47,3,3,3,b7b75737711d9072,0,1,0,0,1,0,0,fb2664153d8ca350,0000000000000000,0000000000000000,0,0
3197,3197,0,000005c,04,2,2,3,fcd14c543a7b8b11,3,3,3,b7b75737711d9072,0,1,0,0,1,0,0,6cd8f789aa7230cc,0000000000000000,0000000000000000,0,0
3198,3198,0,0000060,04,2,2,3,7184c2dfb72e059a,3,3,3,b7b75737711d9072,0,1,0,0,1,0,0,e18d79022727be47,0000000000000000,0000000000000000,0,0
3199,3199,0,0000064,04,2,2,3,e67a514320d09606,3,3,3,b7b75737711d9072,0,1,0,0,1,0,0,fcd14c543a7b8b11,0000000000000000,0000000000000000,0,0
3200,3200,0,0000068,04,2,2,3,6b2fdfc8ad85188d,3,3,3,b7b75737711d9072,0,1,0,0,1,0,0,7184c2dfb72e059a,0000000000000000,0000000000000000,0,0
3201,3201,0,000006c,04,2,2,3,c987767a0f2db13f,3,3,3,b7b75737711d9072,0,1,0,0,1,0,0,e67a514320d09606,0000000000000000,0000000000000000,0,0
3202,3202,0,0000070,04,2,2,3,44d2f8f182783fb4,3,3,3,b7b75737711d9072,0,1,0,0,1,0,0,6b2fdfc8ad85188d,0000000000000000,0000000000000000,0,0
3203,3203,0,0000074,04,2,2,3,d32c6b6d1586ac28,3,3,3,b7b75737711d9072,0,1,0,0,1,0,0,c987767a0f2db13f,0000000000000000,0000000000000000,0,0
3204,3204,0,0000078,04,2,2,3,5e79e5e698d322a3,3,3,3,b7b75737711d9072,0,1,0,0,1,0,0,44d2f8f182783fb4,0000000000000000,0000000000000000,0,0
3205,3205,0,000007c,04,2,2,3,967d380850d7ff4d,3,3,3,b7b75737711d9072,0,1,0,0,1,0,0,d32c6b6d1586ac28,0000000000000000,0000000000000000,0,0
3206,3206,0,0000080,04,2,2,3,1b28b683dd8271c6,3,3,3,b7b75737711d9072,0,1,0,0,1,0,0,5e79e5e698d322a3,0000000000000000,0000000000000000,0,0
3207,3207,0,0000084,04,2,2,3,8cd6251f4a7ce25a,3,3,3,b7b75737711d9072,0,1,0,0,1,0,0,967d380850d7ff4d,0000000000000000,0000000000000000,0,0
3208,3208,0,0000088,04,2,2,3,0183ab94c7296cd1,3,3,3,b7b75737711d9072,0,1,0,0,1,0,0,1b28b683dd8271c6,0000000000000000,0000000000000000,0,0
3209,3209,0,000008c,04,2,2,3,a32b02266581c563,3,3,3,b7b75737711d9072,0,1,0,0,1,0,0,8cd6251f4a7ce25a,0000000000000000,0000000000000000,0,0
3210,3210,0,0000090,04,2,2,3,2e7e8cade8d44be8,3,3,3,b7b75737711d9072,0,1,0,0,1,0,0,0183ab94c7296cd1,0000000000000000,0000000000000000,0,0
3211,3211,0,0000094,04,2,2,3,b9801f317f2ad874,3,3,3,b7b75737711d9072,0,1,0,0,1,0,0,a32b02266581c563,0000000000000000,0000000000000000,0,0
3212,3212,0,0000098,04,2,2,3,34d591baf27f56ff,3,3,3,b7b75737711d9072,0,1,0,0,1,0,0,2e7e8cade8d44be8,0000000000000000,0000000000000000,0,0
3213,3213,0,000009c,04,2,2,3,8338759d4592b2d8,3,3,3,b7b75737711d9072,0,1,0,0,1,0,0,b9801f317f2ad874,0000000000000000,0000000000000000,0,0
3214,3214,0,00000a0,04,2,2,3,0e6dfb16c8c73c53,3,3,3,b7b75737711d9072,0,1,0,0,1,0,0,34d591baf27f56ff,0000000000000000,0000000000000000,0,0
3215,3215,0,00000a4,04,2,2,3,9993688a5f39afcf,3,3,3,b7b75737711d9072,0,1,0,0,1,0,0,8338759d4592b2d8,0000000000000000,0000000000000000,0,0
3216,3216,0,00000a8,04,2,2,3,14c6e601d26c2144,3,3,3,b7b75737711d9072,0,1,0,0,1,0,0,0e6dfb16c8c73c53,0000000000000000,0000000000000000,0,0
3217,3217,0,00000ac,04,2,2,3,b66e4fb370c488f6,3,3,3,b7b75737711d9072,0,1,0,0,1,0,0,9993688a5f39afcf,0000000000000000,0000000000000000,0,0
3218,3218,0,00000b0,04,2,2,3,3b3bc138fd91067d,3,3,3,b7b75737711d9072,0,1,0,0,1,0,0,14c6e601d26c2144,0000000000000000,0000000000000000,0,0
3219,3219,0,00000b4,04,2,2,3,acc552a46a6f95e1,3,3,3,b7b75737711d9072,0,1,0,0,1,0,0,b66e4fb370c488f6,0000000000000000,0000000000000000,0,0
3220,3220,0,00000b8,04,2,2,3,2190dc2fe73a1b6a,3,3,3,b7b75737711d9072,0,1,0,0,1,0,0,3b3bc138fd91067d,0000000000000000,0000000000000000,0,0
3221,3221,0,00000bc,04,2,2,3,e99401c12f3ec684,3,3,3,b7b75737711d9072,0,1,0,0,1,0,0,acc552a46a6f95e1,0000000000000000,0000000000000000,0,0
3222,3222,0,00000c0,04,2,2,3,64c18f4aa26b480f,3,3,3,b7b75737711d9072,0,1,0,0,1,0,0,2190dc2fe73a1b6a,0000000000000000,0000000000000000,0,0
3223,3223,0,00000c4,04,2,2,3,f33f1cd63595db93,3,3,3,b7b75737711d9072,0,1,0,0,1,0,0,e99401c12f3ec684,0000000000000000,0000000000000000,0,0
3224,3224,0,00000c8,04,2,2,3,7e6a925db8c05518,3,3,3,b7b75737711d9072,0,1,0,0,1,0,0,64c18f4aa26b480f,0000000000000000,0000000000000000,0,0
3225,3225,0,00000cc,04,2,2,3,dcc23bef1a68fcaa,3,3,3,b7b75737711d9072,0,1,0,0,1,0,0,f33f1cd63595db93,0000000000000000,0000000000000000,0,0
3226,3226,0,00000d0,04,2,2,3,5197b564973d7221,3,3,3,b7b75737711d9072,0,1,0,0,1,0,0,7e6a925db8c05518,0000000000000000,0000000000000000,0,0
3227,3227,0,00000d4,04,2,2,3,c66926f800c3e1bd,3,3,3,b7b75737711d9072,0,1,0,0,1,0,0,dcc23bef1a68fcaa,0000000000000000,0000000000000000,0,0
3228,3228,0,00000d8,04,2,2,3,4b3ca8738d966f36,3,3,3,b7b75737711d9072,0,1,0,0,1,0,0,5197b564973d7221,0000000000000000,0000000000000000,0,0
3229,3229,0,00000dc,04,2,2,3,56609d2590ca5a60,3,3,3,b7b75737711d9072,0,1,0,0,1,0,0,c66926f800c3e1bd,0000000000000000,0000000000000000,0,0
3230,3230,0,00000e0,04,2,2,3,db3513ae1d9fd4eb,3,3,3,b7b75737711d9072,0,1,0,0,1,0,0,4b3ca8738d966f36,0000000000000000,0000000000000000,0,0
3231,3231,0,00000e4,04,2,2,3,4ccb80328a614777,3,3,3,b7b75737711d9072,0,1,0,0,1,0,0,56609d2590ca5a60,0000000000000000,0000000000000000,0,0
3232,3232,0,00000e8,04,2,2,3,c19e0eb90734c9fc,3,3,3,b7b75737711d9072,0,1,0,0,1,0,0,db3513ae1d9fd4eb,0000000000000000,0000000000000000,0,0
3233,3233,0,00000ec,04,2,2,3,6336a70ba59c604e,3,3,3,b7b75737711d9072,0,1,0,0,1,0,0,4ccb80328a614777,0000000000000000,0000000000000000,0,0
3234,3234,0,00000f0,04,2,2,3,ee63298028c9eec5,3,3,3,b7b75737711d9072,0,1,0,0,1,0,0,c19e0eb90734c9fc,0000000000000000,0000000000000000,0,0
3235,3235,0,00000f4,04,2,2,3,799dba1cbf377d59,3,3,3,b7b75737711d9072,0,1,0,0,1,0,0,6336a70ba59c604e,0000000000000000,0000000000000000,0,0
3236,3236,0,00000f8,04,2,2,3,f4c834973262f3d2,3,3,3,b7b75737711d9072,0,1,0,0,1,0,0,ee63298028c9eec5,0000000000000000,0000000000000000,0,0
3237,3237,0,00000fc,04,2,2,3,3ccce979fa662e3c,3,3,3,b7b75737711d9072,0,1,0,0,1,0,0,799dba1cbf377d59,0000000000000000,0000000000000000,0,0
3238,3238,0,0000100,04,2,2,3,b19967f27733a0b7,3,3,3,b7b75737711d9072,0,1,0,0,1,0,0,f4c834973262f3d2,0000000000000000,0000000000000000,0,0
3239,3239,0,0000104,04,2,2,3,2667f46ee0cd332b,3,3,3,b7b75737711d9072,0,1,0,0,1,0,0,3ccce979fa662e3c,0000000000000000,0000000000000000,0,0
3240,3240,0,0000108,04,2,2,3,ab327ae56d98bda0,3,3,3,b7b75737711d9072,0,1,0,0,1,0,0,b19967f27733a0b7,0000000000000000,0000000000000000,0,0
3241,3241,0,000010c,04,2,2,3,099ad357cf301412,3,3,3,b7b75737711d9072,0,1,0,0,1,0,0,2667f46ee0cd332b,0000000000000000,0000000000000000,0,0
3242,3242,0,0000110,04,2,2,3,84cf5ddc42659a99,3,3,3,b7b75737711d9072,0,1,0,0,1,0,0,ab327ae56d98bda0,0000000000000000,0000000000000000,0,0
3243,3243,0,0000114,04,2,2,3,1331ce40d59b0905,3,3,3,b7b75737711d9072,0,1,0,0,1,0,0,099ad357cf301412,0000000000000000,0000000000000000,0,0
3244,3244,0,0000118,04,2,2,3,9e6440cb58ce878e,3,3,3,b7b75737711d9072,0,1,0,0,1,0,0,84cf5ddc42659a99,0000000000000000,0000000000000000,0,0
3245,3245,0,000011c,04,2,2,3,7cea060fba40c14a,3,3,3,b7b75737711d9072,0,1,0,0,1,0,0,1331ce40d59b0905,0000000000000000,0000000000000000,0,0
3246,3246,0,0000120,04,2,2,3,f1bf888437154fc1,3,3,3,b7b75737711d9072,0,1,0,0,1,0,0,9e6440cb58ce878e,0000000000000000,0000000000000000,0,0
3247,3247,0,0000124,04,2,2,3,66411b18a0ebdc5d,3,3,3,b7b75737711d9072,0,1,0,0,1,0,0,7cea060fba40c14a,0000000000000000,0000000000000000,0,0
3248,3248,0,0000128,04,2,2,3,eb1495932dbe52d6,3,3,3,b7b75737711d9072,0,1,0,0,1,0,0,f1bf888437154fc1,0000000000000000,0000000000000000,0,0
3249,3249,0,000012c,04,2,2,3,49bc3c218f16fb64,3,3,3,b7b75737711d9072,0,1,0,0,1,0,0,66411b18a0ebdc5d,0000000000000000,0000000000000000,0,0
3250,3250,0,0000130,04,2,2,3,c4e9b2aa024375ef,3,3,3,b7b75737711d9072,0,1,0,0,1,0,0,eb1495932dbe52d6,0000000000000000,0000000000000000,0,0
3251,3251,0,0000134,04,2,2,3,5317213695bde673,3,3,3,b7b75737711d9072,0,1,0,0,1,0,0,49bc3c218f16fb64,0000000000000000,0000000000000000,0,0
3252,3252,0,0000138,04,2,2,3,de42afbd18e868f8,3,3,3,b7b75737711d9072,0,1,0,0,1,0,0,c4e9b2aa024375ef,0000000000000000,0000000000000000,0,0
3253,3253,0,000013c,04,2,2,3,16467253d0ecb516,3,3,3,b7b75737711d9072,0,1,0,0,1,0,0,5317213695bde673,0000000000000000,0000000000000000,0,0
3254,3254,0,0000140,04,2,2,3,9b13fcd85db93b9d,3,3,3,b7b75737711d9072,0,1,0,0,1,0,0,de42afbd18e868f8,0000000000000000,0000000000000000,0,0
3255,3255,0,0000144,04,2,2,3,0ced6f44ca47a801,3,3,3,b7b75737711d9072,0,1,0,0,1,0,0,16467253d0ecb516,0000000000000000,0000000000000000,0,0
3256,3256,0,0000148,04,2,2,3,81b8e1cf4712268a,3,3,3,b7b75737711d9072,0,1,0,0,1,0,0,9b13fcd85db93b9d,0000000000000000,0000000000000000,0,0
3257,3257,0,000014c,04,2,2,3,2310487de5ba8f38,3,3,3,b7b75737711d9072,0,1,0,0,1,0,0,0ced6f44ca47a801,0000000000000000,0000000000000000,0,0
3258,3258,0,0000150,04,2,2,3,ae45c6f668ef01b3,3,3,3,b7b75737711d9072,0,1,0,0,1,0,0,81b8e1cf4712268a,0000000000000000,0000000000000000,0,0
3259,3259,0,0000154,04,2,2,3,39bb556aff11922f,3,3,3,b7b75737711d9072,0,1,0,0,1,0,0,2310487de5ba8f38,0000000000000000,0000000000000000,0,0
3260,3260,0,0000158,04,2,2,3,b4eedbe172441ca4,3,3,3,b7b75737711d9072,0,1,0,0,1,0,0,ae45c6f668ef01b3,0000000000000000,0000000000000000,0,0
3261,3261,0,000015c,04,2,2,3,a9b2eeb76f1829f2,3,3,3,b7b75737711d9072,0,1,0,0,1,0,0,39bb556aff11922f,0000000000000000,0000000000000000,0,0
3262,3262,0,0000160,04,2,2,3,24e7603ce24da779,3,3,3,b7b75737711d9072,0,1,0,0,1,0,0,b4eedbe172441ca4,0000000000000000,0000000000000000,0,0
3263,3263,0,0000164,04,2,2,3,b319f3a075b334e5,3,3,3,b7b75737711d9072,0,1,0,0,1,0,0,a9b2eeb76f1829f2,0000000000000000,0000000000000000,0,0
3264,3264,0,0000168,04,2,2,3,3e4c7d2bf8e6ba6e,3,3,3,b7b75737711d9072,0,1,0,0,1,0,0,24e7603ce24da779,0000000000000000,0000000000000000,0,0
3265,3265,0,000016c,04,2,2,3,9ce4d4995a4e13dc,3,3,3,b7b75737711d9072,0,1,0,0,1,0,0,b319f3a075b334e5,0000000000000000,0000000000000000,0,0
3266,3266,0,0000170,04,2,2,3,11b15a12d71b9d57,3,3,3,b7b75737711d9072,0,1,0,0,1,0,0,3e4c7d2bf8e6ba6e,0000000000000000,0000000000000000,0,0
3267,3267,0,0000174,04,2,2,3,864fc98e40e50ecb,3,3,3,b7b75737711d9072,0,1,0,0,1,0,0,9ce4d4995a4e13dc,0000000000000000,0000000000000000,0,0
3268,3268,0,0000178,04,2,2,3,0b1a4705cdb08040,3,3,3,b7b75737711d9072,0,1,0,0,1,0,0,11b15a12d71b9d57,0000000000000000,0000000000000000,0,0
3269,3269,0,000017c,04,2,2,3,c31e9aeb05b45dae,3,3,3,b7b75737711d9072,0,1,0,0,1,0,0,864fc98e40e50ecb,0000000000000000,0000000000000000,0,0
3270,3270,0,0000180,04,2,2,3,4e4b146088e1d325,3,3,3,b7b75737711d9072,0,1,0,0,1,0,0,0b1a4705cdb08040,0000000000000000,0000000000000000,0,0
3271,3271,0,0000184,04,2,2,3,d9b587fc1f1f40b9,3,3,3,b7b75737711d9072,0,1,0,0,1,0,0,c31e9aeb05b45dae,0000000000000000,0000000000000000,0,0
3272,3272,0,0000188,04,2,2,3,54e00977924ace32,3,3,3,b7b75737711d9072,0,1,0,0,1,0,0,4e4b146088e1d325,0000000000000000,0000000000000000,0,0
3273,3273,0,000018c,04,2,2,3,f648a0c530e26780,3,3,3,b7b75737711d9072,0,1,0,0,1,0,0,d9b587fc1f1f40b9,0000000000000000,0000000000000000,0,0
3274,3274,0,0000190,04,2,2,3,7b1d2e4ebdb7e90b,3,3,3,b7b75737711d9072,0,1,0,0,1,0,0,54e00977924ace32,0000000000000000,0000000000000000,0,0
3275,3275,0,0000194,04,2,2,3,ece3bdd22a497a97,3,3,3,b7b75737711d9072,0,1,0,0,1,0,0,f648a0c530e26780,0000000000000000,0000000000000000,0,0
3276,3276,0,0000198,04,2,2,3,61b63359a71cf41c,3,3,3,b7b75737711d9072,0,1,0,0,1,0,0,7b1d2e4ebdb7e90b,0000000000000000,0000000000000000,0,0
3277,3277,0,000019c,04,2,2,3,d65bd77e10f1103b,3,3,3,b7b75737711d9072,0,1,0,0,1,0,0,ece3bdd22a497a97,0000000000000000,0000000000000000,0,0
3278,3278,0,00001a0,04,2,2,3,5b0e59f59da49eb0,3,3,3,b7b75737711d9072,0,1,0,0,1,0,0,61b63359a71cf41c,0000000000000000,0000000000000000,0,0
3279,3279,0,00001a4,04,2,2,3,ccf0ca690a5a0d2c,3,3,3,b7b75737711d9072,0,1,0,0,1,0,0,d65bd77e10f1103b,0000000000000000,0000000000000000,0,0
3280,3280,0,00001a8,04,2,2,3,41a544e2870f83a7,3,3,3,b7b75737711d9072,0,1,0,0,1,0,0,5b0e59f59da49eb0,0000000000000000,0000000000000000,0,0
3281,3281,0,00001ac,04,2,2,3,e30ded5025a72a15,3,3,3,b7b75737711d9072,0,1,0,0,1,0,0,ccf0ca690a5a0d2c,0000000000000000,0000000000000000,0,0
3282,3282,0,00001b0,04,2,2,3,6e5863dba8f2a49e,3,3,3,b7b75737711d9072,0,1,0,0,1,0,0,41a544e2870f83a7,0000000000000000,0000000000000000,0,0
3283,3283,0,00001b4,04,2,2,3,f9a6f0473f0c3702,3,3,3,b7b75737711d9072,0,1,0,0,1,0,0,e30ded5025a72a15,0000000000000000,0000000000000000,0,0
3284,3284,0,00001b8,04,2,2,3,74f37eccb259b989,3,3,3,b7b75737711d9072,0,1,0,0,1,0,0,6e5863dba8f2a49e,0000000000000000,0000000000000000,0,0
3285,3285,0,00001bc,04,2,2,3,bcf7a3227a5d6467,3,3,3,b7b75737711d9072,0,1,0,0,1,0,0,f9a6f0473f0c3702,0000000000000000,0000000000000000,0,0
3286,3286,0,00001c0,04,2,2,3,31a22da9f708eaec,3,3,3,b7b75737711d9072,0,1,0,0,1,0,0,74f37eccb259b989,0000000000000000,0000000000000000,0,0
3287,3287,0,00001c4,04,2,2,3,a65cbe3560f67970,3,3,3,b7b75737711d9072,0,1,0,0,1,0,0,bcf7a3227a5d6467,0000000000000000,0000000000000000,0,0
3288,3288,0,00001c8,04,2,2,3,2b0930beeda3f7fb,3,3,3,b7b75737711d9072,0,1,0,0,1,0,0,31a22da9f708eaec,0000000000000000,0000000000000000,0,0
3289,3289,0,00001cc,04,2,2,3,89a1990c4f0b5e49,3,3,3,b7b75737711d9072,0,1,0,0,1,0,0,a65cbe3560f67970,0000000000000000,0000000000000000,0,0
3290,3290,0,00001d0,04,2,2,3,04f41787c25ed0c2,3,3,3,b7b75737711d9072,0,1,0,0,1,0,0,2b0930beeda3f7fb,0000000000000000,0000000000000000,0,0
3291,3291,0,00001d4,04,2,2,3,930a841b55a0435e,3,3,3,b7b75737711d9072,0,1,0,0,1,0,0,89a1990c4f0b5e49,0000000000000000,0000000000000000,0,0
3292,3292,0,00001d8,04,2,2,3,1e5f0a90d8f5cdd5,3,3,3,b7b75737711d9072,0,1,0,0,1,0,0,04f41787c25ed0c2,0000000000000000,0000000000000000,0,0
3293,3293,0,00001dc,04,2,2,3,03033fc6c5a9f883,3,3,3,b7b75737711d9072,0,1,0,0,1,0,0,930a841b55a0435e,0000000000000000,0000000000000000,0,0
3294,3294,0,00001e0,04,2,2,3,8e56b14d48fc7608,3,3,3,b7b75737711d9072,0,1,0,0,1,0,0,1e5f0a90d8f5cdd5,0000000000000000,0000000000000000,0,0
3295,3295,0,00001e4,04,2,2,3,19a822d1df02e594,3,3,3,b7b75737711d9072,0,1,0,0,1,0,0,03033fc6c5a9f883,0000000000000000,0000000000000000,0,0
3296,3296,0,00001e8,04,2,2,3,94fdac5a52576b1f,3,3,3,b7b75737711d9072,0,1,0,0,1,0,0,8e56b14d48fc7608,0000000000000000,0000000000000000,0,0
3297,3297,0,00001ec,04,2,2,3,365505e8f0ffc2ad,3,3,3,b7b75737711d9072,0,1,0,0,1,0,0,19a822d1df02e594,0000000000000000,0000000000000000,0,0
3298,3298,0,00001f0,04,2,2,3,bb008b637daa4c26,3,3,3,b7b75737711d9072,0,1,0,0,1,0,0,94fdac5a52576b1f,0000000000000000,0000000000000000,0,0
3299,3299,0,00001f4,04,2,2,3,2cfe18ffea54dfba,3,3,3,b7b75737711d9072,0,1,0,0,1,0,0,365505e8f0ffc2ad,0000000000000000,0000000000000000,0,0
3300,3300,0,00001f8,04,2,2,3,a1ab967467015131,3,3,3,b7b75737711d9072,0,1,0,0,1,0,0,bb008b637daa4c26,0000000000000000,0000000000000000,0,0
3301,3301,0,00001fc,04,2,2,3,69af4b9aaf058cdf,3,3,3,b7b75737711d9072,0,1,0,0,1,0,0,2cfe18ffea54dfba,0000000000000000,0000000000000000,0,0
3302,3302,0,0000200,04,2,2,3,e4fac51122500254,3,3,3,b7b75737711d9072,0,1,0,0,1,0,0,a1ab967467015131,0000000000000000,0000000000000000,0,0
3303,3303,0,0000204,04,2,2,3,7304568db5ae91c8,3,3,3,b7b75737711d9072,0,1,0,0,1,0,0,69af4b9aaf058cdf,0000000000000000,0000000000000000,0,0
3304,3304,0,0000208,04,2,2,3,fe51d80638fb1f43,3,3,3,b7b75737711d9072,0,1,0,0,1,0,0,e4fac51122500254,0000000000000000,0000000000000000,0,0
3305,3305,0,000020c,04,2,2,3,5cf971b49a53b6f1,3,3,3,b7b75737711d9072,0,1,0,0,1,0,0,7304568db5ae91c8,0000000000000000,0000000000000000,0,0
3306,3306,0,0000210,04,2,2,3,d1acff3f1706387a,3,3,3,b7b75737711d9072,0,1,0,0,1,0,0,fe51d80638fb1f43,0000000000000000,0000000000000000,0,0
3307,3307,0,0000214,04,2,2,3,46526ca380f8abe6,3,3,3,b7b75737711d9072,0,1,0,0,1,0,0,5cf971b49a53b6f1,0000000000000000,0000000000000000,0,0
3308,3308,0,0000218,04,2,2,3,cb07e2280dad256d,3,3,3,b7b75737711d9072,0,1,0,0,1,0,0,d1acff3f1706387a,0000000000000000,0000000000000000,0,0
3309,3309,0,000021c,04,2,2,3,834ee12a45e4266f,3,3,3,b7b75737711d9072,0,1,0,0,1,0,0,46526ca380f8abe6,0000000000000000,0000000000000000,0,0
3310,3310,0,0000220,04,2,2,3,0e1b6fa1c8b1a8e4,3,3,3,b7b75737711d9072,0,1,0,0,1,0,0,cb07e2280dad256d,0000000000000000,0000000000000000,0,0
3311,3311,0,0000224,04,2,2,3,99e5fc3d5f4f3b78,3,3,3,b7b75737711d9072,0,1,0,0,1,0,0,834ee12a45e4266f,0000000000000000,0000000000000000,0,0
3312,3312,0,0000228,04,2,2,3,14b072b6d21ab5f3,3,3,3,b7b75737711d9072,0,1,0,0,1,0,0,0e1b6fa1c8b1a8e4,0000000000000000,0000000000000000,0,0
3313,3313,0,000022c,04,2,2,3,b618db0470b21c41,3,3,3,b7b75737711d9072,0,1,0,0,1,0,0,99e5fc3d5f4f3b78,0000000000000000,0000000000000000,0,0
3314,3314,0,0000230,04,2,2,3,3b4d558ffde792ca,3,3,3,b7b75737711d9072,0,1,0,0,1,0,0,14b072b6d21ab5f3,0000000000000000,0000000000000000,0,0
3315,3315,0,0000234,04,2,2,3,acb3c6136a190156,3,3,3,b7b75737711d9072,0,1,0,0,1,0,0,b618db0470b21c41,0000000000000000,0000000000000000,0,0
3316,3316,0,0000238,04,2,2,3,21e64898e74c8fdd,3,3,3,b7b75737711d9072,0,1,0,0,1,0,0,3b4d558ffde792ca,0000000000000000,0000000000000000,0,0
3317,3317,0,000023c,04,2,2,3,e9e295762f485233,3,3,3,b7b75737711d9072,0,1,0,0,1,0,0,acb3c6136a190156,0000000000000000,0000000000000000,0,0
3318,3318,0,0000240,04,2,2,3,64b71bfda21ddcb8,3,3,3,b7b75737711d9072,0,1,0,0,1,0,0,21e64898e74c8fdd,0000000000000000,0000000000000000,0,0
3319,3319,0,0000244,04,2,2,3,f349886135e34f24,3,3,3,b7b75737711d9072,0,1,0,0,1,0,0,e9e295762f485233,0000000000000000,0000000000000000,0,0
3320,3320,0,0000248,04,2,2,3,7e1c06eab8b6c1af,3,3,3,b7b75737711d9072,0,1,0,0,1,0,0,64b71bfda21ddcb8,0000000000000000,0000000000000000,0,0
3321,3321,0,000024c,04,2,2,3,dcb4af581a1e681d,3,3,3,b7b75737711d9072,0,1,0,0,1,0,0,f349886135e34f24,0000000000000000,0000000000000000,0,0
3322,3322,0,0000000,00,3,3,3,51e121d3974be696,3,3,3,b7b75737711d9072,0,1,0,0,1,0,0,7e1c06eab8b6c1af,0000000000000000,0000000000000000,0,0
3323,3323,0,0000000,00,3,3,3,c61fb24f00b5750a,0,3,3,b7b75737711d9072,0,1,0,0,1,0,0,dcb4af581a1e681d,0000000000000000,0000000000000000,0,0
3324,3324,0,0000000,00,3,3,3,4b4a3cc48de0fb81,0,3,3,b7b75737711d9072,0,1,0,0,1,0,0,51e121d3974be696,0000000000000000,0000000000000000,0,0
3325,3325,0,0000000,04,3,2,2,5616099290bcced7,0,3,2,b7b75737711d9072,0,1,0,0,1,0,0,c61fb24f00b5750a,0000000000000000,0000000000000000,0,0
3326,3326,0,0000000,00,3,3,3,db4387191de9405c,0,3,3,b7b75737711d9072,0,1,0,0,1,0,0,4b4a3cc48de0fb81,0000000000000000,0000000000000000,0,0
3327,3327,0,0000000,00,3,3,3,4cbd14858a17d3c0,0,3,3,b7b75737711d9072,0,1,0,0,1,0,0,5616099290bcced7,0000000000000000,0000000000000000,0,0
3328,3328,0,0000000,00,3,3,3,c1e89a0e07425d4b,0,3,3,b7b75737711d9072,0,1,0,0,1,0,0,db4387191de9405c,0000000000000000,0000000000000000,0,0
3329,3329,0,0000000,00,2,2,2,000000000000c1e8,0,3,3,b7b75737711d9072,0,1,0,0,1,0,0,4cbd14858a17d3c0,0000000000000000,0000000000000000,0,0
3330,3330,0,0000000,00,3,3,3,0000000000000000,0,3,3,b7b75737711d9072,0,1,0,0,1,0,0,c1e89a0e07425d4b,0000000000000000,0000000000000000,0,0
3331,3331,0,0000000,00,3,3,3,0000000000000000,0,0,3,b7b75737711d9072,0,1,0,0,1,0,0,000000000000c1e8,0000000000000000,0000000000000000,0,0
3332,3332,0,0000000,00,3,3,3,0000000000000000,0,0,3,b7b75737711d9072,0,1,0,0,1,0,0,0000000000000000,0000000000000000,0000000000000000,0,0
3333,3333,0,0000000,00,3,3,3,0000000000000000,0,0,3,b7b75737711d9072,0,1,0,0,1,0,0,0000000000000000,0000000000000000,0000000000000000,0,0
3334,3334,0,0000000,00,3,3,3,0000000000000000,0,0,3,b7b75737711d9072,0,1,0,0,1,0,0,0000000000000000,0000000000000000,0000000000000000,0,0
3335,3335,0,0000000,00,3,3,3,0000000000000000,0,0,3,b7b75737711d9072,0,1,0,0,1,0,0,0000000000000000,0000000000000000,0000000000000000,0,0
3336,3336,0,0000000,00,3,3,3,0000000000000000,0,0,3,b7b75737711d9072,0,1,0,0,1,0,0,0000000000000000,0000000000000000,0000000000000000,0,0
3337,3337,0,0000000,00,3,3,3,0000000000000000,0,0,3,b7b75737711d9072,0,1,0,0,1,0,0,0000000000000000,0000000000000000,0000000000000000,0,0
3338,3338,0,0000000,00,3,3,3,0000000000000000,0,0,3,b7b75737711d9072,0,1,0,0,1,0,0,0000000000000000,0000000000000000,0000000000000000,0,0
3339,3339,0,0000000,00,3,3,3,0000000000000000,0,0,3,b7b75737711d9072,0,1,0,0,1,0,0,0000000000000000,0000000000000000,0000000000000000,0,0
3340,3340,0,0000000,00,3,3,3,0000000000000000,0,0,3,1d068646dbac4103,0,1,0,0,1,0,0,0000000000000000,0000000000000000,0000000000000000,0,0
3341,3341,0,0000000,00,3,3,3,0000000000000000,0,0,3,1d068646dbac4103,0,1,0,0,1,0,0,0000000000000000,0000000000000000,0000000000000000,0,0
3342,3342,0,0000000,00,3,3,3,0000000000000000,0,0,3,1d068646dbac4103,0,1,0,0,1,0,0,0000000000000000,0000000000000000,0000000000000000,0,0
3343,3343,0,0000000,00,3,3,3,0000000000000000,0,0,3,1d068646dbac4103,0,1,0,0,1,0,0,0000000000000000,0000000000000000,0000000000000000,0,0
3344,3344,0,0000000,00,3,2,2,0000000000000000,0,0,3,1d068646dbac4103,0,1,0,0,1,0,0,0000000000000000,0000000000000000,0000000000000000,0,0
3345,3345,0,0000000,00,3,3,3,0000000000000000,0,0,3,1d068646dbac4103,0,1,0,0,1,0,0,0000000000000000,0000000000000000,0000000000000000,0,0
3346,3346,0,0000000,00,3,3,3,0000000000000000,0,0,3,1d068646dbac4103,0,1,0,0,1,0,0,0000000000000000,0000000000000000,0000000000000000,0,0
3347,3347,0,0000000,00,3,3,3,0000000000000000,0,0,3,1d068646dbac4103,0,1,0,0,1,0,0,0000000000000000,0000000000000000,0000000000000000,0,0
3348,3348,0,0000000,00,3,3,3,0000000000000000,0,0,3,1d068646dbac4103,0,1,0,0,1,0,0,0000000000000000,0000000000000000,0000000000000000,0,0
3349,3349,0,00000bc,00,2,2,3,0000000000000000,0,0,2,1d068646dbac4103,3,1,0,0,1,0,0,0000000000000000,0000000000000000,0000000000000000,0,0
3350,3350,0,00000c0,00,2,2,3,0000000000000000,0,0,2,005ab310c6f07455,3,1,1,0,1,1,0,0000000000000000,0000000000000000,0000000000000000,0,0
3351,3351,0,00000c4,00,2,2,3,0000000000000000,0,0,2,8d0f3d9b4ba5fade,3,1,1,1,1,1,1,0000000000000000,0000000000000000,0000000000000000,0,0
3352,3352,0,00000c8,00,2,2,3,0000000000000000,0,0,2,1af1ae07dc5b6942,3,1,1,1,1,1,1,0000000000000000,0000000000000000,0000000000000000,0,0
3353,3353,0,00000cc,00,2,2,3,0000000000000000,0,0,2,97a4208c510ee7c9,3,1,1,1,1,1,1,0000000000000000,0000000000000000,0000000000000000,0,0
3354,3354,0,00000d0,00,2,2,3,0000000000000000,0,0,2,350c893ef3a64e7b,3,1,1,1,1,1,1,0000000000000000,0000000000000000,0000000000000000,0,0
3355,3355,0,00000d4,00,2,2,3,8646dbac41031d06,0,0,2,b85907b57ef3c0f0,3,1,1,1,1,1,1,0000000000000000,0000000000000000,0000000000000000,0,0
3356,3356,0,00000d8,00,2,2,3,b310c6f074551d06,0,0,2,2fa79429e90d536c,3,1,1,1,1,1,1,0000000000000000,0000000000000000,0000000000000000,0,0
3357,3357,0,00000dc,00,2,2,3,3d9b4ba5fade005a,0,0,2,a2f21aa26458dde7,3,1,1,1,1,1,1,8646dbac41031d06,0000000000000000,0000000000000000,0,0
3358,3358,0,00000e0,00,2,2,3,ae07dc5b69428d0f,0,0,2,6af6c74cac5c0009,3,1,1,1,1,1,1,b310c6f074551d06,0000000000000000,0000000000000000,0,0
3359,3359,0,00000e4,00,2,2,3,208c510ee7c91af1,0,0,2,e7a349c721098e82,3,1,1,1,1,1,1,3d9b4ba5fade005a,0000000000000000,0000000000000000,0,0
3360,3360,0,00000e8,00,2,2,3,893ef3a64e7b97a4,0,0,2,705dda5bb6f71d1e,3,1,1,1,1,1,1,ae07dc5b69428d0f,0000000000000000,0000000000000000,0,0
3361,3361,0,00000ec,00,2,2,3,07b57ef3c0f0350c,0,0,2,fd0854d03ba29395,3,1,1,1,1,1,1,208c510ee7c91af1,0000000000000000,0000000000000000,0,0
3362,3362,0,00000f0,00,2,2,3,9429e90d536cb859,0,0,2,5fa0fd62990a3a27,3,1,1,1,1,1,1,893ef3a64e7b97a4,0000000000000000,0000000000000000,0,0
3363,3363,0,00000f4,00,2,2,3,1aa26458dde72fa7,0,0,2,d2f573e9145fb4ac,3,1,1,1,1,1,1,07b57ef3c0f0350c,0000000000000000,0000000000000000,0,0
3364,3364,0,00000f8,00,2,2,3,c74cac5c0009a2f2,0,0,2,450be07583a12730,3,1,1,1,1,1,1,9429e90d536cb859,0000000000000000,0000000000000000,0,0
3365,3365,0,00000fc,00,2,2,3,49c721098e826af6,0,0,2,c85e6efe0ef4a9bb,3,1,1,1,1,1,1,1aa26458dde72fa7,0000000000000000,0000000000000000,0,0
3366,3366,0,0000100,00,2,2,3,da5bb6f71d1ee7a3,0,0,2,2ad0283aec7aef7f,3,1,1,1,1,1,1,c74cac5c0009a2f2,0000000000000000,0000000000000000,0,0
3367,3367,0,0000104,00,2,2,3,54d03ba29395705d,0,0,2,a785a6b1612f61f4,3,1,1,1,1,1,1,49c721098e826af6,0000000000000000,0000000000000000,0,0
3368,3368,0,0000108,00,2,2,3,fd62990a3a27fd08,0,0,2,307b352df6d1f268,3,1,1,1,1,1,1,da5bb6f71d1ee7a3,0000000000000000,0000000000000000,0,0
3369,3369,0,000010c,00,2,2,3,73e9145fb4ac5fa0,0,0,2,bd2ebba67b847ce3,3,1,1,1,1,1,1,54d03ba29395705d,0000000000000000,0000000000000000,0,0
3370,3370,0,0000110,00,2,2,3,e07583a12730d2f5,0,0,2,1f861214d92cd551,3,1,1,1,1,1,1,fd62990a3a27fd08,0000000000000000,0000000000000000,0,0
3371,3371,0,0000114,00,2,2,3,6efe0ef4a9bb450b,0,0,2,92d39c9f54795bda,3,1,1,1,1,1,1,73e9145fb4ac5fa0,0000000000000000,0000000000000000,0,0
3372,3372,0,0000118,00,2,2,3,283aec7aef7fc85e,0,0,2,052d0f03c387c846,3,1,1,1,1,1,1,e07583a12730d2f5,0000000000000000,0000000000000000,0,0
3373,3373,0,000011c,00,2,2,3,a6b1612f61f42ad0,0,0,2,887881884ed246cd,3,1,1,1,1,1,1,6efe0ef4a9bb450b,0000000000000000,0000000000000000,0,0
3374,3374,0,0000120,00,2,2,3,352df6d1f268a785,0,0,2,407c5c6686d69b23,3,1,1,1,1,1,1,283aec7aef7fc85e,0000000000000000,0000000000000000,0,0
3375,3375,0,0000124,00,2,2,3,bba67b847ce3307b,0,0,2,cd29d2ed0b8315a8,3,1,1,1,1,1,1,a6b1612f61f42ad0,0000000000000000,0000000000000000,0,0
3376,3376,0,0000128,00,2,2,3,1214d92cd551bd2e,0,0,2,5ad741719c7d8634,3,1,1,1,1,1,1,352df6d1f268a785,0000000000000000,0000000000000000,0,0
3377,3377,0,000012c,00,2,2,3,9c9f54795bda1f86,0,0,2,d782cffa112808bf,3,1,1,1,1,1,1,bba67b847ce3307b,0000000000000000,0000000000000000,0,0
3378,3378,0,0000130,00,2,2,3,0f03c387c84692d3,0,0,2,752a6648b380a10d,3,1,1,1,1,1,1,1214d92cd551bd2e,0000000000000000,0000000000000000,0,0
3379,3379,0,0000134,00,2,2,3,81884ed246cd052d,0,0,2,f87fe8c33ed52f86,3,1,1,1,1,1,1,9c9f54795bda1f86,0000000000000000,0000000000000000,0,0
3380,3380,0,0000138,00,2,2,3,5c6686d69b238878,0,0,2,6f817b5fa92bbc1a,3,1,1,1,1,1,1,0f03c387c84692d3,0000000000000000,0000000000000000,0,0
3381,3381,0,000013c,00,2,2,3,d2ed0b8315a8407c,0,0,2,e2d4f5d4247e3291,3,1,1,1,1,1,1,81884ed246cd052d,0000000000000000,0000000000000000,0,0
3382,3382,0,0000140,00,2,2,3,41719c7d8634cd29,0,0,2,ff88c082392207c7,3,1,1,1,1,1,1,5c6686d69b238878,0000000000000000,0000000000000000,0,0
3383,3383,0,0000144,00,2,2,3,cffa112808bf5ad7,0,0,2,72dd4e09b477894c,3,1,1,1,1,1,1,d2ed0b8315a8407c,0000000000000000,0000000000000000,0,0
3384,3384,0,0000148,00,2,2,3,6648b380a10dd782,0,0,2,e523dd9523891ad0,3,1,1,1,1,1,1,41719c7d8634cd29,0000000000000000,0000000000000000,0,0
3385,3385,0,000014c,00,2,2,3,e8c33ed52f86752a,0,0,2,6876531eaedc945b,3,1,1,1,1,1,1,cffa112808bf5ad7,0000000000000000,0000000000000000,0,0
3386,3386,0,0000150,00,2,2,3,7b5fa92bbc1af87f,0,0,2,cadefaac0c743de9,3,1,1,1,1,1,1,6648b380a10dd782,0000000000000000,0000000000000000,0,0
3387,3387,0,0000154,00,2,2,3,f5d4247e32916f81,0,0,2,478b74278121b362,3,1,1,1,1,1,1,e8c33ed52f86752a,0000000000000000,0000000000000000,0,0
3388,3388,0,0000158,00,2,2,3,c082392207c7e2d4,0,0,2,d075e7bb16df20fe,3,1,1,1,1,1,1,7b5fa92bbc1af87f,0000000000000000,0000000000000000,0,0
3389,3389,0,000015c,00,2,2,3,4e09b477894cff88,0,0,2,5d2069309b8aae75,3,1,1,1,1,1,1,f5d4247e32916f81,0000000000000000,0000000000000000,0,0
3390,3390,0,0000160,00,2,2,3,dd9523891ad072dd,0,0,2,9524b4de538e739b,3,1,1,1,1,1,1,c082392207c7e2d4,0000000000000000,0000000000000000,0,0
3391,3391,0,0000164,00,2,2,3,531eaedc945be523,0,0,2,18713a55dedbfd10,3,1,1,1,1,1,1,4e09b477894cff88,0000000000000000,0000000000000000,0,0
3392,3392,0,0000168,00,2,2,3,faac0c743de96876,0,0,2,8f8fa9c949256e8c,3,1,1,1,1,1,1,dd9523891ad072dd,0000000000000000,0000000000000000,0,0
3393,3393,0,000016c,00,2,2,3,74278121b362cade,0,0,2,02da2742c470e007,3,1,1,1,1,1,1,531eaedc945be523,0000000000000000,0000000000000000,0,0
3394,3394,0,0000170,00,2,2,3,e7bb16df20fe478b,0,0,2,a0728ef066d849b5,3,1,1,1,1,1,1,faac0c743de96876,0000000000000000,0000000000000000,0,0
3395,3395,0,0000174,00,2,2,3,69309b8aae75d075,0,0,2,2d27007beb8dc73e,3,1,1,1,1,1,1,74278121b362cade,0000000000000000,0000000000000000,0,0
3396,3396,0,0000178,00,2,2,3,b4de538e739b5d20,0,0,2,bad993e77c7354a2,3,1,1,1,1,1,1,e7bb16df20fe478b,0000000000000000,0000000000000000,0,0
3397,3397,0,000017c,00,2,2,3,3a55dedbfd109524,0,0,2,378c1d6cf126da29,3,1,1,1,1,1,1,69309b8aae75d075,0000000000000000,0000000000000000,0,0
3398,3398,0,0000180,00,2,2,3,a9c949256e8c1871,0,0,2,8061f94b46cb3e0e,3,1,1,1,1,1,1,b4de538e739b5d20,0000000000000000,0000000000000000,0,0
3399,3399,0,0000184,00,2,2,3,2742c470e0078f8f,0,0,2,0d3477c0cb9eb085,3,1,1,1,1,1,1,3a55dedbfd109524,0000000000000000,0000000000000000,0,0
3400,3400,0,0000188,00,2,2,3,8ef066d849b502da,0,0,2,9acae45c5c602319,3,1,1,1,1,1,1,a9c949256e8c1871,0000000000000000,0000000000000000,0,0
3401,3401,0,000018c,00,2,2,3,007beb8dc73ea072,0,0,2,179f6ad7d135ad92,3,1,1,1,1,1,1,2742c470e0078f8f,0000000000000000,0000000000000000,0,0
3402,3402,0,0000190,00,2,2,3,93e77c7354a22d27,0,0,2,b537c365739d0420,3,1,1,1,1,1,1,8ef066d849b502da,0000000000000000,0000000000000000,0,0
3403,3403,0,0000194,00,2,2,3,1d6cf126da29bad9,0,0,2,38624deefec88aab,3,1,1,1,1,1,1,007beb8dc73ea072,0000000000000000,0000000000000000,0,0
3404,3404,0,0000198,00,2,2,3,f94b46cb3e0e378c,0,0,2,af9cde7269361937,3,1,1,1,1,1,1,93e77c7354a22d27,0000000000000000,0000000000000000,0,0
3405,3405,0,000019c,00,2,2,3,77c0cb9eb0858061,0,0,2,22c950f9e46397bc,3,1,1,1,1,1,1,1d6cf126da29bad9,0000000000000000,0000000000000000,0,0
3406,3406,0,00001a0,00,2,2,3,e45c5c6023190d34,0,0,2,eacd8d172c674a52,3,1,1,1,1,1,1,f94b46cb3e0e378c,0000000000000000,0000000000000000,0,0
3407,3407,0,00001a4,00,2,2,3,6ad7d135ad929aca,0,0,2,6798039ca132c4d9,3,1,1,1,1,1,1,77c0cb9eb0858061,0000000000000000,0000000000000000,0,0
3408,3408,0,00001a8,00,2,2,3,c365739d0420179f,0,0,2,f066900036cc5745,3,1,1,1,1,1,1,e45c5c6023190d34,0000000000000000,0000000000000000,0,0
3409,3409,0,00001ac,00,2,2,3,4deefec88aabb537,0,0,2,7d331e8bbb99d9ce,3,1,1,1,1,1,1,6ad7d135ad929aca,0000000000000000,0000000000000000,0,0
3410,3410,0,00001b0,00,2,2,3,de72693619373862,0,0,2,df9bb7391931707c,3,1,1,1,1,1,1,c365739d0420179f,0000000000000000,0000000000000000,0,0
3411,3411,0,00001b4,00,2,2,3,50f9e46397bcaf9c,0,0,2,52ce39b29464fef7,3,1,1,1,1,1,1,4deefec88aabb537,0000000000000000,0000000000000000,0,0
3412,3412,0,00001b8,00,2,2,3,8d172c674a5222c9,0,0,2,c530aa2e039a6d6b,3,1,1,1,1,1,1,de72693619373862,0000000000000000,0000000000000000,0,0
3413,3413,0,00001bc,00,2,2,3,039ca132c4d9eacd,0,0,2,486524a58ecfe3e0,3,1,1,1,1,1,1,50f9e46397bcaf9c,0000000000000000,0000000000000000,0,0
3414,3414,0,00001c0,00,2,2,3,900036cc57456798,0,0,2,553911f39393d6b6,3,1,1,1,1,1,1,8d172c674a5222c9,0000000000000000,0000000000000000,0,0
3415,3415,0,00001c4,00,2,2,3,1e8bbb99d9cef066,0,0,2,d86c9f781ec6583d,3,1,1,1,1,1,1,039ca132c4d9eacd,0000000000000000,0000000000000000,0,0
3416,3416,0,00001c8,00,2,2,3,b7391931707c7d33,0,0,2,4f920ce48938cba1,3,1,1,1,1,1,1,900036cc57456798,0000000000000000,0000000000000000,0,0
3417,3417,0,00001cc,00,2,2,3,39b29464fef7df9b,0,0,2,c2c7826f046d452a,3,1,1,1,1,1,1,1e8bbb99d9cef066,0000000000000000,0000000000000000,0,0
3418,3418,0,00001d0,00,2,2,3,aa2e039a6d6b52ce,0,0,2,606f2bdda6c5ec98,3,1,1,1,1,1,1,b7391931707c7d33,0000000000000000,0000000000000000,0,0
3419,3419,0,00001d4,00,2,2,3,24a58ecfe3e0c530,0,0,2,ed3aa5562b906213,3,1,1,1,1,1,1,39b29464fef7df9b,0000000000000000,0000000000000000,0,0
3420,3420,0,00001d8,00,2,2,3,11f39393d6b64865,0,0,2,7ac436cabc6ef18f,3,1,1,1,1,1,1,aa2e039a6d6b52ce,0000000000000000,0000000000000000,0,0
3421,3421,0,00001dc,00,2,2,3,9f781ec6583d5539,0,0,2,f791b841313b7f04,3,1,1,1,1,1,1,24a58ecfe3e0c530,0000000000000000,0000000000000000,0,0
3422,3422,0,00001e0,00,2,2,3,0ce48938cba1d86c,0,0,2,3f9565aff93fa2ea,3,1,1,1,1,1,1,11f39393d6b64865,0000000000000000,0000000000000000,0,0
3423,3423,0,00001e4,00,2,2,3,826f046d452a4f92,0,0,2,b2c0eb24746a2c61,3,1,1,1,1,1,1,9f781ec6583d5539,0000000000000000,0000000000000000,0,0
3424,3424,0,00001e8,00,2,2,3,2bdda6c5ec98c2c7,0,0,2,253e78b8e394bffd,3,1,1,1,1,1,1,0ce48938cba1d86c,0000000000000000,0000000000000000,0,0
3425,3425,0,00001ec,00,2,2,3,a5562b906213606f,0,0,2,a86bf6336ec13176,3,1,1,1,1,1,1,826f046d452a4f92,0000000000000000,0000000000000000,0,0
3426,3426,0,00001f0,00,2,2,3,36cabc6ef18fed3a,0,0,2,0ac35f81cc6998c4,3,1,1,1,1,1,1,2bdda6c5ec98c2c7,0000000000000000,0000000000000000,0,0
3427,3427,0,00001f4,00,2,2,3,b841313b7f047ac4,0,0,2,8796d10a413c164f,3,1,1,1,1,1,1,a5562b906213606f,0000000000000000,0000000000000000,0,0
3428,3428,0,00001f8,00,2,2,3,65aff93fa2eaf791,0,0,2,10684296d6c285d3,3,1,1,1,1,1,1,36cabc6ef18fed3a,0000000000000000,0000000000000000,0,0
3429,3429,0,00001fc,00,2,2,3,eb24746a2c613f95,0,0,2,9d3dcc1d5b970b58,3,1,1,1,1,1,1,b841313b7f047ac4,0000000000000000,0000000000000000,0,0
3430,3430,0,0000200,00,2,2,3,78b8e394bffdb2c0,0,0,2,d574cf1f13de085a,3,1,1,1,1,1,1,65aff93fa2eaf791,0000000000000000,0000000000000000,0,0
3431,3431,0,0000204,00,2,2,3,f6336ec13176253e,0,0,2,582141949e8b86d1,3,1,1,1,1,1,1,eb24746a2c613f95,0000000000000000,0000000000000000,0,0
3432,3432,0,0000208,00,2,2,3,5f81cc6998c4a86b,0,0,2,cfdfd2080975154d,3,1,1,1,1,1,1,78b8e394bffdb2c0,0000000000000000,0000000000000000,0,0
3433,3433,0,000020c,00,2,2,3,d10a413c164f0ac3,0,0,2,428a5c8384209bc6,3,1,1,1,1,1,1,f6336ec13176253e,0000000000000000,0000000000000000,0,0
3434,3434,0,0000210,00,2,2,3,4296d6c285d38796,0,0,2,e022f53126883274,3,1,1,1,1,1,1,5f81cc6998c4a86b,0000000000000000,0000000000000000,0,0
3435,3435,0,0000214,00,2,2,3,cc1d5b970b581068,0,0,2,6d777bbaabddbcff,3,1,1,1,1,1,1,d10a413c164f0ac3,0000000000000000,0000000000000000,0,0
3436,3436,0,0000218,00,2,2,3,cf1f13de085a9d3d,0,0,2,fa89e8263c232f63,3,1,1,1,1,1,1,4296d6c285d38796,0000000000000000,0000000000000000,0,0
3437,3437,0,000021c,00,2,2,3,41949e8b86d1d574,0,0,2,77dc66adb176a1e8,3,1,1,1,1,1,1,cc1d5b970b581068,0000000000000000,0000000000000000,0,0
3438,3438,0,0000220,00,2,2,3,d2080975154d5821,0,0,2,bfd8bb4379727c06,3,1,1,1,1,1,1,cf1f13de085a9d3d,0000000000000000,0000000000000000,0,0
3439,3439,0,0000224,00,2,2,3,5c8384209bc6cfdf,0,0,2,328d35c8f427f28d,3,1,1,1,1,1,1,41949e8b86d1d574,0000000000000000,0000000000000000,0,0
3440,3440,0,0000228,00,2,2,3,f53126883274428a,0,0,2,a573a65463d96111,3,1,1,1,1,1,1,d2080975154d5821,0000000000000000,0000000000000000,0,0
3441,3441,0,000022c,00,2,2,3,7bbaabddbcffe022,0,0,2,282628dfee8cef9a,3,1,1,1,1,1,1,5c8384209bc6cfdf,0000000000000000,0000000000000000,0,0
3442,3442,0,0000230,00,2,2,3,e8263c232f636d77,0,0,2,8a8e816d4c244628,3,1,1,1,1,1,1,f53126883274428a,0000000000000000,0000000000000000,0,0
3443,3443,0,0000234,00,2,2,3,66adb176a1e8fa89,0,0,2,07db0fe6c171c8a3,3,1,1,1,1,1,1,7bbaabddbcffe022,0000000000000000,0000000000000000,0,0
3444,3444,0,0000238,00,2,2,3,bb4379727c0677dc,0,0,2,90259c7a568f5b3f,3,1,1,1,1,1,1,e8263c232f636d77,0000000000000000,0000000000000000,0,0
3445,3445,0,000023c,00,2,2,3,35c8f427f28dbfd8,0,0,2,1d7012f1dbdad5b4,3,1,1,1,1,1,1,66adb176a1e8fa89,0000000000000000,0000000000000000,0,0
3446,3446,0,0000240,00,2,2,3,a65463d96111328d,0,0,2,002c27a7c686e0e2,3,1,1,1,1,1,1,bb4379727c0677dc,0000000000000000,0000000000000000,0,0
3447,3447,0,0000244,00,2,2,3,28dfee8cef9aa573,0,0,2,8d79a92c4bd36e69,3,1,1,1,1,1,1,35c8f427f28dbfd8,0000000000000000,0000000000000000,0,0
3448,3448,0,0000248,00,2,2,3,816d4c2446282826,0,0,2,1a873ab0dc2dfdf5,3,1,1,1,1,1,1,a65463d96111328d,0000000000000000,0000000000000000,0,0
3449,3449,0,000024c,00,2,2,3,0fe6c171c8a38a8e,0,0,2,97d2b43b5178737e,3,1,1,1,1,1,1,28dfee8cef9aa573,0000000000000000,0000000000000000,0,0
3450,3450,0,0000250,00,2,2,3,9c7a568f5b3f07db,0,0,2,357a1d89f3d0dacc,3,1,1,1,1,1,1,816d4c2446282826,0000000000000000,0000000000000000,0,0
3451,3451,0,0000254,00,2,2,3,12f1dbdad5b49025,0,0,2,b82f93027e855447,3,1,1,1,1,1,1,0fe6c171c8a38a8e,0000000000000000,0000000000000000,0,0
3452,3452,0,0000258,00,2,2,3,27a7c686e0e21d70,0,0,2,2fd1009ee97bc7db,3,1,1,1,1,1,1,9c7a568f5b3f07db,0000000000000000,0000000000000000,0,0
3453,3453,0,000025c,00,2,2,3,a92c4bd36e69002c,0,0,2,a2848e15642e4950,3,1,1,1,1,1,1,12f1dbdad5b49025,0000000000000000,0000000000000000,0,0
3454,3454,0,0000260,00,2,2,3,3ab0dc2dfdf58d79,0,0,2,6a8053fbac2a94be,3,1,1,1,1,1,1,27a7c686e0e21d70,0000000000000000,0000000000000000,0,0
3455,3455,0,0000264,00,2,2,3,b43b5178737e1a87,0,0,2,e7d5dd70217f1a35,3,1,1,1,1,1,1,a92c4bd36e69002c,0000000000000000,0000000000000000,0,0
3456,3456,0,0000268,00,2,2,3,1d89f3d0dacc97d2,0,0,2,702b4eecb68189a9,3,1,1,1,1,1,1,3ab0dc2dfdf58d79,0000000000000000,0000000000000000,0,0
3457,3457,0,000026c,00,2,2,3,93027e855447357a,0,0,2,fd7ec0673bd40722,3,1,1,1,1,1,1,b43b5178737e1a87,0000000000000000,0000000000000000,0,0
3458,3458,0,0000270,00,2,2,3,009ee97bc7dbb82f,0,0,2,5fd669d5997cae90,3,1,1,1,1,1,1,1d89f3d0dacc97d2,0000000000000000,0000000000000000,0,0
3459,3459,0,0000274,00,2,2,3,8e15642e49502fd1,0,0,2,d283e75e1429201b,3,1,1,1,1,1,1,93027e855447357a,0000000000000000,0000000000000000,0,0
3460,3460,0,0000278,00,2,2,3,53fbac2a94bea284,0,0,2,457d74c283d7b387,3,1,1,1,1,1,1,009ee97bc7dbb82f,0000000000000000,0000000000000000,0,0
3461,3461,0,000027c,00,2,2,3,dd70217f1a356a80,0,0,2,c828fa490e823d0c,3,1,1,1,1,1,1,8e15642e49502fd1,0000000000000000,0000000000000000,0,0
3462,3462,0,0000280,00,2,2,3,4eecb68189a9e7d5,0,0,2,7fc51e6eb96fd92b,3,1,1,1,1,1,1,53fbac2a94bea284,0000000000000000,0000000000000000,0,0
3463,3463,0,0000284,00,2,2,3,c0673bd40722702b,0,0,2,f29090e5343a57a0,3,1,1,1,1,1,1,dd70217f1a356a80,0000000000000000,0000000000000000,0,0
3464,3464,0,0000288,00,2,2,3,69d5997cae90fd7e,0,0,2,656e0379a3c4c43c,3,1,1,1,1,1,1,4eecb68189a9e7d5,0000000000000000,0000000000000000,0,0
3465,3465,0,000028c,00,2,2,3,e75e1429201b5fd6,0,0,2,e83b8df22e914ab7,3,1,1,1,1,1,1,c0673bd40722702b,0000000000000000,0000000000000000,0,0
3466,3466,0,0000290,00,2,2,3,74c283d7b387d283,0,0,2,4a9324408c39e305,3,1,1,1,1,1,1,69d5997cae90fd7e,0000000000000000,0000000000000000,0,0
3467,3467,0,0000294,00,2,2,3,fa490e823d0c457d,0,0,2,c7c6aacb016c6d8e,3,1,1,1,1,1,1,e75e1429201b5fd6,0000000000000000,0000000000000000,0,0
3468,3468,0,0000298,00,2,2,3,1e6eb96fd92bc828,0,0,2,503839579692fe12,3,1,1,1,1,1,1,74c283d7b387d283,0000000000000000,0000000000000000,0,0
3469,3469,0,000029c,00,2,2,3,90e5343a57a07fc5,0,0,2,dd6db7dc1bc77099,3,1,1,1,1,1,1,fa490e823d0c457d,0000000000000000,0000000000000000,0,0
3470,3470,0,00002a0,00,2,2,3,0379a3c4c43cf290,0,0,2,15696a32d3c3ad77,3,1,1,1,1,1,1,1e6eb96fd92bc828,0000000000000000,0000000000000000,0,0
3471,3471,0,00002a4,00,2,2,3,8df22e914ab7656e,0,0,2,983ce4b95e9623fc,3,1,1,1,1,1,1,90e5343a57a07fc5,0000000000000000,0000000000000000,0,0
3472,3472,0,00002a8,00,2,2,3,24408c39e305e83b,0,0,2,0fc27725c968b060,3,1,1,1,1,1,1,0379a3c4c43cf290,0000000000000000,0000000000000000,0,0
3473,3473,0,00002ac,00,2,2,3,aacb016c6d8e4a93,0,0,2,8297f9ae443d3eeb,3,1,1,1,1,1,1,8df22e914ab7656e,0000000000000000,0000000000000000,0,0
3474,3474,0,00002b0,00,2,2,3,39579692fe12c7c6,0,0,2,203f501ce6959759,3,1,1,1,1,1,1,24408c39e305e83b,0000000000000000,0000000000000000,0,0
3475,3475,0,00002b4,00,2,2,3,b7dc1bc770995038,0,0,2,ad6ade976bc019d2,3,1,1,1,1,1,1,aacb016c6d8e4a93,0000000000000000,0000000000000000,0,0
3476,3476,0,00002b8,00,2,2,3,6a32d3c3ad77dd6d,0,0,2,3a944d0bfc3e8a4e,3,1,1,1,1,1,1,39579692fe12c7c6,0000000000000000,0000000000000000,0,0
3477,3477,0,00002bc,00,2,2,3,e4b95e9623fc1569,0,0,2,b7c1c380716b04c5,3,1,1,1,1,1,1,b7dc1bc770995038,0000000000000000,0000000000000000,0,0
3478,3478,0,00002c0,00,2,2,3,7725c968b060983c,0,0,2,aa9df6d66c373193,3,1,1,1,1,1,1,6a32d3c3ad77dd6d,0000000000000000,0000000000000000,0,0
3479,3479,0,00002c4,00,2,2,3,f9ae443d3eeb0fc2,0,0,2,27c8785de162bf18,3,1,1,1,1,1,1,e4b95e9623fc1569,0000000000000000,0000000000000000,0,0
3480,3480,0,00002c8,00,2,2,3,501ce69597598297,0,0,2,b036ebc1769c2c84,3,1,1,1,1,1,1,7725c968b060983c,0000000000000000,0000000000000000,0,0
3481,3481,0,00002cc,00,2,2,3,de976bc019d2203f,0,0,2,3d63654afbc9a20f,3,1,1,1,1,1,1,f9ae443d3eeb0fc2,0000000000000000,0000000000000000,0,0
3482,3482,0,00002d0,00,2,2,3,4d0bfc3e8a4ead6a,0,0,2,9fcbccf859610bbd,3,1,1,1,1,1,1,501ce69597598297,0000000000000000,0000000000000000,0,0
3483,3483,0,00002d4,00,2,2,3,c380716b04c53a94,0,0,2,129e4273d4348536,3,1,1,1,1,1,1,de976bc019d2203f,0000000000000000,0000000000000000,0,0
3484,3484,0,00002d8,00,2,2,3,f6d66c373193b7c1,0,0,2,8560d1ef43ca16aa,3,1,1,1,1,1,1,4d0bfc3e8a4ead6a,0000000000000000,0000000000000000,0,0
3485,3485,0,00002dc,00,2,2,3,785de162bf18aa9d,0,0,2,08355f64ce9f9821,3,1,1,1,1,1,1,c380716b04c53a94,0000000000000000,0000000000000000,0,0
3486,3486,0,00002e0,00,2,2,3,ebc1769c2c8427c8,0,0,2,c031828a069b45cf,3,1,1,1,1,1,1,f6d66c373193b7c1,0000000000000000,0000000000000000,0,0
3487,3487,0,00002e4,00,2,2,3,654afbc9a20fb036,0,0,2,4d640c018bcecb44,3,1,1,1,1,1,1,785de162bf18aa9d,0000000000000000,0000000000000000,0,0
3488,3488,0,00002e8,00,2,2,3,ccf859610bbd3d63,0,0,2,da9a9f9d1c3058d8,3,1,1,1,1,1,1,ebc1769c2c8427c8,0000000000000000,0000000000000000,0,0
3489,3489,0,00002ec,00,2,2,3,4273d43485369fcb,0,0,2,57cf11169165d653,3,1,1,1,1,1,1,654afbc9a20fb036,0000000000000000,0000000000000000,0,0
3490,3490,0,00002f0,00,2,2,3,d1ef43ca16aa129e,0,0,2,f567b8a433cd7fe1,3,1,1,1,1,1,1,ccf859610bbd3d63,0000000000000000,0000000000000000,0,0
3491,3491,0,00002f4,00,2,2,3,5f64ce9f98218560,0,0,2,7832362fbe98f16a,3,1,1,1,1,1,1,4273d43485369fcb,0000000000000000,0000000000000000,0,0
3492,3492,0,00002f8,00,2,2,3,828a069b45cf0835,0,0,2,efcca5b3296662f6,3,1,1,1,1,1,1,d1ef43ca16aa129e,0000000000000000,0000000000000000,0,0
3493,3493,0,00002fc,00,2,2,3,0c018bcecb44c031,0,0,2,62992b38a433ec7d,3,1,1,1,1,1,1,5f64ce9f98218560,0000000000000000,0000000000000000,0,0
3494,3494,0,0000300,00,2,2,3,9f9d1c3058d84d64,0,0,2,80176dfc46bdaab9,3,1,1,1,1,1,1,828a069b45cf0835,0000000000000000,0000000000000000,0,0
3495,3495,0,0000304,00,2,2,3,11169165d653da9a,0,0,2,0d42e377cbe82432,3,1,1,1,1,1,1,0c018bcecb44c031,0000000000000000,0000000000000000,0,0
3496,3496,0,0000308,00,2,2,3,b8a433cd7fe157cf,0,0,2,9abc70eb5c16b7ae,3,1,1,1,1,1,1,9f9d1c3058d84d64,0000000000000000,0000000000000000,0,0
3497,3497,0,000030c,00,2,2,3,362fbe98f16af567,0,0,2,17e9fe60d1433925,3,1,1,1,1,1,1,11169165d653da9a,0000000000000000,0000000000000000,0,0
3498,3498,0,0000310,00,2,2,3,a5b3296662f67832,0,0,2,b54157d273eb9097,3,1,1,1,1,1,1,b8a433cd7fe157cf,0000000000000000,0000000000000000,0,0
3499,3499,0,0000314,00,2,2,3,2b38a433ec7defcc,0,0,2,3814d959febe1e1c,3,1,1,1,1,1,1,362fbe98f16af567,0000000000000000,0000000000000000,0,0
3500,3500,0,0000318,00,2,2,3,6dfc46bdaab96299,0,0,2,afea4ac569408d80,3,1,1,1,1,1,1,a5b3296662f67832,0000000000000000,0000000000000000,0,0
3501,3501,0,000031c,00,2,2,3,e377cbe824328017,0,0,2,22bfc44ee415030b,3,1,1,1,1,1,1,2b38a433ec7defcc,0000000000000000,0000000000000000,0,0
3502,3502,0,0000320,00,2,2,3,70eb5c16b7ae0d42,0,0,2,eabb19a02c11dee5,3,1,1,1,1,1,1,6dfc46bdaab96299,0000000000000000,0000000000000000,0,0
3503,3503,0,0000324,00,2,2,3,fe60d14339259abc,0,0,2,67ee972ba144506e,3,1,1,1,1,1,1,e377cbe824328017,0000000000000000,0000000000000000,0,0
3504,3504,0,0000328,00,2,2,3,57d273eb909717e9,0,0,2,f01004b736bac3f2,3,1,1,1,1,1,1,70eb5c16b7ae0d42,0000000000000000,0000000000000000,0,0
3505,3505,0,000032c,00,2,2,3,d959febe1e1cb541,0,0,2,7d458a3cbbef4d79,3,1,1,1,1,1,1,fe60d14339259abc,0000000000000000,0000000000000000,0,0
3506,3506,0,0000330,00,2,2,3,4ac569408d803814,0,0,2,dfed238e1947e4cb,3,1,1,1,1,1,1,57d273eb909717e9,0000000000000000,0000000000000000,0,0
3507,3507,0,0000334,00,2,2,3,c44ee415030bafea,0,0,2,52b8ad0594126a40,3,1,1,1,1,1,1,d959febe1e1cb541,0000000000000000,0000000000000000,0,0
3508,3508,0,0000338,00,2,2,3,19a02c11dee522bf,0,0,2,c5463e9903ecf9dc,3,1,1,1,1,1,1,4ac569408d803814,0000000000000000,0000000000000000,0,0
3509,3509,0,000033c,00,2,2,3,972ba144506eeabb,0,0,2,4813b0128eb97757,3,1,1,1,1,1,1,c44ee415030bafea,0000000000000000,0000000000000000,0,0
3510,3510,0,0000340,00,2,2,3,04b736bac3f267ee,0,0,2,554f854493e54201,3,1,1,1,1,1,1,19a02c11dee522bf,0000000000000000,0000000000000000,0,0
3511,3511,0,0000344,00,2,2,3,8a3cbbef4d79f010,0,0,2,d81a0bcf1eb0cc8a,3,1,1,1,1,1,1,972ba144506eeabb,0000000000000000,0000000000000000,0,0
3512,3512,0,0000348,00,2,2,3,238e1947e4cb7d45,0,0,2,4fe49853894e5f16,3,1,1,1,1,1,1,04b736bac3f267ee,0000000000000000,0000000000000000,0,0
3513,3513,0,000034c,00,2,2,3,ad0594126a40dfed,0,0,2,c2b116d8041bd19d,3,1,1,1,1,1,1,8a3cbbef4d79f010,0000000000000000,0000000000000000,0,0
3514,3514,0,0000350,00,2,2,3,3e9903ecf9dc52b8,0,0,2,6019bf6aa6b3782f,3,1,1,1,1,1,1,238e1947e4cb7d45,0000000000000000,0000000000000000,0,0
3515,3515,0,0000354,00,2,2,3,b0128eb97757c546,0,0,2,ed4c31e12be6f6a4,3,1,1,1,1,1,1,ad0594126a40dfed,0000000000000000,0000000000000000,0,0
3516,3516,0,0000358,00,2,2,3,854493e542014813,0,0,2,7ab2a27dbc186538,3,1,1,1,1,1,1,3e9903ecf9dc52b8,0000000000000000,0000000000000000,0,0
3517,3517,0,000035c,00,2,2,3,0bcf1eb0cc8a554f,0,0,2,f7e72cf6314debb3,3,1,1,1,1,1,1,b0128eb97757c546,0000000000000000,0000000000000000,0,0
3518,3518,0,0000360,00,2,2,3,9853894e5f16d81a,0,0,2,3fe3f118f949365d,3,1,1,1,1,1,1,854493e542014813,0000000000000000,0000000000000000,0,0
3519,3519,0,0000364,00,2,2,3,16d8041bd19d4fe4,0,0,2,b2b67f93741cb8d6,3,1,1,1,1,1,1,0bcf1eb0cc8a554f,0000000000000000,0000000000000000,0,0
3520,3520,0,0000368,00,2,2,3,bf6aa6b3782fc2b1,0,0,2,2548ec0fe3e22b4a,3,1,1,1,1,1,1,9853894e5f16d81a,0000000000000000,0000000000000000,0,0
3521,3521,0,000036c,00,2,2,3,31e12be6f6a46019,0,0,2,a81d62846eb7a5c1,3,1,1,1,1,1,1,16d8041bd19d4fe4,0000000000000000,0000000000000000,0,0
3522,3522,0,0000370,00,2,2,3,a27dbc186538ed4c,0,0,2,0ab5cb36cc1f0c73,3,1,1,1,1,1,1,bf6aa6b3782fc2b1,0000000000000000,0000000000000000,0,0
3523,3523,0,0000374,00,2,2,3,2cf6314debb37ab2,0,0,2,87e045bd414a82f8,3,1,1,1,1,1,1,31e12be6f6a46019,0000000000000000,0000000000000000,0,0
3524,3524,0,0000378,00,2,2,3,f118f949365df7e7,0,0,2,101ed621d6b41164,3,1,1,1,1,1,1,a27dbc186538ed4c,0000000000000000,0000000000000000,0,0
3525,3525,0,000037c,00,2,2,3,7f93741cb8d63fe3,0,0,2,9d4b58aa5be19fef,3,1,1,1,1,1,1,2cf6314debb37ab2,0000000000000000,0000000000000000,0,0
3526,3526,0,0000380,00,2,2,3,ec0fe3e22b4ab2b6,0,0,2,2aa6bc8dec0c7bc8,3,1,1,1,1,1,1,f118f949365df7e7,0000000000000000,0000000000000000,0,0
3527,3527,0,0000384,00,2,2,3,62846eb7a5c12548,0,0,2,a7f332066159f543,3,1,1,1,1,1,1,7f93741cb8d63fe3,0000000000000000,0000000000000000,0,0
3528,3528,0,0000388,00,2,2,3,cb36cc1f0c73a81d,0,0,2,300da19af6a766df,3,1,1,1,1,1,1,ec0fe3e22b4ab2b6,0000000000000000,0000000000000000,0,0
3529,3529,0,000038c,00,2,2,3,45bd414a82f80ab5,0,0,2,bd582f117bf2e854,3,1,1,1,1,1,1,62846eb7a5c12548,0000000000000000,0000000000000000,0,0
3530,3530,0,0000390,00,2,2,3,d621d6b4116487e0,0,0,2,1ff086a3d95a41e6,3,1,1,1,1,1,1,cb36cc1f0c73a81d,0000000000000000,0000000000000000,0,0
3531,3531,0,0000394,00,2,2,3,58aa5be19fef101e,0,0,2,92a50828540fcf6d,3,1,1,1,1,1,1,45bd414a82f80ab5,0000000000000000,0000000000000000,0,0
3532,3532,0,0000398,00,2,2,3,bc8dec0c7bc89d4b,0,0,2,055b9bb4c3f15cf1,3,1,1,1,1,1,1,d621d6b4116487e0,0000000000000000,0000000000000000,0,0
3533,3533,0,000039c,00,2,2,3,32066159f5432aa6,0,0,2,880e153f4ea4d27a,3,1,1,1,1,1,1,58aa5be19fef101e,0000000000000000,0000000000000000,0,0
3534,3534,0,00003a0,00,2,2,3,a19af6a766dfa7f3,0,0,2,400ac8d186a00f94,3,1,1,1,1,1,1,bc8dec0c7bc89d4b,0000000000000000,0000000000000000,0,0
3535,3535,0,00003a4,00,2,2,3,2f117bf2e854300d,0,0,2,cd5f465a0bf5811f,3,1,1,1,1,1,1,32066159f5432aa6,0000000000000000,0000000000000000,0,0
3536,3536,0,00003a8,00,2,2,3,86a3d95a41e6bd58,0,0,2,5aa1d5c69c0b1283,3,1,1,1,1,1,1,a19af6a766dfa7f3,0000000000000000,0000000000000000,0,0
3537,3537,0,00003ac,00,2,2,3,0828540fcf6d1ff0,0,0,2,d7f45b4d115e9c08,3,1,1,1,1,1,1,2f117bf2e854300d,0000000000000000,0000000000000000,0,0
3538,3538,0,00003b0,00,2,2,3,9bb4c3f15cf192a5,0,0,2,755cf2ffb3f635ba,3,1,1,1,1,1,1,86a3d95a41e6bd58,0000000000000000,0000000000000000,0,0
3539,3539,0,00003b4,00,2,2,3,153f4ea4d27a055b,0,0,2,f8097c743ea3bb31,3,1,1,1,1,1,1,0828540fcf6d1ff0,0000000000000000,0000000000000000,0,0
3540,3540,0,00003b8,00,2,2,3,c8d186a00f94880e,0,0,2,6ff7efe8a95d28ad,3,1,1,1,1,1,1,9bb4c3f15cf192a5,0000000000000000,0000000000000000,0,0
3541,3541,0,00003bc,00,2,2,3,465a0bf5811f400a,0,0,2,e2a261632408a626,3,1,1,1,1,1,1,153f4ea4d27a055b,0000000000000000,0000000000000000,0,0
3542,3542,0,00003c0,00,2,2,3,d5c69c0b1283cd5f,0,0,2,fffe543539549370,3,1,1,1,1,1,1,c8d186a00f94880e,0000000000000000,0000000000000000,0,0
3543,3543,0,00003c4,00,2,2,3,5b4d115e9c085aa1,0,0,2,72abdabeb4011dfb,3,1,1,1,1,1,1,465a0bf5811f400a,0000000000000000,0000000000000000,0,0
3544,3544,0,00003c8,00,2,2,3,f2ffb3f635bad7f4,0,0,2,e555492223ff8e67,3,1,1,1,1,1,1,d5c69c0b1283cd5f,0000000000000000,0000000000000000,0,0
3545,3545,0,00003cc,00,2,2,3,7c743ea3bb31755c,0,0,2,6800c7a9aeaa00ec,3,1,1,1,1,1,1,5b4d115e9c085aa1,0000000000000000,0000000000000000,0,0
3546,3546,0,00003d0,00,2,2,3,efe8a95d28adf809,0,0,2,caa86e1b0c02a95e,3,1,1,1,1,1,1,f2ffb3f635bad7f4,0000000000000000,0000000000000000,0,0
3547,3547,0,00003d4,00,2,2,3,61632408a6266ff7,0,0,2,47fde090815727d5,3,1,1,1,1,1,1,7c743ea3bb31755c,0000000000000000,0000000000000000,0,0
3548,3548,0,00003d8,00,2,2,3,543539549370e2a2,0,0,2,d003730c16a9b449,3,1,1,1,1,1,1,efe8a95d28adf809,0000000000000000,0000000000000000,0,0
3549,3549,0,00003dc,00,2,2,3,dabeb4011dfbfffe,0,0,2,5d56fd879bfc3ac2,3,1,1,1,1,1,1,61632408a6266ff7,0000000000000000,0000000000000000,0,0
3550,3550,0,00003e0,00,2,2,3,492223ff8e6772ab,0,0,2,9552206953f8e72c,3,1,1,1,1,1,1,543539549370e2a2,0000000000000000,0000000000000000,0,0
3551,3551,0,00003e4,00,2,2,3,c7a9aeaa00ece555,0,0,2,1807aee2dead69a7,3,1,1,1,1,1,1,dabeb4011dfbfffe,0000000000000000,0000000000000000,0,0
3552,3552,0,00003e8,00,2,2,3,6e1b0c02a95e6800,0,0,2,8ff93d7e4953fa3b,3,1,1,1,1,1,1,492223ff8e6772ab,0000000000000000,0000000000000000,0,0
3553,3553,0,00003ec,00,2,2,3,e090815727d5caa8,0,0,2,02acb3f5c40674b0,3,1,1,1,1,1,1,c7a9aeaa00ece555,0000000000000000,0000000000000000,0,0
3554,3554,0,00003f0,00,2,2,3,730c16a9b44947fd,0,0,2,a0041a4766aedd02,3,1,1,1,1,1,1,6e1b0c02a95e6800,0000000000000000,0000000000000000,0,0
3555,3555,0,00003f4,00,2,2,3,fd879bfc3ac2d003,0,0,2,2d5194ccebfb5389,3,1,1,1,1,1,1,e090815727d5caa8,0000000000000000,0000000000000000,0,0
3556,3556,0,00003f8,00,2,2,3,206953f8e72c5d56,0,0,2,baaf07507c05c015,3,1,1,1,1,1,1,730c16a9b44947fd,0000000000000000,0000000000000000,0,0
3557,3557,0,00003fc,00,2,2,3,aee2dead69a79552,0,0,2,37fa89dbf1504e9e,3,1,1,1,1,1,1,fd879bfc3ac2d003,0000000000000000,0000000000000000,0,0
3558,3558,0,0000000,00,2,2,3,3d7e4953fa3b1807,0,0,2,7fb38ad9b9194d9c,3,1,1,1,1,1,1,206953f8e72c5d56,0000000000000000,0000000000000000,0,0
3559,3559,0,0000004,00,2,2,3,b3f5c40674b08ff9,0,0,2,f2e60452344cc317,3,1,1,1,1,1,1,aee2dead69a79552,0000000000000000,0000000000000000,0,0
3560,3560,0,0000008,00,2,2,3,1a4766aedd0202ac,0,0,2,651897cea3b2508b,3,1,1,1,1,1,1,3d7e4953fa3b1807,0000000000000000,0000000000000000,0,0
3561,3561,0,000000c,00,2,2,3,94ccebfb5389a004,0,0,2,e84d19452ee7de00,3,1,1,1,1,1,1,b3f5c40674b08ff9,0000000000000000,0000000000000000,0,0
3562,3562,0,0000010,00,2,2,3,07507c05c0152d51,0,0,2,4ae5b0f78c4f77b2,3,1,1,1,1,1,1,1a4766aedd0202ac,0000000000000000,0000000000000000,0,0
3563,3563,0,0000014,00,2,2,3,89dbf1504e9ebaaf,0,0,2,c7b03e7c011af939,3,1,1,1,1,1,1,94ccebfb5389a004,0000000000000000,0000000000000000,0,0
3564,3564,0,0000018,00,2,2,3,8ad9b9194d9c37fa,0,0,2,504eade096e46aa5,3,1,1,1,1,1,1,07507c05c0152d51,0000000000000000,0000000000000000,0,0
3565,3565,0,000001c,00,2,2,3,0452344cc3177fb3,0,0,2,dd1b236b1bb1e42e,3,1,1,1,1,1,1,89dbf1504e9ebaaf,0000000000000000,0000000000000000,0,0
3566,3566,0,0000020,00,2,2,3,97cea3b2508bf2e6,0,0,2,151ffe85d3b539c0,3,1,1,1,1,1,1,8ad9b9194d9c37fa,0000000000000000,0000000000000000,0,0
3567,3567,0,0000024,00,2,2,3,19452ee7de006518,0,0,2,984a700e5ee0b74b,3,1,1,1,1,1,1,0452344cc3177fb3,0000000000000000,0000000000000000,0,0
3568,3568,0,0000028,00,2,2,3,b0f78c4f77b2e84d,0,0,2,0fb4e392c91e24d7,3,1,1,1,1,1,1,97cea3b2508bf2e6,0000000000000000,0000000000000000,0,0
3569,3569,0,000002c,00,2,2,3,3e7c011af9394ae5,0,0,2,82e16d19444baa5c,3,1,1,1,1,1,1,19452ee7de006518,0000000000000000,0000000000000000,0,0
3570,3570,0,0000030,00,2,2,3,ade096e46aa5c7b0,0,0,2,2049c4abe6e303ee,3,1,1,1,1,1,1,b0f78c4f77b2e84d,0000000000000000,0000000000000000,0,0
3571,3571,0,0000034,00,2,2,3,236b1bb1e42e504e,0,0,2,ad1c4a206bb68d65,3,1,1,1,1,1,1,3e7c011af9394ae5,0000000000000000,0000000000000000,0,0
3572,3572,0,0000038,00,2,2,3,fe85d3b539c0dd1b,0,0,2,3ae2d9bcfc481ef9,3,1,1,1,1,1,1,ade096e46aa5c7b0,0000000000000000,0000000000000000,0,0
3573,3573,0,000003c,00,2,2,3,700e5ee0b74b151f,0,0,2,b7b75737711d9072,3,1,1,1,1,1,1,236b1bb1e42e504e,0000000000000000,0000000000000000,0,0
3574,3574,0,0000040,00,2,2,3,e392c91e24d7984a,0,0,2,aaeb62616c41a524,3,1,1,1,1,1,1,fe85d3b539c0dd1b,0000000000000000,0000000000000000,0,0
3575,3575,0,0000044,00,2,2,3,6d19444baa5c0fb4,0,0,2,27beeceae1142baf,3,1,1,1,1,1,1,700e5ee0b74b151f,0000000000000000,0000000000000000,0,0
3576,3576,0,0000048,00,2,2,3,c4abe6e303ee82e1,0,0,2,b0407f7676eab833,3,1,1,1,1,1,1,e392c91e24d7984a,0000000000000000,0000000000000000,0,0
3577,3577,0,000004c,00,2,2,3,4a206bb68d652049,0,0,2,3d15f1fdfbbf36b8,3,1,1,1,1,1,1,6d19444baa5c0fb4,0000000000000000,0000000000000000,0,0
3578,3578,0,0000050,00,2,2,3,d9bcfc481ef9ad1c,0,0,2,9fbd584f59179f0a,3,1,1,1,1,1,1,c4abe6e303ee82e1,0000000000000000,0000000000000000,0,0
3579,3579,0,0000054,00,2,2,3,5737711d90723ae2,0,0,2,12e8d6c4d4421181,3,1,1,1,1,1,1,4a206bb68d652049,0000000000000000,0000000000000000,0,0
3580,3580,0,0000058,00,2,2,3,62616c41a524b7b7,0,0,2,8516455843bc821d,3,1,1,1,1,1,1,d9bcfc481ef9ad1c,0000000000000000,0000000000000000,0,0
3581,3581,0,000005c,00,2,2,3,eceae1142bafaaeb,0,0,2,0843cbd3cee90c96,3,1,1,1,1,1,1,5737711d90723ae2,0000000000000000,0000000000000000,0,0
3582,3582,0,0000060,00,2,2,3,7f7676eab83327be,0,0,2,c047163d06edd178,3,1,1,1,1,1,1,62616c41a524b7b7,0000000000000000,0000000000000000,0,0
3583,3583,0,0000064,00,2,2,3,f1fdfbbf36b8b040,0,0,2,4d1298b68bb85ff3,3,1,1,1,1,1,1,eceae1142bafaaeb,0000000000000000,0000000000000000,0,0
3584,3584,0,0000068,00,2,2,3,584f59179f0a3d15,0,0,2,daec0b2a1c46cc6f,3,1,1,1,1,1,1,7f7676eab83327be,0000000000000000,0000000000000000,0,0
3585,3585,0,000006c,00,2,2,3,d6c4d44211819fbd,0,0,2,57b985a1911342e4,3,1,1,1,1,1,1,f1fdfbbf36b8b040,0000000000000000,0000000000000000,0,0
3586,3586,0,0000070,00,2,2,3,455843bc821d12e8,0,0,2,f5112c1333bbeb56,3,1,1,1,1,1,1,584f59179f0a3d15,0000000000000000,0000000000000000,0,0
3587,3587,0,0000074,00,2,2,3,cbd3cee90c968516,0,0,2,7844a298beee65dd,3,1,1,1,1,1,1,d6c4d44211819fbd,0000000000000000,0000000000000000,0,0
3588,3588,0,0000078,00,2,2,3,163d06edd1780843,0,0,2,efba31042910f641,3,1,1,1,1,1,1,455843bc821d12e8,0000000000000000,0000000000000000,0,0
3589,3589,0,000007c,00,2,2,3,98b68bb85ff3c047,0,0,2,62efbf8fa44578ca,3,1,1,1,1,1,1,cbd3cee90c968516,0000000000000000,0000000000000000,0,0
3590,3590,0,0000080,00,2,2,3,0b2a1c46cc6f4d12,0,0,2,d5025ba813a89ced,3,1,1,1,1,1,1,163d06edd1780843,0000000000000000,0000000000000000,0,0
3591,3591,0,0000084,00,2,2,3,85a1911342e4daec,0,0,2,5857d5239efd1266,3,1,1,1,1,1,1,98b68bb85ff3c047,0000000000000000,0000000000000000,0,0
3592,3592,0,0000088,00,2,2,3,2c1333bbeb5657b9,0,0,2,cfa946bf090381fa,3,1,1,1,1,1,1,0b2a1c46cc6f4d12,0000000000000000,0000000000000000,0,0
3593,3593,0,000008c,00,2,2,3,a298beee65ddf511,0,0,2,42fcc83484560f71,3,1,1,1,1,1,1,85a1911342e4daec,0000000000000000,0000000000000000,0,0
3594,3594,0,0000090,00,2,2,3,31042910f6417844,0,0,2,e054618626fea6c3,3,1,1,1,1,1,1,2c1333bbeb5657b9,0000000000000000,0000000000000000,0,0
3595,3595,0,0000094,00,2,2,3,bf8fa44578caefba,0,0,2,6d01ef0dabab2848,3,1,1,1,1,1,1,a298beee65ddf511,0000000000000000,0000000000000000,0,0
3596,3596,0,0000098,00,2,2,3,5ba813a89ced62ef,0,0,2,faff7c913c55bbd4,3,1,1,1,1,1,1,31042910f6417844,0000000000000000,0000000000000000,0,0
3597,3597,0,000009c,00,2,2,3,d5239efd1266d502,0,0,2,77aaf21ab100355f,3,1,1,1,1,1,1,bf8fa44578caefba,0000000000000000,0000000000000000,0,0
3598,3598,0,00000a0,00,2,2,3,46bf090381fa5857,0,0,2,bfae2ff47904e8b1,3,1,1,1,1,1,1,5ba813a89ced62ef,0000000000000000,0000000000000000,0,0
3599,3599,0,00000a4,00,2,2,3,c83484560f71cfa9,0,0,2,32fba17ff451663a,3,1,1,1,1,1,1,d5239efd1266d502,0000000000000000,0000000000000000,0,0
3600,3600,0,00000a8,00,2,2,3,618626fea6c342fc,0,0,2,a50532e363aff5a6,3,1,1,1,1,1,1,46bf090381fa5857,0000000000000000,0000000000000000,0,0
3601,3601,0,00000ac,00,2,2,3,ef0dabab2848e054,0,0,2,2850bc68eefa7b2d,3,1,1,1,1,1,1,c83484560f71cfa9,0000000000000000,0000000000000000,0,0
3602,3602,0,00000b0,00,2,2,3,7c913c55bbd46d01,0,0,2,8af815da4c52d29f,3,1,1,1,1,1,1,618626fea6c342fc,0000000000000000,0000000000000000,0,0
3603,3603,0,00000b4,00,2,2,3,f21ab100355ffaff,0,0,2,07ad9b51c1075c14,3,1,1,1,1,1,1,ef0dabab2848e054,0000000000000000,0000000000000000,0,0
3604,3604,0,00000b8,00,2,2,3,2ff47904e8b177aa,0,0,2,905308cd56f9cf88,3,1,1,1,1,1,1,7c913c55bbd46d01,0000000000000000,0000000000000000,0,0
3605,3605,0,00000bc,00,2,2,3,a17ff451663abfae,0,0,2,1d068646dbac4103,3,1,1,1,1,1,1,f21ab100355ffaff,0000000000000000,0000000000000000,0,0
3606,3606,0,00000c0,00,2,2,3,32e363aff5a632fb,0,0,2,005ab310c6f07455,3,1,1,1,1,1,1,2ff47904e8b177aa,0000000000000000,0000000000000000,0,0
3607,3607,0,00000c4,00,2,2,3,bc68eefa7b2da505,0,0,2,8d0f3d9b4ba5fade,3,1,1,1,1,1,1,a17ff451663abfae,0000000000000000,0000000000000000,0,0
3608,3608,0,00000c8,00,2,2,3,15da4c52d29f2850,0,0,2,1af1ae07dc5b6942,3,1,1,1,1,1,1,32e363aff5a632fb,0000000000000000,0000000000000000,0,0
3609,3609,0,00000cc,00,2,2,3,9b51c1075c148af8,0,0,2,97a4208c510ee7c9,3,1,1,1,1,1,1,bc68eefa7b2da505,0000000000000000,0000000000000000,0,0
3610,3610,0,00000d0,00,2,2,3,08cd56f9cf8807ad,0,0,2,350c893ef3a64e7b,3,1,1,1,1,1,1,15da4c52d29f2850,0000000000000000,0000000000000000,0,0
3611,3611,0,00000d4,00,2,2,3,8646dbac41039053,0,0,2,b85907b57ef3c0f0,3,1,1,1,1,1,1,9b51c1075c148af8,0000000000000000,0000000000000000,0,0
3612,3612,0,00000d8,00,2,2,3,b310c6f074551d06,0,0,2,2fa79429e90d536c,3,1,1,1,1,1,1,08cd56f9cf8807ad,0000000000000000,0000000000000000,0,0
3613,3613,0,00000dc,00,2,2,3,3d9b4ba5fade005a,0,0,2,a2f21aa26458dde7,3,1,1,1,1,1,1,8646dbac41039053,0000000000000000,0000000000000000,0,0
3614,3614,0,00000e0,00,2,2,3,ae07dc5b69428d0f,0,0,2,6af6c74cac5c0009,3,1,1,1,1,1,1,b310c6f074551d06,0000000000000000,0000000000000000,0,0
3615,3615,0,00000e4,00,2,2,3,208c510ee7c91af1,0,0,2,e7a349c721098e82,3,1,1,1,1,1,1,3d9b4ba5fade005a,0000000000000000,0000000000000000,0,0
3616,3616,0,00000e8,00,2,2,3,893ef3a64e7b97a4,0,0,2,705dda5bb6f71d1e,3,1,1,1,1,1,1,ae07dc5b69428d0f,0000000000000000,0000000000000000,0,0
3617,3617,0,00000ec,00,2,2,3,07b57ef3c0f0350c,0,0,2,fd0854d03ba29395,3,1,1,1,1,1,1,208c510ee7c91af1,0000000000000000,0000000000000000,0,0
3618,3618,0,00000f0,00,2,2,3,9429e90d536cb859,0,0,2,5fa0fd62990a3a27,3,1,1,1,1,1,1,893ef3a64e7b97a4,0000000000000000,0000000000000000,0,0
3619,3619,0,00000f4,00,2,2,3,1aa26458dde72fa7,0,0,2,d2f573e9145fb4ac,3,1,1,1,1,1,1,07b57ef3c0f0350c,0000000000000000,0000000000000000,0,0
3620,3620,0,00000f8,00,2,2,3,c74cac5c0009a2f2,0,0,2,450be07583a12730,3,1,1,1,1,1,1,9429e90d536cb859,0000000000000000,0000000000000000,0,0
3621,3621,0,00000fc,00,2,2,3,49c721098e826af6,0,0,2,c85e6efe0ef4a9bb,3,1,1,1,1,1,1,1aa26458dde72fa7,0000000000000000,0000000000000000,0,0
3622,3622,0,0000100,00,2,2,3,da5bb6f71d1ee7a3,0,0,2,2ad0283aec7aef7f,3,1,1,1,1,1,1,c74cac5c0009a2f2,0000000000000000,0000000000000000,0,0
3623,3623,0,0000104,00,2,2,3,54d03ba29395705d,0,0,2,a785a6b1612f61f4,3,1,1,1,1,1,1,49c721098e826af6,0000000000000000,0000000000000000,0,0
3624,3624,0,0000108,00,2,2,3,fd62990a3a27fd08,0,0,2,307b352df6d1f268,3,1,1,1,1,1,1,da5bb6f71d1ee7a3,0000000000000000,0000000000000000,0,0
3625,3625,0,000010c,00,2,2,3,73e9145fb4ac5fa0,0,0,2,bd2ebba67b847ce3,3,1,1,1,1,1,1,54d03ba29395705d,0000000000000000,0000000000000000,0,0
3626,3626,0,0000110,00,2,2,3,e07583a12730d2f5,0,0,2,1f861214d92cd551,3,1,1,1,1,1,1,fd62990a3a27fd08,0000000000000000,0000000000000000,0,0
3627,3627,0,0000114,00,2,2,3,6efe0ef4a9bb450b,0,0,2,92d39c9f54795bda,3,1,1,1,1,1,1,73e9145fb4ac5fa0,0000000000000000,0000000000000000,0,0
3628,3628,0,0000118,00,2,2,3,283aec7aef7fc85e,0,0,2,052d0f03c387c846,3,1,1,1,1,1,1,e07583a12730d2f5,0000000000000000,0000000000000000,0,0
3629,3629,0,000011c,00,2,2,3,a6b1612f61f42ad0,0,0,2,887881884ed246cd,3,1,1,1,1,1,1,6efe0ef4a9bb450b,0000000000000000,0000000000000000,0,0
3630,3630,0,0000120,00,2,2,3,352df6d1f268a785,0,0,2,407c5c6686d69b23,3,1,1,1,1,1,1,283aec7aef7fc85e,0000000000000000,0000000000000000,0,0
3631,3631,0,0000124,00,2,2,3,bba67b847ce3307b,0,0,2,cd29d2ed0b8315a8,3,1,1,1,1,1,1,a6b1612f61f42ad0,0000000000000000,0000000000000000,0,0
3632,3632,0,0000128,00,2,2,3,1214d92cd551bd2e,0,0,2,5ad741719c7d8634,3,1,1,1,1,1,1,352df6d1f268a785,0000000000000000,0000000000000000,0,0
3633,3633,0,000012c,00,2,2,3,9c9f54795bda1f86,0,0,2,d782cffa112808bf,3,1,1,1,1,1,1,bba67b847ce3307b,0000000000000000,0000000000000000,0,0
3634,3634,0,0000130,00,2,2,3,0f03c387c84692d3,0,0,2,752a6648b380a10d,3,1,1,1,1,1,1,1214d92cd551bd2e,0000000000000000,0000000000000000,0,0
3635,3635,0,0000134,00,2,2,3,81884ed246cd052d,0,0,2,f87fe8c33ed52f86,3,1,1,1,1,1,1,9c9f54795bda1f86,0000000000000000,0000000000000000,0,0
3636,3636,0,0000138,00,2,2,3,5c6686d69b238878,0,0,2,6f817b5fa92bbc1a,3,1,1,1,1,1,1,0f03c387c84692d3,0000000000000000,0000000000000000,0,0
3637,3637,0,000013c,00,2,2,3,d2ed0b8315a8407c,0,0,2,e2d4f5d4247e3291,3,1,1,1,1,1,1,81884ed246cd052d,0000000000000000,0000000000000000,0,0
3638,3638,0,0000140,00,2,2,3,41719c7d8634cd29,0,0,2,ff88c082392207c7,3,1,1,1,1,1,1,5c6686d69b238878,0000000000000000,0000000000000000,0,0
3639,3639,0,0000144,00,2,2,3,cffa112808bf5ad7,0,0,2,72dd4e09b477894c,3,1,1,1,1,1,1,d2ed0b8315a8407c,0000000000000000,0000000000000000,0,0
3640,3640,0,0000148,00,2,2,3,6648b380a10dd782,0,0,2,e523dd9523891ad0,3,1,1,1,1,1,1,41719c7d8634cd29,0000000000000000,0000000000000000,0,0
3641,3641,0,000014c,00,2,2,3,e8c33ed52f86752a,0,0,2,6876531eaedc945b,3,1,1,1,1,1,1,cffa112808bf5ad7,0000000000000000,0000000000000000,0,0
3642,3642,0,0000150,00,2,2,3,7b5fa92bbc1af87f,0,0,2,cadefaac0c743de9,3,1,1,1,1,1,1,6648b380a10dd782,0000000000000000,0000000000000000,0,0
3643,3643,0,0000154,00,2,2,3,f5d4247e32916f81,0,0,2,478b74278121b362,3,1,1,1,1,1,1,e8c33ed52f86752a,0000000000000000,0000000000000000,0,0
3644,3644,0,0000158,00,2,2,3,c082392207c7e2d4,0,0,2,d075e7bb16df20fe,3,1,1,1,1,1,1,7b5fa92bbc1af87f,0000000000000000,0000000000000000,0,0
3645,3645,0,000015c,00,2,2,3,4e09b477894cff88,0,0,2,5d2069309b8aae75,3,1,1,1,1,1,1,f5d4247e32916f81,0000000000000000,0000000000000000,0,0
3646,3646,0,0000160,00,2,2,3,dd9523891ad072dd,0,0,2,9524b4de538e739b,3,1,1,1,1,1,1,c082392207c7e2d4,0000000000000000,0000000000000000,0,0
3647,3647,0,0000164,00,2,2,3,531eaedc945be523,0,0,2,18713a55dedbfd10,3,1,1,1,1,1,1,4e09b477894cff88,0000000000000000,0000000000000000,0,0
3648,3648,0,0000168,00,2,2,3,faac0c743de96876,0,0,2,8f8fa9c949256e8c,3,1,1,1,1,1,1,dd9523891ad072dd,0000000000000000,0000000000000000,0,0
3649,3649,0,000016c,00,2,2,3,74278121b362cade,0,0,2,02da2742c470e007,3,1,1,1,1,1,1,531eaedc945be523,0000000000000000,0000000000000000,0,0
3650,3650,0,0000170,00,2,2,3,e7bb16df20fe478b,0,0,2,a0728ef066d849b5,3,1,1,1,1,1,1,faac0c743de96876,0000000000000000,0000000000000000,0,0
3651,3651,0,0000174,00,2,2,3,69309b8aae75d075,0,0,2,2d27007beb8dc73e,3,1,1,1,1,1,1,74278121b362cade,0000000000000000,0000000000000000,0,0
3652,3652,0,0000178,00,2,2,3,b4de538e739b5d20,0,0,2,bad993e77c7354a2,3,1,1,1,1,1,1,e7bb16df20fe478b,0000000000000000,0000000000000000,0,0
3653,3653,0,000017c,00,2,2,3,3a55dedbfd109524,0,0,2,378c1d6cf126da29,3,1,1,1,1,1,1,69309b8aae75d075,0000000000000000,0000000000000000,0,0
3654,3654,0,0000180,00,2,2,3,a9c949256e8c1871,0,0,2,8061f94b46cb3e0e,3,1,1,1,1,1,1,b4de538e739b5d20,0000000000000000,0000000000000000,0,0
3655,3655,0,0000184,00,2,2,3,2742c470e0078f8f,0,0,2,0d3477c0cb9eb085,3,1,1,1,1,1,1,3a55dedbfd109524,0000000000000000,0000000000000000,0,0
3656,3656,0,0000188,00,2,2,3,8ef066d849b502da,0,0,2,9acae45c5c602319,3,1,1,1,1,1,1,a9c949256e8c1871,0000000000000000,0000000000000000,0,0
3657,3657,0,000018c,00,2,2,3,007beb8dc73ea072,0,0,2,179f6ad7d135ad92,3,1,1,1,1,1,1,2742c470e0078f8f,0000000000000000,0000000000000000,0,0
3658,3658,0,0000190,00,2,2,3,93e77c7354a22d27,0,0,2,b537c365739d0420,3,1,1,1,1,1,1,8ef066d849b502da,0000000000000000,0000000000000000,0,0
3659,3659,0,0000194,00,2,2,3,1d6cf126da29bad9,0,0,2,38624deefec88aab,3,1,1,1,1,1,1,007beb8dc73ea072,0000000000000000,0000000000000000,0,0
3660,3660,0,0000198,00,2,2,3,f94b46cb3e0e378c,0,0,2,af9cde7269361937,3,1,1,1,1,1,1,93e77c7354a22d27,0000000000000000,0000000000000000,0,0
3661,3661,0,000019c,00,2,2,3,77c0cb9eb0858061,0,0,2,22c950f9e46397bc,3,1,1,1,1,1,1,1d6cf126da29bad9,0000000000000000,0000000000000000,0,0
3662,3662,0,00001a0,00,2,2,3,e45c5c6023190d34,0,0,2,eacd8d172c674a52,3,1,1,1,1,1,1,f94b46cb3e0e378c,0000000000000000,0000000000000000,0,0
3663,3663,0,00001a4,00,2,2,3,6ad7d135ad929aca,0,0,2,6798039ca132c4d9,3,1,1,1,1,1,1,77c0cb9eb0858061,0000000000000000,0000000000000000,0,0
3664,3664,0,00001a8,00,2,2,3,c365739d0420179f,0,0,2,f066900036cc5745,3,1,1,1,1,1,1,e45c5c6023190d34,0000000000000000,0000000000000000,0,0
3665,3665,0,00001ac,00,2,2,3,4deefec88aabb537,0,0,2,7d331e8bbb99d9ce,3,1,1,1,1,1,1,6ad7d135ad929aca,0000000000000000,0000000000000000,0,0
3666,3666,0,00001b0,00,2,2,3,de72693619373862,0,0,2,df9bb7391931707c,3,1,1,1,1,1,1,c365739d0420179f,0000000000000000,0000000000000000,0,0
3667,3667,0,00001b4,00,2,2,3,50f9e46397bcaf9c,0,0,2,52ce39b29464fef7,3,1,1,1,1,1,1,4deefec88aabb537,0000000000000000,0000000000000000,0,0
3668,3668,0,00001b8,00,2,2,3,8d172c674a5222c9,0,0,2,c530aa2e039a6d6b,3,1,1,1,1,1,1,de72693619373862,0000000000000000,0000000000000000,0,0
3669,3669,0,00001bc,00,2,2,3,039ca132c4d9eacd,0,0,2,486524a58ecfe3e0,3,1,1,1,1,1,1,50f9e46397bcaf9c,0000000000000000,0000000000000000,0,0
3670,3670,0,00001c0,00,2,2,3,900036cc57456798,0,0,2,553911f39393d6b6,3,1,1,1,1,1,1,8d172c674a5222c9,0000000000000000,0000000000000000,0,0
3671,3671,0,00001c4,00,2,2,3,1e8bbb99d9cef066,0,0,2,d86c9f781ec6583d,3,1,1,1,1,1,1,039ca132c4d9eacd,0000000000000000,0000000000000000,0,0
3672,3672,0,00001c8,00,2,2,3,b7391931707c7d33,0,0,2,4f920ce48938cba1,3,1,1,1,1,1,1,900036cc57456798,0000000000000000,0000000000000000,0,0
3673,3673,0,00001cc,00,2,2,3,39b29464fef7df9b,0,0,2,c2c7826f046d452a,3,1,1,1,1,1,1,1e8bbb99d9cef066,0000000000000000,0000000000000000,0,0
3674,3674,0,00001d0,00,2,2,3,aa2e039a6d6b52ce,0,0,2,606f2bdda6c5ec98,3,1,1,1,1,1,1,b7391931707c7d33,0000000000000000,0000000000000000,0,0
3675,3675,0,00001d4,00,2,2,3,24a58ecfe3e0c530,0,0,2,ed3aa5562b906213,3,1,1,1,1,1,1,39b29464fef7df9b,0000000000000000,0000000000000000,0,0
3676,3676,0,00001d8,00,2,2,3,11f39393d6b64865,0,0,2,7ac436cabc6ef18f,3,1,1,1,1,1,1,aa2e039a6d6b52ce,0000000000000000,0000000000000000,0,0
3677,3677,0,00001dc,00,2,2,3,9f781ec6583d5539,0,0,2,f791b841313b7f04,3,1,1,1,1,1,1,24a58ecfe3e0c530,0000000000000000,0000000000000000,0,0
3678,3678,0,00001e0,00,2,2,3,0ce48938cba1d86c,0,0,2,3f9565aff93fa2ea,3,1,1,1,1,1,1,11f39393d6b64865,0000000000000000,0000000000000000,0,0
3679,3679,0,00001e4,00,2,2,3,826f046d452a4f92,0,0,2,b2c0eb24746a2c61,3,1,1,1,1,1,1,9f781ec6583d5539,0000000000000000,0000000000000000,0,0
3680,3680,0,00001e8,00,2,2,3,2bdda6c5ec98c2c7,0,0,2,253e78b8e394bffd,3,1,1,1,1,1,1,0ce48938cba1d86c,0000000000000000,0000000000000000,0,0
3681,3681,0,00001ec,00,2,2,3,a5562b906213606f,0,0,2,a86bf6336ec13176,3,1,1,1,1,1,1,826f046d452a4f92,0000000000000000,0000000000000000,0,0
3682,3682,0,00001f0,00,2,2,3,36cabc6ef18fed3a,0,0,2,0ac35f81cc6998c4,3,1,1,1,1,1,1,2bdda6c5ec98c2c7,0000000000000000,0000000000000000,0,0
3683,3683,0,00001f4,00,2,2,3,b841313b7f047ac4,0,0,2,8796d10a413c164f,3,1,1,1,1,1,1,a5562b906213606f,0000000000000000,0000000000000000,0,0
3684,3684,0,00001f8,00,2,2,3,65aff93fa2eaf791,0,0,2,10684296d6c285d3,3,1,1,1,1,1,1,36cabc6ef18fed3a,0000000000000000,0000000000000000,0,0
3685,3685,0,00001fc,00,2,2,3,eb24746a2c613f95,0,0,2,9d3dcc1d5b970b58,3,1,1,1,1,1,1,b841313b7f047ac4,0000000000000000,0000000000000000,0,0
3686,3686,0,0000200,00,2,2,3,78b8e394bffdb2c0,0,0,2,d574cf1f13de085a,3,1,1,1,1,1,1,65aff93fa2eaf791,0000000000000000,0000000000000000,0,0
3687,3687,0,0000204,00,2,2,3,f6336ec13176253e,0,0,2,582141949e8b86d1,3,1,1,1,1,1,1,eb24746a2c613f95,0000000000000000,0000000000000000,0,0
3688,3688,0,0000208,00,2,2,3,5f81cc6998c4a86b,0,0,2,cfdfd2080975154d,3,1,1,1,1,1,1,78b8e394bffdb2c0,0000000000000000,0000000000000000,0,0
3689,3689,0,000020c,00,2,2,3,d10a413c164f0ac3,0,0,2,428a5c8384209bc6,3,1,1,1,1,1,1,f6336ec13176253e,0000000000000000,0000000000000000,0,0
3690,3690,0,0000210,00,2,2,3,4296d6c285d38796,0,0,2,e022f53126883274,3,1,1,1,1,1,1,5f81cc6998c4a86b,0000000000000000,0000000000000000,0,0
3691,3691,0,0000214,00,2,2,3,cc1d5b970b581068,0,0,2,6d777bbaabddbcff,3,1,1,1,1,1,1,d10a413c164f0ac3,0000000000000000,0000000000000000,0,0
3692,3692,0,0000218,00,2,2,3,cf1f13de085a9d3d,0,0,2,fa89e8263c232f63,3,1,1,1,1,1,1,4296d6c285d38796,0000000000000000,0000000000000000,0,0
3693,3693,0,000021c,00,2,2,3,41949e8b86d1d574,0,0,2,77dc66adb176a1e8,3,1,1,1,1,1,1,cc1d5b970b581068,0000000000000000,0000000000000000,0,0
3694,3694,0,0000220,00,2,2,3,d2080975154d5821,0,0,2,bfd8bb4379727c06,3,1,1,1,1,1,1,cf1f13de085a9d3d,0000000000000000,0000000000000000,0,0
3695,3695,0,0000224,00,2,2,3,5c8384209bc6cfdf,0,0,2,328d35c8f427f28d,3,1,1,1,1,1,1,41949e8b86d1d574,0000000000000000,0000000000000000,0,0
3696,3696,0,0000228,00,2,2,3,f53126883274428a,0,0,2,a573a65463d96111,3,1,1,1,1,1,1,d2080975154d5821,0000000000000000,0000000000000000,0,0
3697,3697,0,000022c,00,2,2,3,7bbaabddbcffe022,0,0,2,282628dfee8cef9a,3,1,1,1,1,1,1,5c8384209bc6cfdf,0000000000000000,0000000000000000,0,0
3698,3698,0,0000230,00,2,2,3,e8263c232f636d77,0,0,2,8a8e816d4c244628,3,1,1,1,1,1,1,f53126883274428a,0000000000000000,0000000000000000,0,0
3699,3699,0,0000234,00,2,2,3,66adb176a1e8fa89,0,0,2,07db0fe6c171c8a3,3,1,1,1,1,1,1,7bbaabddbcffe022,0000000000000000,0000000000000000,0,0
3700,3700,0,0000238,00,2,2,3,bb4379727c0677dc,0,0,2,90259c7a568f5b3f,3,1,1,1,1,1,1,e8263c232f636d77,0000000000000000,0000000000000000,0,0
3701,3701,0,000023c,00,2,2,3,35c8f427f28dbfd8,0,0,2,1d7012f1dbdad5b4,3,1,1,1,1,1,1,66adb176a1e8fa89,0000000000000000,0000000000000000,0,0
3702,3702,0,0000240,00,2,2,3,a65463d96111328d,0,0,2,002c27a7c686e0e2,3,1,1,1,1,1,1,bb4379727c0677dc,0000000000000000,0000000000000000,0,0
3703,3703,0,0000244,00,2,2,3,28dfee8cef9aa573,0,0,2,8d79a92c4bd36e69,3,1,1,1,1,1,1,35c8f427f28dbfd8,0000000000000000,0000000000000000,0,0
3704,3704,0,0000248,00,2,2,3,816d4c2446282826,0,0,2,1a873ab0dc2dfdf5,3,1,1,1,1,1,1,a65463d96111328d,0000000000000000,0000000000000000,0,0
3705,3705,0,000024c,00,2,2,3,0fe6c171c8a38a8e,0,0,2,97d2b43b5178737e,3,1,1,1,1,1,1,28dfee8cef9aa573,0000000000000000,0000000000000000,0,0
3706,3706,0,0000250,00,2,2,3,9c7a568f5b3f07db,0,0,2,357a1d89f3d0dacc,3,1,1,1,1,1,1,816d4c2446282826,0000000000000000,0000000000000000,0,0
3707,3707,0,0000254,00,2,2,3,12f1dbdad5b49025,0,0,2,b82f93027e855447,3,1,1,1,1,1,1,0fe6c171c8a38a8e,0000000000000000,0000000000000000,0,0
3708,3708,0,0000258,00,2,2,3,27a7c686e0e21d70,0,0,2,2fd1009ee97bc7db,3,1,1,1,1,1,1,9c7a568f5b3f07db,0000000000000000,0000000000000000,0,0
3709,3709,0,000025c,00,2,2,3,a92c4bd36e69002c,0,0,2,a2848e15642e4950,3,1,1,1,1,1,1,12f1dbdad5b49025,0000000000000000,0000000000000000,0,0
3710,3710,0,0000260,00,2,2,3,3ab0dc2dfdf58d79,0,0,2,6a8053fbac2a94be,3,1,1,1,1,1,1,27a7c686e0e21d70,0000000000000000,0000000000000000,0,0
3711,3711,0,0000264,00,2,2,3,b43b5178737e1a87,0,0,2,e7d5dd70217f1a35,3,1,1,1,1,1,1,a92c4bd36e69002c,0000000000000000,0000000000000000,0,0
3712,3712,0,0000268,00,2,2,3,1d89f3d0dacc97d2,0,0,2,702b4eecb68189a9,3,1,1,1,1,1,1,3ab0dc2dfdf58d79,0000000000000000,0000000000000000,0,0
3713,3713,0,000026c,00,2,2,3,93027e855447357a,0,0,2,fd7ec0673bd40722,3,1,1,1,1,1,1,b43b5178737e1a87,0000000000000000,0000000000000000,0,0
3714,3714,0,0000270,00,2,2,3,009ee97bc7dbb82f,0,0,2,5fd669d5997cae90,3,1,1,1,1,1,1,1d89f3d0dacc97d2,0000000000000000,0000000000000000,0,0
3715,3715,0,0000274,00,2,2,3,8e15642e49502fd1,0,0,2,d283e75e1429201b,3,1,1,1,1,1,1,93027e855447357a,0000000000000000,0000000000000000,0,0
3716,3716,0,0000278,00,2,2,3,53fbac2a94bea284,0,0,2,457d74c283d7b387,3,1,1,1,1,1,1,009ee97bc7dbb82f,0000000000000000,0000000000000000,0,0
3717,3717,0,000027c,00,2,2,3,dd70217f1a356a80,0,0,2,c828fa490e823d0c,3,1,1,1,1,1,1,8e15642e49502fd1,0000000000000000,0000000000000000,0,0
3718,3718,0,0000280,00,2,2,3,4eecb68189a9e7d5,0,0,2,7fc51e6eb96fd92b,3,1,1,1,1,1,1,53fbac2a94bea284,0000000000000000,0000000000000000,0,0
3719,3719,0,0000284,00,2,2,3,c0673bd40722702b,0,0,2,f29090e5343a57a0,3,1,1,1,1,1,1,dd70217f1a356a80,0000000000000000,0000000000000000,0,0
3720,3720,0,0000288,00,2,2,3,69d5997cae90fd7e,0,0,2,656e0379a3c4c43c,3,1,1,1,1,1,1,4eecb68189a9e7d5,0000000000000000,0000000000000000,0,0
3721,3721,0,000028c,00,2,2,3,e75e1429201b5fd6,0,0,2,e83b8df22e914ab7,3,1,1,1,1,1,1,c0673bd40722702b,0000000000000000,0000000000000000,0,0
3722,3722,0,0000290,00,2,2,3,74c283d7b387d283,0,0,2,4a9324408c39e305,3,1,1,1,1,1,1,69d5997cae90fd7e,0000000000000000,0000000000000000,0,0
3723,3723,0,0000294,00,2,2,3,fa490e823d0c457d,0,0,2,c7c6aacb016c6d8e,3,1,1,1,1,1,1,e75e1429201b5fd6,0000000000000000,0000000000000000,0,0
3724,3724,0,0000298,00,2,2,3,1e6eb96fd92bc828,0,0,2,503839579692fe12,3,1,1,1,1,1,1,74c283d7b387d283,0000000000000000,0000000000000000,0,0
3725,3725,0,000029c,00,2,2,3,90e5343a57a07fc5,0,0,2,dd6db7dc1bc77099,3,1,1,1,1,1,1,fa490e823d0c457d,0000000000000000,0000000000000000,0,0
3726,3726,0,00002a0,00,2,2,3,0379a3c4c43cf290,0,0,2,15696a32d3c3ad77,3,1,1,1,1,1,1,1e6eb96fd92bc828,0000000000000000,0000000000000000,0,0
3727,3727,0,00002a4,00,2,2,3,8df22e914ab7656e,0,0,2,983ce4b95e9623fc,3,1,1,1,1,1,1,90e5343a57a07fc5,0000000000000000,0000000000000000,0,0
3728,3728,0,00002a8,00,2,2,3,24408c39e305e83b,0,0,2,0fc27725c968b060,3,1,1,1,1,1,1,0379a3c4c43cf290,0000000000000000,0000000000000000,0,0
3729,3729,0,00002ac,00,2,2,3,aacb016c6d8e4a93,0,0,2,8297f9ae443d3eeb,3,1,1,1,1,1,1,8df22e914ab7656e,0000000000000000,0000000000000000,0,0
3730,3730,0,00002b0,00,2,2,3,39579692fe12c7c6,0,0,2,203f501ce6959759,3,1,1,1,1,1,1,24408c39e305e83b,0000000000000000,0000000000000000,0,0
3731,3731,0,00002b4,00,2,2,3,b7dc1bc770995038,0,0,2,ad6ade976bc019d2,3,1,1,1,1,1,1,aacb016c6d8e4a93,0000000000000000,0000000000000000,0,0
3732,3732,0,00002b8,00,2,2,3,6a32d3c3ad77dd6d,0,0,2,3a944d0bfc3e8a4e,3,1,1,1,1,1,1,39579692fe12c7c6,0000000000000000,0000000000000000,0,0
3733,3733,0,00002bc,00,2,2,3,e4b95e9623fc1569,0,0,2,b7c1c380716b04c5,3,1,1,1,1,1,1,b7dc1bc770995038,0000000000000000,0000000000000000,0,0
3734,3734,0,00002c0,00,2,2,3,7725c968b060983c,0,0,2,aa9df6d66c373193,3,1,1,1,1,1,1,6a32d3c3ad77dd6d,0000000000000000,0000000000000000,0,0
3735,3735,0,00002c4,00,2,2,3,f9ae443d3eeb0fc2,0,0,2,27c8785de162bf18,3,1,1,1,1,1,1,e4b95e9623fc1569,0000000000000000,0000000000000000,0,0
3736,3736,0,00002c8,00,2,2,3,501ce69597598297,0,0,2,b036ebc1769c2c84,3,1,1,1,1,1,1,7725c968b060983c,0000000000000000,0000000000000000,0,0
3737,3737,0,00002cc,00,2,2,3,de976bc019d2203f,0,0,2,3d63654afbc9a20f,3,1,1,1,1,1,1,f9ae443d3eeb0fc2,0000000000000000,0000000000000000,0,0
3738,3738,0,00002d0,00,2,2,3,4d0bfc3e8a4ead6a,0,0,2,9fcbccf859610bbd,3,1,1,1,1,1,1,501ce69597598297,0000000000000000,0000000000000000,0,0
3739,3739,0,00002d4,00,2,2,3,c380716b04c53a94,0,0,2,129e4273d4348536,3,1,1,1,1,1,1,de976bc019d2203f,0000000000000000,0000000000000000,0,0
3740,3740,0,00002d8,00,2,2,3,f6d66c373193b7c1,0,0,2,8560d1ef43ca16aa,3,1,1,1,1,1,1,4d0bfc3e8a4ead6a,0000000000000000,0000000000000000,0,0
3741,3741,0,00002dc,00,2,2,3,785de162bf18aa9d,0,0,2,08355f64ce9f9821,3,1,1,1,1,1,1,c380716b04c53a94,0000000000000000,0000000000000000,0,0
3742,3742,0,00002e0,00,2,2,3,ebc1769c2c8427c8,0,0,2,c031828a069b45cf,3,1,1,1,1,1,1,f6d66c373193b7c1,0000000000000000,0000000000000000,0,0
3743,3743,0,00002e4,00,2,2,3,654afbc9a20fb036,0,0,2,4d640c018bcecb44,3,1,1,1,1,1,1,785de162bf18aa9d,0000000000000000,0000000000000000,0,0
3744,3744,0,00002e8,00,2,2,3,ccf859610bbd3d63,0,0,2,da9a9f9d1c3058d8,3,1,1,1,1,1,1,ebc1769c2c8427c8,0000000000000000,0000000000000000,0,0
3745,3745,0,00002ec,00,2,2,3,4273d43485369fcb,0,0,2,57cf11169165d653,3,1,1,1,1,1,1,654afbc9a20fb036,0000000000000000,0000000000000000,0,0
3746,3746,0,00002f0,00,2,2,3,d1ef43ca16aa129e,0,0,2,f567b8a433cd7fe1,3,1,1,1,1,1,1,ccf859610bbd3d63,0000000000000000,0000000000000000,0,0
3747,3747,0,00002f4,00,2,2,3,5f64ce9f98218560,0,0,2,7832362fbe98f16a,3,1,1,1,1,1,1,4273d43485369fcb,0000000000000000,0000000000000000,0,0
3748,3748,0,00002f8,00,2,2,3,828a069b45cf0835,0,0,2,efcca5b3296662f6,3,1,1,1,1,1,1,d1ef43ca16aa129e,0000000000000000,0000000000000000,0,0
3749,3749,0,00002fc,00,2,2,3,0c018bcecb44c031,0,0,2,62992b38a433ec7d,3,1,1,1,1,1,1,5f64ce9f98218560,0000000000000000,0000000000000000,0,0
3750,3750,0,0000300,00,2,2,3,9f9d1c3058d84d64,0,0,2,80176dfc46bdaab9,3,1,1,1,1,1,1,828a069b45cf0835,0000000000000000,0000000000000000,0,0
3751,3751,0,0000304,00,2,2,3,11169165d653da9a,0,0,2,0d42e377cbe82432,3,1,1,1,1,1,1,0c018bcecb44c031,0000000000000000,0000000000000000,0,0
3752,3752,0,0000308,00,2,2,3,b8a433cd7fe157cf,0,0,2,9abc70eb5c16b7ae,3,1,1,1,1,1,1,9f9d1c3058d84d64,0000000000000000,0000000000000000,0,0
3753,3753,0,000030c,00,2,2,3,362fbe98f16af567,0,0,2,17e9fe60d1433925,3,1,1,1,1,1,1,11169165d653da9a,0000000000000000,0000000000000000,0,0
3754,3754,0,0000310,00,2,2,3,a5b3296662f67832,0,0,2,b54157d273eb9097,3,1,1,1,1,1,1,b8a433cd7fe157cf,0000000000000000,0000000000000000,0,0
3755,3755,0,0000314,00,2,2,3,2b38a433ec7defcc,0,0,2,3814d959febe1e1c,3,1,1,1,1,1,1,362fbe98f16af567,0000000000000000,0000000000000000,0,0
3756,3756,0,0000318,00,2,2,3,6dfc46bdaab96299,0,0,2,afea4ac569408d80,3,1,1,1,1,1,1,a5b3296662f67832,0000000000000000,0000000000000000,0,0
3757,3757,0,000031c,00,2,2,3,e377cbe824328017,0,0,2,22bfc44ee415030b,3,1,1,1,1,1,1,2b38a433ec7defcc,0000000000000000,0000000000000000,0,0
3758,3758,0,0000320,00,2,2,3,70eb5c16b7ae0d42,0,0,2,eabb19a02c11dee5,3,1,1,1,1,1,1,6dfc46bdaab96299,0000000000000000,0000000000000000,0,0
3759,3759,0,0000324,00,2,2,3,fe60d14339259abc,0,0,2,67ee972ba144506e,3,1,1,1,1,1,1,e377cbe824328017,0000000000000000,0000000000000000,0,0
3760,3760,0,0000328,00,2,2,3,57d273eb909717e9,0,0,2,f01004b736bac3f2,3,1,1,1,1,1,1,70eb5c16b7ae0d42,0000000000000000,0000000000000000,0,0
3761,3761,0,000032c,00,2,2,3,d959febe1e1cb541,0,0,2,7d458a3cbbef4d79,3,1,1,1,1,1,1,fe60d14339259abc,0000000000000000,0000000000000000,0,0
3762,3762,0,0000330,00,2,2,3,4ac569408d803814,0,0,2,dfed238e1947e4cb,3,1,1,1,1,1,1,57d273eb909717e9,0000000000000000,0000000000000000,0,0
3763,3763,0,0000334,00,2,2,3,c44ee415030bafea,0,0,2,52b8ad0594126a40,3,1,1,1,1,1,1,d959febe1e1cb541,0000000000000000,0000000000000000,0,0
3764,3764,0,0000338,00,2,2,3,19a02c11dee522bf,0,0,2,c5463e9903ecf9dc,3,1,1,1,1,1,1,4ac569408d803814,0000000000000000,0000000000000000,0,0
3765,3765,0,000033c,00,2,2,3,972ba144506eeabb,0,0,2,4813b0128eb97757,3,1,1,1,1,1,1,c44ee415030bafea,0000000000000000,0000000000000000,0,0
3766,3766,0,0000340,00,2,2,3,04b736bac3f267ee,0,0,2,554f854493e54201,3,1,1,1,1,1,1,19a02c11dee522bf,0000000000000000,0000000000000000,0,0
3767,3767,0,0000344,00,2,2,3,8a3cbbef4d79f010,0,0,2,d81a0bcf1eb0cc8a,3,1,1,1,1,1,1,972ba144506eeabb,0000000000000000,0000000000000000,0,0
3768,3768,0,0000348,00,2,2,3,238e1947e4cb7d45,0,0,2,4fe49853894e5f16,3,1,1,1,1,1,1,04b736bac3f267ee,0000000000000000,0000000000000000,0,0
3769,3769,0,000034c,00,2,2,3,ad0594126a40dfed,0,0,2,c2b116d8041bd19d,3,1,1,1,1,1,1,8a3cbbef4d79f010,0000000000000000,0000000000000000,0,0
3770,3770,0,0000350,00,2,2,3,3e9903ecf9dc52b8,0,0,2,6019bf6aa6b3782f,3,1,1,1,1,1,1,238e1947e4cb7d45,0000000000000000,0000000000000000,0,0
3771,3771,0,0000354,00,2,2,3,b0128eb97757c546,0,0,2,ed4c31e12be6f6a4,3,1,1,1,1,1,1,ad0594126a40dfed,0000000000000000,0000000000000000,0,0
3772,3772,0,0000358,00,2,2,3,854493e542014813,0,0,2,7ab2a27dbc186538,3,1,1,1,1,1,1,3e9903ecf9dc52b8,0000000000000000,0000000000000000,0,0
3773,3773,0,000035c,00,2,2,3,0bcf1eb0cc8a554f,0,0,2,f7e72cf6314debb3,3,1,1,1,1,1,1,b0128eb97757c546,0000000000000000,0000000000000000,0,0
3774,3774,0,0000360,00,2,2,3,9853894e5f16d81a,0,0,2,3fe3f118f949365d,3,1,1,1,1,1,1,854493e542014813,0000000000000000,0000000000000000,0,0
3775,3775,0,0000364,00,2,2,3,16d8041bd19d4fe4,0,0,2,b2b67f93741cb8d6,3,1,1,1,1,1,1,0bcf1eb0cc8a554f,0000000000000000,0000000000000000,0,0
3776,3776,0,0000368,00,2,2,3,bf6aa6b3782fc2b1,0,0,2,2548ec0fe3e22b4a,3,1,1,1,1,1,1,9853894e5f16d81a,0000000000000000,0000000000000000,0,0
3777,3777,0,000036c,00,2,2,3,31e12be6f6a46019,0,0,2,a81d62846eb7a5c1,3,1,1,1,1,1,1,16d8041bd19d4fe4,0000000000000000,0000000000000000,0,0
3778,3778,0,0000370,00,2,2,3,a27dbc186538ed4c,0,0,2,0ab5cb36cc1f0c73,3,1,1,1,1,1,1,bf6aa6b3782fc2b1,0000000000000000,0000000000000000,0,0
3779,3779,0,0000374,00,2,2,3,2cf6314debb37ab2,0,0,2,87e045bd414a82f8,3,1,1,1,1,1,1,31e12be6f6a46019,0000000000000000,0000000000000000,0,0
3780,3780,0,0000378,00,2,2,3,f118f949365df7e7,0,0,2,101ed621d6b41164,3,1,1,1,1,1,1,a27dbc186538ed4c,0000000000000000,0000000000000000,0,0
3781,3781,0,000037c,00,2,2,3,7f93741cb8d63fe3,0,0,2,9d4b58aa5be19fef,3,1,1,1,1,1,1,2cf6314debb37ab2,0000000000000000,0000000000000000,0,0
3782,3782,0,0000380,00,2,2,3,ec0fe3e22b4ab2b6,0,0,2,2aa6bc8dec0c7bc8,3,1,1,1,1,1,1,f118f949365df7e7,0000000000000000,0000000000000000,0,0
3783,3783,0,0000384,00,2,2,3,62846eb7a5c12548,0,0,2,a7f332066159f543,3,1,1,1,1,1,1,7f93741cb8d63fe3,0000000000000000,0000000000000000,0,0
3784,3784,0,0000388,00,2,2,3,cb36cc1f0c73a81d,0,0,2,300da19af6a766df,3,1,1,1,1,1,1,ec0fe3e22b4ab2b6,0000000000000000,0000000000000000,0,0
3785,3785,0,000038c,00,2,2,3,45bd414a82f80ab5,0,0,2,bd582f117bf2e854,3,1,1,1,1,1,1,62846eb7a5c12548,0000000000000000,0000000000000000,0,0
3786,3786,0,0000390,00,2,2,3,d621d6b4116487e0,0,0,2,1ff086a3d95a41e6,3,1,1,1,1,1,1,cb36cc1f0c73a81d,0000000000000000,0000000000000000,0,0
3787,3787,0,0000394,00,2,2,3,58aa5be19fef101e,0,0,2,92a50828540fcf6d,3,1,1,1,1,1,1,45bd414a82f80ab5,0000000000000000,0000000000000000,0,0
3788,3788,0,0000398,00,2,2,3,bc8dec0c7bc89d4b,0,0,2,055b9bb4c3f15cf1,3,1,1,1,1,1,1,d621d6b4116487e0,0000000000000000,0000000000000000,0,0
3789,3789,0,000039c,00,2,2,3,32066159f5432aa6,0,0,2,880e153f4ea4d27a,3,1,1,1,1,1,1,58aa5be19fef101e,0000000000000000,0000000000000000,0,0
3790,3790,0,00003a0,00,2,2,3,a19af6a766dfa7f3,0,0,2,400ac8d186a00f94,3,1,1,1,1,1,1,bc8dec0c7bc89d4b,0000000000000000,0000000000000000,0,0
3791,3791,0,00003a4,00,2,2,3,2f117bf2e854300d,0,0,2,cd5f465a0bf5811f,3,1,1,1,1,1,1,32066159f5432aa6,0000000000000000,0000000000000000,0,0
3792,3792,0,00003a8,00,2,2,3,86a3d95a41e6bd58,0,0,2,5aa1d5c69c0b1283,3,1,1,1,1,1,1,a19af6a766dfa7f3,0000000000000000,0000000000000000,0,0
3793,3793,0,00003ac,00,2,2,3,0828540fcf6d1ff0,0,0,2,d7f45b4d115e9c08,3,1,1,1,1,1,1,2f117bf2e854300d,0000000000000000,0000000000000000,0,0
3794,3794,0,00003b0,00,2,2,3,9bb4c3f15cf192a5,0,0,2,755cf2ffb3f635ba,3,1,1,1,1,1,1,86a3d95a41e6bd58,0000000000000000,0000000000000000,0,0
3795,3795,0,00003b4,00,2,2,3,153f4ea4d27a055b,0,0,2,f8097c743ea3bb31,3,1,1,1,1,1,1,0828540fcf6d1ff0,0000000000000000,0000000000000000,0,0
3796,3796,0,00003b8,00,2,2,3,c8d186a00f94880e,0,0,2,6ff7efe8a95d28ad,3,1,1,1,1,1,1,9bb4c3f15cf192a5,0000000000000000,0000000000000000,0,0
3797,3797,0,00003bc,00,2,2,3,465a0bf5811f400a,0,0,2,e2a261632408a626,3,1,1,1,1,1,1,153f4ea4d27a055b,0000000000000000,0000000000000000,0,0
3798,3798,0,00003c0,00,2,2,3,d5c69c0b1283cd5f,0,0,2,fffe543539549370,3,1,1,1,1,1,1,c8d186a00f94880e,0000000000000000,0000000000000000,0,0
3799,3799,0,00003c4,00,2,2,3,5b4d115e9c085aa1,0,0,2,72abdabeb4011dfb,3,1,1,1,1,1,1,465a0bf5811f400a,0000000000000000,0000000000000000,0,0
3800,3800,0,00003c8,00,2,2,3,f2ffb3f635bad7f4,0,0,2,e555492223ff8e67,3,1,1,1,1,1,1,d5c69c0b1283cd5f,0000000000000000,0000000000000000,0,0
3801,3801,0,00003cc,00,2,2,3,7c743ea3bb31755c,0,0,2,6800c7a9aeaa00ec,3,1,1,1,1,1,1,5b4d115e9c085aa1,0000000000000000,0000000000000000,0,0
3802,3802,0,00003d0,00,2,2,3,efe8a95d28adf809,0,0,2,caa86e1b0c02a95e,3,1,1,1,1,1,1,f2ffb3f635bad7f4,0000000000000000,0000000000000000,0,0
3803,3803,0,00003d4,00,2,2,3,61632408a6266ff7,0,0,2,47fde090815727d5,3,1,1,1,1,1,1,7c743ea3bb31755c,0000000000000000,0000000000000000,0,0
3804,3804,0,00003d8,00,2,2,3,543539549370e2a2,0,0,2,d003730c16a9b449,3,1,1,1,1,1,1,efe8a95d28adf809,0000000000000000,0000000000000000,0,0
3805,3805,0,00003dc,00,2,2,3,dabeb4011dfbfffe,0,0,2,5d56fd879bfc3ac2,3,1,1,1,1,1,1,61632408a6266ff7,0000000000000000,0000000000000000,0,0
3806,3806,0,00003e0,00,2,2,3,492223ff8e6772ab,0,0,2,9552206953f8e72c,3,1,1,1,1,1,1,543539549370e2a2,0000000000000000,0000000000000000,0,0
3807,3807,0,00003e4,00,2,2,3,c7a9aeaa00ece555,0,0,2,1807aee2dead69a7,3,1,1,1,1,1,1,dabeb4011dfbfffe,0000000000000000,0000000000000000,0,0
3808,3808,0,00003e8,00,2,2,3,6e1b0c02a95e6800,0,0,2,8ff93d7e4953fa3b,3,1,1,1,1,1,1,492223ff8e6772ab,0000000000000000,0000000000000000,0,0
3809,3809,0,00003ec,00,2,2,3,e090815727d5caa8,0,0,2,02acb3f5c40674b0,3,1,1,1,1,1,1,c7a9aeaa00ece555,0000000000000000,0000000000000000,0,0
3810,3810,0,00003f0,00,2,2,3,730c16a9b44947fd,0,0,2,a0041a4766aedd02,3,1,1,1,1,1,1,6e1b0c02a95e6800,0000000000000000,0000000000000000,0,0
3811,3811,0,00003f4,00,2,2,3,fd879bfc3ac2d003,0,0,2,2d5194ccebfb5389,3,1,1,1,1,1,1,e090815727d5caa8,0000000000000000,0000000000000000,0,0
3812,3812,0,00003f8,00,2,2,3,206953f8e72c5d56,0,0,2,baaf07507c05c015,3,1,1,1,1,1,1,730c16a9b44947fd,0000000000000000,0000000000000000,0,0
3813,3813,0,00003fc,00,2,2,3,aee2dead69a79552,0,0,2,37fa89dbf1504e9e,3,1,1,1,1,1,1,fd879bfc3ac2d003,0000000000000000,0000000000000000,0,0
3814,3814,0,0000000,00,2,2,3,3d7e4953fa3b1807,0,0,2,7fb38ad9b9194d9c,3,1,1,1,1,1,1,206953f8e72c5d56,0000000000000000,0000000000000000,0,0
3815,3815,0,0000004,00,2,2,3,b3f5c40674b08ff9,0,0,2,f2e60452344cc317,3,1,1,1,1,1,1,aee2dead69a79552,0000000000000000,0000000000000000,0,0
3816,3816,0,0000008,00,2,2,3,1a4766aedd0202ac,0,0,2,651897cea3b2508b,3,1,1,1,1,1,1,3d7e4953fa3b1807,0000000000000000,0000000000000000,0,0
3817,3817,0,000000c,00,2,2,3,94ccebfb5389a004,0,0,2,e84d19452ee7de00,3,1,1,1,1,1,1,b3f5c40674b08ff9,0000000000000000,0000000000000000,0,0
3818,3818,0,0000010,00,2,2,3,07507c05c0152d51,0,0,2,4ae5b0f78c4f77b2,3,1,1,1,1,1,1,1a4766aedd0202ac,0000000000000000,0000000000000000,0,0
3819,3819,0,0000014,00,2,2,3,89dbf1504e9ebaaf,0,0,2,c7b03e7c011af939,3,1,1,1,1,1,1,94ccebfb5389a004,0000000000000000,0000000000000000,0,0
3820,3820,0,0000018,00,2,2,3,8ad9b9194d9c37fa,0,0,2,504eade096e46aa5,3,1,1,1,1,1,1,07507c05c0152d51,0000000000000000,0000000000000000,0,0
3821,3821,0,000001c,00,2,2,3,0452344cc3177fb3,0,0,2,dd1b236b1bb1e42e,3,1,1,1,1,1,1,89dbf1504e9ebaaf,0000000000000000,0000000000000000,0,0
3822,3822,0,0000020,00,2,2,3,97cea3b2508bf2e6,0,0,2,151ffe85d3b539c0,3,1,1,1,1,1,1,8ad9b9194d9c37fa,0000000000000000,0000000000000000,0,0
3823,3823,0,0000024,00,2,2,3,19452ee7de006518,0,0,2,984a700e5ee0b74b,3,1,1,1,1,1,1,0452344cc3177fb3,0000000000000000,0000000000000000,0,0
3824,3824,0,0000028,00,2,2,3,b0f78c4f77b2e84d,0,0,2,0fb4e392c91e24d7,3,1,1,1,1,1,1,97cea3b2508bf2e6,0000000000000000,0000000000000000,0,0
3825,3825,0,000002c,00,2,2,3,3e7c011af9394ae5,0,0,2,82e16d19444baa5c,3,1,1,1,1,1,1,19452ee7de006518,0000000000000000,0000000000000000,0,0
3826,3826,0,0000030,00,2,2,3,ade096e46aa5c7b0,0,0,2,2049c4abe6e303ee,3,1,1,1,1,1,1,b0f78c4f77b2e84d,0000000000000000,0000000000000000,0,0
3827,3827,0,0000034,00,2,2,3,236b1bb1e42e504e,0,0,2,ad1c4a206bb68d65,3,1,1,1,1,1,1,3e7c011af9394ae5,0000000000000000,0000000000000000,0,0
3828,3828,0,0000038,00,2,2,3,fe85d3b539c0dd1b,0,0,2,3ae2d9bcfc481ef9,3,1,1,1,1,1,1,ade096e46aa5c7b0,0000000000000000,0000000000000000,0,0
3829,3829,0,000003c,00,2,2,3,700e5ee0b74b151f,0,0,2,b7b75737711d9072,3,1,1,1,1,1,1,236b1bb1e42e504e,0000000000000000,0000000000000000,0,0
3830,3830,0,0000040,00,2,2,3,e392c91e24d7984a,0,0,2,aaeb62616c41a524,3,1,1,1,1,1,1,fe85d3b539c0dd1b,0000000000000000,0000000000000000,0,0
3831,3831,0,0000044,00,2,2,3,6d19444baa5c0fb4,0,0,2,27beeceae1142baf,3,1,1,1,1,1,1,700e5ee0b74b151f,0000000000000000,0000000000000000,0,0
3832,3832,0,0000048,00,2,2,3,c4abe6e303ee82e1,0,0,2,b0407f7676eab833,3,1,1,1,1,1,1,e392c91e24d7984a,0000000000000000,0000000000000000,0,0
3833,3833,0,000004c,00,2,2,3,4a206bb68d652049,0,0,2,3d15f1fdfbbf36b8,3,1,1,1,1,1,1,6d19444baa5c0fb4,0000000000000000,0000000000000000,0,0
3834,3834,0,0000050,00,2,2,3,d9bcfc481ef9ad1c,0,0,2,9fbd584f59179f0a,3,1,1,1,1,1,1,c4abe6e303ee82e1,0000000000000000,0000000000000000,0,0
3835,3835,0,0000054,00,2,2,3,5737711d90723ae2,0,0,2,12e8d6c4d4421181,3,1,1,1,1,1,1,4a206bb68d652049,0000000000000000,0000000000000000,0,0
3836,3836,0,0000058,00,2,2,3,62616c41a524b7b7,0,0,2,8516455843bc821d,3,1,1,1,1,1,1,d9bcfc481ef9ad1c,0000000000000000,0000000000000000,0,0
3837,3837,0,000005c,00,2,2,3,eceae1142bafaaeb,0,0,2,0843cbd3cee90c96,3,1,1,1,1,1,1,5737711d90723ae2,0000000000000000,0000000000000000,0,0
3838,3838,0,0000060,00,2,2,3,7f7676eab83327be,0,0,2,c047163d06edd178,3,1,1,1,1,1,1,62616c41a524b7b7,0000000000000000,0000000000000000,0,0
3839,3839,0,0000064,00,2,2,3,f1fdfbbf36b8b040,0,0,2,4d1298b68bb85ff3,3,1,1,1,1,1,1,eceae1142bafaaeb,0000000000000000,0000000000000000,0,0
3840,3840,0,0000068,00,2,2,3,584f59179f0a3d15,0,0,2,daec0b2a1c46cc6f,3,1,1,1,1,1,1,7f7676eab83327be,0000000000000000,0000000000000000,0,0
3841,3841,0,000006c,00,2,2,3,d6c4d44211819fbd,0,0,2,57b985a1911342e4,3,1,1,1,1,1,1,f1fdfbbf36b8b040,0000000000000000,0000000000000000,0,0
3842,3842,0,0000070,00,2,2,3,455843bc821d12e8,0,0,2,f5112c1333bbeb56,3,1,1,1,1,1,1,584f59179f0a3d15,0000000000000000,0000000000000000,0,0
3843,3843,0,0000074,00,2,2,3,cbd3cee90c968516,0,0,2,7844a298beee65dd,3,1,1,1,1,1,1,d6c4d44211819fbd,0000000000000000,0000000000000000,0,0
3844,3844,0,0000078,00,2,2,3,163d06edd1780843,0,0,2,efba31042910f641,3,1,1,1,1,1,1,455843bc821d12e8,0000000000000000,0000000000000000,0,0
3845,3845,0,000007c,00,2,2,3,98b68bb85ff3c047,0,0,2,62efbf8fa44578ca,3,1,1,1,1,1,1,cbd3cee90c968516,0000000000000000,0000000000000000,0,0
3846,3846,0,0000080,00,2,2,3,0b2a1c46cc6f4d12,0,0,2,d5025ba813a89ced,3,1,1,1,1,1,1,163d06edd1780843,0000000000000000,0000000000000000,0,0
3847,3847,0,0000084,00,2,2,3,85a1911342e4daec,0,0,2,5857d5239efd1266,3,1,1,1,1,1,1,98b68bb85ff3c047,0000000000000000,0000000000000000,0,0
3848,3848,0,0000088,00,2,2,3,2c1333bbeb5657b9,0,0,2,cfa946bf090381fa,3,1,1,1,1,1,1,0b2a1c46cc6f4d12,0000000000000000,0000000000000000,0,0
3849,3849,0,000008c,00,2,2,3,a298beee65ddf511,0,0,2,42fcc83484560f71,3,1,1,1,1,1,1,85a1911342e4daec,0000000000000000,0000000000000000,0,0
3850,3850,0,0000090,00,2,2,3,31042910f6417844,0,0,2,e054618626fea6c3,3,1,1,1,1,1,1,2c1333bbeb5657b9,0000000000000000,0000000000000000,0,0
3851,3851,0,0000094,00,2,2,3,bf8fa44578caefba,0,0,2,6d01ef0dabab2848,3,1,1,1,1,1,1,a298beee65ddf511,0000000000000000,0000000000000000,0,0
3852,3852,0,0000098,00,2,2,3,5ba813a89ced62ef,0,0,2,faff7c913c55bbd4,3,1,1,1,1,1,1,31042910f6417844,0000000000000000,0000000000000000,0,0
3853,3853,0,000009c,00,2,2,3,d5239efd1266d502,0,0,2,77aaf21ab100355f,3,1,1,1,1,1,1,bf8fa44578caefba,0000000000000000,0000000000000000,0,0
3854,3854,0,00000a0,00,2,2,3,46bf090381fa5857,0,0,2,bfae2ff47904e8b1,3,1,1,1,1,1,1,5ba813a89ced62ef,0000000000000000,0000000000000000,0,0
3855,3855,0,00000a4,00,2,2,3,c83484560f71cfa9,0,0,2,32fba17ff451663a,3,1,1,1,1,1,1,d5239efd1266d502,0000000000000000,0000000000000000,0,0
3856,3856,0,00000a8,00,2,2,3,618626fea6c342fc,0,0,2,a50532e363aff5a6,3,1,1,1,1,1,1,46bf090381fa5857,0000000000000000,0000000000000000,0,0
3857,3857,0,00000ac,00,2,2,3,ef0dabab2848e054,0,0,2,2850bc68eefa7b2d,3,1,1,1,1,1,1,c83484560f71cfa9,0000000000000000,0000000000000000,0,0
3858,3858,0,00000b0,00,2,2,3,7c913c55bbd46d01,0,0,2,8af815da4c52d29f,3,1,1,1,1,1,1,618626fea6c342fc,0000000000000000,0000000000000000,0,0
3859,3859,0,00000b4,00,2,2,3,f21ab100355ffaff,0,0,2,07ad9b51c1075c14,3,1,1,1,1,1,1,ef0dabab2848e054,0000000000000000,0000000000000000,0,0
3860,3860,0,00000b8,00,2,2,3,2ff47904e8b177aa,0,0,2,905308cd56f9cf88,3,1,1,1,1,1,1,7c913c55bbd46d01,0000000000000000,0000000000000000,0,0
3861,3861,0,00000bc,00,2,2,3,a17ff451663abfae,0,0,2,1d068646dbac4103,3,1,1,1,1,1,1,f21ab100355ffaff,0000000000000000,0000000000000000,0,0
3862,3862,0,00000c0,00,2,2,3,32e363aff5a632fb,0,0,2,005ab310c6f07455,3,1,1,1,1,1,1,2ff47904e8b177aa,0000000000000000,0000000000000000,0,0
3863,3863,0,00000c4,00,2,2,3,bc68eefa7b2da505,0,0,2,8d0f3d9b4ba5fade,3,1,1,1,1,1,1,a17ff451663abfae,0000000000000000,0000000000000000,0,0
3864,3864,0,00000c8,00,2,2,3,15da4c52d29f2850,0,0,2,1af1ae07dc5b6942,3,1,1,1,1,1,1,32e363aff5a632fb,0000000000000000,0000000000000000,0,0
3865,3865,0,00000cc,00,2,2,3,9b51c1075c148af8,0,0,2,97a4208c510ee7c9,3,1,1,1,1,1,1,bc68eefa7b2da505,0000000000000000,0000000000000000,0,0
3866,3866,0,00000d0,00,2,2,3,08cd56f9cf8807ad,0,0,2,350c893ef3a64e7b,3,1,1,1,1,1,1,15da4c52d29f2850,0000000000000000,0000000000000000,0,0
3867,3867,0,00000d4,00,2,2,3,8646dbac41039053,0,0,2,b85907b57ef3c0f0,3,1,1,1,1,1,1,9b51c1075c148af8,0000000000000000,0000000000000000,0,0
3868,3868,0,00000d8,00,2,2,3,b310c6f074551d06,0,0,2,2fa79429e90d536c,3,1,1,1,1,1,1,08cd56f9cf8807ad,0000000000000000,0000000000000000,0,0
3869,3869,0,00000dc,00,2,2,3,3d9b4ba5fade005a,0,0,2,a2f21aa26458dde7,3,1,1,1,1,1,1,8646dbac41039053,0000000000000000,0000000000000000,0,0
3870,3870,0,00000e0,00,2,2,3,ae07dc5b69428d0f,0,0,2,6af6c74cac5c0009,3,1,1,1,1,1,1,b310c6f074551d06,0000000000000000,0000000000000000,0,0
3871,3871,0,00000e4,00,2,2,3,208c510ee7c91af1,0,0,2,e7a349c721098e82,3,1,1,1,1,1,1,3d9b4ba5fade005a,0000000000000000,0000000000000000,0,0
3872,3872,0,00000e8,00,2,2,3,893ef3a64e7b97a4,0,0,2,705dda5bb6f71d1e,3,1,1,1,1,1,1,ae07dc5b69428d0f,0000000000000000,0000000000000000,0,0
3873,3873,0,00000ec,00,2,2,3,07b57ef3c0f0350c,0,0,2,fd0854d03ba29395,3,1,1,1,1,1,1,208c510ee7c91af1,0000000000000000,0000000000000000,0,0
3874,3874,0,00000f0,00,2,2,3,9429e90d536cb859,0,0,2,5fa0fd62990a3a27,3,1,1,1,1,1,1,893ef3a64e7b97a4,0000000000000000,0000000000000000,0,0
3875,3875,0,00000f4,00,2,2,3,1aa26458dde72fa7,0,0,2,d2f573e9145fb4ac,3,1,1,1,1,1,1,07b57ef3c0f0350c,0000000000000000,0000000000000000,0,0
3876,3876,0,00000f8,00,2,2,3,c74cac5c0009a2f2,0,0,2,450be07583a12730,3,1,1,1,1,1,1,9429e90d536cb859,0000000000000000,0000000000000000,0,0
3877,3877,0,00000fc,00,2,2,3,49c721098e826af6,0,0,2,c85e6efe0ef4a9bb,3,1,1,1,1,1,1,1aa26458dde72fa7,0000000000000000,0000000000000000,0,0
3878,3878,0,0000100,00,2,2,3,da5bb6f71d1ee7a3,0,0,2,2ad0283aec7aef7f,3,1,1,1,1,1,1,c74cac5c0009a2f2,0000000000000000,0000000000000000,0,0
3879,3879,0,0000104,00,2,2,3,54d03ba29395705d,0,0,2,a785a6b1612f61f4,3,1,1,1,1,1,1,49c721098e826af6,0000000000000000,0000000000000000,0,0
3880,3880,0,0000108,00,2,2,3,fd62990a3a27fd08,0,0,2,307b352df6d1f268,3,1,1,1,1,1,1,da5bb6f71d1ee7a3,0000000000000000,0000000000000000,0,0
3881,3881,0,000010c,00,2,2,3,73e9145fb4ac5fa0,0,0,2,bd2ebba67b847ce3,3,1,1,1,1,1,1,54d03ba29395705d,0000000000000000,0000000000000000,0,0
3882,3882,0,0000110,00,2,2,3,e07583a12730d2f5,0,0,2,1f861214d92cd551,3,1,1,1,1,1,1,fd62990a3a27fd08,0000000000000000,0000000000000000,0,0
3883,3883,0,0000114,00,2,2,3,6efe0ef4a9bb450b,0,0,2,92d39c9f54795bda,3,1,1,1,1,1,1,73e9145fb4ac5fa0,0000000000000000,0000000000000000,0,0
3884,3884,0,0000118,00,2,2,3,283aec7aef7fc85e,0,0,2,052d0f03c387c846,3,1,1,1,1,1,1,e07583a12730d2f5,0000000000000000,0000000000000000,0,0
3885,3885,0,000011c,00,2,2,3,a6b1612f61f42ad0,0,0,2,887881884ed246cd,3,1,1,1,1,1,1,6efe0ef4a9bb450b,0000000000000000,0000000000000000,0,0
3886,3886,0,0000120,00,2,2,3,352df6d1f268a785,0,0,2,407c5c6686d69b23,3,1,1,1,1,1,1,283aec7aef7fc85e,0000000000000000,0000000000000000,0,0
3887,3887,0,0000124,00,2,2,3,bba67b847ce3307b,0,0,2,cd29d2ed0b8315a8,3,1,1,1,1,1,1,a6b1612f61f42ad0,0000000000000000,0000000000000000,0,0
3888,3888,0,0000128,00,2,2,3,1214d92cd551bd2e,0,0,2,5ad741719c7d8634,3,1,1,1,1,1,1,352df6d1f268a785,0000000000000000,0000000000000000,0,0
3889,3889,0,000012c,00,2,2,3,9c9f54795bda1f86,0,0,2,d782cffa112808bf,3,1,1,1,1,1,1,bba67b847ce3307b,0000000000000000,0000000000000000,0,0
3890,3890,0,0000130,00,2,2,3,0f03c387c84692d3,0,0,2,752a6648b380a10d,3,1,1,1,1,1,1,1214d92cd551bd2e,0000000000000000,0000000000000000,0,0
3891,3891,0,0000134,00,2,2,3,81884ed246cd052d,0,0,2,f87fe8c33ed52f86,3,1,1,1,1,1,1,9c9f54795bda1f86,0000000000000000,0000000000000000,0,0
3892,3892,0,0000138,00,2,2,3,5c6686d69b238878,0,0,2,6f817b5fa92bbc1a,3,1,1,1,1,1,1,0f03c387c84692d3,0000000000000000,0000000000000000,0,0
3893,3893,0,000013c,00,2,2,3,d2ed0b8315a8407c,0,0,2,e2d4f5d4247e3291,3,1,1,1,1,1,1,81884ed246cd052d,0000000000000000,0000000000000000,0,0
3894,3894,0,0000140,00,2,2,3,41719c7d8634cd29,0,0,2,ff88c082392207c7,3,1,1,1,1,1,1,5c6686d69b238878,0000000000000000,0000000000000000,0,0
3895,3895,0,0000144,00,2,2,3,cffa112808bf5ad7,0,0,2,72dd4e09b477894c,3,1,1,1,1,1,1,d2ed0b8315a8407c,0000000000000000,0000000000000000,0,0
3896,3896,0,0000148,00,2,2,3,6648b380a10dd782,0,0,2,e523dd9523891ad0,3,1,1,1,1,1,1,41719c7d8634cd29,0000000000000000,0000000000000000,0,0
3897,3897,0,000014c,00,2,2,3,e8c33ed52f86752a,0,0,2,6876531eaedc945b,3,1,1,1,1,1,1,cffa112808bf5ad7,0000000000000000,0000000000000000,0,0
3898,3898,0,0000150,00,2,2,3,7b5fa92bbc1af87f,0,0,2,cadefaac0c743de9,3,1,1,1,1,1,1,6648b380a10dd782,0000000000000000,0000000000000000,0,0
3899,3899,0,0000154,00,2,2,3,f5d4247e32916f81,0,0,2,478b74278121b362,3,1,1,1,1,1,1,e8c33ed52f86752a,0000000000000000,0000000000000000,0,0
3900,3900,0,0000158,00,2,2,3,c082392207c7e2d4,0,0,2,d075e7bb16df20fe,3,1,1,1,1,1,1,7b5fa92bbc1af87f,0000000000000000,0000000000000000,0,0
3901,3901,0,000015c,00,2,2,3,4e09b477894cff88,0,0,2,5d2069309b8aae75,3,1,1,1,1,1,1,f5d4247e32916f81,0000000000000000,0000000000000000,0,0
3902,3902,0,0000160,00,2,2,3,dd9523891ad072dd,0,0,2,9524b4de538e739b,3,1,1,1,1,1,1,c082392207c7e2d4,0000000000000000,0000000000000000,0,0
3903,3903,0,0000164,00,2,2,3,531eaedc945be523,0,0,2,18713a55dedbfd10,3,1,1,1,1,1,1,4e09b477894cff88,0000000000000000,0000000000000000,0,0
3904,3904,0,0000168,00,2,2,3,faac0c743de96876,0,0,2,8f8fa9c949256e8c,3,1,1,1,1,1,1,dd9523891ad072dd,0000000000000000,0000000000000000,0,0
3905,3905,0,000016c,00,2,2,3,74278121b362cade,0,0,2,02da2742c470e007,3,1,1,1,1,1,1,531eaedc945be523,0000000000000000,0000000000000000,0,0
3906,3906,0,0000170,00,2,2,3,e7bb16df20fe478b,0,0,2,a0728ef066d849b5,3,1,1,1,1,1,1,faac0c743de96876,0000000000000000,0000000000000000,0,0
3907,3907,0,0000174,00,2,2,3,69309b8aae75d075,0,0,2,2d27007beb8dc73e,3,1,1,1,1,1,1,74278121b362cade,0000000000000000,0000000000000000,0,0
3908,3908,0,0000000,00,3,3,3,b4de538e739b5d20,0,0,3,450be07583a12730,0,1,1,1,1,1,1,e7bb16df20fe478b,0000000000000000,0000000000000000,0,0
3909,3909,0,0000000,00,3,3,3,3a55dedbfd109524,0,0,3,450be07583a12730,0,1,1,1,1,1,1,69309b8aae75d075,0000000000000000,0000000000000000,0,0
3910,3910,0,0000000,00,3,3,3,a9c949256e8c1871,0,0,3,450be07583a12730,0,1,0,1,1,0,1,b4de538e739b5d20,0000000000000000,0000000000000000,0,0
3911,3911,0,0000000,00,3,3,3,2742c470e0078f8f,0,0,3,450be07583a12730,0,1,0,0,1,0,0,3a55dedbfd109524,0000000000000000,0000000000000000,0,0
3912,3912,0,0000000,00,3,3,3,8ef066d849b502da,0,0,3,450be07583a12730,0,1,0,0,1,0,0,a9c949256e8c1871,0000000000000000,0000000000000000,0,0
3913,3913,0,0000000,00,3,2,2,007beb8dc73ea072,0,0,2,450be07583a12730,0,1,0,0,1,0,0,2742c470e0078f8f,0000000000000000,0000000000000000,0,0
3914,3914,0,0000000,00,3,3,3,e07583a127302d27,0,0,3,450be07583a12730,0,1,0,0,1,0,0,8ef066d849b502da,0000000000000000,0000000000000000,0,0
3915,3915,0,0000000,00,3,3,3,0000000000000075,0,0,3,450be07583a12730,0,1,0,0,1,0,0,007beb8dc73ea072,0000000000000000,0000000000000000,0,0
3916,3916,0,0000000,00,3,3,3,0000000000000000,0,0,3,450be07583a12730,0,1,0,0,1,0,0,e07583a127302d27,0000000000000000,0000000000000000,0,0
3917,3917,0,0000000,00,2,2,2,0000000000000000,0,0,3,450be07583a12730,0,1,0,0,1,0,0,0000000000000075,0000000000000000,0000000000000000,0,0
3918,3918,0,0000000,00,3,3,3,0000000000000000,0,0,3,450be07583a12730,0,1,0,0,1,0,0,0000000000000000,0000000000000000,0000000000000000,0,0
3919,3919,0,0000000,00,3,3,3,0000000000000000,0,0,3,450be07583a12730,0,1,0,0,1,0,0,0000000000000000,0000000000000000,0000000000000000,0,0
3920,3920,0,0000000,00,3,3,3,0000000000000000,0,0,3,450be07583a12730,0,1,0,0,1,0,0,0000000000000000,0000000000000000,0000000000000000,0,0
3921,3921,0,0000000,00,3,3,3,0000000000000000,0,0,3,450be07583a12730,0,1,0,0,1,0,0,0000000000000000,0000000000000000,0000000000000000,0,0
3922,3922,0,0000000,00,3,3,3,0000000000000000,0,0,3,450be07583a12730,0,1,0,0,1,0,0,0000000000000000,0000000000000000,0000000000000000,0,0
3923,3923,0,0000000,00,3,3,3,0000000000000000,0,0,3,450be07583a12730,0,1,0,0,1,0,0,0000000000000000,0000000000000000,0000000000000000,0,0
3924,3924,0,0000000,00,3,3,3,0000000000000000,0,0,3,450be07583a12730,0,1,0,0,1,0,0,0000000000000000,0000000000000000,0000000000000000,0,0
3925,3925,0,0000000,00,3,3,3,0000000000000000,0,0,3,450be07583a12730,0,1,0,0,1,0,0,0000000000000000,0000000000000000,0000000000000000,0,0
3926,3926,0,0000000,00,3,3,3,0000000000000000,0,0,3,450be07583a12730,0,1,0,0,1,0,0,0000000000000000,0000000000000000,0000000000000000,0,0
3927,3927,0,0000000,00,3,3,3,0000000000000000,0,0,3,450be07583a12730,0,1,0,0,1,0,0,0000000000000000,0000000000000000,0000000000000000,0,0
3928,3928,0,0000000,00,3,3,3,0000000000000000,0,0,3,450be07583a12730,0,1,0,0,1,0,0,0000000000000000,0000000000000000,0000000000000000,0,0
3929,3929,0,0000000,00,3,3,3,0000000000000000,0,0,3,450be07583a12730,0,1,0,0,1,0,0,0000000000000000,0000000000000000,0000000000000000,0,0
3930,3930,0,0000000,00,3,3,3,0000000000000000,0,0,3,450be07583a12730,0,1,0,0,1,0,0,0000000000000000,0000000000000000,0000000000000000,0,0
3931,3931,0,0000000,00,3,3,3,0000000000000000,0,0,3,450be07583a12730,0,1,0,0,1,0,0,0000000000000000,0000000000000000,0000000000000000,0,0
3932,3932,0,0000000,04,3,2,2,0000000000000000,0,0,3,450be07583a12730,0,1,0,0,1,0,0,0000000000000000,0000000000000000,0000000000000000,0,0
3933,3933,0,0000000,00,3,3,3,0000000000000000,0,0,3,450be07583a12730,0,1,0,0,1,0,0,0000000000000000,0000000000000000,0000000000000000,0,0
3934,3934,0,0000000,00,3,3,3,0000000000000000,0,0,3,450be07583a12730,0,1,0,0,1,0,0,0000000000000000,0000000000000000,0000000000000000,0,0
3935,3935,0,0000000,00,3,3,3,0000000000000000,0,0,3,450be07583a12730,0,1,0,0,1,0,0,0000000000000000,0000000000000000,0000000000000000,0,0
3936,3936,0,0000000,00,3,3,3,0000000000000000,0,0,3,450be07583a12730,0,1,0,0,1,0,0,0000000000000000,0000000000000000,0000000000000000,0,0
3937,3937,0,0000250,04,2,2,3,0000000000000000,0,0,3,450be07583a12730,0,1,0,0,1,0,0,0000000000000000,0000000000000000,0000000000000000,0,0
3938,3938,0,0000254,04,2,2,3,0000000000000000,3,0,3,450be07583a12730,0,1,0,0,1,0,0,0000000000000000,0000000000000000,0000000000000000,0,0
3939,3939,0,0000258,04,2,2,3,0000000000000000,3,0,3,450be07583a12730,0,1,0,0,1,0,0,0000000000000000,0000000000000000,0000000000000000,0,0
3940,3940,0,000025c,04,2,2,3,0000000000000000,3,0,3,450be07583a12730,0,1,0,0,1,0,0,0000000000000000,0000000000000000,0000000000000000,0,0
3941,3941,0,0000260,04,2,2,3,0000000000000000,3,0,3,450be07583a12730,0,1,0,0,1,0,0,0000000000000000,0000000000000000,0000000000000000,0,0
3942,3942,0,0000264,04,2,2,3,0000000000000000,3,0,3,450be07583a12730,0,1,0,0,1,0,0,0000000000000000,0000000000000000,0000000000000000,0,0
3943,3943,0,0000268,04,2,2,3,0000000000000000,3,0,3,450be07583a12730,0,1,0,0,1,0,0,0000000000000000,0000000000000000,0000000000000000,0,0
3944,3944,0,000026c,04,2,2,3,634033bca5eaf4f9,3,0,3,450be07583a12730,0,1,0,0,1,0,0,0000000000000000,0000000000000000,0000000000000000,0,0
3945,3945,0,0000270,04,2,2,3,ee15bd3728bf7a72,3,0,3,450be07583a12730,0,1,0,0,1,0,0,0000000000000000,0000000000000000,0000000000000000,0,0
3946,3946,0,0000274,04,2,2,3,79eb2eabbf41e9ee,3,3,3,450be07583a12730,0,1,0,0,1,0,0,634033bca5eaf4f9,0000000000000000,0000000000000000,0,0
3947,3947,0,0000278,04,2,2,3,f4bea02032146765,3,3,3,450be07583a12730,0,1,0,0,1,0,0,ee15bd3728bf7a72,0000000000000000,0000000000000000,0,0
3948,3948,0,000027c,04,2,2,3,3cba7dcefa10ba8b,3,3,3,450be07583a12730,0,1,0,0,1,0,0,79eb2eabbf41e9ee,0000000000000000,0000000000000000,0,0
3949,3949,0,0000280,04,2,2,3,b1eff34577453400,3,3,3,450be07583a12730,0,1,0,0,1,0,0,f4bea02032146765,0000000000000000,0000000000000000,0,0
3950,3950,0,0000284,04,2,2,3,261160d9e0bba79c,3,3,3,450be07583a12730,0,1,0,0,1,0,0,3cba7dcefa10ba8b,0000000000000000,0000000000000000,0,0
3951,3951,0,0000288,04,2,2,3,ab44ee526dee2917,3,3,3,450be07583a12730,0,1,0,0,1,0,0,b1eff34577453400,0000000000000000,0000000000000000,0,0
3952,3952,0,000028c,04,2,2,3,09ec47e0cf4680a5,3,3,3,450be07583a12730,0,1,0,0,1,0,0,261160d9e0bba79c,0000000000000000,0000000000000000,0,0
3953,3953,0,0000290,04,2,2,3,84b9c96b42130e2e,3,3,3,450be07583a12730,0,1,0,0,1,0,0,ab44ee526dee2917,0000000000000000,0000000000000000,0,0
3954,3954,0,0000294,04,2,2,3,13475af7d5ed9db2,3,3,3,450be07583a12730,0,1,0,0,1,0,0,09ec47e0cf4680a5,0000000000000000,0000000000000000,0,0
3955,3955,0,0000298,04,2,2,3,9e12d47c58b81339,3,3,3,450be07583a12730,0,1,0,0,1,0,0,84b9c96b42130e2e,0000000000000000,0000000000000000,0,0
3956,3956,0,000029c,04,2,2,3,29ff305bef55f71e,3,3,3,450be07583a12730,0,1,0,0,1,0,0,13475af7d5ed9db2,0000000000000000,0000000000000000,0,0
3957,3957,0,00002a0,04,2,2,3,a4aabed062007995,3,3,3,450be07583a12730,0,1,0,0,1,0,0,9e12d47c58b81339,0000000000000000,0000000000000000,0,0
3958,3958,0,00002a4,04,2,2,3,33542d4cf5feea09,3,3,3,450be07583a12730,0,1,0,0,1,0,0,29ff305bef55f71e,0000000000000000,0000000000000000,0,0
3959,3959,0,00002a8,04,2,2,3,be01a3c778ab6482,3,3,3,450be07583a12730,0,1,0,0,1,0,0,a4aabed062007995,0000000000000000,0000000000000000,0,0
3960,3960,0,00002ac,04,2,2,3,1ca90a75da03cd30,3,3,3,450be07583a12730,0,1,0,0,1,0,0,33542d4cf5feea09,0000000000000000,0000000000000000,0,0
3961,3961,0,00002b0,04,2,2,3,91fc84fe575643bb,3,3,3,450be07583a12730,0,1,0,0,1,0,0,be01a3c778ab6482,0000000000000000,0000000000000000,0,0
3962,3962,0,00002b4,04,2,2,3,06021762c0a8d027,3,3,3,450be07583a12730,0,1,0,0,1,0,0,1ca90a75da03cd30,0000000000000000,0000000000000000,0,0
3963,3963,0,00002b8,04,2,2,3,8b5799e94dfd5eac,3,3,3,450be07583a12730,0,1,0,0,1,0,0,91fc84fe575643bb,0000000000000000,0000000000000000,0,0
3964,3964,0,00002bc,04,2,2,3,4353440785f98342,3,3,3,450be07583a12730,0,1,0,0,1,0,0,06021762c0a8d027,0000000000000000,0000000000000000,0,0
3965,3965,0,00002c0,04,2,2,3,ce06ca8c08ac0dc9,3,3,3,450be07583a12730,0,1,0,0,1,0,0,8b5799e94dfd5eac,0000000000000000,0000000000000000,0,0
3966,3966,0,00002c4,04,2,2,3,59f859109f529e55,3,3,3,450be07583a12730,0,1,0,0,1,0,0,4353440785f98342,0000000000000000,0000000000000000,0,0
3967,3967,0,00002c8,04,2,2,3,d4add79b120710de,3,3,3,450be07583a12730,0,1,0,0,1,0,0,ce06ca8c08ac0dc9,0000000000000000,0000000000000000,0,0
3968,3968,0,00002cc,04,2,2,3,76057e29b0afb96c,3,3,3,450be07583a12730,0,1,0,0,1,0,0,59f859109f529e55,0000000000000000,0000000000000000,0,0
3969,3969,0,00002d0,04,2,2,3,fb50f0a23dfa37e7,3,3,3,450be07583a12730,0,1,0,0,1,0,0,d4add79b120710de,0000000000000000,0000000000000000,0,0
3970,3970,0,00002d4,04,2,2,3,6cae633eaa04a47b,3,3,3,450be07583a12730,0,1,0,0,1,0,0,76057e29b0afb96c,0000000000000000,0000000000000000,0,0
3971,3971,0,00002d8,04,2,2,3,e1fbedb527512af0,3,3,3,450be07583a12730,0,1,0,0,1,0,0,fb50f0a23dfa37e7,0000000000000000,0000000000000000,0,0
3972,3972,0,00002dc,04,2,2,3,fca7d8e33a0d1fa6,3,3,3,450be07583a12730,0,1,0,0,1,0,0,6cae633eaa04a47b,0000000000000000,0000000000000000,0,0
3973,3973,0,00002e0,04,2,2,3,71f25668b758912d,3,3,3,450be07583a12730,0,1,0,0,1,0,0,e1fbedb527512af0,0000000000000000,0000000000000000,0,0
3974,3974,0,00002e4,04,2,2,3,e60cc5f420a602b1,3,3,3,450be07583a12730,0,1,0,0,1,0,0,fca7d8e33a0d1fa6,0000000000000000,0000000000000000,0,0
3975,3975,0,00002e8,04,2,2,3,6b594b7fadf38c3a,3,3,3,450be07583a12730,0,1,0,0,1,0,0,71f25668b758912d,0000000000000000,0000000000000000,0,0
3976,3976,0,00002ec,04,2,2,3,c9f1e2cd0f5b2588,3,3,3,450be07583a12730,0,1,0,0,1,0,0,e60cc5f420a602b1,0000000000000000,0000000000000000,0,0
3977,3977,0,00002f0,04,2,2,3,44a46c46820eab03,3,3,3,450be07583a12730,0,1,0,0,1,0,0,6b594b7fadf38c3a,0000000000000000,0000000000000000,0,0
3978,3978,0,00002f4,04,2,2,3,d35affda15f0389f,3,3,3,450be07583a12730,0,1,0,0,1,0,0,c9f1e2cd0f5b2588,0000000000000000,0000000000000000,0,0
3979,3979,0,00002f8,04,2,2,3,5e0f715198a5b614,3,3,3,450be07583a12730,0,1,0,0,1,0,0,44a46c46820eab03,0000000000000000,0000000000000000,0,0
3980,3980,0,00002fc,04,2,2,3,960bacbf50a16bfa,3,3,3,450be07583a12730,0,1,0,0,1,0,0,d35affda15f0389f,0000000000000000,0000000000000000,0,0
3981,3981,0,0000300,04,2,2,3,1b5e2234ddf4e571,3,3,3,450be07583a12730,0,1,0,0,1,0,0,5e0f715198a5b614,0000000000000000,0000000000000000,0,0
3982,3982,0,0000304,04,2,2,3,8ca0b1a84a0a76ed,3,3,3,450be07583a12730,0,1,0,0,1,0,0,960bacbf50a16bfa,0000000000000000,0000000000000000,0,0
3983,3983,0,0000308,04,2,2,3,01f53f23c75ff866,3,3,3,450be07583a12730,0,1,0,0,1,0,0,1b5e2234ddf4e571,0000000000000000,0000000000000000,0,0
3984,3984,0,000030c,04,2,2,3,a35d969165f751d4,3,3,3,450be07583a12730,0,1,0,0,1,0,0,8ca0b1a84a0a76ed,0000000000000000,0000000000000000,0,0
3985,3985,0,0000310,04,2,2,3,2e08181ae8a2df5f,3,3,3,450be07583a12730,0,1,0,0,1,0,0,01f53f23c75ff866,0000000000000000,0000000000000000,0,0
3986,3986,0,0000314,04,2,2,3,b9f68b867f5c4cc3,3,3,3,450be07583a12730,0,1,0,0,1,0,0,a35d969165f751d4,0000000000000000,0000000000000000,0,0
3987,3987,0,0000318,04,2,2,3,34a3050df209c248,3,3,3,450be07583a12730,0,1,0,0,1,0,0,2e08181ae8a2df5f,0000000000000000,0000000000000000,0,0
3988,3988,0,000031c,04,2,2,3,d62d43c91087848c,3,3,3,450be07583a12730,0,1,0,0,1,0,0,b9f68b867f5c4cc3,0000000000000000,0000000000000000,0,0
3989,3989,0,0000320,04,2,2,3,5b78cd429dd20a07,3,3,3,450be07583a12730,0,1,0,0,1,0,0,34a3050df209c248,0000000000000000,0000000000000000,0,0
3990,3990,0,0000324,04,2,2,3,cc865ede0a2c999b,3,3,3,450be07583a12730,0,1,0,0,1,0,0,d62d43c91087848c,0000000000000000,0000000000000000,0,0
3991,3991,0,0000328,04,2,2,3,41d3d05587791710,3,3,3,450be07583a12730,0,1,0,0,1,0,0,5b78cd429dd20a07,0000000000000000,0000000000000000,0,0
3992,3992,0,000032c,04,2,2,3,e37b79e725d1bea2,3,3,3,450be07583a12730,0,1,0,0,1,0,0,cc865ede0a2c999b,0000000000000000,0000000000000000,0,0
3993,3993,0,0000330,04,2,2,3,6e2ef76ca8843029,3,3,3,450be07583a12730,0,1,0,0,1,0,0,41d3d05587791710,0000000000000000,0000000000000000,0,0
3994,3994,0,0000334,04,2,2,3,f9d064f03f7aa3b5,3,3,3,450be07583a12730,0,1,0,0,1,0,0,e37b79e725d1bea2,0000000000000000,0000000000000000,0,0
3995,3995,0,0000338,04,2,2,3,7485ea7bb22f2d3e,3,3,3,450be07583a12730,0,1,0,0,1,0,0,6e2ef76ca8843029,0000000000000000,0000000000000000,0,0
3996,3996,0,000033c,04,2,2,3,bc8137957a2bf0d0,3,3,3,450be07583a12730,0,1,0,0,1,0,0,f9d064f03f7aa3b5,0000000000000000,0000000000000000,0,0
3997,3997,0,0000340,04,2,2,3,31d4b91ef77e7e5b,3,3,3,450be07583a12730,0,1,0,0,1,0,0,7485ea7bb22f2d3e,0000000000000000,0000000000000000,0,0
3998,3998,0,0000344,04,2,2,3,a62a2a826080edc7,3,3,3,450be07583a12730,0,1,0,0,1,0,0,bc8137957a2bf0d0,0000000000000000,0000000000000000,0,0
3999,3999,0,0000348,04,2,2,3,2b7fa409edd5634c,3,3,3,450be07583a12730,0,1,0,0,1,0,0,31d4b91ef77e7e5b,0000000000000000,0000000000000000,0,0
4000,4000,0,000034c,04,2,2,3,89d70dbb4f7dcafe,3,3,3,450be07583a12730,0,1,0,0,1,0,0,a62a2a826080edc7,0000000000000000,0000000000000000,0,0
4001,4001,0,0000350,04,2,2,3,04828330c2284475,3,3,3,450be07583a12730,0,1,0,0,1,0,0,2b7fa409edd5634c,0000000000000000,0000000000000000,0,0
4002,4002,0,0000354,04,2,2,3,937c10ac55d6d7e9,3,3,3,450be07583a12730,0,1,0,0,1,0,0,89d70dbb4f7dcafe,0000000000000000,0000000000000000,0,0
4003,4003,0,0000358,04,2,2,3,1e299e27d8835962,3,3,3,450be07583a12730,0,1,0,0,1,0,0,04828330c2284475,0000000000000000,0000000000000000,0,0
4004,4004,0,000035c,04,2,2,3,0375ab71c5df6c34,3,3,3,450be07583a12730,0,1,0,0,1,0,0,937c10ac55d6d7e9,0000000000000000,0000000000000000,0,0
4005,4005,0,0000360,04,2,2,3,8e2025fa488ae2bf,3,3,3,450be07583a12730,0,1,0,0,1,0,0,1e299e27d8835962,0000000000000000,0000000000000000,0,0
4006,4006,0,0000364,04,2,2,3,19deb666df747123,3,3,3,450be07583a12730,0,1,0,0,1,0,0,0375ab71c5df6c34,0000000000000000,0000000000000000,0,0
4007,4007,0,0000368,04,2,2,3,948b38ed5221ffa8,3,3,3,450be07583a12730,0,1,0,0,1,0,0,8e2025fa488ae2bf,0000000000000000,0000000000000000,0,0
4008,4008,0,000036c,04,2,2,3,3623915ff089561a,3,3,3,450be07583a12730,0,1,0,0,1,0,0,19deb666df747123,0000000000000000,0000000000000000,0,0
4009,4009,0,0000370,04,2,2,3,bb761fd47ddcd891,3,3,3,450be07583a12730,0,1,0,0,1,0,0,948b38ed5221ffa8,0000000000000000,0000000000000000,0,0
4010,4010,0,0000374,04,2,2,3,2c888c48ea224b0d,3,3,3,450be07583a12730,0,1,0,0,1,0,0,3623915ff089561a,0000000000000000,0000000000000000,0,0
4011,4011,0,0000378,04,2,2,3,a1dd02c36777c586,3,3,3,450be07583a12730,0,1,0,0,1,0,0,bb761fd47ddcd891,0000000000000000,0000000000000000,0,0
4012,4012,0,000037c,04,2,2,3,69d9df2daf731868,3,3,3,450be07583a12730,0,1,0,0,1,0,0,2c888c48ea224b0d,0000000000000000,0000000000000000,0,0
4013,4013,0,0000380,04,2,2,3,e48c51a6222696e3,3,3,3,450be07583a12730,0,1,0,0,1,0,0,a1dd02c36777c586,0000000000000000,0000000000000000,0,0
4014,4014,0,0000384,04,2,2,3,7372c23ab5d8057f,3,3,3,450be07583a12730,0,1,0,0,1,0,0,69d9df2daf731868,0000000000000000,0000000000000000,0,0
4015,4015,0,0000388,04,2,2,3,fe274cb1388d8bf4,3,3,3,450be07583a12730,0,1,0,0,1,0,0,e48c51a6222696e3,0000000000000000,0000000000000000,0,0
4016,4016,0,000038c,04,2,2,3,5c8fe5039a252246,3,3,3,450be07583a12730,0,1,0,0,1,0,0,7372c23ab5d8057f,0000000000000000,0000000000000000,0,0
4017,4017,0,0000390,04,2,2,3,d1da6b881770accd,3,3,3,450be07583a12730,0,1,0,0,1,0,0,fe274cb1388d8bf4,0000000000000000,0000000000000000,0,0
4018,4018,0,0000394,04,2,2,3,4624f814808e3f51,3,3,3,450be07583a12730,0,1,0,0,1,0,0,5c8fe5039a252246,0000000000000000,0000000000000000,0,0
4019,4019,0,0000398,04,2,2,3,cb71769f0ddbb1da,3,3,3,450be07583a12730,0,1,0,0,1,0,0,d1da6b881770accd,0000000000000000,0000000000000000,0,0
4020,4020,0,000039c,04,2,2,3,7c9c92b8ba3655fd,3,3,3,450be07583a12730,0,1,0,0,1,0,0,4624f814808e3f51,0000000000000000,0000000000000000,0,0
4021,4021,0,00003a0,04,2,2,3,f1c91c333763db76,3,3,3,450be07583a12730,0,1,0,0,1,0,0,cb71769f0ddbb1da,0000000000000000,0000000000000000,0,0
4022,4022,0,00003a4,04,2,2,3,66378fafa09d48ea,3,3,3,450be07583a12730,0,1,0,0,1,0,0,7c9c92b8ba3655fd,0000000000000000,0000000000000000,0,0
4023,4023,0,00003a8,04,2,2,3,eb6201242dc8c661,3,3,3,450be07583a12730,0,1,0,0,1,0,0,f1c91c333763db76,0000000000000000,0000000000000000,0,0
4024,4024,0,00003ac,04,2,2,3,49caa8968f606fd3,3,3,3,450be07583a12730,0,1,0,0,1,0,0,66378fafa09d48ea,0000000000000000,0000000000000000,0,0
4025,4025,0,00003b0,04,2,2,3,c49f261d0235e158,3,3,3,450be07583a12730,0,1,0,0,1,0,0,eb6201242dc8c661,0000000000000000,0000000000000000,0,0
4026,4026,0,00003b4,04,2,2,3,5361b58195cb72c4,3,3,3,450be07583a12730,0,1,0,0,1,0,0,49caa8968f606fd3,0000000000000000,0000000000000000,0,0
4027,4027,0,00003b8,04,2,2,3,de343b0a189efc4f,3,3,3,450be07583a12730,0,1,0,0,1,0,0,c49f261d0235e158,0000000000000000,0000000000000000,0,0
4028,4028,0,00003bc,04,2,2,3,1630e6e4d09a21a1,3,3,3,450be07583a12730,0,1,0,0,1,0,0,5361b58195cb72c4,0000000000000000,0000000000000000,0,0
4029,4029,0,00003c0,04,2,2,3,9b65686f5dcfaf2a,3,3,3,450be07583a12730,0,1,0,0,1,0,0,de343b0a189efc4f,0000000000000000,0000000000000000,0,0
4030,4030,0,00003c4,04,2,2,3,0c9bfbf3ca313cb6,3,3,3,450be07583a12730,0,1,0,0,1,0,0,1630e6e4d09a21a1,0000000000000000,0000000000000000,0,0
4031,4031,0,00003c8,04,2,2,3,81ce75784764b23d,3,3,3,450be07583a12730,0,1,0,0,1,0,0,9b65686f5dcfaf2a,0000000000000000,0000000000000000,0,0
4032,4032,0,00003cc,04,2,2,3,2366dccae5cc1b8f,3,3,3,450be07583a12730,0,1,0,0,1,0,0,0c9bfbf3ca313cb6,0000000000000000,0000000000000000,0,0
4033,4033,0,00003d0,04,2,2,3,ae33524168999504,3,3,3,450be07583a12730,0,1,0,0,1,0,0,81ce75784764b23d,0000000000000000,0000000000000000,0,0
4034,4034,0,00003d4,04,2,2,3,39cdc1ddff670698,3,3,3,450be07583a12730,0,1,0,0,1,0,0,2366dccae5cc1b8f,0000000000000000,0000000000000000,0,0
4035,4035,0,00003d8,04,2,2,3,b4984f5672328813,3,3,3,450be07583a12730,0,1,0,0,1,0,0,ae33524168999504,0000000000000000,0000000000000000,0,0
4036,4036,0,00003dc,04,2,2,3,a9c47a006f6ebd45,3,3,3,450be07583a12730,0,1,0,0,1,0,0,39cdc1ddff670698,0000000000000000,0000000000000000,0,0
4037,4037,0,00003e0,04,2,2,3,2491f48be23b33ce,3,3,3,450be07583a12730,0,1,0,0,1,0,0,b4984f5672328813,0000000000000000,0000000000000000,0,0
4038,4038,0,00003e4,04,2,2,3,b36f671775c5a052,3,3,3,450be07583a12730,0,1,0,0,1,0,0,a9c47a006f6ebd45,0000000000000000,0000000000000000,0,0
4039,4039,0,00003e8,04,2,2,3,3e3ae99cf8902ed9,3,3,3,450be07583a12730,0,1,0,0,1,0,0,2491f48be23b33ce,0000000000000000,0000000000000000,0,0
4040,4040,0,00003ec,04,2,2,3,9c92402e5a38876b,3,3,3,450be07583a12730,0,1,0,0,1,0,0,b36f671775c5a052,0000000000000000,0000000000000000,0,0
4041,4041,0,00003f0,04,2,2,3,11c7cea5d76d09e0,3,3,3,450be07583a12730,0,1,0,0,1,0,0,3e3ae99cf8902ed9,0000000000000000,0000000000000000,0,0
4042,4042,0,00003f4,04,2,2,3,86395d3940939a7c,3,3,3,450be07583a12730,0,1,0,0,1,0,0,9c92402e5a38876b,0000000000000000,0000000000000000,0,0
4043,4043,0,00003f8,04,2,2,3,0b6cd3b2cdc614f7,3,3,3,450be07583a12730,0,1,0,0,1,0,0,11c7cea5d76d09e0,0000000000000000,0000000000000000,0,0
4044,4044,0,00003fc,04,2,2,3,c3680e5c05c2c919,3,3,3,450be07583a12730,0,1,0,0,1,0,0,86395d3940939a7c,0000000000000000,0000000000000000,0,0
4045,4045,0,0000000,04,2,2,3,4e3d80d788974792,3,3,3,450be07583a12730,0,1,0,0,1,0,0,0b6cd3b2cdc614f7,0000000000000000,0000000000000000,0,0
4046,4046,0,0000004,04,2,2,3,d9c3134b1f69d40e,3,3,3,450be07583a12730,0,1,0,0,1,0,0,c3680e5c05c2c919,0000000000000000,0000000000000000,0,0
4047,4047,0,0000008,04,2,2,3,54969dc0923c5a85,3,3,3,450be07583a12730,0,1,0,0,1,0,0,4e3d80d788974792,0000000000000000,0000000000000000,0,0
4048,4048,0,000000c,04,2,2,3,f63e34723094f337,3,3,3,450be07583a12730,0,1,0,0,1,0,0,d9c3134b1f69d40e,0000000000000000,0000000000000000,0,0
4049,4049,0,0000010,04,2,2,3,7b6bbaf9bdc17dbc,3,3,3,450be07583a12730,0,1,0,0,1,0,0,54969dc0923c5a85,0000000000000000,0000000000000000,0,0
4050,4050,0,0000014,04,2,2,3,ec9529652a3fee20,3,3,3,450be07583a12730,0,1,0,0,1,0,0,f63e34723094f337,0000000000000000,0000000000000000,0,0
4051,4051,0,0000018,04,2,2,3,61c0a7eea76a60ab,3,3,3,450be07583a12730,0,1,0,0,1,0,0,7b6bbaf9bdc17dbc,0000000000000000,0000000000000000,0,0
4052,4052,0,000001c,04,2,2,3,2989a4ecef2363a9,3,3,3,450be07583a12730,0,1,0,0,1,0,0,ec9529652a3fee20,0000000000000000,0000000000000000,0,0
4053,4053,0,0000020,04,2,2,3,a4dc2a676276ed22,3,3,3,450be07583a12730,0,1,0,0,1,0,0,61c0a7eea76a60ab,0000000000000000,0000000000000000,0,0
4054,4054,0,0000024,04,2,2,3,3322b9fbf5887ebe,3,3,3,450be07583a12730,0,1,0,0,1,0,0,2989a4ecef2363a9,0000000000000000,0000000000000000,0,0
4055,4055,0,0000028,04,2,2,3,be77377078ddf035,3,3,3,450be07583a12730,0,1,0,0,1,0,0,a4dc2a676276ed22,0000000000000000,0000000000000000,0,0
4056,4056,0,000002c,04,2,2,3,1cdf9ec2da755987,3,3,3,450be07583a12730,0,1,0,0,1,0,0,3322b9fbf5887ebe,0000000000000000,0000000000000000,0,0
4057,4057,0,0000030,04,2,2,3,918a10495720d70c,3,3,3,450be07583a12730,0,1,0,0,1,0,0,be77377078ddf035,0000000000000000,0000000000000000,0,0
4058,4058,0,0000034,04,2,2,3,067483d5c0de4490,3,3,3,450be07583a12730,0,1,0,0,1,0,0,1cdf9ec2da755987,0000000000000000,0000000000000000,0,0
4059,4059,0,0000038,04,2,2,3,8b210d5e4d8bca1b,3,3,3,450be07583a12730,0,1,0,0,1,0,0,918a10495720d70c,0000000000000000,0000000000000000,0,0
4060,4060,0,000003c,04,2,2,3,4325d0b0858f17f5,3,3,3,450be07583a12730,0,1,0,0,1,0,0,067483d5c0de4490,0000000000000000,0000000000000000,0,0
4061,4061,0,0000040,04,2,2,3,ce705e3b08da997e,3,3,3,450be07583a12730,0,1,0,0,1,0,0,8b210d5e4d8bca1b,0000000000000000,0000000000000000,0,0
4062,4062,0,0000044,04,2,2,3,598ecda79f240ae2,3,3,3,450be07583a12730,0,1,0,0,1,0,0,4325d0b0858f17f5,0000000000000000,0000000000000000,0,0
4063,4063,0,0000048,04,2,2,3,d4db432c12718469,3,3,3,450be07583a12730,0,1,0,0,1,0,0,ce705e3b08da997e,0000000000000000,0000000000000000,0,0
4064,4064,0,000004c,04,2,2,3,7673ea9eb0d92ddb,3,3,3,450be07583a12730,0,1,0,0,1,0,0,598ecda79f240ae2,0000000000000000,0000000000000000,0,0
4065,4065,0,0000050,04,2,2,3,fb2664153d8ca350,3,3,3,450be07583a12730,0,1,0,0,1,0,0,d4db432c12718469,0000000000000000,0000000000000000,0,0
4066,4066,0,0000054,04,2,2,3,6cd8f789aa7230cc,3,3,3,450be07583a12730,0,1,0,0,1,0,0,7673ea9eb0d92ddb,0000000000000000,0000000000000000,0,0
4067,4067,0,0000058,04,2,2,3,e18d79022727be47,3,3,3,450be07583a12730,0,1,0,0,1,0,0,fb2664153d8ca350,0000000000000000,0000000000000000,0,0
4068,4068,0,000005c,04,2,2,3,fcd14c543a7b8b11,3,3,3,450be07583a12730,0,1,0,0,1,0,0,6cd8f789aa7230cc,0000000000000000,0000000000000000,0,0
4069,4069,0,0000060,04,2,2,3,7184c2dfb72e059a,3,3,3,450be07583a12730,0,1,0,0,1,0,0,e18d79022727be47,0000000000000000,0000000000000000,0,0
4070,4070,0,0000064,04,2,2,3,e67a514320d09606,3,3,3,450be07583a12730,0,1,0,0,1,0,0,fcd14c543a7b8b11,0000000000000000,0000000000000000,0,0
4071,4071,0,0000068,04,2,2,3,6b2fdfc8ad85188d,3,3,3,450be07583a12730,0,1,0,0,1,0,0,7184c2dfb72e059a,0000000000000000,0000000000000000,0,0
4072,4072,0,000006c,04,2,2,3,c987767a0f2db13f,3,3,3,450be07583a12730,0,1,0,0,1,0,0,e67a514320d09606,0000000000000000,0000000000000000,0,0
4073,4073,0,0000070,04,2,2,3,44d2f8f182783fb4,3,3,3,450be07583a12730,0,1,0,0,1,0,0,6b2fdfc8ad85188d,0000000000000000,0000000000000000,0,0
4074,4074,0,0000074,04,2,2,3,d32c6b6d1586ac28,3,3,3,450be07583a12730,0,1,0,0,1,0,0,c987767a0f2db13f,0000000000000000,0000000000000000,0,0
4075,4075,0,0000078,04,2,2,3,5e79e5e698d322a3,3,3,3,450be07583a12730,0,1,0,0,1,0,0,44d2f8f182783fb4,0000000000000000,0000000000000000,0,0
4076,4076,0,000007c,04,2,2,3,967d380850d7ff4d,3,3,3,450be07583a12730,0,1,0,0,1,0,0,d32c6b6d1586ac28,0000000000000000,0000000000000000,0,0
4077,4077,0,0000080,04,2,2,3,1b28b683dd8271c6,3,3,3,450be07583a12730,0,1,0,0,1,0,0,5e79e5e698d322a3,0000000000000000,0000000000000000,0,0
4078,4078,0,0000084,04,2,2,3,8cd6251f4a7ce25a,3,3,3,450be07583a12730,0,1,0,0,1,0,0,967d380850d7ff4d,0000000000000000,0000000000000000,0,0
4079,4079,0,0000088,04,2,2,3,0183ab94c7296cd1,3,3,3,450be07583a12730,0,1,0,0,1,0,0,1b28b683dd8271c6,0000000000000000,0000000000000000,0,0
4080,4080,0,000008c,04,2,2,3,a32b02266581c563,3,3,3,450be07583a12730,0,1,0,0,1,0,0,8cd6251f4a7ce25a,0000000000000000,0000000000000000,0,0
4081,4081,0,0000090,04,2,2,3,2e7e8cade8d44be8,3,3,3,450be07583a12730,0,1,0,0,1,0,0,0183ab94c7296cd1,0000000000000000,0000000000000000,0,0
4082,4082,0,0000094,04,2,2,3,b9801f317f2ad874,3,3,3,450be07583a12730,0,1,0,0,1,0,0,a32b02266581c563,0000000000000000,0000000000000000,0,0
4083,4083,0,0000098,04,2,2,3,34d591baf27f56ff,3,3,3,450be07583a12730,0,1,0,0,1,0,0,2e7e8cade8d44be8,0000000000000000,0000000000000000,0,0
4084,4084,0,000009c,04,2,2,3,8338759d4592b2d8,3,3,3,450be07583a12730,0,1,0,0,1,0,0,b9801f317f2ad874,0000000000000000,0000000000000000,0,0
4085,4085,0,00000a0,04,2,2,3,0e6dfb16c8c73c53,3,3,3,450be07583a12730,0,1,0,0,1,0,0,34d591baf27f56ff,0000000000000000,0000000000000000,0,0
4086,4086,0,00000a4,04,2,2,3,9993688a5f39afcf,3,3,3,450be07583a12730,0,1,0,0,1,0,0,8338759d4592b2d8,0000000000000000,0000000000000000,0,0
4087,4087,0,00000a8,04,2,2,3,14c6e601d26c2144,3,3,3,450be07583a12730,0,1,0,0,1,0,0,0e6dfb16c8c73c53,0000000000000000,0000000000000000,0,0
4088,4088,0,00000ac,04,2,2,3,b66e4fb370c488f6,3,3,3,450be07583a12730,0,1,0,0,1,0,0,9993688a5f39afcf,0000000000000000,0000000000000000,0,0
4089,4089,0,00000b0,04,2,2,3,3b3bc138fd91067d,3,3,3,450be07583a12730,0,1,0,0,1,0,0,14c6e601d26c2144,0000000000000000,0000000000000000,0,0
4090,4090,0,00000b4,04,2,2,3,acc552a46a6f95e1,3,3,3,450be07583a12730,0,1,0,0,1,0,0,b66e4fb370c488f6,0000000000000000,0000000000000000,0,0
4091,4091,0,00000b8,04,2,2,3,2190dc2fe73a1b6a,3,3,3,450be07583a12730,0,1,0,0,1,0,0,3b3bc138fd91067d,0000000000000000,0000000000000000,0,0
4092,4092,0,00000bc,04,2,2,3,e99401c12f3ec684,3,3,3,450be07583a12730,0,1,0,0,1,0,0,acc552a46a6f95e1,0000000000000000,0000000000000000,0,0
4093,4093,0,00000c0,04,2,2,3,64c18f4aa26b480f,3,3,3,450be07583a12730,0,1,0,0,1,0,0,2190dc2fe73a1b6a,0000000000000000,0000000000000000,0,0
4094,4094,0,00000c4,04,2,2,3,f33f1cd63595db93,3,3,3,450be07583a12730,0,1,0,0,1,0,0,e99401c12f3ec684,0000000000000000,0000000000000000,0,0
4095,4095,0,00000c8,04,2,2,3,7e6a925db8c05518,3,3,3,450be07583a12730,0,1,0,0,1,0,0,64c18f4aa26b480f,0000000000000000,0000000000000000,0,0
