name,num_channels,descriptors,total_bytes,rd_delay_cyc,wr_delay_cyc,cycles,seconds,throughput_MBps,r2r_cycles,r2r_MBps,w2w_cycles,w2w_MBps,pass,timeout
1desc_1ch_512KB,1,1,524288,0,0,34837,0.00034837000000000003,1435.2556190257483,34814,1436.2038260469924,34814,1436.2038260469924,True,False
4desc_1ch_512KB,1,4,2097152,0,0,139345,0.00139345,1435.2865190713696,139322,1435.5234636310129,139322,1435.5234636310129,True,False
16desc_1ch_512KB,1,16,8388608,0,0,557377,0.0055737700000000005,1435.2942442906685,557354,1435.3534737348257,557354,1435.3534737348257,True,False
1desc_2ch_512KB,2,1,1048576,0,0,69670,0.0006967000000000001,1435.3380221042055,69630,1436.1625736033318,69647,1435.8120234898847,True,False
4desc_2ch_512KB,2,4,4194304,0,0,278617,0.00278617,1435.66257622471,278526,1436.1316358257395,278594,1435.78110081337,True,False
16desc_2ch_512KB,2,16,16777216,0,0,1114201,0.01114201,1436.0066092204188,1114110,1436.1239015896094,1114178,1436.0362527352002,True,False
1desc_4ch_512KB,4,1,2097152,0,0,,,,,,,,False,True
4desc_4ch_512KB,4,4,8388608,0,0,,,,,,,,False,True
16desc_4ch_512KB,4,16,33554432,0,0,,,,,,,,False,True
