elapsed_s,phase,round,base_addr,ok,wr_done,rd_done,mism,rd_error,cum_beats,fails,eye_fails
0.7,prewrite-B,0,0x04000000,1,1,1,0,0,1048576,0,0
1.4,soak,1,0x01C00000,1,1,1,0,0,2097152,0,0
2.1,soak,2,0x03800000,1,1,1,0,0,3145728,0,0
2.8,soak,3,0x01800000,1,1,1,0,0,4194304,0,0
3.5,soak,4,0x03400000,1,1,1,0,0,5242880,0,0
4.2,soak,5,0x01400000,1,1,1,0,0,6291456,0,0
4.9,soak,6,0x03000000,1,1,1,0,0,7340032,0,0
5.6,soak,7,0x01000000,1,1,1,0,0,8388608,0,0
6.4,soak,8,0x02C00000,1,1,1,0,0,9437184,0,0
7.1,soak,9,0x00C00000,1,1,1,0,0,10485760,0,0
7.8,concurrent,10,0x02800000,0,1,1,1508,1,11534336,1,0
8.3,verify-A,10,0x02800000,0,1,1,0,1,12582912,2,0
9.0,soak,11,0x00800000,1,1,1,0,0,13631488,2,0
9.7,soak,12,0x02400000,1,1,1,0,0,14680064,2,0
10.4,soak,13,0x00400000,1,1,1,0,0,15728640,2,0
11.1,soak,14,0x02000000,1,1,1,0,0,16777216,2,0
11.8,soak,15,0x00000000,1,1,1,0,0,17825792,2,0
12.5,soak,16,0x01C00000,1,1,1,0,0,18874368,2,0
13.2,soak,17,0x03800000,1,1,1,0,0,19922944,2,0
13.9,soak,18,0x01800000,1,1,1,0,0,20971520,2,0
14.7,soak,19,0x03400000,1,1,1,0,0,22020096,2,0
15.3,concurrent,20,0x01400000,0,1,1,1505,1,23068672,3,0
15.9,verify-A,20,0x01400000,0,1,1,0,1,24117248,4,0
16.6,soak,21,0x03000000,1,1,1,0,0,25165824,4,0
17.3,soak,22,0x01000000,1,1,1,0,0,26214400,4,0
18.0,soak,23,0x02C00000,1,1,1,0,0,27262976,4,0
18.8,soak,24,0x00C00000,1,1,1,0,0,28311552,4,0
19.5,soak,25,0x02800000,1,1,1,0,0,29360128,4,0
20.2,soak,26,0x00800000,1,1,1,0,0,30408704,4,0
20.9,soak,27,0x02400000,1,1,1,0,0,31457280,4,0
21.6,soak,28,0x00400000,1,1,1,0,0,32505856,4,0
22.3,soak,29,0x02000000,1,1,1,0,0,33554432,4,0
23.0,concurrent,30,0x00000000,0,1,1,1506,1,34603008,5,0
23.5,verify-A,30,0x00000000,0,1,1,0,1,35651584,6,0
24.2,soak,31,0x01C00000,1,1,1,0,0,36700160,6,0
24.9,soak,32,0x03800000,1,1,1,0,0,37748736,6,0
25.7,soak,33,0x01800000,1,1,1,0,0,38797312,6,0
26.4,soak,34,0x03400000,1,1,1,0,0,39845888,6,0
27.1,soak,35,0x01400000,1,1,1,0,0,40894464,6,0
27.8,soak,36,0x03000000,1,1,1,0,0,41943040,6,0
28.5,soak,37,0x01000000,1,1,1,0,0,42991616,6,0
29.2,soak,38,0x02C00000,1,1,1,0,0,44040192,6,0
29.9,soak,39,0x00C00000,1,1,1,0,0,45088768,6,0
30.6,concurrent,40,0x02800000,0,1,1,1499,1,46137344,7,0
31.1,verify-A,40,0x02800000,0,1,1,0,1,47185920,8,0
31.9,soak,41,0x00800000,1,1,1,0,0,48234496,8,0
32.6,soak,42,0x02400000,1,1,1,0,0,49283072,8,0
33.3,soak,43,0x00400000,1,1,1,0,0,50331648,8,0
34.0,soak,44,0x02000000,1,1,1,0,0,51380224,8,0
34.7,soak,45,0x00000000,1,1,1,0,0,52428800,8,0
35.4,soak,46,0x01C00000,1,1,1,0,0,53477376,8,0
36.1,soak,47,0x03800000,1,1,1,0,0,54525952,8,0
36.8,soak,48,0x01800000,1,1,1,0,0,55574528,8,0
37.5,soak,49,0x03400000,1,1,1,0,0,56623104,8,0
38.2,concurrent,50,0x01400000,0,1,1,1500,1,57671680,9,0
38.7,verify-A,50,0x01400000,0,1,1,0,1,58720256,10,0
39.4,soak,51,0x03000000,1,1,1,0,0,59768832,10,0
40.1,soak,52,0x01000000,1,1,1,0,0,60817408,10,0
40.8,soak,53,0x02C00000,1,1,1,0,0,61865984,10,0
41.5,soak,54,0x00C00000,1,1,1,0,0,62914560,10,0
42.2,soak,55,0x02800000,1,1,1,0,0,63963136,10,0
42.9,soak,56,0x00800000,1,1,1,0,0,65011712,10,0
43.7,soak,57,0x02400000,1,1,1,0,0,66060288,10,0
44.4,soak,58,0x00400000,1,1,1,0,0,67108864,10,0
45.1,soak,59,0x02000000,1,1,1,0,0,68157440,10,0
45.8,concurrent,60,0x00000000,0,1,1,1496,1,69206016,11,0
46.3,verify-A,60,0x00000000,0,1,1,0,1,70254592,12,0
47.0,soak,61,0x01C00000,1,1,1,0,0,71303168,12,0
47.7,soak,62,0x03800000,1,1,1,0,0,72351744,12,0
48.4,soak,63,0x01800000,1,1,1,0,0,73400320,12,0
49.1,soak,64,0x03400000,1,1,1,0,0,74448896,12,0
49.9,soak,65,0x01400000,1,1,1,0,0,75497472,12,0
50.6,soak,66,0x03000000,1,1,1,0,0,76546048,12,0
51.3,soak,67,0x01000000,1,1,1,0,0,77594624,12,0
52.0,soak,68,0x02C00000,1,1,1,0,0,78643200,12,0
52.7,soak,69,0x00C00000,1,1,1,0,0,79691776,12,0
53.4,concurrent,70,0x02800000,0,1,1,1503,1,80740352,13,0
53.9,verify-A,70,0x02800000,0,1,1,0,1,81788928,14,0
54.6,soak,71,0x00800000,1,1,1,0,0,82837504,14,0
55.3,soak,72,0x02400000,1,1,1,0,0,83886080,14,0
56.0,soak,73,0x00400000,1,1,1,0,0,84934656,14,0
56.7,soak,74,0x02000000,1,1,1,0,0,85983232,14,0
57.4,soak,75,0x00000000,1,1,1,0,0,87031808,14,0
58.1,soak,76,0x01C00000,1,1,1,0,0,88080384,14,0
58.8,soak,77,0x03800000,1,1,1,0,0,89128960,14,0
59.6,soak,78,0x01800000,1,1,1,0,0,90177536,14,0
60.3,soak,79,0x03400000,1,1,1,0,0,91226112,14,0
60.9,concurrent,80,0x01400000,0,1,1,1510,1,92274688,15,0
61.5,verify-A,80,0x01400000,0,1,1,0,1,93323264,16,0
62.2,soak,81,0x03000000,1,1,1,0,0,94371840,16,0
62.9,soak,82,0x01000000,1,1,1,0,0,95420416,16,0
63.6,soak,83,0x02C00000,1,1,1,0,0,96468992,16,0
64.3,soak,84,0x00C00000,1,1,1,0,0,97517568,16,0
65.0,soak,85,0x02800000,1,1,1,0,0,98566144,16,0
65.7,soak,86,0x00800000,1,1,1,0,0,99614720,16,0
66.4,soak,87,0x02400000,1,1,1,0,0,100663296,16,0
67.1,soak,88,0x00400000,1,1,1,0,0,101711872,16,0
67.8,soak,89,0x02000000,1,1,1,0,0,102760448,16,0
68.5,concurrent,90,0x00000000,0,1,1,1497,1,103809024,17,0
69.1,verify-A,90,0x00000000,0,1,1,0,1,104857600,18,0
69.8,soak,91,0x01C00000,1,1,1,0,0,105906176,18,0
70.5,soak,92,0x03800000,1,1,1,0,0,106954752,18,0
71.2,soak,93,0x01800000,1,1,1,0,0,108003328,18,0
71.9,soak,94,0x03400000,1,1,1,0,0,109051904,18,0
72.6,soak,95,0x01400000,1,1,1,0,0,110100480,18,0
73.3,soak,96,0x03000000,1,1,1,0,0,111149056,18,0
74.0,soak,97,0x01000000,1,1,1,0,0,112197632,18,0
74.7,soak,98,0x02C00000,1,1,1,0,0,113246208,18,0
75.4,soak,99,0x00C00000,1,1,1,0,0,114294784,18,0
76.1,concurrent,100,0x02800000,0,1,1,1505,1,115343360,19,0
76.6,verify-A,100,0x02800000,0,1,1,0,1,116391936,20,0
77.3,soak,101,0x00800000,1,1,1,0,0,117440512,20,0
78.0,soak,102,0x02400000,1,1,1,0,0,118489088,20,0
78.8,soak,103,0x00400000,1,1,1,0,0,119537664,20,0
79.5,soak,104,0x02000000,1,1,1,0,0,120586240,20,0
80.2,soak,105,0x00000000,1,1,1,0,0,121634816,20,0
80.9,soak,106,0x01C00000,1,1,1,0,0,122683392,20,0
81.6,soak,107,0x03800000,1,1,1,0,0,123731968,20,0
82.3,soak,108,0x01800000,1,1,1,0,0,124780544,20,0
83.0,soak,109,0x03400000,1,1,1,0,0,125829120,20,0
83.7,concurrent,110,0x01400000,0,1,1,1501,1,126877696,21,0
84.2,verify-A,110,0x01400000,0,1,1,0,1,127926272,22,0
84.9,soak,111,0x03000000,1,1,1,0,0,128974848,22,0
85.6,soak,112,0x01000000,1,1,1,0,0,130023424,22,0
86.3,soak,113,0x02C00000,1,1,1,0,0,131072000,22,0
87.1,soak,114,0x00C00000,1,1,1,0,0,132120576,22,0
87.8,soak,115,0x02800000,1,1,1,0,0,133169152,22,0
88.5,soak,116,0x00800000,1,1,1,0,0,134217728,22,0
89.2,soak,117,0x02400000,1,1,1,0,0,135266304,22,0
89.9,soak,118,0x00400000,1,1,1,0,0,136314880,22,0
90.6,soak,119,0x02000000,1,1,1,0,0,137363456,22,0
91.3,concurrent,120,0x00000000,0,1,1,1509,1,138412032,23,0
91.8,verify-A,120,0x00000000,0,1,1,0,1,139460608,24,0
92.5,soak,121,0x01C00000,1,1,1,0,0,140509184,24,0
93.2,soak,122,0x03800000,1,1,1,0,0,141557760,24,0
93.9,soak,123,0x01800000,1,1,1,0,0,142606336,24,0
94.7,soak,124,0x03400000,1,1,1,0,0,143654912,24,0
95.4,soak,125,0x01400000,1,1,1,0,0,144703488,24,0
96.1,soak,126,0x03000000,1,1,1,0,0,145752064,24,0
96.8,soak,127,0x01000000,1,1,1,0,0,146800640,24,0
97.5,soak,128,0x02C00000,1,1,1,0,0,147849216,24,0
98.2,soak,129,0x00C00000,1,1,1,0,0,148897792,24,0
98.8,concurrent,130,0x02800000,0,1,1,1522,1,149946368,25,0
99.4,verify-A,130,0x02800000,0,1,1,0,1,150994944,26,0
100.1,soak,131,0x00800000,1,1,1,0,0,152043520,26,0
100.8,soak,132,0x02400000,1,1,1,0,0,153092096,26,0
101.5,soak,133,0x00400000,1,1,1,0,0,154140672,26,0
102.2,soak,134,0x02000000,1,1,1,0,0,155189248,26,0
102.9,soak,135,0x00000000,1,1,1,0,0,156237824,26,0
103.6,soak,136,0x01C00000,1,1,1,0,0,157286400,26,0
104.3,soak,137,0x03800000,1,1,1,0,0,158334976,26,0
105.1,soak,138,0x01800000,1,1,1,0,0,159383552,26,0
105.8,soak,139,0x03400000,1,1,1,0,0,160432128,26,0
106.4,concurrent,140,0x01400000,0,1,1,1501,1,161480704,27,0
107.0,verify-A,140,0x01400000,0,1,1,0,1,162529280,28,0
107.7,soak,141,0x03000000,1,1,1,0,0,163577856,28,0
108.4,soak,142,0x01000000,1,1,1,0,0,164626432,28,0
109.1,soak,143,0x02C00000,1,1,1,0,0,165675008,28,0
109.8,soak,144,0x00C00000,1,1,1,0,0,166723584,28,0
110.5,soak,145,0x02800000,1,1,1,0,0,167772160,28,0
111.2,soak,146,0x00800000,1,1,1,0,0,168820736,28,0
111.9,soak,147,0x02400000,1,1,1,0,0,169869312,28,0
112.6,soak,148,0x00400000,1,1,1,0,0,170917888,28,0
113.3,soak,149,0x02000000,1,1,1,0,0,171966464,28,0
114.0,concurrent,150,0x00000000,0,1,1,1497,1,173015040,29,0
114.5,verify-A,150,0x00000000,0,1,1,0,1,174063616,30,0
115.3,soak,151,0x01C00000,1,1,1,0,0,175112192,30,0
116.0,soak,152,0x03800000,1,1,1,0,0,176160768,30,0
116.7,soak,153,0x01800000,1,1,1,0,0,177209344,30,0
117.4,soak,154,0x03400000,1,1,1,0,0,178257920,30,0
118.1,soak,155,0x01400000,1,1,1,0,0,179306496,30,0
118.8,soak,156,0x03000000,1,1,1,0,0,180355072,30,0
119.5,soak,157,0x01000000,1,1,1,0,0,181403648,30,0
120.2,soak,158,0x02C00000,1,1,1,0,0,182452224,30,0
120.9,soak,159,0x00C00000,1,1,1,0,0,183500800,30,0
121.6,concurrent,160,0x02800000,0,1,1,1505,1,184549376,31,0
122.1,verify-A,160,0x02800000,0,1,1,0,1,185597952,32,0
122.8,soak,161,0x00800000,1,1,1,0,0,186646528,32,0
123.5,soak,162,0x02400000,1,1,1,0,0,187695104,32,0
124.3,soak,163,0x00400000,1,1,1,0,0,188743680,32,0
125.0,soak,164,0x02000000,1,1,1,0,0,189792256,32,0
125.7,soak,165,0x00000000,1,1,1,0,0,190840832,32,0
126.4,soak,166,0x01C00000,1,1,1,0,0,191889408,32,0
127.1,soak,167,0x03800000,1,1,1,0,0,192937984,32,0
127.8,soak,168,0x01800000,1,1,1,0,0,193986560,32,0
128.5,soak,169,0x03400000,1,1,1,0,0,195035136,32,0
129.2,concurrent,170,0x01400000,0,1,1,1499,1,196083712,33,0
129.7,verify-A,170,0x01400000,0,1,1,0,1,197132288,34,0
130.4,soak,171,0x03000000,1,1,1,0,0,198180864,34,0
131.1,soak,172,0x01000000,1,1,1,0,0,199229440,34,0
131.8,soak,173,0x02C00000,1,1,1,0,0,200278016,34,0
132.6,soak,174,0x00C00000,1,1,1,0,0,201326592,34,0
133.3,soak,175,0x02800000,1,1,1,0,0,202375168,34,0
134.0,soak,176,0x00800000,1,1,1,0,0,203423744,34,0
134.7,soak,177,0x02400000,1,1,1,0,0,204472320,34,0
135.4,soak,178,0x00400000,1,1,1,0,0,205520896,34,0
136.1,soak,179,0x02000000,1,1,1,0,0,206569472,34,0
136.8,concurrent,180,0x00000000,0,1,1,1497,1,207618048,35,0
137.3,verify-A,180,0x00000000,0,1,1,0,1,208666624,36,0
138.0,soak,181,0x01C00000,1,1,1,0,0,209715200,36,0
138.8,soak,182,0x03800000,1,1,1,0,0,210763776,36,0
139.5,soak,183,0x01800000,1,1,1,0,0,211812352,36,0
140.2,soak,184,0x03400000,1,1,1,0,0,212860928,36,0
140.9,soak,185,0x01400000,1,1,1,0,0,213909504,36,0
141.6,soak,186,0x03000000,1,1,1,0,0,214958080,36,0
142.3,soak,187,0x01000000,1,1,1,0,0,216006656,36,0
143.0,soak,188,0x02C00000,1,1,1,0,0,217055232,36,0
143.7,soak,189,0x00C00000,1,1,1,0,0,218103808,36,0
144.4,concurrent,190,0x02800000,0,1,1,1513,1,219152384,37,0
144.9,verify-A,190,0x02800000,0,1,1,0,1,220200960,38,0
145.6,soak,191,0x00800000,1,1,1,0,0,221249536,38,0
146.4,soak,192,0x02400000,1,1,1,0,0,222298112,38,0
147.1,soak,193,0x00400000,1,1,1,0,0,223346688,38,0
147.8,soak,194,0x02000000,1,1,1,0,0,224395264,38,0
148.5,soak,195,0x00000000,1,1,1,0,0,225443840,38,0
149.2,soak,196,0x01C00000,1,1,1,0,0,226492416,38,0
149.9,soak,197,0x03800000,1,1,1,0,0,227540992,38,0
150.6,soak,198,0x01800000,1,1,1,0,0,228589568,38,0
151.3,soak,199,0x03400000,1,1,1,0,0,229638144,38,0
152.0,concurrent,200,0x01400000,0,1,1,1499,1,230686720,39,0
152.5,verify-A,200,0x01400000,0,1,1,0,1,231735296,40,0
153.2,soak,201,0x03000000,1,1,1,0,0,232783872,40,0
154.0,soak,202,0x01000000,1,1,1,0,0,233832448,40,0
154.7,soak,203,0x02C00000,1,1,1,0,0,234881024,40,0
155.4,soak,204,0x00C00000,1,1,1,0,0,235929600,40,0
156.1,soak,205,0x02800000,1,1,1,0,0,236978176,40,0
156.8,soak,206,0x00800000,1,1,1,0,0,238026752,40,0
157.5,soak,207,0x02400000,1,1,1,0,0,239075328,40,0
158.2,soak,208,0x00400000,1,1,1,0,0,240123904,40,0
158.9,soak,209,0x02000000,1,1,1,0,0,241172480,40,0
159.6,concurrent,210,0x00000000,0,1,1,1508,1,242221056,41,0
160.2,verify-A,210,0x00000000,0,1,1,0,1,243269632,42,0
160.9,soak,211,0x01C00000,1,1,1,0,0,244318208,42,0
161.6,soak,212,0x03800000,1,1,1,0,0,245366784,42,0
162.3,soak,213,0x01800000,1,1,1,0,0,246415360,42,0
163.0,soak,214,0x03400000,1,1,1,0,0,247463936,42,0
163.7,soak,215,0x01400000,1,1,1,0,0,248512512,42,0
164.4,soak,216,0x03000000,1,1,1,0,0,249561088,42,0
165.1,soak,217,0x01000000,1,1,1,0,0,250609664,42,0
165.8,soak,218,0x02C00000,1,1,1,0,0,251658240,42,0
166.6,soak,219,0x00C00000,1,1,1,0,0,252706816,42,0
167.2,concurrent,220,0x02800000,0,1,1,1513,1,253755392,43,0
167.8,verify-A,220,0x02800000,0,1,1,0,1,254803968,44,0
168.5,soak,221,0x00800000,1,1,1,0,0,255852544,44,0
169.2,soak,222,0x02400000,1,1,1,0,0,256901120,44,0
169.9,soak,223,0x00400000,1,1,1,0,0,257949696,44,0
170.6,soak,224,0x02000000,1,1,1,0,0,258998272,44,0
171.4,soak,225,0x00000000,1,1,1,0,0,260046848,44,0
172.1,soak,226,0x01C00000,1,1,1,0,0,261095424,44,0
172.8,soak,227,0x03800000,1,1,1,0,0,262144000,44,0
173.5,soak,228,0x01800000,1,1,1,0,0,263192576,44,0
174.2,soak,229,0x03400000,1,1,1,0,0,264241152,44,0
174.8,concurrent,230,0x01400000,0,1,1,1500,1,265289728,45,0
175.4,verify-A,230,0x01400000,0,1,1,0,1,266338304,46,0
176.1,soak,231,0x03000000,1,1,1,0,0,267386880,46,0
176.8,soak,232,0x01000000,1,1,1,0,0,268435456,46,0
177.6,soak,233,0x02C00000,1,1,1,0,0,269484032,46,0
178.3,soak,234,0x00C00000,1,1,1,0,0,270532608,46,0
179.0,soak,235,0x02800000,1,1,1,0,0,271581184,46,0
179.7,soak,236,0x00800000,1,1,1,0,0,272629760,46,0
180.4,soak,237,0x02400000,1,1,1,0,0,273678336,46,0
181.1,soak,238,0x00400000,1,1,1,0,0,274726912,46,0
181.8,soak,239,0x02000000,1,1,1,0,0,275775488,46,0
182.5,concurrent,240,0x00000000,0,1,1,1507,1,276824064,47,0
183.0,verify-A,240,0x00000000,0,1,1,0,1,277872640,48,0
183.7,soak,241,0x01C00000,1,1,1,0,0,278921216,48,0
184.4,soak,242,0x03800000,1,1,1,0,0,279969792,48,0
185.2,soak,243,0x01800000,1,1,1,0,0,281018368,48,0
185.9,soak,244,0x03400000,1,1,1,0,0,282066944,48,0
186.6,soak,245,0x01400000,1,1,1,0,0,283115520,48,0
187.3,soak,246,0x03000000,1,1,1,0,0,284164096,48,0
188.0,soak,247,0x01000000,1,1,1,0,0,285212672,48,0
188.7,soak,248,0x02C00000,1,1,1,0,0,286261248,48,0
189.4,soak,249,0x00C00000,1,1,1,0,0,287309824,48,0
190.1,concurrent,250,0x02800000,0,1,1,1505,1,288358400,49,0
190.6,verify-A,250,0x02800000,0,1,1,0,1,289406976,50,0
191.4,soak,251,0x00800000,1,1,1,0,0,290455552,50,0
192.1,soak,252,0x02400000,1,1,1,0,0,291504128,50,0
192.8,soak,253,0x00400000,1,1,1,0,0,292552704,50,0
193.5,soak,254,0x02000000,1,1,1,0,0,293601280,50,0
194.2,soak,255,0x00000000,1,1,1,0,0,294649856,50,0
194.9,soak,256,0x01C00000,1,1,1,0,0,295698432,50,0
195.6,soak,257,0x03800000,1,1,1,0,0,296747008,50,0
196.3,soak,258,0x01800000,1,1,1,0,0,297795584,50,0
197.0,soak,259,0x03400000,1,1,1,0,0,298844160,50,0
197.7,concurrent,260,0x01400000,0,1,1,1502,1,299892736,51,0
198.2,verify-A,260,0x01400000,0,1,1,0,1,300941312,52,0
198.9,soak,261,0x03000000,1,1,1,0,0,301989888,52,0
199.6,soak,262,0x01000000,1,1,1,0,0,303038464,52,0
200.3,soak,263,0x02C00000,1,1,1,0,0,304087040,52,0
201.0,soak,264,0x00C00000,1,1,1,0,0,305135616,52,0
201.7,soak,265,0x02800000,1,1,1,0,0,306184192,52,0
202.5,soak,266,0x00800000,1,1,1,0,0,307232768,52,0
203.2,soak,267,0x02400000,1,1,1,0,0,308281344,52,0
203.9,soak,268,0x00400000,1,1,1,0,0,309329920,52,0
204.6,soak,269,0x02000000,1,1,1,0,0,310378496,52,0
205.3,concurrent,270,0x00000000,0,1,1,1496,1,311427072,53,0
205.8,verify-A,270,0x00000000,0,1,1,0,1,312475648,54,0
206.5,soak,271,0x01C00000,1,1,1,0,0,313524224,54,0
207.2,soak,272,0x03800000,1,1,1,0,0,314572800,54,0
207.9,soak,273,0x01800000,1,1,1,0,0,315621376,54,0
208.6,soak,274,0x03400000,1,1,1,0,0,316669952,54,0
209.3,soak,275,0x01400000,1,1,1,0,0,317718528,54,0
210.0,soak,276,0x03000000,1,1,1,0,0,318767104,54,0
210.7,soak,277,0x01000000,1,1,1,0,0,319815680,54,0
211.4,soak,278,0x02C00000,1,1,1,0,0,320864256,54,0
212.1,soak,279,0x00C00000,1,1,1,0,0,321912832,54,0
212.8,concurrent,280,0x02800000,0,1,1,1495,1,322961408,55,0
213.4,verify-A,280,0x02800000,0,1,1,0,1,324009984,56,0
214.1,soak,281,0x00800000,1,1,1,0,0,325058560,56,0
214.8,soak,282,0x02400000,1,1,1,0,0,326107136,56,0
215.5,soak,283,0x00400000,1,1,1,0,0,327155712,56,0
216.2,soak,284,0x02000000,1,1,1,0,0,328204288,56,0
216.9,soak,285,0x00000000,1,1,1,0,0,329252864,56,0
217.6,soak,286,0x01C00000,1,1,1,0,0,330301440,56,0
218.3,soak,287,0x03800000,1,1,1,0,0,331350016,56,0
219.0,soak,288,0x01800000,1,1,1,0,0,332398592,56,0
219.7,soak,289,0x03400000,1,1,1,0,0,333447168,56,0
220.4,concurrent,290,0x01400000,0,1,1,1499,1,334495744,57,0
221.0,verify-A,290,0x01400000,0,1,1,0,1,335544320,58,0
221.7,soak,291,0x03000000,1,1,1,0,0,336592896,58,0
222.4,soak,292,0x01000000,1,1,1,0,0,337641472,58,0
223.1,soak,293,0x02C00000,1,1,1,0,0,338690048,58,0
223.8,soak,294,0x00C00000,1,1,1,0,0,339738624,58,0
224.5,soak,295,0x02800000,1,1,1,0,0,340787200,58,0
225.2,soak,296,0x00800000,1,1,1,0,0,341835776,58,0
225.9,soak,297,0x02400000,1,1,1,0,0,342884352,58,0
226.6,soak,298,0x00400000,1,1,1,0,0,343932928,58,0
227.3,soak,299,0x02000000,1,1,1,0,0,344981504,58,0
228.0,concurrent,300,0x00000000,0,1,1,1499,1,346030080,59,0
228.6,verify-A,300,0x00000000,0,1,1,0,1,347078656,60,0
229.3,soak,301,0x01C00000,1,1,1,0,0,348127232,60,0
230.0,soak,302,0x03800000,1,1,1,0,0,349175808,60,0
230.7,soak,303,0x01800000,1,1,1,0,0,350224384,60,0
231.4,soak,304,0x03400000,1,1,1,0,0,351272960,60,0
232.1,soak,305,0x01400000,1,1,1,0,0,352321536,60,0
232.8,soak,306,0x03000000,1,1,1,0,0,353370112,60,0
233.5,soak,307,0x01000000,1,1,1,0,0,354418688,60,0
234.2,soak,308,0x02C00000,1,1,1,0,0,355467264,60,0
235.0,soak,309,0x00C00000,1,1,1,0,0,356515840,60,0
235.6,concurrent,310,0x02800000,0,1,1,1507,1,357564416,61,0
236.2,verify-A,310,0x02800000,0,1,1,0,1,358612992,62,0
236.9,soak,311,0x00800000,1,1,1,0,0,359661568,62,0
237.6,soak,312,0x02400000,1,1,1,0,0,360710144,62,0
238.3,soak,313,0x00400000,1,1,1,0,0,361758720,62,0
239.0,soak,314,0x02000000,1,1,1,0,0,362807296,62,0
239.7,soak,315,0x00000000,1,1,1,0,0,363855872,62,0
240.4,soak,316,0x01C00000,1,1,1,0,0,364904448,62,0
241.1,soak,317,0x03800000,1,1,1,0,0,365953024,62,0
241.8,soak,318,0x01800000,1,1,1,0,0,367001600,62,0
242.6,soak,319,0x03400000,1,1,1,0,0,368050176,62,0
243.2,concurrent,320,0x01400000,0,1,1,1508,1,369098752,63,0
243.8,verify-A,320,0x01400000,0,1,1,0,1,370147328,64,0
244.5,soak,321,0x03000000,1,1,1,0,0,371195904,64,0
245.2,soak,322,0x01000000,1,1,1,0,0,372244480,64,0
245.9,soak,323,0x02C00000,1,1,1,0,0,373293056,64,0
246.6,soak,324,0x00C00000,1,1,1,0,0,374341632,64,0
247.3,soak,325,0x02800000,1,1,1,0,0,375390208,64,0
248.0,soak,326,0x00800000,1,1,1,0,0,376438784,64,0
248.7,soak,327,0x02400000,1,1,1,0,0,377487360,64,0
249.4,soak,328,0x00400000,1,1,1,0,0,378535936,64,0
250.2,soak,329,0x02000000,1,1,1,0,0,379584512,64,0
250.8,concurrent,330,0x00000000,0,1,1,1497,1,380633088,65,0
251.4,verify-A,330,0x00000000,0,1,1,0,1,381681664,66,0
252.1,soak,331,0x01C00000,1,1,1,0,0,382730240,66,0
252.8,soak,332,0x03800000,1,1,1,0,0,383778816,66,0
253.5,soak,333,0x01800000,1,1,1,0,0,384827392,66,0
254.2,soak,334,0x03400000,1,1,1,0,0,385875968,66,0
254.9,soak,335,0x01400000,1,1,1,0,0,386924544,66,0
255.6,soak,336,0x03000000,1,1,1,0,0,387973120,66,0
256.3,soak,337,0x01000000,1,1,1,0,0,389021696,66,0
257.0,soak,338,0x02C00000,1,1,1,0,0,390070272,66,0
257.7,soak,339,0x00C00000,1,1,1,0,0,391118848,66,0
258.4,concurrent,340,0x02800000,0,1,1,1522,1,392167424,67,0
258.9,verify-A,340,0x02800000,0,1,1,0,1,393216000,68,0
259.7,soak,341,0x00800000,1,1,1,0,0,394264576,68,0
260.4,soak,342,0x02400000,1,1,1,0,0,395313152,68,0
261.0,soak,343,0x00400000,1,1,1,0,0,396361728,68,0
261.7,soak,344,0x02000000,1,1,1,0,0,397410304,68,0
262.5,soak,345,0x00000000,1,1,1,0,0,398458880,68,0
263.2,soak,346,0x01C00000,1,1,1,0,0,399507456,68,0
263.9,soak,347,0x03800000,1,1,1,0,0,400556032,68,0
264.6,soak,348,0x01800000,1,1,1,0,0,401604608,68,0
265.3,soak,349,0x03400000,1,1,1,0,0,402653184,68,0
266.0,concurrent,350,0x01400000,0,1,1,1501,1,403701760,69,0
266.5,verify-A,350,0x01400000,0,1,1,0,1,404750336,70,0
267.2,soak,351,0x03000000,1,1,1,0,0,405798912,70,0
267.9,soak,352,0x01000000,1,1,1,0,0,406847488,70,0
268.7,soak,353,0x02C00000,1,1,1,0,0,407896064,70,0
269.4,soak,354,0x00C00000,1,1,1,0,0,408944640,70,0
270.1,soak,355,0x02800000,1,1,1,0,0,409993216,70,0
270.8,soak,356,0x00800000,1,1,1,0,0,411041792,70,0
271.5,soak,357,0x02400000,1,1,1,0,0,412090368,70,0
272.2,soak,358,0x00400000,1,1,1,0,0,413138944,70,0
272.9,soak,359,0x02000000,1,1,1,0,0,414187520,70,0
273.6,concurrent,360,0x00000000,0,1,1,1496,1,415236096,71,0
274.1,verify-A,360,0x00000000,0,1,1,0,1,416284672,72,0
274.8,soak,361,0x01C00000,1,1,1,0,0,417333248,72,0
275.5,soak,362,0x03800000,1,1,1,0,0,418381824,72,0
276.3,soak,363,0x01800000,1,1,1,0,0,419430400,72,0
277.0,soak,364,0x03400000,1,1,1,0,0,420478976,72,0
277.7,soak,365,0x01400000,1,1,1,0,0,421527552,72,0
278.4,soak,366,0x03000000,1,1,1,0,0,422576128,72,0
279.1,soak,367,0x01000000,1,1,1,0,0,423624704,72,0
279.8,soak,368,0x02C00000,1,1,1,0,0,424673280,72,0
280.5,soak,369,0x00C00000,1,1,1,0,0,425721856,72,0
281.2,concurrent,370,0x02800000,0,1,1,1509,1,426770432,73,0
281.7,verify-A,370,0x02800000,0,1,1,0,1,427819008,74,0
282.4,soak,371,0x00800000,1,1,1,0,0,428867584,74,0
283.1,soak,372,0x02400000,1,1,1,0,0,429916160,74,0
283.8,soak,373,0x00400000,1,1,1,0,0,430964736,74,0
284.5,soak,374,0x02000000,1,1,1,0,0,432013312,74,0
285.3,soak,375,0x00000000,1,1,1,0,0,433061888,74,0
286.0,soak,376,0x01C00000,1,1,1,0,0,434110464,74,0
286.7,soak,377,0x03800000,1,1,1,0,0,435159040,74,0
287.4,soak,378,0x01800000,1,1,1,0,0,436207616,74,0
288.1,soak,379,0x03400000,1,1,1,0,0,437256192,74,0
288.8,concurrent,380,0x01400000,0,1,1,1506,1,438304768,75,0
289.3,verify-A,380,0x01400000,0,1,1,0,1,439353344,76,0
290.0,soak,381,0x03000000,1,1,1,0,0,440401920,76,0
290.7,soak,382,0x01000000,1,1,1,0,0,441450496,76,0
291.4,soak,383,0x02C00000,1,1,1,0,0,442499072,76,0
292.1,soak,384,0x00C00000,1,1,1,0,0,443547648,76,0
292.8,soak,385,0x02800000,1,1,1,0,0,444596224,76,0
293.5,soak,386,0x00800000,1,1,1,0,0,445644800,76,0
294.3,soak,387,0x02400000,1,1,1,0,0,446693376,76,0
295.0,soak,388,0x00400000,1,1,1,0,0,447741952,76,0
295.7,soak,389,0x02000000,1,1,1,0,0,448790528,76,0
296.3,concurrent,390,0x00000000,0,1,1,1497,1,449839104,77,0
296.9,verify-A,390,0x00000000,0,1,1,0,1,450887680,78,0
297.6,soak,391,0x01C00000,1,1,1,0,0,451936256,78,0
298.3,soak,392,0x03800000,1,1,1,0,0,452984832,78,0
299.0,soak,393,0x01800000,1,1,1,0,0,454033408,78,0
299.7,soak,394,0x03400000,1,1,1,0,0,455081984,78,0
300.4,soak,395,0x01400000,1,1,1,0,0,456130560,78,0
302.8,eye,395,0x00000000,1,1,1,0,0,456130560,78,0
303.5,soak,396,0x03000000,1,1,1,0,0,457179136,78,0
304.2,soak,397,0x01000000,1,1,1,0,0,458227712,78,0
304.9,soak,398,0x02C00000,1,1,1,0,0,459276288,78,0
305.6,soak,399,0x00C00000,1,1,1,0,0,460324864,78,0
306.3,concurrent,400,0x02800000,0,1,1,1517,1,461373440,79,0
306.8,verify-A,400,0x02800000,0,1,1,0,1,462422016,80,0
307.6,soak,401,0x00800000,1,1,1,0,0,463470592,80,0
308.3,soak,402,0x02400000,1,1,1,0,0,464519168,80,0
309.0,soak,403,0x00400000,1,1,1,0,0,465567744,80,0
309.7,soak,404,0x02000000,1,1,1,0,0,466616320,80,0
310.4,soak,405,0x00000000,1,1,1,0,0,467664896,80,0
311.1,soak,406,0x01C00000,1,1,1,0,0,468713472,80,0
311.8,soak,407,0x03800000,1,1,1,0,0,469762048,80,0
312.5,soak,408,0x01800000,1,1,1,0,0,470810624,80,0
313.3,soak,409,0x03400000,1,1,1,0,0,471859200,80,0
313.9,concurrent,410,0x01400000,0,1,1,1507,1,472907776,81,0
314.5,verify-A,410,0x01400000,0,1,1,0,1,473956352,82,0
315.2,soak,411,0x03000000,1,1,1,0,0,475004928,82,0
315.9,soak,412,0x01000000,1,1,1,0,0,476053504,82,0
316.6,soak,413,0x02C00000,1,1,1,0,0,477102080,82,0
317.3,soak,414,0x00C00000,1,1,1,0,0,478150656,82,0
318.0,soak,415,0x02800000,1,1,1,0,0,479199232,82,0
318.7,soak,416,0x00800000,1,1,1,0,0,480247808,82,0
319.4,soak,417,0x02400000,1,1,1,0,0,481296384,82,0
320.1,soak,418,0x00400000,1,1,1,0,0,482344960,82,0
320.8,soak,419,0x02000000,1,1,1,0,0,483393536,82,0
321.5,concurrent,420,0x00000000,0,1,1,1500,1,484442112,83,0
322.0,verify-A,420,0x00000000,0,1,1,0,1,485490688,84,0
322.7,soak,421,0x01C00000,1,1,1,0,0,486539264,84,0
323.4,soak,422,0x03800000,1,1,1,0,0,487587840,84,0
324.1,soak,423,0x01800000,1,1,1,0,0,488636416,84,0
324.9,soak,424,0x03400000,1,1,1,0,0,489684992,84,0
325.6,soak,425,0x01400000,1,1,1,0,0,490733568,84,0
326.3,soak,426,0x03000000,1,1,1,0,0,491782144,84,0
327.0,soak,427,0x01000000,1,1,1,0,0,492830720,84,0
327.7,soak,428,0x02C00000,1,1,1,0,0,493879296,84,0
328.4,soak,429,0x00C00000,1,1,1,0,0,494927872,84,0
329.0,concurrent,430,0x02800000,0,1,1,1513,1,495976448,85,0
329.6,verify-A,430,0x02800000,0,1,1,0,1,497025024,86,0
330.3,soak,431,0x00800000,1,1,1,0,0,498073600,86,0
331.0,soak,432,0x02400000,1,1,1,0,0,499122176,86,0
331.7,soak,433,0x00400000,1,1,1,0,0,500170752,86,0
332.4,soak,434,0x02000000,1,1,1,0,0,501219328,86,0
333.1,soak,435,0x00000000,1,1,1,0,0,502267904,86,0
333.8,soak,436,0x01C00000,1,1,1,0,0,503316480,86,0
334.5,soak,437,0x03800000,1,1,1,0,0,504365056,86,0
335.2,soak,438,0x01800000,1,1,1,0,0,505413632,86,0
336.0,soak,439,0x03400000,1,1,1,0,0,506462208,86,0
336.6,concurrent,440,0x01400000,0,1,1,1497,1,507510784,87,0
337.2,verify-A,440,0x01400000,0,1,1,0,1,508559360,88,0
337.9,soak,441,0x03000000,1,1,1,0,0,509607936,88,0
338.6,soak,442,0x01000000,1,1,1,0,0,510656512,88,0
339.3,soak,443,0x02C00000,1,1,1,0,0,511705088,88,0
340.0,soak,444,0x00C00000,1,1,1,0,0,512753664,88,0
340.7,soak,445,0x02800000,1,1,1,0,0,513802240,88,0
341.4,soak,446,0x00800000,1,1,1,0,0,514850816,88,0
342.1,soak,447,0x02400000,1,1,1,0,0,515899392,88,0
342.8,soak,448,0x00400000,1,1,1,0,0,516947968,88,0
343.6,soak,449,0x02000000,1,1,1,0,0,517996544,88,0
344.2,concurrent,450,0x00000000,0,1,1,1497,1,519045120,89,0
344.8,verify-A,450,0x00000000,0,1,1,0,1,520093696,90,0
345.5,soak,451,0x01C00000,1,1,1,0,0,521142272,90,0
346.2,soak,452,0x03800000,1,1,1,0,0,522190848,90,0
346.9,soak,453,0x01800000,1,1,1,0,0,523239424,90,0
347.6,soak,454,0x03400000,1,1,1,0,0,524288000,90,0
348.3,soak,455,0x01400000,1,1,1,0,0,525336576,90,0
349.0,soak,456,0x03000000,1,1,1,0,0,526385152,90,0
349.7,soak,457,0x01000000,1,1,1,0,0,527433728,90,0
350.4,soak,458,0x02C00000,1,1,1,0,0,528482304,90,0
351.1,soak,459,0x00C00000,1,1,1,0,0,529530880,90,0
351.8,concurrent,460,0x02800000,0,1,1,1517,1,530579456,91,0
352.3,verify-A,460,0x02800000,0,1,1,0,1,531628032,92,0
353.0,soak,461,0x00800000,1,1,1,0,0,532676608,92,0
353.7,soak,462,0x02400000,1,1,1,0,0,533725184,92,0
354.4,soak,463,0x00400000,1,1,1,0,0,534773760,92,0
355.1,soak,464,0x02000000,1,1,1,0,0,535822336,92,0
355.8,soak,465,0x00000000,1,1,1,0,0,536870912,92,0
356.5,soak,466,0x01C00000,1,1,1,0,0,537919488,92,0
357.3,soak,467,0x03800000,1,1,1,0,0,538968064,92,0
358.0,soak,468,0x01800000,1,1,1,0,0,540016640,92,0
358.7,soak,469,0x03400000,1,1,1,0,0,541065216,92,0
359.3,concurrent,470,0x01400000,0,1,1,1502,1,542113792,93,0
359.9,verify-A,470,0x01400000,0,1,1,0,1,543162368,94,0
360.6,soak,471,0x03000000,1,1,1,0,0,544210944,94,0
361.3,soak,472,0x01000000,1,1,1,0,0,545259520,94,0
362.0,soak,473,0x02C00000,1,1,1,0,0,546308096,94,0
362.7,soak,474,0x00C00000,1,1,1,0,0,547356672,94,0
363.4,soak,475,0x02800000,1,1,1,0,0,548405248,94,0
364.1,soak,476,0x00800000,1,1,1,0,0,549453824,94,0
364.8,soak,477,0x02400000,1,1,1,0,0,550502400,94,0
365.5,soak,478,0x00400000,1,1,1,0,0,551550976,94,0
366.3,soak,479,0x02000000,1,1,1,0,0,552599552,94,0
366.9,concurrent,480,0x00000000,0,1,1,1515,1,553648128,95,0
367.5,verify-A,480,0x00000000,0,1,1,0,1,554696704,96,0
368.2,soak,481,0x01C00000,1,1,1,0,0,555745280,96,0
368.9,soak,482,0x03800000,1,1,1,0,0,556793856,96,0
369.6,soak,483,0x01800000,1,1,1,0,0,557842432,96,0
370.3,soak,484,0x03400000,1,1,1,0,0,558891008,96,0
371.0,soak,485,0x01400000,1,1,1,0,0,559939584,96,0
371.7,soak,486,0x03000000,1,1,1,0,0,560988160,96,0
372.4,soak,487,0x01000000,1,1,1,0,0,562036736,96,0
373.2,soak,488,0x02C00000,1,1,1,0,0,563085312,96,0
373.9,soak,489,0x00C00000,1,1,1,0,0,564133888,96,0
374.5,concurrent,490,0x02800000,0,1,1,1499,1,565182464,97,0
375.1,verify-A,490,0x02800000,0,1,1,0,1,566231040,98,0
375.8,soak,491,0x00800000,1,1,1,0,0,567279616,98,0
376.5,soak,492,0x02400000,1,1,1,0,0,568328192,98,0
377.2,soak,493,0x00400000,1,1,1,0,0,569376768,98,0
377.9,soak,494,0x02000000,1,1,1,0,0,570425344,98,0
378.6,soak,495,0x00000000,1,1,1,0,0,571473920,98,0
379.3,soak,496,0x01C00000,1,1,1,0,0,572522496,98,0
380.0,soak,497,0x03800000,1,1,1,0,0,573571072,98,0
380.7,soak,498,0x01800000,1,1,1,0,0,574619648,98,0
381.4,soak,499,0x03400000,1,1,1,0,0,575668224,98,0
382.1,concurrent,500,0x01400000,0,1,1,1502,1,576716800,99,0
382.7,verify-A,500,0x01400000,0,1,1,0,1,577765376,100,0
383.4,soak,501,0x03000000,1,1,1,0,0,578813952,100,0
384.1,soak,502,0x01000000,1,1,1,0,0,579862528,100,0
384.8,soak,503,0x02C00000,1,1,1,0,0,580911104,100,0
385.5,soak,504,0x00C00000,1,1,1,0,0,581959680,100,0
386.2,soak,505,0x02800000,1,1,1,0,0,583008256,100,0
386.9,soak,506,0x00800000,1,1,1,0,0,584056832,100,0
387.6,soak,507,0x02400000,1,1,1,0,0,585105408,100,0
388.3,soak,508,0x00400000,1,1,1,0,0,586153984,100,0
389.0,soak,509,0x02000000,1,1,1,0,0,587202560,100,0
389.7,concurrent,510,0x00000000,0,1,1,1496,1,588251136,101,0
390.3,verify-A,510,0x00000000,0,1,1,0,1,589299712,102,0
391.0,soak,511,0x01C00000,1,1,1,0,0,590348288,102,0
391.7,soak,512,0x03800000,1,1,1,0,0,591396864,102,0
392.4,soak,513,0x01800000,1,1,1,0,0,592445440,102,0
393.1,soak,514,0x03400000,1,1,1,0,0,593494016,102,0
393.8,soak,515,0x01400000,1,1,1,0,0,594542592,102,0
394.5,soak,516,0x03000000,1,1,1,0,0,595591168,102,0
395.2,soak,517,0x01000000,1,1,1,0,0,596639744,102,0
396.0,soak,518,0x02C00000,1,1,1,0,0,597688320,102,0
396.7,soak,519,0x00C00000,1,1,1,0,0,598736896,102,0
397.3,concurrent,520,0x02800000,0,1,1,1517,1,599785472,103,0
397.9,verify-A,520,0x02800000,0,1,1,0,1,600834048,104,0
398.6,soak,521,0x00800000,1,1,1,0,0,601882624,104,0
399.3,soak,522,0x02400000,1,1,1,0,0,602931200,104,0
400.0,soak,523,0x00400000,1,1,1,0,0,603979776,104,0
400.7,soak,524,0x02000000,1,1,1,0,0,605028352,104,0
401.4,soak,525,0x00000000,1,1,1,0,0,606076928,104,0
402.1,soak,526,0x01C00000,1,1,1,0,0,607125504,104,0
402.8,soak,527,0x03800000,1,1,1,0,0,608174080,104,0
403.5,soak,528,0x01800000,1,1,1,0,0,609222656,104,0
404.2,soak,529,0x03400000,1,1,1,0,0,610271232,104,0
404.9,concurrent,530,0x01400000,0,1,1,1496,1,611319808,105,0
405.5,verify-A,530,0x01400000,0,1,1,0,1,612368384,106,0
406.2,soak,531,0x03000000,1,1,1,0,0,613416960,106,0
406.9,soak,532,0x01000000,1,1,1,0,0,614465536,106,0
407.6,soak,533,0x02C00000,1,1,1,0,0,615514112,106,0
408.3,soak,534,0x00C00000,1,1,1,0,0,616562688,106,0
409.0,soak,535,0x02800000,1,1,1,0,0,617611264,106,0
409.7,soak,536,0x00800000,1,1,1,0,0,618659840,106,0
410.4,soak,537,0x02400000,1,1,1,0,0,619708416,106,0
411.1,soak,538,0x00400000,1,1,1,0,0,620756992,106,0
411.8,soak,539,0x02000000,1,1,1,0,0,621805568,106,0
412.5,concurrent,540,0x00000000,0,1,1,1496,1,622854144,107,0
413.0,verify-A,540,0x00000000,0,1,1,0,1,623902720,108,0
413.7,soak,541,0x01C00000,1,1,1,0,0,624951296,108,0
414.4,soak,542,0x03800000,1,1,1,0,0,625999872,108,0
415.1,soak,543,0x01800000,1,1,1,0,0,627048448,108,0
415.8,soak,544,0x03400000,1,1,1,0,0,628097024,108,0
416.5,soak,545,0x01400000,1,1,1,0,0,629145600,108,0
417.2,soak,546,0x03000000,1,1,1,0,0,630194176,108,0
417.9,soak,547,0x01000000,1,1,1,0,0,631242752,108,0
418.6,soak,548,0x02C00000,1,1,1,0,0,632291328,108,0
419.3,soak,549,0x00C00000,1,1,1,0,0,633339904,108,0
420.0,concurrent,550,0x02800000,0,1,1,1511,1,634388480,109,0
420.6,verify-A,550,0x02800000,0,1,1,0,1,635437056,110,0
421.3,soak,551,0x00800000,1,1,1,0,0,636485632,110,0
422.0,soak,552,0x02400000,1,1,1,0,0,637534208,110,0
422.7,soak,553,0x00400000,1,1,1,0,0,638582784,110,0
423.4,soak,554,0x02000000,1,1,1,0,0,639631360,110,0
424.1,soak,555,0x00000000,1,1,1,0,0,640679936,110,0
424.8,soak,556,0x01C00000,1,1,1,0,0,641728512,110,0
425.6,soak,557,0x03800000,1,1,1,0,0,642777088,110,0
426.3,soak,558,0x01800000,1,1,1,0,0,643825664,110,0
427.0,soak,559,0x03400000,1,1,1,0,0,644874240,110,0
427.6,concurrent,560,0x01400000,0,1,1,1489,1,645922816,111,0
428.2,verify-A,560,0x01400000,0,1,1,0,1,646971392,112,0
428.9,soak,561,0x03000000,1,1,1,0,0,648019968,112,0
429.6,soak,562,0x01000000,1,1,1,0,0,649068544,112,0
430.3,soak,563,0x02C00000,1,1,1,0,0,650117120,112,0
431.0,soak,564,0x00C00000,1,1,1,0,0,651165696,112,0
431.7,soak,565,0x02800000,1,1,1,0,0,652214272,112,0
432.4,soak,566,0x00800000,1,1,1,0,0,653262848,112,0
433.2,soak,567,0x02400000,1,1,1,0,0,654311424,112,0
433.9,soak,568,0x00400000,1,1,1,0,0,655360000,112,0
434.6,soak,569,0x02000000,1,1,1,0,0,656408576,112,0
435.2,concurrent,570,0x00000000,0,1,1,1496,1,657457152,113,0
435.8,verify-A,570,0x00000000,0,1,1,0,1,658505728,114,0
436.5,soak,571,0x01C00000,1,1,1,0,0,659554304,114,0
437.2,soak,572,0x03800000,1,1,1,0,0,660602880,114,0
437.9,soak,573,0x01800000,1,1,1,0,0,661651456,114,0
438.6,soak,574,0x03400000,1,1,1,0,0,662700032,114,0
439.3,soak,575,0x01400000,1,1,1,0,0,663748608,114,0
440.0,soak,576,0x03000000,1,1,1,0,0,664797184,114,0
440.7,soak,577,0x01000000,1,1,1,0,0,665845760,114,0
441.4,soak,578,0x02C00000,1,1,1,0,0,666894336,114,0
442.1,soak,579,0x00C00000,1,1,1,0,0,667942912,114,0
442.8,concurrent,580,0x02800000,0,1,1,1510,1,668991488,115,0
443.3,verify-A,580,0x02800000,0,1,1,0,1,670040064,116,0
444.0,soak,581,0x00800000,1,1,1,0,0,671088640,116,0
444.8,soak,582,0x02400000,1,1,1,0,0,672137216,116,0
445.5,soak,583,0x00400000,1,1,1,0,0,673185792,116,0
446.2,soak,584,0x02000000,1,1,1,0,0,674234368,116,0
446.9,soak,585,0x00000000,1,1,1,0,0,675282944,116,0
447.6,soak,586,0x01C00000,1,1,1,0,0,676331520,116,0
448.3,soak,587,0x03800000,1,1,1,0,0,677380096,116,0
449.0,soak,588,0x01800000,1,1,1,0,0,678428672,116,0
449.7,soak,589,0x03400000,1,1,1,0,0,679477248,116,0
450.4,concurrent,590,0x01400000,0,1,1,1497,1,680525824,117,0
450.9,verify-A,590,0x01400000,0,1,1,0,1,681574400,118,0
451.6,soak,591,0x03000000,1,1,1,0,0,682622976,118,0
452.4,soak,592,0x01000000,1,1,1,0,0,683671552,118,0
453.1,soak,593,0x02C00000,1,1,1,0,0,684720128,118,0
453.8,soak,594,0x00C00000,1,1,1,0,0,685768704,118,0
454.5,soak,595,0x02800000,1,1,1,0,0,686817280,118,0
455.2,soak,596,0x00800000,1,1,1,0,0,687865856,118,0
455.9,soak,597,0x02400000,1,1,1,0,0,688914432,118,0
456.6,soak,598,0x00400000,1,1,1,0,0,689963008,118,0
457.3,soak,599,0x02000000,1,1,1,0,0,691011584,118,0
458.0,concurrent,600,0x00000000,0,1,1,1506,1,692060160,119,0
458.6,verify-A,600,0x00000000,0,1,1,0,1,693108736,120,0
459.3,soak,601,0x01C00000,1,1,1,0,0,694157312,120,0
460.0,soak,602,0x03800000,1,1,1,0,0,695205888,120,0
460.7,soak,603,0x01800000,1,1,1,0,0,696254464,120,0
461.4,soak,604,0x03400000,1,1,1,0,0,697303040,120,0
462.1,soak,605,0x01400000,1,1,1,0,0,698351616,120,0
462.8,soak,606,0x03000000,1,1,1,0,0,699400192,120,0
463.5,soak,607,0x01000000,1,1,1,0,0,700448768,120,0
464.2,soak,608,0x02C00000,1,1,1,0,0,701497344,120,0
464.9,soak,609,0x00C00000,1,1,1,0,0,702545920,120,0
465.6,concurrent,610,0x02800000,0,1,1,1510,1,703594496,121,0
466.1,verify-A,610,0x02800000,0,1,1,0,1,704643072,122,0
466.8,soak,611,0x00800000,1,1,1,0,0,705691648,122,0
467.5,soak,612,0x02400000,1,1,1,0,0,706740224,122,0
468.2,soak,613,0x00400000,1,1,1,0,0,707788800,122,0
468.9,soak,614,0x02000000,1,1,1,0,0,708837376,122,0
469.6,soak,615,0x00000000,1,1,1,0,0,709885952,122,0
470.4,soak,616,0x01C00000,1,1,1,0,0,710934528,122,0
471.1,soak,617,0x03800000,1,1,1,0,0,711983104,122,0
471.8,soak,618,0x01800000,1,1,1,0,0,713031680,122,0
472.5,soak,619,0x03400000,1,1,1,0,0,714080256,122,0
473.1,concurrent,620,0x01400000,0,1,1,1508,1,715128832,123,0
473.7,verify-A,620,0x01400000,0,1,1,0,1,716177408,124,0
474.4,soak,621,0x03000000,1,1,1,0,0,717225984,124,0
475.1,soak,622,0x01000000,1,1,1,0,0,718274560,124,0
475.8,soak,623,0x02C00000,1,1,1,0,0,719323136,124,0
476.5,soak,624,0x00C00000,1,1,1,0,0,720371712,124,0
477.2,soak,625,0x02800000,1,1,1,0,0,721420288,124,0
477.9,soak,626,0x00800000,1,1,1,0,0,722468864,124,0
478.6,soak,627,0x02400000,1,1,1,0,0,723517440,124,0
479.3,soak,628,0x00400000,1,1,1,0,0,724566016,124,0
480.0,soak,629,0x02000000,1,1,1,0,0,725614592,124,0
480.7,concurrent,630,0x00000000,0,1,1,1495,1,726663168,125,0
481.3,verify-A,630,0x00000000,0,1,1,0,1,727711744,126,0
482.0,soak,631,0x01C00000,1,1,1,0,0,728760320,126,0
482.7,soak,632,0x03800000,1,1,1,0,0,729808896,126,0
483.4,soak,633,0x01800000,1,1,1,0,0,730857472,126,0
484.1,soak,634,0x03400000,1,1,1,0,0,731906048,126,0
484.9,soak,635,0x01400000,1,1,1,0,0,732954624,126,0
485.6,soak,636,0x03000000,1,1,1,0,0,734003200,126,0
486.3,soak,637,0x01000000,1,1,1,0,0,735051776,126,0
487.0,soak,638,0x02C00000,1,1,1,0,0,736100352,126,0
487.7,soak,639,0x00C00000,1,1,1,0,0,737148928,126,0
488.4,concurrent,640,0x02800000,0,1,1,1501,1,738197504,127,0
488.9,verify-A,640,0x02800000,0,1,1,0,1,739246080,128,0
489.6,soak,641,0x00800000,1,1,1,0,0,740294656,128,0
490.3,soak,642,0x02400000,1,1,1,0,0,741343232,128,0
491.0,soak,643,0x00400000,1,1,1,0,0,742391808,128,0
491.7,soak,644,0x02000000,1,1,1,0,0,743440384,128,0
492.4,soak,645,0x00000000,1,1,1,0,0,744488960,128,0
493.1,soak,646,0x01C00000,1,1,1,0,0,745537536,128,0
493.8,soak,647,0x03800000,1,1,1,0,0,746586112,128,0
494.5,soak,648,0x01800000,1,1,1,0,0,747634688,128,0
495.3,soak,649,0x03400000,1,1,1,0,0,748683264,128,0
495.9,concurrent,650,0x01400000,0,1,1,1508,1,749731840,129,0
496.5,verify-A,650,0x01400000,0,1,1,0,1,750780416,130,0
497.2,soak,651,0x03000000,1,1,1,0,0,751828992,130,0
497.9,soak,652,0x01000000,1,1,1,0,0,752877568,130,0
498.6,soak,653,0x02C00000,1,1,1,0,0,753926144,130,0
499.3,soak,654,0x00C00000,1,1,1,0,0,754974720,130,0
500.0,soak,655,0x02800000,1,1,1,0,0,756023296,130,0
500.7,soak,656,0x00800000,1,1,1,0,0,757071872,130,0
501.4,soak,657,0x02400000,1,1,1,0,0,758120448,130,0
502.1,soak,658,0x00400000,1,1,1,0,0,759169024,130,0
502.8,soak,659,0x02000000,1,1,1,0,0,760217600,130,0
503.5,concurrent,660,0x00000000,0,1,1,1494,1,761266176,131,0
504.1,verify-A,660,0x00000000,0,1,1,0,1,762314752,132,0
504.8,soak,661,0x01C00000,1,1,1,0,0,763363328,132,0
505.5,soak,662,0x03800000,1,1,1,0,0,764411904,132,0
506.2,soak,663,0x01800000,1,1,1,0,0,765460480,132,0
506.9,soak,664,0x03400000,1,1,1,0,0,766509056,132,0
507.6,soak,665,0x01400000,1,1,1,0,0,767557632,132,0
508.3,soak,666,0x03000000,1,1,1,0,0,768606208,132,0
509.0,soak,667,0x01000000,1,1,1,0,0,769654784,132,0
509.7,soak,668,0x02C00000,1,1,1,0,0,770703360,132,0
510.4,soak,669,0x00C00000,1,1,1,0,0,771751936,132,0
511.1,concurrent,670,0x02800000,0,1,1,1500,1,772800512,133,0
511.7,verify-A,670,0x02800000,0,1,1,0,1,773849088,134,0
512.4,soak,671,0x00800000,1,1,1,0,0,774897664,134,0
513.1,soak,672,0x02400000,1,1,1,0,0,775946240,134,0
513.8,soak,673,0x00400000,1,1,1,0,0,776994816,134,0
514.5,soak,674,0x02000000,1,1,1,0,0,778043392,134,0
515.2,soak,675,0x00000000,1,1,1,0,0,779091968,134,0
515.9,soak,676,0x01C00000,1,1,1,0,0,780140544,134,0
516.6,soak,677,0x03800000,1,1,1,0,0,781189120,134,0
517.3,soak,678,0x01800000,1,1,1,0,0,782237696,134,0
518.0,soak,679,0x03400000,1,1,1,0,0,783286272,134,0
518.7,concurrent,680,0x01400000,0,1,1,1494,1,784334848,135,0
519.3,verify-A,680,0x01400000,0,1,1,0,1,785383424,136,0
520.0,soak,681,0x03000000,1,1,1,0,0,786432000,136,0
520.7,soak,682,0x01000000,1,1,1,0,0,787480576,136,0
521.4,soak,683,0x02C00000,1,1,1,0,0,788529152,136,0
522.1,soak,684,0x00C00000,1,1,1,0,0,789577728,136,0
522.8,soak,685,0x02800000,1,1,1,0,0,790626304,136,0
523.5,soak,686,0x00800000,1,1,1,0,0,791674880,136,0
524.2,soak,687,0x02400000,1,1,1,0,0,792723456,136,0
524.9,soak,688,0x00400000,1,1,1,0,0,793772032,136,0
525.6,soak,689,0x02000000,1,1,1,0,0,794820608,136,0
526.3,concurrent,690,0x00000000,0,1,1,1498,1,795869184,137,0
526.8,verify-A,690,0x00000000,0,1,1,0,1,796917760,138,0
527.5,soak,691,0x01C00000,1,1,1,0,0,797966336,138,0
528.2,soak,692,0x03800000,1,1,1,0,0,799014912,138,0
529.0,soak,693,0x01800000,1,1,1,0,0,800063488,138,0
529.7,soak,694,0x03400000,1,1,1,0,0,801112064,138,0
530.4,soak,695,0x01400000,1,1,1,0,0,802160640,138,0
531.1,soak,696,0x03000000,1,1,1,0,0,803209216,138,0
531.8,soak,697,0x01000000,1,1,1,0,0,804257792,138,0
532.5,soak,698,0x02C00000,1,1,1,0,0,805306368,138,0
533.2,soak,699,0x00C00000,1,1,1,0,0,806354944,138,0
533.9,concurrent,700,0x02800000,0,1,1,1499,1,807403520,139,0
534.5,verify-A,700,0x02800000,0,1,1,0,1,808452096,140,0
535.2,soak,701,0x00800000,1,1,1,0,0,809500672,140,0
535.9,soak,702,0x02400000,1,1,1,0,0,810549248,140,0
536.6,soak,703,0x00400000,1,1,1,0,0,811597824,140,0
537.3,soak,704,0x02000000,1,1,1,0,0,812646400,140,0
538.0,soak,705,0x00000000,1,1,1,0,0,813694976,140,0
538.7,soak,706,0x01C00000,1,1,1,0,0,814743552,140,0
539.5,soak,707,0x03800000,1,1,1,0,0,815792128,140,0
540.2,soak,708,0x01800000,1,1,1,0,0,816840704,140,0
540.9,soak,709,0x03400000,1,1,1,0,0,817889280,140,0
541.6,concurrent,710,0x01400000,0,1,1,1513,1,818937856,141,0
542.1,verify-A,710,0x01400000,0,1,1,0,1,819986432,142,0
542.8,soak,711,0x03000000,1,1,1,0,0,821035008,142,0
543.5,soak,712,0x01000000,1,1,1,0,0,822083584,142,0
544.2,soak,713,0x02C00000,1,1,1,0,0,823132160,142,0
544.9,soak,714,0x00C00000,1,1,1,0,0,824180736,142,0
545.6,soak,715,0x02800000,1,1,1,0,0,825229312,142,0
546.3,soak,716,0x00800000,1,1,1,0,0,826277888,142,0
547.0,soak,717,0x02400000,1,1,1,0,0,827326464,142,0
547.7,soak,718,0x00400000,1,1,1,0,0,828375040,142,0
548.4,soak,719,0x02000000,1,1,1,0,0,829423616,142,0
549.1,concurrent,720,0x00000000,0,1,1,1500,1,830472192,143,0
549.7,verify-A,720,0x00000000,0,1,1,0,1,831520768,144,0
550.4,soak,721,0x01C00000,1,1,1,0,0,832569344,144,0
551.1,soak,722,0x03800000,1,1,1,0,0,833617920,144,0
551.8,soak,723,0x01800000,1,1,1,0,0,834666496,144,0
552.5,soak,724,0x03400000,1,1,1,0,0,835715072,144,0
553.2,soak,725,0x01400000,1,1,1,0,0,836763648,144,0
553.9,soak,726,0x03000000,1,1,1,0,0,837812224,144,0
554.6,soak,727,0x01000000,1,1,1,0,0,838860800,144,0
555.3,soak,728,0x02C00000,1,1,1,0,0,839909376,144,0
556.0,soak,729,0x00C00000,1,1,1,0,0,840957952,144,0
556.7,concurrent,730,0x02800000,0,1,1,1513,1,842006528,145,0
557.2,verify-A,730,0x02800000,0,1,1,0,1,843055104,146,0
557.9,soak,731,0x00800000,1,1,1,0,0,844103680,146,0
558.7,soak,732,0x02400000,1,1,1,0,0,845152256,146,0
559.4,soak,733,0x00400000,1,1,1,0,0,846200832,146,0
560.1,soak,734,0x02000000,1,1,1,0,0,847249408,146,0
560.8,soak,735,0x00000000,1,1,1,0,0,848297984,146,0
561.5,soak,736,0x01C00000,1,1,1,0,0,849346560,146,0
562.2,soak,737,0x03800000,1,1,1,0,0,850395136,146,0
562.9,soak,738,0x01800000,1,1,1,0,0,851443712,146,0
563.6,soak,739,0x03400000,1,1,1,0,0,852492288,146,0
564.3,concurrent,740,0x01400000,0,1,1,1497,1,853540864,147,0
564.8,verify-A,740,0x01400000,0,1,1,0,1,854589440,148,0
565.5,soak,741,0x03000000,1,1,1,0,0,855638016,148,0
566.2,soak,742,0x01000000,1,1,1,0,0,856686592,148,0
566.9,soak,743,0x02C00000,1,1,1,0,0,857735168,148,0
567.6,soak,744,0x00C00000,1,1,1,0,0,858783744,148,0
568.3,soak,745,0x02800000,1,1,1,0,0,859832320,148,0
569.1,soak,746,0x00800000,1,1,1,0,0,860880896,148,0
569.8,soak,747,0x02400000,1,1,1,0,0,861929472,148,0
570.5,soak,748,0x00400000,1,1,1,0,0,862978048,148,0
571.2,soak,749,0x02000000,1,1,1,0,0,864026624,148,0
571.9,concurrent,750,0x00000000,0,1,1,1501,1,865075200,149,0
572.4,verify-A,750,0x00000000,0,1,1,0,1,866123776,150,0
573.1,soak,751,0x01C00000,1,1,1,0,0,867172352,150,0
573.8,soak,752,0x03800000,1,1,1,0,0,868220928,150,0
574.5,soak,753,0x01800000,1,1,1,0,0,869269504,150,0
575.3,soak,754,0x03400000,1,1,1,0,0,870318080,150,0
576.0,soak,755,0x01400000,1,1,1,0,0,871366656,150,0
576.7,soak,756,0x03000000,1,1,1,0,0,872415232,150,0
577.4,soak,757,0x01000000,1,1,1,0,0,873463808,150,0
578.1,soak,758,0x02C00000,1,1,1,0,0,874512384,150,0
578.8,soak,759,0x00C00000,1,1,1,0,0,875560960,150,0
579.5,concurrent,760,0x02800000,0,1,1,1513,1,876609536,151,0
580.0,verify-A,760,0x02800000,0,1,1,0,1,877658112,152,0
580.7,soak,761,0x00800000,1,1,1,0,0,878706688,152,0
581.4,soak,762,0x02400000,1,1,1,0,0,879755264,152,0
582.1,soak,763,0x00400000,1,1,1,0,0,880803840,152,0
582.8,soak,764,0x02000000,1,1,1,0,0,881852416,152,0
583.5,soak,765,0x00000000,1,1,1,0,0,882900992,152,0
584.2,soak,766,0x01C00000,1,1,1,0,0,883949568,152,0
584.9,soak,767,0x03800000,1,1,1,0,0,884998144,152,0
585.6,soak,768,0x01800000,1,1,1,0,0,886046720,152,0
586.3,soak,769,0x03400000,1,1,1,0,0,887095296,152,0
587.0,concurrent,770,0x01400000,0,1,1,1501,1,888143872,153,0
587.6,verify-A,770,0x01400000,0,1,1,0,1,889192448,154,0
588.3,soak,771,0x03000000,1,1,1,0,0,890241024,154,0
589.0,soak,772,0x01000000,1,1,1,0,0,891289600,154,0
589.7,soak,773,0x02C00000,1,1,1,0,0,892338176,154,0
590.4,soak,774,0x00C00000,1,1,1,0,0,893386752,154,0
591.1,soak,775,0x02800000,1,1,1,0,0,894435328,154,0
591.8,soak,776,0x00800000,1,1,1,0,0,895483904,154,0
592.5,soak,777,0x02400000,1,1,1,0,0,896532480,154,0
593.2,soak,778,0x00400000,1,1,1,0,0,897581056,154,0
593.9,soak,779,0x02000000,1,1,1,0,0,898629632,154,0
594.6,concurrent,780,0x00000000,0,1,1,1490,1,899678208,155,0
595.2,verify-A,780,0x00000000,0,1,1,0,1,900726784,156,0
595.9,soak,781,0x01C00000,1,1,1,0,0,901775360,156,0
596.6,soak,782,0x03800000,1,1,1,0,0,902823936,156,0
597.3,soak,783,0x01800000,1,1,1,0,0,903872512,156,0
598.0,soak,784,0x03400000,1,1,1,0,0,904921088,156,0
598.7,soak,785,0x01400000,1,1,1,0,0,905969664,156,0
599.4,soak,786,0x03000000,1,1,1,0,0,907018240,156,0
600.1,soak,787,0x01000000,1,1,1,0,0,908066816,156,0
600.8,soak,788,0x02C00000,1,1,1,0,0,909115392,156,0
603.2,eye,788,0x00000000,1,1,1,0,0,909115392,156,0
603.9,soak,789,0x00C00000,1,1,1,0,0,910163968,156,0
604.6,concurrent,790,0x02800000,0,1,1,1510,1,911212544,157,0
605.1,verify-A,790,0x02800000,0,1,1,0,1,912261120,158,0
605.8,soak,791,0x00800000,1,1,1,0,0,913309696,158,0
606.5,soak,792,0x02400000,1,1,1,0,0,914358272,158,0
607.2,soak,793,0x00400000,1,1,1,0,0,915406848,158,0
607.9,soak,794,0x02000000,1,1,1,0,0,916455424,158,0
608.6,soak,795,0x00000000,1,1,1,0,0,917504000,158,0
609.3,soak,796,0x01C00000,1,1,1,0,0,918552576,158,0
610.0,soak,797,0x03800000,1,1,1,0,0,919601152,158,0
610.7,soak,798,0x01800000,1,1,1,0,0,920649728,158,0
611.4,soak,799,0x03400000,1,1,1,0,0,921698304,158,0
612.1,concurrent,800,0x01400000,0,1,1,1494,1,922746880,159,0
612.7,verify-A,800,0x01400000,0,1,1,0,1,923795456,160,0
613.4,soak,801,0x03000000,1,1,1,0,0,924844032,160,0
614.1,soak,802,0x01000000,1,1,1,0,0,925892608,160,0
614.8,soak,803,0x02C00000,1,1,1,0,0,926941184,160,0
615.5,soak,804,0x00C00000,1,1,1,0,0,927989760,160,0
616.2,soak,805,0x02800000,1,1,1,0,0,929038336,160,0
616.9,soak,806,0x00800000,1,1,1,0,0,930086912,160,0
617.6,soak,807,0x02400000,1,1,1,0,0,931135488,160,0
618.3,soak,808,0x00400000,1,1,1,0,0,932184064,160,0
619.0,soak,809,0x02000000,1,1,1,0,0,933232640,160,0
619.7,concurrent,810,0x00000000,0,1,1,1506,1,934281216,161,0
620.2,verify-A,810,0x00000000,0,1,1,0,1,935329792,162,0
620.9,soak,811,0x01C00000,1,1,1,0,0,936378368,162,0
621.6,soak,812,0x03800000,1,1,1,0,0,937426944,162,0
622.3,soak,813,0x01800000,1,1,1,0,0,938475520,162,0
623.0,soak,814,0x03400000,1,1,1,0,0,939524096,162,0
623.7,soak,815,0x01400000,1,1,1,0,0,940572672,162,0
624.4,soak,816,0x03000000,1,1,1,0,0,941621248,162,0
625.2,soak,817,0x01000000,1,1,1,0,0,942669824,162,0
625.9,soak,818,0x02C00000,1,1,1,0,0,943718400,162,0
626.6,soak,819,0x00C00000,1,1,1,0,0,944766976,162,0
627.3,concurrent,820,0x02800000,0,1,1,1514,1,945815552,163,0
627.8,verify-A,820,0x02800000,0,1,1,0,1,946864128,164,0
628.5,soak,821,0x00800000,1,1,1,0,0,947912704,164,0
629.2,soak,822,0x02400000,1,1,1,0,0,948961280,164,0
629.9,soak,823,0x00400000,1,1,1,0,0,950009856,164,0
630.6,soak,824,0x02000000,1,1,1,0,0,951058432,164,0
631.3,soak,825,0x00000000,1,1,1,0,0,952107008,164,0
632.0,soak,826,0x01C00000,1,1,1,0,0,953155584,164,0
632.8,soak,827,0x03800000,1,1,1,0,0,954204160,164,0
633.5,soak,828,0x01800000,1,1,1,0,0,955252736,164,0
634.2,soak,829,0x03400000,1,1,1,0,0,956301312,164,0
634.8,concurrent,830,0x01400000,0,1,1,1499,1,957349888,165,0
635.4,verify-A,830,0x01400000,0,1,1,0,1,958398464,166,0
636.1,soak,831,0x03000000,1,1,1,0,0,959447040,166,0
636.8,soak,832,0x01000000,1,1,1,0,0,960495616,166,0
637.5,soak,833,0x02C00000,1,1,1,0,0,961544192,166,0
638.2,soak,834,0x00C00000,1,1,1,0,0,962592768,166,0
638.9,soak,835,0x02800000,1,1,1,0,0,963641344,166,0
639.6,soak,836,0x00800000,1,1,1,0,0,964689920,166,0
640.3,soak,837,0x02400000,1,1,1,0,0,965738496,166,0
641.0,soak,838,0x00400000,1,1,1,0,0,966787072,166,0
641.7,soak,839,0x02000000,1,1,1,0,0,967835648,166,0
642.4,concurrent,840,0x00000000,0,1,1,1507,1,968884224,167,0
643.0,verify-A,840,0x00000000,0,1,1,0,1,969932800,168,0
643.7,soak,841,0x01C00000,1,1,1,0,0,970981376,168,0
644.4,soak,842,0x03800000,1,1,1,0,0,972029952,168,0
645.1,soak,843,0x01800000,1,1,1,0,0,973078528,168,0
645.8,soak,844,0x03400000,1,1,1,0,0,974127104,168,0
646.5,soak,845,0x01400000,1,1,1,0,0,975175680,168,0
647.2,soak,846,0x03000000,1,1,1,0,0,976224256,168,0
647.9,soak,847,0x01000000,1,1,1,0,0,977272832,168,0
648.6,soak,848,0x02C00000,1,1,1,0,0,978321408,168,0
649.3,soak,849,0x00C00000,1,1,1,0,0,979369984,168,0
650.0,concurrent,850,0x02800000,0,1,1,1503,1,980418560,169,0
650.5,verify-A,850,0x02800000,0,1,1,0,1,981467136,170,0
651.2,soak,851,0x00800000,1,1,1,0,0,982515712,170,0
651.9,soak,852,0x02400000,1,1,1,0,0,983564288,170,0
652.6,soak,853,0x00400000,1,1,1,0,0,984612864,170,0
653.3,soak,854,0x02000000,1,1,1,0,0,985661440,170,0
654.0,soak,855,0x00000000,1,1,1,0,0,986710016,170,0
654.7,soak,856,0x01C00000,1,1,1,0,0,987758592,170,0
655.4,soak,857,0x03800000,1,1,1,0,0,988807168,170,0
656.2,soak,858,0x01800000,1,1,1,0,0,989855744,170,0
656.9,soak,859,0x03400000,1,1,1,0,0,990904320,170,0
657.5,concurrent,860,0x01400000,0,1,1,1513,1,991952896,171,0
658.1,verify-A,860,0x01400000,0,1,1,0,1,993001472,172,0
658.8,soak,861,0x03000000,1,1,1,0,0,994050048,172,0
659.5,soak,862,0x01000000,1,1,1,0,0,995098624,172,0
660.2,soak,863,0x02C00000,1,1,1,0,0,996147200,172,0
660.9,soak,864,0x00C00000,1,1,1,0,0,997195776,172,0
661.6,soak,865,0x02800000,1,1,1,0,0,998244352,172,0
662.3,soak,866,0x00800000,1,1,1,0,0,999292928,172,0
663.0,soak,867,0x02400000,1,1,1,0,0,1000341504,172,0
663.7,soak,868,0x00400000,1,1,1,0,0,1001390080,172,0
664.4,soak,869,0x02000000,1,1,1,0,0,1002438656,172,0
665.1,concurrent,870,0x00000000,0,1,1,1489,1,1003487232,173,0
665.6,verify-A,870,0x00000000,0,1,1,0,1,1004535808,174,0
666.3,soak,871,0x01C00000,1,1,1,0,0,1005584384,174,0
667.0,soak,872,0x03800000,1,1,1,0,0,1006632960,174,0
667.7,soak,873,0x01800000,1,1,1,0,0,1007681536,174,0
668.4,soak,874,0x03400000,1,1,1,0,0,1008730112,174,0
669.1,soak,875,0x01400000,1,1,1,0,0,1009778688,174,0
669.8,soak,876,0x03000000,1,1,1,0,0,1010827264,174,0
670.6,soak,877,0x01000000,1,1,1,0,0,1011875840,174,0
671.3,soak,878,0x02C00000,1,1,1,0,0,1012924416,174,0
672.0,soak,879,0x00C00000,1,1,1,0,0,1013972992,174,0
672.6,concurrent,880,0x02800000,0,1,1,1513,1,1015021568,175,0
673.2,verify-A,880,0x02800000,0,1,1,0,1,1016070144,176,0
673.9,soak,881,0x00800000,1,1,1,0,0,1017118720,176,0
674.6,soak,882,0x02400000,1,1,1,0,0,1018167296,176,0
675.3,soak,883,0x00400000,1,1,1,0,0,1019215872,176,0
676.0,soak,884,0x02000000,1,1,1,0,0,1020264448,176,0
676.7,soak,885,0x00000000,1,1,1,0,0,1021313024,176,0
677.4,soak,886,0x01C00000,1,1,1,0,0,1022361600,176,0
678.1,soak,887,0x03800000,1,1,1,0,0,1023410176,176,0
678.8,soak,888,0x01800000,1,1,1,0,0,1024458752,176,0
679.5,soak,889,0x03400000,1,1,1,0,0,1025507328,176,0
680.2,concurrent,890,0x01400000,0,1,1,1504,1,1026555904,177,0
680.8,verify-A,890,0x01400000,0,1,1,0,1,1027604480,178,0
681.5,soak,891,0x03000000,1,1,1,0,0,1028653056,178,0
682.2,soak,892,0x01000000,1,1,1,0,0,1029701632,178,0
682.9,soak,893,0x02C00000,1,1,1,0,0,1030750208,178,0
683.6,soak,894,0x00C00000,1,1,1,0,0,1031798784,178,0
684.3,soak,895,0x02800000,1,1,1,0,0,1032847360,178,0
685.0,soak,896,0x00800000,1,1,1,0,0,1033895936,178,0
685.8,soak,897,0x02400000,1,1,1,0,0,1034944512,178,0
686.5,soak,898,0x00400000,1,1,1,0,0,1035993088,178,0
687.2,soak,899,0x02000000,1,1,1,0,0,1037041664,178,0
687.9,concurrent,900,0x00000000,0,1,1,1501,1,1038090240,179,0
688.4,verify-A,900,0x00000000,0,1,1,0,1,1039138816,180,0
689.1,soak,901,0x01C00000,1,1,1,0,0,1040187392,180,0
689.8,soak,902,0x03800000,1,1,1,0,0,1041235968,180,0
690.5,soak,903,0x01800000,1,1,1,0,0,1042284544,180,0
691.2,soak,904,0x03400000,1,1,1,0,0,1043333120,180,0
691.9,soak,905,0x01400000,1,1,1,0,0,1044381696,180,0
692.6,soak,906,0x03000000,1,1,1,0,0,1045430272,180,0
693.3,soak,907,0x01000000,1,1,1,0,0,1046478848,180,0
694.0,soak,908,0x02C00000,1,1,1,0,0,1047527424,180,0
694.8,soak,909,0x00C00000,1,1,1,0,0,1048576000,180,0
695.4,concurrent,910,0x02800000,0,1,1,1518,1,1049624576,181,0
696.0,verify-A,910,0x02800000,0,1,1,0,1,1050673152,182,0
696.7,soak,911,0x00800000,1,1,1,0,0,1051721728,182,0
697.4,soak,912,0x02400000,1,1,1,0,0,1052770304,182,0
698.1,soak,913,0x00400000,1,1,1,0,0,1053818880,182,0
698.8,soak,914,0x02000000,1,1,1,0,0,1054867456,182,0
699.5,soak,915,0x00000000,1,1,1,0,0,1055916032,182,0
700.2,soak,916,0x01C00000,1,1,1,0,0,1056964608,182,0
700.9,soak,917,0x03800000,1,1,1,0,0,1058013184,182,0
701.6,soak,918,0x01800000,1,1,1,0,0,1059061760,182,0
702.3,soak,919,0x03400000,1,1,1,0,0,1060110336,182,0
703.0,concurrent,920,0x01400000,0,1,1,1508,1,1061158912,183,0
703.5,verify-A,920,0x01400000,0,1,1,0,1,1062207488,184,0
704.2,soak,921,0x03000000,1,1,1,0,0,1063256064,184,0
704.9,soak,922,0x01000000,1,1,1,0,0,1064304640,184,0
705.6,soak,923,0x02C00000,1,1,1,0,0,1065353216,184,0
706.3,soak,924,0x00C00000,1,1,1,0,0,1066401792,184,0
707.0,soak,925,0x02800000,1,1,1,0,0,1067450368,184,0
707.7,soak,926,0x00800000,1,1,1,0,0,1068498944,184,0
708.5,soak,927,0x02400000,1,1,1,0,0,1069547520,184,0
709.2,soak,928,0x00400000,1,1,1,0,0,1070596096,184,0
709.9,soak,929,0x02000000,1,1,1,0,0,1071644672,184,0
710.5,concurrent,930,0x00000000,0,1,1,1495,1,1072693248,185,0
711.1,verify-A,930,0x00000000,0,1,1,0,1,1073741824,186,0
711.8,soak,931,0x01C00000,1,1,1,0,0,1074790400,186,0
712.5,soak,932,0x03800000,1,1,1,0,0,1075838976,186,0
713.3,soak,933,0x01800000,1,1,1,0,0,1076887552,186,0
714.0,soak,934,0x03400000,1,1,1,0,0,1077936128,186,0
714.7,soak,935,0x01400000,1,1,1,0,0,1078984704,186,0
715.4,soak,936,0x03000000,1,1,1,0,0,1080033280,186,0
716.1,soak,937,0x01000000,1,1,1,0,0,1081081856,186,0
716.8,soak,938,0x02C00000,1,1,1,0,0,1082130432,186,0
717.5,soak,939,0x00C00000,1,1,1,0,0,1083179008,186,0
718.1,concurrent,940,0x02800000,0,1,1,1499,1,1084227584,187,0
718.7,verify-A,940,0x02800000,0,1,1,0,1,1085276160,188,0
719.4,soak,941,0x00800000,1,1,1,0,0,1086324736,188,0
720.1,soak,942,0x02400000,1,1,1,0,0,1087373312,188,0
720.8,soak,943,0x00400000,1,1,1,0,0,1088421888,188,0
721.5,soak,944,0x02000000,1,1,1,0,0,1089470464,188,0
722.2,soak,945,0x00000000,1,1,1,0,0,1090519040,188,0
722.9,soak,946,0x01C00000,1,1,1,0,0,1091567616,188,0
723.6,soak,947,0x03800000,1,1,1,0,0,1092616192,188,0
724.3,soak,948,0x01800000,1,1,1,0,0,1093664768,188,0
725.0,soak,949,0x03400000,1,1,1,0,0,1094713344,188,0
725.7,concurrent,950,0x01400000,0,1,1,1504,1,1095761920,189,0
726.3,verify-A,950,0x01400000,0,1,1,0,1,1096810496,190,0
727.0,soak,951,0x03000000,1,1,1,0,0,1097859072,190,0
727.7,soak,952,0x01000000,1,1,1,0,0,1098907648,190,0
728.4,soak,953,0x02C00000,1,1,1,0,0,1099956224,190,0
729.1,soak,954,0x00C00000,1,1,1,0,0,1101004800,190,0
729.8,soak,955,0x02800000,1,1,1,0,0,1102053376,190,0
730.5,soak,956,0x00800000,1,1,1,0,0,1103101952,190,0
731.2,soak,957,0x02400000,1,1,1,0,0,1104150528,190,0
731.9,soak,958,0x00400000,1,1,1,0,0,1105199104,190,0
732.6,soak,959,0x02000000,1,1,1,0,0,1106247680,190,0
733.3,concurrent,960,0x00000000,0,1,1,1497,1,1107296256,191,0
733.8,verify-A,960,0x00000000,0,1,1,0,1,1108344832,192,0
734.5,soak,961,0x01C00000,1,1,1,0,0,1109393408,192,0
735.2,soak,962,0x03800000,1,1,1,0,0,1110441984,192,0
735.9,soak,963,0x01800000,1,1,1,0,0,1111490560,192,0
736.6,soak,964,0x03400000,1,1,1,0,0,1112539136,192,0
737.3,soak,965,0x01400000,1,1,1,0,0,1113587712,192,0
738.1,soak,966,0x03000000,1,1,1,0,0,1114636288,192,0
738.8,soak,967,0x01000000,1,1,1,0,0,1115684864,192,0
739.5,soak,968,0x02C00000,1,1,1,0,0,1116733440,192,0
740.2,soak,969,0x00C00000,1,1,1,0,0,1117782016,192,0
740.9,concurrent,970,0x02800000,0,1,1,1504,1,1118830592,193,0
741.4,verify-A,970,0x02800000,0,1,1,0,1,1119879168,194,0
742.1,soak,971,0x00800000,1,1,1,0,0,1120927744,194,0
742.8,soak,972,0x02400000,1,1,1,0,0,1121976320,194,0
743.5,soak,973,0x00400000,1,1,1,0,0,1123024896,194,0
744.2,soak,974,0x02000000,1,1,1,0,0,1124073472,194,0
744.9,soak,975,0x00000000,1,1,1,0,0,1125122048,194,0
745.7,soak,976,0x01C00000,1,1,1,0,0,1126170624,194,0
746.4,soak,977,0x03800000,1,1,1,0,0,1127219200,194,0
747.1,soak,978,0x01800000,1,1,1,0,0,1128267776,194,0
747.8,soak,979,0x03400000,1,1,1,0,0,1129316352,194,0
748.4,concurrent,980,0x01400000,0,1,1,1503,1,1130364928,195,0
749.0,verify-A,980,0x01400000,0,1,1,0,1,1131413504,196,0
749.7,soak,981,0x03000000,1,1,1,0,0,1132462080,196,0
750.4,soak,982,0x01000000,1,1,1,0,0,1133510656,196,0
751.1,soak,983,0x02C00000,1,1,1,0,0,1134559232,196,0
751.8,soak,984,0x00C00000,1,1,1,0,0,1135607808,196,0
752.5,soak,985,0x02800000,1,1,1,0,0,1136656384,196,0
753.2,soak,986,0x00800000,1,1,1,0,0,1137704960,196,0
753.9,soak,987,0x02400000,1,1,1,0,0,1138753536,196,0
754.6,soak,988,0x00400000,1,1,1,0,0,1139802112,196,0
755.4,soak,989,0x02000000,1,1,1,0,0,1140850688,196,0
756.0,concurrent,990,0x00000000,0,1,1,1494,1,1141899264,197,0
756.6,verify-A,990,0x00000000,0,1,1,0,1,1142947840,198,0
757.3,soak,991,0x01C00000,1,1,1,0,0,1143996416,198,0
758.0,soak,992,0x03800000,1,1,1,0,0,1145044992,198,0
758.7,soak,993,0x01800000,1,1,1,0,0,1146093568,198,0
759.4,soak,994,0x03400000,1,1,1,0,0,1147142144,198,0
760.1,soak,995,0x01400000,1,1,1,0,0,1148190720,198,0
760.8,soak,996,0x03000000,1,1,1,0,0,1149239296,198,0
761.5,soak,997,0x01000000,1,1,1,0,0,1150287872,198,0
762.2,soak,998,0x02C00000,1,1,1,0,0,1151336448,198,0
762.9,soak,999,0x00C00000,1,1,1,0,0,1152385024,198,0
763.6,concurrent,1000,0x02800000,0,1,1,1507,1,1153433600,199,0
764.1,verify-A,1000,0x02800000,0,1,1,0,1,1154482176,200,0
764.8,soak,1001,0x00800000,1,1,1,0,0,1155530752,200,0
765.5,soak,1002,0x02400000,1,1,1,0,0,1156579328,200,0
766.2,soak,1003,0x00400000,1,1,1,0,0,1157627904,200,0
766.9,soak,1004,0x02000000,1,1,1,0,0,1158676480,200,0
767.6,soak,1005,0x00000000,1,1,1,0,0,1159725056,200,0
768.3,soak,1006,0x01C00000,1,1,1,0,0,1160773632,200,0
769.1,soak,1007,0x03800000,1,1,1,0,0,1161822208,200,0
769.8,soak,1008,0x01800000,1,1,1,0,0,1162870784,200,0
770.5,soak,1009,0x03400000,1,1,1,0,0,1163919360,200,0
771.1,concurrent,1010,0x01400000,0,1,1,1506,1,1164967936,201,0
771.7,verify-A,1010,0x01400000,0,1,1,0,1,1166016512,202,0
772.4,soak,1011,0x03000000,1,1,1,0,0,1167065088,202,0
773.1,soak,1012,0x01000000,1,1,1,0,0,1168113664,202,0
773.7,soak,1013,0x02C00000,1,1,1,0,0,1169162240,202,0
774.5,soak,1014,0x00C00000,1,1,1,0,0,1170210816,202,0
775.2,soak,1015,0x02800000,1,1,1,0,0,1171259392,202,0
775.9,soak,1016,0x00800000,1,1,1,0,0,1172307968,202,0
776.6,soak,1017,0x02400000,1,1,1,0,0,1173356544,202,0
777.3,soak,1018,0x00400000,1,1,1,0,0,1174405120,202,0
778.0,soak,1019,0x02000000,1,1,1,0,0,1175453696,202,0
778.7,concurrent,1020,0x00000000,0,1,1,1515,1,1176502272,203,0
779.2,verify-A,1020,0x00000000,0,1,1,0,1,1177550848,204,0
780.0,soak,1021,0x01C00000,1,1,1,0,0,1178599424,204,0
780.7,soak,1022,0x03800000,1,1,1,0,0,1179648000,204,0
781.4,soak,1023,0x01800000,1,1,1,0,0,1180696576,204,0
782.1,soak,1024,0x03400000,1,1,1,0,0,1181745152,204,0
782.8,soak,1025,0x01400000,1,1,1,0,0,1182793728,204,0
783.5,soak,1026,0x03000000,1,1,1,0,0,1183842304,204,0
784.2,soak,1027,0x01000000,1,1,1,0,0,1184890880,204,0
784.9,soak,1028,0x02C00000,1,1,1,0,0,1185939456,204,0
785.6,soak,1029,0x00C00000,1,1,1,0,0,1186988032,204,0
786.3,concurrent,1030,0x02800000,0,1,1,1513,1,1188036608,205,0
786.8,verify-A,1030,0x02800000,0,1,1,0,1,1189085184,206,0
787.6,soak,1031,0x00800000,1,1,1,0,0,1190133760,206,0
788.3,soak,1032,0x02400000,1,1,1,0,0,1191182336,206,0
789.0,soak,1033,0x00400000,1,1,1,0,0,1192230912,206,0
789.7,soak,1034,0x02000000,1,1,1,0,0,1193279488,206,0
790.4,soak,1035,0x00000000,1,1,1,0,0,1194328064,206,0
791.1,soak,1036,0x01C00000,1,1,1,0,0,1195376640,206,0
791.8,soak,1037,0x03800000,1,1,1,0,0,1196425216,206,0
792.5,soak,1038,0x01800000,1,1,1,0,0,1197473792,206,0
793.3,soak,1039,0x03400000,1,1,1,0,0,1198522368,206,0
793.9,concurrent,1040,0x01400000,0,1,1,1502,1,1199570944,207,0
794.5,verify-A,1040,0x01400000,0,1,1,0,1,1200619520,208,0
795.2,soak,1041,0x03000000,1,1,1,0,0,1201668096,208,0
795.9,soak,1042,0x01000000,1,1,1,0,0,1202716672,208,0
796.6,soak,1043,0x02C00000,1,1,1,0,0,1203765248,208,0
797.3,soak,1044,0x00C00000,1,1,1,0,0,1204813824,208,0
798.1,soak,1045,0x02800000,1,1,1,0,0,1205862400,208,0
798.8,soak,1046,0x00800000,1,1,1,0,0,1206910976,208,0
799.5,soak,1047,0x02400000,1,1,1,0,0,1207959552,208,0
800.2,soak,1048,0x00400000,1,1,1,0,0,1209008128,208,0
800.9,soak,1049,0x02000000,1,1,1,0,0,1210056704,208,0
801.5,concurrent,1050,0x00000000,0,1,1,1499,1,1211105280,209,0
802.1,verify-A,1050,0x00000000,0,1,1,0,1,1212153856,210,0
802.8,soak,1051,0x01C00000,1,1,1,0,0,1213202432,210,0
803.5,soak,1052,0x03800000,1,1,1,0,0,1214251008,210,0
804.2,soak,1053,0x01800000,1,1,1,0,0,1215299584,210,0
804.9,soak,1054,0x03400000,1,1,1,0,0,1216348160,210,0
805.7,soak,1055,0x01400000,1,1,1,0,0,1217396736,210,0
806.4,soak,1056,0x03000000,1,1,1,0,0,1218445312,210,0
807.1,soak,1057,0x01000000,1,1,1,0,0,1219493888,210,0
807.8,soak,1058,0x02C00000,1,1,1,0,0,1220542464,210,0
808.5,soak,1059,0x00C00000,1,1,1,0,0,1221591040,210,0
809.1,concurrent,1060,0x02800000,0,1,1,1508,1,1222639616,211,0
809.7,verify-A,1060,0x02800000,0,1,1,0,1,1223688192,212,0
810.4,soak,1061,0x00800000,1,1,1,0,0,1224736768,212,0
811.1,soak,1062,0x02400000,1,1,1,0,0,1225785344,212,0
811.8,soak,1063,0x00400000,1,1,1,0,0,1226833920,212,0
812.5,soak,1064,0x02000000,1,1,1,0,0,1227882496,212,0
813.2,soak,1065,0x00000000,1,1,1,0,0,1228931072,212,0
813.9,soak,1066,0x01C00000,1,1,1,0,0,1229979648,212,0
814.6,soak,1067,0x03800000,1,1,1,0,0,1231028224,212,0
815.3,soak,1068,0x01800000,1,1,1,0,0,1232076800,212,0
816.0,soak,1069,0x03400000,1,1,1,0,0,1233125376,212,0
816.7,concurrent,1070,0x01400000,0,1,1,1489,1,1234173952,213,0
817.2,verify-A,1070,0x01400000,0,1,1,0,1,1235222528,214,0
818.0,soak,1071,0x03000000,1,1,1,0,0,1236271104,214,0
818.7,soak,1072,0x01000000,1,1,1,0,0,1237319680,214,0
819.4,soak,1073,0x02C00000,1,1,1,0,0,1238368256,214,0
820.1,soak,1074,0x00C00000,1,1,1,0,0,1239416832,214,0
820.8,soak,1075,0x02800000,1,1,1,0,0,1240465408,214,0
821.5,soak,1076,0x00800000,1,1,1,0,0,1241513984,214,0
822.2,soak,1077,0x02400000,1,1,1,0,0,1242562560,214,0
822.9,soak,1078,0x00400000,1,1,1,0,0,1243611136,214,0
823.6,soak,1079,0x02000000,1,1,1,0,0,1244659712,214,0
824.3,concurrent,1080,0x00000000,0,1,1,1509,1,1245708288,215,0
824.8,verify-A,1080,0x00000000,0,1,1,0,1,1246756864,216,0
825.6,soak,1081,0x01C00000,1,1,1,0,0,1247805440,216,0
826.3,soak,1082,0x03800000,1,1,1,0,0,1248854016,216,0
827.0,soak,1083,0x01800000,1,1,1,0,0,1249902592,216,0
827.7,soak,1084,0x03400000,1,1,1,0,0,1250951168,216,0
828.4,soak,1085,0x01400000,1,1,1,0,0,1251999744,216,0
829.1,soak,1086,0x03000000,1,1,1,0,0,1253048320,216,0
829.8,soak,1087,0x01000000,1,1,1,0,0,1254096896,216,0
830.6,soak,1088,0x02C00000,1,1,1,0,0,1255145472,216,0
831.3,soak,1089,0x00C00000,1,1,1,0,0,1256194048,216,0
832.0,concurrent,1090,0x02800000,0,1,1,1513,1,1257242624,217,0
832.5,verify-A,1090,0x02800000,0,1,1,0,1,1258291200,218,0
833.2,soak,1091,0x00800000,1,1,1,0,0,1259339776,218,0
833.9,soak,1092,0x02400000,1,1,1,0,0,1260388352,218,0
834.6,soak,1093,0x00400000,1,1,1,0,0,1261436928,218,0
835.3,soak,1094,0x02000000,1,1,1,0,0,1262485504,218,0
836.0,soak,1095,0x00000000,1,1,1,0,0,1263534080,218,0
836.8,soak,1096,0x01C00000,1,1,1,0,0,1264582656,218,0
837.5,soak,1097,0x03800000,1,1,1,0,0,1265631232,218,0
838.2,soak,1098,0x01800000,1,1,1,0,0,1266679808,218,0
838.9,soak,1099,0x03400000,1,1,1,0,0,1267728384,218,0
839.6,concurrent,1100,0x01400000,0,1,1,1500,1,1268776960,219,0
840.1,verify-A,1100,0x01400000,0,1,1,0,1,1269825536,220,0
840.8,soak,1101,0x03000000,1,1,1,0,0,1270874112,220,0
841.5,soak,1102,0x01000000,1,1,1,0,0,1271922688,220,0
842.2,soak,1103,0x02C00000,1,1,1,0,0,1272971264,220,0
842.9,soak,1104,0x00C00000,1,1,1,0,0,1274019840,220,0
843.6,soak,1105,0x02800000,1,1,1,0,0,1275068416,220,0
844.4,soak,1106,0x00800000,1,1,1,0,0,1276116992,220,0
845.1,soak,1107,0x02400000,1,1,1,0,0,1277165568,220,0
845.8,soak,1108,0x00400000,1,1,1,0,0,1278214144,220,0
846.5,soak,1109,0x02000000,1,1,1,0,0,1279262720,220,0
847.1,concurrent,1110,0x00000000,0,1,1,1504,1,1280311296,221,0
847.7,verify-A,1110,0x00000000,0,1,1,0,1,1281359872,222,0
848.4,soak,1111,0x01C00000,1,1,1,0,0,1282408448,222,0
849.1,soak,1112,0x03800000,1,1,1,0,0,1283457024,222,0
849.8,soak,1113,0x01800000,1,1,1,0,0,1284505600,222,0
850.5,soak,1114,0x03400000,1,1,1,0,0,1285554176,222,0
851.2,soak,1115,0x01400000,1,1,1,0,0,1286602752,222,0
851.9,soak,1116,0x03000000,1,1,1,0,0,1287651328,222,0
852.6,soak,1117,0x01000000,1,1,1,0,0,1288699904,222,0
853.3,soak,1118,0x02C00000,1,1,1,0,0,1289748480,222,0
854.0,soak,1119,0x00C00000,1,1,1,0,0,1290797056,222,0
854.7,concurrent,1120,0x02800000,0,1,1,1513,1,1291845632,223,0
855.2,verify-A,1120,0x02800000,0,1,1,0,1,1292894208,224,0
856.0,soak,1121,0x00800000,1,1,1,0,0,1293942784,224,0
856.7,soak,1122,0x02400000,1,1,1,0,0,1294991360,224,0
857.4,soak,1123,0x00400000,1,1,1,0,0,1296039936,224,0
858.1,soak,1124,0x02000000,1,1,1,0,0,1297088512,224,0
858.8,soak,1125,0x00000000,1,1,1,0,0,1298137088,224,0
859.5,soak,1126,0x01C00000,1,1,1,0,0,1299185664,224,0
860.2,soak,1127,0x03800000,1,1,1,0,0,1300234240,224,0
860.9,soak,1128,0x01800000,1,1,1,0,0,1301282816,224,0
861.6,soak,1129,0x03400000,1,1,1,0,0,1302331392,224,0
862.3,concurrent,1130,0x01400000,0,1,1,1495,1,1303379968,225,0
862.8,verify-A,1130,0x01400000,0,1,1,0,1,1304428544,226,0
863.6,soak,1131,0x03000000,1,1,1,0,0,1305477120,226,0
864.3,soak,1132,0x01000000,1,1,1,0,0,1306525696,226,0
865.0,soak,1133,0x02C00000,1,1,1,0,0,1307574272,226,0
865.7,soak,1134,0x00C00000,1,1,1,0,0,1308622848,226,0
866.4,soak,1135,0x02800000,1,1,1,0,0,1309671424,226,0
867.1,soak,1136,0x00800000,1,1,1,0,0,1310720000,226,0
867.8,soak,1137,0x02400000,1,1,1,0,0,1311768576,226,0
868.5,soak,1138,0x00400000,1,1,1,0,0,1312817152,226,0
869.3,soak,1139,0x02000000,1,1,1,0,0,1313865728,226,0
869.9,concurrent,1140,0x00000000,0,1,1,1498,1,1314914304,227,0
870.5,verify-A,1140,0x00000000,0,1,1,0,1,1315962880,228,0
871.2,soak,1141,0x01C00000,1,1,1,0,0,1317011456,228,0
871.9,soak,1142,0x03800000,1,1,1,0,0,1318060032,228,0
872.6,soak,1143,0x01800000,1,1,1,0,0,1319108608,228,0
873.3,soak,1144,0x03400000,1,1,1,0,0,1320157184,228,0
874.0,soak,1145,0x01400000,1,1,1,0,0,1321205760,228,0
874.7,soak,1146,0x03000000,1,1,1,0,0,1322254336,228,0
875.4,soak,1147,0x01000000,1,1,1,0,0,1323302912,228,0
876.1,soak,1148,0x02C00000,1,1,1,0,0,1324351488,228,0
876.9,soak,1149,0x00C00000,1,1,1,0,0,1325400064,228,0
877.5,concurrent,1150,0x02800000,0,1,1,1520,1,1326448640,229,0
878.1,verify-A,1150,0x02800000,0,1,1,0,1,1327497216,230,0
878.8,soak,1151,0x00800000,1,1,1,0,0,1328545792,230,0
879.5,soak,1152,0x02400000,1,1,1,0,0,1329594368,230,0
880.2,soak,1153,0x00400000,1,1,1,0,0,1330642944,230,0
880.9,soak,1154,0x02000000,1,1,1,0,0,1331691520,230,0
881.6,soak,1155,0x00000000,1,1,1,0,0,1332740096,230,0
882.3,soak,1156,0x01C00000,1,1,1,0,0,1333788672,230,0
883.0,soak,1157,0x03800000,1,1,1,0,0,1334837248,230,0
883.7,soak,1158,0x01800000,1,1,1,0,0,1335885824,230,0
884.4,soak,1159,0x03400000,1,1,1,0,0,1336934400,230,0
885.1,concurrent,1160,0x01400000,0,1,1,1501,1,1337982976,231,0
885.6,verify-A,1160,0x01400000,0,1,1,0,1,1339031552,232,0
886.4,soak,1161,0x03000000,1,1,1,0,0,1340080128,232,0
887.1,soak,1162,0x01000000,1,1,1,0,0,1341128704,232,0
887.8,soak,1163,0x02C00000,1,1,1,0,0,1342177280,232,0
888.5,soak,1164,0x00C00000,1,1,1,0,0,1343225856,232,0
889.2,soak,1165,0x02800000,1,1,1,0,0,1344274432,232,0
889.9,soak,1166,0x00800000,1,1,1,0,0,1345323008,232,0
890.6,soak,1167,0x02400000,1,1,1,0,0,1346371584,232,0
891.3,soak,1168,0x00400000,1,1,1,0,0,1347420160,232,0
892.0,soak,1169,0x02000000,1,1,1,0,0,1348468736,232,0
892.7,concurrent,1170,0x00000000,0,1,1,1506,1,1349517312,233,0
893.2,verify-A,1170,0x00000000,0,1,1,0,1,1350565888,234,0
893.9,soak,1171,0x01C00000,1,1,1,0,0,1351614464,234,0
894.6,soak,1172,0x03800000,1,1,1,0,0,1352663040,234,0
895.3,soak,1173,0x01800000,1,1,1,0,0,1353711616,234,0
896.0,soak,1174,0x03400000,1,1,1,0,0,1354760192,234,0
896.8,soak,1175,0x01400000,1,1,1,0,0,1355808768,234,0
897.5,soak,1176,0x03000000,1,1,1,0,0,1356857344,234,0
898.2,soak,1177,0x01000000,1,1,1,0,0,1357905920,234,0
898.9,soak,1178,0x02C00000,1,1,1,0,0,1358954496,234,0
899.6,soak,1179,0x00C00000,1,1,1,0,0,1360003072,234,0
900.2,concurrent,1180,0x02800000,0,1,1,1502,1,1361051648,235,0
900.8,verify-A,1180,0x02800000,0,1,1,0,1,1362100224,236,0
901.5,soak,1181,0x00800000,1,1,1,0,0,1363148800,236,0
903.9,eye,1181,0x00000000,1,1,1,0,0,1363148800,236,0
904.6,soak,1182,0x02400000,1,1,1,0,0,1364197376,236,0
905.3,soak,1183,0x00400000,1,1,1,0,0,1365245952,236,0
906.0,soak,1184,0x02000000,1,1,1,0,0,1366294528,236,0
906.7,soak,1185,0x00000000,1,1,1,0,0,1367343104,236,0
907.4,soak,1186,0x01C00000,1,1,1,0,0,1368391680,236,0
908.1,soak,1187,0x03800000,1,1,1,0,0,1369440256,236,0
908.8,soak,1188,0x01800000,1,1,1,0,0,1370488832,236,0
909.5,soak,1189,0x03400000,1,1,1,0,0,1371537408,236,0
910.2,concurrent,1190,0x01400000,0,1,1,1501,1,1372585984,237,0
910.7,verify-A,1190,0x01400000,0,1,1,0,1,1373634560,238,0
911.4,soak,1191,0x03000000,1,1,1,0,0,1374683136,238,0
912.1,soak,1192,0x01000000,1,1,1,0,0,1375731712,238,0
912.8,soak,1193,0x02C00000,1,1,1,0,0,1376780288,238,0
913.6,soak,1194,0x00C00000,1,1,1,0,0,1377828864,238,0
914.3,soak,1195,0x02800000,1,1,1,0,0,1378877440,238,0
915.0,soak,1196,0x00800000,1,1,1,0,0,1379926016,238,0
915.7,soak,1197,0x02400000,1,1,1,0,0,1380974592,238,0
916.4,soak,1198,0x00400000,1,1,1,0,0,1382023168,238,0
917.1,soak,1199,0x02000000,1,1,1,0,0,1383071744,238,0
917.8,concurrent,1200,0x00000000,0,1,1,1493,1,1384120320,239,0
918.3,verify-A,1200,0x00000000,0,1,1,0,1,1385168896,240,0
919.0,soak,1201,0x01C00000,1,1,1,0,0,1386217472,240,0
919.7,soak,1202,0x03800000,1,1,1,0,0,1387266048,240,0
920.4,soak,1203,0x01800000,1,1,1,0,0,1388314624,240,0
921.1,soak,1204,0x03400000,1,1,1,0,0,1389363200,240,0
921.8,soak,1205,0x01400000,1,1,1,0,0,1390411776,240,0
922.6,soak,1206,0x03000000,1,1,1,0,0,1391460352,240,0
923.3,soak,1207,0x01000000,1,1,1,0,0,1392508928,240,0
924.0,soak,1208,0x02C00000,1,1,1,0,0,1393557504,240,0
924.7,soak,1209,0x00C00000,1,1,1,0,0,1394606080,240,0
925.3,concurrent,1210,0x02800000,0,1,1,1510,1,1395654656,241,0
925.9,verify-A,1210,0x02800000,0,1,1,0,1,1396703232,242,0
926.6,soak,1211,0x00800000,1,1,1,0,0,1397751808,242,0
927.3,soak,1212,0x02400000,1,1,1,0,0,1398800384,242,0
928.0,soak,1213,0x00400000,1,1,1,0,0,1399848960,242,0
928.7,soak,1214,0x02000000,1,1,1,0,0,1400897536,242,0
929.4,soak,1215,0x00000000,1,1,1,0,0,1401946112,242,0
930.1,soak,1216,0x01C00000,1,1,1,0,0,1402994688,242,0
930.8,soak,1217,0x03800000,1,1,1,0,0,1404043264,242,0
931.6,soak,1218,0x01800000,1,1,1,0,0,1405091840,242,0
932.3,soak,1219,0x03400000,1,1,1,0,0,1406140416,242,0
932.9,concurrent,1220,0x01400000,0,1,1,1508,1,1407188992,243,0
933.5,verify-A,1220,0x01400000,0,1,1,0,1,1408237568,244,0
934.2,soak,1221,0x03000000,1,1,1,0,0,1409286144,244,0
934.9,soak,1222,0x01000000,1,1,1,0,0,1410334720,244,0
935.6,soak,1223,0x02C00000,1,1,1,0,0,1411383296,244,0
936.3,soak,1224,0x00C00000,1,1,1,0,0,1412431872,244,0
937.0,soak,1225,0x02800000,1,1,1,0,0,1413480448,244,0
937.7,soak,1226,0x00800000,1,1,1,0,0,1414529024,244,0
938.4,soak,1227,0x02400000,1,1,1,0,0,1415577600,244,0
939.1,soak,1228,0x00400000,1,1,1,0,0,1416626176,244,0
939.8,soak,1229,0x02000000,1,1,1,0,0,1417674752,244,0
940.5,concurrent,1230,0x00000000,0,1,1,1503,1,1418723328,245,0
941.0,verify-A,1230,0x00000000,0,1,1,0,1,1419771904,246,0
941.7,soak,1231,0x01C00000,1,1,1,0,0,1420820480,246,0
942.4,soak,1232,0x03800000,1,1,1,0,0,1421869056,246,0
943.1,soak,1233,0x01800000,1,1,1,0,0,1422917632,246,0
943.9,soak,1234,0x03400000,1,1,1,0,0,1423966208,246,0
944.6,soak,1235,0x01400000,1,1,1,0,0,1425014784,246,0
945.3,soak,1236,0x03000000,1,1,1,0,0,1426063360,246,0
946.0,soak,1237,0x01000000,1,1,1,0,0,1427111936,246,0
946.7,soak,1238,0x02C00000,1,1,1,0,0,1428160512,246,0
947.4,soak,1239,0x00C00000,1,1,1,0,0,1429209088,246,0
948.1,concurrent,1240,0x02800000,0,1,1,1504,1,1430257664,247,0
948.6,verify-A,1240,0x02800000,0,1,1,0,1,1431306240,248,0
949.3,soak,1241,0x00800000,1,1,1,0,0,1432354816,248,0
950.0,soak,1242,0x02400000,1,1,1,0,0,1433403392,248,0
950.7,soak,1243,0x00400000,1,1,1,0,0,1434451968,248,0
951.5,soak,1244,0x02000000,1,1,1,0,0,1435500544,248,0
952.2,soak,1245,0x00000000,1,1,1,0,0,1436549120,248,0
952.9,soak,1246,0x01C00000,1,1,1,0,0,1437597696,248,0
953.6,soak,1247,0x03800000,1,1,1,0,0,1438646272,248,0
954.3,soak,1248,0x01800000,1,1,1,0,0,1439694848,248,0
955.0,soak,1249,0x03400000,1,1,1,0,0,1440743424,248,0
955.7,concurrent,1250,0x01400000,0,1,1,1502,1,1441792000,249,0
956.3,verify-A,1250,0x01400000,0,1,1,0,1,1442840576,250,0
957.0,soak,1251,0x03000000,1,1,1,0,0,1443889152,250,0
957.7,soak,1252,0x01000000,1,1,1,0,0,1444937728,250,0
958.4,soak,1253,0x02C00000,1,1,1,0,0,1445986304,250,0
959.1,soak,1254,0x00C00000,1,1,1,0,0,1447034880,250,0
959.8,soak,1255,0x02800000,1,1,1,0,0,1448083456,250,0
960.5,soak,1256,0x00800000,1,1,1,0,0,1449132032,250,0
961.2,soak,1257,0x02400000,1,1,1,0,0,1450180608,250,0
961.9,soak,1258,0x00400000,1,1,1,0,0,1451229184,250,0
962.6,soak,1259,0x02000000,1,1,1,0,0,1452277760,250,0
963.3,concurrent,1260,0x00000000,0,1,1,1505,1,1453326336,251,0
963.8,verify-A,1260,0x00000000,0,1,1,0,1,1454374912,252,0
964.6,soak,1261,0x01C00000,1,1,1,0,0,1455423488,252,0
965.3,soak,1262,0x03800000,1,1,1,0,0,1456472064,252,0
966.0,soak,1263,0x01800000,1,1,1,0,0,1457520640,252,0
966.7,soak,1264,0x03400000,1,1,1,0,0,1458569216,252,0
967.4,soak,1265,0x01400000,1,1,1,0,0,1459617792,252,0
968.1,soak,1266,0x03000000,1,1,1,0,0,1460666368,252,0
968.8,soak,1267,0x01000000,1,1,1,0,0,1461714944,252,0
969.5,soak,1268,0x02C00000,1,1,1,0,0,1462763520,252,0
970.2,soak,1269,0x00C00000,1,1,1,0,0,1463812096,252,0
970.9,concurrent,1270,0x02800000,0,1,1,1511,1,1464860672,253,0
971.4,verify-A,1270,0x02800000,0,1,1,0,1,1465909248,254,0
972.1,soak,1271,0x00800000,1,1,1,0,0,1466957824,254,0
972.8,soak,1272,0x02400000,1,1,1,0,0,1468006400,254,0
973.6,soak,1273,0x00400000,1,1,1,0,0,1469054976,254,0
974.3,soak,1274,0x02000000,1,1,1,0,0,1470103552,254,0
975.0,soak,1275,0x00000000,1,1,1,0,0,1471152128,254,0
975.7,soak,1276,0x01C00000,1,1,1,0,0,1472200704,254,0
976.4,soak,1277,0x03800000,1,1,1,0,0,1473249280,254,0
977.1,soak,1278,0x01800000,1,1,1,0,0,1474297856,254,0
977.8,soak,1279,0x03400000,1,1,1,0,0,1475346432,254,0
978.5,concurrent,1280,0x01400000,0,1,1,1490,1,1476395008,255,0
979.1,verify-A,1280,0x01400000,0,1,1,0,1,1477443584,256,0
979.8,soak,1281,0x03000000,1,1,1,0,0,1478492160,256,0
980.5,soak,1282,0x01000000,1,1,1,0,0,1479540736,256,0
981.2,soak,1283,0x02C00000,1,1,1,0,0,1480589312,256,0
981.9,soak,1284,0x00C00000,1,1,1,0,0,1481637888,256,0
982.6,soak,1285,0x02800000,1,1,1,0,0,1482686464,256,0
983.3,soak,1286,0x00800000,1,1,1,0,0,1483735040,256,0
984.0,soak,1287,0x02400000,1,1,1,0,0,1484783616,256,0
984.7,soak,1288,0x00400000,1,1,1,0,0,1485832192,256,0
985.5,soak,1289,0x02000000,1,1,1,0,0,1486880768,256,0
986.1,concurrent,1290,0x00000000,0,1,1,1502,1,1487929344,257,0
986.7,verify-A,1290,0x00000000,0,1,1,0,1,1488977920,258,0
987.4,soak,1291,0x01C00000,1,1,1,0,0,1490026496,258,0
988.1,soak,1292,0x03800000,1,1,1,0,0,1491075072,258,0
988.8,soak,1293,0x01800000,1,1,1,0,0,1492123648,258,0
989.5,soak,1294,0x03400000,1,1,1,0,0,1493172224,258,0
990.2,soak,1295,0x01400000,1,1,1,0,0,1494220800,258,0
991.0,soak,1296,0x03000000,1,1,1,0,0,1495269376,258,0
991.7,soak,1297,0x01000000,1,1,1,0,0,1496317952,258,0
992.4,soak,1298,0x02C00000,1,1,1,0,0,1497366528,258,0
993.1,soak,1299,0x00C00000,1,1,1,0,0,1498415104,258,0
993.8,concurrent,1300,0x02800000,0,1,1,1512,1,1499463680,259,0
994.3,verify-A,1300,0x02800000,0,1,1,0,1,1500512256,260,0
995.0,soak,1301,0x00800000,1,1,1,0,0,1501560832,260,0
995.8,soak,1302,0x02400000,1,1,1,0,0,1502609408,260,0
996.5,soak,1303,0x00400000,1,1,1,0,0,1503657984,260,0
997.2,soak,1304,0x02000000,1,1,1,0,0,1504706560,260,0
997.9,soak,1305,0x00000000,1,1,1,0,0,1505755136,260,0
998.6,soak,1306,0x01C00000,1,1,1,0,0,1506803712,260,0
999.3,soak,1307,0x03800000,1,1,1,0,0,1507852288,260,0
1000.0,soak,1308,0x01800000,1,1,1,0,0,1508900864,260,0
1000.7,soak,1309,0x03400000,1,1,1,0,0,1509949440,260,0
1001.4,concurrent,1310,0x01400000,0,1,1,1504,1,1510998016,261,0
1002.0,verify-A,1310,0x01400000,0,1,1,0,1,1512046592,262,0
1002.7,soak,1311,0x03000000,1,1,1,0,0,1513095168,262,0
1003.4,soak,1312,0x01000000,1,1,1,0,0,1514143744,262,0
1004.1,soak,1313,0x02C00000,1,1,1,0,0,1515192320,262,0
1004.8,soak,1314,0x00C00000,1,1,1,0,0,1516240896,262,0
1005.5,soak,1315,0x02800000,1,1,1,0,0,1517289472,262,0
1006.3,soak,1316,0x00800000,1,1,1,0,0,1518338048,262,0
1007.0,soak,1317,0x02400000,1,1,1,0,0,1519386624,262,0
1007.7,soak,1318,0x00400000,1,1,1,0,0,1520435200,262,0
1008.4,soak,1319,0x02000000,1,1,1,0,0,1521483776,262,0
1009.1,concurrent,1320,0x00000000,0,1,1,1507,1,1522532352,263,0
1009.6,verify-A,1320,0x00000000,0,1,1,0,1,1523580928,264,0
1010.3,soak,1321,0x01C00000,1,1,1,0,0,1524629504,264,0
1011.0,soak,1322,0x03800000,1,1,1,0,0,1525678080,264,0
1011.8,soak,1323,0x01800000,1,1,1,0,0,1526726656,264,0
1012.5,soak,1324,0x03400000,1,1,1,0,0,1527775232,264,0
1013.2,soak,1325,0x01400000,1,1,1,0,0,1528823808,264,0
1013.9,soak,1326,0x03000000,1,1,1,0,0,1529872384,264,0
1014.6,soak,1327,0x01000000,1,1,1,0,0,1530920960,264,0
1015.3,soak,1328,0x02C00000,1,1,1,0,0,1531969536,264,0
1016.0,soak,1329,0x00C00000,1,1,1,0,0,1533018112,264,0
1016.7,concurrent,1330,0x02800000,0,1,1,1501,1,1534066688,265,0
1017.2,verify-A,1330,0x02800000,0,1,1,0,1,1535115264,266,0
1017.9,soak,1331,0x00800000,1,1,1,0,0,1536163840,266,0
1018.7,soak,1332,0x02400000,1,1,1,0,0,1537212416,266,0
1019.4,soak,1333,0x00400000,1,1,1,0,0,1538260992,266,0
1020.1,soak,1334,0x02000000,1,1,1,0,0,1539309568,266,0
1020.8,soak,1335,0x00000000,1,1,1,0,0,1540358144,266,0
1021.5,soak,1336,0x01C00000,1,1,1,0,0,1541406720,266,0
1022.2,soak,1337,0x03800000,1,1,1,0,0,1542455296,266,0
1022.9,soak,1338,0x01800000,1,1,1,0,0,1543503872,266,0
1023.6,soak,1339,0x03400000,1,1,1,0,0,1544552448,266,0
1024.3,concurrent,1340,0x01400000,0,1,1,1496,1,1545601024,267,0
1024.9,verify-A,1340,0x01400000,0,1,1,0,1,1546649600,268,0
1025.6,soak,1341,0x03000000,1,1,1,0,0,1547698176,268,0
1026.3,soak,1342,0x01000000,1,1,1,0,0,1548746752,268,0
1027.0,soak,1343,0x02C00000,1,1,1,0,0,1549795328,268,0
1027.7,soak,1344,0x00C00000,1,1,1,0,0,1550843904,268,0
1028.4,soak,1345,0x02800000,1,1,1,0,0,1551892480,268,0
1029.1,soak,1346,0x00800000,1,1,1,0,0,1552941056,268,0
1029.8,soak,1347,0x02400000,1,1,1,0,0,1553989632,268,0
1030.6,soak,1348,0x00400000,1,1,1,0,0,1555038208,268,0
1031.3,soak,1349,0x02000000,1,1,1,0,0,1556086784,268,0
1031.9,concurrent,1350,0x00000000,0,1,1,1491,1,1557135360,269,0
1032.5,verify-A,1350,0x00000000,0,1,1,0,1,1558183936,270,0
1033.2,soak,1351,0x01C00000,1,1,1,0,0,1559232512,270,0
1033.9,soak,1352,0x03800000,1,1,1,0,0,1560281088,270,0
1034.6,soak,1353,0x01800000,1,1,1,0,0,1561329664,270,0
1035.3,soak,1354,0x03400000,1,1,1,0,0,1562378240,270,0
1036.0,soak,1355,0x01400000,1,1,1,0,0,1563426816,270,0
1036.7,soak,1356,0x03000000,1,1,1,0,0,1564475392,270,0
1037.4,soak,1357,0x01000000,1,1,1,0,0,1565523968,270,0
1038.1,soak,1358,0x02C00000,1,1,1,0,0,1566572544,270,0
1038.8,soak,1359,0x00C00000,1,1,1,0,0,1567621120,270,0
1039.5,concurrent,1360,0x02800000,0,1,1,1502,1,1568669696,271,0
1040.0,verify-A,1360,0x02800000,0,1,1,0,1,1569718272,272,0
1040.7,soak,1361,0x00800000,1,1,1,0,0,1570766848,272,0
1041.5,soak,1362,0x02400000,1,1,1,0,0,1571815424,272,0
1042.2,soak,1363,0x00400000,1,1,1,0,0,1572864000,272,0
1042.9,soak,1364,0x02000000,1,1,1,0,0,1573912576,272,0
1043.6,soak,1365,0x00000000,1,1,1,0,0,1574961152,272,0
1044.3,soak,1366,0x01C00000,1,1,1,0,0,1576009728,272,0
1045.0,soak,1367,0x03800000,1,1,1,0,0,1577058304,272,0
1045.7,soak,1368,0x01800000,1,1,1,0,0,1578106880,272,0
1046.4,soak,1369,0x03400000,1,1,1,0,0,1579155456,272,0
1047.1,concurrent,1370,0x01400000,0,1,1,1517,1,1580204032,273,0
1047.6,verify-A,1370,0x01400000,0,1,1,0,1,1581252608,274,0
1048.3,soak,1371,0x03000000,1,1,1,0,0,1582301184,274,0
1049.1,soak,1372,0x01000000,1,1,1,0,0,1583349760,274,0
1049.8,soak,1373,0x02C00000,1,1,1,0,0,1584398336,274,0
1050.5,soak,1374,0x00C00000,1,1,1,0,0,1585446912,274,0
1051.2,soak,1375,0x02800000,1,1,1,0,0,1586495488,274,0
1051.9,soak,1376,0x00800000,1,1,1,0,0,1587544064,274,0
1052.6,soak,1377,0x02400000,1,1,1,0,0,1588592640,274,0
1053.3,soak,1378,0x00400000,1,1,1,0,0,1589641216,274,0
1054.0,soak,1379,0x02000000,1,1,1,0,0,1590689792,274,0
1054.7,concurrent,1380,0x00000000,0,1,1,1515,1,1591738368,275,0
1055.2,verify-A,1380,0x00000000,0,1,1,0,1,1592786944,276,0
1055.9,soak,1381,0x01C00000,1,1,1,0,0,1593835520,276,0
1056.6,soak,1382,0x03800000,1,1,1,0,0,1594884096,276,0
1057.3,soak,1383,0x01800000,1,1,1,0,0,1595932672,276,0
1058.0,soak,1384,0x03400000,1,1,1,0,0,1596981248,276,0
1058.8,soak,1385,0x01400000,1,1,1,0,0,1598029824,276,0
1059.5,soak,1386,0x03000000,1,1,1,0,0,1599078400,276,0
1060.2,soak,1387,0x01000000,1,1,1,0,0,1600126976,276,0
1060.9,soak,1388,0x02C00000,1,1,1,0,0,1601175552,276,0
1061.6,soak,1389,0x00C00000,1,1,1,0,0,1602224128,276,0
1062.2,concurrent,1390,0x02800000,0,1,1,1513,1,1603272704,277,0
1062.8,verify-A,1390,0x02800000,0,1,1,0,1,1604321280,278,0
1063.5,soak,1391,0x00800000,1,1,1,0,0,1605369856,278,0
1064.2,soak,1392,0x02400000,1,1,1,0,0,1606418432,278,0
1064.9,soak,1393,0x00400000,1,1,1,0,0,1607467008,278,0
1065.6,soak,1394,0x02000000,1,1,1,0,0,1608515584,278,0
1066.3,soak,1395,0x00000000,1,1,1,0,0,1609564160,278,0
1067.0,soak,1396,0x01C00000,1,1,1,0,0,1610612736,278,0
1067.8,soak,1397,0x03800000,1,1,1,0,0,1611661312,278,0
1068.5,soak,1398,0x01800000,1,1,1,0,0,1612709888,278,0
1069.2,soak,1399,0x03400000,1,1,1,0,0,1613758464,278,0
1069.8,concurrent,1400,0x01400000,0,1,1,1496,1,1614807040,279,0
1070.4,verify-A,1400,0x01400000,0,1,1,0,1,1615855616,280,0
1071.1,soak,1401,0x03000000,1,1,1,0,0,1616904192,280,0
1071.8,soak,1402,0x01000000,1,1,1,0,0,1617952768,280,0
1072.5,soak,1403,0x02C00000,1,1,1,0,0,1619001344,280,0
1073.2,soak,1404,0x00C00000,1,1,1,0,0,1620049920,280,0
1073.9,soak,1405,0x02800000,1,1,1,0,0,1621098496,280,0
1074.6,soak,1406,0x00800000,1,1,1,0,0,1622147072,280,0
1075.3,soak,1407,0x02400000,1,1,1,0,0,1623195648,280,0
1076.0,soak,1408,0x00400000,1,1,1,0,0,1624244224,280,0
1076.7,soak,1409,0x02000000,1,1,1,0,0,1625292800,280,0
1077.4,concurrent,1410,0x00000000,0,1,1,1505,1,1626341376,281,0
1077.9,verify-A,1410,0x00000000,0,1,1,0,1,1627389952,282,0
1078.6,soak,1411,0x01C00000,1,1,1,0,0,1628438528,282,0
1079.4,soak,1412,0x03800000,1,1,1,0,0,1629487104,282,0
1080.1,soak,1413,0x01800000,1,1,1,0,0,1630535680,282,0
1080.8,soak,1414,0x03400000,1,1,1,0,0,1631584256,282,0
1081.5,soak,1415,0x01400000,1,1,1,0,0,1632632832,282,0
1082.2,soak,1416,0x03000000,1,1,1,0,0,1633681408,282,0
1082.9,soak,1417,0x01000000,1,1,1,0,0,1634729984,282,0
1083.6,soak,1418,0x02C00000,1,1,1,0,0,1635778560,282,0
1084.3,soak,1419,0x00C00000,1,1,1,0,0,1636827136,282,0
1085.0,concurrent,1420,0x02800000,0,1,1,1515,1,1637875712,283,0
1085.5,verify-A,1420,0x02800000,0,1,1,0,1,1638924288,284,0
1086.3,soak,1421,0x00800000,1,1,1,0,0,1639972864,284,0
1087.0,soak,1422,0x02400000,1,1,1,0,0,1641021440,284,0
1087.7,soak,1423,0x00400000,1,1,1,0,0,1642070016,284,0
1088.4,soak,1424,0x02000000,1,1,1,0,0,1643118592,284,0
1089.1,soak,1425,0x00000000,1,1,1,0,0,1644167168,284,0
1089.8,soak,1426,0x01C00000,1,1,1,0,0,1645215744,284,0
1090.5,soak,1427,0x03800000,1,1,1,0,0,1646264320,284,0
1091.3,soak,1428,0x01800000,1,1,1,0,0,1647312896,284,0
1092.0,soak,1429,0x03400000,1,1,1,0,0,1648361472,284,0
1092.6,concurrent,1430,0x01400000,0,1,1,1495,1,1649410048,285,0
1093.2,verify-A,1430,0x01400000,0,1,1,0,1,1650458624,286,0
1093.9,soak,1431,0x03000000,1,1,1,0,0,1651507200,286,0
1094.6,soak,1432,0x01000000,1,1,1,0,0,1652555776,286,0
1095.3,soak,1433,0x02C00000,1,1,1,0,0,1653604352,286,0
1096.0,soak,1434,0x00C00000,1,1,1,0,0,1654652928,286,0
1096.7,soak,1435,0x02800000,1,1,1,0,0,1655701504,286,0
1097.4,soak,1436,0x00800000,1,1,1,0,0,1656750080,286,0
1098.1,soak,1437,0x02400000,1,1,1,0,0,1657798656,286,0
1098.8,soak,1438,0x00400000,1,1,1,0,0,1658847232,286,0
1099.5,soak,1439,0x02000000,1,1,1,0,0,1659895808,286,0
1100.2,concurrent,1440,0x00000000,0,1,1,1504,1,1660944384,287,0
1100.8,verify-A,1440,0x00000000,0,1,1,0,1,1661992960,288,0
1101.5,soak,1441,0x01C00000,1,1,1,0,0,1663041536,288,0
1102.2,soak,1442,0x03800000,1,1,1,0,0,1664090112,288,0
1102.9,soak,1443,0x01800000,1,1,1,0,0,1665138688,288,0
1103.6,soak,1444,0x03400000,1,1,1,0,0,1666187264,288,0
1104.3,soak,1445,0x01400000,1,1,1,0,0,1667235840,288,0
1105.0,soak,1446,0x03000000,1,1,1,0,0,1668284416,288,0
1105.7,soak,1447,0x01000000,1,1,1,0,0,1669332992,288,0
1106.4,soak,1448,0x02C00000,1,1,1,0,0,1670381568,288,0
1107.1,soak,1449,0x00C00000,1,1,1,0,0,1671430144,288,0
1107.8,concurrent,1450,0x02800000,0,1,1,1513,1,1672478720,289,0
1108.3,verify-A,1450,0x02800000,0,1,1,0,1,1673527296,290,0
1109.0,soak,1451,0x00800000,1,1,1,0,0,1674575872,290,0
1109.8,soak,1452,0x02400000,1,1,1,0,0,1675624448,290,0
1110.5,soak,1453,0x00400000,1,1,1,0,0,1676673024,290,0
1111.2,soak,1454,0x02000000,1,1,1,0,0,1677721600,290,0
1111.9,soak,1455,0x00000000,1,1,1,0,0,1678770176,290,0
1112.6,soak,1456,0x01C00000,1,1,1,0,0,1679818752,290,0
1113.3,soak,1457,0x03800000,1,1,1,0,0,1680867328,290,0
1114.0,soak,1458,0x01800000,1,1,1,0,0,1681915904,290,0
1114.7,soak,1459,0x03400000,1,1,1,0,0,1682964480,290,0
1115.4,concurrent,1460,0x01400000,0,1,1,1494,1,1684013056,291,0
1115.9,verify-A,1460,0x01400000,0,1,1,0,1,1685061632,292,0
1116.6,soak,1461,0x03000000,1,1,1,0,0,1686110208,292,0
1117.4,soak,1462,0x01000000,1,1,1,0,0,1687158784,292,0
1118.1,soak,1463,0x02C00000,1,1,1,0,0,1688207360,292,0
1118.8,soak,1464,0x00C00000,1,1,1,0,0,1689255936,292,0
1119.5,soak,1465,0x02800000,1,1,1,0,0,1690304512,292,0
1120.2,soak,1466,0x00800000,1,1,1,0,0,1691353088,292,0
1120.9,soak,1467,0x02400000,1,1,1,0,0,1692401664,292,0
1121.6,soak,1468,0x00400000,1,1,1,0,0,1693450240,292,0
1122.3,soak,1469,0x02000000,1,1,1,0,0,1694498816,292,0
1123.0,concurrent,1470,0x00000000,0,1,1,1490,1,1695547392,293,0
1123.6,verify-A,1470,0x00000000,0,1,1,0,1,1696595968,294,0
1124.2,soak,1471,0x01C00000,1,1,1,0,0,1697644544,294,0
1125.0,soak,1472,0x03800000,1,1,1,0,0,1698693120,294,0
1125.7,soak,1473,0x01800000,1,1,1,0,0,1699741696,294,0
1126.4,soak,1474,0x03400000,1,1,1,0,0,1700790272,294,0
1127.1,soak,1475,0x01400000,1,1,1,0,0,1701838848,294,0
1127.8,soak,1476,0x03000000,1,1,1,0,0,1702887424,294,0
1128.5,soak,1477,0x01000000,1,1,1,0,0,1703936000,294,0
1129.2,soak,1478,0x02C00000,1,1,1,0,0,1704984576,294,0
1129.9,soak,1479,0x00C00000,1,1,1,0,0,1706033152,294,0
1130.6,concurrent,1480,0x02800000,0,1,1,1508,1,1707081728,295,0
1131.1,verify-A,1480,0x02800000,0,1,1,0,1,1708130304,296,0
1131.8,soak,1481,0x00800000,1,1,1,0,0,1709178880,296,0
1132.5,soak,1482,0x02400000,1,1,1,0,0,1710227456,296,0
1133.2,soak,1483,0x00400000,1,1,1,0,0,1711276032,296,0
1133.9,soak,1484,0x02000000,1,1,1,0,0,1712324608,296,0
1134.6,soak,1485,0x00000000,1,1,1,0,0,1713373184,296,0
1135.3,soak,1486,0x01C00000,1,1,1,0,0,1714421760,296,0
1136.0,soak,1487,0x03800000,1,1,1,0,0,1715470336,296,0
1136.7,soak,1488,0x01800000,1,1,1,0,0,1716518912,296,0
1137.4,soak,1489,0x03400000,1,1,1,0,0,1717567488,296,0
1138.1,concurrent,1490,0x01400000,0,1,1,1503,1,1718616064,297,0
1138.6,verify-A,1490,0x01400000,0,1,1,0,1,1719664640,298,0
1139.3,soak,1491,0x03000000,1,1,1,0,0,1720713216,298,0
1140.0,soak,1492,0x01000000,1,1,1,0,0,1721761792,298,0
1140.7,soak,1493,0x02C00000,1,1,1,0,0,1722810368,298,0
1141.4,soak,1494,0x00C00000,1,1,1,0,0,1723858944,298,0
1142.2,soak,1495,0x02800000,1,1,1,0,0,1724907520,298,0
1142.9,soak,1496,0x00800000,1,1,1,0,0,1725956096,298,0
1143.6,soak,1497,0x02400000,1,1,1,0,0,1727004672,298,0
1144.3,soak,1498,0x00400000,1,1,1,0,0,1728053248,298,0
1145.0,soak,1499,0x02000000,1,1,1,0,0,1729101824,298,0
1145.7,concurrent,1500,0x00000000,0,1,1,1513,1,1730150400,299,0
1146.2,verify-A,1500,0x00000000,0,1,1,0,1,1731198976,300,0
1146.9,soak,1501,0x01C00000,1,1,1,0,0,1732247552,300,0
1147.6,soak,1502,0x03800000,1,1,1,0,0,1733296128,300,0
1148.3,soak,1503,0x01800000,1,1,1,0,0,1734344704,300,0
1149.0,soak,1504,0x03400000,1,1,1,0,0,1735393280,300,0
1149.7,soak,1505,0x01400000,1,1,1,0,0,1736441856,300,0
1150.4,soak,1506,0x03000000,1,1,1,0,0,1737490432,300,0
1151.1,soak,1507,0x01000000,1,1,1,0,0,1738539008,300,0
1151.8,soak,1508,0x02C00000,1,1,1,0,0,1739587584,300,0
1152.5,soak,1509,0x00C00000,1,1,1,0,0,1740636160,300,0
1153.2,concurrent,1510,0x02800000,0,1,1,1507,1,1741684736,301,0
1153.8,verify-A,1510,0x02800000,0,1,1,0,1,1742733312,302,0
1154.5,soak,1511,0x00800000,1,1,1,0,0,1743781888,302,0
1155.2,soak,1512,0x02400000,1,1,1,0,0,1744830464,302,0
1155.9,soak,1513,0x00400000,1,1,1,0,0,1745879040,302,0
1156.6,soak,1514,0x02000000,1,1,1,0,0,1746927616,302,0
1157.3,soak,1515,0x00000000,1,1,1,0,0,1747976192,302,0
1158.0,soak,1516,0x01C00000,1,1,1,0,0,1749024768,302,0
1158.7,soak,1517,0x03800000,1,1,1,0,0,1750073344,302,0
1159.4,soak,1518,0x01800000,1,1,1,0,0,1751121920,302,0
1160.2,soak,1519,0x03400000,1,1,1,0,0,1752170496,302,0
1160.8,concurrent,1520,0x01400000,0,1,1,1513,1,1753219072,303,0
1161.4,verify-A,1520,0x01400000,0,1,1,0,1,1754267648,304,0
1162.1,soak,1521,0x03000000,1,1,1,0,0,1755316224,304,0
1162.8,soak,1522,0x01000000,1,1,1,0,0,1756364800,304,0
1163.5,soak,1523,0x02C00000,1,1,1,0,0,1757413376,304,0
1164.2,soak,1524,0x00C00000,1,1,1,0,0,1758461952,304,0
1164.9,soak,1525,0x02800000,1,1,1,0,0,1759510528,304,0
1165.6,soak,1526,0x00800000,1,1,1,0,0,1760559104,304,0
1166.3,soak,1527,0x02400000,1,1,1,0,0,1761607680,304,0
1167.0,soak,1528,0x00400000,1,1,1,0,0,1762656256,304,0
1167.8,soak,1529,0x02000000,1,1,1,0,0,1763704832,304,0
1168.4,concurrent,1530,0x00000000,0,1,1,1520,1,1764753408,305,0
1169.0,verify-A,1530,0x00000000,0,1,1,0,1,1765801984,306,0
1169.7,soak,1531,0x01C00000,1,1,1,0,0,1766850560,306,0
1170.4,soak,1532,0x03800000,1,1,1,0,0,1767899136,306,0
1171.1,soak,1533,0x01800000,1,1,1,0,0,1768947712,306,0
1171.8,soak,1534,0x03400000,1,1,1,0,0,1769996288,306,0
1172.5,soak,1535,0x01400000,1,1,1,0,0,1771044864,306,0
1173.2,soak,1536,0x03000000,1,1,1,0,0,1772093440,306,0
1173.9,soak,1537,0x01000000,1,1,1,0,0,1773142016,306,0
1174.6,soak,1538,0x02C00000,1,1,1,0,0,1774190592,306,0
1175.3,soak,1539,0x00C00000,1,1,1,0,0,1775239168,306,0
1176.0,concurrent,1540,0x02800000,0,1,1,1512,1,1776287744,307,0
1176.5,verify-A,1540,0x02800000,0,1,1,0,1,1777336320,308,0
1177.3,soak,1541,0x00800000,1,1,1,0,0,1778384896,308,0
1178.0,soak,1542,0x02400000,1,1,1,0,0,1779433472,308,0
1178.7,soak,1543,0x00400000,1,1,1,0,0,1780482048,308,0
1179.4,soak,1544,0x02000000,1,1,1,0,0,1781530624,308,0
1180.1,soak,1545,0x00000000,1,1,1,0,0,1782579200,308,0
1180.8,soak,1546,0x01C00000,1,1,1,0,0,1783627776,308,0
1181.5,soak,1547,0x03800000,1,1,1,0,0,1784676352,308,0
1182.2,soak,1548,0x01800000,1,1,1,0,0,1785724928,308,0
1182.9,soak,1549,0x03400000,1,1,1,0,0,1786773504,308,0
1183.6,concurrent,1550,0x01400000,0,1,1,1490,1,1787822080,309,0
1184.1,verify-A,1550,0x01400000,0,1,1,0,1,1788870656,310,0
1184.8,soak,1551,0x03000000,1,1,1,0,0,1789919232,310,0
1185.5,soak,1552,0x01000000,1,1,1,0,0,1790967808,310,0
1186.2,soak,1553,0x02C00000,1,1,1,0,0,1792016384,310,0
1186.9,soak,1554,0x00C00000,1,1,1,0,0,1793064960,310,0
1187.7,soak,1555,0x02800000,1,1,1,0,0,1794113536,310,0
1188.4,soak,1556,0x00800000,1,1,1,0,0,1795162112,310,0
1189.1,soak,1557,0x02400000,1,1,1,0,0,1796210688,310,0
1189.8,soak,1558,0x00400000,1,1,1,0,0,1797259264,310,0
1190.5,soak,1559,0x02000000,1,1,1,0,0,1798307840,310,0
1191.2,concurrent,1560,0x00000000,0,1,1,1503,1,1799356416,311,0
1191.7,verify-A,1560,0x00000000,0,1,1,0,1,1800404992,312,0
1192.4,soak,1561,0x01C00000,1,1,1,0,0,1801453568,312,0
1193.1,soak,1562,0x03800000,1,1,1,0,0,1802502144,312,0
1193.8,soak,1563,0x01800000,1,1,1,0,0,1803550720,312,0
1194.5,soak,1564,0x03400000,1,1,1,0,0,1804599296,312,0
1195.2,soak,1565,0x01400000,1,1,1,0,0,1805647872,312,0
1195.9,soak,1566,0x03000000,1,1,1,0,0,1806696448,312,0
1196.6,soak,1567,0x01000000,1,1,1,0,0,1807745024,312,0
1197.3,soak,1568,0x02C00000,1,1,1,0,0,1808793600,312,0
1198.1,soak,1569,0x00C00000,1,1,1,0,0,1809842176,312,0
1198.7,concurrent,1570,0x02800000,0,1,1,1513,1,1810890752,313,0
1199.3,verify-A,1570,0x02800000,0,1,1,0,1,1811939328,314,0
1200.0,soak,1571,0x00800000,1,1,1,0,0,1812987904,314,0
1200.7,soak,1572,0x02400000,1,1,1,0,0,1814036480,314,0
1201.4,soak,1573,0x00400000,1,1,1,0,0,1815085056,314,0
1202.1,soak,1574,0x02000000,1,1,1,0,0,1816133632,314,0
1204.5,eye,1574,0x00000000,1,1,1,0,0,1816133632,314,0
1205.2,soak,1575,0x00000000,1,1,1,0,0,1817182208,314,0
1205.9,soak,1576,0x01C00000,1,1,1,0,0,1818230784,314,0
1206.6,soak,1577,0x03800000,1,1,1,0,0,1819279360,314,0
1207.3,soak,1578,0x01800000,1,1,1,0,0,1820327936,314,0
1208.0,soak,1579,0x03400000,1,1,1,0,0,1821376512,314,0
1208.7,concurrent,1580,0x01400000,0,1,1,1503,1,1822425088,315,0
1209.2,verify-A,1580,0x01400000,0,1,1,0,1,1823473664,316,0
1209.9,soak,1581,0x03000000,1,1,1,0,0,1824522240,316,0
1210.6,soak,1582,0x01000000,1,1,1,0,0,1825570816,316,0
1211.3,soak,1583,0x02C00000,1,1,1,0,0,1826619392,316,0
1212.1,soak,1584,0x00C00000,1,1,1,0,0,1827667968,316,0
1212.8,soak,1585,0x02800000,1,1,1,0,0,1828716544,316,0
1213.5,soak,1586,0x00800000,1,1,1,0,0,1829765120,316,0
1214.2,soak,1587,0x02400000,1,1,1,0,0,1830813696,316,0
1214.9,soak,1588,0x00400000,1,1,1,0,0,1831862272,316,0
1215.6,soak,1589,0x02000000,1,1,1,0,0,1832910848,316,0
1216.3,concurrent,1590,0x00000000,0,1,1,1489,1,1833959424,317,0
1216.8,verify-A,1590,0x00000000,0,1,1,0,1,1835008000,318,0
1217.5,soak,1591,0x01C00000,1,1,1,0,0,1836056576,318,0
1218.2,soak,1592,0x03800000,1,1,1,0,0,1837105152,318,0
1218.9,soak,1593,0x01800000,1,1,1,0,0,1838153728,318,0
1219.6,soak,1594,0x03400000,1,1,1,0,0,1839202304,318,0
1220.3,soak,1595,0x01400000,1,1,1,0,0,1840250880,318,0
1221.0,soak,1596,0x03000000,1,1,1,0,0,1841299456,318,0
1221.7,soak,1597,0x01000000,1,1,1,0,0,1842348032,318,0
1222.5,soak,1598,0x02C00000,1,1,1,0,0,1843396608,318,0
1223.2,soak,1599,0x00C00000,1,1,1,0,0,1844445184,318,0
1223.8,concurrent,1600,0x02800000,0,1,1,1514,1,1845493760,319,0
1224.4,verify-A,1600,0x02800000,0,1,1,0,1,1846542336,320,0
1225.1,soak,1601,0x00800000,1,1,1,0,0,1847590912,320,0
1225.8,soak,1602,0x02400000,1,1,1,0,0,1848639488,320,0
1226.5,soak,1603,0x00400000,1,1,1,0,0,1849688064,320,0
1227.2,soak,1604,0x02000000,1,1,1,0,0,1850736640,320,0
1227.9,soak,1605,0x00000000,1,1,1,0,0,1851785216,320,0
1228.6,soak,1606,0x01C00000,1,1,1,0,0,1852833792,320,0
1229.3,soak,1607,0x03800000,1,1,1,0,0,1853882368,320,0
1230.1,soak,1608,0x01800000,1,1,1,0,0,1854930944,320,0
1230.8,soak,1609,0x03400000,1,1,1,0,0,1855979520,320,0
1231.4,concurrent,1610,0x01400000,0,1,1,1513,1,1857028096,321,0
1232.0,verify-A,1610,0x01400000,0,1,1,0,1,1858076672,322,0
1232.7,soak,1611,0x03000000,1,1,1,0,0,1859125248,322,0
1233.4,soak,1612,0x01000000,1,1,1,0,0,1860173824,322,0
1234.1,soak,1613,0x02C00000,1,1,1,0,0,1861222400,322,0
1234.8,soak,1614,0x00C00000,1,1,1,0,0,1862270976,322,0
1235.5,soak,1615,0x02800000,1,1,1,0,0,1863319552,322,0
1236.2,soak,1616,0x00800000,1,1,1,0,0,1864368128,322,0
1236.9,soak,1617,0x02400000,1,1,1,0,0,1865416704,322,0
1237.6,soak,1618,0x00400000,1,1,1,0,0,1866465280,322,0
1238.3,soak,1619,0x02000000,1,1,1,0,0,1867513856,322,0
1239.0,concurrent,1620,0x00000000,0,1,1,1493,1,1868562432,323,0
1239.6,verify-A,1620,0x00000000,0,1,1,0,1,1869611008,324,0
1240.3,soak,1621,0x01C00000,1,1,1,0,0,1870659584,324,0
1241.0,soak,1622,0x03800000,1,1,1,0,0,1871708160,324,0
1241.7,soak,1623,0x01800000,1,1,1,0,0,1872756736,324,0
1242.4,soak,1624,0x03400000,1,1,1,0,0,1873805312,324,0
1243.1,soak,1625,0x01400000,1,1,1,0,0,1874853888,324,0
1243.8,soak,1626,0x03000000,1,1,1,0,0,1875902464,324,0
1244.5,soak,1627,0x01000000,1,1,1,0,0,1876951040,324,0
1245.2,soak,1628,0x02C00000,1,1,1,0,0,1877999616,324,0
1245.9,soak,1629,0x00C00000,1,1,1,0,0,1879048192,324,0
1246.6,concurrent,1630,0x02800000,0,1,1,1516,1,1880096768,325,0
1247.2,verify-A,1630,0x02800000,0,1,1,0,1,1881145344,326,0
1247.9,soak,1631,0x00800000,1,1,1,0,0,1882193920,326,0
1248.6,soak,1632,0x02400000,1,1,1,0,0,1883242496,326,0
1249.3,soak,1633,0x00400000,1,1,1,0,0,1884291072,326,0
1250.0,soak,1634,0x02000000,1,1,1,0,0,1885339648,326,0
1250.7,soak,1635,0x00000000,1,1,1,0,0,1886388224,326,0
1251.4,soak,1636,0x01C00000,1,1,1,0,0,1887436800,326,0
1252.1,soak,1637,0x03800000,1,1,1,0,0,1888485376,326,0
1252.8,soak,1638,0x01800000,1,1,1,0,0,1889533952,326,0
1253.5,soak,1639,0x03400000,1,1,1,0,0,1890582528,326,0
1254.2,concurrent,1640,0x01400000,0,1,1,1503,1,1891631104,327,0
1254.7,verify-A,1640,0x01400000,0,1,1,0,1,1892679680,328,0
1255.5,soak,1641,0x03000000,1,1,1,0,0,1893728256,328,0
1256.2,soak,1642,0x01000000,1,1,1,0,0,1894776832,328,0
1256.9,soak,1643,0x02C00000,1,1,1,0,0,1895825408,328,0
1257.6,soak,1644,0x00C00000,1,1,1,0,0,1896873984,328,0
1258.3,soak,1645,0x02800000,1,1,1,0,0,1897922560,328,0
1259.0,soak,1646,0x00800000,1,1,1,0,0,1898971136,328,0
1259.7,soak,1647,0x02400000,1,1,1,0,0,1900019712,328,0
1260.4,soak,1648,0x00400000,1,1,1,0,0,1901068288,328,0
1261.1,soak,1649,0x02000000,1,1,1,0,0,1902116864,328,0
1261.8,concurrent,1650,0x00000000,0,1,1,1504,1,1903165440,329,0
1262.4,verify-A,1650,0x00000000,0,1,1,0,1,1904214016,330,0
1263.1,soak,1651,0x01C00000,1,1,1,0,0,1905262592,330,0
1263.8,soak,1652,0x03800000,1,1,1,0,0,1906311168,330,0
1264.5,soak,1653,0x01800000,1,1,1,0,0,1907359744,330,0
1265.2,soak,1654,0x03400000,1,1,1,0,0,1908408320,330,0
1265.9,soak,1655,0x01400000,1,1,1,0,0,1909456896,330,0
1266.6,soak,1656,0x03000000,1,1,1,0,0,1910505472,330,0
1267.3,soak,1657,0x01000000,1,1,1,0,0,1911554048,330,0
1268.0,soak,1658,0x02C00000,1,1,1,0,0,1912602624,330,0
1268.7,soak,1659,0x00C00000,1,1,1,0,0,1913651200,330,0
1269.4,concurrent,1660,0x02800000,0,1,1,1512,1,1914699776,331,0
1270.0,verify-A,1660,0x02800000,0,1,1,0,1,1915748352,332,0
1270.7,soak,1661,0x00800000,1,1,1,0,0,1916796928,332,0
1271.4,soak,1662,0x02400000,1,1,1,0,0,1917845504,332,0
1272.1,soak,1663,0x00400000,1,1,1,0,0,1918894080,332,0
1272.8,soak,1664,0x02000000,1,1,1,0,0,1919942656,332,0
1273.5,soak,1665,0x00000000,1,1,1,0,0,1920991232,332,0
1274.2,soak,1666,0x01C00000,1,1,1,0,0,1922039808,332,0
1274.9,soak,1667,0x03800000,1,1,1,0,0,1923088384,332,0
1275.7,soak,1668,0x01800000,1,1,1,0,0,1924136960,332,0
1276.4,soak,1669,0x03400000,1,1,1,0,0,1925185536,332,0
1277.0,concurrent,1670,0x01400000,0,1,1,1503,1,1926234112,333,0
1277.6,verify-A,1670,0x01400000,0,1,1,0,1,1927282688,334,0
1278.3,soak,1671,0x03000000,1,1,1,0,0,1928331264,334,0
1279.0,soak,1672,0x01000000,1,1,1,0,0,1929379840,334,0
1279.7,soak,1673,0x02C00000,1,1,1,0,0,1930428416,334,0
1280.4,soak,1674,0x00C00000,1,1,1,0,0,1931476992,334,0
1281.1,soak,1675,0x02800000,1,1,1,0,0,1932525568,334,0
1281.8,soak,1676,0x00800000,1,1,1,0,0,1933574144,334,0
1282.6,soak,1677,0x02400000,1,1,1,0,0,1934622720,334,0
1283.3,soak,1678,0x00400000,1,1,1,0,0,1935671296,334,0
1284.0,soak,1679,0x02000000,1,1,1,0,0,1936719872,334,0
1284.6,concurrent,1680,0x00000000,0,1,1,1504,1,1937768448,335,0
1285.2,verify-A,1680,0x00000000,0,1,1,0,1,1938817024,336,0
1285.9,soak,1681,0x01C00000,1,1,1,0,0,1939865600,336,0
1286.6,soak,1682,0x03800000,1,1,1,0,0,1940914176,336,0
1287.3,soak,1683,0x01800000,1,1,1,0,0,1941962752,336,0
1288.0,soak,1684,0x03400000,1,1,1,0,0,1943011328,336,0
1288.7,soak,1685,0x01400000,1,1,1,0,0,1944059904,336,0
1289.4,soak,1686,0x03000000,1,1,1,0,0,1945108480,336,0
1290.1,soak,1687,0x01000000,1,1,1,0,0,1946157056,336,0
1290.8,soak,1688,0x02C00000,1,1,1,0,0,1947205632,336,0
1291.6,soak,1689,0x00C00000,1,1,1,0,0,1948254208,336,0
1292.2,concurrent,1690,0x02800000,0,1,1,1507,1,1949302784,337,0
1292.8,verify-A,1690,0x02800000,0,1,1,0,1,1950351360,338,0
1293.5,soak,1691,0x00800000,1,1,1,0,0,1951399936,338,0
1294.2,soak,1692,0x02400000,1,1,1,0,0,1952448512,338,0
1294.9,soak,1693,0x00400000,1,1,1,0,0,1953497088,338,0
1295.6,soak,1694,0x02000000,1,1,1,0,0,1954545664,338,0
1296.3,soak,1695,0x00000000,1,1,1,0,0,1955594240,338,0
1297.0,soak,1696,0x01C00000,1,1,1,0,0,1956642816,338,0
1297.7,soak,1697,0x03800000,1,1,1,0,0,1957691392,338,0
1298.4,soak,1698,0x01800000,1,1,1,0,0,1958739968,338,0
1299.2,soak,1699,0x03400000,1,1,1,0,0,1959788544,338,0
1299.8,concurrent,1700,0x01400000,0,1,1,1495,1,1960837120,339,0
1300.4,verify-A,1700,0x01400000,0,1,1,0,1,1961885696,340,0
1301.1,soak,1701,0x03000000,1,1,1,0,0,1962934272,340,0
1301.8,soak,1702,0x01000000,1,1,1,0,0,1963982848,340,0
1302.5,soak,1703,0x02C00000,1,1,1,0,0,1965031424,340,0
1303.2,soak,1704,0x00C00000,1,1,1,0,0,1966080000,340,0
1303.9,soak,1705,0x02800000,1,1,1,0,0,1967128576,340,0
1304.6,soak,1706,0x00800000,1,1,1,0,0,1968177152,340,0
1305.3,soak,1707,0x02400000,1,1,1,0,0,1969225728,340,0
1306.0,soak,1708,0x00400000,1,1,1,0,0,1970274304,340,0
1306.7,soak,1709,0x02000000,1,1,1,0,0,1971322880,340,0
1307.4,concurrent,1710,0x00000000,0,1,1,1508,1,1972371456,341,0
1307.9,verify-A,1710,0x00000000,0,1,1,0,1,1973420032,342,0
1308.6,soak,1711,0x01C00000,1,1,1,0,0,1974468608,342,0
1309.3,soak,1712,0x03800000,1,1,1,0,0,1975517184,342,0
1310.0,soak,1713,0x01800000,1,1,1,0,0,1976565760,342,0
1310.7,soak,1714,0x03400000,1,1,1,0,0,1977614336,342,0
1311.4,soak,1715,0x01400000,1,1,1,0,0,1978662912,342,0
1312.2,soak,1716,0x03000000,1,1,1,0,0,1979711488,342,0
1312.9,soak,1717,0x01000000,1,1,1,0,0,1980760064,342,0
1313.6,soak,1718,0x02C00000,1,1,1,0,0,1981808640,342,0
1314.3,soak,1719,0x00C00000,1,1,1,0,0,1982857216,342,0
1315.0,concurrent,1720,0x02800000,0,1,1,1503,1,1983905792,343,0
1315.5,verify-A,1720,0x02800000,0,1,1,0,1,1984954368,344,0
1316.2,soak,1721,0x00800000,1,1,1,0,0,1986002944,344,0
1316.9,soak,1722,0x02400000,1,1,1,0,0,1987051520,344,0
1317.6,soak,1723,0x00400000,1,1,1,0,0,1988100096,344,0
1318.3,soak,1724,0x02000000,1,1,1,0,0,1989148672,344,0
1319.1,soak,1725,0x00000000,1,1,1,0,0,1990197248,344,0
1319.8,soak,1726,0x01C00000,1,1,1,0,0,1991245824,344,0
1320.5,soak,1727,0x03800000,1,1,1,0,0,1992294400,344,0
1321.2,soak,1728,0x01800000,1,1,1,0,0,1993342976,344,0
1321.9,soak,1729,0x03400000,1,1,1,0,0,1994391552,344,0
1322.5,concurrent,1730,0x01400000,0,1,1,1504,1,1995440128,345,0
1323.1,verify-A,1730,0x01400000,0,1,1,0,1,1996488704,346,0
1323.8,soak,1731,0x03000000,1,1,1,0,0,1997537280,346,0
1324.5,soak,1732,0x01000000,1,1,1,0,0,1998585856,346,0
1325.2,soak,1733,0x02C00000,1,1,1,0,0,1999634432,346,0
1325.9,soak,1734,0x00C00000,1,1,1,0,0,2000683008,346,0
1326.6,soak,1735,0x02800000,1,1,1,0,0,2001731584,346,0
1327.3,soak,1736,0x00800000,1,1,1,0,0,2002780160,346,0
1328.0,soak,1737,0x02400000,1,1,1,0,0,2003828736,346,0
1328.7,soak,1738,0x00400000,1,1,1,0,0,2004877312,346,0
1329.4,soak,1739,0x02000000,1,1,1,0,0,2005925888,346,0
1330.1,concurrent,1740,0x00000000,0,1,1,1506,1,2006974464,347,0
1330.6,verify-A,1740,0x00000000,0,1,1,0,1,2008023040,348,0
1331.3,soak,1741,0x01C00000,1,1,1,0,0,2009071616,348,0
1332.0,soak,1742,0x03800000,1,1,1,0,0,2010120192,348,0
1332.8,soak,1743,0x01800000,1,1,1,0,0,2011168768,348,0
1333.5,soak,1744,0x03400000,1,1,1,0,0,2012217344,348,0
1334.2,soak,1745,0x01400000,1,1,1,0,0,2013265920,348,0
1334.9,soak,1746,0x03000000,1,1,1,0,0,2014314496,348,0
1335.6,soak,1747,0x01000000,1,1,1,0,0,2015363072,348,0
1336.3,soak,1748,0x02C00000,1,1,1,0,0,2016411648,348,0
1337.0,soak,1749,0x00C00000,1,1,1,0,0,2017460224,348,0
1337.6,concurrent,1750,0x02800000,0,1,1,1519,1,2018508800,349,0
1338.2,verify-A,1750,0x02800000,0,1,1,0,1,2019557376,350,0
1338.9,soak,1751,0x00800000,1,1,1,0,0,2020605952,350,0
1339.6,soak,1752,0x02400000,1,1,1,0,0,2021654528,350,0
1340.3,soak,1753,0x00400000,1,1,1,0,0,2022703104,350,0
1341.1,soak,1754,0x02000000,1,1,1,0,0,2023751680,350,0
1341.8,soak,1755,0x00000000,1,1,1,0,0,2024800256,350,0
1342.5,soak,1756,0x01C00000,1,1,1,0,0,2025848832,350,0
1343.2,soak,1757,0x03800000,1,1,1,0,0,2026897408,350,0
1343.9,soak,1758,0x01800000,1,1,1,0,0,2027945984,350,0
1344.6,soak,1759,0x03400000,1,1,1,0,0,2028994560,350,0
1345.3,concurrent,1760,0x01400000,0,1,1,1499,1,2030043136,351,0
1345.8,verify-A,1760,0x01400000,0,1,1,0,1,2031091712,352,0
1346.6,soak,1761,0x03000000,1,1,1,0,0,2032140288,352,0
1347.3,soak,1762,0x01000000,1,1,1,0,0,2033188864,352,0
1348.0,soak,1763,0x02C00000,1,1,1,0,0,2034237440,352,0
1348.7,soak,1764,0x00C00000,1,1,1,0,0,2035286016,352,0
1349.4,soak,1765,0x02800000,1,1,1,0,0,2036334592,352,0
1350.1,soak,1766,0x00800000,1,1,1,0,0,2037383168,352,0
1350.9,soak,1767,0x02400000,1,1,1,0,0,2038431744,352,0
1351.6,soak,1768,0x00400000,1,1,1,0,0,2039480320,352,0
1352.3,soak,1769,0x02000000,1,1,1,0,0,2040528896,352,0
1353.0,concurrent,1770,0x00000000,0,1,1,1502,1,2041577472,353,0
1353.5,verify-A,1770,0x00000000,0,1,1,0,1,2042626048,354,0
1354.2,soak,1771,0x01C00000,1,1,1,0,0,2043674624,354,0
1354.9,soak,1772,0x03800000,1,1,1,0,0,2044723200,354,0
1355.6,soak,1773,0x01800000,1,1,1,0,0,2045771776,354,0
1356.3,soak,1774,0x03400000,1,1,1,0,0,2046820352,354,0
1357.0,soak,1775,0x01400000,1,1,1,0,0,2047868928,354,0
1357.8,soak,1776,0x03000000,1,1,1,0,0,2048917504,354,0
1358.5,soak,1777,0x01000000,1,1,1,0,0,2049966080,354,0
1359.2,soak,1778,0x02C00000,1,1,1,0,0,2051014656,354,0
1359.9,soak,1779,0x00C00000,1,1,1,0,0,2052063232,354,0
1360.6,concurrent,1780,0x02800000,0,1,1,1512,1,2053111808,355,0
1361.1,verify-A,1780,0x02800000,0,1,1,0,1,2054160384,356,0
1361.8,soak,1781,0x00800000,1,1,1,0,0,2055208960,356,0
1362.5,soak,1782,0x02400000,1,1,1,0,0,2056257536,356,0
1363.2,soak,1783,0x00400000,1,1,1,0,0,2057306112,356,0
1364.0,soak,1784,0x02000000,1,1,1,0,0,2058354688,356,0
1364.7,soak,1785,0x00000000,1,1,1,0,0,2059403264,356,0
1365.4,soak,1786,0x01C00000,1,1,1,0,0,2060451840,356,0
1366.1,soak,1787,0x03800000,1,1,1,0,0,2061500416,356,0
1366.8,soak,1788,0x01800000,1,1,1,0,0,2062548992,356,0
1367.5,soak,1789,0x03400000,1,1,1,0,0,2063597568,356,0
1368.1,concurrent,1790,0x01400000,0,1,1,1505,1,2064646144,357,0
1368.7,verify-A,1790,0x01400000,0,1,1,0,1,2065694720,358,0
1369.4,soak,1791,0x03000000,1,1,1,0,0,2066743296,358,0
1370.1,soak,1792,0x01000000,1,1,1,0,0,2067791872,358,0
1370.8,soak,1793,0x02C00000,1,1,1,0,0,2068840448,358,0
1371.6,soak,1794,0x00C00000,1,1,1,0,0,2069889024,358,0
1372.3,soak,1795,0x02800000,1,1,1,0,0,2070937600,358,0
1373.0,soak,1796,0x00800000,1,1,1,0,0,2071986176,358,0
1373.7,soak,1797,0x02400000,1,1,1,0,0,2073034752,358,0
1374.4,soak,1798,0x00400000,1,1,1,0,0,2074083328,358,0
1375.1,soak,1799,0x02000000,1,1,1,0,0,2075131904,358,0
1375.8,concurrent,1800,0x00000000,0,1,1,1512,1,2076180480,359,0
1376.3,verify-A,1800,0x00000000,0,1,1,0,1,2077229056,360,0
1377.0,soak,1801,0x01C00000,1,1,1,0,0,2078277632,360,0
1377.7,soak,1802,0x03800000,1,1,1,0,0,2079326208,360,0
1378.4,soak,1803,0x01800000,1,1,1,0,0,2080374784,360,0
1379.1,soak,1804,0x03400000,1,1,1,0,0,2081423360,360,0
1379.8,soak,1805,0x01400000,1,1,1,0,0,2082471936,360,0
1380.5,soak,1806,0x03000000,1,1,1,0,0,2083520512,360,0
1381.2,soak,1807,0x01000000,1,1,1,0,0,2084569088,360,0
1382.0,soak,1808,0x02C00000,1,1,1,0,0,2085617664,360,0
1382.7,soak,1809,0x00C00000,1,1,1,0,0,2086666240,360,0
1383.3,concurrent,1810,0x02800000,0,1,1,1518,1,2087714816,361,0
1383.9,verify-A,1810,0x02800000,0,1,1,0,1,2088763392,362,0
1384.6,soak,1811,0x00800000,1,1,1,0,0,2089811968,362,0
1385.3,soak,1812,0x02400000,1,1,1,0,0,2090860544,362,0
1386.0,soak,1813,0x00400000,1,1,1,0,0,2091909120,362,0
1386.7,soak,1814,0x02000000,1,1,1,0,0,2092957696,362,0
1387.4,soak,1815,0x00000000,1,1,1,0,0,2094006272,362,0
1388.2,soak,1816,0x01C00000,1,1,1,0,0,2095054848,362,0
1388.9,soak,1817,0x03800000,1,1,1,0,0,2096103424,362,0
1389.6,soak,1818,0x01800000,1,1,1,0,0,2097152000,362,0
1390.3,soak,1819,0x03400000,1,1,1,0,0,2098200576,362,0
1390.9,concurrent,1820,0x01400000,0,1,1,1497,1,2099249152,363,0
1391.5,verify-A,1820,0x01400000,0,1,1,0,1,2100297728,364,0
1392.2,soak,1821,0x03000000,1,1,1,0,0,2101346304,364,0
1392.9,soak,1822,0x01000000,1,1,1,0,0,2102394880,364,0
1393.6,soak,1823,0x02C00000,1,1,1,0,0,2103443456,364,0
1394.3,soak,1824,0x00C00000,1,1,1,0,0,2104492032,364,0
1395.0,soak,1825,0x02800000,1,1,1,0,0,2105540608,364,0
1395.7,soak,1826,0x00800000,1,1,1,0,0,2106589184,364,0
1396.4,soak,1827,0x02400000,1,1,1,0,0,2107637760,364,0
1397.1,soak,1828,0x00400000,1,1,1,0,0,2108686336,364,0
1397.8,soak,1829,0x02000000,1,1,1,0,0,2109734912,364,0
1398.5,concurrent,1830,0x00000000,0,1,1,1509,1,2110783488,365,0
1399.1,verify-A,1830,0x00000000,0,1,1,0,1,2111832064,366,0
1399.8,soak,1831,0x01C00000,1,1,1,0,0,2112880640,366,0
1400.5,soak,1832,0x03800000,1,1,1,0,0,2113929216,366,0
1401.2,soak,1833,0x01800000,1,1,1,0,0,2114977792,366,0
1401.9,soak,1834,0x03400000,1,1,1,0,0,2116026368,366,0
1402.6,soak,1835,0x01400000,1,1,1,0,0,2117074944,366,0
1403.3,soak,1836,0x03000000,1,1,1,0,0,2118123520,366,0
1404.0,soak,1837,0x01000000,1,1,1,0,0,2119172096,366,0
1404.7,soak,1838,0x02C00000,1,1,1,0,0,2120220672,366,0
1405.4,soak,1839,0x00C00000,1,1,1,0,0,2121269248,366,0
1406.1,concurrent,1840,0x02800000,0,1,1,1511,1,2122317824,367,0
1406.6,verify-A,1840,0x02800000,0,1,1,0,1,2123366400,368,0
1407.3,soak,1841,0x00800000,1,1,1,0,0,2124414976,368,0
1408.0,soak,1842,0x02400000,1,1,1,0,0,2125463552,368,0
1408.7,soak,1843,0x00400000,1,1,1,0,0,2126512128,368,0
1409.4,soak,1844,0x02000000,1,1,1,0,0,2127560704,368,0
1410.1,soak,1845,0x00000000,1,1,1,0,0,2128609280,368,0
1410.8,soak,1846,0x01C00000,1,1,1,0,0,2129657856,368,0
1411.5,soak,1847,0x03800000,1,1,1,0,0,2130706432,368,0
1412.3,soak,1848,0x01800000,1,1,1,0,0,2131755008,368,0
1413.0,soak,1849,0x03400000,1,1,1,0,0,2132803584,368,0
1413.6,concurrent,1850,0x01400000,0,1,1,1494,1,2133852160,369,0
1414.2,verify-A,1850,0x01400000,0,1,1,0,1,2134900736,370,0
1414.9,soak,1851,0x03000000,1,1,1,0,0,2135949312,370,0
1415.6,soak,1852,0x01000000,1,1,1,0,0,2136997888,370,0
1416.3,soak,1853,0x02C00000,1,1,1,0,0,2138046464,370,0
1417.0,soak,1854,0x00C00000,1,1,1,0,0,2139095040,370,0
1417.7,soak,1855,0x02800000,1,1,1,0,0,2140143616,370,0
1418.4,soak,1856,0x00800000,1,1,1,0,0,2141192192,370,0
1419.1,soak,1857,0x02400000,1,1,1,0,0,2142240768,370,0
1419.8,soak,1858,0x00400000,1,1,1,0,0,2143289344,370,0
1420.5,soak,1859,0x02000000,1,1,1,0,0,2144337920,370,0
1421.2,concurrent,1860,0x00000000,0,1,1,1514,1,2145386496,371,0
1421.8,verify-A,1860,0x00000000,0,1,1,0,1,2146435072,372,0
1422.5,soak,1861,0x01C00000,1,1,1,0,0,2147483648,372,0
1423.2,soak,1862,0x03800000,1,1,1,0,0,2148532224,372,0
1423.9,soak,1863,0x01800000,1,1,1,0,0,2149580800,372,0
1424.6,soak,1864,0x03400000,1,1,1,0,0,2150629376,372,0
1425.3,soak,1865,0x01400000,1,1,1,0,0,2151677952,372,0
1426.0,soak,1866,0x03000000,1,1,1,0,0,2152726528,372,0
1426.7,soak,1867,0x01000000,1,1,1,0,0,2153775104,372,0
1427.4,soak,1868,0x02C00000,1,1,1,0,0,2154823680,372,0
1428.1,soak,1869,0x00C00000,1,1,1,0,0,2155872256,372,0
1428.8,concurrent,1870,0x02800000,0,1,1,1510,1,2156920832,373,0
1429.3,verify-A,1870,0x02800000,0,1,1,0,1,2157969408,374,0
1430.0,soak,1871,0x00800000,1,1,1,0,0,2159017984,374,0
1430.7,soak,1872,0x02400000,1,1,1,0,0,2160066560,374,0
1431.5,soak,1873,0x00400000,1,1,1,0,0,2161115136,374,0
1432.2,soak,1874,0x02000000,1,1,1,0,0,2162163712,374,0
1432.9,soak,1875,0x00000000,1,1,1,0,0,2163212288,374,0
1433.6,soak,1876,0x01C00000,1,1,1,0,0,2164260864,374,0
1434.3,soak,1877,0x03800000,1,1,1,0,0,2165309440,374,0
1435.0,soak,1878,0x01800000,1,1,1,0,0,2166358016,374,0
1435.8,soak,1879,0x03400000,1,1,1,0,0,2167406592,374,0
1436.4,concurrent,1880,0x01400000,0,1,1,1495,1,2168455168,375,0
1437.0,verify-A,1880,0x01400000,0,1,1,0,1,2169503744,376,0
1437.7,soak,1881,0x03000000,1,1,1,0,0,2170552320,376,0
1438.4,soak,1882,0x01000000,1,1,1,0,0,2171600896,376,0
1439.1,soak,1883,0x02C00000,1,1,1,0,0,2172649472,376,0
1439.8,soak,1884,0x00C00000,1,1,1,0,0,2173698048,376,0
1440.5,soak,1885,0x02800000,1,1,1,0,0,2174746624,376,0
1441.2,soak,1886,0x00800000,1,1,1,0,0,2175795200,376,0
1441.9,soak,1887,0x02400000,1,1,1,0,0,2176843776,376,0
1442.6,soak,1888,0x00400000,1,1,1,0,0,2177892352,376,0
1443.4,soak,1889,0x02000000,1,1,1,0,0,2178940928,376,0
1444.0,concurrent,1890,0x00000000,0,1,1,1506,1,2179989504,377,0
1444.6,verify-A,1890,0x00000000,0,1,1,0,1,2181038080,378,0
1445.3,soak,1891,0x01C00000,1,1,1,0,0,2182086656,378,0
1446.0,soak,1892,0x03800000,1,1,1,0,0,2183135232,378,0
1446.7,soak,1893,0x01800000,1,1,1,0,0,2184183808,378,0
1447.4,soak,1894,0x03400000,1,1,1,0,0,2185232384,378,0
1448.1,soak,1895,0x01400000,1,1,1,0,0,2186280960,378,0
1448.8,soak,1896,0x03000000,1,1,1,0,0,2187329536,378,0
1449.5,soak,1897,0x01000000,1,1,1,0,0,2188378112,378,0
1450.2,soak,1898,0x02C00000,1,1,1,0,0,2189426688,378,0
1450.9,soak,1899,0x00C00000,1,1,1,0,0,2190475264,378,0
1451.6,concurrent,1900,0x02800000,0,1,1,1510,1,2191523840,379,0
1452.1,verify-A,1900,0x02800000,0,1,1,0,1,2192572416,380,0
1452.8,soak,1901,0x00800000,1,1,1,0,0,2193620992,380,0
1453.5,soak,1902,0x02400000,1,1,1,0,0,2194669568,380,0
1454.3,soak,1903,0x00400000,1,1,1,0,0,2195718144,380,0
1455.0,soak,1904,0x02000000,1,1,1,0,0,2196766720,380,0
1455.7,soak,1905,0x00000000,1,1,1,0,0,2197815296,380,0
1456.4,soak,1906,0x01C00000,1,1,1,0,0,2198863872,380,0
1457.1,soak,1907,0x03800000,1,1,1,0,0,2199912448,380,0
1457.8,soak,1908,0x01800000,1,1,1,0,0,2200961024,380,0
1458.5,soak,1909,0x03400000,1,1,1,0,0,2202009600,380,0
1459.1,concurrent,1910,0x01400000,0,1,1,1495,1,2203058176,381,0
1459.7,verify-A,1910,0x01400000,0,1,1,0,1,2204106752,382,0
1460.4,soak,1911,0x03000000,1,1,1,0,0,2205155328,382,0
1461.1,soak,1912,0x01000000,1,1,1,0,0,2206203904,382,0
1461.8,soak,1913,0x02C00000,1,1,1,0,0,2207252480,382,0
1462.5,soak,1914,0x00C00000,1,1,1,0,0,2208301056,382,0
1463.2,soak,1915,0x02800000,1,1,1,0,0,2209349632,382,0
1463.9,soak,1916,0x00800000,1,1,1,0,0,2210398208,382,0
1464.6,soak,1917,0x02400000,1,1,1,0,0,2211446784,382,0
1465.3,soak,1918,0x00400000,1,1,1,0,0,2212495360,382,0
1466.0,soak,1919,0x02000000,1,1,1,0,0,2213543936,382,0
1466.7,concurrent,1920,0x00000000,0,1,1,1503,1,2214592512,383,0
1467.3,verify-A,1920,0x00000000,0,1,1,0,1,2215641088,384,0
1468.0,soak,1921,0x01C00000,1,1,1,0,0,2216689664,384,0
1468.7,soak,1922,0x03800000,1,1,1,0,0,2217738240,384,0
1469.4,soak,1923,0x01800000,1,1,1,0,0,2218786816,384,0
1470.1,soak,1924,0x03400000,1,1,1,0,0,2219835392,384,0
1470.8,soak,1925,0x01400000,1,1,1,0,0,2220883968,384,0
1471.5,soak,1926,0x03000000,1,1,1,0,0,2221932544,384,0
1472.2,soak,1927,0x01000000,1,1,1,0,0,2222981120,384,0
1472.9,soak,1928,0x02C00000,1,1,1,0,0,2224029696,384,0
1473.6,soak,1929,0x00C00000,1,1,1,0,0,2225078272,384,0
1474.3,concurrent,1930,0x02800000,0,1,1,1505,1,2226126848,385,0
1474.8,verify-A,1930,0x02800000,0,1,1,0,1,2227175424,386,0
1475.5,soak,1931,0x00800000,1,1,1,0,0,2228224000,386,0
1476.3,soak,1932,0x02400000,1,1,1,0,0,2229272576,386,0
1477.0,soak,1933,0x00400000,1,1,1,0,0,2230321152,386,0
1477.7,soak,1934,0x02000000,1,1,1,0,0,2231369728,386,0
1478.4,soak,1935,0x00000000,1,1,1,0,0,2232418304,386,0
1479.1,soak,1936,0x01C00000,1,1,1,0,0,2233466880,386,0
1479.8,soak,1937,0x03800000,1,1,1,0,0,2234515456,386,0
1480.5,soak,1938,0x01800000,1,1,1,0,0,2235564032,386,0
1481.2,soak,1939,0x03400000,1,1,1,0,0,2236612608,386,0
1481.9,concurrent,1940,0x01400000,0,1,1,1513,1,2237661184,387,0
1482.4,verify-A,1940,0x01400000,0,1,1,0,1,2238709760,388,0
1483.1,soak,1941,0x03000000,1,1,1,0,0,2239758336,388,0
1483.8,soak,1942,0x01000000,1,1,1,0,0,2240806912,388,0
1484.5,soak,1943,0x02C00000,1,1,1,0,0,2241855488,388,0
1485.2,soak,1944,0x00C00000,1,1,1,0,0,2242904064,388,0
1486.0,soak,1945,0x02800000,1,1,1,0,0,2243952640,388,0
1486.7,soak,1946,0x00800000,1,1,1,0,0,2245001216,388,0
1487.4,soak,1947,0x02400000,1,1,1,0,0,2246049792,388,0
1488.1,soak,1948,0x00400000,1,1,1,0,0,2247098368,388,0
1488.8,soak,1949,0x02000000,1,1,1,0,0,2248146944,388,0
1489.5,concurrent,1950,0x00000000,0,1,1,1513,1,2249195520,389,0
1490.0,verify-A,1950,0x00000000,0,1,1,0,1,2250244096,390,0
1490.7,soak,1951,0x01C00000,1,1,1,0,0,2251292672,390,0
1491.5,soak,1952,0x03800000,1,1,1,0,0,2252341248,390,0
1492.2,soak,1953,0x01800000,1,1,1,0,0,2253389824,390,0
1492.9,soak,1954,0x03400000,1,1,1,0,0,2254438400,390,0
1493.6,soak,1955,0x01400000,1,1,1,0,0,2255486976,390,0
1494.3,soak,1956,0x03000000,1,1,1,0,0,2256535552,390,0
1495.0,soak,1957,0x01000000,1,1,1,0,0,2257584128,390,0
1495.7,soak,1958,0x02C00000,1,1,1,0,0,2258632704,390,0
1496.4,soak,1959,0x00C00000,1,1,1,0,0,2259681280,390,0
1497.1,concurrent,1960,0x02800000,0,1,1,1503,1,2260729856,391,0
1497.7,verify-A,1960,0x02800000,0,1,1,0,1,2261778432,392,0
1498.4,soak,1961,0x00800000,1,1,1,0,0,2262827008,392,0
1499.1,soak,1962,0x02400000,1,1,1,0,0,2263875584,392,0
1499.8,soak,1963,0x00400000,1,1,1,0,0,2264924160,392,0
1500.5,soak,1964,0x02000000,1,1,1,0,0,2265972736,392,0
1501.3,soak,1965,0x00000000,1,1,1,0,0,2267021312,392,0
1502.0,soak,1966,0x01C00000,1,1,1,0,0,2268069888,392,0
1502.7,soak,1967,0x03800000,1,1,1,0,0,2269118464,392,0
1505.1,eye,1967,0x00000000,1,1,1,0,0,2269118464,392,0
1505.8,soak,1968,0x01800000,1,1,1,0,0,2270167040,392,0
1506.5,soak,1969,0x03400000,1,1,1,0,0,2271215616,392,0
1507.2,concurrent,1970,0x01400000,0,1,1,1501,1,2272264192,393,0
1507.7,verify-A,1970,0x01400000,0,1,1,0,1,2273312768,394,0
1508.4,soak,1971,0x03000000,1,1,1,0,0,2274361344,394,0
1509.1,soak,1972,0x01000000,1,1,1,0,0,2275409920,394,0
1509.9,soak,1973,0x02C00000,1,1,1,0,0,2276458496,394,0
1510.6,soak,1974,0x00C00000,1,1,1,0,0,2277507072,394,0
1511.3,soak,1975,0x02800000,1,1,1,0,0,2278555648,394,0
1512.0,soak,1976,0x00800000,1,1,1,0,0,2279604224,394,0
1512.7,soak,1977,0x02400000,1,1,1,0,0,2280652800,394,0
1513.4,soak,1978,0x00400000,1,1,1,0,0,2281701376,394,0
1514.1,soak,1979,0x02000000,1,1,1,0,0,2282749952,394,0
1514.8,concurrent,1980,0x00000000,0,1,1,1501,1,2283798528,395,0
1515.3,verify-A,1980,0x00000000,0,1,1,0,1,2284847104,396,0
1516.0,soak,1981,0x01C00000,1,1,1,0,0,2285895680,396,0
1516.7,soak,1982,0x03800000,1,1,1,0,0,2286944256,396,0
1517.5,soak,1983,0x01800000,1,1,1,0,0,2287992832,396,0
1518.2,soak,1984,0x03400000,1,1,1,0,0,2289041408,396,0
1518.9,soak,1985,0x01400000,1,1,1,0,0,2290089984,396,0
1519.6,soak,1986,0x03000000,1,1,1,0,0,2291138560,396,0
1520.3,soak,1987,0x01000000,1,1,1,0,0,2292187136,396,0
1521.0,soak,1988,0x02C00000,1,1,1,0,0,2293235712,396,0
1521.7,soak,1989,0x00C00000,1,1,1,0,0,2294284288,396,0
1522.4,concurrent,1990,0x02800000,0,1,1,1504,1,2295332864,397,0
1522.9,verify-A,1990,0x02800000,0,1,1,0,1,2296381440,398,0
1523.6,soak,1991,0x00800000,1,1,1,0,0,2297430016,398,0
1524.3,soak,1992,0x02400000,1,1,1,0,0,2298478592,398,0
1525.1,soak,1993,0x00400000,1,1,1,0,0,2299527168,398,0
1525.8,soak,1994,0x02000000,1,1,1,0,0,2300575744,398,0
1526.5,soak,1995,0x00000000,1,1,1,0,0,2301624320,398,0
1527.2,soak,1996,0x01C00000,1,1,1,0,0,2302672896,398,0
1527.9,soak,1997,0x03800000,1,1,1,0,0,2303721472,398,0
1528.6,soak,1998,0x01800000,1,1,1,0,0,2304770048,398,0
1529.3,soak,1999,0x03400000,1,1,1,0,0,2305818624,398,0
1530.0,concurrent,2000,0x01400000,0,1,1,1497,1,2306867200,399,0
1530.5,verify-A,2000,0x01400000,0,1,1,0,1,2307915776,400,0
1531.2,soak,2001,0x03000000,1,1,1,0,0,2308964352,400,0
1531.9,soak,2002,0x01000000,1,1,1,0,0,2310012928,400,0
1532.6,soak,2003,0x02C00000,1,1,1,0,0,2311061504,400,0
1533.3,soak,2004,0x00C00000,1,1,1,0,0,2312110080,400,0
1534.0,soak,2005,0x02800000,1,1,1,0,0,2313158656,400,0
1534.7,soak,2006,0x00800000,1,1,1,0,0,2314207232,400,0
1535.5,soak,2007,0x02400000,1,1,1,0,0,2315255808,400,0
1536.2,soak,2008,0x00400000,1,1,1,0,0,2316304384,400,0
1536.9,soak,2009,0x02000000,1,1,1,0,0,2317352960,400,0
1537.5,concurrent,2010,0x00000000,0,1,1,1508,1,2318401536,401,0
1538.1,verify-A,2010,0x00000000,0,1,1,0,1,2319450112,402,0
1538.8,soak,2011,0x01C00000,1,1,1,0,0,2320498688,402,0
1539.5,soak,2012,0x03800000,1,1,1,0,0,2321547264,402,0
1540.2,soak,2013,0x01800000,1,1,1,0,0,2322595840,402,0
1541.0,soak,2014,0x03400000,1,1,1,0,0,2323644416,402,0
1541.6,soak,2015,0x01400000,1,1,1,0,0,2324692992,402,0
1542.4,soak,2016,0x03000000,1,1,1,0,0,2325741568,402,0
1543.1,soak,2017,0x01000000,1,1,1,0,0,2326790144,402,0
1543.8,soak,2018,0x02C00000,1,1,1,0,0,2327838720,402,0
1544.5,soak,2019,0x00C00000,1,1,1,0,0,2328887296,402,0
1545.2,concurrent,2020,0x02800000,0,1,1,1490,1,2329935872,403,0
1545.7,verify-A,2020,0x02800000,0,1,1,0,1,2330984448,404,0
1546.4,soak,2021,0x00800000,1,1,1,0,0,2332033024,404,0
1547.1,soak,2022,0x02400000,1,1,1,0,0,2333081600,404,0
1547.8,soak,2023,0x00400000,1,1,1,0,0,2334130176,404,0
1548.6,soak,2024,0x02000000,1,1,1,0,0,2335178752,404,0
1549.3,soak,2025,0x00000000,1,1,1,0,0,2336227328,404,0
1550.0,soak,2026,0x01C00000,1,1,1,0,0,2337275904,404,0
1550.7,soak,2027,0x03800000,1,1,1,0,0,2338324480,404,0
1551.4,soak,2028,0x01800000,1,1,1,0,0,2339373056,404,0
1552.1,soak,2029,0x03400000,1,1,1,0,0,2340421632,404,0
1552.7,concurrent,2030,0x01400000,0,1,1,1500,1,2341470208,405,0
1553.3,verify-A,2030,0x01400000,0,1,1,0,1,2342518784,406,0
1554.0,soak,2031,0x03000000,1,1,1,0,0,2343567360,406,0
1554.7,soak,2032,0x01000000,1,1,1,0,0,2344615936,406,0
1555.4,soak,2033,0x02C00000,1,1,1,0,0,2345664512,406,0
1556.1,soak,2034,0x00C00000,1,1,1,0,0,2346713088,406,0
1556.8,soak,2035,0x02800000,1,1,1,0,0,2347761664,406,0
1557.5,soak,2036,0x00800000,1,1,1,0,0,2348810240,406,0
1558.2,soak,2037,0x02400000,1,1,1,0,0,2349858816,406,0
1558.9,soak,2038,0x00400000,1,1,1,0,0,2350907392,406,0
1559.6,soak,2039,0x02000000,1,1,1,0,0,2351955968,406,0
1560.2,concurrent,2040,0x00000000,0,1,1,1494,1,2353004544,407,0
1560.8,verify-A,2040,0x00000000,0,1,1,0,1,2354053120,408,0
1561.5,soak,2041,0x01C00000,1,1,1,0,0,2355101696,408,0
1562.2,soak,2042,0x03800000,1,1,1,0,0,2356150272,408,0
1562.9,soak,2043,0x01800000,1,1,1,0,0,2357198848,408,0
1563.6,soak,2044,0x03400000,1,1,1,0,0,2358247424,408,0
1564.3,soak,2045,0x01400000,1,1,1,0,0,2359296000,408,0
1565.0,soak,2046,0x03000000,1,1,1,0,0,2360344576,408,0
1565.7,soak,2047,0x01000000,1,1,1,0,0,2361393152,408,0
1566.4,soak,2048,0x02C00000,1,1,1,0,0,2362441728,408,0
1567.2,soak,2049,0x00C00000,1,1,1,0,0,2363490304,408,0
1567.8,concurrent,2050,0x02800000,0,1,1,1495,1,2364538880,409,0
1568.4,verify-A,2050,0x02800000,0,1,1,0,1,2365587456,410,0
1569.1,soak,2051,0x00800000,1,1,1,0,0,2366636032,410,0
1569.8,soak,2052,0x02400000,1,1,1,0,0,2367684608,410,0
1570.5,soak,2053,0x00400000,1,1,1,0,0,2368733184,410,0
1571.2,soak,2054,0x02000000,1,1,1,0,0,2369781760,410,0
1571.9,soak,2055,0x00000000,1,1,1,0,0,2370830336,410,0
1572.6,soak,2056,0x01C00000,1,1,1,0,0,2371878912,410,0
1573.4,soak,2057,0x03800000,1,1,1,0,0,2372927488,410,0
1574.1,soak,2058,0x01800000,1,1,1,0,0,2373976064,410,0
1574.8,soak,2059,0x03400000,1,1,1,0,0,2375024640,410,0
1575.4,concurrent,2060,0x01400000,0,1,1,1500,1,2376073216,411,0
1576.0,verify-A,2060,0x01400000,0,1,1,0,1,2377121792,412,0
1576.7,soak,2061,0x03000000,1,1,1,0,0,2378170368,412,0
1577.4,soak,2062,0x01000000,1,1,1,0,0,2379218944,412,0
1578.1,soak,2063,0x02C00000,1,1,1,0,0,2380267520,412,0
1578.8,soak,2064,0x00C00000,1,1,1,0,0,2381316096,412,0
1579.5,soak,2065,0x02800000,1,1,1,0,0,2382364672,412,0
1580.2,soak,2066,0x00800000,1,1,1,0,0,2383413248,412,0
1581.0,soak,2067,0x02400000,1,1,1,0,0,2384461824,412,0
1581.7,soak,2068,0x00400000,1,1,1,0,0,2385510400,412,0
1582.4,soak,2069,0x02000000,1,1,1,0,0,2386558976,412,0
1583.1,concurrent,2070,0x00000000,0,1,1,1517,1,2387607552,413,0
1583.6,verify-A,2070,0x00000000,0,1,1,0,1,2388656128,414,0
1584.3,soak,2071,0x01C00000,1,1,1,0,0,2389704704,414,0
1585.0,soak,2072,0x03800000,1,1,1,0,0,2390753280,414,0
1585.8,soak,2073,0x01800000,1,1,1,0,0,2391801856,414,0
1586.5,soak,2074,0x03400000,1,1,1,0,0,2392850432,414,0
1587.2,soak,2075,0x01400000,1,1,1,0,0,2393899008,414,0
1587.9,soak,2076,0x03000000,1,1,1,0,0,2394947584,414,0
1588.6,soak,2077,0x01000000,1,1,1,0,0,2395996160,414,0
1589.3,soak,2078,0x02C00000,1,1,1,0,0,2397044736,414,0
1590.0,soak,2079,0x00C00000,1,1,1,0,0,2398093312,414,0
1590.7,concurrent,2080,0x02800000,0,1,1,1505,1,2399141888,415,0
1591.3,verify-A,2080,0x02800000,0,1,1,0,1,2400190464,416,0
1592.0,soak,2081,0x00800000,1,1,1,0,0,2401239040,416,0
1592.7,soak,2082,0x02400000,1,1,1,0,0,2402287616,416,0
1593.4,soak,2083,0x00400000,1,1,1,0,0,2403336192,416,0
1594.1,soak,2084,0x02000000,1,1,1,0,0,2404384768,416,0
1594.8,soak,2085,0x00000000,1,1,1,0,0,2405433344,416,0
1595.5,soak,2086,0x01C00000,1,1,1,0,0,2406481920,416,0
1596.2,soak,2087,0x03800000,1,1,1,0,0,2407530496,416,0
1597.0,soak,2088,0x01800000,1,1,1,0,0,2408579072,416,0
1597.7,soak,2089,0x03400000,1,1,1,0,0,2409627648,416,0
1598.3,concurrent,2090,0x01400000,0,1,1,1488,1,2410676224,417,0
1598.9,verify-A,2090,0x01400000,0,1,1,0,1,2411724800,418,0
1599.6,soak,2091,0x03000000,1,1,1,0,0,2412773376,418,0
1600.3,soak,2092,0x01000000,1,1,1,0,0,2413821952,418,0
1601.0,soak,2093,0x02C00000,1,1,1,0,0,2414870528,418,0
1601.8,soak,2094,0x00C00000,1,1,1,0,0,2415919104,418,0
1602.5,soak,2095,0x02800000,1,1,1,0,0,2416967680,418,0
1603.2,soak,2096,0x00800000,1,1,1,0,0,2418016256,418,0
1603.9,soak,2097,0x02400000,1,1,1,0,0,2419064832,418,0
1604.6,soak,2098,0x00400000,1,1,1,0,0,2420113408,418,0
1605.3,soak,2099,0x02000000,1,1,1,0,0,2421161984,418,0
1606.0,concurrent,2100,0x00000000,0,1,1,1510,1,2422210560,419,0
1606.5,verify-A,2100,0x00000000,0,1,1,0,1,2423259136,420,0
1607.2,soak,2101,0x01C00000,1,1,1,0,0,2424307712,420,0
1608.0,soak,2102,0x03800000,1,1,1,0,0,2425356288,420,0
1608.7,soak,2103,0x01800000,1,1,1,0,0,2426404864,420,0
1609.4,soak,2104,0x03400000,1,1,1,0,0,2427453440,420,0
1610.1,soak,2105,0x01400000,1,1,1,0,0,2428502016,420,0
1610.8,soak,2106,0x03000000,1,1,1,0,0,2429550592,420,0
1611.5,soak,2107,0x01000000,1,1,1,0,0,2430599168,420,0
1612.2,soak,2108,0x02C00000,1,1,1,0,0,2431647744,420,0
1612.9,soak,2109,0x00C00000,1,1,1,0,0,2432696320,420,0
1613.6,concurrent,2110,0x02800000,0,1,1,1506,1,2433744896,421,0
1614.1,verify-A,2110,0x02800000,0,1,1,0,1,2434793472,422,0
1614.8,soak,2111,0x00800000,1,1,1,0,0,2435842048,422,0
1615.5,soak,2112,0x02400000,1,1,1,0,0,2436890624,422,0
1616.3,soak,2113,0x00400000,1,1,1,0,0,2437939200,422,0
1617.0,soak,2114,0x02000000,1,1,1,0,0,2438987776,422,0
1617.7,soak,2115,0x00000000,1,1,1,0,0,2440036352,422,0
1618.4,soak,2116,0x01C00000,1,1,1,0,0,2441084928,422,0
1619.1,soak,2117,0x03800000,1,1,1,0,0,2442133504,422,0
1619.8,soak,2118,0x01800000,1,1,1,0,0,2443182080,422,0
1620.5,soak,2119,0x03400000,1,1,1,0,0,2444230656,422,0
1621.2,concurrent,2120,0x01400000,0,1,1,1512,1,2445279232,423,0
1621.8,verify-A,2120,0x01400000,0,1,1,0,1,2446327808,424,0
1622.5,soak,2121,0x03000000,1,1,1,0,0,2447376384,424,0
1623.2,soak,2122,0x01000000,1,1,1,0,0,2448424960,424,0
1623.9,soak,2123,0x02C00000,1,1,1,0,0,2449473536,424,0
1624.6,soak,2124,0x00C00000,1,1,1,0,0,2450522112,424,0
1625.3,soak,2125,0x02800000,1,1,1,0,0,2451570688,424,0
1626.0,soak,2126,0x00800000,1,1,1,0,0,2452619264,424,0
1626.7,soak,2127,0x02400000,1,1,1,0,0,2453667840,424,0
1627.5,soak,2128,0x00400000,1,1,1,0,0,2454716416,424,0
1628.2,soak,2129,0x02000000,1,1,1,0,0,2455764992,424,0
1628.9,concurrent,2130,0x00000000,0,1,1,1499,1,2456813568,425,0
1629.4,verify-A,2130,0x00000000,0,1,1,0,1,2457862144,426,0
1630.1,soak,2131,0x01C00000,1,1,1,0,0,2458910720,426,0
1630.8,soak,2132,0x03800000,1,1,1,0,0,2459959296,426,0
1631.5,soak,2133,0x01800000,1,1,1,0,0,2461007872,426,0
1632.2,soak,2134,0x03400000,1,1,1,0,0,2462056448,426,0
1632.9,soak,2135,0x01400000,1,1,1,0,0,2463105024,426,0
1633.6,soak,2136,0x03000000,1,1,1,0,0,2464153600,426,0
1634.3,soak,2137,0x01000000,1,1,1,0,0,2465202176,426,0
1635.0,soak,2138,0x02C00000,1,1,1,0,0,2466250752,426,0
1635.7,soak,2139,0x00C00000,1,1,1,0,0,2467299328,426,0
1636.4,concurrent,2140,0x02800000,0,1,1,1491,1,2468347904,427,0
1637.0,verify-A,2140,0x02800000,0,1,1,0,1,2469396480,428,0
1637.7,soak,2141,0x00800000,1,1,1,0,0,2470445056,428,0
1638.4,soak,2142,0x02400000,1,1,1,0,0,2471493632,428,0
1639.1,soak,2143,0x00400000,1,1,1,0,0,2472542208,428,0
1639.8,soak,2144,0x02000000,1,1,1,0,0,2473590784,428,0
1640.5,soak,2145,0x00000000,1,1,1,0,0,2474639360,428,0
1641.2,soak,2146,0x01C00000,1,1,1,0,0,2475687936,428,0
1641.9,soak,2147,0x03800000,1,1,1,0,0,2476736512,428,0
1642.6,soak,2148,0x01800000,1,1,1,0,0,2477785088,428,0
1643.4,soak,2149,0x03400000,1,1,1,0,0,2478833664,428,0
1644.0,concurrent,2150,0x01400000,0,1,1,1496,1,2479882240,429,0
1644.6,verify-A,2150,0x01400000,0,1,1,0,1,2480930816,430,0
1645.3,soak,2151,0x03000000,1,1,1,0,0,2481979392,430,0
1646.0,soak,2152,0x01000000,1,1,1,0,0,2483027968,430,0
1646.7,soak,2153,0x02C00000,1,1,1,0,0,2484076544,430,0
1647.4,soak,2154,0x00C00000,1,1,1,0,0,2485125120,430,0
1648.1,soak,2155,0x02800000,1,1,1,0,0,2486173696,430,0
1648.9,soak,2156,0x00800000,1,1,1,0,0,2487222272,430,0
1649.6,soak,2157,0x02400000,1,1,1,0,0,2488270848,430,0
1650.3,soak,2158,0x00400000,1,1,1,0,0,2489319424,430,0
1651.0,soak,2159,0x02000000,1,1,1,0,0,2490368000,430,0
1651.7,concurrent,2160,0x00000000,0,1,1,1503,1,2491416576,431,0
1652.2,verify-A,2160,0x00000000,0,1,1,0,1,2492465152,432,0
1652.9,soak,2161,0x01C00000,1,1,1,0,0,2493513728,432,0
1653.6,soak,2162,0x03800000,1,1,1,0,0,2494562304,432,0
1654.3,soak,2163,0x01800000,1,1,1,0,0,2495610880,432,0
1655.0,soak,2164,0x03400000,1,1,1,0,0,2496659456,432,0
1655.8,soak,2165,0x01400000,1,1,1,0,0,2497708032,432,0
1656.5,soak,2166,0x03000000,1,1,1,0,0,2498756608,432,0
1657.2,soak,2167,0x01000000,1,1,1,0,0,2499805184,432,0
1657.9,soak,2168,0x02C00000,1,1,1,0,0,2500853760,432,0
1658.6,soak,2169,0x00C00000,1,1,1,0,0,2501902336,432,0
1659.3,concurrent,2170,0x02800000,0,1,1,1519,1,2502950912,433,0
1659.8,verify-A,2170,0x02800000,0,1,1,0,1,2503999488,434,0
1660.5,soak,2171,0x00800000,1,1,1,0,0,2505048064,434,0
1661.2,soak,2172,0x02400000,1,1,1,0,0,2506096640,434,0
1661.9,soak,2173,0x00400000,1,1,1,0,0,2507145216,434,0
1662.6,soak,2174,0x02000000,1,1,1,0,0,2508193792,434,0
1663.4,soak,2175,0x00000000,1,1,1,0,0,2509242368,434,0
1664.1,soak,2176,0x01C00000,1,1,1,0,0,2510290944,434,0
1664.8,soak,2177,0x03800000,1,1,1,0,0,2511339520,434,0
1665.5,soak,2178,0x01800000,1,1,1,0,0,2512388096,434,0
1666.2,soak,2179,0x03400000,1,1,1,0,0,2513436672,434,0
1666.9,concurrent,2180,0x01400000,0,1,1,1495,1,2514485248,435,0
1667.4,verify-A,2180,0x01400000,0,1,1,0,1,2515533824,436,0
1668.1,soak,2181,0x03000000,1,1,1,0,0,2516582400,436,0
1668.8,soak,2182,0x01000000,1,1,1,0,0,2517630976,436,0
1669.5,soak,2183,0x02C00000,1,1,1,0,0,2518679552,436,0
1670.2,soak,2184,0x00C00000,1,1,1,0,0,2519728128,436,0
1670.9,soak,2185,0x02800000,1,1,1,0,0,2520776704,436,0
1671.6,soak,2186,0x00800000,1,1,1,0,0,2521825280,436,0
1672.4,soak,2187,0x02400000,1,1,1,0,0,2522873856,436,0
1673.1,soak,2188,0x00400000,1,1,1,0,0,2523922432,436,0
1673.8,soak,2189,0x02000000,1,1,1,0,0,2524971008,436,0
1674.4,concurrent,2190,0x00000000,0,1,1,1515,1,2526019584,437,0
1675.0,verify-A,2190,0x00000000,0,1,1,0,1,2527068160,438,0
1675.7,soak,2191,0x01C00000,1,1,1,0,0,2528116736,438,0
1676.4,soak,2192,0x03800000,1,1,1,0,0,2529165312,438,0
1677.1,soak,2193,0x01800000,1,1,1,0,0,2530213888,438,0
1677.8,soak,2194,0x03400000,1,1,1,0,0,2531262464,438,0
1678.5,soak,2195,0x01400000,1,1,1,0,0,2532311040,438,0
1679.2,soak,2196,0x03000000,1,1,1,0,0,2533359616,438,0
1679.9,soak,2197,0x01000000,1,1,1,0,0,2534408192,438,0
1680.6,soak,2198,0x02C00000,1,1,1,0,0,2535456768,438,0
1681.3,soak,2199,0x00C00000,1,1,1,0,0,2536505344,438,0
1682.0,concurrent,2200,0x02800000,0,1,1,1505,1,2537553920,439,0
1682.5,verify-A,2200,0x02800000,0,1,1,0,1,2538602496,440,0
1683.3,soak,2201,0x00800000,1,1,1,0,0,2539651072,440,0
1684.0,soak,2202,0x02400000,1,1,1,0,0,2540699648,440,0
1684.7,soak,2203,0x00400000,1,1,1,0,0,2541748224,440,0
1685.4,soak,2204,0x02000000,1,1,1,0,0,2542796800,440,0
1686.1,soak,2205,0x00000000,1,1,1,0,0,2543845376,440,0
1686.8,soak,2206,0x01C00000,1,1,1,0,0,2544893952,440,0
1687.5,soak,2207,0x03800000,1,1,1,0,0,2545942528,440,0
1688.2,soak,2208,0x01800000,1,1,1,0,0,2546991104,440,0
1688.9,soak,2209,0x03400000,1,1,1,0,0,2548039680,440,0
1689.6,concurrent,2210,0x01400000,0,1,1,1500,1,2549088256,441,0
1690.1,verify-A,2210,0x01400000,0,1,1,0,1,2550136832,442,0
1690.8,soak,2211,0x03000000,1,1,1,0,0,2551185408,442,0
1691.5,soak,2212,0x01000000,1,1,1,0,0,2552233984,442,0
1692.2,soak,2213,0x02C00000,1,1,1,0,0,2553282560,442,0
1692.9,soak,2214,0x00C00000,1,1,1,0,0,2554331136,442,0
1693.6,soak,2215,0x02800000,1,1,1,0,0,2555379712,442,0
1694.3,soak,2216,0x00800000,1,1,1,0,0,2556428288,442,0
1695.0,soak,2217,0x02400000,1,1,1,0,0,2557476864,442,0
1695.7,soak,2218,0x00400000,1,1,1,0,0,2558525440,442,0
1696.4,soak,2219,0x02000000,1,1,1,0,0,2559574016,442,0
1697.1,concurrent,2220,0x00000000,0,1,1,1495,1,2560622592,443,0
1697.7,verify-A,2220,0x00000000,0,1,1,0,1,2561671168,444,0
1698.4,soak,2221,0x01C00000,1,1,1,0,0,2562719744,444,0
1699.1,soak,2222,0x03800000,1,1,1,0,0,2563768320,444,0
1699.8,soak,2223,0x01800000,1,1,1,0,0,2564816896,444,0
1700.5,soak,2224,0x03400000,1,1,1,0,0,2565865472,444,0
1701.2,soak,2225,0x01400000,1,1,1,0,0,2566914048,444,0
1701.9,soak,2226,0x03000000,1,1,1,0,0,2567962624,444,0
1702.6,soak,2227,0x01000000,1,1,1,0,0,2569011200,444,0
1703.3,soak,2228,0x02C00000,1,1,1,0,0,2570059776,444,0
1704.0,soak,2229,0x00C00000,1,1,1,0,0,2571108352,444,0
1704.6,concurrent,2230,0x02800000,0,1,1,1519,1,2572156928,445,0
1705.2,verify-A,2230,0x02800000,0,1,1,0,1,2573205504,446,0
1705.9,soak,2231,0x00800000,1,1,1,0,0,2574254080,446,0
1706.6,soak,2232,0x02400000,1,1,1,0,0,2575302656,446,0
1707.3,soak,2233,0x00400000,1,1,1,0,0,2576351232,446,0
1708.0,soak,2234,0x02000000,1,1,1,0,0,2577399808,446,0
1708.7,soak,2235,0x00000000,1,1,1,0,0,2578448384,446,0
1709.4,soak,2236,0x01C00000,1,1,1,0,0,2579496960,446,0
1710.1,soak,2237,0x03800000,1,1,1,0,0,2580545536,446,0
1710.8,soak,2238,0x01800000,1,1,1,0,0,2581594112,446,0
1711.5,soak,2239,0x03400000,1,1,1,0,0,2582642688,446,0
1712.2,concurrent,2240,0x01400000,0,1,1,1502,1,2583691264,447,0
1712.7,verify-A,2240,0x01400000,0,1,1,0,1,2584739840,448,0
1713.4,soak,2241,0x03000000,1,1,1,0,0,2585788416,448,0
1714.2,soak,2242,0x01000000,1,1,1,0,0,2586836992,448,0
1714.9,soak,2243,0x02C00000,1,1,1,0,0,2587885568,448,0
1715.6,soak,2244,0x00C00000,1,1,1,0,0,2588934144,448,0
1716.3,soak,2245,0x02800000,1,1,1,0,0,2589982720,448,0
1717.0,soak,2246,0x00800000,1,1,1,0,0,2591031296,448,0
1717.7,soak,2247,0x02400000,1,1,1,0,0,2592079872,448,0
1718.4,soak,2248,0x00400000,1,1,1,0,0,2593128448,448,0
1719.1,soak,2249,0x02000000,1,1,1,0,0,2594177024,448,0
1719.8,concurrent,2250,0x00000000,0,1,1,1511,1,2595225600,449,0
1720.3,verify-A,2250,0x00000000,0,1,1,0,1,2596274176,450,0
1721.0,soak,2251,0x01C00000,1,1,1,0,0,2597322752,450,0
1721.7,soak,2252,0x03800000,1,1,1,0,0,2598371328,450,0
1722.5,soak,2253,0x01800000,1,1,1,0,0,2599419904,450,0
1723.1,soak,2254,0x03400000,1,1,1,0,0,2600468480,450,0
1723.8,soak,2255,0x01400000,1,1,1,0,0,2601517056,450,0
1724.5,soak,2256,0x03000000,1,1,1,0,0,2602565632,450,0
1725.2,soak,2257,0x01000000,1,1,1,0,0,2603614208,450,0
1725.9,soak,2258,0x02C00000,1,1,1,0,0,2604662784,450,0
1726.6,soak,2259,0x00C00000,1,1,1,0,0,2605711360,450,0
1727.3,concurrent,2260,0x02800000,0,1,1,1500,1,2606759936,451,0
1727.9,verify-A,2260,0x02800000,0,1,1,0,1,2607808512,452,0
1728.6,soak,2261,0x00800000,1,1,1,0,0,2608857088,452,0
1729.3,soak,2262,0x02400000,1,1,1,0,0,2609905664,452,0
1730.0,soak,2263,0x00400000,1,1,1,0,0,2610954240,452,0
1730.7,soak,2264,0x02000000,1,1,1,0,0,2612002816,452,0
1731.4,soak,2265,0x00000000,1,1,1,0,0,2613051392,452,0
1732.1,soak,2266,0x01C00000,1,1,1,0,0,2614099968,452,0
1732.8,soak,2267,0x03800000,1,1,1,0,0,2615148544,452,0
1733.5,soak,2268,0x01800000,1,1,1,0,0,2616197120,452,0
1734.2,soak,2269,0x03400000,1,1,1,0,0,2617245696,452,0
1734.9,concurrent,2270,0x01400000,0,1,1,1503,1,2618294272,453,0
1735.4,verify-A,2270,0x01400000,0,1,1,0,1,2619342848,454,0
1736.1,soak,2271,0x03000000,1,1,1,0,0,2620391424,454,0
1736.8,soak,2272,0x01000000,1,1,1,0,0,2621440000,454,0
1737.5,soak,2273,0x02C00000,1,1,1,0,0,2622488576,454,0
1738.2,soak,2274,0x00C00000,1,1,1,0,0,2623537152,454,0
1739.0,soak,2275,0x02800000,1,1,1,0,0,2624585728,454,0
1739.7,soak,2276,0x00800000,1,1,1,0,0,2625634304,454,0
1740.4,soak,2277,0x02400000,1,1,1,0,0,2626682880,454,0
1741.1,soak,2278,0x00400000,1,1,1,0,0,2627731456,454,0
1741.8,soak,2279,0x02000000,1,1,1,0,0,2628780032,454,0
1742.5,concurrent,2280,0x00000000,0,1,1,1497,1,2629828608,455,0
1743.0,verify-A,2280,0x00000000,0,1,1,0,1,2630877184,456,0
1743.7,soak,2281,0x01C00000,1,1,1,0,0,2631925760,456,0
1744.4,soak,2282,0x03800000,1,1,1,0,0,2632974336,456,0
1745.1,soak,2283,0x01800000,1,1,1,0,0,2634022912,456,0
1745.8,soak,2284,0x03400000,1,1,1,0,0,2635071488,456,0
1746.5,soak,2285,0x01400000,1,1,1,0,0,2636120064,456,0
1747.3,soak,2286,0x03000000,1,1,1,0,0,2637168640,456,0
1748.0,soak,2287,0x01000000,1,1,1,0,0,2638217216,456,0
1748.7,soak,2288,0x02C00000,1,1,1,0,0,2639265792,456,0
1749.4,soak,2289,0x00C00000,1,1,1,0,0,2640314368,456,0
1750.1,concurrent,2290,0x02800000,0,1,1,1508,1,2641362944,457,0
1750.6,verify-A,2290,0x02800000,0,1,1,0,1,2642411520,458,0
1751.3,soak,2291,0x00800000,1,1,1,0,0,2643460096,458,0
1752.1,soak,2292,0x02400000,1,1,1,0,0,2644508672,458,0
1752.8,soak,2293,0x00400000,1,1,1,0,0,2645557248,458,0
1753.5,soak,2294,0x02000000,1,1,1,0,0,2646605824,458,0
1754.2,soak,2295,0x00000000,1,1,1,0,0,2647654400,458,0
1754.9,soak,2296,0x01C00000,1,1,1,0,0,2648702976,458,0
1755.6,soak,2297,0x03800000,1,1,1,0,0,2649751552,458,0
1756.3,soak,2298,0x01800000,1,1,1,0,0,2650800128,458,0
1757.0,soak,2299,0x03400000,1,1,1,0,0,2651848704,458,0
1757.7,concurrent,2300,0x01400000,0,1,1,1489,1,2652897280,459,0
1758.2,verify-A,2300,0x01400000,0,1,1,0,1,2653945856,460,0
1758.9,soak,2301,0x03000000,1,1,1,0,0,2654994432,460,0
1759.6,soak,2302,0x01000000,1,1,1,0,0,2656043008,460,0
1760.3,soak,2303,0x02C00000,1,1,1,0,0,2657091584,460,0
1761.0,soak,2304,0x00C00000,1,1,1,0,0,2658140160,460,0
1761.7,soak,2305,0x02800000,1,1,1,0,0,2659188736,460,0
1762.4,soak,2306,0x00800000,1,1,1,0,0,2660237312,460,0
1763.1,soak,2307,0x02400000,1,1,1,0,0,2661285888,460,0
1763.8,soak,2308,0x00400000,1,1,1,0,0,2662334464,460,0
1764.5,soak,2309,0x02000000,1,1,1,0,0,2663383040,460,0
1765.2,concurrent,2310,0x00000000,0,1,1,1508,1,2664431616,461,0
1765.7,verify-A,2310,0x00000000,0,1,1,0,1,2665480192,462,0
1766.4,soak,2311,0x01C00000,1,1,1,0,0,2666528768,462,0
1767.1,soak,2312,0x03800000,1,1,1,0,0,2667577344,462,0
1767.8,soak,2313,0x01800000,1,1,1,0,0,2668625920,462,0
1768.5,soak,2314,0x03400000,1,1,1,0,0,2669674496,462,0
1769.3,soak,2315,0x01400000,1,1,1,0,0,2670723072,462,0
1770.0,soak,2316,0x03000000,1,1,1,0,0,2671771648,462,0
1770.7,soak,2317,0x01000000,1,1,1,0,0,2672820224,462,0
1771.4,soak,2318,0x02C00000,1,1,1,0,0,2673868800,462,0
1772.1,soak,2319,0x00C00000,1,1,1,0,0,2674917376,462,0
1772.8,concurrent,2320,0x02800000,0,1,1,1496,1,2675965952,463,0
1773.3,verify-A,2320,0x02800000,0,1,1,0,1,2677014528,464,0
1774.0,soak,2321,0x00800000,1,1,1,0,0,2678063104,464,0
1774.7,soak,2322,0x02400000,1,1,1,0,0,2679111680,464,0
1775.4,soak,2323,0x00400000,1,1,1,0,0,2680160256,464,0
1776.2,soak,2324,0x02000000,1,1,1,0,0,2681208832,464,0
1776.9,soak,2325,0x00000000,1,1,1,0,0,2682257408,464,0
1777.6,soak,2326,0x01C00000,1,1,1,0,0,2683305984,464,0
1778.3,soak,2327,0x03800000,1,1,1,0,0,2684354560,464,0
1779.0,soak,2328,0x01800000,1,1,1,0,0,2685403136,464,0
1779.7,soak,2329,0x03400000,1,1,1,0,0,2686451712,464,0
1780.4,concurrent,2330,0x01400000,0,1,1,1493,1,2687500288,465,0
1780.9,verify-A,2330,0x01400000,0,1,1,0,1,2688548864,466,0
1781.7,soak,2331,0x03000000,1,1,1,0,0,2689597440,466,0
1782.4,soak,2332,0x01000000,1,1,1,0,0,2690646016,466,0
1783.1,soak,2333,0x02C00000,1,1,1,0,0,2691694592,466,0
1783.8,soak,2334,0x00C00000,1,1,1,0,0,2692743168,466,0
1784.5,soak,2335,0x02800000,1,1,1,0,0,2693791744,466,0
1785.2,soak,2336,0x00800000,1,1,1,0,0,2694840320,466,0
1785.9,soak,2337,0x02400000,1,1,1,0,0,2695888896,466,0
1786.6,soak,2338,0x00400000,1,1,1,0,0,2696937472,466,0
1787.3,soak,2339,0x02000000,1,1,1,0,0,2697986048,466,0
1788.0,concurrent,2340,0x00000000,0,1,1,1507,1,2699034624,467,0
1788.5,verify-A,2340,0x00000000,0,1,1,0,1,2700083200,468,0
1789.2,soak,2341,0x01C00000,1,1,1,0,0,2701131776,468,0
1789.9,soak,2342,0x03800000,1,1,1,0,0,2702180352,468,0
1790.6,soak,2343,0x01800000,1,1,1,0,0,2703228928,468,0
1791.3,soak,2344,0x03400000,1,1,1,0,0,2704277504,468,0
1792.1,soak,2345,0x01400000,1,1,1,0,0,2705326080,468,0
1792.8,soak,2346,0x03000000,1,1,1,0,0,2706374656,468,0
1793.5,soak,2347,0x01000000,1,1,1,0,0,2707423232,468,0
1794.2,soak,2348,0x02C00000,1,1,1,0,0,2708471808,468,0
1794.9,soak,2349,0x00C00000,1,1,1,0,0,2709520384,468,0
1795.5,concurrent,2350,0x02800000,0,1,1,1496,1,2710568960,469,0
1796.1,verify-A,2350,0x02800000,0,1,1,0,1,2711617536,470,0
1796.8,soak,2351,0x00800000,1,1,1,0,0,2712666112,470,0
1797.5,soak,2352,0x02400000,1,1,1,0,0,2713714688,470,0
1798.2,soak,2353,0x00400000,1,1,1,0,0,2714763264,470,0
1798.9,soak,2354,0x02000000,1,1,1,0,0,2715811840,470,0
1799.6,soak,2355,0x00000000,1,1,1,0,0,2716860416,470,0
1800.3,soak,2356,0x01C00000,1,1,1,0,0,2717908992,470,0
1801.0,soak,2357,0x03800000,1,1,1,0,0,2718957568,470,0
1801.7,soak,2358,0x01800000,1,1,1,0,0,2720006144,470,0
1802.4,soak,2359,0x03400000,1,1,1,0,0,2721054720,470,0
1803.1,concurrent,2360,0x01400000,0,1,1,1513,1,2722103296,471,0
1803.7,verify-A,2360,0x01400000,0,1,1,0,1,2723151872,472,0
1806.0,eye,2360,0x00000000,1,1,1,0,0,2723151872,472,0
1806.7,soak,2361,0x03000000,1,1,1,0,0,2724200448,472,0
1807.5,soak,2362,0x01000000,1,1,1,0,0,2725249024,472,0
1808.2,soak,2363,0x02C00000,1,1,1,0,0,2726297600,472,0
1808.9,soak,2364,0x00C00000,1,1,1,0,0,2727346176,472,0
1809.6,soak,2365,0x02800000,1,1,1,0,0,2728394752,472,0
1810.3,soak,2366,0x00800000,1,1,1,0,0,2729443328,472,0
1811.0,soak,2367,0x02400000,1,1,1,0,0,2730491904,472,0
1811.7,soak,2368,0x00400000,1,1,1,0,0,2731540480,472,0
1812.4,soak,2369,0x02000000,1,1,1,0,0,2732589056,472,0
1813.1,concurrent,2370,0x00000000,0,1,1,1507,1,2733637632,473,0
1813.6,verify-A,2370,0x00000000,0,1,1,0,1,2734686208,474,0
1814.3,soak,2371,0x01C00000,1,1,1,0,0,2735734784,474,0
1815.0,soak,2372,0x03800000,1,1,1,0,0,2736783360,474,0
1815.7,soak,2373,0x01800000,1,1,1,0,0,2737831936,474,0
1816.5,soak,2374,0x03400000,1,1,1,0,0,2738880512,474,0
1817.2,soak,2375,0x01400000,1,1,1,0,0,2739929088,474,0
1817.9,soak,2376,0x03000000,1,1,1,0,0,2740977664,474,0
1818.6,soak,2377,0x01000000,1,1,1,0,0,2742026240,474,0
1819.3,soak,2378,0x02C00000,1,1,1,0,0,2743074816,474,0
1820.0,soak,2379,0x00C00000,1,1,1,0,0,2744123392,474,0
1820.7,concurrent,2380,0x02800000,0,1,1,1499,1,2745171968,475,0
1821.2,verify-A,2380,0x02800000,0,1,1,0,1,2746220544,476,0
1821.9,soak,2381,0x00800000,1,1,1,0,0,2747269120,476,0
1822.6,soak,2382,0x02400000,1,1,1,0,0,2748317696,476,0
1823.3,soak,2383,0x00400000,1,1,1,0,0,2749366272,476,0
1824.0,soak,2384,0x02000000,1,1,1,0,0,2750414848,476,0
1824.8,soak,2385,0x00000000,1,1,1,0,0,2751463424,476,0
1825.5,soak,2386,0x01C00000,1,1,1,0,0,2752512000,476,0
1826.2,soak,2387,0x03800000,1,1,1,0,0,2753560576,476,0
1826.9,soak,2388,0x01800000,1,1,1,0,0,2754609152,476,0
1827.6,soak,2389,0x03400000,1,1,1,0,0,2755657728,476,0
1828.3,concurrent,2390,0x01400000,0,1,1,1503,1,2756706304,477,0
1828.8,verify-A,2390,0x01400000,0,1,1,0,1,2757754880,478,0
1829.5,soak,2391,0x03000000,1,1,1,0,0,2758803456,478,0
1830.2,soak,2392,0x01000000,1,1,1,0,0,2759852032,478,0
1830.9,soak,2393,0x02C00000,1,1,1,0,0,2760900608,478,0
1831.6,soak,2394,0x00C00000,1,1,1,0,0,2761949184,478,0
1832.4,soak,2395,0x02800000,1,1,1,0,0,2762997760,478,0
1833.1,soak,2396,0x00800000,1,1,1,0,0,2764046336,478,0
1833.8,soak,2397,0x02400000,1,1,1,0,0,2765094912,478,0
1834.5,soak,2398,0x00400000,1,1,1,0,0,2766143488,478,0
1835.2,soak,2399,0x02000000,1,1,1,0,0,2767192064,478,0
1835.8,concurrent,2400,0x00000000,0,1,1,1491,1,2768240640,479,0
1836.4,verify-A,2400,0x00000000,0,1,1,0,1,2769289216,480,0
1837.1,soak,2401,0x01C00000,1,1,1,0,0,2770337792,480,0
1837.8,soak,2402,0x03800000,1,1,1,0,0,2771386368,480,0
1838.5,soak,2403,0x01800000,1,1,1,0,0,2772434944,480,0
1839.2,soak,2404,0x03400000,1,1,1,0,0,2773483520,480,0
1839.9,soak,2405,0x01400000,1,1,1,0,0,2774532096,480,0
1840.6,soak,2406,0x03000000,1,1,1,0,0,2775580672,480,0
1841.3,soak,2407,0x01000000,1,1,1,0,0,2776629248,480,0
1842.0,soak,2408,0x02C00000,1,1,1,0,0,2777677824,480,0
1842.7,soak,2409,0x00C00000,1,1,1,0,0,2778726400,480,0
1843.4,concurrent,2410,0x02800000,0,1,1,1508,1,2779774976,481,0
1843.9,verify-A,2410,0x02800000,0,1,1,0,1,2780823552,482,0
1844.6,soak,2411,0x00800000,1,1,1,0,0,2781872128,482,0
1845.3,soak,2412,0x02400000,1,1,1,0,0,2782920704,482,0
1846.0,soak,2413,0x00400000,1,1,1,0,0,2783969280,482,0
1846.8,soak,2414,0x02000000,1,1,1,0,0,2785017856,482,0
1847.5,soak,2415,0x00000000,1,1,1,0,0,2786066432,482,0
1848.2,soak,2416,0x01C00000,1,1,1,0,0,2787115008,482,0
1848.9,soak,2417,0x03800000,1,1,1,0,0,2788163584,482,0
1849.6,soak,2418,0x01800000,1,1,1,0,0,2789212160,482,0
1850.3,soak,2419,0x03400000,1,1,1,0,0,2790260736,482,0
1851.0,concurrent,2420,0x01400000,0,1,1,1506,1,2791309312,483,0
1851.5,verify-A,2420,0x01400000,0,1,1,0,1,2792357888,484,0
1852.2,soak,2421,0x03000000,1,1,1,0,0,2793406464,484,0
1852.9,soak,2422,0x01000000,1,1,1,0,0,2794455040,484,0
1853.7,soak,2423,0x02C00000,1,1,1,0,0,2795503616,484,0
1854.4,soak,2424,0x00C00000,1,1,1,0,0,2796552192,484,0
1855.1,soak,2425,0x02800000,1,1,1,0,0,2797600768,484,0
1855.8,soak,2426,0x00800000,1,1,1,0,0,2798649344,484,0
1856.5,soak,2427,0x02400000,1,1,1,0,0,2799697920,484,0
1857.2,soak,2428,0x00400000,1,1,1,0,0,2800746496,484,0
1857.9,soak,2429,0x02000000,1,1,1,0,0,2801795072,484,0
1858.6,concurrent,2430,0x00000000,0,1,1,1510,1,2802843648,485,0
1859.1,verify-A,2430,0x00000000,0,1,1,0,1,2803892224,486,0
1859.8,soak,2431,0x01C00000,1,1,1,0,0,2804940800,486,0
1860.5,soak,2432,0x03800000,1,1,1,0,0,2805989376,486,0
1861.2,soak,2433,0x01800000,1,1,1,0,0,2807037952,486,0
1861.9,soak,2434,0x03400000,1,1,1,0,0,2808086528,486,0
1862.6,soak,2435,0x01400000,1,1,1,0,0,2809135104,486,0
1863.3,soak,2436,0x03000000,1,1,1,0,0,2810183680,486,0
1864.0,soak,2437,0x01000000,1,1,1,0,0,2811232256,486,0
1864.8,soak,2438,0x02C00000,1,1,1,0,0,2812280832,486,0
1865.5,soak,2439,0x00C00000,1,1,1,0,0,2813329408,486,0
1866.1,concurrent,2440,0x02800000,0,1,1,1500,1,2814377984,487,0
1866.7,verify-A,2440,0x02800000,0,1,1,0,1,2815426560,488,0
1867.4,soak,2441,0x00800000,1,1,1,0,0,2816475136,488,0
1868.1,soak,2442,0x02400000,1,1,1,0,0,2817523712,488,0
1868.8,soak,2443,0x00400000,1,1,1,0,0,2818572288,488,0
1869.5,soak,2444,0x02000000,1,1,1,0,0,2819620864,488,0
1870.2,soak,2445,0x00000000,1,1,1,0,0,2820669440,488,0
1870.9,soak,2446,0x01C00000,1,1,1,0,0,2821718016,488,0
1871.6,soak,2447,0x03800000,1,1,1,0,0,2822766592,488,0
1872.3,soak,2448,0x01800000,1,1,1,0,0,2823815168,488,0
1873.0,soak,2449,0x03400000,1,1,1,0,0,2824863744,488,0
1873.7,concurrent,2450,0x01400000,0,1,1,1500,1,2825912320,489,0
1874.2,verify-A,2450,0x01400000,0,1,1,0,1,2826960896,490,0
1874.9,soak,2451,0x03000000,1,1,1,0,0,2828009472,490,0
1875.6,soak,2452,0x01000000,1,1,1,0,0,2829058048,490,0
1876.3,soak,2453,0x02C00000,1,1,1,0,0,2830106624,490,0
1877.0,soak,2454,0x00C00000,1,1,1,0,0,2831155200,490,0
1877.7,soak,2455,0x02800000,1,1,1,0,0,2832203776,490,0
1878.5,soak,2456,0x00800000,1,1,1,0,0,2833252352,490,0
1879.2,soak,2457,0x02400000,1,1,1,0,0,2834300928,490,0
1879.9,soak,2458,0x00400000,1,1,1,0,0,2835349504,490,0
1880.6,soak,2459,0x02000000,1,1,1,0,0,2836398080,490,0
1881.3,concurrent,2460,0x00000000,0,1,1,1508,1,2837446656,491,0
1881.8,verify-A,2460,0x00000000,0,1,1,0,1,2838495232,492,0
1882.5,soak,2461,0x01C00000,1,1,1,0,0,2839543808,492,0
1883.2,soak,2462,0x03800000,1,1,1,0,0,2840592384,492,0
1883.9,soak,2463,0x01800000,1,1,1,0,0,2841640960,492,0
1884.6,soak,2464,0x03400000,1,1,1,0,0,2842689536,492,0
1885.3,soak,2465,0x01400000,1,1,1,0,0,2843738112,492,0
1886.0,soak,2466,0x03000000,1,1,1,0,0,2844786688,492,0
1886.8,soak,2467,0x01000000,1,1,1,0,0,2845835264,492,0
1887.5,soak,2468,0x02C00000,1,1,1,0,0,2846883840,492,0
1888.2,soak,2469,0x00C00000,1,1,1,0,0,2847932416,492,0
1888.8,concurrent,2470,0x02800000,0,1,1,1505,1,2848980992,493,0
1889.4,verify-A,2470,0x02800000,0,1,1,0,1,2850029568,494,0
1890.1,soak,2471,0x00800000,1,1,1,0,0,2851078144,494,0
1890.8,soak,2472,0x02400000,1,1,1,0,0,2852126720,494,0
1891.5,soak,2473,0x00400000,1,1,1,0,0,2853175296,494,0
1892.2,soak,2474,0x02000000,1,1,1,0,0,2854223872,494,0
1892.9,soak,2475,0x00000000,1,1,1,0,0,2855272448,494,0
1893.6,soak,2476,0x01C00000,1,1,1,0,0,2856321024,494,0
1894.3,soak,2477,0x03800000,1,1,1,0,0,2857369600,494,0
1895.0,soak,2478,0x01800000,1,1,1,0,0,2858418176,494,0
1895.7,soak,2479,0x03400000,1,1,1,0,0,2859466752,494,0
1896.4,concurrent,2480,0x01400000,0,1,1,1502,1,2860515328,495,0
1896.9,verify-A,2480,0x01400000,0,1,1,0,1,2861563904,496,0
1897.6,soak,2481,0x03000000,1,1,1,0,0,2862612480,496,0
1898.3,soak,2482,0x01000000,1,1,1,0,0,2863661056,496,0
1899.0,soak,2483,0x02C00000,1,1,1,0,0,2864709632,496,0
1899.7,soak,2484,0x00C00000,1,1,1,0,0,2865758208,496,0
1900.4,soak,2485,0x02800000,1,1,1,0,0,2866806784,496,0
1901.2,soak,2486,0x00800000,1,1,1,0,0,2867855360,496,0
1901.9,soak,2487,0x02400000,1,1,1,0,0,2868903936,496,0
1902.6,soak,2488,0x00400000,1,1,1,0,0,2869952512,496,0
1903.3,soak,2489,0x02000000,1,1,1,0,0,2871001088,496,0
1903.9,concurrent,2490,0x00000000,0,1,1,1508,1,2872049664,497,0
1904.5,verify-A,2490,0x00000000,0,1,1,0,1,2873098240,498,0
1905.2,soak,2491,0x01C00000,1,1,1,0,0,2874146816,498,0
1905.9,soak,2492,0x03800000,1,1,1,0,0,2875195392,498,0
1906.6,soak,2493,0x01800000,1,1,1,0,0,2876243968,498,0
1907.3,soak,2494,0x03400000,1,1,1,0,0,2877292544,498,0
1908.0,soak,2495,0x01400000,1,1,1,0,0,2878341120,498,0
1908.7,soak,2496,0x03000000,1,1,1,0,0,2879389696,498,0
1909.4,soak,2497,0x01000000,1,1,1,0,0,2880438272,498,0
1910.1,soak,2498,0x02C00000,1,1,1,0,0,2881486848,498,0
1910.8,soak,2499,0x00C00000,1,1,1,0,0,2882535424,498,0
1911.5,concurrent,2500,0x02800000,0,1,1,1509,1,2883584000,499,0
1912.1,verify-A,2500,0x02800000,0,1,1,0,1,2884632576,500,0
1912.8,soak,2501,0x00800000,1,1,1,0,0,2885681152,500,0
1913.5,soak,2502,0x02400000,1,1,1,0,0,2886729728,500,0
1914.2,soak,2503,0x00400000,1,1,1,0,0,2887778304,500,0
1914.9,soak,2504,0x02000000,1,1,1,0,0,2888826880,500,0
1915.6,soak,2505,0x00000000,1,1,1,0,0,2889875456,500,0
1916.3,soak,2506,0x01C00000,1,1,1,0,0,2890924032,500,0
1917.0,soak,2507,0x03800000,1,1,1,0,0,2891972608,500,0
1917.7,soak,2508,0x01800000,1,1,1,0,0,2893021184,500,0
1918.4,soak,2509,0x03400000,1,1,1,0,0,2894069760,500,0
1919.1,concurrent,2510,0x01400000,0,1,1,1506,1,2895118336,501,0
1919.6,verify-A,2510,0x01400000,0,1,1,0,1,2896166912,502,0
1920.3,soak,2511,0x03000000,1,1,1,0,0,2897215488,502,0
1921.0,soak,2512,0x01000000,1,1,1,0,0,2898264064,502,0
1921.7,soak,2513,0x02C00000,1,1,1,0,0,2899312640,502,0
1922.4,soak,2514,0x00C00000,1,1,1,0,0,2900361216,502,0
1923.2,soak,2515,0x02800000,1,1,1,0,0,2901409792,502,0
1923.9,soak,2516,0x00800000,1,1,1,0,0,2902458368,502,0
1924.6,soak,2517,0x02400000,1,1,1,0,0,2903506944,502,0
1925.3,soak,2518,0x00400000,1,1,1,0,0,2904555520,502,0
1926.0,soak,2519,0x02000000,1,1,1,0,0,2905604096,502,0
1926.6,concurrent,2520,0x00000000,0,1,1,1508,1,2906652672,503,0
1927.2,verify-A,2520,0x00000000,0,1,1,0,1,2907701248,504,0
1927.9,soak,2521,0x01C00000,1,1,1,0,0,2908749824,504,0
1928.6,soak,2522,0x03800000,1,1,1,0,0,2909798400,504,0
1929.3,soak,2523,0x01800000,1,1,1,0,0,2910846976,504,0
1930.0,soak,2524,0x03400000,1,1,1,0,0,2911895552,504,0
1930.7,soak,2525,0x01400000,1,1,1,0,0,2912944128,504,0
1931.4,soak,2526,0x03000000,1,1,1,0,0,2913992704,504,0
1932.1,soak,2527,0x01000000,1,1,1,0,0,2915041280,504,0
1932.8,soak,2528,0x02C00000,1,1,1,0,0,2916089856,504,0
1933.6,soak,2529,0x00C00000,1,1,1,0,0,2917138432,504,0
1934.2,concurrent,2530,0x02800000,0,1,1,1499,1,2918187008,505,0
1934.8,verify-A,2530,0x02800000,0,1,1,0,1,2919235584,506,0
1935.5,soak,2531,0x00800000,1,1,1,0,0,2920284160,506,0
1936.2,soak,2532,0x02400000,1,1,1,0,0,2921332736,506,0
1936.9,soak,2533,0x00400000,1,1,1,0,0,2922381312,506,0
1937.6,soak,2534,0x02000000,1,1,1,0,0,2923429888,506,0
1938.3,soak,2535,0x00000000,1,1,1,0,0,2924478464,506,0
1939.0,soak,2536,0x01C00000,1,1,1,0,0,2925527040,506,0
1939.7,soak,2537,0x03800000,1,1,1,0,0,2926575616,506,0
1940.4,soak,2538,0x01800000,1,1,1,0,0,2927624192,506,0
1941.1,soak,2539,0x03400000,1,1,1,0,0,2928672768,506,0
1941.8,concurrent,2540,0x01400000,0,1,1,1503,1,2929721344,507,0
1942.3,verify-A,2540,0x01400000,0,1,1,0,1,2930769920,508,0
1943.1,soak,2541,0x03000000,1,1,1,0,0,2931818496,508,0
1943.8,soak,2542,0x01000000,1,1,1,0,0,2932867072,508,0
1944.5,soak,2543,0x02C00000,1,1,1,0,0,2933915648,508,0
1945.2,soak,2544,0x00C00000,1,1,1,0,0,2934964224,508,0
1945.9,soak,2545,0x02800000,1,1,1,0,0,2936012800,508,0
1946.7,soak,2546,0x00800000,1,1,1,0,0,2937061376,508,0
1947.4,soak,2547,0x02400000,1,1,1,0,0,2938109952,508,0
1948.1,soak,2548,0x00400000,1,1,1,0,0,2939158528,508,0
1948.8,soak,2549,0x02000000,1,1,1,0,0,2940207104,508,0
1949.4,concurrent,2550,0x00000000,0,1,1,1499,1,2941255680,509,0
1950.0,verify-A,2550,0x00000000,0,1,1,0,1,2942304256,510,0
1950.7,soak,2551,0x01C00000,1,1,1,0,0,2943352832,510,0
1951.4,soak,2552,0x03800000,1,1,1,0,0,2944401408,510,0
1952.1,soak,2553,0x01800000,1,1,1,0,0,2945449984,510,0
1952.8,soak,2554,0x03400000,1,1,1,0,0,2946498560,510,0
1953.5,soak,2555,0x01400000,1,1,1,0,0,2947547136,510,0
1954.2,soak,2556,0x03000000,1,1,1,0,0,2948595712,510,0
1954.9,soak,2557,0x01000000,1,1,1,0,0,2949644288,510,0
1955.6,soak,2558,0x02C00000,1,1,1,0,0,2950692864,510,0
1956.3,soak,2559,0x00C00000,1,1,1,0,0,2951741440,510,0
1957.0,concurrent,2560,0x02800000,0,1,1,1507,1,2952790016,511,0
1957.5,verify-A,2560,0x02800000,0,1,1,0,1,2953838592,512,0
1958.2,soak,2561,0x00800000,1,1,1,0,0,2954887168,512,0
1958.9,soak,2562,0x02400000,1,1,1,0,0,2955935744,512,0
1959.6,soak,2563,0x00400000,1,1,1,0,0,2956984320,512,0
1960.4,soak,2564,0x02000000,1,1,1,0,0,2958032896,512,0
1961.1,soak,2565,0x00000000,1,1,1,0,0,2959081472,512,0
1961.8,soak,2566,0x01C00000,1,1,1,0,0,2960130048,512,0
1962.5,soak,2567,0x03800000,1,1,1,0,0,2961178624,512,0
1963.2,soak,2568,0x01800000,1,1,1,0,0,2962227200,512,0
1963.9,soak,2569,0x03400000,1,1,1,0,0,2963275776,512,0
1964.6,concurrent,2570,0x01400000,0,1,1,1489,1,2964324352,513,0
1965.1,verify-A,2570,0x01400000,0,1,1,0,1,2965372928,514,0
1965.8,soak,2571,0x03000000,1,1,1,0,0,2966421504,514,0
1966.5,soak,2572,0x01000000,1,1,1,0,0,2967470080,514,0
1967.2,soak,2573,0x02C00000,1,1,1,0,0,2968518656,514,0
1967.9,soak,2574,0x00C00000,1,1,1,0,0,2969567232,514,0
1968.6,soak,2575,0x02800000,1,1,1,0,0,2970615808,514,0
1969.3,soak,2576,0x00800000,1,1,1,0,0,2971664384,514,0
1970.0,soak,2577,0x02400000,1,1,1,0,0,2972712960,514,0
1970.7,soak,2578,0x00400000,1,1,1,0,0,2973761536,514,0
1971.5,soak,2579,0x02000000,1,1,1,0,0,2974810112,514,0
1972.1,concurrent,2580,0x00000000,0,1,1,1507,1,2975858688,515,0
1972.7,verify-A,2580,0x00000000,0,1,1,0,1,2976907264,516,0
1973.4,soak,2581,0x01C00000,1,1,1,0,0,2977955840,516,0
1974.1,soak,2582,0x03800000,1,1,1,0,0,2979004416,516,0
1974.8,soak,2583,0x01800000,1,1,1,0,0,2980052992,516,0
1975.5,soak,2584,0x03400000,1,1,1,0,0,2981101568,516,0
1976.2,soak,2585,0x01400000,1,1,1,0,0,2982150144,516,0
1976.9,soak,2586,0x03000000,1,1,1,0,0,2983198720,516,0
1977.7,soak,2587,0x01000000,1,1,1,0,0,2984247296,516,0
1978.4,soak,2588,0x02C00000,1,1,1,0,0,2985295872,516,0
1979.1,soak,2589,0x00C00000,1,1,1,0,0,2986344448,516,0
1979.7,concurrent,2590,0x02800000,0,1,1,1507,1,2987393024,517,0
1980.3,verify-A,2590,0x02800000,0,1,1,0,1,2988441600,518,0
1981.0,soak,2591,0x00800000,1,1,1,0,0,2989490176,518,0
1981.7,soak,2592,0x02400000,1,1,1,0,0,2990538752,518,0
1982.4,soak,2593,0x00400000,1,1,1,0,0,2991587328,518,0
1983.1,soak,2594,0x02000000,1,1,1,0,0,2992635904,518,0
1983.8,soak,2595,0x00000000,1,1,1,0,0,2993684480,518,0
1984.5,soak,2596,0x01C00000,1,1,1,0,0,2994733056,518,0
1985.2,soak,2597,0x03800000,1,1,1,0,0,2995781632,518,0
1985.9,soak,2598,0x01800000,1,1,1,0,0,2996830208,518,0
1986.6,soak,2599,0x03400000,1,1,1,0,0,2997878784,518,0
1987.3,concurrent,2600,0x01400000,0,1,1,1494,1,2998927360,519,0
1987.9,verify-A,2600,0x01400000,0,1,1,0,1,2999975936,520,0
1988.6,soak,2601,0x03000000,1,1,1,0,0,3001024512,520,0
1989.3,soak,2602,0x01000000,1,1,1,0,0,3002073088,520,0
1990.0,soak,2603,0x02C00000,1,1,1,0,0,3003121664,520,0
1990.7,soak,2604,0x00C00000,1,1,1,0,0,3004170240,520,0
1991.4,soak,2605,0x02800000,1,1,1,0,0,3005218816,520,0
1992.1,soak,2606,0x00800000,1,1,1,0,0,3006267392,520,0
1992.8,soak,2607,0x02400000,1,1,1,0,0,3007315968,520,0
1993.5,soak,2608,0x00400000,1,1,1,0,0,3008364544,520,0
1994.2,soak,2609,0x02000000,1,1,1,0,0,3009413120,520,0
1994.9,concurrent,2610,0x00000000,0,1,1,1499,1,3010461696,521,0
1995.4,verify-A,2610,0x00000000,0,1,1,0,1,3011510272,522,0
1996.1,soak,2611,0x01C00000,1,1,1,0,0,3012558848,522,0
1996.8,soak,2612,0x03800000,1,1,1,0,0,3013607424,522,0
1997.5,soak,2613,0x01800000,1,1,1,0,0,3014656000,522,0
1998.2,soak,2614,0x03400000,1,1,1,0,0,3015704576,522,0
1998.9,soak,2615,0x01400000,1,1,1,0,0,3016753152,522,0
1999.6,soak,2616,0x03000000,1,1,1,0,0,3017801728,522,0
2000.3,soak,2617,0x01000000,1,1,1,0,0,3018850304,522,0
2001.1,soak,2618,0x02C00000,1,1,1,0,0,3019898880,522,0
2001.8,soak,2619,0x00C00000,1,1,1,0,0,3020947456,522,0
2002.4,concurrent,2620,0x02800000,0,1,1,1497,1,3021996032,523,0
2003.0,verify-A,2620,0x02800000,0,1,1,0,1,3023044608,524,0
2003.7,soak,2621,0x00800000,1,1,1,0,0,3024093184,524,0
2004.4,soak,2622,0x02400000,1,1,1,0,0,3025141760,524,0
2005.1,soak,2623,0x00400000,1,1,1,0,0,3026190336,524,0
2005.8,soak,2624,0x02000000,1,1,1,0,0,3027238912,524,0
2006.5,soak,2625,0x00000000,1,1,1,0,0,3028287488,524,0
2007.2,soak,2626,0x01C00000,1,1,1,0,0,3029336064,524,0
2007.9,soak,2627,0x03800000,1,1,1,0,0,3030384640,524,0
2008.6,soak,2628,0x01800000,1,1,1,0,0,3031433216,524,0
2009.3,soak,2629,0x03400000,1,1,1,0,0,3032481792,524,0
2010.0,concurrent,2630,0x01400000,0,1,1,1507,1,3033530368,525,0
2010.6,verify-A,2630,0x01400000,0,1,1,0,1,3034578944,526,0
2011.3,soak,2631,0x03000000,1,1,1,0,0,3035627520,526,0
2012.0,soak,2632,0x01000000,1,1,1,0,0,3036676096,526,0
2012.7,soak,2633,0x02C00000,1,1,1,0,0,3037724672,526,0
2013.4,soak,2634,0x00C00000,1,1,1,0,0,3038773248,526,0
2014.1,soak,2635,0x02800000,1,1,1,0,0,3039821824,526,0
2014.9,soak,2636,0x00800000,1,1,1,0,0,3040870400,526,0
2015.6,soak,2637,0x02400000,1,1,1,0,0,3041918976,526,0
2016.3,soak,2638,0x00400000,1,1,1,0,0,3042967552,526,0
2017.0,soak,2639,0x02000000,1,1,1,0,0,3044016128,526,0
2017.6,concurrent,2640,0x00000000,0,1,1,1500,1,3045064704,527,0
2018.2,verify-A,2640,0x00000000,0,1,1,0,1,3046113280,528,0
2018.9,soak,2641,0x01C00000,1,1,1,0,0,3047161856,528,0
2019.6,soak,2642,0x03800000,1,1,1,0,0,3048210432,528,0
2020.3,soak,2643,0x01800000,1,1,1,0,0,3049259008,528,0
2021.0,soak,2644,0x03400000,1,1,1,0,0,3050307584,528,0
2021.7,soak,2645,0x01400000,1,1,1,0,0,3051356160,528,0
2022.4,soak,2646,0x03000000,1,1,1,0,0,3052404736,528,0
2023.1,soak,2647,0x01000000,1,1,1,0,0,3053453312,528,0
2023.8,soak,2648,0x02C00000,1,1,1,0,0,3054501888,528,0
2024.6,soak,2649,0x00C00000,1,1,1,0,0,3055550464,528,0
2025.2,concurrent,2650,0x02800000,0,1,1,1508,1,3056599040,529,0
2025.8,verify-A,2650,0x02800000,0,1,1,0,1,3057647616,530,0
2026.5,soak,2651,0x00800000,1,1,1,0,0,3058696192,530,0
2027.2,soak,2652,0x02400000,1,1,1,0,0,3059744768,530,0
2027.9,soak,2653,0x00400000,1,1,1,0,0,3060793344,530,0
2028.6,soak,2654,0x02000000,1,1,1,0,0,3061841920,530,0
2029.3,soak,2655,0x00000000,1,1,1,0,0,3062890496,530,0
2030.0,soak,2656,0x01C00000,1,1,1,0,0,3063939072,530,0
2030.7,soak,2657,0x03800000,1,1,1,0,0,3064987648,530,0
2031.4,soak,2658,0x01800000,1,1,1,0,0,3066036224,530,0
2032.1,soak,2659,0x03400000,1,1,1,0,0,3067084800,530,0
2032.8,concurrent,2660,0x01400000,0,1,1,1496,1,3068133376,531,0
2033.3,verify-A,2660,0x01400000,0,1,1,0,1,3069181952,532,0
2034.0,soak,2661,0x03000000,1,1,1,0,0,3070230528,532,0
2034.7,soak,2662,0x01000000,1,1,1,0,0,3071279104,532,0
2035.4,soak,2663,0x02C00000,1,1,1,0,0,3072327680,532,0
2036.1,soak,2664,0x00C00000,1,1,1,0,0,3073376256,532,0
2036.9,soak,2665,0x02800000,1,1,1,0,0,3074424832,532,0
2037.6,soak,2666,0x00800000,1,1,1,0,0,3075473408,532,0
2038.3,soak,2667,0x02400000,1,1,1,0,0,3076521984,532,0
2039.0,soak,2668,0x00400000,1,1,1,0,0,3077570560,532,0
2039.7,soak,2669,0x02000000,1,1,1,0,0,3078619136,532,0
2040.4,concurrent,2670,0x00000000,0,1,1,1513,1,3079667712,533,0
2040.9,verify-A,2670,0x00000000,0,1,1,0,1,3080716288,534,0
2041.6,soak,2671,0x01C00000,1,1,1,0,0,3081764864,534,0
2042.4,soak,2672,0x03800000,1,1,1,0,0,3082813440,534,0
2043.1,soak,2673,0x01800000,1,1,1,0,0,3083862016,534,0
2043.8,soak,2674,0x03400000,1,1,1,0,0,3084910592,534,0
2044.5,soak,2675,0x01400000,1,1,1,0,0,3085959168,534,0
2045.2,soak,2676,0x03000000,1,1,1,0,0,3087007744,534,0
2045.9,soak,2677,0x01000000,1,1,1,0,0,3088056320,534,0
2046.6,soak,2678,0x02C00000,1,1,1,0,0,3089104896,534,0
2047.3,soak,2679,0x00C00000,1,1,1,0,0,3090153472,534,0
2048.0,concurrent,2680,0x02800000,0,1,1,1494,1,3091202048,535,0
2048.5,verify-A,2680,0x02800000,0,1,1,0,1,3092250624,536,0
2049.2,soak,2681,0x00800000,1,1,1,0,0,3093299200,536,0
2049.9,soak,2682,0x02400000,1,1,1,0,0,3094347776,536,0
2050.6,soak,2683,0x00400000,1,1,1,0,0,3095396352,536,0
2051.3,soak,2684,0x02000000,1,1,1,0,0,3096444928,536,0
2052.0,soak,2685,0x00000000,1,1,1,0,0,3097493504,536,0
2052.7,soak,2686,0x01C00000,1,1,1,0,0,3098542080,536,0
2053.5,soak,2687,0x03800000,1,1,1,0,0,3099590656,536,0
2054.2,soak,2688,0x01800000,1,1,1,0,0,3100639232,536,0
2054.9,soak,2689,0x03400000,1,1,1,0,0,3101687808,536,0
2055.5,concurrent,2690,0x01400000,0,1,1,1503,1,3102736384,537,0
2056.1,verify-A,2690,0x01400000,0,1,1,0,1,3103784960,538,0
2056.8,soak,2691,0x03000000,1,1,1,0,0,3104833536,538,0
2057.5,soak,2692,0x01000000,1,1,1,0,0,3105882112,538,0
2058.2,soak,2693,0x02C00000,1,1,1,0,0,3106930688,538,0
2058.9,soak,2694,0x00C00000,1,1,1,0,0,3107979264,538,0
2059.6,soak,2695,0x02800000,1,1,1,0,0,3109027840,538,0
2060.3,soak,2696,0x00800000,1,1,1,0,0,3110076416,538,0
2061.0,soak,2697,0x02400000,1,1,1,0,0,3111124992,538,0
2061.7,soak,2698,0x00400000,1,1,1,0,0,3112173568,538,0
2062.4,soak,2699,0x02000000,1,1,1,0,0,3113222144,538,0
2063.1,concurrent,2700,0x00000000,0,1,1,1490,1,3114270720,539,0
2063.7,verify-A,2700,0x00000000,0,1,1,0,1,3115319296,540,0
2064.4,soak,2701,0x01C00000,1,1,1,0,0,3116367872,540,0
2065.1,soak,2702,0x03800000,1,1,1,0,0,3117416448,540,0
2065.8,soak,2703,0x01800000,1,1,1,0,0,3118465024,540,0
2066.5,soak,2704,0x03400000,1,1,1,0,0,3119513600,540,0
2067.2,soak,2705,0x01400000,1,1,1,0,0,3120562176,540,0
2067.9,soak,2706,0x03000000,1,1,1,0,0,3121610752,540,0
2068.6,soak,2707,0x01000000,1,1,1,0,0,3122659328,540,0
2069.3,soak,2708,0x02C00000,1,1,1,0,0,3123707904,540,0
2070.0,soak,2709,0x00C00000,1,1,1,0,0,3124756480,540,0
2070.7,concurrent,2710,0x02800000,0,1,1,1507,1,3125805056,541,0
2071.2,verify-A,2710,0x02800000,0,1,1,0,1,3126853632,542,0
2072.0,soak,2711,0x00800000,1,1,1,0,0,3127902208,542,0
2072.7,soak,2712,0x02400000,1,1,1,0,0,3128950784,542,0
2073.4,soak,2713,0x00400000,1,1,1,0,0,3129999360,542,0
2074.1,soak,2714,0x02000000,1,1,1,0,0,3131047936,542,0
2074.8,soak,2715,0x00000000,1,1,1,0,0,3132096512,542,0
2075.5,soak,2716,0x01C00000,1,1,1,0,0,3133145088,542,0
2076.2,soak,2717,0x03800000,1,1,1,0,0,3134193664,542,0
2076.9,soak,2718,0x01800000,1,1,1,0,0,3135242240,542,0
2077.6,soak,2719,0x03400000,1,1,1,0,0,3136290816,542,0
2078.3,concurrent,2720,0x01400000,0,1,1,1497,1,3137339392,543,0
2078.9,verify-A,2720,0x01400000,0,1,1,0,1,3138387968,544,0
2079.6,soak,2721,0x03000000,1,1,1,0,0,3139436544,544,0
2080.3,soak,2722,0x01000000,1,1,1,0,0,3140485120,544,0
2081.0,soak,2723,0x02C00000,1,1,1,0,0,3141533696,544,0
2081.7,soak,2724,0x00C00000,1,1,1,0,0,3142582272,544,0
2082.4,soak,2725,0x02800000,1,1,1,0,0,3143630848,544,0
2083.1,soak,2726,0x00800000,1,1,1,0,0,3144679424,544,0
2083.8,soak,2727,0x02400000,1,1,1,0,0,3145728000,544,0
2084.5,soak,2728,0x00400000,1,1,1,0,0,3146776576,544,0
2085.2,soak,2729,0x02000000,1,1,1,0,0,3147825152,544,0
2085.9,concurrent,2730,0x00000000,0,1,1,1500,1,3148873728,545,0
2086.5,verify-A,2730,0x00000000,0,1,1,0,1,3149922304,546,0
2087.2,soak,2731,0x01C00000,1,1,1,0,0,3150970880,546,0
2087.9,soak,2732,0x03800000,1,1,1,0,0,3152019456,546,0
2088.6,soak,2733,0x01800000,1,1,1,0,0,3153068032,546,0
2089.3,soak,2734,0x03400000,1,1,1,0,0,3154116608,546,0
2090.0,soak,2735,0x01400000,1,1,1,0,0,3155165184,546,0
2090.7,soak,2736,0x03000000,1,1,1,0,0,3156213760,546,0
2091.4,soak,2737,0x01000000,1,1,1,0,0,3157262336,546,0
2092.1,soak,2738,0x02C00000,1,1,1,0,0,3158310912,546,0
2092.8,soak,2739,0x00C00000,1,1,1,0,0,3159359488,546,0
2093.5,concurrent,2740,0x02800000,0,1,1,1501,1,3160408064,547,0
2094.0,verify-A,2740,0x02800000,0,1,1,0,1,3161456640,548,0
2094.7,soak,2741,0x00800000,1,1,1,0,0,3162505216,548,0
2095.4,soak,2742,0x02400000,1,1,1,0,0,3163553792,548,0
2096.2,soak,2743,0x00400000,1,1,1,0,0,3164602368,548,0
2096.9,soak,2744,0x02000000,1,1,1,0,0,3165650944,548,0
2097.6,soak,2745,0x00000000,1,1,1,0,0,3166699520,548,0
2098.3,soak,2746,0x01C00000,1,1,1,0,0,3167748096,548,0
2099.0,soak,2747,0x03800000,1,1,1,0,0,3168796672,548,0
2099.7,soak,2748,0x01800000,1,1,1,0,0,3169845248,548,0
2100.4,soak,2749,0x03400000,1,1,1,0,0,3170893824,548,0
2101.0,concurrent,2750,0x01400000,0,1,1,1507,1,3171942400,549,0
2101.6,verify-A,2750,0x01400000,0,1,1,0,1,3172990976,550,0
2102.3,soak,2751,0x03000000,1,1,1,0,0,3174039552,550,0
2103.0,soak,2752,0x01000000,1,1,1,0,0,3175088128,550,0
2103.7,soak,2753,0x02C00000,1,1,1,0,0,3176136704,550,0
2106.1,eye,2753,0x00000000,1,1,1,0,0,3176136704,550,0
2106.8,soak,2754,0x00C00000,1,1,1,0,0,3177185280,550,0
2107.5,soak,2755,0x02800000,1,1,1,0,0,3178233856,550,0
2108.2,soak,2756,0x00800000,1,1,1,0,0,3179282432,550,0
2108.9,soak,2757,0x02400000,1,1,1,0,0,3180331008,550,0
2109.6,soak,2758,0x00400000,1,1,1,0,0,3181379584,550,0
2110.3,soak,2759,0x02000000,1,1,1,0,0,3182428160,550,0
2111.0,concurrent,2760,0x00000000,0,1,1,1502,1,3183476736,551,0
2111.6,verify-A,2760,0x00000000,0,1,1,0,1,3184525312,552,0
2112.3,soak,2761,0x01C00000,1,1,1,0,0,3185573888,552,0
2113.0,soak,2762,0x03800000,1,1,1,0,0,3186622464,552,0
2113.7,soak,2763,0x01800000,1,1,1,0,0,3187671040,552,0
2114.4,soak,2764,0x03400000,1,1,1,0,0,3188719616,552,0
2115.1,soak,2765,0x01400000,1,1,1,0,0,3189768192,552,0
2115.8,soak,2766,0x03000000,1,1,1,0,0,3190816768,552,0
2116.5,soak,2767,0x01000000,1,1,1,0,0,3191865344,552,0
2117.2,soak,2768,0x02C00000,1,1,1,0,0,3192913920,552,0
2117.9,soak,2769,0x00C00000,1,1,1,0,0,3193962496,552,0
2118.6,concurrent,2770,0x02800000,0,1,1,1500,1,3195011072,553,0
2119.1,verify-A,2770,0x02800000,0,1,1,0,1,3196059648,554,0
2119.8,soak,2771,0x00800000,1,1,1,0,0,3197108224,554,0
2120.5,soak,2772,0x02400000,1,1,1,0,0,3198156800,554,0
2121.2,soak,2773,0x00400000,1,1,1,0,0,3199205376,554,0
2121.9,soak,2774,0x02000000,1,1,1,0,0,3200253952,554,0
2122.6,soak,2775,0x00000000,1,1,1,0,0,3201302528,554,0
2123.3,soak,2776,0x01C00000,1,1,1,0,0,3202351104,554,0
2124.0,soak,2777,0x03800000,1,1,1,0,0,3203399680,554,0
2124.7,soak,2778,0x01800000,1,1,1,0,0,3204448256,554,0
2125.4,soak,2779,0x03400000,1,1,1,0,0,3205496832,554,0
2126.1,concurrent,2780,0x01400000,0,1,1,1494,1,3206545408,555,0
2126.7,verify-A,2780,0x01400000,0,1,1,0,1,3207593984,556,0
2127.4,soak,2781,0x03000000,1,1,1,0,0,3208642560,556,0
2128.1,soak,2782,0x01000000,1,1,1,0,0,3209691136,556,0
2128.8,soak,2783,0x02C00000,1,1,1,0,0,3210739712,556,0
2129.5,soak,2784,0x00C00000,1,1,1,0,0,3211788288,556,0
2130.2,soak,2785,0x02800000,1,1,1,0,0,3212836864,556,0
2130.9,soak,2786,0x00800000,1,1,1,0,0,3213885440,556,0
2131.6,soak,2787,0x02400000,1,1,1,0,0,3214934016,556,0
2132.3,soak,2788,0x00400000,1,1,1,0,0,3215982592,556,0
2133.0,soak,2789,0x02000000,1,1,1,0,0,3217031168,556,0
2133.7,concurrent,2790,0x00000000,0,1,1,1498,1,3218079744,557,0
2134.2,verify-A,2790,0x00000000,0,1,1,0,1,3219128320,558,0
2135.0,soak,2791,0x01C00000,1,1,1,0,0,3220176896,558,0
2135.7,soak,2792,0x03800000,1,1,1,0,0,3221225472,558,0
2136.4,soak,2793,0x01800000,1,1,1,0,0,3222274048,558,0
2137.1,soak,2794,0x03400000,1,1,1,0,0,3223322624,558,0
2137.8,soak,2795,0x01400000,1,1,1,0,0,3224371200,558,0
2138.5,soak,2796,0x03000000,1,1,1,0,0,3225419776,558,0
2139.2,soak,2797,0x01000000,1,1,1,0,0,3226468352,558,0
2139.9,soak,2798,0x02C00000,1,1,1,0,0,3227516928,558,0
2140.6,soak,2799,0x00C00000,1,1,1,0,0,3228565504,558,0
2141.3,concurrent,2800,0x02800000,0,1,1,1491,1,3229614080,559,0
2141.8,verify-A,2800,0x02800000,0,1,1,0,1,3230662656,560,0
2142.6,soak,2801,0x00800000,1,1,1,0,0,3231711232,560,0
2143.3,soak,2802,0x02400000,1,1,1,0,0,3232759808,560,0
2144.0,soak,2803,0x00400000,1,1,1,0,0,3233808384,560,0
2144.7,soak,2804,0x02000000,1,1,1,0,0,3234856960,560,0
2145.4,soak,2805,0x00000000,1,1,1,0,0,3235905536,560,0
2146.1,soak,2806,0x01C00000,1,1,1,0,0,3236954112,560,0
2146.8,soak,2807,0x03800000,1,1,1,0,0,3238002688,560,0
2147.5,soak,2808,0x01800000,1,1,1,0,0,3239051264,560,0
2148.2,soak,2809,0x03400000,1,1,1,0,0,3240099840,560,0
2148.9,concurrent,2810,0x01400000,0,1,1,1505,1,3241148416,561,0
2149.4,verify-A,2810,0x01400000,0,1,1,0,1,3242196992,562,0
2150.1,soak,2811,0x03000000,1,1,1,0,0,3243245568,562,0
2150.8,soak,2812,0x01000000,1,1,1,0,0,3244294144,562,0
2151.5,soak,2813,0x02C00000,1,1,1,0,0,3245342720,562,0
2152.2,soak,2814,0x00C00000,1,1,1,0,0,3246391296,562,0
2152.9,soak,2815,0x02800000,1,1,1,0,0,3247439872,562,0
2153.6,soak,2816,0x00800000,1,1,1,0,0,3248488448,562,0
2154.3,soak,2817,0x02400000,1,1,1,0,0,3249537024,562,0
2155.0,soak,2818,0x00400000,1,1,1,0,0,3250585600,562,0
2155.8,soak,2819,0x02000000,1,1,1,0,0,3251634176,562,0
2156.4,concurrent,2820,0x00000000,0,1,1,1494,1,3252682752,563,0
2157.0,verify-A,2820,0x00000000,0,1,1,0,1,3253731328,564,0
2157.7,soak,2821,0x01C00000,1,1,1,0,0,3254779904,564,0
2158.4,soak,2822,0x03800000,1,1,1,0,0,3255828480,564,0
2159.1,soak,2823,0x01800000,1,1,1,0,0,3256877056,564,0
2159.8,soak,2824,0x03400000,1,1,1,0,0,3257925632,564,0
2160.5,soak,2825,0x01400000,1,1,1,0,0,3258974208,564,0
2161.2,soak,2826,0x03000000,1,1,1,0,0,3260022784,564,0
2161.9,soak,2827,0x01000000,1,1,1,0,0,3261071360,564,0
2162.6,soak,2828,0x02C00000,1,1,1,0,0,3262119936,564,0
2163.3,soak,2829,0x00C00000,1,1,1,0,0,3263168512,564,0
2164.0,concurrent,2830,0x02800000,0,1,1,1494,1,3264217088,565,0
2164.6,verify-A,2830,0x02800000,0,1,1,0,1,3265265664,566,0
2165.3,soak,2831,0x00800000,1,1,1,0,0,3266314240,566,0
2166.0,soak,2832,0x02400000,1,1,1,0,0,3267362816,566,0
2166.7,soak,2833,0x00400000,1,1,1,0,0,3268411392,566,0
2167.4,soak,2834,0x02000000,1,1,1,0,0,3269459968,566,0
2168.1,soak,2835,0x00000000,1,1,1,0,0,3270508544,566,0
2168.8,soak,2836,0x01C00000,1,1,1,0,0,3271557120,566,0
2169.5,soak,2837,0x03800000,1,1,1,0,0,3272605696,566,0
2170.2,soak,2838,0x01800000,1,1,1,0,0,3273654272,566,0
2171.0,soak,2839,0x03400000,1,1,1,0,0,3274702848,566,0
2171.6,concurrent,2840,0x01400000,0,1,1,1497,1,3275751424,567,0
2172.2,verify-A,2840,0x01400000,0,1,1,0,1,3276800000,568,0
2172.9,soak,2841,0x03000000,1,1,1,0,0,3277848576,568,0
2173.6,soak,2842,0x01000000,1,1,1,0,0,3278897152,568,0
2174.3,soak,2843,0x02C00000,1,1,1,0,0,3279945728,568,0
2175.0,soak,2844,0x00C00000,1,1,1,0,0,3280994304,568,0
2175.7,soak,2845,0x02800000,1,1,1,0,0,3282042880,568,0
2176.4,soak,2846,0x00800000,1,1,1,0,0,3283091456,568,0
2177.1,soak,2847,0x02400000,1,1,1,0,0,3284140032,568,0
2177.8,soak,2848,0x00400000,1,1,1,0,0,3285188608,568,0
2178.5,soak,2849,0x02000000,1,1,1,0,0,3286237184,568,0
2179.2,concurrent,2850,0x00000000,0,1,1,1504,1,3287285760,569,0
2179.8,verify-A,2850,0x00000000,0,1,1,0,1,3288334336,570,0
2180.5,soak,2851,0x01C00000,1,1,1,0,0,3289382912,570,0
2181.2,soak,2852,0x03800000,1,1,1,0,0,3290431488,570,0
2181.9,soak,2853,0x01800000,1,1,1,0,0,3291480064,570,0
2182.6,soak,2854,0x03400000,1,1,1,0,0,3292528640,570,0
2183.3,soak,2855,0x01400000,1,1,1,0,0,3293577216,570,0
2184.0,soak,2856,0x03000000,1,1,1,0,0,3294625792,570,0
2184.7,soak,2857,0x01000000,1,1,1,0,0,3295674368,570,0
2185.4,soak,2858,0x02C00000,1,1,1,0,0,3296722944,570,0
2186.1,soak,2859,0x00C00000,1,1,1,0,0,3297771520,570,0
2186.8,concurrent,2860,0x02800000,0,1,1,1489,1,3298820096,571,0
2187.3,verify-A,2860,0x02800000,0,1,1,0,1,3299868672,572,0
2188.0,soak,2861,0x00800000,1,1,1,0,0,3300917248,572,0
2188.7,soak,2862,0x02400000,1,1,1,0,0,3301965824,572,0
2189.5,soak,2863,0x00400000,1,1,1,0,0,3303014400,572,0
2190.2,soak,2864,0x02000000,1,1,1,0,0,3304062976,572,0
2190.9,soak,2865,0x00000000,1,1,1,0,0,3305111552,572,0
2191.6,soak,2866,0x01C00000,1,1,1,0,0,3306160128,572,0
2192.3,soak,2867,0x03800000,1,1,1,0,0,3307208704,572,0
2193.0,soak,2868,0x01800000,1,1,1,0,0,3308257280,572,0
2193.7,soak,2869,0x03400000,1,1,1,0,0,3309305856,572,0
2194.4,concurrent,2870,0x01400000,0,1,1,1507,1,3310354432,573,0
2194.9,verify-A,2870,0x01400000,0,1,1,0,1,3311403008,574,0
2195.6,soak,2871,0x03000000,1,1,1,0,0,3312451584,574,0
2196.4,soak,2872,0x01000000,1,1,1,0,0,3313500160,574,0
2197.1,soak,2873,0x02C00000,1,1,1,0,0,3314548736,574,0
2197.8,soak,2874,0x00C00000,1,1,1,0,0,3315597312,574,0
2198.5,soak,2875,0x02800000,1,1,1,0,0,3316645888,574,0
2199.2,soak,2876,0x00800000,1,1,1,0,0,3317694464,574,0
2199.9,soak,2877,0x02400000,1,1,1,0,0,3318743040,574,0
2200.6,soak,2878,0x00400000,1,1,1,0,0,3319791616,574,0
2201.3,soak,2879,0x02000000,1,1,1,0,0,3320840192,574,0
2202.0,concurrent,2880,0x00000000,0,1,1,1495,1,3321888768,575,0
2202.5,verify-A,2880,0x00000000,0,1,1,0,1,3322937344,576,0
2203.3,soak,2881,0x01C00000,1,1,1,0,0,3323985920,576,0
2204.0,soak,2882,0x03800000,1,1,1,0,0,3325034496,576,0
2204.7,soak,2883,0x01800000,1,1,1,0,0,3326083072,576,0
2205.4,soak,2884,0x03400000,1,1,1,0,0,3327131648,576,0
2206.1,soak,2885,0x01400000,1,1,1,0,0,3328180224,576,0
2206.8,soak,2886,0x03000000,1,1,1,0,0,3329228800,576,0
2207.5,soak,2887,0x01000000,1,1,1,0,0,3330277376,576,0
2208.2,soak,2888,0x02C00000,1,1,1,0,0,3331325952,576,0
2208.9,soak,2889,0x00C00000,1,1,1,0,0,3332374528,576,0
2209.6,concurrent,2890,0x02800000,0,1,1,1509,1,3333423104,577,0
2210.1,verify-A,2890,0x02800000,0,1,1,0,1,3334471680,578,0
2210.8,soak,2891,0x00800000,1,1,1,0,0,3335520256,578,0
2211.5,soak,2892,0x02400000,1,1,1,0,0,3336568832,578,0
2212.2,soak,2893,0x00400000,1,1,1,0,0,3337617408,578,0
2212.9,soak,2894,0x02000000,1,1,1,0,0,3338665984,578,0
2213.6,soak,2895,0x00000000,1,1,1,0,0,3339714560,578,0
2214.3,soak,2896,0x01C00000,1,1,1,0,0,3340763136,578,0
2215.0,soak,2897,0x03800000,1,1,1,0,0,3341811712,578,0
2215.7,soak,2898,0x01800000,1,1,1,0,0,3342860288,578,0
2216.5,soak,2899,0x03400000,1,1,1,0,0,3343908864,578,0
2217.1,concurrent,2900,0x01400000,0,1,1,1499,1,3344957440,579,0
2217.7,verify-A,2900,0x01400000,0,1,1,0,1,3346006016,580,0
2218.4,soak,2901,0x03000000,1,1,1,0,0,3347054592,580,0
2219.1,soak,2902,0x01000000,1,1,1,0,0,3348103168,580,0
2219.8,soak,2903,0x02C00000,1,1,1,0,0,3349151744,580,0
2220.5,soak,2904,0x00C00000,1,1,1,0,0,3350200320,580,0
2221.2,soak,2905,0x02800000,1,1,1,0,0,3351248896,580,0
2221.9,soak,2906,0x00800000,1,1,1,0,0,3352297472,580,0
2222.6,soak,2907,0x02400000,1,1,1,0,0,3353346048,580,0
2223.3,soak,2908,0x00400000,1,1,1,0,0,3354394624,580,0
2224.0,soak,2909,0x02000000,1,1,1,0,0,3355443200,580,0
2224.7,concurrent,2910,0x00000000,0,1,1,1516,1,3356491776,581,0
2225.2,verify-A,2910,0x00000000,0,1,1,0,1,3357540352,582,0
2226.0,soak,2911,0x01C00000,1,1,1,0,0,3358588928,582,0
2226.7,soak,2912,0x03800000,1,1,1,0,0,3359637504,582,0
2227.4,soak,2913,0x01800000,1,1,1,0,0,3360686080,582,0
2228.1,soak,2914,0x03400000,1,1,1,0,0,3361734656,582,0
2228.8,soak,2915,0x01400000,1,1,1,0,0,3362783232,582,0
2229.5,soak,2916,0x03000000,1,1,1,0,0,3363831808,582,0
2230.2,soak,2917,0x01000000,1,1,1,0,0,3364880384,582,0
2230.9,soak,2918,0x02C00000,1,1,1,0,0,3365928960,582,0
2231.6,soak,2919,0x00C00000,1,1,1,0,0,3366977536,582,0
2232.3,concurrent,2920,0x02800000,0,1,1,1508,1,3368026112,583,0
2232.8,verify-A,2920,0x02800000,0,1,1,0,1,3369074688,584,0
2233.5,soak,2921,0x00800000,1,1,1,0,0,3370123264,584,0
2234.2,soak,2922,0x02400000,1,1,1,0,0,3371171840,584,0
2234.9,soak,2923,0x00400000,1,1,1,0,0,3372220416,584,0
2235.7,soak,2924,0x02000000,1,1,1,0,0,3373268992,584,0
2236.4,soak,2925,0x00000000,1,1,1,0,0,3374317568,584,0
2237.1,soak,2926,0x01C00000,1,1,1,0,0,3375366144,584,0
2237.8,soak,2927,0x03800000,1,1,1,0,0,3376414720,584,0
2238.5,soak,2928,0x01800000,1,1,1,0,0,3377463296,584,0
2239.2,soak,2929,0x03400000,1,1,1,0,0,3378511872,584,0
2239.8,concurrent,2930,0x01400000,0,1,1,1494,1,3379560448,585,0
2240.4,verify-A,2930,0x01400000,0,1,1,0,1,3380609024,586,0
2241.1,soak,2931,0x03000000,1,1,1,0,0,3381657600,586,0
2241.8,soak,2932,0x01000000,1,1,1,0,0,3382706176,586,0
2242.5,soak,2933,0x02C00000,1,1,1,0,0,3383754752,586,0
2243.2,soak,2934,0x00C00000,1,1,1,0,0,3384803328,586,0
2243.9,soak,2935,0x02800000,1,1,1,0,0,3385851904,586,0
2244.6,soak,2936,0x00800000,1,1,1,0,0,3386900480,586,0
2245.3,soak,2937,0x02400000,1,1,1,0,0,3387949056,586,0
2246.0,soak,2938,0x00400000,1,1,1,0,0,3388997632,586,0
2246.7,soak,2939,0x02000000,1,1,1,0,0,3390046208,586,0
2247.4,concurrent,2940,0x00000000,0,1,1,1500,1,3391094784,587,0
2248.0,verify-A,2940,0x00000000,0,1,1,0,1,3392143360,588,0
2248.7,soak,2941,0x01C00000,1,1,1,0,0,3393191936,588,0
2249.4,soak,2942,0x03800000,1,1,1,0,0,3394240512,588,0
2250.1,soak,2943,0x01800000,1,1,1,0,0,3395289088,588,0
2250.8,soak,2944,0x03400000,1,1,1,0,0,3396337664,588,0
2251.5,soak,2945,0x01400000,1,1,1,0,0,3397386240,588,0
2252.2,soak,2946,0x03000000,1,1,1,0,0,3398434816,588,0
2252.9,soak,2947,0x01000000,1,1,1,0,0,3399483392,588,0
2253.6,soak,2948,0x02C00000,1,1,1,0,0,3400531968,588,0
2254.3,soak,2949,0x00C00000,1,1,1,0,0,3401580544,588,0
2255.0,concurrent,2950,0x02800000,0,1,1,1517,1,3402629120,589,0
2255.5,verify-A,2950,0x02800000,0,1,1,0,1,3403677696,590,0
2256.2,soak,2951,0x00800000,1,1,1,0,0,3404726272,590,0
2257.0,soak,2952,0x02400000,1,1,1,0,0,3405774848,590,0
2257.7,soak,2953,0x00400000,1,1,1,0,0,3406823424,590,0
2258.4,soak,2954,0x02000000,1,1,1,0,0,3407872000,590,0
2259.1,soak,2955,0x00000000,1,1,1,0,0,3408920576,590,0
2259.8,soak,2956,0x01C00000,1,1,1,0,0,3409969152,590,0
2260.5,soak,2957,0x03800000,1,1,1,0,0,3411017728,590,0
2261.2,soak,2958,0x01800000,1,1,1,0,0,3412066304,590,0
2261.9,soak,2959,0x03400000,1,1,1,0,0,3413114880,590,0
2262.6,concurrent,2960,0x01400000,0,1,1,1500,1,3414163456,591,0
2263.2,verify-A,2960,0x01400000,0,1,1,0,1,3415212032,592,0
2263.9,soak,2961,0x03000000,1,1,1,0,0,3416260608,592,0
2264.6,soak,2962,0x01000000,1,1,1,0,0,3417309184,592,0
2265.3,soak,2963,0x02C00000,1,1,1,0,0,3418357760,592,0
2266.0,soak,2964,0x00C00000,1,1,1,0,0,3419406336,592,0
2266.7,soak,2965,0x02800000,1,1,1,0,0,3420454912,592,0
2267.4,soak,2966,0x00800000,1,1,1,0,0,3421503488,592,0
2268.1,soak,2967,0x02400000,1,1,1,0,0,3422552064,592,0
2268.8,soak,2968,0x00400000,1,1,1,0,0,3423600640,592,0
2269.5,soak,2969,0x02000000,1,1,1,0,0,3424649216,592,0
2270.2,concurrent,2970,0x00000000,0,1,1,1487,1,3425697792,593,0
2270.7,verify-A,2970,0x00000000,0,1,1,0,1,3426746368,594,0
2271.4,soak,2971,0x01C00000,1,1,1,0,0,3427794944,594,0
2272.1,soak,2972,0x03800000,1,1,1,0,0,3428843520,594,0
2272.8,soak,2973,0x01800000,1,1,1,0,0,3429892096,594,0
2273.5,soak,2974,0x03400000,1,1,1,0,0,3430940672,594,0
2274.2,soak,2975,0x01400000,1,1,1,0,0,3431989248,594,0
2274.9,soak,2976,0x03000000,1,1,1,0,0,3433037824,594,0
2275.7,soak,2977,0x01000000,1,1,1,0,0,3434086400,594,0
2276.4,soak,2978,0x02C00000,1,1,1,0,0,3435134976,594,0
2277.1,soak,2979,0x00C00000,1,1,1,0,0,3436183552,594,0
2277.7,concurrent,2980,0x02800000,0,1,1,1498,1,3437232128,595,0
2278.3,verify-A,2980,0x02800000,0,1,1,0,1,3438280704,596,0
2279.0,soak,2981,0x00800000,1,1,1,0,0,3439329280,596,0
2279.7,soak,2982,0x02400000,1,1,1,0,0,3440377856,596,0
2280.4,soak,2983,0x00400000,1,1,1,0,0,3441426432,596,0
2281.1,soak,2984,0x02000000,1,1,1,0,0,3442475008,596,0
2281.8,soak,2985,0x00000000,1,1,1,0,0,3443523584,596,0
2282.5,soak,2986,0x01C00000,1,1,1,0,0,3444572160,596,0
2283.2,soak,2987,0x03800000,1,1,1,0,0,3445620736,596,0
2283.9,soak,2988,0x01800000,1,1,1,0,0,3446669312,596,0
2284.6,soak,2989,0x03400000,1,1,1,0,0,3447717888,596,0
2285.3,concurrent,2990,0x01400000,0,1,1,1502,1,3448766464,597,0
2285.8,verify-A,2990,0x01400000,0,1,1,0,1,3449815040,598,0
2286.5,soak,2991,0x03000000,1,1,1,0,0,3450863616,598,0
2287.3,soak,2992,0x01000000,1,1,1,0,0,3451912192,598,0
2288.0,soak,2993,0x02C00000,1,1,1,0,0,3452960768,598,0
2288.7,soak,2994,0x00C00000,1,1,1,0,0,3454009344,598,0
2289.4,soak,2995,0x02800000,1,1,1,0,0,3455057920,598,0
2290.1,soak,2996,0x00800000,1,1,1,0,0,3456106496,598,0
2290.8,soak,2997,0x02400000,1,1,1,0,0,3457155072,598,0
2291.5,soak,2998,0x00400000,1,1,1,0,0,3458203648,598,0
2292.2,soak,2999,0x02000000,1,1,1,0,0,3459252224,598,0
2292.9,concurrent,3000,0x00000000,0,1,1,1495,1,3460300800,599,0
2293.4,verify-A,3000,0x00000000,0,1,1,0,1,3461349376,600,0
2294.1,soak,3001,0x01C00000,1,1,1,0,0,3462397952,600,0
2294.9,soak,3002,0x03800000,1,1,1,0,0,3463446528,600,0
2295.6,soak,3003,0x01800000,1,1,1,0,0,3464495104,600,0
2296.3,soak,3004,0x03400000,1,1,1,0,0,3465543680,600,0
2297.0,soak,3005,0x01400000,1,1,1,0,0,3466592256,600,0
2297.7,soak,3006,0x03000000,1,1,1,0,0,3467640832,600,0
2298.4,soak,3007,0x01000000,1,1,1,0,0,3468689408,600,0
2299.1,soak,3008,0x02C00000,1,1,1,0,0,3469737984,600,0
2299.8,soak,3009,0x00C00000,1,1,1,0,0,3470786560,600,0
2300.5,concurrent,3010,0x02800000,0,1,1,1495,1,3471835136,601,0
2301.0,verify-A,3010,0x02800000,0,1,1,0,1,3472883712,602,0
2301.7,soak,3011,0x00800000,1,1,1,0,0,3473932288,602,0
2302.4,soak,3012,0x02400000,1,1,1,0,0,3474980864,602,0
2303.1,soak,3013,0x00400000,1,1,1,0,0,3476029440,602,0
2303.8,soak,3014,0x02000000,1,1,1,0,0,3477078016,602,0
2304.5,soak,3015,0x00000000,1,1,1,0,0,3478126592,602,0
2305.2,soak,3016,0x01C00000,1,1,1,0,0,3479175168,602,0
2305.9,soak,3017,0x03800000,1,1,1,0,0,3480223744,602,0
2306.6,soak,3018,0x01800000,1,1,1,0,0,3481272320,602,0
2307.3,soak,3019,0x03400000,1,1,1,0,0,3482320896,602,0
2308.0,concurrent,3020,0x01400000,0,1,1,1509,1,3483369472,603,0
2308.6,verify-A,3020,0x01400000,0,1,1,0,1,3484418048,604,0
2309.3,soak,3021,0x03000000,1,1,1,0,0,3485466624,604,0
2310.0,soak,3022,0x01000000,1,1,1,0,0,3486515200,604,0
2310.7,soak,3023,0x02C00000,1,1,1,0,0,3487563776,604,0
2311.4,soak,3024,0x00C00000,1,1,1,0,0,3488612352,604,0
2312.1,soak,3025,0x02800000,1,1,1,0,0,3489660928,604,0
2312.8,soak,3026,0x00800000,1,1,1,0,0,3490709504,604,0
2313.5,soak,3027,0x02400000,1,1,1,0,0,3491758080,604,0
2314.2,soak,3028,0x00400000,1,1,1,0,0,3492806656,604,0
2314.9,soak,3029,0x02000000,1,1,1,0,0,3493855232,604,0
2315.6,concurrent,3030,0x00000000,0,1,1,1503,1,3494903808,605,0
2316.1,verify-A,3030,0x00000000,0,1,1,0,1,3495952384,606,0
2316.8,soak,3031,0x01C00000,1,1,1,0,0,3497000960,606,0
2317.5,soak,3032,0x03800000,1,1,1,0,0,3498049536,606,0
2318.3,soak,3033,0x01800000,1,1,1,0,0,3499098112,606,0
2319.0,soak,3034,0x03400000,1,1,1,0,0,3500146688,606,0
2319.7,soak,3035,0x01400000,1,1,1,0,0,3501195264,606,0
2320.4,soak,3036,0x03000000,1,1,1,0,0,3502243840,606,0
2321.1,soak,3037,0x01000000,1,1,1,0,0,3503292416,606,0
2321.8,soak,3038,0x02C00000,1,1,1,0,0,3504340992,606,0
2322.5,soak,3039,0x00C00000,1,1,1,0,0,3505389568,606,0
2323.2,concurrent,3040,0x02800000,0,1,1,1501,1,3506438144,607,0
2323.7,verify-A,3040,0x02800000,0,1,1,0,1,3507486720,608,0
2324.4,soak,3041,0x00800000,1,1,1,0,0,3508535296,608,0
2325.1,soak,3042,0x02400000,1,1,1,0,0,3509583872,608,0
2325.8,soak,3043,0x00400000,1,1,1,0,0,3510632448,608,0
2326.5,soak,3044,0x02000000,1,1,1,0,0,3511681024,608,0
2327.2,soak,3045,0x00000000,1,1,1,0,0,3512729600,608,0
2328.0,soak,3046,0x01C00000,1,1,1,0,0,3513778176,608,0
2328.7,soak,3047,0x03800000,1,1,1,0,0,3514826752,608,0
2329.4,soak,3048,0x01800000,1,1,1,0,0,3515875328,608,0
2330.1,soak,3049,0x03400000,1,1,1,0,0,3516923904,608,0
2330.7,concurrent,3050,0x01400000,0,1,1,1489,1,3517972480,609,0
2331.3,verify-A,3050,0x01400000,0,1,1,0,1,3519021056,610,0
2332.0,soak,3051,0x03000000,1,1,1,0,0,3520069632,610,0
2332.7,soak,3052,0x01000000,1,1,1,0,0,3521118208,610,0
2333.4,soak,3053,0x02C00000,1,1,1,0,0,3522166784,610,0
2334.1,soak,3054,0x00C00000,1,1,1,0,0,3523215360,610,0
2334.8,soak,3055,0x02800000,1,1,1,0,0,3524263936,610,0
2335.5,soak,3056,0x00800000,1,1,1,0,0,3525312512,610,0
2336.2,soak,3057,0x02400000,1,1,1,0,0,3526361088,610,0
2336.9,soak,3058,0x00400000,1,1,1,0,0,3527409664,610,0
2337.6,soak,3059,0x02000000,1,1,1,0,0,3528458240,610,0
2338.3,concurrent,3060,0x00000000,0,1,1,1498,1,3529506816,611,0
2338.8,verify-A,3060,0x00000000,0,1,1,0,1,3530555392,612,0
2339.6,soak,3061,0x01C00000,1,1,1,0,0,3531603968,612,0
2340.3,soak,3062,0x03800000,1,1,1,0,0,3532652544,612,0
2341.0,soak,3063,0x01800000,1,1,1,0,0,3533701120,612,0
2341.7,soak,3064,0x03400000,1,1,1,0,0,3534749696,612,0
2342.4,soak,3065,0x01400000,1,1,1,0,0,3535798272,612,0
2343.1,soak,3066,0x03000000,1,1,1,0,0,3536846848,612,0
2343.8,soak,3067,0x01000000,1,1,1,0,0,3537895424,612,0
2344.5,soak,3068,0x02C00000,1,1,1,0,0,3538944000,612,0
2345.2,soak,3069,0x00C00000,1,1,1,0,0,3539992576,612,0
2345.9,concurrent,3070,0x02800000,0,1,1,1495,1,3541041152,613,0
2346.4,verify-A,3070,0x02800000,0,1,1,0,1,3542089728,614,0
2347.2,soak,3071,0x00800000,1,1,1,0,0,3543138304,614,0
2347.9,soak,3072,0x02400000,1,1,1,0,0,3544186880,614,0
2348.6,soak,3073,0x00400000,1,1,1,0,0,3545235456,614,0
2349.3,soak,3074,0x02000000,1,1,1,0,0,3546284032,614,0
2350.0,soak,3075,0x00000000,1,1,1,0,0,3547332608,614,0
2350.7,soak,3076,0x01C00000,1,1,1,0,0,3548381184,614,0
2351.4,soak,3077,0x03800000,1,1,1,0,0,3549429760,614,0
2352.1,soak,3078,0x01800000,1,1,1,0,0,3550478336,614,0
2352.8,soak,3079,0x03400000,1,1,1,0,0,3551526912,614,0
2353.5,concurrent,3080,0x01400000,0,1,1,1493,1,3552575488,615,0
2354.0,verify-A,3080,0x01400000,0,1,1,0,1,3553624064,616,0
2354.8,soak,3081,0x03000000,1,1,1,0,0,3554672640,616,0
2355.5,soak,3082,0x01000000,1,1,1,0,0,3555721216,616,0
2356.2,soak,3083,0x02C00000,1,1,1,0,0,3556769792,616,0
2356.9,soak,3084,0x00C00000,1,1,1,0,0,3557818368,616,0
2357.6,soak,3085,0x02800000,1,1,1,0,0,3558866944,616,0
2358.3,soak,3086,0x00800000,1,1,1,0,0,3559915520,616,0
2359.0,soak,3087,0x02400000,1,1,1,0,0,3560964096,616,0
2359.7,soak,3088,0x00400000,1,1,1,0,0,3562012672,616,0
2360.4,soak,3089,0x02000000,1,1,1,0,0,3563061248,616,0
2361.1,concurrent,3090,0x00000000,0,1,1,1493,1,3564109824,617,0
2361.6,verify-A,3090,0x00000000,0,1,1,0,1,3565158400,618,0
2362.3,soak,3091,0x01C00000,1,1,1,0,0,3566206976,618,0
2363.0,soak,3092,0x03800000,1,1,1,0,0,3567255552,618,0
2363.7,soak,3093,0x01800000,1,1,1,0,0,3568304128,618,0
2364.4,soak,3094,0x03400000,1,1,1,0,0,3569352704,618,0
2365.2,soak,3095,0x01400000,1,1,1,0,0,3570401280,618,0
2365.9,soak,3096,0x03000000,1,1,1,0,0,3571449856,618,0
2366.6,soak,3097,0x01000000,1,1,1,0,0,3572498432,618,0
2367.3,soak,3098,0x02C00000,1,1,1,0,0,3573547008,618,0
2368.0,soak,3099,0x00C00000,1,1,1,0,0,3574595584,618,0
2368.6,concurrent,3100,0x02800000,0,1,1,1505,1,3575644160,619,0
2369.2,verify-A,3100,0x02800000,0,1,1,0,1,3576692736,620,0
2369.9,soak,3101,0x00800000,1,1,1,0,0,3577741312,620,0
2370.6,soak,3102,0x02400000,1,1,1,0,0,3578789888,620,0
2371.3,soak,3103,0x00400000,1,1,1,0,0,3579838464,620,0
2372.0,soak,3104,0x02000000,1,1,1,0,0,3580887040,620,0
2372.7,soak,3105,0x00000000,1,1,1,0,0,3581935616,620,0
2373.4,soak,3106,0x01C00000,1,1,1,0,0,3582984192,620,0
2374.1,soak,3107,0x03800000,1,1,1,0,0,3584032768,620,0
2374.8,soak,3108,0x01800000,1,1,1,0,0,3585081344,620,0
2375.5,soak,3109,0x03400000,1,1,1,0,0,3586129920,620,0
2376.2,concurrent,3110,0x01400000,0,1,1,1496,1,3587178496,621,0
2376.7,verify-A,3110,0x01400000,0,1,1,0,1,3588227072,622,0
2377.4,soak,3111,0x03000000,1,1,1,0,0,3589275648,622,0
2378.2,soak,3112,0x01000000,1,1,1,0,0,3590324224,622,0
2378.9,soak,3113,0x02C00000,1,1,1,0,0,3591372800,622,0
2379.6,soak,3114,0x00C00000,1,1,1,0,0,3592421376,622,0
2380.3,soak,3115,0x02800000,1,1,1,0,0,3593469952,622,0
2381.0,soak,3116,0x00800000,1,1,1,0,0,3594518528,622,0
2381.7,soak,3117,0x02400000,1,1,1,0,0,3595567104,622,0
2382.4,soak,3118,0x00400000,1,1,1,0,0,3596615680,622,0
2383.2,soak,3119,0x02000000,1,1,1,0,0,3597664256,622,0
2383.8,concurrent,3120,0x00000000,0,1,1,1501,1,3598712832,623,0
2384.4,verify-A,3120,0x00000000,0,1,1,0,1,3599761408,624,0
2385.1,soak,3121,0x01C00000,1,1,1,0,0,3600809984,624,0
2385.8,soak,3122,0x03800000,1,1,1,0,0,3601858560,624,0
2386.5,soak,3123,0x01800000,1,1,1,0,0,3602907136,624,0
2387.2,soak,3124,0x03400000,1,1,1,0,0,3603955712,624,0
2387.9,soak,3125,0x01400000,1,1,1,0,0,3605004288,624,0
2388.6,soak,3126,0x03000000,1,1,1,0,0,3606052864,624,0
2389.3,soak,3127,0x01000000,1,1,1,0,0,3607101440,624,0
2390.0,soak,3128,0x02C00000,1,1,1,0,0,3608150016,624,0
2390.7,soak,3129,0x00C00000,1,1,1,0,0,3609198592,624,0
2391.4,concurrent,3130,0x02800000,0,1,1,1498,1,3610247168,625,0
2391.9,verify-A,3130,0x02800000,0,1,1,0,1,3611295744,626,0
2392.6,soak,3131,0x00800000,1,1,1,0,0,3612344320,626,0
2393.3,soak,3132,0x02400000,1,1,1,0,0,3613392896,626,0
2394.0,soak,3133,0x00400000,1,1,1,0,0,3614441472,626,0
2394.8,soak,3134,0x02000000,1,1,1,0,0,3615490048,626,0
2395.5,soak,3135,0x00000000,1,1,1,0,0,3616538624,626,0
2396.2,soak,3136,0x01C00000,1,1,1,0,0,3617587200,626,0
2396.9,soak,3137,0x03800000,1,1,1,0,0,3618635776,626,0
2397.6,soak,3138,0x01800000,1,1,1,0,0,3619684352,626,0
2398.3,soak,3139,0x03400000,1,1,1,0,0,3620732928,626,0
2399.0,concurrent,3140,0x01400000,0,1,1,1503,1,3621781504,627,0
2399.5,verify-A,3140,0x01400000,0,1,1,0,1,3622830080,628,0
2400.2,soak,3141,0x03000000,1,1,1,0,0,3623878656,628,0
2400.9,soak,3142,0x01000000,1,1,1,0,0,3624927232,628,0
2401.6,soak,3143,0x02C00000,1,1,1,0,0,3625975808,628,0
2402.3,soak,3144,0x00C00000,1,1,1,0,0,3627024384,628,0
2403.0,soak,3145,0x02800000,1,1,1,0,0,3628072960,628,0
2403.7,soak,3146,0x00800000,1,1,1,0,0,3629121536,628,0
2404.4,soak,3147,0x02400000,1,1,1,0,0,3630170112,628,0
2406.8,eye,3147,0x00000000,1,1,1,0,0,3630170112,628,0
2407.5,soak,3148,0x00400000,1,1,1,0,0,3631218688,628,0
2408.2,soak,3149,0x02000000,1,1,1,0,0,3632267264,628,0
2408.9,concurrent,3150,0x00000000,0,1,1,1498,1,3633315840,629,0
2409.4,verify-A,3150,0x00000000,0,1,1,0,1,3634364416,630,0
2410.1,soak,3151,0x01C00000,1,1,1,0,0,3635412992,630,0
2410.8,soak,3152,0x03800000,1,1,1,0,0,3636461568,630,0
2411.6,soak,3153,0x01800000,1,1,1,0,0,3637510144,630,0
2412.3,soak,3154,0x03400000,1,1,1,0,0,3638558720,630,0
2413.0,soak,3155,0x01400000,1,1,1,0,0,3639607296,630,0
2413.7,soak,3156,0x03000000,1,1,1,0,0,3640655872,630,0
2414.4,soak,3157,0x01000000,1,1,1,0,0,3641704448,630,0
2415.1,soak,3158,0x02C00000,1,1,1,0,0,3642753024,630,0
2415.8,soak,3159,0x00C00000,1,1,1,0,0,3643801600,630,0
2416.5,concurrent,3160,0x02800000,0,1,1,1509,1,3644850176,631,0
2417.0,verify-A,3160,0x02800000,0,1,1,0,1,3645898752,632,0
2417.7,soak,3161,0x00800000,1,1,1,0,0,3646947328,632,0
2418.4,soak,3162,0x02400000,1,1,1,0,0,3647995904,632,0
2419.2,soak,3163,0x00400000,1,1,1,0,0,3649044480,632,0
2419.9,soak,3164,0x02000000,1,1,1,0,0,3650093056,632,0
2420.6,soak,3165,0x00000000,1,1,1,0,0,3651141632,632,0
2421.3,soak,3166,0x01C00000,1,1,1,0,0,3652190208,632,0
2422.0,soak,3167,0x03800000,1,1,1,0,0,3653238784,632,0
2422.7,soak,3168,0x01800000,1,1,1,0,0,3654287360,632,0
2423.4,soak,3169,0x03400000,1,1,1,0,0,3655335936,632,0
2424.1,concurrent,3170,0x01400000,0,1,1,1501,1,3656384512,633,0
2424.6,verify-A,3170,0x01400000,0,1,1,0,1,3657433088,634,0
2425.4,soak,3171,0x03000000,1,1,1,0,0,3658481664,634,0
2426.1,soak,3172,0x01000000,1,1,1,0,0,3659530240,634,0
2426.8,soak,3173,0x02C00000,1,1,1,0,0,3660578816,634,0
2427.5,soak,3174,0x00C00000,1,1,1,0,0,3661627392,634,0
2428.2,soak,3175,0x02800000,1,1,1,0,0,3662675968,634,0
2428.9,soak,3176,0x00800000,1,1,1,0,0,3663724544,634,0
2429.6,soak,3177,0x02400000,1,1,1,0,0,3664773120,634,0
2430.3,soak,3178,0x00400000,1,1,1,0,0,3665821696,634,0
2431.0,soak,3179,0x02000000,1,1,1,0,0,3666870272,634,0
2431.7,concurrent,3180,0x00000000,0,1,1,1509,1,3667918848,635,0
2432.2,verify-A,3180,0x00000000,0,1,1,0,1,3668967424,636,0
2433.0,soak,3181,0x01C00000,1,1,1,0,0,3670016000,636,0
2433.7,soak,3182,0x03800000,1,1,1,0,0,3671064576,636,0
2434.4,soak,3183,0x01800000,1,1,1,0,0,3672113152,636,0
2435.1,soak,3184,0x03400000,1,1,1,0,0,3673161728,636,0
2435.8,soak,3185,0x01400000,1,1,1,0,0,3674210304,636,0
2436.5,soak,3186,0x03000000,1,1,1,0,0,3675258880,636,0
2437.2,soak,3187,0x01000000,1,1,1,0,0,3676307456,636,0
2437.9,soak,3188,0x02C00000,1,1,1,0,0,3677356032,636,0
2438.6,soak,3189,0x00C00000,1,1,1,0,0,3678404608,636,0
2439.3,concurrent,3190,0x02800000,0,1,1,1507,1,3679453184,637,0
2439.8,verify-A,3190,0x02800000,0,1,1,0,1,3680501760,638,0
2440.5,soak,3191,0x00800000,1,1,1,0,0,3681550336,638,0
2441.2,soak,3192,0x02400000,1,1,1,0,0,3682598912,638,0
2441.9,soak,3193,0x00400000,1,1,1,0,0,3683647488,638,0
2442.6,soak,3194,0x02000000,1,1,1,0,0,3684696064,638,0
2443.4,soak,3195,0x00000000,1,1,1,0,0,3685744640,638,0
2444.1,soak,3196,0x01C00000,1,1,1,0,0,3686793216,638,0
2444.8,soak,3197,0x03800000,1,1,1,0,0,3687841792,638,0
2445.5,soak,3198,0x01800000,1,1,1,0,0,3688890368,638,0
2446.2,soak,3199,0x03400000,1,1,1,0,0,3689938944,638,0
2446.9,concurrent,3200,0x01400000,0,1,1,1501,1,3690987520,639,0
2447.4,verify-A,3200,0x01400000,0,1,1,0,1,3692036096,640,0
2448.1,soak,3201,0x03000000,1,1,1,0,0,3693084672,640,0
2448.8,soak,3202,0x01000000,1,1,1,0,0,3694133248,640,0
2449.5,soak,3203,0x02C00000,1,1,1,0,0,3695181824,640,0
2450.2,soak,3204,0x00C00000,1,1,1,0,0,3696230400,640,0
2450.9,soak,3205,0x02800000,1,1,1,0,0,3697278976,640,0
2451.6,soak,3206,0x00800000,1,1,1,0,0,3698327552,640,0
2452.3,soak,3207,0x02400000,1,1,1,0,0,3699376128,640,0
2453.1,soak,3208,0x00400000,1,1,1,0,0,3700424704,640,0
2453.8,soak,3209,0x02000000,1,1,1,0,0,3701473280,640,0
2454.4,concurrent,3210,0x00000000,0,1,1,1507,1,3702521856,641,0
2455.0,verify-A,3210,0x00000000,0,1,1,0,1,3703570432,642,0
2455.7,soak,3211,0x01C00000,1,1,1,0,0,3704619008,642,0
2456.4,soak,3212,0x03800000,1,1,1,0,0,3705667584,642,0
2457.1,soak,3213,0x01800000,1,1,1,0,0,3706716160,642,0
2457.8,soak,3214,0x03400000,1,1,1,0,0,3707764736,642,0
2458.5,soak,3215,0x01400000,1,1,1,0,0,3708813312,642,0
2459.2,soak,3216,0x03000000,1,1,1,0,0,3709861888,642,0
2459.9,soak,3217,0x01000000,1,1,1,0,0,3710910464,642,0
2460.6,soak,3218,0x02C00000,1,1,1,0,0,3711959040,642,0
2461.3,soak,3219,0x00C00000,1,1,1,0,0,3713007616,642,0
2462.0,concurrent,3220,0x02800000,0,1,1,1495,1,3714056192,643,0
2462.5,verify-A,3220,0x02800000,0,1,1,0,1,3715104768,644,0
2463.2,soak,3221,0x00800000,1,1,1,0,0,3716153344,644,0
2463.9,soak,3222,0x02400000,1,1,1,0,0,3717201920,644,0
2464.7,soak,3223,0x00400000,1,1,1,0,0,3718250496,644,0
2465.4,soak,3224,0x02000000,1,1,1,0,0,3719299072,644,0
2466.1,soak,3225,0x00000000,1,1,1,0,0,3720347648,644,0
2466.8,soak,3226,0x01C00000,1,1,1,0,0,3721396224,644,0
2467.5,soak,3227,0x03800000,1,1,1,0,0,3722444800,644,0
2468.2,soak,3228,0x01800000,1,1,1,0,0,3723493376,644,0
2468.9,soak,3229,0x03400000,1,1,1,0,0,3724541952,644,0
2469.5,concurrent,3230,0x01400000,0,1,1,1511,1,3725590528,645,0
2470.1,verify-A,3230,0x01400000,0,1,1,0,1,3726639104,646,0
2470.8,soak,3231,0x03000000,1,1,1,0,0,3727687680,646,0
2471.5,soak,3232,0x01000000,1,1,1,0,0,3728736256,646,0
2472.2,soak,3233,0x02C00000,1,1,1,0,0,3729784832,646,0
2473.0,soak,3234,0x00C00000,1,1,1,0,0,3730833408,646,0
2473.7,soak,3235,0x02800000,1,1,1,0,0,3731881984,646,0
2474.4,soak,3236,0x00800000,1,1,1,0,0,3732930560,646,0
2475.1,soak,3237,0x02400000,1,1,1,0,0,3733979136,646,0
2475.8,soak,3238,0x00400000,1,1,1,0,0,3735027712,646,0
2476.5,soak,3239,0x02000000,1,1,1,0,0,3736076288,646,0
2477.2,concurrent,3240,0x00000000,0,1,1,1501,1,3737124864,647,0
2477.7,verify-A,3240,0x00000000,0,1,1,0,1,3738173440,648,0
2478.4,soak,3241,0x01C00000,1,1,1,0,0,3739222016,648,0
2479.1,soak,3242,0x03800000,1,1,1,0,0,3740270592,648,0
2479.8,soak,3243,0x01800000,1,1,1,0,0,3741319168,648,0
2480.5,soak,3244,0x03400000,1,1,1,0,0,3742367744,648,0
2481.2,soak,3245,0x01400000,1,1,1,0,0,3743416320,648,0
2481.9,soak,3246,0x03000000,1,1,1,0,0,3744464896,648,0
2482.6,soak,3247,0x01000000,1,1,1,0,0,3745513472,648,0
2483.3,soak,3248,0x02C00000,1,1,1,0,0,3746562048,648,0
2484.0,soak,3249,0x00C00000,1,1,1,0,0,3747610624,648,0
2484.7,concurrent,3250,0x02800000,0,1,1,1506,1,3748659200,649,0
2485.3,verify-A,3250,0x02800000,0,1,1,0,1,3749707776,650,0
2486.0,soak,3251,0x00800000,1,1,1,0,0,3750756352,650,0
2486.7,soak,3252,0x02400000,1,1,1,0,0,3751804928,650,0
2487.4,soak,3253,0x00400000,1,1,1,0,0,3752853504,650,0
2488.1,soak,3254,0x02000000,1,1,1,0,0,3753902080,650,0
2488.8,soak,3255,0x00000000,1,1,1,0,0,3754950656,650,0
2489.5,soak,3256,0x01C00000,1,1,1,0,0,3755999232,650,0
2490.2,soak,3257,0x03800000,1,1,1,0,0,3757047808,650,0
2490.9,soak,3258,0x01800000,1,1,1,0,0,3758096384,650,0
2491.6,soak,3259,0x03400000,1,1,1,0,0,3759144960,650,0
2492.3,concurrent,3260,0x01400000,0,1,1,1507,1,3760193536,651,0
2492.8,verify-A,3260,0x01400000,0,1,1,0,1,3761242112,652,0
2493.5,soak,3261,0x03000000,1,1,1,0,0,3762290688,652,0
2494.2,soak,3262,0x01000000,1,1,1,0,0,3763339264,652,0
2494.9,soak,3263,0x02C00000,1,1,1,0,0,3764387840,652,0
2495.6,soak,3264,0x00C00000,1,1,1,0,0,3765436416,652,0
2496.4,soak,3265,0x02800000,1,1,1,0,0,3766484992,652,0
2497.1,soak,3266,0x00800000,1,1,1,0,0,3767533568,652,0
2497.8,soak,3267,0x02400000,1,1,1,0,0,3768582144,652,0
2498.5,soak,3268,0x00400000,1,1,1,0,0,3769630720,652,0
2499.2,soak,3269,0x02000000,1,1,1,0,0,3770679296,652,0
2499.9,concurrent,3270,0x00000000,0,1,1,1501,1,3771727872,653,0
2500.4,verify-A,3270,0x00000000,0,1,1,0,1,3772776448,654,0
2501.1,soak,3271,0x01C00000,1,1,1,0,0,3773825024,654,0
2501.8,soak,3272,0x03800000,1,1,1,0,0,3774873600,654,0
2502.5,soak,3273,0x01800000,1,1,1,0,0,3775922176,654,0
2503.2,soak,3274,0x03400000,1,1,1,0,0,3776970752,654,0
2503.9,soak,3275,0x01400000,1,1,1,0,0,3778019328,654,0
2504.6,soak,3276,0x03000000,1,1,1,0,0,3779067904,654,0
2505.4,soak,3277,0x01000000,1,1,1,0,0,3780116480,654,0
2506.1,soak,3278,0x02C00000,1,1,1,0,0,3781165056,654,0
2506.8,soak,3279,0x00C00000,1,1,1,0,0,3782213632,654,0
2507.4,concurrent,3280,0x02800000,0,1,1,1499,1,3783262208,655,0
2508.0,verify-A,3280,0x02800000,0,1,1,0,1,3784310784,656,0
2508.7,soak,3281,0x00800000,1,1,1,0,0,3785359360,656,0
2509.4,soak,3282,0x02400000,1,1,1,0,0,3786407936,656,0
2510.1,soak,3283,0x00400000,1,1,1,0,0,3787456512,656,0
2510.8,soak,3284,0x02000000,1,1,1,0,0,3788505088,656,0
2511.5,soak,3285,0x00000000,1,1,1,0,0,3789553664,656,0
2512.3,soak,3286,0x01C00000,1,1,1,0,0,3790602240,656,0
2513.0,soak,3287,0x03800000,1,1,1,0,0,3791650816,656,0
2513.7,soak,3288,0x01800000,1,1,1,0,0,3792699392,656,0
2514.4,soak,3289,0x03400000,1,1,1,0,0,3793747968,656,0
2515.0,concurrent,3290,0x01400000,0,1,1,1489,1,3794796544,657,0
2515.6,verify-A,3290,0x01400000,0,1,1,0,1,3795845120,658,0
2516.3,soak,3291,0x03000000,1,1,1,0,0,3796893696,658,0
2517.0,soak,3292,0x01000000,1,1,1,0,0,3797942272,658,0
2517.7,soak,3293,0x02C00000,1,1,1,0,0,3798990848,658,0
2518.4,soak,3294,0x00C00000,1,1,1,0,0,3800039424,658,0
2519.1,soak,3295,0x02800000,1,1,1,0,0,3801088000,658,0
2519.8,soak,3296,0x00800000,1,1,1,0,0,3802136576,658,0
2520.5,soak,3297,0x02400000,1,1,1,0,0,3803185152,658,0
2521.2,soak,3298,0x00400000,1,1,1,0,0,3804233728,658,0
2521.9,soak,3299,0x02000000,1,1,1,0,0,3805282304,658,0
2522.6,concurrent,3300,0x00000000,0,1,1,1505,1,3806330880,659,0
2523.1,verify-A,3300,0x00000000,0,1,1,0,1,3807379456,660,0
2523.8,soak,3301,0x01C00000,1,1,1,0,0,3808428032,660,0
2524.5,soak,3302,0x03800000,1,1,1,0,0,3809476608,660,0
2525.2,soak,3303,0x01800000,1,1,1,0,0,3810525184,660,0
2525.9,soak,3304,0x03400000,1,1,1,0,0,3811573760,660,0
2526.7,soak,3305,0x01400000,1,1,1,0,0,3812622336,660,0
2527.4,soak,3306,0x03000000,1,1,1,0,0,3813670912,660,0
2528.1,soak,3307,0x01000000,1,1,1,0,0,3814719488,660,0
2528.8,soak,3308,0x02C00000,1,1,1,0,0,3815768064,660,0
2529.5,soak,3309,0x00C00000,1,1,1,0,0,3816816640,660,0
2530.1,concurrent,3310,0x02800000,0,1,1,1497,1,3817865216,661,0
2530.7,verify-A,3310,0x02800000,0,1,1,0,1,3818913792,662,0
2531.4,soak,3311,0x00800000,1,1,1,0,0,3819962368,662,0
2532.1,soak,3312,0x02400000,1,1,1,0,0,3821010944,662,0
2532.8,soak,3313,0x00400000,1,1,1,0,0,3822059520,662,0
2533.5,soak,3314,0x02000000,1,1,1,0,0,3823108096,662,0
2534.2,soak,3315,0x00000000,1,1,1,0,0,3824156672,662,0
2535.0,soak,3316,0x01C00000,1,1,1,0,0,3825205248,662,0
2535.7,soak,3317,0x03800000,1,1,1,0,0,3826253824,662,0
2536.4,soak,3318,0x01800000,1,1,1,0,0,3827302400,662,0
2537.1,soak,3319,0x03400000,1,1,1,0,0,3828350976,662,0
2537.8,concurrent,3320,0x01400000,0,1,1,1489,1,3829399552,663,0
2538.3,verify-A,3320,0x01400000,0,1,1,0,1,3830448128,664,0
2539.0,soak,3321,0x03000000,1,1,1,0,0,3831496704,664,0
2539.7,soak,3322,0x01000000,1,1,1,0,0,3832545280,664,0
2540.4,soak,3323,0x02C00000,1,1,1,0,0,3833593856,664,0
2541.1,soak,3324,0x00C00000,1,1,1,0,0,3834642432,664,0
2541.8,soak,3325,0x02800000,1,1,1,0,0,3835691008,664,0
2542.5,soak,3326,0x00800000,1,1,1,0,0,3836739584,664,0
2543.2,soak,3327,0x02400000,1,1,1,0,0,3837788160,664,0
2543.9,soak,3328,0x00400000,1,1,1,0,0,3838836736,664,0
2544.6,soak,3329,0x02000000,1,1,1,0,0,3839885312,664,0
2545.3,concurrent,3330,0x00000000,0,1,1,1502,1,3840933888,665,0
2545.9,verify-A,3330,0x00000000,0,1,1,0,1,3841982464,666,0
2546.6,soak,3331,0x01C00000,1,1,1,0,0,3843031040,666,0
2547.3,soak,3332,0x03800000,1,1,1,0,0,3844079616,666,0
2548.0,soak,3333,0x01800000,1,1,1,0,0,3845128192,666,0
2548.7,soak,3334,0x03400000,1,1,1,0,0,3846176768,666,0
2549.4,soak,3335,0x01400000,1,1,1,0,0,3847225344,666,0
2550.1,soak,3336,0x03000000,1,1,1,0,0,3848273920,666,0
2550.8,soak,3337,0x01000000,1,1,1,0,0,3849322496,666,0
2551.5,soak,3338,0x02C00000,1,1,1,0,0,3850371072,666,0
2552.2,soak,3339,0x00C00000,1,1,1,0,0,3851419648,666,0
2552.9,concurrent,3340,0x02800000,0,1,1,1504,1,3852468224,667,0
2553.4,verify-A,3340,0x02800000,0,1,1,0,1,3853516800,668,0
2554.1,soak,3341,0x00800000,1,1,1,0,0,3854565376,668,0
2554.8,soak,3342,0x02400000,1,1,1,0,0,3855613952,668,0
2555.5,soak,3343,0x00400000,1,1,1,0,0,3856662528,668,0
2556.2,soak,3344,0x02000000,1,1,1,0,0,3857711104,668,0
2556.9,soak,3345,0x00000000,1,1,1,0,0,3858759680,668,0
2557.6,soak,3346,0x01C00000,1,1,1,0,0,3859808256,668,0
2558.3,soak,3347,0x03800000,1,1,1,0,0,3860856832,668,0
2559.0,soak,3348,0x01800000,1,1,1,0,0,3861905408,668,0
2559.8,soak,3349,0x03400000,1,1,1,0,0,3862953984,668,0
2560.4,concurrent,3350,0x01400000,0,1,1,1519,1,3864002560,669,0
2561.0,verify-A,3350,0x01400000,0,1,1,0,1,3865051136,670,0
2561.7,soak,3351,0x03000000,1,1,1,0,0,3866099712,670,0
2562.4,soak,3352,0x01000000,1,1,1,0,0,3867148288,670,0
2563.1,soak,3353,0x02C00000,1,1,1,0,0,3868196864,670,0
2563.9,soak,3354,0x00C00000,1,1,1,0,0,3869245440,670,0
2564.6,soak,3355,0x02800000,1,1,1,0,0,3870294016,670,0
2565.3,soak,3356,0x00800000,1,1,1,0,0,3871342592,670,0
2566.0,soak,3357,0x02400000,1,1,1,0,0,3872391168,670,0
2566.7,soak,3358,0x00400000,1,1,1,0,0,3873439744,670,0
2567.4,soak,3359,0x02000000,1,1,1,0,0,3874488320,670,0
2568.1,concurrent,3360,0x00000000,0,1,1,1496,1,3875536896,671,0
2568.6,verify-A,3360,0x00000000,0,1,1,0,1,3876585472,672,0
2569.3,soak,3361,0x01C00000,1,1,1,0,0,3877634048,672,0
2570.0,soak,3362,0x03800000,1,1,1,0,0,3878682624,672,0
2570.7,soak,3363,0x01800000,1,1,1,0,0,3879731200,672,0
2571.4,soak,3364,0x03400000,1,1,1,0,0,3880779776,672,0
2572.1,soak,3365,0x01400000,1,1,1,0,0,3881828352,672,0
2572.8,soak,3366,0x03000000,1,1,1,0,0,3882876928,672,0
2573.5,soak,3367,0x01000000,1,1,1,0,0,3883925504,672,0
2574.2,soak,3368,0x02C00000,1,1,1,0,0,3884974080,672,0
2574.9,soak,3369,0x00C00000,1,1,1,0,0,3886022656,672,0
2575.6,concurrent,3370,0x02800000,0,1,1,1491,1,3887071232,673,0
2576.2,verify-A,3370,0x02800000,0,1,1,0,1,3888119808,674,0
2576.9,soak,3371,0x00800000,1,1,1,0,0,3889168384,674,0
2577.6,soak,3372,0x02400000,1,1,1,0,0,3890216960,674,0
2578.3,soak,3373,0x00400000,1,1,1,0,0,3891265536,674,0
2579.0,soak,3374,0x02000000,1,1,1,0,0,3892314112,674,0
2579.7,soak,3375,0x00000000,1,1,1,0,0,3893362688,674,0
2580.4,soak,3376,0x01C00000,1,1,1,0,0,3894411264,674,0
2581.1,soak,3377,0x03800000,1,1,1,0,0,3895459840,674,0
2581.8,soak,3378,0x01800000,1,1,1,0,0,3896508416,674,0
2582.5,soak,3379,0x03400000,1,1,1,0,0,3897556992,674,0
2583.2,concurrent,3380,0x01400000,0,1,1,1502,1,3898605568,675,0
2583.7,verify-A,3380,0x01400000,0,1,1,0,1,3899654144,676,0
2584.4,soak,3381,0x03000000,1,1,1,0,0,3900702720,676,0
2585.1,soak,3382,0x01000000,1,1,1,0,0,3901751296,676,0
2585.8,soak,3383,0x02C00000,1,1,1,0,0,3902799872,676,0
2586.6,soak,3384,0x00C00000,1,1,1,0,0,3903848448,676,0
2587.3,soak,3385,0x02800000,1,1,1,0,0,3904897024,676,0
2588.0,soak,3386,0x00800000,1,1,1,0,0,3905945600,676,0
2588.7,soak,3387,0x02400000,1,1,1,0,0,3906994176,676,0
2589.4,soak,3388,0x00400000,1,1,1,0,0,3908042752,676,0
2590.1,soak,3389,0x02000000,1,1,1,0,0,3909091328,676,0
2590.7,concurrent,3390,0x00000000,0,1,1,1505,1,3910139904,677,0
2591.3,verify-A,3390,0x00000000,0,1,1,0,1,3911188480,678,0
2592.0,soak,3391,0x01C00000,1,1,1,0,0,3912237056,678,0
2592.7,soak,3392,0x03800000,1,1,1,0,0,3913285632,678,0
2593.4,soak,3393,0x01800000,1,1,1,0,0,3914334208,678,0
2594.2,soak,3394,0x03400000,1,1,1,0,0,3915382784,678,0
2594.9,soak,3395,0x01400000,1,1,1,0,0,3916431360,678,0
2595.6,soak,3396,0x03000000,1,1,1,0,0,3917479936,678,0
2596.3,soak,3397,0x01000000,1,1,1,0,0,3918528512,678,0
2597.0,soak,3398,0x02C00000,1,1,1,0,0,3919577088,678,0
2597.7,soak,3399,0x00C00000,1,1,1,0,0,3920625664,678,0
2598.4,concurrent,3400,0x02800000,0,1,1,1491,1,3921674240,679,0
2598.9,verify-A,3400,0x02800000,0,1,1,0,1,3922722816,680,0
2599.6,soak,3401,0x00800000,1,1,1,0,0,3923771392,680,0
2600.3,soak,3402,0x02400000,1,1,1,0,0,3924819968,680,0
2601.0,soak,3403,0x00400000,1,1,1,0,0,3925868544,680,0
2601.7,soak,3404,0x02000000,1,1,1,0,0,3926917120,680,0
2602.4,soak,3405,0x00000000,1,1,1,0,0,3927965696,680,0
2603.1,soak,3406,0x01C00000,1,1,1,0,0,3929014272,680,0
2603.8,soak,3407,0x03800000,1,1,1,0,0,3930062848,680,0
2604.5,soak,3408,0x01800000,1,1,1,0,0,3931111424,680,0
2605.3,soak,3409,0x03400000,1,1,1,0,0,3932160000,680,0
2605.9,concurrent,3410,0x01400000,0,1,1,1497,1,3933208576,681,0
2606.5,verify-A,3410,0x01400000,0,1,1,0,1,3934257152,682,0
2607.2,soak,3411,0x03000000,1,1,1,0,0,3935305728,682,0
2607.9,soak,3412,0x01000000,1,1,1,0,0,3936354304,682,0
2608.6,soak,3413,0x02C00000,1,1,1,0,0,3937402880,682,0
2609.3,soak,3414,0x00C00000,1,1,1,0,0,3938451456,682,0
2610.0,soak,3415,0x02800000,1,1,1,0,0,3939500032,682,0
2610.7,soak,3416,0x00800000,1,1,1,0,0,3940548608,682,0
2611.4,soak,3417,0x02400000,1,1,1,0,0,3941597184,682,0
2612.1,soak,3418,0x00400000,1,1,1,0,0,3942645760,682,0
2612.8,soak,3419,0x02000000,1,1,1,0,0,3943694336,682,0
2613.5,concurrent,3420,0x00000000,0,1,1,1490,1,3944742912,683,0
2614.0,verify-A,3420,0x00000000,0,1,1,0,1,3945791488,684,0
2614.8,soak,3421,0x01C00000,1,1,1,0,0,3946840064,684,0
2615.5,soak,3422,0x03800000,1,1,1,0,0,3947888640,684,0
2616.2,soak,3423,0x01800000,1,1,1,0,0,3948937216,684,0
2616.9,soak,3424,0x03400000,1,1,1,0,0,3949985792,684,0
2617.6,soak,3425,0x01400000,1,1,1,0,0,3951034368,684,0
2618.3,soak,3426,0x03000000,1,1,1,0,0,3952082944,684,0
2619.0,soak,3427,0x01000000,1,1,1,0,0,3953131520,684,0
2619.7,soak,3428,0x02C00000,1,1,1,0,0,3954180096,684,0
2620.4,soak,3429,0x00C00000,1,1,1,0,0,3955228672,684,0
2621.1,concurrent,3430,0x02800000,0,1,1,1499,1,3956277248,685,0
2621.6,verify-A,3430,0x02800000,0,1,1,0,1,3957325824,686,0
2622.3,soak,3431,0x00800000,1,1,1,0,0,3958374400,686,0
2623.0,soak,3432,0x02400000,1,1,1,0,0,3959422976,686,0
2623.8,soak,3433,0x00400000,1,1,1,0,0,3960471552,686,0
2624.5,soak,3434,0x02000000,1,1,1,0,0,3961520128,686,0
2625.2,soak,3435,0x00000000,1,1,1,0,0,3962568704,686,0
2625.9,soak,3436,0x01C00000,1,1,1,0,0,3963617280,686,0
2626.6,soak,3437,0x03800000,1,1,1,0,0,3964665856,686,0
2627.3,soak,3438,0x01800000,1,1,1,0,0,3965714432,686,0
2628.0,soak,3439,0x03400000,1,1,1,0,0,3966763008,686,0
2628.7,concurrent,3440,0x01400000,0,1,1,1501,1,3967811584,687,0
2629.2,verify-A,3440,0x01400000,0,1,1,0,1,3968860160,688,0
2629.9,soak,3441,0x03000000,1,1,1,0,0,3969908736,688,0
2630.6,soak,3442,0x01000000,1,1,1,0,0,3970957312,688,0
2631.3,soak,3443,0x02C00000,1,1,1,0,0,3972005888,688,0
2632.0,soak,3444,0x00C00000,1,1,1,0,0,3973054464,688,0
2632.7,soak,3445,0x02800000,1,1,1,0,0,3974103040,688,0
2633.4,soak,3446,0x00800000,1,1,1,0,0,3975151616,688,0
2634.2,soak,3447,0x02400000,1,1,1,0,0,3976200192,688,0
2634.9,soak,3448,0x00400000,1,1,1,0,0,3977248768,688,0
2635.6,soak,3449,0x02000000,1,1,1,0,0,3978297344,688,0
2636.2,concurrent,3450,0x00000000,0,1,1,1499,1,3979345920,689,0
2636.8,verify-A,3450,0x00000000,0,1,1,0,1,3980394496,690,0
2637.5,soak,3451,0x01C00000,1,1,1,0,0,3981443072,690,0
2638.2,soak,3452,0x03800000,1,1,1,0,0,3982491648,690,0
2638.9,soak,3453,0x01800000,1,1,1,0,0,3983540224,690,0
2639.6,soak,3454,0x03400000,1,1,1,0,0,3984588800,690,0
2640.3,soak,3455,0x01400000,1,1,1,0,0,3985637376,690,0
2641.0,soak,3456,0x03000000,1,1,1,0,0,3986685952,690,0
2641.7,soak,3457,0x01000000,1,1,1,0,0,3987734528,690,0
2642.4,soak,3458,0x02C00000,1,1,1,0,0,3988783104,690,0
2643.1,soak,3459,0x00C00000,1,1,1,0,0,3989831680,690,0
2643.8,concurrent,3460,0x02800000,0,1,1,1497,1,3990880256,691,0
2644.3,verify-A,3460,0x02800000,0,1,1,0,1,3991928832,692,0
2645.0,soak,3461,0x00800000,1,1,1,0,0,3992977408,692,0
2645.7,soak,3462,0x02400000,1,1,1,0,0,3994025984,692,0
2646.4,soak,3463,0x00400000,1,1,1,0,0,3995074560,692,0
2647.1,soak,3464,0x02000000,1,1,1,0,0,3996123136,692,0
2647.8,soak,3465,0x00000000,1,1,1,0,0,3997171712,692,0
2648.6,soak,3466,0x01C00000,1,1,1,0,0,3998220288,692,0
2649.3,soak,3467,0x03800000,1,1,1,0,0,3999268864,692,0
2650.0,soak,3468,0x01800000,1,1,1,0,0,4000317440,692,0
2650.7,soak,3469,0x03400000,1,1,1,0,0,4001366016,692,0
2651.3,concurrent,3470,0x01400000,0,1,1,1497,1,4002414592,693,0
2651.9,verify-A,3470,0x01400000,0,1,1,0,1,4003463168,694,0
2652.6,soak,3471,0x03000000,1,1,1,0,0,4004511744,694,0
2653.3,soak,3472,0x01000000,1,1,1,0,0,4005560320,694,0
2654.0,soak,3473,0x02C00000,1,1,1,0,0,4006608896,694,0
2654.7,soak,3474,0x00C00000,1,1,1,0,0,4007657472,694,0
2655.4,soak,3475,0x02800000,1,1,1,0,0,4008706048,694,0
2656.2,soak,3476,0x00800000,1,1,1,0,0,4009754624,694,0
2656.9,soak,3477,0x02400000,1,1,1,0,0,4010803200,694,0
2657.6,soak,3478,0x00400000,1,1,1,0,0,4011851776,694,0
2658.3,soak,3479,0x02000000,1,1,1,0,0,4012900352,694,0
2658.9,concurrent,3480,0x00000000,0,1,1,1499,1,4013948928,695,0
2659.5,verify-A,3480,0x00000000,0,1,1,0,1,4014997504,696,0
2660.2,soak,3481,0x01C00000,1,1,1,0,0,4016046080,696,0
2660.9,soak,3482,0x03800000,1,1,1,0,0,4017094656,696,0
2661.6,soak,3483,0x01800000,1,1,1,0,0,4018143232,696,0
2662.3,soak,3484,0x03400000,1,1,1,0,0,4019191808,696,0
2663.0,soak,3485,0x01400000,1,1,1,0,0,4020240384,696,0
2663.7,soak,3486,0x03000000,1,1,1,0,0,4021288960,696,0
2664.4,soak,3487,0x01000000,1,1,1,0,0,4022337536,696,0
2665.1,soak,3488,0x02C00000,1,1,1,0,0,4023386112,696,0
2665.8,soak,3489,0x00C00000,1,1,1,0,0,4024434688,696,0
2666.5,concurrent,3490,0x02800000,0,1,1,1505,1,4025483264,697,0
2667.0,verify-A,3490,0x02800000,0,1,1,0,1,4026531840,698,0
2667.8,soak,3491,0x00800000,1,1,1,0,0,4027580416,698,0
2668.4,soak,3492,0x02400000,1,1,1,0,0,4028628992,698,0
2669.1,soak,3493,0x00400000,1,1,1,0,0,4029677568,698,0
2669.8,soak,3494,0x02000000,1,1,1,0,0,4030726144,698,0
2670.6,soak,3495,0x00000000,1,1,1,0,0,4031774720,698,0
2671.3,soak,3496,0x01C00000,1,1,1,0,0,4032823296,698,0
2672.0,soak,3497,0x03800000,1,1,1,0,0,4033871872,698,0
2672.7,soak,3498,0x01800000,1,1,1,0,0,4034920448,698,0
2673.4,soak,3499,0x03400000,1,1,1,0,0,4035969024,698,0
2674.1,concurrent,3500,0x01400000,0,1,1,1501,1,4037017600,699,0
2674.6,verify-A,3500,0x01400000,0,1,1,0,1,4038066176,700,0
2675.3,soak,3501,0x03000000,1,1,1,0,0,4039114752,700,0
2676.0,soak,3502,0x01000000,1,1,1,0,0,4040163328,700,0
2676.7,soak,3503,0x02C00000,1,1,1,0,0,4041211904,700,0
2677.4,soak,3504,0x00C00000,1,1,1,0,0,4042260480,700,0
2678.1,soak,3505,0x02800000,1,1,1,0,0,4043309056,700,0
2678.8,soak,3506,0x00800000,1,1,1,0,0,4044357632,700,0
2679.5,soak,3507,0x02400000,1,1,1,0,0,4045406208,700,0
2680.2,soak,3508,0x00400000,1,1,1,0,0,4046454784,700,0
2680.9,soak,3509,0x02000000,1,1,1,0,0,4047503360,700,0
2681.6,concurrent,3510,0x00000000,0,1,1,1502,1,4048551936,701,0
2682.2,verify-A,3510,0x00000000,0,1,1,0,1,4049600512,702,0
2682.9,soak,3511,0x01C00000,1,1,1,0,0,4050649088,702,0
2683.6,soak,3512,0x03800000,1,1,1,0,0,4051697664,702,0
2684.3,soak,3513,0x01800000,1,1,1,0,0,4052746240,702,0
2685.0,soak,3514,0x03400000,1,1,1,0,0,4053794816,702,0
2685.7,soak,3515,0x01400000,1,1,1,0,0,4054843392,702,0
2686.4,soak,3516,0x03000000,1,1,1,0,0,4055891968,702,0
2687.2,soak,3517,0x01000000,1,1,1,0,0,4056940544,702,0
2687.9,soak,3518,0x02C00000,1,1,1,0,0,4057989120,702,0
2688.6,soak,3519,0x00C00000,1,1,1,0,0,4059037696,702,0
2689.2,concurrent,3520,0x02800000,0,1,1,1491,1,4060086272,703,0
2689.8,verify-A,3520,0x02800000,0,1,1,0,1,4061134848,704,0
2690.5,soak,3521,0x00800000,1,1,1,0,0,4062183424,704,0
2691.2,soak,3522,0x02400000,1,1,1,0,0,4063232000,704,0
2691.9,soak,3523,0x00400000,1,1,1,0,0,4064280576,704,0
2692.6,soak,3524,0x02000000,1,1,1,0,0,4065329152,704,0
2693.3,soak,3525,0x00000000,1,1,1,0,0,4066377728,704,0
2694.0,soak,3526,0x01C00000,1,1,1,0,0,4067426304,704,0
2694.7,soak,3527,0x03800000,1,1,1,0,0,4068474880,704,0
2695.4,soak,3528,0x01800000,1,1,1,0,0,4069523456,704,0
2696.1,soak,3529,0x03400000,1,1,1,0,0,4070572032,704,0
2696.8,concurrent,3530,0x01400000,0,1,1,1516,1,4071620608,705,0
2697.3,verify-A,3530,0x01400000,0,1,1,0,1,4072669184,706,0
2698.1,soak,3531,0x03000000,1,1,1,0,0,4073717760,706,0
2698.8,soak,3532,0x01000000,1,1,1,0,0,4074766336,706,0
2699.5,soak,3533,0x02C00000,1,1,1,0,0,4075814912,706,0
2700.2,soak,3534,0x00C00000,1,1,1,0,0,4076863488,706,0
2700.9,soak,3535,0x02800000,1,1,1,0,0,4077912064,706,0
2701.6,soak,3536,0x00800000,1,1,1,0,0,4078960640,706,0
2702.3,soak,3537,0x02400000,1,1,1,0,0,4080009216,706,0
2703.0,soak,3538,0x00400000,1,1,1,0,0,4081057792,706,0
2703.7,soak,3539,0x02000000,1,1,1,0,0,4082106368,706,0
2704.4,concurrent,3540,0x00000000,0,1,1,1499,1,4083154944,707,0
2704.9,verify-A,3540,0x00000000,0,1,1,0,1,4084203520,708,0
2707.3,eye,3540,0x00000000,1,1,1,0,0,4084203520,708,0
2708.0,soak,3541,0x01C00000,1,1,1,0,0,4085252096,708,0
2708.7,soak,3542,0x03800000,1,1,1,0,0,4086300672,708,0
2709.4,soak,3543,0x01800000,1,1,1,0,0,4087349248,708,0
2710.1,soak,3544,0x03400000,1,1,1,0,0,4088397824,708,0
2710.8,soak,3545,0x01400000,1,1,1,0,0,4089446400,708,0
2711.5,soak,3546,0x03000000,1,1,1,0,0,4090494976,708,0
2712.2,soak,3547,0x01000000,1,1,1,0,0,4091543552,708,0
2712.9,soak,3548,0x02C00000,1,1,1,0,0,4092592128,708,0
2713.6,soak,3549,0x00C00000,1,1,1,0,0,4093640704,708,0
2714.3,concurrent,3550,0x02800000,0,1,1,1504,1,4094689280,709,0
2714.9,verify-A,3550,0x02800000,0,1,1,0,1,4095737856,710,0
2715.6,soak,3551,0x00800000,1,1,1,0,0,4096786432,710,0
2716.3,soak,3552,0x02400000,1,1,1,0,0,4097835008,710,0
2717.0,soak,3553,0x00400000,1,1,1,0,0,4098883584,710,0
2717.7,soak,3554,0x02000000,1,1,1,0,0,4099932160,710,0
2718.4,soak,3555,0x00000000,1,1,1,0,0,4100980736,710,0
2719.1,soak,3556,0x01C00000,1,1,1,0,0,4102029312,710,0
2719.8,soak,3557,0x03800000,1,1,1,0,0,4103077888,710,0
2720.5,soak,3558,0x01800000,1,1,1,0,0,4104126464,710,0
2721.2,soak,3559,0x03400000,1,1,1,0,0,4105175040,710,0
2721.9,concurrent,3560,0x01400000,0,1,1,1503,1,4106223616,711,0
2722.4,verify-A,3560,0x01400000,0,1,1,0,1,4107272192,712,0
2723.1,soak,3561,0x03000000,1,1,1,0,0,4108320768,712,0
2723.8,soak,3562,0x01000000,1,1,1,0,0,4109369344,712,0
2724.5,soak,3563,0x02C00000,1,1,1,0,0,4110417920,712,0
2725.3,soak,3564,0x00C00000,1,1,1,0,0,4111466496,712,0
2726.0,soak,3565,0x02800000,1,1,1,0,0,4112515072,712,0
2726.7,soak,3566,0x00800000,1,1,1,0,0,4113563648,712,0
2727.4,soak,3567,0x02400000,1,1,1,0,0,4114612224,712,0
2728.1,soak,3568,0x00400000,1,1,1,0,0,4115660800,712,0
2728.8,soak,3569,0x02000000,1,1,1,0,0,4116709376,712,0
2729.4,concurrent,3570,0x00000000,0,1,1,1498,1,4117757952,713,0
2730.0,verify-A,3570,0x00000000,0,1,1,0,1,4118806528,714,0
2730.7,soak,3571,0x01C00000,1,1,1,0,0,4119855104,714,0
2731.4,soak,3572,0x03800000,1,1,1,0,0,4120903680,714,0
2732.1,soak,3573,0x01800000,1,1,1,0,0,4121952256,714,0
2732.8,soak,3574,0x03400000,1,1,1,0,0,4123000832,714,0
2733.5,soak,3575,0x01400000,1,1,1,0,0,4124049408,714,0
2734.2,soak,3576,0x03000000,1,1,1,0,0,4125097984,714,0
2734.9,soak,3577,0x01000000,1,1,1,0,0,4126146560,714,0
2735.6,soak,3578,0x02C00000,1,1,1,0,0,4127195136,714,0
2736.3,soak,3579,0x00C00000,1,1,1,0,0,4128243712,714,0
2737.0,concurrent,3580,0x02800000,0,1,1,1491,1,4129292288,715,0
2737.6,verify-A,3580,0x02800000,0,1,1,0,1,4130340864,716,0
2738.3,soak,3581,0x00800000,1,1,1,0,0,4131389440,716,0
2739.0,soak,3582,0x02400000,1,1,1,0,0,4132438016,716,0
2739.7,soak,3583,0x00400000,1,1,1,0,0,4133486592,716,0
2740.4,soak,3584,0x02000000,1,1,1,0,0,4134535168,716,0
2741.1,soak,3585,0x00000000,1,1,1,0,0,4135583744,716,0
2741.8,soak,3586,0x01C00000,1,1,1,0,0,4136632320,716,0
2742.5,soak,3587,0x03800000,1,1,1,0,0,4137680896,716,0
2743.2,soak,3588,0x01800000,1,1,1,0,0,4138729472,716,0
2743.9,soak,3589,0x03400000,1,1,1,0,0,4139778048,716,0
2744.6,concurrent,3590,0x01400000,0,1,1,1504,1,4140826624,717,0
2745.2,verify-A,3590,0x01400000,0,1,1,0,1,4141875200,718,0
2745.9,soak,3591,0x03000000,1,1,1,0,0,4142923776,718,0
2746.6,soak,3592,0x01000000,1,1,1,0,0,4143972352,718,0
2747.3,soak,3593,0x02C00000,1,1,1,0,0,4145020928,718,0
2748.0,soak,3594,0x00C00000,1,1,1,0,0,4146069504,718,0
2748.7,soak,3595,0x02800000,1,1,1,0,0,4147118080,718,0
2749.4,soak,3596,0x00800000,1,1,1,0,0,4148166656,718,0
2750.1,soak,3597,0x02400000,1,1,1,0,0,4149215232,718,0
2750.8,soak,3598,0x00400000,1,1,1,0,0,4150263808,718,0
2751.5,soak,3599,0x02000000,1,1,1,0,0,4151312384,718,0
2752.2,concurrent,3600,0x00000000,0,1,1,1508,1,4152360960,719,0
2752.8,verify-A,3600,0x00000000,0,1,1,0,1,4153409536,720,0
2753.5,soak,3601,0x01C00000,1,1,1,0,0,4154458112,720,0
2754.2,soak,3602,0x03800000,1,1,1,0,0,4155506688,720,0
2754.9,soak,3603,0x01800000,1,1,1,0,0,4156555264,720,0
2755.6,soak,3604,0x03400000,1,1,1,0,0,4157603840,720,0
2756.3,soak,3605,0x01400000,1,1,1,0,0,4158652416,720,0
2757.0,soak,3606,0x03000000,1,1,1,0,0,4159700992,720,0
2757.7,soak,3607,0x01000000,1,1,1,0,0,4160749568,720,0
2758.4,soak,3608,0x02C00000,1,1,1,0,0,4161798144,720,0
2759.1,soak,3609,0x00C00000,1,1,1,0,0,4162846720,720,0
2759.8,concurrent,3610,0x02800000,0,1,1,1489,1,4163895296,721,0
2760.4,verify-A,3610,0x02800000,0,1,1,0,1,4164943872,722,0
2761.1,soak,3611,0x00800000,1,1,1,0,0,4165992448,722,0
2761.8,soak,3612,0x02400000,1,1,1,0,0,4167041024,722,0
2762.5,soak,3613,0x00400000,1,1,1,0,0,4168089600,722,0
2763.2,soak,3614,0x02000000,1,1,1,0,0,4169138176,722,0
2763.9,soak,3615,0x00000000,1,1,1,0,0,4170186752,722,0
2764.6,soak,3616,0x01C00000,1,1,1,0,0,4171235328,722,0
2765.3,soak,3617,0x03800000,1,1,1,0,0,4172283904,722,0
2766.0,soak,3618,0x01800000,1,1,1,0,0,4173332480,722,0
2766.7,soak,3619,0x03400000,1,1,1,0,0,4174381056,722,0
2767.4,concurrent,3620,0x01400000,0,1,1,1496,1,4175429632,723,0
2767.9,verify-A,3620,0x01400000,0,1,1,0,1,4176478208,724,0
2768.6,soak,3621,0x03000000,1,1,1,0,0,4177526784,724,0
2769.3,soak,3622,0x01000000,1,1,1,0,0,4178575360,724,0
2770.0,soak,3623,0x02C00000,1,1,1,0,0,4179623936,724,0
2770.7,soak,3624,0x00C00000,1,1,1,0,0,4180672512,724,0
2771.4,soak,3625,0x02800000,1,1,1,0,0,4181721088,724,0
2772.1,soak,3626,0x00800000,1,1,1,0,0,4182769664,724,0
2772.9,soak,3627,0x02400000,1,1,1,0,0,4183818240,724,0
2773.6,soak,3628,0x00400000,1,1,1,0,0,4184866816,724,0
2774.3,soak,3629,0x02000000,1,1,1,0,0,4185915392,724,0
2775.0,concurrent,3630,0x00000000,0,1,1,1508,1,4186963968,725,0
2775.5,verify-A,3630,0x00000000,0,1,1,0,1,4188012544,726,0
2776.2,soak,3631,0x01C00000,1,1,1,0,0,4189061120,726,0
2776.9,soak,3632,0x03800000,1,1,1,0,0,4190109696,726,0
2777.6,soak,3633,0x01800000,1,1,1,0,0,4191158272,726,0
2778.3,soak,3634,0x03400000,1,1,1,0,0,4192206848,726,0
2779.0,soak,3635,0x01400000,1,1,1,0,0,4193255424,726,0
2779.7,soak,3636,0x03000000,1,1,1,0,0,4194304000,726,0
2780.5,soak,3637,0x01000000,1,1,1,0,0,4195352576,726,0
2781.2,soak,3638,0x02C00000,1,1,1,0,0,4196401152,726,0
2781.9,soak,3639,0x00C00000,1,1,1,0,0,4197449728,726,0
2782.5,concurrent,3640,0x02800000,0,1,1,1495,1,4198498304,727,0
2783.1,verify-A,3640,0x02800000,0,1,1,0,1,4199546880,728,0
2783.8,soak,3641,0x00800000,1,1,1,0,0,4200595456,728,0
2784.5,soak,3642,0x02400000,1,1,1,0,0,4201644032,728,0
2785.2,soak,3643,0x00400000,1,1,1,0,0,4202692608,728,0
2785.9,soak,3644,0x02000000,1,1,1,0,0,4203741184,728,0
2786.6,soak,3645,0x00000000,1,1,1,0,0,4204789760,728,0
2787.3,soak,3646,0x01C00000,1,1,1,0,0,4205838336,728,0
2788.0,soak,3647,0x03800000,1,1,1,0,0,4206886912,728,0
2788.7,soak,3648,0x01800000,1,1,1,0,0,4207935488,728,0
2789.4,soak,3649,0x03400000,1,1,1,0,0,4208984064,728,0
2790.1,concurrent,3650,0x01400000,0,1,1,1494,1,4210032640,729,0
2790.7,verify-A,3650,0x01400000,0,1,1,0,1,4211081216,730,0
2791.4,soak,3651,0x03000000,1,1,1,0,0,4212129792,730,0
2792.1,soak,3652,0x01000000,1,1,1,0,0,4213178368,730,0
2792.8,soak,3653,0x02C00000,1,1,1,0,0,4214226944,730,0
2793.5,soak,3654,0x00C00000,1,1,1,0,0,4215275520,730,0
2794.2,soak,3655,0x02800000,1,1,1,0,0,4216324096,730,0
2794.9,soak,3656,0x00800000,1,1,1,0,0,4217372672,730,0
2795.6,soak,3657,0x02400000,1,1,1,0,0,4218421248,730,0
2796.3,soak,3658,0x00400000,1,1,1,0,0,4219469824,730,0
2797.0,soak,3659,0x02000000,1,1,1,0,0,4220518400,730,0
2797.7,concurrent,3660,0x00000000,0,1,1,1489,1,4221566976,731,0
2798.2,verify-A,3660,0x00000000,0,1,1,0,1,4222615552,732,0
2798.9,soak,3661,0x01C00000,1,1,1,0,0,4223664128,732,0
2799.6,soak,3662,0x03800000,1,1,1,0,0,4224712704,732,0
2800.3,soak,3663,0x01800000,1,1,1,0,0,4225761280,732,0
2801.0,soak,3664,0x03400000,1,1,1,0,0,4226809856,732,0
2801.8,soak,3665,0x01400000,1,1,1,0,0,4227858432,732,0
2802.5,soak,3666,0x03000000,1,1,1,0,0,4228907008,732,0
2803.2,soak,3667,0x01000000,1,1,1,0,0,4229955584,732,0
2803.9,soak,3668,0x02C00000,1,1,1,0,0,4231004160,732,0
2804.6,soak,3669,0x00C00000,1,1,1,0,0,4232052736,732,0
2805.3,concurrent,3670,0x02800000,0,1,1,1506,1,4233101312,733,0
2805.8,verify-A,3670,0x02800000,0,1,1,0,1,4234149888,734,0
2806.5,soak,3671,0x00800000,1,1,1,0,0,4235198464,734,0
2807.3,soak,3672,0x02400000,1,1,1,0,0,4236247040,734,0
2808.0,soak,3673,0x00400000,1,1,1,0,0,4237295616,734,0
2808.7,soak,3674,0x02000000,1,1,1,0,0,4238344192,734,0
2809.4,soak,3675,0x00000000,1,1,1,0,0,4239392768,734,0
2810.1,soak,3676,0x01C00000,1,1,1,0,0,4240441344,734,0
2810.8,soak,3677,0x03800000,1,1,1,0,0,4241489920,734,0
2811.5,soak,3678,0x01800000,1,1,1,0,0,4242538496,734,0
2812.2,soak,3679,0x03400000,1,1,1,0,0,4243587072,734,0
2812.9,concurrent,3680,0x01400000,0,1,1,1498,1,4244635648,735,0
2813.4,verify-A,3680,0x01400000,0,1,1,0,1,4245684224,736,0
2814.1,soak,3681,0x03000000,1,1,1,0,0,4246732800,736,0
2814.8,soak,3682,0x01000000,1,1,1,0,0,4247781376,736,0
2815.6,soak,3683,0x02C00000,1,1,1,0,0,4248829952,736,0
2816.3,soak,3684,0x00C00000,1,1,1,0,0,4249878528,736,0
2817.0,soak,3685,0x02800000,1,1,1,0,0,4250927104,736,0
2817.7,soak,3686,0x00800000,1,1,1,0,0,4251975680,736,0
2818.4,soak,3687,0x02400000,1,1,1,0,0,4253024256,736,0
2819.1,soak,3688,0x00400000,1,1,1,0,0,4254072832,736,0
2819.8,soak,3689,0x02000000,1,1,1,0,0,4255121408,736,0
2820.4,concurrent,3690,0x00000000,0,1,1,1500,1,4256169984,737,0
2821.0,verify-A,3690,0x00000000,0,1,1,0,1,4257218560,738,0
2821.7,soak,3691,0x01C00000,1,1,1,0,0,4258267136,738,0
2822.4,soak,3692,0x03800000,1,1,1,0,0,4259315712,738,0
2823.1,soak,3693,0x01800000,1,1,1,0,0,4260364288,738,0
2823.8,soak,3694,0x03400000,1,1,1,0,0,4261412864,738,0
2824.5,soak,3695,0x01400000,1,1,1,0,0,4262461440,738,0
2825.2,soak,3696,0x03000000,1,1,1,0,0,4263510016,738,0
2826.0,soak,3697,0x01000000,1,1,1,0,0,4264558592,738,0
2826.7,soak,3698,0x02C00000,1,1,1,0,0,4265607168,738,0
2827.4,soak,3699,0x00C00000,1,1,1,0,0,4266655744,738,0
2828.0,concurrent,3700,0x02800000,0,1,1,1510,1,4267704320,739,0
2828.6,verify-A,3700,0x02800000,0,1,1,0,1,4268752896,740,0
2829.3,soak,3701,0x00800000,1,1,1,0,0,4269801472,740,0
2830.0,soak,3702,0x02400000,1,1,1,0,0,4270850048,740,0
2830.7,soak,3703,0x00400000,1,1,1,0,0,4271898624,740,0
2831.4,soak,3704,0x02000000,1,1,1,0,0,4272947200,740,0
2832.1,soak,3705,0x00000000,1,1,1,0,0,4273995776,740,0
2832.8,soak,3706,0x01C00000,1,1,1,0,0,4275044352,740,0
2833.5,soak,3707,0x03800000,1,1,1,0,0,4276092928,740,0
2834.2,soak,3708,0x01800000,1,1,1,0,0,4277141504,740,0
2834.9,soak,3709,0x03400000,1,1,1,0,0,4278190080,740,0
2835.6,concurrent,3710,0x01400000,0,1,1,1514,1,4279238656,741,0
2836.1,verify-A,3710,0x01400000,0,1,1,0,1,4280287232,742,0
2836.8,soak,3711,0x03000000,1,1,1,0,0,4281335808,742,0
2837.6,soak,3712,0x01000000,1,1,1,0,0,4282384384,742,0
2838.3,soak,3713,0x02C00000,1,1,1,0,0,4283432960,742,0
2839.0,soak,3714,0x00C00000,1,1,1,0,0,4284481536,742,0
2839.7,soak,3715,0x02800000,1,1,1,0,0,4285530112,742,0
2840.4,soak,3716,0x00800000,1,1,1,0,0,4286578688,742,0
2841.1,soak,3717,0x02400000,1,1,1,0,0,4287627264,742,0
2841.8,soak,3718,0x00400000,1,1,1,0,0,4288675840,742,0
2842.5,soak,3719,0x02000000,1,1,1,0,0,4289724416,742,0
2843.2,concurrent,3720,0x00000000,0,1,1,1500,1,4290772992,743,0
2843.7,verify-A,3720,0x00000000,0,1,1,0,1,4291821568,744,0
2844.4,soak,3721,0x01C00000,1,1,1,0,0,4292870144,744,0
2845.1,soak,3722,0x03800000,1,1,1,0,0,4293918720,744,0
2845.8,soak,3723,0x01800000,1,1,1,0,0,4294967296,744,0
2846.5,soak,3724,0x03400000,1,1,1,0,0,4296015872,744,0
2847.2,soak,3725,0x01400000,1,1,1,0,0,4297064448,744,0
2847.9,soak,3726,0x03000000,1,1,1,0,0,4298113024,744,0
2848.6,soak,3727,0x01000000,1,1,1,0,0,4299161600,744,0
2849.3,soak,3728,0x02C00000,1,1,1,0,0,4300210176,744,0
2850.0,soak,3729,0x00C00000,1,1,1,0,0,4301258752,744,0
2850.7,concurrent,3730,0x02800000,0,1,1,1495,1,4302307328,745,0
2851.3,verify-A,3730,0x02800000,0,1,1,0,1,4303355904,746,0
2852.0,soak,3731,0x00800000,1,1,1,0,0,4304404480,746,0
2852.7,soak,3732,0x02400000,1,1,1,0,0,4305453056,746,0
2853.4,soak,3733,0x00400000,1,1,1,0,0,4306501632,746,0
2854.1,soak,3734,0x02000000,1,1,1,0,0,4307550208,746,0
2854.8,soak,3735,0x00000000,1,1,1,0,0,4308598784,746,0
2855.5,soak,3736,0x01C00000,1,1,1,0,0,4309647360,746,0
2856.2,soak,3737,0x03800000,1,1,1,0,0,4310695936,746,0
2856.9,soak,3738,0x01800000,1,1,1,0,0,4311744512,746,0
2857.6,soak,3739,0x03400000,1,1,1,0,0,4312793088,746,0
2858.3,concurrent,3740,0x01400000,0,1,1,1493,1,4313841664,747,0
2858.8,verify-A,3740,0x01400000,0,1,1,0,1,4314890240,748,0
2859.5,soak,3741,0x03000000,1,1,1,0,0,4315938816,748,0
2860.2,soak,3742,0x01000000,1,1,1,0,0,4316987392,748,0
2860.9,soak,3743,0x02C00000,1,1,1,0,0,4318035968,748,0
2861.7,soak,3744,0x00C00000,1,1,1,0,0,4319084544,748,0
2862.4,soak,3745,0x02800000,1,1,1,0,0,4320133120,748,0
2863.1,soak,3746,0x00800000,1,1,1,0,0,4321181696,748,0
2863.8,soak,3747,0x02400000,1,1,1,0,0,4322230272,748,0
2864.5,soak,3748,0x00400000,1,1,1,0,0,4323278848,748,0
2865.2,soak,3749,0x02000000,1,1,1,0,0,4324327424,748,0
2865.9,concurrent,3750,0x00000000,0,1,1,1506,1,4325376000,749,0
2866.5,verify-A,3750,0x00000000,0,1,1,0,1,4326424576,750,0
2867.2,soak,3751,0x01C00000,1,1,1,0,0,4327473152,750,0
2867.9,soak,3752,0x03800000,1,1,1,0,0,4328521728,750,0
2868.6,soak,3753,0x01800000,1,1,1,0,0,4329570304,750,0
2869.3,soak,3754,0x03400000,1,1,1,0,0,4330618880,750,0
2870.0,soak,3755,0x01400000,1,1,1,0,0,4331667456,750,0
2870.7,soak,3756,0x03000000,1,1,1,0,0,4332716032,750,0
2871.4,soak,3757,0x01000000,1,1,1,0,0,4333764608,750,0
2872.1,soak,3758,0x02C00000,1,1,1,0,0,4334813184,750,0
2872.8,soak,3759,0x00C00000,1,1,1,0,0,4335861760,750,0
2873.5,concurrent,3760,0x02800000,0,1,1,1489,1,4336910336,751,0
2874.0,verify-A,3760,0x02800000,0,1,1,0,1,4337958912,752,0
2874.8,soak,3761,0x00800000,1,1,1,0,0,4339007488,752,0
2875.4,soak,3762,0x02400000,1,1,1,0,0,4340056064,752,0
2876.1,soak,3763,0x00400000,1,1,1,0,0,4341104640,752,0
2876.8,soak,3764,0x02000000,1,1,1,0,0,4342153216,752,0
2877.6,soak,3765,0x00000000,1,1,1,0,0,4343201792,752,0
2878.3,soak,3766,0x01C00000,1,1,1,0,0,4344250368,752,0
2879.0,soak,3767,0x03800000,1,1,1,0,0,4345298944,752,0
2879.7,soak,3768,0x01800000,1,1,1,0,0,4346347520,752,0
2880.4,soak,3769,0x03400000,1,1,1,0,0,4347396096,752,0
2881.0,concurrent,3770,0x01400000,0,1,1,1490,1,4348444672,753,0
2881.6,verify-A,3770,0x01400000,0,1,1,0,1,4349493248,754,0
2882.3,soak,3771,0x03000000,1,1,1,0,0,4350541824,754,0
2883.0,soak,3772,0x01000000,1,1,1,0,0,4351590400,754,0
2883.7,soak,3773,0x02C00000,1,1,1,0,0,4352638976,754,0
2884.4,soak,3774,0x00C00000,1,1,1,0,0,4353687552,754,0
2885.1,soak,3775,0x02800000,1,1,1,0,0,4354736128,754,0
2885.8,soak,3776,0x00800000,1,1,1,0,0,4355784704,754,0
2886.5,soak,3777,0x02400000,1,1,1,0,0,4356833280,754,0
2887.2,soak,3778,0x00400000,1,1,1,0,0,4357881856,754,0
2887.9,soak,3779,0x02000000,1,1,1,0,0,4358930432,754,0
2888.6,concurrent,3780,0x00000000,0,1,1,1489,1,4359979008,755,0
2889.1,verify-A,3780,0x00000000,0,1,1,0,1,4361027584,756,0
2889.8,soak,3781,0x01C00000,1,1,1,0,0,4362076160,756,0
2890.5,soak,3782,0x03800000,1,1,1,0,0,4363124736,756,0
2891.2,soak,3783,0x01800000,1,1,1,0,0,4364173312,756,0
2892.0,soak,3784,0x03400000,1,1,1,0,0,4365221888,756,0
2892.7,soak,3785,0x01400000,1,1,1,0,0,4366270464,756,0
2893.4,soak,3786,0x03000000,1,1,1,0,0,4367319040,756,0
2894.1,soak,3787,0x01000000,1,1,1,0,0,4368367616,756,0
2894.8,soak,3788,0x02C00000,1,1,1,0,0,4369416192,756,0
2895.5,soak,3789,0x00C00000,1,1,1,0,0,4370464768,756,0
2896.2,concurrent,3790,0x02800000,0,1,1,1514,1,4371513344,757,0
2896.7,verify-A,3790,0x02800000,0,1,1,0,1,4372561920,758,0
2897.4,soak,3791,0x00800000,1,1,1,0,0,4373610496,758,0
2898.1,soak,3792,0x02400000,1,1,1,0,0,4374659072,758,0
2898.8,soak,3793,0x00400000,1,1,1,0,0,4375707648,758,0
2899.5,soak,3794,0x02000000,1,1,1,0,0,4376756224,758,0
2900.2,soak,3795,0x00000000,1,1,1,0,0,4377804800,758,0
2901.0,soak,3796,0x01C00000,1,1,1,0,0,4378853376,758,0
2901.7,soak,3797,0x03800000,1,1,1,0,0,4379901952,758,0
2902.4,soak,3798,0x01800000,1,1,1,0,0,4380950528,758,0
2903.1,soak,3799,0x03400000,1,1,1,0,0,4381999104,758,0
2903.8,concurrent,3800,0x01400000,0,1,1,1504,1,4383047680,759,0
2904.3,verify-A,3800,0x01400000,0,1,1,0,1,4384096256,760,0
2905.0,soak,3801,0x03000000,1,1,1,0,0,4385144832,760,0
2905.7,soak,3802,0x01000000,1,1,1,0,0,4386193408,760,0
2906.4,soak,3803,0x02C00000,1,1,1,0,0,4387241984,760,0
2907.1,soak,3804,0x00C00000,1,1,1,0,0,4388290560,760,0
2907.8,soak,3805,0x02800000,1,1,1,0,0,4389339136,760,0
2908.5,soak,3806,0x00800000,1,1,1,0,0,4390387712,760,0
2909.2,soak,3807,0x02400000,1,1,1,0,0,4391436288,760,0
2909.9,soak,3808,0x00400000,1,1,1,0,0,4392484864,760,0
2910.7,soak,3809,0x02000000,1,1,1,0,0,4393533440,760,0
2911.3,concurrent,3810,0x00000000,0,1,1,1518,1,4394582016,761,0
2911.9,verify-A,3810,0x00000000,0,1,1,0,1,4395630592,762,0
2912.6,soak,3811,0x01C00000,1,1,1,0,0,4396679168,762,0
2913.3,soak,3812,0x03800000,1,1,1,0,0,4397727744,762,0
2914.0,soak,3813,0x01800000,1,1,1,0,0,4398776320,762,0
2914.7,soak,3814,0x03400000,1,1,1,0,0,4399824896,762,0
2915.5,soak,3815,0x01400000,1,1,1,0,0,4400873472,762,0
2916.2,soak,3816,0x03000000,1,1,1,0,0,4401922048,762,0
2916.9,soak,3817,0x01000000,1,1,1,0,0,4402970624,762,0
2917.6,soak,3818,0x02C00000,1,1,1,0,0,4404019200,762,0
2918.3,soak,3819,0x00C00000,1,1,1,0,0,4405067776,762,0
2919.0,concurrent,3820,0x02800000,0,1,1,1502,1,4406116352,763,0
2919.5,verify-A,3820,0x02800000,0,1,1,0,1,4407164928,764,0
2920.2,soak,3821,0x00800000,1,1,1,0,0,4408213504,764,0
2920.9,soak,3822,0x02400000,1,1,1,0,0,4409262080,764,0
2921.6,soak,3823,0x00400000,1,1,1,0,0,4410310656,764,0
2922.4,soak,3824,0x02000000,1,1,1,0,0,4411359232,764,0
2923.1,soak,3825,0x00000000,1,1,1,0,0,4412407808,764,0
2923.8,soak,3826,0x01C00000,1,1,1,0,0,4413456384,764,0
2924.5,soak,3827,0x03800000,1,1,1,0,0,4414504960,764,0
2925.2,soak,3828,0x01800000,1,1,1,0,0,4415553536,764,0
2925.9,soak,3829,0x03400000,1,1,1,0,0,4416602112,764,0
2926.6,concurrent,3830,0x01400000,0,1,1,1502,1,4417650688,765,0
2927.2,verify-A,3830,0x01400000,0,1,1,0,1,4418699264,766,0
2927.9,soak,3831,0x03000000,1,1,1,0,0,4419747840,766,0
2928.6,soak,3832,0x01000000,1,1,1,0,0,4420796416,766,0
2929.3,soak,3833,0x02C00000,1,1,1,0,0,4421844992,766,0
2930.0,soak,3834,0x00C00000,1,1,1,0,0,4422893568,766,0
2930.7,soak,3835,0x02800000,1,1,1,0,0,4423942144,766,0
2931.4,soak,3836,0x00800000,1,1,1,0,0,4424990720,766,0
2932.1,soak,3837,0x02400000,1,1,1,0,0,4426039296,766,0
2932.8,soak,3838,0x00400000,1,1,1,0,0,4427087872,766,0
2933.5,soak,3839,0x02000000,1,1,1,0,0,4428136448,766,0
2934.2,concurrent,3840,0x00000000,0,1,1,1508,1,4429185024,767,0
2934.7,verify-A,3840,0x00000000,0,1,1,0,1,4430233600,768,0
2935.5,soak,3841,0x01C00000,1,1,1,0,0,4431282176,768,0
2936.2,soak,3842,0x03800000,1,1,1,0,0,4432330752,768,0
2936.9,soak,3843,0x01800000,1,1,1,0,0,4433379328,768,0
2937.6,soak,3844,0x03400000,1,1,1,0,0,4434427904,768,0
2938.3,soak,3845,0x01400000,1,1,1,0,0,4435476480,768,0
2939.0,soak,3846,0x03000000,1,1,1,0,0,4436525056,768,0
2939.7,soak,3847,0x01000000,1,1,1,0,0,4437573632,768,0
2940.4,soak,3848,0x02C00000,1,1,1,0,0,4438622208,768,0
2941.1,soak,3849,0x00C00000,1,1,1,0,0,4439670784,768,0
2941.8,concurrent,3850,0x02800000,0,1,1,1502,1,4440719360,769,0
2942.3,verify-A,3850,0x02800000,0,1,1,0,1,4441767936,770,0
2943.0,soak,3851,0x00800000,1,1,1,0,0,4442816512,770,0
2943.7,soak,3852,0x02400000,1,1,1,0,0,4443865088,770,0
2944.4,soak,3853,0x00400000,1,1,1,0,0,4444913664,770,0
2945.1,soak,3854,0x02000000,1,1,1,0,0,4445962240,770,0
2945.8,soak,3855,0x00000000,1,1,1,0,0,4447010816,770,0
2946.5,soak,3856,0x01C00000,1,1,1,0,0,4448059392,770,0
2947.2,soak,3857,0x03800000,1,1,1,0,0,4449107968,770,0
2947.9,soak,3858,0x01800000,1,1,1,0,0,4450156544,770,0
2948.6,soak,3859,0x03400000,1,1,1,0,0,4451205120,770,0
2949.3,concurrent,3860,0x01400000,0,1,1,1493,1,4452253696,771,0
2949.8,verify-A,3860,0x01400000,0,1,1,0,1,4453302272,772,0
2950.5,soak,3861,0x03000000,1,1,1,0,0,4454350848,772,0
2951.2,soak,3862,0x01000000,1,1,1,0,0,4455399424,772,0
2952.0,soak,3863,0x02C00000,1,1,1,0,0,4456448000,772,0
2952.7,soak,3864,0x00C00000,1,1,1,0,0,4457496576,772,0
2953.4,soak,3865,0x02800000,1,1,1,0,0,4458545152,772,0
2954.1,soak,3866,0x00800000,1,1,1,0,0,4459593728,772,0
2954.8,soak,3867,0x02400000,1,1,1,0,0,4460642304,772,0
2955.5,soak,3868,0x00400000,1,1,1,0,0,4461690880,772,0
2956.2,soak,3869,0x02000000,1,1,1,0,0,4462739456,772,0
2956.9,concurrent,3870,0x00000000,0,1,1,1488,1,4463788032,773,0
2957.4,verify-A,3870,0x00000000,0,1,1,0,1,4464836608,774,0
2958.1,soak,3871,0x01C00000,1,1,1,0,0,4465885184,774,0
2958.8,soak,3872,0x03800000,1,1,1,0,0,4466933760,774,0
2959.6,soak,3873,0x01800000,1,1,1,0,0,4467982336,774,0
2960.3,soak,3874,0x03400000,1,1,1,0,0,4469030912,774,0
2961.0,soak,3875,0x01400000,1,1,1,0,0,4470079488,774,0
2961.7,soak,3876,0x03000000,1,1,1,0,0,4471128064,774,0
2962.4,soak,3877,0x01000000,1,1,1,0,0,4472176640,774,0
2963.1,soak,3878,0x02C00000,1,1,1,0,0,4473225216,774,0
2963.8,soak,3879,0x00C00000,1,1,1,0,0,4474273792,774,0
2964.5,concurrent,3880,0x02800000,0,1,1,1500,1,4475322368,775,0
2965.1,verify-A,3880,0x02800000,0,1,1,0,1,4476370944,776,0
2965.8,soak,3881,0x00800000,1,1,1,0,0,4477419520,776,0
2966.5,soak,3882,0x02400000,1,1,1,0,0,4478468096,776,0
2967.2,soak,3883,0x00400000,1,1,1,0,0,4479516672,776,0
2967.9,soak,3884,0x02000000,1,1,1,0,0,4480565248,776,0
2968.6,soak,3885,0x00000000,1,1,1,0,0,4481613824,776,0
2969.3,soak,3886,0x01C00000,1,1,1,0,0,4482662400,776,0
2970.0,soak,3887,0x03800000,1,1,1,0,0,4483710976,776,0
2970.7,soak,3888,0x01800000,1,1,1,0,0,4484759552,776,0
2971.4,soak,3889,0x03400000,1,1,1,0,0,4485808128,776,0
2972.1,concurrent,3890,0x01400000,0,1,1,1497,1,4486856704,777,0
2972.6,verify-A,3890,0x01400000,0,1,1,0,1,4487905280,778,0
2973.3,soak,3891,0x03000000,1,1,1,0,0,4488953856,778,0
2974.0,soak,3892,0x01000000,1,1,1,0,0,4490002432,778,0
2974.7,soak,3893,0x02C00000,1,1,1,0,0,4491051008,778,0
2975.4,soak,3894,0x00C00000,1,1,1,0,0,4492099584,778,0
2976.1,soak,3895,0x02800000,1,1,1,0,0,4493148160,778,0
2976.8,soak,3896,0x00800000,1,1,1,0,0,4494196736,778,0
2977.5,soak,3897,0x02400000,1,1,1,0,0,4495245312,778,0
2978.3,soak,3898,0x00400000,1,1,1,0,0,4496293888,778,0
2979.0,soak,3899,0x02000000,1,1,1,0,0,4497342464,778,0
2979.6,concurrent,3900,0x00000000,0,1,1,1495,1,4498391040,779,0
2980.2,verify-A,3900,0x00000000,0,1,1,0,1,4499439616,780,0
2980.9,soak,3901,0x01C00000,1,1,1,0,0,4500488192,780,0
2981.6,soak,3902,0x03800000,1,1,1,0,0,4501536768,780,0
2982.3,soak,3903,0x01800000,1,1,1,0,0,4502585344,780,0
2983.0,soak,3904,0x03400000,1,1,1,0,0,4503633920,780,0
2983.7,soak,3905,0x01400000,1,1,1,0,0,4504682496,780,0
2984.4,soak,3906,0x03000000,1,1,1,0,0,4505731072,780,0
2985.1,soak,3907,0x01000000,1,1,1,0,0,4506779648,780,0
2985.9,soak,3908,0x02C00000,1,1,1,0,0,4507828224,780,0
2986.6,soak,3909,0x00C00000,1,1,1,0,0,4508876800,780,0
2987.2,concurrent,3910,0x02800000,0,1,1,1505,1,4509925376,781,0
2987.8,verify-A,3910,0x02800000,0,1,1,0,1,4510973952,782,0
2988.5,soak,3911,0x00800000,1,1,1,0,0,4512022528,782,0
2989.2,soak,3912,0x02400000,1,1,1,0,0,4513071104,782,0
2989.9,soak,3913,0x00400000,1,1,1,0,0,4514119680,782,0
2990.6,soak,3914,0x02000000,1,1,1,0,0,4515168256,782,0
2991.3,soak,3915,0x00000000,1,1,1,0,0,4516216832,782,0
2992.0,soak,3916,0x01C00000,1,1,1,0,0,4517265408,782,0
2992.7,soak,3917,0x03800000,1,1,1,0,0,4518313984,782,0
2993.4,soak,3918,0x01800000,1,1,1,0,0,4519362560,782,0
2994.1,soak,3919,0x03400000,1,1,1,0,0,4520411136,782,0
2994.8,concurrent,3920,0x01400000,0,1,1,1504,1,4521459712,783,0
2995.4,verify-A,3920,0x01400000,0,1,1,0,1,4522508288,784,0
2996.1,soak,3921,0x03000000,1,1,1,0,0,4523556864,784,0
2996.8,soak,3922,0x01000000,1,1,1,0,0,4524605440,784,0
2997.5,soak,3923,0x02C00000,1,1,1,0,0,4525654016,784,0
2998.2,soak,3924,0x00C00000,1,1,1,0,0,4526702592,784,0
2998.9,soak,3925,0x02800000,1,1,1,0,0,4527751168,784,0
2999.6,soak,3926,0x00800000,1,1,1,0,0,4528799744,784,0
3000.3,soak,3927,0x02400000,1,1,1,0,0,4529848320,784,0
3001.0,soak,3928,0x00400000,1,1,1,0,0,4530896896,784,0
3001.7,soak,3929,0x02000000,1,1,1,0,0,4531945472,784,0
3002.4,concurrent,3930,0x00000000,0,1,1,1499,1,4532994048,785,0
3003.0,verify-A,3930,0x00000000,0,1,1,0,1,4534042624,786,0
3003.7,soak,3931,0x01C00000,1,1,1,0,0,4535091200,786,0
3004.4,soak,3932,0x03800000,1,1,1,0,0,4536139776,786,0
3005.1,soak,3933,0x01800000,1,1,1,0,0,4537188352,786,0
3007.5,eye,3933,0x00000000,1,1,1,0,0,4537188352,786,0
3008.2,soak,3934,0x03400000,1,1,1,0,0,4538236928,786,0
3008.9,soak,3935,0x01400000,1,1,1,0,0,4539285504,786,0
3009.5,soak,3936,0x03000000,1,1,1,0,0,4540334080,786,0
3010.3,soak,3937,0x01000000,1,1,1,0,0,4541382656,786,0
3011.0,soak,3938,0x02C00000,1,1,1,0,0,4542431232,786,0
3011.7,soak,3939,0x00C00000,1,1,1,0,0,4543479808,786,0
3012.3,concurrent,3940,0x02800000,0,1,1,1504,1,4544528384,787,0
3012.9,verify-A,3940,0x02800000,0,1,1,0,1,4545576960,788,0
3013.6,soak,3941,0x00800000,1,1,1,0,0,4546625536,788,0
3014.3,soak,3942,0x02400000,1,1,1,0,0,4547674112,788,0
3015.1,soak,3943,0x00400000,1,1,1,0,0,4548722688,788,0
3015.8,soak,3944,0x02000000,1,1,1,0,0,4549771264,788,0
3016.5,soak,3945,0x00000000,1,1,1,0,0,4550819840,788,0
3017.2,soak,3946,0x01C00000,1,1,1,0,0,4551868416,788,0
3017.9,soak,3947,0x03800000,1,1,1,0,0,4552916992,788,0
3018.6,soak,3948,0x01800000,1,1,1,0,0,4553965568,788,0
3019.3,soak,3949,0x03400000,1,1,1,0,0,4555014144,788,0
3019.9,concurrent,3950,0x01400000,0,1,1,1490,1,4556062720,789,0
3020.5,verify-A,3950,0x01400000,0,1,1,0,1,4557111296,790,0
3021.2,soak,3951,0x03000000,1,1,1,0,0,4558159872,790,0
3021.9,soak,3952,0x01000000,1,1,1,0,0,4559208448,790,0
3022.6,soak,3953,0x02C00000,1,1,1,0,0,4560257024,790,0
3023.3,soak,3954,0x00C00000,1,1,1,0,0,4561305600,790,0
3024.0,soak,3955,0x02800000,1,1,1,0,0,4562354176,790,0
3024.7,soak,3956,0x00800000,1,1,1,0,0,4563402752,790,0
3025.4,soak,3957,0x02400000,1,1,1,0,0,4564451328,790,0
3026.1,soak,3958,0x00400000,1,1,1,0,0,4565499904,790,0
3026.8,soak,3959,0x02000000,1,1,1,0,0,4566548480,790,0
3027.5,concurrent,3960,0x00000000,0,1,1,1499,1,4567597056,791,0
3028.0,verify-A,3960,0x00000000,0,1,1,0,1,4568645632,792,0
3028.7,soak,3961,0x01C00000,1,1,1,0,0,4569694208,792,0
3029.5,soak,3962,0x03800000,1,1,1,0,0,4570742784,792,0
3030.2,soak,3963,0x01800000,1,1,1,0,0,4571791360,792,0
3030.9,soak,3964,0x03400000,1,1,1,0,0,4572839936,792,0
3031.6,soak,3965,0x01400000,1,1,1,0,0,4573888512,792,0
3032.3,soak,3966,0x03000000,1,1,1,0,0,4574937088,792,0
3033.0,soak,3967,0x01000000,1,1,1,0,0,4575985664,792,0
3033.7,soak,3968,0x02C00000,1,1,1,0,0,4577034240,792,0
3034.4,soak,3969,0x00C00000,1,1,1,0,0,4578082816,792,0
3035.1,concurrent,3970,0x02800000,0,1,1,1509,1,4579131392,793,0
3035.6,verify-A,3970,0x02800000,0,1,1,0,1,4580179968,794,0
3036.3,soak,3971,0x00800000,1,1,1,0,0,4581228544,794,0
3037.0,soak,3972,0x02400000,1,1,1,0,0,4582277120,794,0
3037.7,soak,3973,0x00400000,1,1,1,0,0,4583325696,794,0
3038.4,soak,3974,0x02000000,1,1,1,0,0,4584374272,794,0
3039.1,soak,3975,0x00000000,1,1,1,0,0,4585422848,794,0
3039.8,soak,3976,0x01C00000,1,1,1,0,0,4586471424,794,0
3040.6,soak,3977,0x03800000,1,1,1,0,0,4587520000,794,0
3041.3,soak,3978,0x01800000,1,1,1,0,0,4588568576,794,0
3042.0,soak,3979,0x03400000,1,1,1,0,0,4589617152,794,0
3042.6,concurrent,3980,0x01400000,0,1,1,1490,1,4590665728,795,0
3043.2,verify-A,3980,0x01400000,0,1,1,0,1,4591714304,796,0
3043.9,soak,3981,0x03000000,1,1,1,0,0,4592762880,796,0
3044.6,soak,3982,0x01000000,1,1,1,0,0,4593811456,796,0
3045.3,soak,3983,0x02C00000,1,1,1,0,0,4594860032,796,0
3046.0,soak,3984,0x00C00000,1,1,1,0,0,4595908608,796,0
3046.7,soak,3985,0x02800000,1,1,1,0,0,4596957184,796,0
3047.4,soak,3986,0x00800000,1,1,1,0,0,4598005760,796,0
3048.1,soak,3987,0x02400000,1,1,1,0,0,4599054336,796,0
3048.8,soak,3988,0x00400000,1,1,1,0,0,4600102912,796,0
3049.5,soak,3989,0x02000000,1,1,1,0,0,4601151488,796,0
3050.2,concurrent,3990,0x00000000,0,1,1,1499,1,4602200064,797,0
3050.7,verify-A,3990,0x00000000,0,1,1,0,1,4603248640,798,0
3051.4,soak,3991,0x01C00000,1,1,1,0,0,4604297216,798,0
3052.1,soak,3992,0x03800000,1,1,1,0,0,4605345792,798,0
3052.8,soak,3993,0x01800000,1,1,1,0,0,4606394368,798,0
3053.5,soak,3994,0x03400000,1,1,1,0,0,4607442944,798,0
3054.3,soak,3995,0x01400000,1,1,1,0,0,4608491520,798,0
3055.0,soak,3996,0x03000000,1,1,1,0,0,4609540096,798,0
3055.7,soak,3997,0x01000000,1,1,1,0,0,4610588672,798,0
3056.4,soak,3998,0x02C00000,1,1,1,0,0,4611637248,798,0
3057.1,soak,3999,0x00C00000,1,1,1,0,0,4612685824,798,0
3057.8,concurrent,4000,0x02800000,0,1,1,1510,1,4613734400,799,0
3058.3,verify-A,4000,0x02800000,0,1,1,0,1,4614782976,800,0
3059.0,soak,4001,0x00800000,1,1,1,0,0,4615831552,800,0
3059.7,soak,4002,0x02400000,1,1,1,0,0,4616880128,800,0
3060.4,soak,4003,0x00400000,1,1,1,0,0,4617928704,800,0
3061.1,soak,4004,0x02000000,1,1,1,0,0,4618977280,800,0
3061.8,soak,4005,0x00000000,1,1,1,0,0,4620025856,800,0
3062.5,soak,4006,0x01C00000,1,1,1,0,0,4621074432,800,0
3063.2,soak,4007,0x03800000,1,1,1,0,0,4622123008,800,0
3063.9,soak,4008,0x01800000,1,1,1,0,0,4623171584,800,0
3064.6,soak,4009,0x03400000,1,1,1,0,0,4624220160,800,0
3065.3,concurrent,4010,0x01400000,0,1,1,1512,1,4625268736,801,0
3065.8,verify-A,4010,0x01400000,0,1,1,0,1,4626317312,802,0
3066.6,soak,4011,0x03000000,1,1,1,0,0,4627365888,802,0
3067.3,soak,4012,0x01000000,1,1,1,0,0,4628414464,802,0
3068.0,soak,4013,0x02C00000,1,1,1,0,0,4629463040,802,0
3068.7,soak,4014,0x00C00000,1,1,1,0,0,4630511616,802,0
3069.4,soak,4015,0x02800000,1,1,1,0,0,4631560192,802,0
3070.1,soak,4016,0x00800000,1,1,1,0,0,4632608768,802,0
3070.8,soak,4017,0x02400000,1,1,1,0,0,4633657344,802,0
3071.5,soak,4018,0x00400000,1,1,1,0,0,4634705920,802,0
3072.2,soak,4019,0x02000000,1,1,1,0,0,4635754496,802,0
3072.9,concurrent,4020,0x00000000,0,1,1,1500,1,4636803072,803,0
3073.5,verify-A,4020,0x00000000,0,1,1,0,1,4637851648,804,0
3074.2,soak,4021,0x01C00000,1,1,1,0,0,4638900224,804,0
3074.9,soak,4022,0x03800000,1,1,1,0,0,4639948800,804,0
3075.6,soak,4023,0x01800000,1,1,1,0,0,4640997376,804,0
3076.3,soak,4024,0x03400000,1,1,1,0,0,4642045952,804,0
3077.0,soak,4025,0x01400000,1,1,1,0,0,4643094528,804,0
3077.7,soak,4026,0x03000000,1,1,1,0,0,4644143104,804,0
3078.4,soak,4027,0x01000000,1,1,1,0,0,4645191680,804,0
3079.1,soak,4028,0x02C00000,1,1,1,0,0,4646240256,804,0
3079.9,soak,4029,0x00C00000,1,1,1,0,0,4647288832,804,0
3080.5,concurrent,4030,0x02800000,0,1,1,1510,1,4648337408,805,0
3081.1,verify-A,4030,0x02800000,0,1,1,0,1,4649385984,806,0
3081.8,soak,4031,0x00800000,1,1,1,0,0,4650434560,806,0
3082.5,soak,4032,0x02400000,1,1,1,0,0,4651483136,806,0
3083.2,soak,4033,0x00400000,1,1,1,0,0,4652531712,806,0
3083.9,soak,4034,0x02000000,1,1,1,0,0,4653580288,806,0
3084.6,soak,4035,0x00000000,1,1,1,0,0,4654628864,806,0
3085.3,soak,4036,0x01C00000,1,1,1,0,0,4655677440,806,0
3086.0,soak,4037,0x03800000,1,1,1,0,0,4656726016,806,0
3086.7,soak,4038,0x01800000,1,1,1,0,0,4657774592,806,0
3087.4,soak,4039,0x03400000,1,1,1,0,0,4658823168,806,0
3088.1,concurrent,4040,0x01400000,0,1,1,1504,1,4659871744,807,0
3088.7,verify-A,4040,0x01400000,0,1,1,0,1,4660920320,808,0
3089.4,soak,4041,0x03000000,1,1,1,0,0,4661968896,808,0
3090.1,soak,4042,0x01000000,1,1,1,0,0,4663017472,808,0
3090.8,soak,4043,0x02C00000,1,1,1,0,0,4664066048,808,0
3091.5,soak,4044,0x00C00000,1,1,1,0,0,4665114624,808,0
3092.2,soak,4045,0x02800000,1,1,1,0,0,4666163200,808,0
3092.9,soak,4046,0x00800000,1,1,1,0,0,4667211776,808,0
3093.6,soak,4047,0x02400000,1,1,1,0,0,4668260352,808,0
3094.3,soak,4048,0x00400000,1,1,1,0,0,4669308928,808,0
3095.0,soak,4049,0x02000000,1,1,1,0,0,4670357504,808,0
3095.7,concurrent,4050,0x00000000,0,1,1,1508,1,4671406080,809,0
3096.2,verify-A,4050,0x00000000,0,1,1,0,1,4672454656,810,0
3096.9,soak,4051,0x01C00000,1,1,1,0,0,4673503232,810,0
3097.6,soak,4052,0x03800000,1,1,1,0,0,4674551808,810,0
3098.3,soak,4053,0x01800000,1,1,1,0,0,4675600384,810,0
3099.0,soak,4054,0x03400000,1,1,1,0,0,4676648960,810,0
3099.8,soak,4055,0x01400000,1,1,1,0,0,4677697536,810,0
3100.5,soak,4056,0x03000000,1,1,1,0,0,4678746112,810,0
3101.2,soak,4057,0x01000000,1,1,1,0,0,4679794688,810,0
3101.9,soak,4058,0x02C00000,1,1,1,0,0,4680843264,810,0
3102.6,soak,4059,0x00C00000,1,1,1,0,0,4681891840,810,0
3103.3,concurrent,4060,0x02800000,0,1,1,1513,1,4682940416,811,0
3103.8,verify-A,4060,0x02800000,0,1,1,0,1,4683988992,812,0
3104.5,soak,4061,0x00800000,1,1,1,0,0,4685037568,812,0
3105.2,soak,4062,0x02400000,1,1,1,0,0,4686086144,812,0
3105.9,soak,4063,0x00400000,1,1,1,0,0,4687134720,812,0
3106.6,soak,4064,0x02000000,1,1,1,0,0,4688183296,812,0
3107.4,soak,4065,0x00000000,1,1,1,0,0,4689231872,812,0
3108.1,soak,4066,0x01C00000,1,1,1,0,0,4690280448,812,0
3108.8,soak,4067,0x03800000,1,1,1,0,0,4691329024,812,0
3109.5,soak,4068,0x01800000,1,1,1,0,0,4692377600,812,0
3110.2,soak,4069,0x03400000,1,1,1,0,0,4693426176,812,0
3110.8,concurrent,4070,0x01400000,0,1,1,1504,1,4694474752,813,0
3111.4,verify-A,4070,0x01400000,0,1,1,0,1,4695523328,814,0
3112.1,soak,4071,0x03000000,1,1,1,0,0,4696571904,814,0
3112.8,soak,4072,0x01000000,1,1,1,0,0,4697620480,814,0
3113.5,soak,4073,0x02C00000,1,1,1,0,0,4698669056,814,0
3114.2,soak,4074,0x00C00000,1,1,1,0,0,4699717632,814,0
3114.9,soak,4075,0x02800000,1,1,1,0,0,4700766208,814,0
3115.6,soak,4076,0x00800000,1,1,1,0,0,4701814784,814,0
3116.3,soak,4077,0x02400000,1,1,1,0,0,4702863360,814,0
3117.0,soak,4078,0x00400000,1,1,1,0,0,4703911936,814,0
3117.7,soak,4079,0x02000000,1,1,1,0,0,4704960512,814,0
3118.4,concurrent,4080,0x00000000,0,1,1,1503,1,4706009088,815,0
3118.9,verify-A,4080,0x00000000,0,1,1,0,1,4707057664,816,0
3119.6,soak,4081,0x01C00000,1,1,1,0,0,4708106240,816,0
3120.4,soak,4082,0x03800000,1,1,1,0,0,4709154816,816,0
3121.1,soak,4083,0x01800000,1,1,1,0,0,4710203392,816,0
3121.8,soak,4084,0x03400000,1,1,1,0,0,4711251968,816,0
3122.5,soak,4085,0x01400000,1,1,1,0,0,4712300544,816,0
3123.2,soak,4086,0x03000000,1,1,1,0,0,4713349120,816,0
3123.9,soak,4087,0x01000000,1,1,1,0,0,4714397696,816,0
3124.6,soak,4088,0x02C00000,1,1,1,0,0,4715446272,816,0
3125.3,soak,4089,0x00C00000,1,1,1,0,0,4716494848,816,0
3126.0,concurrent,4090,0x02800000,0,1,1,1503,1,4717543424,817,0
3126.6,verify-A,4090,0x02800000,0,1,1,0,1,4718592000,818,0
3127.3,soak,4091,0x00800000,1,1,1,0,0,4719640576,818,0
3128.0,soak,4092,0x02400000,1,1,1,0,0,4720689152,818,0
3128.7,soak,4093,0x00400000,1,1,1,0,0,4721737728,818,0
3129.4,soak,4094,0x02000000,1,1,1,0,0,4722786304,818,0
3130.1,soak,4095,0x00000000,1,1,1,0,0,4723834880,818,0
3130.8,soak,4096,0x01C00000,1,1,1,0,0,4724883456,818,0
3131.5,soak,4097,0x03800000,1,1,1,0,0,4725932032,818,0
3132.2,soak,4098,0x01800000,1,1,1,0,0,4726980608,818,0
3132.9,soak,4099,0x03400000,1,1,1,0,0,4728029184,818,0
3133.6,concurrent,4100,0x01400000,0,1,1,1504,1,4729077760,819,0
3134.2,verify-A,4100,0x01400000,0,1,1,0,1,4730126336,820,0
3134.9,soak,4101,0x03000000,1,1,1,0,0,4731174912,820,0
3135.6,soak,4102,0x01000000,1,1,1,0,0,4732223488,820,0
3136.3,soak,4103,0x02C00000,1,1,1,0,0,4733272064,820,0
3137.0,soak,4104,0x00C00000,1,1,1,0,0,4734320640,820,0
3137.7,soak,4105,0x02800000,1,1,1,0,0,4735369216,820,0
3138.4,soak,4106,0x00800000,1,1,1,0,0,4736417792,820,0
3139.1,soak,4107,0x02400000,1,1,1,0,0,4737466368,820,0
3139.8,soak,4108,0x00400000,1,1,1,0,0,4738514944,820,0
3140.5,soak,4109,0x02000000,1,1,1,0,0,4739563520,820,0
3141.2,concurrent,4110,0x00000000,0,1,1,1513,1,4740612096,821,0
3141.8,verify-A,4110,0x00000000,0,1,1,0,1,4741660672,822,0
3142.5,soak,4111,0x01C00000,1,1,1,0,0,4742709248,822,0
3143.2,soak,4112,0x03800000,1,1,1,0,0,4743757824,822,0
3143.9,soak,4113,0x01800000,1,1,1,0,0,4744806400,822,0
3144.6,soak,4114,0x03400000,1,1,1,0,0,4745854976,822,0
3145.3,soak,4115,0x01400000,1,1,1,0,0,4746903552,822,0
3146.0,soak,4116,0x03000000,1,1,1,0,0,4747952128,822,0
3146.7,soak,4117,0x01000000,1,1,1,0,0,4749000704,822,0
3147.4,soak,4118,0x02C00000,1,1,1,0,0,4750049280,822,0
3148.2,soak,4119,0x00C00000,1,1,1,0,0,4751097856,822,0
3148.8,concurrent,4120,0x02800000,0,1,1,1499,1,4752146432,823,0
3149.4,verify-A,4120,0x02800000,0,1,1,0,1,4753195008,824,0
3150.1,soak,4121,0x00800000,1,1,1,0,0,4754243584,824,0
3150.8,soak,4122,0x02400000,1,1,1,0,0,4755292160,824,0
3151.5,soak,4123,0x00400000,1,1,1,0,0,4756340736,824,0
3152.2,soak,4124,0x02000000,1,1,1,0,0,4757389312,824,0
3152.9,soak,4125,0x00000000,1,1,1,0,0,4758437888,824,0
3153.6,soak,4126,0x01C00000,1,1,1,0,0,4759486464,824,0
3154.3,soak,4127,0x03800000,1,1,1,0,0,4760535040,824,0
3155.0,soak,4128,0x01800000,1,1,1,0,0,4761583616,824,0
3155.7,soak,4129,0x03400000,1,1,1,0,0,4762632192,824,0
3156.4,concurrent,4130,0x01400000,0,1,1,1495,1,4763680768,825,0
3156.9,verify-A,4130,0x01400000,0,1,1,0,1,4764729344,826,0
3157.6,soak,4131,0x03000000,1,1,1,0,0,4765777920,826,0
3158.3,soak,4132,0x01000000,1,1,1,0,0,4766826496,826,0
3159.0,soak,4133,0x02C00000,1,1,1,0,0,4767875072,826,0
3159.8,soak,4134,0x00C00000,1,1,1,0,0,4768923648,826,0
3160.5,soak,4135,0x02800000,1,1,1,0,0,4769972224,826,0
3161.2,soak,4136,0x00800000,1,1,1,0,0,4771020800,826,0
3161.9,soak,4137,0x02400000,1,1,1,0,0,4772069376,826,0
3162.6,soak,4138,0x00400000,1,1,1,0,0,4773117952,826,0
3163.3,soak,4139,0x02000000,1,1,1,0,0,4774166528,826,0
3164.0,concurrent,4140,0x00000000,0,1,1,1510,1,4775215104,827,0
3164.6,verify-A,4140,0x00000000,0,1,1,0,1,4776263680,828,0
3165.3,soak,4141,0x01C00000,1,1,1,0,0,4777312256,828,0
3166.0,soak,4142,0x03800000,1,1,1,0,0,4778360832,828,0
3166.7,soak,4143,0x01800000,1,1,1,0,0,4779409408,828,0
3167.4,soak,4144,0x03400000,1,1,1,0,0,4780457984,828,0
3168.1,soak,4145,0x01400000,1,1,1,0,0,4781506560,828,0
3168.8,soak,4146,0x03000000,1,1,1,0,0,4782555136,828,0
3169.5,soak,4147,0x01000000,1,1,1,0,0,4783603712,828,0
3170.2,soak,4148,0x02C00000,1,1,1,0,0,4784652288,828,0
3170.9,soak,4149,0x00C00000,1,1,1,0,0,4785700864,828,0
3171.6,concurrent,4150,0x02800000,0,1,1,1497,1,4786749440,829,0
3172.2,verify-A,4150,0x02800000,0,1,1,0,1,4787798016,830,0
3172.9,soak,4151,0x00800000,1,1,1,0,0,4788846592,830,0
3173.6,soak,4152,0x02400000,1,1,1,0,0,4789895168,830,0
3174.3,soak,4153,0x00400000,1,1,1,0,0,4790943744,830,0
3175.0,soak,4154,0x02000000,1,1,1,0,0,4791992320,830,0
3175.7,soak,4155,0x00000000,1,1,1,0,0,4793040896,830,0
3176.4,soak,4156,0x01C00000,1,1,1,0,0,4794089472,830,0
3177.1,soak,4157,0x03800000,1,1,1,0,0,4795138048,830,0
3177.8,soak,4158,0x01800000,1,1,1,0,0,4796186624,830,0
3178.5,soak,4159,0x03400000,1,1,1,0,0,4797235200,830,0
3179.2,concurrent,4160,0x01400000,0,1,1,1502,1,4798283776,831,0
3179.7,verify-A,4160,0x01400000,0,1,1,0,1,4799332352,832,0
3180.4,soak,4161,0x03000000,1,1,1,0,0,4800380928,832,0
3181.1,soak,4162,0x01000000,1,1,1,0,0,4801429504,832,0
3181.8,soak,4163,0x02C00000,1,1,1,0,0,4802478080,832,0
3182.5,soak,4164,0x00C00000,1,1,1,0,0,4803526656,832,0
3183.3,soak,4165,0x02800000,1,1,1,0,0,4804575232,832,0
3184.0,soak,4166,0x00800000,1,1,1,0,0,4805623808,832,0
3184.7,soak,4167,0x02400000,1,1,1,0,0,4806672384,832,0
3185.4,soak,4168,0x00400000,1,1,1,0,0,4807720960,832,0
3186.1,soak,4169,0x02000000,1,1,1,0,0,4808769536,832,0
3186.8,concurrent,4170,0x00000000,0,1,1,1513,1,4809818112,833,0
3187.3,verify-A,4170,0x00000000,0,1,1,0,1,4810866688,834,0
3188.0,soak,4171,0x01C00000,1,1,1,0,0,4811915264,834,0
3188.7,soak,4172,0x03800000,1,1,1,0,0,4812963840,834,0
3189.4,soak,4173,0x01800000,1,1,1,0,0,4814012416,834,0
3190.1,soak,4174,0x03400000,1,1,1,0,0,4815060992,834,0
3190.9,soak,4175,0x01400000,1,1,1,0,0,4816109568,834,0
3191.6,soak,4176,0x03000000,1,1,1,0,0,4817158144,834,0
3192.3,soak,4177,0x01000000,1,1,1,0,0,4818206720,834,0
3193.0,soak,4178,0x02C00000,1,1,1,0,0,4819255296,834,0
3193.7,soak,4179,0x00C00000,1,1,1,0,0,4820303872,834,0
3194.4,concurrent,4180,0x02800000,0,1,1,1498,1,4821352448,835,0
3195.0,verify-A,4180,0x02800000,0,1,1,0,1,4822401024,836,0
3195.7,soak,4181,0x00800000,1,1,1,0,0,4823449600,836,0
3196.4,soak,4182,0x02400000,1,1,1,0,0,4824498176,836,0
3197.1,soak,4183,0x00400000,1,1,1,0,0,4825546752,836,0
3197.8,soak,4184,0x02000000,1,1,1,0,0,4826595328,836,0
3198.5,soak,4185,0x00000000,1,1,1,0,0,4827643904,836,0
3199.3,soak,4186,0x01C00000,1,1,1,0,0,4828692480,836,0
3200.0,soak,4187,0x03800000,1,1,1,0,0,4829741056,836,0
3200.7,soak,4188,0x01800000,1,1,1,0,0,4830789632,836,0
3201.4,soak,4189,0x03400000,1,1,1,0,0,4831838208,836,0
3202.1,concurrent,4190,0x01400000,0,1,1,1489,1,4832886784,837,0
3202.6,verify-A,4190,0x01400000,0,1,1,0,1,4833935360,838,0
3203.3,soak,4191,0x03000000,1,1,1,0,0,4834983936,838,0
3204.1,soak,4192,0x01000000,1,1,1,0,0,4836032512,838,0
3204.8,soak,4193,0x02C00000,1,1,1,0,0,4837081088,838,0
3205.5,soak,4194,0x00C00000,1,1,1,0,0,4838129664,838,0
3206.2,soak,4195,0x02800000,1,1,1,0,0,4839178240,838,0
3206.9,soak,4196,0x00800000,1,1,1,0,0,4840226816,838,0
3207.6,soak,4197,0x02400000,1,1,1,0,0,4841275392,838,0
3208.3,soak,4198,0x00400000,1,1,1,0,0,4842323968,838,0
3209.0,soak,4199,0x02000000,1,1,1,0,0,4843372544,838,0
3209.7,concurrent,4200,0x00000000,0,1,1,1508,1,4844421120,839,0
3210.2,verify-A,4200,0x00000000,0,1,1,0,1,4845469696,840,0
3210.9,soak,4201,0x01C00000,1,1,1,0,0,4846518272,840,0
3211.6,soak,4202,0x03800000,1,1,1,0,0,4847566848,840,0
3212.3,soak,4203,0x01800000,1,1,1,0,0,4848615424,840,0
3213.0,soak,4204,0x03400000,1,1,1,0,0,4849664000,840,0
3213.7,soak,4205,0x01400000,1,1,1,0,0,4850712576,840,0
3214.4,soak,4206,0x03000000,1,1,1,0,0,4851761152,840,0
3215.1,soak,4207,0x01000000,1,1,1,0,0,4852809728,840,0
3215.8,soak,4208,0x02C00000,1,1,1,0,0,4853858304,840,0
3216.5,soak,4209,0x00C00000,1,1,1,0,0,4854906880,840,0
3217.2,concurrent,4210,0x02800000,0,1,1,1497,1,4855955456,841,0
3217.7,verify-A,4210,0x02800000,0,1,1,0,1,4857004032,842,0
3218.5,soak,4211,0x00800000,1,1,1,0,0,4858052608,842,0
3219.2,soak,4212,0x02400000,1,1,1,0,0,4859101184,842,0
3219.9,soak,4213,0x00400000,1,1,1,0,0,4860149760,842,0
3220.6,soak,4214,0x02000000,1,1,1,0,0,4861198336,842,0
3221.3,soak,4215,0x00000000,1,1,1,0,0,4862246912,842,0
3222.0,soak,4216,0x01C00000,1,1,1,0,0,4863295488,842,0
3222.7,soak,4217,0x03800000,1,1,1,0,0,4864344064,842,0
3223.4,soak,4218,0x01800000,1,1,1,0,0,4865392640,842,0
3224.1,soak,4219,0x03400000,1,1,1,0,0,4866441216,842,0
3224.8,concurrent,4220,0x01400000,0,1,1,1500,1,4867489792,843,0
3225.3,verify-A,4220,0x01400000,0,1,1,0,1,4868538368,844,0
3226.0,soak,4221,0x03000000,1,1,1,0,0,4869586944,844,0
3226.7,soak,4222,0x01000000,1,1,1,0,0,4870635520,844,0
3227.4,soak,4223,0x02C00000,1,1,1,0,0,4871684096,844,0
3228.1,soak,4224,0x00C00000,1,1,1,0,0,4872732672,844,0
3228.9,soak,4225,0x02800000,1,1,1,0,0,4873781248,844,0
3229.6,soak,4226,0x00800000,1,1,1,0,0,4874829824,844,0
3230.3,soak,4227,0x02400000,1,1,1,0,0,4875878400,844,0
3231.0,soak,4228,0x00400000,1,1,1,0,0,4876926976,844,0
3231.7,soak,4229,0x02000000,1,1,1,0,0,4877975552,844,0
3232.3,concurrent,4230,0x00000000,0,1,1,1518,1,4879024128,845,0
3232.9,verify-A,4230,0x00000000,0,1,1,0,1,4880072704,846,0
3233.6,soak,4231,0x01C00000,1,1,1,0,0,4881121280,846,0
3234.3,soak,4232,0x03800000,1,1,1,0,0,4882169856,846,0
3235.0,soak,4233,0x01800000,1,1,1,0,0,4883218432,846,0
3235.7,soak,4234,0x03400000,1,1,1,0,0,4884267008,846,0
3236.4,soak,4235,0x01400000,1,1,1,0,0,4885315584,846,0
3237.1,soak,4236,0x03000000,1,1,1,0,0,4886364160,846,0
3237.8,soak,4237,0x01000000,1,1,1,0,0,4887412736,846,0
3238.5,soak,4238,0x02C00000,1,1,1,0,0,4888461312,846,0
3239.2,soak,4239,0x00C00000,1,1,1,0,0,4889509888,846,0
3239.9,concurrent,4240,0x02800000,0,1,1,1493,1,4890558464,847,0
3240.4,verify-A,4240,0x02800000,0,1,1,0,1,4891607040,848,0
3241.1,soak,4241,0x00800000,1,1,1,0,0,4892655616,848,0
3241.8,soak,4242,0x02400000,1,1,1,0,0,4893704192,848,0
3242.5,soak,4243,0x00400000,1,1,1,0,0,4894752768,848,0
3243.3,soak,4244,0x02000000,1,1,1,0,0,4895801344,848,0
3244.0,soak,4245,0x00000000,1,1,1,0,0,4896849920,848,0
3244.7,soak,4246,0x01C00000,1,1,1,0,0,4897898496,848,0
3245.4,soak,4247,0x03800000,1,1,1,0,0,4898947072,848,0
3246.1,soak,4248,0x01800000,1,1,1,0,0,4899995648,848,0
3246.8,soak,4249,0x03400000,1,1,1,0,0,4901044224,848,0
3247.4,concurrent,4250,0x01400000,0,1,1,1502,1,4902092800,849,0
3248.0,verify-A,4250,0x01400000,0,1,1,0,1,4903141376,850,0
3248.7,soak,4251,0x03000000,1,1,1,0,0,4904189952,850,0
3249.4,soak,4252,0x01000000,1,1,1,0,0,4905238528,850,0
3250.1,soak,4253,0x02C00000,1,1,1,0,0,4906287104,850,0
3250.8,soak,4254,0x00C00000,1,1,1,0,0,4907335680,850,0
3251.5,soak,4255,0x02800000,1,1,1,0,0,4908384256,850,0
3252.2,soak,4256,0x00800000,1,1,1,0,0,4909432832,850,0
3252.9,soak,4257,0x02400000,1,1,1,0,0,4910481408,850,0
3253.6,soak,4258,0x00400000,1,1,1,0,0,4911529984,850,0
3254.3,soak,4259,0x02000000,1,1,1,0,0,4912578560,850,0
3255.0,concurrent,4260,0x00000000,0,1,1,1513,1,4913627136,851,0
3255.6,verify-A,4260,0x00000000,0,1,1,0,1,4914675712,852,0
3256.3,soak,4261,0x01C00000,1,1,1,0,0,4915724288,852,0
3257.0,soak,4262,0x03800000,1,1,1,0,0,4916772864,852,0
3257.7,soak,4263,0x01800000,1,1,1,0,0,4917821440,852,0
3258.4,soak,4264,0x03400000,1,1,1,0,0,4918870016,852,0
3259.1,soak,4265,0x01400000,1,1,1,0,0,4919918592,852,0
3259.8,soak,4266,0x03000000,1,1,1,0,0,4920967168,852,0
3260.5,soak,4267,0x01000000,1,1,1,0,0,4922015744,852,0
3261.2,soak,4268,0x02C00000,1,1,1,0,0,4923064320,852,0
3261.9,soak,4269,0x00C00000,1,1,1,0,0,4924112896,852,0
3262.6,concurrent,4270,0x02800000,0,1,1,1493,1,4925161472,853,0
3263.1,verify-A,4270,0x02800000,0,1,1,0,1,4926210048,854,0
3263.8,soak,4271,0x00800000,1,1,1,0,0,4927258624,854,0
3264.5,soak,4272,0x02400000,1,1,1,0,0,4928307200,854,0
3265.2,soak,4273,0x00400000,1,1,1,0,0,4929355776,854,0
3265.9,soak,4274,0x02000000,1,1,1,0,0,4930404352,854,0
3266.6,soak,4275,0x00000000,1,1,1,0,0,4931452928,854,0
3267.3,soak,4276,0x01C00000,1,1,1,0,0,4932501504,854,0
3268.0,soak,4277,0x03800000,1,1,1,0,0,4933550080,854,0
3268.7,soak,4278,0x01800000,1,1,1,0,0,4934598656,854,0
3269.5,soak,4279,0x03400000,1,1,1,0,0,4935647232,854,0
3270.1,concurrent,4280,0x01400000,0,1,1,1506,1,4936695808,855,0
3270.7,verify-A,4280,0x01400000,0,1,1,0,1,4937744384,856,0
3271.4,soak,4281,0x03000000,1,1,1,0,0,4938792960,856,0
3272.1,soak,4282,0x01000000,1,1,1,0,0,4939841536,856,0
3272.8,soak,4283,0x02C00000,1,1,1,0,0,4940890112,856,0
3273.5,soak,4284,0x00C00000,1,1,1,0,0,4941938688,856,0
3274.2,soak,4285,0x02800000,1,1,1,0,0,4942987264,856,0
3274.9,soak,4286,0x00800000,1,1,1,0,0,4944035840,856,0
3275.6,soak,4287,0x02400000,1,1,1,0,0,4945084416,856,0
3276.3,soak,4288,0x00400000,1,1,1,0,0,4946132992,856,0
3277.0,soak,4289,0x02000000,1,1,1,0,0,4947181568,856,0
3277.7,concurrent,4290,0x00000000,0,1,1,1505,1,4948230144,857,0
3278.2,verify-A,4290,0x00000000,0,1,1,0,1,4949278720,858,0
3278.9,soak,4291,0x01C00000,1,1,1,0,0,4950327296,858,0
3279.6,soak,4292,0x03800000,1,1,1,0,0,4951375872,858,0
3280.4,soak,4293,0x01800000,1,1,1,0,0,4952424448,858,0
3281.1,soak,4294,0x03400000,1,1,1,0,0,4953473024,858,0
3281.8,soak,4295,0x01400000,1,1,1,0,0,4954521600,858,0
3282.5,soak,4296,0x03000000,1,1,1,0,0,4955570176,858,0
3283.2,soak,4297,0x01000000,1,1,1,0,0,4956618752,858,0
3283.9,soak,4298,0x02C00000,1,1,1,0,0,4957667328,858,0
3284.6,soak,4299,0x00C00000,1,1,1,0,0,4958715904,858,0
3285.3,concurrent,4300,0x02800000,0,1,1,1508,1,4959764480,859,0
3285.9,verify-A,4300,0x02800000,0,1,1,0,1,4960813056,860,0
3286.6,soak,4301,0x00800000,1,1,1,0,0,4961861632,860,0
3287.3,soak,4302,0x02400000,1,1,1,0,0,4962910208,860,0
3288.0,soak,4303,0x00400000,1,1,1,0,0,4963958784,860,0
3288.7,soak,4304,0x02000000,1,1,1,0,0,4965007360,860,0
3289.4,soak,4305,0x00000000,1,1,1,0,0,4966055936,860,0
3290.1,soak,4306,0x01C00000,1,1,1,0,0,4967104512,860,0
3290.8,soak,4307,0x03800000,1,1,1,0,0,4968153088,860,0
3291.5,soak,4308,0x01800000,1,1,1,0,0,4969201664,860,0
3292.2,soak,4309,0x03400000,1,1,1,0,0,4970250240,860,0
3292.9,concurrent,4310,0x01400000,0,1,1,1502,1,4971298816,861,0
3293.5,verify-A,4310,0x01400000,0,1,1,0,1,4972347392,862,0
3294.2,soak,4311,0x03000000,1,1,1,0,0,4973395968,862,0
3294.9,soak,4312,0x01000000,1,1,1,0,0,4974444544,862,0
3295.6,soak,4313,0x02C00000,1,1,1,0,0,4975493120,862,0
3296.3,soak,4314,0x00C00000,1,1,1,0,0,4976541696,862,0
3297.0,soak,4315,0x02800000,1,1,1,0,0,4977590272,862,0
3297.7,soak,4316,0x00800000,1,1,1,0,0,4978638848,862,0
3298.4,soak,4317,0x02400000,1,1,1,0,0,4979687424,862,0
3299.1,soak,4318,0x00400000,1,1,1,0,0,4980736000,862,0
3299.8,soak,4319,0x02000000,1,1,1,0,0,4981784576,862,0
3300.5,concurrent,4320,0x00000000,0,1,1,1505,1,4982833152,863,0
3301.0,verify-A,4320,0x00000000,0,1,1,0,1,4983881728,864,0
3301.7,soak,4321,0x01C00000,1,1,1,0,0,4984930304,864,0
3302.4,soak,4322,0x03800000,1,1,1,0,0,4985978880,864,0
3303.2,soak,4323,0x01800000,1,1,1,0,0,4987027456,864,0
3303.9,soak,4324,0x03400000,1,1,1,0,0,4988076032,864,0
3304.6,soak,4325,0x01400000,1,1,1,0,0,4989124608,864,0
3305.3,soak,4326,0x03000000,1,1,1,0,0,4990173184,864,0
3307.7,eye,4326,0x00000000,1,1,1,0,0,4990173184,864,0
3308.4,soak,4327,0x01000000,1,1,1,0,0,4991221760,864,0
3309.1,soak,4328,0x02C00000,1,1,1,0,0,4992270336,864,0
3309.8,soak,4329,0x00C00000,1,1,1,0,0,4993318912,864,0
3310.5,concurrent,4330,0x02800000,0,1,1,1490,1,4994367488,865,0
3311.0,verify-A,4330,0x02800000,0,1,1,0,1,4995416064,866,0
3311.7,soak,4331,0x00800000,1,1,1,0,0,4996464640,866,0
3312.4,soak,4332,0x02400000,1,1,1,0,0,4997513216,866,0
3313.2,soak,4333,0x00400000,1,1,1,0,0,4998561792,866,0
3313.9,soak,4334,0x02000000,1,1,1,0,0,4999610368,866,0
3314.6,soak,4335,0x00000000,1,1,1,0,0,5000658944,866,0
3315.3,soak,4336,0x01C00000,1,1,1,0,0,5001707520,866,0
3316.0,soak,4337,0x03800000,1,1,1,0,0,5002756096,866,0
3316.7,soak,4338,0x01800000,1,1,1,0,0,5003804672,866,0
3317.4,soak,4339,0x03400000,1,1,1,0,0,5004853248,866,0
3318.0,concurrent,4340,0x01400000,0,1,1,1506,1,5005901824,867,0
3318.6,verify-A,4340,0x01400000,0,1,1,0,1,5006950400,868,0
3319.3,soak,4341,0x03000000,1,1,1,0,0,5007998976,868,0
3320.0,soak,4342,0x01000000,1,1,1,0,0,5009047552,868,0
3320.7,soak,4343,0x02C00000,1,1,1,0,0,5010096128,868,0
3321.4,soak,4344,0x00C00000,1,1,1,0,0,5011144704,868,0
3322.1,soak,4345,0x02800000,1,1,1,0,0,5012193280,868,0
3322.8,soak,4346,0x00800000,1,1,1,0,0,5013241856,868,0
3323.5,soak,4347,0x02400000,1,1,1,0,0,5014290432,868,0
3324.2,soak,4348,0x00400000,1,1,1,0,0,5015339008,868,0
3325.0,soak,4349,0x02000000,1,1,1,0,0,5016387584,868,0
3325.6,concurrent,4350,0x00000000,0,1,1,1515,1,5017436160,869,0
3326.2,verify-A,4350,0x00000000,0,1,1,0,1,5018484736,870,0
3326.9,soak,4351,0x01C00000,1,1,1,0,0,5019533312,870,0
3327.6,soak,4352,0x03800000,1,1,1,0,0,5020581888,870,0
3328.3,soak,4353,0x01800000,1,1,1,0,0,5021630464,870,0
3329.0,soak,4354,0x03400000,1,1,1,0,0,5022679040,870,0
3329.7,soak,4355,0x01400000,1,1,1,0,0,5023727616,870,0
3330.4,soak,4356,0x03000000,1,1,1,0,0,5024776192,870,0
3331.2,soak,4357,0x01000000,1,1,1,0,0,5025824768,870,0
3331.9,soak,4358,0x02C00000,1,1,1,0,0,5026873344,870,0
3332.6,soak,4359,0x00C00000,1,1,1,0,0,5027921920,870,0
3333.2,concurrent,4360,0x02800000,0,1,1,1501,1,5028970496,871,0
3333.8,verify-A,4360,0x02800000,0,1,1,0,1,5030019072,872,0
3334.5,soak,4361,0x00800000,1,1,1,0,0,5031067648,872,0
3335.2,soak,4362,0x02400000,1,1,1,0,0,5032116224,872,0
3335.9,soak,4363,0x00400000,1,1,1,0,0,5033164800,872,0
3336.6,soak,4364,0x02000000,1,1,1,0,0,5034213376,872,0
3337.3,soak,4365,0x00000000,1,1,1,0,0,5035261952,872,0
3338.0,soak,4366,0x01C00000,1,1,1,0,0,5036310528,872,0
3338.7,soak,4367,0x03800000,1,1,1,0,0,5037359104,872,0
3339.4,soak,4368,0x01800000,1,1,1,0,0,5038407680,872,0
3340.1,soak,4369,0x03400000,1,1,1,0,0,5039456256,872,0
3340.8,concurrent,4370,0x01400000,0,1,1,1506,1,5040504832,873,0
3341.4,verify-A,4370,0x01400000,0,1,1,0,1,5041553408,874,0
3342.1,soak,4371,0x03000000,1,1,1,0,0,5042601984,874,0
3342.8,soak,4372,0x01000000,1,1,1,0,0,5043650560,874,0
3343.5,soak,4373,0x02C00000,1,1,1,0,0,5044699136,874,0
3344.2,soak,4374,0x00C00000,1,1,1,0,0,5045747712,874,0
3344.9,soak,4375,0x02800000,1,1,1,0,0,5046796288,874,0
3345.6,soak,4376,0x00800000,1,1,1,0,0,5047844864,874,0
3346.3,soak,4377,0x02400000,1,1,1,0,0,5048893440,874,0
3347.0,soak,4378,0x00400000,1,1,1,0,0,5049942016,874,0
3347.7,soak,4379,0x02000000,1,1,1,0,0,5050990592,874,0
3348.4,concurrent,4380,0x00000000,0,1,1,1505,1,5052039168,875,0
3348.9,verify-A,4380,0x00000000,0,1,1,0,1,5053087744,876,0
3349.6,soak,4381,0x01C00000,1,1,1,0,0,5054136320,876,0
3350.4,soak,4382,0x03800000,1,1,1,0,0,5055184896,876,0
3351.1,soak,4383,0x01800000,1,1,1,0,0,5056233472,876,0
3351.8,soak,4384,0x03400000,1,1,1,0,0,5057282048,876,0
3352.5,soak,4385,0x01400000,1,1,1,0,0,5058330624,876,0
3353.2,soak,4386,0x03000000,1,1,1,0,0,5059379200,876,0
3353.9,soak,4387,0x01000000,1,1,1,0,0,5060427776,876,0
3354.6,soak,4388,0x02C00000,1,1,1,0,0,5061476352,876,0
3355.3,soak,4389,0x00C00000,1,1,1,0,0,5062524928,876,0
3356.0,concurrent,4390,0x02800000,0,1,1,1496,1,5063573504,877,0
3356.5,verify-A,4390,0x02800000,0,1,1,0,1,5064622080,878,0
3357.2,soak,4391,0x00800000,1,1,1,0,0,5065670656,878,0
3357.9,soak,4392,0x02400000,1,1,1,0,0,5066719232,878,0
3358.6,soak,4393,0x00400000,1,1,1,0,0,5067767808,878,0
3359.3,soak,4394,0x02000000,1,1,1,0,0,5068816384,878,0
3360.0,soak,4395,0x00000000,1,1,1,0,0,5069864960,878,0
3360.7,soak,4396,0x01C00000,1,1,1,0,0,5070913536,878,0
3361.4,soak,4397,0x03800000,1,1,1,0,0,5071962112,878,0
3362.1,soak,4398,0x01800000,1,1,1,0,0,5073010688,878,0
3362.8,soak,4399,0x03400000,1,1,1,0,0,5074059264,878,0
3363.5,concurrent,4400,0x01400000,0,1,1,1507,1,5075107840,879,0
3364.0,verify-A,4400,0x01400000,0,1,1,0,1,5076156416,880,0
3364.8,soak,4401,0x03000000,1,1,1,0,0,5077204992,880,0
3365.5,soak,4402,0x01000000,1,1,1,0,0,5078253568,880,0
3366.2,soak,4403,0x02C00000,1,1,1,0,0,5079302144,880,0
3366.9,soak,4404,0x00C00000,1,1,1,0,0,5080350720,880,0
3367.6,soak,4405,0x02800000,1,1,1,0,0,5081399296,880,0
3368.3,soak,4406,0x00800000,1,1,1,0,0,5082447872,880,0
3369.0,soak,4407,0x02400000,1,1,1,0,0,5083496448,880,0
3369.7,soak,4408,0x00400000,1,1,1,0,0,5084545024,880,0
3370.4,soak,4409,0x02000000,1,1,1,0,0,5085593600,880,0
3371.1,concurrent,4410,0x00000000,0,1,1,1505,1,5086642176,881,0
3371.6,verify-A,4410,0x00000000,0,1,1,0,1,5087690752,882,0
3372.3,soak,4411,0x01C00000,1,1,1,0,0,5088739328,882,0
3373.0,soak,4412,0x03800000,1,1,1,0,0,5089787904,882,0
3373.8,soak,4413,0x01800000,1,1,1,0,0,5090836480,882,0
3374.5,soak,4414,0x03400000,1,1,1,0,0,5091885056,882,0
3375.2,soak,4415,0x01400000,1,1,1,0,0,5092933632,882,0
3375.9,soak,4416,0x03000000,1,1,1,0,0,5093982208,882,0
3376.6,soak,4417,0x01000000,1,1,1,0,0,5095030784,882,0
3377.3,soak,4418,0x02C00000,1,1,1,0,0,5096079360,882,0
3378.0,soak,4419,0x00C00000,1,1,1,0,0,5097127936,882,0
3378.7,concurrent,4420,0x02800000,0,1,1,1496,1,5098176512,883,0
3379.2,verify-A,4420,0x02800000,0,1,1,0,1,5099225088,884,0
3379.9,soak,4421,0x00800000,1,1,1,0,0,5100273664,884,0
3380.6,soak,4422,0x02400000,1,1,1,0,0,5101322240,884,0
3381.3,soak,4423,0x00400000,1,1,1,0,0,5102370816,884,0
3382.0,soak,4424,0x02000000,1,1,1,0,0,5103419392,884,0
3382.8,soak,4425,0x00000000,1,1,1,0,0,5104467968,884,0
3383.5,soak,4426,0x01C00000,1,1,1,0,0,5105516544,884,0
3384.2,soak,4427,0x03800000,1,1,1,0,0,5106565120,884,0
3384.9,soak,4428,0x01800000,1,1,1,0,0,5107613696,884,0
3385.6,soak,4429,0x03400000,1,1,1,0,0,5108662272,884,0
3386.2,concurrent,4430,0x01400000,0,1,1,1506,1,5109710848,885,0
3386.8,verify-A,4430,0x01400000,0,1,1,0,1,5110759424,886,0
3387.5,soak,4431,0x03000000,1,1,1,0,0,5111808000,886,0
3388.2,soak,4432,0x01000000,1,1,1,0,0,5112856576,886,0
3388.9,soak,4433,0x02C00000,1,1,1,0,0,5113905152,886,0
3389.6,soak,4434,0x00C00000,1,1,1,0,0,5114953728,886,0
3390.3,soak,4435,0x02800000,1,1,1,0,0,5116002304,886,0
3391.0,soak,4436,0x00800000,1,1,1,0,0,5117050880,886,0
3391.7,soak,4437,0x02400000,1,1,1,0,0,5118099456,886,0
3392.4,soak,4438,0x00400000,1,1,1,0,0,5119148032,886,0
3393.1,soak,4439,0x02000000,1,1,1,0,0,5120196608,886,0
3393.8,concurrent,4440,0x00000000,0,1,1,1517,1,5121245184,887,0
3394.3,verify-A,4440,0x00000000,0,1,1,0,1,5122293760,888,0
3395.0,soak,4441,0x01C00000,1,1,1,0,0,5123342336,888,0
3395.8,soak,4442,0x03800000,1,1,1,0,0,5124390912,888,0
3396.5,soak,4443,0x01800000,1,1,1,0,0,5125439488,888,0
3397.2,soak,4444,0x03400000,1,1,1,0,0,5126488064,888,0
3397.9,soak,4445,0x01400000,1,1,1,0,0,5127536640,888,0
3398.6,soak,4446,0x03000000,1,1,1,0,0,5128585216,888,0
3399.3,soak,4447,0x01000000,1,1,1,0,0,5129633792,888,0
3400.0,soak,4448,0x02C00000,1,1,1,0,0,5130682368,888,0
3400.7,soak,4449,0x00C00000,1,1,1,0,0,5131730944,888,0
3401.4,concurrent,4450,0x02800000,0,1,1,1510,1,5132779520,889,0
3401.9,verify-A,4450,0x02800000,0,1,1,0,1,5133828096,890,0
3402.6,soak,4451,0x00800000,1,1,1,0,0,5134876672,890,0
3403.3,soak,4452,0x02400000,1,1,1,0,0,5135925248,890,0
3404.0,soak,4453,0x00400000,1,1,1,0,0,5136973824,890,0
3404.7,soak,4454,0x02000000,1,1,1,0,0,5138022400,890,0
3405.4,soak,4455,0x00000000,1,1,1,0,0,5139070976,890,0
3406.1,soak,4456,0x01C00000,1,1,1,0,0,5140119552,890,0
3406.8,soak,4457,0x03800000,1,1,1,0,0,5141168128,890,0
3407.6,soak,4458,0x01800000,1,1,1,0,0,5142216704,890,0
3408.3,soak,4459,0x03400000,1,1,1,0,0,5143265280,890,0
3408.9,concurrent,4460,0x01400000,0,1,1,1511,1,5144313856,891,0
3409.5,verify-A,4460,0x01400000,0,1,1,0,1,5145362432,892,0
3410.2,soak,4461,0x03000000,1,1,1,0,0,5146411008,892,0
3410.9,soak,4462,0x01000000,1,1,1,0,0,5147459584,892,0
3411.6,soak,4463,0x02C00000,1,1,1,0,0,5148508160,892,0
3412.3,soak,4464,0x00C00000,1,1,1,0,0,5149556736,892,0
3413.0,soak,4465,0x02800000,1,1,1,0,0,5150605312,892,0
3413.7,soak,4466,0x00800000,1,1,1,0,0,5151653888,892,0
3414.4,soak,4467,0x02400000,1,1,1,0,0,5152702464,892,0
3415.1,soak,4468,0x00400000,1,1,1,0,0,5153751040,892,0
3415.8,soak,4469,0x02000000,1,1,1,0,0,5154799616,892,0
3416.5,concurrent,4470,0x00000000,0,1,1,1496,1,5155848192,893,0
3417.1,verify-A,4470,0x00000000,0,1,1,0,1,5156896768,894,0
3417.8,soak,4471,0x01C00000,1,1,1,0,0,5157945344,894,0
3418.5,soak,4472,0x03800000,1,1,1,0,0,5158993920,894,0
3419.2,soak,4473,0x01800000,1,1,1,0,0,5160042496,894,0
3419.9,soak,4474,0x03400000,1,1,1,0,0,5161091072,894,0
3420.6,soak,4475,0x01400000,1,1,1,0,0,5162139648,894,0
3421.3,soak,4476,0x03000000,1,1,1,0,0,5163188224,894,0
3422.0,soak,4477,0x01000000,1,1,1,0,0,5164236800,894,0
3422.7,soak,4478,0x02C00000,1,1,1,0,0,5165285376,894,0
3423.4,soak,4479,0x00C00000,1,1,1,0,0,5166333952,894,0
3424.1,concurrent,4480,0x02800000,0,1,1,1493,1,5167382528,895,0
3424.6,verify-A,4480,0x02800000,0,1,1,0,1,5168431104,896,0
3425.3,soak,4481,0x00800000,1,1,1,0,0,5169479680,896,0
3426.0,soak,4482,0x02400000,1,1,1,0,0,5170528256,896,0
3426.7,soak,4483,0x00400000,1,1,1,0,0,5171576832,896,0
3427.5,soak,4484,0x02000000,1,1,1,0,0,5172625408,896,0
3428.2,soak,4485,0x00000000,1,1,1,0,0,5173673984,896,0
3428.9,soak,4486,0x01C00000,1,1,1,0,0,5174722560,896,0
3429.6,soak,4487,0x03800000,1,1,1,0,0,5175771136,896,0
3430.3,soak,4488,0x01800000,1,1,1,0,0,5176819712,896,0
3431.0,soak,4489,0x03400000,1,1,1,0,0,5177868288,896,0
3431.6,concurrent,4490,0x01400000,0,1,1,1497,1,5178916864,897,0
3432.2,verify-A,4490,0x01400000,0,1,1,0,1,5179965440,898,0
3432.9,soak,4491,0x03000000,1,1,1,0,0,5181014016,898,0
3433.6,soak,4492,0x01000000,1,1,1,0,0,5182062592,898,0
3434.3,soak,4493,0x02C00000,1,1,1,0,0,5183111168,898,0
3435.0,soak,4494,0x00C00000,1,1,1,0,0,5184159744,898,0
3435.7,soak,4495,0x02800000,1,1,1,0,0,5185208320,898,0
3436.5,soak,4496,0x00800000,1,1,1,0,0,5186256896,898,0
3437.2,soak,4497,0x02400000,1,1,1,0,0,5187305472,898,0
3437.9,soak,4498,0x00400000,1,1,1,0,0,5188354048,898,0
3438.6,soak,4499,0x02000000,1,1,1,0,0,5189402624,898,0
3439.2,concurrent,4500,0x00000000,0,1,1,1506,1,5190451200,899,0
3439.8,verify-A,4500,0x00000000,0,1,1,0,1,5191499776,900,0
3440.5,soak,4501,0x01C00000,1,1,1,0,0,5192548352,900,0
3441.2,soak,4502,0x03800000,1,1,1,0,0,5193596928,900,0
3441.9,soak,4503,0x01800000,1,1,1,0,0,5194645504,900,0
3442.6,soak,4504,0x03400000,1,1,1,0,0,5195694080,900,0
3443.3,soak,4505,0x01400000,1,1,1,0,0,5196742656,900,0
3444.0,soak,4506,0x03000000,1,1,1,0,0,5197791232,900,0
3444.7,soak,4507,0x01000000,1,1,1,0,0,5198839808,900,0
3445.4,soak,4508,0x02C00000,1,1,1,0,0,5199888384,900,0
3446.1,soak,4509,0x00C00000,1,1,1,0,0,5200936960,900,0
3446.8,concurrent,4510,0x02800000,0,1,1,1490,1,5201985536,901,0
3447.3,verify-A,4510,0x02800000,0,1,1,0,1,5203034112,902,0
3448.0,soak,4511,0x00800000,1,1,1,0,0,5204082688,902,0
3448.7,soak,4512,0x02400000,1,1,1,0,0,5205131264,902,0
3449.5,soak,4513,0x00400000,1,1,1,0,0,5206179840,902,0
3450.2,soak,4514,0x02000000,1,1,1,0,0,5207228416,902,0
3450.9,soak,4515,0x00000000,1,1,1,0,0,5208276992,902,0
3451.6,soak,4516,0x01C00000,1,1,1,0,0,5209325568,902,0
3452.3,soak,4517,0x03800000,1,1,1,0,0,5210374144,902,0
3453.0,soak,4518,0x01800000,1,1,1,0,0,5211422720,902,0
3453.7,soak,4519,0x03400000,1,1,1,0,0,5212471296,902,0
3454.4,concurrent,4520,0x01400000,0,1,1,1495,1,5213519872,903,0
3454.9,verify-A,4520,0x01400000,0,1,1,0,1,5214568448,904,0
3455.6,soak,4521,0x03000000,1,1,1,0,0,5215617024,904,0
3456.3,soak,4522,0x01000000,1,1,1,0,0,5216665600,904,0
3457.0,soak,4523,0x02C00000,1,1,1,0,0,5217714176,904,0
3457.7,soak,4524,0x00C00000,1,1,1,0,0,5218762752,904,0
3458.4,soak,4525,0x02800000,1,1,1,0,0,5219811328,904,0
3459.1,soak,4526,0x00800000,1,1,1,0,0,5220859904,904,0
3459.8,soak,4527,0x02400000,1,1,1,0,0,5221908480,904,0
3460.6,soak,4528,0x00400000,1,1,1,0,0,5222957056,904,0
3461.3,soak,4529,0x02000000,1,1,1,0,0,5224005632,904,0
3461.9,concurrent,4530,0x00000000,0,1,1,1503,1,5225054208,905,0
3462.5,verify-A,4530,0x00000000,0,1,1,0,1,5226102784,906,0
3463.2,soak,4531,0x01C00000,1,1,1,0,0,5227151360,906,0
3463.9,soak,4532,0x03800000,1,1,1,0,0,5228199936,906,0
3464.6,soak,4533,0x01800000,1,1,1,0,0,5229248512,906,0
3465.3,soak,4534,0x03400000,1,1,1,0,0,5230297088,906,0
3466.1,soak,4535,0x01400000,1,1,1,0,0,5231345664,906,0
3466.8,soak,4536,0x03000000,1,1,1,0,0,5232394240,906,0
3467.5,soak,4537,0x01000000,1,1,1,0,0,5233442816,906,0
3468.2,soak,4538,0x02C00000,1,1,1,0,0,5234491392,906,0
3468.9,soak,4539,0x00C00000,1,1,1,0,0,5235539968,906,0
3469.6,concurrent,4540,0x02800000,0,1,1,1514,1,5236588544,907,0
3470.1,verify-A,4540,0x02800000,0,1,1,0,1,5237637120,908,0
3470.8,soak,4541,0x00800000,1,1,1,0,0,5238685696,908,0
3471.5,soak,4542,0x02400000,1,1,1,0,0,5239734272,908,0
3472.2,soak,4543,0x00400000,1,1,1,0,0,5240782848,908,0
3472.9,soak,4544,0x02000000,1,1,1,0,0,5241831424,908,0
3473.6,soak,4545,0x00000000,1,1,1,0,0,5242880000,908,0
3474.3,soak,4546,0x01C00000,1,1,1,0,0,5243928576,908,0
3475.0,soak,4547,0x03800000,1,1,1,0,0,5244977152,908,0
3475.7,soak,4548,0x01800000,1,1,1,0,0,5246025728,908,0
3476.4,soak,4549,0x03400000,1,1,1,0,0,5247074304,908,0
3477.1,concurrent,4550,0x01400000,0,1,1,1497,1,5248122880,909,0
3477.7,verify-A,4550,0x01400000,0,1,1,0,1,5249171456,910,0
3478.4,soak,4551,0x03000000,1,1,1,0,0,5250220032,910,0
3479.1,soak,4552,0x01000000,1,1,1,0,0,5251268608,910,0
3479.8,soak,4553,0x02C00000,1,1,1,0,0,5252317184,910,0
3480.5,soak,4554,0x00C00000,1,1,1,0,0,5253365760,910,0
3481.2,soak,4555,0x02800000,1,1,1,0,0,5254414336,910,0
3481.9,soak,4556,0x00800000,1,1,1,0,0,5255462912,910,0
3482.6,soak,4557,0x02400000,1,1,1,0,0,5256511488,910,0
3483.3,soak,4558,0x00400000,1,1,1,0,0,5257560064,910,0
3484.0,soak,4559,0x02000000,1,1,1,0,0,5258608640,910,0
3484.7,concurrent,4560,0x00000000,0,1,1,1505,1,5259657216,911,0
3485.2,verify-A,4560,0x00000000,0,1,1,0,1,5260705792,912,0
3485.9,soak,4561,0x01C00000,1,1,1,0,0,5261754368,912,0
3486.6,soak,4562,0x03800000,1,1,1,0,0,5262802944,912,0
3487.3,soak,4563,0x01800000,1,1,1,0,0,5263851520,912,0
3488.0,soak,4564,0x03400000,1,1,1,0,0,5264900096,912,0
3488.7,soak,4565,0x01400000,1,1,1,0,0,5265948672,912,0
3489.5,soak,4566,0x03000000,1,1,1,0,0,5266997248,912,0
3490.2,soak,4567,0x01000000,1,1,1,0,0,5268045824,912,0
3490.9,soak,4568,0x02C00000,1,1,1,0,0,5269094400,912,0
3491.6,soak,4569,0x00C00000,1,1,1,0,0,5270142976,912,0
3492.3,concurrent,4570,0x02800000,0,1,1,1497,1,5271191552,913,0
3492.8,verify-A,4570,0x02800000,0,1,1,0,1,5272240128,914,0
3493.5,soak,4571,0x00800000,1,1,1,0,0,5273288704,914,0
3494.2,soak,4572,0x02400000,1,1,1,0,0,5274337280,914,0
3494.9,soak,4573,0x00400000,1,1,1,0,0,5275385856,914,0
3495.7,soak,4574,0x02000000,1,1,1,0,0,5276434432,914,0
3496.4,soak,4575,0x00000000,1,1,1,0,0,5277483008,914,0
3497.1,soak,4576,0x01C00000,1,1,1,0,0,5278531584,914,0
3497.8,soak,4577,0x03800000,1,1,1,0,0,5279580160,914,0
3498.5,soak,4578,0x01800000,1,1,1,0,0,5280628736,914,0
3499.2,soak,4579,0x03400000,1,1,1,0,0,5281677312,914,0
3499.9,concurrent,4580,0x01400000,0,1,1,1499,1,5282725888,915,0
3500.4,verify-A,4580,0x01400000,0,1,1,0,1,5283774464,916,0
3501.1,soak,4581,0x03000000,1,1,1,0,0,5284823040,916,0
3501.8,soak,4582,0x01000000,1,1,1,0,0,5285871616,916,0
3502.5,soak,4583,0x02C00000,1,1,1,0,0,5286920192,916,0
3503.2,soak,4584,0x00C00000,1,1,1,0,0,5287968768,916,0
3503.9,soak,4585,0x02800000,1,1,1,0,0,5289017344,916,0
3504.6,soak,4586,0x00800000,1,1,1,0,0,5290065920,916,0
3505.3,soak,4587,0x02400000,1,1,1,0,0,5291114496,916,0
3506.0,soak,4588,0x00400000,1,1,1,0,0,5292163072,916,0
3506.7,soak,4589,0x02000000,1,1,1,0,0,5293211648,916,0
3507.4,concurrent,4590,0x00000000,0,1,1,1510,1,5294260224,917,0
3508.0,verify-A,4590,0x00000000,0,1,1,0,1,5295308800,918,0
3508.7,soak,4591,0x01C00000,1,1,1,0,0,5296357376,918,0
3509.4,soak,4592,0x03800000,1,1,1,0,0,5297405952,918,0
3510.1,soak,4593,0x01800000,1,1,1,0,0,5298454528,918,0
3510.8,soak,4594,0x03400000,1,1,1,0,0,5299503104,918,0
3511.5,soak,4595,0x01400000,1,1,1,0,0,5300551680,918,0
3512.2,soak,4596,0x03000000,1,1,1,0,0,5301600256,918,0
3512.9,soak,4597,0x01000000,1,1,1,0,0,5302648832,918,0
3513.6,soak,4598,0x02C00000,1,1,1,0,0,5303697408,918,0
3514.3,soak,4599,0x00C00000,1,1,1,0,0,5304745984,918,0
3515.0,concurrent,4600,0x02800000,0,1,1,1508,1,5305794560,919,0
3515.5,verify-A,4600,0x02800000,0,1,1,0,1,5306843136,920,0
3516.2,soak,4601,0x00800000,1,1,1,0,0,5307891712,920,0
3516.9,soak,4602,0x02400000,1,1,1,0,0,5308940288,920,0
3517.6,soak,4603,0x00400000,1,1,1,0,0,5309988864,920,0
3518.3,soak,4604,0x02000000,1,1,1,0,0,5311037440,920,0
3519.0,soak,4605,0x00000000,1,1,1,0,0,5312086016,920,0
3519.8,soak,4606,0x01C00000,1,1,1,0,0,5313134592,920,0
3520.5,soak,4607,0x03800000,1,1,1,0,0,5314183168,920,0
3521.2,soak,4608,0x01800000,1,1,1,0,0,5315231744,920,0
3521.9,soak,4609,0x03400000,1,1,1,0,0,5316280320,920,0
3522.6,concurrent,4610,0x01400000,0,1,1,1506,1,5317328896,921,0
3523.1,verify-A,4610,0x01400000,0,1,1,0,1,5318377472,922,0
3523.8,soak,4611,0x03000000,1,1,1,0,0,5319426048,922,0
3524.5,soak,4612,0x01000000,1,1,1,0,0,5320474624,922,0
3525.3,soak,4613,0x02C00000,1,1,1,0,0,5321523200,922,0
3526.0,soak,4614,0x00C00000,1,1,1,0,0,5322571776,922,0
3526.7,soak,4615,0x02800000,1,1,1,0,0,5323620352,922,0
3527.4,soak,4616,0x00800000,1,1,1,0,0,5324668928,922,0
3528.1,soak,4617,0x02400000,1,1,1,0,0,5325717504,922,0
3528.8,soak,4618,0x00400000,1,1,1,0,0,5326766080,922,0
3529.5,soak,4619,0x02000000,1,1,1,0,0,5327814656,922,0
3530.2,concurrent,4620,0x00000000,0,1,1,1506,1,5328863232,923,0
3530.7,verify-A,4620,0x00000000,0,1,1,0,1,5329911808,924,0
3531.4,soak,4621,0x01C00000,1,1,1,0,0,5330960384,924,0
3532.1,soak,4622,0x03800000,1,1,1,0,0,5332008960,924,0
3532.8,soak,4623,0x01800000,1,1,1,0,0,5333057536,924,0
3533.5,soak,4624,0x03400000,1,1,1,0,0,5334106112,924,0
3534.2,soak,4625,0x01400000,1,1,1,0,0,5335154688,924,0
3534.9,soak,4626,0x03000000,1,1,1,0,0,5336203264,924,0
3535.6,soak,4627,0x01000000,1,1,1,0,0,5337251840,924,0
3536.3,soak,4628,0x02C00000,1,1,1,0,0,5338300416,924,0
3537.0,soak,4629,0x00C00000,1,1,1,0,0,5339348992,924,0
3537.7,concurrent,4630,0x02800000,0,1,1,1503,1,5340397568,925,0
3538.3,verify-A,4630,0x02800000,0,1,1,0,1,5341446144,926,0
3539.0,soak,4631,0x00800000,1,1,1,0,0,5342494720,926,0
3539.7,soak,4632,0x02400000,1,1,1,0,0,5343543296,926,0
3540.4,soak,4633,0x00400000,1,1,1,0,0,5344591872,926,0
3541.1,soak,4634,0x02000000,1,1,1,0,0,5345640448,926,0
3541.8,soak,4635,0x00000000,1,1,1,0,0,5346689024,926,0
3542.5,soak,4636,0x01C00000,1,1,1,0,0,5347737600,926,0
3543.2,soak,4637,0x03800000,1,1,1,0,0,5348786176,926,0
3543.9,soak,4638,0x01800000,1,1,1,0,0,5349834752,926,0
3544.6,soak,4639,0x03400000,1,1,1,0,0,5350883328,926,0
3545.3,concurrent,4640,0x01400000,0,1,1,1499,1,5351931904,927,0
3545.8,verify-A,4640,0x01400000,0,1,1,0,1,5352980480,928,0
3546.5,soak,4641,0x03000000,1,1,1,0,0,5354029056,928,0
3547.2,soak,4642,0x01000000,1,1,1,0,0,5355077632,928,0
3547.9,soak,4643,0x02C00000,1,1,1,0,0,5356126208,928,0
3548.6,soak,4644,0x00C00000,1,1,1,0,0,5357174784,928,0
3549.4,soak,4645,0x02800000,1,1,1,0,0,5358223360,928,0
3550.1,soak,4646,0x00800000,1,1,1,0,0,5359271936,928,0
3550.8,soak,4647,0x02400000,1,1,1,0,0,5360320512,928,0
3551.5,soak,4648,0x00400000,1,1,1,0,0,5361369088,928,0
3552.2,soak,4649,0x02000000,1,1,1,0,0,5362417664,928,0
3552.9,concurrent,4650,0x00000000,0,1,1,1505,1,5363466240,929,0
3553.4,verify-A,4650,0x00000000,0,1,1,0,1,5364514816,930,0
3554.1,soak,4651,0x01C00000,1,1,1,0,0,5365563392,930,0
3554.8,soak,4652,0x03800000,1,1,1,0,0,5366611968,930,0
3555.5,soak,4653,0x01800000,1,1,1,0,0,5367660544,930,0
3556.2,soak,4654,0x03400000,1,1,1,0,0,5368709120,930,0
3557.0,soak,4655,0x01400000,1,1,1,0,0,5369757696,930,0
3557.7,soak,4656,0x03000000,1,1,1,0,0,5370806272,930,0
3558.4,soak,4657,0x01000000,1,1,1,0,0,5371854848,930,0
3559.1,soak,4658,0x02C00000,1,1,1,0,0,5372903424,930,0
3559.8,soak,4659,0x00C00000,1,1,1,0,0,5373952000,930,0
3560.5,concurrent,4660,0x02800000,0,1,1,1502,1,5375000576,931,0
3561.0,verify-A,4660,0x02800000,0,1,1,0,1,5376049152,932,0
3561.7,soak,4661,0x00800000,1,1,1,0,0,5377097728,932,0
3562.4,soak,4662,0x02400000,1,1,1,0,0,5378146304,932,0
3563.1,soak,4663,0x00400000,1,1,1,0,0,5379194880,932,0
3563.8,soak,4664,0x02000000,1,1,1,0,0,5380243456,932,0
3564.5,soak,4665,0x00000000,1,1,1,0,0,5381292032,932,0
3565.2,soak,4666,0x01C00000,1,1,1,0,0,5382340608,932,0
3565.9,soak,4667,0x03800000,1,1,1,0,0,5383389184,932,0
3566.6,soak,4668,0x01800000,1,1,1,0,0,5384437760,932,0
3567.3,soak,4669,0x03400000,1,1,1,0,0,5385486336,932,0
3568.0,concurrent,4670,0x01400000,0,1,1,1503,1,5386534912,933,0
3568.6,verify-A,4670,0x01400000,0,1,1,0,1,5387583488,934,0
3569.3,soak,4671,0x03000000,1,1,1,0,0,5388632064,934,0
3570.0,soak,4672,0x01000000,1,1,1,0,0,5389680640,934,0
3570.7,soak,4673,0x02C00000,1,1,1,0,0,5390729216,934,0
3571.4,soak,4674,0x00C00000,1,1,1,0,0,5391777792,934,0
3572.1,soak,4675,0x02800000,1,1,1,0,0,5392826368,934,0
3572.8,soak,4676,0x00800000,1,1,1,0,0,5393874944,934,0
3573.5,soak,4677,0x02400000,1,1,1,0,0,5394923520,934,0
3574.2,soak,4678,0x00400000,1,1,1,0,0,5395972096,934,0
3574.9,soak,4679,0x02000000,1,1,1,0,0,5397020672,934,0
3575.6,concurrent,4680,0x00000000,0,1,1,1506,1,5398069248,935,0
3576.1,verify-A,4680,0x00000000,0,1,1,0,1,5399117824,936,0
3576.8,soak,4681,0x01C00000,1,1,1,0,0,5400166400,936,0
3577.5,soak,4682,0x03800000,1,1,1,0,0,5401214976,936,0
3578.2,soak,4683,0x01800000,1,1,1,0,0,5402263552,936,0
3579.0,soak,4684,0x03400000,1,1,1,0,0,5403312128,936,0
3579.7,soak,4685,0x01400000,1,1,1,0,0,5404360704,936,0
3580.4,soak,4686,0x03000000,1,1,1,0,0,5405409280,936,0
3581.1,soak,4687,0x01000000,1,1,1,0,0,5406457856,936,0
3581.8,soak,4688,0x02C00000,1,1,1,0,0,5407506432,936,0
3582.5,soak,4689,0x00C00000,1,1,1,0,0,5408555008,936,0
3583.2,concurrent,4690,0x02800000,0,1,1,1502,1,5409603584,937,0
3583.7,verify-A,4690,0x02800000,0,1,1,0,1,5410652160,938,0
3584.4,soak,4691,0x00800000,1,1,1,0,0,5411700736,938,0
3585.1,soak,4692,0x02400000,1,1,1,0,0,5412749312,938,0
3585.8,soak,4693,0x00400000,1,1,1,0,0,5413797888,938,0
3586.5,soak,4694,0x02000000,1,1,1,0,0,5414846464,938,0
3587.2,soak,4695,0x00000000,1,1,1,0,0,5415895040,938,0
3587.9,soak,4696,0x01C00000,1,1,1,0,0,5416943616,938,0
3588.6,soak,4697,0x03800000,1,1,1,0,0,5417992192,938,0
3589.3,soak,4698,0x01800000,1,1,1,0,0,5419040768,938,0
3590.0,soak,4699,0x03400000,1,1,1,0,0,5420089344,938,0
3590.7,concurrent,4700,0x01400000,0,1,1,1491,1,5421137920,939,0
3591.3,verify-A,4700,0x01400000,0,1,1,0,1,5422186496,940,0
3592.0,soak,4701,0x03000000,1,1,1,0,0,5423235072,940,0
3592.7,soak,4702,0x01000000,1,1,1,0,0,5424283648,940,0
3593.4,soak,4703,0x02C00000,1,1,1,0,0,5425332224,940,0
3594.1,soak,4704,0x00C00000,1,1,1,0,0,5426380800,940,0
3594.8,soak,4705,0x02800000,1,1,1,0,0,5427429376,940,0
3595.5,soak,4706,0x00800000,1,1,1,0,0,5428477952,940,0
3596.2,soak,4707,0x02400000,1,1,1,0,0,5429526528,940,0
3596.9,soak,4708,0x00400000,1,1,1,0,0,5430575104,940,0
3597.6,soak,4709,0x02000000,1,1,1,0,0,5431623680,940,0
3598.3,concurrent,4710,0x00000000,0,1,1,1517,1,5432672256,941,0
3598.8,verify-A,4710,0x00000000,0,1,1,0,1,5433720832,942,0
3599.5,soak,4711,0x01C00000,1,1,1,0,0,5434769408,942,0
3600.2,soak,4712,0x03800000,1,1,1,0,0,5435817984,942,0
